series_id,entity_id,observed_at,captured_at,metric,value,unit,source_id,raw_ref,parser_version
who.gho.cm-02,CM_02:ATG:SEX_BTSX:AGEGROUP_MONTHS0-11,1954-01-01,2026-09-07T15:57:26Z,high,138.0,,who.gho.cm-02,raw/who.gho.cm-02/2026/09/20260907T155726Z-31d0241a6d30.json.gz,2
who.gho.cm-02,CM_02:ATG:SEX_BTSX:AGEGROUP_MONTHS0-11,1954-01-01,2026-09-07T15:57:26Z,low,123.0,,who.gho.cm-02,raw/who.gho.cm-02/2026/09/20260907T155726Z-31d0241a6d30.json.gz,2
who.gho.cm-02,CM_02:ATG:SEX_BTSX:AGEGROUP_MONTHS0-11,1954-01-01,2026-09-07T15:57:26Z,restated_at,2025-04-15,,who.gho.cm-02,raw/who.gho.cm-02/2026/09/20260907T155726Z-31d0241a6d30.json.gz,2
who.gho.cm-02,CM_02:ATG:SEX_BTSX:AGEGROUP_MONTHS0-11,1954-01-01,2026-09-07T15:57:26Z,value,130.0,,who.gho.cm-02,raw/who.gho.cm-02/2026/09/20260907T155726Z-31d0241a6d30.json.gz,2
who.gho.cm-02,CM_02:ATG:SEX_FMLE:AGEGROUP_MONTHS0-11,1954-01-01,2026-09-07T15:53:02Z,high,66.0,,who.gho.cm-02,raw/who.gho.cm-02/2026/09/20260907T155302Z-206bb5f6993f.json.gz,2
who.gho.cm-02,CM_02:ATG:SEX_FMLE:AGEGROUP_MONTHS0-11,1954-01-01,2026-09-07T15:53:02Z,low,57.0,,who.gho.cm-02,raw/who.gho.cm-02/2026/09/20260907T155302Z-206bb5f6993f.json.gz,2
who.gho.cm-02,CM_02:ATG:SEX_FMLE:AGEGROUP_MONTHS0-11,1954-01-01,2026-09-07T15:53:02Z,restated_at,2025-04-15,,who.gho.cm-02,raw/who.gho.cm-02/2026/09/20260907T155302Z-206bb5f6993f.json.gz,2
who.gho.cm-02,CM_02:ATG:SEX_FMLE:AGEGROUP_MONTHS0-11,1954-01-01,2026-09-07T15:53:02Z,value,61.0,,who.gho.cm-02,raw/who.gho.cm-02/2026/09/20260907T155302Z-206bb5f6993f.json.gz,2
who.gho.cm-02,CM_02:ATG:SEX_MLE:AGEGROUP_MONTHS0-11,1954-01-01,2026-09-07T15:58:12Z,high,74.0,,who.gho.cm-02,raw/who.gho.cm-02/2026/09/20260907T155812Z-02a2023435be.json.gz,2
who.gho.cm-02,CM_02:ATG:SEX_MLE:AGEGROUP_MONTHS0-11,1954-01-01,2026-09-07T15:58:12Z,low,65.0,,who.gho.cm-02,raw/who.gho.cm-02/2026/09/20260907T155812Z-02a2023435be.json.gz,2
who.gho.cm-02,CM_02:ATG:SEX_MLE:AGEGROUP_MONTHS0-11,1954-01-01,2026-09-07T15:58:12Z,restated_at,2025-04-15,,who.gho.cm-02,raw/who.gho.cm-02/2026/09/20260907T155812Z-02a2023435be.json.gz,2
who.gho.cm-02,CM_02:ATG:SEX_MLE:AGEGROUP_MONTHS0-11,1954-01-01,2026-09-07T15:58:12Z,value,69.0,,who.gho.cm-02,raw/who.gho.cm-02/2026/09/20260907T155812Z-02a2023435be.json.gz,2
who.gho.cm-02,CM_02:AUS:SEX_BTSX:AGEGROUP_MONTHS0-11,1954-01-01,2026-09-07T15:56:55Z,high,4712.0,,who.gho.cm-02,raw/who.gho.cm-02/2026/09/20260907T155655Z-a5ea76265971.json.gz,2
who.gho.cm-02,CM_02:AUS:SEX_BTSX:AGEGROUP_MONTHS0-11,1954-01-01,2026-09-07T15:56:55Z,low,4528.0,,who.gho.cm-02,raw/who.gho.cm-02/2026/09/20260907T155655Z-a5ea76265971.json.gz,2
who.gho.cm-02,CM_02:AUS:SEX_BTSX:AGEGROUP_MONTHS0-11,1954-01-01,2026-09-07T15:56:55Z,restated_at,2026-08-04,,who.gho.cm-02,raw/who.gho.cm-02/2026/09/20260907T155655Z-a5ea76265971.json.gz,2
who.gho.cm-02,CM_02:AUS:SEX_BTSX:AGEGROUP_MONTHS0-11,1954-01-01,2026-09-07T15:56:55Z,value,4619.0,,who.gho.cm-02,raw/who.gho.cm-02/2026/09/20260907T155655Z-a5ea76265971.json.gz,2
who.gho.cm-02,CM_02:AUS:SEX_FMLE:AGEGROUP_MONTHS0-11,1954-01-01,2026-09-07T15:51:54Z,high,2034.0,,who.gho.cm-02,raw/who.gho.cm-02/2026/09/20260907T155154Z-820134cf428b.json.gz,2
who.gho.cm-02,CM_02:AUS:SEX_FMLE:AGEGROUP_MONTHS0-11,1954-01-01,2026-09-07T15:51:54Z,low,1938.0,,who.gho.cm-02,raw/who.gho.cm-02/2026/09/20260907T155154Z-820134cf428b.json.gz,2
who.gho.cm-02,CM_02:AUS:SEX_FMLE:AGEGROUP_MONTHS0-11,1954-01-01,2026-09-07T15:51:54Z,restated_at,2026-08-04,,who.gho.cm-02,raw/who.gho.cm-02/2026/09/20260907T155154Z-820134cf428b.json.gz,2
who.gho.cm-02,CM_02:AUS:SEX_FMLE:AGEGROUP_MONTHS0-11,1954-01-01,2026-09-07T15:51:54Z,value,1986.0,,who.gho.cm-02,raw/who.gho.cm-02/2026/09/20260907T155154Z-820134cf428b.json.gz,2
who.gho.cm-02,CM_02:AUS:SEX_MLE:AGEGROUP_MONTHS0-11,1954-01-01,2026-09-07T15:57:30Z,high,2693.0,,who.gho.cm-02,raw/who.gho.cm-02/2026/09/20260907T155730Z-1fe49c27b9ed.json.gz,2
who.gho.cm-02,CM_02:AUS:SEX_MLE:AGEGROUP_MONTHS0-11,1954-01-01,2026-09-07T15:57:30Z,low,2574.0,,who.gho.cm-02,raw/who.gho.cm-02/2026/09/20260907T155730Z-1fe49c27b9ed.json.gz,2
who.gho.cm-02,CM_02:AUS:SEX_MLE:AGEGROUP_MONTHS0-11,1954-01-01,2026-09-07T15:57:30Z,restated_at,2026-08-04,,who.gho.cm-02,raw/who.gho.cm-02/2026/09/20260907T155730Z-1fe49c27b9ed.json.gz,2
who.gho.cm-02,CM_02:AUS:SEX_MLE:AGEGROUP_MONTHS0-11,1954-01-01,2026-09-07T15:57:30Z,value,2633.0,,who.gho.cm-02,raw/who.gho.cm-02/2026/09/20260907T155730Z-1fe49c27b9ed.json.gz,2
who.gho.cm-02,CM_02:AUT:SEX_BTSX:AGEGROUP_MONTHS0-11,1954-01-01,2026-09-07T15:52:18Z,high,5203.0,,who.gho.cm-02,raw/who.gho.cm-02/2026/09/20260907T155218Z-7dbb6db1a58a.json.gz,2
who.gho.cm-02,CM_02:AUT:SEX_BTSX:AGEGROUP_MONTHS0-11,1954-01-01,2026-09-07T15:52:18Z,low,4834.0,,who.gho.cm-02,raw/who.gho.cm-02/2026/09/20260907T155218Z-7dbb6db1a58a.json.gz,2
who.gho.cm-02,CM_02:AUT:SEX_BTSX:AGEGROUP_MONTHS0-11,1954-01-01,2026-09-07T15:52:18Z,restated_at,2026-08-04,,who.gho.cm-02,raw/who.gho.cm-02/2026/09/20260907T155218Z-7dbb6db1a58a.json.gz,2
who.gho.cm-02,CM_02:AUT:SEX_BTSX:AGEGROUP_MONTHS0-11,1954-01-01,2026-09-07T15:52:18Z,value,5020.0,,who.gho.cm-02,raw/who.gho.cm-02/2026/09/20260907T155218Z-7dbb6db1a58a.json.gz,2
who.gho.cm-02,CM_02:AUT:SEX_FMLE:AGEGROUP_MONTHS0-11,1954-01-01,2026-09-07T15:51:54Z,high,2211.0,,who.gho.cm-02,raw/who.gho.cm-02/2026/09/20260907T155154Z-820134cf428b.json.gz,2
who.gho.cm-02,CM_02:AUT:SEX_FMLE:AGEGROUP_MONTHS0-11,1954-01-01,2026-09-07T15:51:54Z,low,2035.0,,who.gho.cm-02,raw/who.gho.cm-02/2026/09/20260907T155154Z-820134cf428b.json.gz,2
who.gho.cm-02,CM_02:AUT:SEX_FMLE:AGEGROUP_MONTHS0-11,1954-01-01,2026-09-07T15:51:54Z,restated_at,2026-08-04,,who.gho.cm-02,raw/who.gho.cm-02/2026/09/20260907T155154Z-820134cf428b.json.gz,2
who.gho.cm-02,CM_02:AUT:SEX_FMLE:AGEGROUP_MONTHS0-11,1954-01-01,2026-09-07T15:51:54Z,value,2122.0,,who.gho.cm-02,raw/who.gho.cm-02/2026/09/20260907T155154Z-820134cf428b.json.gz,2
who.gho.cm-02,CM_02:AUT:SEX_MLE:AGEGROUP_MONTHS0-11,1954-01-01,2026-09-07T15:50:57Z,high,3013.0,,who.gho.cm-02,raw/who.gho.cm-02/2026/09/20260907T155057Z-e03fd9f60113.json.gz,2
who.gho.cm-02,CM_02:AUT:SEX_MLE:AGEGROUP_MONTHS0-11,1954-01-01,2026-09-07T15:50:57Z,low,2781.0,,who.gho.cm-02,raw/who.gho.cm-02/2026/09/20260907T155057Z-e03fd9f60113.json.gz,2
who.gho.cm-02,CM_02:AUT:SEX_MLE:AGEGROUP_MONTHS0-11,1954-01-01,2026-09-07T15:50:57Z,restated_at,2026-08-04,,who.gho.cm-02,raw/who.gho.cm-02/2026/09/20260907T155057Z-e03fd9f60113.json.gz,2
who.gho.cm-02,CM_02:AUT:SEX_MLE:AGEGROUP_MONTHS0-11,1954-01-01,2026-09-07T15:50:57Z,value,2898.0,,who.gho.cm-02,raw/who.gho.cm-02/2026/09/20260907T155057Z-e03fd9f60113.json.gz,2
who.gho.cm-02,CM_02:BEL:SEX_BTSX:AGEGROUP_MONTHS0-11,1954-01-01,2026-09-07T15:51:54Z,high,6309.0,,who.gho.cm-02,raw/who.gho.cm-02/2026/09/20260907T155154Z-820134cf428b.json.gz,2
who.gho.cm-02,CM_02:BEL:SEX_BTSX:AGEGROUP_MONTHS0-11,1954-01-01,2026-09-07T15:51:54Z,low,5989.0,,who.gho.cm-02,raw/who.gho.cm-02/2026/09/20260907T155154Z-820134cf428b.json.gz,2
who.gho.cm-02,CM_02:BEL:SEX_BTSX:AGEGROUP_MONTHS0-11,1954-01-01,2026-09-07T15:51:54Z,restated_at,2026-08-04,,who.gho.cm-02,raw/who.gho.cm-02/2026/09/20260907T155154Z-820134cf428b.json.gz,2
who.gho.cm-02,CM_02:BEL:SEX_BTSX:AGEGROUP_MONTHS0-11,1954-01-01,2026-09-07T15:51:54Z,value,6146.0,,who.gho.cm-02,raw/who.gho.cm-02/2026/09/20260907T155154Z-820134cf428b.json.gz,2
who.gho.cm-02,CM_02:BEL:SEX_FMLE:AGEGROUP_MONTHS0-11,1954-01-01,2026-09-07T15:57:17Z,high,2686.0,,who.gho.cm-02,raw/who.gho.cm-02/2026/09/20260907T155717Z-89bc69b90b61.json.gz,2
who.gho.cm-02,CM_02:BEL:SEX_FMLE:AGEGROUP_MONTHS0-11,1954-01-01,2026-09-07T15:57:17Z,low,2527.0,,who.gho.cm-02,raw/who.gho.cm-02/2026/09/20260907T155717Z-89bc69b90b61.json.gz,2
who.gho.cm-02,CM_02:BEL:SEX_FMLE:AGEGROUP_MONTHS0-11,1954-01-01,2026-09-07T15:57:17Z,restated_at,2026-08-04,,who.gho.cm-02,raw/who.gho.cm-02/2026/09/20260907T155717Z-89bc69b90b61.json.gz,2
who.gho.cm-02,CM_02:BEL:SEX_FMLE:AGEGROUP_MONTHS0-11,1954-01-01,2026-09-07T15:57:17Z,value,2604.0,,who.gho.cm-02,raw/who.gho.cm-02/2026/09/20260907T155717Z-89bc69b90b61.json.gz,2
who.gho.cm-02,CM_02:BEL:SEX_MLE:AGEGROUP_MONTHS0-11,1954-01-01,2026-09-07T15:57:12Z,high,3645.0,,who.gho.cm-02,raw/who.gho.cm-02/2026/09/20260907T155712Z-98aa519eeacd.json.gz,2
who.gho.cm-02,CM_02:BEL:SEX_MLE:AGEGROUP_MONTHS0-11,1954-01-01,2026-09-07T15:57:12Z,low,3441.0,,who.gho.cm-02,raw/who.gho.cm-02/2026/09/20260907T155712Z-98aa519eeacd.json.gz,2
who.gho.cm-02,CM_02:BEL:SEX_MLE:AGEGROUP_MONTHS0-11,1954-01-01,2026-09-07T15:57:12Z,restated_at,2026-08-04,,who.gho.cm-02,raw/who.gho.cm-02/2026/09/20260907T155712Z-98aa519eeacd.json.gz,2
who.gho.cm-02,CM_02:BEL:SEX_MLE:AGEGROUP_MONTHS0-11,1954-01-01,2026-09-07T15:57:12Z,value,3542.0,,who.gho.cm-02,raw/who.gho.cm-02/2026/09/20260907T155712Z-98aa519eeacd.json.gz,2
who.gho.cm-02,CM_02:BEN:SEX_BTSX:AGEGROUP_MONTHS0-11,1954-01-01,2026-09-07T15:51:30Z,high,17567.0,,who.gho.cm-02,raw/who.gho.cm-02/2026/09/20260907T155130Z-b74d44aee08e.json.gz,2
who.gho.cm-02,CM_02:BEN:SEX_BTSX:AGEGROUP_MONTHS0-11,1954-01-01,2026-09-07T15:51:30Z,low,14406.0,,who.gho.cm-02,raw/who.gho.cm-02/2026/09/20260907T155130Z-b74d44aee08e.json.gz,2
who.gho.cm-02,CM_02:BEN:SEX_BTSX:AGEGROUP_MONTHS0-11,1954-01-01,2026-09-07T15:51:30Z,restated_at,2026-08-04,,who.gho.cm-02,raw/who.gho.cm-02/2026/09/20260907T155130Z-b74d44aee08e.json.gz,2
who.gho.cm-02,CM_02:BEN:SEX_BTSX:AGEGROUP_MONTHS0-11,1954-01-01,2026-09-07T15:51:30Z,value,15876.0,,who.gho.cm-02,raw/who.gho.cm-02/2026/09/20260907T155130Z-b74d44aee08e.json.gz,2
who.gho.cm-02,CM_02:BEN:SEX_FMLE:AGEGROUP_MONTHS0-11,1954-01-01,2026-09-07T15:58:07Z,high,8132.0,,who.gho.cm-02,raw/who.gho.cm-02/2026/09/20260907T155807Z-33d1eb328c3d.json.gz,2
who.gho.cm-02,CM_02:BEN:SEX_FMLE:AGEGROUP_MONTHS0-11,1954-01-01,2026-09-07T15:58:07Z,low,6540.0,,who.gho.cm-02,raw/who.gho.cm-02/2026/09/20260907T155807Z-33d1eb328c3d.json.gz,2
who.gho.cm-02,CM_02:BEN:SEX_FMLE:AGEGROUP_MONTHS0-11,1954-01-01,2026-09-07T15:58:07Z,restated_at,2026-08-04,,who.gho.cm-02,raw/who.gho.cm-02/2026/09/20260907T155807Z-33d1eb328c3d.json.gz,2
who.gho.cm-02,CM_02:BEN:SEX_FMLE:AGEGROUP_MONTHS0-11,1954-01-01,2026-09-07T15:58:07Z,value,7283.0,,who.gho.cm-02,raw/who.gho.cm-02/2026/09/20260907T155807Z-33d1eb328c3d.json.gz,2
who.gho.cm-02,CM_02:BEN:SEX_MLE:AGEGROUP_MONTHS0-11,1954-01-01,2026-09-07T15:56:41Z,high,9579.0,,who.gho.cm-02,raw/who.gho.cm-02/2026/09/20260907T155641Z-022407e160ee.json.gz,2
who.gho.cm-02,CM_02:BEN:SEX_MLE:AGEGROUP_MONTHS0-11,1954-01-01,2026-09-07T15:56:41Z,low,7729.0,,who.gho.cm-02,raw/who.gho.cm-02/2026/09/20260907T155641Z-022407e160ee.json.gz,2
who.gho.cm-02,CM_02:BEN:SEX_MLE:AGEGROUP_MONTHS0-11,1954-01-01,2026-09-07T15:56:41Z,restated_at,2026-08-04,,who.gho.cm-02,raw/who.gho.cm-02/2026/09/20260907T155641Z-022407e160ee.json.gz,2
who.gho.cm-02,CM_02:BEN:SEX_MLE:AGEGROUP_MONTHS0-11,1954-01-01,2026-09-07T15:56:41Z,value,8593.0,,who.gho.cm-02,raw/who.gho.cm-02/2026/09/20260907T155641Z-022407e160ee.json.gz,2
who.gho.cm-02,CM_02:BFA:SEX_BTSX:AGEGROUP_MONTHS0-11,1954-01-01,2026-09-07T15:51:54Z,high,38602.0,,who.gho.cm-02,raw/who.gho.cm-02/2026/09/20260907T155154Z-820134cf428b.json.gz,2
who.gho.cm-02,CM_02:BFA:SEX_BTSX:AGEGROUP_MONTHS0-11,1954-01-01,2026-09-07T15:51:54Z,low,30142.0,,who.gho.cm-02,raw/who.gho.cm-02/2026/09/20260907T155154Z-820134cf428b.json.gz,2
who.gho.cm-02,CM_02:BFA:SEX_BTSX:AGEGROUP_MONTHS0-11,1954-01-01,2026-09-07T15:51:54Z,restated_at,2026-08-04,,who.gho.cm-02,raw/who.gho.cm-02/2026/09/20260907T155154Z-820134cf428b.json.gz,2
who.gho.cm-02,CM_02:BFA:SEX_BTSX:AGEGROUP_MONTHS0-11,1954-01-01,2026-09-07T15:51:54Z,value,34163.0,,who.gho.cm-02,raw/who.gho.cm-02/2026/09/20260907T155154Z-820134cf428b.json.gz,2
who.gho.cm-02,CM_02:BFA:SEX_FMLE:AGEGROUP_MONTHS0-11,1954-01-01,2026-09-07T15:56:27Z,high,17710.0,,who.gho.cm-02,raw/who.gho.cm-02/2026/09/20260907T155627Z-19eb4e6c1215.json.gz,2
who.gho.cm-02,CM_02:BFA:SEX_FMLE:AGEGROUP_MONTHS0-11,1954-01-01,2026-09-07T15:56:27Z,low,13589.0,,who.gho.cm-02,raw/who.gho.cm-02/2026/09/20260907T155627Z-19eb4e6c1215.json.gz,2
who.gho.cm-02,CM_02:BFA:SEX_FMLE:AGEGROUP_MONTHS0-11,1954-01-01,2026-09-07T15:56:27Z,restated_at,2026-08-04,,who.gho.cm-02,raw/who.gho.cm-02/2026/09/20260907T155627Z-19eb4e6c1215.json.gz,2
who.gho.cm-02,CM_02:BFA:SEX_FMLE:AGEGROUP_MONTHS0-11,1954-01-01,2026-09-07T15:56:27Z,value,15559.0,,who.gho.cm-02,raw/who.gho.cm-02/2026/09/20260907T155627Z-19eb4e6c1215.json.gz,2
who.gho.cm-02,CM_02:BFA:SEX_MLE:AGEGROUP_MONTHS0-11,1954-01-01,2026-09-07T15:57:40Z,high,21133.0,,who.gho.cm-02,raw/who.gho.cm-02/2026/09/20260907T155740Z-31068700a25d.json.gz,2
who.gho.cm-02,CM_02:BFA:SEX_MLE:AGEGROUP_MONTHS0-11,1954-01-01,2026-09-07T15:57:40Z,low,16279.0,,who.gho.cm-02,raw/who.gho.cm-02/2026/09/20260907T155740Z-31068700a25d.json.gz,2
who.gho.cm-02,CM_02:BFA:SEX_MLE:AGEGROUP_MONTHS0-11,1954-01-01,2026-09-07T15:57:40Z,restated_at,2026-08-04,,who.gho.cm-02,raw/who.gho.cm-02/2026/09/20260907T155740Z-31068700a25d.json.gz,2
who.gho.cm-02,CM_02:BFA:SEX_MLE:AGEGROUP_MONTHS0-11,1954-01-01,2026-09-07T15:57:40Z,value,18604.0,,who.gho.cm-02,raw/who.gho.cm-02/2026/09/20260907T155740Z-31068700a25d.json.gz,2
who.gho.cm-02,CM_02:BGD:SEX_BTSX:AGEGROUP_MONTHS0-11,1954-01-01,2026-09-07T15:58:20Z,high,493836.0,,who.gho.cm-02,raw/who.gho.cm-02/2026/09/20260907T155820Z-bace8014f904.json.gz,2
who.gho.cm-02,CM_02:BGD:SEX_BTSX:AGEGROUP_MONTHS0-11,1954-01-01,2026-09-07T15:58:20Z,low,385930.0,,who.gho.cm-02,raw/who.gho.cm-02/2026/09/20260907T155820Z-bace8014f904.json.gz,2
who.gho.cm-02,CM_02:BGD:SEX_BTSX:AGEGROUP_MONTHS0-11,1954-01-01,2026-09-07T15:58:20Z,restated_at,2026-08-04,,who.gho.cm-02,raw/who.gho.cm-02/2026/09/20260907T155820Z-bace8014f904.json.gz,2
who.gho.cm-02,CM_02:BGD:SEX_BTSX:AGEGROUP_MONTHS0-11,1954-01-01,2026-09-07T15:58:20Z,value,435929.0,,who.gho.cm-02,raw/who.gho.cm-02/2026/09/20260907T155820Z-bace8014f904.json.gz,2
who.gho.cm-02,CM_02:BGD:SEX_FMLE:AGEGROUP_MONTHS0-11,1954-01-01,2026-09-07T15:56:55Z,high,223242.0,,who.gho.cm-02,raw/who.gho.cm-02/2026/09/20260907T155655Z-a5ea76265971.json.gz,2
who.gho.cm-02,CM_02:BGD:SEX_FMLE:AGEGROUP_MONTHS0-11,1954-01-01,2026-09-07T15:56:55Z,low,172467.0,,who.gho.cm-02,raw/who.gho.cm-02/2026/09/20260907T155655Z-a5ea76265971.json.gz,2
who.gho.cm-02,CM_02:BGD:SEX_FMLE:AGEGROUP_MONTHS0-11,1954-01-01,2026-09-07T15:56:55Z,restated_at,2026-08-04,,who.gho.cm-02,raw/who.gho.cm-02/2026/09/20260907T155655Z-a5ea76265971.json.gz,2
who.gho.cm-02,CM_02:BGD:SEX_FMLE:AGEGROUP_MONTHS0-11,1954-01-01,2026-09-07T15:56:55Z,value,196090.0,,who.gho.cm-02,raw/who.gho.cm-02/2026/09/20260907T155655Z-a5ea76265971.json.gz,2
who.gho.cm-02,CM_02:BGD:SEX_MLE:AGEGROUP_MONTHS0-11,1954-01-01,2026-09-07T15:51:30Z,high,272574.0,,who.gho.cm-02,raw/who.gho.cm-02/2026/09/20260907T155130Z-b74d44aee08e.json.gz,2
who.gho.cm-02,CM_02:BGD:SEX_MLE:AGEGROUP_MONTHS0-11,1954-01-01,2026-09-07T15:51:30Z,low,211443.0,,who.gho.cm-02,raw/who.gho.cm-02/2026/09/20260907T155130Z-b74d44aee08e.json.gz,2
who.gho.cm-02,CM_02:BGD:SEX_MLE:AGEGROUP_MONTHS0-11,1954-01-01,2026-09-07T15:51:30Z,restated_at,2026-08-04,,who.gho.cm-02,raw/who.gho.cm-02/2026/09/20260907T155130Z-b74d44aee08e.json.gz,2
who.gho.cm-02,CM_02:BGD:SEX_MLE:AGEGROUP_MONTHS0-11,1954-01-01,2026-09-07T15:51:30Z,value,239839.0,,who.gho.cm-02,raw/who.gho.cm-02/2026/09/20260907T155130Z-b74d44aee08e.json.gz,2
who.gho.cm-02,CM_02:BGR:SEX_BTSX:AGEGROUP_MONTHS0-11,1954-01-01,2026-09-07T15:51:11Z,high,13133.0,,who.gho.cm-02,raw/who.gho.cm-02/2026/09/20260907T155111Z-17577dbcf352.json.gz,2
who.gho.cm-02,CM_02:BGR:SEX_BTSX:AGEGROUP_MONTHS0-11,1954-01-01,2026-09-07T15:51:11Z,low,11483.0,,who.gho.cm-02,raw/who.gho.cm-02/2026/09/20260907T155111Z-17577dbcf352.json.gz,2
who.gho.cm-02,CM_02:BGR:SEX_BTSX:AGEGROUP_MONTHS0-11,1954-01-01,2026-09-07T15:51:11Z,restated_at,2026-08-04,,who.gho.cm-02,raw/who.gho.cm-02/2026/09/20260907T155111Z-17577dbcf352.json.gz,2
who.gho.cm-02,CM_02:BGR:SEX_BTSX:AGEGROUP_MONTHS0-11,1954-01-01,2026-09-07T15:51:11Z,value,12281.0,,who.gho.cm-02,raw/who.gho.cm-02/2026/09/20260907T155111Z-17577dbcf352.json.gz,2
who.gho.cm-02,CM_02:BGR:SEX_FMLE:AGEGROUP_MONTHS0-11,1954-01-01,2026-09-07T15:51:01Z,high,5850.0,,who.gho.cm-02,raw/who.gho.cm-02/2026/09/20260907T155101Z-65d1a3fa0413.json.gz,2
who.gho.cm-02,CM_02:BGR:SEX_FMLE:AGEGROUP_MONTHS0-11,1954-01-01,2026-09-07T15:51:01Z,low,5048.0,,who.gho.cm-02,raw/who.gho.cm-02/2026/09/20260907T155101Z-65d1a3fa0413.json.gz,2
who.gho.cm-02,CM_02:BGR:SEX_FMLE:AGEGROUP_MONTHS0-11,1954-01-01,2026-09-07T15:51:01Z,restated_at,2026-08-04,,who.gho.cm-02,raw/who.gho.cm-02/2026/09/20260907T155101Z-65d1a3fa0413.json.gz,2
who.gho.cm-02,CM_02:BGR:SEX_FMLE:AGEGROUP_MONTHS0-11,1954-01-01,2026-09-07T15:51:01Z,value,5440.0,,who.gho.cm-02,raw/who.gho.cm-02/2026/09/20260907T155101Z-65d1a3fa0413.json.gz,2
who.gho.cm-02,CM_02:BGR:SEX_MLE:AGEGROUP_MONTHS0-11,1954-01-01,2026-09-07T15:58:12Z,high,7355.0,,who.gho.cm-02,raw/who.gho.cm-02/2026/09/20260907T155812Z-02a2023435be.json.gz,2
who.gho.cm-02,CM_02:BGR:SEX_MLE:AGEGROUP_MONTHS0-11,1954-01-01,2026-09-07T15:58:12Z,low,6370.0,,who.gho.cm-02,raw/who.gho.cm-02/2026/09/20260907T155812Z-02a2023435be.json.gz,2
who.gho.cm-02,CM_02:BGR:SEX_MLE:AGEGROUP_MONTHS0-11,1954-01-01,2026-09-07T15:58:12Z,restated_at,2026-08-04,,who.gho.cm-02,raw/who.gho.cm-02/2026/09/20260907T155812Z-02a2023435be.json.gz,2
who.gho.cm-02,CM_02:BGR:SEX_MLE:AGEGROUP_MONTHS0-11,1954-01-01,2026-09-07T15:58:12Z,value,6841.0,,who.gho.cm-02,raw/who.gho.cm-02/2026/09/20260907T155812Z-02a2023435be.json.gz,2
who.gho.cm-02,CM_02:BRA:SEX_BTSX:AGEGROUP_MONTHS0-11,1954-01-01,2026-09-07T15:51:30Z,high,440479.0,,who.gho.cm-02,raw/who.gho.cm-02/2026/09/20260907T155130Z-b74d44aee08e.json.gz,2
who.gho.cm-02,CM_02:BRA:SEX_BTSX:AGEGROUP_MONTHS0-11,1954-01-01,2026-09-07T15:51:30Z,low,350729.0,,who.gho.cm-02,raw/who.gho.cm-02/2026/09/20260907T155130Z-b74d44aee08e.json.gz,2
who.gho.cm-02,CM_02:BRA:SEX_BTSX:AGEGROUP_MONTHS0-11,1954-01-01,2026-09-07T15:51:30Z,restated_at,2026-08-04,,who.gho.cm-02,raw/who.gho.cm-02/2026/09/20260907T155130Z-b74d44aee08e.json.gz,2
who.gho.cm-02,CM_02:BRA:SEX_BTSX:AGEGROUP_MONTHS0-11,1954-01-01,2026-09-07T15:51:30Z,value,392747.0,,who.gho.cm-02,raw/who.gho.cm-02/2026/09/20260907T155130Z-b74d44aee08e.json.gz,2
who.gho.cm-02,CM_02:BRA:SEX_FMLE:AGEGROUP_MONTHS0-11,1954-01-01,2026-09-07T15:58:12Z,high,196929.0,,who.gho.cm-02,raw/who.gho.cm-02/2026/09/20260907T155812Z-02a2023435be.json.gz,2
who.gho.cm-02,CM_02:BRA:SEX_FMLE:AGEGROUP_MONTHS0-11,1954-01-01,2026-09-07T15:58:12Z,low,153100.0,,who.gho.cm-02,raw/who.gho.cm-02/2026/09/20260907T155812Z-02a2023435be.json.gz,2
who.gho.cm-02,CM_02:BRA:SEX_FMLE:AGEGROUP_MONTHS0-11,1954-01-01,2026-09-07T15:58:12Z,restated_at,2026-08-04,,who.gho.cm-02,raw/who.gho.cm-02/2026/09/20260907T155812Z-02a2023435be.json.gz,2
who.gho.cm-02,CM_02:BRA:SEX_FMLE:AGEGROUP_MONTHS0-11,1954-01-01,2026-09-07T15:58:12Z,value,173420.0,,who.gho.cm-02,raw/who.gho.cm-02/2026/09/20260907T155812Z-02a2023435be.json.gz,2
who.gho.cm-02,CM_02:BRA:SEX_MLE:AGEGROUP_MONTHS0-11,1954-01-01,2026-09-07T15:58:20Z,high,247378.0,,who.gho.cm-02,raw/who.gho.cm-02/2026/09/20260907T155820Z-bace8014f904.json.gz,2
who.gho.cm-02,CM_02:BRA:SEX_MLE:AGEGROUP_MONTHS0-11,1954-01-01,2026-09-07T15:58:20Z,low,194638.0,,who.gho.cm-02,raw/who.gho.cm-02/2026/09/20260907T155820Z-bace8014f904.json.gz,2
who.gho.cm-02,CM_02:BRA:SEX_MLE:AGEGROUP_MONTHS0-11,1954-01-01,2026-09-07T15:58:20Z,restated_at,2026-08-04,,who.gho.cm-02,raw/who.gho.cm-02/2026/09/20260907T155820Z-bace8014f904.json.gz,2
who.gho.cm-02,CM_02:BRA:SEX_MLE:AGEGROUP_MONTHS0-11,1954-01-01,2026-09-07T15:58:20Z,value,219327.0,,who.gho.cm-02,raw/who.gho.cm-02/2026/09/20260907T155820Z-bace8014f904.json.gz,2
who.gho.cm-02,CM_02:BRB:SEX_BTSX:AGEGROUP_MONTHS0-11,1954-01-01,2026-09-07T15:58:16Z,high,930.0,,who.gho.cm-02,raw/who.gho.cm-02/2026/09/20260907T155816Z-99a1a16a015f.json.gz,2
who.gho.cm-02,CM_02:BRB:SEX_BTSX:AGEGROUP_MONTHS0-11,1954-01-01,2026-09-07T15:58:16Z,low,865.0,,who.gho.cm-02,raw/who.gho.cm-02/2026/09/20260907T155816Z-99a1a16a015f.json.gz,2
who.gho.cm-02,CM_02:BRB:SEX_BTSX:AGEGROUP_MONTHS0-11,1954-01-01,2026-09-07T15:58:16Z,restated_at,2026-08-04,,who.gho.cm-02,raw/who.gho.cm-02/2026/09/20260907T155816Z-99a1a16a015f.json.gz,2
who.gho.cm-02,CM_02:BRB:SEX_BTSX:AGEGROUP_MONTHS0-11,1954-01-01,2026-09-07T15:58:16Z,value,898.0,,who.gho.cm-02,raw/who.gho.cm-02/2026/09/20260907T155816Z-99a1a16a015f.json.gz,2
who.gho.cm-02,CM_02:BRB:SEX_FMLE:AGEGROUP_MONTHS0-11,1954-01-01,2026-09-07T15:51:50Z,high,432.0,,who.gho.cm-02,raw/who.gho.cm-02/2026/09/20260907T155150Z-b2442ef3f6e6.json.gz,2
who.gho.cm-02,CM_02:BRB:SEX_FMLE:AGEGROUP_MONTHS0-11,1954-01-01,2026-09-07T15:51:50Z,low,394.0,,who.gho.cm-02,raw/who.gho.cm-02/2026/09/20260907T155150Z-b2442ef3f6e6.json.gz,2
who.gho.cm-02,CM_02:BRB:SEX_FMLE:AGEGROUP_MONTHS0-11,1954-01-01,2026-09-07T15:51:50Z,restated_at,2026-08-04,,who.gho.cm-02,raw/who.gho.cm-02/2026/09/20260907T155150Z-b2442ef3f6e6.json.gz,2
who.gho.cm-02,CM_02:BRB:SEX_FMLE:AGEGROUP_MONTHS0-11,1954-01-01,2026-09-07T15:51:50Z,value,413.0,,who.gho.cm-02,raw/who.gho.cm-02/2026/09/20260907T155150Z-b2442ef3f6e6.json.gz,2
who.gho.cm-02,CM_02:BRB:SEX_MLE:AGEGROUP_MONTHS0-11,1954-01-01,2026-09-07T15:51:16Z,high,505.0,,who.gho.cm-02,raw/who.gho.cm-02/2026/09/20260907T155116Z-bb01bf96bc15.json.gz,2
who.gho.cm-02,CM_02:BRB:SEX_MLE:AGEGROUP_MONTHS0-11,1954-01-01,2026-09-07T15:51:16Z,low,464.0,,who.gho.cm-02,raw/who.gho.cm-02/2026/09/20260907T155116Z-bb01bf96bc15.json.gz,2
who.gho.cm-02,CM_02:BRB:SEX_MLE:AGEGROUP_MONTHS0-11,1954-01-01,2026-09-07T15:51:16Z,restated_at,2025-04-15,,who.gho.cm-02,raw/who.gho.cm-02/2026/09/20260907T155116Z-bb01bf96bc15.json.gz,2
who.gho.cm-02,CM_02:BRB:SEX_MLE:AGEGROUP_MONTHS0-11,1954-01-01,2026-09-07T15:51:16Z,value,485.0,,who.gho.cm-02,raw/who.gho.cm-02/2026/09/20260907T155116Z-bb01bf96bc15.json.gz,2
who.gho.cm-02,CM_02:BRN:SEX_BTSX:AGEGROUP_MONTHS0-11,1954-01-01,2026-09-07T15:58:12Z,high,328.0,,who.gho.cm-02,raw/who.gho.cm-02/2026/09/20260907T155812Z-02a2023435be.json.gz,2
who.gho.cm-02,CM_02:BRN:SEX_BTSX:AGEGROUP_MONTHS0-11,1954-01-01,2026-09-07T15:58:12Z,low,245.0,,who.gho.cm-02,raw/who.gho.cm-02/2026/09/20260907T155812Z-02a2023435be.json.gz,2
who.gho.cm-02,CM_02:BRN:SEX_BTSX:AGEGROUP_MONTHS0-11,1954-01-01,2026-09-07T15:58:12Z,restated_at,2026-08-04,,who.gho.cm-02,raw/who.gho.cm-02/2026/09/20260907T155812Z-02a2023435be.json.gz,2
who.gho.cm-02,CM_02:BRN:SEX_BTSX:AGEGROUP_MONTHS0-11,1954-01-01,2026-09-07T15:58:12Z,value,284.0,,who.gho.cm-02,raw/who.gho.cm-02/2026/09/20260907T155812Z-02a2023435be.json.gz,2
who.gho.cm-02,CM_02:BRN:SEX_FMLE:AGEGROUP_MONTHS0-11,1954-01-01,2026-09-07T15:52:18Z,high,151.0,,who.gho.cm-02,raw/who.gho.cm-02/2026/09/20260907T155218Z-7dbb6db1a58a.json.gz,2
who.gho.cm-02,CM_02:BRN:SEX_FMLE:AGEGROUP_MONTHS0-11,1954-01-01,2026-09-07T15:52:18Z,low,111.0,,who.gho.cm-02,raw/who.gho.cm-02/2026/09/20260907T155218Z-7dbb6db1a58a.json.gz,2
who.gho.cm-02,CM_02:BRN:SEX_FMLE:AGEGROUP_MONTHS0-11,1954-01-01,2026-09-07T15:52:18Z,restated_at,2026-08-04,,who.gho.cm-02,raw/who.gho.cm-02/2026/09/20260907T155218Z-7dbb6db1a58a.json.gz,2
who.gho.cm-02,CM_02:BRN:SEX_FMLE:AGEGROUP_MONTHS0-11,1954-01-01,2026-09-07T15:52:18Z,value,129.0,,who.gho.cm-02,raw/who.gho.cm-02/2026/09/20260907T155218Z-7dbb6db1a58a.json.gz,2
who.gho.cm-02,CM_02:BRN:SEX_MLE:AGEGROUP_MONTHS0-11,1954-01-01,2026-09-07T15:52:37Z,high,179.0,,who.gho.cm-02,raw/who.gho.cm-02/2026/09/20260907T155237Z-35c7d31783eb.json.gz,2
who.gho.cm-02,CM_02:BRN:SEX_MLE:AGEGROUP_MONTHS0-11,1954-01-01,2026-09-07T15:52:37Z,low,132.0,,who.gho.cm-02,raw/who.gho.cm-02/2026/09/20260907T155237Z-35c7d31783eb.json.gz,2
who.gho.cm-02,CM_02:BRN:SEX_MLE:AGEGROUP_MONTHS0-11,1954-01-01,2026-09-07T15:52:37Z,restated_at,2026-08-04,,who.gho.cm-02,raw/who.gho.cm-02/2026/09/20260907T155237Z-35c7d31783eb.json.gz,2
who.gho.cm-02,CM_02:BRN:SEX_MLE:AGEGROUP_MONTHS0-11,1954-01-01,2026-09-07T15:52:37Z,value,155.0,,who.gho.cm-02,raw/who.gho.cm-02/2026/09/20260907T155237Z-35c7d31783eb.json.gz,2
who.gho.cm-02,CM_02:CAN:SEX_BTSX:AGEGROUP_MONTHS0-11,1954-01-01,2026-09-07T15:51:21Z,high,14157.0,,who.gho.cm-02,raw/who.gho.cm-02/2026/09/20260907T155121Z-1b14643329ca.json.gz,2
who.gho.cm-02,CM_02:CAN:SEX_BTSX:AGEGROUP_MONTHS0-11,1954-01-01,2026-09-07T15:51:21Z,low,13636.0,,who.gho.cm-02,raw/who.gho.cm-02/2026/09/20260907T155121Z-1b14643329ca.json.gz,2
who.gho.cm-02,CM_02:CAN:SEX_BTSX:AGEGROUP_MONTHS0-11,1954-01-01,2026-09-07T15:51:21Z,restated_at,2026-08-04,,who.gho.cm-02,raw/who.gho.cm-02/2026/09/20260907T155121Z-1b14643329ca.json.gz,2
who.gho.cm-02,CM_02:CAN:SEX_BTSX:AGEGROUP_MONTHS0-11,1954-01-01,2026-09-07T15:51:21Z,value,13900.0,,who.gho.cm-02,raw/who.gho.cm-02/2026/09/20260907T155121Z-1b14643329ca.json.gz,2
who.gho.cm-02,CM_02:CAN:SEX_FMLE:AGEGROUP_MONTHS0-11,1954-01-01,2026-09-07T15:51:30Z,high,6051.0,,who.gho.cm-02,raw/who.gho.cm-02/2026/09/20260907T155130Z-b74d44aee08e.json.gz,2
who.gho.cm-02,CM_02:CAN:SEX_FMLE:AGEGROUP_MONTHS0-11,1954-01-01,2026-09-07T15:51:30Z,low,5796.0,,who.gho.cm-02,raw/who.gho.cm-02/2026/09/20260907T155130Z-b74d44aee08e.json.gz,2
who.gho.cm-02,CM_02:CAN:SEX_FMLE:AGEGROUP_MONTHS0-11,1954-01-01,2026-09-07T15:51:30Z,restated_at,2026-08-04,,who.gho.cm-02,raw/who.gho.cm-02/2026/09/20260907T155130Z-b74d44aee08e.json.gz,2
who.gho.cm-02,CM_02:CAN:SEX_FMLE:AGEGROUP_MONTHS0-11,1954-01-01,2026-09-07T15:51:30Z,value,5924.0,,who.gho.cm-02,raw/who.gho.cm-02/2026/09/20260907T155130Z-b74d44aee08e.json.gz,2
who.gho.cm-02,CM_02:CAN:SEX_MLE:AGEGROUP_MONTHS0-11,1954-01-01,2026-09-07T15:57:30Z,high,8139.0,,who.gho.cm-02,raw/who.gho.cm-02/2026/09/20260907T155730Z-1fe49c27b9ed.json.gz,2
who.gho.cm-02,CM_02:CAN:SEX_MLE:AGEGROUP_MONTHS0-11,1954-01-01,2026-09-07T15:57:30Z,low,7818.0,,who.gho.cm-02,raw/who.gho.cm-02/2026/09/20260907T155730Z-1fe49c27b9ed.json.gz,2
who.gho.cm-02,CM_02:CAN:SEX_MLE:AGEGROUP_MONTHS0-11,1954-01-01,2026-09-07T15:57:30Z,restated_at,2026-08-04,,who.gho.cm-02,raw/who.gho.cm-02/2026/09/20260907T155730Z-1fe49c27b9ed.json.gz,2
who.gho.cm-02,CM_02:CAN:SEX_MLE:AGEGROUP_MONTHS0-11,1954-01-01,2026-09-07T15:57:30Z,value,7976.0,,who.gho.cm-02,raw/who.gho.cm-02/2026/09/20260907T155730Z-1fe49c27b9ed.json.gz,2
who.gho.cm-02,CM_02:CHE:SEX_BTSX:AGEGROUP_MONTHS0-11,1954-01-01,2026-09-07T15:57:12Z,high,2276.0,,who.gho.cm-02,raw/who.gho.cm-02/2026/09/20260907T155712Z-98aa519eeacd.json.gz,2
who.gho.cm-02,CM_02:CHE:SEX_BTSX:AGEGROUP_MONTHS0-11,1954-01-01,2026-09-07T15:57:12Z,low,2189.0,,who.gho.cm-02,raw/who.gho.cm-02/2026/09/20260907T155712Z-98aa519eeacd.json.gz,2
who.gho.cm-02,CM_02:CHE:SEX_BTSX:AGEGROUP_MONTHS0-11,1954-01-01,2026-09-07T15:57:12Z,restated_at,2026-08-04,,who.gho.cm-02,raw/who.gho.cm-02/2026/09/20260907T155712Z-98aa519eeacd.json.gz,2
who.gho.cm-02,CM_02:CHE:SEX_BTSX:AGEGROUP_MONTHS0-11,1954-01-01,2026-09-07T15:57:12Z,value,2231.0,,who.gho.cm-02,raw/who.gho.cm-02/2026/09/20260907T155712Z-98aa519eeacd.json.gz,2
who.gho.cm-02,CM_02:CHE:SEX_FMLE:AGEGROUP_MONTHS0-11,1954-01-01,2026-09-07T15:57:17Z,high,980.0,,who.gho.cm-02,raw/who.gho.cm-02/2026/09/20260907T155717Z-89bc69b90b61.json.gz,2
who.gho.cm-02,CM_02:CHE:SEX_FMLE:AGEGROUP_MONTHS0-11,1954-01-01,2026-09-07T15:57:17Z,low,930.0,,who.gho.cm-02,raw/who.gho.cm-02/2026/09/20260907T155717Z-89bc69b90b61.json.gz,2
who.gho.cm-02,CM_02:CHE:SEX_FMLE:AGEGROUP_MONTHS0-11,1954-01-01,2026-09-07T15:57:17Z,restated_at,2026-08-04,,who.gho.cm-02,raw/who.gho.cm-02/2026/09/20260907T155717Z-89bc69b90b61.json.gz,2
who.gho.cm-02,CM_02:CHE:SEX_FMLE:AGEGROUP_MONTHS0-11,1954-01-01,2026-09-07T15:57:17Z,value,955.0,,who.gho.cm-02,raw/who.gho.cm-02/2026/09/20260907T155717Z-89bc69b90b61.json.gz,2
who.gho.cm-02,CM_02:CHE:SEX_MLE:AGEGROUP_MONTHS0-11,1954-01-01,2026-09-07T15:57:35Z,high,1307.0,,who.gho.cm-02,raw/who.gho.cm-02/2026/09/20260907T155735Z-be5ff4c5352d.json.gz,2
who.gho.cm-02,CM_02:CHE:SEX_MLE:AGEGROUP_MONTHS0-11,1954-01-01,2026-09-07T15:57:35Z,low,1247.0,,who.gho.cm-02,raw/who.gho.cm-02/2026/09/20260907T155735Z-be5ff4c5352d.json.gz,2
who.gho.cm-02,CM_02:CHE:SEX_MLE:AGEGROUP_MONTHS0-11,1954-01-01,2026-09-07T15:57:35Z,restated_at,2026-08-04,,who.gho.cm-02,raw/who.gho.cm-02/2026/09/20260907T155735Z-be5ff4c5352d.json.gz,2
who.gho.cm-02,CM_02:CHE:SEX_MLE:AGEGROUP_MONTHS0-11,1954-01-01,2026-09-07T15:57:35Z,value,1276.0,,who.gho.cm-02,raw/who.gho.cm-02/2026/09/20260907T155735Z-be5ff4c5352d.json.gz,2
who.gho.cm-02,CM_02:COG:SEX_BTSX:AGEGROUP_MONTHS0-11,1954-01-01,2026-09-07T15:51:05Z,high,5201.0,,who.gho.cm-02,raw/who.gho.cm-02/2026/09/20260907T155105Z-bd351d716a31.json.gz,2
who.gho.cm-02,CM_02:COG:SEX_BTSX:AGEGROUP_MONTHS0-11,1954-01-01,2026-09-07T15:51:05Z,low,3834.0,,who.gho.cm-02,raw/who.gho.cm-02/2026/09/20260907T155105Z-bd351d716a31.json.gz,2
who.gho.cm-02,CM_02:COG:SEX_BTSX:AGEGROUP_MONTHS0-11,1954-01-01,2026-09-07T15:51:05Z,restated_at,2026-08-04,,who.gho.cm-02,raw/who.gho.cm-02/2026/09/20260907T155105Z-bd351d716a31.json.gz,2
who.gho.cm-02,CM_02:COG:SEX_BTSX:AGEGROUP_MONTHS0-11,1954-01-01,2026-09-07T15:51:05Z,value,4472.0,,who.gho.cm-02,raw/who.gho.cm-02/2026/09/20260907T155105Z-bd351d716a31.json.gz,2
who.gho.cm-02,CM_02:COG:SEX_FMLE:AGEGROUP_MONTHS0-11,1954-01-01,2026-09-07T15:51:40Z,high,2394.0,,who.gho.cm-02,raw/who.gho.cm-02/2026/09/20260907T155140Z-2ccf90b4d287.json.gz,2
who.gho.cm-02,CM_02:COG:SEX_FMLE:AGEGROUP_MONTHS0-11,1954-01-01,2026-09-07T15:51:40Z,low,1736.0,,who.gho.cm-02,raw/who.gho.cm-02/2026/09/20260907T155140Z-2ccf90b4d287.json.gz,2
who.gho.cm-02,CM_02:COG:SEX_FMLE:AGEGROUP_MONTHS0-11,1954-01-01,2026-09-07T15:51:40Z,restated_at,2026-08-04,,who.gho.cm-02,raw/who.gho.cm-02/2026/09/20260907T155140Z-2ccf90b4d287.json.gz,2
who.gho.cm-02,CM_02:COG:SEX_FMLE:AGEGROUP_MONTHS0-11,1954-01-01,2026-09-07T15:51:40Z,value,2046.0,,who.gho.cm-02,raw/who.gho.cm-02/2026/09/20260907T155140Z-2ccf90b4d287.json.gz,2
who.gho.cm-02,CM_02:COG:SEX_MLE:AGEGROUP_MONTHS0-11,1954-01-01,2026-09-07T15:57:44Z,high,2839.0,,who.gho.cm-02,raw/who.gho.cm-02/2026/09/20260907T155744Z-e141b36e0a87.json.gz,2
who.gho.cm-02,CM_02:COG:SEX_MLE:AGEGROUP_MONTHS0-11,1954-01-01,2026-09-07T15:57:44Z,low,2062.0,,who.gho.cm-02,raw/who.gho.cm-02/2026/09/20260907T155744Z-e141b36e0a87.json.gz,2
who.gho.cm-02,CM_02:COG:SEX_MLE:AGEGROUP_MONTHS0-11,1954-01-01,2026-09-07T15:57:44Z,restated_at,2026-08-04,,who.gho.cm-02,raw/who.gho.cm-02/2026/09/20260907T155744Z-e141b36e0a87.json.gz,2
who.gho.cm-02,CM_02:COG:SEX_MLE:AGEGROUP_MONTHS0-11,1954-01-01,2026-09-07T15:57:44Z,value,2426.0,,who.gho.cm-02,raw/who.gho.cm-02/2026/09/20260907T155744Z-e141b36e0a87.json.gz,2
who.gho.cm-02,CM_02:COK:SEX_BTSX:AGEGROUP_MONTHS0-11,1954-01-01,2026-09-07T15:58:07Z,high,107.0,,who.gho.cm-02,raw/who.gho.cm-02/2026/09/20260907T155807Z-33d1eb328c3d.json.gz,2
who.gho.cm-02,CM_02:COK:SEX_BTSX:AGEGROUP_MONTHS0-11,1954-01-01,2026-09-07T15:58:07Z,low,73.0,,who.gho.cm-02,raw/who.gho.cm-02/2026/09/20260907T155807Z-33d1eb328c3d.json.gz,2
who.gho.cm-02,CM_02:COK:SEX_BTSX:AGEGROUP_MONTHS0-11,1954-01-01,2026-09-07T15:58:07Z,restated_at,2026-08-04,,who.gho.cm-02,raw/who.gho.cm-02/2026/09/20260907T155807Z-33d1eb328c3d.json.gz,2
who.gho.cm-02,CM_02:COK:SEX_BTSX:AGEGROUP_MONTHS0-11,1954-01-01,2026-09-07T15:58:07Z,value,87.0,,who.gho.cm-02,raw/who.gho.cm-02/2026/09/20260907T155807Z-33d1eb328c3d.json.gz,2
who.gho.cm-02,CM_02:COK:SEX_FMLE:AGEGROUP_MONTHS0-11,1954-01-01,2026-09-07T15:52:26Z,high,48.0,,who.gho.cm-02,raw/who.gho.cm-02/2026/09/20260907T155226Z-b536cc4a2b4c.json.gz,2
who.gho.cm-02,CM_02:COK:SEX_FMLE:AGEGROUP_MONTHS0-11,1954-01-01,2026-09-07T15:52:26Z,low,31.0,,who.gho.cm-02,raw/who.gho.cm-02/2026/09/20260907T155226Z-b536cc4a2b4c.json.gz,2
who.gho.cm-02,CM_02:COK:SEX_FMLE:AGEGROUP_MONTHS0-11,1954-01-01,2026-09-07T15:52:26Z,restated_at,2026-08-04,,who.gho.cm-02,raw/who.gho.cm-02/2026/09/20260907T155226Z-b536cc4a2b4c.json.gz,2
who.gho.cm-02,CM_02:COK:SEX_FMLE:AGEGROUP_MONTHS0-11,1954-01-01,2026-09-07T15:52:26Z,value,38.0,,who.gho.cm-02,raw/who.gho.cm-02/2026/09/20260907T155226Z-b536cc4a2b4c.json.gz,2
who.gho.cm-02,CM_02:COK:SEX_MLE:AGEGROUP_MONTHS0-11,1954-01-01,2026-09-07T15:52:26Z,high,60.0,,who.gho.cm-02,raw/who.gho.cm-02/2026/09/20260907T155226Z-b536cc4a2b4c.json.gz,2
who.gho.cm-02,CM_02:COK:SEX_MLE:AGEGROUP_MONTHS0-11,1954-01-01,2026-09-07T15:52:26Z,low,40.0,,who.gho.cm-02,raw/who.gho.cm-02/2026/09/20260907T155226Z-b536cc4a2b4c.json.gz,2
who.gho.cm-02,CM_02:COK:SEX_MLE:AGEGROUP_MONTHS0-11,1954-01-01,2026-09-07T15:52:26Z,restated_at,2026-08-04,,who.gho.cm-02,raw/who.gho.cm-02/2026/09/20260907T155226Z-b536cc4a2b4c.json.gz,2
who.gho.cm-02,CM_02:COK:SEX_MLE:AGEGROUP_MONTHS0-11,1954-01-01,2026-09-07T15:52:26Z,value,49.0,,who.gho.cm-02,raw/who.gho.cm-02/2026/09/20260907T155226Z-b536cc4a2b4c.json.gz,2
who.gho.cm-02,CM_02:CPV:SEX_BTSX:AGEGROUP_MONTHS0-11,1954-01-01,2026-09-07T15:56:55Z,high,1299.0,,who.gho.cm-02,raw/who.gho.cm-02/2026/09/20260907T155655Z-a5ea76265971.json.gz,2
who.gho.cm-02,CM_02:CPV:SEX_BTSX:AGEGROUP_MONTHS0-11,1954-01-01,2026-09-07T15:56:55Z,low,895.0,,who.gho.cm-02,raw/who.gho.cm-02/2026/09/20260907T155655Z-a5ea76265971.json.gz,2
who.gho.cm-02,CM_02:CPV:SEX_BTSX:AGEGROUP_MONTHS0-11,1954-01-01,2026-09-07T15:56:55Z,restated_at,2026-08-04,,who.gho.cm-02,raw/who.gho.cm-02/2026/09/20260907T155655Z-a5ea76265971.json.gz,2
who.gho.cm-02,CM_02:CPV:SEX_BTSX:AGEGROUP_MONTHS0-11,1954-01-01,2026-09-07T15:56:55Z,value,1078.0,,who.gho.cm-02,raw/who.gho.cm-02/2026/09/20260907T155655Z-a5ea76265971.json.gz,2
who.gho.cm-02,CM_02:CPV:SEX_FMLE:AGEGROUP_MONTHS0-11,1954-01-01,2026-09-07T15:57:30Z,high,606.0,,who.gho.cm-02,raw/who.gho.cm-02/2026/09/20260907T155730Z-1fe49c27b9ed.json.gz,2
who.gho.cm-02,CM_02:CPV:SEX_FMLE:AGEGROUP_MONTHS0-11,1954-01-01,2026-09-07T15:57:30Z,low,410.0,,who.gho.cm-02,raw/who.gho.cm-02/2026/09/20260907T155730Z-1fe49c27b9ed.json.gz,2
who.gho.cm-02,CM_02:CPV:SEX_FMLE:AGEGROUP_MONTHS0-11,1954-01-01,2026-09-07T15:57:30Z,restated_at,2026-08-04,,who.gho.cm-02,raw/who.gho.cm-02/2026/09/20260907T155730Z-1fe49c27b9ed.json.gz,2
who.gho.cm-02,CM_02:CPV:SEX_FMLE:AGEGROUP_MONTHS0-11,1954-01-01,2026-09-07T15:57:30Z,value,498.0,,who.gho.cm-02,raw/who.gho.cm-02/2026/09/20260907T155730Z-1fe49c27b9ed.json.gz,2
who.gho.cm-02,CM_02:CPV:SEX_MLE:AGEGROUP_MONTHS0-11,1954-01-01,2026-09-07T15:53:02Z,high,701.0,,who.gho.cm-02,raw/who.gho.cm-02/2026/09/20260907T155302Z-206bb5f6993f.json.gz,2
who.gho.cm-02,CM_02:CPV:SEX_MLE:AGEGROUP_MONTHS0-11,1954-01-01,2026-09-07T15:53:02Z,low,478.0,,who.gho.cm-02,raw/who.gho.cm-02/2026/09/20260907T155302Z-206bb5f6993f.json.gz,2
who.gho.cm-02,CM_02:CPV:SEX_MLE:AGEGROUP_MONTHS0-11,1954-01-01,2026-09-07T15:53:02Z,restated_at,2026-08-04,,who.gho.cm-02,raw/who.gho.cm-02/2026/09/20260907T155302Z-206bb5f6993f.json.gz,2
who.gho.cm-02,CM_02:CPV:SEX_MLE:AGEGROUP_MONTHS0-11,1954-01-01,2026-09-07T15:53:02Z,value,580.0,,who.gho.cm-02,raw/who.gho.cm-02/2026/09/20260907T155302Z-206bb5f6993f.json.gz,2
who.gho.cm-02,CM_02:CRI:SEX_BTSX:AGEGROUP_MONTHS0-11,1954-01-01,2026-09-07T15:51:11Z,high,4374.0,,who.gho.cm-02,raw/who.gho.cm-02/2026/09/20260907T155111Z-17577dbcf352.json.gz,2
who.gho.cm-02,CM_02:CRI:SEX_BTSX:AGEGROUP_MONTHS0-11,1954-01-01,2026-09-07T15:51:11Z,low,4045.0,,who.gho.cm-02,raw/who.gho.cm-02/2026/09/20260907T155111Z-17577dbcf352.json.gz,2
who.gho.cm-02,CM_02:CRI:SEX_BTSX:AGEGROUP_MONTHS0-11,1954-01-01,2026-09-07T15:51:11Z,restated_at,2026-08-04,,who.gho.cm-02,raw/who.gho.cm-02/2026/09/20260907T155111Z-17577dbcf352.json.gz,2
who.gho.cm-02,CM_02:CRI:SEX_BTSX:AGEGROUP_MONTHS0-11,1954-01-01,2026-09-07T15:51:11Z,value,4207.0,,who.gho.cm-02,raw/who.gho.cm-02/2026/09/20260907T155111Z-17577dbcf352.json.gz,2
who.gho.cm-02,CM_02:CRI:SEX_FMLE:AGEGROUP_MONTHS0-11,1954-01-01,2026-09-07T15:56:37Z,high,2013.0,,who.gho.cm-02,raw/who.gho.cm-02/2026/09/20260907T155637Z-c7bda929b138.json.gz,2
who.gho.cm-02,CM_02:CRI:SEX_FMLE:AGEGROUP_MONTHS0-11,1954-01-01,2026-09-07T15:56:37Z,low,1837.0,,who.gho.cm-02,raw/who.gho.cm-02/2026/09/20260907T155637Z-c7bda929b138.json.gz,2
who.gho.cm-02,CM_02:CRI:SEX_FMLE:AGEGROUP_MONTHS0-11,1954-01-01,2026-09-07T15:56:37Z,restated_at,2026-08-04,,who.gho.cm-02,raw/who.gho.cm-02/2026/09/20260907T155637Z-c7bda929b138.json.gz,2
who.gho.cm-02,CM_02:CRI:SEX_FMLE:AGEGROUP_MONTHS0-11,1954-01-01,2026-09-07T15:56:37Z,value,1923.0,,who.gho.cm-02,raw/who.gho.cm-02/2026/09/20260907T155637Z-c7bda929b138.json.gz,2
who.gho.cm-02,CM_02:CRI:SEX_MLE:AGEGROUP_MONTHS0-11,1954-01-01,2026-09-07T15:57:26Z,high,2385.0,,who.gho.cm-02,raw/who.gho.cm-02/2026/09/20260907T155726Z-31d0241a6d30.json.gz,2
who.gho.cm-02,CM_02:CRI:SEX_MLE:AGEGROUP_MONTHS0-11,1954-01-01,2026-09-07T15:57:26Z,low,2187.0,,who.gho.cm-02,raw/who.gho.cm-02/2026/09/20260907T155726Z-31d0241a6d30.json.gz,2
who.gho.cm-02,CM_02:CRI:SEX_MLE:AGEGROUP_MONTHS0-11,1954-01-01,2026-09-07T15:57:26Z,restated_at,2026-08-04,,who.gho.cm-02,raw/who.gho.cm-02/2026/09/20260907T155726Z-31d0241a6d30.json.gz,2
who.gho.cm-02,CM_02:CRI:SEX_MLE:AGEGROUP_MONTHS0-11,1954-01-01,2026-09-07T15:57:26Z,value,2284.0,,who.gho.cm-02,raw/who.gho.cm-02/2026/09/20260907T155726Z-31d0241a6d30.json.gz,2
who.gho.cm-02,CM_02:CZE:SEX_BTSX:AGEGROUP_MONTHS0-11,1954-01-01,2026-09-07T15:58:04Z,high,5905.0,,who.gho.cm-02,raw/who.gho.cm-02/2026/09/20260907T155804Z-3e19927fa86a.json.gz,2
who.gho.cm-02,CM_02:CZE:SEX_BTSX:AGEGROUP_MONTHS0-11,1954-01-01,2026-09-07T15:58:04Z,low,5155.0,,who.gho.cm-02,raw/who.gho.cm-02/2026/09/20260907T155804Z-3e19927fa86a.json.gz,2
who.gho.cm-02,CM_02:CZE:SEX_BTSX:AGEGROUP_MONTHS0-11,1954-01-01,2026-09-07T15:58:04Z,restated_at,2026-08-04,,who.gho.cm-02,raw/who.gho.cm-02/2026/09/20260907T155804Z-3e19927fa86a.json.gz,2
who.gho.cm-02,CM_02:CZE:SEX_BTSX:AGEGROUP_MONTHS0-11,1954-01-01,2026-09-07T15:58:04Z,value,5521.0,,who.gho.cm-02,raw/who.gho.cm-02/2026/09/20260907T155804Z-3e19927fa86a.json.gz,2
who.gho.cm-02,CM_02:CZE:SEX_FMLE:AGEGROUP_MONTHS0-11,1954-01-01,2026-09-07T15:53:02Z,high,2509.0,,who.gho.cm-02,raw/who.gho.cm-02/2026/09/20260907T155302Z-206bb5f6993f.json.gz,2
who.gho.cm-02,CM_02:CZE:SEX_FMLE:AGEGROUP_MONTHS0-11,1954-01-01,2026-09-07T15:53:02Z,low,2098.0,,who.gho.cm-02,raw/who.gho.cm-02/2026/09/20260907T155302Z-206bb5f6993f.json.gz,2
who.gho.cm-02,CM_02:CZE:SEX_FMLE:AGEGROUP_MONTHS0-11,1954-01-01,2026-09-07T15:53:02Z,restated_at,2026-08-04,,who.gho.cm-02,raw/who.gho.cm-02/2026/09/20260907T155302Z-206bb5f6993f.json.gz,2
who.gho.cm-02,CM_02:CZE:SEX_FMLE:AGEGROUP_MONTHS0-11,1954-01-01,2026-09-07T15:53:02Z,value,2296.0,,who.gho.cm-02,raw/who.gho.cm-02/2026/09/20260907T155302Z-206bb5f6993f.json.gz,2
who.gho.cm-02,CM_02:CZE:SEX_MLE:AGEGROUP_MONTHS0-11,1954-01-01,2026-09-07T15:57:21Z,high,3490.0,,who.gho.cm-02,raw/who.gho.cm-02/2026/09/20260907T155721Z-a2b5c178c29b.json.gz,2
who.gho.cm-02,CM_02:CZE:SEX_MLE:AGEGROUP_MONTHS0-11,1954-01-01,2026-09-07T15:57:21Z,low,2979.0,,who.gho.cm-02,raw/who.gho.cm-02/2026/09/20260907T155721Z-a2b5c178c29b.json.gz,2
who.gho.cm-02,CM_02:CZE:SEX_MLE:AGEGROUP_MONTHS0-11,1954-01-01,2026-09-07T15:57:21Z,restated_at,2026-08-04,,who.gho.cm-02,raw/who.gho.cm-02/2026/09/20260907T155721Z-a2b5c178c29b.json.gz,2
who.gho.cm-02,CM_02:CZE:SEX_MLE:AGEGROUP_MONTHS0-11,1954-01-01,2026-09-07T15:57:21Z,value,3225.0,,who.gho.cm-02,raw/who.gho.cm-02/2026/09/20260907T155721Z-a2b5c178c29b.json.gz,2
who.gho.cm-02,CM_02:DNK:SEX_BTSX:AGEGROUP_MONTHS0-11,1954-01-01,2026-09-07T15:56:27Z,high,2057.0,,who.gho.cm-02,raw/who.gho.cm-02/2026/09/20260907T155627Z-19eb4e6c1215.json.gz,2
who.gho.cm-02,CM_02:DNK:SEX_BTSX:AGEGROUP_MONTHS0-11,1954-01-01,2026-09-07T15:56:27Z,low,1972.0,,who.gho.cm-02,raw/who.gho.cm-02/2026/09/20260907T155627Z-19eb4e6c1215.json.gz,2
who.gho.cm-02,CM_02:DNK:SEX_BTSX:AGEGROUP_MONTHS0-11,1954-01-01,2026-09-07T15:56:27Z,restated_at,2026-08-04,,who.gho.cm-02,raw/who.gho.cm-02/2026/09/20260907T155627Z-19eb4e6c1215.json.gz,2
who.gho.cm-02,CM_02:DNK:SEX_BTSX:AGEGROUP_MONTHS0-11,1954-01-01,2026-09-07T15:56:27Z,value,2013.0,,who.gho.cm-02,raw/who.gho.cm-02/2026/09/20260907T155627Z-19eb4e6c1215.json.gz,2
who.gho.cm-02,CM_02:DNK:SEX_FMLE:AGEGROUP_MONTHS0-11,1954-01-01,2026-09-07T15:51:30Z,high,855.0,,who.gho.cm-02,raw/who.gho.cm-02/2026/09/20260907T155130Z-b74d44aee08e.json.gz,2
who.gho.cm-02,CM_02:DNK:SEX_FMLE:AGEGROUP_MONTHS0-11,1954-01-01,2026-09-07T15:51:30Z,low,809.0,,who.gho.cm-02,raw/who.gho.cm-02/2026/09/20260907T155130Z-b74d44aee08e.json.gz,2
who.gho.cm-02,CM_02:DNK:SEX_FMLE:AGEGROUP_MONTHS0-11,1954-01-01,2026-09-07T15:51:30Z,restated_at,2026-08-04,,who.gho.cm-02,raw/who.gho.cm-02/2026/09/20260907T155130Z-b74d44aee08e.json.gz,2
who.gho.cm-02,CM_02:DNK:SEX_FMLE:AGEGROUP_MONTHS0-11,1954-01-01,2026-09-07T15:51:30Z,value,831.0,,who.gho.cm-02,raw/who.gho.cm-02/2026/09/20260907T155130Z-b74d44aee08e.json.gz,2
who.gho.cm-02,CM_02:DNK:SEX_MLE:AGEGROUP_MONTHS0-11,1954-01-01,2026-09-07T15:51:30Z,high,1213.0,,who.gho.cm-02,raw/who.gho.cm-02/2026/09/20260907T155130Z-b74d44aee08e.json.gz,2
who.gho.cm-02,CM_02:DNK:SEX_MLE:AGEGROUP_MONTHS0-11,1954-01-01,2026-09-07T15:51:30Z,low,1155.0,,who.gho.cm-02,raw/who.gho.cm-02/2026/09/20260907T155130Z-b74d44aee08e.json.gz,2
who.gho.cm-02,CM_02:DNK:SEX_MLE:AGEGROUP_MONTHS0-11,1954-01-01,2026-09-07T15:51:30Z,restated_at,2026-08-04,,who.gho.cm-02,raw/who.gho.cm-02/2026/09/20260907T155130Z-b74d44aee08e.json.gz,2
who.gho.cm-02,CM_02:DNK:SEX_MLE:AGEGROUP_MONTHS0-11,1954-01-01,2026-09-07T15:51:30Z,value,1182.0,,who.gho.cm-02,raw/who.gho.cm-02/2026/09/20260907T155130Z-b74d44aee08e.json.gz,2
who.gho.cm-02,CM_02:DOM:SEX_BTSX:AGEGROUP_MONTHS0-11,1954-01-01,2026-09-07T15:56:37Z,high,16122.0,,who.gho.cm-02,raw/who.gho.cm-02/2026/09/20260907T155637Z-c7bda929b138.json.gz,2
who.gho.cm-02,CM_02:DOM:SEX_BTSX:AGEGROUP_MONTHS0-11,1954-01-01,2026-09-07T15:56:37Z,low,12506.0,,who.gho.cm-02,raw/who.gho.cm-02/2026/09/20260907T155637Z-c7bda929b138.json.gz,2
who.gho.cm-02,CM_02:DOM:SEX_BTSX:AGEGROUP_MONTHS0-11,1954-01-01,2026-09-07T15:56:37Z,restated_at,2026-08-04,,who.gho.cm-02,raw/who.gho.cm-02/2026/09/20260907T155637Z-c7bda929b138.json.gz,2
who.gho.cm-02,CM_02:DOM:SEX_BTSX:AGEGROUP_MONTHS0-11,1954-01-01,2026-09-07T15:56:37Z,value,14275.0,,who.gho.cm-02,raw/who.gho.cm-02/2026/09/20260907T155637Z-c7bda929b138.json.gz,2
who.gho.cm-02,CM_02:DOM:SEX_FMLE:AGEGROUP_MONTHS0-11,1954-01-01,2026-09-07T15:57:59Z,high,7649.0,,who.gho.cm-02,raw/who.gho.cm-02/2026/09/20260907T155759Z-531ca935f713.json.gz,2
who.gho.cm-02,CM_02:DOM:SEX_FMLE:AGEGROUP_MONTHS0-11,1954-01-01,2026-09-07T15:57:59Z,low,5842.0,,who.gho.cm-02,raw/who.gho.cm-02/2026/09/20260907T155759Z-531ca935f713.json.gz,2
who.gho.cm-02,CM_02:DOM:SEX_FMLE:AGEGROUP_MONTHS0-11,1954-01-01,2026-09-07T15:57:59Z,restated_at,2026-08-04,,who.gho.cm-02,raw/who.gho.cm-02/2026/09/20260907T155759Z-531ca935f713.json.gz,2
who.gho.cm-02,CM_02:DOM:SEX_FMLE:AGEGROUP_MONTHS0-11,1954-01-01,2026-09-07T15:57:59Z,value,6707.0,,who.gho.cm-02,raw/who.gho.cm-02/2026/09/20260907T155759Z-531ca935f713.json.gz,2
who.gho.cm-02,CM_02:DOM:SEX_MLE:AGEGROUP_MONTHS0-11,1954-01-01,2026-09-07T15:57:59Z,high,8608.0,,who.gho.cm-02,raw/who.gho.cm-02/2026/09/20260907T155759Z-531ca935f713.json.gz,2
who.gho.cm-02,CM_02:DOM:SEX_MLE:AGEGROUP_MONTHS0-11,1954-01-01,2026-09-07T15:57:59Z,low,6590.0,,who.gho.cm-02,raw/who.gho.cm-02/2026/09/20260907T155759Z-531ca935f713.json.gz,2
who.gho.cm-02,CM_02:DOM:SEX_MLE:AGEGROUP_MONTHS0-11,1954-01-01,2026-09-07T15:57:59Z,restated_at,2026-08-04,,who.gho.cm-02,raw/who.gho.cm-02/2026/09/20260907T155759Z-531ca935f713.json.gz,2
who.gho.cm-02,CM_02:DOM:SEX_MLE:AGEGROUP_MONTHS0-11,1954-01-01,2026-09-07T15:57:59Z,value,7568.0,,who.gho.cm-02,raw/who.gho.cm-02/2026/09/20260907T155759Z-531ca935f713.json.gz,2
who.gho.cm-02,CM_02:ESP:SEX_BTSX:AGEGROUP_MONTHS0-11,1954-01-01,2026-09-07T15:57:00Z,high,33728.0,,who.gho.cm-02,raw/who.gho.cm-02/2026/09/20260907T155700Z-8ffcb12aceff.json.gz,2
who.gho.cm-02,CM_02:ESP:SEX_BTSX:AGEGROUP_MONTHS0-11,1954-01-01,2026-09-07T15:57:00Z,low,32344.0,,who.gho.cm-02,raw/who.gho.cm-02/2026/09/20260907T155700Z-8ffcb12aceff.json.gz,2
who.gho.cm-02,CM_02:ESP:SEX_BTSX:AGEGROUP_MONTHS0-11,1954-01-01,2026-09-07T15:57:00Z,restated_at,2026-08-04,,who.gho.cm-02,raw/who.gho.cm-02/2026/09/20260907T155700Z-8ffcb12aceff.json.gz,2
who.gho.cm-02,CM_02:ESP:SEX_BTSX:AGEGROUP_MONTHS0-11,1954-01-01,2026-09-07T15:57:00Z,value,33038.0,,who.gho.cm-02,raw/who.gho.cm-02/2026/09/20260907T155700Z-8ffcb12aceff.json.gz,2
who.gho.cm-02,CM_02:ESP:SEX_FMLE:AGEGROUP_MONTHS0-11,1954-01-01,2026-09-07T15:52:18Z,high,14801.0,,who.gho.cm-02,raw/who.gho.cm-02/2026/09/20260907T155218Z-7dbb6db1a58a.json.gz,2
who.gho.cm-02,CM_02:ESP:SEX_FMLE:AGEGROUP_MONTHS0-11,1954-01-01,2026-09-07T15:52:18Z,low,14165.0,,who.gho.cm-02,raw/who.gho.cm-02/2026/09/20260907T155218Z-7dbb6db1a58a.json.gz,2
who.gho.cm-02,CM_02:ESP:SEX_FMLE:AGEGROUP_MONTHS0-11,1954-01-01,2026-09-07T15:52:18Z,restated_at,2026-08-04,,who.gho.cm-02,raw/who.gho.cm-02/2026/09/20260907T155218Z-7dbb6db1a58a.json.gz,2
who.gho.cm-02,CM_02:ESP:SEX_FMLE:AGEGROUP_MONTHS0-11,1954-01-01,2026-09-07T15:52:18Z,value,14479.0,,who.gho.cm-02,raw/who.gho.cm-02/2026/09/20260907T155218Z-7dbb6db1a58a.json.gz,2
who.gho.cm-02,CM_02:ESP:SEX_MLE:AGEGROUP_MONTHS0-11,1954-01-01,2026-09-07T15:58:12Z,high,18962.0,,who.gho.cm-02,raw/who.gho.cm-02/2026/09/20260907T155812Z-02a2023435be.json.gz,2
who.gho.cm-02,CM_02:ESP:SEX_MLE:AGEGROUP_MONTHS0-11,1954-01-01,2026-09-07T15:58:12Z,low,18160.0,,who.gho.cm-02,raw/who.gho.cm-02/2026/09/20260907T155812Z-02a2023435be.json.gz,2
who.gho.cm-02,CM_02:ESP:SEX_MLE:AGEGROUP_MONTHS0-11,1954-01-01,2026-09-07T15:58:12Z,restated_at,2026-08-04,,who.gho.cm-02,raw/who.gho.cm-02/2026/09/20260907T155812Z-02a2023435be.json.gz,2
who.gho.cm-02,CM_02:ESP:SEX_MLE:AGEGROUP_MONTHS0-11,1954-01-01,2026-09-07T15:58:12Z,value,18559.0,,who.gho.cm-02,raw/who.gho.cm-02/2026/09/20260907T155812Z-02a2023435be.json.gz,2
who.gho.cm-02,CM_02:FIN:SEX_BTSX:AGEGROUP_MONTHS0-11,1954-01-01,2026-09-07T15:57:35Z,high,2787.0,,who.gho.cm-02,raw/who.gho.cm-02/2026/09/20260907T155735Z-be5ff4c5352d.json.gz,2
who.gho.cm-02,CM_02:FIN:SEX_BTSX:AGEGROUP_MONTHS0-11,1954-01-01,2026-09-07T15:57:35Z,low,2679.0,,who.gho.cm-02,raw/who.gho.cm-02/2026/09/20260907T155735Z-be5ff4c5352d.json.gz,2
who.gho.cm-02,CM_02:FIN:SEX_BTSX:AGEGROUP_MONTHS0-11,1954-01-01,2026-09-07T15:57:35Z,restated_at,2026-08-04,,who.gho.cm-02,raw/who.gho.cm-02/2026/09/20260907T155735Z-be5ff4c5352d.json.gz,2
who.gho.cm-02,CM_02:FIN:SEX_BTSX:AGEGROUP_MONTHS0-11,1954-01-01,2026-09-07T15:57:35Z,value,2733.0,,who.gho.cm-02,raw/who.gho.cm-02/2026/09/20260907T155735Z-be5ff4c5352d.json.gz,2
who.gho.cm-02,CM_02:FIN:SEX_FMLE:AGEGROUP_MONTHS0-11,1954-01-01,2026-09-07T15:51:54Z,high,1199.0,,who.gho.cm-02,raw/who.gho.cm-02/2026/09/20260907T155154Z-820134cf428b.json.gz,2
who.gho.cm-02,CM_02:FIN:SEX_FMLE:AGEGROUP_MONTHS0-11,1954-01-01,2026-09-07T15:51:54Z,low,1139.0,,who.gho.cm-02,raw/who.gho.cm-02/2026/09/20260907T155154Z-820134cf428b.json.gz,2
who.gho.cm-02,CM_02:FIN:SEX_FMLE:AGEGROUP_MONTHS0-11,1954-01-01,2026-09-07T15:51:54Z,restated_at,2026-08-04,,who.gho.cm-02,raw/who.gho.cm-02/2026/09/20260907T155154Z-820134cf428b.json.gz,2
who.gho.cm-02,CM_02:FIN:SEX_FMLE:AGEGROUP_MONTHS0-11,1954-01-01,2026-09-07T15:51:54Z,value,1168.0,,who.gho.cm-02,raw/who.gho.cm-02/2026/09/20260907T155154Z-820134cf428b.json.gz,2
who.gho.cm-02,CM_02:FIN:SEX_MLE:AGEGROUP_MONTHS0-11,1954-01-01,2026-09-07T15:51:25Z,high,1601.0,,who.gho.cm-02,raw/who.gho.cm-02/2026/09/20260907T155125Z-b41e2575e826.json.gz,2
who.gho.cm-02,CM_02:FIN:SEX_MLE:AGEGROUP_MONTHS0-11,1954-01-01,2026-09-07T15:51:25Z,low,1528.0,,who.gho.cm-02,raw/who.gho.cm-02/2026/09/20260907T155125Z-b41e2575e826.json.gz,2
who.gho.cm-02,CM_02:FIN:SEX_MLE:AGEGROUP_MONTHS0-11,1954-01-01,2026-09-07T15:51:25Z,restated_at,2026-08-04,,who.gho.cm-02,raw/who.gho.cm-02/2026/09/20260907T155125Z-b41e2575e826.json.gz,2
who.gho.cm-02,CM_02:FIN:SEX_MLE:AGEGROUP_MONTHS0-11,1954-01-01,2026-09-07T15:51:25Z,value,1565.0,,who.gho.cm-02,raw/who.gho.cm-02/2026/09/20260907T155125Z-b41e2575e826.json.gz,2
who.gho.cm-02,CM_02:FJI:SEX_BTSX:AGEGROUP_MONTHS0-11,1954-01-01,2026-09-07T15:52:10Z,high,1313.0,,who.gho.cm-02,raw/who.gho.cm-02/2026/09/20260907T155210Z-c2e07328660e.json.gz,2
who.gho.cm-02,CM_02:FJI:SEX_BTSX:AGEGROUP_MONTHS0-11,1954-01-01,2026-09-07T15:52:10Z,low,1062.0,,who.gho.cm-02,raw/who.gho.cm-02/2026/09/20260907T155210Z-c2e07328660e.json.gz,2
who.gho.cm-02,CM_02:FJI:SEX_BTSX:AGEGROUP_MONTHS0-11,1954-01-01,2026-09-07T15:52:10Z,restated_at,2026-08-04,,who.gho.cm-02,raw/who.gho.cm-02/2026/09/20260907T155210Z-c2e07328660e.json.gz,2
who.gho.cm-02,CM_02:FJI:SEX_BTSX:AGEGROUP_MONTHS0-11,1954-01-01,2026-09-07T15:52:10Z,value,1183.0,,who.gho.cm-02,raw/who.gho.cm-02/2026/09/20260907T155210Z-c2e07328660e.json.gz,2
who.gho.cm-02,CM_02:FJI:SEX_FMLE:AGEGROUP_MONTHS0-11,1954-01-01,2026-09-07T15:58:04Z,high,594.0,,who.gho.cm-02,raw/who.gho.cm-02/2026/09/20260907T155804Z-3e19927fa86a.json.gz,2
who.gho.cm-02,CM_02:FJI:SEX_FMLE:AGEGROUP_MONTHS0-11,1954-01-01,2026-09-07T15:58:04Z,low,474.0,,who.gho.cm-02,raw/who.gho.cm-02/2026/09/20260907T155804Z-3e19927fa86a.json.gz,2
who.gho.cm-02,CM_02:FJI:SEX_FMLE:AGEGROUP_MONTHS0-11,1954-01-01,2026-09-07T15:58:04Z,restated_at,2026-08-04,,who.gho.cm-02,raw/who.gho.cm-02/2026/09/20260907T155804Z-3e19927fa86a.json.gz,2
who.gho.cm-02,CM_02:FJI:SEX_FMLE:AGEGROUP_MONTHS0-11,1954-01-01,2026-09-07T15:58:04Z,value,532.0,,who.gho.cm-02,raw/who.gho.cm-02/2026/09/20260907T155804Z-3e19927fa86a.json.gz,2
who.gho.cm-02,CM_02:FJI:SEX_MLE:AGEGROUP_MONTHS0-11,1954-01-01,2026-09-07T15:56:27Z,high,728.0,,who.gho.cm-02,raw/who.gho.cm-02/2026/09/20260907T155627Z-19eb4e6c1215.json.gz,2
who.gho.cm-02,CM_02:FJI:SEX_MLE:AGEGROUP_MONTHS0-11,1954-01-01,2026-09-07T15:56:27Z,low,580.0,,who.gho.cm-02,raw/who.gho.cm-02/2026/09/20260907T155627Z-19eb4e6c1215.json.gz,2
who.gho.cm-02,CM_02:FJI:SEX_MLE:AGEGROUP_MONTHS0-11,1954-01-01,2026-09-07T15:56:27Z,restated_at,2026-08-04,,who.gho.cm-02,raw/who.gho.cm-02/2026/09/20260907T155627Z-19eb4e6c1215.json.gz,2
who.gho.cm-02,CM_02:FJI:SEX_MLE:AGEGROUP_MONTHS0-11,1954-01-01,2026-09-07T15:56:27Z,value,651.0,,who.gho.cm-02,raw/who.gho.cm-02/2026/09/20260907T155627Z-19eb4e6c1215.json.gz,2
who.gho.cm-02,CM_02:FRA:SEX_BTSX:AGEGROUP_MONTHS0-11,1954-01-01,2026-09-07T15:58:07Z,high,29912.0,,who.gho.cm-02,raw/who.gho.cm-02/2026/09/20260907T155807Z-33d1eb328c3d.json.gz,2
who.gho.cm-02,CM_02:FRA:SEX_BTSX:AGEGROUP_MONTHS0-11,1954-01-01,2026-09-07T15:58:07Z,low,28761.0,,who.gho.cm-02,raw/who.gho.cm-02/2026/09/20260907T155807Z-33d1eb328c3d.json.gz,2
who.gho.cm-02,CM_02:FRA:SEX_BTSX:AGEGROUP_MONTHS0-11,1954-01-01,2026-09-07T15:58:07Z,restated_at,2026-08-04,,who.gho.cm-02,raw/who.gho.cm-02/2026/09/20260907T155807Z-33d1eb328c3d.json.gz,2
who.gho.cm-02,CM_02:FRA:SEX_BTSX:AGEGROUP_MONTHS0-11,1954-01-01,2026-09-07T15:58:07Z,value,29319.0,,who.gho.cm-02,raw/who.gho.cm-02/2026/09/20260907T155807Z-33d1eb328c3d.json.gz,2
who.gho.cm-02,CM_02:FRA:SEX_FMLE:AGEGROUP_MONTHS0-11,1954-01-01,2026-09-07T15:57:00Z,high,12705.0,,who.gho.cm-02,raw/who.gho.cm-02/2026/09/20260907T155700Z-8ffcb12aceff.json.gz,2
who.gho.cm-02,CM_02:FRA:SEX_FMLE:AGEGROUP_MONTHS0-11,1954-01-01,2026-09-07T15:57:00Z,low,12172.0,,who.gho.cm-02,raw/who.gho.cm-02/2026/09/20260907T155700Z-8ffcb12aceff.json.gz,2
who.gho.cm-02,CM_02:FRA:SEX_FMLE:AGEGROUP_MONTHS0-11,1954-01-01,2026-09-07T15:57:00Z,restated_at,2026-08-04,,who.gho.cm-02,raw/who.gho.cm-02/2026/09/20260907T155700Z-8ffcb12aceff.json.gz,2
who.gho.cm-02,CM_02:FRA:SEX_FMLE:AGEGROUP_MONTHS0-11,1954-01-01,2026-09-07T15:57:00Z,value,12430.0,,who.gho.cm-02,raw/who.gho.cm-02/2026/09/20260907T155700Z-8ffcb12aceff.json.gz,2
who.gho.cm-02,CM_02:FRA:SEX_MLE:AGEGROUP_MONTHS0-11,1954-01-01,2026-09-07T15:58:12Z,high,17241.0,,who.gho.cm-02,raw/who.gho.cm-02/2026/09/20260907T155812Z-02a2023435be.json.gz,2
who.gho.cm-02,CM_02:FRA:SEX_MLE:AGEGROUP_MONTHS0-11,1954-01-01,2026-09-07T15:58:12Z,low,16549.0,,who.gho.cm-02,raw/who.gho.cm-02/2026/09/20260907T155812Z-02a2023435be.json.gz,2
who.gho.cm-02,CM_02:FRA:SEX_MLE:AGEGROUP_MONTHS0-11,1954-01-01,2026-09-07T15:58:12Z,restated_at,2026-08-04,,who.gho.cm-02,raw/who.gho.cm-02/2026/09/20260907T155812Z-02a2023435be.json.gz,2
who.gho.cm-02,CM_02:FRA:SEX_MLE:AGEGROUP_MONTHS0-11,1954-01-01,2026-09-07T15:58:12Z,value,16889.0,,who.gho.cm-02,raw/who.gho.cm-02/2026/09/20260907T155812Z-02a2023435be.json.gz,2
who.gho.cm-02,CM_02:GAB:SEX_BTSX:AGEGROUP_MONTHS0-11,1954-01-01,2026-09-07T15:51:50Z,high,2067.0,,who.gho.cm-02,raw/who.gho.cm-02/2026/09/20260907T155150Z-b2442ef3f6e6.json.gz,2
who.gho.cm-02,CM_02:GAB:SEX_BTSX:AGEGROUP_MONTHS0-11,1954-01-01,2026-09-07T15:51:50Z,low,1542.0,,who.gho.cm-02,raw/who.gho.cm-02/2026/09/20260907T155150Z-b2442ef3f6e6.json.gz,2
who.gho.cm-02,CM_02:GAB:SEX_BTSX:AGEGROUP_MONTHS0-11,1954-01-01,2026-09-07T15:51:50Z,restated_at,2026-08-04,,who.gho.cm-02,raw/who.gho.cm-02/2026/09/20260907T155150Z-b2442ef3f6e6.json.gz,2
who.gho.cm-02,CM_02:GAB:SEX_BTSX:AGEGROUP_MONTHS0-11,1954-01-01,2026-09-07T15:51:50Z,value,1772.0,,who.gho.cm-02,raw/who.gho.cm-02/2026/09/20260907T155150Z-b2442ef3f6e6.json.gz,2
who.gho.cm-02,CM_02:GAB:SEX_FMLE:AGEGROUP_MONTHS0-11,1954-01-01,2026-09-07T15:57:35Z,high,946.0,,who.gho.cm-02,raw/who.gho.cm-02/2026/09/20260907T155735Z-be5ff4c5352d.json.gz,2
who.gho.cm-02,CM_02:GAB:SEX_FMLE:AGEGROUP_MONTHS0-11,1954-01-01,2026-09-07T15:57:35Z,low,690.0,,who.gho.cm-02,raw/who.gho.cm-02/2026/09/20260907T155735Z-be5ff4c5352d.json.gz,2
who.gho.cm-02,CM_02:GAB:SEX_FMLE:AGEGROUP_MONTHS0-11,1954-01-01,2026-09-07T15:57:35Z,restated_at,2026-08-04,,who.gho.cm-02,raw/who.gho.cm-02/2026/09/20260907T155735Z-be5ff4c5352d.json.gz,2
who.gho.cm-02,CM_02:GAB:SEX_FMLE:AGEGROUP_MONTHS0-11,1954-01-01,2026-09-07T15:57:35Z,value,804.0,,who.gho.cm-02,raw/who.gho.cm-02/2026/09/20260907T155735Z-be5ff4c5352d.json.gz,2
who.gho.cm-02,CM_02:GAB:SEX_MLE:AGEGROUP_MONTHS0-11,1954-01-01,2026-09-07T15:51:01Z,high,1129.0,,who.gho.cm-02,raw/who.gho.cm-02/2026/09/20260907T155101Z-65d1a3fa0413.json.gz,2
who.gho.cm-02,CM_02:GAB:SEX_MLE:AGEGROUP_MONTHS0-11,1954-01-01,2026-09-07T15:51:01Z,low,832.0,,who.gho.cm-02,raw/who.gho.cm-02/2026/09/20260907T155101Z-65d1a3fa0413.json.gz,2
who.gho.cm-02,CM_02:GAB:SEX_MLE:AGEGROUP_MONTHS0-11,1954-01-01,2026-09-07T15:51:01Z,restated_at,2026-08-04,,who.gho.cm-02,raw/who.gho.cm-02/2026/09/20260907T155101Z-65d1a3fa0413.json.gz,2
who.gho.cm-02,CM_02:GAB:SEX_MLE:AGEGROUP_MONTHS0-11,1954-01-01,2026-09-07T15:51:01Z,value,968.0,,who.gho.cm-02,raw/who.gho.cm-02/2026/09/20260907T155101Z-65d1a3fa0413.json.gz,2
who.gho.cm-02,CM_02:GBR:SEX_BTSX:AGEGROUP_MONTHS0-11,1954-01-01,2026-09-07T15:53:02Z,high,21341.0,,who.gho.cm-02,raw/who.gho.cm-02/2026/09/20260907T155302Z-206bb5f6993f.json.gz,2
who.gho.cm-02,CM_02:GBR:SEX_BTSX:AGEGROUP_MONTHS0-11,1954-01-01,2026-09-07T15:53:02Z,low,20514.0,,who.gho.cm-02,raw/who.gho.cm-02/2026/09/20260907T155302Z-206bb5f6993f.json.gz,2
who.gho.cm-02,CM_02:GBR:SEX_BTSX:AGEGROUP_MONTHS0-11,1954-01-01,2026-09-07T15:53:02Z,restated_at,2026-08-04,,who.gho.cm-02,raw/who.gho.cm-02/2026/09/20260907T155302Z-206bb5f6993f.json.gz,2
who.gho.cm-02,CM_02:GBR:SEX_BTSX:AGEGROUP_MONTHS0-11,1954-01-01,2026-09-07T15:53:02Z,value,20921.0,,who.gho.cm-02,raw/who.gho.cm-02/2026/09/20260907T155302Z-206bb5f6993f.json.gz,2
who.gho.cm-02,CM_02:GBR:SEX_FMLE:AGEGROUP_MONTHS0-11,1954-01-01,2026-09-07T15:57:49Z,high,9026.0,,who.gho.cm-02,raw/who.gho.cm-02/2026/09/20260907T155749Z-8808ed0c9a07.json.gz,2
who.gho.cm-02,CM_02:GBR:SEX_FMLE:AGEGROUP_MONTHS0-11,1954-01-01,2026-09-07T15:57:49Z,low,8638.0,,who.gho.cm-02,raw/who.gho.cm-02/2026/09/20260907T155749Z-8808ed0c9a07.json.gz,2
who.gho.cm-02,CM_02:GBR:SEX_FMLE:AGEGROUP_MONTHS0-11,1954-01-01,2026-09-07T15:57:49Z,restated_at,2026-08-04,,who.gho.cm-02,raw/who.gho.cm-02/2026/09/20260907T155749Z-8808ed0c9a07.json.gz,2
who.gho.cm-02,CM_02:GBR:SEX_FMLE:AGEGROUP_MONTHS0-11,1954-01-01,2026-09-07T15:57:49Z,value,8827.0,,who.gho.cm-02,raw/who.gho.cm-02/2026/09/20260907T155749Z-8808ed0c9a07.json.gz,2
who.gho.cm-02,CM_02:GBR:SEX_MLE:AGEGROUP_MONTHS0-11,1954-01-01,2026-09-07T15:51:01Z,high,12358.0,,who.gho.cm-02,raw/who.gho.cm-02/2026/09/20260907T155101Z-65d1a3fa0413.json.gz,2
who.gho.cm-02,CM_02:GBR:SEX_MLE:AGEGROUP_MONTHS0-11,1954-01-01,2026-09-07T15:51:01Z,low,11856.0,,who.gho.cm-02,raw/who.gho.cm-02/2026/09/20260907T155101Z-65d1a3fa0413.json.gz,2
who.gho.cm-02,CM_02:GBR:SEX_MLE:AGEGROUP_MONTHS0-11,1954-01-01,2026-09-07T15:51:01Z,restated_at,2026-08-04,,who.gho.cm-02,raw/who.gho.cm-02/2026/09/20260907T155101Z-65d1a3fa0413.json.gz,2
who.gho.cm-02,CM_02:GBR:SEX_MLE:AGEGROUP_MONTHS0-11,1954-01-01,2026-09-07T15:51:01Z,value,12094.0,,who.gho.cm-02,raw/who.gho.cm-02/2026/09/20260907T155101Z-65d1a3fa0413.json.gz,2
who.gho.cm-02,CM_02:GHA:SEX_BTSX:AGEGROUP_MONTHS0-11,1954-01-01,2026-09-07T15:51:05Z,high,41993.0,,who.gho.cm-02,raw/who.gho.cm-02/2026/09/20260907T155105Z-bd351d716a31.json.gz,2
who.gho.cm-02,CM_02:GHA:SEX_BTSX:AGEGROUP_MONTHS0-11,1954-01-01,2026-09-07T15:51:05Z,low,32687.0,,who.gho.cm-02,raw/who.gho.cm-02/2026/09/20260907T155105Z-bd351d716a31.json.gz,2
who.gho.cm-02,CM_02:GHA:SEX_BTSX:AGEGROUP_MONTHS0-11,1954-01-01,2026-09-07T15:51:05Z,restated_at,2026-08-04,,who.gho.cm-02,raw/who.gho.cm-02/2026/09/20260907T155105Z-bd351d716a31.json.gz,2
who.gho.cm-02,CM_02:GHA:SEX_BTSX:AGEGROUP_MONTHS0-11,1954-01-01,2026-09-07T15:51:05Z,value,37160.0,,who.gho.cm-02,raw/who.gho.cm-02/2026/09/20260907T155105Z-bd351d716a31.json.gz,2
who.gho.cm-02,CM_02:GHA:SEX_FMLE:AGEGROUP_MONTHS0-11,1954-01-01,2026-09-07T15:51:21Z,high,19386.0,,who.gho.cm-02,raw/who.gho.cm-02/2026/09/20260907T155121Z-1b14643329ca.json.gz,2
who.gho.cm-02,CM_02:GHA:SEX_FMLE:AGEGROUP_MONTHS0-11,1954-01-01,2026-09-07T15:51:21Z,low,14805.0,,who.gho.cm-02,raw/who.gho.cm-02/2026/09/20260907T155121Z-1b14643329ca.json.gz,2
who.gho.cm-02,CM_02:GHA:SEX_FMLE:AGEGROUP_MONTHS0-11,1954-01-01,2026-09-07T15:51:21Z,restated_at,2026-08-04,,who.gho.cm-02,raw/who.gho.cm-02/2026/09/20260907T155121Z-1b14643329ca.json.gz,2
who.gho.cm-02,CM_02:GHA:SEX_FMLE:AGEGROUP_MONTHS0-11,1954-01-01,2026-09-07T15:51:21Z,value,16981.0,,who.gho.cm-02,raw/who.gho.cm-02/2026/09/20260907T155121Z-1b14643329ca.json.gz,2
who.gho.cm-02,CM_02:GHA:SEX_MLE:AGEGROUP_MONTHS0-11,1954-01-01,2026-09-07T15:58:20Z,high,22870.0,,who.gho.cm-02,raw/who.gho.cm-02/2026/09/20260907T155820Z-bace8014f904.json.gz,2
who.gho.cm-02,CM_02:GHA:SEX_MLE:AGEGROUP_MONTHS0-11,1954-01-01,2026-09-07T15:58:20Z,low,17618.0,,who.gho.cm-02,raw/who.gho.cm-02/2026/09/20260907T155820Z-bace8014f904.json.gz,2
who.gho.cm-02,CM_02:GHA:SEX_MLE:AGEGROUP_MONTHS0-11,1954-01-01,2026-09-07T15:58:20Z,restated_at,2026-08-04,,who.gho.cm-02,raw/who.gho.cm-02/2026/09/20260907T155820Z-bace8014f904.json.gz,2
who.gho.cm-02,CM_02:GHA:SEX_MLE:AGEGROUP_MONTHS0-11,1954-01-01,2026-09-07T15:58:20Z,value,20179.0,,who.gho.cm-02,raw/who.gho.cm-02/2026/09/20260907T155820Z-bace8014f904.json.gz,2
who.gho.cm-02,CM_02:GIN:SEX_BTSX:AGEGROUP_MONTHS0-11,1954-01-01,2026-09-07T15:57:35Z,high,30526.0,,who.gho.cm-02,raw/who.gho.cm-02/2026/09/20260907T155735Z-be5ff4c5352d.json.gz,2
who.gho.cm-02,CM_02:GIN:SEX_BTSX:AGEGROUP_MONTHS0-11,1954-01-01,2026-09-07T15:57:35Z,low,23621.0,,who.gho.cm-02,raw/who.gho.cm-02/2026/09/20260907T155735Z-be5ff4c5352d.json.gz,2
who.gho.cm-02,CM_02:GIN:SEX_BTSX:AGEGROUP_MONTHS0-11,1954-01-01,2026-09-07T15:57:35Z,restated_at,2026-08-04,,who.gho.cm-02,raw/who.gho.cm-02/2026/09/20260907T155735Z-be5ff4c5352d.json.gz,2
who.gho.cm-02,CM_02:GIN:SEX_BTSX:AGEGROUP_MONTHS0-11,1954-01-01,2026-09-07T15:57:35Z,value,26893.0,,who.gho.cm-02,raw/who.gho.cm-02/2026/09/20260907T155735Z-be5ff4c5352d.json.gz,2
who.gho.cm-02,CM_02:GIN:SEX_FMLE:AGEGROUP_MONTHS0-11,1954-01-01,2026-09-07T15:51:11Z,high,14126.0,,who.gho.cm-02,raw/who.gho.cm-02/2026/09/20260907T155111Z-17577dbcf352.json.gz,2
who.gho.cm-02,CM_02:GIN:SEX_FMLE:AGEGROUP_MONTHS0-11,1954-01-01,2026-09-07T15:51:11Z,low,10701.0,,who.gho.cm-02,raw/who.gho.cm-02/2026/09/20260907T155111Z-17577dbcf352.json.gz,2
who.gho.cm-02,CM_02:GIN:SEX_FMLE:AGEGROUP_MONTHS0-11,1954-01-01,2026-09-07T15:51:11Z,restated_at,2026-08-04,,who.gho.cm-02,raw/who.gho.cm-02/2026/09/20260907T155111Z-17577dbcf352.json.gz,2
who.gho.cm-02,CM_02:GIN:SEX_FMLE:AGEGROUP_MONTHS0-11,1954-01-01,2026-09-07T15:51:11Z,value,12330.0,,who.gho.cm-02,raw/who.gho.cm-02/2026/09/20260907T155111Z-17577dbcf352.json.gz,2
who.gho.cm-02,CM_02:GIN:SEX_MLE:AGEGROUP_MONTHS0-11,1954-01-01,2026-09-07T15:58:12Z,high,16646.0,,who.gho.cm-02,raw/who.gho.cm-02/2026/09/20260907T155812Z-02a2023435be.json.gz,2
who.gho.cm-02,CM_02:GIN:SEX_MLE:AGEGROUP_MONTHS0-11,1954-01-01,2026-09-07T15:58:12Z,low,12698.0,,who.gho.cm-02,raw/who.gho.cm-02/2026/09/20260907T155812Z-02a2023435be.json.gz,2
who.gho.cm-02,CM_02:GIN:SEX_MLE:AGEGROUP_MONTHS0-11,1954-01-01,2026-09-07T15:58:12Z,restated_at,2026-08-04,,who.gho.cm-02,raw/who.gho.cm-02/2026/09/20260907T155812Z-02a2023435be.json.gz,2
who.gho.cm-02,CM_02:GIN:SEX_MLE:AGEGROUP_MONTHS0-11,1954-01-01,2026-09-07T15:58:12Z,value,14563.0,,who.gho.cm-02,raw/who.gho.cm-02/2026/09/20260907T155812Z-02a2023435be.json.gz,2
who.gho.cm-02,CM_02:GRC:SEX_BTSX:AGEGROUP_MONTHS0-11,1954-01-01,2026-09-07T15:56:27Z,high,6861.0,,who.gho.cm-02,raw/who.gho.cm-02/2026/09/20260907T155627Z-19eb4e6c1215.json.gz,2
who.gho.cm-02,CM_02:GRC:SEX_BTSX:AGEGROUP_MONTHS0-11,1954-01-01,2026-09-07T15:56:27Z,low,6170.0,,who.gho.cm-02,raw/who.gho.cm-02/2026/09/20260907T155627Z-19eb4e6c1215.json.gz,2
who.gho.cm-02,CM_02:GRC:SEX_BTSX:AGEGROUP_MONTHS0-11,1954-01-01,2026-09-07T15:56:27Z,restated_at,2026-08-04,,who.gho.cm-02,raw/who.gho.cm-02/2026/09/20260907T155627Z-19eb4e6c1215.json.gz,2
who.gho.cm-02,CM_02:GRC:SEX_BTSX:AGEGROUP_MONTHS0-11,1954-01-01,2026-09-07T15:56:27Z,value,6506.0,,who.gho.cm-02,raw/who.gho.cm-02/2026/09/20260907T155627Z-19eb4e6c1215.json.gz,2
who.gho.cm-02,CM_02:GRC:SEX_FMLE:AGEGROUP_MONTHS0-11,1954-01-01,2026-09-07T15:57:21Z,high,3248.0,,who.gho.cm-02,raw/who.gho.cm-02/2026/09/20260907T155721Z-a2b5c178c29b.json.gz,2
who.gho.cm-02,CM_02:GRC:SEX_FMLE:AGEGROUP_MONTHS0-11,1954-01-01,2026-09-07T15:57:21Z,low,2896.0,,who.gho.cm-02,raw/who.gho.cm-02/2026/09/20260907T155721Z-a2b5c178c29b.json.gz,2
who.gho.cm-02,CM_02:GRC:SEX_FMLE:AGEGROUP_MONTHS0-11,1954-01-01,2026-09-07T15:57:21Z,restated_at,2026-08-04,,who.gho.cm-02,raw/who.gho.cm-02/2026/09/20260907T155721Z-a2b5c178c29b.json.gz,2
who.gho.cm-02,CM_02:GRC:SEX_FMLE:AGEGROUP_MONTHS0-11,1954-01-01,2026-09-07T15:57:21Z,value,3067.0,,who.gho.cm-02,raw/who.gho.cm-02/2026/09/20260907T155721Z-a2b5c178c29b.json.gz,2
who.gho.cm-02,CM_02:GRC:SEX_MLE:AGEGROUP_MONTHS0-11,1954-01-01,2026-09-07T15:57:12Z,high,3641.0,,who.gho.cm-02,raw/who.gho.cm-02/2026/09/20260907T155712Z-98aa519eeacd.json.gz,2
who.gho.cm-02,CM_02:GRC:SEX_MLE:AGEGROUP_MONTHS0-11,1954-01-01,2026-09-07T15:57:12Z,low,3252.0,,who.gho.cm-02,raw/who.gho.cm-02/2026/09/20260907T155712Z-98aa519eeacd.json.gz,2
who.gho.cm-02,CM_02:GRC:SEX_MLE:AGEGROUP_MONTHS0-11,1954-01-01,2026-09-07T15:57:12Z,restated_at,2026-08-04,,who.gho.cm-02,raw/who.gho.cm-02/2026/09/20260907T155712Z-98aa519eeacd.json.gz,2
who.gho.cm-02,CM_02:GRC:SEX_MLE:AGEGROUP_MONTHS0-11,1954-01-01,2026-09-07T15:57:12Z,value,3439.0,,who.gho.cm-02,raw/who.gho.cm-02/2026/09/20260907T155712Z-98aa519eeacd.json.gz,2
who.gho.cm-02,CM_02:GRD:SEX_BTSX:AGEGROUP_MONTHS0-11,1954-01-01,2026-09-07T15:52:26Z,high,283.0,,who.gho.cm-02,raw/who.gho.cm-02/2026/09/20260907T155226Z-b536cc4a2b4c.json.gz,2
who.gho.cm-02,CM_02:GRD:SEX_BTSX:AGEGROUP_MONTHS0-11,1954-01-01,2026-09-07T15:52:26Z,low,251.0,,who.gho.cm-02,raw/who.gho.cm-02/2026/09/20260907T155226Z-b536cc4a2b4c.json.gz,2
who.gho.cm-02,CM_02:GRD:SEX_BTSX:AGEGROUP_MONTHS0-11,1954-01-01,2026-09-07T15:52:26Z,restated_at,2026-08-04,,who.gho.cm-02,raw/who.gho.cm-02/2026/09/20260907T155226Z-b536cc4a2b4c.json.gz,2
who.gho.cm-02,CM_02:GRD:SEX_BTSX:AGEGROUP_MONTHS0-11,1954-01-01,2026-09-07T15:52:26Z,value,267.0,,who.gho.cm-02,raw/who.gho.cm-02/2026/09/20260907T155226Z-b536cc4a2b4c.json.gz,2
who.gho.cm-02,CM_02:GRD:SEX_FMLE:AGEGROUP_MONTHS0-11,1954-01-01,2026-09-07T15:51:30Z,high,134.0,,who.gho.cm-02,raw/who.gho.cm-02/2026/09/20260907T155130Z-b74d44aee08e.json.gz,2
who.gho.cm-02,CM_02:GRD:SEX_FMLE:AGEGROUP_MONTHS0-11,1954-01-01,2026-09-07T15:51:30Z,low,118.0,,who.gho.cm-02,raw/who.gho.cm-02/2026/09/20260907T155130Z-b74d44aee08e.json.gz,2
who.gho.cm-02,CM_02:GRD:SEX_FMLE:AGEGROUP_MONTHS0-11,1954-01-01,2026-09-07T15:51:30Z,restated_at,2026-08-04,,who.gho.cm-02,raw/who.gho.cm-02/2026/09/20260907T155130Z-b74d44aee08e.json.gz,2
who.gho.cm-02,CM_02:GRD:SEX_FMLE:AGEGROUP_MONTHS0-11,1954-01-01,2026-09-07T15:51:30Z,value,126.0,,who.gho.cm-02,raw/who.gho.cm-02/2026/09/20260907T155130Z-b74d44aee08e.json.gz,2
who.gho.cm-02,CM_02:GRD:SEX_MLE:AGEGROUP_MONTHS0-11,1954-01-01,2026-09-07T15:51:21Z,high,150.0,,who.gho.cm-02,raw/who.gho.cm-02/2026/09/20260907T155121Z-1b14643329ca.json.gz,2
who.gho.cm-02,CM_02:GRD:SEX_MLE:AGEGROUP_MONTHS0-11,1954-01-01,2026-09-07T15:51:21Z,low,132.0,,who.gho.cm-02,raw/who.gho.cm-02/2026/09/20260907T155121Z-1b14643329ca.json.gz,2
who.gho.cm-02,CM_02:GRD:SEX_MLE:AGEGROUP_MONTHS0-11,1954-01-01,2026-09-07T15:51:21Z,restated_at,2026-08-04,,who.gho.cm-02,raw/who.gho.cm-02/2026/09/20260907T155121Z-1b14643329ca.json.gz,2
who.gho.cm-02,CM_02:GRD:SEX_MLE:AGEGROUP_MONTHS0-11,1954-01-01,2026-09-07T15:51:21Z,value,141.0,,who.gho.cm-02,raw/who.gho.cm-02/2026/09/20260907T155121Z-1b14643329ca.json.gz,2
who.gho.cm-02,CM_02:GUY:SEX_BTSX:AGEGROUP_MONTHS0-11,1954-01-01,2026-09-07T15:51:11Z,high,2270.0,,who.gho.cm-02,raw/who.gho.cm-02/2026/09/20260907T155111Z-17577dbcf352.json.gz,2
who.gho.cm-02,CM_02:GUY:SEX_BTSX:AGEGROUP_MONTHS0-11,1954-01-01,2026-09-07T15:51:11Z,low,1571.0,,who.gho.cm-02,raw/who.gho.cm-02/2026/09/20260907T155111Z-17577dbcf352.json.gz,2
who.gho.cm-02,CM_02:GUY:SEX_BTSX:AGEGROUP_MONTHS0-11,1954-01-01,2026-09-07T15:51:11Z,restated_at,2026-08-04,,who.gho.cm-02,raw/who.gho.cm-02/2026/09/20260907T155111Z-17577dbcf352.json.gz,2
who.gho.cm-02,CM_02:GUY:SEX_BTSX:AGEGROUP_MONTHS0-11,1954-01-01,2026-09-07T15:51:11Z,value,1883.0,,who.gho.cm-02,raw/who.gho.cm-02/2026/09/20260907T155111Z-17577dbcf352.json.gz,2
who.gho.cm-02,CM_02:GUY:SEX_FMLE:AGEGROUP_MONTHS0-11,1954-01-01,2026-09-07T15:51:44Z,high,988.0,,who.gho.cm-02,raw/who.gho.cm-02/2026/09/20260907T155144Z-505d97ce9093.json.gz,2
who.gho.cm-02,CM_02:GUY:SEX_FMLE:AGEGROUP_MONTHS0-11,1954-01-01,2026-09-07T15:51:44Z,low,674.0,,who.gho.cm-02,raw/who.gho.cm-02/2026/09/20260907T155144Z-505d97ce9093.json.gz,2
who.gho.cm-02,CM_02:GUY:SEX_FMLE:AGEGROUP_MONTHS0-11,1954-01-01,2026-09-07T15:51:44Z,restated_at,2026-08-04,,who.gho.cm-02,raw/who.gho.cm-02/2026/09/20260907T155144Z-505d97ce9093.json.gz,2
who.gho.cm-02,CM_02:GUY:SEX_FMLE:AGEGROUP_MONTHS0-11,1954-01-01,2026-09-07T15:51:44Z,value,814.0,,who.gho.cm-02,raw/who.gho.cm-02/2026/09/20260907T155144Z-505d97ce9093.json.gz,2
who.gho.cm-02,CM_02:GUY:SEX_MLE:AGEGROUP_MONTHS0-11,1954-01-01,2026-09-07T15:58:16Z,high,1292.0,,who.gho.cm-02,raw/who.gho.cm-02/2026/09/20260907T155816Z-99a1a16a015f.json.gz,2
who.gho.cm-02,CM_02:GUY:SEX_MLE:AGEGROUP_MONTHS0-11,1954-01-01,2026-09-07T15:58:16Z,low,886.0,,who.gho.cm-02,raw/who.gho.cm-02/2026/09/20260907T155816Z-99a1a16a015f.json.gz,2
who.gho.cm-02,CM_02:GUY:SEX_MLE:AGEGROUP_MONTHS0-11,1954-01-01,2026-09-07T15:58:16Z,restated_at,2026-08-04,,who.gho.cm-02,raw/who.gho.cm-02/2026/09/20260907T155816Z-99a1a16a015f.json.gz,2
who.gho.cm-02,CM_02:GUY:SEX_MLE:AGEGROUP_MONTHS0-11,1954-01-01,2026-09-07T15:58:16Z,value,1069.0,,who.gho.cm-02,raw/who.gho.cm-02/2026/09/20260907T155816Z-99a1a16a015f.json.gz,2
who.gho.cm-02,CM_02:HUN:SEX_BTSX:AGEGROUP_MONTHS0-11,1954-01-01,2026-09-07T15:58:16Z,high,13686.0,,who.gho.cm-02,raw/who.gho.cm-02/2026/09/20260907T155816Z-99a1a16a015f.json.gz,2
who.gho.cm-02,CM_02:HUN:SEX_BTSX:AGEGROUP_MONTHS0-11,1954-01-01,2026-09-07T15:58:16Z,low,12554.0,,who.gho.cm-02,raw/who.gho.cm-02/2026/09/20260907T155816Z-99a1a16a015f.json.gz,2
who.gho.cm-02,CM_02:HUN:SEX_BTSX:AGEGROUP_MONTHS0-11,1954-01-01,2026-09-07T15:58:16Z,restated_at,2026-08-04,,who.gho.cm-02,raw/who.gho.cm-02/2026/09/20260907T155816Z-99a1a16a015f.json.gz,2
who.gho.cm-02,CM_02:HUN:SEX_BTSX:AGEGROUP_MONTHS0-11,1954-01-01,2026-09-07T15:58:16Z,value,13138.0,,who.gho.cm-02,raw/who.gho.cm-02/2026/09/20260907T155816Z-99a1a16a015f.json.gz,2
who.gho.cm-02,CM_02:HUN:SEX_FMLE:AGEGROUP_MONTHS0-11,1954-01-01,2026-09-07T15:51:54Z,high,5874.0,,who.gho.cm-02,raw/who.gho.cm-02/2026/09/20260907T155154Z-820134cf428b.json.gz,2
who.gho.cm-02,CM_02:HUN:SEX_FMLE:AGEGROUP_MONTHS0-11,1954-01-01,2026-09-07T15:51:54Z,low,5350.0,,who.gho.cm-02,raw/who.gho.cm-02/2026/09/20260907T155154Z-820134cf428b.json.gz,2
who.gho.cm-02,CM_02:HUN:SEX_FMLE:AGEGROUP_MONTHS0-11,1954-01-01,2026-09-07T15:51:54Z,restated_at,2026-08-04,,who.gho.cm-02,raw/who.gho.cm-02/2026/09/20260907T155154Z-820134cf428b.json.gz,2
who.gho.cm-02,CM_02:HUN:SEX_FMLE:AGEGROUP_MONTHS0-11,1954-01-01,2026-09-07T15:51:54Z,value,5611.0,,who.gho.cm-02,raw/who.gho.cm-02/2026/09/20260907T155154Z-820134cf428b.json.gz,2
who.gho.cm-02,CM_02:HUN:SEX_MLE:AGEGROUP_MONTHS0-11,1954-01-01,2026-09-07T15:51:21Z,high,7865.0,,who.gho.cm-02,raw/who.gho.cm-02/2026/09/20260907T155121Z-1b14643329ca.json.gz,2
who.gho.cm-02,CM_02:HUN:SEX_MLE:AGEGROUP_MONTHS0-11,1954-01-01,2026-09-07T15:51:21Z,low,7194.0,,who.gho.cm-02,raw/who.gho.cm-02/2026/09/20260907T155121Z-1b14643329ca.json.gz,2
who.gho.cm-02,CM_02:HUN:SEX_MLE:AGEGROUP_MONTHS0-11,1954-01-01,2026-09-07T15:51:21Z,restated_at,2026-08-04,,who.gho.cm-02,raw/who.gho.cm-02/2026/09/20260907T155121Z-1b14643329ca.json.gz,2
who.gho.cm-02,CM_02:HUN:SEX_MLE:AGEGROUP_MONTHS0-11,1954-01-01,2026-09-07T15:51:21Z,value,7527.0,,who.gho.cm-02,raw/who.gho.cm-02/2026/09/20260907T155121Z-1b14643329ca.json.gz,2
who.gho.cm-02,CM_02:IDN:SEX_BTSX:AGEGROUP_MONTHS0-11,1954-01-01,2026-09-07T15:57:54Z,high,602633.0,,who.gho.cm-02,raw/who.gho.cm-02/2026/09/20260907T155754Z-3bea881db2b4.json.gz,2
who.gho.cm-02,CM_02:IDN:SEX_BTSX:AGEGROUP_MONTHS0-11,1954-01-01,2026-09-07T15:57:54Z,low,481123.0,,who.gho.cm-02,raw/who.gho.cm-02/2026/09/20260907T155754Z-3bea881db2b4.json.gz,2
who.gho.cm-02,CM_02:IDN:SEX_BTSX:AGEGROUP_MONTHS0-11,1954-01-01,2026-09-07T15:57:54Z,restated_at,2026-08-04,,who.gho.cm-02,raw/who.gho.cm-02/2026/09/20260907T155754Z-3bea881db2b4.json.gz,2
who.gho.cm-02,CM_02:IDN:SEX_BTSX:AGEGROUP_MONTHS0-11,1954-01-01,2026-09-07T15:57:54Z,value,540124.0,,who.gho.cm-02,raw/who.gho.cm-02/2026/09/20260907T155754Z-3bea881db2b4.json.gz,2
who.gho.cm-02,CM_02:IDN:SEX_FMLE:AGEGROUP_MONTHS0-11,1954-01-01,2026-09-07T15:51:11Z,high,264158.0,,who.gho.cm-02,raw/who.gho.cm-02/2026/09/20260907T155111Z-17577dbcf352.json.gz,2
who.gho.cm-02,CM_02:IDN:SEX_FMLE:AGEGROUP_MONTHS0-11,1954-01-01,2026-09-07T15:51:11Z,low,207224.0,,who.gho.cm-02,raw/who.gho.cm-02/2026/09/20260907T155111Z-17577dbcf352.json.gz,2
who.gho.cm-02,CM_02:IDN:SEX_FMLE:AGEGROUP_MONTHS0-11,1954-01-01,2026-09-07T15:51:11Z,restated_at,2026-08-04,,who.gho.cm-02,raw/who.gho.cm-02/2026/09/20260907T155111Z-17577dbcf352.json.gz,2
who.gho.cm-02,CM_02:IDN:SEX_FMLE:AGEGROUP_MONTHS0-11,1954-01-01,2026-09-07T15:51:11Z,value,234142.0,,who.gho.cm-02,raw/who.gho.cm-02/2026/09/20260907T155111Z-17577dbcf352.json.gz,2
who.gho.cm-02,CM_02:IDN:SEX_MLE:AGEGROUP_MONTHS0-11,1954-01-01,2026-09-07T15:58:16Z,high,342344.0,,who.gho.cm-02,raw/who.gho.cm-02/2026/09/20260907T155816Z-99a1a16a015f.json.gz,2
who.gho.cm-02,CM_02:IDN:SEX_MLE:AGEGROUP_MONTHS0-11,1954-01-01,2026-09-07T15:58:16Z,low,271323.0,,who.gho.cm-02,raw/who.gho.cm-02/2026/09/20260907T155816Z-99a1a16a015f.json.gz,2
who.gho.cm-02,CM_02:IDN:SEX_MLE:AGEGROUP_MONTHS0-11,1954-01-01,2026-09-07T15:58:16Z,restated_at,2026-08-04,,who.gho.cm-02,raw/who.gho.cm-02/2026/09/20260907T155816Z-99a1a16a015f.json.gz,2
who.gho.cm-02,CM_02:IDN:SEX_MLE:AGEGROUP_MONTHS0-11,1954-01-01,2026-09-07T15:58:16Z,value,305982.0,,who.gho.cm-02,raw/who.gho.cm-02/2026/09/20260907T155816Z-99a1a16a015f.json.gz,2
who.gho.cm-02,CM_02:IND:SEX_BTSX:AGEGROUP_MONTHS0-11,1954-01-01,2026-09-07T15:57:21Z,high,3083233.0,,who.gho.cm-02,raw/who.gho.cm-02/2026/09/20260907T155721Z-a2b5c178c29b.json.gz,2
who.gho.cm-02,CM_02:IND:SEX_BTSX:AGEGROUP_MONTHS0-11,1954-01-01,2026-09-07T15:57:21Z,low,2290823.0,,who.gho.cm-02,raw/who.gho.cm-02/2026/09/20260907T155721Z-a2b5c178c29b.json.gz,2
who.gho.cm-02,CM_02:IND:SEX_BTSX:AGEGROUP_MONTHS0-11,1954-01-01,2026-09-07T15:57:21Z,restated_at,2026-08-04,,who.gho.cm-02,raw/who.gho.cm-02/2026/09/20260907T155721Z-a2b5c178c29b.json.gz,2
who.gho.cm-02,CM_02:IND:SEX_BTSX:AGEGROUP_MONTHS0-11,1954-01-01,2026-09-07T15:57:21Z,value,2668685.0,,who.gho.cm-02,raw/who.gho.cm-02/2026/09/20260907T155721Z-a2b5c178c29b.json.gz,2
who.gho.cm-02,CM_02:IND:SEX_FMLE:AGEGROUP_MONTHS0-11,1954-01-01,2026-09-07T15:50:52Z,high,1458335.0,,who.gho.cm-02,raw/who.gho.cm-02/2026/09/20260907T155052Z-3109a96dcee3.json.gz,2
who.gho.cm-02,CM_02:IND:SEX_FMLE:AGEGROUP_MONTHS0-11,1954-01-01,2026-09-07T15:50:52Z,low,1065238.0,,who.gho.cm-02,raw/who.gho.cm-02/2026/09/20260907T155052Z-3109a96dcee3.json.gz,2
who.gho.cm-02,CM_02:IND:SEX_FMLE:AGEGROUP_MONTHS0-11,1954-01-01,2026-09-07T15:50:52Z,restated_at,2026-08-04,,who.gho.cm-02,raw/who.gho.cm-02/2026/09/20260907T155052Z-3109a96dcee3.json.gz,2
who.gho.cm-02,CM_02:IND:SEX_FMLE:AGEGROUP_MONTHS0-11,1954-01-01,2026-09-07T15:50:52Z,value,1252204.0,,who.gho.cm-02,raw/who.gho.cm-02/2026/09/20260907T155052Z-3109a96dcee3.json.gz,2
who.gho.cm-02,CM_02:IND:SEX_MLE:AGEGROUP_MONTHS0-11,1954-01-01,2026-09-07T15:57:00Z,high,1649522.0,,who.gho.cm-02,raw/who.gho.cm-02/2026/09/20260907T155700Z-8ffcb12aceff.json.gz,2
who.gho.cm-02,CM_02:IND:SEX_MLE:AGEGROUP_MONTHS0-11,1954-01-01,2026-09-07T15:57:00Z,low,1211980.0,,who.gho.cm-02,raw/who.gho.cm-02/2026/09/20260907T155700Z-8ffcb12aceff.json.gz,2
who.gho.cm-02,CM_02:IND:SEX_MLE:AGEGROUP_MONTHS0-11,1954-01-01,2026-09-07T15:57:00Z,restated_at,2026-08-04,,who.gho.cm-02,raw/who.gho.cm-02/2026/09/20260907T155700Z-8ffcb12aceff.json.gz,2
who.gho.cm-02,CM_02:IND:SEX_MLE:AGEGROUP_MONTHS0-11,1954-01-01,2026-09-07T15:57:00Z,value,1416481.0,,who.gho.cm-02,raw/who.gho.cm-02/2026/09/20260907T155700Z-8ffcb12aceff.json.gz,2
who.gho.cm-02,CM_02:IRL:SEX_BTSX:AGEGROUP_MONTHS0-11,1954-01-01,2026-09-07T15:52:26Z,high,2553.0,,who.gho.cm-02,raw/who.gho.cm-02/2026/09/20260907T155226Z-b536cc4a2b4c.json.gz,2
who.gho.cm-02,CM_02:IRL:SEX_BTSX:AGEGROUP_MONTHS0-11,1954-01-01,2026-09-07T15:52:26Z,low,2448.0,,who.gho.cm-02,raw/who.gho.cm-02/2026/09/20260907T155226Z-b536cc4a2b4c.json.gz,2
who.gho.cm-02,CM_02:IRL:SEX_BTSX:AGEGROUP_MONTHS0-11,1954-01-01,2026-09-07T15:52:26Z,restated_at,2026-08-04,,who.gho.cm-02,raw/who.gho.cm-02/2026/09/20260907T155226Z-b536cc4a2b4c.json.gz,2
who.gho.cm-02,CM_02:IRL:SEX_BTSX:AGEGROUP_MONTHS0-11,1954-01-01,2026-09-07T15:52:26Z,value,2501.0,,who.gho.cm-02,raw/who.gho.cm-02/2026/09/20260907T155226Z-b536cc4a2b4c.json.gz,2
who.gho.cm-02,CM_02:IRL:SEX_FMLE:AGEGROUP_MONTHS0-11,1954-01-01,2026-09-07T15:51:50Z,high,1086.0,,who.gho.cm-02,raw/who.gho.cm-02/2026/09/20260907T155150Z-b2442ef3f6e6.json.gz,2
who.gho.cm-02,CM_02:IRL:SEX_FMLE:AGEGROUP_MONTHS0-11,1954-01-01,2026-09-07T15:51:50Z,low,1029.0,,who.gho.cm-02,raw/who.gho.cm-02/2026/09/20260907T155150Z-b2442ef3f6e6.json.gz,2
who.gho.cm-02,CM_02:IRL:SEX_FMLE:AGEGROUP_MONTHS0-11,1954-01-01,2026-09-07T15:51:50Z,restated_at,2025-04-15,,who.gho.cm-02,raw/who.gho.cm-02/2026/09/20260907T155150Z-b2442ef3f6e6.json.gz,2
who.gho.cm-02,CM_02:IRL:SEX_FMLE:AGEGROUP_MONTHS0-11,1954-01-01,2026-09-07T15:51:50Z,value,1057.0,,who.gho.cm-02,raw/who.gho.cm-02/2026/09/20260907T155150Z-b2442ef3f6e6.json.gz,2
who.gho.cm-02,CM_02:IRL:SEX_MLE:AGEGROUP_MONTHS0-11,1954-01-01,2026-09-07T15:57:59Z,high,1479.0,,who.gho.cm-02,raw/who.gho.cm-02/2026/09/20260907T155759Z-531ca935f713.json.gz,2
who.gho.cm-02,CM_02:IRL:SEX_MLE:AGEGROUP_MONTHS0-11,1954-01-01,2026-09-07T15:57:59Z,low,1408.0,,who.gho.cm-02,raw/who.gho.cm-02/2026/09/20260907T155759Z-531ca935f713.json.gz,2
who.gho.cm-02,CM_02:IRL:SEX_MLE:AGEGROUP_MONTHS0-11,1954-01-01,2026-09-07T15:57:59Z,restated_at,2026-08-04,,who.gho.cm-02,raw/who.gho.cm-02/2026/09/20260907T155759Z-531ca935f713.json.gz,2
who.gho.cm-02,CM_02:IRL:SEX_MLE:AGEGROUP_MONTHS0-11,1954-01-01,2026-09-07T15:57:59Z,value,1444.0,,who.gho.cm-02,raw/who.gho.cm-02/2026/09/20260907T155759Z-531ca935f713.json.gz,2
who.gho.cm-02,CM_02:IRQ:SEX_BTSX:AGEGROUP_MONTHS0-11,1954-01-01,2026-09-07T15:52:18Z,high,63812.0,,who.gho.cm-02,raw/who.gho.cm-02/2026/09/20260907T155218Z-7dbb6db1a58a.json.gz,2
who.gho.cm-02,CM_02:IRQ:SEX_BTSX:AGEGROUP_MONTHS0-11,1954-01-01,2026-09-07T15:52:18Z,low,48957.0,,who.gho.cm-02,raw/who.gho.cm-02/2026/09/20260907T155218Z-7dbb6db1a58a.json.gz,2
who.gho.cm-02,CM_02:IRQ:SEX_BTSX:AGEGROUP_MONTHS0-11,1954-01-01,2026-09-07T15:52:18Z,restated_at,2026-08-04,,who.gho.cm-02,raw/who.gho.cm-02/2026/09/20260907T155218Z-7dbb6db1a58a.json.gz,2
who.gho.cm-02,CM_02:IRQ:SEX_BTSX:AGEGROUP_MONTHS0-11,1954-01-01,2026-09-07T15:52:18Z,value,55815.0,,who.gho.cm-02,raw/who.gho.cm-02/2026/09/20260907T155218Z-7dbb6db1a58a.json.gz,2
who.gho.cm-02,CM_02:IRQ:SEX_FMLE:AGEGROUP_MONTHS0-11,1954-01-01,2026-09-07T15:57:44Z,high,29640.0,,who.gho.cm-02,raw/who.gho.cm-02/2026/09/20260907T155744Z-e141b36e0a87.json.gz,2
who.gho.cm-02,CM_02:IRQ:SEX_FMLE:AGEGROUP_MONTHS0-11,1954-01-01,2026-09-07T15:57:44Z,low,22236.0,,who.gho.cm-02,raw/who.gho.cm-02/2026/09/20260907T155744Z-e141b36e0a87.json.gz,2
who.gho.cm-02,CM_02:IRQ:SEX_FMLE:AGEGROUP_MONTHS0-11,1954-01-01,2026-09-07T15:57:44Z,restated_at,2026-08-04,,who.gho.cm-02,raw/who.gho.cm-02/2026/09/20260907T155744Z-e141b36e0a87.json.gz,2
who.gho.cm-02,CM_02:IRQ:SEX_FMLE:AGEGROUP_MONTHS0-11,1954-01-01,2026-09-07T15:57:44Z,value,25641.0,,who.gho.cm-02,raw/who.gho.cm-02/2026/09/20260907T155744Z-e141b36e0a87.json.gz,2
who.gho.cm-02,CM_02:IRQ:SEX_MLE:AGEGROUP_MONTHS0-11,1954-01-01,2026-09-07T15:57:21Z,high,34693.0,,who.gho.cm-02,raw/who.gho.cm-02/2026/09/20260907T155721Z-a2b5c178c29b.json.gz,2
who.gho.cm-02,CM_02:IRQ:SEX_MLE:AGEGROUP_MONTHS0-11,1954-01-01,2026-09-07T15:57:21Z,low,26218.0,,who.gho.cm-02,raw/who.gho.cm-02/2026/09/20260907T155721Z-a2b5c178c29b.json.gz,2
who.gho.cm-02,CM_02:IRQ:SEX_MLE:AGEGROUP_MONTHS0-11,1954-01-01,2026-09-07T15:57:21Z,restated_at,2026-08-04,,who.gho.cm-02,raw/who.gho.cm-02/2026/09/20260907T155721Z-a2b5c178c29b.json.gz,2
who.gho.cm-02,CM_02:IRQ:SEX_MLE:AGEGROUP_MONTHS0-11,1954-01-01,2026-09-07T15:57:21Z,value,30174.0,,who.gho.cm-02,raw/who.gho.cm-02/2026/09/20260907T155721Z-a2b5c178c29b.json.gz,2
who.gho.cm-02,CM_02:ISL:SEX_BTSX:AGEGROUP_MONTHS0-11,1954-01-01,2026-09-07T15:58:12Z,high,92.0,,who.gho.cm-02,raw/who.gho.cm-02/2026/09/20260907T155812Z-02a2023435be.json.gz,2
who.gho.cm-02,CM_02:ISL:SEX_BTSX:AGEGROUP_MONTHS0-11,1954-01-01,2026-09-07T15:58:12Z,low,82.0,,who.gho.cm-02,raw/who.gho.cm-02/2026/09/20260907T155812Z-02a2023435be.json.gz,2
who.gho.cm-02,CM_02:ISL:SEX_BTSX:AGEGROUP_MONTHS0-11,1954-01-01,2026-09-07T15:58:12Z,restated_at,2025-04-15,,who.gho.cm-02,raw/who.gho.cm-02/2026/09/20260907T155812Z-02a2023435be.json.gz,2
who.gho.cm-02,CM_02:ISL:SEX_BTSX:AGEGROUP_MONTHS0-11,1954-01-01,2026-09-07T15:58:12Z,value,87.0,,who.gho.cm-02,raw/who.gho.cm-02/2026/09/20260907T155812Z-02a2023435be.json.gz,2
who.gho.cm-02,CM_02:ISL:SEX_FMLE:AGEGROUP_MONTHS0-11,1954-01-01,2026-09-07T15:51:25Z,high,40.0,,who.gho.cm-02,raw/who.gho.cm-02/2026/09/20260907T155125Z-b41e2575e826.json.gz,2
who.gho.cm-02,CM_02:ISL:SEX_FMLE:AGEGROUP_MONTHS0-11,1954-01-01,2026-09-07T15:51:25Z,low,35.0,,who.gho.cm-02,raw/who.gho.cm-02/2026/09/20260907T155125Z-b41e2575e826.json.gz,2
who.gho.cm-02,CM_02:ISL:SEX_FMLE:AGEGROUP_MONTHS0-11,1954-01-01,2026-09-07T15:51:25Z,restated_at,2025-04-15,,who.gho.cm-02,raw/who.gho.cm-02/2026/09/20260907T155125Z-b41e2575e826.json.gz,2
who.gho.cm-02,CM_02:ISL:SEX_FMLE:AGEGROUP_MONTHS0-11,1954-01-01,2026-09-07T15:51:25Z,value,37.0,,who.gho.cm-02,raw/who.gho.cm-02/2026/09/20260907T155125Z-b41e2575e826.json.gz,2
who.gho.cm-02,CM_02:ISL:SEX_MLE:AGEGROUP_MONTHS0-11,1954-01-01,2026-09-07T15:51:40Z,high,53.0,,who.gho.cm-02,raw/who.gho.cm-02/2026/09/20260907T155140Z-2ccf90b4d287.json.gz,2
who.gho.cm-02,CM_02:ISL:SEX_MLE:AGEGROUP_MONTHS0-11,1954-01-01,2026-09-07T15:51:40Z,low,46.0,,who.gho.cm-02,raw/who.gho.cm-02/2026/09/20260907T155140Z-2ccf90b4d287.json.gz,2
who.gho.cm-02,CM_02:ISL:SEX_MLE:AGEGROUP_MONTHS0-11,1954-01-01,2026-09-07T15:51:40Z,restated_at,2026-08-04,,who.gho.cm-02,raw/who.gho.cm-02/2026/09/20260907T155140Z-2ccf90b4d287.json.gz,2
who.gho.cm-02,CM_02:ISL:SEX_MLE:AGEGROUP_MONTHS0-11,1954-01-01,2026-09-07T15:51:40Z,value,50.0,,who.gho.cm-02,raw/who.gho.cm-02/2026/09/20260907T155140Z-2ccf90b4d287.json.gz,2
who.gho.cm-02,CM_02:ISR:SEX_BTSX:AGEGROUP_MONTHS0-11,1954-01-01,2026-09-07T15:52:37Z,high,2640.0,,who.gho.cm-02,raw/who.gho.cm-02/2026/09/20260907T155237Z-35c7d31783eb.json.gz,2
who.gho.cm-02,CM_02:ISR:SEX_BTSX:AGEGROUP_MONTHS0-11,1954-01-01,2026-09-07T15:52:37Z,low,2258.0,,who.gho.cm-02,raw/who.gho.cm-02/2026/09/20260907T155237Z-35c7d31783eb.json.gz,2
who.gho.cm-02,CM_02:ISR:SEX_BTSX:AGEGROUP_MONTHS0-11,1954-01-01,2026-09-07T15:52:37Z,restated_at,2026-08-04,,who.gho.cm-02,raw/who.gho.cm-02/2026/09/20260907T155237Z-35c7d31783eb.json.gz,2
who.gho.cm-02,CM_02:ISR:SEX_BTSX:AGEGROUP_MONTHS0-11,1954-01-01,2026-09-07T15:52:37Z,value,2443.0,,who.gho.cm-02,raw/who.gho.cm-02/2026/09/20260907T155237Z-35c7d31783eb.json.gz,2
who.gho.cm-02,CM_02:ISR:SEX_FMLE:AGEGROUP_MONTHS0-11,1954-01-01,2026-09-07T15:57:21Z,high,1217.0,,who.gho.cm-02,raw/who.gho.cm-02/2026/09/20260907T155721Z-a2b5c178c29b.json.gz,2
who.gho.cm-02,CM_02:ISR:SEX_FMLE:AGEGROUP_MONTHS0-11,1954-01-01,2026-09-07T15:57:21Z,low,1025.0,,who.gho.cm-02,raw/who.gho.cm-02/2026/09/20260907T155721Z-a2b5c178c29b.json.gz,2
who.gho.cm-02,CM_02:ISR:SEX_FMLE:AGEGROUP_MONTHS0-11,1954-01-01,2026-09-07T15:57:21Z,restated_at,2026-08-04,,who.gho.cm-02,raw/who.gho.cm-02/2026/09/20260907T155721Z-a2b5c178c29b.json.gz,2
who.gho.cm-02,CM_02:ISR:SEX_FMLE:AGEGROUP_MONTHS0-11,1954-01-01,2026-09-07T15:57:21Z,value,1116.0,,who.gho.cm-02,raw/who.gho.cm-02/2026/09/20260907T155721Z-a2b5c178c29b.json.gz,2
who.gho.cm-02,CM_02:ISR:SEX_MLE:AGEGROUP_MONTHS0-11,1954-01-01,2026-09-07T15:52:03Z,high,1442.0,,who.gho.cm-02,raw/who.gho.cm-02/2026/09/20260907T155203Z-07dabadb5738.json.gz,2
who.gho.cm-02,CM_02:ISR:SEX_MLE:AGEGROUP_MONTHS0-11,1954-01-01,2026-09-07T15:52:03Z,low,1219.0,,who.gho.cm-02,raw/who.gho.cm-02/2026/09/20260907T155203Z-07dabadb5738.json.gz,2
who.gho.cm-02,CM_02:ISR:SEX_MLE:AGEGROUP_MONTHS0-11,1954-01-01,2026-09-07T15:52:03Z,restated_at,2026-08-04,,who.gho.cm-02,raw/who.gho.cm-02/2026/09/20260907T155203Z-07dabadb5738.json.gz,2
who.gho.cm-02,CM_02:ISR:SEX_MLE:AGEGROUP_MONTHS0-11,1954-01-01,2026-09-07T15:52:03Z,value,1327.0,,who.gho.cm-02,raw/who.gho.cm-02/2026/09/20260907T155203Z-07dabadb5738.json.gz,2
who.gho.cm-02,CM_02:ITA:SEX_BTSX:AGEGROUP_MONTHS0-11,1954-01-01,2026-09-07T15:51:25Z,high,46661.0,,who.gho.cm-02,raw/who.gho.cm-02/2026/09/20260907T155125Z-b41e2575e826.json.gz,2
who.gho.cm-02,CM_02:ITA:SEX_BTSX:AGEGROUP_MONTHS0-11,1954-01-01,2026-09-07T15:51:25Z,low,44694.0,,who.gho.cm-02,raw/who.gho.cm-02/2026/09/20260907T155125Z-b41e2575e826.json.gz,2
who.gho.cm-02,CM_02:ITA:SEX_BTSX:AGEGROUP_MONTHS0-11,1954-01-01,2026-09-07T15:51:25Z,restated_at,2026-08-04,,who.gho.cm-02,raw/who.gho.cm-02/2026/09/20260907T155125Z-b41e2575e826.json.gz,2
who.gho.cm-02,CM_02:ITA:SEX_BTSX:AGEGROUP_MONTHS0-11,1954-01-01,2026-09-07T15:51:25Z,value,45693.0,,who.gho.cm-02,raw/who.gho.cm-02/2026/09/20260907T155125Z-b41e2575e826.json.gz,2
who.gho.cm-02,CM_02:ITA:SEX_FMLE:AGEGROUP_MONTHS0-11,1954-01-01,2026-09-07T15:57:59Z,high,20869.0,,who.gho.cm-02,raw/who.gho.cm-02/2026/09/20260907T155759Z-531ca935f713.json.gz,2
who.gho.cm-02,CM_02:ITA:SEX_FMLE:AGEGROUP_MONTHS0-11,1954-01-01,2026-09-07T15:57:59Z,low,19946.0,,who.gho.cm-02,raw/who.gho.cm-02/2026/09/20260907T155759Z-531ca935f713.json.gz,2
who.gho.cm-02,CM_02:ITA:SEX_FMLE:AGEGROUP_MONTHS0-11,1954-01-01,2026-09-07T15:57:59Z,restated_at,2026-08-04,,who.gho.cm-02,raw/who.gho.cm-02/2026/09/20260907T155759Z-531ca935f713.json.gz,2
who.gho.cm-02,CM_02:ITA:SEX_FMLE:AGEGROUP_MONTHS0-11,1954-01-01,2026-09-07T15:57:59Z,value,20414.0,,who.gho.cm-02,raw/who.gho.cm-02/2026/09/20260907T155759Z-531ca935f713.json.gz,2
who.gho.cm-02,CM_02:ITA:SEX_MLE:AGEGROUP_MONTHS0-11,1954-01-01,2026-09-07T15:53:02Z,high,25835.0,,who.gho.cm-02,raw/who.gho.cm-02/2026/09/20260907T155302Z-206bb5f6993f.json.gz,2
who.gho.cm-02,CM_02:ITA:SEX_MLE:AGEGROUP_MONTHS0-11,1954-01-01,2026-09-07T15:53:02Z,low,24711.0,,who.gho.cm-02,raw/who.gho.cm-02/2026/09/20260907T155302Z-206bb5f6993f.json.gz,2
who.gho.cm-02,CM_02:ITA:SEX_MLE:AGEGROUP_MONTHS0-11,1954-01-01,2026-09-07T15:53:02Z,restated_at,2026-08-04,,who.gho.cm-02,raw/who.gho.cm-02/2026/09/20260907T155302Z-206bb5f6993f.json.gz,2
who.gho.cm-02,CM_02:ITA:SEX_MLE:AGEGROUP_MONTHS0-11,1954-01-01,2026-09-07T15:53:02Z,value,25279.0,,who.gho.cm-02,raw/who.gho.cm-02/2026/09/20260907T155302Z-206bb5f6993f.json.gz,2
who.gho.cm-02,CM_02:JOR:SEX_BTSX:AGEGROUP_MONTHS0-11,1954-01-01,2026-09-07T15:58:16Z,high,4192.0,,who.gho.cm-02,raw/who.gho.cm-02/2026/09/20260907T155816Z-99a1a16a015f.json.gz,2
who.gho.cm-02,CM_02:JOR:SEX_BTSX:AGEGROUP_MONTHS0-11,1954-01-01,2026-09-07T15:58:16Z,low,3448.0,,who.gho.cm-02,raw/who.gho.cm-02/2026/09/20260907T155816Z-99a1a16a015f.json.gz,2
who.gho.cm-02,CM_02:JOR:SEX_BTSX:AGEGROUP_MONTHS0-11,1954-01-01,2026-09-07T15:58:16Z,restated_at,2026-08-04,,who.gho.cm-02,raw/who.gho.cm-02/2026/09/20260907T155816Z-99a1a16a015f.json.gz,2
who.gho.cm-02,CM_02:JOR:SEX_BTSX:AGEGROUP_MONTHS0-11,1954-01-01,2026-09-07T15:58:16Z,value,3798.0,,who.gho.cm-02,raw/who.gho.cm-02/2026/09/20260907T155816Z-99a1a16a015f.json.gz,2
who.gho.cm-02,CM_02:JOR:SEX_FMLE:AGEGROUP_MONTHS0-11,1954-01-01,2026-09-07T15:58:04Z,high,2052.0,,who.gho.cm-02,raw/who.gho.cm-02/2026/09/20260907T155804Z-3e19927fa86a.json.gz,2
who.gho.cm-02,CM_02:JOR:SEX_FMLE:AGEGROUP_MONTHS0-11,1954-01-01,2026-09-07T15:58:04Z,low,1662.0,,who.gho.cm-02,raw/who.gho.cm-02/2026/09/20260907T155804Z-3e19927fa86a.json.gz,2
who.gho.cm-02,CM_02:JOR:SEX_FMLE:AGEGROUP_MONTHS0-11,1954-01-01,2026-09-07T15:58:04Z,restated_at,2026-08-04,,who.gho.cm-02,raw/who.gho.cm-02/2026/09/20260907T155804Z-3e19927fa86a.json.gz,2
who.gho.cm-02,CM_02:JOR:SEX_FMLE:AGEGROUP_MONTHS0-11,1954-01-01,2026-09-07T15:58:04Z,value,1845.0,,who.gho.cm-02,raw/who.gho.cm-02/2026/09/20260907T155804Z-3e19927fa86a.json.gz,2
who.gho.cm-02,CM_02:JOR:SEX_MLE:AGEGROUP_MONTHS0-11,1954-01-01,2026-09-07T15:51:11Z,high,2170.0,,who.gho.cm-02,raw/who.gho.cm-02/2026/09/20260907T155111Z-17577dbcf352.json.gz,2
who.gho.cm-02,CM_02:JOR:SEX_MLE:AGEGROUP_MONTHS0-11,1954-01-01,2026-09-07T15:51:11Z,low,1758.0,,who.gho.cm-02,raw/who.gho.cm-02/2026/09/20260907T155111Z-17577dbcf352.json.gz,2
who.gho.cm-02,CM_02:JOR:SEX_MLE:AGEGROUP_MONTHS0-11,1954-01-01,2026-09-07T15:51:11Z,restated_at,2026-08-04,,who.gho.cm-02,raw/who.gho.cm-02/2026/09/20260907T155111Z-17577dbcf352.json.gz,2
who.gho.cm-02,CM_02:JOR:SEX_MLE:AGEGROUP_MONTHS0-11,1954-01-01,2026-09-07T15:51:11Z,value,1953.0,,who.gho.cm-02,raw/who.gho.cm-02/2026/09/20260907T155111Z-17577dbcf352.json.gz,2
who.gho.cm-02,CM_02:JPN:SEX_BTSX:AGEGROUP_MONTHS0-11,1954-01-01,2026-09-07T15:58:04Z,high,84706.0,,who.gho.cm-02,raw/who.gho.cm-02/2026/09/20260907T155804Z-3e19927fa86a.json.gz,2
who.gho.cm-02,CM_02:JPN:SEX_BTSX:AGEGROUP_MONTHS0-11,1954-01-01,2026-09-07T15:58:04Z,low,81471.0,,who.gho.cm-02,raw/who.gho.cm-02/2026/09/20260907T155804Z-3e19927fa86a.json.gz,2
who.gho.cm-02,CM_02:JPN:SEX_BTSX:AGEGROUP_MONTHS0-11,1954-01-01,2026-09-07T15:58:04Z,restated_at,2026-08-04,,who.gho.cm-02,raw/who.gho.cm-02/2026/09/20260907T155804Z-3e19927fa86a.json.gz,2
who.gho.cm-02,CM_02:JPN:SEX_BTSX:AGEGROUP_MONTHS0-11,1954-01-01,2026-09-07T15:58:04Z,value,83074.0,,who.gho.cm-02,raw/who.gho.cm-02/2026/09/20260907T155804Z-3e19927fa86a.json.gz,2
who.gho.cm-02,CM_02:JPN:SEX_FMLE:AGEGROUP_MONTHS0-11,1954-01-01,2026-09-07T15:52:03Z,high,38456.0,,who.gho.cm-02,raw/who.gho.cm-02/2026/09/20260907T155203Z-07dabadb5738.json.gz,2
who.gho.cm-02,CM_02:JPN:SEX_FMLE:AGEGROUP_MONTHS0-11,1954-01-01,2026-09-07T15:52:03Z,low,36929.0,,who.gho.cm-02,raw/who.gho.cm-02/2026/09/20260907T155203Z-07dabadb5738.json.gz,2
who.gho.cm-02,CM_02:JPN:SEX_FMLE:AGEGROUP_MONTHS0-11,1954-01-01,2026-09-07T15:52:03Z,restated_at,2026-08-04,,who.gho.cm-02,raw/who.gho.cm-02/2026/09/20260907T155203Z-07dabadb5738.json.gz,2
who.gho.cm-02,CM_02:JPN:SEX_FMLE:AGEGROUP_MONTHS0-11,1954-01-01,2026-09-07T15:52:03Z,value,37678.0,,who.gho.cm-02,raw/who.gho.cm-02/2026/09/20260907T155203Z-07dabadb5738.json.gz,2
who.gho.cm-02,CM_02:JPN:SEX_MLE:AGEGROUP_MONTHS0-11,1954-01-01,2026-09-07T15:56:27Z,high,46328.0,,who.gho.cm-02,raw/who.gho.cm-02/2026/09/20260907T155627Z-19eb4e6c1215.json.gz,2
who.gho.cm-02,CM_02:JPN:SEX_MLE:AGEGROUP_MONTHS0-11,1954-01-01,2026-09-07T15:56:27Z,low,44500.0,,who.gho.cm-02,raw/who.gho.cm-02/2026/09/20260907T155627Z-19eb4e6c1215.json.gz,2
who.gho.cm-02,CM_02:JPN:SEX_MLE:AGEGROUP_MONTHS0-11,1954-01-01,2026-09-07T15:56:27Z,restated_at,2026-08-04,,who.gho.cm-02,raw/who.gho.cm-02/2026/09/20260907T155627Z-19eb4e6c1215.json.gz,2
who.gho.cm-02,CM_02:JPN:SEX_MLE:AGEGROUP_MONTHS0-11,1954-01-01,2026-09-07T15:56:27Z,value,45396.0,,who.gho.cm-02,raw/who.gho.cm-02/2026/09/20260907T155627Z-19eb4e6c1215.json.gz,2
who.gho.cm-02,CM_02:KEN:SEX_BTSX:AGEGROUP_MONTHS0-11,1954-01-01,2026-09-07T15:52:26Z,high,55903.0,,who.gho.cm-02,raw/who.gho.cm-02/2026/09/20260907T155226Z-b536cc4a2b4c.json.gz,2
who.gho.cm-02,CM_02:KEN:SEX_BTSX:AGEGROUP_MONTHS0-11,1954-01-01,2026-09-07T15:52:26Z,low,43570.0,,who.gho.cm-02,raw/who.gho.cm-02/2026/09/20260907T155226Z-b536cc4a2b4c.json.gz,2
who.gho.cm-02,CM_02:KEN:SEX_BTSX:AGEGROUP_MONTHS0-11,1954-01-01,2026-09-07T15:52:26Z,restated_at,2026-08-04,,who.gho.cm-02,raw/who.gho.cm-02/2026/09/20260907T155226Z-b536cc4a2b4c.json.gz,2
who.gho.cm-02,CM_02:KEN:SEX_BTSX:AGEGROUP_MONTHS0-11,1954-01-01,2026-09-07T15:52:26Z,value,49304.0,,who.gho.cm-02,raw/who.gho.cm-02/2026/09/20260907T155226Z-b536cc4a2b4c.json.gz,2
who.gho.cm-02,CM_02:KEN:SEX_FMLE:AGEGROUP_MONTHS0-11,1954-01-01,2026-09-07T15:56:55Z,high,26654.0,,who.gho.cm-02,raw/who.gho.cm-02/2026/09/20260907T155655Z-a5ea76265971.json.gz,2
who.gho.cm-02,CM_02:KEN:SEX_FMLE:AGEGROUP_MONTHS0-11,1954-01-01,2026-09-07T15:56:55Z,low,20556.0,,who.gho.cm-02,raw/who.gho.cm-02/2026/09/20260907T155655Z-a5ea76265971.json.gz,2
who.gho.cm-02,CM_02:KEN:SEX_FMLE:AGEGROUP_MONTHS0-11,1954-01-01,2026-09-07T15:56:55Z,restated_at,2026-08-04,,who.gho.cm-02,raw/who.gho.cm-02/2026/09/20260907T155655Z-a5ea76265971.json.gz,2
who.gho.cm-02,CM_02:KEN:SEX_FMLE:AGEGROUP_MONTHS0-11,1954-01-01,2026-09-07T15:56:55Z,value,23397.0,,who.gho.cm-02,raw/who.gho.cm-02/2026/09/20260907T155655Z-a5ea76265971.json.gz,2
who.gho.cm-02,CM_02:KEN:SEX_MLE:AGEGROUP_MONTHS0-11,1954-01-01,2026-09-07T15:53:02Z,high,29474.0,,who.gho.cm-02,raw/who.gho.cm-02/2026/09/20260907T155302Z-206bb5f6993f.json.gz,2
who.gho.cm-02,CM_02:KEN:SEX_MLE:AGEGROUP_MONTHS0-11,1954-01-01,2026-09-07T15:53:02Z,low,22744.0,,who.gho.cm-02,raw/who.gho.cm-02/2026/09/20260907T155302Z-206bb5f6993f.json.gz,2
who.gho.cm-02,CM_02:KEN:SEX_MLE:AGEGROUP_MONTHS0-11,1954-01-01,2026-09-07T15:53:02Z,restated_at,2026-08-04,,who.gho.cm-02,raw/who.gho.cm-02/2026/09/20260907T155302Z-206bb5f6993f.json.gz,2
who.gho.cm-02,CM_02:KEN:SEX_MLE:AGEGROUP_MONTHS0-11,1954-01-01,2026-09-07T15:53:02Z,value,25907.0,,who.gho.cm-02,raw/who.gho.cm-02/2026/09/20260907T155302Z-206bb5f6993f.json.gz,2
who.gho.cm-02,CM_02:KIR:SEX_BTSX:AGEGROUP_MONTHS0-11,1954-01-01,2026-09-07T15:57:12Z,high,302.0,,who.gho.cm-02,raw/who.gho.cm-02/2026/09/20260907T155712Z-98aa519eeacd.json.gz,2
who.gho.cm-02,CM_02:KIR:SEX_BTSX:AGEGROUP_MONTHS0-11,1954-01-01,2026-09-07T15:57:12Z,low,240.0,,who.gho.cm-02,raw/who.gho.cm-02/2026/09/20260907T155712Z-98aa519eeacd.json.gz,2
who.gho.cm-02,CM_02:KIR:SEX_BTSX:AGEGROUP_MONTHS0-11,1954-01-01,2026-09-07T15:57:12Z,restated_at,2026-08-04,,who.gho.cm-02,raw/who.gho.cm-02/2026/09/20260907T155712Z-98aa519eeacd.json.gz,2
who.gho.cm-02,CM_02:KIR:SEX_BTSX:AGEGROUP_MONTHS0-11,1954-01-01,2026-09-07T15:57:12Z,value,269.0,,who.gho.cm-02,raw/who.gho.cm-02/2026/09/20260907T155712Z-98aa519eeacd.json.gz,2
who.gho.cm-02,CM_02:KIR:SEX_FMLE:AGEGROUP_MONTHS0-11,1954-01-01,2026-09-07T15:51:16Z,high,138.0,,who.gho.cm-02,raw/who.gho.cm-02/2026/09/20260907T155116Z-bb01bf96bc15.json.gz,2
who.gho.cm-02,CM_02:KIR:SEX_FMLE:AGEGROUP_MONTHS0-11,1954-01-01,2026-09-07T15:51:16Z,low,107.0,,who.gho.cm-02,raw/who.gho.cm-02/2026/09/20260907T155116Z-bb01bf96bc15.json.gz,2
who.gho.cm-02,CM_02:KIR:SEX_FMLE:AGEGROUP_MONTHS0-11,1954-01-01,2026-09-07T15:51:16Z,restated_at,2026-08-04,,who.gho.cm-02,raw/who.gho.cm-02/2026/09/20260907T155116Z-bb01bf96bc15.json.gz,2
who.gho.cm-02,CM_02:KIR:SEX_FMLE:AGEGROUP_MONTHS0-11,1954-01-01,2026-09-07T15:51:16Z,value,121.0,,who.gho.cm-02,raw/who.gho.cm-02/2026/09/20260907T155116Z-bb01bf96bc15.json.gz,2
who.gho.cm-02,CM_02:KIR:SEX_MLE:AGEGROUP_MONTHS0-11,1954-01-01,2026-09-07T15:58:04Z,high,167.0,,who.gho.cm-02,raw/who.gho.cm-02/2026/09/20260907T155804Z-3e19927fa86a.json.gz,2
who.gho.cm-02,CM_02:KIR:SEX_MLE:AGEGROUP_MONTHS0-11,1954-01-01,2026-09-07T15:58:04Z,low,131.0,,who.gho.cm-02,raw/who.gho.cm-02/2026/09/20260907T155804Z-3e19927fa86a.json.gz,2
who.gho.cm-02,CM_02:KIR:SEX_MLE:AGEGROUP_MONTHS0-11,1954-01-01,2026-09-07T15:58:04Z,restated_at,2026-08-04,,who.gho.cm-02,raw/who.gho.cm-02/2026/09/20260907T155804Z-3e19927fa86a.json.gz,2
who.gho.cm-02,CM_02:KIR:SEX_MLE:AGEGROUP_MONTHS0-11,1954-01-01,2026-09-07T15:58:04Z,value,148.0,,who.gho.cm-02,raw/who.gho.cm-02/2026/09/20260907T155804Z-3e19927fa86a.json.gz,2
who.gho.cm-02,CM_02:KOR:SEX_BTSX:AGEGROUP_MONTHS0-11,1954-01-01,2026-09-07T15:58:25Z,high,118887.0,,who.gho.cm-02,raw/who.gho.cm-02/2026/09/20260907T155825Z-6675ad1e3bc7.json.gz,2
who.gho.cm-02,CM_02:KOR:SEX_BTSX:AGEGROUP_MONTHS0-11,1954-01-01,2026-09-07T15:58:25Z,low,89401.0,,who.gho.cm-02,raw/who.gho.cm-02/2026/09/20260907T155825Z-6675ad1e3bc7.json.gz,2
who.gho.cm-02,CM_02:KOR:SEX_BTSX:AGEGROUP_MONTHS0-11,1954-01-01,2026-09-07T15:58:25Z,restated_at,2026-08-04,,who.gho.cm-02,raw/who.gho.cm-02/2026/09/20260907T155825Z-6675ad1e3bc7.json.gz,2
who.gho.cm-02,CM_02:KOR:SEX_BTSX:AGEGROUP_MONTHS0-11,1954-01-01,2026-09-07T15:58:25Z,value,103044.0,,who.gho.cm-02,raw/who.gho.cm-02/2026/09/20260907T155825Z-6675ad1e3bc7.json.gz,2
who.gho.cm-02,CM_02:KOR:SEX_FMLE:AGEGROUP_MONTHS0-11,1954-01-01,2026-09-07T15:58:04Z,high,54961.0,,who.gho.cm-02,raw/who.gho.cm-02/2026/09/20260907T155804Z-3e19927fa86a.json.gz,2
who.gho.cm-02,CM_02:KOR:SEX_FMLE:AGEGROUP_MONTHS0-11,1954-01-01,2026-09-07T15:58:04Z,low,40702.0,,who.gho.cm-02,raw/who.gho.cm-02/2026/09/20260907T155804Z-3e19927fa86a.json.gz,2
who.gho.cm-02,CM_02:KOR:SEX_FMLE:AGEGROUP_MONTHS0-11,1954-01-01,2026-09-07T15:58:04Z,restated_at,2026-08-04,,who.gho.cm-02,raw/who.gho.cm-02/2026/09/20260907T155804Z-3e19927fa86a.json.gz,2
who.gho.cm-02,CM_02:KOR:SEX_FMLE:AGEGROUP_MONTHS0-11,1954-01-01,2026-09-07T15:58:04Z,value,47374.0,,who.gho.cm-02,raw/who.gho.cm-02/2026/09/20260907T155804Z-3e19927fa86a.json.gz,2
who.gho.cm-02,CM_02:KOR:SEX_MLE:AGEGROUP_MONTHS0-11,1954-01-01,2026-09-07T15:56:27Z,high,64555.0,,who.gho.cm-02,raw/who.gho.cm-02/2026/09/20260907T155627Z-19eb4e6c1215.json.gz,2
who.gho.cm-02,CM_02:KOR:SEX_MLE:AGEGROUP_MONTHS0-11,1954-01-01,2026-09-07T15:56:27Z,low,48199.0,,who.gho.cm-02,raw/who.gho.cm-02/2026/09/20260907T155627Z-19eb4e6c1215.json.gz,2
who.gho.cm-02,CM_02:KOR:SEX_MLE:AGEGROUP_MONTHS0-11,1954-01-01,2026-09-07T15:56:27Z,restated_at,2026-08-04,,who.gho.cm-02,raw/who.gho.cm-02/2026/09/20260907T155627Z-19eb4e6c1215.json.gz,2
who.gho.cm-02,CM_02:KOR:SEX_MLE:AGEGROUP_MONTHS0-11,1954-01-01,2026-09-07T15:56:27Z,value,55670.0,,who.gho.cm-02,raw/who.gho.cm-02/2026/09/20260907T155627Z-19eb4e6c1215.json.gz,2
who.gho.cm-02,CM_02:LCA:SEX_BTSX:AGEGROUP_MONTHS0-11,1954-01-01,2026-09-07T15:56:37Z,high,417.0,,who.gho.cm-02,raw/who.gho.cm-02/2026/09/20260907T155637Z-c7bda929b138.json.gz,2
who.gho.cm-02,CM_02:LCA:SEX_BTSX:AGEGROUP_MONTHS0-11,1954-01-01,2026-09-07T15:56:37Z,low,374.0,,who.gho.cm-02,raw/who.gho.cm-02/2026/09/20260907T155637Z-c7bda929b138.json.gz,2
who.gho.cm-02,CM_02:LCA:SEX_BTSX:AGEGROUP_MONTHS0-11,1954-01-01,2026-09-07T15:56:37Z,restated_at,2026-08-04,,who.gho.cm-02,raw/who.gho.cm-02/2026/09/20260907T155637Z-c7bda929b138.json.gz,2
who.gho.cm-02,CM_02:LCA:SEX_BTSX:AGEGROUP_MONTHS0-11,1954-01-01,2026-09-07T15:56:37Z,value,395.0,,who.gho.cm-02,raw/who.gho.cm-02/2026/09/20260907T155637Z-c7bda929b138.json.gz,2
who.gho.cm-02,CM_02:LCA:SEX_FMLE:AGEGROUP_MONTHS0-11,1954-01-01,2026-09-07T15:58:12Z,high,194.0,,who.gho.cm-02,raw/who.gho.cm-02/2026/09/20260907T155812Z-02a2023435be.json.gz,2
who.gho.cm-02,CM_02:LCA:SEX_FMLE:AGEGROUP_MONTHS0-11,1954-01-01,2026-09-07T15:58:12Z,low,171.0,,who.gho.cm-02,raw/who.gho.cm-02/2026/09/20260907T155812Z-02a2023435be.json.gz,2
who.gho.cm-02,CM_02:LCA:SEX_FMLE:AGEGROUP_MONTHS0-11,1954-01-01,2026-09-07T15:58:12Z,restated_at,2026-08-04,,who.gho.cm-02,raw/who.gho.cm-02/2026/09/20260907T155812Z-02a2023435be.json.gz,2
who.gho.cm-02,CM_02:LCA:SEX_FMLE:AGEGROUP_MONTHS0-11,1954-01-01,2026-09-07T15:58:12Z,value,182.0,,who.gho.cm-02,raw/who.gho.cm-02/2026/09/20260907T155812Z-02a2023435be.json.gz,2
who.gho.cm-02,CM_02:LCA:SEX_MLE:AGEGROUP_MONTHS0-11,1954-01-01,2026-09-07T15:58:16Z,high,226.0,,who.gho.cm-02,raw/who.gho.cm-02/2026/09/20260907T155816Z-99a1a16a015f.json.gz,2
who.gho.cm-02,CM_02:LCA:SEX_MLE:AGEGROUP_MONTHS0-11,1954-01-01,2026-09-07T15:58:16Z,low,200.0,,who.gho.cm-02,raw/who.gho.cm-02/2026/09/20260907T155816Z-99a1a16a015f.json.gz,2
who.gho.cm-02,CM_02:LCA:SEX_MLE:AGEGROUP_MONTHS0-11,1954-01-01,2026-09-07T15:58:16Z,restated_at,2026-08-04,,who.gho.cm-02,raw/who.gho.cm-02/2026/09/20260907T155816Z-99a1a16a015f.json.gz,2
who.gho.cm-02,CM_02:LCA:SEX_MLE:AGEGROUP_MONTHS0-11,1954-01-01,2026-09-07T15:58:16Z,value,213.0,,who.gho.cm-02,raw/who.gho.cm-02/2026/09/20260907T155816Z-99a1a16a015f.json.gz,2
who.gho.cm-02,CM_02:LKA:SEX_BTSX:AGEGROUP_MONTHS0-11,1954-01-01,2026-09-07T15:57:35Z,high,22323.0,,who.gho.cm-02,raw/who.gho.cm-02/2026/09/20260907T155735Z-be5ff4c5352d.json.gz,2
who.gho.cm-02,CM_02:LKA:SEX_BTSX:AGEGROUP_MONTHS0-11,1954-01-01,2026-09-07T15:57:35Z,low,19839.0,,who.gho.cm-02,raw/who.gho.cm-02/2026/09/20260907T155735Z-be5ff4c5352d.json.gz,2
who.gho.cm-02,CM_02:LKA:SEX_BTSX:AGEGROUP_MONTHS0-11,1954-01-01,2026-09-07T15:57:35Z,restated_at,2026-08-04,,who.gho.cm-02,raw/who.gho.cm-02/2026/09/20260907T155735Z-be5ff4c5352d.json.gz,2
who.gho.cm-02,CM_02:LKA:SEX_BTSX:AGEGROUP_MONTHS0-11,1954-01-01,2026-09-07T15:57:35Z,value,21052.0,,who.gho.cm-02,raw/who.gho.cm-02/2026/09/20260907T155735Z-be5ff4c5352d.json.gz,2
who.gho.cm-02,CM_02:LKA:SEX_FMLE:AGEGROUP_MONTHS0-11,1954-01-01,2026-09-07T15:51:30Z,high,9983.0,,who.gho.cm-02,raw/who.gho.cm-02/2026/09/20260907T155130Z-b74d44aee08e.json.gz,2
who.gho.cm-02,CM_02:LKA:SEX_FMLE:AGEGROUP_MONTHS0-11,1954-01-01,2026-09-07T15:51:30Z,low,8812.0,,who.gho.cm-02,raw/who.gho.cm-02/2026/09/20260907T155130Z-b74d44aee08e.json.gz,2
who.gho.cm-02,CM_02:LKA:SEX_FMLE:AGEGROUP_MONTHS0-11,1954-01-01,2026-09-07T15:51:30Z,restated_at,2026-08-04,,who.gho.cm-02,raw/who.gho.cm-02/2026/09/20260907T155130Z-b74d44aee08e.json.gz,2
who.gho.cm-02,CM_02:LKA:SEX_FMLE:AGEGROUP_MONTHS0-11,1954-01-01,2026-09-07T15:51:30Z,value,9392.0,,who.gho.cm-02,raw/who.gho.cm-02/2026/09/20260907T155130Z-b74d44aee08e.json.gz,2
who.gho.cm-02,CM_02:LKA:SEX_MLE:AGEGROUP_MONTHS0-11,1954-01-01,2026-09-07T15:57:49Z,high,12397.0,,who.gho.cm-02,raw/who.gho.cm-02/2026/09/20260907T155749Z-8808ed0c9a07.json.gz,2
who.gho.cm-02,CM_02:LKA:SEX_MLE:AGEGROUP_MONTHS0-11,1954-01-01,2026-09-07T15:57:49Z,low,10962.0,,who.gho.cm-02,raw/who.gho.cm-02/2026/09/20260907T155749Z-8808ed0c9a07.json.gz,2
who.gho.cm-02,CM_02:LKA:SEX_MLE:AGEGROUP_MONTHS0-11,1954-01-01,2026-09-07T15:57:49Z,restated_at,2026-08-04,,who.gho.cm-02,raw/who.gho.cm-02/2026/09/20260907T155749Z-8808ed0c9a07.json.gz,2
who.gho.cm-02,CM_02:LKA:SEX_MLE:AGEGROUP_MONTHS0-11,1954-01-01,2026-09-07T15:57:49Z,value,11660.0,,who.gho.cm-02,raw/who.gho.cm-02/2026/09/20260907T155749Z-8808ed0c9a07.json.gz,2
who.gho.cm-02,CM_02:LSO:SEX_BTSX:AGEGROUP_MONTHS0-11,1954-01-01,2026-09-07T15:58:16Z,high,4730.0,,who.gho.cm-02,raw/who.gho.cm-02/2026/09/20260907T155816Z-99a1a16a015f.json.gz,2
who.gho.cm-02,CM_02:LSO:SEX_BTSX:AGEGROUP_MONTHS0-11,1954-01-01,2026-09-07T15:58:16Z,low,3609.0,,who.gho.cm-02,raw/who.gho.cm-02/2026/09/20260907T155816Z-99a1a16a015f.json.gz,2
who.gho.cm-02,CM_02:LSO:SEX_BTSX:AGEGROUP_MONTHS0-11,1954-01-01,2026-09-07T15:58:16Z,restated_at,2026-08-04,,who.gho.cm-02,raw/who.gho.cm-02/2026/09/20260907T155816Z-99a1a16a015f.json.gz,2
who.gho.cm-02,CM_02:LSO:SEX_BTSX:AGEGROUP_MONTHS0-11,1954-01-01,2026-09-07T15:58:16Z,value,4107.0,,who.gho.cm-02,raw/who.gho.cm-02/2026/09/20260907T155816Z-99a1a16a015f.json.gz,2
who.gho.cm-02,CM_02:LSO:SEX_FMLE:AGEGROUP_MONTHS0-11,1954-01-01,2026-09-07T15:52:37Z,high,2196.0,,who.gho.cm-02,raw/who.gho.cm-02/2026/09/20260907T155237Z-35c7d31783eb.json.gz,2
who.gho.cm-02,CM_02:LSO:SEX_FMLE:AGEGROUP_MONTHS0-11,1954-01-01,2026-09-07T15:52:37Z,low,1648.0,,who.gho.cm-02,raw/who.gho.cm-02/2026/09/20260907T155237Z-35c7d31783eb.json.gz,2
who.gho.cm-02,CM_02:LSO:SEX_FMLE:AGEGROUP_MONTHS0-11,1954-01-01,2026-09-07T15:52:37Z,restated_at,2026-08-04,,who.gho.cm-02,raw/who.gho.cm-02/2026/09/20260907T155237Z-35c7d31783eb.json.gz,2
who.gho.cm-02,CM_02:LSO:SEX_FMLE:AGEGROUP_MONTHS0-11,1954-01-01,2026-09-07T15:52:37Z,value,1897.0,,who.gho.cm-02,raw/who.gho.cm-02/2026/09/20260907T155237Z-35c7d31783eb.json.gz,2
who.gho.cm-02,CM_02:LSO:SEX_MLE:AGEGROUP_MONTHS0-11,1954-01-01,2026-09-07T15:56:27Z,high,2554.0,,who.gho.cm-02,raw/who.gho.cm-02/2026/09/20260907T155627Z-19eb4e6c1215.json.gz,2
who.gho.cm-02,CM_02:LSO:SEX_MLE:AGEGROUP_MONTHS0-11,1954-01-01,2026-09-07T15:56:27Z,low,1931.0,,who.gho.cm-02,raw/who.gho.cm-02/2026/09/20260907T155627Z-19eb4e6c1215.json.gz,2
who.gho.cm-02,CM_02:LSO:SEX_MLE:AGEGROUP_MONTHS0-11,1954-01-01,2026-09-07T15:56:27Z,restated_at,2026-08-04,,who.gho.cm-02,raw/who.gho.cm-02/2026/09/20260907T155627Z-19eb4e6c1215.json.gz,2
who.gho.cm-02,CM_02:LSO:SEX_MLE:AGEGROUP_MONTHS0-11,1954-01-01,2026-09-07T15:56:27Z,value,2210.0,,who.gho.cm-02,raw/who.gho.cm-02/2026/09/20260907T155627Z-19eb4e6c1215.json.gz,2
who.gho.cm-02,CM_02:LUX:SEX_BTSX:AGEGROUP_MONTHS0-11,1954-01-01,2026-09-07T15:52:03Z,high,213.0,,who.gho.cm-02,raw/who.gho.cm-02/2026/09/20260907T155203Z-07dabadb5738.json.gz,2
who.gho.cm-02,CM_02:LUX:SEX_BTSX:AGEGROUP_MONTHS0-11,1954-01-01,2026-09-07T15:52:03Z,low,189.0,,who.gho.cm-02,raw/who.gho.cm-02/2026/09/20260907T155203Z-07dabadb5738.json.gz,2
who.gho.cm-02,CM_02:LUX:SEX_BTSX:AGEGROUP_MONTHS0-11,1954-01-01,2026-09-07T15:52:03Z,restated_at,2025-04-15,,who.gho.cm-02,raw/who.gho.cm-02/2026/09/20260907T155203Z-07dabadb5738.json.gz,2
who.gho.cm-02,CM_02:LUX:SEX_BTSX:AGEGROUP_MONTHS0-11,1954-01-01,2026-09-07T15:52:03Z,value,201.0,,who.gho.cm-02,raw/who.gho.cm-02/2026/09/20260907T155203Z-07dabadb5738.json.gz,2
who.gho.cm-02,CM_02:LUX:SEX_FMLE:AGEGROUP_MONTHS0-11,1954-01-01,2026-09-07T15:57:44Z,high,91.0,,who.gho.cm-02,raw/who.gho.cm-02/2026/09/20260907T155744Z-e141b36e0a87.json.gz,2
who.gho.cm-02,CM_02:LUX:SEX_FMLE:AGEGROUP_MONTHS0-11,1954-01-01,2026-09-07T15:57:44Z,low,79.0,,who.gho.cm-02,raw/who.gho.cm-02/2026/09/20260907T155744Z-e141b36e0a87.json.gz,2
who.gho.cm-02,CM_02:LUX:SEX_FMLE:AGEGROUP_MONTHS0-11,1954-01-01,2026-09-07T15:57:44Z,restated_at,2025-04-15,,who.gho.cm-02,raw/who.gho.cm-02/2026/09/20260907T155744Z-e141b36e0a87.json.gz,2
who.gho.cm-02,CM_02:LUX:SEX_FMLE:AGEGROUP_MONTHS0-11,1954-01-01,2026-09-07T15:57:44Z,value,85.0,,who.gho.cm-02,raw/who.gho.cm-02/2026/09/20260907T155744Z-e141b36e0a87.json.gz,2
who.gho.cm-02,CM_02:LUX:SEX_MLE:AGEGROUP_MONTHS0-11,1954-01-01,2026-09-07T15:57:35Z,high,124.0,,who.gho.cm-02,raw/who.gho.cm-02/2026/09/20260907T155735Z-be5ff4c5352d.json.gz,2
who.gho.cm-02,CM_02:LUX:SEX_MLE:AGEGROUP_MONTHS0-11,1954-01-01,2026-09-07T15:57:35Z,low,109.0,,who.gho.cm-02,raw/who.gho.cm-02/2026/09/20260907T155735Z-be5ff4c5352d.json.gz,2
who.gho.cm-02,CM_02:LUX:SEX_MLE:AGEGROUP_MONTHS0-11,1954-01-01,2026-09-07T15:57:35Z,restated_at,2026-08-04,,who.gho.cm-02,raw/who.gho.cm-02/2026/09/20260907T155735Z-be5ff4c5352d.json.gz,2
who.gho.cm-02,CM_02:LUX:SEX_MLE:AGEGROUP_MONTHS0-11,1954-01-01,2026-09-07T15:57:35Z,value,116.0,,who.gho.cm-02,raw/who.gho.cm-02/2026/09/20260907T155735Z-be5ff4c5352d.json.gz,2
who.gho.cm-02,CM_02:MEX:SEX_BTSX:AGEGROUP_MONTHS0-11,1954-01-01,2026-09-07T15:52:26Z,high,218050.0,,who.gho.cm-02,raw/who.gho.cm-02/2026/09/20260907T155226Z-b536cc4a2b4c.json.gz,2
who.gho.cm-02,CM_02:MEX:SEX_BTSX:AGEGROUP_MONTHS0-11,1954-01-01,2026-09-07T15:52:26Z,low,160044.0,,who.gho.cm-02,raw/who.gho.cm-02/2026/09/20260907T155226Z-b536cc4a2b4c.json.gz,2
who.gho.cm-02,CM_02:MEX:SEX_BTSX:AGEGROUP_MONTHS0-11,1954-01-01,2026-09-07T15:52:26Z,restated_at,2026-08-04,,who.gho.cm-02,raw/who.gho.cm-02/2026/09/20260907T155226Z-b536cc4a2b4c.json.gz,2
who.gho.cm-02,CM_02:MEX:SEX_BTSX:AGEGROUP_MONTHS0-11,1954-01-01,2026-09-07T15:52:26Z,value,186592.0,,who.gho.cm-02,raw/who.gho.cm-02/2026/09/20260907T155226Z-b536cc4a2b4c.json.gz,2
who.gho.cm-02,CM_02:MEX:SEX_FMLE:AGEGROUP_MONTHS0-11,1954-01-01,2026-09-07T15:58:04Z,high,100080.0,,who.gho.cm-02,raw/who.gho.cm-02/2026/09/20260907T155804Z-3e19927fa86a.json.gz,2
who.gho.cm-02,CM_02:MEX:SEX_FMLE:AGEGROUP_MONTHS0-11,1954-01-01,2026-09-07T15:58:04Z,low,72169.0,,who.gho.cm-02,raw/who.gho.cm-02/2026/09/20260907T155804Z-3e19927fa86a.json.gz,2
who.gho.cm-02,CM_02:MEX:SEX_FMLE:AGEGROUP_MONTHS0-11,1954-01-01,2026-09-07T15:58:04Z,restated_at,2026-08-04,,who.gho.cm-02,raw/who.gho.cm-02/2026/09/20260907T155804Z-3e19927fa86a.json.gz,2
who.gho.cm-02,CM_02:MEX:SEX_FMLE:AGEGROUP_MONTHS0-11,1954-01-01,2026-09-07T15:58:04Z,value,84916.0,,who.gho.cm-02,raw/who.gho.cm-02/2026/09/20260907T155804Z-3e19927fa86a.json.gz,2
who.gho.cm-02,CM_02:MEX:SEX_MLE:AGEGROUP_MONTHS0-11,1954-01-01,2026-09-07T15:58:25Z,high,119275.0,,who.gho.cm-02,raw/who.gho.cm-02/2026/09/20260907T155825Z-6675ad1e3bc7.json.gz,2
who.gho.cm-02,CM_02:MEX:SEX_MLE:AGEGROUP_MONTHS0-11,1954-01-01,2026-09-07T15:58:25Z,low,86681.0,,who.gho.cm-02,raw/who.gho.cm-02/2026/09/20260907T155825Z-6675ad1e3bc7.json.gz,2
who.gho.cm-02,CM_02:MEX:SEX_MLE:AGEGROUP_MONTHS0-11,1954-01-01,2026-09-07T15:58:25Z,restated_at,2026-08-04,,who.gho.cm-02,raw/who.gho.cm-02/2026/09/20260907T155825Z-6675ad1e3bc7.json.gz,2
who.gho.cm-02,CM_02:MEX:SEX_MLE:AGEGROUP_MONTHS0-11,1954-01-01,2026-09-07T15:58:25Z,value,101676.0,,who.gho.cm-02,raw/who.gho.cm-02/2026/09/20260907T155825Z-6675ad1e3bc7.json.gz,2
who.gho.cm-02,CM_02:MLT:SEX_BTSX:AGEGROUP_MONTHS0-11,1954-01-01,2026-09-07T15:51:01Z,high,550.0,,who.gho.cm-02,raw/who.gho.cm-02/2026/09/20260907T155101Z-65d1a3fa0413.json.gz,2
who.gho.cm-02,CM_02:MLT:SEX_BTSX:AGEGROUP_MONTHS0-11,1954-01-01,2026-09-07T15:51:01Z,low,499.0,,who.gho.cm-02,raw/who.gho.cm-02/2026/09/20260907T155101Z-65d1a3fa0413.json.gz,2
who.gho.cm-02,CM_02:MLT:SEX_BTSX:AGEGROUP_MONTHS0-11,1954-01-01,2026-09-07T15:51:01Z,restated_at,2026-08-04,,who.gho.cm-02,raw/who.gho.cm-02/2026/09/20260907T155101Z-65d1a3fa0413.json.gz,2
who.gho.cm-02,CM_02:MLT:SEX_BTSX:AGEGROUP_MONTHS0-11,1954-01-01,2026-09-07T15:51:01Z,value,524.0,,who.gho.cm-02,raw/who.gho.cm-02/2026/09/20260907T155101Z-65d1a3fa0413.json.gz,2
who.gho.cm-02,CM_02:MLT:SEX_FMLE:AGEGROUP_MONTHS0-11,1954-01-01,2026-09-07T15:51:11Z,high,245.0,,who.gho.cm-02,raw/who.gho.cm-02/2026/09/20260907T155111Z-17577dbcf352.json.gz,2
who.gho.cm-02,CM_02:MLT:SEX_FMLE:AGEGROUP_MONTHS0-11,1954-01-01,2026-09-07T15:51:11Z,low,218.0,,who.gho.cm-02,raw/who.gho.cm-02/2026/09/20260907T155111Z-17577dbcf352.json.gz,2
who.gho.cm-02,CM_02:MLT:SEX_FMLE:AGEGROUP_MONTHS0-11,1954-01-01,2026-09-07T15:51:11Z,restated_at,2025-04-15,,who.gho.cm-02,raw/who.gho.cm-02/2026/09/20260907T155111Z-17577dbcf352.json.gz,2
who.gho.cm-02,CM_02:MLT:SEX_FMLE:AGEGROUP_MONTHS0-11,1954-01-01,2026-09-07T15:51:11Z,value,231.0,,who.gho.cm-02,raw/who.gho.cm-02/2026/09/20260907T155111Z-17577dbcf352.json.gz,2
who.gho.cm-02,CM_02:MLT:SEX_MLE:AGEGROUP_MONTHS0-11,1954-01-01,2026-09-07T15:57:21Z,high,310.0,,who.gho.cm-02,raw/who.gho.cm-02/2026/09/20260907T155721Z-a2b5c178c29b.json.gz,2
who.gho.cm-02,CM_02:MLT:SEX_MLE:AGEGROUP_MONTHS0-11,1954-01-01,2026-09-07T15:57:21Z,low,277.0,,who.gho.cm-02,raw/who.gho.cm-02/2026/09/20260907T155721Z-a2b5c178c29b.json.gz,2
who.gho.cm-02,CM_02:MLT:SEX_MLE:AGEGROUP_MONTHS0-11,1954-01-01,2026-09-07T15:57:21Z,restated_at,2025-04-15,,who.gho.cm-02,raw/who.gho.cm-02/2026/09/20260907T155721Z-a2b5c178c29b.json.gz,2
who.gho.cm-02,CM_02:MLT:SEX_MLE:AGEGROUP_MONTHS0-11,1954-01-01,2026-09-07T15:57:21Z,value,293.0,,who.gho.cm-02,raw/who.gho.cm-02/2026/09/20260907T155721Z-a2b5c178c29b.json.gz,2
who.gho.cm-02,CM_02:MRT:SEX_BTSX:AGEGROUP_MONTHS0-11,1954-01-01,2026-09-07T15:50:57Z,high,5163.0,,who.gho.cm-02,raw/who.gho.cm-02/2026/09/20260907T155057Z-e03fd9f60113.json.gz,2
who.gho.cm-02,CM_02:MRT:SEX_BTSX:AGEGROUP_MONTHS0-11,1954-01-01,2026-09-07T15:50:57Z,low,3792.0,,who.gho.cm-02,raw/who.gho.cm-02/2026/09/20260907T155057Z-e03fd9f60113.json.gz,2
who.gho.cm-02,CM_02:MRT:SEX_BTSX:AGEGROUP_MONTHS0-11,1954-01-01,2026-09-07T15:50:57Z,restated_at,2026-08-04,,who.gho.cm-02,raw/who.gho.cm-02/2026/09/20260907T155057Z-e03fd9f60113.json.gz,2
who.gho.cm-02,CM_02:MRT:SEX_BTSX:AGEGROUP_MONTHS0-11,1954-01-01,2026-09-07T15:50:57Z,value,4411.0,,who.gho.cm-02,raw/who.gho.cm-02/2026/09/20260907T155057Z-e03fd9f60113.json.gz,2
who.gho.cm-02,CM_02:MRT:SEX_FMLE:AGEGROUP_MONTHS0-11,1954-01-01,2026-09-07T15:51:11Z,high,2368.0,,who.gho.cm-02,raw/who.gho.cm-02/2026/09/20260907T155111Z-17577dbcf352.json.gz,2
who.gho.cm-02,CM_02:MRT:SEX_FMLE:AGEGROUP_MONTHS0-11,1954-01-01,2026-09-07T15:51:11Z,low,1709.0,,who.gho.cm-02,raw/who.gho.cm-02/2026/09/20260907T155111Z-17577dbcf352.json.gz,2
who.gho.cm-02,CM_02:MRT:SEX_FMLE:AGEGROUP_MONTHS0-11,1954-01-01,2026-09-07T15:51:11Z,restated_at,2026-08-04,,who.gho.cm-02,raw/who.gho.cm-02/2026/09/20260907T155111Z-17577dbcf352.json.gz,2
who.gho.cm-02,CM_02:MRT:SEX_FMLE:AGEGROUP_MONTHS0-11,1954-01-01,2026-09-07T15:51:11Z,value,2007.0,,who.gho.cm-02,raw/who.gho.cm-02/2026/09/20260907T155111Z-17577dbcf352.json.gz,2
who.gho.cm-02,CM_02:MRT:SEX_MLE:AGEGROUP_MONTHS0-11,1954-01-01,2026-09-07T15:58:16Z,high,2821.0,,who.gho.cm-02,raw/who.gho.cm-02/2026/09/20260907T155816Z-99a1a16a015f.json.gz,2
who.gho.cm-02,CM_02:MRT:SEX_MLE:AGEGROUP_MONTHS0-11,1954-01-01,2026-09-07T15:58:16Z,low,2052.0,,who.gho.cm-02,raw/who.gho.cm-02/2026/09/20260907T155816Z-99a1a16a015f.json.gz,2
who.gho.cm-02,CM_02:MRT:SEX_MLE:AGEGROUP_MONTHS0-11,1954-01-01,2026-09-07T15:58:16Z,restated_at,2026-08-04,,who.gho.cm-02,raw/who.gho.cm-02/2026/09/20260907T155816Z-99a1a16a015f.json.gz,2
who.gho.cm-02,CM_02:MRT:SEX_MLE:AGEGROUP_MONTHS0-11,1954-01-01,2026-09-07T15:58:16Z,value,2404.0,,who.gho.cm-02,raw/who.gho.cm-02/2026/09/20260907T155816Z-99a1a16a015f.json.gz,2
who.gho.cm-02,CM_02:MYS:SEX_BTSX:AGEGROUP_MONTHS0-11,1954-01-01,2026-09-07T15:51:50Z,high,32148.0,,who.gho.cm-02,raw/who.gho.cm-02/2026/09/20260907T155150Z-b2442ef3f6e6.json.gz,2
who.gho.cm-02,CM_02:MYS:SEX_BTSX:AGEGROUP_MONTHS0-11,1954-01-01,2026-09-07T15:51:50Z,low,24790.0,,who.gho.cm-02,raw/who.gho.cm-02/2026/09/20260907T155150Z-b2442ef3f6e6.json.gz,2
who.gho.cm-02,CM_02:MYS:SEX_BTSX:AGEGROUP_MONTHS0-11,1954-01-01,2026-09-07T15:51:50Z,restated_at,2026-08-04,,who.gho.cm-02,raw/who.gho.cm-02/2026/09/20260907T155150Z-b2442ef3f6e6.json.gz,2
who.gho.cm-02,CM_02:MYS:SEX_BTSX:AGEGROUP_MONTHS0-11,1954-01-01,2026-09-07T15:51:50Z,value,28243.0,,who.gho.cm-02,raw/who.gho.cm-02/2026/09/20260907T155150Z-b2442ef3f6e6.json.gz,2
who.gho.cm-02,CM_02:MYS:SEX_FMLE:AGEGROUP_MONTHS0-11,1954-01-01,2026-09-07T15:57:07Z,high,14573.0,,who.gho.cm-02,raw/who.gho.cm-02/2026/09/20260907T155707Z-3cd3e5b56c9f.json.gz,2
who.gho.cm-02,CM_02:MYS:SEX_FMLE:AGEGROUP_MONTHS0-11,1954-01-01,2026-09-07T15:57:07Z,low,10970.0,,who.gho.cm-02,raw/who.gho.cm-02/2026/09/20260907T155707Z-3cd3e5b56c9f.json.gz,2
who.gho.cm-02,CM_02:MYS:SEX_FMLE:AGEGROUP_MONTHS0-11,1954-01-01,2026-09-07T15:57:07Z,restated_at,2026-08-04,,who.gho.cm-02,raw/who.gho.cm-02/2026/09/20260907T155707Z-3cd3e5b56c9f.json.gz,2
who.gho.cm-02,CM_02:MYS:SEX_FMLE:AGEGROUP_MONTHS0-11,1954-01-01,2026-09-07T15:57:07Z,value,12705.0,,who.gho.cm-02,raw/who.gho.cm-02/2026/09/20260907T155707Z-3cd3e5b56c9f.json.gz,2
who.gho.cm-02,CM_02:MYS:SEX_MLE:AGEGROUP_MONTHS0-11,1954-01-01,2026-09-07T15:52:03Z,high,17868.0,,who.gho.cm-02,raw/who.gho.cm-02/2026/09/20260907T155203Z-07dabadb5738.json.gz,2
who.gho.cm-02,CM_02:MYS:SEX_MLE:AGEGROUP_MONTHS0-11,1954-01-01,2026-09-07T15:52:03Z,low,13555.0,,who.gho.cm-02,raw/who.gho.cm-02/2026/09/20260907T155203Z-07dabadb5738.json.gz,2
who.gho.cm-02,CM_02:MYS:SEX_MLE:AGEGROUP_MONTHS0-11,1954-01-01,2026-09-07T15:52:03Z,restated_at,2026-08-04,,who.gho.cm-02,raw/who.gho.cm-02/2026/09/20260907T155203Z-07dabadb5738.json.gz,2
who.gho.cm-02,CM_02:MYS:SEX_MLE:AGEGROUP_MONTHS0-11,1954-01-01,2026-09-07T15:52:03Z,value,15538.0,,who.gho.cm-02,raw/who.gho.cm-02/2026/09/20260907T155203Z-07dabadb5738.json.gz,2
who.gho.cm-02,CM_02:NIU:SEX_BTSX:AGEGROUP_MONTHS0-11,1954-01-01,2026-09-07T15:56:48Z,high,24.0,,who.gho.cm-02,raw/who.gho.cm-02/2026/09/20260907T155648Z-e962102586d9.json.gz,2
who.gho.cm-02,CM_02:NIU:SEX_BTSX:AGEGROUP_MONTHS0-11,1954-01-01,2026-09-07T15:56:48Z,low,17.0,,who.gho.cm-02,raw/who.gho.cm-02/2026/09/20260907T155648Z-e962102586d9.json.gz,2
who.gho.cm-02,CM_02:NIU:SEX_BTSX:AGEGROUP_MONTHS0-11,1954-01-01,2026-09-07T15:56:48Z,restated_at,2026-08-04,,who.gho.cm-02,raw/who.gho.cm-02/2026/09/20260907T155648Z-e962102586d9.json.gz,2
who.gho.cm-02,CM_02:NIU:SEX_BTSX:AGEGROUP_MONTHS0-11,1954-01-01,2026-09-07T15:56:48Z,value,21.0,,who.gho.cm-02,raw/who.gho.cm-02/2026/09/20260907T155648Z-e962102586d9.json.gz,2
who.gho.cm-02,CM_02:NIU:SEX_FMLE:AGEGROUP_MONTHS0-11,1954-01-01,2026-09-07T15:51:30Z,high,11.0,,who.gho.cm-02,raw/who.gho.cm-02/2026/09/20260907T155130Z-b74d44aee08e.json.gz,2
who.gho.cm-02,CM_02:NIU:SEX_FMLE:AGEGROUP_MONTHS0-11,1954-01-01,2026-09-07T15:51:30Z,low,8.0,,who.gho.cm-02,raw/who.gho.cm-02/2026/09/20260907T155130Z-b74d44aee08e.json.gz,2
who.gho.cm-02,CM_02:NIU:SEX_FMLE:AGEGROUP_MONTHS0-11,1954-01-01,2026-09-07T15:51:30Z,restated_at,2025-04-15,,who.gho.cm-02,raw/who.gho.cm-02/2026/09/20260907T155130Z-b74d44aee08e.json.gz,2
who.gho.cm-02,CM_02:NIU:SEX_FMLE:AGEGROUP_MONTHS0-11,1954-01-01,2026-09-07T15:51:30Z,value,9.0,,who.gho.cm-02,raw/who.gho.cm-02/2026/09/20260907T155130Z-b74d44aee08e.json.gz,2
who.gho.cm-02,CM_02:NIU:SEX_MLE:AGEGROUP_MONTHS0-11,1954-01-01,2026-09-07T15:56:41Z,high,14.0,,who.gho.cm-02,raw/who.gho.cm-02/2026/09/20260907T155641Z-022407e160ee.json.gz,2
who.gho.cm-02,CM_02:NIU:SEX_MLE:AGEGROUP_MONTHS0-11,1954-01-01,2026-09-07T15:56:41Z,low,10.0,,who.gho.cm-02,raw/who.gho.cm-02/2026/09/20260907T155641Z-022407e160ee.json.gz,2
who.gho.cm-02,CM_02:NIU:SEX_MLE:AGEGROUP_MONTHS0-11,1954-01-01,2026-09-07T15:56:41Z,restated_at,2026-08-04,,who.gho.cm-02,raw/who.gho.cm-02/2026/09/20260907T155641Z-022407e160ee.json.gz,2
who.gho.cm-02,CM_02:NIU:SEX_MLE:AGEGROUP_MONTHS0-11,1954-01-01,2026-09-07T15:56:41Z,value,12.0,,who.gho.cm-02,raw/who.gho.cm-02/2026/09/20260907T155641Z-022407e160ee.json.gz,2
who.gho.cm-02,CM_02:NLD:SEX_BTSX:AGEGROUP_MONTHS0-11,1954-01-01,2026-09-07T15:51:40Z,high,4829.0,,who.gho.cm-02,raw/who.gho.cm-02/2026/09/20260907T155140Z-2ccf90b4d287.json.gz,2
who.gho.cm-02,CM_02:NLD:SEX_BTSX:AGEGROUP_MONTHS0-11,1954-01-01,2026-09-07T15:51:40Z,low,4664.0,,who.gho.cm-02,raw/who.gho.cm-02/2026/09/20260907T155140Z-2ccf90b4d287.json.gz,2
who.gho.cm-02,CM_02:NLD:SEX_BTSX:AGEGROUP_MONTHS0-11,1954-01-01,2026-09-07T15:51:40Z,restated_at,2026-08-04,,who.gho.cm-02,raw/who.gho.cm-02/2026/09/20260907T155140Z-2ccf90b4d287.json.gz,2
who.gho.cm-02,CM_02:NLD:SEX_BTSX:AGEGROUP_MONTHS0-11,1954-01-01,2026-09-07T15:51:40Z,value,4746.0,,who.gho.cm-02,raw/who.gho.cm-02/2026/09/20260907T155140Z-2ccf90b4d287.json.gz,2
who.gho.cm-02,CM_02:NLD:SEX_FMLE:AGEGROUP_MONTHS0-11,1954-01-01,2026-09-07T15:52:10Z,high,2051.0,,who.gho.cm-02,raw/who.gho.cm-02/2026/09/20260907T155210Z-c2e07328660e.json.gz,2
who.gho.cm-02,CM_02:NLD:SEX_FMLE:AGEGROUP_MONTHS0-11,1954-01-01,2026-09-07T15:52:10Z,low,1960.0,,who.gho.cm-02,raw/who.gho.cm-02/2026/09/20260907T155210Z-c2e07328660e.json.gz,2
who.gho.cm-02,CM_02:NLD:SEX_FMLE:AGEGROUP_MONTHS0-11,1954-01-01,2026-09-07T15:52:10Z,restated_at,2026-08-04,,who.gho.cm-02,raw/who.gho.cm-02/2026/09/20260907T155210Z-c2e07328660e.json.gz,2
who.gho.cm-02,CM_02:NLD:SEX_FMLE:AGEGROUP_MONTHS0-11,1954-01-01,2026-09-07T15:52:10Z,value,2004.0,,who.gho.cm-02,raw/who.gho.cm-02/2026/09/20260907T155210Z-c2e07328660e.json.gz,2
who.gho.cm-02,CM_02:NLD:SEX_MLE:AGEGROUP_MONTHS0-11,1954-01-01,2026-09-07T15:58:04Z,high,2799.0,,who.gho.cm-02,raw/who.gho.cm-02/2026/09/20260907T155804Z-3e19927fa86a.json.gz,2
who.gho.cm-02,CM_02:NLD:SEX_MLE:AGEGROUP_MONTHS0-11,1954-01-01,2026-09-07T15:58:04Z,low,2689.0,,who.gho.cm-02,raw/who.gho.cm-02/2026/09/20260907T155804Z-3e19927fa86a.json.gz,2
who.gho.cm-02,CM_02:NLD:SEX_MLE:AGEGROUP_MONTHS0-11,1954-01-01,2026-09-07T15:58:04Z,restated_at,2026-08-04,,who.gho.cm-02,raw/who.gho.cm-02/2026/09/20260907T155804Z-3e19927fa86a.json.gz,2
who.gho.cm-02,CM_02:NLD:SEX_MLE:AGEGROUP_MONTHS0-11,1954-01-01,2026-09-07T15:58:04Z,value,2742.0,,who.gho.cm-02,raw/who.gho.cm-02/2026/09/20260907T155804Z-3e19927fa86a.json.gz,2
who.gho.cm-02,CM_02:NOR:SEX_BTSX:AGEGROUP_MONTHS0-11,1954-01-01,2026-09-07T15:57:17Z,high,1384.0,,who.gho.cm-02,raw/who.gho.cm-02/2026/09/20260907T155717Z-89bc69b90b61.json.gz,2
who.gho.cm-02,CM_02:NOR:SEX_BTSX:AGEGROUP_MONTHS0-11,1954-01-01,2026-09-07T15:57:17Z,low,1325.0,,who.gho.cm-02,raw/who.gho.cm-02/2026/09/20260907T155717Z-89bc69b90b61.json.gz,2
who.gho.cm-02,CM_02:NOR:SEX_BTSX:AGEGROUP_MONTHS0-11,1954-01-01,2026-09-07T15:57:17Z,restated_at,2026-08-04,,who.gho.cm-02,raw/who.gho.cm-02/2026/09/20260907T155717Z-89bc69b90b61.json.gz,2
who.gho.cm-02,CM_02:NOR:SEX_BTSX:AGEGROUP_MONTHS0-11,1954-01-01,2026-09-07T15:57:17Z,value,1355.0,,who.gho.cm-02,raw/who.gho.cm-02/2026/09/20260907T155717Z-89bc69b90b61.json.gz,2
who.gho.cm-02,CM_02:NOR:SEX_FMLE:AGEGROUP_MONTHS0-11,1954-01-01,2026-09-07T15:52:10Z,high,592.0,,who.gho.cm-02,raw/who.gho.cm-02/2026/09/20260907T155210Z-c2e07328660e.json.gz,2
who.gho.cm-02,CM_02:NOR:SEX_FMLE:AGEGROUP_MONTHS0-11,1954-01-01,2026-09-07T15:52:10Z,low,558.0,,who.gho.cm-02,raw/who.gho.cm-02/2026/09/20260907T155210Z-c2e07328660e.json.gz,2
who.gho.cm-02,CM_02:NOR:SEX_FMLE:AGEGROUP_MONTHS0-11,1954-01-01,2026-09-07T15:52:10Z,restated_at,2026-08-04,,who.gho.cm-02,raw/who.gho.cm-02/2026/09/20260907T155210Z-c2e07328660e.json.gz,2
who.gho.cm-02,CM_02:NOR:SEX_FMLE:AGEGROUP_MONTHS0-11,1954-01-01,2026-09-07T15:52:10Z,value,574.0,,who.gho.cm-02,raw/who.gho.cm-02/2026/09/20260907T155210Z-c2e07328660e.json.gz,2
who.gho.cm-02,CM_02:NOR:SEX_MLE:AGEGROUP_MONTHS0-11,1954-01-01,2026-09-07T15:57:12Z,high,801.0,,who.gho.cm-02,raw/who.gho.cm-02/2026/09/20260907T155712Z-98aa519eeacd.json.gz,2
who.gho.cm-02,CM_02:NOR:SEX_MLE:AGEGROUP_MONTHS0-11,1954-01-01,2026-09-07T15:57:12Z,low,760.0,,who.gho.cm-02,raw/who.gho.cm-02/2026/09/20260907T155712Z-98aa519eeacd.json.gz,2
who.gho.cm-02,CM_02:NOR:SEX_MLE:AGEGROUP_MONTHS0-11,1954-01-01,2026-09-07T15:57:12Z,restated_at,2026-08-04,,who.gho.cm-02,raw/who.gho.cm-02/2026/09/20260907T155712Z-98aa519eeacd.json.gz,2
who.gho.cm-02,CM_02:NOR:SEX_MLE:AGEGROUP_MONTHS0-11,1954-01-01,2026-09-07T15:57:12Z,value,781.0,,who.gho.cm-02,raw/who.gho.cm-02/2026/09/20260907T155712Z-98aa519eeacd.json.gz,2
who.gho.cm-02,CM_02:NPL:SEX_BTSX:AGEGROUP_MONTHS0-11,1954-01-01,2026-09-07T15:58:04Z,high,105693.0,,who.gho.cm-02,raw/who.gho.cm-02/2026/09/20260907T155804Z-3e19927fa86a.json.gz,2
who.gho.cm-02,CM_02:NPL:SEX_BTSX:AGEGROUP_MONTHS0-11,1954-01-01,2026-09-07T15:58:04Z,low,76787.0,,who.gho.cm-02,raw/who.gho.cm-02/2026/09/20260907T155804Z-3e19927fa86a.json.gz,2
who.gho.cm-02,CM_02:NPL:SEX_BTSX:AGEGROUP_MONTHS0-11,1954-01-01,2026-09-07T15:58:04Z,restated_at,2026-08-04,,who.gho.cm-02,raw/who.gho.cm-02/2026/09/20260907T155804Z-3e19927fa86a.json.gz,2
who.gho.cm-02,CM_02:NPL:SEX_BTSX:AGEGROUP_MONTHS0-11,1954-01-01,2026-09-07T15:58:04Z,value,90070.0,,who.gho.cm-02,raw/who.gho.cm-02/2026/09/20260907T155804Z-3e19927fa86a.json.gz,2
who.gho.cm-02,CM_02:NPL:SEX_FMLE:AGEGROUP_MONTHS0-11,1954-01-01,2026-09-07T15:57:40Z,high,49713.0,,who.gho.cm-02,raw/who.gho.cm-02/2026/09/20260907T155740Z-31068700a25d.json.gz,2
who.gho.cm-02,CM_02:NPL:SEX_FMLE:AGEGROUP_MONTHS0-11,1954-01-01,2026-09-07T15:57:40Z,low,35901.0,,who.gho.cm-02,raw/who.gho.cm-02/2026/09/20260907T155740Z-31068700a25d.json.gz,2
who.gho.cm-02,CM_02:NPL:SEX_FMLE:AGEGROUP_MONTHS0-11,1954-01-01,2026-09-07T15:57:40Z,restated_at,2026-08-04,,who.gho.cm-02,raw/who.gho.cm-02/2026/09/20260907T155740Z-31068700a25d.json.gz,2
who.gho.cm-02,CM_02:NPL:SEX_FMLE:AGEGROUP_MONTHS0-11,1954-01-01,2026-09-07T15:57:40Z,value,42250.0,,who.gho.cm-02,raw/who.gho.cm-02/2026/09/20260907T155740Z-31068700a25d.json.gz,2
who.gho.cm-02,CM_02:NPL:SEX_MLE:AGEGROUP_MONTHS0-11,1954-01-01,2026-09-07T15:58:16Z,high,56268.0,,who.gho.cm-02,raw/who.gho.cm-02/2026/09/20260907T155816Z-99a1a16a015f.json.gz,2
who.gho.cm-02,CM_02:NPL:SEX_MLE:AGEGROUP_MONTHS0-11,1954-01-01,2026-09-07T15:58:16Z,low,40568.0,,who.gho.cm-02,raw/who.gho.cm-02/2026/09/20260907T155816Z-99a1a16a015f.json.gz,2
who.gho.cm-02,CM_02:NPL:SEX_MLE:AGEGROUP_MONTHS0-11,1954-01-01,2026-09-07T15:58:16Z,restated_at,2026-08-04,,who.gho.cm-02,raw/who.gho.cm-02/2026/09/20260907T155816Z-99a1a16a015f.json.gz,2
who.gho.cm-02,CM_02:NPL:SEX_MLE:AGEGROUP_MONTHS0-11,1954-01-01,2026-09-07T15:58:16Z,value,47820.0,,who.gho.cm-02,raw/who.gho.cm-02/2026/09/20260907T155816Z-99a1a16a015f.json.gz,2
who.gho.cm-02,CM_02:NZL:SEX_BTSX:AGEGROUP_MONTHS0-11,1954-01-01,2026-09-07T15:54:17Z,high,1377.0,,who.gho.cm-02,raw/who.gho.cm-02/2026/09/20260907T155417Z-e87fb31944b5.json.gz,2
who.gho.cm-02,CM_02:NZL:SEX_BTSX:AGEGROUP_MONTHS0-11,1954-01-01,2026-09-07T15:54:17Z,low,1327.0,,who.gho.cm-02,raw/who.gho.cm-02/2026/09/20260907T155417Z-e87fb31944b5.json.gz,2
who.gho.cm-02,CM_02:NZL:SEX_BTSX:AGEGROUP_MONTHS0-11,1954-01-01,2026-09-07T15:54:17Z,restated_at,2026-08-04,,who.gho.cm-02,raw/who.gho.cm-02/2026/09/20260907T155417Z-e87fb31944b5.json.gz,2
who.gho.cm-02,CM_02:NZL:SEX_BTSX:AGEGROUP_MONTHS0-11,1954-01-01,2026-09-07T15:54:17Z,value,1352.0,,who.gho.cm-02,raw/who.gho.cm-02/2026/09/20260907T155417Z-e87fb31944b5.json.gz,2
who.gho.cm-02,CM_02:NZL:SEX_FMLE:AGEGROUP_MONTHS0-11,1954-01-01,2026-09-07T15:57:59Z,high,589.0,,who.gho.cm-02,raw/who.gho.cm-02/2026/09/20260907T155759Z-531ca935f713.json.gz,2
who.gho.cm-02,CM_02:NZL:SEX_FMLE:AGEGROUP_MONTHS0-11,1954-01-01,2026-09-07T15:57:59Z,low,558.0,,who.gho.cm-02,raw/who.gho.cm-02/2026/09/20260907T155759Z-531ca935f713.json.gz,2
who.gho.cm-02,CM_02:NZL:SEX_FMLE:AGEGROUP_MONTHS0-11,1954-01-01,2026-09-07T15:57:59Z,restated_at,2026-08-04,,who.gho.cm-02,raw/who.gho.cm-02/2026/09/20260907T155759Z-531ca935f713.json.gz,2
who.gho.cm-02,CM_02:NZL:SEX_FMLE:AGEGROUP_MONTHS0-11,1954-01-01,2026-09-07T15:57:59Z,value,573.0,,who.gho.cm-02,raw/who.gho.cm-02/2026/09/20260907T155759Z-531ca935f713.json.gz,2
who.gho.cm-02,CM_02:NZL:SEX_MLE:AGEGROUP_MONTHS0-11,1954-01-01,2026-09-07T15:58:12Z,high,798.0,,who.gho.cm-02,raw/who.gho.cm-02/2026/09/20260907T155812Z-02a2023435be.json.gz,2
who.gho.cm-02,CM_02:NZL:SEX_MLE:AGEGROUP_MONTHS0-11,1954-01-01,2026-09-07T15:58:12Z,low,761.0,,who.gho.cm-02,raw/who.gho.cm-02/2026/09/20260907T155812Z-02a2023435be.json.gz,2
who.gho.cm-02,CM_02:NZL:SEX_MLE:AGEGROUP_MONTHS0-11,1954-01-01,2026-09-07T15:58:12Z,restated_at,2026-08-04,,who.gho.cm-02,raw/who.gho.cm-02/2026/09/20260907T155812Z-02a2023435be.json.gz,2
who.gho.cm-02,CM_02:NZL:SEX_MLE:AGEGROUP_MONTHS0-11,1954-01-01,2026-09-07T15:58:12Z,value,779.0,,who.gho.cm-02,raw/who.gho.cm-02/2026/09/20260907T155812Z-02a2023435be.json.gz,2
who.gho.cm-02,CM_02:PAK:SEX_BTSX:AGEGROUP_MONTHS0-11,1954-01-01,2026-09-07T15:52:37Z,high,409670.0,,who.gho.cm-02,raw/who.gho.cm-02/2026/09/20260907T155237Z-35c7d31783eb.json.gz,2
who.gho.cm-02,CM_02:PAK:SEX_BTSX:AGEGROUP_MONTHS0-11,1954-01-01,2026-09-07T15:52:37Z,low,313647.0,,who.gho.cm-02,raw/who.gho.cm-02/2026/09/20260907T155237Z-35c7d31783eb.json.gz,2
who.gho.cm-02,CM_02:PAK:SEX_BTSX:AGEGROUP_MONTHS0-11,1954-01-01,2026-09-07T15:52:37Z,restated_at,2026-08-04,,who.gho.cm-02,raw/who.gho.cm-02/2026/09/20260907T155237Z-35c7d31783eb.json.gz,2
who.gho.cm-02,CM_02:PAK:SEX_BTSX:AGEGROUP_MONTHS0-11,1954-01-01,2026-09-07T15:52:37Z,value,359919.0,,who.gho.cm-02,raw/who.gho.cm-02/2026/09/20260907T155237Z-35c7d31783eb.json.gz,2
who.gho.cm-02,CM_02:PAK:SEX_FMLE:AGEGROUP_MONTHS0-11,1954-01-01,2026-09-07T15:51:05Z,high,188053.0,,who.gho.cm-02,raw/who.gho.cm-02/2026/09/20260907T155105Z-bd351d716a31.json.gz,2
who.gho.cm-02,CM_02:PAK:SEX_FMLE:AGEGROUP_MONTHS0-11,1954-01-01,2026-09-07T15:51:05Z,low,142701.0,,who.gho.cm-02,raw/who.gho.cm-02/2026/09/20260907T155105Z-bd351d716a31.json.gz,2
who.gho.cm-02,CM_02:PAK:SEX_FMLE:AGEGROUP_MONTHS0-11,1954-01-01,2026-09-07T15:51:05Z,restated_at,2026-08-04,,who.gho.cm-02,raw/who.gho.cm-02/2026/09/20260907T155105Z-bd351d716a31.json.gz,2
who.gho.cm-02,CM_02:PAK:SEX_FMLE:AGEGROUP_MONTHS0-11,1954-01-01,2026-09-07T15:51:05Z,value,164317.0,,who.gho.cm-02,raw/who.gho.cm-02/2026/09/20260907T155105Z-bd351d716a31.json.gz,2
who.gho.cm-02,CM_02:PAK:SEX_MLE:AGEGROUP_MONTHS0-11,1954-01-01,2026-09-07T15:57:17Z,high,223670.0,,who.gho.cm-02,raw/who.gho.cm-02/2026/09/20260907T155717Z-89bc69b90b61.json.gz,2
who.gho.cm-02,CM_02:PAK:SEX_MLE:AGEGROUP_MONTHS0-11,1954-01-01,2026-09-07T15:57:17Z,low,169574.0,,who.gho.cm-02,raw/who.gho.cm-02/2026/09/20260907T155717Z-89bc69b90b61.json.gz,2
who.gho.cm-02,CM_02:PAK:SEX_MLE:AGEGROUP_MONTHS0-11,1954-01-01,2026-09-07T15:57:17Z,restated_at,2026-08-04,,who.gho.cm-02,raw/who.gho.cm-02/2026/09/20260907T155717Z-89bc69b90b61.json.gz,2
who.gho.cm-02,CM_02:PAK:SEX_MLE:AGEGROUP_MONTHS0-11,1954-01-01,2026-09-07T15:57:17Z,value,195602.0,,who.gho.cm-02,raw/who.gho.cm-02/2026/09/20260907T155717Z-89bc69b90b61.json.gz,2
who.gho.cm-02,CM_02:PAN:SEX_BTSX:AGEGROUP_MONTHS0-11,1954-01-01,2026-09-07T15:56:55Z,high,3266.0,,who.gho.cm-02,raw/who.gho.cm-02/2026/09/20260907T155655Z-a5ea76265971.json.gz,2
who.gho.cm-02,CM_02:PAN:SEX_BTSX:AGEGROUP_MONTHS0-11,1954-01-01,2026-09-07T15:56:55Z,low,2364.0,,who.gho.cm-02,raw/who.gho.cm-02/2026/09/20260907T155655Z-a5ea76265971.json.gz,2
who.gho.cm-02,CM_02:PAN:SEX_BTSX:AGEGROUP_MONTHS0-11,1954-01-01,2026-09-07T15:56:55Z,restated_at,2026-08-04,,who.gho.cm-02,raw/who.gho.cm-02/2026/09/20260907T155655Z-a5ea76265971.json.gz,2
who.gho.cm-02,CM_02:PAN:SEX_BTSX:AGEGROUP_MONTHS0-11,1954-01-01,2026-09-07T15:56:55Z,value,2789.0,,who.gho.cm-02,raw/who.gho.cm-02/2026/09/20260907T155655Z-a5ea76265971.json.gz,2
who.gho.cm-02,CM_02:PAN:SEX_FMLE:AGEGROUP_MONTHS0-11,1954-01-01,2026-09-07T15:52:37Z,high,1480.0,,who.gho.cm-02,raw/who.gho.cm-02/2026/09/20260907T155237Z-35c7d31783eb.json.gz,2
who.gho.cm-02,CM_02:PAN:SEX_FMLE:AGEGROUP_MONTHS0-11,1954-01-01,2026-09-07T15:52:37Z,low,1049.0,,who.gho.cm-02,raw/who.gho.cm-02/2026/09/20260907T155237Z-35c7d31783eb.json.gz,2
who.gho.cm-02,CM_02:PAN:SEX_FMLE:AGEGROUP_MONTHS0-11,1954-01-01,2026-09-07T15:52:37Z,restated_at,2026-08-04,,who.gho.cm-02,raw/who.gho.cm-02/2026/09/20260907T155237Z-35c7d31783eb.json.gz,2
who.gho.cm-02,CM_02:PAN:SEX_FMLE:AGEGROUP_MONTHS0-11,1954-01-01,2026-09-07T15:52:37Z,value,1250.0,,who.gho.cm-02,raw/who.gho.cm-02/2026/09/20260907T155237Z-35c7d31783eb.json.gz,2
who.gho.cm-02,CM_02:PAN:SEX_MLE:AGEGROUP_MONTHS0-11,1954-01-01,2026-09-07T15:53:02Z,high,1815.0,,who.gho.cm-02,raw/who.gho.cm-02/2026/09/20260907T155302Z-206bb5f6993f.json.gz,2
who.gho.cm-02,CM_02:PAN:SEX_MLE:AGEGROUP_MONTHS0-11,1954-01-01,2026-09-07T15:53:02Z,low,1298.0,,who.gho.cm-02,raw/who.gho.cm-02/2026/09/20260907T155302Z-206bb5f6993f.json.gz,2
who.gho.cm-02,CM_02:PAN:SEX_MLE:AGEGROUP_MONTHS0-11,1954-01-01,2026-09-07T15:53:02Z,restated_at,2026-08-04,,who.gho.cm-02,raw/who.gho.cm-02/2026/09/20260907T155302Z-206bb5f6993f.json.gz,2
who.gho.cm-02,CM_02:PAN:SEX_MLE:AGEGROUP_MONTHS0-11,1954-01-01,2026-09-07T15:53:02Z,value,1539.0,,who.gho.cm-02,raw/who.gho.cm-02/2026/09/20260907T155302Z-206bb5f6993f.json.gz,2
who.gho.cm-02,CM_02:PNG:SEX_BTSX:AGEGROUP_MONTHS0-11,1954-01-01,2026-09-07T15:57:17Z,high,14677.0,,who.gho.cm-02,raw/who.gho.cm-02/2026/09/20260907T155717Z-89bc69b90b61.json.gz,2
who.gho.cm-02,CM_02:PNG:SEX_BTSX:AGEGROUP_MONTHS0-11,1954-01-01,2026-09-07T15:57:17Z,low,11609.0,,who.gho.cm-02,raw/who.gho.cm-02/2026/09/20260907T155717Z-89bc69b90b61.json.gz,2
who.gho.cm-02,CM_02:PNG:SEX_BTSX:AGEGROUP_MONTHS0-11,1954-01-01,2026-09-07T15:57:17Z,restated_at,2026-08-04,,who.gho.cm-02,raw/who.gho.cm-02/2026/09/20260907T155717Z-89bc69b90b61.json.gz,2
who.gho.cm-02,CM_02:PNG:SEX_BTSX:AGEGROUP_MONTHS0-11,1954-01-01,2026-09-07T15:57:17Z,value,13076.0,,who.gho.cm-02,raw/who.gho.cm-02/2026/09/20260907T155717Z-89bc69b90b61.json.gz,2
who.gho.cm-02,CM_02:PNG:SEX_FMLE:AGEGROUP_MONTHS0-11,1954-01-01,2026-09-07T15:58:25Z,high,6797.0,,who.gho.cm-02,raw/who.gho.cm-02/2026/09/20260907T155825Z-6675ad1e3bc7.json.gz,2
who.gho.cm-02,CM_02:PNG:SEX_FMLE:AGEGROUP_MONTHS0-11,1954-01-01,2026-09-07T15:58:25Z,low,5223.0,,who.gho.cm-02,raw/who.gho.cm-02/2026/09/20260907T155825Z-6675ad1e3bc7.json.gz,2
who.gho.cm-02,CM_02:PNG:SEX_FMLE:AGEGROUP_MONTHS0-11,1954-01-01,2026-09-07T15:58:25Z,restated_at,2026-08-04,,who.gho.cm-02,raw/who.gho.cm-02/2026/09/20260907T155825Z-6675ad1e3bc7.json.gz,2
who.gho.cm-02,CM_02:PNG:SEX_FMLE:AGEGROUP_MONTHS0-11,1954-01-01,2026-09-07T15:58:25Z,value,5978.0,,who.gho.cm-02,raw/who.gho.cm-02/2026/09/20260907T155825Z-6675ad1e3bc7.json.gz,2
who.gho.cm-02,CM_02:PNG:SEX_MLE:AGEGROUP_MONTHS0-11,1954-01-01,2026-09-07T15:58:07Z,high,8048.0,,who.gho.cm-02,raw/who.gho.cm-02/2026/09/20260907T155807Z-33d1eb328c3d.json.gz,2
who.gho.cm-02,CM_02:PNG:SEX_MLE:AGEGROUP_MONTHS0-11,1954-01-01,2026-09-07T15:58:07Z,low,6236.0,,who.gho.cm-02,raw/who.gho.cm-02/2026/09/20260907T155807Z-33d1eb328c3d.json.gz,2
who.gho.cm-02,CM_02:PNG:SEX_MLE:AGEGROUP_MONTHS0-11,1954-01-01,2026-09-07T15:58:07Z,restated_at,2026-08-04,,who.gho.cm-02,raw/who.gho.cm-02/2026/09/20260907T155807Z-33d1eb328c3d.json.gz,2
who.gho.cm-02,CM_02:PNG:SEX_MLE:AGEGROUP_MONTHS0-11,1954-01-01,2026-09-07T15:58:07Z,value,7098.0,,who.gho.cm-02,raw/who.gho.cm-02/2026/09/20260907T155807Z-33d1eb328c3d.json.gz,2
who.gho.cm-02,CM_02:POL:SEX_BTSX:AGEGROUP_MONTHS0-11,1954-01-01,2026-09-07T15:57:30Z,high,73902.0,,who.gho.cm-02,raw/who.gho.cm-02/2026/09/20260907T155730Z-1fe49c27b9ed.json.gz,2
who.gho.cm-02,CM_02:POL:SEX_BTSX:AGEGROUP_MONTHS0-11,1954-01-01,2026-09-07T15:57:30Z,low,65161.0,,who.gho.cm-02,raw/who.gho.cm-02/2026/09/20260907T155730Z-1fe49c27b9ed.json.gz,2
who.gho.cm-02,CM_02:POL:SEX_BTSX:AGEGROUP_MONTHS0-11,1954-01-01,2026-09-07T15:57:30Z,restated_at,2026-08-04,,who.gho.cm-02,raw/who.gho.cm-02/2026/09/20260907T155730Z-1fe49c27b9ed.json.gz,2
who.gho.cm-02,CM_02:POL:SEX_BTSX:AGEGROUP_MONTHS0-11,1954-01-01,2026-09-07T15:57:30Z,value,69380.0,,who.gho.cm-02,raw/who.gho.cm-02/2026/09/20260907T155730Z-1fe49c27b9ed.json.gz,2
who.gho.cm-02,CM_02:POL:SEX_FMLE:AGEGROUP_MONTHS0-11,1954-01-01,2026-09-07T15:51:21Z,high,32545.0,,who.gho.cm-02,raw/who.gho.cm-02/2026/09/20260907T155121Z-1b14643329ca.json.gz,2
who.gho.cm-02,CM_02:POL:SEX_FMLE:AGEGROUP_MONTHS0-11,1954-01-01,2026-09-07T15:51:21Z,low,28360.0,,who.gho.cm-02,raw/who.gho.cm-02/2026/09/20260907T155121Z-1b14643329ca.json.gz,2
who.gho.cm-02,CM_02:POL:SEX_FMLE:AGEGROUP_MONTHS0-11,1954-01-01,2026-09-07T15:51:21Z,restated_at,2026-08-04,,who.gho.cm-02,raw/who.gho.cm-02/2026/09/20260907T155121Z-1b14643329ca.json.gz,2
who.gho.cm-02,CM_02:POL:SEX_FMLE:AGEGROUP_MONTHS0-11,1954-01-01,2026-09-07T15:51:21Z,value,30387.0,,who.gho.cm-02,raw/who.gho.cm-02/2026/09/20260907T155121Z-1b14643329ca.json.gz,2
who.gho.cm-02,CM_02:POL:SEX_MLE:AGEGROUP_MONTHS0-11,1954-01-01,2026-09-07T15:52:18Z,high,41693.0,,who.gho.cm-02,raw/who.gho.cm-02/2026/09/20260907T155218Z-7dbb6db1a58a.json.gz,2
who.gho.cm-02,CM_02:POL:SEX_MLE:AGEGROUP_MONTHS0-11,1954-01-01,2026-09-07T15:52:18Z,low,36456.0,,who.gho.cm-02,raw/who.gho.cm-02/2026/09/20260907T155218Z-7dbb6db1a58a.json.gz,2
who.gho.cm-02,CM_02:POL:SEX_MLE:AGEGROUP_MONTHS0-11,1954-01-01,2026-09-07T15:52:18Z,restated_at,2026-08-04,,who.gho.cm-02,raw/who.gho.cm-02/2026/09/20260907T155218Z-7dbb6db1a58a.json.gz,2
who.gho.cm-02,CM_02:POL:SEX_MLE:AGEGROUP_MONTHS0-11,1954-01-01,2026-09-07T15:52:18Z,value,38993.0,,who.gho.cm-02,raw/who.gho.cm-02/2026/09/20260907T155218Z-7dbb6db1a58a.json.gz,2
who.gho.cm-02,CM_02:PRK:SEX_BTSX:AGEGROUP_MONTHS0-11,1954-01-01,2026-09-07T15:51:54Z,high,42852.0,,who.gho.cm-02,raw/who.gho.cm-02/2026/09/20260907T155154Z-820134cf428b.json.gz,2
who.gho.cm-02,CM_02:PRK:SEX_BTSX:AGEGROUP_MONTHS0-11,1954-01-01,2026-09-07T15:51:54Z,low,26484.0,,who.gho.cm-02,raw/who.gho.cm-02/2026/09/20260907T155154Z-820134cf428b.json.gz,2
who.gho.cm-02,CM_02:PRK:SEX_BTSX:AGEGROUP_MONTHS0-11,1954-01-01,2026-09-07T15:51:54Z,restated_at,2025-04-15,,who.gho.cm-02,raw/who.gho.cm-02/2026/09/20260907T155154Z-820134cf428b.json.gz,2
who.gho.cm-02,CM_02:PRK:SEX_BTSX:AGEGROUP_MONTHS0-11,1954-01-01,2026-09-07T15:51:54Z,value,33666.0,,who.gho.cm-02,raw/who.gho.cm-02/2026/09/20260907T155154Z-820134cf428b.json.gz,2
who.gho.cm-02,CM_02:PRK:SEX_FMLE:AGEGROUP_MONTHS0-11,1954-01-01,2026-09-07T15:56:55Z,high,19336.0,,who.gho.cm-02,raw/who.gho.cm-02/2026/09/20260907T155655Z-a5ea76265971.json.gz,2
who.gho.cm-02,CM_02:PRK:SEX_FMLE:AGEGROUP_MONTHS0-11,1954-01-01,2026-09-07T15:56:55Z,low,11792.0,,who.gho.cm-02,raw/who.gho.cm-02/2026/09/20260907T155655Z-a5ea76265971.json.gz,2
who.gho.cm-02,CM_02:PRK:SEX_FMLE:AGEGROUP_MONTHS0-11,1954-01-01,2026-09-07T15:56:55Z,restated_at,2026-08-04,,who.gho.cm-02,raw/who.gho.cm-02/2026/09/20260907T155655Z-a5ea76265971.json.gz,2
who.gho.cm-02,CM_02:PRK:SEX_FMLE:AGEGROUP_MONTHS0-11,1954-01-01,2026-09-07T15:56:55Z,value,15053.0,,who.gho.cm-02,raw/who.gho.cm-02/2026/09/20260907T155655Z-a5ea76265971.json.gz,2
who.gho.cm-02,CM_02:PRK:SEX_MLE:AGEGROUP_MONTHS0-11,1954-01-01,2026-09-07T15:57:12Z,high,23767.0,,who.gho.cm-02,raw/who.gho.cm-02/2026/09/20260907T155712Z-98aa519eeacd.json.gz,2
who.gho.cm-02,CM_02:PRK:SEX_MLE:AGEGROUP_MONTHS0-11,1954-01-01,2026-09-07T15:57:12Z,low,14530.0,,who.gho.cm-02,raw/who.gho.cm-02/2026/09/20260907T155712Z-98aa519eeacd.json.gz,2
who.gho.cm-02,CM_02:PRK:SEX_MLE:AGEGROUP_MONTHS0-11,1954-01-01,2026-09-07T15:57:12Z,restated_at,2026-08-04,,who.gho.cm-02,raw/who.gho.cm-02/2026/09/20260907T155712Z-98aa519eeacd.json.gz,2
who.gho.cm-02,CM_02:PRK:SEX_MLE:AGEGROUP_MONTHS0-11,1954-01-01,2026-09-07T15:57:12Z,value,18613.0,,who.gho.cm-02,raw/who.gho.cm-02/2026/09/20260907T155712Z-98aa519eeacd.json.gz,2
who.gho.cm-02,CM_02:PRT:SEX_BTSX:AGEGROUP_MONTHS0-11,1954-01-01,2026-09-07T15:57:35Z,high,18557.0,,who.gho.cm-02,raw/who.gho.cm-02/2026/09/20260907T155735Z-be5ff4c5352d.json.gz,2
who.gho.cm-02,CM_02:PRT:SEX_BTSX:AGEGROUP_MONTHS0-11,1954-01-01,2026-09-07T15:57:35Z,low,17270.0,,who.gho.cm-02,raw/who.gho.cm-02/2026/09/20260907T155735Z-be5ff4c5352d.json.gz,2
who.gho.cm-02,CM_02:PRT:SEX_BTSX:AGEGROUP_MONTHS0-11,1954-01-01,2026-09-07T15:57:35Z,restated_at,2026-08-04,,who.gho.cm-02,raw/who.gho.cm-02/2026/09/20260907T155735Z-be5ff4c5352d.json.gz,2
who.gho.cm-02,CM_02:PRT:SEX_BTSX:AGEGROUP_MONTHS0-11,1954-01-01,2026-09-07T15:57:35Z,value,17898.0,,who.gho.cm-02,raw/who.gho.cm-02/2026/09/20260907T155735Z-be5ff4c5352d.json.gz,2
who.gho.cm-02,CM_02:PRT:SEX_FMLE:AGEGROUP_MONTHS0-11,1954-01-01,2026-09-07T15:52:10Z,high,8380.0,,who.gho.cm-02,raw/who.gho.cm-02/2026/09/20260907T155210Z-c2e07328660e.json.gz,2
who.gho.cm-02,CM_02:PRT:SEX_FMLE:AGEGROUP_MONTHS0-11,1954-01-01,2026-09-07T15:52:10Z,low,7747.0,,who.gho.cm-02,raw/who.gho.cm-02/2026/09/20260907T155210Z-c2e07328660e.json.gz,2
who.gho.cm-02,CM_02:PRT:SEX_FMLE:AGEGROUP_MONTHS0-11,1954-01-01,2026-09-07T15:52:10Z,restated_at,2026-08-04,,who.gho.cm-02,raw/who.gho.cm-02/2026/09/20260907T155210Z-c2e07328660e.json.gz,2
who.gho.cm-02,CM_02:PRT:SEX_FMLE:AGEGROUP_MONTHS0-11,1954-01-01,2026-09-07T15:52:10Z,value,8057.0,,who.gho.cm-02,raw/who.gho.cm-02/2026/09/20260907T155210Z-c2e07328660e.json.gz,2
who.gho.cm-02,CM_02:PRT:SEX_MLE:AGEGROUP_MONTHS0-11,1954-01-01,2026-09-07T15:56:48Z,high,10234.0,,who.gho.cm-02,raw/who.gho.cm-02/2026/09/20260907T155648Z-e962102586d9.json.gz,2
who.gho.cm-02,CM_02:PRT:SEX_MLE:AGEGROUP_MONTHS0-11,1954-01-01,2026-09-07T15:56:48Z,low,9471.0,,who.gho.cm-02,raw/who.gho.cm-02/2026/09/20260907T155648Z-e962102586d9.json.gz,2
who.gho.cm-02,CM_02:PRT:SEX_MLE:AGEGROUP_MONTHS0-11,1954-01-01,2026-09-07T15:56:48Z,restated_at,2026-08-04,,who.gho.cm-02,raw/who.gho.cm-02/2026/09/20260907T155648Z-e962102586d9.json.gz,2
who.gho.cm-02,CM_02:PRT:SEX_MLE:AGEGROUP_MONTHS0-11,1954-01-01,2026-09-07T15:56:48Z,value,9841.0,,who.gho.cm-02,raw/who.gho.cm-02/2026/09/20260907T155648Z-e962102586d9.json.gz,2
who.gho.cm-02,CM_02:SEN:SEX_BTSX:AGEGROUP_MONTHS0-11,1954-01-01,2026-09-07T15:56:41Z,high,22642.0,,who.gho.cm-02,raw/who.gho.cm-02/2026/09/20260907T155641Z-022407e160ee.json.gz,2
who.gho.cm-02,CM_02:SEN:SEX_BTSX:AGEGROUP_MONTHS0-11,1954-01-01,2026-09-07T15:56:41Z,low,18363.0,,who.gho.cm-02,raw/who.gho.cm-02/2026/09/20260907T155641Z-022407e160ee.json.gz,2
who.gho.cm-02,CM_02:SEN:SEX_BTSX:AGEGROUP_MONTHS0-11,1954-01-01,2026-09-07T15:56:41Z,restated_at,2026-08-04,,who.gho.cm-02,raw/who.gho.cm-02/2026/09/20260907T155641Z-022407e160ee.json.gz,2
who.gho.cm-02,CM_02:SEN:SEX_BTSX:AGEGROUP_MONTHS0-11,1954-01-01,2026-09-07T15:56:41Z,value,20351.0,,who.gho.cm-02,raw/who.gho.cm-02/2026/09/20260907T155641Z-022407e160ee.json.gz,2
who.gho.cm-02,CM_02:SEN:SEX_FMLE:AGEGROUP_MONTHS0-11,1954-01-01,2026-09-07T15:51:01Z,high,10563.0,,who.gho.cm-02,raw/who.gho.cm-02/2026/09/20260907T155101Z-65d1a3fa0413.json.gz,2
who.gho.cm-02,CM_02:SEN:SEX_FMLE:AGEGROUP_MONTHS0-11,1954-01-01,2026-09-07T15:51:01Z,low,8435.0,,who.gho.cm-02,raw/who.gho.cm-02/2026/09/20260907T155101Z-65d1a3fa0413.json.gz,2
who.gho.cm-02,CM_02:SEN:SEX_FMLE:AGEGROUP_MONTHS0-11,1954-01-01,2026-09-07T15:51:01Z,restated_at,2026-08-04,,who.gho.cm-02,raw/who.gho.cm-02/2026/09/20260907T155101Z-65d1a3fa0413.json.gz,2
who.gho.cm-02,CM_02:SEN:SEX_FMLE:AGEGROUP_MONTHS0-11,1954-01-01,2026-09-07T15:51:01Z,value,9436.0,,who.gho.cm-02,raw/who.gho.cm-02/2026/09/20260907T155101Z-65d1a3fa0413.json.gz,2
who.gho.cm-02,CM_02:SEN:SEX_MLE:AGEGROUP_MONTHS0-11,1954-01-01,2026-09-07T15:57:12Z,high,12189.0,,who.gho.cm-02,raw/who.gho.cm-02/2026/09/20260907T155712Z-98aa519eeacd.json.gz,2
who.gho.cm-02,CM_02:SEN:SEX_MLE:AGEGROUP_MONTHS0-11,1954-01-01,2026-09-07T15:57:12Z,low,9774.0,,who.gho.cm-02,raw/who.gho.cm-02/2026/09/20260907T155712Z-98aa519eeacd.json.gz,2
who.gho.cm-02,CM_02:SEN:SEX_MLE:AGEGROUP_MONTHS0-11,1954-01-01,2026-09-07T15:57:12Z,restated_at,2026-08-04,,who.gho.cm-02,raw/who.gho.cm-02/2026/09/20260907T155712Z-98aa519eeacd.json.gz,2
who.gho.cm-02,CM_02:SEN:SEX_MLE:AGEGROUP_MONTHS0-11,1954-01-01,2026-09-07T15:57:12Z,value,10915.0,,who.gho.cm-02,raw/who.gho.cm-02/2026/09/20260907T155712Z-98aa519eeacd.json.gz,2
who.gho.cm-02,CM_02:SLB:SEX_BTSX:AGEGROUP_MONTHS0-11,1954-01-01,2026-09-07T15:57:35Z,high,836.0,,who.gho.cm-02,raw/who.gho.cm-02/2026/09/20260907T155735Z-be5ff4c5352d.json.gz,2
who.gho.cm-02,CM_02:SLB:SEX_BTSX:AGEGROUP_MONTHS0-11,1954-01-01,2026-09-07T15:57:35Z,low,673.0,,who.gho.cm-02,raw/who.gho.cm-02/2026/09/20260907T155735Z-be5ff4c5352d.json.gz,2
who.gho.cm-02,CM_02:SLB:SEX_BTSX:AGEGROUP_MONTHS0-11,1954-01-01,2026-09-07T15:57:35Z,restated_at,2026-08-04,,who.gho.cm-02,raw/who.gho.cm-02/2026/09/20260907T155735Z-be5ff4c5352d.json.gz,2
who.gho.cm-02,CM_02:SLB:SEX_BTSX:AGEGROUP_MONTHS0-11,1954-01-01,2026-09-07T15:57:35Z,value,749.0,,who.gho.cm-02,raw/who.gho.cm-02/2026/09/20260907T155735Z-be5ff4c5352d.json.gz,2
who.gho.cm-02,CM_02:SLB:SEX_FMLE:AGEGROUP_MONTHS0-11,1954-01-01,2026-09-07T15:58:16Z,high,387.0,,who.gho.cm-02,raw/who.gho.cm-02/2026/09/20260907T155816Z-99a1a16a015f.json.gz,2
who.gho.cm-02,CM_02:SLB:SEX_FMLE:AGEGROUP_MONTHS0-11,1954-01-01,2026-09-07T15:58:16Z,low,302.0,,who.gho.cm-02,raw/who.gho.cm-02/2026/09/20260907T155816Z-99a1a16a015f.json.gz,2
who.gho.cm-02,CM_02:SLB:SEX_FMLE:AGEGROUP_MONTHS0-11,1954-01-01,2026-09-07T15:58:16Z,restated_at,2026-08-04,,who.gho.cm-02,raw/who.gho.cm-02/2026/09/20260907T155816Z-99a1a16a015f.json.gz,2
who.gho.cm-02,CM_02:SLB:SEX_FMLE:AGEGROUP_MONTHS0-11,1954-01-01,2026-09-07T15:58:16Z,value,342.0,,who.gho.cm-02,raw/who.gho.cm-02/2026/09/20260907T155816Z-99a1a16a015f.json.gz,2
who.gho.cm-02,CM_02:SLB:SEX_MLE:AGEGROUP_MONTHS0-11,1954-01-01,2026-09-07T15:57:59Z,high,460.0,,who.gho.cm-02,raw/who.gho.cm-02/2026/09/20260907T155759Z-531ca935f713.json.gz,2
who.gho.cm-02,CM_02:SLB:SEX_MLE:AGEGROUP_MONTHS0-11,1954-01-01,2026-09-07T15:57:59Z,low,362.0,,who.gho.cm-02,raw/who.gho.cm-02/2026/09/20260907T155759Z-531ca935f713.json.gz,2
who.gho.cm-02,CM_02:SLB:SEX_MLE:AGEGROUP_MONTHS0-11,1954-01-01,2026-09-07T15:57:59Z,restated_at,2026-08-04,,who.gho.cm-02,raw/who.gho.cm-02/2026/09/20260907T155759Z-531ca935f713.json.gz,2
who.gho.cm-02,CM_02:SLB:SEX_MLE:AGEGROUP_MONTHS0-11,1954-01-01,2026-09-07T15:57:59Z,value,407.0,,who.gho.cm-02,raw/who.gho.cm-02/2026/09/20260907T155759Z-531ca935f713.json.gz,2
who.gho.cm-02,CM_02:SVK:SEX_BTSX:AGEGROUP_MONTHS0-11,1954-01-01,2026-09-07T15:56:27Z,high,5818.0,,who.gho.cm-02,raw/who.gho.cm-02/2026/09/20260907T155627Z-19eb4e6c1215.json.gz,2
who.gho.cm-02,CM_02:SVK:SEX_BTSX:AGEGROUP_MONTHS0-11,1954-01-01,2026-09-07T15:56:27Z,low,5156.0,,who.gho.cm-02,raw/who.gho.cm-02/2026/09/20260907T155627Z-19eb4e6c1215.json.gz,2
who.gho.cm-02,CM_02:SVK:SEX_BTSX:AGEGROUP_MONTHS0-11,1954-01-01,2026-09-07T15:56:27Z,restated_at,2026-08-04,,who.gho.cm-02,raw/who.gho.cm-02/2026/09/20260907T155627Z-19eb4e6c1215.json.gz,2
who.gho.cm-02,CM_02:SVK:SEX_BTSX:AGEGROUP_MONTHS0-11,1954-01-01,2026-09-07T15:56:27Z,value,5481.0,,who.gho.cm-02,raw/who.gho.cm-02/2026/09/20260907T155627Z-19eb4e6c1215.json.gz,2
who.gho.cm-02,CM_02:SVK:SEX_FMLE:AGEGROUP_MONTHS0-11,1954-01-01,2026-09-07T15:58:04Z,high,2549.0,,who.gho.cm-02,raw/who.gho.cm-02/2026/09/20260907T155804Z-3e19927fa86a.json.gz,2
who.gho.cm-02,CM_02:SVK:SEX_FMLE:AGEGROUP_MONTHS0-11,1954-01-01,2026-09-07T15:58:04Z,low,2166.0,,who.gho.cm-02,raw/who.gho.cm-02/2026/09/20260907T155804Z-3e19927fa86a.json.gz,2
who.gho.cm-02,CM_02:SVK:SEX_FMLE:AGEGROUP_MONTHS0-11,1954-01-01,2026-09-07T15:58:04Z,restated_at,2026-08-04,,who.gho.cm-02,raw/who.gho.cm-02/2026/09/20260907T155804Z-3e19927fa86a.json.gz,2
who.gho.cm-02,CM_02:SVK:SEX_FMLE:AGEGROUP_MONTHS0-11,1954-01-01,2026-09-07T15:58:04Z,value,2355.0,,who.gho.cm-02,raw/who.gho.cm-02/2026/09/20260907T155804Z-3e19927fa86a.json.gz,2
who.gho.cm-02,CM_02:SVK:SEX_MLE:AGEGROUP_MONTHS0-11,1954-01-01,2026-09-07T15:58:04Z,high,3367.0,,who.gho.cm-02,raw/who.gho.cm-02/2026/09/20260907T155804Z-3e19927fa86a.json.gz,2
who.gho.cm-02,CM_02:SVK:SEX_MLE:AGEGROUP_MONTHS0-11,1954-01-01,2026-09-07T15:58:04Z,low,2900.0,,who.gho.cm-02,raw/who.gho.cm-02/2026/09/20260907T155804Z-3e19927fa86a.json.gz,2
who.gho.cm-02,CM_02:SVK:SEX_MLE:AGEGROUP_MONTHS0-11,1954-01-01,2026-09-07T15:58:04Z,restated_at,2026-08-04,,who.gho.cm-02,raw/who.gho.cm-02/2026/09/20260907T155804Z-3e19927fa86a.json.gz,2
who.gho.cm-02,CM_02:SVK:SEX_MLE:AGEGROUP_MONTHS0-11,1954-01-01,2026-09-07T15:58:04Z,value,3126.0,,who.gho.cm-02,raw/who.gho.cm-02/2026/09/20260907T155804Z-3e19927fa86a.json.gz,2
who.gho.cm-02,CM_02:SWE:SEX_BTSX:AGEGROUP_MONTHS0-11,1954-01-01,2026-09-07T15:51:01Z,high,2007.0,,who.gho.cm-02,raw/who.gho.cm-02/2026/09/20260907T155101Z-65d1a3fa0413.json.gz,2
who.gho.cm-02,CM_02:SWE:SEX_BTSX:AGEGROUP_MONTHS0-11,1954-01-01,2026-09-07T15:51:01Z,low,1926.0,,who.gho.cm-02,raw/who.gho.cm-02/2026/09/20260907T155101Z-65d1a3fa0413.json.gz,2
who.gho.cm-02,CM_02:SWE:SEX_BTSX:AGEGROUP_MONTHS0-11,1954-01-01,2026-09-07T15:51:01Z,restated_at,2026-08-04,,who.gho.cm-02,raw/who.gho.cm-02/2026/09/20260907T155101Z-65d1a3fa0413.json.gz,2
who.gho.cm-02,CM_02:SWE:SEX_BTSX:AGEGROUP_MONTHS0-11,1954-01-01,2026-09-07T15:51:01Z,value,1967.0,,who.gho.cm-02,raw/who.gho.cm-02/2026/09/20260907T155101Z-65d1a3fa0413.json.gz,2
who.gho.cm-02,CM_02:SWE:SEX_FMLE:AGEGROUP_MONTHS0-11,1954-01-01,2026-09-07T15:56:41Z,high,846.0,,who.gho.cm-02,raw/who.gho.cm-02/2026/09/20260907T155641Z-022407e160ee.json.gz,2
who.gho.cm-02,CM_02:SWE:SEX_FMLE:AGEGROUP_MONTHS0-11,1954-01-01,2026-09-07T15:56:41Z,low,801.0,,who.gho.cm-02,raw/who.gho.cm-02/2026/09/20260907T155641Z-022407e160ee.json.gz,2
who.gho.cm-02,CM_02:SWE:SEX_FMLE:AGEGROUP_MONTHS0-11,1954-01-01,2026-09-07T15:56:41Z,restated_at,2026-08-04,,who.gho.cm-02,raw/who.gho.cm-02/2026/09/20260907T155641Z-022407e160ee.json.gz,2
who.gho.cm-02,CM_02:SWE:SEX_FMLE:AGEGROUP_MONTHS0-11,1954-01-01,2026-09-07T15:56:41Z,value,823.0,,who.gho.cm-02,raw/who.gho.cm-02/2026/09/20260907T155641Z-022407e160ee.json.gz,2
who.gho.cm-02,CM_02:SWE:SEX_MLE:AGEGROUP_MONTHS0-11,1954-01-01,2026-09-07T15:52:26Z,high,1173.0,,who.gho.cm-02,raw/who.gho.cm-02/2026/09/20260907T155226Z-b536cc4a2b4c.json.gz,2
who.gho.cm-02,CM_02:SWE:SEX_MLE:AGEGROUP_MONTHS0-11,1954-01-01,2026-09-07T15:52:26Z,low,1116.0,,who.gho.cm-02,raw/who.gho.cm-02/2026/09/20260907T155226Z-b536cc4a2b4c.json.gz,2
who.gho.cm-02,CM_02:SWE:SEX_MLE:AGEGROUP_MONTHS0-11,1954-01-01,2026-09-07T15:52:26Z,restated_at,2026-08-04,,who.gho.cm-02,raw/who.gho.cm-02/2026/09/20260907T155226Z-b536cc4a2b4c.json.gz,2
who.gho.cm-02,CM_02:SWE:SEX_MLE:AGEGROUP_MONTHS0-11,1954-01-01,2026-09-07T15:52:26Z,value,1144.0,,who.gho.cm-02,raw/who.gho.cm-02/2026/09/20260907T155226Z-b536cc4a2b4c.json.gz,2
who.gho.cm-02,CM_02:SWZ:SEX_BTSX:AGEGROUP_MONTHS0-11,1954-01-01,2026-09-07T15:57:17Z,high,2283.0,,who.gho.cm-02,raw/who.gho.cm-02/2026/09/20260907T155717Z-89bc69b90b61.json.gz,2
who.gho.cm-02,CM_02:SWZ:SEX_BTSX:AGEGROUP_MONTHS0-11,1954-01-01,2026-09-07T15:57:17Z,low,1726.0,,who.gho.cm-02,raw/who.gho.cm-02/2026/09/20260907T155717Z-89bc69b90b61.json.gz,2
who.gho.cm-02,CM_02:SWZ:SEX_BTSX:AGEGROUP_MONTHS0-11,1954-01-01,2026-09-07T15:57:17Z,restated_at,2026-08-04,,who.gho.cm-02,raw/who.gho.cm-02/2026/09/20260907T155717Z-89bc69b90b61.json.gz,2
who.gho.cm-02,CM_02:SWZ:SEX_BTSX:AGEGROUP_MONTHS0-11,1954-01-01,2026-09-07T15:57:17Z,value,1989.0,,who.gho.cm-02,raw/who.gho.cm-02/2026/09/20260907T155717Z-89bc69b90b61.json.gz,2
who.gho.cm-02,CM_02:SWZ:SEX_FMLE:AGEGROUP_MONTHS0-11,1954-01-01,2026-09-07T15:57:26Z,high,1052.0,,who.gho.cm-02,raw/who.gho.cm-02/2026/09/20260907T155726Z-31d0241a6d30.json.gz,2
who.gho.cm-02,CM_02:SWZ:SEX_FMLE:AGEGROUP_MONTHS0-11,1954-01-01,2026-09-07T15:57:26Z,low,775.0,,who.gho.cm-02,raw/who.gho.cm-02/2026/09/20260907T155726Z-31d0241a6d30.json.gz,2
who.gho.cm-02,CM_02:SWZ:SEX_FMLE:AGEGROUP_MONTHS0-11,1954-01-01,2026-09-07T15:57:26Z,restated_at,2026-08-04,,who.gho.cm-02,raw/who.gho.cm-02/2026/09/20260907T155726Z-31d0241a6d30.json.gz,2
who.gho.cm-02,CM_02:SWZ:SEX_FMLE:AGEGROUP_MONTHS0-11,1954-01-01,2026-09-07T15:57:26Z,value,907.0,,who.gho.cm-02,raw/who.gho.cm-02/2026/09/20260907T155726Z-31d0241a6d30.json.gz,2
who.gho.cm-02,CM_02:SWZ:SEX_MLE:AGEGROUP_MONTHS0-11,1954-01-01,2026-09-07T15:57:54Z,high,1251.0,,who.gho.cm-02,raw/who.gho.cm-02/2026/09/20260907T155754Z-3bea881db2b4.json.gz,2
who.gho.cm-02,CM_02:SWZ:SEX_MLE:AGEGROUP_MONTHS0-11,1954-01-01,2026-09-07T15:57:54Z,low,930.0,,who.gho.cm-02,raw/who.gho.cm-02/2026/09/20260907T155754Z-3bea881db2b4.json.gz,2
who.gho.cm-02,CM_02:SWZ:SEX_MLE:AGEGROUP_MONTHS0-11,1954-01-01,2026-09-07T15:57:54Z,restated_at,2026-08-04,,who.gho.cm-02,raw/who.gho.cm-02/2026/09/20260907T155754Z-3bea881db2b4.json.gz,2
who.gho.cm-02,CM_02:SWZ:SEX_MLE:AGEGROUP_MONTHS0-11,1954-01-01,2026-09-07T15:57:54Z,value,1082.0,,who.gho.cm-02,raw/who.gho.cm-02/2026/09/20260907T155754Z-3bea881db2b4.json.gz,2
who.gho.cm-02,CM_02:SYC:SEX_BTSX:AGEGROUP_MONTHS0-11,1954-01-01,2026-09-07T15:57:40Z,high,121.0,,who.gho.cm-02,raw/who.gho.cm-02/2026/09/20260907T155740Z-31068700a25d.json.gz,2
who.gho.cm-02,CM_02:SYC:SEX_BTSX:AGEGROUP_MONTHS0-11,1954-01-01,2026-09-07T15:57:40Z,low,92.0,,who.gho.cm-02,raw/who.gho.cm-02/2026/09/20260907T155740Z-31068700a25d.json.gz,2
who.gho.cm-02,CM_02:SYC:SEX_BTSX:AGEGROUP_MONTHS0-11,1954-01-01,2026-09-07T15:57:40Z,restated_at,2026-08-04,,who.gho.cm-02,raw/who.gho.cm-02/2026/09/20260907T155740Z-31068700a25d.json.gz,2
who.gho.cm-02,CM_02:SYC:SEX_BTSX:AGEGROUP_MONTHS0-11,1954-01-01,2026-09-07T15:57:40Z,value,105.0,,who.gho.cm-02,raw/who.gho.cm-02/2026/09/20260907T155740Z-31068700a25d.json.gz,2
who.gho.cm-02,CM_02:SYC:SEX_FMLE:AGEGROUP_MONTHS0-11,1954-01-01,2026-09-07T15:57:35Z,high,56.0,,who.gho.cm-02,raw/who.gho.cm-02/2026/09/20260907T155735Z-be5ff4c5352d.json.gz,2
who.gho.cm-02,CM_02:SYC:SEX_FMLE:AGEGROUP_MONTHS0-11,1954-01-01,2026-09-07T15:57:35Z,low,42.0,,who.gho.cm-02,raw/who.gho.cm-02/2026/09/20260907T155735Z-be5ff4c5352d.json.gz,2
who.gho.cm-02,CM_02:SYC:SEX_FMLE:AGEGROUP_MONTHS0-11,1954-01-01,2026-09-07T15:57:35Z,restated_at,2026-08-04,,who.gho.cm-02,raw/who.gho.cm-02/2026/09/20260907T155735Z-be5ff4c5352d.json.gz,2
who.gho.cm-02,CM_02:SYC:SEX_FMLE:AGEGROUP_MONTHS0-11,1954-01-01,2026-09-07T15:57:35Z,value,49.0,,who.gho.cm-02,raw/who.gho.cm-02/2026/09/20260907T155735Z-be5ff4c5352d.json.gz,2
who.gho.cm-02,CM_02:SYC:SEX_MLE:AGEGROUP_MONTHS0-11,1954-01-01,2026-09-07T15:57:12Z,high,65.0,,who.gho.cm-02,raw/who.gho.cm-02/2026/09/20260907T155712Z-98aa519eeacd.json.gz,2
who.gho.cm-02,CM_02:SYC:SEX_MLE:AGEGROUP_MONTHS0-11,1954-01-01,2026-09-07T15:57:12Z,low,49.0,,who.gho.cm-02,raw/who.gho.cm-02/2026/09/20260907T155712Z-98aa519eeacd.json.gz,2
who.gho.cm-02,CM_02:SYC:SEX_MLE:AGEGROUP_MONTHS0-11,1954-01-01,2026-09-07T15:57:12Z,restated_at,2026-08-04,,who.gho.cm-02,raw/who.gho.cm-02/2026/09/20260907T155712Z-98aa519eeacd.json.gz,2
who.gho.cm-02,CM_02:SYC:SEX_MLE:AGEGROUP_MONTHS0-11,1954-01-01,2026-09-07T15:57:12Z,value,56.0,,who.gho.cm-02,raw/who.gho.cm-02/2026/09/20260907T155712Z-98aa519eeacd.json.gz,2
who.gho.cm-02,CM_02:TCD:SEX_BTSX:AGEGROUP_MONTHS0-11,1954-01-01,2026-09-07T15:51:11Z,high,19938.0,,who.gho.cm-02,raw/who.gho.cm-02/2026/09/20260907T155111Z-17577dbcf352.json.gz,2
who.gho.cm-02,CM_02:TCD:SEX_BTSX:AGEGROUP_MONTHS0-11,1954-01-01,2026-09-07T15:51:11Z,low,15588.0,,who.gho.cm-02,raw/who.gho.cm-02/2026/09/20260907T155111Z-17577dbcf352.json.gz,2
who.gho.cm-02,CM_02:TCD:SEX_BTSX:AGEGROUP_MONTHS0-11,1954-01-01,2026-09-07T15:51:11Z,restated_at,2026-08-04,,who.gho.cm-02,raw/who.gho.cm-02/2026/09/20260907T155111Z-17577dbcf352.json.gz,2
who.gho.cm-02,CM_02:TCD:SEX_BTSX:AGEGROUP_MONTHS0-11,1954-01-01,2026-09-07T15:51:11Z,value,17633.0,,who.gho.cm-02,raw/who.gho.cm-02/2026/09/20260907T155111Z-17577dbcf352.json.gz,2
who.gho.cm-02,CM_02:TCD:SEX_FMLE:AGEGROUP_MONTHS0-11,1954-01-01,2026-09-07T15:51:05Z,high,9207.0,,who.gho.cm-02,raw/who.gho.cm-02/2026/09/20260907T155105Z-bd351d716a31.json.gz,2
who.gho.cm-02,CM_02:TCD:SEX_FMLE:AGEGROUP_MONTHS0-11,1954-01-01,2026-09-07T15:51:05Z,low,7059.0,,who.gho.cm-02,raw/who.gho.cm-02/2026/09/20260907T155105Z-bd351d716a31.json.gz,2
who.gho.cm-02,CM_02:TCD:SEX_FMLE:AGEGROUP_MONTHS0-11,1954-01-01,2026-09-07T15:51:05Z,restated_at,2026-08-04,,who.gho.cm-02,raw/who.gho.cm-02/2026/09/20260907T155105Z-bd351d716a31.json.gz,2
who.gho.cm-02,CM_02:TCD:SEX_FMLE:AGEGROUP_MONTHS0-11,1954-01-01,2026-09-07T15:51:05Z,value,8071.0,,who.gho.cm-02,raw/who.gho.cm-02/2026/09/20260907T155105Z-bd351d716a31.json.gz,2
who.gho.cm-02,CM_02:TCD:SEX_MLE:AGEGROUP_MONTHS0-11,1954-01-01,2026-09-07T15:56:41Z,high,10873.0,,who.gho.cm-02,raw/who.gho.cm-02/2026/09/20260907T155641Z-022407e160ee.json.gz,2
who.gho.cm-02,CM_02:TCD:SEX_MLE:AGEGROUP_MONTHS0-11,1954-01-01,2026-09-07T15:56:41Z,low,8399.0,,who.gho.cm-02,raw/who.gho.cm-02/2026/09/20260907T155641Z-022407e160ee.json.gz,2
who.gho.cm-02,CM_02:TCD:SEX_MLE:AGEGROUP_MONTHS0-11,1954-01-01,2026-09-07T15:56:41Z,restated_at,2026-08-04,,who.gho.cm-02,raw/who.gho.cm-02/2026/09/20260907T155641Z-022407e160ee.json.gz,2
who.gho.cm-02,CM_02:TCD:SEX_MLE:AGEGROUP_MONTHS0-11,1954-01-01,2026-09-07T15:56:41Z,value,9562.0,,who.gho.cm-02,raw/who.gho.cm-02/2026/09/20260907T155641Z-022407e160ee.json.gz,2
who.gho.cm-02,CM_02:TGO:SEX_BTSX:AGEGROUP_MONTHS0-11,1954-01-01,2026-09-07T15:51:25Z,high,10516.0,,who.gho.cm-02,raw/who.gho.cm-02/2026/09/20260907T155125Z-b41e2575e826.json.gz,2
who.gho.cm-02,CM_02:TGO:SEX_BTSX:AGEGROUP_MONTHS0-11,1954-01-01,2026-09-07T15:51:25Z,low,8840.0,,who.gho.cm-02,raw/who.gho.cm-02/2026/09/20260907T155125Z-b41e2575e826.json.gz,2
who.gho.cm-02,CM_02:TGO:SEX_BTSX:AGEGROUP_MONTHS0-11,1954-01-01,2026-09-07T15:51:25Z,restated_at,2026-08-04,,who.gho.cm-02,raw/who.gho.cm-02/2026/09/20260907T155125Z-b41e2575e826.json.gz,2
who.gho.cm-02,CM_02:TGO:SEX_BTSX:AGEGROUP_MONTHS0-11,1954-01-01,2026-09-07T15:51:25Z,value,9644.0,,who.gho.cm-02,raw/who.gho.cm-02/2026/09/20260907T155125Z-b41e2575e826.json.gz,2
who.gho.cm-02,CM_02:TGO:SEX_FMLE:AGEGROUP_MONTHS0-11,1954-01-01,2026-09-07T15:51:01Z,high,4825.0,,who.gho.cm-02,raw/who.gho.cm-02/2026/09/20260907T155101Z-65d1a3fa0413.json.gz,2
who.gho.cm-02,CM_02:TGO:SEX_FMLE:AGEGROUP_MONTHS0-11,1954-01-01,2026-09-07T15:51:01Z,low,3939.0,,who.gho.cm-02,raw/who.gho.cm-02/2026/09/20260907T155101Z-65d1a3fa0413.json.gz,2
who.gho.cm-02,CM_02:TGO:SEX_FMLE:AGEGROUP_MONTHS0-11,1954-01-01,2026-09-07T15:51:01Z,restated_at,2026-08-04,,who.gho.cm-02,raw/who.gho.cm-02/2026/09/20260907T155101Z-65d1a3fa0413.json.gz,2
who.gho.cm-02,CM_02:TGO:SEX_FMLE:AGEGROUP_MONTHS0-11,1954-01-01,2026-09-07T15:51:01Z,value,4366.0,,who.gho.cm-02,raw/who.gho.cm-02/2026/09/20260907T155101Z-65d1a3fa0413.json.gz,2
who.gho.cm-02,CM_02:TGO:SEX_MLE:AGEGROUP_MONTHS0-11,1954-01-01,2026-09-07T15:52:26Z,high,5798.0,,who.gho.cm-02,raw/who.gho.cm-02/2026/09/20260907T155226Z-b536cc4a2b4c.json.gz,2
who.gho.cm-02,CM_02:TGO:SEX_MLE:AGEGROUP_MONTHS0-11,1954-01-01,2026-09-07T15:52:26Z,low,4783.0,,who.gho.cm-02,raw/who.gho.cm-02/2026/09/20260907T155226Z-b536cc4a2b4c.json.gz,2
who.gho.cm-02,CM_02:TGO:SEX_MLE:AGEGROUP_MONTHS0-11,1954-01-01,2026-09-07T15:52:26Z,restated_at,2026-08-04,,who.gho.cm-02,raw/who.gho.cm-02/2026/09/20260907T155226Z-b536cc4a2b4c.json.gz,2
who.gho.cm-02,CM_02:TGO:SEX_MLE:AGEGROUP_MONTHS0-11,1954-01-01,2026-09-07T15:52:26Z,value,5278.0,,who.gho.cm-02,raw/who.gho.cm-02/2026/09/20260907T155226Z-b536cc4a2b4c.json.gz,2
who.gho.cm-02,CM_02:THA:SEX_BTSX:AGEGROUP_MONTHS0-11,1954-01-01,2026-09-07T15:56:27Z,high,152699.0,,who.gho.cm-02,raw/who.gho.cm-02/2026/09/20260907T155627Z-19eb4e6c1215.json.gz,2
who.gho.cm-02,CM_02:THA:SEX_BTSX:AGEGROUP_MONTHS0-11,1954-01-01,2026-09-07T15:56:27Z,low,119402.0,,who.gho.cm-02,raw/who.gho.cm-02/2026/09/20260907T155627Z-19eb4e6c1215.json.gz,2
who.gho.cm-02,CM_02:THA:SEX_BTSX:AGEGROUP_MONTHS0-11,1954-01-01,2026-09-07T15:56:27Z,restated_at,2026-08-04,,who.gho.cm-02,raw/who.gho.cm-02/2026/09/20260907T155627Z-19eb4e6c1215.json.gz,2
who.gho.cm-02,CM_02:THA:SEX_BTSX:AGEGROUP_MONTHS0-11,1954-01-01,2026-09-07T15:56:27Z,value,135104.0,,who.gho.cm-02,raw/who.gho.cm-02/2026/09/20260907T155627Z-19eb4e6c1215.json.gz,2
who.gho.cm-02,CM_02:THA:SEX_FMLE:AGEGROUP_MONTHS0-11,1954-01-01,2026-09-07T15:57:35Z,high,69903.0,,who.gho.cm-02,raw/who.gho.cm-02/2026/09/20260907T155735Z-be5ff4c5352d.json.gz,2
who.gho.cm-02,CM_02:THA:SEX_FMLE:AGEGROUP_MONTHS0-11,1954-01-01,2026-09-07T15:57:35Z,low,53796.0,,who.gho.cm-02,raw/who.gho.cm-02/2026/09/20260907T155735Z-be5ff4c5352d.json.gz,2
who.gho.cm-02,CM_02:THA:SEX_FMLE:AGEGROUP_MONTHS0-11,1954-01-01,2026-09-07T15:57:35Z,restated_at,2026-08-04,,who.gho.cm-02,raw/who.gho.cm-02/2026/09/20260907T155735Z-be5ff4c5352d.json.gz,2
who.gho.cm-02,CM_02:THA:SEX_FMLE:AGEGROUP_MONTHS0-11,1954-01-01,2026-09-07T15:57:35Z,value,61275.0,,who.gho.cm-02,raw/who.gho.cm-02/2026/09/20260907T155735Z-be5ff4c5352d.json.gz,2
who.gho.cm-02,CM_02:THA:SEX_MLE:AGEGROUP_MONTHS0-11,1954-01-01,2026-09-07T15:56:37Z,high,83764.0,,who.gho.cm-02,raw/who.gho.cm-02/2026/09/20260907T155637Z-c7bda929b138.json.gz,2
who.gho.cm-02,CM_02:THA:SEX_MLE:AGEGROUP_MONTHS0-11,1954-01-01,2026-09-07T15:56:37Z,low,64901.0,,who.gho.cm-02,raw/who.gho.cm-02/2026/09/20260907T155637Z-c7bda929b138.json.gz,2
who.gho.cm-02,CM_02:THA:SEX_MLE:AGEGROUP_MONTHS0-11,1954-01-01,2026-09-07T15:56:37Z,restated_at,2026-08-04,,who.gho.cm-02,raw/who.gho.cm-02/2026/09/20260907T155637Z-c7bda929b138.json.gz,2
who.gho.cm-02,CM_02:THA:SEX_MLE:AGEGROUP_MONTHS0-11,1954-01-01,2026-09-07T15:56:37Z,value,73829.0,,who.gho.cm-02,raw/who.gho.cm-02/2026/09/20260907T155637Z-c7bda929b138.json.gz,2
who.gho.cm-02,CM_02:TTO:SEX_BTSX:AGEGROUP_MONTHS0-11,1954-01-01,2026-09-07T15:52:10Z,high,2672.0,,who.gho.cm-02,raw/who.gho.cm-02/2026/09/20260907T155210Z-c2e07328660e.json.gz,2
who.gho.cm-02,CM_02:TTO:SEX_BTSX:AGEGROUP_MONTHS0-11,1954-01-01,2026-09-07T15:52:10Z,low,1707.0,,who.gho.cm-02,raw/who.gho.cm-02/2026/09/20260907T155210Z-c2e07328660e.json.gz,2
who.gho.cm-02,CM_02:TTO:SEX_BTSX:AGEGROUP_MONTHS0-11,1954-01-01,2026-09-07T15:52:10Z,restated_at,2026-08-04,,who.gho.cm-02,raw/who.gho.cm-02/2026/09/20260907T155210Z-c2e07328660e.json.gz,2
who.gho.cm-02,CM_02:TTO:SEX_BTSX:AGEGROUP_MONTHS0-11,1954-01-01,2026-09-07T15:52:10Z,value,2115.0,,who.gho.cm-02,raw/who.gho.cm-02/2026/09/20260907T155210Z-c2e07328660e.json.gz,2
who.gho.cm-02,CM_02:TTO:SEX_FMLE:AGEGROUP_MONTHS0-11,1954-01-01,2026-09-07T15:57:40Z,high,1220.0,,who.gho.cm-02,raw/who.gho.cm-02/2026/09/20260907T155740Z-31068700a25d.json.gz,2
who.gho.cm-02,CM_02:TTO:SEX_FMLE:AGEGROUP_MONTHS0-11,1954-01-01,2026-09-07T15:57:40Z,low,768.0,,who.gho.cm-02,raw/who.gho.cm-02/2026/09/20260907T155740Z-31068700a25d.json.gz,2
who.gho.cm-02,CM_02:TTO:SEX_FMLE:AGEGROUP_MONTHS0-11,1954-01-01,2026-09-07T15:57:40Z,restated_at,2026-08-04,,who.gho.cm-02,raw/who.gho.cm-02/2026/09/20260907T155740Z-31068700a25d.json.gz,2
who.gho.cm-02,CM_02:TTO:SEX_FMLE:AGEGROUP_MONTHS0-11,1954-01-01,2026-09-07T15:57:40Z,value,959.0,,who.gho.cm-02,raw/who.gho.cm-02/2026/09/20260907T155740Z-31068700a25d.json.gz,2
who.gho.cm-02,CM_02:TTO:SEX_MLE:AGEGROUP_MONTHS0-11,1954-01-01,2026-09-07T15:58:12Z,high,1463.0,,who.gho.cm-02,raw/who.gho.cm-02/2026/09/20260907T155812Z-02a2023435be.json.gz,2
who.gho.cm-02,CM_02:TTO:SEX_MLE:AGEGROUP_MONTHS0-11,1954-01-01,2026-09-07T15:58:12Z,low,928.0,,who.gho.cm-02,raw/who.gho.cm-02/2026/09/20260907T155812Z-02a2023435be.json.gz,2
who.gho.cm-02,CM_02:TTO:SEX_MLE:AGEGROUP_MONTHS0-11,1954-01-01,2026-09-07T15:58:12Z,restated_at,2026-08-04,,who.gho.cm-02,raw/who.gho.cm-02/2026/09/20260907T155812Z-02a2023435be.json.gz,2
who.gho.cm-02,CM_02:TTO:SEX_MLE:AGEGROUP_MONTHS0-11,1954-01-01,2026-09-07T15:58:12Z,value,1156.0,,who.gho.cm-02,raw/who.gho.cm-02/2026/09/20260907T155812Z-02a2023435be.json.gz,2
who.gho.cm-02,CM_02:TUR:SEX_BTSX:AGEGROUP_MONTHS0-11,1954-01-01,2026-09-07T15:51:40Z,high,232887.0,,who.gho.cm-02,raw/who.gho.cm-02/2026/09/20260907T155140Z-2ccf90b4d287.json.gz,2
who.gho.cm-02,CM_02:TUR:SEX_BTSX:AGEGROUP_MONTHS0-11,1954-01-01,2026-09-07T15:51:40Z,low,174678.0,,who.gho.cm-02,raw/who.gho.cm-02/2026/09/20260907T155140Z-2ccf90b4d287.json.gz,2
who.gho.cm-02,CM_02:TUR:SEX_BTSX:AGEGROUP_MONTHS0-11,1954-01-01,2026-09-07T15:51:40Z,restated_at,2026-08-04,,who.gho.cm-02,raw/who.gho.cm-02/2026/09/20260907T155140Z-2ccf90b4d287.json.gz,2
who.gho.cm-02,CM_02:TUR:SEX_BTSX:AGEGROUP_MONTHS0-11,1954-01-01,2026-09-07T15:51:40Z,value,201677.0,,who.gho.cm-02,raw/who.gho.cm-02/2026/09/20260907T155140Z-2ccf90b4d287.json.gz,2
who.gho.cm-02,CM_02:TUR:SEX_FMLE:AGEGROUP_MONTHS0-11,1954-01-01,2026-09-07T15:56:48Z,high,106006.0,,who.gho.cm-02,raw/who.gho.cm-02/2026/09/20260907T155648Z-e962102586d9.json.gz,2
who.gho.cm-02,CM_02:TUR:SEX_FMLE:AGEGROUP_MONTHS0-11,1954-01-01,2026-09-07T15:56:48Z,low,78704.0,,who.gho.cm-02,raw/who.gho.cm-02/2026/09/20260907T155648Z-e962102586d9.json.gz,2
who.gho.cm-02,CM_02:TUR:SEX_FMLE:AGEGROUP_MONTHS0-11,1954-01-01,2026-09-07T15:56:48Z,restated_at,2026-08-04,,who.gho.cm-02,raw/who.gho.cm-02/2026/09/20260907T155648Z-e962102586d9.json.gz,2
who.gho.cm-02,CM_02:TUR:SEX_FMLE:AGEGROUP_MONTHS0-11,1954-01-01,2026-09-07T15:56:48Z,value,91489.0,,who.gho.cm-02,raw/who.gho.cm-02/2026/09/20260907T155648Z-e962102586d9.json.gz,2
who.gho.cm-02,CM_02:TUR:SEX_MLE:AGEGROUP_MONTHS0-11,1954-01-01,2026-09-07T15:51:54Z,high,127577.0,,who.gho.cm-02,raw/who.gho.cm-02/2026/09/20260907T155154Z-820134cf428b.json.gz,2
who.gho.cm-02,CM_02:TUR:SEX_MLE:AGEGROUP_MONTHS0-11,1954-01-01,2026-09-07T15:51:54Z,low,95110.0,,who.gho.cm-02,raw/who.gho.cm-02/2026/09/20260907T155154Z-820134cf428b.json.gz,2
who.gho.cm-02,CM_02:TUR:SEX_MLE:AGEGROUP_MONTHS0-11,1954-01-01,2026-09-07T15:51:54Z,restated_at,2026-08-04,,who.gho.cm-02,raw/who.gho.cm-02/2026/09/20260907T155154Z-820134cf428b.json.gz,2
who.gho.cm-02,CM_02:TUR:SEX_MLE:AGEGROUP_MONTHS0-11,1954-01-01,2026-09-07T15:51:54Z,value,110188.0,,who.gho.cm-02,raw/who.gho.cm-02/2026/09/20260907T155154Z-820134cf428b.json.gz,2
who.gho.cm-02,CM_02:TZA:SEX_BTSX:AGEGROUP_MONTHS0-11,1954-01-01,2026-09-07T15:51:50Z,high,54798.0,,who.gho.cm-02,raw/who.gho.cm-02/2026/09/20260907T155150Z-b2442ef3f6e6.json.gz,2
who.gho.cm-02,CM_02:TZA:SEX_BTSX:AGEGROUP_MONTHS0-11,1954-01-01,2026-09-07T15:51:50Z,low,39742.0,,who.gho.cm-02,raw/who.gho.cm-02/2026/09/20260907T155150Z-b2442ef3f6e6.json.gz,2
who.gho.cm-02,CM_02:TZA:SEX_BTSX:AGEGROUP_MONTHS0-11,1954-01-01,2026-09-07T15:51:50Z,restated_at,2026-08-04,,who.gho.cm-02,raw/who.gho.cm-02/2026/09/20260907T155150Z-b2442ef3f6e6.json.gz,2
who.gho.cm-02,CM_02:TZA:SEX_BTSX:AGEGROUP_MONTHS0-11,1954-01-01,2026-09-07T15:51:50Z,value,46721.0,,who.gho.cm-02,raw/who.gho.cm-02/2026/09/20260907T155150Z-b2442ef3f6e6.json.gz,2
who.gho.cm-02,CM_02:TZA:SEX_FMLE:AGEGROUP_MONTHS0-11,1954-01-01,2026-09-07T15:52:03Z,high,25517.0,,who.gho.cm-02,raw/who.gho.cm-02/2026/09/20260907T155203Z-07dabadb5738.json.gz,2
who.gho.cm-02,CM_02:TZA:SEX_FMLE:AGEGROUP_MONTHS0-11,1954-01-01,2026-09-07T15:52:03Z,low,18201.0,,who.gho.cm-02,raw/who.gho.cm-02/2026/09/20260907T155203Z-07dabadb5738.json.gz,2
who.gho.cm-02,CM_02:TZA:SEX_FMLE:AGEGROUP_MONTHS0-11,1954-01-01,2026-09-07T15:52:03Z,restated_at,2026-08-04,,who.gho.cm-02,raw/who.gho.cm-02/2026/09/20260907T155203Z-07dabadb5738.json.gz,2
who.gho.cm-02,CM_02:TZA:SEX_FMLE:AGEGROUP_MONTHS0-11,1954-01-01,2026-09-07T15:52:03Z,value,21612.0,,who.gho.cm-02,raw/who.gho.cm-02/2026/09/20260907T155203Z-07dabadb5738.json.gz,2
who.gho.cm-02,CM_02:TZA:SEX_MLE:AGEGROUP_MONTHS0-11,1954-01-01,2026-09-07T15:51:40Z,high,29533.0,,who.gho.cm-02,raw/who.gho.cm-02/2026/09/20260907T155140Z-2ccf90b4d287.json.gz,2
who.gho.cm-02,CM_02:TZA:SEX_MLE:AGEGROUP_MONTHS0-11,1954-01-01,2026-09-07T15:51:40Z,low,21253.0,,who.gho.cm-02,raw/who.gho.cm-02/2026/09/20260907T155140Z-2ccf90b4d287.json.gz,2
who.gho.cm-02,CM_02:TZA:SEX_MLE:AGEGROUP_MONTHS0-11,1954-01-01,2026-09-07T15:51:40Z,restated_at,2026-08-04,,who.gho.cm-02,raw/who.gho.cm-02/2026/09/20260907T155140Z-2ccf90b4d287.json.gz,2
who.gho.cm-02,CM_02:TZA:SEX_MLE:AGEGROUP_MONTHS0-11,1954-01-01,2026-09-07T15:51:40Z,value,25109.0,,who.gho.cm-02,raw/who.gho.cm-02/2026/09/20260907T155140Z-2ccf90b4d287.json.gz,2
who.gho.cm-02,CM_02:UGA:SEX_BTSX:AGEGROUP_MONTHS0-11,1954-01-01,2026-09-07T15:51:21Z,high,56244.0,,who.gho.cm-02,raw/who.gho.cm-02/2026/09/20260907T155121Z-1b14643329ca.json.gz,2
who.gho.cm-02,CM_02:UGA:SEX_BTSX:AGEGROUP_MONTHS0-11,1954-01-01,2026-09-07T15:51:21Z,low,34457.0,,who.gho.cm-02,raw/who.gho.cm-02/2026/09/20260907T155121Z-1b14643329ca.json.gz,2
who.gho.cm-02,CM_02:UGA:SEX_BTSX:AGEGROUP_MONTHS0-11,1954-01-01,2026-09-07T15:51:21Z,restated_at,2026-08-04,,who.gho.cm-02,raw/who.gho.cm-02/2026/09/20260907T155121Z-1b14643329ca.json.gz,2
who.gho.cm-02,CM_02:UGA:SEX_BTSX:AGEGROUP_MONTHS0-11,1954-01-01,2026-09-07T15:51:21Z,value,44252.0,,who.gho.cm-02,raw/who.gho.cm-02/2026/09/20260907T155121Z-1b14643329ca.json.gz,2
who.gho.cm-02,CM_02:UGA:SEX_FMLE:AGEGROUP_MONTHS0-11,1954-01-01,2026-09-07T15:57:21Z,high,25942.0,,who.gho.cm-02,raw/who.gho.cm-02/2026/09/20260907T155721Z-a2b5c178c29b.json.gz,2
who.gho.cm-02,CM_02:UGA:SEX_FMLE:AGEGROUP_MONTHS0-11,1954-01-01,2026-09-07T15:57:21Z,low,15799.0,,who.gho.cm-02,raw/who.gho.cm-02/2026/09/20260907T155721Z-a2b5c178c29b.json.gz,2
who.gho.cm-02,CM_02:UGA:SEX_FMLE:AGEGROUP_MONTHS0-11,1954-01-01,2026-09-07T15:57:21Z,restated_at,2026-08-04,,who.gho.cm-02,raw/who.gho.cm-02/2026/09/20260907T155721Z-a2b5c178c29b.json.gz,2
who.gho.cm-02,CM_02:UGA:SEX_FMLE:AGEGROUP_MONTHS0-11,1954-01-01,2026-09-07T15:57:21Z,value,20332.0,,who.gho.cm-02,raw/who.gho.cm-02/2026/09/20260907T155721Z-a2b5c178c29b.json.gz,2
who.gho.cm-02,CM_02:UGA:SEX_MLE:AGEGROUP_MONTHS0-11,1954-01-01,2026-09-07T15:56:37Z,high,30524.0,,who.gho.cm-02,raw/who.gho.cm-02/2026/09/20260907T155637Z-c7bda929b138.json.gz,2
who.gho.cm-02,CM_02:UGA:SEX_MLE:AGEGROUP_MONTHS0-11,1954-01-01,2026-09-07T15:56:37Z,low,18603.0,,who.gho.cm-02,raw/who.gho.cm-02/2026/09/20260907T155637Z-c7bda929b138.json.gz,2
who.gho.cm-02,CM_02:UGA:SEX_MLE:AGEGROUP_MONTHS0-11,1954-01-01,2026-09-07T15:56:37Z,restated_at,2026-08-04,,who.gho.cm-02,raw/who.gho.cm-02/2026/09/20260907T155637Z-c7bda929b138.json.gz,2
who.gho.cm-02,CM_02:UGA:SEX_MLE:AGEGROUP_MONTHS0-11,1954-01-01,2026-09-07T15:56:37Z,value,23920.0,,who.gho.cm-02,raw/who.gho.cm-02/2026/09/20260907T155637Z-c7bda929b138.json.gz,2
who.gho.cm-02,CM_02:URY:SEX_BTSX:AGEGROUP_MONTHS0-11,1954-01-01,2026-09-07T15:58:04Z,high,2746.0,,who.gho.cm-02,raw/who.gho.cm-02/2026/09/20260907T155804Z-3e19927fa86a.json.gz,2
who.gho.cm-02,CM_02:URY:SEX_BTSX:AGEGROUP_MONTHS0-11,1954-01-01,2026-09-07T15:58:04Z,low,2569.0,,who.gho.cm-02,raw/who.gho.cm-02/2026/09/20260907T155804Z-3e19927fa86a.json.gz,2
who.gho.cm-02,CM_02:URY:SEX_BTSX:AGEGROUP_MONTHS0-11,1954-01-01,2026-09-07T15:58:04Z,restated_at,2026-08-04,,who.gho.cm-02,raw/who.gho.cm-02/2026/09/20260907T155804Z-3e19927fa86a.json.gz,2
who.gho.cm-02,CM_02:URY:SEX_BTSX:AGEGROUP_MONTHS0-11,1954-01-01,2026-09-07T15:58:04Z,value,2656.0,,who.gho.cm-02,raw/who.gho.cm-02/2026/09/20260907T155804Z-3e19927fa86a.json.gz,2
who.gho.cm-02,CM_02:URY:SEX_FMLE:AGEGROUP_MONTHS0-11,1954-01-01,2026-09-07T15:51:44Z,high,1204.0,,who.gho.cm-02,raw/who.gho.cm-02/2026/09/20260907T155144Z-505d97ce9093.json.gz,2
who.gho.cm-02,CM_02:URY:SEX_FMLE:AGEGROUP_MONTHS0-11,1954-01-01,2026-09-07T15:51:44Z,low,1111.0,,who.gho.cm-02,raw/who.gho.cm-02/2026/09/20260907T155144Z-505d97ce9093.json.gz,2
who.gho.cm-02,CM_02:URY:SEX_FMLE:AGEGROUP_MONTHS0-11,1954-01-01,2026-09-07T15:51:44Z,restated_at,2026-08-04,,who.gho.cm-02,raw/who.gho.cm-02/2026/09/20260907T155144Z-505d97ce9093.json.gz,2
who.gho.cm-02,CM_02:URY:SEX_FMLE:AGEGROUP_MONTHS0-11,1954-01-01,2026-09-07T15:51:44Z,value,1157.0,,who.gho.cm-02,raw/who.gho.cm-02/2026/09/20260907T155144Z-505d97ce9093.json.gz,2
who.gho.cm-02,CM_02:URY:SEX_MLE:AGEGROUP_MONTHS0-11,1954-01-01,2026-09-07T15:57:17Z,high,1556.0,,who.gho.cm-02,raw/who.gho.cm-02/2026/09/20260907T155717Z-89bc69b90b61.json.gz,2
who.gho.cm-02,CM_02:URY:SEX_MLE:AGEGROUP_MONTHS0-11,1954-01-01,2026-09-07T15:57:17Z,low,1443.0,,who.gho.cm-02,raw/who.gho.cm-02/2026/09/20260907T155717Z-89bc69b90b61.json.gz,2
who.gho.cm-02,CM_02:URY:SEX_MLE:AGEGROUP_MONTHS0-11,1954-01-01,2026-09-07T15:57:17Z,restated_at,2026-08-04,,who.gho.cm-02,raw/who.gho.cm-02/2026/09/20260907T155717Z-89bc69b90b61.json.gz,2
who.gho.cm-02,CM_02:URY:SEX_MLE:AGEGROUP_MONTHS0-11,1954-01-01,2026-09-07T15:57:17Z,value,1499.0,,who.gho.cm-02,raw/who.gho.cm-02/2026/09/20260907T155717Z-89bc69b90b61.json.gz,2
who.gho.cm-02,CM_02:USA:SEX_BTSX:AGEGROUP_MONTHS0-11,1954-01-01,2026-09-07T15:51:21Z,high,118236.0,,who.gho.cm-02,raw/who.gho.cm-02/2026/09/20260907T155121Z-1b14643329ca.json.gz,2
who.gho.cm-02,CM_02:USA:SEX_BTSX:AGEGROUP_MONTHS0-11,1954-01-01,2026-09-07T15:51:21Z,low,114239.0,,who.gho.cm-02,raw/who.gho.cm-02/2026/09/20260907T155121Z-1b14643329ca.json.gz,2
who.gho.cm-02,CM_02:USA:SEX_BTSX:AGEGROUP_MONTHS0-11,1954-01-01,2026-09-07T15:51:21Z,restated_at,2026-08-04,,who.gho.cm-02,raw/who.gho.cm-02/2026/09/20260907T155121Z-1b14643329ca.json.gz,2
who.gho.cm-02,CM_02:USA:SEX_BTSX:AGEGROUP_MONTHS0-11,1954-01-01,2026-09-07T15:51:21Z,value,116246.0,,who.gho.cm-02,raw/who.gho.cm-02/2026/09/20260907T155121Z-1b14643329ca.json.gz,2
who.gho.cm-02,CM_02:USA:SEX_FMLE:AGEGROUP_MONTHS0-11,1954-01-01,2026-09-07T15:51:30Z,high,50098.0,,who.gho.cm-02,raw/who.gho.cm-02/2026/09/20260907T155130Z-b74d44aee08e.json.gz,2
who.gho.cm-02,CM_02:USA:SEX_FMLE:AGEGROUP_MONTHS0-11,1954-01-01,2026-09-07T15:51:30Z,low,48312.0,,who.gho.cm-02,raw/who.gho.cm-02/2026/09/20260907T155130Z-b74d44aee08e.json.gz,2
who.gho.cm-02,CM_02:USA:SEX_FMLE:AGEGROUP_MONTHS0-11,1954-01-01,2026-09-07T15:51:30Z,restated_at,2026-08-04,,who.gho.cm-02,raw/who.gho.cm-02/2026/09/20260907T155130Z-b74d44aee08e.json.gz,2
who.gho.cm-02,CM_02:USA:SEX_FMLE:AGEGROUP_MONTHS0-11,1954-01-01,2026-09-07T15:51:30Z,value,49211.0,,who.gho.cm-02,raw/who.gho.cm-02/2026/09/20260907T155130Z-b74d44aee08e.json.gz,2
who.gho.cm-02,CM_02:USA:SEX_MLE:AGEGROUP_MONTHS0-11,1954-01-01,2026-09-07T15:57:49Z,high,68216.0,,who.gho.cm-02,raw/who.gho.cm-02/2026/09/20260907T155749Z-8808ed0c9a07.json.gz,2
who.gho.cm-02,CM_02:USA:SEX_MLE:AGEGROUP_MONTHS0-11,1954-01-01,2026-09-07T15:57:49Z,low,65854.0,,who.gho.cm-02,raw/who.gho.cm-02/2026/09/20260907T155749Z-8808ed0c9a07.json.gz,2
who.gho.cm-02,CM_02:USA:SEX_MLE:AGEGROUP_MONTHS0-11,1954-01-01,2026-09-07T15:57:49Z,restated_at,2026-08-04,,who.gho.cm-02,raw/who.gho.cm-02/2026/09/20260907T155749Z-8808ed0c9a07.json.gz,2
who.gho.cm-02,CM_02:USA:SEX_MLE:AGEGROUP_MONTHS0-11,1954-01-01,2026-09-07T15:57:49Z,value,67035.0,,who.gho.cm-02,raw/who.gho.cm-02/2026/09/20260907T155749Z-8808ed0c9a07.json.gz,2
who.gho.cm-02,CM_02:VEN:SEX_BTSX:AGEGROUP_MONTHS0-11,1954-01-01,2026-09-07T15:57:54Z,high,28000.0,,who.gho.cm-02,raw/who.gho.cm-02/2026/09/20260907T155754Z-3bea881db2b4.json.gz,2
who.gho.cm-02,CM_02:VEN:SEX_BTSX:AGEGROUP_MONTHS0-11,1954-01-01,2026-09-07T15:57:54Z,low,16621.0,,who.gho.cm-02,raw/who.gho.cm-02/2026/09/20260907T155754Z-3bea881db2b4.json.gz,2
who.gho.cm-02,CM_02:VEN:SEX_BTSX:AGEGROUP_MONTHS0-11,1954-01-01,2026-09-07T15:57:54Z,restated_at,2026-08-04,,who.gho.cm-02,raw/who.gho.cm-02/2026/09/20260907T155754Z-3bea881db2b4.json.gz,2
who.gho.cm-02,CM_02:VEN:SEX_BTSX:AGEGROUP_MONTHS0-11,1954-01-01,2026-09-07T15:57:54Z,value,21467.0,,who.gho.cm-02,raw/who.gho.cm-02/2026/09/20260907T155754Z-3bea881db2b4.json.gz,2
who.gho.cm-02,CM_02:VEN:SEX_FMLE:AGEGROUP_MONTHS0-11,1954-01-01,2026-09-07T15:51:16Z,high,12296.0,,who.gho.cm-02,raw/who.gho.cm-02/2026/09/20260907T155116Z-bb01bf96bc15.json.gz,2
who.gho.cm-02,CM_02:VEN:SEX_FMLE:AGEGROUP_MONTHS0-11,1954-01-01,2026-09-07T15:51:16Z,low,7202.0,,who.gho.cm-02,raw/who.gho.cm-02/2026/09/20260907T155116Z-bb01bf96bc15.json.gz,2
who.gho.cm-02,CM_02:VEN:SEX_FMLE:AGEGROUP_MONTHS0-11,1954-01-01,2026-09-07T15:51:16Z,restated_at,2026-08-04,,who.gho.cm-02,raw/who.gho.cm-02/2026/09/20260907T155116Z-bb01bf96bc15.json.gz,2
who.gho.cm-02,CM_02:VEN:SEX_FMLE:AGEGROUP_MONTHS0-11,1954-01-01,2026-09-07T15:51:16Z,value,9368.0,,who.gho.cm-02,raw/who.gho.cm-02/2026/09/20260907T155116Z-bb01bf96bc15.json.gz,2
who.gho.cm-02,CM_02:VEN:SEX_MLE:AGEGROUP_MONTHS0-11,1954-01-01,2026-09-07T15:51:44Z,high,15802.0,,who.gho.cm-02,raw/who.gho.cm-02/2026/09/20260907T155144Z-505d97ce9093.json.gz,2
who.gho.cm-02,CM_02:VEN:SEX_MLE:AGEGROUP_MONTHS0-11,1954-01-01,2026-09-07T15:51:44Z,low,9338.0,,who.gho.cm-02,raw/who.gho.cm-02/2026/09/20260907T155144Z-505d97ce9093.json.gz,2
who.gho.cm-02,CM_02:VEN:SEX_MLE:AGEGROUP_MONTHS0-11,1954-01-01,2026-09-07T15:51:44Z,restated_at,2026-08-04,,who.gho.cm-02,raw/who.gho.cm-02/2026/09/20260907T155144Z-505d97ce9093.json.gz,2
who.gho.cm-02,CM_02:VEN:SEX_MLE:AGEGROUP_MONTHS0-11,1954-01-01,2026-09-07T15:51:44Z,value,12099.0,,who.gho.cm-02,raw/who.gho.cm-02/2026/09/20260907T155144Z-505d97ce9093.json.gz,2
who.gho.cm-02,CM_02:VUT:SEX_BTSX:AGEGROUP_MONTHS0-11,1954-01-01,2026-09-07T15:51:30Z,high,360.0,,who.gho.cm-02,raw/who.gho.cm-02/2026/09/20260907T155130Z-b74d44aee08e.json.gz,2
who.gho.cm-02,CM_02:VUT:SEX_BTSX:AGEGROUP_MONTHS0-11,1954-01-01,2026-09-07T15:51:30Z,low,242.0,,who.gho.cm-02,raw/who.gho.cm-02/2026/09/20260907T155130Z-b74d44aee08e.json.gz,2
who.gho.cm-02,CM_02:VUT:SEX_BTSX:AGEGROUP_MONTHS0-11,1954-01-01,2026-09-07T15:51:30Z,restated_at,2026-08-04,,who.gho.cm-02,raw/who.gho.cm-02/2026/09/20260907T155130Z-b74d44aee08e.json.gz,2
who.gho.cm-02,CM_02:VUT:SEX_BTSX:AGEGROUP_MONTHS0-11,1954-01-01,2026-09-07T15:51:30Z,value,294.0,,who.gho.cm-02,raw/who.gho.cm-02/2026/09/20260907T155130Z-b74d44aee08e.json.gz,2
who.gho.cm-02,CM_02:VUT:SEX_FMLE:AGEGROUP_MONTHS0-11,1954-01-01,2026-09-07T15:51:50Z,high,167.0,,who.gho.cm-02,raw/who.gho.cm-02/2026/09/20260907T155150Z-b2442ef3f6e6.json.gz,2
who.gho.cm-02,CM_02:VUT:SEX_FMLE:AGEGROUP_MONTHS0-11,1954-01-01,2026-09-07T15:51:50Z,low,110.0,,who.gho.cm-02,raw/who.gho.cm-02/2026/09/20260907T155150Z-b2442ef3f6e6.json.gz,2
who.gho.cm-02,CM_02:VUT:SEX_FMLE:AGEGROUP_MONTHS0-11,1954-01-01,2026-09-07T15:51:50Z,restated_at,2026-08-04,,who.gho.cm-02,raw/who.gho.cm-02/2026/09/20260907T155150Z-b2442ef3f6e6.json.gz,2
who.gho.cm-02,CM_02:VUT:SEX_FMLE:AGEGROUP_MONTHS0-11,1954-01-01,2026-09-07T15:51:50Z,value,135.0,,who.gho.cm-02,raw/who.gho.cm-02/2026/09/20260907T155150Z-b2442ef3f6e6.json.gz,2
who.gho.cm-02,CM_02:VUT:SEX_MLE:AGEGROUP_MONTHS0-11,1954-01-01,2026-09-07T15:57:35Z,high,197.0,,who.gho.cm-02,raw/who.gho.cm-02/2026/09/20260907T155735Z-be5ff4c5352d.json.gz,2
who.gho.cm-02,CM_02:VUT:SEX_MLE:AGEGROUP_MONTHS0-11,1954-01-01,2026-09-07T15:57:35Z,low,130.0,,who.gho.cm-02,raw/who.gho.cm-02/2026/09/20260907T155735Z-be5ff4c5352d.json.gz,2
who.gho.cm-02,CM_02:VUT:SEX_MLE:AGEGROUP_MONTHS0-11,1954-01-01,2026-09-07T15:57:35Z,restated_at,2026-08-04,,who.gho.cm-02,raw/who.gho.cm-02/2026/09/20260907T155735Z-be5ff4c5352d.json.gz,2
who.gho.cm-02,CM_02:VUT:SEX_MLE:AGEGROUP_MONTHS0-11,1954-01-01,2026-09-07T15:57:35Z,value,159.0,,who.gho.cm-02,raw/who.gho.cm-02/2026/09/20260907T155735Z-be5ff4c5352d.json.gz,2
who.gho.cm-02,CM_02:WSM:SEX_BTSX:AGEGROUP_MONTHS0-11,1954-01-01,2026-09-07T15:53:02Z,high,549.0,,who.gho.cm-02,raw/who.gho.cm-02/2026/09/20260907T155302Z-206bb5f6993f.json.gz,2
who.gho.cm-02,CM_02:WSM:SEX_BTSX:AGEGROUP_MONTHS0-11,1954-01-01,2026-09-07T15:53:02Z,low,443.0,,who.gho.cm-02,raw/who.gho.cm-02/2026/09/20260907T155302Z-206bb5f6993f.json.gz,2
who.gho.cm-02,CM_02:WSM:SEX_BTSX:AGEGROUP_MONTHS0-11,1954-01-01,2026-09-07T15:53:02Z,restated_at,2026-08-04,,who.gho.cm-02,raw/who.gho.cm-02/2026/09/20260907T155302Z-206bb5f6993f.json.gz,2
who.gho.cm-02,CM_02:WSM:SEX_BTSX:AGEGROUP_MONTHS0-11,1954-01-01,2026-09-07T15:53:02Z,value,494.0,,who.gho.cm-02,raw/who.gho.cm-02/2026/09/20260907T155302Z-206bb5f6993f.json.gz,2
who.gho.cm-02,CM_02:WSM:SEX_FMLE:AGEGROUP_MONTHS0-11,1954-01-01,2026-09-07T15:54:17Z,high,248.0,,who.gho.cm-02,raw/who.gho.cm-02/2026/09/20260907T155417Z-e87fb31944b5.json.gz,2
who.gho.cm-02,CM_02:WSM:SEX_FMLE:AGEGROUP_MONTHS0-11,1954-01-01,2026-09-07T15:54:17Z,low,194.0,,who.gho.cm-02,raw/who.gho.cm-02/2026/09/20260907T155417Z-e87fb31944b5.json.gz,2
who.gho.cm-02,CM_02:WSM:SEX_FMLE:AGEGROUP_MONTHS0-11,1954-01-01,2026-09-07T15:54:17Z,restated_at,2026-08-04,,who.gho.cm-02,raw/who.gho.cm-02/2026/09/20260907T155417Z-e87fb31944b5.json.gz,2
who.gho.cm-02,CM_02:WSM:SEX_FMLE:AGEGROUP_MONTHS0-11,1954-01-01,2026-09-07T15:54:17Z,value,219.0,,who.gho.cm-02,raw/who.gho.cm-02/2026/09/20260907T155417Z-e87fb31944b5.json.gz,2
who.gho.cm-02,CM_02:WSM:SEX_MLE:AGEGROUP_MONTHS0-11,1954-01-01,2026-09-07T15:54:17Z,high,308.0,,who.gho.cm-02,raw/who.gho.cm-02/2026/09/20260907T155417Z-e87fb31944b5.json.gz,2
who.gho.cm-02,CM_02:WSM:SEX_MLE:AGEGROUP_MONTHS0-11,1954-01-01,2026-09-07T15:54:17Z,low,243.0,,who.gho.cm-02,raw/who.gho.cm-02/2026/09/20260907T155417Z-e87fb31944b5.json.gz,2
who.gho.cm-02,CM_02:WSM:SEX_MLE:AGEGROUP_MONTHS0-11,1954-01-01,2026-09-07T15:54:17Z,restated_at,2026-08-04,,who.gho.cm-02,raw/who.gho.cm-02/2026/09/20260907T155417Z-e87fb31944b5.json.gz,2
who.gho.cm-02,CM_02:WSM:SEX_MLE:AGEGROUP_MONTHS0-11,1954-01-01,2026-09-07T15:54:17Z,value,275.0,,who.gho.cm-02,raw/who.gho.cm-02/2026/09/20260907T155417Z-e87fb31944b5.json.gz,2
who.gho.cm-02,CM_02:ZMB:SEX_BTSX:AGEGROUP_MONTHS0-11,1954-01-01,2026-09-07T15:53:02Z,high,17089.0,,who.gho.cm-02,raw/who.gho.cm-02/2026/09/20260907T155302Z-206bb5f6993f.json.gz,2
who.gho.cm-02,CM_02:ZMB:SEX_BTSX:AGEGROUP_MONTHS0-11,1954-01-01,2026-09-07T15:53:02Z,low,10647.0,,who.gho.cm-02,raw/who.gho.cm-02/2026/09/20260907T155302Z-206bb5f6993f.json.gz,2
who.gho.cm-02,CM_02:ZMB:SEX_BTSX:AGEGROUP_MONTHS0-11,1954-01-01,2026-09-07T15:53:02Z,restated_at,2026-08-04,,who.gho.cm-02,raw/who.gho.cm-02/2026/09/20260907T155302Z-206bb5f6993f.json.gz,2
who.gho.cm-02,CM_02:ZMB:SEX_BTSX:AGEGROUP_MONTHS0-11,1954-01-01,2026-09-07T15:53:02Z,value,13439.0,,who.gho.cm-02,raw/who.gho.cm-02/2026/09/20260907T155302Z-206bb5f6993f.json.gz,2
who.gho.cm-02,CM_02:ZMB:SEX_FMLE:AGEGROUP_MONTHS0-11,1954-01-01,2026-09-07T15:51:11Z,high,8016.0,,who.gho.cm-02,raw/who.gho.cm-02/2026/09/20260907T155111Z-17577dbcf352.json.gz,2
who.gho.cm-02,CM_02:ZMB:SEX_FMLE:AGEGROUP_MONTHS0-11,1954-01-01,2026-09-07T15:51:11Z,low,4935.0,,who.gho.cm-02,raw/who.gho.cm-02/2026/09/20260907T155111Z-17577dbcf352.json.gz,2
who.gho.cm-02,CM_02:ZMB:SEX_FMLE:AGEGROUP_MONTHS0-11,1954-01-01,2026-09-07T15:51:11Z,restated_at,2026-08-04,,who.gho.cm-02,raw/who.gho.cm-02/2026/09/20260907T155111Z-17577dbcf352.json.gz,2
who.gho.cm-02,CM_02:ZMB:SEX_FMLE:AGEGROUP_MONTHS0-11,1954-01-01,2026-09-07T15:51:11Z,value,6284.0,,who.gho.cm-02,raw/who.gho.cm-02/2026/09/20260907T155111Z-17577dbcf352.json.gz,2
who.gho.cm-02,CM_02:ZMB:SEX_MLE:AGEGROUP_MONTHS0-11,1954-01-01,2026-09-07T15:51:21Z,high,9089.0,,who.gho.cm-02,raw/who.gho.cm-02/2026/09/20260907T155121Z-1b14643329ca.json.gz,2
who.gho.cm-02,CM_02:ZMB:SEX_MLE:AGEGROUP_MONTHS0-11,1954-01-01,2026-09-07T15:51:21Z,low,5649.0,,who.gho.cm-02,raw/who.gho.cm-02/2026/09/20260907T155121Z-1b14643329ca.json.gz,2
who.gho.cm-02,CM_02:ZMB:SEX_MLE:AGEGROUP_MONTHS0-11,1954-01-01,2026-09-07T15:51:21Z,restated_at,2026-08-04,,who.gho.cm-02,raw/who.gho.cm-02/2026/09/20260907T155121Z-1b14643329ca.json.gz,2
who.gho.cm-02,CM_02:ZMB:SEX_MLE:AGEGROUP_MONTHS0-11,1954-01-01,2026-09-07T15:51:21Z,value,7155.0,,who.gho.cm-02,raw/who.gho.cm-02/2026/09/20260907T155121Z-1b14643329ca.json.gz,2
who.gho.mdg-0000000007,MDG_0000000007:ATG:SEX_BTSX:AGEGROUP_YEARSUNDER5:WEALTHQUINTILE_TOTL,1954-01-01,2026-09-07T16:10:07Z,high,111.352330849,,who.gho.mdg-0000000007,raw/who.gho.mdg-0000000007/2026/09/20260907T161007Z-28c6cde3082c.json.gz,2
who.gho.mdg-0000000007,MDG_0000000007:ATG:SEX_BTSX:AGEGROUP_YEARSUNDER5:WEALTHQUINTILE_TOTL,1954-01-01,2026-09-07T16:10:07Z,low,98.991107431,,who.gho.mdg-0000000007,raw/who.gho.mdg-0000000007/2026/09/20260907T161007Z-28c6cde3082c.json.gz,2
who.gho.mdg-0000000007,MDG_0000000007:ATG:SEX_BTSX:AGEGROUP_YEARSUNDER5:WEALTHQUINTILE_TOTL,1954-01-01,2026-09-07T16:10:07Z,restated_at,2026-08-05,,who.gho.mdg-0000000007,raw/who.gho.mdg-0000000007/2026/09/20260907T161007Z-28c6cde3082c.json.gz,2
who.gho.mdg-0000000007,MDG_0000000007:ATG:SEX_BTSX:AGEGROUP_YEARSUNDER5:WEALTHQUINTILE_TOTL,1954-01-01,2026-09-07T16:10:07Z,value,104.934731789,,who.gho.mdg-0000000007,raw/who.gho.mdg-0000000007/2026/09/20260907T161007Z-28c6cde3082c.json.gz,2
who.gho.mdg-0000000007,MDG_0000000007:ATG:SEX_FMLE:AGEGROUP_YEARSUNDER5:WEALTHQUINTILE_TOTL,1954-01-01,2026-09-07T16:05:22Z,high,107.501260285,,who.gho.mdg-0000000007,raw/who.gho.mdg-0000000007/2026/09/20260907T160522Z-2bd49e664eea.json.gz,2
who.gho.mdg-0000000007,MDG_0000000007:ATG:SEX_FMLE:AGEGROUP_YEARSUNDER5:WEALTHQUINTILE_TOTL,1954-01-01,2026-09-07T16:05:22Z,low,94.556899726,,who.gho.mdg-0000000007,raw/who.gho.mdg-0000000007/2026/09/20260907T160522Z-2bd49e664eea.json.gz,2
who.gho.mdg-0000000007,MDG_0000000007:ATG:SEX_FMLE:AGEGROUP_YEARSUNDER5:WEALTHQUINTILE_TOTL,1954-01-01,2026-09-07T16:05:22Z,restated_at,2026-08-05,,who.gho.mdg-0000000007,raw/who.gho.mdg-0000000007/2026/09/20260907T160522Z-2bd49e664eea.json.gz,2
who.gho.mdg-0000000007,MDG_0000000007:ATG:SEX_FMLE:AGEGROUP_YEARSUNDER5:WEALTHQUINTILE_TOTL,1954-01-01,2026-09-07T16:05:22Z,value,100.785928673,,who.gho.mdg-0000000007,raw/who.gho.mdg-0000000007/2026/09/20260907T160522Z-2bd49e664eea.json.gz,2
who.gho.mdg-0000000007,MDG_0000000007:ATG:SEX_MLE:AGEGROUP_YEARSUNDER5:WEALTHQUINTILE_TOTL,1954-01-01,2026-09-07T16:05:18Z,high,115.978709556,,who.gho.mdg-0000000007,raw/who.gho.mdg-0000000007/2026/09/20260907T160518Z-f66c8acba372.json.gz,2
who.gho.mdg-0000000007,MDG_0000000007:ATG:SEX_MLE:AGEGROUP_YEARSUNDER5:WEALTHQUINTILE_TOTL,1954-01-01,2026-09-07T16:05:18Z,low,102.100093,,who.gho.mdg-0000000007,raw/who.gho.mdg-0000000007/2026/09/20260907T160518Z-f66c8acba372.json.gz,2
who.gho.mdg-0000000007,MDG_0000000007:ATG:SEX_MLE:AGEGROUP_YEARSUNDER5:WEALTHQUINTILE_TOTL,1954-01-01,2026-09-07T16:05:18Z,restated_at,2026-08-05,,who.gho.mdg-0000000007,raw/who.gho.mdg-0000000007/2026/09/20260907T160518Z-f66c8acba372.json.gz,2
who.gho.mdg-0000000007,MDG_0000000007:ATG:SEX_MLE:AGEGROUP_YEARSUNDER5:WEALTHQUINTILE_TOTL,1954-01-01,2026-09-07T16:05:18Z,value,108.84834625,,who.gho.mdg-0000000007,raw/who.gho.mdg-0000000007/2026/09/20260907T160518Z-f66c8acba372.json.gz,2
who.gho.mdg-0000000007,MDG_0000000007:AUS:SEX_BTSX:AGEGROUP_YEARSUNDER5:WEALTHQUINTILE_TOTL,1954-01-01,2026-09-07T16:09:46Z,high,29.294397621,,who.gho.mdg-0000000007,raw/who.gho.mdg-0000000007/2026/09/20260907T160946Z-716d23d235ed.json.gz,2
who.gho.mdg-0000000007,MDG_0000000007:AUS:SEX_BTSX:AGEGROUP_YEARSUNDER5:WEALTHQUINTILE_TOTL,1954-01-01,2026-09-07T16:09:46Z,low,28.145184207,,who.gho.mdg-0000000007,raw/who.gho.mdg-0000000007/2026/09/20260907T160946Z-716d23d235ed.json.gz,2
who.gho.mdg-0000000007,MDG_0000000007:AUS:SEX_BTSX:AGEGROUP_YEARSUNDER5:WEALTHQUINTILE_TOTL,1954-01-01,2026-09-07T16:09:46Z,restated_at,2026-08-05,,who.gho.mdg-0000000007,raw/who.gho.mdg-0000000007/2026/09/20260907T160946Z-716d23d235ed.json.gz,2
who.gho.mdg-0000000007,MDG_0000000007:AUS:SEX_BTSX:AGEGROUP_YEARSUNDER5:WEALTHQUINTILE_TOTL,1954-01-01,2026-09-07T16:09:46Z,value,28.713561015,,who.gho.mdg-0000000007,raw/who.gho.mdg-0000000007/2026/09/20260907T160946Z-716d23d235ed.json.gz,2
who.gho.mdg-0000000007,MDG_0000000007:AUS:SEX_FMLE:AGEGROUP_YEARSUNDER5:WEALTHQUINTILE_TOTL,1954-01-01,2026-09-07T16:10:03Z,high,26.016380874,,who.gho.mdg-0000000007,raw/who.gho.mdg-0000000007/2026/09/20260907T161003Z-9bcc9b7e7da4.json.gz,2
who.gho.mdg-0000000007,MDG_0000000007:AUS:SEX_FMLE:AGEGROUP_YEARSUNDER5:WEALTHQUINTILE_TOTL,1954-01-01,2026-09-07T16:10:03Z,low,24.84498065,,who.gho.mdg-0000000007,raw/who.gho.mdg-0000000007/2026/09/20260907T161003Z-9bcc9b7e7da4.json.gz,2
who.gho.mdg-0000000007,MDG_0000000007:AUS:SEX_FMLE:AGEGROUP_YEARSUNDER5:WEALTHQUINTILE_TOTL,1954-01-01,2026-09-07T16:10:03Z,restated_at,2026-08-05,,who.gho.mdg-0000000007,raw/who.gho.mdg-0000000007/2026/09/20260907T161003Z-9bcc9b7e7da4.json.gz,2
who.gho.mdg-0000000007,MDG_0000000007:AUS:SEX_FMLE:AGEGROUP_YEARSUNDER5:WEALTHQUINTILE_TOTL,1954-01-01,2026-09-07T16:10:03Z,value,25.429789655,,who.gho.mdg-0000000007,raw/who.gho.mdg-0000000007/2026/09/20260907T161003Z-9bcc9b7e7da4.json.gz,2
who.gho.mdg-0000000007,MDG_0000000007:AUS:SEX_MLE:AGEGROUP_YEARSUNDER5:WEALTHQUINTILE_TOTL,1954-01-01,2026-09-07T16:11:01Z,high,32.548138343,,who.gho.mdg-0000000007,raw/who.gho.mdg-0000000007/2026/09/20260907T161101Z-fc76d9a7e10d.json.gz,2
who.gho.mdg-0000000007,MDG_0000000007:AUS:SEX_MLE:AGEGROUP_YEARSUNDER5:WEALTHQUINTILE_TOTL,1954-01-01,2026-09-07T16:11:01Z,low,31.159424356,,who.gho.mdg-0000000007,raw/who.gho.mdg-0000000007/2026/09/20260907T161101Z-fc76d9a7e10d.json.gz,2
who.gho.mdg-0000000007,MDG_0000000007:AUS:SEX_MLE:AGEGROUP_YEARSUNDER5:WEALTHQUINTILE_TOTL,1954-01-01,2026-09-07T16:11:01Z,restated_at,2026-08-05,,who.gho.mdg-0000000007,raw/who.gho.mdg-0000000007/2026/09/20260907T161101Z-fc76d9a7e10d.json.gz,2
who.gho.mdg-0000000007,MDG_0000000007:AUS:SEX_MLE:AGEGROUP_YEARSUNDER5:WEALTHQUINTILE_TOTL,1954-01-01,2026-09-07T16:11:01Z,value,31.840791478,,who.gho.mdg-0000000007,raw/who.gho.mdg-0000000007/2026/09/20260907T161101Z-fc76d9a7e10d.json.gz,2
who.gho.mdg-0000000007,MDG_0000000007:AUT:SEX_BTSX:AGEGROUP_YEARSUNDER5:WEALTHQUINTILE_TOTL,1954-01-01,2026-09-07T16:06:11Z,high,58.3822671,,who.gho.mdg-0000000007,raw/who.gho.mdg-0000000007/2026/09/20260907T160611Z-e868f3030ca5.json.gz,2
who.gho.mdg-0000000007,MDG_0000000007:AUT:SEX_BTSX:AGEGROUP_YEARSUNDER5:WEALTHQUINTILE_TOTL,1954-01-01,2026-09-07T16:06:11Z,low,54.196464818,,who.gho.mdg-0000000007,raw/who.gho.mdg-0000000007/2026/09/20260907T160611Z-e868f3030ca5.json.gz,2
who.gho.mdg-0000000007,MDG_0000000007:AUT:SEX_BTSX:AGEGROUP_YEARSUNDER5:WEALTHQUINTILE_TOTL,1954-01-01,2026-09-07T16:06:11Z,restated_at,2026-08-05,,who.gho.mdg-0000000007,raw/who.gho.mdg-0000000007/2026/09/20260907T160611Z-e868f3030ca5.json.gz,2
who.gho.mdg-0000000007,MDG_0000000007:AUT:SEX_BTSX:AGEGROUP_YEARSUNDER5:WEALTHQUINTILE_TOTL,1954-01-01,2026-09-07T16:06:11Z,value,56.305976808,,who.gho.mdg-0000000007,raw/who.gho.mdg-0000000007/2026/09/20260907T160611Z-e868f3030ca5.json.gz,2
who.gho.mdg-0000000007,MDG_0000000007:AUT:SEX_FMLE:AGEGROUP_YEARSUNDER5:WEALTHQUINTILE_TOTL,1954-01-01,2026-09-07T16:09:34Z,high,51.319897969,,who.gho.mdg-0000000007,raw/who.gho.mdg-0000000007/2026/09/20260907T160934Z-f7f0902b1194.json.gz,2
who.gho.mdg-0000000007,MDG_0000000007:AUT:SEX_FMLE:AGEGROUP_YEARSUNDER5:WEALTHQUINTILE_TOTL,1954-01-01,2026-09-07T16:09:34Z,low,47.296843195,,who.gho.mdg-0000000007,raw/who.gho.mdg-0000000007/2026/09/20260907T160934Z-f7f0902b1194.json.gz,2
who.gho.mdg-0000000007,MDG_0000000007:AUT:SEX_FMLE:AGEGROUP_YEARSUNDER5:WEALTHQUINTILE_TOTL,1954-01-01,2026-09-07T16:09:34Z,restated_at,2026-08-05,,who.gho.mdg-0000000007,raw/who.gho.mdg-0000000007/2026/09/20260907T160934Z-f7f0902b1194.json.gz,2
who.gho.mdg-0000000007,MDG_0000000007:AUT:SEX_FMLE:AGEGROUP_YEARSUNDER5:WEALTHQUINTILE_TOTL,1954-01-01,2026-09-07T16:09:34Z,value,49.308329507,,who.gho.mdg-0000000007,raw/who.gho.mdg-0000000007/2026/09/20260907T160934Z-f7f0902b1194.json.gz,2
who.gho.mdg-0000000007,MDG_0000000007:AUT:SEX_MLE:AGEGROUP_YEARSUNDER5:WEALTHQUINTILE_TOTL,1954-01-01,2026-09-07T16:11:01Z,high,65.418419193,,who.gho.mdg-0000000007,raw/who.gho.mdg-0000000007/2026/09/20260907T161101Z-fc76d9a7e10d.json.gz,2
who.gho.mdg-0000000007,MDG_0000000007:AUT:SEX_MLE:AGEGROUP_YEARSUNDER5:WEALTHQUINTILE_TOTL,1954-01-01,2026-09-07T16:11:01Z,low,60.435118467,,who.gho.mdg-0000000007,raw/who.gho.mdg-0000000007/2026/09/20260907T161101Z-fc76d9a7e10d.json.gz,2
who.gho.mdg-0000000007,MDG_0000000007:AUT:SEX_MLE:AGEGROUP_YEARSUNDER5:WEALTHQUINTILE_TOTL,1954-01-01,2026-09-07T16:11:01Z,restated_at,2026-08-05,,who.gho.mdg-0000000007,raw/who.gho.mdg-0000000007/2026/09/20260907T161101Z-fc76d9a7e10d.json.gz,2
who.gho.mdg-0000000007,MDG_0000000007:AUT:SEX_MLE:AGEGROUP_YEARSUNDER5:WEALTHQUINTILE_TOTL,1954-01-01,2026-09-07T16:11:01Z,value,62.97695689,,who.gho.mdg-0000000007,raw/who.gho.mdg-0000000007/2026/09/20260907T161101Z-fc76d9a7e10d.json.gz,2
who.gho.mdg-0000000007,MDG_0000000007:BEL:SEX_BTSX:AGEGROUP_YEARSUNDER5:WEALTHQUINTILE_TOTL,1954-01-01,2026-09-07T16:04:52Z,high,49.386590599,,who.gho.mdg-0000000007,raw/who.gho.mdg-0000000007/2026/09/20260907T160452Z-cad637d9cec2.json.gz,2
who.gho.mdg-0000000007,MDG_0000000007:BEL:SEX_BTSX:AGEGROUP_YEARSUNDER5:WEALTHQUINTILE_TOTL,1954-01-01,2026-09-07T16:04:52Z,low,46.860482352,,who.gho.mdg-0000000007,raw/who.gho.mdg-0000000007/2026/09/20260907T160452Z-cad637d9cec2.json.gz,2
who.gho.mdg-0000000007,MDG_0000000007:BEL:SEX_BTSX:AGEGROUP_YEARSUNDER5:WEALTHQUINTILE_TOTL,1954-01-01,2026-09-07T16:04:52Z,restated_at,2026-08-05,,who.gho.mdg-0000000007,raw/who.gho.mdg-0000000007/2026/09/20260907T160452Z-cad637d9cec2.json.gz,2
who.gho.mdg-0000000007,MDG_0000000007:BEL:SEX_BTSX:AGEGROUP_YEARSUNDER5:WEALTHQUINTILE_TOTL,1954-01-01,2026-09-07T16:04:52Z,value,48.09697675,,who.gho.mdg-0000000007,raw/who.gho.mdg-0000000007/2026/09/20260907T160452Z-cad637d9cec2.json.gz,2
who.gho.mdg-0000000007,MDG_0000000007:BEL:SEX_FMLE:AGEGROUP_YEARSUNDER5:WEALTHQUINTILE_TOTL,1954-01-01,2026-09-07T16:09:54Z,high,43.364285015,,who.gho.mdg-0000000007,raw/who.gho.mdg-0000000007/2026/09/20260907T160954Z-3426e3999bb4.json.gz,2
who.gho.mdg-0000000007,MDG_0000000007:BEL:SEX_FMLE:AGEGROUP_YEARSUNDER5:WEALTHQUINTILE_TOTL,1954-01-01,2026-09-07T16:09:54Z,low,40.848380044,,who.gho.mdg-0000000007,raw/who.gho.mdg-0000000007/2026/09/20260907T160954Z-3426e3999bb4.json.gz,2
who.gho.mdg-0000000007,MDG_0000000007:BEL:SEX_FMLE:AGEGROUP_YEARSUNDER5:WEALTHQUINTILE_TOTL,1954-01-01,2026-09-07T16:09:54Z,restated_at,2026-08-05,,who.gho.mdg-0000000007,raw/who.gho.mdg-0000000007/2026/09/20260907T160954Z-3426e3999bb4.json.gz,2
who.gho.mdg-0000000007,MDG_0000000007:BEL:SEX_FMLE:AGEGROUP_YEARSUNDER5:WEALTHQUINTILE_TOTL,1954-01-01,2026-09-07T16:09:54Z,value,42.093287118,,who.gho.mdg-0000000007,raw/who.gho.mdg-0000000007/2026/09/20260907T160954Z-3426e3999bb4.json.gz,2
who.gho.mdg-0000000007,MDG_0000000007:BEL:SEX_MLE:AGEGROUP_YEARSUNDER5:WEALTHQUINTILE_TOTL,1954-01-01,2026-09-07T16:09:03Z,high,55.367473298,,who.gho.mdg-0000000007,raw/who.gho.mdg-0000000007/2026/09/20260907T160903Z-df09845b881e.json.gz,2
who.gho.mdg-0000000007,MDG_0000000007:BEL:SEX_MLE:AGEGROUP_YEARSUNDER5:WEALTHQUINTILE_TOTL,1954-01-01,2026-09-07T16:09:03Z,low,52.277280056,,who.gho.mdg-0000000007,raw/who.gho.mdg-0000000007/2026/09/20260907T160903Z-df09845b881e.json.gz,2
who.gho.mdg-0000000007,MDG_0000000007:BEL:SEX_MLE:AGEGROUP_YEARSUNDER5:WEALTHQUINTILE_TOTL,1954-01-01,2026-09-07T16:09:03Z,restated_at,2026-08-05,,who.gho.mdg-0000000007,raw/who.gho.mdg-0000000007/2026/09/20260907T160903Z-df09845b881e.json.gz,2
who.gho.mdg-0000000007,MDG_0000000007:BEL:SEX_MLE:AGEGROUP_YEARSUNDER5:WEALTHQUINTILE_TOTL,1954-01-01,2026-09-07T16:09:03Z,value,53.819576242,,who.gho.mdg-0000000007,raw/who.gho.mdg-0000000007/2026/09/20260907T160903Z-df09845b881e.json.gz,2
who.gho.mdg-0000000007,MDG_0000000007:BEN:SEX_BTSX:AGEGROUP_YEARSUNDER5:WEALTHQUINTILE_TOTL,1954-01-01,2026-09-07T16:10:53Z,high,368.995942195,,who.gho.mdg-0000000007,raw/who.gho.mdg-0000000007/2026/09/20260907T161053Z-9a5808e2a757.json.gz,2
who.gho.mdg-0000000007,MDG_0000000007:BEN:SEX_BTSX:AGEGROUP_YEARSUNDER5:WEALTHQUINTILE_TOTL,1954-01-01,2026-09-07T16:10:53Z,low,300.849795095,,who.gho.mdg-0000000007,raw/who.gho.mdg-0000000007/2026/09/20260907T161053Z-9a5808e2a757.json.gz,2
who.gho.mdg-0000000007,MDG_0000000007:BEN:SEX_BTSX:AGEGROUP_YEARSUNDER5:WEALTHQUINTILE_TOTL,1954-01-01,2026-09-07T16:10:53Z,restated_at,2026-08-05,,who.gho.mdg-0000000007,raw/who.gho.mdg-0000000007/2026/09/20260907T161053Z-9a5808e2a757.json.gz,2
who.gho.mdg-0000000007,MDG_0000000007:BEN:SEX_BTSX:AGEGROUP_YEARSUNDER5:WEALTHQUINTILE_TOTL,1954-01-01,2026-09-07T16:10:53Z,value,332.464880124,,who.gho.mdg-0000000007,raw/who.gho.mdg-0000000007/2026/09/20260907T161053Z-9a5808e2a757.json.gz,2
who.gho.mdg-0000000007,MDG_0000000007:BEN:SEX_FMLE:AGEGROUP_YEARSUNDER5:WEALTHQUINTILE_TOTL,1954-01-01,2026-09-07T16:06:07Z,high,359.066951869,,who.gho.mdg-0000000007,raw/who.gho.mdg-0000000007/2026/09/20260907T160607Z-9445f1b065fa.json.gz,2
who.gho.mdg-0000000007,MDG_0000000007:BEN:SEX_FMLE:AGEGROUP_YEARSUNDER5:WEALTHQUINTILE_TOTL,1954-01-01,2026-09-07T16:06:07Z,low,290.4181884,,who.gho.mdg-0000000007,raw/who.gho.mdg-0000000007/2026/09/20260907T160607Z-9445f1b065fa.json.gz,2
who.gho.mdg-0000000007,MDG_0000000007:BEN:SEX_FMLE:AGEGROUP_YEARSUNDER5:WEALTHQUINTILE_TOTL,1954-01-01,2026-09-07T16:06:07Z,restated_at,2026-08-05,,who.gho.mdg-0000000007,raw/who.gho.mdg-0000000007/2026/09/20260907T160607Z-9445f1b065fa.json.gz,2
who.gho.mdg-0000000007,MDG_0000000007:BEN:SEX_FMLE:AGEGROUP_YEARSUNDER5:WEALTHQUINTILE_TOTL,1954-01-01,2026-09-07T16:06:07Z,value,322.388060124,,who.gho.mdg-0000000007,raw/who.gho.mdg-0000000007/2026/09/20260907T160607Z-9445f1b065fa.json.gz,2
who.gho.mdg-0000000007,MDG_0000000007:BEN:SEX_MLE:AGEGROUP_YEARSUNDER5:WEALTHQUINTILE_TOTL,1954-01-01,2026-09-07T16:05:09Z,high,381.286546627,,who.gho.mdg-0000000007,raw/who.gho.mdg-0000000007/2026/09/20260907T160509Z-9066130499c7.json.gz,2
who.gho.mdg-0000000007,MDG_0000000007:BEN:SEX_MLE:AGEGROUP_YEARSUNDER5:WEALTHQUINTILE_TOTL,1954-01-01,2026-09-07T16:05:09Z,low,307.803187489,,who.gho.mdg-0000000007,raw/who.gho.mdg-0000000007/2026/09/20260907T160509Z-9066130499c7.json.gz,2
who.gho.mdg-0000000007,MDG_0000000007:BEN:SEX_MLE:AGEGROUP_YEARSUNDER5:WEALTHQUINTILE_TOTL,1954-01-01,2026-09-07T16:05:09Z,restated_at,2026-08-05,,who.gho.mdg-0000000007,raw/who.gho.mdg-0000000007/2026/09/20260907T160509Z-9066130499c7.json.gz,2
who.gho.mdg-0000000007,MDG_0000000007:BEN:SEX_MLE:AGEGROUP_YEARSUNDER5:WEALTHQUINTILE_TOTL,1954-01-01,2026-09-07T16:05:09Z,value,342.376146153,,who.gho.mdg-0000000007,raw/who.gho.mdg-0000000007/2026/09/20260907T160509Z-9066130499c7.json.gz,2
who.gho.mdg-0000000007,MDG_0000000007:BFA:SEX_BTSX:AGEGROUP_YEARSUNDER5:WEALTHQUINTILE_TOTL,1954-01-01,2026-09-07T16:09:46Z,high,415.335165094,,who.gho.mdg-0000000007,raw/who.gho.mdg-0000000007/2026/09/20260907T160946Z-716d23d235ed.json.gz,2
who.gho.mdg-0000000007,MDG_0000000007:BFA:SEX_BTSX:AGEGROUP_YEARSUNDER5:WEALTHQUINTILE_TOTL,1954-01-01,2026-09-07T16:09:46Z,low,321.824846498,,who.gho.mdg-0000000007,raw/who.gho.mdg-0000000007/2026/09/20260907T160946Z-716d23d235ed.json.gz,2
who.gho.mdg-0000000007,MDG_0000000007:BFA:SEX_BTSX:AGEGROUP_YEARSUNDER5:WEALTHQUINTILE_TOTL,1954-01-01,2026-09-07T16:09:46Z,restated_at,2026-08-05,,who.gho.mdg-0000000007,raw/who.gho.mdg-0000000007/2026/09/20260907T160946Z-716d23d235ed.json.gz,2
who.gho.mdg-0000000007,MDG_0000000007:BFA:SEX_BTSX:AGEGROUP_YEARSUNDER5:WEALTHQUINTILE_TOTL,1954-01-01,2026-09-07T16:09:46Z,value,366.11662918,,who.gho.mdg-0000000007,raw/who.gho.mdg-0000000007/2026/09/20260907T160946Z-716d23d235ed.json.gz,2
who.gho.mdg-0000000007,MDG_0000000007:BFA:SEX_FMLE:AGEGROUP_YEARSUNDER5:WEALTHQUINTILE_TOTL,1954-01-01,2026-09-07T16:08:38Z,high,400.986755672,,who.gho.mdg-0000000007,raw/who.gho.mdg-0000000007/2026/09/20260907T160838Z-ad9f959b97c6.json.gz,2
who.gho.mdg-0000000007,MDG_0000000007:BFA:SEX_FMLE:AGEGROUP_YEARSUNDER5:WEALTHQUINTILE_TOTL,1954-01-01,2026-09-07T16:08:38Z,low,309.399839055,,who.gho.mdg-0000000007,raw/who.gho.mdg-0000000007/2026/09/20260907T160838Z-ad9f959b97c6.json.gz,2
who.gho.mdg-0000000007,MDG_0000000007:BFA:SEX_FMLE:AGEGROUP_YEARSUNDER5:WEALTHQUINTILE_TOTL,1954-01-01,2026-09-07T16:08:38Z,restated_at,2026-08-05,,who.gho.mdg-0000000007,raw/who.gho.mdg-0000000007/2026/09/20260907T160838Z-ad9f959b97c6.json.gz,2
who.gho.mdg-0000000007,MDG_0000000007:BFA:SEX_FMLE:AGEGROUP_YEARSUNDER5:WEALTHQUINTILE_TOTL,1954-01-01,2026-09-07T16:08:38Z,value,352.350061594,,who.gho.mdg-0000000007,raw/who.gho.mdg-0000000007/2026/09/20260907T160838Z-ad9f959b97c6.json.gz,2
who.gho.mdg-0000000007,MDG_0000000007:BFA:SEX_MLE:AGEGROUP_YEARSUNDER5:WEALTHQUINTILE_TOTL,1954-01-01,2026-09-07T16:06:02Z,high,430.834619086,,who.gho.mdg-0000000007,raw/who.gho.mdg-0000000007/2026/09/20260907T160602Z-1adff4f5f376.json.gz,2
who.gho.mdg-0000000007,MDG_0000000007:BFA:SEX_MLE:AGEGROUP_YEARSUNDER5:WEALTHQUINTILE_TOTL,1954-01-01,2026-09-07T16:06:02Z,low,331.852626161,,who.gho.mdg-0000000007,raw/who.gho.mdg-0000000007/2026/09/20260907T160602Z-1adff4f5f376.json.gz,2
who.gho.mdg-0000000007,MDG_0000000007:BFA:SEX_MLE:AGEGROUP_YEARSUNDER5:WEALTHQUINTILE_TOTL,1954-01-01,2026-09-07T16:06:02Z,restated_at,2026-08-05,,who.gho.mdg-0000000007,raw/who.gho.mdg-0000000007/2026/09/20260907T160602Z-1adff4f5f376.json.gz,2
who.gho.mdg-0000000007,MDG_0000000007:BFA:SEX_MLE:AGEGROUP_YEARSUNDER5:WEALTHQUINTILE_TOTL,1954-01-01,2026-09-07T16:06:02Z,value,379.126530701,,who.gho.mdg-0000000007,raw/who.gho.mdg-0000000007/2026/09/20260907T160602Z-1adff4f5f376.json.gz,2
who.gho.mdg-0000000007,MDG_0000000007:BGD:SEX_BTSX:AGEGROUP_YEARSUNDER5:WEALTHQUINTILE_TOTL,1954-01-01,2026-09-07T16:06:07Z,high,356.414462563,,who.gho.mdg-0000000007,raw/who.gho.mdg-0000000007/2026/09/20260907T160607Z-9445f1b065fa.json.gz,2
who.gho.mdg-0000000007,MDG_0000000007:BGD:SEX_BTSX:AGEGROUP_YEARSUNDER5:WEALTHQUINTILE_TOTL,1954-01-01,2026-09-07T16:06:07Z,low,275.590039323,,who.gho.mdg-0000000007,raw/who.gho.mdg-0000000007/2026/09/20260907T160607Z-9445f1b065fa.json.gz,2
who.gho.mdg-0000000007,MDG_0000000007:BGD:SEX_BTSX:AGEGROUP_YEARSUNDER5:WEALTHQUINTILE_TOTL,1954-01-01,2026-09-07T16:06:07Z,restated_at,2026-08-05,,who.gho.mdg-0000000007,raw/who.gho.mdg-0000000007/2026/09/20260907T160607Z-9445f1b065fa.json.gz,2
who.gho.mdg-0000000007,MDG_0000000007:BGD:SEX_BTSX:AGEGROUP_YEARSUNDER5:WEALTHQUINTILE_TOTL,1954-01-01,2026-09-07T16:06:07Z,value,312.832203541,,who.gho.mdg-0000000007,raw/who.gho.mdg-0000000007/2026/09/20260907T160607Z-9445f1b065fa.json.gz,2
who.gho.mdg-0000000007,MDG_0000000007:BGD:SEX_FMLE:AGEGROUP_YEARSUNDER5:WEALTHQUINTILE_TOTL,1954-01-01,2026-09-07T16:10:49Z,high,346.476833002,,who.gho.mdg-0000000007,raw/who.gho.mdg-0000000007/2026/09/20260907T161049Z-6866f52a9543.json.gz,2
who.gho.mdg-0000000007,MDG_0000000007:BGD:SEX_FMLE:AGEGROUP_YEARSUNDER5:WEALTHQUINTILE_TOTL,1954-01-01,2026-09-07T16:10:49Z,low,266.29681064,,who.gho.mdg-0000000007,raw/who.gho.mdg-0000000007/2026/09/20260907T161049Z-6866f52a9543.json.gz,2
who.gho.mdg-0000000007,MDG_0000000007:BGD:SEX_FMLE:AGEGROUP_YEARSUNDER5:WEALTHQUINTILE_TOTL,1954-01-01,2026-09-07T16:10:49Z,restated_at,2026-08-05,,who.gho.mdg-0000000007,raw/who.gho.mdg-0000000007/2026/09/20260907T161049Z-6866f52a9543.json.gz,2
who.gho.mdg-0000000007,MDG_0000000007:BGD:SEX_FMLE:AGEGROUP_YEARSUNDER5:WEALTHQUINTILE_TOTL,1954-01-01,2026-09-07T16:10:49Z,value,303.247137975,,who.gho.mdg-0000000007,raw/who.gho.mdg-0000000007/2026/09/20260907T161049Z-6866f52a9543.json.gz,2
who.gho.mdg-0000000007,MDG_0000000007:BGD:SEX_MLE:AGEGROUP_YEARSUNDER5:WEALTHQUINTILE_TOTL,1954-01-01,2026-09-07T16:09:03Z,high,367.445472012,,who.gho.mdg-0000000007,raw/who.gho.mdg-0000000007/2026/09/20260907T160903Z-df09845b881e.json.gz,2
who.gho.mdg-0000000007,MDG_0000000007:BGD:SEX_MLE:AGEGROUP_YEARSUNDER5:WEALTHQUINTILE_TOTL,1954-01-01,2026-09-07T16:09:03Z,low,282.807486119,,who.gho.mdg-0000000007,raw/who.gho.mdg-0000000007/2026/09/20260907T160903Z-df09845b881e.json.gz,2
who.gho.mdg-0000000007,MDG_0000000007:BGD:SEX_MLE:AGEGROUP_YEARSUNDER5:WEALTHQUINTILE_TOTL,1954-01-01,2026-09-07T16:09:03Z,restated_at,2026-08-05,,who.gho.mdg-0000000007,raw/who.gho.mdg-0000000007/2026/09/20260907T160903Z-df09845b881e.json.gz,2
who.gho.mdg-0000000007,MDG_0000000007:BGD:SEX_MLE:AGEGROUP_YEARSUNDER5:WEALTHQUINTILE_TOTL,1954-01-01,2026-09-07T16:09:03Z,value,321.81093017,,who.gho.mdg-0000000007,raw/who.gho.mdg-0000000007/2026/09/20260907T160903Z-df09845b881e.json.gz,2
who.gho.mdg-0000000007,MDG_0000000007:BGR:SEX_BTSX:AGEGROUP_YEARSUNDER5:WEALTHQUINTILE_TOTL,1954-01-01,2026-09-07T16:10:41Z,high,110.849617977,,who.gho.mdg-0000000007,raw/who.gho.mdg-0000000007/2026/09/20260907T161041Z-4752b74784e1.json.gz,2
who.gho.mdg-0000000007,MDG_0000000007:BGR:SEX_BTSX:AGEGROUP_YEARSUNDER5:WEALTHQUINTILE_TOTL,1954-01-01,2026-09-07T16:10:41Z,low,96.771023446,,who.gho.mdg-0000000007,raw/who.gho.mdg-0000000007/2026/09/20260907T161041Z-4752b74784e1.json.gz,2
who.gho.mdg-0000000007,MDG_0000000007:BGR:SEX_BTSX:AGEGROUP_YEARSUNDER5:WEALTHQUINTILE_TOTL,1954-01-01,2026-09-07T16:10:41Z,restated_at,2026-08-05,,who.gho.mdg-0000000007,raw/who.gho.mdg-0000000007/2026/09/20260907T161041Z-4752b74784e1.json.gz,2
who.gho.mdg-0000000007,MDG_0000000007:BGR:SEX_BTSX:AGEGROUP_YEARSUNDER5:WEALTHQUINTILE_TOTL,1954-01-01,2026-09-07T16:10:41Z,value,103.570852816,,who.gho.mdg-0000000007,raw/who.gho.mdg-0000000007/2026/09/20260907T161041Z-4752b74784e1.json.gz,2
who.gho.mdg-0000000007,MDG_0000000007:BGR:SEX_FMLE:AGEGROUP_YEARSUNDER5:WEALTHQUINTILE_TOTL,1954-01-01,2026-09-07T16:09:22Z,high,103.83160223,,who.gho.mdg-0000000007,raw/who.gho.mdg-0000000007/2026/09/20260907T160922Z-b03be7779b07.json.gz,2
who.gho.mdg-0000000007,MDG_0000000007:BGR:SEX_FMLE:AGEGROUP_YEARSUNDER5:WEALTHQUINTILE_TOTL,1954-01-01,2026-09-07T16:09:22Z,low,89.810789198,,who.gho.mdg-0000000007,raw/who.gho.mdg-0000000007/2026/09/20260907T160922Z-b03be7779b07.json.gz,2
who.gho.mdg-0000000007,MDG_0000000007:BGR:SEX_FMLE:AGEGROUP_YEARSUNDER5:WEALTHQUINTILE_TOTL,1954-01-01,2026-09-07T16:09:22Z,restated_at,2026-08-05,,who.gho.mdg-0000000007,raw/who.gho.mdg-0000000007/2026/09/20260907T160922Z-b03be7779b07.json.gz,2
who.gho.mdg-0000000007,MDG_0000000007:BGR:SEX_FMLE:AGEGROUP_YEARSUNDER5:WEALTHQUINTILE_TOTL,1954-01-01,2026-09-07T16:09:22Z,value,96.626209918,,who.gho.mdg-0000000007,raw/who.gho.mdg-0000000007/2026/09/20260907T160922Z-b03be7779b07.json.gz,2
who.gho.mdg-0000000007,MDG_0000000007:BGR:SEX_MLE:AGEGROUP_YEARSUNDER5:WEALTHQUINTILE_TOTL,1954-01-01,2026-09-07T16:05:52Z,high,118.205487315,,who.gho.mdg-0000000007,raw/who.gho.mdg-0000000007/2026/09/20260907T160552Z-f44dce2e8a23.json.gz,2
who.gho.mdg-0000000007,MDG_0000000007:BGR:SEX_MLE:AGEGROUP_YEARSUNDER5:WEALTHQUINTILE_TOTL,1954-01-01,2026-09-07T16:05:52Z,low,102.678349449,,who.gho.mdg-0000000007,raw/who.gho.mdg-0000000007/2026/09/20260907T160552Z-f44dce2e8a23.json.gz,2
who.gho.mdg-0000000007,MDG_0000000007:BGR:SEX_MLE:AGEGROUP_YEARSUNDER5:WEALTHQUINTILE_TOTL,1954-01-01,2026-09-07T16:05:52Z,restated_at,2026-08-05,,who.gho.mdg-0000000007,raw/who.gho.mdg-0000000007/2026/09/20260907T160552Z-f44dce2e8a23.json.gz,2
who.gho.mdg-0000000007,MDG_0000000007:BGR:SEX_MLE:AGEGROUP_YEARSUNDER5:WEALTHQUINTILE_TOTL,1954-01-01,2026-09-07T16:05:52Z,value,110.174107099,,who.gho.mdg-0000000007,raw/who.gho.mdg-0000000007/2026/09/20260907T160552Z-f44dce2e8a23.json.gz,2
who.gho.mdg-0000000007,MDG_0000000007:BRA:SEX_BTSX:AGEGROUP_YEARSUNDER5:WEALTHQUINTILE_TOTL,1954-01-01,2026-09-07T16:06:16Z,high,225.495497453,,who.gho.mdg-0000000007,raw/who.gho.mdg-0000000007/2026/09/20260907T160616Z-615f6bfccb87.json.gz,2
who.gho.mdg-0000000007,MDG_0000000007:BRA:SEX_BTSX:AGEGROUP_YEARSUNDER5:WEALTHQUINTILE_TOTL,1954-01-01,2026-09-07T16:06:16Z,low,178.427898204,,who.gho.mdg-0000000007,raw/who.gho.mdg-0000000007/2026/09/20260907T160616Z-615f6bfccb87.json.gz,2
who.gho.mdg-0000000007,MDG_0000000007:BRA:SEX_BTSX:AGEGROUP_YEARSUNDER5:WEALTHQUINTILE_TOTL,1954-01-01,2026-09-07T16:06:16Z,restated_at,2026-08-05,,who.gho.mdg-0000000007,raw/who.gho.mdg-0000000007/2026/09/20260907T160616Z-615f6bfccb87.json.gz,2
who.gho.mdg-0000000007,MDG_0000000007:BRA:SEX_BTSX:AGEGROUP_YEARSUNDER5:WEALTHQUINTILE_TOTL,1954-01-01,2026-09-07T16:06:16Z,value,200.388812865,,who.gho.mdg-0000000007,raw/who.gho.mdg-0000000007/2026/09/20260907T160616Z-615f6bfccb87.json.gz,2
who.gho.mdg-0000000007,MDG_0000000007:BRA:SEX_FMLE:AGEGROUP_YEARSUNDER5:WEALTHQUINTILE_TOTL,1954-01-01,2026-09-07T16:09:13Z,high,210.552893118,,who.gho.mdg-0000000007,raw/who.gho.mdg-0000000007/2026/09/20260907T160913Z-86e8fac132bd.json.gz,2
who.gho.mdg-0000000007,MDG_0000000007:BRA:SEX_FMLE:AGEGROUP_YEARSUNDER5:WEALTHQUINTILE_TOTL,1954-01-01,2026-09-07T16:09:13Z,low,164.565978876,,who.gho.mdg-0000000007,raw/who.gho.mdg-0000000007/2026/09/20260907T160913Z-86e8fac132bd.json.gz,2
who.gho.mdg-0000000007,MDG_0000000007:BRA:SEX_FMLE:AGEGROUP_YEARSUNDER5:WEALTHQUINTILE_TOTL,1954-01-01,2026-09-07T16:09:13Z,restated_at,2026-08-05,,who.gho.mdg-0000000007,raw/who.gho.mdg-0000000007/2026/09/20260907T160913Z-86e8fac132bd.json.gz,2
who.gho.mdg-0000000007,MDG_0000000007:BRA:SEX_FMLE:AGEGROUP_YEARSUNDER5:WEALTHQUINTILE_TOTL,1954-01-01,2026-09-07T16:09:13Z,value,185.954623222,,who.gho.mdg-0000000007,raw/who.gho.mdg-0000000007/2026/09/20260907T160913Z-86e8fac132bd.json.gz,2
who.gho.mdg-0000000007,MDG_0000000007:BRA:SEX_MLE:AGEGROUP_YEARSUNDER5:WEALTHQUINTILE_TOTL,1954-01-01,2026-09-07T16:10:30Z,high,242.008595584,,who.gho.mdg-0000000007,raw/who.gho.mdg-0000000007/2026/09/20260907T161030Z-d2101d8df79b.json.gz,2
who.gho.mdg-0000000007,MDG_0000000007:BRA:SEX_MLE:AGEGROUP_YEARSUNDER5:WEALTHQUINTILE_TOTL,1954-01-01,2026-09-07T16:10:30Z,low,189.885023376,,who.gho.mdg-0000000007,raw/who.gho.mdg-0000000007/2026/09/20260907T161030Z-d2101d8df79b.json.gz,2
who.gho.mdg-0000000007,MDG_0000000007:BRA:SEX_MLE:AGEGROUP_YEARSUNDER5:WEALTHQUINTILE_TOTL,1954-01-01,2026-09-07T16:10:30Z,restated_at,2026-08-05,,who.gho.mdg-0000000007,raw/who.gho.mdg-0000000007/2026/09/20260907T161030Z-d2101d8df79b.json.gz,2
who.gho.mdg-0000000007,MDG_0000000007:BRA:SEX_MLE:AGEGROUP_YEARSUNDER5:WEALTHQUINTILE_TOTL,1954-01-01,2026-09-07T16:10:30Z,value,214.017484795,,who.gho.mdg-0000000007,raw/who.gho.mdg-0000000007/2026/09/20260907T161030Z-d2101d8df79b.json.gz,2
who.gho.mdg-0000000007,MDG_0000000007:BRB:SEX_BTSX:AGEGROUP_YEARSUNDER5:WEALTHQUINTILE_TOTL,1954-01-01,2026-09-07T16:08:41Z,high,155.664449433,,who.gho.mdg-0000000007,raw/who.gho.mdg-0000000007/2026/09/20260907T160841Z-d67f78e4b8d9.json.gz,2
who.gho.mdg-0000000007,MDG_0000000007:BRB:SEX_BTSX:AGEGROUP_YEARSUNDER5:WEALTHQUINTILE_TOTL,1954-01-01,2026-09-07T16:08:41Z,low,144.457471807,,who.gho.mdg-0000000007,raw/who.gho.mdg-0000000007/2026/09/20260907T160841Z-d67f78e4b8d9.json.gz,2
who.gho.mdg-0000000007,MDG_0000000007:BRB:SEX_BTSX:AGEGROUP_YEARSUNDER5:WEALTHQUINTILE_TOTL,1954-01-01,2026-09-07T16:08:41Z,restated_at,2026-08-05,,who.gho.mdg-0000000007,raw/who.gho.mdg-0000000007/2026/09/20260907T160841Z-d67f78e4b8d9.json.gz,2
who.gho.mdg-0000000007,MDG_0000000007:BRB:SEX_BTSX:AGEGROUP_YEARSUNDER5:WEALTHQUINTILE_TOTL,1954-01-01,2026-09-07T16:08:41Z,value,150.010109271,,who.gho.mdg-0000000007,raw/who.gho.mdg-0000000007/2026/09/20260907T160841Z-d67f78e4b8d9.json.gz,2
who.gho.mdg-0000000007,MDG_0000000007:BRB:SEX_FMLE:AGEGROUP_YEARSUNDER5:WEALTHQUINTILE_TOTL,1954-01-01,2026-09-07T16:05:38Z,high,147.152513663,,who.gho.mdg-0000000007,raw/who.gho.mdg-0000000007/2026/09/20260907T160538Z-28a5f6808180.json.gz,2
who.gho.mdg-0000000007,MDG_0000000007:BRB:SEX_FMLE:AGEGROUP_YEARSUNDER5:WEALTHQUINTILE_TOTL,1954-01-01,2026-09-07T16:05:38Z,low,134.74186355,,who.gho.mdg-0000000007,raw/who.gho.mdg-0000000007/2026/09/20260907T160538Z-28a5f6808180.json.gz,2
who.gho.mdg-0000000007,MDG_0000000007:BRB:SEX_FMLE:AGEGROUP_YEARSUNDER5:WEALTHQUINTILE_TOTL,1954-01-01,2026-09-07T16:05:38Z,restated_at,2026-08-05,,who.gho.mdg-0000000007,raw/who.gho.mdg-0000000007/2026/09/20260907T160538Z-28a5f6808180.json.gz,2
who.gho.mdg-0000000007,MDG_0000000007:BRB:SEX_FMLE:AGEGROUP_YEARSUNDER5:WEALTHQUINTILE_TOTL,1954-01-01,2026-09-07T16:05:38Z,value,140.859131443,,who.gho.mdg-0000000007,raw/who.gho.mdg-0000000007/2026/09/20260907T160538Z-28a5f6808180.json.gz,2
who.gho.mdg-0000000007,MDG_0000000007:BRB:SEX_MLE:AGEGROUP_YEARSUNDER5:WEALTHQUINTILE_TOTL,1954-01-01,2026-09-07T16:08:38Z,high,165.568064825,,who.gho.mdg-0000000007,raw/who.gho.mdg-0000000007/2026/09/20260907T160838Z-ad9f959b97c6.json.gz,2
who.gho.mdg-0000000007,MDG_0000000007:BRB:SEX_MLE:AGEGROUP_YEARSUNDER5:WEALTHQUINTILE_TOTL,1954-01-01,2026-09-07T16:08:38Z,low,152.256834523,,who.gho.mdg-0000000007,raw/who.gho.mdg-0000000007/2026/09/20260907T160838Z-ad9f959b97c6.json.gz,2
who.gho.mdg-0000000007,MDG_0000000007:BRB:SEX_MLE:AGEGROUP_YEARSUNDER5:WEALTHQUINTILE_TOTL,1954-01-01,2026-09-07T16:08:38Z,restated_at,2026-08-05,,who.gho.mdg-0000000007,raw/who.gho.mdg-0000000007/2026/09/20260907T160838Z-ad9f959b97c6.json.gz,2
who.gho.mdg-0000000007,MDG_0000000007:BRB:SEX_MLE:AGEGROUP_YEARSUNDER5:WEALTHQUINTILE_TOTL,1954-01-01,2026-09-07T16:08:38Z,value,158.731013008,,who.gho.mdg-0000000007,raw/who.gho.mdg-0000000007/2026/09/20260907T160838Z-ad9f959b97c6.json.gz,2
who.gho.mdg-0000000007,MDG_0000000007:BRN:SEX_BTSX:AGEGROUP_YEARSUNDER5:WEALTHQUINTILE_TOTL,1954-01-01,2026-09-07T16:10:12Z,high,169.147312996,,who.gho.mdg-0000000007,raw/who.gho.mdg-0000000007/2026/09/20260907T161012Z-af10f639113a.json.gz,2
who.gho.mdg-0000000007,MDG_0000000007:BRN:SEX_BTSX:AGEGROUP_YEARSUNDER5:WEALTHQUINTILE_TOTL,1954-01-01,2026-09-07T16:10:12Z,low,125.401710427,,who.gho.mdg-0000000007,raw/who.gho.mdg-0000000007/2026/09/20260907T161012Z-af10f639113a.json.gz,2
who.gho.mdg-0000000007,MDG_0000000007:BRN:SEX_BTSX:AGEGROUP_YEARSUNDER5:WEALTHQUINTILE_TOTL,1954-01-01,2026-09-07T16:10:12Z,restated_at,2026-08-05,,who.gho.mdg-0000000007,raw/who.gho.mdg-0000000007/2026/09/20260907T161012Z-af10f639113a.json.gz,2
who.gho.mdg-0000000007,MDG_0000000007:BRN:SEX_BTSX:AGEGROUP_YEARSUNDER5:WEALTHQUINTILE_TOTL,1954-01-01,2026-09-07T16:10:12Z,value,145.888440292,,who.gho.mdg-0000000007,raw/who.gho.mdg-0000000007/2026/09/20260907T161012Z-af10f639113a.json.gz,2
who.gho.mdg-0000000007,MDG_0000000007:BRN:SEX_FMLE:AGEGROUP_YEARSUNDER5:WEALTHQUINTILE_TOTL,1954-01-01,2026-09-07T16:10:45Z,high,161.789323694,,who.gho.mdg-0000000007,raw/who.gho.mdg-0000000007/2026/09/20260907T161045Z-53a7d24c459b.json.gz,2
who.gho.mdg-0000000007,MDG_0000000007:BRN:SEX_FMLE:AGEGROUP_YEARSUNDER5:WEALTHQUINTILE_TOTL,1954-01-01,2026-09-07T16:10:45Z,low,119.216058707,,who.gho.mdg-0000000007,raw/who.gho.mdg-0000000007/2026/09/20260907T161045Z-53a7d24c459b.json.gz,2
who.gho.mdg-0000000007,MDG_0000000007:BRN:SEX_FMLE:AGEGROUP_YEARSUNDER5:WEALTHQUINTILE_TOTL,1954-01-01,2026-09-07T16:10:45Z,restated_at,2026-08-05,,who.gho.mdg-0000000007,raw/who.gho.mdg-0000000007/2026/09/20260907T161045Z-53a7d24c459b.json.gz,2
who.gho.mdg-0000000007,MDG_0000000007:BRN:SEX_FMLE:AGEGROUP_YEARSUNDER5:WEALTHQUINTILE_TOTL,1954-01-01,2026-09-07T16:10:45Z,value,139.097588447,,who.gho.mdg-0000000007,raw/who.gho.mdg-0000000007/2026/09/20260907T161045Z-53a7d24c459b.json.gz,2
who.gho.mdg-0000000007,MDG_0000000007:BRN:SEX_MLE:AGEGROUP_YEARSUNDER5:WEALTHQUINTILE_TOTL,1954-01-01,2026-09-07T16:05:52Z,high,177.114358251,,who.gho.mdg-0000000007,raw/who.gho.mdg-0000000007/2026/09/20260907T160552Z-f44dce2e8a23.json.gz,2
who.gho.mdg-0000000007,MDG_0000000007:BRN:SEX_MLE:AGEGROUP_YEARSUNDER5:WEALTHQUINTILE_TOTL,1954-01-01,2026-09-07T16:05:52Z,low,130.386577776,,who.gho.mdg-0000000007,raw/who.gho.mdg-0000000007/2026/09/20260907T160552Z-f44dce2e8a23.json.gz,2
who.gho.mdg-0000000007,MDG_0000000007:BRN:SEX_MLE:AGEGROUP_YEARSUNDER5:WEALTHQUINTILE_TOTL,1954-01-01,2026-09-07T16:05:52Z,restated_at,2026-08-05,,who.gho.mdg-0000000007,raw/who.gho.mdg-0000000007/2026/09/20260907T160552Z-f44dce2e8a23.json.gz,2
who.gho.mdg-0000000007,MDG_0000000007:BRN:SEX_MLE:AGEGROUP_YEARSUNDER5:WEALTHQUINTILE_TOTL,1954-01-01,2026-09-07T16:05:52Z,value,152.358796057,,who.gho.mdg-0000000007,raw/who.gho.mdg-0000000007/2026/09/20260907T160552Z-f44dce2e8a23.json.gz,2
who.gho.mdg-0000000007,MDG_0000000007:BWA:SEX_BTSX:AGEGROUP_YEARSUNDER5:WEALTHQUINTILE_TOTL,1954-01-01,2026-09-07T16:05:43Z,high,318.18552822,,who.gho.mdg-0000000007,raw/who.gho.mdg-0000000007/2026/09/20260907T160543Z-0bdfcfeb6714.json.gz,2
who.gho.mdg-0000000007,MDG_0000000007:BWA:SEX_BTSX:AGEGROUP_YEARSUNDER5:WEALTHQUINTILE_TOTL,1954-01-01,2026-09-07T16:05:43Z,low,131.026525018,,who.gho.mdg-0000000007,raw/who.gho.mdg-0000000007/2026/09/20260907T160543Z-0bdfcfeb6714.json.gz,2
who.gho.mdg-0000000007,MDG_0000000007:BWA:SEX_BTSX:AGEGROUP_YEARSUNDER5:WEALTHQUINTILE_TOTL,1954-01-01,2026-09-07T16:05:43Z,restated_at,2026-08-05,,who.gho.mdg-0000000007,raw/who.gho.mdg-0000000007/2026/09/20260907T160543Z-0bdfcfeb6714.json.gz,2
who.gho.mdg-0000000007,MDG_0000000007:BWA:SEX_BTSX:AGEGROUP_YEARSUNDER5:WEALTHQUINTILE_TOTL,1954-01-01,2026-09-07T16:05:43Z,value,201.446945816,,who.gho.mdg-0000000007,raw/who.gho.mdg-0000000007/2026/09/20260907T160543Z-0bdfcfeb6714.json.gz,2
who.gho.mdg-0000000007,MDG_0000000007:BWA:SEX_FMLE:AGEGROUP_YEARSUNDER5:WEALTHQUINTILE_TOTL,1954-01-01,2026-09-07T16:05:14Z,high,304.214678804,,who.gho.mdg-0000000007,raw/who.gho.mdg-0000000007/2026/09/20260907T160514Z-6205b585146a.json.gz,2
who.gho.mdg-0000000007,MDG_0000000007:BWA:SEX_FMLE:AGEGROUP_YEARSUNDER5:WEALTHQUINTILE_TOTL,1954-01-01,2026-09-07T16:05:14Z,low,124.752551853,,who.gho.mdg-0000000007,raw/who.gho.mdg-0000000007/2026/09/20260907T160514Z-6205b585146a.json.gz,2
who.gho.mdg-0000000007,MDG_0000000007:BWA:SEX_FMLE:AGEGROUP_YEARSUNDER5:WEALTHQUINTILE_TOTL,1954-01-01,2026-09-07T16:05:14Z,restated_at,2026-08-05,,who.gho.mdg-0000000007,raw/who.gho.mdg-0000000007/2026/09/20260907T160514Z-6205b585146a.json.gz,2
who.gho.mdg-0000000007,MDG_0000000007:BWA:SEX_FMLE:AGEGROUP_YEARSUNDER5:WEALTHQUINTILE_TOTL,1954-01-01,2026-09-07T16:05:14Z,value,192.105327339,,who.gho.mdg-0000000007,raw/who.gho.mdg-0000000007/2026/09/20260907T160514Z-6205b585146a.json.gz,2
who.gho.mdg-0000000007,MDG_0000000007:BWA:SEX_MLE:AGEGROUP_YEARSUNDER5:WEALTHQUINTILE_TOTL,1954-01-01,2026-09-07T16:09:46Z,high,333.390686744,,who.gho.mdg-0000000007,raw/who.gho.mdg-0000000007/2026/09/20260907T160946Z-716d23d235ed.json.gz,2
who.gho.mdg-0000000007,MDG_0000000007:BWA:SEX_MLE:AGEGROUP_YEARSUNDER5:WEALTHQUINTILE_TOTL,1954-01-01,2026-09-07T16:09:46Z,low,136.331645213,,who.gho.mdg-0000000007,raw/who.gho.mdg-0000000007/2026/09/20260907T160946Z-716d23d235ed.json.gz,2
who.gho.mdg-0000000007,MDG_0000000007:BWA:SEX_MLE:AGEGROUP_YEARSUNDER5:WEALTHQUINTILE_TOTL,1954-01-01,2026-09-07T16:09:46Z,restated_at,2026-08-05,,who.gho.mdg-0000000007,raw/who.gho.mdg-0000000007/2026/09/20260907T160946Z-716d23d235ed.json.gz,2
who.gho.mdg-0000000007,MDG_0000000007:BWA:SEX_MLE:AGEGROUP_YEARSUNDER5:WEALTHQUINTILE_TOTL,1954-01-01,2026-09-07T16:09:46Z,value,209.967760607,,who.gho.mdg-0000000007,raw/who.gho.mdg-0000000007/2026/09/20260907T160946Z-716d23d235ed.json.gz,2
who.gho.mdg-0000000007,MDG_0000000007:CAN:SEX_BTSX:AGEGROUP_YEARSUNDER5:WEALTHQUINTILE_TOTL,1954-01-01,2026-09-07T16:05:38Z,high,40.643973886,,who.gho.mdg-0000000007,raw/who.gho.mdg-0000000007/2026/09/20260907T160538Z-28a5f6808180.json.gz,2
who.gho.mdg-0000000007,MDG_0000000007:CAN:SEX_BTSX:AGEGROUP_YEARSUNDER5:WEALTHQUINTILE_TOTL,1954-01-01,2026-09-07T16:05:38Z,low,39.142060973,,who.gho.mdg-0000000007,raw/who.gho.mdg-0000000007/2026/09/20260907T160538Z-28a5f6808180.json.gz,2
who.gho.mdg-0000000007,MDG_0000000007:CAN:SEX_BTSX:AGEGROUP_YEARSUNDER5:WEALTHQUINTILE_TOTL,1954-01-01,2026-09-07T16:05:38Z,restated_at,2026-08-05,,who.gho.mdg-0000000007,raw/who.gho.mdg-0000000007/2026/09/20260907T160538Z-28a5f6808180.json.gz,2
who.gho.mdg-0000000007,MDG_0000000007:CAN:SEX_BTSX:AGEGROUP_YEARSUNDER5:WEALTHQUINTILE_TOTL,1954-01-01,2026-09-07T16:05:38Z,value,39.902340504,,who.gho.mdg-0000000007,raw/who.gho.mdg-0000000007/2026/09/20260907T160538Z-28a5f6808180.json.gz,2
who.gho.mdg-0000000007,MDG_0000000007:CAN:SEX_FMLE:AGEGROUP_YEARSUNDER5:WEALTHQUINTILE_TOTL,1954-01-01,2026-09-07T16:05:01Z,high,35.827077262,,who.gho.mdg-0000000007,raw/who.gho.mdg-0000000007/2026/09/20260907T160501Z-2d19e1a5feef.json.gz,2
who.gho.mdg-0000000007,MDG_0000000007:CAN:SEX_FMLE:AGEGROUP_YEARSUNDER5:WEALTHQUINTILE_TOTL,1954-01-01,2026-09-07T16:05:01Z,low,34.360416813,,who.gho.mdg-0000000007,raw/who.gho.mdg-0000000007/2026/09/20260907T160501Z-2d19e1a5feef.json.gz,2
who.gho.mdg-0000000007,MDG_0000000007:CAN:SEX_FMLE:AGEGROUP_YEARSUNDER5:WEALTHQUINTILE_TOTL,1954-01-01,2026-09-07T16:05:01Z,restated_at,2026-08-05,,who.gho.mdg-0000000007,raw/who.gho.mdg-0000000007/2026/09/20260907T160501Z-2d19e1a5feef.json.gz,2
who.gho.mdg-0000000007,MDG_0000000007:CAN:SEX_FMLE:AGEGROUP_YEARSUNDER5:WEALTHQUINTILE_TOTL,1954-01-01,2026-09-07T16:05:01Z,value,35.098713077,,who.gho.mdg-0000000007,raw/who.gho.mdg-0000000007/2026/09/20260907T160501Z-2d19e1a5feef.json.gz,2
who.gho.mdg-0000000007,MDG_0000000007:CAN:SEX_MLE:AGEGROUP_YEARSUNDER5:WEALTHQUINTILE_TOTL,1954-01-01,2026-09-07T16:06:16Z,high,45.36621733,,who.gho.mdg-0000000007,raw/who.gho.mdg-0000000007/2026/09/20260907T160616Z-615f6bfccb87.json.gz,2
who.gho.mdg-0000000007,MDG_0000000007:CAN:SEX_MLE:AGEGROUP_YEARSUNDER5:WEALTHQUINTILE_TOTL,1954-01-01,2026-09-07T16:06:16Z,low,43.59120512,,who.gho.mdg-0000000007,raw/who.gho.mdg-0000000007/2026/09/20260907T160616Z-615f6bfccb87.json.gz,2
who.gho.mdg-0000000007,MDG_0000000007:CAN:SEX_MLE:AGEGROUP_YEARSUNDER5:WEALTHQUINTILE_TOTL,1954-01-01,2026-09-07T16:06:16Z,restated_at,2026-08-05,,who.gho.mdg-0000000007,raw/who.gho.mdg-0000000007/2026/09/20260907T160616Z-615f6bfccb87.json.gz,2
who.gho.mdg-0000000007,MDG_0000000007:CAN:SEX_MLE:AGEGROUP_YEARSUNDER5:WEALTHQUINTILE_TOTL,1954-01-01,2026-09-07T16:06:16Z,value,44.469212203,,who.gho.mdg-0000000007,raw/who.gho.mdg-0000000007/2026/09/20260907T160616Z-615f6bfccb87.json.gz,2
who.gho.mdg-0000000007,MDG_0000000007:CHE:SEX_BTSX:AGEGROUP_YEARSUNDER5:WEALTHQUINTILE_TOTL,1954-01-01,2026-09-07T16:06:26Z,high,33.715927487,,who.gho.mdg-0000000007,raw/who.gho.mdg-0000000007/2026/09/20260907T160626Z-083ef708c2ee.json.gz,2
who.gho.mdg-0000000007,MDG_0000000007:CHE:SEX_BTSX:AGEGROUP_YEARSUNDER5:WEALTHQUINTILE_TOTL,1954-01-01,2026-09-07T16:06:26Z,low,32.430015389,,who.gho.mdg-0000000007,raw/who.gho.mdg-0000000007/2026/09/20260907T160626Z-083ef708c2ee.json.gz,2
who.gho.mdg-0000000007,MDG_0000000007:CHE:SEX_BTSX:AGEGROUP_YEARSUNDER5:WEALTHQUINTILE_TOTL,1954-01-01,2026-09-07T16:06:26Z,restated_at,2026-08-05,,who.gho.mdg-0000000007,raw/who.gho.mdg-0000000007/2026/09/20260907T160626Z-083ef708c2ee.json.gz,2
who.gho.mdg-0000000007,MDG_0000000007:CHE:SEX_BTSX:AGEGROUP_YEARSUNDER5:WEALTHQUINTILE_TOTL,1954-01-01,2026-09-07T16:06:26Z,value,33.054358432,,who.gho.mdg-0000000007,raw/who.gho.mdg-0000000007/2026/09/20260907T160626Z-083ef708c2ee.json.gz,2
who.gho.mdg-0000000007,MDG_0000000007:CHE:SEX_FMLE:AGEGROUP_YEARSUNDER5:WEALTHQUINTILE_TOTL,1954-01-01,2026-09-07T16:05:48Z,high,29.7186179,,who.gho.mdg-0000000007,raw/who.gho.mdg-0000000007/2026/09/20260907T160548Z-1609a76f5ecc.json.gz,2
who.gho.mdg-0000000007,MDG_0000000007:CHE:SEX_FMLE:AGEGROUP_YEARSUNDER5:WEALTHQUINTILE_TOTL,1954-01-01,2026-09-07T16:05:48Z,low,28.276446059,,who.gho.mdg-0000000007,raw/who.gho.mdg-0000000007/2026/09/20260907T160548Z-1609a76f5ecc.json.gz,2
who.gho.mdg-0000000007,MDG_0000000007:CHE:SEX_FMLE:AGEGROUP_YEARSUNDER5:WEALTHQUINTILE_TOTL,1954-01-01,2026-09-07T16:05:48Z,restated_at,2026-08-05,,who.gho.mdg-0000000007,raw/who.gho.mdg-0000000007/2026/09/20260907T160548Z-1609a76f5ecc.json.gz,2
who.gho.mdg-0000000007,MDG_0000000007:CHE:SEX_FMLE:AGEGROUP_YEARSUNDER5:WEALTHQUINTILE_TOTL,1954-01-01,2026-09-07T16:05:48Z,value,28.97863658,,who.gho.mdg-0000000007,raw/who.gho.mdg-0000000007/2026/09/20260907T160548Z-1609a76f5ecc.json.gz,2
who.gho.mdg-0000000007,MDG_0000000007:CHE:SEX_MLE:AGEGROUP_YEARSUNDER5:WEALTHQUINTILE_TOTL,1954-01-01,2026-09-07T16:05:06Z,high,37.774662975,,who.gho.mdg-0000000007,raw/who.gho.mdg-0000000007/2026/09/20260907T160506Z-a219a21e2a4a.json.gz,2
who.gho.mdg-0000000007,MDG_0000000007:CHE:SEX_MLE:AGEGROUP_YEARSUNDER5:WEALTHQUINTILE_TOTL,1954-01-01,2026-09-07T16:05:06Z,low,36.123198727,,who.gho.mdg-0000000007,raw/who.gho.mdg-0000000007/2026/09/20260907T160506Z-a219a21e2a4a.json.gz,2
who.gho.mdg-0000000007,MDG_0000000007:CHE:SEX_MLE:AGEGROUP_YEARSUNDER5:WEALTHQUINTILE_TOTL,1954-01-01,2026-09-07T16:05:06Z,restated_at,2026-08-05,,who.gho.mdg-0000000007,raw/who.gho.mdg-0000000007/2026/09/20260907T160506Z-a219a21e2a4a.json.gz,2
who.gho.mdg-0000000007,MDG_0000000007:CHE:SEX_MLE:AGEGROUP_YEARSUNDER5:WEALTHQUINTILE_TOTL,1954-01-01,2026-09-07T16:05:06Z,value,36.943467968,,who.gho.mdg-0000000007,raw/who.gho.mdg-0000000007/2026/09/20260907T160506Z-a219a21e2a4a.json.gz,2
who.gho.mdg-0000000007,MDG_0000000007:CHL:SEX_BTSX:AGEGROUP_YEARSUNDER5:WEALTHQUINTILE_TOTL,1954-01-01,2026-09-07T16:09:26Z,high,163.127954859,,who.gho.mdg-0000000007,raw/who.gho.mdg-0000000007/2026/09/20260907T160926Z-3ee37906b339.json.gz,2
who.gho.mdg-0000000007,MDG_0000000007:CHL:SEX_BTSX:AGEGROUP_YEARSUNDER5:WEALTHQUINTILE_TOTL,1954-01-01,2026-09-07T16:09:26Z,low,138.487555857,,who.gho.mdg-0000000007,raw/who.gho.mdg-0000000007/2026/09/20260907T160926Z-3ee37906b339.json.gz,2
who.gho.mdg-0000000007,MDG_0000000007:CHL:SEX_BTSX:AGEGROUP_YEARSUNDER5:WEALTHQUINTILE_TOTL,1954-01-01,2026-09-07T16:09:26Z,restated_at,2026-08-05,,who.gho.mdg-0000000007,raw/who.gho.mdg-0000000007/2026/09/20260907T160926Z-3ee37906b339.json.gz,2
who.gho.mdg-0000000007,MDG_0000000007:CHL:SEX_BTSX:AGEGROUP_YEARSUNDER5:WEALTHQUINTILE_TOTL,1954-01-01,2026-09-07T16:09:26Z,value,149.917406683,,who.gho.mdg-0000000007,raw/who.gho.mdg-0000000007/2026/09/20260907T160926Z-3ee37906b339.json.gz,2
who.gho.mdg-0000000007,MDG_0000000007:CHL:SEX_FMLE:AGEGROUP_YEARSUNDER5:WEALTHQUINTILE_TOTL,1954-01-01,2026-09-07T16:06:29Z,high,155.338550476,,who.gho.mdg-0000000007,raw/who.gho.mdg-0000000007/2026/09/20260907T160629Z-f6ed87825938.json.gz,2
who.gho.mdg-0000000007,MDG_0000000007:CHL:SEX_FMLE:AGEGROUP_YEARSUNDER5:WEALTHQUINTILE_TOTL,1954-01-01,2026-09-07T16:06:29Z,low,131.519507648,,who.gho.mdg-0000000007,raw/who.gho.mdg-0000000007/2026/09/20260907T160629Z-f6ed87825938.json.gz,2
who.gho.mdg-0000000007,MDG_0000000007:CHL:SEX_FMLE:AGEGROUP_YEARSUNDER5:WEALTHQUINTILE_TOTL,1954-01-01,2026-09-07T16:06:29Z,restated_at,2026-08-05,,who.gho.mdg-0000000007,raw/who.gho.mdg-0000000007/2026/09/20260907T160629Z-f6ed87825938.json.gz,2
who.gho.mdg-0000000007,MDG_0000000007:CHL:SEX_FMLE:AGEGROUP_YEARSUNDER5:WEALTHQUINTILE_TOTL,1954-01-01,2026-09-07T16:06:29Z,value,142.520242945,,who.gho.mdg-0000000007,raw/who.gho.mdg-0000000007/2026/09/20260907T160629Z-f6ed87825938.json.gz,2
who.gho.mdg-0000000007,MDG_0000000007:CHL:SEX_MLE:AGEGROUP_YEARSUNDER5:WEALTHQUINTILE_TOTL,1954-01-01,2026-09-07T16:10:45Z,high,171.067233401,,who.gho.mdg-0000000007,raw/who.gho.mdg-0000000007/2026/09/20260907T161045Z-53a7d24c459b.json.gz,2
who.gho.mdg-0000000007,MDG_0000000007:CHL:SEX_MLE:AGEGROUP_YEARSUNDER5:WEALTHQUINTILE_TOTL,1954-01-01,2026-09-07T16:10:45Z,low,144.901361087,,who.gho.mdg-0000000007,raw/who.gho.mdg-0000000007/2026/09/20260907T161045Z-53a7d24c459b.json.gz,2
who.gho.mdg-0000000007,MDG_0000000007:CHL:SEX_MLE:AGEGROUP_YEARSUNDER5:WEALTHQUINTILE_TOTL,1954-01-01,2026-09-07T16:10:45Z,restated_at,2026-08-05,,who.gho.mdg-0000000007,raw/who.gho.mdg-0000000007/2026/09/20260907T161045Z-53a7d24c459b.json.gz,2
who.gho.mdg-0000000007,MDG_0000000007:CHL:SEX_MLE:AGEGROUP_YEARSUNDER5:WEALTHQUINTILE_TOTL,1954-01-01,2026-09-07T16:10:45Z,value,156.916647153,,who.gho.mdg-0000000007,raw/who.gho.mdg-0000000007/2026/09/20260907T161045Z-53a7d24c459b.json.gz,2
who.gho.mdg-0000000007,MDG_0000000007:CMR:SEX_BTSX:AGEGROUP_YEARSUNDER5:WEALTHQUINTILE_TOTL,1954-01-01,2026-09-07T16:10:41Z,high,414.610885738,,who.gho.mdg-0000000007,raw/who.gho.mdg-0000000007/2026/09/20260907T161041Z-4752b74784e1.json.gz,2
who.gho.mdg-0000000007,MDG_0000000007:CMR:SEX_BTSX:AGEGROUP_YEARSUNDER5:WEALTHQUINTILE_TOTL,1954-01-01,2026-09-07T16:10:41Z,low,286.55956723,,who.gho.mdg-0000000007,raw/who.gho.mdg-0000000007/2026/09/20260907T161041Z-4752b74784e1.json.gz,2
who.gho.mdg-0000000007,MDG_0000000007:CMR:SEX_BTSX:AGEGROUP_YEARSUNDER5:WEALTHQUINTILE_TOTL,1954-01-01,2026-09-07T16:10:41Z,restated_at,2026-08-05,,who.gho.mdg-0000000007,raw/who.gho.mdg-0000000007/2026/09/20260907T161041Z-4752b74784e1.json.gz,2
who.gho.mdg-0000000007,MDG_0000000007:CMR:SEX_BTSX:AGEGROUP_YEARSUNDER5:WEALTHQUINTILE_TOTL,1954-01-01,2026-09-07T16:10:41Z,value,345.802271768,,who.gho.mdg-0000000007,raw/who.gho.mdg-0000000007/2026/09/20260907T161041Z-4752b74784e1.json.gz,2
who.gho.mdg-0000000007,MDG_0000000007:CMR:SEX_FMLE:AGEGROUP_YEARSUNDER5:WEALTHQUINTILE_TOTL,1954-01-01,2026-09-07T16:05:26Z,high,398.222381729,,who.gho.mdg-0000000007,raw/who.gho.mdg-0000000007/2026/09/20260907T160526Z-1363df2b3da0.json.gz,2
who.gho.mdg-0000000007,MDG_0000000007:CMR:SEX_FMLE:AGEGROUP_YEARSUNDER5:WEALTHQUINTILE_TOTL,1954-01-01,2026-09-07T16:05:26Z,low,273.988732078,,who.gho.mdg-0000000007,raw/who.gho.mdg-0000000007/2026/09/20260907T160526Z-1363df2b3da0.json.gz,2
who.gho.mdg-0000000007,MDG_0000000007:CMR:SEX_FMLE:AGEGROUP_YEARSUNDER5:WEALTHQUINTILE_TOTL,1954-01-01,2026-09-07T16:05:26Z,restated_at,2026-08-05,,who.gho.mdg-0000000007,raw/who.gho.mdg-0000000007/2026/09/20260907T160526Z-1363df2b3da0.json.gz,2
who.gho.mdg-0000000007,MDG_0000000007:CMR:SEX_FMLE:AGEGROUP_YEARSUNDER5:WEALTHQUINTILE_TOTL,1954-01-01,2026-09-07T16:05:26Z,value,330.792711801,,who.gho.mdg-0000000007,raw/who.gho.mdg-0000000007/2026/09/20260907T160526Z-1363df2b3da0.json.gz,2
who.gho.mdg-0000000007,MDG_0000000007:CMR:SEX_MLE:AGEGROUP_YEARSUNDER5:WEALTHQUINTILE_TOTL,1954-01-01,2026-09-07T16:06:16Z,high,432.771292612,,who.gho.mdg-0000000007,raw/who.gho.mdg-0000000007/2026/09/20260907T160616Z-615f6bfccb87.json.gz,2
who.gho.mdg-0000000007,MDG_0000000007:CMR:SEX_MLE:AGEGROUP_YEARSUNDER5:WEALTHQUINTILE_TOTL,1954-01-01,2026-09-07T16:06:16Z,low,297.046655152,,who.gho.mdg-0000000007,raw/who.gho.mdg-0000000007/2026/09/20260907T160616Z-615f6bfccb87.json.gz,2
who.gho.mdg-0000000007,MDG_0000000007:CMR:SEX_MLE:AGEGROUP_YEARSUNDER5:WEALTHQUINTILE_TOTL,1954-01-01,2026-09-07T16:06:16Z,restated_at,2026-08-05,,who.gho.mdg-0000000007,raw/who.gho.mdg-0000000007/2026/09/20260907T160616Z-615f6bfccb87.json.gz,2
who.gho.mdg-0000000007,MDG_0000000007:CMR:SEX_MLE:AGEGROUP_YEARSUNDER5:WEALTHQUINTILE_TOTL,1954-01-01,2026-09-07T16:06:16Z,value,359.776800551,,who.gho.mdg-0000000007,raw/who.gho.mdg-0000000007/2026/09/20260907T160616Z-615f6bfccb87.json.gz,2
who.gho.mdg-0000000007,MDG_0000000007:COG:SEX_BTSX:AGEGROUP_YEARSUNDER5:WEALTHQUINTILE_TOTL,1954-01-01,2026-09-07T16:05:26Z,high,287.318185659,,who.gho.mdg-0000000007,raw/who.gho.mdg-0000000007/2026/09/20260907T160526Z-1363df2b3da0.json.gz,2
who.gho.mdg-0000000007,MDG_0000000007:COG:SEX_BTSX:AGEGROUP_YEARSUNDER5:WEALTHQUINTILE_TOTL,1954-01-01,2026-09-07T16:05:26Z,low,210.494708495,,who.gho.mdg-0000000007,raw/who.gho.mdg-0000000007/2026/09/20260907T160526Z-1363df2b3da0.json.gz,2
who.gho.mdg-0000000007,MDG_0000000007:COG:SEX_BTSX:AGEGROUP_YEARSUNDER5:WEALTHQUINTILE_TOTL,1954-01-01,2026-09-07T16:05:26Z,restated_at,2026-08-05,,who.gho.mdg-0000000007,raw/who.gho.mdg-0000000007/2026/09/20260907T160526Z-1363df2b3da0.json.gz,2
who.gho.mdg-0000000007,MDG_0000000007:COG:SEX_BTSX:AGEGROUP_YEARSUNDER5:WEALTHQUINTILE_TOTL,1954-01-01,2026-09-07T16:05:26Z,value,246.223999705,,who.gho.mdg-0000000007,raw/who.gho.mdg-0000000007/2026/09/20260907T160526Z-1363df2b3da0.json.gz,2
who.gho.mdg-0000000007,MDG_0000000007:COG:SEX_FMLE:AGEGROUP_YEARSUNDER5:WEALTHQUINTILE_TOTL,1954-01-01,2026-09-07T16:10:03Z,high,279.762482774,,who.gho.mdg-0000000007,raw/who.gho.mdg-0000000007/2026/09/20260907T161003Z-9bcc9b7e7da4.json.gz,2
who.gho.mdg-0000000007,MDG_0000000007:COG:SEX_FMLE:AGEGROUP_YEARSUNDER5:WEALTHQUINTILE_TOTL,1954-01-01,2026-09-07T16:10:03Z,low,203.717988958,,who.gho.mdg-0000000007,raw/who.gho.mdg-0000000007/2026/09/20260907T161003Z-9bcc9b7e7da4.json.gz,2
who.gho.mdg-0000000007,MDG_0000000007:COG:SEX_FMLE:AGEGROUP_YEARSUNDER5:WEALTHQUINTILE_TOTL,1954-01-01,2026-09-07T16:10:03Z,restated_at,2026-08-05,,who.gho.mdg-0000000007,raw/who.gho.mdg-0000000007/2026/09/20260907T161003Z-9bcc9b7e7da4.json.gz,2
who.gho.mdg-0000000007,MDG_0000000007:COG:SEX_FMLE:AGEGROUP_YEARSUNDER5:WEALTHQUINTILE_TOTL,1954-01-01,2026-09-07T16:10:03Z,value,239.153098388,,who.gho.mdg-0000000007,raw/who.gho.mdg-0000000007/2026/09/20260907T161003Z-9bcc9b7e7da4.json.gz,2
who.gho.mdg-0000000007,MDG_0000000007:COG:SEX_MLE:AGEGROUP_YEARSUNDER5:WEALTHQUINTILE_TOTL,1954-01-01,2026-09-07T16:09:54Z,high,296.405597479,,who.gho.mdg-0000000007,raw/who.gho.mdg-0000000007/2026/09/20260907T160954Z-3426e3999bb4.json.gz,2
who.gho.mdg-0000000007,MDG_0000000007:COG:SEX_MLE:AGEGROUP_YEARSUNDER5:WEALTHQUINTILE_TOTL,1954-01-01,2026-09-07T16:09:54Z,low,215.419400827,,who.gho.mdg-0000000007,raw/who.gho.mdg-0000000007/2026/09/20260907T160954Z-3426e3999bb4.json.gz,2
who.gho.mdg-0000000007,MDG_0000000007:COG:SEX_MLE:AGEGROUP_YEARSUNDER5:WEALTHQUINTILE_TOTL,1954-01-01,2026-09-07T16:09:54Z,restated_at,2026-08-05,,who.gho.mdg-0000000007,raw/who.gho.mdg-0000000007/2026/09/20260907T160954Z-3426e3999bb4.json.gz,2
who.gho.mdg-0000000007,MDG_0000000007:COG:SEX_MLE:AGEGROUP_YEARSUNDER5:WEALTHQUINTILE_TOTL,1954-01-01,2026-09-07T16:09:54Z,value,252.709101831,,who.gho.mdg-0000000007,raw/who.gho.mdg-0000000007/2026/09/20260907T160954Z-3426e3999bb4.json.gz,2
who.gho.mdg-0000000007,MDG_0000000007:COK:SEX_BTSX:AGEGROUP_YEARSUNDER5:WEALTHQUINTILE_TOTL,1954-01-01,2026-09-07T16:05:31Z,high,200.035275662,,who.gho.mdg-0000000007,raw/who.gho.mdg-0000000007/2026/09/20260907T160531Z-a90a9bba0858.json.gz,2
who.gho.mdg-0000000007,MDG_0000000007:COK:SEX_BTSX:AGEGROUP_YEARSUNDER5:WEALTHQUINTILE_TOTL,1954-01-01,2026-09-07T16:05:31Z,low,134.76421166,,who.gho.mdg-0000000007,raw/who.gho.mdg-0000000007/2026/09/20260907T160531Z-a90a9bba0858.json.gz,2
who.gho.mdg-0000000007,MDG_0000000007:COK:SEX_BTSX:AGEGROUP_YEARSUNDER5:WEALTHQUINTILE_TOTL,1954-01-01,2026-09-07T16:05:31Z,restated_at,2026-08-05,,who.gho.mdg-0000000007,raw/who.gho.mdg-0000000007/2026/09/20260907T160531Z-a90a9bba0858.json.gz,2
who.gho.mdg-0000000007,MDG_0000000007:COK:SEX_BTSX:AGEGROUP_YEARSUNDER5:WEALTHQUINTILE_TOTL,1954-01-01,2026-09-07T16:05:31Z,value,161.80170648,,who.gho.mdg-0000000007,raw/who.gho.mdg-0000000007/2026/09/20260907T160531Z-a90a9bba0858.json.gz,2
who.gho.mdg-0000000007,MDG_0000000007:COK:SEX_FMLE:AGEGROUP_YEARSUNDER5:WEALTHQUINTILE_TOTL,1954-01-01,2026-09-07T16:05:01Z,high,215.009968324,,who.gho.mdg-0000000007,raw/who.gho.mdg-0000000007/2026/09/20260907T160501Z-2d19e1a5feef.json.gz,2
who.gho.mdg-0000000007,MDG_0000000007:COK:SEX_FMLE:AGEGROUP_YEARSUNDER5:WEALTHQUINTILE_TOTL,1954-01-01,2026-09-07T16:05:01Z,low,142.85070717,,who.gho.mdg-0000000007,raw/who.gho.mdg-0000000007/2026/09/20260907T160501Z-2d19e1a5feef.json.gz,2
who.gho.mdg-0000000007,MDG_0000000007:COK:SEX_FMLE:AGEGROUP_YEARSUNDER5:WEALTHQUINTILE_TOTL,1954-01-01,2026-09-07T16:05:01Z,restated_at,2026-08-05,,who.gho.mdg-0000000007,raw/who.gho.mdg-0000000007/2026/09/20260907T160501Z-2d19e1a5feef.json.gz,2
who.gho.mdg-0000000007,MDG_0000000007:COK:SEX_FMLE:AGEGROUP_YEARSUNDER5:WEALTHQUINTILE_TOTL,1954-01-01,2026-09-07T16:05:01Z,value,173.006249468,,who.gho.mdg-0000000007,raw/who.gho.mdg-0000000007/2026/09/20260907T160501Z-2d19e1a5feef.json.gz,2
who.gho.mdg-0000000007,MDG_0000000007:COK:SEX_MLE:AGEGROUP_YEARSUNDER5:WEALTHQUINTILE_TOTL,1954-01-01,2026-09-07T16:10:30Z,high,187.328087828,,who.gho.mdg-0000000007,raw/who.gho.mdg-0000000007/2026/09/20260907T161030Z-d2101d8df79b.json.gz,2
who.gho.mdg-0000000007,MDG_0000000007:COK:SEX_MLE:AGEGROUP_YEARSUNDER5:WEALTHQUINTILE_TOTL,1954-01-01,2026-09-07T16:10:30Z,low,124.837942431,,who.gho.mdg-0000000007,raw/who.gho.mdg-0000000007/2026/09/20260907T161030Z-d2101d8df79b.json.gz,2
who.gho.mdg-0000000007,MDG_0000000007:COK:SEX_MLE:AGEGROUP_YEARSUNDER5:WEALTHQUINTILE_TOTL,1954-01-01,2026-09-07T16:10:30Z,restated_at,2026-08-05,,who.gho.mdg-0000000007,raw/who.gho.mdg-0000000007/2026/09/20260907T161030Z-d2101d8df79b.json.gz,2
who.gho.mdg-0000000007,MDG_0000000007:COK:SEX_MLE:AGEGROUP_YEARSUNDER5:WEALTHQUINTILE_TOTL,1954-01-01,2026-09-07T16:10:30Z,value,151.227494073,,who.gho.mdg-0000000007,raw/who.gho.mdg-0000000007/2026/09/20260907T161030Z-d2101d8df79b.json.gz,2
who.gho.mdg-0000000007,MDG_0000000007:COL:SEX_BTSX:AGEGROUP_YEARSUNDER5:WEALTHQUINTILE_TOTL,1954-01-01,2026-09-07T16:05:57Z,high,195.125263678,,who.gho.mdg-0000000007,raw/who.gho.mdg-0000000007/2026/09/20260907T160557Z-c8e786907d46.json.gz,2
who.gho.mdg-0000000007,MDG_0000000007:COL:SEX_BTSX:AGEGROUP_YEARSUNDER5:WEALTHQUINTILE_TOTL,1954-01-01,2026-09-07T16:05:57Z,low,142.264582808,,who.gho.mdg-0000000007,raw/who.gho.mdg-0000000007/2026/09/20260907T160557Z-c8e786907d46.json.gz,2
who.gho.mdg-0000000007,MDG_0000000007:COL:SEX_BTSX:AGEGROUP_YEARSUNDER5:WEALTHQUINTILE_TOTL,1954-01-01,2026-09-07T16:05:57Z,restated_at,2026-08-05,,who.gho.mdg-0000000007,raw/who.gho.mdg-0000000007/2026/09/20260907T160557Z-c8e786907d46.json.gz,2
who.gho.mdg-0000000007,MDG_0000000007:COL:SEX_BTSX:AGEGROUP_YEARSUNDER5:WEALTHQUINTILE_TOTL,1954-01-01,2026-09-07T16:05:57Z,value,166.603103325,,who.gho.mdg-0000000007,raw/who.gho.mdg-0000000007/2026/09/20260907T160557Z-c8e786907d46.json.gz,2
who.gho.mdg-0000000007,MDG_0000000007:COL:SEX_FMLE:AGEGROUP_YEARSUNDER5:WEALTHQUINTILE_TOTL,1954-01-01,2026-09-07T16:06:11Z,high,186.586600643,,who.gho.mdg-0000000007,raw/who.gho.mdg-0000000007/2026/09/20260907T160611Z-e868f3030ca5.json.gz,2
who.gho.mdg-0000000007,MDG_0000000007:COL:SEX_FMLE:AGEGROUP_YEARSUNDER5:WEALTHQUINTILE_TOTL,1954-01-01,2026-09-07T16:06:11Z,low,134.637696971,,who.gho.mdg-0000000007,raw/who.gho.mdg-0000000007/2026/09/20260907T160611Z-e868f3030ca5.json.gz,2
who.gho.mdg-0000000007,MDG_0000000007:COL:SEX_FMLE:AGEGROUP_YEARSUNDER5:WEALTHQUINTILE_TOTL,1954-01-01,2026-09-07T16:06:11Z,restated_at,2026-08-05,,who.gho.mdg-0000000007,raw/who.gho.mdg-0000000007/2026/09/20260907T160611Z-e868f3030ca5.json.gz,2
who.gho.mdg-0000000007,MDG_0000000007:COL:SEX_FMLE:AGEGROUP_YEARSUNDER5:WEALTHQUINTILE_TOTL,1954-01-01,2026-09-07T16:06:11Z,value,158.876167752,,who.gho.mdg-0000000007,raw/who.gho.mdg-0000000007/2026/09/20260907T160611Z-e868f3030ca5.json.gz,2
who.gho.mdg-0000000007,MDG_0000000007:COL:SEX_MLE:AGEGROUP_YEARSUNDER5:WEALTHQUINTILE_TOTL,1954-01-01,2026-09-07T16:10:30Z,high,204.648851363,,who.gho.mdg-0000000007,raw/who.gho.mdg-0000000007/2026/09/20260907T161030Z-d2101d8df79b.json.gz,2
who.gho.mdg-0000000007,MDG_0000000007:COL:SEX_MLE:AGEGROUP_YEARSUNDER5:WEALTHQUINTILE_TOTL,1954-01-01,2026-09-07T16:10:30Z,low,148.174967412,,who.gho.mdg-0000000007,raw/who.gho.mdg-0000000007/2026/09/20260907T161030Z-d2101d8df79b.json.gz,2
who.gho.mdg-0000000007,MDG_0000000007:COL:SEX_MLE:AGEGROUP_YEARSUNDER5:WEALTHQUINTILE_TOTL,1954-01-01,2026-09-07T16:10:30Z,restated_at,2026-08-05,,who.gho.mdg-0000000007,raw/who.gho.mdg-0000000007/2026/09/20260907T161030Z-d2101d8df79b.json.gz,2
who.gho.mdg-0000000007,MDG_0000000007:COL:SEX_MLE:AGEGROUP_YEARSUNDER5:WEALTHQUINTILE_TOTL,1954-01-01,2026-09-07T16:10:30Z,value,173.817924294,,who.gho.mdg-0000000007,raw/who.gho.mdg-0000000007/2026/09/20260907T161030Z-d2101d8df79b.json.gz,2
who.gho.mdg-0000000007,MDG_0000000007:CPV:SEX_BTSX:AGEGROUP_YEARSUNDER5:WEALTHQUINTILE_TOTL,1954-01-01,2026-09-07T16:05:43Z,high,230.85174393,,who.gho.mdg-0000000007,raw/who.gho.mdg-0000000007/2026/09/20260907T160543Z-0bdfcfeb6714.json.gz,2
who.gho.mdg-0000000007,MDG_0000000007:CPV:SEX_BTSX:AGEGROUP_YEARSUNDER5:WEALTHQUINTILE_TOTL,1954-01-01,2026-09-07T16:05:43Z,low,157.97393897,,who.gho.mdg-0000000007,raw/who.gho.mdg-0000000007/2026/09/20260907T160543Z-0bdfcfeb6714.json.gz,2
who.gho.mdg-0000000007,MDG_0000000007:CPV:SEX_BTSX:AGEGROUP_YEARSUNDER5:WEALTHQUINTILE_TOTL,1954-01-01,2026-09-07T16:05:43Z,restated_at,2026-08-05,,who.gho.mdg-0000000007,raw/who.gho.mdg-0000000007/2026/09/20260907T160543Z-0bdfcfeb6714.json.gz,2
who.gho.mdg-0000000007,MDG_0000000007:CPV:SEX_BTSX:AGEGROUP_YEARSUNDER5:WEALTHQUINTILE_TOTL,1954-01-01,2026-09-07T16:05:43Z,value,190.799338684,,who.gho.mdg-0000000007,raw/who.gho.mdg-0000000007/2026/09/20260907T160543Z-0bdfcfeb6714.json.gz,2
who.gho.mdg-0000000007,MDG_0000000007:CPV:SEX_FMLE:AGEGROUP_YEARSUNDER5:WEALTHQUINTILE_TOTL,1954-01-01,2026-09-07T16:06:02Z,high,224.051724681,,who.gho.mdg-0000000007,raw/who.gho.mdg-0000000007/2026/09/20260907T160602Z-1adff4f5f376.json.gz,2
who.gho.mdg-0000000007,MDG_0000000007:CPV:SEX_FMLE:AGEGROUP_YEARSUNDER5:WEALTHQUINTILE_TOTL,1954-01-01,2026-09-07T16:06:02Z,low,152.017651402,,who.gho.mdg-0000000007,raw/who.gho.mdg-0000000007/2026/09/20260907T160602Z-1adff4f5f376.json.gz,2
who.gho.mdg-0000000007,MDG_0000000007:CPV:SEX_FMLE:AGEGROUP_YEARSUNDER5:WEALTHQUINTILE_TOTL,1954-01-01,2026-09-07T16:06:02Z,restated_at,2026-08-05,,who.gho.mdg-0000000007,raw/who.gho.mdg-0000000007/2026/09/20260907T160602Z-1adff4f5f376.json.gz,2
who.gho.mdg-0000000007,MDG_0000000007:CPV:SEX_FMLE:AGEGROUP_YEARSUNDER5:WEALTHQUINTILE_TOTL,1954-01-01,2026-09-07T16:06:02Z,value,184.417097432,,who.gho.mdg-0000000007,raw/who.gho.mdg-0000000007/2026/09/20260907T160602Z-1adff4f5f376.json.gz,2
who.gho.mdg-0000000007,MDG_0000000007:CPV:SEX_MLE:AGEGROUP_YEARSUNDER5:WEALTHQUINTILE_TOTL,1954-01-01,2026-09-07T16:06:29Z,high,239.033414525,,who.gho.mdg-0000000007,raw/who.gho.mdg-0000000007/2026/09/20260907T160629Z-f6ed87825938.json.gz,2
who.gho.mdg-0000000007,MDG_0000000007:CPV:SEX_MLE:AGEGROUP_YEARSUNDER5:WEALTHQUINTILE_TOTL,1954-01-01,2026-09-07T16:06:29Z,low,162.599245584,,who.gho.mdg-0000000007,raw/who.gho.mdg-0000000007/2026/09/20260907T160629Z-f6ed87825938.json.gz,2
who.gho.mdg-0000000007,MDG_0000000007:CPV:SEX_MLE:AGEGROUP_YEARSUNDER5:WEALTHQUINTILE_TOTL,1954-01-01,2026-09-07T16:06:29Z,restated_at,2026-08-05,,who.gho.mdg-0000000007,raw/who.gho.mdg-0000000007/2026/09/20260907T160629Z-f6ed87825938.json.gz,2
who.gho.mdg-0000000007,MDG_0000000007:CPV:SEX_MLE:AGEGROUP_YEARSUNDER5:WEALTHQUINTILE_TOTL,1954-01-01,2026-09-07T16:06:29Z,value,196.754041225,,who.gho.mdg-0000000007,raw/who.gho.mdg-0000000007/2026/09/20260907T160629Z-f6ed87825938.json.gz,2
who.gho.mdg-0000000007,MDG_0000000007:CRI:SEX_BTSX:AGEGROUP_YEARSUNDER5:WEALTHQUINTILE_TOTL,1954-01-01,2026-09-07T16:05:38Z,high,129.595795173,,who.gho.mdg-0000000007,raw/who.gho.mdg-0000000007/2026/09/20260907T160538Z-28a5f6808180.json.gz,2
who.gho.mdg-0000000007,MDG_0000000007:CRI:SEX_BTSX:AGEGROUP_YEARSUNDER5:WEALTHQUINTILE_TOTL,1954-01-01,2026-09-07T16:05:38Z,low,119.667719107,,who.gho.mdg-0000000007,raw/who.gho.mdg-0000000007/2026/09/20260907T160538Z-28a5f6808180.json.gz,2
who.gho.mdg-0000000007,MDG_0000000007:CRI:SEX_BTSX:AGEGROUP_YEARSUNDER5:WEALTHQUINTILE_TOTL,1954-01-01,2026-09-07T16:05:38Z,restated_at,2026-08-05,,who.gho.mdg-0000000007,raw/who.gho.mdg-0000000007/2026/09/20260907T160538Z-28a5f6808180.json.gz,2
who.gho.mdg-0000000007,MDG_0000000007:CRI:SEX_BTSX:AGEGROUP_YEARSUNDER5:WEALTHQUINTILE_TOTL,1954-01-01,2026-09-07T16:05:38Z,value,124.556121522,,who.gho.mdg-0000000007,raw/who.gho.mdg-0000000007/2026/09/20260907T160538Z-28a5f6808180.json.gz,2
who.gho.mdg-0000000007,MDG_0000000007:CRI:SEX_FMLE:AGEGROUP_YEARSUNDER5:WEALTHQUINTILE_TOTL,1954-01-01,2026-09-07T16:05:09Z,high,125.421477464,,who.gho.mdg-0000000007,raw/who.gho.mdg-0000000007/2026/09/20260907T160509Z-9066130499c7.json.gz,2
who.gho.mdg-0000000007,MDG_0000000007:CRI:SEX_FMLE:AGEGROUP_YEARSUNDER5:WEALTHQUINTILE_TOTL,1954-01-01,2026-09-07T16:05:09Z,low,114.971593147,,who.gho.mdg-0000000007,raw/who.gho.mdg-0000000007/2026/09/20260907T160509Z-9066130499c7.json.gz,2
who.gho.mdg-0000000007,MDG_0000000007:CRI:SEX_FMLE:AGEGROUP_YEARSUNDER5:WEALTHQUINTILE_TOTL,1954-01-01,2026-09-07T16:05:09Z,restated_at,2026-08-05,,who.gho.mdg-0000000007,raw/who.gho.mdg-0000000007/2026/09/20260907T160509Z-9066130499c7.json.gz,2
who.gho.mdg-0000000007,MDG_0000000007:CRI:SEX_FMLE:AGEGROUP_YEARSUNDER5:WEALTHQUINTILE_TOTL,1954-01-01,2026-09-07T16:05:09Z,value,120.093832521,,who.gho.mdg-0000000007,raw/who.gho.mdg-0000000007/2026/09/20260907T160509Z-9066130499c7.json.gz,2
who.gho.mdg-0000000007,MDG_0000000007:CRI:SEX_MLE:AGEGROUP_YEARSUNDER5:WEALTHQUINTILE_TOTL,1954-01-01,2026-09-07T16:08:45Z,high,134.394217969,,who.gho.mdg-0000000007,raw/who.gho.mdg-0000000007/2026/09/20260907T160845Z-9b23f1f1b45b.json.gz,2
who.gho.mdg-0000000007,MDG_0000000007:CRI:SEX_MLE:AGEGROUP_YEARSUNDER5:WEALTHQUINTILE_TOTL,1954-01-01,2026-09-07T16:08:45Z,low,123.49919079,,who.gho.mdg-0000000007,raw/who.gho.mdg-0000000007/2026/09/20260907T160845Z-9b23f1f1b45b.json.gz,2
who.gho.mdg-0000000007,MDG_0000000007:CRI:SEX_MLE:AGEGROUP_YEARSUNDER5:WEALTHQUINTILE_TOTL,1954-01-01,2026-09-07T16:08:45Z,restated_at,2026-08-05,,who.gho.mdg-0000000007,raw/who.gho.mdg-0000000007/2026/09/20260907T160845Z-9b23f1f1b45b.json.gz,2
who.gho.mdg-0000000007,MDG_0000000007:CRI:SEX_MLE:AGEGROUP_YEARSUNDER5:WEALTHQUINTILE_TOTL,1954-01-01,2026-09-07T16:08:45Z,value,128.772763992,,who.gho.mdg-0000000007,raw/who.gho.mdg-0000000007/2026/09/20260907T160845Z-9b23f1f1b45b.json.gz,2
who.gho.mdg-0000000007,MDG_0000000007:CZE:SEX_BTSX:AGEGROUP_YEARSUNDER5:WEALTHQUINTILE_TOTL,1954-01-01,2026-09-07T16:09:18Z,high,41.159458893,,who.gho.mdg-0000000007,raw/who.gho.mdg-0000000007/2026/09/20260907T160918Z-1f3ac080847d.json.gz,2
who.gho.mdg-0000000007,MDG_0000000007:CZE:SEX_BTSX:AGEGROUP_YEARSUNDER5:WEALTHQUINTILE_TOTL,1954-01-01,2026-09-07T16:09:18Z,low,35.906846898,,who.gho.mdg-0000000007,raw/who.gho.mdg-0000000007/2026/09/20260907T160918Z-1f3ac080847d.json.gz,2
who.gho.mdg-0000000007,MDG_0000000007:CZE:SEX_BTSX:AGEGROUP_YEARSUNDER5:WEALTHQUINTILE_TOTL,1954-01-01,2026-09-07T16:09:18Z,restated_at,2026-08-05,,who.gho.mdg-0000000007,raw/who.gho.mdg-0000000007/2026/09/20260907T160918Z-1f3ac080847d.json.gz,2
who.gho.mdg-0000000007,MDG_0000000007:CZE:SEX_BTSX:AGEGROUP_YEARSUNDER5:WEALTHQUINTILE_TOTL,1954-01-01,2026-09-07T16:09:18Z,value,38.466104515,,who.gho.mdg-0000000007,raw/who.gho.mdg-0000000007/2026/09/20260907T160918Z-1f3ac080847d.json.gz,2
who.gho.mdg-0000000007,MDG_0000000007:CZE:SEX_FMLE:AGEGROUP_YEARSUNDER5:WEALTHQUINTILE_TOTL,1954-01-01,2026-09-07T16:05:06Z,high,36.159874495,,who.gho.mdg-0000000007,raw/who.gho.mdg-0000000007/2026/09/20260907T160506Z-a219a21e2a4a.json.gz,2
who.gho.mdg-0000000007,MDG_0000000007:CZE:SEX_FMLE:AGEGROUP_YEARSUNDER5:WEALTHQUINTILE_TOTL,1954-01-01,2026-09-07T16:05:06Z,low,30.548456584,,who.gho.mdg-0000000007,raw/who.gho.mdg-0000000007/2026/09/20260907T160506Z-a219a21e2a4a.json.gz,2
who.gho.mdg-0000000007,MDG_0000000007:CZE:SEX_FMLE:AGEGROUP_YEARSUNDER5:WEALTHQUINTILE_TOTL,1954-01-01,2026-09-07T16:05:06Z,restated_at,2026-08-05,,who.gho.mdg-0000000007,raw/who.gho.mdg-0000000007/2026/09/20260907T160506Z-a219a21e2a4a.json.gz,2
who.gho.mdg-0000000007,MDG_0000000007:CZE:SEX_FMLE:AGEGROUP_YEARSUNDER5:WEALTHQUINTILE_TOTL,1954-01-01,2026-09-07T16:05:06Z,value,33.266915008,,who.gho.mdg-0000000007,raw/who.gho.mdg-0000000007/2026/09/20260907T160506Z-a219a21e2a4a.json.gz,2
who.gho.mdg-0000000007,MDG_0000000007:CZE:SEX_MLE:AGEGROUP_YEARSUNDER5:WEALTHQUINTILE_TOTL,1954-01-01,2026-09-07T16:10:33Z,high,46.797461412,,who.gho.mdg-0000000007,raw/who.gho.mdg-0000000007/2026/09/20260907T161033Z-0396663e197a.json.gz,2
who.gho.mdg-0000000007,MDG_0000000007:CZE:SEX_MLE:AGEGROUP_YEARSUNDER5:WEALTHQUINTILE_TOTL,1954-01-01,2026-09-07T16:10:33Z,low,40.135703362,,who.gho.mdg-0000000007,raw/who.gho.mdg-0000000007/2026/09/20260907T161033Z-0396663e197a.json.gz,2
who.gho.mdg-0000000007,MDG_0000000007:CZE:SEX_MLE:AGEGROUP_YEARSUNDER5:WEALTHQUINTILE_TOTL,1954-01-01,2026-09-07T16:10:33Z,restated_at,2026-08-05,,who.gho.mdg-0000000007,raw/who.gho.mdg-0000000007/2026/09/20260907T161033Z-0396663e197a.json.gz,2
who.gho.mdg-0000000007,MDG_0000000007:CZE:SEX_MLE:AGEGROUP_YEARSUNDER5:WEALTHQUINTILE_TOTL,1954-01-01,2026-09-07T16:10:33Z,value,43.388754507,,who.gho.mdg-0000000007,raw/who.gho.mdg-0000000007/2026/09/20260907T161033Z-0396663e197a.json.gz,2
who.gho.mdg-0000000007,MDG_0000000007:DNK:SEX_BTSX:AGEGROUP_YEARSUNDER5:WEALTHQUINTILE_TOTL,1954-01-01,2026-09-07T16:08:50Z,high,31.17611506,,who.gho.mdg-0000000007,raw/who.gho.mdg-0000000007/2026/09/20260907T160850Z-957169f3a50e.json.gz,2
who.gho.mdg-0000000007,MDG_0000000007:DNK:SEX_BTSX:AGEGROUP_YEARSUNDER5:WEALTHQUINTILE_TOTL,1954-01-01,2026-09-07T16:08:50Z,low,29.885545521,,who.gho.mdg-0000000007,raw/who.gho.mdg-0000000007/2026/09/20260907T160850Z-957169f3a50e.json.gz,2
who.gho.mdg-0000000007,MDG_0000000007:DNK:SEX_BTSX:AGEGROUP_YEARSUNDER5:WEALTHQUINTILE_TOTL,1954-01-01,2026-09-07T16:08:50Z,restated_at,2026-08-05,,who.gho.mdg-0000000007,raw/who.gho.mdg-0000000007/2026/09/20260907T160850Z-957169f3a50e.json.gz,2
who.gho.mdg-0000000007,MDG_0000000007:DNK:SEX_BTSX:AGEGROUP_YEARSUNDER5:WEALTHQUINTILE_TOTL,1954-01-01,2026-09-07T16:08:50Z,value,30.50551736,,who.gho.mdg-0000000007,raw/who.gho.mdg-0000000007/2026/09/20260907T160850Z-957169f3a50e.json.gz,2
who.gho.mdg-0000000007,MDG_0000000007:DNK:SEX_FMLE:AGEGROUP_YEARSUNDER5:WEALTHQUINTILE_TOTL,1954-01-01,2026-09-07T16:09:13Z,high,26.794490859,,who.gho.mdg-0000000007,raw/who.gho.mdg-0000000007/2026/09/20260907T160913Z-86e8fac132bd.json.gz,2
who.gho.mdg-0000000007,MDG_0000000007:DNK:SEX_FMLE:AGEGROUP_YEARSUNDER5:WEALTHQUINTILE_TOTL,1954-01-01,2026-09-07T16:09:13Z,low,25.408275516,,who.gho.mdg-0000000007,raw/who.gho.mdg-0000000007/2026/09/20260907T160913Z-86e8fac132bd.json.gz,2
who.gho.mdg-0000000007,MDG_0000000007:DNK:SEX_FMLE:AGEGROUP_YEARSUNDER5:WEALTHQUINTILE_TOTL,1954-01-01,2026-09-07T16:09:13Z,restated_at,2026-08-05,,who.gho.mdg-0000000007,raw/who.gho.mdg-0000000007/2026/09/20260907T160913Z-86e8fac132bd.json.gz,2
who.gho.mdg-0000000007,MDG_0000000007:DNK:SEX_FMLE:AGEGROUP_YEARSUNDER5:WEALTHQUINTILE_TOTL,1954-01-01,2026-09-07T16:09:13Z,value,26.095707221,,who.gho.mdg-0000000007,raw/who.gho.mdg-0000000007/2026/09/20260907T160913Z-86e8fac132bd.json.gz,2
who.gho.mdg-0000000007,MDG_0000000007:DNK:SEX_MLE:AGEGROUP_YEARSUNDER5:WEALTHQUINTILE_TOTL,1954-01-01,2026-09-07T16:05:26Z,high,35.575850385,,who.gho.mdg-0000000007,raw/who.gho.mdg-0000000007/2026/09/20260907T160526Z-1363df2b3da0.json.gz,2
who.gho.mdg-0000000007,MDG_0000000007:DNK:SEX_MLE:AGEGROUP_YEARSUNDER5:WEALTHQUINTILE_TOTL,1954-01-01,2026-09-07T16:05:26Z,low,33.903749387,,who.gho.mdg-0000000007,raw/who.gho.mdg-0000000007/2026/09/20260907T160526Z-1363df2b3da0.json.gz,2
who.gho.mdg-0000000007,MDG_0000000007:DNK:SEX_MLE:AGEGROUP_YEARSUNDER5:WEALTHQUINTILE_TOTL,1954-01-01,2026-09-07T16:05:26Z,restated_at,2026-08-05,,who.gho.mdg-0000000007,raw/who.gho.mdg-0000000007/2026/09/20260907T160526Z-1363df2b3da0.json.gz,2
who.gho.mdg-0000000007,MDG_0000000007:DNK:SEX_MLE:AGEGROUP_YEARSUNDER5:WEALTHQUINTILE_TOTL,1954-01-01,2026-09-07T16:05:26Z,value,34.709538818,,who.gho.mdg-0000000007,raw/who.gho.mdg-0000000007/2026/09/20260907T160526Z-1363df2b3da0.json.gz,2
who.gho.mdg-0000000007,MDG_0000000007:DOM:SEX_BTSX:AGEGROUP_YEARSUNDER5:WEALTHQUINTILE_TOTL,1954-01-01,2026-09-07T16:05:18Z,high,167.059137252,,who.gho.mdg-0000000007,raw/who.gho.mdg-0000000007/2026/09/20260907T160518Z-f66c8acba372.json.gz,2
who.gho.mdg-0000000007,MDG_0000000007:DOM:SEX_BTSX:AGEGROUP_YEARSUNDER5:WEALTHQUINTILE_TOTL,1954-01-01,2026-09-07T16:05:18Z,low,128.988889715,,who.gho.mdg-0000000007,raw/who.gho.mdg-0000000007/2026/09/20260907T160518Z-f66c8acba372.json.gz,2
who.gho.mdg-0000000007,MDG_0000000007:DOM:SEX_BTSX:AGEGROUP_YEARSUNDER5:WEALTHQUINTILE_TOTL,1954-01-01,2026-09-07T16:05:18Z,restated_at,2026-08-05,,who.gho.mdg-0000000007,raw/who.gho.mdg-0000000007/2026/09/20260907T160518Z-f66c8acba372.json.gz,2
who.gho.mdg-0000000007,MDG_0000000007:DOM:SEX_BTSX:AGEGROUP_YEARSUNDER5:WEALTHQUINTILE_TOTL,1954-01-01,2026-09-07T16:05:18Z,value,147.563764315,,who.gho.mdg-0000000007,raw/who.gho.mdg-0000000007/2026/09/20260907T160518Z-f66c8acba372.json.gz,2
who.gho.mdg-0000000007,MDG_0000000007:DOM:SEX_FMLE:AGEGROUP_YEARSUNDER5:WEALTHQUINTILE_TOTL,1954-01-01,2026-09-07T16:05:31Z,high,164.160903531,,who.gho.mdg-0000000007,raw/who.gho.mdg-0000000007/2026/09/20260907T160531Z-a90a9bba0858.json.gz,2
who.gho.mdg-0000000007,MDG_0000000007:DOM:SEX_FMLE:AGEGROUP_YEARSUNDER5:WEALTHQUINTILE_TOTL,1954-01-01,2026-09-07T16:05:31Z,low,125.767691111,,who.gho.mdg-0000000007,raw/who.gho.mdg-0000000007/2026/09/20260907T160531Z-a90a9bba0858.json.gz,2
who.gho.mdg-0000000007,MDG_0000000007:DOM:SEX_FMLE:AGEGROUP_YEARSUNDER5:WEALTHQUINTILE_TOTL,1954-01-01,2026-09-07T16:05:31Z,restated_at,2026-08-05,,who.gho.mdg-0000000007,raw/who.gho.mdg-0000000007/2026/09/20260907T160531Z-a90a9bba0858.json.gz,2
who.gho.mdg-0000000007,MDG_0000000007:DOM:SEX_FMLE:AGEGROUP_YEARSUNDER5:WEALTHQUINTILE_TOTL,1954-01-01,2026-09-07T16:05:31Z,value,144.235227341,,who.gho.mdg-0000000007,raw/who.gho.mdg-0000000007/2026/09/20260907T160531Z-a90a9bba0858.json.gz,2
who.gho.mdg-0000000007,MDG_0000000007:DOM:SEX_MLE:AGEGROUP_YEARSUNDER5:WEALTHQUINTILE_TOTL,1954-01-01,2026-09-07T16:05:14Z,high,171.275074458,,who.gho.mdg-0000000007,raw/who.gho.mdg-0000000007/2026/09/20260907T160514Z-6205b585146a.json.gz,2
who.gho.mdg-0000000007,MDG_0000000007:DOM:SEX_MLE:AGEGROUP_YEARSUNDER5:WEALTHQUINTILE_TOTL,1954-01-01,2026-09-07T16:05:14Z,low,130.944336919,,who.gho.mdg-0000000007,raw/who.gho.mdg-0000000007/2026/09/20260907T160514Z-6205b585146a.json.gz,2
who.gho.mdg-0000000007,MDG_0000000007:DOM:SEX_MLE:AGEGROUP_YEARSUNDER5:WEALTHQUINTILE_TOTL,1954-01-01,2026-09-07T16:05:14Z,restated_at,2026-08-05,,who.gho.mdg-0000000007,raw/who.gho.mdg-0000000007/2026/09/20260907T160514Z-6205b585146a.json.gz,2
who.gho.mdg-0000000007,MDG_0000000007:DOM:SEX_MLE:AGEGROUP_YEARSUNDER5:WEALTHQUINTILE_TOTL,1954-01-01,2026-09-07T16:05:14Z,value,150.697529518,,who.gho.mdg-0000000007,raw/who.gho.mdg-0000000007/2026/09/20260907T160514Z-6205b585146a.json.gz,2
who.gho.mdg-0000000007,MDG_0000000007:DZA:SEX_BTSX:AGEGROUP_YEARSUNDER5:WEALTHQUINTILE_TOTL,1954-01-01,2026-09-07T16:09:51Z,high,320.037297433,,who.gho.mdg-0000000007,raw/who.gho.mdg-0000000007/2026/09/20260907T160951Z-f1aadb832125.json.gz,2
who.gho.mdg-0000000007,MDG_0000000007:DZA:SEX_BTSX:AGEGROUP_YEARSUNDER5:WEALTHQUINTILE_TOTL,1954-01-01,2026-09-07T16:09:51Z,low,179.921438189,,who.gho.mdg-0000000007,raw/who.gho.mdg-0000000007/2026/09/20260907T160951Z-f1aadb832125.json.gz,2
who.gho.mdg-0000000007,MDG_0000000007:DZA:SEX_BTSX:AGEGROUP_YEARSUNDER5:WEALTHQUINTILE_TOTL,1954-01-01,2026-09-07T16:09:51Z,restated_at,2026-08-05,,who.gho.mdg-0000000007,raw/who.gho.mdg-0000000007/2026/09/20260907T160951Z-f1aadb832125.json.gz,2
who.gho.mdg-0000000007,MDG_0000000007:DZA:SEX_BTSX:AGEGROUP_YEARSUNDER5:WEALTHQUINTILE_TOTL,1954-01-01,2026-09-07T16:09:51Z,value,243.137917123,,who.gho.mdg-0000000007,raw/who.gho.mdg-0000000007/2026/09/20260907T160951Z-f1aadb832125.json.gz,2
who.gho.mdg-0000000007,MDG_0000000007:DZA:SEX_FMLE:AGEGROUP_YEARSUNDER5:WEALTHQUINTILE_TOTL,1954-01-01,2026-09-07T16:09:54Z,high,313.331218549,,who.gho.mdg-0000000007,raw/who.gho.mdg-0000000007/2026/09/20260907T160954Z-3426e3999bb4.json.gz,2
who.gho.mdg-0000000007,MDG_0000000007:DZA:SEX_FMLE:AGEGROUP_YEARSUNDER5:WEALTHQUINTILE_TOTL,1954-01-01,2026-09-07T16:09:54Z,low,175.065295182,,who.gho.mdg-0000000007,raw/who.gho.mdg-0000000007/2026/09/20260907T160954Z-3426e3999bb4.json.gz,2
who.gho.mdg-0000000007,MDG_0000000007:DZA:SEX_FMLE:AGEGROUP_YEARSUNDER5:WEALTHQUINTILE_TOTL,1954-01-01,2026-09-07T16:09:54Z,restated_at,2026-08-05,,who.gho.mdg-0000000007,raw/who.gho.mdg-0000000007/2026/09/20260907T160954Z-3426e3999bb4.json.gz,2
who.gho.mdg-0000000007,MDG_0000000007:DZA:SEX_FMLE:AGEGROUP_YEARSUNDER5:WEALTHQUINTILE_TOTL,1954-01-01,2026-09-07T16:09:54Z,value,236.989853091,,who.gho.mdg-0000000007,raw/who.gho.mdg-0000000007/2026/09/20260907T160954Z-3426e3999bb4.json.gz,2
who.gho.mdg-0000000007,MDG_0000000007:DZA:SEX_MLE:AGEGROUP_YEARSUNDER5:WEALTHQUINTILE_TOTL,1954-01-01,2026-09-07T16:09:46Z,high,328.717478749,,who.gho.mdg-0000000007,raw/who.gho.mdg-0000000007/2026/09/20260907T160946Z-716d23d235ed.json.gz,2
who.gho.mdg-0000000007,MDG_0000000007:DZA:SEX_MLE:AGEGROUP_YEARSUNDER5:WEALTHQUINTILE_TOTL,1954-01-01,2026-09-07T16:09:46Z,low,183.622906057,,who.gho.mdg-0000000007,raw/who.gho.mdg-0000000007/2026/09/20260907T160946Z-716d23d235ed.json.gz,2
who.gho.mdg-0000000007,MDG_0000000007:DZA:SEX_MLE:AGEGROUP_YEARSUNDER5:WEALTHQUINTILE_TOTL,1954-01-01,2026-09-07T16:09:46Z,restated_at,2026-08-05,,who.gho.mdg-0000000007,raw/who.gho.mdg-0000000007/2026/09/20260907T160946Z-716d23d235ed.json.gz,2
who.gho.mdg-0000000007,MDG_0000000007:DZA:SEX_MLE:AGEGROUP_YEARSUNDER5:WEALTHQUINTILE_TOTL,1954-01-01,2026-09-07T16:09:46Z,value,248.813070186,,who.gho.mdg-0000000007,raw/who.gho.mdg-0000000007/2026/09/20260907T160946Z-716d23d235ed.json.gz,2
who.gho.mdg-0000000007,MDG_0000000007:ESP:SEX_BTSX:AGEGROUP_YEARSUNDER5:WEALTHQUINTILE_TOTL,1954-01-01,2026-09-07T16:08:50Z,high,73.282562538,,who.gho.mdg-0000000007,raw/who.gho.mdg-0000000007/2026/09/20260907T160850Z-957169f3a50e.json.gz,2
who.gho.mdg-0000000007,MDG_0000000007:ESP:SEX_BTSX:AGEGROUP_YEARSUNDER5:WEALTHQUINTILE_TOTL,1954-01-01,2026-09-07T16:08:50Z,low,70.247647403,,who.gho.mdg-0000000007,raw/who.gho.mdg-0000000007/2026/09/20260907T160850Z-957169f3a50e.json.gz,2
who.gho.mdg-0000000007,MDG_0000000007:ESP:SEX_BTSX:AGEGROUP_YEARSUNDER5:WEALTHQUINTILE_TOTL,1954-01-01,2026-09-07T16:08:50Z,restated_at,2026-08-05,,who.gho.mdg-0000000007,raw/who.gho.mdg-0000000007/2026/09/20260907T160850Z-957169f3a50e.json.gz,2
who.gho.mdg-0000000007,MDG_0000000007:ESP:SEX_BTSX:AGEGROUP_YEARSUNDER5:WEALTHQUINTILE_TOTL,1954-01-01,2026-09-07T16:08:50Z,value,71.767828388,,who.gho.mdg-0000000007,raw/who.gho.mdg-0000000007/2026/09/20260907T160850Z-957169f3a50e.json.gz,2
who.gho.mdg-0000000007,MDG_0000000007:ESP:SEX_FMLE:AGEGROUP_YEARSUNDER5:WEALTHQUINTILE_TOTL,1954-01-01,2026-09-07T16:08:59Z,high,67.361460873,,who.gho.mdg-0000000007,raw/who.gho.mdg-0000000007/2026/09/20260907T160859Z-81b3460c41a8.json.gz,2
who.gho.mdg-0000000007,MDG_0000000007:ESP:SEX_FMLE:AGEGROUP_YEARSUNDER5:WEALTHQUINTILE_TOTL,1954-01-01,2026-09-07T16:08:59Z,low,64.498216972,,who.gho.mdg-0000000007,raw/who.gho.mdg-0000000007/2026/09/20260907T160859Z-81b3460c41a8.json.gz,2
who.gho.mdg-0000000007,MDG_0000000007:ESP:SEX_FMLE:AGEGROUP_YEARSUNDER5:WEALTHQUINTILE_TOTL,1954-01-01,2026-09-07T16:08:59Z,restated_at,2026-08-05,,who.gho.mdg-0000000007,raw/who.gho.mdg-0000000007/2026/09/20260907T160859Z-81b3460c41a8.json.gz,2
who.gho.mdg-0000000007,MDG_0000000007:ESP:SEX_FMLE:AGEGROUP_YEARSUNDER5:WEALTHQUINTILE_TOTL,1954-01-01,2026-09-07T16:08:59Z,value,65.921654047,,who.gho.mdg-0000000007,raw/who.gho.mdg-0000000007/2026/09/20260907T160859Z-81b3460c41a8.json.gz,2
who.gho.mdg-0000000007,MDG_0000000007:ESP:SEX_MLE:AGEGROUP_YEARSUNDER5:WEALTHQUINTILE_TOTL,1954-01-01,2026-09-07T16:09:41Z,high,79.028929039,,who.gho.mdg-0000000007,raw/who.gho.mdg-0000000007/2026/09/20260907T160941Z-845bd0fc2e92.json.gz,2
who.gho.mdg-0000000007,MDG_0000000007:ESP:SEX_MLE:AGEGROUP_YEARSUNDER5:WEALTHQUINTILE_TOTL,1954-01-01,2026-09-07T16:09:41Z,low,75.656764903,,who.gho.mdg-0000000007,raw/who.gho.mdg-0000000007/2026/09/20260907T160941Z-845bd0fc2e92.json.gz,2
who.gho.mdg-0000000007,MDG_0000000007:ESP:SEX_MLE:AGEGROUP_YEARSUNDER5:WEALTHQUINTILE_TOTL,1954-01-01,2026-09-07T16:09:41Z,restated_at,2026-08-05,,who.gho.mdg-0000000007,raw/who.gho.mdg-0000000007/2026/09/20260907T160941Z-845bd0fc2e92.json.gz,2
who.gho.mdg-0000000007,MDG_0000000007:ESP:SEX_MLE:AGEGROUP_YEARSUNDER5:WEALTHQUINTILE_TOTL,1954-01-01,2026-09-07T16:09:41Z,value,77.332957396,,who.gho.mdg-0000000007,raw/who.gho.mdg-0000000007/2026/09/20260907T160941Z-845bd0fc2e92.json.gz,2
who.gho.mdg-0000000007,MDG_0000000007:FIN:SEX_BTSX:AGEGROUP_YEARSUNDER5:WEALTHQUINTILE_TOTL,1954-01-01,2026-09-07T16:10:24Z,high,38.061775237,,who.gho.mdg-0000000007,raw/who.gho.mdg-0000000007/2026/09/20260907T161024Z-808a2a46070d.json.gz,2
who.gho.mdg-0000000007,MDG_0000000007:FIN:SEX_BTSX:AGEGROUP_YEARSUNDER5:WEALTHQUINTILE_TOTL,1954-01-01,2026-09-07T16:10:24Z,low,36.588145831,,who.gho.mdg-0000000007,raw/who.gho.mdg-0000000007/2026/09/20260907T161024Z-808a2a46070d.json.gz,2
who.gho.mdg-0000000007,MDG_0000000007:FIN:SEX_BTSX:AGEGROUP_YEARSUNDER5:WEALTHQUINTILE_TOTL,1954-01-01,2026-09-07T16:10:24Z,restated_at,2026-08-05,,who.gho.mdg-0000000007,raw/who.gho.mdg-0000000007/2026/09/20260907T161024Z-808a2a46070d.json.gz,2
who.gho.mdg-0000000007,MDG_0000000007:FIN:SEX_BTSX:AGEGROUP_YEARSUNDER5:WEALTHQUINTILE_TOTL,1954-01-01,2026-09-07T16:10:24Z,value,37.317204202,,who.gho.mdg-0000000007,raw/who.gho.mdg-0000000007/2026/09/20260907T161024Z-808a2a46070d.json.gz,2
who.gho.mdg-0000000007,MDG_0000000007:FIN:SEX_FMLE:AGEGROUP_YEARSUNDER5:WEALTHQUINTILE_TOTL,1954-01-01,2026-09-07T16:09:34Z,high,33.491621405,,who.gho.mdg-0000000007,raw/who.gho.mdg-0000000007/2026/09/20260907T160934Z-f7f0902b1194.json.gz,2
who.gho.mdg-0000000007,MDG_0000000007:FIN:SEX_FMLE:AGEGROUP_YEARSUNDER5:WEALTHQUINTILE_TOTL,1954-01-01,2026-09-07T16:09:34Z,low,31.875231488,,who.gho.mdg-0000000007,raw/who.gho.mdg-0000000007/2026/09/20260907T160934Z-f7f0902b1194.json.gz,2
who.gho.mdg-0000000007,MDG_0000000007:FIN:SEX_FMLE:AGEGROUP_YEARSUNDER5:WEALTHQUINTILE_TOTL,1954-01-01,2026-09-07T16:09:34Z,restated_at,2026-08-05,,who.gho.mdg-0000000007,raw/who.gho.mdg-0000000007/2026/09/20260907T160934Z-f7f0902b1194.json.gz,2
who.gho.mdg-0000000007,MDG_0000000007:FIN:SEX_FMLE:AGEGROUP_YEARSUNDER5:WEALTHQUINTILE_TOTL,1954-01-01,2026-09-07T16:09:34Z,value,32.670096056,,who.gho.mdg-0000000007,raw/who.gho.mdg-0000000007/2026/09/20260907T160934Z-f7f0902b1194.json.gz,2
who.gho.mdg-0000000007,MDG_0000000007:FIN:SEX_MLE:AGEGROUP_YEARSUNDER5:WEALTHQUINTILE_TOTL,1954-01-01,2026-09-07T16:10:53Z,high,42.689955349,,who.gho.mdg-0000000007,raw/who.gho.mdg-0000000007/2026/09/20260907T161053Z-9a5808e2a757.json.gz,2
who.gho.mdg-0000000007,MDG_0000000007:FIN:SEX_MLE:AGEGROUP_YEARSUNDER5:WEALTHQUINTILE_TOTL,1954-01-01,2026-09-07T16:10:53Z,low,40.808006287,,who.gho.mdg-0000000007,raw/who.gho.mdg-0000000007/2026/09/20260907T161053Z-9a5808e2a757.json.gz,2
who.gho.mdg-0000000007,MDG_0000000007:FIN:SEX_MLE:AGEGROUP_YEARSUNDER5:WEALTHQUINTILE_TOTL,1954-01-01,2026-09-07T16:10:53Z,restated_at,2026-08-05,,who.gho.mdg-0000000007,raw/who.gho.mdg-0000000007/2026/09/20260907T161053Z-9a5808e2a757.json.gz,2
who.gho.mdg-0000000007,MDG_0000000007:FIN:SEX_MLE:AGEGROUP_YEARSUNDER5:WEALTHQUINTILE_TOTL,1954-01-01,2026-09-07T16:10:53Z,value,41.736666313,,who.gho.mdg-0000000007,raw/who.gho.mdg-0000000007/2026/09/20260907T161053Z-9a5808e2a757.json.gz,2
who.gho.mdg-0000000007,MDG_0000000007:FJI:SEX_BTSX:AGEGROUP_YEARSUNDER5:WEALTHQUINTILE_TOTL,1954-01-01,2026-09-07T16:06:34Z,high,119.100006761,,who.gho.mdg-0000000007,raw/who.gho.mdg-0000000007/2026/09/20260907T160634Z-2774fa4e213c.json.gz,2
who.gho.mdg-0000000007,MDG_0000000007:FJI:SEX_BTSX:AGEGROUP_YEARSUNDER5:WEALTHQUINTILE_TOTL,1954-01-01,2026-09-07T16:06:34Z,low,96.09537487,,who.gho.mdg-0000000007,raw/who.gho.mdg-0000000007/2026/09/20260907T160634Z-2774fa4e213c.json.gz,2
who.gho.mdg-0000000007,MDG_0000000007:FJI:SEX_BTSX:AGEGROUP_YEARSUNDER5:WEALTHQUINTILE_TOTL,1954-01-01,2026-09-07T16:06:34Z,restated_at,2026-08-05,,who.gho.mdg-0000000007,raw/who.gho.mdg-0000000007/2026/09/20260907T160634Z-2774fa4e213c.json.gz,2
who.gho.mdg-0000000007,MDG_0000000007:FJI:SEX_BTSX:AGEGROUP_YEARSUNDER5:WEALTHQUINTILE_TOTL,1954-01-01,2026-09-07T16:06:34Z,value,107.150304031,,who.gho.mdg-0000000007,raw/who.gho.mdg-0000000007/2026/09/20260907T160634Z-2774fa4e213c.json.gz,2
who.gho.mdg-0000000007,MDG_0000000007:FJI:SEX_FMLE:AGEGROUP_YEARSUNDER5:WEALTHQUINTILE_TOTL,1954-01-01,2026-09-07T16:05:57Z,high,113.541237096,,who.gho.mdg-0000000007,raw/who.gho.mdg-0000000007/2026/09/20260907T160557Z-c8e786907d46.json.gz,2
who.gho.mdg-0000000007,MDG_0000000007:FJI:SEX_FMLE:AGEGROUP_YEARSUNDER5:WEALTHQUINTILE_TOTL,1954-01-01,2026-09-07T16:05:57Z,low,90.627895862,,who.gho.mdg-0000000007,raw/who.gho.mdg-0000000007/2026/09/20260907T160557Z-c8e786907d46.json.gz,2
who.gho.mdg-0000000007,MDG_0000000007:FJI:SEX_FMLE:AGEGROUP_YEARSUNDER5:WEALTHQUINTILE_TOTL,1954-01-01,2026-09-07T16:05:57Z,restated_at,2026-08-05,,who.gho.mdg-0000000007,raw/who.gho.mdg-0000000007/2026/09/20260907T160557Z-c8e786907d46.json.gz,2
who.gho.mdg-0000000007,MDG_0000000007:FJI:SEX_FMLE:AGEGROUP_YEARSUNDER5:WEALTHQUINTILE_TOTL,1954-01-01,2026-09-07T16:05:57Z,value,101.692912621,,who.gho.mdg-0000000007,raw/who.gho.mdg-0000000007/2026/09/20260907T160557Z-c8e786907d46.json.gz,2
who.gho.mdg-0000000007,MDG_0000000007:FJI:SEX_MLE:AGEGROUP_YEARSUNDER5:WEALTHQUINTILE_TOTL,1954-01-01,2026-09-07T16:10:24Z,high,125.494467075,,who.gho.mdg-0000000007,raw/who.gho.mdg-0000000007/2026/09/20260907T161024Z-808a2a46070d.json.gz,2
who.gho.mdg-0000000007,MDG_0000000007:FJI:SEX_MLE:AGEGROUP_YEARSUNDER5:WEALTHQUINTILE_TOTL,1954-01-01,2026-09-07T16:10:24Z,low,100.206672741,,who.gho.mdg-0000000007,raw/who.gho.mdg-0000000007/2026/09/20260907T161024Z-808a2a46070d.json.gz,2
who.gho.mdg-0000000007,MDG_0000000007:FJI:SEX_MLE:AGEGROUP_YEARSUNDER5:WEALTHQUINTILE_TOTL,1954-01-01,2026-09-07T16:10:24Z,restated_at,2026-08-05,,who.gho.mdg-0000000007,raw/who.gho.mdg-0000000007/2026/09/20260907T161024Z-808a2a46070d.json.gz,2
who.gho.mdg-0000000007,MDG_0000000007:FJI:SEX_MLE:AGEGROUP_YEARSUNDER5:WEALTHQUINTILE_TOTL,1954-01-01,2026-09-07T16:10:24Z,value,112.399180484,,who.gho.mdg-0000000007,raw/who.gho.mdg-0000000007/2026/09/20260907T161024Z-808a2a46070d.json.gz,2
who.gho.mdg-0000000007,MDG_0000000007:FRA:SEX_BTSX:AGEGROUP_YEARSUNDER5:WEALTHQUINTILE_TOTL,1954-01-01,2026-09-07T16:05:18Z,high,43.990197655,,who.gho.mdg-0000000007,raw/who.gho.mdg-0000000007/2026/09/20260907T160518Z-f66c8acba372.json.gz,2
who.gho.mdg-0000000007,MDG_0000000007:FRA:SEX_BTSX:AGEGROUP_YEARSUNDER5:WEALTHQUINTILE_TOTL,1954-01-01,2026-09-07T16:05:18Z,low,42.289805873,,who.gho.mdg-0000000007,raw/who.gho.mdg-0000000007/2026/09/20260907T160518Z-f66c8acba372.json.gz,2
who.gho.mdg-0000000007,MDG_0000000007:FRA:SEX_BTSX:AGEGROUP_YEARSUNDER5:WEALTHQUINTILE_TOTL,1954-01-01,2026-09-07T16:05:18Z,restated_at,2026-08-05,,who.gho.mdg-0000000007,raw/who.gho.mdg-0000000007/2026/09/20260907T160518Z-f66c8acba372.json.gz,2
who.gho.mdg-0000000007,MDG_0000000007:FRA:SEX_BTSX:AGEGROUP_YEARSUNDER5:WEALTHQUINTILE_TOTL,1954-01-01,2026-09-07T16:05:18Z,value,43.113934222,,who.gho.mdg-0000000007,raw/who.gho.mdg-0000000007/2026/09/20260907T160518Z-f66c8acba372.json.gz,2
who.gho.mdg-0000000007,MDG_0000000007:FRA:SEX_FMLE:AGEGROUP_YEARSUNDER5:WEALTHQUINTILE_TOTL,1954-01-01,2026-09-07T16:10:45Z,high,38.72968192,,who.gho.mdg-0000000007,raw/who.gho.mdg-0000000007/2026/09/20260907T161045Z-53a7d24c459b.json.gz,2
who.gho.mdg-0000000007,MDG_0000000007:FRA:SEX_FMLE:AGEGROUP_YEARSUNDER5:WEALTHQUINTILE_TOTL,1954-01-01,2026-09-07T16:10:45Z,low,37.132231936,,who.gho.mdg-0000000007,raw/who.gho.mdg-0000000007/2026/09/20260907T161045Z-53a7d24c459b.json.gz,2
who.gho.mdg-0000000007,MDG_0000000007:FRA:SEX_FMLE:AGEGROUP_YEARSUNDER5:WEALTHQUINTILE_TOTL,1954-01-01,2026-09-07T16:10:45Z,restated_at,2026-08-05,,who.gho.mdg-0000000007,raw/who.gho.mdg-0000000007/2026/09/20260907T161045Z-53a7d24c459b.json.gz,2
who.gho.mdg-0000000007,MDG_0000000007:FRA:SEX_FMLE:AGEGROUP_YEARSUNDER5:WEALTHQUINTILE_TOTL,1954-01-01,2026-09-07T16:10:45Z,value,37.899925181,,who.gho.mdg-0000000007,raw/who.gho.mdg-0000000007/2026/09/20260907T161045Z-53a7d24c459b.json.gz,2
who.gho.mdg-0000000007,MDG_0000000007:FRA:SEX_MLE:AGEGROUP_YEARSUNDER5:WEALTHQUINTILE_TOTL,1954-01-01,2026-09-07T16:10:41Z,high,49.071154056,,who.gho.mdg-0000000007,raw/who.gho.mdg-0000000007/2026/09/20260907T161041Z-4752b74784e1.json.gz,2
who.gho.mdg-0000000007,MDG_0000000007:FRA:SEX_MLE:AGEGROUP_YEARSUNDER5:WEALTHQUINTILE_TOTL,1954-01-01,2026-09-07T16:10:41Z,low,47.115182889,,who.gho.mdg-0000000007,raw/who.gho.mdg-0000000007/2026/09/20260907T161041Z-4752b74784e1.json.gz,2
who.gho.mdg-0000000007,MDG_0000000007:FRA:SEX_MLE:AGEGROUP_YEARSUNDER5:WEALTHQUINTILE_TOTL,1954-01-01,2026-09-07T16:10:41Z,restated_at,2026-08-05,,who.gho.mdg-0000000007,raw/who.gho.mdg-0000000007/2026/09/20260907T161041Z-4752b74784e1.json.gz,2
who.gho.mdg-0000000007,MDG_0000000007:FRA:SEX_MLE:AGEGROUP_YEARSUNDER5:WEALTHQUINTILE_TOTL,1954-01-01,2026-09-07T16:10:41Z,value,48.073723289,,who.gho.mdg-0000000007,raw/who.gho.mdg-0000000007/2026/09/20260907T161041Z-4752b74784e1.json.gz,2
who.gho.mdg-0000000007,MDG_0000000007:GAB:SEX_BTSX:AGEGROUP_YEARSUNDER5:WEALTHQUINTILE_TOTL,1954-01-01,2026-09-07T16:10:37Z,high,310.070520488,,who.gho.mdg-0000000007,raw/who.gho.mdg-0000000007/2026/09/20260907T161037Z-dfd3d6a5a745.json.gz,2
who.gho.mdg-0000000007,MDG_0000000007:GAB:SEX_BTSX:AGEGROUP_YEARSUNDER5:WEALTHQUINTILE_TOTL,1954-01-01,2026-09-07T16:10:37Z,low,230.087182554,,who.gho.mdg-0000000007,raw/who.gho.mdg-0000000007/2026/09/20260907T161037Z-dfd3d6a5a745.json.gz,2
who.gho.mdg-0000000007,MDG_0000000007:GAB:SEX_BTSX:AGEGROUP_YEARSUNDER5:WEALTHQUINTILE_TOTL,1954-01-01,2026-09-07T16:10:37Z,restated_at,2026-08-05,,who.gho.mdg-0000000007,raw/who.gho.mdg-0000000007/2026/09/20260907T161037Z-dfd3d6a5a745.json.gz,2
who.gho.mdg-0000000007,MDG_0000000007:GAB:SEX_BTSX:AGEGROUP_YEARSUNDER5:WEALTHQUINTILE_TOTL,1954-01-01,2026-09-07T16:10:37Z,value,265.135966406,,who.gho.mdg-0000000007,raw/who.gho.mdg-0000000007/2026/09/20260907T161037Z-dfd3d6a5a745.json.gz,2
who.gho.mdg-0000000007,MDG_0000000007:GAB:SEX_FMLE:AGEGROUP_YEARSUNDER5:WEALTHQUINTILE_TOTL,1954-01-01,2026-09-07T16:10:30Z,high,300.636082509,,who.gho.mdg-0000000007,raw/who.gho.mdg-0000000007/2026/09/20260907T161030Z-d2101d8df79b.json.gz,2
who.gho.mdg-0000000007,MDG_0000000007:GAB:SEX_FMLE:AGEGROUP_YEARSUNDER5:WEALTHQUINTILE_TOTL,1954-01-01,2026-09-07T16:10:30Z,low,219.782303294,,who.gho.mdg-0000000007,raw/who.gho.mdg-0000000007/2026/09/20260907T161030Z-d2101d8df79b.json.gz,2
who.gho.mdg-0000000007,MDG_0000000007:GAB:SEX_FMLE:AGEGROUP_YEARSUNDER5:WEALTHQUINTILE_TOTL,1954-01-01,2026-09-07T16:10:30Z,restated_at,2026-08-05,,who.gho.mdg-0000000007,raw/who.gho.mdg-0000000007/2026/09/20260907T161030Z-d2101d8df79b.json.gz,2
who.gho.mdg-0000000007,MDG_0000000007:GAB:SEX_FMLE:AGEGROUP_YEARSUNDER5:WEALTHQUINTILE_TOTL,1954-01-01,2026-09-07T16:10:30Z,value,255.486463396,,who.gho.mdg-0000000007,raw/who.gho.mdg-0000000007/2026/09/20260907T161030Z-d2101d8df79b.json.gz,2
who.gho.mdg-0000000007,MDG_0000000007:GAB:SEX_MLE:AGEGROUP_YEARSUNDER5:WEALTHQUINTILE_TOTL,1954-01-01,2026-09-07T16:06:26Z,high,321.604270338,,who.gho.mdg-0000000007,raw/who.gho.mdg-0000000007/2026/09/20260907T160626Z-083ef708c2ee.json.gz,2
who.gho.mdg-0000000007,MDG_0000000007:GAB:SEX_MLE:AGEGROUP_YEARSUNDER5:WEALTHQUINTILE_TOTL,1954-01-01,2026-09-07T16:06:26Z,low,236.779029394,,who.gho.mdg-0000000007,raw/who.gho.mdg-0000000007/2026/09/20260907T160626Z-083ef708c2ee.json.gz,2
who.gho.mdg-0000000007,MDG_0000000007:GAB:SEX_MLE:AGEGROUP_YEARSUNDER5:WEALTHQUINTILE_TOTL,1954-01-01,2026-09-07T16:06:26Z,restated_at,2026-08-05,,who.gho.mdg-0000000007,raw/who.gho.mdg-0000000007/2026/09/20260907T160626Z-083ef708c2ee.json.gz,2
who.gho.mdg-0000000007,MDG_0000000007:GAB:SEX_MLE:AGEGROUP_YEARSUNDER5:WEALTHQUINTILE_TOTL,1954-01-01,2026-09-07T16:06:26Z,value,274.44309855,,who.gho.mdg-0000000007,raw/who.gho.mdg-0000000007/2026/09/20260907T160626Z-083ef708c2ee.json.gz,2
who.gho.mdg-0000000007,MDG_0000000007:GBR:SEX_BTSX:AGEGROUP_YEARSUNDER5:WEALTHQUINTILE_TOTL,1954-01-01,2026-09-07T16:11:01Z,high,31.385181998,,who.gho.mdg-0000000007,raw/who.gho.mdg-0000000007/2026/09/20260907T161101Z-fc76d9a7e10d.json.gz,2
who.gho.mdg-0000000007,MDG_0000000007:GBR:SEX_BTSX:AGEGROUP_YEARSUNDER5:WEALTHQUINTILE_TOTL,1954-01-01,2026-09-07T16:11:01Z,low,30.164925452,,who.gho.mdg-0000000007,raw/who.gho.mdg-0000000007/2026/09/20260907T161101Z-fc76d9a7e10d.json.gz,2
who.gho.mdg-0000000007,MDG_0000000007:GBR:SEX_BTSX:AGEGROUP_YEARSUNDER5:WEALTHQUINTILE_TOTL,1954-01-01,2026-09-07T16:11:01Z,restated_at,2026-08-05,,who.gho.mdg-0000000007,raw/who.gho.mdg-0000000007/2026/09/20260907T161101Z-fc76d9a7e10d.json.gz,2
who.gho.mdg-0000000007,MDG_0000000007:GBR:SEX_BTSX:AGEGROUP_YEARSUNDER5:WEALTHQUINTILE_TOTL,1954-01-01,2026-09-07T16:11:01Z,value,30.764705917,,who.gho.mdg-0000000007,raw/who.gho.mdg-0000000007/2026/09/20260907T161101Z-fc76d9a7e10d.json.gz,2
who.gho.mdg-0000000007,MDG_0000000007:GBR:SEX_FMLE:AGEGROUP_YEARSUNDER5:WEALTHQUINTILE_TOTL,1954-01-01,2026-09-07T16:10:30Z,high,27.493592534,,who.gho.mdg-0000000007,raw/who.gho.mdg-0000000007/2026/09/20260907T161030Z-d2101d8df79b.json.gz,2
who.gho.mdg-0000000007,MDG_0000000007:GBR:SEX_FMLE:AGEGROUP_YEARSUNDER5:WEALTHQUINTILE_TOTL,1954-01-01,2026-09-07T16:10:30Z,low,26.331292087,,who.gho.mdg-0000000007,raw/who.gho.mdg-0000000007/2026/09/20260907T161030Z-d2101d8df79b.json.gz,2
who.gho.mdg-0000000007,MDG_0000000007:GBR:SEX_FMLE:AGEGROUP_YEARSUNDER5:WEALTHQUINTILE_TOTL,1954-01-01,2026-09-07T16:10:30Z,restated_at,2026-08-05,,who.gho.mdg-0000000007,raw/who.gho.mdg-0000000007/2026/09/20260907T161030Z-d2101d8df79b.json.gz,2
who.gho.mdg-0000000007,MDG_0000000007:GBR:SEX_FMLE:AGEGROUP_YEARSUNDER5:WEALTHQUINTILE_TOTL,1954-01-01,2026-09-07T16:10:30Z,value,26.906190878,,who.gho.mdg-0000000007,raw/who.gho.mdg-0000000007/2026/09/20260907T161030Z-d2101d8df79b.json.gz,2
who.gho.mdg-0000000007,MDG_0000000007:GBR:SEX_MLE:AGEGROUP_YEARSUNDER5:WEALTHQUINTILE_TOTL,1954-01-01,2026-09-07T16:10:49Z,high,35.164782594,,who.gho.mdg-0000000007,raw/who.gho.mdg-0000000007/2026/09/20260907T161049Z-6866f52a9543.json.gz,2
who.gho.mdg-0000000007,MDG_0000000007:GBR:SEX_MLE:AGEGROUP_YEARSUNDER5:WEALTHQUINTILE_TOTL,1954-01-01,2026-09-07T16:10:49Z,low,33.745586426,,who.gho.mdg-0000000007,raw/who.gho.mdg-0000000007/2026/09/20260907T161049Z-6866f52a9543.json.gz,2
who.gho.mdg-0000000007,MDG_0000000007:GBR:SEX_MLE:AGEGROUP_YEARSUNDER5:WEALTHQUINTILE_TOTL,1954-01-01,2026-09-07T16:10:49Z,restated_at,2026-08-05,,who.gho.mdg-0000000007,raw/who.gho.mdg-0000000007/2026/09/20260907T161049Z-6866f52a9543.json.gz,2
who.gho.mdg-0000000007,MDG_0000000007:GBR:SEX_MLE:AGEGROUP_YEARSUNDER5:WEALTHQUINTILE_TOTL,1954-01-01,2026-09-07T16:10:49Z,value,34.438085182,,who.gho.mdg-0000000007,raw/who.gho.mdg-0000000007/2026/09/20260907T161049Z-6866f52a9543.json.gz,2
who.gho.mdg-0000000007,MDG_0000000007:GHA:SEX_BTSX:AGEGROUP_YEARSUNDER5:WEALTHQUINTILE_TOTL,1954-01-01,2026-09-07T16:09:59Z,high,261.555951018,,who.gho.mdg-0000000007,raw/who.gho.mdg-0000000007/2026/09/20260907T160959Z-e41937f31aea.json.gz,2
who.gho.mdg-0000000007,MDG_0000000007:GHA:SEX_BTSX:AGEGROUP_YEARSUNDER5:WEALTHQUINTILE_TOTL,1954-01-01,2026-09-07T16:09:59Z,low,202.381875976,,who.gho.mdg-0000000007,raw/who.gho.mdg-0000000007/2026/09/20260907T160959Z-e41937f31aea.json.gz,2
who.gho.mdg-0000000007,MDG_0000000007:GHA:SEX_BTSX:AGEGROUP_YEARSUNDER5:WEALTHQUINTILE_TOTL,1954-01-01,2026-09-07T16:09:59Z,restated_at,2026-08-05,,who.gho.mdg-0000000007,raw/who.gho.mdg-0000000007/2026/09/20260907T160959Z-e41937f31aea.json.gz,2
who.gho.mdg-0000000007,MDG_0000000007:GHA:SEX_BTSX:AGEGROUP_YEARSUNDER5:WEALTHQUINTILE_TOTL,1954-01-01,2026-09-07T16:09:59Z,value,230.735138782,,who.gho.mdg-0000000007,raw/who.gho.mdg-0000000007/2026/09/20260907T160959Z-e41937f31aea.json.gz,2
who.gho.mdg-0000000007,MDG_0000000007:GHA:SEX_FMLE:AGEGROUP_YEARSUNDER5:WEALTHQUINTILE_TOTL,1954-01-01,2026-09-07T16:09:54Z,high,250.957656428,,who.gho.mdg-0000000007,raw/who.gho.mdg-0000000007/2026/09/20260907T160954Z-3426e3999bb4.json.gz,2
who.gho.mdg-0000000007,MDG_0000000007:GHA:SEX_FMLE:AGEGROUP_YEARSUNDER5:WEALTHQUINTILE_TOTL,1954-01-01,2026-09-07T16:09:54Z,low,192.503380893,,who.gho.mdg-0000000007,raw/who.gho.mdg-0000000007/2026/09/20260907T160954Z-3426e3999bb4.json.gz,2
who.gho.mdg-0000000007,MDG_0000000007:GHA:SEX_FMLE:AGEGROUP_YEARSUNDER5:WEALTHQUINTILE_TOTL,1954-01-01,2026-09-07T16:09:54Z,restated_at,2026-08-05,,who.gho.mdg-0000000007,raw/who.gho.mdg-0000000007/2026/09/20260907T160954Z-3426e3999bb4.json.gz,2
who.gho.mdg-0000000007,MDG_0000000007:GHA:SEX_FMLE:AGEGROUP_YEARSUNDER5:WEALTHQUINTILE_TOTL,1954-01-01,2026-09-07T16:09:54Z,value,219.800447934,,who.gho.mdg-0000000007,raw/who.gho.mdg-0000000007/2026/09/20260907T160954Z-3426e3999bb4.json.gz,2
who.gho.mdg-0000000007,MDG_0000000007:GHA:SEX_MLE:AGEGROUP_YEARSUNDER5:WEALTHQUINTILE_TOTL,1954-01-01,2026-09-07T16:10:03Z,high,273.13515058,,who.gho.mdg-0000000007,raw/who.gho.mdg-0000000007/2026/09/20260907T161003Z-9bcc9b7e7da4.json.gz,2
who.gho.mdg-0000000007,MDG_0000000007:GHA:SEX_MLE:AGEGROUP_YEARSUNDER5:WEALTHQUINTILE_TOTL,1954-01-01,2026-09-07T16:10:03Z,low,210.700665161,,who.gho.mdg-0000000007,raw/who.gho.mdg-0000000007/2026/09/20260907T161003Z-9bcc9b7e7da4.json.gz,2
who.gho.mdg-0000000007,MDG_0000000007:GHA:SEX_MLE:AGEGROUP_YEARSUNDER5:WEALTHQUINTILE_TOTL,1954-01-01,2026-09-07T16:10:03Z,restated_at,2026-08-05,,who.gho.mdg-0000000007,raw/who.gho.mdg-0000000007/2026/09/20260907T161003Z-9bcc9b7e7da4.json.gz,2
who.gho.mdg-0000000007,MDG_0000000007:GHA:SEX_MLE:AGEGROUP_YEARSUNDER5:WEALTHQUINTILE_TOTL,1954-01-01,2026-09-07T16:10:03Z,value,240.919227706,,who.gho.mdg-0000000007,raw/who.gho.mdg-0000000007/2026/09/20260907T161003Z-9bcc9b7e7da4.json.gz,2
who.gho.mdg-0000000007,MDG_0000000007:GIN:SEX_BTSX:AGEGROUP_YEARSUNDER5:WEALTHQUINTILE_TOTL,1954-01-01,2026-09-07T16:11:14Z,high,404.954449435,,who.gho.mdg-0000000007,raw/who.gho.mdg-0000000007/2026/09/20260907T161114Z-c1ae2408f442.json.gz,2
who.gho.mdg-0000000007,MDG_0000000007:GIN:SEX_BTSX:AGEGROUP_YEARSUNDER5:WEALTHQUINTILE_TOTL,1954-01-01,2026-09-07T16:11:14Z,low,310.759509051,,who.gho.mdg-0000000007,raw/who.gho.mdg-0000000007/2026/09/20260907T161114Z-c1ae2408f442.json.gz,2
who.gho.mdg-0000000007,MDG_0000000007:GIN:SEX_BTSX:AGEGROUP_YEARSUNDER5:WEALTHQUINTILE_TOTL,1954-01-01,2026-09-07T16:11:14Z,restated_at,2026-08-05,,who.gho.mdg-0000000007,raw/who.gho.mdg-0000000007/2026/09/20260907T161114Z-c1ae2408f442.json.gz,2
who.gho.mdg-0000000007,MDG_0000000007:GIN:SEX_BTSX:AGEGROUP_YEARSUNDER5:WEALTHQUINTILE_TOTL,1954-01-01,2026-09-07T16:11:14Z,value,355.200225096,,who.gho.mdg-0000000007,raw/who.gho.mdg-0000000007/2026/09/20260907T161114Z-c1ae2408f442.json.gz,2
who.gho.mdg-0000000007,MDG_0000000007:GIN:SEX_FMLE:AGEGROUP_YEARSUNDER5:WEALTHQUINTILE_TOTL,1954-01-01,2026-09-07T16:10:24Z,high,396.212950065,,who.gho.mdg-0000000007,raw/who.gho.mdg-0000000007/2026/09/20260907T161024Z-808a2a46070d.json.gz,2
who.gho.mdg-0000000007,MDG_0000000007:GIN:SEX_FMLE:AGEGROUP_YEARSUNDER5:WEALTHQUINTILE_TOTL,1954-01-01,2026-09-07T16:10:24Z,low,300.778341713,,who.gho.mdg-0000000007,raw/who.gho.mdg-0000000007/2026/09/20260907T161024Z-808a2a46070d.json.gz,2
who.gho.mdg-0000000007,MDG_0000000007:GIN:SEX_FMLE:AGEGROUP_YEARSUNDER5:WEALTHQUINTILE_TOTL,1954-01-01,2026-09-07T16:10:24Z,restated_at,2026-08-05,,who.gho.mdg-0000000007,raw/who.gho.mdg-0000000007/2026/09/20260907T161024Z-808a2a46070d.json.gz,2
who.gho.mdg-0000000007,MDG_0000000007:GIN:SEX_FMLE:AGEGROUP_YEARSUNDER5:WEALTHQUINTILE_TOTL,1954-01-01,2026-09-07T16:10:24Z,value,345.393811106,,who.gho.mdg-0000000007,raw/who.gho.mdg-0000000007/2026/09/20260907T161024Z-808a2a46070d.json.gz,2
who.gho.mdg-0000000007,MDG_0000000007:GIN:SEX_MLE:AGEGROUP_YEARSUNDER5:WEALTHQUINTILE_TOTL,1954-01-01,2026-09-07T16:05:57Z,high,416.498817907,,who.gho.mdg-0000000007,raw/who.gho.mdg-0000000007/2026/09/20260907T160557Z-c8e786907d46.json.gz,2
who.gho.mdg-0000000007,MDG_0000000007:GIN:SEX_MLE:AGEGROUP_YEARSUNDER5:WEALTHQUINTILE_TOTL,1954-01-01,2026-09-07T16:05:57Z,low,317.927099366,,who.gho.mdg-0000000007,raw/who.gho.mdg-0000000007/2026/09/20260907T160557Z-c8e786907d46.json.gz,2
who.gho.mdg-0000000007,MDG_0000000007:GIN:SEX_MLE:AGEGROUP_YEARSUNDER5:WEALTHQUINTILE_TOTL,1954-01-01,2026-09-07T16:05:57Z,restated_at,2026-08-05,,who.gho.mdg-0000000007,raw/who.gho.mdg-0000000007/2026/09/20260907T160557Z-c8e786907d46.json.gz,2
who.gho.mdg-0000000007,MDG_0000000007:GIN:SEX_MLE:AGEGROUP_YEARSUNDER5:WEALTHQUINTILE_TOTL,1954-01-01,2026-09-07T16:05:57Z,value,364.052888247,,who.gho.mdg-0000000007,raw/who.gho.mdg-0000000007/2026/09/20260907T160557Z-c8e786907d46.json.gz,2
who.gho.mdg-0000000007,MDG_0000000007:GRC:SEX_BTSX:AGEGROUP_YEARSUNDER5:WEALTHQUINTILE_TOTL,1954-01-01,2026-09-07T16:08:50Z,high,55.658551773,,who.gho.mdg-0000000007,raw/who.gho.mdg-0000000007/2026/09/20260907T160850Z-957169f3a50e.json.gz,2
who.gho.mdg-0000000007,MDG_0000000007:GRC:SEX_BTSX:AGEGROUP_YEARSUNDER5:WEALTHQUINTILE_TOTL,1954-01-01,2026-09-07T16:08:50Z,low,49.998679403,,who.gho.mdg-0000000007,raw/who.gho.mdg-0000000007/2026/09/20260907T160850Z-957169f3a50e.json.gz,2
who.gho.mdg-0000000007,MDG_0000000007:GRC:SEX_BTSX:AGEGROUP_YEARSUNDER5:WEALTHQUINTILE_TOTL,1954-01-01,2026-09-07T16:08:50Z,restated_at,2026-08-05,,who.gho.mdg-0000000007,raw/who.gho.mdg-0000000007/2026/09/20260907T160850Z-957169f3a50e.json.gz,2
who.gho.mdg-0000000007,MDG_0000000007:GRC:SEX_BTSX:AGEGROUP_YEARSUNDER5:WEALTHQUINTILE_TOTL,1954-01-01,2026-09-07T16:08:50Z,value,52.745590571,,who.gho.mdg-0000000007,raw/who.gho.mdg-0000000007/2026/09/20260907T160850Z-957169f3a50e.json.gz,2
who.gho.mdg-0000000007,MDG_0000000007:GRC:SEX_FMLE:AGEGROUP_YEARSUNDER5:WEALTHQUINTILE_TOTL,1954-01-01,2026-09-07T16:09:08Z,high,54.778707543,,who.gho.mdg-0000000007,raw/who.gho.mdg-0000000007/2026/09/20260907T160908Z-96acbc2bc7cb.json.gz,2
who.gho.mdg-0000000007,MDG_0000000007:GRC:SEX_FMLE:AGEGROUP_YEARSUNDER5:WEALTHQUINTILE_TOTL,1954-01-01,2026-09-07T16:09:08Z,low,48.90434178,,who.gho.mdg-0000000007,raw/who.gho.mdg-0000000007/2026/09/20260907T160908Z-96acbc2bc7cb.json.gz,2
who.gho.mdg-0000000007,MDG_0000000007:GRC:SEX_FMLE:AGEGROUP_YEARSUNDER5:WEALTHQUINTILE_TOTL,1954-01-01,2026-09-07T16:09:08Z,restated_at,2026-08-05,,who.gho.mdg-0000000007,raw/who.gho.mdg-0000000007/2026/09/20260907T160908Z-96acbc2bc7cb.json.gz,2
who.gho.mdg-0000000007,MDG_0000000007:GRC:SEX_FMLE:AGEGROUP_YEARSUNDER5:WEALTHQUINTILE_TOTL,1954-01-01,2026-09-07T16:09:08Z,value,51.783137417,,who.gho.mdg-0000000007,raw/who.gho.mdg-0000000007/2026/09/20260907T160908Z-96acbc2bc7cb.json.gz,2
who.gho.mdg-0000000007,MDG_0000000007:GRC:SEX_MLE:AGEGROUP_YEARSUNDER5:WEALTHQUINTILE_TOTL,1954-01-01,2026-09-07T16:06:21Z,high,56.794323099,,who.gho.mdg-0000000007,raw/who.gho.mdg-0000000007/2026/09/20260907T160621Z-1819ad2538c7.json.gz,2
who.gho.mdg-0000000007,MDG_0000000007:GRC:SEX_MLE:AGEGROUP_YEARSUNDER5:WEALTHQUINTILE_TOTL,1954-01-01,2026-09-07T16:06:21Z,low,50.755749722,,who.gho.mdg-0000000007,raw/who.gho.mdg-0000000007/2026/09/20260907T160621Z-1819ad2538c7.json.gz,2
who.gho.mdg-0000000007,MDG_0000000007:GRC:SEX_MLE:AGEGROUP_YEARSUNDER5:WEALTHQUINTILE_TOTL,1954-01-01,2026-09-07T16:06:21Z,restated_at,2026-08-05,,who.gho.mdg-0000000007,raw/who.gho.mdg-0000000007/2026/09/20260907T160621Z-1819ad2538c7.json.gz,2
who.gho.mdg-0000000007,MDG_0000000007:GRC:SEX_MLE:AGEGROUP_YEARSUNDER5:WEALTHQUINTILE_TOTL,1954-01-01,2026-09-07T16:06:21Z,value,53.686059555,,who.gho.mdg-0000000007,raw/who.gho.mdg-0000000007/2026/09/20260907T160621Z-1819ad2538c7.json.gz,2
who.gho.mdg-0000000007,MDG_0000000007:GRD:SEX_BTSX:AGEGROUP_YEARSUNDER5:WEALTHQUINTILE_TOTL,1954-01-01,2026-09-07T16:08:50Z,high,136.002434232,,who.gho.mdg-0000000007,raw/who.gho.mdg-0000000007/2026/09/20260907T160850Z-957169f3a50e.json.gz,2
who.gho.mdg-0000000007,MDG_0000000007:GRD:SEX_BTSX:AGEGROUP_YEARSUNDER5:WEALTHQUINTILE_TOTL,1954-01-01,2026-09-07T16:08:50Z,low,120.688311824,,who.gho.mdg-0000000007,raw/who.gho.mdg-0000000007/2026/09/20260907T160850Z-957169f3a50e.json.gz,2
who.gho.mdg-0000000007,MDG_0000000007:GRD:SEX_BTSX:AGEGROUP_YEARSUNDER5:WEALTHQUINTILE_TOTL,1954-01-01,2026-09-07T16:08:50Z,restated_at,2026-08-05,,who.gho.mdg-0000000007,raw/who.gho.mdg-0000000007/2026/09/20260907T160850Z-957169f3a50e.json.gz,2
who.gho.mdg-0000000007,MDG_0000000007:GRD:SEX_BTSX:AGEGROUP_YEARSUNDER5:WEALTHQUINTILE_TOTL,1954-01-01,2026-09-07T16:08:50Z,value,128.195751934,,who.gho.mdg-0000000007,raw/who.gho.mdg-0000000007/2026/09/20260907T160850Z-957169f3a50e.json.gz,2
who.gho.mdg-0000000007,MDG_0000000007:GRD:SEX_FMLE:AGEGROUP_YEARSUNDER5:WEALTHQUINTILE_TOTL,1954-01-01,2026-09-07T16:05:35Z,high,133.417438673,,who.gho.mdg-0000000007,raw/who.gho.mdg-0000000007/2026/09/20260907T160535Z-bcafb05f6fe8.json.gz,2
who.gho.mdg-0000000007,MDG_0000000007:GRD:SEX_FMLE:AGEGROUP_YEARSUNDER5:WEALTHQUINTILE_TOTL,1954-01-01,2026-09-07T16:05:35Z,low,117.698257787,,who.gho.mdg-0000000007,raw/who.gho.mdg-0000000007/2026/09/20260907T160535Z-bcafb05f6fe8.json.gz,2
who.gho.mdg-0000000007,MDG_0000000007:GRD:SEX_FMLE:AGEGROUP_YEARSUNDER5:WEALTHQUINTILE_TOTL,1954-01-01,2026-09-07T16:05:35Z,restated_at,2026-08-05,,who.gho.mdg-0000000007,raw/who.gho.mdg-0000000007/2026/09/20260907T160535Z-bcafb05f6fe8.json.gz,2
who.gho.mdg-0000000007,MDG_0000000007:GRD:SEX_FMLE:AGEGROUP_YEARSUNDER5:WEALTHQUINTILE_TOTL,1954-01-01,2026-09-07T16:05:35Z,value,125.454574879,,who.gho.mdg-0000000007,raw/who.gho.mdg-0000000007/2026/09/20260907T160535Z-bcafb05f6fe8.json.gz,2
who.gho.mdg-0000000007,MDG_0000000007:GRD:SEX_MLE:AGEGROUP_YEARSUNDER5:WEALTHQUINTILE_TOTL,1954-01-01,2026-09-07T16:05:31Z,high,139.322838681,,who.gho.mdg-0000000007,raw/who.gho.mdg-0000000007/2026/09/20260907T160531Z-a90a9bba0858.json.gz,2
who.gho.mdg-0000000007,MDG_0000000007:GRD:SEX_MLE:AGEGROUP_YEARSUNDER5:WEALTHQUINTILE_TOTL,1954-01-01,2026-09-07T16:05:31Z,low,122.977503508,,who.gho.mdg-0000000007,raw/who.gho.mdg-0000000007/2026/09/20260907T160531Z-a90a9bba0858.json.gz,2
who.gho.mdg-0000000007,MDG_0000000007:GRD:SEX_MLE:AGEGROUP_YEARSUNDER5:WEALTHQUINTILE_TOTL,1954-01-01,2026-09-07T16:05:31Z,restated_at,2026-08-05,,who.gho.mdg-0000000007,raw/who.gho.mdg-0000000007/2026/09/20260907T160531Z-a90a9bba0858.json.gz,2
who.gho.mdg-0000000007,MDG_0000000007:GRD:SEX_MLE:AGEGROUP_YEARSUNDER5:WEALTHQUINTILE_TOTL,1954-01-01,2026-09-07T16:05:31Z,value,130.773283796,,who.gho.mdg-0000000007,raw/who.gho.mdg-0000000007/2026/09/20260907T160531Z-a90a9bba0858.json.gz,2
who.gho.mdg-0000000007,MDG_0000000007:GUY:SEX_BTSX:AGEGROUP_YEARSUNDER5:WEALTHQUINTILE_TOTL,1954-01-01,2026-09-07T16:11:01Z,high,153.774756608,,who.gho.mdg-0000000007,raw/who.gho.mdg-0000000007/2026/09/20260907T161101Z-fc76d9a7e10d.json.gz,2
who.gho.mdg-0000000007,MDG_0000000007:GUY:SEX_BTSX:AGEGROUP_YEARSUNDER5:WEALTHQUINTILE_TOTL,1954-01-01,2026-09-07T16:11:01Z,low,105.747195822,,who.gho.mdg-0000000007,raw/who.gho.mdg-0000000007/2026/09/20260907T161101Z-fc76d9a7e10d.json.gz,2
who.gho.mdg-0000000007,MDG_0000000007:GUY:SEX_BTSX:AGEGROUP_YEARSUNDER5:WEALTHQUINTILE_TOTL,1954-01-01,2026-09-07T16:11:01Z,restated_at,2026-08-05,,who.gho.mdg-0000000007,raw/who.gho.mdg-0000000007/2026/09/20260907T161101Z-fc76d9a7e10d.json.gz,2
who.gho.mdg-0000000007,MDG_0000000007:GUY:SEX_BTSX:AGEGROUP_YEARSUNDER5:WEALTHQUINTILE_TOTL,1954-01-01,2026-09-07T16:11:01Z,value,127.094540057,,who.gho.mdg-0000000007,raw/who.gho.mdg-0000000007/2026/09/20260907T161101Z-fc76d9a7e10d.json.gz,2
who.gho.mdg-0000000007,MDG_0000000007:GUY:SEX_FMLE:AGEGROUP_YEARSUNDER5:WEALTHQUINTILE_TOTL,1954-01-01,2026-09-07T16:10:37Z,high,139.790320313,,who.gho.mdg-0000000007,raw/who.gho.mdg-0000000007/2026/09/20260907T161037Z-dfd3d6a5a745.json.gz,2
who.gho.mdg-0000000007,MDG_0000000007:GUY:SEX_FMLE:AGEGROUP_YEARSUNDER5:WEALTHQUINTILE_TOTL,1954-01-01,2026-09-07T16:10:37Z,low,94.94657173,,who.gho.mdg-0000000007,raw/who.gho.mdg-0000000007/2026/09/20260907T161037Z-dfd3d6a5a745.json.gz,2
who.gho.mdg-0000000007,MDG_0000000007:GUY:SEX_FMLE:AGEGROUP_YEARSUNDER5:WEALTHQUINTILE_TOTL,1954-01-01,2026-09-07T16:10:37Z,restated_at,2026-08-05,,who.gho.mdg-0000000007,raw/who.gho.mdg-0000000007/2026/09/20260907T161037Z-dfd3d6a5a745.json.gz,2
who.gho.mdg-0000000007,MDG_0000000007:GUY:SEX_FMLE:AGEGROUP_YEARSUNDER5:WEALTHQUINTILE_TOTL,1954-01-01,2026-09-07T16:10:37Z,value,114.682251151,,who.gho.mdg-0000000007,raw/who.gho.mdg-0000000007/2026/09/20260907T161037Z-dfd3d6a5a745.json.gz,2
who.gho.mdg-0000000007,MDG_0000000007:GUY:SEX_MLE:AGEGROUP_YEARSUNDER5:WEALTHQUINTILE_TOTL,1954-01-01,2026-09-07T16:08:41Z,high,168.656671124,,who.gho.mdg-0000000007,raw/who.gho.mdg-0000000007/2026/09/20260907T160841Z-d67f78e4b8d9.json.gz,2
who.gho.mdg-0000000007,MDG_0000000007:GUY:SEX_MLE:AGEGROUP_YEARSUNDER5:WEALTHQUINTILE_TOTL,1954-01-01,2026-09-07T16:08:41Z,low,114.939844098,,who.gho.mdg-0000000007,raw/who.gho.mdg-0000000007/2026/09/20260907T160841Z-d67f78e4b8d9.json.gz,2
who.gho.mdg-0000000007,MDG_0000000007:GUY:SEX_MLE:AGEGROUP_YEARSUNDER5:WEALTHQUINTILE_TOTL,1954-01-01,2026-09-07T16:08:41Z,restated_at,2026-08-05,,who.gho.mdg-0000000007,raw/who.gho.mdg-0000000007/2026/09/20260907T160841Z-d67f78e4b8d9.json.gz,2
who.gho.mdg-0000000007,MDG_0000000007:GUY:SEX_MLE:AGEGROUP_YEARSUNDER5:WEALTHQUINTILE_TOTL,1954-01-01,2026-09-07T16:08:41Z,value,138.883322455,,who.gho.mdg-0000000007,raw/who.gho.mdg-0000000007/2026/09/20260907T160841Z-d67f78e4b8d9.json.gz,2
who.gho.mdg-0000000007,MDG_0000000007:HUN:SEX_BTSX:AGEGROUP_YEARSUNDER5:WEALTHQUINTILE_TOTL,1954-01-01,2026-09-07T16:08:45Z,high,73.599568536,,who.gho.mdg-0000000007,raw/who.gho.mdg-0000000007/2026/09/20260907T160845Z-9b23f1f1b45b.json.gz,2
who.gho.mdg-0000000007,MDG_0000000007:HUN:SEX_BTSX:AGEGROUP_YEARSUNDER5:WEALTHQUINTILE_TOTL,1954-01-01,2026-09-07T16:08:45Z,low,67.438403469,,who.gho.mdg-0000000007,raw/who.gho.mdg-0000000007/2026/09/20260907T160845Z-9b23f1f1b45b.json.gz,2
who.gho.mdg-0000000007,MDG_0000000007:HUN:SEX_BTSX:AGEGROUP_YEARSUNDER5:WEALTHQUINTILE_TOTL,1954-01-01,2026-09-07T16:08:45Z,restated_at,2026-08-05,,who.gho.mdg-0000000007,raw/who.gho.mdg-0000000007/2026/09/20260907T160845Z-9b23f1f1b45b.json.gz,2
who.gho.mdg-0000000007,MDG_0000000007:HUN:SEX_BTSX:AGEGROUP_YEARSUNDER5:WEALTHQUINTILE_TOTL,1954-01-01,2026-09-07T16:08:45Z,value,70.610348949,,who.gho.mdg-0000000007,raw/who.gho.mdg-0000000007/2026/09/20260907T160845Z-9b23f1f1b45b.json.gz,2
who.gho.mdg-0000000007,MDG_0000000007:HUN:SEX_FMLE:AGEGROUP_YEARSUNDER5:WEALTHQUINTILE_TOTL,1954-01-01,2026-09-07T16:11:26Z,high,66.006160675,,who.gho.mdg-0000000007,raw/who.gho.mdg-0000000007/2026/09/20260907T161126Z-f3f9061ab4f7.json.gz,2
who.gho.mdg-0000000007,MDG_0000000007:HUN:SEX_FMLE:AGEGROUP_YEARSUNDER5:WEALTHQUINTILE_TOTL,1954-01-01,2026-09-07T16:11:26Z,low,60.161614116,,who.gho.mdg-0000000007,raw/who.gho.mdg-0000000007/2026/09/20260907T161126Z-f3f9061ab4f7.json.gz,2
who.gho.mdg-0000000007,MDG_0000000007:HUN:SEX_FMLE:AGEGROUP_YEARSUNDER5:WEALTHQUINTILE_TOTL,1954-01-01,2026-09-07T16:11:26Z,restated_at,2026-08-05,,who.gho.mdg-0000000007,raw/who.gho.mdg-0000000007/2026/09/20260907T161126Z-f3f9061ab4f7.json.gz,2
who.gho.mdg-0000000007,MDG_0000000007:HUN:SEX_FMLE:AGEGROUP_YEARSUNDER5:WEALTHQUINTILE_TOTL,1954-01-01,2026-09-07T16:11:26Z,value,63.167408068,,who.gho.mdg-0000000007,raw/who.gho.mdg-0000000007/2026/09/20260907T161126Z-f3f9061ab4f7.json.gz,2
who.gho.mdg-0000000007,MDG_0000000007:HUN:SEX_MLE:AGEGROUP_YEARSUNDER5:WEALTHQUINTILE_TOTL,1954-01-01,2026-09-07T16:09:38Z,high,81.112252481,,who.gho.mdg-0000000007,raw/who.gho.mdg-0000000007/2026/09/20260907T160938Z-81612038db74.json.gz,2
who.gho.mdg-0000000007,MDG_0000000007:HUN:SEX_MLE:AGEGROUP_YEARSUNDER5:WEALTHQUINTILE_TOTL,1954-01-01,2026-09-07T16:09:38Z,low,74.171197559,,who.gho.mdg-0000000007,raw/who.gho.mdg-0000000007/2026/09/20260907T160938Z-81612038db74.json.gz,2
who.gho.mdg-0000000007,MDG_0000000007:HUN:SEX_MLE:AGEGROUP_YEARSUNDER5:WEALTHQUINTILE_TOTL,1954-01-01,2026-09-07T16:09:38Z,restated_at,2026-08-05,,who.gho.mdg-0000000007,raw/who.gho.mdg-0000000007/2026/09/20260907T160938Z-81612038db74.json.gz,2
who.gho.mdg-0000000007,MDG_0000000007:HUN:SEX_MLE:AGEGROUP_YEARSUNDER5:WEALTHQUINTILE_TOTL,1954-01-01,2026-09-07T16:09:38Z,value,77.678015332,,who.gho.mdg-0000000007,raw/who.gho.mdg-0000000007/2026/09/20260907T160938Z-81612038db74.json.gz,2
who.gho.mdg-0000000007,MDG_0000000007:IDN:SEX_BTSX:AGEGROUP_YEARSUNDER5:WEALTHQUINTILE_TOTL,1954-01-01,2026-09-07T16:10:07Z,high,300.364990848,,who.gho.mdg-0000000007,raw/who.gho.mdg-0000000007/2026/09/20260907T161007Z-28c6cde3082c.json.gz,2
who.gho.mdg-0000000007,MDG_0000000007:IDN:SEX_BTSX:AGEGROUP_YEARSUNDER5:WEALTHQUINTILE_TOTL,1954-01-01,2026-09-07T16:10:07Z,low,238.053140818,,who.gho.mdg-0000000007,raw/who.gho.mdg-0000000007/2026/09/20260907T161007Z-28c6cde3082c.json.gz,2
who.gho.mdg-0000000007,MDG_0000000007:IDN:SEX_BTSX:AGEGROUP_YEARSUNDER5:WEALTHQUINTILE_TOTL,1954-01-01,2026-09-07T16:10:07Z,restated_at,2026-08-05,,who.gho.mdg-0000000007,raw/who.gho.mdg-0000000007/2026/09/20260907T161007Z-28c6cde3082c.json.gz,2
who.gho.mdg-0000000007,MDG_0000000007:IDN:SEX_BTSX:AGEGROUP_YEARSUNDER5:WEALTHQUINTILE_TOTL,1954-01-01,2026-09-07T16:10:07Z,value,268.195002057,,who.gho.mdg-0000000007,raw/who.gho.mdg-0000000007/2026/09/20260907T161007Z-28c6cde3082c.json.gz,2
who.gho.mdg-0000000007,MDG_0000000007:IDN:SEX_FMLE:AGEGROUP_YEARSUNDER5:WEALTHQUINTILE_TOTL,1954-01-01,2026-09-07T16:09:59Z,high,282.592112211,,who.gho.mdg-0000000007,raw/who.gho.mdg-0000000007/2026/09/20260907T160959Z-e41937f31aea.json.gz,2
who.gho.mdg-0000000007,MDG_0000000007:IDN:SEX_FMLE:AGEGROUP_YEARSUNDER5:WEALTHQUINTILE_TOTL,1954-01-01,2026-09-07T16:09:59Z,low,221.894809904,,who.gho.mdg-0000000007,raw/who.gho.mdg-0000000007/2026/09/20260907T160959Z-e41937f31aea.json.gz,2
who.gho.mdg-0000000007,MDG_0000000007:IDN:SEX_FMLE:AGEGROUP_YEARSUNDER5:WEALTHQUINTILE_TOTL,1954-01-01,2026-09-07T16:09:59Z,restated_at,2026-08-05,,who.gho.mdg-0000000007,raw/who.gho.mdg-0000000007/2026/09/20260907T160959Z-e41937f31aea.json.gz,2
who.gho.mdg-0000000007,MDG_0000000007:IDN:SEX_FMLE:AGEGROUP_YEARSUNDER5:WEALTHQUINTILE_TOTL,1954-01-01,2026-09-07T16:09:59Z,value,250.795884442,,who.gho.mdg-0000000007,raw/who.gho.mdg-0000000007/2026/09/20260907T160959Z-e41937f31aea.json.gz,2
who.gho.mdg-0000000007,MDG_0000000007:IDN:SEX_MLE:AGEGROUP_YEARSUNDER5:WEALTHQUINTILE_TOTL,1954-01-01,2026-09-07T16:10:24Z,high,319.54094144,,who.gho.mdg-0000000007,raw/who.gho.mdg-0000000007/2026/09/20260907T161024Z-808a2a46070d.json.gz,2
who.gho.mdg-0000000007,MDG_0000000007:IDN:SEX_MLE:AGEGROUP_YEARSUNDER5:WEALTHQUINTILE_TOTL,1954-01-01,2026-09-07T16:10:24Z,low,252.121878822,,who.gho.mdg-0000000007,raw/who.gho.mdg-0000000007/2026/09/20260907T161024Z-808a2a46070d.json.gz,2
who.gho.mdg-0000000007,MDG_0000000007:IDN:SEX_MLE:AGEGROUP_YEARSUNDER5:WEALTHQUINTILE_TOTL,1954-01-01,2026-09-07T16:10:24Z,restated_at,2026-08-05,,who.gho.mdg-0000000007,raw/who.gho.mdg-0000000007/2026/09/20260907T161024Z-808a2a46070d.json.gz,2
who.gho.mdg-0000000007,MDG_0000000007:IDN:SEX_MLE:AGEGROUP_YEARSUNDER5:WEALTHQUINTILE_TOTL,1954-01-01,2026-09-07T16:10:24Z,value,284.834567887,,who.gho.mdg-0000000007,raw/who.gho.mdg-0000000007/2026/09/20260907T161024Z-808a2a46070d.json.gz,2
who.gho.mdg-0000000007,MDG_0000000007:IND:SEX_BTSX:AGEGROUP_YEARSUNDER5:WEALTHQUINTILE_TOTL,1954-01-01,2026-09-07T16:05:35Z,high,306.805974399,,who.gho.mdg-0000000007,raw/who.gho.mdg-0000000007/2026/09/20260907T160535Z-bcafb05f6fe8.json.gz,2
who.gho.mdg-0000000007,MDG_0000000007:IND:SEX_BTSX:AGEGROUP_YEARSUNDER5:WEALTHQUINTILE_TOTL,1954-01-01,2026-09-07T16:05:35Z,low,225.801758205,,who.gho.mdg-0000000007,raw/who.gho.mdg-0000000007/2026/09/20260907T160535Z-bcafb05f6fe8.json.gz,2
who.gho.mdg-0000000007,MDG_0000000007:IND:SEX_BTSX:AGEGROUP_YEARSUNDER5:WEALTHQUINTILE_TOTL,1954-01-01,2026-09-07T16:05:35Z,restated_at,2026-08-05,,who.gho.mdg-0000000007,raw/who.gho.mdg-0000000007/2026/09/20260907T160535Z-bcafb05f6fe8.json.gz,2
who.gho.mdg-0000000007,MDG_0000000007:IND:SEX_BTSX:AGEGROUP_YEARSUNDER5:WEALTHQUINTILE_TOTL,1954-01-01,2026-09-07T16:05:35Z,value,264.18322366,,who.gho.mdg-0000000007,raw/who.gho.mdg-0000000007/2026/09/20260907T160535Z-bcafb05f6fe8.json.gz,2
who.gho.mdg-0000000007,MDG_0000000007:IND:SEX_FMLE:AGEGROUP_YEARSUNDER5:WEALTHQUINTILE_TOTL,1954-01-01,2026-09-07T16:10:17Z,high,316.487188082,,who.gho.mdg-0000000007,raw/who.gho.mdg-0000000007/2026/09/20260907T161017Z-ca4dbf4e12d6.json.gz,2
who.gho.mdg-0000000007,MDG_0000000007:IND:SEX_FMLE:AGEGROUP_YEARSUNDER5:WEALTHQUINTILE_TOTL,1954-01-01,2026-09-07T16:10:17Z,low,231.139801106,,who.gho.mdg-0000000007,raw/who.gho.mdg-0000000007/2026/09/20260907T161017Z-ca4dbf4e12d6.json.gz,2
who.gho.mdg-0000000007,MDG_0000000007:IND:SEX_FMLE:AGEGROUP_YEARSUNDER5:WEALTHQUINTILE_TOTL,1954-01-01,2026-09-07T16:10:17Z,restated_at,2026-08-05,,who.gho.mdg-0000000007,raw/who.gho.mdg-0000000007/2026/09/20260907T161017Z-ca4dbf4e12d6.json.gz,2
who.gho.mdg-0000000007,MDG_0000000007:IND:SEX_FMLE:AGEGROUP_YEARSUNDER5:WEALTHQUINTILE_TOTL,1954-01-01,2026-09-07T16:10:17Z,value,271.573967137,,who.gho.mdg-0000000007,raw/who.gho.mdg-0000000007/2026/09/20260907T161017Z-ca4dbf4e12d6.json.gz,2
who.gho.mdg-0000000007,MDG_0000000007:IND:SEX_MLE:AGEGROUP_YEARSUNDER5:WEALTHQUINTILE_TOTL,1954-01-01,2026-09-07T16:10:53Z,high,299.960164404,,who.gho.mdg-0000000007,raw/who.gho.mdg-0000000007/2026/09/20260907T161053Z-9a5808e2a757.json.gz,2
who.gho.mdg-0000000007,MDG_0000000007:IND:SEX_MLE:AGEGROUP_YEARSUNDER5:WEALTHQUINTILE_TOTL,1954-01-01,2026-09-07T16:10:53Z,low,219.331965673,,who.gho.mdg-0000000007,raw/who.gho.mdg-0000000007/2026/09/20260907T161053Z-9a5808e2a757.json.gz,2
who.gho.mdg-0000000007,MDG_0000000007:IND:SEX_MLE:AGEGROUP_YEARSUNDER5:WEALTHQUINTILE_TOTL,1954-01-01,2026-09-07T16:10:53Z,restated_at,2026-08-05,,who.gho.mdg-0000000007,raw/who.gho.mdg-0000000007/2026/09/20260907T161053Z-9a5808e2a757.json.gz,2
who.gho.mdg-0000000007,MDG_0000000007:IND:SEX_MLE:AGEGROUP_YEARSUNDER5:WEALTHQUINTILE_TOTL,1954-01-01,2026-09-07T16:10:53Z,value,256.973511707,,who.gho.mdg-0000000007,raw/who.gho.mdg-0000000007/2026/09/20260907T161053Z-9a5808e2a757.json.gz,2
who.gho.mdg-0000000007,MDG_0000000007:IRL:SEX_BTSX:AGEGROUP_YEARSUNDER5:WEALTHQUINTILE_TOTL,1954-01-01,2026-09-07T16:06:11Z,high,45.849336743,,who.gho.mdg-0000000007,raw/who.gho.mdg-0000000007/2026/09/20260907T160611Z-e868f3030ca5.json.gz,2
who.gho.mdg-0000000007,MDG_0000000007:IRL:SEX_BTSX:AGEGROUP_YEARSUNDER5:WEALTHQUINTILE_TOTL,1954-01-01,2026-09-07T16:06:11Z,low,43.94673141,,who.gho.mdg-0000000007,raw/who.gho.mdg-0000000007/2026/09/20260907T160611Z-e868f3030ca5.json.gz,2
who.gho.mdg-0000000007,MDG_0000000007:IRL:SEX_BTSX:AGEGROUP_YEARSUNDER5:WEALTHQUINTILE_TOTL,1954-01-01,2026-09-07T16:06:11Z,restated_at,2026-08-05,,who.gho.mdg-0000000007,raw/who.gho.mdg-0000000007/2026/09/20260907T160611Z-e868f3030ca5.json.gz,2
who.gho.mdg-0000000007,MDG_0000000007:IRL:SEX_BTSX:AGEGROUP_YEARSUNDER5:WEALTHQUINTILE_TOTL,1954-01-01,2026-09-07T16:06:11Z,value,44.906808009,,who.gho.mdg-0000000007,raw/who.gho.mdg-0000000007/2026/09/20260907T160611Z-e868f3030ca5.json.gz,2
who.gho.mdg-0000000007,MDG_0000000007:IRL:SEX_FMLE:AGEGROUP_YEARSUNDER5:WEALTHQUINTILE_TOTL,1954-01-01,2026-09-07T16:06:02Z,high,40.412363835,,who.gho.mdg-0000000007,raw/who.gho.mdg-0000000007/2026/09/20260907T160602Z-1adff4f5f376.json.gz,2
who.gho.mdg-0000000007,MDG_0000000007:IRL:SEX_FMLE:AGEGROUP_YEARSUNDER5:WEALTHQUINTILE_TOTL,1954-01-01,2026-09-07T16:06:02Z,low,38.397562945,,who.gho.mdg-0000000007,raw/who.gho.mdg-0000000007/2026/09/20260907T160602Z-1adff4f5f376.json.gz,2
who.gho.mdg-0000000007,MDG_0000000007:IRL:SEX_FMLE:AGEGROUP_YEARSUNDER5:WEALTHQUINTILE_TOTL,1954-01-01,2026-09-07T16:06:02Z,restated_at,2026-08-05,,who.gho.mdg-0000000007,raw/who.gho.mdg-0000000007/2026/09/20260907T160602Z-1adff4f5f376.json.gz,2
who.gho.mdg-0000000007,MDG_0000000007:IRL:SEX_FMLE:AGEGROUP_YEARSUNDER5:WEALTHQUINTILE_TOTL,1954-01-01,2026-09-07T16:06:02Z,value,39.412460136,,who.gho.mdg-0000000007,raw/who.gho.mdg-0000000007/2026/09/20260907T160602Z-1adff4f5f376.json.gz,2
who.gho.mdg-0000000007,MDG_0000000007:IRL:SEX_MLE:AGEGROUP_YEARSUNDER5:WEALTHQUINTILE_TOTL,1954-01-01,2026-09-07T16:05:14Z,high,51.311305167,,who.gho.mdg-0000000007,raw/who.gho.mdg-0000000007/2026/09/20260907T160514Z-6205b585146a.json.gz,2
who.gho.mdg-0000000007,MDG_0000000007:IRL:SEX_MLE:AGEGROUP_YEARSUNDER5:WEALTHQUINTILE_TOTL,1954-01-01,2026-09-07T16:05:14Z,low,48.926287729,,who.gho.mdg-0000000007,raw/who.gho.mdg-0000000007/2026/09/20260907T160514Z-6205b585146a.json.gz,2
who.gho.mdg-0000000007,MDG_0000000007:IRL:SEX_MLE:AGEGROUP_YEARSUNDER5:WEALTHQUINTILE_TOTL,1954-01-01,2026-09-07T16:05:14Z,restated_at,2026-08-05,,who.gho.mdg-0000000007,raw/who.gho.mdg-0000000007/2026/09/20260907T160514Z-6205b585146a.json.gz,2
who.gho.mdg-0000000007,MDG_0000000007:IRL:SEX_MLE:AGEGROUP_YEARSUNDER5:WEALTHQUINTILE_TOTL,1954-01-01,2026-09-07T16:05:14Z,value,50.128490345,,who.gho.mdg-0000000007,raw/who.gho.mdg-0000000007/2026/09/20260907T160514Z-6205b585146a.json.gz,2
who.gho.mdg-0000000007,MDG_0000000007:IRQ:SEX_BTSX:AGEGROUP_YEARSUNDER5:WEALTHQUINTILE_TOTL,1954-01-01,2026-09-07T16:11:18Z,high,317.791216435,,who.gho.mdg-0000000007,raw/who.gho.mdg-0000000007/2026/09/20260907T161118Z-85c02b5f4e3c.json.gz,2
who.gho.mdg-0000000007,MDG_0000000007:IRQ:SEX_BTSX:AGEGROUP_YEARSUNDER5:WEALTHQUINTILE_TOTL,1954-01-01,2026-09-07T16:11:18Z,low,241.437743807,,who.gho.mdg-0000000007,raw/who.gho.mdg-0000000007/2026/09/20260907T161118Z-85c02b5f4e3c.json.gz,2
who.gho.mdg-0000000007,MDG_0000000007:IRQ:SEX_BTSX:AGEGROUP_YEARSUNDER5:WEALTHQUINTILE_TOTL,1954-01-01,2026-09-07T16:11:18Z,restated_at,2026-08-05,,who.gho.mdg-0000000007,raw/who.gho.mdg-0000000007/2026/09/20260907T161118Z-85c02b5f4e3c.json.gz,2
who.gho.mdg-0000000007,MDG_0000000007:IRQ:SEX_BTSX:AGEGROUP_YEARSUNDER5:WEALTHQUINTILE_TOTL,1954-01-01,2026-09-07T16:11:18Z,value,276.471296423,,who.gho.mdg-0000000007,raw/who.gho.mdg-0000000007/2026/09/20260907T161118Z-85c02b5f4e3c.json.gz,2
who.gho.mdg-0000000007,MDG_0000000007:IRQ:SEX_FMLE:AGEGROUP_YEARSUNDER5:WEALTHQUINTILE_TOTL,1954-01-01,2026-09-07T16:09:34Z,high,307.933394062,,who.gho.mdg-0000000007,raw/who.gho.mdg-0000000007/2026/09/20260907T160934Z-f7f0902b1194.json.gz,2
who.gho.mdg-0000000007,MDG_0000000007:IRQ:SEX_FMLE:AGEGROUP_YEARSUNDER5:WEALTHQUINTILE_TOTL,1954-01-01,2026-09-07T16:09:34Z,low,231.134469464,,who.gho.mdg-0000000007,raw/who.gho.mdg-0000000007/2026/09/20260907T160934Z-f7f0902b1194.json.gz,2
who.gho.mdg-0000000007,MDG_0000000007:IRQ:SEX_FMLE:AGEGROUP_YEARSUNDER5:WEALTHQUINTILE_TOTL,1954-01-01,2026-09-07T16:09:34Z,restated_at,2026-08-05,,who.gho.mdg-0000000007,raw/who.gho.mdg-0000000007/2026/09/20260907T160934Z-f7f0902b1194.json.gz,2
who.gho.mdg-0000000007,MDG_0000000007:IRQ:SEX_FMLE:AGEGROUP_YEARSUNDER5:WEALTHQUINTILE_TOTL,1954-01-01,2026-09-07T16:09:34Z,value,266.521241683,,who.gho.mdg-0000000007,raw/who.gho.mdg-0000000007/2026/09/20260907T160934Z-f7f0902b1194.json.gz,2
who.gho.mdg-0000000007,MDG_0000000007:IRQ:SEX_MLE:AGEGROUP_YEARSUNDER5:WEALTHQUINTILE_TOTL,1954-01-01,2026-09-07T16:05:18Z,high,329.912373834,,who.gho.mdg-0000000007,raw/who.gho.mdg-0000000007/2026/09/20260907T160518Z-f66c8acba372.json.gz,2
who.gho.mdg-0000000007,MDG_0000000007:IRQ:SEX_MLE:AGEGROUP_YEARSUNDER5:WEALTHQUINTILE_TOTL,1954-01-01,2026-09-07T16:05:18Z,low,248.530776195,,who.gho.mdg-0000000007,raw/who.gho.mdg-0000000007/2026/09/20260907T160518Z-f66c8acba372.json.gz,2
who.gho.mdg-0000000007,MDG_0000000007:IRQ:SEX_MLE:AGEGROUP_YEARSUNDER5:WEALTHQUINTILE_TOTL,1954-01-01,2026-09-07T16:05:18Z,restated_at,2026-08-05,,who.gho.mdg-0000000007,raw/who.gho.mdg-0000000007/2026/09/20260907T160518Z-f66c8acba372.json.gz,2
who.gho.mdg-0000000007,MDG_0000000007:IRQ:SEX_MLE:AGEGROUP_YEARSUNDER5:WEALTHQUINTILE_TOTL,1954-01-01,2026-09-07T16:05:18Z,value,285.769411879,,who.gho.mdg-0000000007,raw/who.gho.mdg-0000000007/2026/09/20260907T160518Z-f66c8acba372.json.gz,2
who.gho.mdg-0000000007,MDG_0000000007:ISL:SEX_BTSX:AGEGROUP_YEARSUNDER5:WEALTHQUINTILE_TOTL,1954-01-01,2026-09-07T16:09:41Z,high,26.822949824,,who.gho.mdg-0000000007,raw/who.gho.mdg-0000000007/2026/09/20260907T160941Z-845bd0fc2e92.json.gz,2
who.gho.mdg-0000000007,MDG_0000000007:ISL:SEX_BTSX:AGEGROUP_YEARSUNDER5:WEALTHQUINTILE_TOTL,1954-01-01,2026-09-07T16:09:41Z,low,23.953742024,,who.gho.mdg-0000000007,raw/who.gho.mdg-0000000007/2026/09/20260907T160941Z-845bd0fc2e92.json.gz,2
who.gho.mdg-0000000007,MDG_0000000007:ISL:SEX_BTSX:AGEGROUP_YEARSUNDER5:WEALTHQUINTILE_TOTL,1954-01-01,2026-09-07T16:09:41Z,restated_at,2026-08-05,,who.gho.mdg-0000000007,raw/who.gho.mdg-0000000007/2026/09/20260907T160941Z-845bd0fc2e92.json.gz,2
who.gho.mdg-0000000007,MDG_0000000007:ISL:SEX_BTSX:AGEGROUP_YEARSUNDER5:WEALTHQUINTILE_TOTL,1954-01-01,2026-09-07T16:09:41Z,value,25.332372268,,who.gho.mdg-0000000007,raw/who.gho.mdg-0000000007/2026/09/20260907T160941Z-845bd0fc2e92.json.gz,2
who.gho.mdg-0000000007,MDG_0000000007:ISL:SEX_FMLE:AGEGROUP_YEARSUNDER5:WEALTHQUINTILE_TOTL,1954-01-01,2026-09-07T16:06:02Z,high,24.355537694,,who.gho.mdg-0000000007,raw/who.gho.mdg-0000000007/2026/09/20260907T160602Z-1adff4f5f376.json.gz,2
who.gho.mdg-0000000007,MDG_0000000007:ISL:SEX_FMLE:AGEGROUP_YEARSUNDER5:WEALTHQUINTILE_TOTL,1954-01-01,2026-09-07T16:06:02Z,low,21.268847677,,who.gho.mdg-0000000007,raw/who.gho.mdg-0000000007/2026/09/20260907T160602Z-1adff4f5f376.json.gz,2
who.gho.mdg-0000000007,MDG_0000000007:ISL:SEX_FMLE:AGEGROUP_YEARSUNDER5:WEALTHQUINTILE_TOTL,1954-01-01,2026-09-07T16:06:02Z,restated_at,2026-08-05,,who.gho.mdg-0000000007,raw/who.gho.mdg-0000000007/2026/09/20260907T160602Z-1adff4f5f376.json.gz,2
who.gho.mdg-0000000007,MDG_0000000007:ISL:SEX_FMLE:AGEGROUP_YEARSUNDER5:WEALTHQUINTILE_TOTL,1954-01-01,2026-09-07T16:06:02Z,value,22.758171741,,who.gho.mdg-0000000007,raw/who.gho.mdg-0000000007/2026/09/20260907T160602Z-1adff4f5f376.json.gz,2
who.gho.mdg-0000000007,MDG_0000000007:ISL:SEX_MLE:AGEGROUP_YEARSUNDER5:WEALTHQUINTILE_TOTL,1954-01-01,2026-09-07T16:10:33Z,high,29.602797217,,who.gho.mdg-0000000007,raw/who.gho.mdg-0000000007/2026/09/20260907T161033Z-0396663e197a.json.gz,2
who.gho.mdg-0000000007,MDG_0000000007:ISL:SEX_MLE:AGEGROUP_YEARSUNDER5:WEALTHQUINTILE_TOTL,1954-01-01,2026-09-07T16:10:33Z,low,26.067719252,,who.gho.mdg-0000000007,raw/who.gho.mdg-0000000007/2026/09/20260907T161033Z-0396663e197a.json.gz,2
who.gho.mdg-0000000007,MDG_0000000007:ISL:SEX_MLE:AGEGROUP_YEARSUNDER5:WEALTHQUINTILE_TOTL,1954-01-01,2026-09-07T16:10:33Z,restated_at,2026-08-05,,who.gho.mdg-0000000007,raw/who.gho.mdg-0000000007/2026/09/20260907T161033Z-0396663e197a.json.gz,2
who.gho.mdg-0000000007,MDG_0000000007:ISL:SEX_MLE:AGEGROUP_YEARSUNDER5:WEALTHQUINTILE_TOTL,1954-01-01,2026-09-07T16:10:33Z,value,27.778723356,,who.gho.mdg-0000000007,raw/who.gho.mdg-0000000007/2026/09/20260907T161033Z-0396663e197a.json.gz,2
who.gho.mdg-0000000007,MDG_0000000007:ISR:SEX_BTSX:AGEGROUP_YEARSUNDER5:WEALTHQUINTILE_TOTL,1954-01-01,2026-09-07T16:11:26Z,high,66.577325016,,who.gho.mdg-0000000007,raw/who.gho.mdg-0000000007/2026/09/20260907T161126Z-f3f9061ab4f7.json.gz,2
who.gho.mdg-0000000007,MDG_0000000007:ISR:SEX_BTSX:AGEGROUP_YEARSUNDER5:WEALTHQUINTILE_TOTL,1954-01-01,2026-09-07T16:11:26Z,low,56.849395453,,who.gho.mdg-0000000007,raw/who.gho.mdg-0000000007/2026/09/20260907T161126Z-f3f9061ab4f7.json.gz,2
who.gho.mdg-0000000007,MDG_0000000007:ISR:SEX_BTSX:AGEGROUP_YEARSUNDER5:WEALTHQUINTILE_TOTL,1954-01-01,2026-09-07T16:11:26Z,restated_at,2026-08-05,,who.gho.mdg-0000000007,raw/who.gho.mdg-0000000007/2026/09/20260907T161126Z-f3f9061ab4f7.json.gz,2
who.gho.mdg-0000000007,MDG_0000000007:ISR:SEX_BTSX:AGEGROUP_YEARSUNDER5:WEALTHQUINTILE_TOTL,1954-01-01,2026-09-07T16:11:26Z,value,61.55893984,,who.gho.mdg-0000000007,raw/who.gho.mdg-0000000007/2026/09/20260907T161126Z-f3f9061ab4f7.json.gz,2
who.gho.mdg-0000000007,MDG_0000000007:ISR:SEX_FMLE:AGEGROUP_YEARSUNDER5:WEALTHQUINTILE_TOTL,1954-01-01,2026-09-07T16:09:26Z,high,64.454411252,,who.gho.mdg-0000000007,raw/who.gho.mdg-0000000007/2026/09/20260907T160926Z-3ee37906b339.json.gz,2
who.gho.mdg-0000000007,MDG_0000000007:ISR:SEX_FMLE:AGEGROUP_YEARSUNDER5:WEALTHQUINTILE_TOTL,1954-01-01,2026-09-07T16:09:26Z,low,54.526358635,,who.gho.mdg-0000000007,raw/who.gho.mdg-0000000007/2026/09/20260907T160926Z-3ee37906b339.json.gz,2
who.gho.mdg-0000000007,MDG_0000000007:ISR:SEX_FMLE:AGEGROUP_YEARSUNDER5:WEALTHQUINTILE_TOTL,1954-01-01,2026-09-07T16:09:26Z,restated_at,2026-08-05,,who.gho.mdg-0000000007,raw/who.gho.mdg-0000000007/2026/09/20260907T160926Z-3ee37906b339.json.gz,2
who.gho.mdg-0000000007,MDG_0000000007:ISR:SEX_FMLE:AGEGROUP_YEARSUNDER5:WEALTHQUINTILE_TOTL,1954-01-01,2026-09-07T16:09:26Z,value,59.235856531,,who.gho.mdg-0000000007,raw/who.gho.mdg-0000000007/2026/09/20260907T160926Z-3ee37906b339.json.gz,2
who.gho.mdg-0000000007,MDG_0000000007:ISR:SEX_MLE:AGEGROUP_YEARSUNDER5:WEALTHQUINTILE_TOTL,1954-01-01,2026-09-07T16:09:22Z,high,69.173344759,,who.gho.mdg-0000000007,raw/who.gho.mdg-0000000007/2026/09/20260907T160922Z-b03be7779b07.json.gz,2
who.gho.mdg-0000000007,MDG_0000000007:ISR:SEX_MLE:AGEGROUP_YEARSUNDER5:WEALTHQUINTILE_TOTL,1954-01-01,2026-09-07T16:09:22Z,low,58.628262817,,who.gho.mdg-0000000007,raw/who.gho.mdg-0000000007/2026/09/20260907T160922Z-b03be7779b07.json.gz,2
who.gho.mdg-0000000007,MDG_0000000007:ISR:SEX_MLE:AGEGROUP_YEARSUNDER5:WEALTHQUINTILE_TOTL,1954-01-01,2026-09-07T16:09:22Z,restated_at,2026-08-05,,who.gho.mdg-0000000007,raw/who.gho.mdg-0000000007/2026/09/20260907T160922Z-b03be7779b07.json.gz,2
who.gho.mdg-0000000007,MDG_0000000007:ISR:SEX_MLE:AGEGROUP_YEARSUNDER5:WEALTHQUINTILE_TOTL,1954-01-01,2026-09-07T16:09:22Z,value,63.752008499,,who.gho.mdg-0000000007,raw/who.gho.mdg-0000000007/2026/09/20260907T160922Z-b03be7779b07.json.gz,2
who.gho.mdg-0000000007,MDG_0000000007:ITA:SEX_BTSX:AGEGROUP_YEARSUNDER5:WEALTHQUINTILE_TOTL,1954-01-01,2026-09-07T16:05:14Z,high,66.716671095,,who.gho.mdg-0000000007,raw/who.gho.mdg-0000000007/2026/09/20260907T160514Z-6205b585146a.json.gz,2
who.gho.mdg-0000000007,MDG_0000000007:ITA:SEX_BTSX:AGEGROUP_YEARSUNDER5:WEALTHQUINTILE_TOTL,1954-01-01,2026-09-07T16:05:14Z,low,63.883858053,,who.gho.mdg-0000000007,raw/who.gho.mdg-0000000007/2026/09/20260907T160514Z-6205b585146a.json.gz,2
who.gho.mdg-0000000007,MDG_0000000007:ITA:SEX_BTSX:AGEGROUP_YEARSUNDER5:WEALTHQUINTILE_TOTL,1954-01-01,2026-09-07T16:05:14Z,restated_at,2026-08-05,,who.gho.mdg-0000000007,raw/who.gho.mdg-0000000007/2026/09/20260907T160514Z-6205b585146a.json.gz,2
who.gho.mdg-0000000007,MDG_0000000007:ITA:SEX_BTSX:AGEGROUP_YEARSUNDER5:WEALTHQUINTILE_TOTL,1954-01-01,2026-09-07T16:05:14Z,value,65.320622408,,who.gho.mdg-0000000007,raw/who.gho.mdg-0000000007/2026/09/20260907T160514Z-6205b585146a.json.gz,2
who.gho.mdg-0000000007,MDG_0000000007:ITA:SEX_FMLE:AGEGROUP_YEARSUNDER5:WEALTHQUINTILE_TOTL,1954-01-01,2026-09-07T16:05:06Z,high,62.035815163,,who.gho.mdg-0000000007,raw/who.gho.mdg-0000000007/2026/09/20260907T160506Z-a219a21e2a4a.json.gz,2
who.gho.mdg-0000000007,MDG_0000000007:ITA:SEX_FMLE:AGEGROUP_YEARSUNDER5:WEALTHQUINTILE_TOTL,1954-01-01,2026-09-07T16:05:06Z,low,59.281105475,,who.gho.mdg-0000000007,raw/who.gho.mdg-0000000007/2026/09/20260907T160506Z-a219a21e2a4a.json.gz,2
who.gho.mdg-0000000007,MDG_0000000007:ITA:SEX_FMLE:AGEGROUP_YEARSUNDER5:WEALTHQUINTILE_TOTL,1954-01-01,2026-09-07T16:05:06Z,restated_at,2026-08-05,,who.gho.mdg-0000000007,raw/who.gho.mdg-0000000007/2026/09/20260907T160506Z-a219a21e2a4a.json.gz,2
who.gho.mdg-0000000007,MDG_0000000007:ITA:SEX_FMLE:AGEGROUP_YEARSUNDER5:WEALTHQUINTILE_TOTL,1954-01-01,2026-09-07T16:05:06Z,value,60.682179482,,who.gho.mdg-0000000007,raw/who.gho.mdg-0000000007/2026/09/20260907T160506Z-a219a21e2a4a.json.gz,2
who.gho.mdg-0000000007,MDG_0000000007:ITA:SEX_MLE:AGEGROUP_YEARSUNDER5:WEALTHQUINTILE_TOTL,1954-01-01,2026-09-07T16:09:54Z,high,71.271098174,,who.gho.mdg-0000000007,raw/who.gho.mdg-0000000007/2026/09/20260907T160954Z-3426e3999bb4.json.gz,2
who.gho.mdg-0000000007,MDG_0000000007:ITA:SEX_MLE:AGEGROUP_YEARSUNDER5:WEALTHQUINTILE_TOTL,1954-01-01,2026-09-07T16:09:54Z,low,68.153054748,,who.gho.mdg-0000000007,raw/who.gho.mdg-0000000007/2026/09/20260907T160954Z-3426e3999bb4.json.gz,2
who.gho.mdg-0000000007,MDG_0000000007:ITA:SEX_MLE:AGEGROUP_YEARSUNDER5:WEALTHQUINTILE_TOTL,1954-01-01,2026-09-07T16:09:54Z,restated_at,2026-08-05,,who.gho.mdg-0000000007,raw/who.gho.mdg-0000000007/2026/09/20260907T160954Z-3426e3999bb4.json.gz,2
who.gho.mdg-0000000007,MDG_0000000007:ITA:SEX_MLE:AGEGROUP_YEARSUNDER5:WEALTHQUINTILE_TOTL,1954-01-01,2026-09-07T16:09:54Z,value,69.731844134,,who.gho.mdg-0000000007,raw/who.gho.mdg-0000000007/2026/09/20260907T160954Z-3426e3999bb4.json.gz,2
who.gho.mdg-0000000007,MDG_0000000007:JAM:SEX_BTSX:AGEGROUP_YEARSUNDER5:WEALTHQUINTILE_TOTL,1954-01-01,2026-09-07T16:05:31Z,high,137.222967688,,who.gho.mdg-0000000007,raw/who.gho.mdg-0000000007/2026/09/20260907T160531Z-a90a9bba0858.json.gz,2
who.gho.mdg-0000000007,MDG_0000000007:JAM:SEX_BTSX:AGEGROUP_YEARSUNDER5:WEALTHQUINTILE_TOTL,1954-01-01,2026-09-07T16:05:31Z,low,93.250488307,,who.gho.mdg-0000000007,raw/who.gho.mdg-0000000007/2026/09/20260907T160531Z-a90a9bba0858.json.gz,2
who.gho.mdg-0000000007,MDG_0000000007:JAM:SEX_BTSX:AGEGROUP_YEARSUNDER5:WEALTHQUINTILE_TOTL,1954-01-01,2026-09-07T16:05:31Z,restated_at,2026-08-05,,who.gho.mdg-0000000007,raw/who.gho.mdg-0000000007/2026/09/20260907T160531Z-a90a9bba0858.json.gz,2
who.gho.mdg-0000000007,MDG_0000000007:JAM:SEX_BTSX:AGEGROUP_YEARSUNDER5:WEALTHQUINTILE_TOTL,1954-01-01,2026-09-07T16:05:31Z,value,112.845832219,,who.gho.mdg-0000000007,raw/who.gho.mdg-0000000007/2026/09/20260907T160531Z-a90a9bba0858.json.gz,2
who.gho.mdg-0000000007,MDG_0000000007:JOR:SEX_BTSX:AGEGROUP_YEARSUNDER5:WEALTHQUINTILE_TOTL,1954-01-01,2026-09-07T16:05:38Z,high,244.159203772,,who.gho.mdg-0000000007,raw/who.gho.mdg-0000000007/2026/09/20260907T160538Z-28a5f6808180.json.gz,2
who.gho.mdg-0000000007,MDG_0000000007:JOR:SEX_BTSX:AGEGROUP_YEARSUNDER5:WEALTHQUINTILE_TOTL,1954-01-01,2026-09-07T16:05:38Z,low,199.761900532,,who.gho.mdg-0000000007,raw/who.gho.mdg-0000000007/2026/09/20260907T160538Z-28a5f6808180.json.gz,2
who.gho.mdg-0000000007,MDG_0000000007:JOR:SEX_BTSX:AGEGROUP_YEARSUNDER5:WEALTHQUINTILE_TOTL,1954-01-01,2026-09-07T16:05:38Z,restated_at,2026-08-05,,who.gho.mdg-0000000007,raw/who.gho.mdg-0000000007/2026/09/20260907T160538Z-28a5f6808180.json.gz,2
who.gho.mdg-0000000007,MDG_0000000007:JOR:SEX_BTSX:AGEGROUP_YEARSUNDER5:WEALTHQUINTILE_TOTL,1954-01-01,2026-09-07T16:05:38Z,value,220.594292296,,who.gho.mdg-0000000007,raw/who.gho.mdg-0000000007/2026/09/20260907T160538Z-28a5f6808180.json.gz,2
who.gho.mdg-0000000007,MDG_0000000007:JOR:SEX_FMLE:AGEGROUP_YEARSUNDER5:WEALTHQUINTILE_TOTL,1954-01-01,2026-09-07T16:09:13Z,high,247.218253515,,who.gho.mdg-0000000007,raw/who.gho.mdg-0000000007/2026/09/20260907T160913Z-86e8fac132bd.json.gz,2
who.gho.mdg-0000000007,MDG_0000000007:JOR:SEX_FMLE:AGEGROUP_YEARSUNDER5:WEALTHQUINTILE_TOTL,1954-01-01,2026-09-07T16:09:13Z,low,201.044796427,,who.gho.mdg-0000000007,raw/who.gho.mdg-0000000007/2026/09/20260907T160913Z-86e8fac132bd.json.gz,2
who.gho.mdg-0000000007,MDG_0000000007:JOR:SEX_FMLE:AGEGROUP_YEARSUNDER5:WEALTHQUINTILE_TOTL,1954-01-01,2026-09-07T16:09:13Z,restated_at,2026-08-05,,who.gho.mdg-0000000007,raw/who.gho.mdg-0000000007/2026/09/20260907T160913Z-86e8fac132bd.json.gz,2
who.gho.mdg-0000000007,MDG_0000000007:JOR:SEX_FMLE:AGEGROUP_YEARSUNDER5:WEALTHQUINTILE_TOTL,1954-01-01,2026-09-07T16:09:13Z,value,222.714799455,,who.gho.mdg-0000000007,raw/who.gho.mdg-0000000007/2026/09/20260907T160913Z-86e8fac132bd.json.gz,2
who.gho.mdg-0000000007,MDG_0000000007:JOR:SEX_MLE:AGEGROUP_YEARSUNDER5:WEALTHQUINTILE_TOTL,1954-01-01,2026-09-07T16:05:48Z,high,242.625868618,,who.gho.mdg-0000000007,raw/who.gho.mdg-0000000007/2026/09/20260907T160548Z-1609a76f5ecc.json.gz,2
who.gho.mdg-0000000007,MDG_0000000007:JOR:SEX_MLE:AGEGROUP_YEARSUNDER5:WEALTHQUINTILE_TOTL,1954-01-01,2026-09-07T16:05:48Z,low,196.85559482,,who.gho.mdg-0000000007,raw/who.gho.mdg-0000000007/2026/09/20260907T160548Z-1609a76f5ecc.json.gz,2
who.gho.mdg-0000000007,MDG_0000000007:JOR:SEX_MLE:AGEGROUP_YEARSUNDER5:WEALTHQUINTILE_TOTL,1954-01-01,2026-09-07T16:05:48Z,restated_at,2026-08-05,,who.gho.mdg-0000000007,raw/who.gho.mdg-0000000007/2026/09/20260907T160548Z-1609a76f5ecc.json.gz,2
who.gho.mdg-0000000007,MDG_0000000007:JOR:SEX_MLE:AGEGROUP_YEARSUNDER5:WEALTHQUINTILE_TOTL,1954-01-01,2026-09-07T16:05:48Z,value,218.246260029,,who.gho.mdg-0000000007,raw/who.gho.mdg-0000000007/2026/09/20260907T160548Z-1609a76f5ecc.json.gz,2
who.gho.mdg-0000000007,MDG_0000000007:JPN:SEX_BTSX:AGEGROUP_YEARSUNDER5:WEALTHQUINTILE_TOTL,1954-01-01,2026-09-07T16:06:16Z,high,63.930280869,,who.gho.mdg-0000000007,raw/who.gho.mdg-0000000007/2026/09/20260907T160616Z-615f6bfccb87.json.gz,2
who.gho.mdg-0000000007,MDG_0000000007:JPN:SEX_BTSX:AGEGROUP_YEARSUNDER5:WEALTHQUINTILE_TOTL,1954-01-01,2026-09-07T16:06:16Z,low,61.469961611,,who.gho.mdg-0000000007,raw/who.gho.mdg-0000000007/2026/09/20260907T160616Z-615f6bfccb87.json.gz,2
who.gho.mdg-0000000007,MDG_0000000007:JPN:SEX_BTSX:AGEGROUP_YEARSUNDER5:WEALTHQUINTILE_TOTL,1954-01-01,2026-09-07T16:06:16Z,restated_at,2026-08-05,,who.gho.mdg-0000000007,raw/who.gho.mdg-0000000007/2026/09/20260907T160616Z-615f6bfccb87.json.gz,2
who.gho.mdg-0000000007,MDG_0000000007:JPN:SEX_BTSX:AGEGROUP_YEARSUNDER5:WEALTHQUINTILE_TOTL,1954-01-01,2026-09-07T16:06:16Z,value,62.691017282,,who.gho.mdg-0000000007,raw/who.gho.mdg-0000000007/2026/09/20260907T160616Z-615f6bfccb87.json.gz,2
who.gho.mdg-0000000007,MDG_0000000007:JPN:SEX_FMLE:AGEGROUP_YEARSUNDER5:WEALTHQUINTILE_TOTL,1954-01-01,2026-09-07T16:05:18Z,high,60.734696981,,who.gho.mdg-0000000007,raw/who.gho.mdg-0000000007/2026/09/20260907T160518Z-f66c8acba372.json.gz,2
who.gho.mdg-0000000007,MDG_0000000007:JPN:SEX_FMLE:AGEGROUP_YEARSUNDER5:WEALTHQUINTILE_TOTL,1954-01-01,2026-09-07T16:05:18Z,low,58.351518729,,who.gho.mdg-0000000007,raw/who.gho.mdg-0000000007/2026/09/20260907T160518Z-f66c8acba372.json.gz,2
who.gho.mdg-0000000007,MDG_0000000007:JPN:SEX_FMLE:AGEGROUP_YEARSUNDER5:WEALTHQUINTILE_TOTL,1954-01-01,2026-09-07T16:05:18Z,restated_at,2026-08-05,,who.gho.mdg-0000000007,raw/who.gho.mdg-0000000007/2026/09/20260907T160518Z-f66c8acba372.json.gz,2
who.gho.mdg-0000000007,MDG_0000000007:JPN:SEX_FMLE:AGEGROUP_YEARSUNDER5:WEALTHQUINTILE_TOTL,1954-01-01,2026-09-07T16:05:18Z,value,59.527913866,,who.gho.mdg-0000000007,raw/who.gho.mdg-0000000007/2026/09/20260907T160518Z-f66c8acba372.json.gz,2
who.gho.mdg-0000000007,MDG_0000000007:JPN:SEX_MLE:AGEGROUP_YEARSUNDER5:WEALTHQUINTILE_TOTL,1954-01-01,2026-09-07T16:11:10Z,high,67.027499379,,who.gho.mdg-0000000007,raw/who.gho.mdg-0000000007/2026/09/20260907T161110Z-9f3e1e4fe296.json.gz,2
who.gho.mdg-0000000007,MDG_0000000007:JPN:SEX_MLE:AGEGROUP_YEARSUNDER5:WEALTHQUINTILE_TOTL,1954-01-01,2026-09-07T16:11:10Z,low,64.392321478,,who.gho.mdg-0000000007,raw/who.gho.mdg-0000000007/2026/09/20260907T161110Z-9f3e1e4fe296.json.gz,2
who.gho.mdg-0000000007,MDG_0000000007:JPN:SEX_MLE:AGEGROUP_YEARSUNDER5:WEALTHQUINTILE_TOTL,1954-01-01,2026-09-07T16:11:10Z,restated_at,2026-08-05,,who.gho.mdg-0000000007,raw/who.gho.mdg-0000000007/2026/09/20260907T161110Z-9f3e1e4fe296.json.gz,2
who.gho.mdg-0000000007,MDG_0000000007:JPN:SEX_MLE:AGEGROUP_YEARSUNDER5:WEALTHQUINTILE_TOTL,1954-01-01,2026-09-07T16:11:10Z,value,65.709582957,,who.gho.mdg-0000000007,raw/who.gho.mdg-0000000007/2026/09/20260907T161110Z-9f3e1e4fe296.json.gz,2
who.gho.mdg-0000000007,MDG_0000000007:KEN:SEX_BTSX:AGEGROUP_YEARSUNDER5:WEALTHQUINTILE_TOTL,1954-01-01,2026-09-07T16:10:53Z,high,304.952568443,,who.gho.mdg-0000000007,raw/who.gho.mdg-0000000007/2026/09/20260907T161053Z-9a5808e2a757.json.gz,2
who.gho.mdg-0000000007,MDG_0000000007:KEN:SEX_BTSX:AGEGROUP_YEARSUNDER5:WEALTHQUINTILE_TOTL,1954-01-01,2026-09-07T16:10:53Z,low,235.89819152,,who.gho.mdg-0000000007,raw/who.gho.mdg-0000000007/2026/09/20260907T161053Z-9a5808e2a757.json.gz,2
who.gho.mdg-0000000007,MDG_0000000007:KEN:SEX_BTSX:AGEGROUP_YEARSUNDER5:WEALTHQUINTILE_TOTL,1954-01-01,2026-09-07T16:10:53Z,restated_at,2026-08-05,,who.gho.mdg-0000000007,raw/who.gho.mdg-0000000007/2026/09/20260907T161053Z-9a5808e2a757.json.gz,2
who.gho.mdg-0000000007,MDG_0000000007:KEN:SEX_BTSX:AGEGROUP_YEARSUNDER5:WEALTHQUINTILE_TOTL,1954-01-01,2026-09-07T16:10:53Z,value,267.877143833,,who.gho.mdg-0000000007,raw/who.gho.mdg-0000000007/2026/09/20260907T161053Z-9a5808e2a757.json.gz,2
who.gho.mdg-0000000007,MDG_0000000007:KEN:SEX_FMLE:AGEGROUP_YEARSUNDER5:WEALTHQUINTILE_TOTL,1954-01-01,2026-09-07T16:10:03Z,high,295.107239458,,who.gho.mdg-0000000007,raw/who.gho.mdg-0000000007/2026/09/20260907T161003Z-9bcc9b7e7da4.json.gz,2
who.gho.mdg-0000000007,MDG_0000000007:KEN:SEX_FMLE:AGEGROUP_YEARSUNDER5:WEALTHQUINTILE_TOTL,1954-01-01,2026-09-07T16:10:03Z,low,226.353027813,,who.gho.mdg-0000000007,raw/who.gho.mdg-0000000007/2026/09/20260907T161003Z-9bcc9b7e7da4.json.gz,2
who.gho.mdg-0000000007,MDG_0000000007:KEN:SEX_FMLE:AGEGROUP_YEARSUNDER5:WEALTHQUINTILE_TOTL,1954-01-01,2026-09-07T16:10:03Z,restated_at,2026-08-05,,who.gho.mdg-0000000007,raw/who.gho.mdg-0000000007/2026/09/20260907T161003Z-9bcc9b7e7da4.json.gz,2
who.gho.mdg-0000000007,MDG_0000000007:KEN:SEX_FMLE:AGEGROUP_YEARSUNDER5:WEALTHQUINTILE_TOTL,1954-01-01,2026-09-07T16:10:03Z,value,258.082724561,,who.gho.mdg-0000000007,raw/who.gho.mdg-0000000007/2026/09/20260907T161003Z-9bcc9b7e7da4.json.gz,2
who.gho.mdg-0000000007,MDG_0000000007:KEN:SEX_MLE:AGEGROUP_YEARSUNDER5:WEALTHQUINTILE_TOTL,1954-01-01,2026-09-07T16:11:10Z,high,316.529127564,,who.gho.mdg-0000000007,raw/who.gho.mdg-0000000007/2026/09/20260907T161110Z-9f3e1e4fe296.json.gz,2
who.gho.mdg-0000000007,MDG_0000000007:KEN:SEX_MLE:AGEGROUP_YEARSUNDER5:WEALTHQUINTILE_TOTL,1954-01-01,2026-09-07T16:11:10Z,low,242.958599311,,who.gho.mdg-0000000007,raw/who.gho.mdg-0000000007/2026/09/20260907T161110Z-9f3e1e4fe296.json.gz,2
who.gho.mdg-0000000007,MDG_0000000007:KEN:SEX_MLE:AGEGROUP_YEARSUNDER5:WEALTHQUINTILE_TOTL,1954-01-01,2026-09-07T16:11:10Z,restated_at,2026-08-05,,who.gho.mdg-0000000007,raw/who.gho.mdg-0000000007/2026/09/20260907T161110Z-9f3e1e4fe296.json.gz,2
who.gho.mdg-0000000007,MDG_0000000007:KEN:SEX_MLE:AGEGROUP_YEARSUNDER5:WEALTHQUINTILE_TOTL,1954-01-01,2026-09-07T16:11:10Z,value,277.198062407,,who.gho.mdg-0000000007,raw/who.gho.mdg-0000000007/2026/09/20260907T161110Z-9f3e1e4fe296.json.gz,2
who.gho.mdg-0000000007,MDG_0000000007:KIR:SEX_BTSX:AGEGROUP_YEARSUNDER5:WEALTHQUINTILE_TOTL,1954-01-01,2026-09-07T16:08:54Z,high,242.818894686,,who.gho.mdg-0000000007,raw/who.gho.mdg-0000000007/2026/09/20260907T160854Z-e3873ac72928.json.gz,2
who.gho.mdg-0000000007,MDG_0000000007:KIR:SEX_BTSX:AGEGROUP_YEARSUNDER5:WEALTHQUINTILE_TOTL,1954-01-01,2026-09-07T16:08:54Z,low,192.111153467,,who.gho.mdg-0000000007,raw/who.gho.mdg-0000000007/2026/09/20260907T160854Z-e3873ac72928.json.gz,2
who.gho.mdg-0000000007,MDG_0000000007:KIR:SEX_BTSX:AGEGROUP_YEARSUNDER5:WEALTHQUINTILE_TOTL,1954-01-01,2026-09-07T16:08:54Z,restated_at,2026-08-05,,who.gho.mdg-0000000007,raw/who.gho.mdg-0000000007/2026/09/20260907T160854Z-e3873ac72928.json.gz,2
who.gho.mdg-0000000007,MDG_0000000007:KIR:SEX_BTSX:AGEGROUP_YEARSUNDER5:WEALTHQUINTILE_TOTL,1954-01-01,2026-09-07T16:08:54Z,value,216.070666166,,who.gho.mdg-0000000007,raw/who.gho.mdg-0000000007/2026/09/20260907T160854Z-e3873ac72928.json.gz,2
who.gho.mdg-0000000007,MDG_0000000007:KIR:SEX_FMLE:AGEGROUP_YEARSUNDER5:WEALTHQUINTILE_TOTL,1954-01-01,2026-09-07T16:09:30Z,high,233.212114346,,who.gho.mdg-0000000007,raw/who.gho.mdg-0000000007/2026/09/20260907T160930Z-3a49f2d0e7d2.json.gz,2
who.gho.mdg-0000000007,MDG_0000000007:KIR:SEX_FMLE:AGEGROUP_YEARSUNDER5:WEALTHQUINTILE_TOTL,1954-01-01,2026-09-07T16:09:30Z,low,182.063506883,,who.gho.mdg-0000000007,raw/who.gho.mdg-0000000007/2026/09/20260907T160930Z-3a49f2d0e7d2.json.gz,2
who.gho.mdg-0000000007,MDG_0000000007:KIR:SEX_FMLE:AGEGROUP_YEARSUNDER5:WEALTHQUINTILE_TOTL,1954-01-01,2026-09-07T16:09:30Z,restated_at,2026-08-05,,who.gho.mdg-0000000007,raw/who.gho.mdg-0000000007/2026/09/20260907T160930Z-3a49f2d0e7d2.json.gz,2
who.gho.mdg-0000000007,MDG_0000000007:KIR:SEX_FMLE:AGEGROUP_YEARSUNDER5:WEALTHQUINTILE_TOTL,1954-01-01,2026-09-07T16:09:30Z,value,206.085631064,,who.gho.mdg-0000000007,raw/who.gho.mdg-0000000007/2026/09/20260907T160930Z-3a49f2d0e7d2.json.gz,2
who.gho.mdg-0000000007,MDG_0000000007:KIR:SEX_MLE:AGEGROUP_YEARSUNDER5:WEALTHQUINTILE_TOTL,1954-01-01,2026-09-07T16:06:16Z,high,254.9652821,,who.gho.mdg-0000000007,raw/who.gho.mdg-0000000007/2026/09/20260907T160616Z-615f6bfccb87.json.gz,2
who.gho.mdg-0000000007,MDG_0000000007:KIR:SEX_MLE:AGEGROUP_YEARSUNDER5:WEALTHQUINTILE_TOTL,1954-01-01,2026-09-07T16:06:16Z,low,199.590859761,,who.gho.mdg-0000000007,raw/who.gho.mdg-0000000007/2026/09/20260907T160616Z-615f6bfccb87.json.gz,2
who.gho.mdg-0000000007,MDG_0000000007:KIR:SEX_MLE:AGEGROUP_YEARSUNDER5:WEALTHQUINTILE_TOTL,1954-01-01,2026-09-07T16:06:16Z,restated_at,2026-08-05,,who.gho.mdg-0000000007,raw/who.gho.mdg-0000000007/2026/09/20260907T160616Z-615f6bfccb87.json.gz,2
who.gho.mdg-0000000007,MDG_0000000007:KIR:SEX_MLE:AGEGROUP_YEARSUNDER5:WEALTHQUINTILE_TOTL,1954-01-01,2026-09-07T16:06:16Z,value,225.515122278,,who.gho.mdg-0000000007,raw/who.gho.mdg-0000000007/2026/09/20260907T160616Z-615f6bfccb87.json.gz,2
who.gho.mdg-0000000007,MDG_0000000007:KOR:SEX_BTSX:AGEGROUP_YEARSUNDER5:WEALTHQUINTILE_TOTL,1954-01-01,2026-09-07T16:06:21Z,high,227.6010263,,who.gho.mdg-0000000007,raw/who.gho.mdg-0000000007/2026/09/20260907T160621Z-1819ad2538c7.json.gz,2
who.gho.mdg-0000000007,MDG_0000000007:KOR:SEX_BTSX:AGEGROUP_YEARSUNDER5:WEALTHQUINTILE_TOTL,1954-01-01,2026-09-07T16:06:21Z,low,170.027615209,,who.gho.mdg-0000000007,raw/who.gho.mdg-0000000007/2026/09/20260907T160621Z-1819ad2538c7.json.gz,2
who.gho.mdg-0000000007,MDG_0000000007:KOR:SEX_BTSX:AGEGROUP_YEARSUNDER5:WEALTHQUINTILE_TOTL,1954-01-01,2026-09-07T16:06:21Z,restated_at,2026-08-05,,who.gho.mdg-0000000007,raw/who.gho.mdg-0000000007/2026/09/20260907T160621Z-1819ad2538c7.json.gz,2
who.gho.mdg-0000000007,MDG_0000000007:KOR:SEX_BTSX:AGEGROUP_YEARSUNDER5:WEALTHQUINTILE_TOTL,1954-01-01,2026-09-07T16:06:21Z,value,196.566953442,,who.gho.mdg-0000000007,raw/who.gho.mdg-0000000007/2026/09/20260907T160621Z-1819ad2538c7.json.gz,2
who.gho.mdg-0000000007,MDG_0000000007:KOR:SEX_FMLE:AGEGROUP_YEARSUNDER5:WEALTHQUINTILE_TOTL,1954-01-01,2026-09-07T16:06:29Z,high,222.676828206,,who.gho.mdg-0000000007,raw/who.gho.mdg-0000000007/2026/09/20260907T160629Z-f6ed87825938.json.gz,2
who.gho.mdg-0000000007,MDG_0000000007:KOR:SEX_FMLE:AGEGROUP_YEARSUNDER5:WEALTHQUINTILE_TOTL,1954-01-01,2026-09-07T16:06:29Z,low,165.412913788,,who.gho.mdg-0000000007,raw/who.gho.mdg-0000000007/2026/09/20260907T160629Z-f6ed87825938.json.gz,2
who.gho.mdg-0000000007,MDG_0000000007:KOR:SEX_FMLE:AGEGROUP_YEARSUNDER5:WEALTHQUINTILE_TOTL,1954-01-01,2026-09-07T16:06:29Z,restated_at,2026-08-05,,who.gho.mdg-0000000007,raw/who.gho.mdg-0000000007/2026/09/20260907T160629Z-f6ed87825938.json.gz,2
who.gho.mdg-0000000007,MDG_0000000007:KOR:SEX_FMLE:AGEGROUP_YEARSUNDER5:WEALTHQUINTILE_TOTL,1954-01-01,2026-09-07T16:06:29Z,value,192.015358702,,who.gho.mdg-0000000007,raw/who.gho.mdg-0000000007/2026/09/20260907T160629Z-f6ed87825938.json.gz,2
who.gho.mdg-0000000007,MDG_0000000007:KOR:SEX_MLE:AGEGROUP_YEARSUNDER5:WEALTHQUINTILE_TOTL,1954-01-01,2026-09-07T16:09:30Z,high,233.268148102,,who.gho.mdg-0000000007,raw/who.gho.mdg-0000000007/2026/09/20260907T160930Z-3a49f2d0e7d2.json.gz,2
who.gho.mdg-0000000007,MDG_0000000007:KOR:SEX_MLE:AGEGROUP_YEARSUNDER5:WEALTHQUINTILE_TOTL,1954-01-01,2026-09-07T16:09:30Z,low,173.332143951,,who.gho.mdg-0000000007,raw/who.gho.mdg-0000000007/2026/09/20260907T160930Z-3a49f2d0e7d2.json.gz,2
who.gho.mdg-0000000007,MDG_0000000007:KOR:SEX_MLE:AGEGROUP_YEARSUNDER5:WEALTHQUINTILE_TOTL,1954-01-01,2026-09-07T16:09:30Z,restated_at,2026-08-05,,who.gho.mdg-0000000007,raw/who.gho.mdg-0000000007/2026/09/20260907T160930Z-3a49f2d0e7d2.json.gz,2
who.gho.mdg-0000000007,MDG_0000000007:KOR:SEX_MLE:AGEGROUP_YEARSUNDER5:WEALTHQUINTILE_TOTL,1954-01-01,2026-09-07T16:09:30Z,value,200.818995541,,who.gho.mdg-0000000007,raw/who.gho.mdg-0000000007/2026/09/20260907T160930Z-3a49f2d0e7d2.json.gz,2
who.gho.mdg-0000000007,MDG_0000000007:LBR:SEX_BTSX:AGEGROUP_YEARSUNDER5:WEALTHQUINTILE_TOTL,1954-01-01,2026-09-07T16:05:35Z,high,400.728878522,,who.gho.mdg-0000000007,raw/who.gho.mdg-0000000007/2026/09/20260907T160535Z-bcafb05f6fe8.json.gz,2
who.gho.mdg-0000000007,MDG_0000000007:LBR:SEX_BTSX:AGEGROUP_YEARSUNDER5:WEALTHQUINTILE_TOTL,1954-01-01,2026-09-07T16:05:35Z,low,229.149996714,,who.gho.mdg-0000000007,raw/who.gho.mdg-0000000007/2026/09/20260907T160535Z-bcafb05f6fe8.json.gz,2
who.gho.mdg-0000000007,MDG_0000000007:LBR:SEX_BTSX:AGEGROUP_YEARSUNDER5:WEALTHQUINTILE_TOTL,1954-01-01,2026-09-07T16:05:35Z,restated_at,2026-08-05,,who.gho.mdg-0000000007,raw/who.gho.mdg-0000000007/2026/09/20260907T160535Z-bcafb05f6fe8.json.gz,2
who.gho.mdg-0000000007,MDG_0000000007:LBR:SEX_BTSX:AGEGROUP_YEARSUNDER5:WEALTHQUINTILE_TOTL,1954-01-01,2026-09-07T16:05:35Z,value,302.455808331,,who.gho.mdg-0000000007,raw/who.gho.mdg-0000000007/2026/09/20260907T160535Z-bcafb05f6fe8.json.gz,2
who.gho.mdg-0000000007,MDG_0000000007:LBR:SEX_FMLE:AGEGROUP_YEARSUNDER5:WEALTHQUINTILE_TOTL,1954-01-01,2026-09-07T16:09:08Z,high,378.263818568,,who.gho.mdg-0000000007,raw/who.gho.mdg-0000000007/2026/09/20260907T160908Z-96acbc2bc7cb.json.gz,2
who.gho.mdg-0000000007,MDG_0000000007:LBR:SEX_FMLE:AGEGROUP_YEARSUNDER5:WEALTHQUINTILE_TOTL,1954-01-01,2026-09-07T16:09:08Z,low,216.454543975,,who.gho.mdg-0000000007,raw/who.gho.mdg-0000000007/2026/09/20260907T160908Z-96acbc2bc7cb.json.gz,2
who.gho.mdg-0000000007,MDG_0000000007:LBR:SEX_FMLE:AGEGROUP_YEARSUNDER5:WEALTHQUINTILE_TOTL,1954-01-01,2026-09-07T16:09:08Z,restated_at,2026-08-05,,who.gho.mdg-0000000007,raw/who.gho.mdg-0000000007/2026/09/20260907T160908Z-96acbc2bc7cb.json.gz,2
who.gho.mdg-0000000007,MDG_0000000007:LBR:SEX_FMLE:AGEGROUP_YEARSUNDER5:WEALTHQUINTILE_TOTL,1954-01-01,2026-09-07T16:09:08Z,value,285.283151465,,who.gho.mdg-0000000007,raw/who.gho.mdg-0000000007/2026/09/20260907T160908Z-96acbc2bc7cb.json.gz,2
who.gho.mdg-0000000007,MDG_0000000007:LBR:SEX_MLE:AGEGROUP_YEARSUNDER5:WEALTHQUINTILE_TOTL,1954-01-01,2026-09-07T16:11:22Z,high,421.199776586,,who.gho.mdg-0000000007,raw/who.gho.mdg-0000000007/2026/09/20260907T161122Z-4e9c288e3adb.json.gz,2
who.gho.mdg-0000000007,MDG_0000000007:LBR:SEX_MLE:AGEGROUP_YEARSUNDER5:WEALTHQUINTILE_TOTL,1954-01-01,2026-09-07T16:11:22Z,low,240.486811103,,who.gho.mdg-0000000007,raw/who.gho.mdg-0000000007/2026/09/20260907T161122Z-4e9c288e3adb.json.gz,2
who.gho.mdg-0000000007,MDG_0000000007:LBR:SEX_MLE:AGEGROUP_YEARSUNDER5:WEALTHQUINTILE_TOTL,1954-01-01,2026-09-07T16:11:22Z,restated_at,2026-08-05,,who.gho.mdg-0000000007,raw/who.gho.mdg-0000000007/2026/09/20260907T161122Z-4e9c288e3adb.json.gz,2
who.gho.mdg-0000000007,MDG_0000000007:LBR:SEX_MLE:AGEGROUP_YEARSUNDER5:WEALTHQUINTILE_TOTL,1954-01-01,2026-09-07T16:11:22Z,value,318.44688838,,who.gho.mdg-0000000007,raw/who.gho.mdg-0000000007/2026/09/20260907T161122Z-4e9c288e3adb.json.gz,2
who.gho.mdg-0000000007,MDG_0000000007:LCA:SEX_BTSX:AGEGROUP_YEARSUNDER5:WEALTHQUINTILE_TOTL,1954-01-01,2026-09-07T16:10:24Z,high,169.475297253,,who.gho.mdg-0000000007,raw/who.gho.mdg-0000000007/2026/09/20260907T161024Z-808a2a46070d.json.gz,2
who.gho.mdg-0000000007,MDG_0000000007:LCA:SEX_BTSX:AGEGROUP_YEARSUNDER5:WEALTHQUINTILE_TOTL,1954-01-01,2026-09-07T16:10:24Z,low,151.636994904,,who.gho.mdg-0000000007,raw/who.gho.mdg-0000000007/2026/09/20260907T161024Z-808a2a46070d.json.gz,2
who.gho.mdg-0000000007,MDG_0000000007:LCA:SEX_BTSX:AGEGROUP_YEARSUNDER5:WEALTHQUINTILE_TOTL,1954-01-01,2026-09-07T16:10:24Z,restated_at,2026-08-05,,who.gho.mdg-0000000007,raw/who.gho.mdg-0000000007/2026/09/20260907T161024Z-808a2a46070d.json.gz,2
who.gho.mdg-0000000007,MDG_0000000007:LCA:SEX_BTSX:AGEGROUP_YEARSUNDER5:WEALTHQUINTILE_TOTL,1954-01-01,2026-09-07T16:10:24Z,value,160.264018753,,who.gho.mdg-0000000007,raw/who.gho.mdg-0000000007/2026/09/20260907T161024Z-808a2a46070d.json.gz,2
who.gho.mdg-0000000007,MDG_0000000007:LCA:SEX_FMLE:AGEGROUP_YEARSUNDER5:WEALTHQUINTILE_TOTL,1954-01-01,2026-09-07T16:10:12Z,high,163.269492229,,who.gho.mdg-0000000007,raw/who.gho.mdg-0000000007/2026/09/20260907T161012Z-af10f639113a.json.gz,2
who.gho.mdg-0000000007,MDG_0000000007:LCA:SEX_FMLE:AGEGROUP_YEARSUNDER5:WEALTHQUINTILE_TOTL,1954-01-01,2026-09-07T16:10:12Z,low,144.59601932,,who.gho.mdg-0000000007,raw/who.gho.mdg-0000000007/2026/09/20260907T161012Z-af10f639113a.json.gz,2
who.gho.mdg-0000000007,MDG_0000000007:LCA:SEX_FMLE:AGEGROUP_YEARSUNDER5:WEALTHQUINTILE_TOTL,1954-01-01,2026-09-07T16:10:12Z,restated_at,2026-08-05,,who.gho.mdg-0000000007,raw/who.gho.mdg-0000000007/2026/09/20260907T161012Z-af10f639113a.json.gz,2
who.gho.mdg-0000000007,MDG_0000000007:LCA:SEX_FMLE:AGEGROUP_YEARSUNDER5:WEALTHQUINTILE_TOTL,1954-01-01,2026-09-07T16:10:12Z,value,153.41009165,,who.gho.mdg-0000000007,raw/who.gho.mdg-0000000007/2026/09/20260907T161012Z-af10f639113a.json.gz,2
who.gho.mdg-0000000007,MDG_0000000007:LCA:SEX_MLE:AGEGROUP_YEARSUNDER5:WEALTHQUINTILE_TOTL,1954-01-01,2026-09-07T16:09:13Z,high,176.724731122,,who.gho.mdg-0000000007,raw/who.gho.mdg-0000000007/2026/09/20260907T160913Z-86e8fac132bd.json.gz,2
who.gho.mdg-0000000007,MDG_0000000007:LCA:SEX_MLE:AGEGROUP_YEARSUNDER5:WEALTHQUINTILE_TOTL,1954-01-01,2026-09-07T16:09:13Z,low,157.088215501,,who.gho.mdg-0000000007,raw/who.gho.mdg-0000000007/2026/09/20260907T160913Z-86e8fac132bd.json.gz,2
who.gho.mdg-0000000007,MDG_0000000007:LCA:SEX_MLE:AGEGROUP_YEARSUNDER5:WEALTHQUINTILE_TOTL,1954-01-01,2026-09-07T16:09:13Z,restated_at,2026-08-05,,who.gho.mdg-0000000007,raw/who.gho.mdg-0000000007/2026/09/20260907T160913Z-86e8fac132bd.json.gz,2
who.gho.mdg-0000000007,MDG_0000000007:LCA:SEX_MLE:AGEGROUP_YEARSUNDER5:WEALTHQUINTILE_TOTL,1954-01-01,2026-09-07T16:09:13Z,value,166.711263452,,who.gho.mdg-0000000007,raw/who.gho.mdg-0000000007/2026/09/20260907T160913Z-86e8fac132bd.json.gz,2
who.gho.mdg-0000000007,MDG_0000000007:LKA:SEX_BTSX:AGEGROUP_YEARSUNDER5:WEALTHQUINTILE_TOTL,1954-01-01,2026-09-07T16:10:49Z,high,133.342824667,,who.gho.mdg-0000000007,raw/who.gho.mdg-0000000007/2026/09/20260907T161049Z-6866f52a9543.json.gz,2
who.gho.mdg-0000000007,MDG_0000000007:LKA:SEX_BTSX:AGEGROUP_YEARSUNDER5:WEALTHQUINTILE_TOTL,1954-01-01,2026-09-07T16:10:49Z,low,118.295541012,,who.gho.mdg-0000000007,raw/who.gho.mdg-0000000007/2026/09/20260907T161049Z-6866f52a9543.json.gz,2
who.gho.mdg-0000000007,MDG_0000000007:LKA:SEX_BTSX:AGEGROUP_YEARSUNDER5:WEALTHQUINTILE_TOTL,1954-01-01,2026-09-07T16:10:49Z,restated_at,2026-08-05,,who.gho.mdg-0000000007,raw/who.gho.mdg-0000000007/2026/09/20260907T161049Z-6866f52a9543.json.gz,2
who.gho.mdg-0000000007,MDG_0000000007:LKA:SEX_BTSX:AGEGROUP_YEARSUNDER5:WEALTHQUINTILE_TOTL,1954-01-01,2026-09-07T16:10:49Z,value,125.630627273,,who.gho.mdg-0000000007,raw/who.gho.mdg-0000000007/2026/09/20260907T161049Z-6866f52a9543.json.gz,2
who.gho.mdg-0000000007,MDG_0000000007:LKA:SEX_FMLE:AGEGROUP_YEARSUNDER5:WEALTHQUINTILE_TOTL,1954-01-01,2026-09-07T16:09:34Z,high,132.504238647,,who.gho.mdg-0000000007,raw/who.gho.mdg-0000000007/2026/09/20260907T160934Z-f7f0902b1194.json.gz,2
who.gho.mdg-0000000007,MDG_0000000007:LKA:SEX_FMLE:AGEGROUP_YEARSUNDER5:WEALTHQUINTILE_TOTL,1954-01-01,2026-09-07T16:09:34Z,low,117.156422673,,who.gho.mdg-0000000007,raw/who.gho.mdg-0000000007/2026/09/20260907T160934Z-f7f0902b1194.json.gz,2
who.gho.mdg-0000000007,MDG_0000000007:LKA:SEX_FMLE:AGEGROUP_YEARSUNDER5:WEALTHQUINTILE_TOTL,1954-01-01,2026-09-07T16:09:34Z,restated_at,2026-08-05,,who.gho.mdg-0000000007,raw/who.gho.mdg-0000000007/2026/09/20260907T160934Z-f7f0902b1194.json.gz,2
who.gho.mdg-0000000007,MDG_0000000007:LKA:SEX_FMLE:AGEGROUP_YEARSUNDER5:WEALTHQUINTILE_TOTL,1954-01-01,2026-09-07T16:09:34Z,value,124.651562005,,who.gho.mdg-0000000007,raw/who.gho.mdg-0000000007/2026/09/20260907T160934Z-f7f0902b1194.json.gz,2
who.gho.mdg-0000000007,MDG_0000000007:LKA:SEX_MLE:AGEGROUP_YEARSUNDER5:WEALTHQUINTILE_TOTL,1954-01-01,2026-09-07T16:05:18Z,high,134.55280341,,who.gho.mdg-0000000007,raw/who.gho.mdg-0000000007/2026/09/20260907T160518Z-f66c8acba372.json.gz,2
who.gho.mdg-0000000007,MDG_0000000007:LKA:SEX_MLE:AGEGROUP_YEARSUNDER5:WEALTHQUINTILE_TOTL,1954-01-01,2026-09-07T16:05:18Z,low,119.004441825,,who.gho.mdg-0000000007,raw/who.gho.mdg-0000000007/2026/09/20260907T160518Z-f66c8acba372.json.gz,2
who.gho.mdg-0000000007,MDG_0000000007:LKA:SEX_MLE:AGEGROUP_YEARSUNDER5:WEALTHQUINTILE_TOTL,1954-01-01,2026-09-07T16:05:18Z,restated_at,2026-08-05,,who.gho.mdg-0000000007,raw/who.gho.mdg-0000000007/2026/09/20260907T160518Z-f66c8acba372.json.gz,2
who.gho.mdg-0000000007,MDG_0000000007:LKA:SEX_MLE:AGEGROUP_YEARSUNDER5:WEALTHQUINTILE_TOTL,1954-01-01,2026-09-07T16:05:18Z,value,126.501274414,,who.gho.mdg-0000000007,raw/who.gho.mdg-0000000007/2026/09/20260907T160518Z-f66c8acba372.json.gz,2
who.gho.mdg-0000000007,MDG_0000000007:LSO:SEX_BTSX:AGEGROUP_YEARSUNDER5:WEALTHQUINTILE_TOTL,1954-01-01,2026-09-07T16:06:07Z,high,250.139907589,,who.gho.mdg-0000000007,raw/who.gho.mdg-0000000007/2026/09/20260907T160607Z-9445f1b065fa.json.gz,2
who.gho.mdg-0000000007,MDG_0000000007:LSO:SEX_BTSX:AGEGROUP_YEARSUNDER5:WEALTHQUINTILE_TOTL,1954-01-01,2026-09-07T16:06:07Z,low,189.325497981,,who.gho.mdg-0000000007,raw/who.gho.mdg-0000000007/2026/09/20260907T160607Z-9445f1b065fa.json.gz,2
who.gho.mdg-0000000007,MDG_0000000007:LSO:SEX_BTSX:AGEGROUP_YEARSUNDER5:WEALTHQUINTILE_TOTL,1954-01-01,2026-09-07T16:06:07Z,restated_at,2026-08-05,,who.gho.mdg-0000000007,raw/who.gho.mdg-0000000007/2026/09/20260907T160607Z-9445f1b065fa.json.gz,2
who.gho.mdg-0000000007,MDG_0000000007:LSO:SEX_BTSX:AGEGROUP_YEARSUNDER5:WEALTHQUINTILE_TOTL,1954-01-01,2026-09-07T16:06:07Z,value,216.241084176,,who.gho.mdg-0000000007,raw/who.gho.mdg-0000000007/2026/09/20260907T160607Z-9445f1b065fa.json.gz,2
who.gho.mdg-0000000007,MDG_0000000007:LSO:SEX_FMLE:AGEGROUP_YEARSUNDER5:WEALTHQUINTILE_TOTL,1954-01-01,2026-09-07T16:09:08Z,high,238.895621801,,who.gho.mdg-0000000007,raw/who.gho.mdg-0000000007/2026/09/20260907T160908Z-96acbc2bc7cb.json.gz,2
who.gho.mdg-0000000007,MDG_0000000007:LSO:SEX_FMLE:AGEGROUP_YEARSUNDER5:WEALTHQUINTILE_TOTL,1954-01-01,2026-09-07T16:09:08Z,low,178.973000879,,who.gho.mdg-0000000007,raw/who.gho.mdg-0000000007/2026/09/20260907T160908Z-96acbc2bc7cb.json.gz,2
who.gho.mdg-0000000007,MDG_0000000007:LSO:SEX_FMLE:AGEGROUP_YEARSUNDER5:WEALTHQUINTILE_TOTL,1954-01-01,2026-09-07T16:09:08Z,restated_at,2026-08-05,,who.gho.mdg-0000000007,raw/who.gho.mdg-0000000007/2026/09/20260907T160908Z-96acbc2bc7cb.json.gz,2
who.gho.mdg-0000000007,MDG_0000000007:LSO:SEX_FMLE:AGEGROUP_YEARSUNDER5:WEALTHQUINTILE_TOTL,1954-01-01,2026-09-07T16:09:08Z,value,205.846724062,,who.gho.mdg-0000000007,raw/who.gho.mdg-0000000007/2026/09/20260907T160908Z-96acbc2bc7cb.json.gz,2
who.gho.mdg-0000000007,MDG_0000000007:LSO:SEX_MLE:AGEGROUP_YEARSUNDER5:WEALTHQUINTILE_TOTL,1954-01-01,2026-09-07T16:10:41Z,high,263.551040258,,who.gho.mdg-0000000007,raw/who.gho.mdg-0000000007/2026/09/20260907T161041Z-4752b74784e1.json.gz,2
who.gho.mdg-0000000007,MDG_0000000007:LSO:SEX_MLE:AGEGROUP_YEARSUNDER5:WEALTHQUINTILE_TOTL,1954-01-01,2026-09-07T16:10:41Z,low,197.460316149,,who.gho.mdg-0000000007,raw/who.gho.mdg-0000000007/2026/09/20260907T161041Z-4752b74784e1.json.gz,2
who.gho.mdg-0000000007,MDG_0000000007:LSO:SEX_MLE:AGEGROUP_YEARSUNDER5:WEALTHQUINTILE_TOTL,1954-01-01,2026-09-07T16:10:41Z,restated_at,2026-08-05,,who.gho.mdg-0000000007,raw/who.gho.mdg-0000000007/2026/09/20260907T161041Z-4752b74784e1.json.gz,2
who.gho.mdg-0000000007,MDG_0000000007:LSO:SEX_MLE:AGEGROUP_YEARSUNDER5:WEALTHQUINTILE_TOTL,1954-01-01,2026-09-07T16:10:41Z,value,225.99659092,,who.gho.mdg-0000000007,raw/who.gho.mdg-0000000007/2026/09/20260907T161041Z-4752b74784e1.json.gz,2
who.gho.mdg-0000000007,MDG_0000000007:LUX:SEX_BTSX:AGEGROUP_YEARSUNDER5:WEALTHQUINTILE_TOTL,1954-01-01,2026-09-07T16:11:10Z,high,51.184533452,,who.gho.mdg-0000000007,raw/who.gho.mdg-0000000007/2026/09/20260907T161110Z-9f3e1e4fe296.json.gz,2
who.gho.mdg-0000000007,MDG_0000000007:LUX:SEX_BTSX:AGEGROUP_YEARSUNDER5:WEALTHQUINTILE_TOTL,1954-01-01,2026-09-07T16:11:10Z,low,45.40709502,,who.gho.mdg-0000000007,raw/who.gho.mdg-0000000007/2026/09/20260907T161110Z-9f3e1e4fe296.json.gz,2
who.gho.mdg-0000000007,MDG_0000000007:LUX:SEX_BTSX:AGEGROUP_YEARSUNDER5:WEALTHQUINTILE_TOTL,1954-01-01,2026-09-07T16:11:10Z,restated_at,2026-08-05,,who.gho.mdg-0000000007,raw/who.gho.mdg-0000000007/2026/09/20260907T161110Z-9f3e1e4fe296.json.gz,2
who.gho.mdg-0000000007,MDG_0000000007:LUX:SEX_BTSX:AGEGROUP_YEARSUNDER5:WEALTHQUINTILE_TOTL,1954-01-01,2026-09-07T16:11:10Z,value,48.211442093,,who.gho.mdg-0000000007,raw/who.gho.mdg-0000000007/2026/09/20260907T161110Z-9f3e1e4fe296.json.gz,2
who.gho.mdg-0000000007,MDG_0000000007:LUX:SEX_FMLE:AGEGROUP_YEARSUNDER5:WEALTHQUINTILE_TOTL,1954-01-01,2026-09-07T16:09:51Z,high,44.977070712,,who.gho.mdg-0000000007,raw/who.gho.mdg-0000000007/2026/09/20260907T160951Z-f1aadb832125.json.gz,2
who.gho.mdg-0000000007,MDG_0000000007:LUX:SEX_FMLE:AGEGROUP_YEARSUNDER5:WEALTHQUINTILE_TOTL,1954-01-01,2026-09-07T16:09:51Z,low,39.265643899,,who.gho.mdg-0000000007,raw/who.gho.mdg-0000000007/2026/09/20260907T160951Z-f1aadb832125.json.gz,2
who.gho.mdg-0000000007,MDG_0000000007:LUX:SEX_FMLE:AGEGROUP_YEARSUNDER5:WEALTHQUINTILE_TOTL,1954-01-01,2026-09-07T16:09:51Z,restated_at,2026-08-05,,who.gho.mdg-0000000007,raw/who.gho.mdg-0000000007/2026/09/20260907T160951Z-f1aadb832125.json.gz,2
who.gho.mdg-0000000007,MDG_0000000007:LUX:SEX_FMLE:AGEGROUP_YEARSUNDER5:WEALTHQUINTILE_TOTL,1954-01-01,2026-09-07T16:09:51Z,value,42.048269866,,who.gho.mdg-0000000007,raw/who.gho.mdg-0000000007/2026/09/20260907T160951Z-f1aadb832125.json.gz,2
who.gho.mdg-0000000007,MDG_0000000007:LUX:SEX_MLE:AGEGROUP_YEARSUNDER5:WEALTHQUINTILE_TOTL,1954-01-01,2026-09-07T16:05:06Z,high,57.637209035,,who.gho.mdg-0000000007,raw/who.gho.mdg-0000000007/2026/09/20260907T160506Z-a219a21e2a4a.json.gz,2
who.gho.mdg-0000000007,MDG_0000000007:LUX:SEX_MLE:AGEGROUP_YEARSUNDER5:WEALTHQUINTILE_TOTL,1954-01-01,2026-09-07T16:05:06Z,low,50.713269803,,who.gho.mdg-0000000007,raw/who.gho.mdg-0000000007/2026/09/20260907T160506Z-a219a21e2a4a.json.gz,2
who.gho.mdg-0000000007,MDG_0000000007:LUX:SEX_MLE:AGEGROUP_YEARSUNDER5:WEALTHQUINTILE_TOTL,1954-01-01,2026-09-07T16:05:06Z,restated_at,2026-08-05,,who.gho.mdg-0000000007,raw/who.gho.mdg-0000000007/2026/09/20260907T160506Z-a219a21e2a4a.json.gz,2
who.gho.mdg-0000000007,MDG_0000000007:LUX:SEX_MLE:AGEGROUP_YEARSUNDER5:WEALTHQUINTILE_TOTL,1954-01-01,2026-09-07T16:05:06Z,value,54.046821701,,who.gho.mdg-0000000007,raw/who.gho.mdg-0000000007/2026/09/20260907T160506Z-a219a21e2a4a.json.gz,2
who.gho.mdg-0000000007,MDG_0000000007:MEX:SEX_BTSX:AGEGROUP_YEARSUNDER5:WEALTHQUINTILE_TOTL,1954-01-01,2026-09-07T16:09:51Z,high,243.614484057,,who.gho.mdg-0000000007,raw/who.gho.mdg-0000000007/2026/09/20260907T160951Z-f1aadb832125.json.gz,2
who.gho.mdg-0000000007,MDG_0000000007:MEX:SEX_BTSX:AGEGROUP_YEARSUNDER5:WEALTHQUINTILE_TOTL,1954-01-01,2026-09-07T16:09:51Z,low,177.459370048,,who.gho.mdg-0000000007,raw/who.gho.mdg-0000000007/2026/09/20260907T160951Z-f1aadb832125.json.gz,2
who.gho.mdg-0000000007,MDG_0000000007:MEX:SEX_BTSX:AGEGROUP_YEARSUNDER5:WEALTHQUINTILE_TOTL,1954-01-01,2026-09-07T16:09:51Z,restated_at,2026-08-05,,who.gho.mdg-0000000007,raw/who.gho.mdg-0000000007/2026/09/20260907T160951Z-f1aadb832125.json.gz,2
who.gho.mdg-0000000007,MDG_0000000007:MEX:SEX_BTSX:AGEGROUP_YEARSUNDER5:WEALTHQUINTILE_TOTL,1954-01-01,2026-09-07T16:09:51Z,value,207.608861265,,who.gho.mdg-0000000007,raw/who.gho.mdg-0000000007/2026/09/20260907T160951Z-f1aadb832125.json.gz,2
who.gho.mdg-0000000007,MDG_0000000007:MEX:SEX_FMLE:AGEGROUP_YEARSUNDER5:WEALTHQUINTILE_TOTL,1954-01-01,2026-09-07T16:11:10Z,high,235.751279068,,who.gho.mdg-0000000007,raw/who.gho.mdg-0000000007/2026/09/20260907T161110Z-9f3e1e4fe296.json.gz,2
who.gho.mdg-0000000007,MDG_0000000007:MEX:SEX_FMLE:AGEGROUP_YEARSUNDER5:WEALTHQUINTILE_TOTL,1954-01-01,2026-09-07T16:11:10Z,low,170.713585026,,who.gho.mdg-0000000007,raw/who.gho.mdg-0000000007/2026/09/20260907T161110Z-9f3e1e4fe296.json.gz,2
who.gho.mdg-0000000007,MDG_0000000007:MEX:SEX_FMLE:AGEGROUP_YEARSUNDER5:WEALTHQUINTILE_TOTL,1954-01-01,2026-09-07T16:11:10Z,restated_at,2026-08-05,,who.gho.mdg-0000000007,raw/who.gho.mdg-0000000007/2026/09/20260907T161110Z-9f3e1e4fe296.json.gz,2
who.gho.mdg-0000000007,MDG_0000000007:MEX:SEX_FMLE:AGEGROUP_YEARSUNDER5:WEALTHQUINTILE_TOTL,1954-01-01,2026-09-07T16:11:10Z,value,200.385097739,,who.gho.mdg-0000000007,raw/who.gho.mdg-0000000007/2026/09/20260907T161110Z-9f3e1e4fe296.json.gz,2
who.gho.mdg-0000000007,MDG_0000000007:MEX:SEX_MLE:AGEGROUP_YEARSUNDER5:WEALTHQUINTILE_TOTL,1954-01-01,2026-09-07T16:04:52Z,high,252.789539404,,who.gho.mdg-0000000007,raw/who.gho.mdg-0000000007/2026/09/20260907T160452Z-cad637d9cec2.json.gz,2
who.gho.mdg-0000000007,MDG_0000000007:MEX:SEX_MLE:AGEGROUP_YEARSUNDER5:WEALTHQUINTILE_TOTL,1954-01-01,2026-09-07T16:04:52Z,low,182.495836583,,who.gho.mdg-0000000007,raw/who.gho.mdg-0000000007/2026/09/20260907T160452Z-cad637d9cec2.json.gz,2
who.gho.mdg-0000000007,MDG_0000000007:MEX:SEX_MLE:AGEGROUP_YEARSUNDER5:WEALTHQUINTILE_TOTL,1954-01-01,2026-09-07T16:04:52Z,restated_at,2026-08-05,,who.gho.mdg-0000000007,raw/who.gho.mdg-0000000007/2026/09/20260907T160452Z-cad637d9cec2.json.gz,2
who.gho.mdg-0000000007,MDG_0000000007:MEX:SEX_MLE:AGEGROUP_YEARSUNDER5:WEALTHQUINTILE_TOTL,1954-01-01,2026-09-07T16:04:52Z,value,214.303306943,,who.gho.mdg-0000000007,raw/who.gho.mdg-0000000007/2026/09/20260907T160452Z-cad637d9cec2.json.gz,2
who.gho.mdg-0000000007,MDG_0000000007:MLT:SEX_BTSX:AGEGROUP_YEARSUNDER5:WEALTHQUINTILE_TOTL,1954-01-01,2026-09-07T16:06:21Z,high,68.001536156,,who.gho.mdg-0000000007,raw/who.gho.mdg-0000000007/2026/09/20260907T160621Z-1819ad2538c7.json.gz,2
who.gho.mdg-0000000007,MDG_0000000007:MLT:SEX_BTSX:AGEGROUP_YEARSUNDER5:WEALTHQUINTILE_TOTL,1954-01-01,2026-09-07T16:06:21Z,low,61.553164772,,who.gho.mdg-0000000007,raw/who.gho.mdg-0000000007/2026/09/20260907T160621Z-1819ad2538c7.json.gz,2
who.gho.mdg-0000000007,MDG_0000000007:MLT:SEX_BTSX:AGEGROUP_YEARSUNDER5:WEALTHQUINTILE_TOTL,1954-01-01,2026-09-07T16:06:21Z,restated_at,2026-08-05,,who.gho.mdg-0000000007,raw/who.gho.mdg-0000000007/2026/09/20260907T160621Z-1819ad2538c7.json.gz,2
who.gho.mdg-0000000007,MDG_0000000007:MLT:SEX_BTSX:AGEGROUP_YEARSUNDER5:WEALTHQUINTILE_TOTL,1954-01-01,2026-09-07T16:06:21Z,value,64.711559033,,who.gho.mdg-0000000007,raw/who.gho.mdg-0000000007/2026/09/20260907T160621Z-1819ad2538c7.json.gz,2
who.gho.mdg-0000000007,MDG_0000000007:MLT:SEX_FMLE:AGEGROUP_YEARSUNDER5:WEALTHQUINTILE_TOTL,1954-01-01,2026-09-07T16:09:13Z,high,62.792574208,,who.gho.mdg-0000000007,raw/who.gho.mdg-0000000007/2026/09/20260907T160913Z-86e8fac132bd.json.gz,2
who.gho.mdg-0000000007,MDG_0000000007:MLT:SEX_FMLE:AGEGROUP_YEARSUNDER5:WEALTHQUINTILE_TOTL,1954-01-01,2026-09-07T16:09:13Z,low,55.906668765,,who.gho.mdg-0000000007,raw/who.gho.mdg-0000000007/2026/09/20260907T160913Z-86e8fac132bd.json.gz,2
who.gho.mdg-0000000007,MDG_0000000007:MLT:SEX_FMLE:AGEGROUP_YEARSUNDER5:WEALTHQUINTILE_TOTL,1954-01-01,2026-09-07T16:09:13Z,restated_at,2026-08-05,,who.gho.mdg-0000000007,raw/who.gho.mdg-0000000007/2026/09/20260907T160913Z-86e8fac132bd.json.gz,2
who.gho.mdg-0000000007,MDG_0000000007:MLT:SEX_FMLE:AGEGROUP_YEARSUNDER5:WEALTHQUINTILE_TOTL,1954-01-01,2026-09-07T16:09:13Z,value,59.239568176,,who.gho.mdg-0000000007,raw/who.gho.mdg-0000000007/2026/09/20260907T160913Z-86e8fac132bd.json.gz,2
who.gho.mdg-0000000007,MDG_0000000007:MLT:SEX_MLE:AGEGROUP_YEARSUNDER5:WEALTHQUINTILE_TOTL,1954-01-01,2026-09-07T16:10:17Z,high,73.892012668,,who.gho.mdg-0000000007,raw/who.gho.mdg-0000000007/2026/09/20260907T161017Z-ca4dbf4e12d6.json.gz,2
who.gho.mdg-0000000007,MDG_0000000007:MLT:SEX_MLE:AGEGROUP_YEARSUNDER5:WEALTHQUINTILE_TOTL,1954-01-01,2026-09-07T16:10:17Z,low,66.190547711,,who.gho.mdg-0000000007,raw/who.gho.mdg-0000000007/2026/09/20260907T161017Z-ca4dbf4e12d6.json.gz,2
who.gho.mdg-0000000007,MDG_0000000007:MLT:SEX_MLE:AGEGROUP_YEARSUNDER5:WEALTHQUINTILE_TOTL,1954-01-01,2026-09-07T16:10:17Z,restated_at,2026-08-05,,who.gho.mdg-0000000007,raw/who.gho.mdg-0000000007/2026/09/20260907T161017Z-ca4dbf4e12d6.json.gz,2
who.gho.mdg-0000000007,MDG_0000000007:MLT:SEX_MLE:AGEGROUP_YEARSUNDER5:WEALTHQUINTILE_TOTL,1954-01-01,2026-09-07T16:10:17Z,value,69.90204711,,who.gho.mdg-0000000007,raw/who.gho.mdg-0000000007/2026/09/20260907T161017Z-ca4dbf4e12d6.json.gz,2
who.gho.mdg-0000000007,MDG_0000000007:MRT:SEX_BTSX:AGEGROUP_YEARSUNDER5:WEALTHQUINTILE_TOTL,1954-01-01,2026-09-07T16:09:03Z,high,343.942121619,,who.gho.mdg-0000000007,raw/who.gho.mdg-0000000007/2026/09/20260907T160903Z-df09845b881e.json.gz,2
who.gho.mdg-0000000007,MDG_0000000007:MRT:SEX_BTSX:AGEGROUP_YEARSUNDER5:WEALTHQUINTILE_TOTL,1954-01-01,2026-09-07T16:09:03Z,low,250.766017066,,who.gho.mdg-0000000007,raw/who.gho.mdg-0000000007/2026/09/20260907T160903Z-df09845b881e.json.gz,2
who.gho.mdg-0000000007,MDG_0000000007:MRT:SEX_BTSX:AGEGROUP_YEARSUNDER5:WEALTHQUINTILE_TOTL,1954-01-01,2026-09-07T16:09:03Z,restated_at,2026-08-05,,who.gho.mdg-0000000007,raw/who.gho.mdg-0000000007/2026/09/20260907T160903Z-df09845b881e.json.gz,2
who.gho.mdg-0000000007,MDG_0000000007:MRT:SEX_BTSX:AGEGROUP_YEARSUNDER5:WEALTHQUINTILE_TOTL,1954-01-01,2026-09-07T16:09:03Z,value,292.703404611,,who.gho.mdg-0000000007,raw/who.gho.mdg-0000000007/2026/09/20260907T160903Z-df09845b881e.json.gz,2
who.gho.mdg-0000000007,MDG_0000000007:MRT:SEX_FMLE:AGEGROUP_YEARSUNDER5:WEALTHQUINTILE_TOTL,1954-01-01,2026-09-07T16:09:13Z,high,330.494795083,,who.gho.mdg-0000000007,raw/who.gho.mdg-0000000007/2026/09/20260907T160913Z-86e8fac132bd.json.gz,2
who.gho.mdg-0000000007,MDG_0000000007:MRT:SEX_FMLE:AGEGROUP_YEARSUNDER5:WEALTHQUINTILE_TOTL,1954-01-01,2026-09-07T16:09:13Z,low,239.605304461,,who.gho.mdg-0000000007,raw/who.gho.mdg-0000000007/2026/09/20260907T160913Z-86e8fac132bd.json.gz,2
who.gho.mdg-0000000007,MDG_0000000007:MRT:SEX_FMLE:AGEGROUP_YEARSUNDER5:WEALTHQUINTILE_TOTL,1954-01-01,2026-09-07T16:09:13Z,restated_at,2026-08-05,,who.gho.mdg-0000000007,raw/who.gho.mdg-0000000007/2026/09/20260907T160913Z-86e8fac132bd.json.gz,2
who.gho.mdg-0000000007,MDG_0000000007:MRT:SEX_FMLE:AGEGROUP_YEARSUNDER5:WEALTHQUINTILE_TOTL,1954-01-01,2026-09-07T16:09:13Z,value,280.608424275,,who.gho.mdg-0000000007,raw/who.gho.mdg-0000000007/2026/09/20260907T160913Z-86e8fac132bd.json.gz,2
who.gho.mdg-0000000007,MDG_0000000007:MRT:SEX_MLE:AGEGROUP_YEARSUNDER5:WEALTHQUINTILE_TOTL,1954-01-01,2026-09-07T16:05:57Z,high,358.039959476,,who.gho.mdg-0000000007,raw/who.gho.mdg-0000000007/2026/09/20260907T160557Z-c8e786907d46.json.gz,2
who.gho.mdg-0000000007,MDG_0000000007:MRT:SEX_MLE:AGEGROUP_YEARSUNDER5:WEALTHQUINTILE_TOTL,1954-01-01,2026-09-07T16:05:57Z,low,259.335966405,,who.gho.mdg-0000000007,raw/who.gho.mdg-0000000007/2026/09/20260907T160557Z-c8e786907d46.json.gz,2
who.gho.mdg-0000000007,MDG_0000000007:MRT:SEX_MLE:AGEGROUP_YEARSUNDER5:WEALTHQUINTILE_TOTL,1954-01-01,2026-09-07T16:05:57Z,restated_at,2026-08-05,,who.gho.mdg-0000000007,raw/who.gho.mdg-0000000007/2026/09/20260907T160557Z-c8e786907d46.json.gz,2
who.gho.mdg-0000000007,MDG_0000000007:MRT:SEX_MLE:AGEGROUP_YEARSUNDER5:WEALTHQUINTILE_TOTL,1954-01-01,2026-09-07T16:05:57Z,value,303.823526479,,who.gho.mdg-0000000007,raw/who.gho.mdg-0000000007/2026/09/20260907T160557Z-c8e786907d46.json.gz,2
who.gho.mdg-0000000007,MDG_0000000007:MYS:SEX_BTSX:AGEGROUP_YEARSUNDER5:WEALTHQUINTILE_TOTL,1954-01-01,2026-09-07T16:09:59Z,high,155.758676838,,who.gho.mdg-0000000007,raw/who.gho.mdg-0000000007/2026/09/20260907T160959Z-e41937f31aea.json.gz,2
who.gho.mdg-0000000007,MDG_0000000007:MYS:SEX_BTSX:AGEGROUP_YEARSUNDER5:WEALTHQUINTILE_TOTL,1954-01-01,2026-09-07T16:09:59Z,low,119.535330042,,who.gho.mdg-0000000007,raw/who.gho.mdg-0000000007/2026/09/20260907T160959Z-e41937f31aea.json.gz,2
who.gho.mdg-0000000007,MDG_0000000007:MYS:SEX_BTSX:AGEGROUP_YEARSUNDER5:WEALTHQUINTILE_TOTL,1954-01-01,2026-09-07T16:09:59Z,restated_at,2026-08-05,,who.gho.mdg-0000000007,raw/who.gho.mdg-0000000007/2026/09/20260907T160959Z-e41937f31aea.json.gz,2
who.gho.mdg-0000000007,MDG_0000000007:MYS:SEX_BTSX:AGEGROUP_YEARSUNDER5:WEALTHQUINTILE_TOTL,1954-01-01,2026-09-07T16:09:59Z,value,136.489241002,,who.gho.mdg-0000000007,raw/who.gho.mdg-0000000007/2026/09/20260907T160959Z-e41937f31aea.json.gz,2
who.gho.mdg-0000000007,MDG_0000000007:MYS:SEX_FMLE:AGEGROUP_YEARSUNDER5:WEALTHQUINTILE_TOTL,1954-01-01,2026-09-07T16:05:06Z,high,148.817684808,,who.gho.mdg-0000000007,raw/who.gho.mdg-0000000007/2026/09/20260907T160506Z-a219a21e2a4a.json.gz,2
who.gho.mdg-0000000007,MDG_0000000007:MYS:SEX_FMLE:AGEGROUP_YEARSUNDER5:WEALTHQUINTILE_TOTL,1954-01-01,2026-09-07T16:05:06Z,low,112.479239688,,who.gho.mdg-0000000007,raw/who.gho.mdg-0000000007/2026/09/20260907T160506Z-a219a21e2a4a.json.gz,2
who.gho.mdg-0000000007,MDG_0000000007:MYS:SEX_FMLE:AGEGROUP_YEARSUNDER5:WEALTHQUINTILE_TOTL,1954-01-01,2026-09-07T16:05:06Z,restated_at,2026-08-05,,who.gho.mdg-0000000007,raw/who.gho.mdg-0000000007/2026/09/20260907T160506Z-a219a21e2a4a.json.gz,2
who.gho.mdg-0000000007,MDG_0000000007:MYS:SEX_FMLE:AGEGROUP_YEARSUNDER5:WEALTHQUINTILE_TOTL,1954-01-01,2026-09-07T16:05:06Z,value,129.791079085,,who.gho.mdg-0000000007,raw/who.gho.mdg-0000000007/2026/09/20260907T160506Z-a219a21e2a4a.json.gz,2
who.gho.mdg-0000000007,MDG_0000000007:MYS:SEX_MLE:AGEGROUP_YEARSUNDER5:WEALTHQUINTILE_TOTL,1954-01-01,2026-09-07T16:09:26Z,high,164.202302118,,who.gho.mdg-0000000007,raw/who.gho.mdg-0000000007/2026/09/20260907T160926Z-3ee37906b339.json.gz,2
who.gho.mdg-0000000007,MDG_0000000007:MYS:SEX_MLE:AGEGROUP_YEARSUNDER5:WEALTHQUINTILE_TOTL,1954-01-01,2026-09-07T16:09:26Z,low,124.76868917,,who.gho.mdg-0000000007,raw/who.gho.mdg-0000000007/2026/09/20260907T160926Z-3ee37906b339.json.gz,2
who.gho.mdg-0000000007,MDG_0000000007:MYS:SEX_MLE:AGEGROUP_YEARSUNDER5:WEALTHQUINTILE_TOTL,1954-01-01,2026-09-07T16:09:26Z,restated_at,2026-08-05,,who.gho.mdg-0000000007,raw/who.gho.mdg-0000000007/2026/09/20260907T160926Z-3ee37906b339.json.gz,2
who.gho.mdg-0000000007,MDG_0000000007:MYS:SEX_MLE:AGEGROUP_YEARSUNDER5:WEALTHQUINTILE_TOTL,1954-01-01,2026-09-07T16:09:26Z,value,142.906978913,,who.gho.mdg-0000000007,raw/who.gho.mdg-0000000007/2026/09/20260907T160926Z-3ee37906b339.json.gz,2
who.gho.mdg-0000000007,MDG_0000000007:NIU:SEX_BTSX:AGEGROUP_YEARSUNDER5:WEALTHQUINTILE_TOTL,1954-01-01,2026-09-07T16:09:30Z,high,143.937184742,,who.gho.mdg-0000000007,raw/who.gho.mdg-0000000007/2026/09/20260907T160930Z-3a49f2d0e7d2.json.gz,2
who.gho.mdg-0000000007,MDG_0000000007:NIU:SEX_BTSX:AGEGROUP_YEARSUNDER5:WEALTHQUINTILE_TOTL,1954-01-01,2026-09-07T16:09:30Z,low,101.114245526,,who.gho.mdg-0000000007,raw/who.gho.mdg-0000000007/2026/09/20260907T160930Z-3a49f2d0e7d2.json.gz,2
who.gho.mdg-0000000007,MDG_0000000007:NIU:SEX_BTSX:AGEGROUP_YEARSUNDER5:WEALTHQUINTILE_TOTL,1954-01-01,2026-09-07T16:09:30Z,restated_at,2026-08-05,,who.gho.mdg-0000000007,raw/who.gho.mdg-0000000007/2026/09/20260907T160930Z-3a49f2d0e7d2.json.gz,2
who.gho.mdg-0000000007,MDG_0000000007:NIU:SEX_BTSX:AGEGROUP_YEARSUNDER5:WEALTHQUINTILE_TOTL,1954-01-01,2026-09-07T16:09:30Z,value,120.73300457,,who.gho.mdg-0000000007,raw/who.gho.mdg-0000000007/2026/09/20260907T160930Z-3a49f2d0e7d2.json.gz,2
who.gho.mdg-0000000007,MDG_0000000007:NIU:SEX_FMLE:AGEGROUP_YEARSUNDER5:WEALTHQUINTILE_TOTL,1954-01-01,2026-09-07T16:06:21Z,high,136.161212149,,who.gho.mdg-0000000007,raw/who.gho.mdg-0000000007/2026/09/20260907T160621Z-1819ad2538c7.json.gz,2
who.gho.mdg-0000000007,MDG_0000000007:NIU:SEX_FMLE:AGEGROUP_YEARSUNDER5:WEALTHQUINTILE_TOTL,1954-01-01,2026-09-07T16:06:21Z,low,93.91600576,,who.gho.mdg-0000000007,raw/who.gho.mdg-0000000007/2026/09/20260907T160621Z-1819ad2538c7.json.gz,2
who.gho.mdg-0000000007,MDG_0000000007:NIU:SEX_FMLE:AGEGROUP_YEARSUNDER5:WEALTHQUINTILE_TOTL,1954-01-01,2026-09-07T16:06:21Z,restated_at,2026-08-05,,who.gho.mdg-0000000007,raw/who.gho.mdg-0000000007/2026/09/20260907T160621Z-1819ad2538c7.json.gz,2
who.gho.mdg-0000000007,MDG_0000000007:NIU:SEX_FMLE:AGEGROUP_YEARSUNDER5:WEALTHQUINTILE_TOTL,1954-01-01,2026-09-07T16:06:21Z,value,113.160661875,,who.gho.mdg-0000000007,raw/who.gho.mdg-0000000007/2026/09/20260907T160621Z-1819ad2538c7.json.gz,2
who.gho.mdg-0000000007,MDG_0000000007:NIU:SEX_MLE:AGEGROUP_YEARSUNDER5:WEALTHQUINTILE_TOTL,1954-01-01,2026-09-07T16:05:18Z,high,153.042357636,,who.gho.mdg-0000000007,raw/who.gho.mdg-0000000007/2026/09/20260907T160518Z-f66c8acba372.json.gz,2
who.gho.mdg-0000000007,MDG_0000000007:NIU:SEX_MLE:AGEGROUP_YEARSUNDER5:WEALTHQUINTILE_TOTL,1954-01-01,2026-09-07T16:05:18Z,low,106.270589509,,who.gho.mdg-0000000007,raw/who.gho.mdg-0000000007/2026/09/20260907T160518Z-f66c8acba372.json.gz,2
who.gho.mdg-0000000007,MDG_0000000007:NIU:SEX_MLE:AGEGROUP_YEARSUNDER5:WEALTHQUINTILE_TOTL,1954-01-01,2026-09-07T16:05:18Z,restated_at,2026-08-05,,who.gho.mdg-0000000007,raw/who.gho.mdg-0000000007/2026/09/20260907T160518Z-f66c8acba372.json.gz,2
who.gho.mdg-0000000007,MDG_0000000007:NIU:SEX_MLE:AGEGROUP_YEARSUNDER5:WEALTHQUINTILE_TOTL,1954-01-01,2026-09-07T16:05:18Z,value,127.709318014,,who.gho.mdg-0000000007,raw/who.gho.mdg-0000000007/2026/09/20260907T160518Z-f66c8acba372.json.gz,2
who.gho.mdg-0000000007,MDG_0000000007:NLD:SEX_BTSX:AGEGROUP_YEARSUNDER5:WEALTHQUINTILE_TOTL,1954-01-01,2026-09-07T16:11:14Z,high,26.806526213,,who.gho.mdg-0000000007,raw/who.gho.mdg-0000000007/2026/09/20260907T161114Z-c1ae2408f442.json.gz,2
who.gho.mdg-0000000007,MDG_0000000007:NLD:SEX_BTSX:AGEGROUP_YEARSUNDER5:WEALTHQUINTILE_TOTL,1954-01-01,2026-09-07T16:11:14Z,low,25.882597024,,who.gho.mdg-0000000007,raw/who.gho.mdg-0000000007/2026/09/20260907T161114Z-c1ae2408f442.json.gz,2
who.gho.mdg-0000000007,MDG_0000000007:NLD:SEX_BTSX:AGEGROUP_YEARSUNDER5:WEALTHQUINTILE_TOTL,1954-01-01,2026-09-07T16:11:14Z,restated_at,2026-08-05,,who.gho.mdg-0000000007,raw/who.gho.mdg-0000000007/2026/09/20260907T161114Z-c1ae2408f442.json.gz,2
who.gho.mdg-0000000007,MDG_0000000007:NLD:SEX_BTSX:AGEGROUP_YEARSUNDER5:WEALTHQUINTILE_TOTL,1954-01-01,2026-09-07T16:11:14Z,value,26.344045878,,who.gho.mdg-0000000007,raw/who.gho.mdg-0000000007/2026/09/20260907T161114Z-c1ae2408f442.json.gz,2
who.gho.mdg-0000000007,MDG_0000000007:NLD:SEX_FMLE:AGEGROUP_YEARSUNDER5:WEALTHQUINTILE_TOTL,1954-01-01,2026-09-07T16:08:38Z,high,23.617260595,,who.gho.mdg-0000000007,raw/who.gho.mdg-0000000007/2026/09/20260907T160838Z-ad9f959b97c6.json.gz,2
who.gho.mdg-0000000007,MDG_0000000007:NLD:SEX_FMLE:AGEGROUP_YEARSUNDER5:WEALTHQUINTILE_TOTL,1954-01-01,2026-09-07T16:08:38Z,low,22.627844942,,who.gho.mdg-0000000007,raw/who.gho.mdg-0000000007/2026/09/20260907T160838Z-ad9f959b97c6.json.gz,2
who.gho.mdg-0000000007,MDG_0000000007:NLD:SEX_FMLE:AGEGROUP_YEARSUNDER5:WEALTHQUINTILE_TOTL,1954-01-01,2026-09-07T16:08:38Z,restated_at,2026-08-05,,who.gho.mdg-0000000007,raw/who.gho.mdg-0000000007/2026/09/20260907T160838Z-ad9f959b97c6.json.gz,2
who.gho.mdg-0000000007,MDG_0000000007:NLD:SEX_FMLE:AGEGROUP_YEARSUNDER5:WEALTHQUINTILE_TOTL,1954-01-01,2026-09-07T16:08:38Z,value,23.12114832,,who.gho.mdg-0000000007,raw/who.gho.mdg-0000000007/2026/09/20260907T160838Z-ad9f959b97c6.json.gz,2
who.gho.mdg-0000000007,MDG_0000000007:NLD:SEX_MLE:AGEGROUP_YEARSUNDER5:WEALTHQUINTILE_TOTL,1954-01-01,2026-09-07T16:05:01Z,high,29.987361791,,who.gho.mdg-0000000007,raw/who.gho.mdg-0000000007/2026/09/20260907T160501Z-2d19e1a5feef.json.gz,2
who.gho.mdg-0000000007,MDG_0000000007:NLD:SEX_MLE:AGEGROUP_YEARSUNDER5:WEALTHQUINTILE_TOTL,1954-01-01,2026-09-07T16:05:01Z,low,28.837195369,,who.gho.mdg-0000000007,raw/who.gho.mdg-0000000007/2026/09/20260907T160501Z-2d19e1a5feef.json.gz,2
who.gho.mdg-0000000007,MDG_0000000007:NLD:SEX_MLE:AGEGROUP_YEARSUNDER5:WEALTHQUINTILE_TOTL,1954-01-01,2026-09-07T16:05:01Z,restated_at,2026-08-05,,who.gho.mdg-0000000007,raw/who.gho.mdg-0000000007/2026/09/20260907T160501Z-2d19e1a5feef.json.gz,2
who.gho.mdg-0000000007,MDG_0000000007:NLD:SEX_MLE:AGEGROUP_YEARSUNDER5:WEALTHQUINTILE_TOTL,1954-01-01,2026-09-07T16:05:01Z,value,29.411306507,,who.gho.mdg-0000000007,raw/who.gho.mdg-0000000007/2026/09/20260907T160501Z-2d19e1a5feef.json.gz,2
who.gho.mdg-0000000007,MDG_0000000007:NOR:SEX_BTSX:AGEGROUP_YEARSUNDER5:WEALTHQUINTILE_TOTL,1954-01-01,2026-09-07T16:10:37Z,high,27.194336147,,who.gho.mdg-0000000007,raw/who.gho.mdg-0000000007/2026/09/20260907T161037Z-dfd3d6a5a745.json.gz,2
who.gho.mdg-0000000007,MDG_0000000007:NOR:SEX_BTSX:AGEGROUP_YEARSUNDER5:WEALTHQUINTILE_TOTL,1954-01-01,2026-09-07T16:10:37Z,low,26.046654151,,who.gho.mdg-0000000007,raw/who.gho.mdg-0000000007/2026/09/20260907T161037Z-dfd3d6a5a745.json.gz,2
who.gho.mdg-0000000007,MDG_0000000007:NOR:SEX_BTSX:AGEGROUP_YEARSUNDER5:WEALTHQUINTILE_TOTL,1954-01-01,2026-09-07T16:10:37Z,restated_at,2026-08-05,,who.gho.mdg-0000000007,raw/who.gho.mdg-0000000007/2026/09/20260907T161037Z-dfd3d6a5a745.json.gz,2
who.gho.mdg-0000000007,MDG_0000000007:NOR:SEX_BTSX:AGEGROUP_YEARSUNDER5:WEALTHQUINTILE_TOTL,1954-01-01,2026-09-07T16:10:37Z,value,26.619849455,,who.gho.mdg-0000000007,raw/who.gho.mdg-0000000007/2026/09/20260907T161037Z-dfd3d6a5a745.json.gz,2
who.gho.mdg-0000000007,MDG_0000000007:NOR:SEX_FMLE:AGEGROUP_YEARSUNDER5:WEALTHQUINTILE_TOTL,1954-01-01,2026-09-07T16:08:54Z,high,23.849787356,,who.gho.mdg-0000000007,raw/who.gho.mdg-0000000007/2026/09/20260907T160854Z-e3873ac72928.json.gz,2
who.gho.mdg-0000000007,MDG_0000000007:NOR:SEX_FMLE:AGEGROUP_YEARSUNDER5:WEALTHQUINTILE_TOTL,1954-01-01,2026-09-07T16:08:54Z,low,22.558178551,,who.gho.mdg-0000000007,raw/who.gho.mdg-0000000007/2026/09/20260907T160854Z-e3873ac72928.json.gz,2
who.gho.mdg-0000000007,MDG_0000000007:NOR:SEX_FMLE:AGEGROUP_YEARSUNDER5:WEALTHQUINTILE_TOTL,1954-01-01,2026-09-07T16:08:54Z,restated_at,2026-08-05,,who.gho.mdg-0000000007,raw/who.gho.mdg-0000000007/2026/09/20260907T160854Z-e3873ac72928.json.gz,2
who.gho.mdg-0000000007,MDG_0000000007:NOR:SEX_FMLE:AGEGROUP_YEARSUNDER5:WEALTHQUINTILE_TOTL,1954-01-01,2026-09-07T16:08:54Z,value,23.206296532,,who.gho.mdg-0000000007,raw/who.gho.mdg-0000000007/2026/09/20260907T160854Z-e3873ac72928.json.gz,2
who.gho.mdg-0000000007,MDG_0000000007:NOR:SEX_MLE:AGEGROUP_YEARSUNDER5:WEALTHQUINTILE_TOTL,1954-01-01,2026-09-07T16:05:09Z,high,30.614207678,,who.gho.mdg-0000000007,raw/who.gho.mdg-0000000007/2026/09/20260907T160509Z-9066130499c7.json.gz,2
who.gho.mdg-0000000007,MDG_0000000007:NOR:SEX_MLE:AGEGROUP_YEARSUNDER5:WEALTHQUINTILE_TOTL,1954-01-01,2026-09-07T16:05:09Z,low,29.115947763,,who.gho.mdg-0000000007,raw/who.gho.mdg-0000000007/2026/09/20260907T160509Z-9066130499c7.json.gz,2
who.gho.mdg-0000000007,MDG_0000000007:NOR:SEX_MLE:AGEGROUP_YEARSUNDER5:WEALTHQUINTILE_TOTL,1954-01-01,2026-09-07T16:05:09Z,restated_at,2026-08-05,,who.gho.mdg-0000000007,raw/who.gho.mdg-0000000007/2026/09/20260907T160509Z-9066130499c7.json.gz,2
who.gho.mdg-0000000007,MDG_0000000007:NOR:SEX_MLE:AGEGROUP_YEARSUNDER5:WEALTHQUINTILE_TOTL,1954-01-01,2026-09-07T16:05:09Z,value,29.867941695,,who.gho.mdg-0000000007,raw/who.gho.mdg-0000000007/2026/09/20260907T160509Z-9066130499c7.json.gz,2
who.gho.mdg-0000000007,MDG_0000000007:NPL:SEX_BTSX:AGEGROUP_YEARSUNDER5:WEALTHQUINTILE_TOTL,1954-01-01,2026-09-07T16:10:45Z,high,402.260258325,,who.gho.mdg-0000000007,raw/who.gho.mdg-0000000007/2026/09/20260907T161045Z-53a7d24c459b.json.gz,2
who.gho.mdg-0000000007,MDG_0000000007:NPL:SEX_BTSX:AGEGROUP_YEARSUNDER5:WEALTHQUINTILE_TOTL,1954-01-01,2026-09-07T16:10:45Z,low,288.245838151,,who.gho.mdg-0000000007,raw/who.gho.mdg-0000000007/2026/09/20260907T161045Z-53a7d24c459b.json.gz,2
who.gho.mdg-0000000007,MDG_0000000007:NPL:SEX_BTSX:AGEGROUP_YEARSUNDER5:WEALTHQUINTILE_TOTL,1954-01-01,2026-09-07T16:10:45Z,restated_at,2026-08-05,,who.gho.mdg-0000000007,raw/who.gho.mdg-0000000007/2026/09/20260907T161045Z-53a7d24c459b.json.gz,2
who.gho.mdg-0000000007,MDG_0000000007:NPL:SEX_BTSX:AGEGROUP_YEARSUNDER5:WEALTHQUINTILE_TOTL,1954-01-01,2026-09-07T16:10:45Z,value,340.281486966,,who.gho.mdg-0000000007,raw/who.gho.mdg-0000000007/2026/09/20260907T161045Z-53a7d24c459b.json.gz,2
who.gho.mdg-0000000007,MDG_0000000007:NPL:SEX_FMLE:AGEGROUP_YEARSUNDER5:WEALTHQUINTILE_TOTL,1954-01-01,2026-09-07T16:10:24Z,high,402.307487655,,who.gho.mdg-0000000007,raw/who.gho.mdg-0000000007/2026/09/20260907T161024Z-808a2a46070d.json.gz,2
who.gho.mdg-0000000007,MDG_0000000007:NPL:SEX_FMLE:AGEGROUP_YEARSUNDER5:WEALTHQUINTILE_TOTL,1954-01-01,2026-09-07T16:10:24Z,low,287.248399437,,who.gho.mdg-0000000007,raw/who.gho.mdg-0000000007/2026/09/20260907T161024Z-808a2a46070d.json.gz,2
who.gho.mdg-0000000007,MDG_0000000007:NPL:SEX_FMLE:AGEGROUP_YEARSUNDER5:WEALTHQUINTILE_TOTL,1954-01-01,2026-09-07T16:10:24Z,restated_at,2026-08-05,,who.gho.mdg-0000000007,raw/who.gho.mdg-0000000007/2026/09/20260907T161024Z-808a2a46070d.json.gz,2
who.gho.mdg-0000000007,MDG_0000000007:NPL:SEX_FMLE:AGEGROUP_YEARSUNDER5:WEALTHQUINTILE_TOTL,1954-01-01,2026-09-07T16:10:24Z,value,339.676713033,,who.gho.mdg-0000000007,raw/who.gho.mdg-0000000007/2026/09/20260907T161024Z-808a2a46070d.json.gz,2
who.gho.mdg-0000000007,MDG_0000000007:NPL:SEX_MLE:AGEGROUP_YEARSUNDER5:WEALTHQUINTILE_TOTL,1954-01-01,2026-09-07T16:06:11Z,high,403.542128938,,who.gho.mdg-0000000007,raw/who.gho.mdg-0000000007/2026/09/20260907T160611Z-e868f3030ca5.json.gz,2
who.gho.mdg-0000000007,MDG_0000000007:NPL:SEX_MLE:AGEGROUP_YEARSUNDER5:WEALTHQUINTILE_TOTL,1954-01-01,2026-09-07T16:06:11Z,low,288.0765189,,who.gho.mdg-0000000007,raw/who.gho.mdg-0000000007/2026/09/20260907T160611Z-e868f3030ca5.json.gz,2
who.gho.mdg-0000000007,MDG_0000000007:NPL:SEX_MLE:AGEGROUP_YEARSUNDER5:WEALTHQUINTILE_TOTL,1954-01-01,2026-09-07T16:06:11Z,restated_at,2026-08-05,,who.gho.mdg-0000000007,raw/who.gho.mdg-0000000007/2026/09/20260907T160611Z-e868f3030ca5.json.gz,2
who.gho.mdg-0000000007,MDG_0000000007:NPL:SEX_MLE:AGEGROUP_YEARSUNDER5:WEALTHQUINTILE_TOTL,1954-01-01,2026-09-07T16:06:11Z,value,340.788645859,,who.gho.mdg-0000000007,raw/who.gho.mdg-0000000007/2026/09/20260907T160611Z-e868f3030ca5.json.gz,2
who.gho.mdg-0000000007,MDG_0000000007:NZL:SEX_BTSX:AGEGROUP_YEARSUNDER5:WEALTHQUINTILE_TOTL,1954-01-01,2026-09-07T16:06:26Z,high,32.719728693,,who.gho.mdg-0000000007,raw/who.gho.mdg-0000000007/2026/09/20260907T160626Z-083ef708c2ee.json.gz,2
who.gho.mdg-0000000007,MDG_0000000007:NZL:SEX_BTSX:AGEGROUP_YEARSUNDER5:WEALTHQUINTILE_TOTL,1954-01-01,2026-09-07T16:06:26Z,low,31.532146011,,who.gho.mdg-0000000007,raw/who.gho.mdg-0000000007/2026/09/20260907T160626Z-083ef708c2ee.json.gz,2
who.gho.mdg-0000000007,MDG_0000000007:NZL:SEX_BTSX:AGEGROUP_YEARSUNDER5:WEALTHQUINTILE_TOTL,1954-01-01,2026-09-07T16:06:26Z,restated_at,2026-08-05,,who.gho.mdg-0000000007,raw/who.gho.mdg-0000000007/2026/09/20260907T160626Z-083ef708c2ee.json.gz,2
who.gho.mdg-0000000007,MDG_0000000007:NZL:SEX_BTSX:AGEGROUP_YEARSUNDER5:WEALTHQUINTILE_TOTL,1954-01-01,2026-09-07T16:06:26Z,value,32.129303513,,who.gho.mdg-0000000007,raw/who.gho.mdg-0000000007/2026/09/20260907T160626Z-083ef708c2ee.json.gz,2
who.gho.mdg-0000000007,MDG_0000000007:NZL:SEX_FMLE:AGEGROUP_YEARSUNDER5:WEALTHQUINTILE_TOTL,1954-01-01,2026-09-07T16:11:10Z,high,29.126850239,,who.gho.mdg-0000000007,raw/who.gho.mdg-0000000007/2026/09/20260907T161110Z-9f3e1e4fe296.json.gz,2
who.gho.mdg-0000000007,MDG_0000000007:NZL:SEX_FMLE:AGEGROUP_YEARSUNDER5:WEALTHQUINTILE_TOTL,1954-01-01,2026-09-07T16:11:10Z,low,27.700549691,,who.gho.mdg-0000000007,raw/who.gho.mdg-0000000007/2026/09/20260907T161110Z-9f3e1e4fe296.json.gz,2
who.gho.mdg-0000000007,MDG_0000000007:NZL:SEX_FMLE:AGEGROUP_YEARSUNDER5:WEALTHQUINTILE_TOTL,1954-01-01,2026-09-07T16:11:10Z,restated_at,2026-08-05,,who.gho.mdg-0000000007,raw/who.gho.mdg-0000000007/2026/09/20260907T161110Z-9f3e1e4fe296.json.gz,2
who.gho.mdg-0000000007,MDG_0000000007:NZL:SEX_FMLE:AGEGROUP_YEARSUNDER5:WEALTHQUINTILE_TOTL,1954-01-01,2026-09-07T16:11:10Z,value,28.393442431,,who.gho.mdg-0000000007,raw/who.gho.mdg-0000000007/2026/09/20260907T161110Z-9f3e1e4fe296.json.gz,2
who.gho.mdg-0000000007,MDG_0000000007:NZL:SEX_MLE:AGEGROUP_YEARSUNDER5:WEALTHQUINTILE_TOTL,1954-01-01,2026-09-07T16:11:18Z,high,36.469375054,,who.gho.mdg-0000000007,raw/who.gho.mdg-0000000007/2026/09/20260907T161118Z-85c02b5f4e3c.json.gz,2
who.gho.mdg-0000000007,MDG_0000000007:NZL:SEX_MLE:AGEGROUP_YEARSUNDER5:WEALTHQUINTILE_TOTL,1954-01-01,2026-09-07T16:11:18Z,low,34.871084548,,who.gho.mdg-0000000007,raw/who.gho.mdg-0000000007/2026/09/20260907T161118Z-85c02b5f4e3c.json.gz,2
who.gho.mdg-0000000007,MDG_0000000007:NZL:SEX_MLE:AGEGROUP_YEARSUNDER5:WEALTHQUINTILE_TOTL,1954-01-01,2026-09-07T16:11:18Z,restated_at,2026-08-05,,who.gho.mdg-0000000007,raw/who.gho.mdg-0000000007/2026/09/20260907T161118Z-85c02b5f4e3c.json.gz,2
who.gho.mdg-0000000007,MDG_0000000007:NZL:SEX_MLE:AGEGROUP_YEARSUNDER5:WEALTHQUINTILE_TOTL,1954-01-01,2026-09-07T16:11:18Z,value,35.683773995,,who.gho.mdg-0000000007,raw/who.gho.mdg-0000000007/2026/09/20260907T161118Z-85c02b5f4e3c.json.gz,2
who.gho.mdg-0000000007,MDG_0000000007:PAK:SEX_BTSX:AGEGROUP_YEARSUNDER5:WEALTHQUINTILE_TOTL,1954-01-01,2026-09-07T16:05:38Z,high,367.951109918,,who.gho.mdg-0000000007,raw/who.gho.mdg-0000000007/2026/09/20260907T160538Z-28a5f6808180.json.gz,2
who.gho.mdg-0000000007,MDG_0000000007:PAK:SEX_BTSX:AGEGROUP_YEARSUNDER5:WEALTHQUINTILE_TOTL,1954-01-01,2026-09-07T16:05:38Z,low,278.602579838,,who.gho.mdg-0000000007,raw/who.gho.mdg-0000000007/2026/09/20260907T160538Z-28a5f6808180.json.gz,2
who.gho.mdg-0000000007,MDG_0000000007:PAK:SEX_BTSX:AGEGROUP_YEARSUNDER5:WEALTHQUINTILE_TOTL,1954-01-01,2026-09-07T16:05:38Z,restated_at,2026-08-05,,who.gho.mdg-0000000007,raw/who.gho.mdg-0000000007/2026/09/20260907T160538Z-28a5f6808180.json.gz,2
who.gho.mdg-0000000007,MDG_0000000007:PAK:SEX_BTSX:AGEGROUP_YEARSUNDER5:WEALTHQUINTILE_TOTL,1954-01-01,2026-09-07T16:05:38Z,value,321.38172519,,who.gho.mdg-0000000007,raw/who.gho.mdg-0000000007/2026/09/20260907T160538Z-28a5f6808180.json.gz,2
who.gho.mdg-0000000007,MDG_0000000007:PAK:SEX_FMLE:AGEGROUP_YEARSUNDER5:WEALTHQUINTILE_TOTL,1954-01-01,2026-09-07T16:08:54Z,high,368.148836189,,who.gho.mdg-0000000007,raw/who.gho.mdg-0000000007/2026/09/20260907T160854Z-e3873ac72928.json.gz,2
who.gho.mdg-0000000007,MDG_0000000007:PAK:SEX_FMLE:AGEGROUP_YEARSUNDER5:WEALTHQUINTILE_TOTL,1954-01-01,2026-09-07T16:08:54Z,low,278.009969592,,who.gho.mdg-0000000007,raw/who.gho.mdg-0000000007/2026/09/20260907T160854Z-e3873ac72928.json.gz,2
who.gho.mdg-0000000007,MDG_0000000007:PAK:SEX_FMLE:AGEGROUP_YEARSUNDER5:WEALTHQUINTILE_TOTL,1954-01-01,2026-09-07T16:08:54Z,restated_at,2026-08-05,,who.gho.mdg-0000000007,raw/who.gho.mdg-0000000007/2026/09/20260907T160854Z-e3873ac72928.json.gz,2
who.gho.mdg-0000000007,MDG_0000000007:PAK:SEX_FMLE:AGEGROUP_YEARSUNDER5:WEALTHQUINTILE_TOTL,1954-01-01,2026-09-07T16:08:54Z,value,320.72908499,,who.gho.mdg-0000000007,raw/who.gho.mdg-0000000007/2026/09/20260907T160854Z-e3873ac72928.json.gz,2
who.gho.mdg-0000000007,MDG_0000000007:PAK:SEX_MLE:AGEGROUP_YEARSUNDER5:WEALTHQUINTILE_TOTL,1954-01-01,2026-09-07T16:05:57Z,high,369.53315627,,who.gho.mdg-0000000007,raw/who.gho.mdg-0000000007/2026/09/20260907T160557Z-c8e786907d46.json.gz,2
who.gho.mdg-0000000007,MDG_0000000007:PAK:SEX_MLE:AGEGROUP_YEARSUNDER5:WEALTHQUINTILE_TOTL,1954-01-01,2026-09-07T16:05:57Z,low,278.048715734,,who.gho.mdg-0000000007,raw/who.gho.mdg-0000000007/2026/09/20260907T160557Z-c8e786907d46.json.gz,2
who.gho.mdg-0000000007,MDG_0000000007:PAK:SEX_MLE:AGEGROUP_YEARSUNDER5:WEALTHQUINTILE_TOTL,1954-01-01,2026-09-07T16:05:57Z,restated_at,2026-08-05,,who.gho.mdg-0000000007,raw/who.gho.mdg-0000000007/2026/09/20260907T160557Z-c8e786907d46.json.gz,2
who.gho.mdg-0000000007,MDG_0000000007:PAK:SEX_MLE:AGEGROUP_YEARSUNDER5:WEALTHQUINTILE_TOTL,1954-01-01,2026-09-07T16:05:57Z,value,321.59434598,,who.gho.mdg-0000000007,raw/who.gho.mdg-0000000007/2026/09/20260907T160557Z-c8e786907d46.json.gz,2
who.gho.mdg-0000000007,MDG_0000000007:PAN:SEX_BTSX:AGEGROUP_YEARSUNDER5:WEALTHQUINTILE_TOTL,1954-01-01,2026-09-07T16:05:48Z,high,130.495663603,,who.gho.mdg-0000000007,raw/who.gho.mdg-0000000007/2026/09/20260907T160548Z-1609a76f5ecc.json.gz,2
who.gho.mdg-0000000007,MDG_0000000007:PAN:SEX_BTSX:AGEGROUP_YEARSUNDER5:WEALTHQUINTILE_TOTL,1954-01-01,2026-09-07T16:05:48Z,low,94.043037992,,who.gho.mdg-0000000007,raw/who.gho.mdg-0000000007/2026/09/20260907T160548Z-1609a76f5ecc.json.gz,2
who.gho.mdg-0000000007,MDG_0000000007:PAN:SEX_BTSX:AGEGROUP_YEARSUNDER5:WEALTHQUINTILE_TOTL,1954-01-01,2026-09-07T16:05:48Z,restated_at,2026-08-05,,who.gho.mdg-0000000007,raw/who.gho.mdg-0000000007/2026/09/20260907T160548Z-1609a76f5ecc.json.gz,2
who.gho.mdg-0000000007,MDG_0000000007:PAN:SEX_BTSX:AGEGROUP_YEARSUNDER5:WEALTHQUINTILE_TOTL,1954-01-01,2026-09-07T16:05:48Z,value,111.145301421,,who.gho.mdg-0000000007,raw/who.gho.mdg-0000000007/2026/09/20260907T160548Z-1609a76f5ecc.json.gz,2
who.gho.mdg-0000000007,MDG_0000000007:PAN:SEX_FMLE:AGEGROUP_YEARSUNDER5:WEALTHQUINTILE_TOTL,1954-01-01,2026-09-07T16:10:17Z,high,124.364899024,,who.gho.mdg-0000000007,raw/who.gho.mdg-0000000007/2026/09/20260907T161017Z-ca4dbf4e12d6.json.gz,2
who.gho.mdg-0000000007,MDG_0000000007:PAN:SEX_FMLE:AGEGROUP_YEARSUNDER5:WEALTHQUINTILE_TOTL,1954-01-01,2026-09-07T16:10:17Z,low,88.612324598,,who.gho.mdg-0000000007,raw/who.gho.mdg-0000000007/2026/09/20260907T161017Z-ca4dbf4e12d6.json.gz,2
who.gho.mdg-0000000007,MDG_0000000007:PAN:SEX_FMLE:AGEGROUP_YEARSUNDER5:WEALTHQUINTILE_TOTL,1954-01-01,2026-09-07T16:10:17Z,restated_at,2026-08-05,,who.gho.mdg-0000000007,raw/who.gho.mdg-0000000007/2026/09/20260907T161017Z-ca4dbf4e12d6.json.gz,2
who.gho.mdg-0000000007,MDG_0000000007:PAN:SEX_FMLE:AGEGROUP_YEARSUNDER5:WEALTHQUINTILE_TOTL,1954-01-01,2026-09-07T16:10:17Z,value,105.319547177,,who.gho.mdg-0000000007,raw/who.gho.mdg-0000000007/2026/09/20260907T161017Z-ca4dbf4e12d6.json.gz,2
who.gho.mdg-0000000007,MDG_0000000007:PAN:SEX_MLE:AGEGROUP_YEARSUNDER5:WEALTHQUINTILE_TOTL,1954-01-01,2026-09-07T16:09:34Z,high,137.479511937,,who.gho.mdg-0000000007,raw/who.gho.mdg-0000000007/2026/09/20260907T160934Z-f7f0902b1194.json.gz,2
who.gho.mdg-0000000007,MDG_0000000007:PAN:SEX_MLE:AGEGROUP_YEARSUNDER5:WEALTHQUINTILE_TOTL,1954-01-01,2026-09-07T16:09:34Z,low,98.413620145,,who.gho.mdg-0000000007,raw/who.gho.mdg-0000000007/2026/09/20260907T160934Z-f7f0902b1194.json.gz,2
who.gho.mdg-0000000007,MDG_0000000007:PAN:SEX_MLE:AGEGROUP_YEARSUNDER5:WEALTHQUINTILE_TOTL,1954-01-01,2026-09-07T16:09:34Z,restated_at,2026-08-05,,who.gho.mdg-0000000007,raw/who.gho.mdg-0000000007/2026/09/20260907T160934Z-f7f0902b1194.json.gz,2
who.gho.mdg-0000000007,MDG_0000000007:PAN:SEX_MLE:AGEGROUP_YEARSUNDER5:WEALTHQUINTILE_TOTL,1954-01-01,2026-09-07T16:09:34Z,value,116.725872823,,who.gho.mdg-0000000007,raw/who.gho.mdg-0000000007/2026/09/20260907T160934Z-f7f0902b1194.json.gz,2
who.gho.mdg-0000000007,MDG_0000000007:PER:SEX_BTSX:AGEGROUP_YEARSUNDER5:WEALTHQUINTILE_TOTL,1954-01-01,2026-09-07T16:11:26Z,high,322.344348427,,who.gho.mdg-0000000007,raw/who.gho.mdg-0000000007/2026/09/20260907T161126Z-f3f9061ab4f7.json.gz,2
who.gho.mdg-0000000007,MDG_0000000007:PER:SEX_BTSX:AGEGROUP_YEARSUNDER5:WEALTHQUINTILE_TOTL,1954-01-01,2026-09-07T16:11:26Z,low,248.8768433,,who.gho.mdg-0000000007,raw/who.gho.mdg-0000000007/2026/09/20260907T161126Z-f3f9061ab4f7.json.gz,2
who.gho.mdg-0000000007,MDG_0000000007:PER:SEX_BTSX:AGEGROUP_YEARSUNDER5:WEALTHQUINTILE_TOTL,1954-01-01,2026-09-07T16:11:26Z,restated_at,2026-08-05,,who.gho.mdg-0000000007,raw/who.gho.mdg-0000000007/2026/09/20260907T161126Z-f3f9061ab4f7.json.gz,2
who.gho.mdg-0000000007,MDG_0000000007:PER:SEX_BTSX:AGEGROUP_YEARSUNDER5:WEALTHQUINTILE_TOTL,1954-01-01,2026-09-07T16:11:26Z,value,283.920645623,,who.gho.mdg-0000000007,raw/who.gho.mdg-0000000007/2026/09/20260907T161126Z-f3f9061ab4f7.json.gz,2
who.gho.mdg-0000000007,MDG_0000000007:PER:SEX_FMLE:AGEGROUP_YEARSUNDER5:WEALTHQUINTILE_TOTL,1954-01-01,2026-09-07T16:05:43Z,high,310.894906906,,who.gho.mdg-0000000007,raw/who.gho.mdg-0000000007/2026/09/20260907T160543Z-0bdfcfeb6714.json.gz,2
who.gho.mdg-0000000007,MDG_0000000007:PER:SEX_FMLE:AGEGROUP_YEARSUNDER5:WEALTHQUINTILE_TOTL,1954-01-01,2026-09-07T16:05:43Z,low,238.435755174,,who.gho.mdg-0000000007,raw/who.gho.mdg-0000000007/2026/09/20260907T160543Z-0bdfcfeb6714.json.gz,2
who.gho.mdg-0000000007,MDG_0000000007:PER:SEX_FMLE:AGEGROUP_YEARSUNDER5:WEALTHQUINTILE_TOTL,1954-01-01,2026-09-07T16:05:43Z,restated_at,2026-08-05,,who.gho.mdg-0000000007,raw/who.gho.mdg-0000000007/2026/09/20260907T160543Z-0bdfcfeb6714.json.gz,2
who.gho.mdg-0000000007,MDG_0000000007:PER:SEX_FMLE:AGEGROUP_YEARSUNDER5:WEALTHQUINTILE_TOTL,1954-01-01,2026-09-07T16:05:43Z,value,272.646469378,,who.gho.mdg-0000000007,raw/who.gho.mdg-0000000007/2026/09/20260907T160543Z-0bdfcfeb6714.json.gz,2
who.gho.mdg-0000000007,MDG_0000000007:PER:SEX_MLE:AGEGROUP_YEARSUNDER5:WEALTHQUINTILE_TOTL,1954-01-01,2026-09-07T16:10:24Z,high,335.871808768,,who.gho.mdg-0000000007,raw/who.gho.mdg-0000000007/2026/09/20260907T161024Z-808a2a46070d.json.gz,2
who.gho.mdg-0000000007,MDG_0000000007:PER:SEX_MLE:AGEGROUP_YEARSUNDER5:WEALTHQUINTILE_TOTL,1954-01-01,2026-09-07T16:10:24Z,low,257.789579824,,who.gho.mdg-0000000007,raw/who.gho.mdg-0000000007/2026/09/20260907T161024Z-808a2a46070d.json.gz,2
who.gho.mdg-0000000007,MDG_0000000007:PER:SEX_MLE:AGEGROUP_YEARSUNDER5:WEALTHQUINTILE_TOTL,1954-01-01,2026-09-07T16:10:24Z,restated_at,2026-08-05,,who.gho.mdg-0000000007,raw/who.gho.mdg-0000000007/2026/09/20260907T161024Z-808a2a46070d.json.gz,2
who.gho.mdg-0000000007,MDG_0000000007:PER:SEX_MLE:AGEGROUP_YEARSUNDER5:WEALTHQUINTILE_TOTL,1954-01-01,2026-09-07T16:10:24Z,value,294.290050875,,who.gho.mdg-0000000007,raw/who.gho.mdg-0000000007/2026/09/20260907T161024Z-808a2a46070d.json.gz,2
who.gho.mdg-0000000007,MDG_0000000007:PHL:SEX_BTSX:AGEGROUP_YEARSUNDER5:WEALTHQUINTILE_TOTL,1954-01-01,2026-09-07T16:06:02Z,high,158.512602598,,who.gho.mdg-0000000007,raw/who.gho.mdg-0000000007/2026/09/20260907T160602Z-1adff4f5f376.json.gz,2
who.gho.mdg-0000000007,MDG_0000000007:PHL:SEX_BTSX:AGEGROUP_YEARSUNDER5:WEALTHQUINTILE_TOTL,1954-01-01,2026-09-07T16:06:02Z,low,107.426336671,,who.gho.mdg-0000000007,raw/who.gho.mdg-0000000007/2026/09/20260907T160602Z-1adff4f5f376.json.gz,2
who.gho.mdg-0000000007,MDG_0000000007:PHL:SEX_BTSX:AGEGROUP_YEARSUNDER5:WEALTHQUINTILE_TOTL,1954-01-01,2026-09-07T16:06:02Z,restated_at,2026-08-05,,who.gho.mdg-0000000007,raw/who.gho.mdg-0000000007/2026/09/20260907T160602Z-1adff4f5f376.json.gz,2
who.gho.mdg-0000000007,MDG_0000000007:PHL:SEX_BTSX:AGEGROUP_YEARSUNDER5:WEALTHQUINTILE_TOTL,1954-01-01,2026-09-07T16:06:02Z,value,130.384673831,,who.gho.mdg-0000000007,raw/who.gho.mdg-0000000007/2026/09/20260907T160602Z-1adff4f5f376.json.gz,2
who.gho.mdg-0000000007,MDG_0000000007:PHL:SEX_FMLE:AGEGROUP_YEARSUNDER5:WEALTHQUINTILE_TOTL,1954-01-01,2026-09-07T16:08:45Z,high,151.131831456,,who.gho.mdg-0000000007,raw/who.gho.mdg-0000000007/2026/09/20260907T160845Z-9b23f1f1b45b.json.gz,2
who.gho.mdg-0000000007,MDG_0000000007:PHL:SEX_FMLE:AGEGROUP_YEARSUNDER5:WEALTHQUINTILE_TOTL,1954-01-01,2026-09-07T16:08:45Z,low,101.623170539,,who.gho.mdg-0000000007,raw/who.gho.mdg-0000000007/2026/09/20260907T160845Z-9b23f1f1b45b.json.gz,2
who.gho.mdg-0000000007,MDG_0000000007:PHL:SEX_FMLE:AGEGROUP_YEARSUNDER5:WEALTHQUINTILE_TOTL,1954-01-01,2026-09-07T16:08:45Z,restated_at,2026-08-05,,who.gho.mdg-0000000007,raw/who.gho.mdg-0000000007/2026/09/20260907T160845Z-9b23f1f1b45b.json.gz,2
who.gho.mdg-0000000007,MDG_0000000007:PHL:SEX_FMLE:AGEGROUP_YEARSUNDER5:WEALTHQUINTILE_TOTL,1954-01-01,2026-09-07T16:08:45Z,value,123.821156314,,who.gho.mdg-0000000007,raw/who.gho.mdg-0000000007/2026/09/20260907T160845Z-9b23f1f1b45b.json.gz,2
who.gho.mdg-0000000007,MDG_0000000007:PHL:SEX_MLE:AGEGROUP_YEARSUNDER5:WEALTHQUINTILE_TOTL,1954-01-01,2026-09-07T16:05:09Z,high,166.443300359,,who.gho.mdg-0000000007,raw/who.gho.mdg-0000000007/2026/09/20260907T160509Z-9066130499c7.json.gz,2
who.gho.mdg-0000000007,MDG_0000000007:PHL:SEX_MLE:AGEGROUP_YEARSUNDER5:WEALTHQUINTILE_TOTL,1954-01-01,2026-09-07T16:05:09Z,low,112.494654149,,who.gho.mdg-0000000007,raw/who.gho.mdg-0000000007/2026/09/20260907T160509Z-9066130499c7.json.gz,2
who.gho.mdg-0000000007,MDG_0000000007:PHL:SEX_MLE:AGEGROUP_YEARSUNDER5:WEALTHQUINTILE_TOTL,1954-01-01,2026-09-07T16:05:09Z,restated_at,2026-08-05,,who.gho.mdg-0000000007,raw/who.gho.mdg-0000000007/2026/09/20260907T160509Z-9066130499c7.json.gz,2
who.gho.mdg-0000000007,MDG_0000000007:PHL:SEX_MLE:AGEGROUP_YEARSUNDER5:WEALTHQUINTILE_TOTL,1954-01-01,2026-09-07T16:05:09Z,value,136.815453461,,who.gho.mdg-0000000007,raw/who.gho.mdg-0000000007/2026/09/20260907T160509Z-9066130499c7.json.gz,2
who.gho.mdg-0000000007,MDG_0000000007:PNG:SEX_BTSX:AGEGROUP_YEARSUNDER5:WEALTHQUINTILE_TOTL,1954-01-01,2026-09-07T16:05:48Z,high,266.387319247,,who.gho.mdg-0000000007,raw/who.gho.mdg-0000000007/2026/09/20260907T160548Z-1609a76f5ecc.json.gz,2
who.gho.mdg-0000000007,MDG_0000000007:PNG:SEX_BTSX:AGEGROUP_YEARSUNDER5:WEALTHQUINTILE_TOTL,1954-01-01,2026-09-07T16:05:48Z,low,209.035083204,,who.gho.mdg-0000000007,raw/who.gho.mdg-0000000007/2026/09/20260907T160548Z-1609a76f5ecc.json.gz,2
who.gho.mdg-0000000007,MDG_0000000007:PNG:SEX_BTSX:AGEGROUP_YEARSUNDER5:WEALTHQUINTILE_TOTL,1954-01-01,2026-09-07T16:05:48Z,restated_at,2026-08-05,,who.gho.mdg-0000000007,raw/who.gho.mdg-0000000007/2026/09/20260907T160548Z-1609a76f5ecc.json.gz,2
who.gho.mdg-0000000007,MDG_0000000007:PNG:SEX_BTSX:AGEGROUP_YEARSUNDER5:WEALTHQUINTILE_TOTL,1954-01-01,2026-09-07T16:05:48Z,value,236.336315207,,who.gho.mdg-0000000007,raw/who.gho.mdg-0000000007/2026/09/20260907T160548Z-1609a76f5ecc.json.gz,2
who.gho.mdg-0000000007,MDG_0000000007:PNG:SEX_FMLE:AGEGROUP_YEARSUNDER5:WEALTHQUINTILE_TOTL,1954-01-01,2026-09-07T16:09:59Z,high,258.605077982,,who.gho.mdg-0000000007,raw/who.gho.mdg-0000000007/2026/09/20260907T160959Z-e41937f31aea.json.gz,2
who.gho.mdg-0000000007,MDG_0000000007:PNG:SEX_FMLE:AGEGROUP_YEARSUNDER5:WEALTHQUINTILE_TOTL,1954-01-01,2026-09-07T16:09:59Z,low,199.641546801,,who.gho.mdg-0000000007,raw/who.gho.mdg-0000000007/2026/09/20260907T160959Z-e41937f31aea.json.gz,2
who.gho.mdg-0000000007,MDG_0000000007:PNG:SEX_FMLE:AGEGROUP_YEARSUNDER5:WEALTHQUINTILE_TOTL,1954-01-01,2026-09-07T16:09:59Z,restated_at,2026-08-05,,who.gho.mdg-0000000007,raw/who.gho.mdg-0000000007/2026/09/20260907T160959Z-e41937f31aea.json.gz,2
who.gho.mdg-0000000007,MDG_0000000007:PNG:SEX_FMLE:AGEGROUP_YEARSUNDER5:WEALTHQUINTILE_TOTL,1954-01-01,2026-09-07T16:09:59Z,value,227.651711008,,who.gho.mdg-0000000007,raw/who.gho.mdg-0000000007/2026/09/20260907T160959Z-e41937f31aea.json.gz,2
who.gho.mdg-0000000007,MDG_0000000007:PNG:SEX_MLE:AGEGROUP_YEARSUNDER5:WEALTHQUINTILE_TOTL,1954-01-01,2026-09-07T16:06:02Z,high,277.178398006,,who.gho.mdg-0000000007,raw/who.gho.mdg-0000000007/2026/09/20260907T160602Z-1adff4f5f376.json.gz,2
who.gho.mdg-0000000007,MDG_0000000007:PNG:SEX_MLE:AGEGROUP_YEARSUNDER5:WEALTHQUINTILE_TOTL,1954-01-01,2026-09-07T16:06:02Z,low,215.000480901,,who.gho.mdg-0000000007,raw/who.gho.mdg-0000000007/2026/09/20260907T160602Z-1adff4f5f376.json.gz,2
who.gho.mdg-0000000007,MDG_0000000007:PNG:SEX_MLE:AGEGROUP_YEARSUNDER5:WEALTHQUINTILE_TOTL,1954-01-01,2026-09-07T16:06:02Z,restated_at,2026-08-05,,who.gho.mdg-0000000007,raw/who.gho.mdg-0000000007/2026/09/20260907T160602Z-1adff4f5f376.json.gz,2
who.gho.mdg-0000000007,MDG_0000000007:PNG:SEX_MLE:AGEGROUP_YEARSUNDER5:WEALTHQUINTILE_TOTL,1954-01-01,2026-09-07T16:06:02Z,value,244.268551698,,who.gho.mdg-0000000007,raw/who.gho.mdg-0000000007/2026/09/20260907T160602Z-1adff4f5f376.json.gz,2
who.gho.mdg-0000000007,MDG_0000000007:POL:SEX_BTSX:AGEGROUP_YEARSUNDER5:WEALTHQUINTILE_TOTL,1954-01-01,2026-09-07T16:09:46Z,high,108.97121303,,who.gho.mdg-0000000007,raw/who.gho.mdg-0000000007/2026/09/20260907T160946Z-716d23d235ed.json.gz,2
who.gho.mdg-0000000007,MDG_0000000007:POL:SEX_BTSX:AGEGROUP_YEARSUNDER5:WEALTHQUINTILE_TOTL,1954-01-01,2026-09-07T16:09:46Z,low,95.85579445,,who.gho.mdg-0000000007,raw/who.gho.mdg-0000000007/2026/09/20260907T160946Z-716d23d235ed.json.gz,2
who.gho.mdg-0000000007,MDG_0000000007:POL:SEX_BTSX:AGEGROUP_YEARSUNDER5:WEALTHQUINTILE_TOTL,1954-01-01,2026-09-07T16:09:46Z,restated_at,2026-08-05,,who.gho.mdg-0000000007,raw/who.gho.mdg-0000000007/2026/09/20260907T160946Z-716d23d235ed.json.gz,2
who.gho.mdg-0000000007,MDG_0000000007:POL:SEX_BTSX:AGEGROUP_YEARSUNDER5:WEALTHQUINTILE_TOTL,1954-01-01,2026-09-07T16:09:46Z,value,102.183787819,,who.gho.mdg-0000000007,raw/who.gho.mdg-0000000007/2026/09/20260907T160946Z-716d23d235ed.json.gz,2
who.gho.mdg-0000000007,MDG_0000000007:POL:SEX_FMLE:AGEGROUP_YEARSUNDER5:WEALTHQUINTILE_TOTL,1954-01-01,2026-09-07T16:09:26Z,high,99.794658062,,who.gho.mdg-0000000007,raw/who.gho.mdg-0000000007/2026/09/20260907T160926Z-3ee37906b339.json.gz,2
who.gho.mdg-0000000007,MDG_0000000007:POL:SEX_FMLE:AGEGROUP_YEARSUNDER5:WEALTHQUINTILE_TOTL,1954-01-01,2026-09-07T16:09:26Z,low,87.02412109,,who.gho.mdg-0000000007,raw/who.gho.mdg-0000000007/2026/09/20260907T160926Z-3ee37906b339.json.gz,2
who.gho.mdg-0000000007,MDG_0000000007:POL:SEX_FMLE:AGEGROUP_YEARSUNDER5:WEALTHQUINTILE_TOTL,1954-01-01,2026-09-07T16:09:26Z,restated_at,2026-08-05,,who.gho.mdg-0000000007,raw/who.gho.mdg-0000000007/2026/09/20260907T160926Z-3ee37906b339.json.gz,2
who.gho.mdg-0000000007,MDG_0000000007:POL:SEX_FMLE:AGEGROUP_YEARSUNDER5:WEALTHQUINTILE_TOTL,1954-01-01,2026-09-07T16:09:26Z,value,93.180330034,,who.gho.mdg-0000000007,raw/who.gho.mdg-0000000007/2026/09/20260907T160926Z-3ee37906b339.json.gz,2
who.gho.mdg-0000000007,MDG_0000000007:POL:SEX_MLE:AGEGROUP_YEARSUNDER5:WEALTHQUINTILE_TOTL,1954-01-01,2026-09-07T16:05:06Z,high,118.329617204,,who.gho.mdg-0000000007,raw/who.gho.mdg-0000000007/2026/09/20260907T160506Z-a219a21e2a4a.json.gz,2
who.gho.mdg-0000000007,MDG_0000000007:POL:SEX_MLE:AGEGROUP_YEARSUNDER5:WEALTHQUINTILE_TOTL,1954-01-01,2026-09-07T16:05:06Z,low,103.411920622,,who.gho.mdg-0000000007,raw/who.gho.mdg-0000000007/2026/09/20260907T160506Z-a219a21e2a4a.json.gz,2
who.gho.mdg-0000000007,MDG_0000000007:POL:SEX_MLE:AGEGROUP_YEARSUNDER5:WEALTHQUINTILE_TOTL,1954-01-01,2026-09-07T16:05:06Z,restated_at,2026-08-05,,who.gho.mdg-0000000007,raw/who.gho.mdg-0000000007/2026/09/20260907T160506Z-a219a21e2a4a.json.gz,2
who.gho.mdg-0000000007,MDG_0000000007:POL:SEX_MLE:AGEGROUP_YEARSUNDER5:WEALTHQUINTILE_TOTL,1954-01-01,2026-09-07T16:05:06Z,value,110.66576262,,who.gho.mdg-0000000007,raw/who.gho.mdg-0000000007/2026/09/20260907T160506Z-a219a21e2a4a.json.gz,2
who.gho.mdg-0000000007,MDG_0000000007:PRK:SEX_BTSX:AGEGROUP_YEARSUNDER5:WEALTHQUINTILE_TOTL,1954-01-01,2026-09-07T16:08:41Z,high,216.43990517,,who.gho.mdg-0000000007,raw/who.gho.mdg-0000000007/2026/09/20260907T160841Z-d67f78e4b8d9.json.gz,2
who.gho.mdg-0000000007,MDG_0000000007:PRK:SEX_BTSX:AGEGROUP_YEARSUNDER5:WEALTHQUINTILE_TOTL,1954-01-01,2026-09-07T16:08:41Z,low,132.384944188,,who.gho.mdg-0000000007,raw/who.gho.mdg-0000000007/2026/09/20260907T160841Z-d67f78e4b8d9.json.gz,2
who.gho.mdg-0000000007,MDG_0000000007:PRK:SEX_BTSX:AGEGROUP_YEARSUNDER5:WEALTHQUINTILE_TOTL,1954-01-01,2026-09-07T16:08:41Z,restated_at,2025-04-15,,who.gho.mdg-0000000007,raw/who.gho.mdg-0000000007/2026/09/20260907T160841Z-d67f78e4b8d9.json.gz,2
who.gho.mdg-0000000007,MDG_0000000007:PRK:SEX_BTSX:AGEGROUP_YEARSUNDER5:WEALTHQUINTILE_TOTL,1954-01-01,2026-09-07T16:08:41Z,value,169.046384441,,who.gho.mdg-0000000007,raw/who.gho.mdg-0000000007/2026/09/20260907T160841Z-d67f78e4b8d9.json.gz,2
who.gho.mdg-0000000007,MDG_0000000007:PRK:SEX_FMLE:AGEGROUP_YEARSUNDER5:WEALTHQUINTILE_TOTL,1954-01-01,2026-09-07T16:05:14Z,high,206.869607754,,who.gho.mdg-0000000007,raw/who.gho.mdg-0000000007/2026/09/20260907T160514Z-6205b585146a.json.gz,2
who.gho.mdg-0000000007,MDG_0000000007:PRK:SEX_FMLE:AGEGROUP_YEARSUNDER5:WEALTHQUINTILE_TOTL,1954-01-01,2026-09-07T16:05:14Z,low,125.542951352,,who.gho.mdg-0000000007,raw/who.gho.mdg-0000000007/2026/09/20260907T160514Z-6205b585146a.json.gz,2
who.gho.mdg-0000000007,MDG_0000000007:PRK:SEX_FMLE:AGEGROUP_YEARSUNDER5:WEALTHQUINTILE_TOTL,1954-01-01,2026-09-07T16:05:14Z,restated_at,2026-08-05,,who.gho.mdg-0000000007,raw/who.gho.mdg-0000000007/2026/09/20260907T160514Z-6205b585146a.json.gz,2
who.gho.mdg-0000000007,MDG_0000000007:PRK:SEX_FMLE:AGEGROUP_YEARSUNDER5:WEALTHQUINTILE_TOTL,1954-01-01,2026-09-07T16:05:14Z,value,160.568552211,,who.gho.mdg-0000000007,raw/who.gho.mdg-0000000007/2026/09/20260907T160514Z-6205b585146a.json.gz,2
who.gho.mdg-0000000007,MDG_0000000007:PRK:SEX_MLE:AGEGROUP_YEARSUNDER5:WEALTHQUINTILE_TOTL,1954-01-01,2026-09-07T16:09:59Z,high,227.026602937,,who.gho.mdg-0000000007,raw/who.gho.mdg-0000000007/2026/09/20260907T160959Z-e41937f31aea.json.gz,2
who.gho.mdg-0000000007,MDG_0000000007:PRK:SEX_MLE:AGEGROUP_YEARSUNDER5:WEALTHQUINTILE_TOTL,1954-01-01,2026-09-07T16:09:59Z,low,138.094925505,,who.gho.mdg-0000000007,raw/who.gho.mdg-0000000007/2026/09/20260907T160959Z-e41937f31aea.json.gz,2
who.gho.mdg-0000000007,MDG_0000000007:PRK:SEX_MLE:AGEGROUP_YEARSUNDER5:WEALTHQUINTILE_TOTL,1954-01-01,2026-09-07T16:09:59Z,restated_at,2026-08-05,,who.gho.mdg-0000000007,raw/who.gho.mdg-0000000007/2026/09/20260907T160959Z-e41937f31aea.json.gz,2
who.gho.mdg-0000000007,MDG_0000000007:PRK:SEX_MLE:AGEGROUP_YEARSUNDER5:WEALTHQUINTILE_TOTL,1954-01-01,2026-09-07T16:09:59Z,value,177.044121862,,who.gho.mdg-0000000007,raw/who.gho.mdg-0000000007/2026/09/20260907T160959Z-e41937f31aea.json.gz,2
who.gho.mdg-0000000007,MDG_0000000007:PRT:SEX_BTSX:AGEGROUP_YEARSUNDER5:WEALTHQUINTILE_TOTL,1954-01-01,2026-09-07T16:10:53Z,high,135.817052082,,who.gho.mdg-0000000007,raw/who.gho.mdg-0000000007/2026/09/20260907T161053Z-9a5808e2a757.json.gz,2
who.gho.mdg-0000000007,MDG_0000000007:PRT:SEX_BTSX:AGEGROUP_YEARSUNDER5:WEALTHQUINTILE_TOTL,1954-01-01,2026-09-07T16:10:53Z,low,126.217172602,,who.gho.mdg-0000000007,raw/who.gho.mdg-0000000007/2026/09/20260907T161053Z-9a5808e2a757.json.gz,2
who.gho.mdg-0000000007,MDG_0000000007:PRT:SEX_BTSX:AGEGROUP_YEARSUNDER5:WEALTHQUINTILE_TOTL,1954-01-01,2026-09-07T16:10:53Z,restated_at,2026-08-05,,who.gho.mdg-0000000007,raw/who.gho.mdg-0000000007/2026/09/20260907T161053Z-9a5808e2a757.json.gz,2
who.gho.mdg-0000000007,MDG_0000000007:PRT:SEX_BTSX:AGEGROUP_YEARSUNDER5:WEALTHQUINTILE_TOTL,1954-01-01,2026-09-07T16:10:53Z,value,130.903075892,,who.gho.mdg-0000000007,raw/who.gho.mdg-0000000007/2026/09/20260907T161053Z-9a5808e2a757.json.gz,2
who.gho.mdg-0000000007,MDG_0000000007:PRT:SEX_FMLE:AGEGROUP_YEARSUNDER5:WEALTHQUINTILE_TOTL,1954-01-01,2026-09-07T16:05:31Z,high,129.288850047,,who.gho.mdg-0000000007,raw/who.gho.mdg-0000000007/2026/09/20260907T160531Z-a90a9bba0858.json.gz,2
who.gho.mdg-0000000007,MDG_0000000007:PRT:SEX_FMLE:AGEGROUP_YEARSUNDER5:WEALTHQUINTILE_TOTL,1954-01-01,2026-09-07T16:05:31Z,low,119.769323592,,who.gho.mdg-0000000007,raw/who.gho.mdg-0000000007/2026/09/20260907T160531Z-a90a9bba0858.json.gz,2
who.gho.mdg-0000000007,MDG_0000000007:PRT:SEX_FMLE:AGEGROUP_YEARSUNDER5:WEALTHQUINTILE_TOTL,1954-01-01,2026-09-07T16:05:31Z,restated_at,2026-08-05,,who.gho.mdg-0000000007,raw/who.gho.mdg-0000000007/2026/09/20260907T160531Z-a90a9bba0858.json.gz,2
who.gho.mdg-0000000007,MDG_0000000007:PRT:SEX_FMLE:AGEGROUP_YEARSUNDER5:WEALTHQUINTILE_TOTL,1954-01-01,2026-09-07T16:05:31Z,value,124.52898849,,who.gho.mdg-0000000007,raw/who.gho.mdg-0000000007/2026/09/20260907T160531Z-a90a9bba0858.json.gz,2
who.gho.mdg-0000000007,MDG_0000000007:PRT:SEX_MLE:AGEGROUP_YEARSUNDER5:WEALTHQUINTILE_TOTL,1954-01-01,2026-09-07T16:10:03Z,high,142.380498119,,who.gho.mdg-0000000007,raw/who.gho.mdg-0000000007/2026/09/20260907T161003Z-9bcc9b7e7da4.json.gz,2
who.gho.mdg-0000000007,MDG_0000000007:PRT:SEX_MLE:AGEGROUP_YEARSUNDER5:WEALTHQUINTILE_TOTL,1954-01-01,2026-09-07T16:10:03Z,low,131.891629429,,who.gho.mdg-0000000007,raw/who.gho.mdg-0000000007/2026/09/20260907T161003Z-9bcc9b7e7da4.json.gz,2
who.gho.mdg-0000000007,MDG_0000000007:PRT:SEX_MLE:AGEGROUP_YEARSUNDER5:WEALTHQUINTILE_TOTL,1954-01-01,2026-09-07T16:10:03Z,restated_at,2026-08-05,,who.gho.mdg-0000000007,raw/who.gho.mdg-0000000007/2026/09/20260907T161003Z-9bcc9b7e7da4.json.gz,2
who.gho.mdg-0000000007,MDG_0000000007:PRT:SEX_MLE:AGEGROUP_YEARSUNDER5:WEALTHQUINTILE_TOTL,1954-01-01,2026-09-07T16:10:03Z,value,137.000317823,,who.gho.mdg-0000000007,raw/who.gho.mdg-0000000007/2026/09/20260907T161003Z-9bcc9b7e7da4.json.gz,2
who.gho.mdg-0000000007,MDG_0000000007:SDN:SEX_BTSX:AGEGROUP_YEARSUNDER5:WEALTHQUINTILE_TOTL,1954-01-01,2026-09-07T16:05:48Z,high,225.730086046,,who.gho.mdg-0000000007,raw/who.gho.mdg-0000000007/2026/09/20260907T160548Z-1609a76f5ecc.json.gz,2
who.gho.mdg-0000000007,MDG_0000000007:SDN:SEX_BTSX:AGEGROUP_YEARSUNDER5:WEALTHQUINTILE_TOTL,1954-01-01,2026-09-07T16:05:48Z,low,170.315855049,,who.gho.mdg-0000000007,raw/who.gho.mdg-0000000007/2026/09/20260907T160548Z-1609a76f5ecc.json.gz,2
who.gho.mdg-0000000007,MDG_0000000007:SDN:SEX_BTSX:AGEGROUP_YEARSUNDER5:WEALTHQUINTILE_TOTL,1954-01-01,2026-09-07T16:05:48Z,restated_at,2026-08-05,,who.gho.mdg-0000000007,raw/who.gho.mdg-0000000007/2026/09/20260907T160548Z-1609a76f5ecc.json.gz,2
who.gho.mdg-0000000007,MDG_0000000007:SDN:SEX_BTSX:AGEGROUP_YEARSUNDER5:WEALTHQUINTILE_TOTL,1954-01-01,2026-09-07T16:05:48Z,value,197.118009659,,who.gho.mdg-0000000007,raw/who.gho.mdg-0000000007/2026/09/20260907T160548Z-1609a76f5ecc.json.gz,2
who.gho.mdg-0000000007,MDG_0000000007:SEN:SEX_BTSX:AGEGROUP_YEARSUNDER5:WEALTHQUINTILE_TOTL,1954-01-01,2026-09-07T16:10:24Z,high,351.633278394,,who.gho.mdg-0000000007,raw/who.gho.mdg-0000000007/2026/09/20260907T161024Z-808a2a46070d.json.gz,2
who.gho.mdg-0000000007,MDG_0000000007:SEN:SEX_BTSX:AGEGROUP_YEARSUNDER5:WEALTHQUINTILE_TOTL,1954-01-01,2026-09-07T16:10:24Z,low,283.696915863,,who.gho.mdg-0000000007,raw/who.gho.mdg-0000000007/2026/09/20260907T161024Z-808a2a46070d.json.gz,2
who.gho.mdg-0000000007,MDG_0000000007:SEN:SEX_BTSX:AGEGROUP_YEARSUNDER5:WEALTHQUINTILE_TOTL,1954-01-01,2026-09-07T16:10:24Z,restated_at,2026-08-05,,who.gho.mdg-0000000007,raw/who.gho.mdg-0000000007/2026/09/20260907T161024Z-808a2a46070d.json.gz,2
who.gho.mdg-0000000007,MDG_0000000007:SEN:SEX_BTSX:AGEGROUP_YEARSUNDER5:WEALTHQUINTILE_TOTL,1954-01-01,2026-09-07T16:10:24Z,value,315.183950973,,who.gho.mdg-0000000007,raw/who.gho.mdg-0000000007/2026/09/20260907T161024Z-808a2a46070d.json.gz,2
who.gho.mdg-0000000007,MDG_0000000007:SEN:SEX_FMLE:AGEGROUP_YEARSUNDER5:WEALTHQUINTILE_TOTL,1954-01-01,2026-09-07T16:09:46Z,high,345.840983024,,who.gho.mdg-0000000007,raw/who.gho.mdg-0000000007/2026/09/20260907T160946Z-716d23d235ed.json.gz,2
who.gho.mdg-0000000007,MDG_0000000007:SEN:SEX_FMLE:AGEGROUP_YEARSUNDER5:WEALTHQUINTILE_TOTL,1954-01-01,2026-09-07T16:09:46Z,low,277.015180326,,who.gho.mdg-0000000007,raw/who.gho.mdg-0000000007/2026/09/20260907T160946Z-716d23d235ed.json.gz,2
who.gho.mdg-0000000007,MDG_0000000007:SEN:SEX_FMLE:AGEGROUP_YEARSUNDER5:WEALTHQUINTILE_TOTL,1954-01-01,2026-09-07T16:09:46Z,restated_at,2026-08-05,,who.gho.mdg-0000000007,raw/who.gho.mdg-0000000007/2026/09/20260907T160946Z-716d23d235ed.json.gz,2
who.gho.mdg-0000000007,MDG_0000000007:SEN:SEX_FMLE:AGEGROUP_YEARSUNDER5:WEALTHQUINTILE_TOTL,1954-01-01,2026-09-07T16:09:46Z,value,309.335013686,,who.gho.mdg-0000000007,raw/who.gho.mdg-0000000007/2026/09/20260907T160946Z-716d23d235ed.json.gz,2
who.gho.mdg-0000000007,MDG_0000000007:SEN:SEX_MLE:AGEGROUP_YEARSUNDER5:WEALTHQUINTILE_TOTL,1954-01-01,2026-09-07T16:06:21Z,high,358.766408211,,who.gho.mdg-0000000007,raw/who.gho.mdg-0000000007/2026/09/20260907T160621Z-1819ad2538c7.json.gz,2
who.gho.mdg-0000000007,MDG_0000000007:SEN:SEX_MLE:AGEGROUP_YEARSUNDER5:WEALTHQUINTILE_TOTL,1954-01-01,2026-09-07T16:06:21Z,low,287.456568523,,who.gho.mdg-0000000007,raw/who.gho.mdg-0000000007/2026/09/20260907T160621Z-1819ad2538c7.json.gz,2
who.gho.mdg-0000000007,MDG_0000000007:SEN:SEX_MLE:AGEGROUP_YEARSUNDER5:WEALTHQUINTILE_TOTL,1954-01-01,2026-09-07T16:06:21Z,restated_at,2026-08-05,,who.gho.mdg-0000000007,raw/who.gho.mdg-0000000007/2026/09/20260907T160621Z-1819ad2538c7.json.gz,2
who.gho.mdg-0000000007,MDG_0000000007:SEN:SEX_MLE:AGEGROUP_YEARSUNDER5:WEALTHQUINTILE_TOTL,1954-01-01,2026-09-07T16:06:21Z,value,320.752689909,,who.gho.mdg-0000000007,raw/who.gho.mdg-0000000007/2026/09/20260907T160621Z-1819ad2538c7.json.gz,2
who.gho.mdg-0000000007,MDG_0000000007:SGP:SEX_BTSX:AGEGROUP_YEARSUNDER5:WEALTHQUINTILE_TOTL,1954-01-01,2026-09-07T16:05:52Z,high,83.82503838,,who.gho.mdg-0000000007,raw/who.gho.mdg-0000000007/2026/09/20260907T160552Z-f44dce2e8a23.json.gz,2
who.gho.mdg-0000000007,MDG_0000000007:SGP:SEX_BTSX:AGEGROUP_YEARSUNDER5:WEALTHQUINTILE_TOTL,1954-01-01,2026-09-07T16:05:52Z,low,72.782949709,,who.gho.mdg-0000000007,raw/who.gho.mdg-0000000007/2026/09/20260907T160552Z-f44dce2e8a23.json.gz,2
who.gho.mdg-0000000007,MDG_0000000007:SGP:SEX_BTSX:AGEGROUP_YEARSUNDER5:WEALTHQUINTILE_TOTL,1954-01-01,2026-09-07T16:05:52Z,restated_at,2026-08-05,,who.gho.mdg-0000000007,raw/who.gho.mdg-0000000007/2026/09/20260907T160552Z-f44dce2e8a23.json.gz,2
who.gho.mdg-0000000007,MDG_0000000007:SGP:SEX_BTSX:AGEGROUP_YEARSUNDER5:WEALTHQUINTILE_TOTL,1954-01-01,2026-09-07T16:05:52Z,value,77.972154601,,who.gho.mdg-0000000007,raw/who.gho.mdg-0000000007/2026/09/20260907T160552Z-f44dce2e8a23.json.gz,2
who.gho.mdg-0000000007,MDG_0000000007:SGP:SEX_FMLE:AGEGROUP_YEARSUNDER5:WEALTHQUINTILE_TOTL,1954-01-01,2026-09-07T16:10:33Z,high,78.920818301,,who.gho.mdg-0000000007,raw/who.gho.mdg-0000000007/2026/09/20260907T161033Z-0396663e197a.json.gz,2
who.gho.mdg-0000000007,MDG_0000000007:SGP:SEX_FMLE:AGEGROUP_YEARSUNDER5:WEALTHQUINTILE_TOTL,1954-01-01,2026-09-07T16:10:33Z,low,68.200582264,,who.gho.mdg-0000000007,raw/who.gho.mdg-0000000007/2026/09/20260907T161033Z-0396663e197a.json.gz,2
who.gho.mdg-0000000007,MDG_0000000007:SGP:SEX_FMLE:AGEGROUP_YEARSUNDER5:WEALTHQUINTILE_TOTL,1954-01-01,2026-09-07T16:10:33Z,restated_at,2026-08-05,,who.gho.mdg-0000000007,raw/who.gho.mdg-0000000007/2026/09/20260907T161033Z-0396663e197a.json.gz,2
who.gho.mdg-0000000007,MDG_0000000007:SGP:SEX_FMLE:AGEGROUP_YEARSUNDER5:WEALTHQUINTILE_TOTL,1954-01-01,2026-09-07T16:10:33Z,value,73.311896736,,who.gho.mdg-0000000007,raw/who.gho.mdg-0000000007/2026/09/20260907T161033Z-0396663e197a.json.gz,2
who.gho.mdg-0000000007,MDG_0000000007:SGP:SEX_MLE:AGEGROUP_YEARSUNDER5:WEALTHQUINTILE_TOTL,1954-01-01,2026-09-07T16:10:37Z,high,88.678806757,,who.gho.mdg-0000000007,raw/who.gho.mdg-0000000007/2026/09/20260907T161037Z-dfd3d6a5a745.json.gz,2
who.gho.mdg-0000000007,MDG_0000000007:SGP:SEX_MLE:AGEGROUP_YEARSUNDER5:WEALTHQUINTILE_TOTL,1954-01-01,2026-09-07T16:10:37Z,low,76.815906072,,who.gho.mdg-0000000007,raw/who.gho.mdg-0000000007/2026/09/20260907T161037Z-dfd3d6a5a745.json.gz,2
who.gho.mdg-0000000007,MDG_0000000007:SGP:SEX_MLE:AGEGROUP_YEARSUNDER5:WEALTHQUINTILE_TOTL,1954-01-01,2026-09-07T16:10:37Z,restated_at,2026-08-05,,who.gho.mdg-0000000007,raw/who.gho.mdg-0000000007/2026/09/20260907T161037Z-dfd3d6a5a745.json.gz,2
who.gho.mdg-0000000007,MDG_0000000007:SGP:SEX_MLE:AGEGROUP_YEARSUNDER5:WEALTHQUINTILE_TOTL,1954-01-01,2026-09-07T16:10:37Z,value,82.41210529,,who.gho.mdg-0000000007,raw/who.gho.mdg-0000000007/2026/09/20260907T161037Z-dfd3d6a5a745.json.gz,2
who.gho.mdg-0000000007,MDG_0000000007:SLB:SEX_BTSX:AGEGROUP_YEARSUNDER5:WEALTHQUINTILE_TOTL,1954-01-01,2026-09-07T16:10:53Z,high,230.980000391,,who.gho.mdg-0000000007,raw/who.gho.mdg-0000000007/2026/09/20260907T161053Z-9a5808e2a757.json.gz,2
who.gho.mdg-0000000007,MDG_0000000007:SLB:SEX_BTSX:AGEGROUP_YEARSUNDER5:WEALTHQUINTILE_TOTL,1954-01-01,2026-09-07T16:10:53Z,low,184.878648695,,who.gho.mdg-0000000007,raw/who.gho.mdg-0000000007/2026/09/20260907T161053Z-9a5808e2a757.json.gz,2
who.gho.mdg-0000000007,MDG_0000000007:SLB:SEX_BTSX:AGEGROUP_YEARSUNDER5:WEALTHQUINTILE_TOTL,1954-01-01,2026-09-07T16:10:53Z,restated_at,2026-08-05,,who.gho.mdg-0000000007,raw/who.gho.mdg-0000000007/2026/09/20260907T161053Z-9a5808e2a757.json.gz,2
who.gho.mdg-0000000007,MDG_0000000007:SLB:SEX_BTSX:AGEGROUP_YEARSUNDER5:WEALTHQUINTILE_TOTL,1954-01-01,2026-09-07T16:10:53Z,value,206.439949399,,who.gho.mdg-0000000007,raw/who.gho.mdg-0000000007/2026/09/20260907T161053Z-9a5808e2a757.json.gz,2
who.gho.mdg-0000000007,MDG_0000000007:SLB:SEX_FMLE:AGEGROUP_YEARSUNDER5:WEALTHQUINTILE_TOTL,1954-01-01,2026-09-07T16:09:46Z,high,224.580366565,,who.gho.mdg-0000000007,raw/who.gho.mdg-0000000007/2026/09/20260907T160946Z-716d23d235ed.json.gz,2
who.gho.mdg-0000000007,MDG_0000000007:SLB:SEX_FMLE:AGEGROUP_YEARSUNDER5:WEALTHQUINTILE_TOTL,1954-01-01,2026-09-07T16:09:46Z,low,176.827080451,,who.gho.mdg-0000000007,raw/who.gho.mdg-0000000007/2026/09/20260907T160946Z-716d23d235ed.json.gz,2
who.gho.mdg-0000000007,MDG_0000000007:SLB:SEX_FMLE:AGEGROUP_YEARSUNDER5:WEALTHQUINTILE_TOTL,1954-01-01,2026-09-07T16:09:46Z,restated_at,2026-08-05,,who.gho.mdg-0000000007,raw/who.gho.mdg-0000000007/2026/09/20260907T160946Z-716d23d235ed.json.gz,2
who.gho.mdg-0000000007,MDG_0000000007:SLB:SEX_FMLE:AGEGROUP_YEARSUNDER5:WEALTHQUINTILE_TOTL,1954-01-01,2026-09-07T16:09:46Z,value,198.96807865,,who.gho.mdg-0000000007,raw/who.gho.mdg-0000000007/2026/09/20260907T160946Z-716d23d235ed.json.gz,2
who.gho.mdg-0000000007,MDG_0000000007:SLB:SEX_MLE:AGEGROUP_YEARSUNDER5:WEALTHQUINTILE_TOTL,1954-01-01,2026-09-07T16:10:37Z,high,240.76916291,,who.gho.mdg-0000000007,raw/who.gho.mdg-0000000007/2026/09/20260907T161037Z-dfd3d6a5a745.json.gz,2
who.gho.mdg-0000000007,MDG_0000000007:SLB:SEX_MLE:AGEGROUP_YEARSUNDER5:WEALTHQUINTILE_TOTL,1954-01-01,2026-09-07T16:10:37Z,low,189.84610394,,who.gho.mdg-0000000007,raw/who.gho.mdg-0000000007/2026/09/20260907T161037Z-dfd3d6a5a745.json.gz,2
who.gho.mdg-0000000007,MDG_0000000007:SLB:SEX_MLE:AGEGROUP_YEARSUNDER5:WEALTHQUINTILE_TOTL,1954-01-01,2026-09-07T16:10:37Z,restated_at,2026-08-05,,who.gho.mdg-0000000007,raw/who.gho.mdg-0000000007/2026/09/20260907T161037Z-dfd3d6a5a745.json.gz,2
who.gho.mdg-0000000007,MDG_0000000007:SLB:SEX_MLE:AGEGROUP_YEARSUNDER5:WEALTHQUINTILE_TOTL,1954-01-01,2026-09-07T16:10:37Z,value,213.25820406,,who.gho.mdg-0000000007,raw/who.gho.mdg-0000000007/2026/09/20260907T161037Z-dfd3d6a5a745.json.gz,2
who.gho.mdg-0000000007,MDG_0000000007:SSD:SEX_BTSX:AGEGROUP_YEARSUNDER5:WEALTHQUINTILE_TOTL,1954-01-01,2026-09-07T16:09:54Z,high,481.115122206,,who.gho.mdg-0000000007,raw/who.gho.mdg-0000000007/2026/09/20260907T160954Z-3426e3999bb4.json.gz,2
who.gho.mdg-0000000007,MDG_0000000007:SSD:SEX_BTSX:AGEGROUP_YEARSUNDER5:WEALTHQUINTILE_TOTL,1954-01-01,2026-09-07T16:09:54Z,low,289.021873449,,who.gho.mdg-0000000007,raw/who.gho.mdg-0000000007/2026/09/20260907T160954Z-3426e3999bb4.json.gz,2
who.gho.mdg-0000000007,MDG_0000000007:SSD:SEX_BTSX:AGEGROUP_YEARSUNDER5:WEALTHQUINTILE_TOTL,1954-01-01,2026-09-07T16:09:54Z,restated_at,2026-08-05,,who.gho.mdg-0000000007,raw/who.gho.mdg-0000000007/2026/09/20260907T160954Z-3426e3999bb4.json.gz,2
who.gho.mdg-0000000007,MDG_0000000007:SSD:SEX_BTSX:AGEGROUP_YEARSUNDER5:WEALTHQUINTILE_TOTL,1954-01-01,2026-09-07T16:09:54Z,value,368.35776767,,who.gho.mdg-0000000007,raw/who.gho.mdg-0000000007/2026/09/20260907T160954Z-3426e3999bb4.json.gz,2
who.gho.mdg-0000000007,MDG_0000000007:SSD:SEX_FMLE:AGEGROUP_YEARSUNDER5:WEALTHQUINTILE_TOTL,1954-01-01,2026-09-07T16:08:41Z,high,471.880615013,,who.gho.mdg-0000000007,raw/who.gho.mdg-0000000007/2026/09/20260907T160841Z-d67f78e4b8d9.json.gz,2
who.gho.mdg-0000000007,MDG_0000000007:SSD:SEX_FMLE:AGEGROUP_YEARSUNDER5:WEALTHQUINTILE_TOTL,1954-01-01,2026-09-07T16:08:41Z,low,280.70206322,,who.gho.mdg-0000000007,raw/who.gho.mdg-0000000007/2026/09/20260907T160841Z-d67f78e4b8d9.json.gz,2
who.gho.mdg-0000000007,MDG_0000000007:SSD:SEX_FMLE:AGEGROUP_YEARSUNDER5:WEALTHQUINTILE_TOTL,1954-01-01,2026-09-07T16:08:41Z,restated_at,2026-08-05,,who.gho.mdg-0000000007,raw/who.gho.mdg-0000000007/2026/09/20260907T160841Z-d67f78e4b8d9.json.gz,2
who.gho.mdg-0000000007,MDG_0000000007:SSD:SEX_FMLE:AGEGROUP_YEARSUNDER5:WEALTHQUINTILE_TOTL,1954-01-01,2026-09-07T16:08:41Z,value,359.283967863,,who.gho.mdg-0000000007,raw/who.gho.mdg-0000000007/2026/09/20260907T160841Z-d67f78e4b8d9.json.gz,2
who.gho.mdg-0000000007,MDG_0000000007:SSD:SEX_MLE:AGEGROUP_YEARSUNDER5:WEALTHQUINTILE_TOTL,1954-01-01,2026-09-07T16:10:53Z,high,494.707367595,,who.gho.mdg-0000000007,raw/who.gho.mdg-0000000007/2026/09/20260907T161053Z-9a5808e2a757.json.gz,2
who.gho.mdg-0000000007,MDG_0000000007:SSD:SEX_MLE:AGEGROUP_YEARSUNDER5:WEALTHQUINTILE_TOTL,1954-01-01,2026-09-07T16:10:53Z,low,294.741958728,,who.gho.mdg-0000000007,raw/who.gho.mdg-0000000007/2026/09/20260907T161053Z-9a5808e2a757.json.gz,2
who.gho.mdg-0000000007,MDG_0000000007:SSD:SEX_MLE:AGEGROUP_YEARSUNDER5:WEALTHQUINTILE_TOTL,1954-01-01,2026-09-07T16:10:53Z,restated_at,2026-08-05,,who.gho.mdg-0000000007,raw/who.gho.mdg-0000000007/2026/09/20260907T161053Z-9a5808e2a757.json.gz,2
who.gho.mdg-0000000007,MDG_0000000007:SSD:SEX_MLE:AGEGROUP_YEARSUNDER5:WEALTHQUINTILE_TOTL,1954-01-01,2026-09-07T16:10:53Z,value,377.337634196,,who.gho.mdg-0000000007,raw/who.gho.mdg-0000000007/2026/09/20260907T161053Z-9a5808e2a757.json.gz,2
who.gho.mdg-0000000007,MDG_0000000007:SVK:SEX_BTSX:AGEGROUP_YEARSUNDER5:WEALTHQUINTILE_TOTL,1954-01-01,2026-09-07T16:10:58Z,high,70.353715819,,who.gho.mdg-0000000007,raw/who.gho.mdg-0000000007/2026/09/20260907T161058Z-4d8f6ed35960.json.gz,2
who.gho.mdg-0000000007,MDG_0000000007:SVK:SEX_BTSX:AGEGROUP_YEARSUNDER5:WEALTHQUINTILE_TOTL,1954-01-01,2026-09-07T16:10:58Z,low,62.268661258,,who.gho.mdg-0000000007,raw/who.gho.mdg-0000000007/2026/09/20260907T161058Z-4d8f6ed35960.json.gz,2
who.gho.mdg-0000000007,MDG_0000000007:SVK:SEX_BTSX:AGEGROUP_YEARSUNDER5:WEALTHQUINTILE_TOTL,1954-01-01,2026-09-07T16:10:58Z,restated_at,2026-08-05,,who.gho.mdg-0000000007,raw/who.gho.mdg-0000000007/2026/09/20260907T161058Z-4d8f6ed35960.json.gz,2
who.gho.mdg-0000000007,MDG_0000000007:SVK:SEX_BTSX:AGEGROUP_YEARSUNDER5:WEALTHQUINTILE_TOTL,1954-01-01,2026-09-07T16:10:58Z,value,66.242225192,,who.gho.mdg-0000000007,raw/who.gho.mdg-0000000007/2026/09/20260907T161058Z-4d8f6ed35960.json.gz,2
who.gho.mdg-0000000007,MDG_0000000007:SVK:SEX_FMLE:AGEGROUP_YEARSUNDER5:WEALTHQUINTILE_TOTL,1954-01-01,2026-09-07T16:06:07Z,high,64.234556505,,who.gho.mdg-0000000007,raw/who.gho.mdg-0000000007/2026/09/20260907T160607Z-9445f1b065fa.json.gz,2
who.gho.mdg-0000000007,MDG_0000000007:SVK:SEX_FMLE:AGEGROUP_YEARSUNDER5:WEALTHQUINTILE_TOTL,1954-01-01,2026-09-07T16:06:07Z,low,55.111328748,,who.gho.mdg-0000000007,raw/who.gho.mdg-0000000007/2026/09/20260907T160607Z-9445f1b065fa.json.gz,2
who.gho.mdg-0000000007,MDG_0000000007:SVK:SEX_FMLE:AGEGROUP_YEARSUNDER5:WEALTHQUINTILE_TOTL,1954-01-01,2026-09-07T16:06:07Z,restated_at,2026-08-05,,who.gho.mdg-0000000007,raw/who.gho.mdg-0000000007/2026/09/20260907T160607Z-9445f1b065fa.json.gz,2
who.gho.mdg-0000000007,MDG_0000000007:SVK:SEX_FMLE:AGEGROUP_YEARSUNDER5:WEALTHQUINTILE_TOTL,1954-01-01,2026-09-07T16:06:07Z,value,59.65487269,,who.gho.mdg-0000000007,raw/who.gho.mdg-0000000007/2026/09/20260907T160607Z-9445f1b065fa.json.gz,2
who.gho.mdg-0000000007,MDG_0000000007:SVK:SEX_MLE:AGEGROUP_YEARSUNDER5:WEALTHQUINTILE_TOTL,1954-01-01,2026-09-07T16:09:38Z,high,77.898538163,,who.gho.mdg-0000000007,raw/who.gho.mdg-0000000007/2026/09/20260907T160938Z-81612038db74.json.gz,2
who.gho.mdg-0000000007,MDG_0000000007:SVK:SEX_MLE:AGEGROUP_YEARSUNDER5:WEALTHQUINTILE_TOTL,1954-01-01,2026-09-07T16:09:38Z,low,67.42851628,,who.gho.mdg-0000000007,raw/who.gho.mdg-0000000007/2026/09/20260907T160938Z-81612038db74.json.gz,2
who.gho.mdg-0000000007,MDG_0000000007:SVK:SEX_MLE:AGEGROUP_YEARSUNDER5:WEALTHQUINTILE_TOTL,1954-01-01,2026-09-07T16:09:38Z,restated_at,2026-08-05,,who.gho.mdg-0000000007,raw/who.gho.mdg-0000000007/2026/09/20260907T160938Z-81612038db74.json.gz,2
who.gho.mdg-0000000007,MDG_0000000007:SVK:SEX_MLE:AGEGROUP_YEARSUNDER5:WEALTHQUINTILE_TOTL,1954-01-01,2026-09-07T16:09:38Z,value,72.529700004,,who.gho.mdg-0000000007,raw/who.gho.mdg-0000000007/2026/09/20260907T160938Z-81612038db74.json.gz,2
who.gho.mdg-0000000007,MDG_0000000007:SWE:SEX_BTSX:AGEGROUP_YEARSUNDER5:WEALTHQUINTILE_TOTL,1954-01-01,2026-09-07T16:06:07Z,high,22.807021002,,who.gho.mdg-0000000007,raw/who.gho.mdg-0000000007/2026/09/20260907T160607Z-9445f1b065fa.json.gz,2
who.gho.mdg-0000000007,MDG_0000000007:SWE:SEX_BTSX:AGEGROUP_YEARSUNDER5:WEALTHQUINTILE_TOTL,1954-01-01,2026-09-07T16:06:07Z,low,21.889086875,,who.gho.mdg-0000000007,raw/who.gho.mdg-0000000007/2026/09/20260907T160607Z-9445f1b065fa.json.gz,2
who.gho.mdg-0000000007,MDG_0000000007:SWE:SEX_BTSX:AGEGROUP_YEARSUNDER5:WEALTHQUINTILE_TOTL,1954-01-01,2026-09-07T16:06:07Z,restated_at,2026-08-05,,who.gho.mdg-0000000007,raw/who.gho.mdg-0000000007/2026/09/20260907T160607Z-9445f1b065fa.json.gz,2
who.gho.mdg-0000000007,MDG_0000000007:SWE:SEX_BTSX:AGEGROUP_YEARSUNDER5:WEALTHQUINTILE_TOTL,1954-01-01,2026-09-07T16:06:07Z,value,22.348561875,,who.gho.mdg-0000000007,raw/who.gho.mdg-0000000007/2026/09/20260907T160607Z-9445f1b065fa.json.gz,2
who.gho.mdg-0000000007,MDG_0000000007:SWE:SEX_FMLE:AGEGROUP_YEARSUNDER5:WEALTHQUINTILE_TOTL,1954-01-01,2026-09-07T16:09:18Z,high,19.827357975,,who.gho.mdg-0000000007,raw/who.gho.mdg-0000000007/2026/09/20260907T160918Z-1f3ac080847d.json.gz,2
who.gho.mdg-0000000007,MDG_0000000007:SWE:SEX_FMLE:AGEGROUP_YEARSUNDER5:WEALTHQUINTILE_TOTL,1954-01-01,2026-09-07T16:09:18Z,low,18.814626465,,who.gho.mdg-0000000007,raw/who.gho.mdg-0000000007/2026/09/20260907T160918Z-1f3ac080847d.json.gz,2
who.gho.mdg-0000000007,MDG_0000000007:SWE:SEX_FMLE:AGEGROUP_YEARSUNDER5:WEALTHQUINTILE_TOTL,1954-01-01,2026-09-07T16:09:18Z,restated_at,2026-08-05,,who.gho.mdg-0000000007,raw/who.gho.mdg-0000000007/2026/09/20260907T160918Z-1f3ac080847d.json.gz,2
who.gho.mdg-0000000007,MDG_0000000007:SWE:SEX_FMLE:AGEGROUP_YEARSUNDER5:WEALTHQUINTILE_TOTL,1954-01-01,2026-09-07T16:09:18Z,value,19.322811205,,who.gho.mdg-0000000007,raw/who.gho.mdg-0000000007/2026/09/20260907T160918Z-1f3ac080847d.json.gz,2
who.gho.mdg-0000000007,MDG_0000000007:SWE:SEX_MLE:AGEGROUP_YEARSUNDER5:WEALTHQUINTILE_TOTL,1954-01-01,2026-09-07T16:11:01Z,high,25.828002466,,who.gho.mdg-0000000007,raw/who.gho.mdg-0000000007/2026/09/20260907T161101Z-fc76d9a7e10d.json.gz,2
who.gho.mdg-0000000007,MDG_0000000007:SWE:SEX_MLE:AGEGROUP_YEARSUNDER5:WEALTHQUINTILE_TOTL,1954-01-01,2026-09-07T16:11:01Z,low,24.634991465,,who.gho.mdg-0000000007,raw/who.gho.mdg-0000000007/2026/09/20260907T161101Z-fc76d9a7e10d.json.gz,2
who.gho.mdg-0000000007,MDG_0000000007:SWE:SEX_MLE:AGEGROUP_YEARSUNDER5:WEALTHQUINTILE_TOTL,1954-01-01,2026-09-07T16:11:01Z,restated_at,2026-08-05,,who.gho.mdg-0000000007,raw/who.gho.mdg-0000000007/2026/09/20260907T161101Z-fc76d9a7e10d.json.gz,2
who.gho.mdg-0000000007,MDG_0000000007:SWE:SEX_MLE:AGEGROUP_YEARSUNDER5:WEALTHQUINTILE_TOTL,1954-01-01,2026-09-07T16:11:01Z,value,25.241474162,,who.gho.mdg-0000000007,raw/who.gho.mdg-0000000007/2026/09/20260907T161101Z-fc76d9a7e10d.json.gz,2
who.gho.mdg-0000000007,MDG_0000000007:SWZ:SEX_BTSX:AGEGROUP_YEARSUNDER5:WEALTHQUINTILE_TOTL,1954-01-01,2026-09-07T16:05:48Z,high,262.087283909,,who.gho.mdg-0000000007,raw/who.gho.mdg-0000000007/2026/09/20260907T160548Z-1609a76f5ecc.json.gz,2
who.gho.mdg-0000000007,MDG_0000000007:SWZ:SEX_BTSX:AGEGROUP_YEARSUNDER5:WEALTHQUINTILE_TOTL,1954-01-01,2026-09-07T16:05:48Z,low,196.612517143,,who.gho.mdg-0000000007,raw/who.gho.mdg-0000000007/2026/09/20260907T160548Z-1609a76f5ecc.json.gz,2
who.gho.mdg-0000000007,MDG_0000000007:SWZ:SEX_BTSX:AGEGROUP_YEARSUNDER5:WEALTHQUINTILE_TOTL,1954-01-01,2026-09-07T16:05:48Z,restated_at,2026-08-05,,who.gho.mdg-0000000007,raw/who.gho.mdg-0000000007/2026/09/20260907T160548Z-1609a76f5ecc.json.gz,2
who.gho.mdg-0000000007,MDG_0000000007:SWZ:SEX_BTSX:AGEGROUP_YEARSUNDER5:WEALTHQUINTILE_TOTL,1954-01-01,2026-09-07T16:05:48Z,value,227.354359634,,who.gho.mdg-0000000007,raw/who.gho.mdg-0000000007/2026/09/20260907T160548Z-1609a76f5ecc.json.gz,2
who.gho.mdg-0000000007,MDG_0000000007:SWZ:SEX_FMLE:AGEGROUP_YEARSUNDER5:WEALTHQUINTILE_TOTL,1954-01-01,2026-09-07T16:09:22Z,high,251.679164376,,who.gho.mdg-0000000007,raw/who.gho.mdg-0000000007/2026/09/20260907T160922Z-b03be7779b07.json.gz,2
who.gho.mdg-0000000007,MDG_0000000007:SWZ:SEX_FMLE:AGEGROUP_YEARSUNDER5:WEALTHQUINTILE_TOTL,1954-01-01,2026-09-07T16:09:22Z,low,186.595203554,,who.gho.mdg-0000000007,raw/who.gho.mdg-0000000007/2026/09/20260907T160922Z-b03be7779b07.json.gz,2
who.gho.mdg-0000000007,MDG_0000000007:SWZ:SEX_FMLE:AGEGROUP_YEARSUNDER5:WEALTHQUINTILE_TOTL,1954-01-01,2026-09-07T16:09:22Z,restated_at,2026-08-05,,who.gho.mdg-0000000007,raw/who.gho.mdg-0000000007/2026/09/20260907T160922Z-b03be7779b07.json.gz,2
who.gho.mdg-0000000007,MDG_0000000007:SWZ:SEX_FMLE:AGEGROUP_YEARSUNDER5:WEALTHQUINTILE_TOTL,1954-01-01,2026-09-07T16:09:22Z,value,217.220757049,,who.gho.mdg-0000000007,raw/who.gho.mdg-0000000007/2026/09/20260907T160922Z-b03be7779b07.json.gz,2
who.gho.mdg-0000000007,MDG_0000000007:SWZ:SEX_MLE:AGEGROUP_YEARSUNDER5:WEALTHQUINTILE_TOTL,1954-01-01,2026-09-07T16:11:14Z,high,274.851924156,,who.gho.mdg-0000000007,raw/who.gho.mdg-0000000007/2026/09/20260907T161114Z-c1ae2408f442.json.gz,2
who.gho.mdg-0000000007,MDG_0000000007:SWZ:SEX_MLE:AGEGROUP_YEARSUNDER5:WEALTHQUINTILE_TOTL,1954-01-01,2026-09-07T16:11:14Z,low,204.259137214,,who.gho.mdg-0000000007,raw/who.gho.mdg-0000000007/2026/09/20260907T161114Z-c1ae2408f442.json.gz,2
who.gho.mdg-0000000007,MDG_0000000007:SWZ:SEX_MLE:AGEGROUP_YEARSUNDER5:WEALTHQUINTILE_TOTL,1954-01-01,2026-09-07T16:11:14Z,restated_at,2026-08-05,,who.gho.mdg-0000000007,raw/who.gho.mdg-0000000007/2026/09/20260907T161114Z-c1ae2408f442.json.gz,2
who.gho.mdg-0000000007,MDG_0000000007:SWZ:SEX_MLE:AGEGROUP_YEARSUNDER5:WEALTHQUINTILE_TOTL,1954-01-01,2026-09-07T16:11:14Z,value,237.222155196,,who.gho.mdg-0000000007,raw/who.gho.mdg-0000000007/2026/09/20260907T161114Z-c1ae2408f442.json.gz,2
who.gho.mdg-0000000007,MDG_0000000007:SYC:SEX_BTSX:AGEGROUP_YEARSUNDER5:WEALTHQUINTILE_TOTL,1954-01-01,2026-09-07T16:10:07Z,high,128.355714851,,who.gho.mdg-0000000007,raw/who.gho.mdg-0000000007/2026/09/20260907T161007Z-28c6cde3082c.json.gz,2
who.gho.mdg-0000000007,MDG_0000000007:SYC:SEX_BTSX:AGEGROUP_YEARSUNDER5:WEALTHQUINTILE_TOTL,1954-01-01,2026-09-07T16:10:07Z,low,97.375988954,,who.gho.mdg-0000000007,raw/who.gho.mdg-0000000007/2026/09/20260907T161007Z-28c6cde3082c.json.gz,2
who.gho.mdg-0000000007,MDG_0000000007:SYC:SEX_BTSX:AGEGROUP_YEARSUNDER5:WEALTHQUINTILE_TOTL,1954-01-01,2026-09-07T16:10:07Z,restated_at,2026-08-05,,who.gho.mdg-0000000007,raw/who.gho.mdg-0000000007/2026/09/20260907T161007Z-28c6cde3082c.json.gz,2
who.gho.mdg-0000000007,MDG_0000000007:SYC:SEX_BTSX:AGEGROUP_YEARSUNDER5:WEALTHQUINTILE_TOTL,1954-01-01,2026-09-07T16:10:07Z,value,111.786579524,,who.gho.mdg-0000000007,raw/who.gho.mdg-0000000007/2026/09/20260907T161007Z-28c6cde3082c.json.gz,2
who.gho.mdg-0000000007,MDG_0000000007:SYC:SEX_FMLE:AGEGROUP_YEARSUNDER5:WEALTHQUINTILE_TOTL,1954-01-01,2026-09-07T16:09:59Z,high,123.702003808,,who.gho.mdg-0000000007,raw/who.gho.mdg-0000000007/2026/09/20260907T160959Z-e41937f31aea.json.gz,2
who.gho.mdg-0000000007,MDG_0000000007:SYC:SEX_FMLE:AGEGROUP_YEARSUNDER5:WEALTHQUINTILE_TOTL,1954-01-01,2026-09-07T16:09:59Z,low,92.633379399,,who.gho.mdg-0000000007,raw/who.gho.mdg-0000000007/2026/09/20260907T160959Z-e41937f31aea.json.gz,2
who.gho.mdg-0000000007,MDG_0000000007:SYC:SEX_FMLE:AGEGROUP_YEARSUNDER5:WEALTHQUINTILE_TOTL,1954-01-01,2026-09-07T16:09:59Z,restated_at,2026-08-05,,who.gho.mdg-0000000007,raw/who.gho.mdg-0000000007/2026/09/20260907T160959Z-e41937f31aea.json.gz,2
who.gho.mdg-0000000007,MDG_0000000007:SYC:SEX_FMLE:AGEGROUP_YEARSUNDER5:WEALTHQUINTILE_TOTL,1954-01-01,2026-09-07T16:09:59Z,value,107.26268153,,who.gho.mdg-0000000007,raw/who.gho.mdg-0000000007/2026/09/20260907T160959Z-e41937f31aea.json.gz,2
who.gho.mdg-0000000007,MDG_0000000007:SYC:SEX_MLE:AGEGROUP_YEARSUNDER5:WEALTHQUINTILE_TOTL,1954-01-01,2026-09-07T16:06:34Z,high,133.843292032,,who.gho.mdg-0000000007,raw/who.gho.mdg-0000000007/2026/09/20260907T160634Z-2774fa4e213c.json.gz,2
who.gho.mdg-0000000007,MDG_0000000007:SYC:SEX_MLE:AGEGROUP_YEARSUNDER5:WEALTHQUINTILE_TOTL,1954-01-01,2026-09-07T16:06:34Z,low,100.332606552,,who.gho.mdg-0000000007,raw/who.gho.mdg-0000000007/2026/09/20260907T160634Z-2774fa4e213c.json.gz,2
who.gho.mdg-0000000007,MDG_0000000007:SYC:SEX_MLE:AGEGROUP_YEARSUNDER5:WEALTHQUINTILE_TOTL,1954-01-01,2026-09-07T16:06:34Z,restated_at,2026-08-05,,who.gho.mdg-0000000007,raw/who.gho.mdg-0000000007/2026/09/20260907T160634Z-2774fa4e213c.json.gz,2
who.gho.mdg-0000000007,MDG_0000000007:SYC:SEX_MLE:AGEGROUP_YEARSUNDER5:WEALTHQUINTILE_TOTL,1954-01-01,2026-09-07T16:06:34Z,value,116.073762305,,who.gho.mdg-0000000007,raw/who.gho.mdg-0000000007/2026/09/20260907T160634Z-2774fa4e213c.json.gz,2
who.gho.mdg-0000000007,MDG_0000000007:SYR:SEX_BTSX:AGEGROUP_YEARSUNDER5:WEALTHQUINTILE_TOTL,1954-01-01,2026-09-07T16:10:03Z,high,289.162904214,,who.gho.mdg-0000000007,raw/who.gho.mdg-0000000007/2026/09/20260907T161003Z-9bcc9b7e7da4.json.gz,2
who.gho.mdg-0000000007,MDG_0000000007:SYR:SEX_BTSX:AGEGROUP_YEARSUNDER5:WEALTHQUINTILE_TOTL,1954-01-01,2026-09-07T16:10:03Z,low,210.337860845,,who.gho.mdg-0000000007,raw/who.gho.mdg-0000000007/2026/09/20260907T161003Z-9bcc9b7e7da4.json.gz,2
who.gho.mdg-0000000007,MDG_0000000007:SYR:SEX_BTSX:AGEGROUP_YEARSUNDER5:WEALTHQUINTILE_TOTL,1954-01-01,2026-09-07T16:10:03Z,restated_at,2026-08-05,,who.gho.mdg-0000000007,raw/who.gho.mdg-0000000007/2026/09/20260907T161003Z-9bcc9b7e7da4.json.gz,2
who.gho.mdg-0000000007,MDG_0000000007:SYR:SEX_BTSX:AGEGROUP_YEARSUNDER5:WEALTHQUINTILE_TOTL,1954-01-01,2026-09-07T16:10:03Z,value,246.784615761,,who.gho.mdg-0000000007,raw/who.gho.mdg-0000000007/2026/09/20260907T161003Z-9bcc9b7e7da4.json.gz,2
who.gho.mdg-0000000007,MDG_0000000007:TCD:SEX_BTSX:AGEGROUP_YEARSUNDER5:WEALTHQUINTILE_TOTL,1954-01-01,2026-09-07T16:09:41Z,high,310.819598575,,who.gho.mdg-0000000007,raw/who.gho.mdg-0000000007/2026/09/20260907T160941Z-845bd0fc2e92.json.gz,2
who.gho.mdg-0000000007,MDG_0000000007:TCD:SEX_BTSX:AGEGROUP_YEARSUNDER5:WEALTHQUINTILE_TOTL,1954-01-01,2026-09-07T16:09:41Z,low,241.428192825,,who.gho.mdg-0000000007,raw/who.gho.mdg-0000000007/2026/09/20260907T160941Z-845bd0fc2e92.json.gz,2
who.gho.mdg-0000000007,MDG_0000000007:TCD:SEX_BTSX:AGEGROUP_YEARSUNDER5:WEALTHQUINTILE_TOTL,1954-01-01,2026-09-07T16:09:41Z,restated_at,2026-08-05,,who.gho.mdg-0000000007,raw/who.gho.mdg-0000000007/2026/09/20260907T160941Z-845bd0fc2e92.json.gz,2
who.gho.mdg-0000000007,MDG_0000000007:TCD:SEX_BTSX:AGEGROUP_YEARSUNDER5:WEALTHQUINTILE_TOTL,1954-01-01,2026-09-07T16:09:41Z,value,273.978188595,,who.gho.mdg-0000000007,raw/who.gho.mdg-0000000007/2026/09/20260907T160941Z-845bd0fc2e92.json.gz,2
who.gho.mdg-0000000007,MDG_0000000007:TCD:SEX_FMLE:AGEGROUP_YEARSUNDER5:WEALTHQUINTILE_TOTL,1954-01-01,2026-09-07T16:05:09Z,high,300.415996059,,who.gho.mdg-0000000007,raw/who.gho.mdg-0000000007/2026/09/20260907T160509Z-9066130499c7.json.gz,2
who.gho.mdg-0000000007,MDG_0000000007:TCD:SEX_FMLE:AGEGROUP_YEARSUNDER5:WEALTHQUINTILE_TOTL,1954-01-01,2026-09-07T16:05:09Z,low,231.270549674,,who.gho.mdg-0000000007,raw/who.gho.mdg-0000000007/2026/09/20260907T160509Z-9066130499c7.json.gz,2
who.gho.mdg-0000000007,MDG_0000000007:TCD:SEX_FMLE:AGEGROUP_YEARSUNDER5:WEALTHQUINTILE_TOTL,1954-01-01,2026-09-07T16:05:09Z,restated_at,2026-08-05,,who.gho.mdg-0000000007,raw/who.gho.mdg-0000000007/2026/09/20260907T160509Z-9066130499c7.json.gz,2
who.gho.mdg-0000000007,MDG_0000000007:TCD:SEX_FMLE:AGEGROUP_YEARSUNDER5:WEALTHQUINTILE_TOTL,1954-01-01,2026-09-07T16:05:09Z,value,263.407500837,,who.gho.mdg-0000000007,raw/who.gho.mdg-0000000007/2026/09/20260907T160509Z-9066130499c7.json.gz,2
who.gho.mdg-0000000007,MDG_0000000007:TCD:SEX_MLE:AGEGROUP_YEARSUNDER5:WEALTHQUINTILE_TOTL,1954-01-01,2026-09-07T16:08:45Z,high,323.008512431,,who.gho.mdg-0000000007,raw/who.gho.mdg-0000000007/2026/09/20260907T160845Z-9b23f1f1b45b.json.gz,2
who.gho.mdg-0000000007,MDG_0000000007:TCD:SEX_MLE:AGEGROUP_YEARSUNDER5:WEALTHQUINTILE_TOTL,1954-01-01,2026-09-07T16:08:45Z,low,249.604090818,,who.gho.mdg-0000000007,raw/who.gho.mdg-0000000007/2026/09/20260907T160845Z-9b23f1f1b45b.json.gz,2
who.gho.mdg-0000000007,MDG_0000000007:TCD:SEX_MLE:AGEGROUP_YEARSUNDER5:WEALTHQUINTILE_TOTL,1954-01-01,2026-09-07T16:08:45Z,restated_at,2026-08-05,,who.gho.mdg-0000000007,raw/who.gho.mdg-0000000007/2026/09/20260907T160845Z-9b23f1f1b45b.json.gz,2
who.gho.mdg-0000000007,MDG_0000000007:TCD:SEX_MLE:AGEGROUP_YEARSUNDER5:WEALTHQUINTILE_TOTL,1954-01-01,2026-09-07T16:08:45Z,value,284.038909062,,who.gho.mdg-0000000007,raw/who.gho.mdg-0000000007/2026/09/20260907T160845Z-9b23f1f1b45b.json.gz,2
who.gho.mdg-0000000007,MDG_0000000007:TGO:SEX_BTSX:AGEGROUP_YEARSUNDER5:WEALTHQUINTILE_TOTL,1954-01-01,2026-09-07T16:11:18Z,high,297.883380711,,who.gho.mdg-0000000007,raw/who.gho.mdg-0000000007/2026/09/20260907T161118Z-85c02b5f4e3c.json.gz,2
who.gho.mdg-0000000007,MDG_0000000007:TGO:SEX_BTSX:AGEGROUP_YEARSUNDER5:WEALTHQUINTILE_TOTL,1954-01-01,2026-09-07T16:11:18Z,low,249.43737964,,who.gho.mdg-0000000007,raw/who.gho.mdg-0000000007/2026/09/20260907T161118Z-85c02b5f4e3c.json.gz,2
who.gho.mdg-0000000007,MDG_0000000007:TGO:SEX_BTSX:AGEGROUP_YEARSUNDER5:WEALTHQUINTILE_TOTL,1954-01-01,2026-09-07T16:11:18Z,restated_at,2026-08-05,,who.gho.mdg-0000000007,raw/who.gho.mdg-0000000007/2026/09/20260907T161118Z-85c02b5f4e3c.json.gz,2
who.gho.mdg-0000000007,MDG_0000000007:TGO:SEX_BTSX:AGEGROUP_YEARSUNDER5:WEALTHQUINTILE_TOTL,1954-01-01,2026-09-07T16:11:18Z,value,272.627019226,,who.gho.mdg-0000000007,raw/who.gho.mdg-0000000007/2026/09/20260907T161118Z-85c02b5f4e3c.json.gz,2
who.gho.mdg-0000000007,MDG_0000000007:TGO:SEX_FMLE:AGEGROUP_YEARSUNDER5:WEALTHQUINTILE_TOTL,1954-01-01,2026-09-07T16:10:07Z,high,284.350178698,,who.gho.mdg-0000000007,raw/who.gho.mdg-0000000007/2026/09/20260907T161007Z-28c6cde3082c.json.gz,2
who.gho.mdg-0000000007,MDG_0000000007:TGO:SEX_FMLE:AGEGROUP_YEARSUNDER5:WEALTHQUINTILE_TOTL,1954-01-01,2026-09-07T16:10:07Z,low,235.091094135,,who.gho.mdg-0000000007,raw/who.gho.mdg-0000000007/2026/09/20260907T161007Z-28c6cde3082c.json.gz,2
who.gho.mdg-0000000007,MDG_0000000007:TGO:SEX_FMLE:AGEGROUP_YEARSUNDER5:WEALTHQUINTILE_TOTL,1954-01-01,2026-09-07T16:10:07Z,restated_at,2026-08-05,,who.gho.mdg-0000000007,raw/who.gho.mdg-0000000007/2026/09/20260907T161007Z-28c6cde3082c.json.gz,2
who.gho.mdg-0000000007,MDG_0000000007:TGO:SEX_FMLE:AGEGROUP_YEARSUNDER5:WEALTHQUINTILE_TOTL,1954-01-01,2026-09-07T16:10:07Z,value,258.428932829,,who.gho.mdg-0000000007,raw/who.gho.mdg-0000000007/2026/09/20260907T161007Z-28c6cde3082c.json.gz,2
who.gho.mdg-0000000007,MDG_0000000007:TGO:SEX_MLE:AGEGROUP_YEARSUNDER5:WEALTHQUINTILE_TOTL,1954-01-01,2026-09-07T16:09:41Z,high,313.373991416,,who.gho.mdg-0000000007,raw/who.gho.mdg-0000000007/2026/09/20260907T160941Z-845bd0fc2e92.json.gz,2
who.gho.mdg-0000000007,MDG_0000000007:TGO:SEX_MLE:AGEGROUP_YEARSUNDER5:WEALTHQUINTILE_TOTL,1954-01-01,2026-09-07T16:09:41Z,low,259.927978355,,who.gho.mdg-0000000007,raw/who.gho.mdg-0000000007/2026/09/20260907T160941Z-845bd0fc2e92.json.gz,2
who.gho.mdg-0000000007,MDG_0000000007:TGO:SEX_MLE:AGEGROUP_YEARSUNDER5:WEALTHQUINTILE_TOTL,1954-01-01,2026-09-07T16:09:41Z,restated_at,2026-08-05,,who.gho.mdg-0000000007,raw/who.gho.mdg-0000000007/2026/09/20260907T160941Z-845bd0fc2e92.json.gz,2
who.gho.mdg-0000000007,MDG_0000000007:TGO:SEX_MLE:AGEGROUP_YEARSUNDER5:WEALTHQUINTILE_TOTL,1954-01-01,2026-09-07T16:09:41Z,value,285.852524949,,who.gho.mdg-0000000007,raw/who.gho.mdg-0000000007/2026/09/20260907T160941Z-845bd0fc2e92.json.gz,2
who.gho.mdg-0000000007,MDG_0000000007:THA:SEX_BTSX:AGEGROUP_YEARSUNDER5:WEALTHQUINTILE_TOTL,1954-01-01,2026-09-07T16:11:06Z,high,204.88217541,,who.gho.mdg-0000000007,raw/who.gho.mdg-0000000007/2026/09/20260907T161106Z-078c7101acce.json.gz,2
who.gho.mdg-0000000007,MDG_0000000007:THA:SEX_BTSX:AGEGROUP_YEARSUNDER5:WEALTHQUINTILE_TOTL,1954-01-01,2026-09-07T16:11:06Z,low,159.138220474,,who.gho.mdg-0000000007,raw/who.gho.mdg-0000000007/2026/09/20260907T161106Z-078c7101acce.json.gz,2
who.gho.mdg-0000000007,MDG_0000000007:THA:SEX_BTSX:AGEGROUP_YEARSUNDER5:WEALTHQUINTILE_TOTL,1954-01-01,2026-09-07T16:11:06Z,restated_at,2026-08-05,,who.gho.mdg-0000000007,raw/who.gho.mdg-0000000007/2026/09/20260907T161106Z-078c7101acce.json.gz,2
who.gho.mdg-0000000007,MDG_0000000007:THA:SEX_BTSX:AGEGROUP_YEARSUNDER5:WEALTHQUINTILE_TOTL,1954-01-01,2026-09-07T16:11:06Z,value,180.623362728,,who.gho.mdg-0000000007,raw/who.gho.mdg-0000000007/2026/09/20260907T161106Z-078c7101acce.json.gz,2
who.gho.mdg-0000000007,MDG_0000000007:THA:SEX_FMLE:AGEGROUP_YEARSUNDER5:WEALTHQUINTILE_TOTL,1954-01-01,2026-09-07T16:10:30Z,high,197.353951755,,who.gho.mdg-0000000007,raw/who.gho.mdg-0000000007/2026/09/20260907T161030Z-d2101d8df79b.json.gz,2
who.gho.mdg-0000000007,MDG_0000000007:THA:SEX_FMLE:AGEGROUP_YEARSUNDER5:WEALTHQUINTILE_TOTL,1954-01-01,2026-09-07T16:10:30Z,low,151.865258519,,who.gho.mdg-0000000007,raw/who.gho.mdg-0000000007/2026/09/20260907T161030Z-d2101d8df79b.json.gz,2
who.gho.mdg-0000000007,MDG_0000000007:THA:SEX_FMLE:AGEGROUP_YEARSUNDER5:WEALTHQUINTILE_TOTL,1954-01-01,2026-09-07T16:10:30Z,restated_at,2026-08-05,,who.gho.mdg-0000000007,raw/who.gho.mdg-0000000007/2026/09/20260907T161030Z-d2101d8df79b.json.gz,2
who.gho.mdg-0000000007,MDG_0000000007:THA:SEX_FMLE:AGEGROUP_YEARSUNDER5:WEALTHQUINTILE_TOTL,1954-01-01,2026-09-07T16:10:30Z,value,173.065095221,,who.gho.mdg-0000000007,raw/who.gho.mdg-0000000007/2026/09/20260907T161030Z-d2101d8df79b.json.gz,2
who.gho.mdg-0000000007,MDG_0000000007:THA:SEX_MLE:AGEGROUP_YEARSUNDER5:WEALTHQUINTILE_TOTL,1954-01-01,2026-09-07T16:10:07Z,high,213.586475151,,who.gho.mdg-0000000007,raw/who.gho.mdg-0000000007/2026/09/20260907T161007Z-28c6cde3082c.json.gz,2
who.gho.mdg-0000000007,MDG_0000000007:THA:SEX_MLE:AGEGROUP_YEARSUNDER5:WEALTHQUINTILE_TOTL,1954-01-01,2026-09-07T16:10:07Z,low,164.803723518,,who.gho.mdg-0000000007,raw/who.gho.mdg-0000000007/2026/09/20260907T161007Z-28c6cde3082c.json.gz,2
who.gho.mdg-0000000007,MDG_0000000007:THA:SEX_MLE:AGEGROUP_YEARSUNDER5:WEALTHQUINTILE_TOTL,1954-01-01,2026-09-07T16:10:07Z,restated_at,2026-08-05,,who.gho.mdg-0000000007,raw/who.gho.mdg-0000000007/2026/09/20260907T161007Z-28c6cde3082c.json.gz,2
who.gho.mdg-0000000007,MDG_0000000007:THA:SEX_MLE:AGEGROUP_YEARSUNDER5:WEALTHQUINTILE_TOTL,1954-01-01,2026-09-07T16:10:07Z,value,187.681796655,,who.gho.mdg-0000000007,raw/who.gho.mdg-0000000007/2026/09/20260907T161007Z-28c6cde3082c.json.gz,2
who.gho.mdg-0000000007,MDG_0000000007:TTO:SEX_BTSX:AGEGROUP_YEARSUNDER5:WEALTHQUINTILE_TOTL,1954-01-01,2026-09-07T16:10:41Z,high,105.771324491,,who.gho.mdg-0000000007,raw/who.gho.mdg-0000000007/2026/09/20260907T161041Z-4752b74784e1.json.gz,2
who.gho.mdg-0000000007,MDG_0000000007:TTO:SEX_BTSX:AGEGROUP_YEARSUNDER5:WEALTHQUINTILE_TOTL,1954-01-01,2026-09-07T16:10:41Z,low,67.112943734,,who.gho.mdg-0000000007,raw/who.gho.mdg-0000000007/2026/09/20260907T161041Z-4752b74784e1.json.gz,2
who.gho.mdg-0000000007,MDG_0000000007:TTO:SEX_BTSX:AGEGROUP_YEARSUNDER5:WEALTHQUINTILE_TOTL,1954-01-01,2026-09-07T16:10:41Z,restated_at,2026-08-05,,who.gho.mdg-0000000007,raw/who.gho.mdg-0000000007/2026/09/20260907T161041Z-4752b74784e1.json.gz,2
who.gho.mdg-0000000007,MDG_0000000007:TTO:SEX_BTSX:AGEGROUP_YEARSUNDER5:WEALTHQUINTILE_TOTL,1954-01-01,2026-09-07T16:10:41Z,value,83.401590142,,who.gho.mdg-0000000007,raw/who.gho.mdg-0000000007/2026/09/20260907T161041Z-4752b74784e1.json.gz,2
who.gho.mdg-0000000007,MDG_0000000007:TTO:SEX_FMLE:AGEGROUP_YEARSUNDER5:WEALTHQUINTILE_TOTL,1954-01-01,2026-09-07T16:05:57Z,high,98.629956926,,who.gho.mdg-0000000007,raw/who.gho.mdg-0000000007/2026/09/20260907T160557Z-c8e786907d46.json.gz,2
who.gho.mdg-0000000007,MDG_0000000007:TTO:SEX_FMLE:AGEGROUP_YEARSUNDER5:WEALTHQUINTILE_TOTL,1954-01-01,2026-09-07T16:05:57Z,low,61.996785719,,who.gho.mdg-0000000007,raw/who.gho.mdg-0000000007/2026/09/20260907T160557Z-c8e786907d46.json.gz,2
who.gho.mdg-0000000007,MDG_0000000007:TTO:SEX_FMLE:AGEGROUP_YEARSUNDER5:WEALTHQUINTILE_TOTL,1954-01-01,2026-09-07T16:05:57Z,restated_at,2026-08-05,,who.gho.mdg-0000000007,raw/who.gho.mdg-0000000007/2026/09/20260907T160557Z-c8e786907d46.json.gz,2
who.gho.mdg-0000000007,MDG_0000000007:TTO:SEX_FMLE:AGEGROUP_YEARSUNDER5:WEALTHQUINTILE_TOTL,1954-01-01,2026-09-07T16:05:57Z,value,77.448153082,,who.gho.mdg-0000000007,raw/who.gho.mdg-0000000007/2026/09/20260907T160557Z-c8e786907d46.json.gz,2
who.gho.mdg-0000000007,MDG_0000000007:TTO:SEX_MLE:AGEGROUP_YEARSUNDER5:WEALTHQUINTILE_TOTL,1954-01-01,2026-09-07T16:11:01Z,high,113.2220221,,who.gho.mdg-0000000007,raw/who.gho.mdg-0000000007/2026/09/20260907T161101Z-fc76d9a7e10d.json.gz,2
who.gho.mdg-0000000007,MDG_0000000007:TTO:SEX_MLE:AGEGROUP_YEARSUNDER5:WEALTHQUINTILE_TOTL,1954-01-01,2026-09-07T16:11:01Z,low,71.48215116,,who.gho.mdg-0000000007,raw/who.gho.mdg-0000000007/2026/09/20260907T161101Z-fc76d9a7e10d.json.gz,2
who.gho.mdg-0000000007,MDG_0000000007:TTO:SEX_MLE:AGEGROUP_YEARSUNDER5:WEALTHQUINTILE_TOTL,1954-01-01,2026-09-07T16:11:01Z,restated_at,2026-08-05,,who.gho.mdg-0000000007,raw/who.gho.mdg-0000000007/2026/09/20260907T161101Z-fc76d9a7e10d.json.gz,2
who.gho.mdg-0000000007,MDG_0000000007:TTO:SEX_MLE:AGEGROUP_YEARSUNDER5:WEALTHQUINTILE_TOTL,1954-01-01,2026-09-07T16:11:01Z,value,89.138679075,,who.gho.mdg-0000000007,raw/who.gho.mdg-0000000007/2026/09/20260907T161101Z-fc76d9a7e10d.json.gz,2
who.gho.mdg-0000000007,MDG_0000000007:TUR:SEX_BTSX:AGEGROUP_YEARSUNDER5:WEALTHQUINTILE_TOTL,1954-01-01,2026-09-07T16:09:38Z,high,332.42176099,,who.gho.mdg-0000000007,raw/who.gho.mdg-0000000007/2026/09/20260907T160938Z-81612038db74.json.gz,2
who.gho.mdg-0000000007,MDG_0000000007:TUR:SEX_BTSX:AGEGROUP_YEARSUNDER5:WEALTHQUINTILE_TOTL,1954-01-01,2026-09-07T16:09:38Z,low,246.770644427,,who.gho.mdg-0000000007,raw/who.gho.mdg-0000000007/2026/09/20260907T160938Z-81612038db74.json.gz,2
who.gho.mdg-0000000007,MDG_0000000007:TUR:SEX_BTSX:AGEGROUP_YEARSUNDER5:WEALTHQUINTILE_TOTL,1954-01-01,2026-09-07T16:09:38Z,restated_at,2026-08-05,,who.gho.mdg-0000000007,raw/who.gho.mdg-0000000007/2026/09/20260907T160938Z-81612038db74.json.gz,2
who.gho.mdg-0000000007,MDG_0000000007:TUR:SEX_BTSX:AGEGROUP_YEARSUNDER5:WEALTHQUINTILE_TOTL,1954-01-01,2026-09-07T16:09:38Z,value,286.249543347,,who.gho.mdg-0000000007,raw/who.gho.mdg-0000000007/2026/09/20260907T160938Z-81612038db74.json.gz,2
who.gho.mdg-0000000007,MDG_0000000007:TUR:SEX_FMLE:AGEGROUP_YEARSUNDER5:WEALTHQUINTILE_TOTL,1954-01-01,2026-09-07T16:10:24Z,high,322.825864782,,who.gho.mdg-0000000007,raw/who.gho.mdg-0000000007/2026/09/20260907T161024Z-808a2a46070d.json.gz,2
who.gho.mdg-0000000007,MDG_0000000007:TUR:SEX_FMLE:AGEGROUP_YEARSUNDER5:WEALTHQUINTILE_TOTL,1954-01-01,2026-09-07T16:10:24Z,low,238.514612661,,who.gho.mdg-0000000007,raw/who.gho.mdg-0000000007/2026/09/20260907T161024Z-808a2a46070d.json.gz,2
who.gho.mdg-0000000007,MDG_0000000007:TUR:SEX_FMLE:AGEGROUP_YEARSUNDER5:WEALTHQUINTILE_TOTL,1954-01-01,2026-09-07T16:10:24Z,restated_at,2026-08-05,,who.gho.mdg-0000000007,raw/who.gho.mdg-0000000007/2026/09/20260907T161024Z-808a2a46070d.json.gz,2
who.gho.mdg-0000000007,MDG_0000000007:TUR:SEX_FMLE:AGEGROUP_YEARSUNDER5:WEALTHQUINTILE_TOTL,1954-01-01,2026-09-07T16:10:24Z,value,277.519889865,,who.gho.mdg-0000000007,raw/who.gho.mdg-0000000007/2026/09/20260907T161024Z-808a2a46070d.json.gz,2
who.gho.mdg-0000000007,MDG_0000000007:TUR:SEX_MLE:AGEGROUP_YEARSUNDER5:WEALTHQUINTILE_TOTL,1954-01-01,2026-09-07T16:10:33Z,high,342.444794085,,who.gho.mdg-0000000007,raw/who.gho.mdg-0000000007/2026/09/20260907T161033Z-0396663e197a.json.gz,2
who.gho.mdg-0000000007,MDG_0000000007:TUR:SEX_MLE:AGEGROUP_YEARSUNDER5:WEALTHQUINTILE_TOTL,1954-01-01,2026-09-07T16:10:33Z,low,253.29007542,,who.gho.mdg-0000000007,raw/who.gho.mdg-0000000007/2026/09/20260907T161033Z-0396663e197a.json.gz,2
who.gho.mdg-0000000007,MDG_0000000007:TUR:SEX_MLE:AGEGROUP_YEARSUNDER5:WEALTHQUINTILE_TOTL,1954-01-01,2026-09-07T16:10:33Z,restated_at,2026-08-05,,who.gho.mdg-0000000007,raw/who.gho.mdg-0000000007/2026/09/20260907T161033Z-0396663e197a.json.gz,2
who.gho.mdg-0000000007,MDG_0000000007:TUR:SEX_MLE:AGEGROUP_YEARSUNDER5:WEALTHQUINTILE_TOTL,1954-01-01,2026-09-07T16:10:33Z,value,294.623472174,,who.gho.mdg-0000000007,raw/who.gho.mdg-0000000007/2026/09/20260907T161033Z-0396663e197a.json.gz,2
who.gho.mdg-0000000007,MDG_0000000007:TUV:SEX_BTSX:AGEGROUP_YEARSUNDER5:WEALTHQUINTILE_TOTL,1954-01-01,2026-09-07T16:10:12Z,high,294.246652055,,who.gho.mdg-0000000007,raw/who.gho.mdg-0000000007/2026/09/20260907T161012Z-af10f639113a.json.gz,2
who.gho.mdg-0000000007,MDG_0000000007:TUV:SEX_BTSX:AGEGROUP_YEARSUNDER5:WEALTHQUINTILE_TOTL,1954-01-01,2026-09-07T16:10:12Z,low,174.217898057,,who.gho.mdg-0000000007,raw/who.gho.mdg-0000000007/2026/09/20260907T161012Z-af10f639113a.json.gz,2
who.gho.mdg-0000000007,MDG_0000000007:TUV:SEX_BTSX:AGEGROUP_YEARSUNDER5:WEALTHQUINTILE_TOTL,1954-01-01,2026-09-07T16:10:12Z,restated_at,2026-08-05,,who.gho.mdg-0000000007,raw/who.gho.mdg-0000000007/2026/09/20260907T161012Z-af10f639113a.json.gz,2
who.gho.mdg-0000000007,MDG_0000000007:TUV:SEX_BTSX:AGEGROUP_YEARSUNDER5:WEALTHQUINTILE_TOTL,1954-01-01,2026-09-07T16:10:12Z,value,225.050024124,,who.gho.mdg-0000000007,raw/who.gho.mdg-0000000007/2026/09/20260907T161012Z-af10f639113a.json.gz,2
who.gho.mdg-0000000007,MDG_0000000007:TUV:SEX_FMLE:AGEGROUP_YEARSUNDER5:WEALTHQUINTILE_TOTL,1954-01-01,2026-09-07T16:08:59Z,high,277.500727486,,who.gho.mdg-0000000007,raw/who.gho.mdg-0000000007/2026/09/20260907T160859Z-81b3460c41a8.json.gz,2
who.gho.mdg-0000000007,MDG_0000000007:TUV:SEX_FMLE:AGEGROUP_YEARSUNDER5:WEALTHQUINTILE_TOTL,1954-01-01,2026-09-07T16:08:59Z,low,163.175387331,,who.gho.mdg-0000000007,raw/who.gho.mdg-0000000007/2026/09/20260907T160859Z-81b3460c41a8.json.gz,2
who.gho.mdg-0000000007,MDG_0000000007:TUV:SEX_FMLE:AGEGROUP_YEARSUNDER5:WEALTHQUINTILE_TOTL,1954-01-01,2026-09-07T16:08:59Z,restated_at,2026-08-05,,who.gho.mdg-0000000007,raw/who.gho.mdg-0000000007/2026/09/20260907T160859Z-81b3460c41a8.json.gz,2
who.gho.mdg-0000000007,MDG_0000000007:TUV:SEX_FMLE:AGEGROUP_YEARSUNDER5:WEALTHQUINTILE_TOTL,1954-01-01,2026-09-07T16:08:59Z,value,211.195150022,,who.gho.mdg-0000000007,raw/who.gho.mdg-0000000007/2026/09/20260907T160859Z-81b3460c41a8.json.gz,2
who.gho.mdg-0000000007,MDG_0000000007:TUV:SEX_MLE:AGEGROUP_YEARSUNDER5:WEALTHQUINTILE_TOTL,1954-01-01,2026-09-07T16:11:01Z,high,311.197289558,,who.gho.mdg-0000000007,raw/who.gho.mdg-0000000007/2026/09/20260907T161101Z-fc76d9a7e10d.json.gz,2
who.gho.mdg-0000000007,MDG_0000000007:TUV:SEX_MLE:AGEGROUP_YEARSUNDER5:WEALTHQUINTILE_TOTL,1954-01-01,2026-09-07T16:11:01Z,low,183.490629054,,who.gho.mdg-0000000007,raw/who.gho.mdg-0000000007/2026/09/20260907T161101Z-fc76d9a7e10d.json.gz,2
who.gho.mdg-0000000007,MDG_0000000007:TUV:SEX_MLE:AGEGROUP_YEARSUNDER5:WEALTHQUINTILE_TOTL,1954-01-01,2026-09-07T16:11:01Z,restated_at,2026-08-05,,who.gho.mdg-0000000007,raw/who.gho.mdg-0000000007/2026/09/20260907T161101Z-fc76d9a7e10d.json.gz,2
who.gho.mdg-0000000007,MDG_0000000007:TUV:SEX_MLE:AGEGROUP_YEARSUNDER5:WEALTHQUINTILE_TOTL,1954-01-01,2026-09-07T16:11:01Z,value,237.742822216,,who.gho.mdg-0000000007,raw/who.gho.mdg-0000000007/2026/09/20260907T161101Z-fc76d9a7e10d.json.gz,2
who.gho.mdg-0000000007,MDG_0000000007:TZA:SEX_BTSX:AGEGROUP_YEARSUNDER5:WEALTHQUINTILE_TOTL,1954-01-01,2026-09-07T16:11:22Z,high,296.453601852,,who.gho.mdg-0000000007,raw/who.gho.mdg-0000000007/2026/09/20260907T161122Z-4e9c288e3adb.json.gz,2
who.gho.mdg-0000000007,MDG_0000000007:TZA:SEX_BTSX:AGEGROUP_YEARSUNDER5:WEALTHQUINTILE_TOTL,1954-01-01,2026-09-07T16:11:22Z,low,213.368795609,,who.gho.mdg-0000000007,raw/who.gho.mdg-0000000007/2026/09/20260907T161122Z-4e9c288e3adb.json.gz,2
who.gho.mdg-0000000007,MDG_0000000007:TZA:SEX_BTSX:AGEGROUP_YEARSUNDER5:WEALTHQUINTILE_TOTL,1954-01-01,2026-09-07T16:11:22Z,restated_at,2026-08-05,,who.gho.mdg-0000000007,raw/who.gho.mdg-0000000007/2026/09/20260907T161122Z-4e9c288e3adb.json.gz,2
who.gho.mdg-0000000007,MDG_0000000007:TZA:SEX_BTSX:AGEGROUP_YEARSUNDER5:WEALTHQUINTILE_TOTL,1954-01-01,2026-09-07T16:11:22Z,value,251.683403301,,who.gho.mdg-0000000007,raw/who.gho.mdg-0000000007/2026/09/20260907T161122Z-4e9c288e3adb.json.gz,2
who.gho.mdg-0000000007,MDG_0000000007:TZA:SEX_FMLE:AGEGROUP_YEARSUNDER5:WEALTHQUINTILE_TOTL,1954-01-01,2026-09-07T16:10:21Z,high,286.669352161,,who.gho.mdg-0000000007,raw/who.gho.mdg-0000000007/2026/09/20260907T161021Z-3e9ba1677574.json.gz,2
who.gho.mdg-0000000007,MDG_0000000007:TZA:SEX_FMLE:AGEGROUP_YEARSUNDER5:WEALTHQUINTILE_TOTL,1954-01-01,2026-09-07T16:10:21Z,low,204.474870647,,who.gho.mdg-0000000007,raw/who.gho.mdg-0000000007/2026/09/20260907T161021Z-3e9ba1677574.json.gz,2
who.gho.mdg-0000000007,MDG_0000000007:TZA:SEX_FMLE:AGEGROUP_YEARSUNDER5:WEALTHQUINTILE_TOTL,1954-01-01,2026-09-07T16:10:21Z,restated_at,2026-08-05,,who.gho.mdg-0000000007,raw/who.gho.mdg-0000000007/2026/09/20260907T161021Z-3e9ba1677574.json.gz,2
who.gho.mdg-0000000007,MDG_0000000007:TZA:SEX_FMLE:AGEGROUP_YEARSUNDER5:WEALTHQUINTILE_TOTL,1954-01-01,2026-09-07T16:10:21Z,value,242.375225684,,who.gho.mdg-0000000007,raw/who.gho.mdg-0000000007/2026/09/20260907T161021Z-3e9ba1677574.json.gz,2
who.gho.mdg-0000000007,MDG_0000000007:TZA:SEX_MLE:AGEGROUP_YEARSUNDER5:WEALTHQUINTILE_TOTL,1954-01-01,2026-09-07T16:06:02Z,high,307.884163696,,who.gho.mdg-0000000007,raw/who.gho.mdg-0000000007/2026/09/20260907T160602Z-1adff4f5f376.json.gz,2
who.gho.mdg-0000000007,MDG_0000000007:TZA:SEX_MLE:AGEGROUP_YEARSUNDER5:WEALTHQUINTILE_TOTL,1954-01-01,2026-09-07T16:06:02Z,low,220.040168188,,who.gho.mdg-0000000007,raw/who.gho.mdg-0000000007/2026/09/20260907T160602Z-1adff4f5f376.json.gz,2
who.gho.mdg-0000000007,MDG_0000000007:TZA:SEX_MLE:AGEGROUP_YEARSUNDER5:WEALTHQUINTILE_TOTL,1954-01-01,2026-09-07T16:06:02Z,restated_at,2026-08-05,,who.gho.mdg-0000000007,raw/who.gho.mdg-0000000007/2026/09/20260907T160602Z-1adff4f5f376.json.gz,2
who.gho.mdg-0000000007,MDG_0000000007:TZA:SEX_MLE:AGEGROUP_YEARSUNDER5:WEALTHQUINTILE_TOTL,1954-01-01,2026-09-07T16:06:02Z,value,260.148050049,,who.gho.mdg-0000000007,raw/who.gho.mdg-0000000007/2026/09/20260907T160602Z-1adff4f5f376.json.gz,2
who.gho.mdg-0000000007,MDG_0000000007:UGA:SEX_BTSX:AGEGROUP_YEARSUNDER5:WEALTHQUINTILE_TOTL,1954-01-01,2026-09-07T16:05:18Z,high,318.876390863,,who.gho.mdg-0000000007,raw/who.gho.mdg-0000000007/2026/09/20260907T160518Z-f66c8acba372.json.gz,2
who.gho.mdg-0000000007,MDG_0000000007:UGA:SEX_BTSX:AGEGROUP_YEARSUNDER5:WEALTHQUINTILE_TOTL,1954-01-01,2026-09-07T16:05:18Z,low,192.908499583,,who.gho.mdg-0000000007,raw/who.gho.mdg-0000000007/2026/09/20260907T160518Z-f66c8acba372.json.gz,2
who.gho.mdg-0000000007,MDG_0000000007:UGA:SEX_BTSX:AGEGROUP_YEARSUNDER5:WEALTHQUINTILE_TOTL,1954-01-01,2026-09-07T16:05:18Z,restated_at,2026-08-05,,who.gho.mdg-0000000007,raw/who.gho.mdg-0000000007/2026/09/20260907T160518Z-f66c8acba372.json.gz,2
who.gho.mdg-0000000007,MDG_0000000007:UGA:SEX_BTSX:AGEGROUP_YEARSUNDER5:WEALTHQUINTILE_TOTL,1954-01-01,2026-09-07T16:05:18Z,value,249.099057201,,who.gho.mdg-0000000007,raw/who.gho.mdg-0000000007/2026/09/20260907T160518Z-f66c8acba372.json.gz,2
who.gho.mdg-0000000007,MDG_0000000007:UGA:SEX_FMLE:AGEGROUP_YEARSUNDER5:WEALTHQUINTILE_TOTL,1954-01-01,2026-09-07T16:05:31Z,high,300.949332821,,who.gho.mdg-0000000007,raw/who.gho.mdg-0000000007/2026/09/20260907T160531Z-a90a9bba0858.json.gz,2
who.gho.mdg-0000000007,MDG_0000000007:UGA:SEX_FMLE:AGEGROUP_YEARSUNDER5:WEALTHQUINTILE_TOTL,1954-01-01,2026-09-07T16:05:31Z,low,181.665880928,,who.gho.mdg-0000000007,raw/who.gho.mdg-0000000007/2026/09/20260907T160531Z-a90a9bba0858.json.gz,2
who.gho.mdg-0000000007,MDG_0000000007:UGA:SEX_FMLE:AGEGROUP_YEARSUNDER5:WEALTHQUINTILE_TOTL,1954-01-01,2026-09-07T16:05:31Z,restated_at,2026-08-05,,who.gho.mdg-0000000007,raw/who.gho.mdg-0000000007/2026/09/20260907T160531Z-a90a9bba0858.json.gz,2
who.gho.mdg-0000000007,MDG_0000000007:UGA:SEX_FMLE:AGEGROUP_YEARSUNDER5:WEALTHQUINTILE_TOTL,1954-01-01,2026-09-07T16:05:31Z,value,234.276263936,,who.gho.mdg-0000000007,raw/who.gho.mdg-0000000007/2026/09/20260907T160531Z-a90a9bba0858.json.gz,2
who.gho.mdg-0000000007,MDG_0000000007:UGA:SEX_MLE:AGEGROUP_YEARSUNDER5:WEALTHQUINTILE_TOTL,1954-01-01,2026-09-07T16:08:41Z,high,337.34894603,,who.gho.mdg-0000000007,raw/who.gho.mdg-0000000007/2026/09/20260907T160841Z-d67f78e4b8d9.json.gz,2
who.gho.mdg-0000000007,MDG_0000000007:UGA:SEX_MLE:AGEGROUP_YEARSUNDER5:WEALTHQUINTILE_TOTL,1954-01-01,2026-09-07T16:08:41Z,low,203.742583122,,who.gho.mdg-0000000007,raw/who.gho.mdg-0000000007/2026/09/20260907T160841Z-d67f78e4b8d9.json.gz,2
who.gho.mdg-0000000007,MDG_0000000007:UGA:SEX_MLE:AGEGROUP_YEARSUNDER5:WEALTHQUINTILE_TOTL,1954-01-01,2026-09-07T16:08:41Z,restated_at,2026-08-05,,who.gho.mdg-0000000007,raw/who.gho.mdg-0000000007/2026/09/20260907T160841Z-d67f78e4b8d9.json.gz,2
who.gho.mdg-0000000007,MDG_0000000007:UGA:SEX_MLE:AGEGROUP_YEARSUNDER5:WEALTHQUINTILE_TOTL,1954-01-01,2026-09-07T16:08:41Z,value,262.805574096,,who.gho.mdg-0000000007,raw/who.gho.mdg-0000000007/2026/09/20260907T160841Z-d67f78e4b8d9.json.gz,2
who.gho.mdg-0000000007,MDG_0000000007:URY:SEX_BTSX:AGEGROUP_YEARSUNDER5:WEALTHQUINTILE_TOTL,1954-01-01,2026-09-07T16:06:34Z,high,62.599908004,,who.gho.mdg-0000000007,raw/who.gho.mdg-0000000007/2026/09/20260907T160634Z-2774fa4e213c.json.gz,2
who.gho.mdg-0000000007,MDG_0000000007:URY:SEX_BTSX:AGEGROUP_YEARSUNDER5:WEALTHQUINTILE_TOTL,1954-01-01,2026-09-07T16:06:34Z,low,58.522076568,,who.gho.mdg-0000000007,raw/who.gho.mdg-0000000007/2026/09/20260907T160634Z-2774fa4e213c.json.gz,2
who.gho.mdg-0000000007,MDG_0000000007:URY:SEX_BTSX:AGEGROUP_YEARSUNDER5:WEALTHQUINTILE_TOTL,1954-01-01,2026-09-07T16:06:34Z,restated_at,2026-08-05,,who.gho.mdg-0000000007,raw/who.gho.mdg-0000000007/2026/09/20260907T160634Z-2774fa4e213c.json.gz,2
who.gho.mdg-0000000007,MDG_0000000007:URY:SEX_BTSX:AGEGROUP_YEARSUNDER5:WEALTHQUINTILE_TOTL,1954-01-01,2026-09-07T16:06:34Z,value,60.508203023,,who.gho.mdg-0000000007,raw/who.gho.mdg-0000000007/2026/09/20260907T160634Z-2774fa4e213c.json.gz,2
who.gho.mdg-0000000007,MDG_0000000007:URY:SEX_FMLE:AGEGROUP_YEARSUNDER5:WEALTHQUINTILE_TOTL,1954-01-01,2026-09-07T16:06:07Z,high,56.557710227,,who.gho.mdg-0000000007,raw/who.gho.mdg-0000000007/2026/09/20260907T160607Z-9445f1b065fa.json.gz,2
who.gho.mdg-0000000007,MDG_0000000007:URY:SEX_FMLE:AGEGROUP_YEARSUNDER5:WEALTHQUINTILE_TOTL,1954-01-01,2026-09-07T16:06:07Z,low,52.318395897,,who.gho.mdg-0000000007,raw/who.gho.mdg-0000000007/2026/09/20260907T160607Z-9445f1b065fa.json.gz,2
who.gho.mdg-0000000007,MDG_0000000007:URY:SEX_FMLE:AGEGROUP_YEARSUNDER5:WEALTHQUINTILE_TOTL,1954-01-01,2026-09-07T16:06:07Z,restated_at,2026-08-05,,who.gho.mdg-0000000007,raw/who.gho.mdg-0000000007/2026/09/20260907T160607Z-9445f1b065fa.json.gz,2
who.gho.mdg-0000000007,MDG_0000000007:URY:SEX_FMLE:AGEGROUP_YEARSUNDER5:WEALTHQUINTILE_TOTL,1954-01-01,2026-09-07T16:06:07Z,value,54.39285334,,who.gho.mdg-0000000007,raw/who.gho.mdg-0000000007/2026/09/20260907T160607Z-9445f1b065fa.json.gz,2
who.gho.mdg-0000000007,MDG_0000000007:URY:SEX_MLE:AGEGROUP_YEARSUNDER5:WEALTHQUINTILE_TOTL,1954-01-01,2026-09-07T16:10:58Z,high,68.855363965,,who.gho.mdg-0000000007,raw/who.gho.mdg-0000000007/2026/09/20260907T161058Z-4d8f6ed35960.json.gz,2
who.gho.mdg-0000000007,MDG_0000000007:URY:SEX_MLE:AGEGROUP_YEARSUNDER5:WEALTHQUINTILE_TOTL,1954-01-01,2026-09-07T16:10:58Z,low,63.934847039,,who.gho.mdg-0000000007,raw/who.gho.mdg-0000000007/2026/09/20260907T161058Z-4d8f6ed35960.json.gz,2
who.gho.mdg-0000000007,MDG_0000000007:URY:SEX_MLE:AGEGROUP_YEARSUNDER5:WEALTHQUINTILE_TOTL,1954-01-01,2026-09-07T16:10:58Z,restated_at,2026-08-05,,who.gho.mdg-0000000007,raw/who.gho.mdg-0000000007/2026/09/20260907T161058Z-4d8f6ed35960.json.gz,2
who.gho.mdg-0000000007,MDG_0000000007:URY:SEX_MLE:AGEGROUP_YEARSUNDER5:WEALTHQUINTILE_TOTL,1954-01-01,2026-09-07T16:10:58Z,value,66.324309972,,who.gho.mdg-0000000007,raw/who.gho.mdg-0000000007/2026/09/20260907T161058Z-4d8f6ed35960.json.gz,2
who.gho.mdg-0000000007,MDG_0000000007:USA:SEX_BTSX:AGEGROUP_YEARSUNDER5:WEALTHQUINTILE_TOTL,1954-01-01,2026-09-07T16:06:07Z,high,34.371807107,,who.gho.mdg-0000000007,raw/who.gho.mdg-0000000007/2026/09/20260907T160607Z-9445f1b065fa.json.gz,2
who.gho.mdg-0000000007,MDG_0000000007:USA:SEX_BTSX:AGEGROUP_YEARSUNDER5:WEALTHQUINTILE_TOTL,1954-01-01,2026-09-07T16:06:07Z,low,33.204831523,,who.gho.mdg-0000000007,raw/who.gho.mdg-0000000007/2026/09/20260907T160607Z-9445f1b065fa.json.gz,2
who.gho.mdg-0000000007,MDG_0000000007:USA:SEX_BTSX:AGEGROUP_YEARSUNDER5:WEALTHQUINTILE_TOTL,1954-01-01,2026-09-07T16:06:07Z,restated_at,2026-08-05,,who.gho.mdg-0000000007,raw/who.gho.mdg-0000000007/2026/09/20260907T160607Z-9445f1b065fa.json.gz,2
who.gho.mdg-0000000007,MDG_0000000007:USA:SEX_BTSX:AGEGROUP_YEARSUNDER5:WEALTHQUINTILE_TOTL,1954-01-01,2026-09-07T16:06:07Z,value,33.790616548,,who.gho.mdg-0000000007,raw/who.gho.mdg-0000000007/2026/09/20260907T160607Z-9445f1b065fa.json.gz,2
who.gho.mdg-0000000007,MDG_0000000007:USA:SEX_FMLE:AGEGROUP_YEARSUNDER5:WEALTHQUINTILE_TOTL,1954-01-01,2026-09-07T16:11:01Z,high,30.089676305,,who.gho.mdg-0000000007,raw/who.gho.mdg-0000000007/2026/09/20260907T161101Z-fc76d9a7e10d.json.gz,2
who.gho.mdg-0000000007,MDG_0000000007:USA:SEX_FMLE:AGEGROUP_YEARSUNDER5:WEALTHQUINTILE_TOTL,1954-01-01,2026-09-07T16:11:01Z,low,29.026361663,,who.gho.mdg-0000000007,raw/who.gho.mdg-0000000007/2026/09/20260907T161101Z-fc76d9a7e10d.json.gz,2
who.gho.mdg-0000000007,MDG_0000000007:USA:SEX_FMLE:AGEGROUP_YEARSUNDER5:WEALTHQUINTILE_TOTL,1954-01-01,2026-09-07T16:11:01Z,restated_at,2026-08-05,,who.gho.mdg-0000000007,raw/who.gho.mdg-0000000007/2026/09/20260907T161101Z-fc76d9a7e10d.json.gz,2
who.gho.mdg-0000000007,MDG_0000000007:USA:SEX_FMLE:AGEGROUP_YEARSUNDER5:WEALTHQUINTILE_TOTL,1954-01-01,2026-09-07T16:11:01Z,value,29.562678345,,who.gho.mdg-0000000007,raw/who.gho.mdg-0000000007/2026/09/20260907T161101Z-fc76d9a7e10d.json.gz,2
who.gho.mdg-0000000007,MDG_0000000007:USA:SEX_MLE:AGEGROUP_YEARSUNDER5:WEALTHQUINTILE_TOTL,1954-01-01,2026-09-07T16:11:18Z,high,38.481756415,,who.gho.mdg-0000000007,raw/who.gho.mdg-0000000007/2026/09/20260907T161118Z-85c02b5f4e3c.json.gz,2
who.gho.mdg-0000000007,MDG_0000000007:USA:SEX_MLE:AGEGROUP_YEARSUNDER5:WEALTHQUINTILE_TOTL,1954-01-01,2026-09-07T16:11:18Z,low,37.149136024,,who.gho.mdg-0000000007,raw/who.gho.mdg-0000000007/2026/09/20260907T161118Z-85c02b5f4e3c.json.gz,2
who.gho.mdg-0000000007,MDG_0000000007:USA:SEX_MLE:AGEGROUP_YEARSUNDER5:WEALTHQUINTILE_TOTL,1954-01-01,2026-09-07T16:11:18Z,restated_at,2026-08-05,,who.gho.mdg-0000000007,raw/who.gho.mdg-0000000007/2026/09/20260907T161118Z-85c02b5f4e3c.json.gz,2
who.gho.mdg-0000000007,MDG_0000000007:USA:SEX_MLE:AGEGROUP_YEARSUNDER5:WEALTHQUINTILE_TOTL,1954-01-01,2026-09-07T16:11:18Z,value,37.815516555,,who.gho.mdg-0000000007,raw/who.gho.mdg-0000000007/2026/09/20260907T161118Z-85c02b5f4e3c.json.gz,2
who.gho.mdg-0000000007,MDG_0000000007:VEN:SEX_BTSX:AGEGROUP_YEARSUNDER5:WEALTHQUINTILE_TOTL,1954-01-01,2026-09-07T16:09:54Z,high,135.298555986,,who.gho.mdg-0000000007,raw/who.gho.mdg-0000000007/2026/09/20260907T160954Z-3426e3999bb4.json.gz,2
who.gho.mdg-0000000007,MDG_0000000007:VEN:SEX_BTSX:AGEGROUP_YEARSUNDER5:WEALTHQUINTILE_TOTL,1954-01-01,2026-09-07T16:09:54Z,low,79.726683834,,who.gho.mdg-0000000007,raw/who.gho.mdg-0000000007/2026/09/20260907T160954Z-3426e3999bb4.json.gz,2
who.gho.mdg-0000000007,MDG_0000000007:VEN:SEX_BTSX:AGEGROUP_YEARSUNDER5:WEALTHQUINTILE_TOTL,1954-01-01,2026-09-07T16:09:54Z,restated_at,2026-08-05,,who.gho.mdg-0000000007,raw/who.gho.mdg-0000000007/2026/09/20260907T160954Z-3426e3999bb4.json.gz,2
who.gho.mdg-0000000007,MDG_0000000007:VEN:SEX_BTSX:AGEGROUP_YEARSUNDER5:WEALTHQUINTILE_TOTL,1954-01-01,2026-09-07T16:09:54Z,value,103.307609761,,who.gho.mdg-0000000007,raw/who.gho.mdg-0000000007/2026/09/20260907T160954Z-3426e3999bb4.json.gz,2
who.gho.mdg-0000000007,MDG_0000000007:VEN:SEX_FMLE:AGEGROUP_YEARSUNDER5:WEALTHQUINTILE_TOTL,1954-01-01,2026-09-07T16:05:31Z,high,126.808202846,,who.gho.mdg-0000000007,raw/who.gho.mdg-0000000007/2026/09/20260907T160531Z-a90a9bba0858.json.gz,2
who.gho.mdg-0000000007,MDG_0000000007:VEN:SEX_FMLE:AGEGROUP_YEARSUNDER5:WEALTHQUINTILE_TOTL,1954-01-01,2026-09-07T16:05:31Z,low,74.225513845,,who.gho.mdg-0000000007,raw/who.gho.mdg-0000000007/2026/09/20260907T160531Z-a90a9bba0858.json.gz,2
who.gho.mdg-0000000007,MDG_0000000007:VEN:SEX_FMLE:AGEGROUP_YEARSUNDER5:WEALTHQUINTILE_TOTL,1954-01-01,2026-09-07T16:05:31Z,restated_at,2026-08-05,,who.gho.mdg-0000000007,raw/who.gho.mdg-0000000007/2026/09/20260907T160531Z-a90a9bba0858.json.gz,2
who.gho.mdg-0000000007,MDG_0000000007:VEN:SEX_FMLE:AGEGROUP_YEARSUNDER5:WEALTHQUINTILE_TOTL,1954-01-01,2026-09-07T16:05:31Z,value,96.513496077,,who.gho.mdg-0000000007,raw/who.gho.mdg-0000000007/2026/09/20260907T160531Z-a90a9bba0858.json.gz,2
who.gho.mdg-0000000007,MDG_0000000007:VEN:SEX_MLE:AGEGROUP_YEARSUNDER5:WEALTHQUINTILE_TOTL,1954-01-01,2026-09-07T16:10:17Z,high,144.011121655,,who.gho.mdg-0000000007,raw/who.gho.mdg-0000000007/2026/09/20260907T161017Z-ca4dbf4e12d6.json.gz,2
who.gho.mdg-0000000007,MDG_0000000007:VEN:SEX_MLE:AGEGROUP_YEARSUNDER5:WEALTHQUINTILE_TOTL,1954-01-01,2026-09-07T16:10:17Z,low,84.472662126,,who.gho.mdg-0000000007,raw/who.gho.mdg-0000000007/2026/09/20260907T161017Z-ca4dbf4e12d6.json.gz,2
who.gho.mdg-0000000007,MDG_0000000007:VEN:SEX_MLE:AGEGROUP_YEARSUNDER5:WEALTHQUINTILE_TOTL,1954-01-01,2026-09-07T16:10:17Z,restated_at,2026-08-05,,who.gho.mdg-0000000007,raw/who.gho.mdg-0000000007/2026/09/20260907T161017Z-ca4dbf4e12d6.json.gz,2
who.gho.mdg-0000000007,MDG_0000000007:VEN:SEX_MLE:AGEGROUP_YEARSUNDER5:WEALTHQUINTILE_TOTL,1954-01-01,2026-09-07T16:10:17Z,value,109.791262664,,who.gho.mdg-0000000007,raw/who.gho.mdg-0000000007/2026/09/20260907T161017Z-ca4dbf4e12d6.json.gz,2
who.gho.mdg-0000000007,MDG_0000000007:VUT:SEX_BTSX:AGEGROUP_YEARSUNDER5:WEALTHQUINTILE_TOTL,1954-01-01,2026-09-07T16:09:08Z,high,212.853229145,,who.gho.mdg-0000000007,raw/who.gho.mdg-0000000007/2026/09/20260907T160908Z-96acbc2bc7cb.json.gz,2
who.gho.mdg-0000000007,MDG_0000000007:VUT:SEX_BTSX:AGEGROUP_YEARSUNDER5:WEALTHQUINTILE_TOTL,1954-01-01,2026-09-07T16:09:08Z,low,141.936497173,,who.gho.mdg-0000000007,raw/who.gho.mdg-0000000007/2026/09/20260907T160908Z-96acbc2bc7cb.json.gz,2
who.gho.mdg-0000000007,MDG_0000000007:VUT:SEX_BTSX:AGEGROUP_YEARSUNDER5:WEALTHQUINTILE_TOTL,1954-01-01,2026-09-07T16:09:08Z,restated_at,2026-08-05,,who.gho.mdg-0000000007,raw/who.gho.mdg-0000000007/2026/09/20260907T160908Z-96acbc2bc7cb.json.gz,2
who.gho.mdg-0000000007,MDG_0000000007:VUT:SEX_BTSX:AGEGROUP_YEARSUNDER5:WEALTHQUINTILE_TOTL,1954-01-01,2026-09-07T16:09:08Z,value,172.829459865,,who.gho.mdg-0000000007,raw/who.gho.mdg-0000000007/2026/09/20260907T160908Z-96acbc2bc7cb.json.gz,2
who.gho.mdg-0000000007,MDG_0000000007:VUT:SEX_FMLE:AGEGROUP_YEARSUNDER5:WEALTHQUINTILE_TOTL,1954-01-01,2026-09-07T16:05:26Z,high,207.369454946,,who.gho.mdg-0000000007,raw/who.gho.mdg-0000000007/2026/09/20260907T160526Z-1363df2b3da0.json.gz,2
who.gho.mdg-0000000007,MDG_0000000007:VUT:SEX_FMLE:AGEGROUP_YEARSUNDER5:WEALTHQUINTILE_TOTL,1954-01-01,2026-09-07T16:05:26Z,low,136.910350262,,who.gho.mdg-0000000007,raw/who.gho.mdg-0000000007/2026/09/20260907T160526Z-1363df2b3da0.json.gz,2
who.gho.mdg-0000000007,MDG_0000000007:VUT:SEX_FMLE:AGEGROUP_YEARSUNDER5:WEALTHQUINTILE_TOTL,1954-01-01,2026-09-07T16:05:26Z,restated_at,2026-08-05,,who.gho.mdg-0000000007,raw/who.gho.mdg-0000000007/2026/09/20260907T160526Z-1363df2b3da0.json.gz,2
who.gho.mdg-0000000007,MDG_0000000007:VUT:SEX_FMLE:AGEGROUP_YEARSUNDER5:WEALTHQUINTILE_TOTL,1954-01-01,2026-09-07T16:05:26Z,value,167.436196226,,who.gho.mdg-0000000007,raw/who.gho.mdg-0000000007/2026/09/20260907T160526Z-1363df2b3da0.json.gz,2
who.gho.mdg-0000000007,MDG_0000000007:VUT:SEX_MLE:AGEGROUP_YEARSUNDER5:WEALTHQUINTILE_TOTL,1954-01-01,2026-09-07T16:11:10Z,high,220.437096868,,who.gho.mdg-0000000007,raw/who.gho.mdg-0000000007/2026/09/20260907T161110Z-9f3e1e4fe296.json.gz,2
who.gho.mdg-0000000007,MDG_0000000007:VUT:SEX_MLE:AGEGROUP_YEARSUNDER5:WEALTHQUINTILE_TOTL,1954-01-01,2026-09-07T16:11:10Z,low,144.837838272,,who.gho.mdg-0000000007,raw/who.gho.mdg-0000000007/2026/09/20260907T161110Z-9f3e1e4fe296.json.gz,2
who.gho.mdg-0000000007,MDG_0000000007:VUT:SEX_MLE:AGEGROUP_YEARSUNDER5:WEALTHQUINTILE_TOTL,1954-01-01,2026-09-07T16:11:10Z,restated_at,2026-08-05,,who.gho.mdg-0000000007,raw/who.gho.mdg-0000000007/2026/09/20260907T161110Z-9f3e1e4fe296.json.gz,2
who.gho.mdg-0000000007,MDG_0000000007:VUT:SEX_MLE:AGEGROUP_YEARSUNDER5:WEALTHQUINTILE_TOTL,1954-01-01,2026-09-07T16:11:10Z,value,177.579382247,,who.gho.mdg-0000000007,raw/who.gho.mdg-0000000007/2026/09/20260907T161110Z-9f3e1e4fe296.json.gz,2
who.gho.mdg-0000000007,MDG_0000000007:WSM:SEX_BTSX:AGEGROUP_YEARSUNDER5:WEALTHQUINTILE_TOTL,1954-01-01,2026-09-07T16:11:06Z,high,151.84244476,,who.gho.mdg-0000000007,raw/who.gho.mdg-0000000007/2026/09/20260907T161106Z-078c7101acce.json.gz,2
who.gho.mdg-0000000007,MDG_0000000007:WSM:SEX_BTSX:AGEGROUP_YEARSUNDER5:WEALTHQUINTILE_TOTL,1954-01-01,2026-09-07T16:11:06Z,low,121.923222646,,who.gho.mdg-0000000007,raw/who.gho.mdg-0000000007/2026/09/20260907T161106Z-078c7101acce.json.gz,2
who.gho.mdg-0000000007,MDG_0000000007:WSM:SEX_BTSX:AGEGROUP_YEARSUNDER5:WEALTHQUINTILE_TOTL,1954-01-01,2026-09-07T16:11:06Z,restated_at,2026-08-05,,who.gho.mdg-0000000007,raw/who.gho.mdg-0000000007/2026/09/20260907T161106Z-078c7101acce.json.gz,2
who.gho.mdg-0000000007,MDG_0000000007:WSM:SEX_BTSX:AGEGROUP_YEARSUNDER5:WEALTHQUINTILE_TOTL,1954-01-01,2026-09-07T16:11:06Z,value,136.122316318,,who.gho.mdg-0000000007,raw/who.gho.mdg-0000000007/2026/09/20260907T161106Z-078c7101acce.json.gz,2
who.gho.mdg-0000000007,MDG_0000000007:WSM:SEX_FMLE:AGEGROUP_YEARSUNDER5:WEALTHQUINTILE_TOTL,1954-01-01,2026-09-07T16:10:53Z,high,145.401608655,,who.gho.mdg-0000000007,raw/who.gho.mdg-0000000007/2026/09/20260907T161053Z-9a5808e2a757.json.gz,2
who.gho.mdg-0000000007,MDG_0000000007:WSM:SEX_FMLE:AGEGROUP_YEARSUNDER5:WEALTHQUINTILE_TOTL,1954-01-01,2026-09-07T16:10:53Z,low,114.617372197,,who.gho.mdg-0000000007,raw/who.gho.mdg-0000000007/2026/09/20260907T161053Z-9a5808e2a757.json.gz,2
who.gho.mdg-0000000007,MDG_0000000007:WSM:SEX_FMLE:AGEGROUP_YEARSUNDER5:WEALTHQUINTILE_TOTL,1954-01-01,2026-09-07T16:10:53Z,restated_at,2026-08-05,,who.gho.mdg-0000000007,raw/who.gho.mdg-0000000007/2026/09/20260907T161053Z-9a5808e2a757.json.gz,2
who.gho.mdg-0000000007,MDG_0000000007:WSM:SEX_FMLE:AGEGROUP_YEARSUNDER5:WEALTHQUINTILE_TOTL,1954-01-01,2026-09-07T16:10:53Z,value,129.071070971,,who.gho.mdg-0000000007,raw/who.gho.mdg-0000000007/2026/09/20260907T161053Z-9a5808e2a757.json.gz,2
who.gho.mdg-0000000007,MDG_0000000007:WSM:SEX_MLE:AGEGROUP_YEARSUNDER5:WEALTHQUINTILE_TOTL,1954-01-01,2026-09-07T16:09:22Z,high,160.286442541,,who.gho.mdg-0000000007,raw/who.gho.mdg-0000000007/2026/09/20260907T160922Z-b03be7779b07.json.gz,2
who.gho.mdg-0000000007,MDG_0000000007:WSM:SEX_MLE:AGEGROUP_YEARSUNDER5:WEALTHQUINTILE_TOTL,1954-01-01,2026-09-07T16:09:22Z,low,126.874911538,,who.gho.mdg-0000000007,raw/who.gho.mdg-0000000007/2026/09/20260907T160922Z-b03be7779b07.json.gz,2
who.gho.mdg-0000000007,MDG_0000000007:WSM:SEX_MLE:AGEGROUP_YEARSUNDER5:WEALTHQUINTILE_TOTL,1954-01-01,2026-09-07T16:09:22Z,restated_at,2026-08-05,,who.gho.mdg-0000000007,raw/who.gho.mdg-0000000007/2026/09/20260907T160922Z-b03be7779b07.json.gz,2
who.gho.mdg-0000000007,MDG_0000000007:WSM:SEX_MLE:AGEGROUP_YEARSUNDER5:WEALTHQUINTILE_TOTL,1954-01-01,2026-09-07T16:09:22Z,value,142.813529273,,who.gho.mdg-0000000007,raw/who.gho.mdg-0000000007/2026/09/20260907T160922Z-b03be7779b07.json.gz,2
who.gho.mdg-0000000007,MDG_0000000007:ZMB:SEX_BTSX:AGEGROUP_YEARSUNDER5:WEALTHQUINTILE_TOTL,1954-01-01,2026-09-07T16:09:08Z,high,293.099669029,,who.gho.mdg-0000000007,raw/who.gho.mdg-0000000007/2026/09/20260907T160908Z-96acbc2bc7cb.json.gz,2
who.gho.mdg-0000000007,MDG_0000000007:ZMB:SEX_BTSX:AGEGROUP_YEARSUNDER5:WEALTHQUINTILE_TOTL,1954-01-01,2026-09-07T16:09:08Z,low,180.76780377,,who.gho.mdg-0000000007,raw/who.gho.mdg-0000000007/2026/09/20260907T160908Z-96acbc2bc7cb.json.gz,2
who.gho.mdg-0000000007,MDG_0000000007:ZMB:SEX_BTSX:AGEGROUP_YEARSUNDER5:WEALTHQUINTILE_TOTL,1954-01-01,2026-09-07T16:09:08Z,restated_at,2026-08-05,,who.gho.mdg-0000000007,raw/who.gho.mdg-0000000007/2026/09/20260907T160908Z-96acbc2bc7cb.json.gz,2
who.gho.mdg-0000000007,MDG_0000000007:ZMB:SEX_BTSX:AGEGROUP_YEARSUNDER5:WEALTHQUINTILE_TOTL,1954-01-01,2026-09-07T16:09:08Z,value,229.200522473,,who.gho.mdg-0000000007,raw/who.gho.mdg-0000000007/2026/09/20260907T160908Z-96acbc2bc7cb.json.gz,2
who.gho.mdg-0000000007,MDG_0000000007:ZMB:SEX_FMLE:AGEGROUP_YEARSUNDER5:WEALTHQUINTILE_TOTL,1954-01-01,2026-09-07T16:06:29Z,high,282.938466545,,who.gho.mdg-0000000007,raw/who.gho.mdg-0000000007/2026/09/20260907T160629Z-f6ed87825938.json.gz,2
who.gho.mdg-0000000007,MDG_0000000007:ZMB:SEX_FMLE:AGEGROUP_YEARSUNDER5:WEALTHQUINTILE_TOTL,1954-01-01,2026-09-07T16:06:29Z,low,173.439877508,,who.gho.mdg-0000000007,raw/who.gho.mdg-0000000007/2026/09/20260907T160629Z-f6ed87825938.json.gz,2
who.gho.mdg-0000000007,MDG_0000000007:ZMB:SEX_FMLE:AGEGROUP_YEARSUNDER5:WEALTHQUINTILE_TOTL,1954-01-01,2026-09-07T16:06:29Z,restated_at,2026-08-05,,who.gho.mdg-0000000007,raw/who.gho.mdg-0000000007/2026/09/20260907T160629Z-f6ed87825938.json.gz,2
who.gho.mdg-0000000007,MDG_0000000007:ZMB:SEX_FMLE:AGEGROUP_YEARSUNDER5:WEALTHQUINTILE_TOTL,1954-01-01,2026-09-07T16:06:29Z,value,221.281582798,,who.gho.mdg-0000000007,raw/who.gho.mdg-0000000007/2026/09/20260907T160629Z-f6ed87825938.json.gz,2
who.gho.mdg-0000000007,MDG_0000000007:ZMB:SEX_MLE:AGEGROUP_YEARSUNDER5:WEALTHQUINTILE_TOTL,1954-01-01,2026-09-07T16:06:16Z,high,303.633094077,,who.gho.mdg-0000000007,raw/who.gho.mdg-0000000007/2026/09/20260907T160616Z-615f6bfccb87.json.gz,2
who.gho.mdg-0000000007,MDG_0000000007:ZMB:SEX_MLE:AGEGROUP_YEARSUNDER5:WEALTHQUINTILE_TOTL,1954-01-01,2026-09-07T16:06:16Z,low,186.224060124,,who.gho.mdg-0000000007,raw/who.gho.mdg-0000000007/2026/09/20260907T160616Z-615f6bfccb87.json.gz,2
who.gho.mdg-0000000007,MDG_0000000007:ZMB:SEX_MLE:AGEGROUP_YEARSUNDER5:WEALTHQUINTILE_TOTL,1954-01-01,2026-09-07T16:06:16Z,restated_at,2026-08-05,,who.gho.mdg-0000000007,raw/who.gho.mdg-0000000007/2026/09/20260907T160616Z-615f6bfccb87.json.gz,2
who.gho.mdg-0000000007,MDG_0000000007:ZMB:SEX_MLE:AGEGROUP_YEARSUNDER5:WEALTHQUINTILE_TOTL,1954-01-01,2026-09-07T16:06:16Z,value,236.735318793,,who.gho.mdg-0000000007,raw/who.gho.mdg-0000000007/2026/09/20260907T160616Z-615f6bfccb87.json.gz,2
who.gho.mdg-0000000007,MDG_0000000007:ZWE:SEX_BTSX:AGEGROUP_YEARSUNDER5:WEALTHQUINTILE_TOTL,1954-01-01,2026-09-07T16:09:08Z,high,238.30734775,,who.gho.mdg-0000000007,raw/who.gho.mdg-0000000007/2026/09/20260907T160908Z-96acbc2bc7cb.json.gz,2
who.gho.mdg-0000000007,MDG_0000000007:ZWE:SEX_BTSX:AGEGROUP_YEARSUNDER5:WEALTHQUINTILE_TOTL,1954-01-01,2026-09-07T16:09:08Z,low,116.740564117,,who.gho.mdg-0000000007,raw/who.gho.mdg-0000000007/2026/09/20260907T160908Z-96acbc2bc7cb.json.gz,2
who.gho.mdg-0000000007,MDG_0000000007:ZWE:SEX_BTSX:AGEGROUP_YEARSUNDER5:WEALTHQUINTILE_TOTL,1954-01-01,2026-09-07T16:09:08Z,restated_at,2026-08-05,,who.gho.mdg-0000000007,raw/who.gho.mdg-0000000007/2026/09/20260907T160908Z-96acbc2bc7cb.json.gz,2
who.gho.mdg-0000000007,MDG_0000000007:ZWE:SEX_BTSX:AGEGROUP_YEARSUNDER5:WEALTHQUINTILE_TOTL,1954-01-01,2026-09-07T16:09:08Z,value,166.914618191,,who.gho.mdg-0000000007,raw/who.gho.mdg-0000000007/2026/09/20260907T160908Z-96acbc2bc7cb.json.gz,2
who.gho.mdg-0000000007,MDG_0000000007:ZWE:SEX_FMLE:AGEGROUP_YEARSUNDER5:WEALTHQUINTILE_TOTL,1954-01-01,2026-09-07T16:05:38Z,high,226.073480036,,who.gho.mdg-0000000007,raw/who.gho.mdg-0000000007/2026/09/20260907T160538Z-28a5f6808180.json.gz,2
who.gho.mdg-0000000007,MDG_0000000007:ZWE:SEX_FMLE:AGEGROUP_YEARSUNDER5:WEALTHQUINTILE_TOTL,1954-01-01,2026-09-07T16:05:38Z,low,110.031048451,,who.gho.mdg-0000000007,raw/who.gho.mdg-0000000007/2026/09/20260907T160538Z-28a5f6808180.json.gz,2
who.gho.mdg-0000000007,MDG_0000000007:ZWE:SEX_FMLE:AGEGROUP_YEARSUNDER5:WEALTHQUINTILE_TOTL,1954-01-01,2026-09-07T16:05:38Z,restated_at,2026-08-05,,who.gho.mdg-0000000007,raw/who.gho.mdg-0000000007/2026/09/20260907T160538Z-28a5f6808180.json.gz,2
who.gho.mdg-0000000007,MDG_0000000007:ZWE:SEX_FMLE:AGEGROUP_YEARSUNDER5:WEALTHQUINTILE_TOTL,1954-01-01,2026-09-07T16:05:38Z,value,157.944194329,,who.gho.mdg-0000000007,raw/who.gho.mdg-0000000007/2026/09/20260907T160538Z-28a5f6808180.json.gz,2
who.gho.mdg-0000000007,MDG_0000000007:ZWE:SEX_MLE:AGEGROUP_YEARSUNDER5:WEALTHQUINTILE_TOTL,1954-01-01,2026-09-07T16:11:18Z,high,250.116650245,,who.gho.mdg-0000000007,raw/who.gho.mdg-0000000007/2026/09/20260907T161118Z-85c02b5f4e3c.json.gz,2
who.gho.mdg-0000000007,MDG_0000000007:ZWE:SEX_MLE:AGEGROUP_YEARSUNDER5:WEALTHQUINTILE_TOTL,1954-01-01,2026-09-07T16:11:18Z,low,122.393896968,,who.gho.mdg-0000000007,raw/who.gho.mdg-0000000007/2026/09/20260907T161118Z-85c02b5f4e3c.json.gz,2
who.gho.mdg-0000000007,MDG_0000000007:ZWE:SEX_MLE:AGEGROUP_YEARSUNDER5:WEALTHQUINTILE_TOTL,1954-01-01,2026-09-07T16:11:18Z,restated_at,2026-08-05,,who.gho.mdg-0000000007,raw/who.gho.mdg-0000000007/2026/09/20260907T161118Z-85c02b5f4e3c.json.gz,2
who.gho.mdg-0000000007,MDG_0000000007:ZWE:SEX_MLE:AGEGROUP_YEARSUNDER5:WEALTHQUINTILE_TOTL,1954-01-01,2026-09-07T16:11:18Z,value,175.018864623,,who.gho.mdg-0000000007,raw/who.gho.mdg-0000000007/2026/09/20260907T161118Z-85c02b5f4e3c.json.gz,2
