series_id,entity_id,observed_at,captured_at,metric,value,unit,source_id,raw_ref,parser_version
who.gho.cm-02,CM_02:AFG:SEX_BTSX:AGEGROUP_MONTHS0-11,1958-01-01,2026-09-07T15:58:12Z,high,130774.0,,who.gho.cm-02,raw/who.gho.cm-02/2026/09/20260907T155812Z-02a2023435be.json.gz,2
who.gho.cm-02,CM_02:AFG:SEX_BTSX:AGEGROUP_MONTHS0-11,1958-01-01,2026-09-07T15:58:12Z,low,88996.0,,who.gho.cm-02,raw/who.gho.cm-02/2026/09/20260907T155812Z-02a2023435be.json.gz,2
who.gho.cm-02,CM_02:AFG:SEX_BTSX:AGEGROUP_MONTHS0-11,1958-01-01,2026-09-07T15:58:12Z,restated_at,2026-08-04,,who.gho.cm-02,raw/who.gho.cm-02/2026/09/20260907T155812Z-02a2023435be.json.gz,2
who.gho.cm-02,CM_02:AFG:SEX_BTSX:AGEGROUP_MONTHS0-11,1958-01-01,2026-09-07T15:58:12Z,value,108015.0,,who.gho.cm-02,raw/who.gho.cm-02/2026/09/20260907T155812Z-02a2023435be.json.gz,2
who.gho.cm-02,CM_02:AFG:SEX_FMLE:AGEGROUP_MONTHS0-11,1958-01-01,2026-09-07T15:57:35Z,high,61170.0,,who.gho.cm-02,raw/who.gho.cm-02/2026/09/20260907T155735Z-be5ff4c5352d.json.gz,2
who.gho.cm-02,CM_02:AFG:SEX_FMLE:AGEGROUP_MONTHS0-11,1958-01-01,2026-09-07T15:57:35Z,low,41086.0,,who.gho.cm-02,raw/who.gho.cm-02/2026/09/20260907T155735Z-be5ff4c5352d.json.gz,2
who.gho.cm-02,CM_02:AFG:SEX_FMLE:AGEGROUP_MONTHS0-11,1958-01-01,2026-09-07T15:57:35Z,restated_at,2026-08-04,,who.gho.cm-02,raw/who.gho.cm-02/2026/09/20260907T155735Z-be5ff4c5352d.json.gz,2
who.gho.cm-02,CM_02:AFG:SEX_FMLE:AGEGROUP_MONTHS0-11,1958-01-01,2026-09-07T15:57:35Z,value,50204.0,,who.gho.cm-02,raw/who.gho.cm-02/2026/09/20260907T155735Z-be5ff4c5352d.json.gz,2
who.gho.cm-02,CM_02:AFG:SEX_MLE:AGEGROUP_MONTHS0-11,1958-01-01,2026-09-07T15:57:07Z,high,70413.0,,who.gho.cm-02,raw/who.gho.cm-02/2026/09/20260907T155707Z-3cd3e5b56c9f.json.gz,2
who.gho.cm-02,CM_02:AFG:SEX_MLE:AGEGROUP_MONTHS0-11,1958-01-01,2026-09-07T15:57:07Z,low,47367.0,,who.gho.cm-02,raw/who.gho.cm-02/2026/09/20260907T155707Z-3cd3e5b56c9f.json.gz,2
who.gho.cm-02,CM_02:AFG:SEX_MLE:AGEGROUP_MONTHS0-11,1958-01-01,2026-09-07T15:57:07Z,restated_at,2026-08-04,,who.gho.cm-02,raw/who.gho.cm-02/2026/09/20260907T155707Z-3cd3e5b56c9f.json.gz,2
who.gho.cm-02,CM_02:AFG:SEX_MLE:AGEGROUP_MONTHS0-11,1958-01-01,2026-09-07T15:57:07Z,value,57811.0,,who.gho.cm-02,raw/who.gho.cm-02/2026/09/20260907T155707Z-3cd3e5b56c9f.json.gz,2
who.gho.cm-02,CM_02:ATG:SEX_BTSX:AGEGROUP_MONTHS0-11,1958-01-01,2026-09-07T15:57:30Z,high,133.0,,who.gho.cm-02,raw/who.gho.cm-02/2026/09/20260907T155730Z-1fe49c27b9ed.json.gz,2
who.gho.cm-02,CM_02:ATG:SEX_BTSX:AGEGROUP_MONTHS0-11,1958-01-01,2026-09-07T15:57:30Z,low,119.0,,who.gho.cm-02,raw/who.gho.cm-02/2026/09/20260907T155730Z-1fe49c27b9ed.json.gz,2
who.gho.cm-02,CM_02:ATG:SEX_BTSX:AGEGROUP_MONTHS0-11,1958-01-01,2026-09-07T15:57:30Z,restated_at,2026-08-04,,who.gho.cm-02,raw/who.gho.cm-02/2026/09/20260907T155730Z-1fe49c27b9ed.json.gz,2
who.gho.cm-02,CM_02:ATG:SEX_BTSX:AGEGROUP_MONTHS0-11,1958-01-01,2026-09-07T15:57:30Z,value,125.0,,who.gho.cm-02,raw/who.gho.cm-02/2026/09/20260907T155730Z-1fe49c27b9ed.json.gz,2
who.gho.cm-02,CM_02:ATG:SEX_FMLE:AGEGROUP_MONTHS0-11,1958-01-01,2026-09-07T15:51:11Z,high,62.0,,who.gho.cm-02,raw/who.gho.cm-02/2026/09/20260907T155111Z-17577dbcf352.json.gz,2
who.gho.cm-02,CM_02:ATG:SEX_FMLE:AGEGROUP_MONTHS0-11,1958-01-01,2026-09-07T15:51:11Z,low,55.0,,who.gho.cm-02,raw/who.gho.cm-02/2026/09/20260907T155111Z-17577dbcf352.json.gz,2
who.gho.cm-02,CM_02:ATG:SEX_FMLE:AGEGROUP_MONTHS0-11,1958-01-01,2026-09-07T15:51:11Z,restated_at,2025-04-15,,who.gho.cm-02,raw/who.gho.cm-02/2026/09/20260907T155111Z-17577dbcf352.json.gz,2
who.gho.cm-02,CM_02:ATG:SEX_FMLE:AGEGROUP_MONTHS0-11,1958-01-01,2026-09-07T15:51:11Z,value,58.0,,who.gho.cm-02,raw/who.gho.cm-02/2026/09/20260907T155111Z-17577dbcf352.json.gz,2
who.gho.cm-02,CM_02:ATG:SEX_MLE:AGEGROUP_MONTHS0-11,1958-01-01,2026-09-07T15:56:48Z,high,71.0,,who.gho.cm-02,raw/who.gho.cm-02/2026/09/20260907T155648Z-e962102586d9.json.gz,2
who.gho.cm-02,CM_02:ATG:SEX_MLE:AGEGROUP_MONTHS0-11,1958-01-01,2026-09-07T15:56:48Z,low,63.0,,who.gho.cm-02,raw/who.gho.cm-02/2026/09/20260907T155648Z-e962102586d9.json.gz,2
who.gho.cm-02,CM_02:ATG:SEX_MLE:AGEGROUP_MONTHS0-11,1958-01-01,2026-09-07T15:56:48Z,restated_at,2025-04-15,,who.gho.cm-02,raw/who.gho.cm-02/2026/09/20260907T155648Z-e962102586d9.json.gz,2
who.gho.cm-02,CM_02:ATG:SEX_MLE:AGEGROUP_MONTHS0-11,1958-01-01,2026-09-07T15:56:48Z,value,67.0,,who.gho.cm-02,raw/who.gho.cm-02/2026/09/20260907T155648Z-e962102586d9.json.gz,2
who.gho.cm-02,CM_02:AUS:SEX_BTSX:AGEGROUP_MONTHS0-11,1958-01-01,2026-09-07T15:51:40Z,high,4705.0,,who.gho.cm-02,raw/who.gho.cm-02/2026/09/20260907T155140Z-2ccf90b4d287.json.gz,2
who.gho.cm-02,CM_02:AUS:SEX_BTSX:AGEGROUP_MONTHS0-11,1958-01-01,2026-09-07T15:51:40Z,low,4534.0,,who.gho.cm-02,raw/who.gho.cm-02/2026/09/20260907T155140Z-2ccf90b4d287.json.gz,2
who.gho.cm-02,CM_02:AUS:SEX_BTSX:AGEGROUP_MONTHS0-11,1958-01-01,2026-09-07T15:51:40Z,restated_at,2026-08-04,,who.gho.cm-02,raw/who.gho.cm-02/2026/09/20260907T155140Z-2ccf90b4d287.json.gz,2
who.gho.cm-02,CM_02:AUS:SEX_BTSX:AGEGROUP_MONTHS0-11,1958-01-01,2026-09-07T15:51:40Z,value,4619.0,,who.gho.cm-02,raw/who.gho.cm-02/2026/09/20260907T155140Z-2ccf90b4d287.json.gz,2
who.gho.cm-02,CM_02:AUS:SEX_FMLE:AGEGROUP_MONTHS0-11,1958-01-01,2026-09-07T15:57:35Z,high,2035.0,,who.gho.cm-02,raw/who.gho.cm-02/2026/09/20260907T155735Z-be5ff4c5352d.json.gz,2
who.gho.cm-02,CM_02:AUS:SEX_FMLE:AGEGROUP_MONTHS0-11,1958-01-01,2026-09-07T15:57:35Z,low,1942.0,,who.gho.cm-02,raw/who.gho.cm-02/2026/09/20260907T155735Z-be5ff4c5352d.json.gz,2
who.gho.cm-02,CM_02:AUS:SEX_FMLE:AGEGROUP_MONTHS0-11,1958-01-01,2026-09-07T15:57:35Z,restated_at,2026-08-04,,who.gho.cm-02,raw/who.gho.cm-02/2026/09/20260907T155735Z-be5ff4c5352d.json.gz,2
who.gho.cm-02,CM_02:AUS:SEX_FMLE:AGEGROUP_MONTHS0-11,1958-01-01,2026-09-07T15:57:35Z,value,1988.0,,who.gho.cm-02,raw/who.gho.cm-02/2026/09/20260907T155735Z-be5ff4c5352d.json.gz,2
who.gho.cm-02,CM_02:AUS:SEX_MLE:AGEGROUP_MONTHS0-11,1958-01-01,2026-09-07T15:57:21Z,high,2688.0,,who.gho.cm-02,raw/who.gho.cm-02/2026/09/20260907T155721Z-a2b5c178c29b.json.gz,2
who.gho.cm-02,CM_02:AUS:SEX_MLE:AGEGROUP_MONTHS0-11,1958-01-01,2026-09-07T15:57:21Z,low,2576.0,,who.gho.cm-02,raw/who.gho.cm-02/2026/09/20260907T155721Z-a2b5c178c29b.json.gz,2
who.gho.cm-02,CM_02:AUS:SEX_MLE:AGEGROUP_MONTHS0-11,1958-01-01,2026-09-07T15:57:21Z,restated_at,2026-08-04,,who.gho.cm-02,raw/who.gho.cm-02/2026/09/20260907T155721Z-a2b5c178c29b.json.gz,2
who.gho.cm-02,CM_02:AUS:SEX_MLE:AGEGROUP_MONTHS0-11,1958-01-01,2026-09-07T15:57:21Z,value,2631.0,,who.gho.cm-02,raw/who.gho.cm-02/2026/09/20260907T155721Z-a2b5c178c29b.json.gz,2
who.gho.cm-02,CM_02:AUT:SEX_BTSX:AGEGROUP_MONTHS0-11,1958-01-01,2026-09-07T15:58:04Z,high,5002.0,,who.gho.cm-02,raw/who.gho.cm-02/2026/09/20260907T155804Z-3e19927fa86a.json.gz,2
who.gho.cm-02,CM_02:AUT:SEX_BTSX:AGEGROUP_MONTHS0-11,1958-01-01,2026-09-07T15:58:04Z,low,4794.0,,who.gho.cm-02,raw/who.gho.cm-02/2026/09/20260907T155804Z-3e19927fa86a.json.gz,2
who.gho.cm-02,CM_02:AUT:SEX_BTSX:AGEGROUP_MONTHS0-11,1958-01-01,2026-09-07T15:58:04Z,restated_at,2026-08-04,,who.gho.cm-02,raw/who.gho.cm-02/2026/09/20260907T155804Z-3e19927fa86a.json.gz,2
who.gho.cm-02,CM_02:AUT:SEX_BTSX:AGEGROUP_MONTHS0-11,1958-01-01,2026-09-07T15:58:04Z,value,4894.0,,who.gho.cm-02,raw/who.gho.cm-02/2026/09/20260907T155804Z-3e19927fa86a.json.gz,2
who.gho.cm-02,CM_02:AUT:SEX_FMLE:AGEGROUP_MONTHS0-11,1958-01-01,2026-09-07T15:52:26Z,high,2153.0,,who.gho.cm-02,raw/who.gho.cm-02/2026/09/20260907T155226Z-b536cc4a2b4c.json.gz,2
who.gho.cm-02,CM_02:AUT:SEX_FMLE:AGEGROUP_MONTHS0-11,1958-01-01,2026-09-07T15:52:26Z,low,2046.0,,who.gho.cm-02,raw/who.gho.cm-02/2026/09/20260907T155226Z-b536cc4a2b4c.json.gz,2
who.gho.cm-02,CM_02:AUT:SEX_FMLE:AGEGROUP_MONTHS0-11,1958-01-01,2026-09-07T15:52:26Z,restated_at,2026-08-04,,who.gho.cm-02,raw/who.gho.cm-02/2026/09/20260907T155226Z-b536cc4a2b4c.json.gz,2
who.gho.cm-02,CM_02:AUT:SEX_FMLE:AGEGROUP_MONTHS0-11,1958-01-01,2026-09-07T15:52:26Z,value,2098.0,,who.gho.cm-02,raw/who.gho.cm-02/2026/09/20260907T155226Z-b536cc4a2b4c.json.gz,2
who.gho.cm-02,CM_02:AUT:SEX_MLE:AGEGROUP_MONTHS0-11,1958-01-01,2026-09-07T15:57:35Z,high,2866.0,,who.gho.cm-02,raw/who.gho.cm-02/2026/09/20260907T155735Z-be5ff4c5352d.json.gz,2
who.gho.cm-02,CM_02:AUT:SEX_MLE:AGEGROUP_MONTHS0-11,1958-01-01,2026-09-07T15:57:35Z,low,2733.0,,who.gho.cm-02,raw/who.gho.cm-02/2026/09/20260907T155735Z-be5ff4c5352d.json.gz,2
who.gho.cm-02,CM_02:AUT:SEX_MLE:AGEGROUP_MONTHS0-11,1958-01-01,2026-09-07T15:57:35Z,restated_at,2026-08-04,,who.gho.cm-02,raw/who.gho.cm-02/2026/09/20260907T155735Z-be5ff4c5352d.json.gz,2
who.gho.cm-02,CM_02:AUT:SEX_MLE:AGEGROUP_MONTHS0-11,1958-01-01,2026-09-07T15:57:35Z,value,2796.0,,who.gho.cm-02,raw/who.gho.cm-02/2026/09/20260907T155735Z-be5ff4c5352d.json.gz,2
who.gho.cm-02,CM_02:BEL:SEX_BTSX:AGEGROUP_MONTHS0-11,1958-01-01,2026-09-07T15:51:11Z,high,5125.0,,who.gho.cm-02,raw/who.gho.cm-02/2026/09/20260907T155111Z-17577dbcf352.json.gz,2
who.gho.cm-02,CM_02:BEL:SEX_BTSX:AGEGROUP_MONTHS0-11,1958-01-01,2026-09-07T15:51:11Z,low,4936.0,,who.gho.cm-02,raw/who.gho.cm-02/2026/09/20260907T155111Z-17577dbcf352.json.gz,2
who.gho.cm-02,CM_02:BEL:SEX_BTSX:AGEGROUP_MONTHS0-11,1958-01-01,2026-09-07T15:51:11Z,restated_at,2026-08-04,,who.gho.cm-02,raw/who.gho.cm-02/2026/09/20260907T155111Z-17577dbcf352.json.gz,2
who.gho.cm-02,CM_02:BEL:SEX_BTSX:AGEGROUP_MONTHS0-11,1958-01-01,2026-09-07T15:51:11Z,value,5032.0,,who.gho.cm-02,raw/who.gho.cm-02/2026/09/20260907T155111Z-17577dbcf352.json.gz,2
who.gho.cm-02,CM_02:BEL:SEX_FMLE:AGEGROUP_MONTHS0-11,1958-01-01,2026-09-07T15:58:12Z,high,2166.0,,who.gho.cm-02,raw/who.gho.cm-02/2026/09/20260907T155812Z-02a2023435be.json.gz,2
who.gho.cm-02,CM_02:BEL:SEX_FMLE:AGEGROUP_MONTHS0-11,1958-01-01,2026-09-07T15:58:12Z,low,2068.0,,who.gho.cm-02,raw/who.gho.cm-02/2026/09/20260907T155812Z-02a2023435be.json.gz,2
who.gho.cm-02,CM_02:BEL:SEX_FMLE:AGEGROUP_MONTHS0-11,1958-01-01,2026-09-07T15:58:12Z,restated_at,2026-08-04,,who.gho.cm-02,raw/who.gho.cm-02/2026/09/20260907T155812Z-02a2023435be.json.gz,2
who.gho.cm-02,CM_02:BEL:SEX_FMLE:AGEGROUP_MONTHS0-11,1958-01-01,2026-09-07T15:58:12Z,value,2116.0,,who.gho.cm-02,raw/who.gho.cm-02/2026/09/20260907T155812Z-02a2023435be.json.gz,2
who.gho.cm-02,CM_02:BEL:SEX_MLE:AGEGROUP_MONTHS0-11,1958-01-01,2026-09-07T15:54:17Z,high,2979.0,,who.gho.cm-02,raw/who.gho.cm-02/2026/09/20260907T155417Z-e87fb31944b5.json.gz,2
who.gho.cm-02,CM_02:BEL:SEX_MLE:AGEGROUP_MONTHS0-11,1958-01-01,2026-09-07T15:54:17Z,low,2855.0,,who.gho.cm-02,raw/who.gho.cm-02/2026/09/20260907T155417Z-e87fb31944b5.json.gz,2
who.gho.cm-02,CM_02:BEL:SEX_MLE:AGEGROUP_MONTHS0-11,1958-01-01,2026-09-07T15:54:17Z,restated_at,2026-08-04,,who.gho.cm-02,raw/who.gho.cm-02/2026/09/20260907T155417Z-e87fb31944b5.json.gz,2
who.gho.cm-02,CM_02:BEL:SEX_MLE:AGEGROUP_MONTHS0-11,1958-01-01,2026-09-07T15:54:17Z,value,2916.0,,who.gho.cm-02,raw/who.gho.cm-02/2026/09/20260907T155417Z-e87fb31944b5.json.gz,2
who.gho.cm-02,CM_02:BEN:SEX_BTSX:AGEGROUP_MONTHS0-11,1958-01-01,2026-09-07T15:51:01Z,high,18814.0,,who.gho.cm-02,raw/who.gho.cm-02/2026/09/20260907T155101Z-65d1a3fa0413.json.gz,2
who.gho.cm-02,CM_02:BEN:SEX_BTSX:AGEGROUP_MONTHS0-11,1958-01-01,2026-09-07T15:51:01Z,low,15541.0,,who.gho.cm-02,raw/who.gho.cm-02/2026/09/20260907T155101Z-65d1a3fa0413.json.gz,2
who.gho.cm-02,CM_02:BEN:SEX_BTSX:AGEGROUP_MONTHS0-11,1958-01-01,2026-09-07T15:51:01Z,restated_at,2026-08-04,,who.gho.cm-02,raw/who.gho.cm-02/2026/09/20260907T155101Z-65d1a3fa0413.json.gz,2
who.gho.cm-02,CM_02:BEN:SEX_BTSX:AGEGROUP_MONTHS0-11,1958-01-01,2026-09-07T15:51:01Z,value,17040.0,,who.gho.cm-02,raw/who.gho.cm-02/2026/09/20260907T155101Z-65d1a3fa0413.json.gz,2
who.gho.cm-02,CM_02:BEN:SEX_FMLE:AGEGROUP_MONTHS0-11,1958-01-01,2026-09-07T15:58:12Z,high,8729.0,,who.gho.cm-02,raw/who.gho.cm-02/2026/09/20260907T155812Z-02a2023435be.json.gz,2
who.gho.cm-02,CM_02:BEN:SEX_FMLE:AGEGROUP_MONTHS0-11,1958-01-01,2026-09-07T15:58:12Z,low,7061.0,,who.gho.cm-02,raw/who.gho.cm-02/2026/09/20260907T155812Z-02a2023435be.json.gz,2
who.gho.cm-02,CM_02:BEN:SEX_FMLE:AGEGROUP_MONTHS0-11,1958-01-01,2026-09-07T15:58:12Z,restated_at,2026-08-04,,who.gho.cm-02,raw/who.gho.cm-02/2026/09/20260907T155812Z-02a2023435be.json.gz,2
who.gho.cm-02,CM_02:BEN:SEX_FMLE:AGEGROUP_MONTHS0-11,1958-01-01,2026-09-07T15:58:12Z,value,7823.0,,who.gho.cm-02,raw/who.gho.cm-02/2026/09/20260907T155812Z-02a2023435be.json.gz,2
who.gho.cm-02,CM_02:BEN:SEX_MLE:AGEGROUP_MONTHS0-11,1958-01-01,2026-09-07T15:51:05Z,high,10229.0,,who.gho.cm-02,raw/who.gho.cm-02/2026/09/20260907T155105Z-bd351d716a31.json.gz,2
who.gho.cm-02,CM_02:BEN:SEX_MLE:AGEGROUP_MONTHS0-11,1958-01-01,2026-09-07T15:51:05Z,low,8326.0,,who.gho.cm-02,raw/who.gho.cm-02/2026/09/20260907T155105Z-bd351d716a31.json.gz,2
who.gho.cm-02,CM_02:BEN:SEX_MLE:AGEGROUP_MONTHS0-11,1958-01-01,2026-09-07T15:51:05Z,restated_at,2026-08-04,,who.gho.cm-02,raw/who.gho.cm-02/2026/09/20260907T155105Z-bd351d716a31.json.gz,2
who.gho.cm-02,CM_02:BEN:SEX_MLE:AGEGROUP_MONTHS0-11,1958-01-01,2026-09-07T15:51:05Z,value,9217.0,,who.gho.cm-02,raw/who.gho.cm-02/2026/09/20260907T155105Z-bd351d716a31.json.gz,2
who.gho.cm-02,CM_02:BFA:SEX_BTSX:AGEGROUP_MONTHS0-11,1958-01-01,2026-09-07T15:57:49Z,high,40510.0,,who.gho.cm-02,raw/who.gho.cm-02/2026/09/20260907T155749Z-8808ed0c9a07.json.gz,2
who.gho.cm-02,CM_02:BFA:SEX_BTSX:AGEGROUP_MONTHS0-11,1958-01-01,2026-09-07T15:57:49Z,low,30998.0,,who.gho.cm-02,raw/who.gho.cm-02/2026/09/20260907T155749Z-8808ed0c9a07.json.gz,2
who.gho.cm-02,CM_02:BFA:SEX_BTSX:AGEGROUP_MONTHS0-11,1958-01-01,2026-09-07T15:57:49Z,restated_at,2026-08-04,,who.gho.cm-02,raw/who.gho.cm-02/2026/09/20260907T155749Z-8808ed0c9a07.json.gz,2
who.gho.cm-02,CM_02:BFA:SEX_BTSX:AGEGROUP_MONTHS0-11,1958-01-01,2026-09-07T15:57:49Z,value,35626.0,,who.gho.cm-02,raw/who.gho.cm-02/2026/09/20260907T155749Z-8808ed0c9a07.json.gz,2
who.gho.cm-02,CM_02:BFA:SEX_FMLE:AGEGROUP_MONTHS0-11,1958-01-01,2026-09-07T15:57:40Z,high,18654.0,,who.gho.cm-02,raw/who.gho.cm-02/2026/09/20260907T155740Z-31068700a25d.json.gz,2
who.gho.cm-02,CM_02:BFA:SEX_FMLE:AGEGROUP_MONTHS0-11,1958-01-01,2026-09-07T15:57:40Z,low,14003.0,,who.gho.cm-02,raw/who.gho.cm-02/2026/09/20260907T155740Z-31068700a25d.json.gz,2
who.gho.cm-02,CM_02:BFA:SEX_FMLE:AGEGROUP_MONTHS0-11,1958-01-01,2026-09-07T15:57:40Z,restated_at,2026-08-04,,who.gho.cm-02,raw/who.gho.cm-02/2026/09/20260907T155740Z-31068700a25d.json.gz,2
who.gho.cm-02,CM_02:BFA:SEX_FMLE:AGEGROUP_MONTHS0-11,1958-01-01,2026-09-07T15:57:40Z,value,16206.0,,who.gho.cm-02,raw/who.gho.cm-02/2026/09/20260907T155740Z-31068700a25d.json.gz,2
who.gho.cm-02,CM_02:BFA:SEX_MLE:AGEGROUP_MONTHS0-11,1958-01-01,2026-09-07T15:51:16Z,high,22189.0,,who.gho.cm-02,raw/who.gho.cm-02/2026/09/20260907T155116Z-bb01bf96bc15.json.gz,2
who.gho.cm-02,CM_02:BFA:SEX_MLE:AGEGROUP_MONTHS0-11,1958-01-01,2026-09-07T15:51:16Z,low,16818.0,,who.gho.cm-02,raw/who.gho.cm-02/2026/09/20260907T155116Z-bb01bf96bc15.json.gz,2
who.gho.cm-02,CM_02:BFA:SEX_MLE:AGEGROUP_MONTHS0-11,1958-01-01,2026-09-07T15:51:16Z,restated_at,2026-08-04,,who.gho.cm-02,raw/who.gho.cm-02/2026/09/20260907T155116Z-bb01bf96bc15.json.gz,2
who.gho.cm-02,CM_02:BFA:SEX_MLE:AGEGROUP_MONTHS0-11,1958-01-01,2026-09-07T15:51:16Z,value,19420.0,,who.gho.cm-02,raw/who.gho.cm-02/2026/09/20260907T155116Z-bb01bf96bc15.json.gz,2
who.gho.cm-02,CM_02:BGD:SEX_BTSX:AGEGROUP_MONTHS0-11,1958-01-01,2026-09-07T15:57:44Z,high,476023.0,,who.gho.cm-02,raw/who.gho.cm-02/2026/09/20260907T155744Z-e141b36e0a87.json.gz,2
who.gho.cm-02,CM_02:BGD:SEX_BTSX:AGEGROUP_MONTHS0-11,1958-01-01,2026-09-07T15:57:44Z,low,390713.0,,who.gho.cm-02,raw/who.gho.cm-02/2026/09/20260907T155744Z-e141b36e0a87.json.gz,2
who.gho.cm-02,CM_02:BGD:SEX_BTSX:AGEGROUP_MONTHS0-11,1958-01-01,2026-09-07T15:57:44Z,restated_at,2026-08-04,,who.gho.cm-02,raw/who.gho.cm-02/2026/09/20260907T155744Z-e141b36e0a87.json.gz,2
who.gho.cm-02,CM_02:BGD:SEX_BTSX:AGEGROUP_MONTHS0-11,1958-01-01,2026-09-07T15:57:44Z,value,430265.0,,who.gho.cm-02,raw/who.gho.cm-02/2026/09/20260907T155744Z-e141b36e0a87.json.gz,2
who.gho.cm-02,CM_02:BGD:SEX_FMLE:AGEGROUP_MONTHS0-11,1958-01-01,2026-09-07T15:52:37Z,high,215386.0,,who.gho.cm-02,raw/who.gho.cm-02/2026/09/20260907T155237Z-35c7d31783eb.json.gz,2
who.gho.cm-02,CM_02:BGD:SEX_FMLE:AGEGROUP_MONTHS0-11,1958-01-01,2026-09-07T15:52:37Z,low,174489.0,,who.gho.cm-02,raw/who.gho.cm-02/2026/09/20260907T155237Z-35c7d31783eb.json.gz,2
who.gho.cm-02,CM_02:BGD:SEX_FMLE:AGEGROUP_MONTHS0-11,1958-01-01,2026-09-07T15:52:37Z,restated_at,2026-08-04,,who.gho.cm-02,raw/who.gho.cm-02/2026/09/20260907T155237Z-35c7d31783eb.json.gz,2
who.gho.cm-02,CM_02:BGD:SEX_FMLE:AGEGROUP_MONTHS0-11,1958-01-01,2026-09-07T15:52:37Z,value,193531.0,,who.gho.cm-02,raw/who.gho.cm-02/2026/09/20260907T155237Z-35c7d31783eb.json.gz,2
who.gho.cm-02,CM_02:BGD:SEX_MLE:AGEGROUP_MONTHS0-11,1958-01-01,2026-09-07T15:58:20Z,high,262781.0,,who.gho.cm-02,raw/who.gho.cm-02/2026/09/20260907T155820Z-bace8014f904.json.gz,2
who.gho.cm-02,CM_02:BGD:SEX_MLE:AGEGROUP_MONTHS0-11,1958-01-01,2026-09-07T15:58:20Z,low,213780.0,,who.gho.cm-02,raw/who.gho.cm-02/2026/09/20260907T155820Z-bace8014f904.json.gz,2
who.gho.cm-02,CM_02:BGD:SEX_MLE:AGEGROUP_MONTHS0-11,1958-01-01,2026-09-07T15:58:20Z,restated_at,2026-08-04,,who.gho.cm-02,raw/who.gho.cm-02/2026/09/20260907T155820Z-bace8014f904.json.gz,2
who.gho.cm-02,CM_02:BGD:SEX_MLE:AGEGROUP_MONTHS0-11,1958-01-01,2026-09-07T15:58:20Z,value,236734.0,,who.gho.cm-02,raw/who.gho.cm-02/2026/09/20260907T155820Z-bace8014f904.json.gz,2
who.gho.cm-02,CM_02:BGR:SEX_BTSX:AGEGROUP_MONTHS0-11,1958-01-01,2026-09-07T15:57:00Z,high,8248.0,,who.gho.cm-02,raw/who.gho.cm-02/2026/09/20260907T155700Z-8ffcb12aceff.json.gz,2
who.gho.cm-02,CM_02:BGR:SEX_BTSX:AGEGROUP_MONTHS0-11,1958-01-01,2026-09-07T15:57:00Z,low,7197.0,,who.gho.cm-02,raw/who.gho.cm-02/2026/09/20260907T155700Z-8ffcb12aceff.json.gz,2
who.gho.cm-02,CM_02:BGR:SEX_BTSX:AGEGROUP_MONTHS0-11,1958-01-01,2026-09-07T15:57:00Z,restated_at,2026-08-04,,who.gho.cm-02,raw/who.gho.cm-02/2026/09/20260907T155700Z-8ffcb12aceff.json.gz,2
who.gho.cm-02,CM_02:BGR:SEX_BTSX:AGEGROUP_MONTHS0-11,1958-01-01,2026-09-07T15:57:00Z,value,7694.0,,who.gho.cm-02,raw/who.gho.cm-02/2026/09/20260907T155700Z-8ffcb12aceff.json.gz,2
who.gho.cm-02,CM_02:BGR:SEX_FMLE:AGEGROUP_MONTHS0-11,1958-01-01,2026-09-07T15:58:12Z,high,3653.0,,who.gho.cm-02,raw/who.gho.cm-02/2026/09/20260907T155812Z-02a2023435be.json.gz,2
who.gho.cm-02,CM_02:BGR:SEX_FMLE:AGEGROUP_MONTHS0-11,1958-01-01,2026-09-07T15:58:12Z,low,3150.0,,who.gho.cm-02,raw/who.gho.cm-02/2026/09/20260907T155812Z-02a2023435be.json.gz,2
who.gho.cm-02,CM_02:BGR:SEX_FMLE:AGEGROUP_MONTHS0-11,1958-01-01,2026-09-07T15:58:12Z,restated_at,2026-08-04,,who.gho.cm-02,raw/who.gho.cm-02/2026/09/20260907T155812Z-02a2023435be.json.gz,2
who.gho.cm-02,CM_02:BGR:SEX_FMLE:AGEGROUP_MONTHS0-11,1958-01-01,2026-09-07T15:58:12Z,value,3384.0,,who.gho.cm-02,raw/who.gho.cm-02/2026/09/20260907T155812Z-02a2023435be.json.gz,2
who.gho.cm-02,CM_02:BGR:SEX_MLE:AGEGROUP_MONTHS0-11,1958-01-01,2026-09-07T15:51:01Z,high,4630.0,,who.gho.cm-02,raw/who.gho.cm-02/2026/09/20260907T155101Z-65d1a3fa0413.json.gz,2
who.gho.cm-02,CM_02:BGR:SEX_MLE:AGEGROUP_MONTHS0-11,1958-01-01,2026-09-07T15:51:01Z,low,4018.0,,who.gho.cm-02,raw/who.gho.cm-02/2026/09/20260907T155101Z-65d1a3fa0413.json.gz,2
who.gho.cm-02,CM_02:BGR:SEX_MLE:AGEGROUP_MONTHS0-11,1958-01-01,2026-09-07T15:51:01Z,restated_at,2026-08-04,,who.gho.cm-02,raw/who.gho.cm-02/2026/09/20260907T155101Z-65d1a3fa0413.json.gz,2
who.gho.cm-02,CM_02:BGR:SEX_MLE:AGEGROUP_MONTHS0-11,1958-01-01,2026-09-07T15:51:01Z,value,4310.0,,who.gho.cm-02,raw/who.gho.cm-02/2026/09/20260907T155101Z-65d1a3fa0413.json.gz,2
who.gho.cm-02,CM_02:BHR:SEX_BTSX:AGEGROUP_MONTHS0-11,1958-01-01,2026-09-07T15:50:57Z,high,1598.0,,who.gho.cm-02,raw/who.gho.cm-02/2026/09/20260907T155057Z-e03fd9f60113.json.gz,2
who.gho.cm-02,CM_02:BHR:SEX_BTSX:AGEGROUP_MONTHS0-11,1958-01-01,2026-09-07T15:50:57Z,low,1136.0,,who.gho.cm-02,raw/who.gho.cm-02/2026/09/20260907T155057Z-e03fd9f60113.json.gz,2
who.gho.cm-02,CM_02:BHR:SEX_BTSX:AGEGROUP_MONTHS0-11,1958-01-01,2026-09-07T15:50:57Z,restated_at,2026-08-04,,who.gho.cm-02,raw/who.gho.cm-02/2026/09/20260907T155057Z-e03fd9f60113.json.gz,2
who.gho.cm-02,CM_02:BHR:SEX_BTSX:AGEGROUP_MONTHS0-11,1958-01-01,2026-09-07T15:50:57Z,value,1347.0,,who.gho.cm-02,raw/who.gho.cm-02/2026/09/20260907T155057Z-e03fd9f60113.json.gz,2
who.gho.cm-02,CM_02:BHR:SEX_FMLE:AGEGROUP_MONTHS0-11,1958-01-01,2026-09-07T15:51:44Z,high,781.0,,who.gho.cm-02,raw/who.gho.cm-02/2026/09/20260907T155144Z-505d97ce9093.json.gz,2
who.gho.cm-02,CM_02:BHR:SEX_FMLE:AGEGROUP_MONTHS0-11,1958-01-01,2026-09-07T15:51:44Z,low,543.0,,who.gho.cm-02,raw/who.gho.cm-02/2026/09/20260907T155144Z-505d97ce9093.json.gz,2
who.gho.cm-02,CM_02:BHR:SEX_FMLE:AGEGROUP_MONTHS0-11,1958-01-01,2026-09-07T15:51:44Z,restated_at,2026-08-04,,who.gho.cm-02,raw/who.gho.cm-02/2026/09/20260907T155144Z-505d97ce9093.json.gz,2
who.gho.cm-02,CM_02:BHR:SEX_FMLE:AGEGROUP_MONTHS0-11,1958-01-01,2026-09-07T15:51:44Z,value,649.0,,who.gho.cm-02,raw/who.gho.cm-02/2026/09/20260907T155144Z-505d97ce9093.json.gz,2
who.gho.cm-02,CM_02:BHR:SEX_MLE:AGEGROUP_MONTHS0-11,1958-01-01,2026-09-07T15:57:21Z,high,831.0,,who.gho.cm-02,raw/who.gho.cm-02/2026/09/20260907T155721Z-a2b5c178c29b.json.gz,2
who.gho.cm-02,CM_02:BHR:SEX_MLE:AGEGROUP_MONTHS0-11,1958-01-01,2026-09-07T15:57:21Z,low,584.0,,who.gho.cm-02,raw/who.gho.cm-02/2026/09/20260907T155721Z-a2b5c178c29b.json.gz,2
who.gho.cm-02,CM_02:BHR:SEX_MLE:AGEGROUP_MONTHS0-11,1958-01-01,2026-09-07T15:57:21Z,restated_at,2026-08-04,,who.gho.cm-02,raw/who.gho.cm-02/2026/09/20260907T155721Z-a2b5c178c29b.json.gz,2
who.gho.cm-02,CM_02:BHR:SEX_MLE:AGEGROUP_MONTHS0-11,1958-01-01,2026-09-07T15:57:21Z,value,698.0,,who.gho.cm-02,raw/who.gho.cm-02/2026/09/20260907T155721Z-a2b5c178c29b.json.gz,2
who.gho.cm-02,CM_02:BRA:SEX_BTSX:AGEGROUP_MONTHS0-11,1958-01-01,2026-09-07T15:56:41Z,high,433510.0,,who.gho.cm-02,raw/who.gho.cm-02/2026/09/20260907T155641Z-022407e160ee.json.gz,2
who.gho.cm-02,CM_02:BRA:SEX_BTSX:AGEGROUP_MONTHS0-11,1958-01-01,2026-09-07T15:56:41Z,low,360897.0,,who.gho.cm-02,raw/who.gho.cm-02/2026/09/20260907T155641Z-022407e160ee.json.gz,2
who.gho.cm-02,CM_02:BRA:SEX_BTSX:AGEGROUP_MONTHS0-11,1958-01-01,2026-09-07T15:56:41Z,restated_at,2026-08-04,,who.gho.cm-02,raw/who.gho.cm-02/2026/09/20260907T155641Z-022407e160ee.json.gz,2
who.gho.cm-02,CM_02:BRA:SEX_BTSX:AGEGROUP_MONTHS0-11,1958-01-01,2026-09-07T15:56:41Z,value,394255.0,,who.gho.cm-02,raw/who.gho.cm-02/2026/09/20260907T155641Z-022407e160ee.json.gz,2
who.gho.cm-02,CM_02:BRA:SEX_FMLE:AGEGROUP_MONTHS0-11,1958-01-01,2026-09-07T15:51:05Z,high,192585.0,,who.gho.cm-02,raw/who.gho.cm-02/2026/09/20260907T155105Z-bd351d716a31.json.gz,2
who.gho.cm-02,CM_02:BRA:SEX_FMLE:AGEGROUP_MONTHS0-11,1958-01-01,2026-09-07T15:51:05Z,low,156298.0,,who.gho.cm-02,raw/who.gho.cm-02/2026/09/20260907T155105Z-bd351d716a31.json.gz,2
who.gho.cm-02,CM_02:BRA:SEX_FMLE:AGEGROUP_MONTHS0-11,1958-01-01,2026-09-07T15:51:05Z,restated_at,2026-08-04,,who.gho.cm-02,raw/who.gho.cm-02/2026/09/20260907T155105Z-bd351d716a31.json.gz,2
who.gho.cm-02,CM_02:BRA:SEX_FMLE:AGEGROUP_MONTHS0-11,1958-01-01,2026-09-07T15:51:05Z,value,173350.0,,who.gho.cm-02,raw/who.gho.cm-02/2026/09/20260907T155105Z-bd351d716a31.json.gz,2
who.gho.cm-02,CM_02:BRA:SEX_MLE:AGEGROUP_MONTHS0-11,1958-01-01,2026-09-07T15:58:12Z,high,244496.0,,who.gho.cm-02,raw/who.gho.cm-02/2026/09/20260907T155812Z-02a2023435be.json.gz,2
who.gho.cm-02,CM_02:BRA:SEX_MLE:AGEGROUP_MONTHS0-11,1958-01-01,2026-09-07T15:58:12Z,low,200344.0,,who.gho.cm-02,raw/who.gho.cm-02/2026/09/20260907T155812Z-02a2023435be.json.gz,2
who.gho.cm-02,CM_02:BRA:SEX_MLE:AGEGROUP_MONTHS0-11,1958-01-01,2026-09-07T15:58:12Z,restated_at,2026-08-04,,who.gho.cm-02,raw/who.gho.cm-02/2026/09/20260907T155812Z-02a2023435be.json.gz,2
who.gho.cm-02,CM_02:BRA:SEX_MLE:AGEGROUP_MONTHS0-11,1958-01-01,2026-09-07T15:58:12Z,value,220905.0,,who.gho.cm-02,raw/who.gho.cm-02/2026/09/20260907T155812Z-02a2023435be.json.gz,2
who.gho.cm-02,CM_02:BRB:SEX_BTSX:AGEGROUP_MONTHS0-11,1958-01-01,2026-09-07T15:51:01Z,high,613.0,,who.gho.cm-02,raw/who.gho.cm-02/2026/09/20260907T155101Z-65d1a3fa0413.json.gz,2
who.gho.cm-02,CM_02:BRB:SEX_BTSX:AGEGROUP_MONTHS0-11,1958-01-01,2026-09-07T15:51:01Z,low,582.0,,who.gho.cm-02,raw/who.gho.cm-02/2026/09/20260907T155101Z-65d1a3fa0413.json.gz,2
who.gho.cm-02,CM_02:BRB:SEX_BTSX:AGEGROUP_MONTHS0-11,1958-01-01,2026-09-07T15:51:01Z,restated_at,2026-08-04,,who.gho.cm-02,raw/who.gho.cm-02/2026/09/20260907T155101Z-65d1a3fa0413.json.gz,2
who.gho.cm-02,CM_02:BRB:SEX_BTSX:AGEGROUP_MONTHS0-11,1958-01-01,2026-09-07T15:51:01Z,value,597.0,,who.gho.cm-02,raw/who.gho.cm-02/2026/09/20260907T155101Z-65d1a3fa0413.json.gz,2
who.gho.cm-02,CM_02:BRB:SEX_FMLE:AGEGROUP_MONTHS0-11,1958-01-01,2026-09-07T15:57:54Z,high,281.0,,who.gho.cm-02,raw/who.gho.cm-02/2026/09/20260907T155754Z-3bea881db2b4.json.gz,2
who.gho.cm-02,CM_02:BRB:SEX_FMLE:AGEGROUP_MONTHS0-11,1958-01-01,2026-09-07T15:57:54Z,low,262.0,,who.gho.cm-02,raw/who.gho.cm-02/2026/09/20260907T155754Z-3bea881db2b4.json.gz,2
who.gho.cm-02,CM_02:BRB:SEX_FMLE:AGEGROUP_MONTHS0-11,1958-01-01,2026-09-07T15:57:54Z,restated_at,2026-08-04,,who.gho.cm-02,raw/who.gho.cm-02/2026/09/20260907T155754Z-3bea881db2b4.json.gz,2
who.gho.cm-02,CM_02:BRB:SEX_FMLE:AGEGROUP_MONTHS0-11,1958-01-01,2026-09-07T15:57:54Z,value,271.0,,who.gho.cm-02,raw/who.gho.cm-02/2026/09/20260907T155754Z-3bea881db2b4.json.gz,2
who.gho.cm-02,CM_02:BRB:SEX_MLE:AGEGROUP_MONTHS0-11,1958-01-01,2026-09-07T15:57:00Z,high,337.0,,who.gho.cm-02,raw/who.gho.cm-02/2026/09/20260907T155700Z-8ffcb12aceff.json.gz,2
who.gho.cm-02,CM_02:BRB:SEX_MLE:AGEGROUP_MONTHS0-11,1958-01-01,2026-09-07T15:57:00Z,low,315.0,,who.gho.cm-02,raw/who.gho.cm-02/2026/09/20260907T155700Z-8ffcb12aceff.json.gz,2
who.gho.cm-02,CM_02:BRB:SEX_MLE:AGEGROUP_MONTHS0-11,1958-01-01,2026-09-07T15:57:00Z,restated_at,2025-04-15,,who.gho.cm-02,raw/who.gho.cm-02/2026/09/20260907T155700Z-8ffcb12aceff.json.gz,2
who.gho.cm-02,CM_02:BRB:SEX_MLE:AGEGROUP_MONTHS0-11,1958-01-01,2026-09-07T15:57:00Z,value,326.0,,who.gho.cm-02,raw/who.gho.cm-02/2026/09/20260907T155700Z-8ffcb12aceff.json.gz,2
who.gho.cm-02,CM_02:BRN:SEX_BTSX:AGEGROUP_MONTHS0-11,1958-01-01,2026-09-07T15:51:50Z,high,303.0,,who.gho.cm-02,raw/who.gho.cm-02/2026/09/20260907T155150Z-b2442ef3f6e6.json.gz,2
who.gho.cm-02,CM_02:BRN:SEX_BTSX:AGEGROUP_MONTHS0-11,1958-01-01,2026-09-07T15:51:50Z,low,225.0,,who.gho.cm-02,raw/who.gho.cm-02/2026/09/20260907T155150Z-b2442ef3f6e6.json.gz,2
who.gho.cm-02,CM_02:BRN:SEX_BTSX:AGEGROUP_MONTHS0-11,1958-01-01,2026-09-07T15:51:50Z,restated_at,2026-08-04,,who.gho.cm-02,raw/who.gho.cm-02/2026/09/20260907T155150Z-b2442ef3f6e6.json.gz,2
who.gho.cm-02,CM_02:BRN:SEX_BTSX:AGEGROUP_MONTHS0-11,1958-01-01,2026-09-07T15:51:50Z,value,261.0,,who.gho.cm-02,raw/who.gho.cm-02/2026/09/20260907T155150Z-b2442ef3f6e6.json.gz,2
who.gho.cm-02,CM_02:BRN:SEX_FMLE:AGEGROUP_MONTHS0-11,1958-01-01,2026-09-07T15:57:44Z,high,138.0,,who.gho.cm-02,raw/who.gho.cm-02/2026/09/20260907T155744Z-e141b36e0a87.json.gz,2
who.gho.cm-02,CM_02:BRN:SEX_FMLE:AGEGROUP_MONTHS0-11,1958-01-01,2026-09-07T15:57:44Z,low,101.0,,who.gho.cm-02,raw/who.gho.cm-02/2026/09/20260907T155744Z-e141b36e0a87.json.gz,2
who.gho.cm-02,CM_02:BRN:SEX_FMLE:AGEGROUP_MONTHS0-11,1958-01-01,2026-09-07T15:57:44Z,restated_at,2026-08-04,,who.gho.cm-02,raw/who.gho.cm-02/2026/09/20260907T155744Z-e141b36e0a87.json.gz,2
who.gho.cm-02,CM_02:BRN:SEX_FMLE:AGEGROUP_MONTHS0-11,1958-01-01,2026-09-07T15:57:44Z,value,118.0,,who.gho.cm-02,raw/who.gho.cm-02/2026/09/20260907T155744Z-e141b36e0a87.json.gz,2
who.gho.cm-02,CM_02:BRN:SEX_MLE:AGEGROUP_MONTHS0-11,1958-01-01,2026-09-07T15:52:26Z,high,167.0,,who.gho.cm-02,raw/who.gho.cm-02/2026/09/20260907T155226Z-b536cc4a2b4c.json.gz,2
who.gho.cm-02,CM_02:BRN:SEX_MLE:AGEGROUP_MONTHS0-11,1958-01-01,2026-09-07T15:52:26Z,low,122.0,,who.gho.cm-02,raw/who.gho.cm-02/2026/09/20260907T155226Z-b536cc4a2b4c.json.gz,2
who.gho.cm-02,CM_02:BRN:SEX_MLE:AGEGROUP_MONTHS0-11,1958-01-01,2026-09-07T15:52:26Z,restated_at,2025-04-15,,who.gho.cm-02,raw/who.gho.cm-02/2026/09/20260907T155226Z-b536cc4a2b4c.json.gz,2
who.gho.cm-02,CM_02:BRN:SEX_MLE:AGEGROUP_MONTHS0-11,1958-01-01,2026-09-07T15:52:26Z,value,143.0,,who.gho.cm-02,raw/who.gho.cm-02/2026/09/20260907T155226Z-b536cc4a2b4c.json.gz,2
who.gho.cm-02,CM_02:BWA:SEX_BTSX:AGEGROUP_MONTHS0-11,1958-01-01,2026-09-07T15:57:44Z,high,3484.0,,who.gho.cm-02,raw/who.gho.cm-02/2026/09/20260907T155744Z-e141b36e0a87.json.gz,2
who.gho.cm-02,CM_02:BWA:SEX_BTSX:AGEGROUP_MONTHS0-11,1958-01-01,2026-09-07T15:57:44Z,low,2279.0,,who.gho.cm-02,raw/who.gho.cm-02/2026/09/20260907T155744Z-e141b36e0a87.json.gz,2
who.gho.cm-02,CM_02:BWA:SEX_BTSX:AGEGROUP_MONTHS0-11,1958-01-01,2026-09-07T15:57:44Z,restated_at,2026-08-04,,who.gho.cm-02,raw/who.gho.cm-02/2026/09/20260907T155744Z-e141b36e0a87.json.gz,2
who.gho.cm-02,CM_02:BWA:SEX_BTSX:AGEGROUP_MONTHS0-11,1958-01-01,2026-09-07T15:57:44Z,value,2825.0,,who.gho.cm-02,raw/who.gho.cm-02/2026/09/20260907T155744Z-e141b36e0a87.json.gz,2
who.gho.cm-02,CM_02:BWA:SEX_FMLE:AGEGROUP_MONTHS0-11,1958-01-01,2026-09-07T15:57:40Z,high,1583.0,,who.gho.cm-02,raw/who.gho.cm-02/2026/09/20260907T155740Z-31068700a25d.json.gz,2
who.gho.cm-02,CM_02:BWA:SEX_FMLE:AGEGROUP_MONTHS0-11,1958-01-01,2026-09-07T15:57:40Z,low,1020.0,,who.gho.cm-02,raw/who.gho.cm-02/2026/09/20260907T155740Z-31068700a25d.json.gz,2
who.gho.cm-02,CM_02:BWA:SEX_FMLE:AGEGROUP_MONTHS0-11,1958-01-01,2026-09-07T15:57:40Z,restated_at,2026-08-04,,who.gho.cm-02,raw/who.gho.cm-02/2026/09/20260907T155740Z-31068700a25d.json.gz,2
who.gho.cm-02,CM_02:BWA:SEX_FMLE:AGEGROUP_MONTHS0-11,1958-01-01,2026-09-07T15:57:40Z,value,1277.0,,who.gho.cm-02,raw/who.gho.cm-02/2026/09/20260907T155740Z-31068700a25d.json.gz,2
who.gho.cm-02,CM_02:BWA:SEX_MLE:AGEGROUP_MONTHS0-11,1958-01-01,2026-09-07T15:58:04Z,high,1914.0,,who.gho.cm-02,raw/who.gho.cm-02/2026/09/20260907T155804Z-3e19927fa86a.json.gz,2
who.gho.cm-02,CM_02:BWA:SEX_MLE:AGEGROUP_MONTHS0-11,1958-01-01,2026-09-07T15:58:04Z,low,1244.0,,who.gho.cm-02,raw/who.gho.cm-02/2026/09/20260907T155804Z-3e19927fa86a.json.gz,2
who.gho.cm-02,CM_02:BWA:SEX_MLE:AGEGROUP_MONTHS0-11,1958-01-01,2026-09-07T15:58:04Z,restated_at,2026-08-04,,who.gho.cm-02,raw/who.gho.cm-02/2026/09/20260907T155804Z-3e19927fa86a.json.gz,2
who.gho.cm-02,CM_02:BWA:SEX_MLE:AGEGROUP_MONTHS0-11,1958-01-01,2026-09-07T15:58:04Z,value,1548.0,,who.gho.cm-02,raw/who.gho.cm-02/2026/09/20260907T155804Z-3e19927fa86a.json.gz,2
who.gho.cm-02,CM_02:CAN:SEX_BTSX:AGEGROUP_MONTHS0-11,1958-01-01,2026-09-07T15:57:54Z,high,13554.0,,who.gho.cm-02,raw/who.gho.cm-02/2026/09/20260907T155754Z-3bea881db2b4.json.gz,2
who.gho.cm-02,CM_02:CAN:SEX_BTSX:AGEGROUP_MONTHS0-11,1958-01-01,2026-09-07T15:57:54Z,low,13092.0,,who.gho.cm-02,raw/who.gho.cm-02/2026/09/20260907T155754Z-3bea881db2b4.json.gz,2
who.gho.cm-02,CM_02:CAN:SEX_BTSX:AGEGROUP_MONTHS0-11,1958-01-01,2026-09-07T15:57:54Z,restated_at,2026-08-04,,who.gho.cm-02,raw/who.gho.cm-02/2026/09/20260907T155754Z-3bea881db2b4.json.gz,2
who.gho.cm-02,CM_02:CAN:SEX_BTSX:AGEGROUP_MONTHS0-11,1958-01-01,2026-09-07T15:57:54Z,value,13321.0,,who.gho.cm-02,raw/who.gho.cm-02/2026/09/20260907T155754Z-3bea881db2b4.json.gz,2
who.gho.cm-02,CM_02:CAN:SEX_FMLE:AGEGROUP_MONTHS0-11,1958-01-01,2026-09-07T15:51:25Z,high,5793.0,,who.gho.cm-02,raw/who.gho.cm-02/2026/09/20260907T155125Z-b41e2575e826.json.gz,2
who.gho.cm-02,CM_02:CAN:SEX_FMLE:AGEGROUP_MONTHS0-11,1958-01-01,2026-09-07T15:51:25Z,low,5564.0,,who.gho.cm-02,raw/who.gho.cm-02/2026/09/20260907T155125Z-b41e2575e826.json.gz,2
who.gho.cm-02,CM_02:CAN:SEX_FMLE:AGEGROUP_MONTHS0-11,1958-01-01,2026-09-07T15:51:25Z,restated_at,2026-08-04,,who.gho.cm-02,raw/who.gho.cm-02/2026/09/20260907T155125Z-b41e2575e826.json.gz,2
who.gho.cm-02,CM_02:CAN:SEX_FMLE:AGEGROUP_MONTHS0-11,1958-01-01,2026-09-07T15:51:25Z,value,5675.0,,who.gho.cm-02,raw/who.gho.cm-02/2026/09/20260907T155125Z-b41e2575e826.json.gz,2
who.gho.cm-02,CM_02:CAN:SEX_MLE:AGEGROUP_MONTHS0-11,1958-01-01,2026-09-07T15:56:55Z,high,7795.0,,who.gho.cm-02,raw/who.gho.cm-02/2026/09/20260907T155655Z-a5ea76265971.json.gz,2
who.gho.cm-02,CM_02:CAN:SEX_MLE:AGEGROUP_MONTHS0-11,1958-01-01,2026-09-07T15:56:55Z,low,7506.0,,who.gho.cm-02,raw/who.gho.cm-02/2026/09/20260907T155655Z-a5ea76265971.json.gz,2
who.gho.cm-02,CM_02:CAN:SEX_MLE:AGEGROUP_MONTHS0-11,1958-01-01,2026-09-07T15:56:55Z,restated_at,2026-08-04,,who.gho.cm-02,raw/who.gho.cm-02/2026/09/20260907T155655Z-a5ea76265971.json.gz,2
who.gho.cm-02,CM_02:CAN:SEX_MLE:AGEGROUP_MONTHS0-11,1958-01-01,2026-09-07T15:56:55Z,value,7646.0,,who.gho.cm-02,raw/who.gho.cm-02/2026/09/20260907T155655Z-a5ea76265971.json.gz,2
who.gho.cm-02,CM_02:CHE:SEX_BTSX:AGEGROUP_MONTHS0-11,1958-01-01,2026-09-07T15:51:25Z,high,2111.0,,who.gho.cm-02,raw/who.gho.cm-02/2026/09/20260907T155125Z-b41e2575e826.json.gz,2
who.gho.cm-02,CM_02:CHE:SEX_BTSX:AGEGROUP_MONTHS0-11,1958-01-01,2026-09-07T15:51:25Z,low,2025.0,,who.gho.cm-02,raw/who.gho.cm-02/2026/09/20260907T155125Z-b41e2575e826.json.gz,2
who.gho.cm-02,CM_02:CHE:SEX_BTSX:AGEGROUP_MONTHS0-11,1958-01-01,2026-09-07T15:51:25Z,restated_at,2026-08-04,,who.gho.cm-02,raw/who.gho.cm-02/2026/09/20260907T155125Z-b41e2575e826.json.gz,2
who.gho.cm-02,CM_02:CHE:SEX_BTSX:AGEGROUP_MONTHS0-11,1958-01-01,2026-09-07T15:51:25Z,value,2068.0,,who.gho.cm-02,raw/who.gho.cm-02/2026/09/20260907T155125Z-b41e2575e826.json.gz,2
who.gho.cm-02,CM_02:CHE:SEX_FMLE:AGEGROUP_MONTHS0-11,1958-01-01,2026-09-07T15:58:16Z,high,898.0,,who.gho.cm-02,raw/who.gho.cm-02/2026/09/20260907T155816Z-99a1a16a015f.json.gz,2
who.gho.cm-02,CM_02:CHE:SEX_FMLE:AGEGROUP_MONTHS0-11,1958-01-01,2026-09-07T15:58:16Z,low,850.0,,who.gho.cm-02,raw/who.gho.cm-02/2026/09/20260907T155816Z-99a1a16a015f.json.gz,2
who.gho.cm-02,CM_02:CHE:SEX_FMLE:AGEGROUP_MONTHS0-11,1958-01-01,2026-09-07T15:58:16Z,restated_at,2026-08-04,,who.gho.cm-02,raw/who.gho.cm-02/2026/09/20260907T155816Z-99a1a16a015f.json.gz,2
who.gho.cm-02,CM_02:CHE:SEX_FMLE:AGEGROUP_MONTHS0-11,1958-01-01,2026-09-07T15:58:16Z,value,874.0,,who.gho.cm-02,raw/who.gho.cm-02/2026/09/20260907T155816Z-99a1a16a015f.json.gz,2
who.gho.cm-02,CM_02:CHE:SEX_MLE:AGEGROUP_MONTHS0-11,1958-01-01,2026-09-07T15:56:41Z,high,1224.0,,who.gho.cm-02,raw/who.gho.cm-02/2026/09/20260907T155641Z-022407e160ee.json.gz,2
who.gho.cm-02,CM_02:CHE:SEX_MLE:AGEGROUP_MONTHS0-11,1958-01-01,2026-09-07T15:56:41Z,low,1165.0,,who.gho.cm-02,raw/who.gho.cm-02/2026/09/20260907T155641Z-022407e160ee.json.gz,2
who.gho.cm-02,CM_02:CHE:SEX_MLE:AGEGROUP_MONTHS0-11,1958-01-01,2026-09-07T15:56:41Z,restated_at,2026-08-04,,who.gho.cm-02,raw/who.gho.cm-02/2026/09/20260907T155641Z-022407e160ee.json.gz,2
who.gho.cm-02,CM_02:CHE:SEX_MLE:AGEGROUP_MONTHS0-11,1958-01-01,2026-09-07T15:56:41Z,value,1194.0,,who.gho.cm-02,raw/who.gho.cm-02/2026/09/20260907T155641Z-022407e160ee.json.gz,2
who.gho.cm-02,CM_02:CHL:SEX_BTSX:AGEGROUP_MONTHS0-11,1958-01-01,2026-09-07T15:56:37Z,high,34804.0,,who.gho.cm-02,raw/who.gho.cm-02/2026/09/20260907T155637Z-c7bda929b138.json.gz,2
who.gho.cm-02,CM_02:CHL:SEX_BTSX:AGEGROUP_MONTHS0-11,1958-01-01,2026-09-07T15:56:37Z,low,33191.0,,who.gho.cm-02,raw/who.gho.cm-02/2026/09/20260907T155637Z-c7bda929b138.json.gz,2
who.gho.cm-02,CM_02:CHL:SEX_BTSX:AGEGROUP_MONTHS0-11,1958-01-01,2026-09-07T15:56:37Z,restated_at,2026-08-04,,who.gho.cm-02,raw/who.gho.cm-02/2026/09/20260907T155637Z-c7bda929b138.json.gz,2
who.gho.cm-02,CM_02:CHL:SEX_BTSX:AGEGROUP_MONTHS0-11,1958-01-01,2026-09-07T15:56:37Z,value,33980.0,,who.gho.cm-02,raw/who.gho.cm-02/2026/09/20260907T155637Z-c7bda929b138.json.gz,2
who.gho.cm-02,CM_02:CHL:SEX_FMLE:AGEGROUP_MONTHS0-11,1958-01-01,2026-09-07T15:57:54Z,high,15916.0,,who.gho.cm-02,raw/who.gho.cm-02/2026/09/20260907T155754Z-3bea881db2b4.json.gz,2
who.gho.cm-02,CM_02:CHL:SEX_FMLE:AGEGROUP_MONTHS0-11,1958-01-01,2026-09-07T15:57:54Z,low,15137.0,,who.gho.cm-02,raw/who.gho.cm-02/2026/09/20260907T155754Z-3bea881db2b4.json.gz,2
who.gho.cm-02,CM_02:CHL:SEX_FMLE:AGEGROUP_MONTHS0-11,1958-01-01,2026-09-07T15:57:54Z,restated_at,2026-08-04,,who.gho.cm-02,raw/who.gho.cm-02/2026/09/20260907T155754Z-3bea881db2b4.json.gz,2
who.gho.cm-02,CM_02:CHL:SEX_FMLE:AGEGROUP_MONTHS0-11,1958-01-01,2026-09-07T15:57:54Z,value,15524.0,,who.gho.cm-02,raw/who.gho.cm-02/2026/09/20260907T155754Z-3bea881db2b4.json.gz,2
who.gho.cm-02,CM_02:CHL:SEX_MLE:AGEGROUP_MONTHS0-11,1958-01-01,2026-09-07T15:56:37Z,high,18907.0,,who.gho.cm-02,raw/who.gho.cm-02/2026/09/20260907T155637Z-c7bda929b138.json.gz,2
who.gho.cm-02,CM_02:CHL:SEX_MLE:AGEGROUP_MONTHS0-11,1958-01-01,2026-09-07T15:56:37Z,low,17997.0,,who.gho.cm-02,raw/who.gho.cm-02/2026/09/20260907T155637Z-c7bda929b138.json.gz,2
who.gho.cm-02,CM_02:CHL:SEX_MLE:AGEGROUP_MONTHS0-11,1958-01-01,2026-09-07T15:56:37Z,restated_at,2026-08-04,,who.gho.cm-02,raw/who.gho.cm-02/2026/09/20260907T155637Z-c7bda929b138.json.gz,2
who.gho.cm-02,CM_02:CHL:SEX_MLE:AGEGROUP_MONTHS0-11,1958-01-01,2026-09-07T15:56:37Z,value,18456.0,,who.gho.cm-02,raw/who.gho.cm-02/2026/09/20260907T155637Z-c7bda929b138.json.gz,2
who.gho.cm-02,CM_02:CIV:SEX_BTSX:AGEGROUP_MONTHS0-11,1958-01-01,2026-09-07T15:57:17Z,high,45504.0,,who.gho.cm-02,raw/who.gho.cm-02/2026/09/20260907T155717Z-89bc69b90b61.json.gz,2
who.gho.cm-02,CM_02:CIV:SEX_BTSX:AGEGROUP_MONTHS0-11,1958-01-01,2026-09-07T15:57:17Z,low,33594.0,,who.gho.cm-02,raw/who.gho.cm-02/2026/09/20260907T155717Z-89bc69b90b61.json.gz,2
who.gho.cm-02,CM_02:CIV:SEX_BTSX:AGEGROUP_MONTHS0-11,1958-01-01,2026-09-07T15:57:17Z,restated_at,2026-08-04,,who.gho.cm-02,raw/who.gho.cm-02/2026/09/20260907T155717Z-89bc69b90b61.json.gz,2
who.gho.cm-02,CM_02:CIV:SEX_BTSX:AGEGROUP_MONTHS0-11,1958-01-01,2026-09-07T15:57:17Z,value,39074.0,,who.gho.cm-02,raw/who.gho.cm-02/2026/09/20260907T155717Z-89bc69b90b61.json.gz,2
who.gho.cm-02,CM_02:CIV:SEX_FMLE:AGEGROUP_MONTHS0-11,1958-01-01,2026-09-07T15:52:10Z,high,20346.0,,who.gho.cm-02,raw/who.gho.cm-02/2026/09/20260907T155210Z-c2e07328660e.json.gz,2
who.gho.cm-02,CM_02:CIV:SEX_FMLE:AGEGROUP_MONTHS0-11,1958-01-01,2026-09-07T15:52:10Z,low,14847.0,,who.gho.cm-02,raw/who.gho.cm-02/2026/09/20260907T155210Z-c2e07328660e.json.gz,2
who.gho.cm-02,CM_02:CIV:SEX_FMLE:AGEGROUP_MONTHS0-11,1958-01-01,2026-09-07T15:52:10Z,restated_at,2026-08-04,,who.gho.cm-02,raw/who.gho.cm-02/2026/09/20260907T155210Z-c2e07328660e.json.gz,2
who.gho.cm-02,CM_02:CIV:SEX_FMLE:AGEGROUP_MONTHS0-11,1958-01-01,2026-09-07T15:52:10Z,value,17426.0,,who.gho.cm-02,raw/who.gho.cm-02/2026/09/20260907T155210Z-c2e07328660e.json.gz,2
who.gho.cm-02,CM_02:CIV:SEX_MLE:AGEGROUP_MONTHS0-11,1958-01-01,2026-09-07T15:51:50Z,high,25253.0,,who.gho.cm-02,raw/who.gho.cm-02/2026/09/20260907T155150Z-b2442ef3f6e6.json.gz,2
who.gho.cm-02,CM_02:CIV:SEX_MLE:AGEGROUP_MONTHS0-11,1958-01-01,2026-09-07T15:51:50Z,low,18530.0,,who.gho.cm-02,raw/who.gho.cm-02/2026/09/20260907T155150Z-b2442ef3f6e6.json.gz,2
who.gho.cm-02,CM_02:CIV:SEX_MLE:AGEGROUP_MONTHS0-11,1958-01-01,2026-09-07T15:51:50Z,restated_at,2026-08-04,,who.gho.cm-02,raw/who.gho.cm-02/2026/09/20260907T155150Z-b2442ef3f6e6.json.gz,2
who.gho.cm-02,CM_02:CIV:SEX_MLE:AGEGROUP_MONTHS0-11,1958-01-01,2026-09-07T15:51:50Z,value,21648.0,,who.gho.cm-02,raw/who.gho.cm-02/2026/09/20260907T155150Z-b2442ef3f6e6.json.gz,2
who.gho.cm-02,CM_02:CMR:SEX_BTSX:AGEGROUP_MONTHS0-11,1958-01-01,2026-09-07T15:51:16Z,high,45948.0,,who.gho.cm-02,raw/who.gho.cm-02/2026/09/20260907T155116Z-bb01bf96bc15.json.gz,2
who.gho.cm-02,CM_02:CMR:SEX_BTSX:AGEGROUP_MONTHS0-11,1958-01-01,2026-09-07T15:51:16Z,low,34423.0,,who.gho.cm-02,raw/who.gho.cm-02/2026/09/20260907T155116Z-bb01bf96bc15.json.gz,2
who.gho.cm-02,CM_02:CMR:SEX_BTSX:AGEGROUP_MONTHS0-11,1958-01-01,2026-09-07T15:51:16Z,restated_at,2026-08-04,,who.gho.cm-02,raw/who.gho.cm-02/2026/09/20260907T155116Z-bb01bf96bc15.json.gz,2
who.gho.cm-02,CM_02:CMR:SEX_BTSX:AGEGROUP_MONTHS0-11,1958-01-01,2026-09-07T15:51:16Z,value,39860.0,,who.gho.cm-02,raw/who.gho.cm-02/2026/09/20260907T155116Z-bb01bf96bc15.json.gz,2
who.gho.cm-02,CM_02:CMR:SEX_FMLE:AGEGROUP_MONTHS0-11,1958-01-01,2026-09-07T15:57:40Z,high,21322.0,,who.gho.cm-02,raw/who.gho.cm-02/2026/09/20260907T155740Z-31068700a25d.json.gz,2
who.gho.cm-02,CM_02:CMR:SEX_FMLE:AGEGROUP_MONTHS0-11,1958-01-01,2026-09-07T15:57:40Z,low,15802.0,,who.gho.cm-02,raw/who.gho.cm-02/2026/09/20260907T155740Z-31068700a25d.json.gz,2
who.gho.cm-02,CM_02:CMR:SEX_FMLE:AGEGROUP_MONTHS0-11,1958-01-01,2026-09-07T15:57:40Z,restated_at,2026-08-04,,who.gho.cm-02,raw/who.gho.cm-02/2026/09/20260907T155740Z-31068700a25d.json.gz,2
who.gho.cm-02,CM_02:CMR:SEX_FMLE:AGEGROUP_MONTHS0-11,1958-01-01,2026-09-07T15:57:40Z,value,18405.0,,who.gho.cm-02,raw/who.gho.cm-02/2026/09/20260907T155740Z-31068700a25d.json.gz,2
who.gho.cm-02,CM_02:CMR:SEX_MLE:AGEGROUP_MONTHS0-11,1958-01-01,2026-09-07T15:51:54Z,high,24802.0,,who.gho.cm-02,raw/who.gho.cm-02/2026/09/20260907T155154Z-820134cf428b.json.gz,2
who.gho.cm-02,CM_02:CMR:SEX_MLE:AGEGROUP_MONTHS0-11,1958-01-01,2026-09-07T15:51:54Z,low,18470.0,,who.gho.cm-02,raw/who.gho.cm-02/2026/09/20260907T155154Z-820134cf428b.json.gz,2
who.gho.cm-02,CM_02:CMR:SEX_MLE:AGEGROUP_MONTHS0-11,1958-01-01,2026-09-07T15:51:54Z,restated_at,2026-08-04,,who.gho.cm-02,raw/who.gho.cm-02/2026/09/20260907T155154Z-820134cf428b.json.gz,2
who.gho.cm-02,CM_02:CMR:SEX_MLE:AGEGROUP_MONTHS0-11,1958-01-01,2026-09-07T15:51:54Z,value,21455.0,,who.gho.cm-02,raw/who.gho.cm-02/2026/09/20260907T155154Z-820134cf428b.json.gz,2
who.gho.cm-02,CM_02:COG:SEX_BTSX:AGEGROUP_MONTHS0-11,1958-01-01,2026-09-07T15:56:41Z,high,5116.0,,who.gho.cm-02,raw/who.gho.cm-02/2026/09/20260907T155641Z-022407e160ee.json.gz,2
who.gho.cm-02,CM_02:COG:SEX_BTSX:AGEGROUP_MONTHS0-11,1958-01-01,2026-09-07T15:56:41Z,low,3696.0,,who.gho.cm-02,raw/who.gho.cm-02/2026/09/20260907T155641Z-022407e160ee.json.gz,2
who.gho.cm-02,CM_02:COG:SEX_BTSX:AGEGROUP_MONTHS0-11,1958-01-01,2026-09-07T15:56:41Z,restated_at,2026-08-04,,who.gho.cm-02,raw/who.gho.cm-02/2026/09/20260907T155641Z-022407e160ee.json.gz,2
who.gho.cm-02,CM_02:COG:SEX_BTSX:AGEGROUP_MONTHS0-11,1958-01-01,2026-09-07T15:56:41Z,value,4347.0,,who.gho.cm-02,raw/who.gho.cm-02/2026/09/20260907T155641Z-022407e160ee.json.gz,2
who.gho.cm-02,CM_02:COG:SEX_FMLE:AGEGROUP_MONTHS0-11,1958-01-01,2026-09-07T15:56:48Z,high,2341.0,,who.gho.cm-02,raw/who.gho.cm-02/2026/09/20260907T155648Z-e962102586d9.json.gz,2
who.gho.cm-02,CM_02:COG:SEX_FMLE:AGEGROUP_MONTHS0-11,1958-01-01,2026-09-07T15:56:48Z,low,1658.0,,who.gho.cm-02,raw/who.gho.cm-02/2026/09/20260907T155648Z-e962102586d9.json.gz,2
who.gho.cm-02,CM_02:COG:SEX_FMLE:AGEGROUP_MONTHS0-11,1958-01-01,2026-09-07T15:56:48Z,restated_at,2026-08-04,,who.gho.cm-02,raw/who.gho.cm-02/2026/09/20260907T155648Z-e962102586d9.json.gz,2
who.gho.cm-02,CM_02:COG:SEX_FMLE:AGEGROUP_MONTHS0-11,1958-01-01,2026-09-07T15:56:48Z,value,1976.0,,who.gho.cm-02,raw/who.gho.cm-02/2026/09/20260907T155648Z-e962102586d9.json.gz,2
who.gho.cm-02,CM_02:COG:SEX_MLE:AGEGROUP_MONTHS0-11,1958-01-01,2026-09-07T15:52:10Z,high,2800.0,,who.gho.cm-02,raw/who.gho.cm-02/2026/09/20260907T155210Z-c2e07328660e.json.gz,2
who.gho.cm-02,CM_02:COG:SEX_MLE:AGEGROUP_MONTHS0-11,1958-01-01,2026-09-07T15:52:10Z,low,1997.0,,who.gho.cm-02,raw/who.gho.cm-02/2026/09/20260907T155210Z-c2e07328660e.json.gz,2
who.gho.cm-02,CM_02:COG:SEX_MLE:AGEGROUP_MONTHS0-11,1958-01-01,2026-09-07T15:52:10Z,restated_at,2026-08-04,,who.gho.cm-02,raw/who.gho.cm-02/2026/09/20260907T155210Z-c2e07328660e.json.gz,2
who.gho.cm-02,CM_02:COG:SEX_MLE:AGEGROUP_MONTHS0-11,1958-01-01,2026-09-07T15:52:10Z,value,2371.0,,who.gho.cm-02,raw/who.gho.cm-02/2026/09/20260907T155210Z-c2e07328660e.json.gz,2
who.gho.cm-02,CM_02:COK:SEX_BTSX:AGEGROUP_MONTHS0-11,1958-01-01,2026-09-07T15:57:12Z,high,86.0,,who.gho.cm-02,raw/who.gho.cm-02/2026/09/20260907T155712Z-98aa519eeacd.json.gz,2
who.gho.cm-02,CM_02:COK:SEX_BTSX:AGEGROUP_MONTHS0-11,1958-01-01,2026-09-07T15:57:12Z,low,63.0,,who.gho.cm-02,raw/who.gho.cm-02/2026/09/20260907T155712Z-98aa519eeacd.json.gz,2
who.gho.cm-02,CM_02:COK:SEX_BTSX:AGEGROUP_MONTHS0-11,1958-01-01,2026-09-07T15:57:12Z,restated_at,2025-04-15,,who.gho.cm-02,raw/who.gho.cm-02/2026/09/20260907T155712Z-98aa519eeacd.json.gz,2
who.gho.cm-02,CM_02:COK:SEX_BTSX:AGEGROUP_MONTHS0-11,1958-01-01,2026-09-07T15:57:12Z,value,74.0,,who.gho.cm-02,raw/who.gho.cm-02/2026/09/20260907T155712Z-98aa519eeacd.json.gz,2
who.gho.cm-02,CM_02:COK:SEX_FMLE:AGEGROUP_MONTHS0-11,1958-01-01,2026-09-07T15:51:50Z,high,38.0,,who.gho.cm-02,raw/who.gho.cm-02/2026/09/20260907T155150Z-b2442ef3f6e6.json.gz,2
who.gho.cm-02,CM_02:COK:SEX_FMLE:AGEGROUP_MONTHS0-11,1958-01-01,2026-09-07T15:51:50Z,low,27.0,,who.gho.cm-02,raw/who.gho.cm-02/2026/09/20260907T155150Z-b2442ef3f6e6.json.gz,2
who.gho.cm-02,CM_02:COK:SEX_FMLE:AGEGROUP_MONTHS0-11,1958-01-01,2026-09-07T15:51:50Z,restated_at,2025-04-15,,who.gho.cm-02,raw/who.gho.cm-02/2026/09/20260907T155150Z-b2442ef3f6e6.json.gz,2
who.gho.cm-02,CM_02:COK:SEX_FMLE:AGEGROUP_MONTHS0-11,1958-01-01,2026-09-07T15:51:50Z,value,32.0,,who.gho.cm-02,raw/who.gho.cm-02/2026/09/20260907T155150Z-b2442ef3f6e6.json.gz,2
who.gho.cm-02,CM_02:COK:SEX_MLE:AGEGROUP_MONTHS0-11,1958-01-01,2026-09-07T15:57:12Z,high,49.0,,who.gho.cm-02,raw/who.gho.cm-02/2026/09/20260907T155712Z-98aa519eeacd.json.gz,2
who.gho.cm-02,CM_02:COK:SEX_MLE:AGEGROUP_MONTHS0-11,1958-01-01,2026-09-07T15:57:12Z,low,35.0,,who.gho.cm-02,raw/who.gho.cm-02/2026/09/20260907T155712Z-98aa519eeacd.json.gz,2
who.gho.cm-02,CM_02:COK:SEX_MLE:AGEGROUP_MONTHS0-11,1958-01-01,2026-09-07T15:57:12Z,restated_at,2026-08-04,,who.gho.cm-02,raw/who.gho.cm-02/2026/09/20260907T155712Z-98aa519eeacd.json.gz,2
who.gho.cm-02,CM_02:COK:SEX_MLE:AGEGROUP_MONTHS0-11,1958-01-01,2026-09-07T15:57:12Z,value,42.0,,who.gho.cm-02,raw/who.gho.cm-02/2026/09/20260907T155712Z-98aa519eeacd.json.gz,2
who.gho.cm-02,CM_02:COL:SEX_BTSX:AGEGROUP_MONTHS0-11,1958-01-01,2026-09-07T15:57:40Z,high,75675.0,,who.gho.cm-02,raw/who.gho.cm-02/2026/09/20260907T155740Z-31068700a25d.json.gz,2
who.gho.cm-02,CM_02:COL:SEX_BTSX:AGEGROUP_MONTHS0-11,1958-01-01,2026-09-07T15:57:40Z,low,60591.0,,who.gho.cm-02,raw/who.gho.cm-02/2026/09/20260907T155740Z-31068700a25d.json.gz,2
who.gho.cm-02,CM_02:COL:SEX_BTSX:AGEGROUP_MONTHS0-11,1958-01-01,2026-09-07T15:57:40Z,restated_at,2026-08-04,,who.gho.cm-02,raw/who.gho.cm-02/2026/09/20260907T155740Z-31068700a25d.json.gz,2
who.gho.cm-02,CM_02:COL:SEX_BTSX:AGEGROUP_MONTHS0-11,1958-01-01,2026-09-07T15:57:40Z,value,67749.0,,who.gho.cm-02,raw/who.gho.cm-02/2026/09/20260907T155740Z-31068700a25d.json.gz,2
who.gho.cm-02,CM_02:COL:SEX_FMLE:AGEGROUP_MONTHS0-11,1958-01-01,2026-09-07T15:57:49Z,high,34392.0,,who.gho.cm-02,raw/who.gho.cm-02/2026/09/20260907T155749Z-8808ed0c9a07.json.gz,2
who.gho.cm-02,CM_02:COL:SEX_FMLE:AGEGROUP_MONTHS0-11,1958-01-01,2026-09-07T15:57:49Z,low,26950.0,,who.gho.cm-02,raw/who.gho.cm-02/2026/09/20260907T155749Z-8808ed0c9a07.json.gz,2
who.gho.cm-02,CM_02:COL:SEX_FMLE:AGEGROUP_MONTHS0-11,1958-01-01,2026-09-07T15:57:49Z,restated_at,2026-08-04,,who.gho.cm-02,raw/who.gho.cm-02/2026/09/20260907T155749Z-8808ed0c9a07.json.gz,2
who.gho.cm-02,CM_02:COL:SEX_FMLE:AGEGROUP_MONTHS0-11,1958-01-01,2026-09-07T15:57:49Z,value,30472.0,,who.gho.cm-02,raw/who.gho.cm-02/2026/09/20260907T155749Z-8808ed0c9a07.json.gz,2
who.gho.cm-02,CM_02:COL:SEX_MLE:AGEGROUP_MONTHS0-11,1958-01-01,2026-09-07T15:51:25Z,high,41896.0,,who.gho.cm-02,raw/who.gho.cm-02/2026/09/20260907T155125Z-b41e2575e826.json.gz,2
who.gho.cm-02,CM_02:COL:SEX_MLE:AGEGROUP_MONTHS0-11,1958-01-01,2026-09-07T15:51:25Z,low,33051.0,,who.gho.cm-02,raw/who.gho.cm-02/2026/09/20260907T155125Z-b41e2575e826.json.gz,2
who.gho.cm-02,CM_02:COL:SEX_MLE:AGEGROUP_MONTHS0-11,1958-01-01,2026-09-07T15:51:25Z,restated_at,2026-08-04,,who.gho.cm-02,raw/who.gho.cm-02/2026/09/20260907T155125Z-b41e2575e826.json.gz,2
who.gho.cm-02,CM_02:COL:SEX_MLE:AGEGROUP_MONTHS0-11,1958-01-01,2026-09-07T15:51:25Z,value,37277.0,,who.gho.cm-02,raw/who.gho.cm-02/2026/09/20260907T155125Z-b41e2575e826.json.gz,2
who.gho.cm-02,CM_02:CPV:SEX_BTSX:AGEGROUP_MONTHS0-11,1958-01-01,2026-09-07T15:57:54Z,high,1386.0,,who.gho.cm-02,raw/who.gho.cm-02/2026/09/20260907T155754Z-3bea881db2b4.json.gz,2
who.gho.cm-02,CM_02:CPV:SEX_BTSX:AGEGROUP_MONTHS0-11,1958-01-01,2026-09-07T15:57:54Z,low,836.0,,who.gho.cm-02,raw/who.gho.cm-02/2026/09/20260907T155754Z-3bea881db2b4.json.gz,2
who.gho.cm-02,CM_02:CPV:SEX_BTSX:AGEGROUP_MONTHS0-11,1958-01-01,2026-09-07T15:57:54Z,restated_at,2026-08-04,,who.gho.cm-02,raw/who.gho.cm-02/2026/09/20260907T155754Z-3bea881db2b4.json.gz,2
who.gho.cm-02,CM_02:CPV:SEX_BTSX:AGEGROUP_MONTHS0-11,1958-01-01,2026-09-07T15:57:54Z,value,1085.0,,who.gho.cm-02,raw/who.gho.cm-02/2026/09/20260907T155754Z-3bea881db2b4.json.gz,2
who.gho.cm-02,CM_02:CPV:SEX_FMLE:AGEGROUP_MONTHS0-11,1958-01-01,2026-09-07T15:51:21Z,high,645.0,,who.gho.cm-02,raw/who.gho.cm-02/2026/09/20260907T155121Z-1b14643329ca.json.gz,2
who.gho.cm-02,CM_02:CPV:SEX_FMLE:AGEGROUP_MONTHS0-11,1958-01-01,2026-09-07T15:51:21Z,low,383.0,,who.gho.cm-02,raw/who.gho.cm-02/2026/09/20260907T155121Z-1b14643329ca.json.gz,2
who.gho.cm-02,CM_02:CPV:SEX_FMLE:AGEGROUP_MONTHS0-11,1958-01-01,2026-09-07T15:51:21Z,restated_at,2026-08-04,,who.gho.cm-02,raw/who.gho.cm-02/2026/09/20260907T155121Z-1b14643329ca.json.gz,2
who.gho.cm-02,CM_02:CPV:SEX_FMLE:AGEGROUP_MONTHS0-11,1958-01-01,2026-09-07T15:51:21Z,value,501.0,,who.gho.cm-02,raw/who.gho.cm-02/2026/09/20260907T155121Z-1b14643329ca.json.gz,2
who.gho.cm-02,CM_02:CPV:SEX_MLE:AGEGROUP_MONTHS0-11,1958-01-01,2026-09-07T15:57:00Z,high,747.0,,who.gho.cm-02,raw/who.gho.cm-02/2026/09/20260907T155700Z-8ffcb12aceff.json.gz,2
who.gho.cm-02,CM_02:CPV:SEX_MLE:AGEGROUP_MONTHS0-11,1958-01-01,2026-09-07T15:57:00Z,low,448.0,,who.gho.cm-02,raw/who.gho.cm-02/2026/09/20260907T155700Z-8ffcb12aceff.json.gz,2
who.gho.cm-02,CM_02:CPV:SEX_MLE:AGEGROUP_MONTHS0-11,1958-01-01,2026-09-07T15:57:00Z,restated_at,2026-08-04,,who.gho.cm-02,raw/who.gho.cm-02/2026/09/20260907T155700Z-8ffcb12aceff.json.gz,2
who.gho.cm-02,CM_02:CPV:SEX_MLE:AGEGROUP_MONTHS0-11,1958-01-01,2026-09-07T15:57:00Z,value,584.0,,who.gho.cm-02,raw/who.gho.cm-02/2026/09/20260907T155700Z-8ffcb12aceff.json.gz,2
who.gho.cm-02,CM_02:CRI:SEX_BTSX:AGEGROUP_MONTHS0-11,1958-01-01,2026-09-07T15:53:02Z,high,4331.0,,who.gho.cm-02,raw/who.gho.cm-02/2026/09/20260907T155302Z-206bb5f6993f.json.gz,2
who.gho.cm-02,CM_02:CRI:SEX_BTSX:AGEGROUP_MONTHS0-11,1958-01-01,2026-09-07T15:53:02Z,low,4167.0,,who.gho.cm-02,raw/who.gho.cm-02/2026/09/20260907T155302Z-206bb5f6993f.json.gz,2
who.gho.cm-02,CM_02:CRI:SEX_BTSX:AGEGROUP_MONTHS0-11,1958-01-01,2026-09-07T15:53:02Z,restated_at,2026-08-04,,who.gho.cm-02,raw/who.gho.cm-02/2026/09/20260907T155302Z-206bb5f6993f.json.gz,2
who.gho.cm-02,CM_02:CRI:SEX_BTSX:AGEGROUP_MONTHS0-11,1958-01-01,2026-09-07T15:53:02Z,value,4250.0,,who.gho.cm-02,raw/who.gho.cm-02/2026/09/20260907T155302Z-206bb5f6993f.json.gz,2
who.gho.cm-02,CM_02:CRI:SEX_FMLE:AGEGROUP_MONTHS0-11,1958-01-01,2026-09-07T15:51:05Z,high,1966.0,,who.gho.cm-02,raw/who.gho.cm-02/2026/09/20260907T155105Z-bd351d716a31.json.gz,2
who.gho.cm-02,CM_02:CRI:SEX_FMLE:AGEGROUP_MONTHS0-11,1958-01-01,2026-09-07T15:51:05Z,low,1872.0,,who.gho.cm-02,raw/who.gho.cm-02/2026/09/20260907T155105Z-bd351d716a31.json.gz,2
who.gho.cm-02,CM_02:CRI:SEX_FMLE:AGEGROUP_MONTHS0-11,1958-01-01,2026-09-07T15:51:05Z,restated_at,2026-08-04,,who.gho.cm-02,raw/who.gho.cm-02/2026/09/20260907T155105Z-bd351d716a31.json.gz,2
who.gho.cm-02,CM_02:CRI:SEX_FMLE:AGEGROUP_MONTHS0-11,1958-01-01,2026-09-07T15:51:05Z,value,1919.0,,who.gho.cm-02,raw/who.gho.cm-02/2026/09/20260907T155105Z-bd351d716a31.json.gz,2
who.gho.cm-02,CM_02:CRI:SEX_MLE:AGEGROUP_MONTHS0-11,1958-01-01,2026-09-07T15:51:25Z,high,2383.0,,who.gho.cm-02,raw/who.gho.cm-02/2026/09/20260907T155125Z-b41e2575e826.json.gz,2
who.gho.cm-02,CM_02:CRI:SEX_MLE:AGEGROUP_MONTHS0-11,1958-01-01,2026-09-07T15:51:25Z,low,2278.0,,who.gho.cm-02,raw/who.gho.cm-02/2026/09/20260907T155125Z-b41e2575e826.json.gz,2
who.gho.cm-02,CM_02:CRI:SEX_MLE:AGEGROUP_MONTHS0-11,1958-01-01,2026-09-07T15:51:25Z,restated_at,2025-04-15,,who.gho.cm-02,raw/who.gho.cm-02/2026/09/20260907T155125Z-b41e2575e826.json.gz,2
who.gho.cm-02,CM_02:CRI:SEX_MLE:AGEGROUP_MONTHS0-11,1958-01-01,2026-09-07T15:51:25Z,value,2331.0,,who.gho.cm-02,raw/who.gho.cm-02/2026/09/20260907T155125Z-b41e2575e826.json.gz,2
who.gho.cm-02,CM_02:CZE:SEX_BTSX:AGEGROUP_MONTHS0-11,1958-01-01,2026-09-07T15:57:49Z,high,3570.0,,who.gho.cm-02,raw/who.gho.cm-02/2026/09/20260907T155749Z-8808ed0c9a07.json.gz,2
who.gho.cm-02,CM_02:CZE:SEX_BTSX:AGEGROUP_MONTHS0-11,1958-01-01,2026-09-07T15:57:49Z,low,3122.0,,who.gho.cm-02,raw/who.gho.cm-02/2026/09/20260907T155749Z-8808ed0c9a07.json.gz,2
who.gho.cm-02,CM_02:CZE:SEX_BTSX:AGEGROUP_MONTHS0-11,1958-01-01,2026-09-07T15:57:49Z,restated_at,2026-08-04,,who.gho.cm-02,raw/who.gho.cm-02/2026/09/20260907T155749Z-8808ed0c9a07.json.gz,2
who.gho.cm-02,CM_02:CZE:SEX_BTSX:AGEGROUP_MONTHS0-11,1958-01-01,2026-09-07T15:57:49Z,value,3341.0,,who.gho.cm-02,raw/who.gho.cm-02/2026/09/20260907T155749Z-8808ed0c9a07.json.gz,2
who.gho.cm-02,CM_02:CZE:SEX_FMLE:AGEGROUP_MONTHS0-11,1958-01-01,2026-09-07T15:57:12Z,high,1510.0,,who.gho.cm-02,raw/who.gho.cm-02/2026/09/20260907T155712Z-98aa519eeacd.json.gz,2
who.gho.cm-02,CM_02:CZE:SEX_FMLE:AGEGROUP_MONTHS0-11,1958-01-01,2026-09-07T15:57:12Z,low,1264.0,,who.gho.cm-02,raw/who.gho.cm-02/2026/09/20260907T155712Z-98aa519eeacd.json.gz,2
who.gho.cm-02,CM_02:CZE:SEX_FMLE:AGEGROUP_MONTHS0-11,1958-01-01,2026-09-07T15:57:12Z,restated_at,2026-08-04,,who.gho.cm-02,raw/who.gho.cm-02/2026/09/20260907T155712Z-98aa519eeacd.json.gz,2
who.gho.cm-02,CM_02:CZE:SEX_FMLE:AGEGROUP_MONTHS0-11,1958-01-01,2026-09-07T15:57:12Z,value,1381.0,,who.gho.cm-02,raw/who.gho.cm-02/2026/09/20260907T155712Z-98aa519eeacd.json.gz,2
who.gho.cm-02,CM_02:CZE:SEX_MLE:AGEGROUP_MONTHS0-11,1958-01-01,2026-09-07T15:57:26Z,high,2116.0,,who.gho.cm-02,raw/who.gho.cm-02/2026/09/20260907T155726Z-31d0241a6d30.json.gz,2
who.gho.cm-02,CM_02:CZE:SEX_MLE:AGEGROUP_MONTHS0-11,1958-01-01,2026-09-07T15:57:26Z,low,1813.0,,who.gho.cm-02,raw/who.gho.cm-02/2026/09/20260907T155726Z-31d0241a6d30.json.gz,2
who.gho.cm-02,CM_02:CZE:SEX_MLE:AGEGROUP_MONTHS0-11,1958-01-01,2026-09-07T15:57:26Z,restated_at,2026-08-04,,who.gho.cm-02,raw/who.gho.cm-02/2026/09/20260907T155726Z-31d0241a6d30.json.gz,2
who.gho.cm-02,CM_02:CZE:SEX_MLE:AGEGROUP_MONTHS0-11,1958-01-01,2026-09-07T15:57:26Z,value,1960.0,,who.gho.cm-02,raw/who.gho.cm-02/2026/09/20260907T155726Z-31d0241a6d30.json.gz,2
who.gho.cm-02,CM_02:DNK:SEX_BTSX:AGEGROUP_MONTHS0-11,1958-01-01,2026-09-07T15:57:49Z,high,1699.0,,who.gho.cm-02,raw/who.gho.cm-02/2026/09/20260907T155749Z-8808ed0c9a07.json.gz,2
who.gho.cm-02,CM_02:DNK:SEX_BTSX:AGEGROUP_MONTHS0-11,1958-01-01,2026-09-07T15:57:49Z,low,1628.0,,who.gho.cm-02,raw/who.gho.cm-02/2026/09/20260907T155749Z-8808ed0c9a07.json.gz,2
who.gho.cm-02,CM_02:DNK:SEX_BTSX:AGEGROUP_MONTHS0-11,1958-01-01,2026-09-07T15:57:49Z,restated_at,2026-08-04,,who.gho.cm-02,raw/who.gho.cm-02/2026/09/20260907T155749Z-8808ed0c9a07.json.gz,2
who.gho.cm-02,CM_02:DNK:SEX_BTSX:AGEGROUP_MONTHS0-11,1958-01-01,2026-09-07T15:57:49Z,value,1664.0,,who.gho.cm-02,raw/who.gho.cm-02/2026/09/20260907T155749Z-8808ed0c9a07.json.gz,2
who.gho.cm-02,CM_02:DNK:SEX_FMLE:AGEGROUP_MONTHS0-11,1958-01-01,2026-09-07T15:56:27Z,high,704.0,,who.gho.cm-02,raw/who.gho.cm-02/2026/09/20260907T155627Z-19eb4e6c1215.json.gz,2
who.gho.cm-02,CM_02:DNK:SEX_FMLE:AGEGROUP_MONTHS0-11,1958-01-01,2026-09-07T15:56:27Z,low,666.0,,who.gho.cm-02,raw/who.gho.cm-02/2026/09/20260907T155627Z-19eb4e6c1215.json.gz,2
who.gho.cm-02,CM_02:DNK:SEX_FMLE:AGEGROUP_MONTHS0-11,1958-01-01,2026-09-07T15:56:27Z,restated_at,2026-08-04,,who.gho.cm-02,raw/who.gho.cm-02/2026/09/20260907T155627Z-19eb4e6c1215.json.gz,2
who.gho.cm-02,CM_02:DNK:SEX_FMLE:AGEGROUP_MONTHS0-11,1958-01-01,2026-09-07T15:56:27Z,value,685.0,,who.gho.cm-02,raw/who.gho.cm-02/2026/09/20260907T155627Z-19eb4e6c1215.json.gz,2
who.gho.cm-02,CM_02:DNK:SEX_MLE:AGEGROUP_MONTHS0-11,1958-01-01,2026-09-07T15:56:55Z,high,1004.0,,who.gho.cm-02,raw/who.gho.cm-02/2026/09/20260907T155655Z-a5ea76265971.json.gz,2
who.gho.cm-02,CM_02:DNK:SEX_MLE:AGEGROUP_MONTHS0-11,1958-01-01,2026-09-07T15:56:55Z,low,955.0,,who.gho.cm-02,raw/who.gho.cm-02/2026/09/20260907T155655Z-a5ea76265971.json.gz,2
who.gho.cm-02,CM_02:DNK:SEX_MLE:AGEGROUP_MONTHS0-11,1958-01-01,2026-09-07T15:56:55Z,restated_at,2026-08-04,,who.gho.cm-02,raw/who.gho.cm-02/2026/09/20260907T155655Z-a5ea76265971.json.gz,2
who.gho.cm-02,CM_02:DNK:SEX_MLE:AGEGROUP_MONTHS0-11,1958-01-01,2026-09-07T15:56:55Z,value,979.0,,who.gho.cm-02,raw/who.gho.cm-02/2026/09/20260907T155655Z-a5ea76265971.json.gz,2
who.gho.cm-02,CM_02:DOM:SEX_BTSX:AGEGROUP_MONTHS0-11,1958-01-01,2026-09-07T15:57:17Z,high,18010.0,,who.gho.cm-02,raw/who.gho.cm-02/2026/09/20260907T155717Z-89bc69b90b61.json.gz,2
who.gho.cm-02,CM_02:DOM:SEX_BTSX:AGEGROUP_MONTHS0-11,1958-01-01,2026-09-07T15:57:17Z,low,15051.0,,who.gho.cm-02,raw/who.gho.cm-02/2026/09/20260907T155717Z-89bc69b90b61.json.gz,2
who.gho.cm-02,CM_02:DOM:SEX_BTSX:AGEGROUP_MONTHS0-11,1958-01-01,2026-09-07T15:57:17Z,restated_at,2026-08-04,,who.gho.cm-02,raw/who.gho.cm-02/2026/09/20260907T155717Z-89bc69b90b61.json.gz,2
who.gho.cm-02,CM_02:DOM:SEX_BTSX:AGEGROUP_MONTHS0-11,1958-01-01,2026-09-07T15:57:17Z,value,16477.0,,who.gho.cm-02,raw/who.gho.cm-02/2026/09/20260907T155717Z-89bc69b90b61.json.gz,2
who.gho.cm-02,CM_02:DOM:SEX_FMLE:AGEGROUP_MONTHS0-11,1958-01-01,2026-09-07T15:56:37Z,high,8562.0,,who.gho.cm-02,raw/who.gho.cm-02/2026/09/20260907T155637Z-c7bda929b138.json.gz,2
who.gho.cm-02,CM_02:DOM:SEX_FMLE:AGEGROUP_MONTHS0-11,1958-01-01,2026-09-07T15:56:37Z,low,7044.0,,who.gho.cm-02,raw/who.gho.cm-02/2026/09/20260907T155637Z-c7bda929b138.json.gz,2
who.gho.cm-02,CM_02:DOM:SEX_FMLE:AGEGROUP_MONTHS0-11,1958-01-01,2026-09-07T15:56:37Z,restated_at,2026-08-04,,who.gho.cm-02,raw/who.gho.cm-02/2026/09/20260907T155637Z-c7bda929b138.json.gz,2
who.gho.cm-02,CM_02:DOM:SEX_FMLE:AGEGROUP_MONTHS0-11,1958-01-01,2026-09-07T15:56:37Z,value,7779.0,,who.gho.cm-02,raw/who.gho.cm-02/2026/09/20260907T155637Z-c7bda929b138.json.gz,2
who.gho.cm-02,CM_02:DOM:SEX_MLE:AGEGROUP_MONTHS0-11,1958-01-01,2026-09-07T15:58:16Z,high,9549.0,,who.gho.cm-02,raw/who.gho.cm-02/2026/09/20260907T155816Z-99a1a16a015f.json.gz,2
who.gho.cm-02,CM_02:DOM:SEX_MLE:AGEGROUP_MONTHS0-11,1958-01-01,2026-09-07T15:58:16Z,low,7884.0,,who.gho.cm-02,raw/who.gho.cm-02/2026/09/20260907T155816Z-99a1a16a015f.json.gz,2
who.gho.cm-02,CM_02:DOM:SEX_MLE:AGEGROUP_MONTHS0-11,1958-01-01,2026-09-07T15:58:16Z,restated_at,2026-08-04,,who.gho.cm-02,raw/who.gho.cm-02/2026/09/20260907T155816Z-99a1a16a015f.json.gz,2
who.gho.cm-02,CM_02:DOM:SEX_MLE:AGEGROUP_MONTHS0-11,1958-01-01,2026-09-07T15:58:16Z,value,8698.0,,who.gho.cm-02,raw/who.gho.cm-02/2026/09/20260907T155816Z-99a1a16a015f.json.gz,2
who.gho.cm-02,CM_02:DZA:SEX_BTSX:AGEGROUP_MONTHS0-11,1958-01-01,2026-09-07T15:52:26Z,high,99576.0,,who.gho.cm-02,raw/who.gho.cm-02/2026/09/20260907T155226Z-b536cc4a2b4c.json.gz,2
who.gho.cm-02,CM_02:DZA:SEX_BTSX:AGEGROUP_MONTHS0-11,1958-01-01,2026-09-07T15:52:26Z,low,72136.0,,who.gho.cm-02,raw/who.gho.cm-02/2026/09/20260907T155226Z-b536cc4a2b4c.json.gz,2
who.gho.cm-02,CM_02:DZA:SEX_BTSX:AGEGROUP_MONTHS0-11,1958-01-01,2026-09-07T15:52:26Z,restated_at,2026-08-04,,who.gho.cm-02,raw/who.gho.cm-02/2026/09/20260907T155226Z-b536cc4a2b4c.json.gz,2
who.gho.cm-02,CM_02:DZA:SEX_BTSX:AGEGROUP_MONTHS0-11,1958-01-01,2026-09-07T15:52:26Z,value,85171.0,,who.gho.cm-02,raw/who.gho.cm-02/2026/09/20260907T155226Z-b536cc4a2b4c.json.gz,2
who.gho.cm-02,CM_02:DZA:SEX_FMLE:AGEGROUP_MONTHS0-11,1958-01-01,2026-09-07T15:58:16Z,high,46778.0,,who.gho.cm-02,raw/who.gho.cm-02/2026/09/20260907T155816Z-99a1a16a015f.json.gz,2
who.gho.cm-02,CM_02:DZA:SEX_FMLE:AGEGROUP_MONTHS0-11,1958-01-01,2026-09-07T15:58:16Z,low,33488.0,,who.gho.cm-02,raw/who.gho.cm-02/2026/09/20260907T155816Z-99a1a16a015f.json.gz,2
who.gho.cm-02,CM_02:DZA:SEX_FMLE:AGEGROUP_MONTHS0-11,1958-01-01,2026-09-07T15:58:16Z,restated_at,2026-08-04,,who.gho.cm-02,raw/who.gho.cm-02/2026/09/20260907T155816Z-99a1a16a015f.json.gz,2
who.gho.cm-02,CM_02:DZA:SEX_FMLE:AGEGROUP_MONTHS0-11,1958-01-01,2026-09-07T15:58:16Z,value,39784.0,,who.gho.cm-02,raw/who.gho.cm-02/2026/09/20260907T155816Z-99a1a16a015f.json.gz,2
who.gho.cm-02,CM_02:DZA:SEX_MLE:AGEGROUP_MONTHS0-11,1958-01-01,2026-09-07T15:52:10Z,high,53317.0,,who.gho.cm-02,raw/who.gho.cm-02/2026/09/20260907T155210Z-c2e07328660e.json.gz,2
who.gho.cm-02,CM_02:DZA:SEX_MLE:AGEGROUP_MONTHS0-11,1958-01-01,2026-09-07T15:52:10Z,low,38340.0,,who.gho.cm-02,raw/who.gho.cm-02/2026/09/20260907T155210Z-c2e07328660e.json.gz,2
who.gho.cm-02,CM_02:DZA:SEX_MLE:AGEGROUP_MONTHS0-11,1958-01-01,2026-09-07T15:52:10Z,restated_at,2026-08-04,,who.gho.cm-02,raw/who.gho.cm-02/2026/09/20260907T155210Z-c2e07328660e.json.gz,2
who.gho.cm-02,CM_02:DZA:SEX_MLE:AGEGROUP_MONTHS0-11,1958-01-01,2026-09-07T15:52:10Z,value,45387.0,,who.gho.cm-02,raw/who.gho.cm-02/2026/09/20260907T155210Z-c2e07328660e.json.gz,2
who.gho.cm-02,CM_02:ECU:SEX_BTSX:AGEGROUP_MONTHS0-11,1958-01-01,2026-09-07T15:51:44Z,high,31398.0,,who.gho.cm-02,raw/who.gho.cm-02/2026/09/20260907T155144Z-505d97ce9093.json.gz,2
who.gho.cm-02,CM_02:ECU:SEX_BTSX:AGEGROUP_MONTHS0-11,1958-01-01,2026-09-07T15:51:44Z,low,20691.0,,who.gho.cm-02,raw/who.gho.cm-02/2026/09/20260907T155144Z-505d97ce9093.json.gz,2
who.gho.cm-02,CM_02:ECU:SEX_BTSX:AGEGROUP_MONTHS0-11,1958-01-01,2026-09-07T15:51:44Z,restated_at,2026-08-04,,who.gho.cm-02,raw/who.gho.cm-02/2026/09/20260907T155144Z-505d97ce9093.json.gz,2
who.gho.cm-02,CM_02:ECU:SEX_BTSX:AGEGROUP_MONTHS0-11,1958-01-01,2026-09-07T15:51:44Z,value,25371.0,,who.gho.cm-02,raw/who.gho.cm-02/2026/09/20260907T155144Z-505d97ce9093.json.gz,2
who.gho.cm-02,CM_02:ECU:SEX_FMLE:AGEGROUP_MONTHS0-11,1958-01-01,2026-09-07T15:51:01Z,high,13992.0,,who.gho.cm-02,raw/who.gho.cm-02/2026/09/20260907T155101Z-65d1a3fa0413.json.gz,2
who.gho.cm-02,CM_02:ECU:SEX_FMLE:AGEGROUP_MONTHS0-11,1958-01-01,2026-09-07T15:51:01Z,low,9065.0,,who.gho.cm-02,raw/who.gho.cm-02/2026/09/20260907T155101Z-65d1a3fa0413.json.gz,2
who.gho.cm-02,CM_02:ECU:SEX_FMLE:AGEGROUP_MONTHS0-11,1958-01-01,2026-09-07T15:51:01Z,restated_at,2026-08-04,,who.gho.cm-02,raw/who.gho.cm-02/2026/09/20260907T155101Z-65d1a3fa0413.json.gz,2
who.gho.cm-02,CM_02:ECU:SEX_FMLE:AGEGROUP_MONTHS0-11,1958-01-01,2026-09-07T15:51:01Z,value,11240.0,,who.gho.cm-02,raw/who.gho.cm-02/2026/09/20260907T155101Z-65d1a3fa0413.json.gz,2
who.gho.cm-02,CM_02:ECU:SEX_MLE:AGEGROUP_MONTHS0-11,1958-01-01,2026-09-07T15:57:49Z,high,17526.0,,who.gho.cm-02,raw/who.gho.cm-02/2026/09/20260907T155749Z-8808ed0c9a07.json.gz,2
who.gho.cm-02,CM_02:ECU:SEX_MLE:AGEGROUP_MONTHS0-11,1958-01-01,2026-09-07T15:57:49Z,low,11471.0,,who.gho.cm-02,raw/who.gho.cm-02/2026/09/20260907T155749Z-8808ed0c9a07.json.gz,2
who.gho.cm-02,CM_02:ECU:SEX_MLE:AGEGROUP_MONTHS0-11,1958-01-01,2026-09-07T15:57:49Z,restated_at,2026-08-04,,who.gho.cm-02,raw/who.gho.cm-02/2026/09/20260907T155749Z-8808ed0c9a07.json.gz,2
who.gho.cm-02,CM_02:ECU:SEX_MLE:AGEGROUP_MONTHS0-11,1958-01-01,2026-09-07T15:57:49Z,value,14131.0,,who.gho.cm-02,raw/who.gho.cm-02/2026/09/20260907T155749Z-8808ed0c9a07.json.gz,2
who.gho.cm-02,CM_02:EGY:SEX_BTSX:AGEGROUP_MONTHS0-11,1958-01-01,2026-09-07T15:52:10Z,high,244090.0,,who.gho.cm-02,raw/who.gho.cm-02/2026/09/20260907T155210Z-c2e07328660e.json.gz,2
who.gho.cm-02,CM_02:EGY:SEX_BTSX:AGEGROUP_MONTHS0-11,1958-01-01,2026-09-07T15:52:10Z,low,197426.0,,who.gho.cm-02,raw/who.gho.cm-02/2026/09/20260907T155210Z-c2e07328660e.json.gz,2
who.gho.cm-02,CM_02:EGY:SEX_BTSX:AGEGROUP_MONTHS0-11,1958-01-01,2026-09-07T15:52:10Z,restated_at,2026-08-04,,who.gho.cm-02,raw/who.gho.cm-02/2026/09/20260907T155210Z-c2e07328660e.json.gz,2
who.gho.cm-02,CM_02:EGY:SEX_BTSX:AGEGROUP_MONTHS0-11,1958-01-01,2026-09-07T15:52:10Z,value,219786.0,,who.gho.cm-02,raw/who.gho.cm-02/2026/09/20260907T155210Z-c2e07328660e.json.gz,2
who.gho.cm-02,CM_02:EGY:SEX_FMLE:AGEGROUP_MONTHS0-11,1958-01-01,2026-09-07T15:57:54Z,high,116080.0,,who.gho.cm-02,raw/who.gho.cm-02/2026/09/20260907T155754Z-3bea881db2b4.json.gz,2
who.gho.cm-02,CM_02:EGY:SEX_FMLE:AGEGROUP_MONTHS0-11,1958-01-01,2026-09-07T15:57:54Z,low,92639.0,,who.gho.cm-02,raw/who.gho.cm-02/2026/09/20260907T155754Z-3bea881db2b4.json.gz,2
who.gho.cm-02,CM_02:EGY:SEX_FMLE:AGEGROUP_MONTHS0-11,1958-01-01,2026-09-07T15:57:54Z,restated_at,2026-08-04,,who.gho.cm-02,raw/who.gho.cm-02/2026/09/20260907T155754Z-3bea881db2b4.json.gz,2
who.gho.cm-02,CM_02:EGY:SEX_FMLE:AGEGROUP_MONTHS0-11,1958-01-01,2026-09-07T15:57:54Z,value,103849.0,,who.gho.cm-02,raw/who.gho.cm-02/2026/09/20260907T155754Z-3bea881db2b4.json.gz,2
who.gho.cm-02,CM_02:EGY:SEX_MLE:AGEGROUP_MONTHS0-11,1958-01-01,2026-09-07T15:57:59Z,high,129205.0,,who.gho.cm-02,raw/who.gho.cm-02/2026/09/20260907T155759Z-531ca935f713.json.gz,2
who.gho.cm-02,CM_02:EGY:SEX_MLE:AGEGROUP_MONTHS0-11,1958-01-01,2026-09-07T15:57:59Z,low,103724.0,,who.gho.cm-02,raw/who.gho.cm-02/2026/09/20260907T155759Z-531ca935f713.json.gz,2
who.gho.cm-02,CM_02:EGY:SEX_MLE:AGEGROUP_MONTHS0-11,1958-01-01,2026-09-07T15:57:59Z,restated_at,2026-08-04,,who.gho.cm-02,raw/who.gho.cm-02/2026/09/20260907T155759Z-531ca935f713.json.gz,2
who.gho.cm-02,CM_02:EGY:SEX_MLE:AGEGROUP_MONTHS0-11,1958-01-01,2026-09-07T15:57:59Z,value,115937.0,,who.gho.cm-02,raw/who.gho.cm-02/2026/09/20260907T155759Z-531ca935f713.json.gz,2
who.gho.cm-02,CM_02:ESP:SEX_BTSX:AGEGROUP_MONTHS0-11,1958-01-01,2026-09-07T15:57:26Z,high,33089.0,,who.gho.cm-02,raw/who.gho.cm-02/2026/09/20260907T155726Z-31d0241a6d30.json.gz,2
who.gho.cm-02,CM_02:ESP:SEX_BTSX:AGEGROUP_MONTHS0-11,1958-01-01,2026-09-07T15:57:26Z,low,31820.0,,who.gho.cm-02,raw/who.gho.cm-02/2026/09/20260907T155726Z-31d0241a6d30.json.gz,2
who.gho.cm-02,CM_02:ESP:SEX_BTSX:AGEGROUP_MONTHS0-11,1958-01-01,2026-09-07T15:57:26Z,restated_at,2026-08-04,,who.gho.cm-02,raw/who.gho.cm-02/2026/09/20260907T155726Z-31d0241a6d30.json.gz,2
who.gho.cm-02,CM_02:ESP:SEX_BTSX:AGEGROUP_MONTHS0-11,1958-01-01,2026-09-07T15:57:26Z,value,32445.0,,who.gho.cm-02,raw/who.gho.cm-02/2026/09/20260907T155726Z-31d0241a6d30.json.gz,2
who.gho.cm-02,CM_02:ESP:SEX_FMLE:AGEGROUP_MONTHS0-11,1958-01-01,2026-09-07T15:51:21Z,high,14441.0,,who.gho.cm-02,raw/who.gho.cm-02/2026/09/20260907T155121Z-1b14643329ca.json.gz,2
who.gho.cm-02,CM_02:ESP:SEX_FMLE:AGEGROUP_MONTHS0-11,1958-01-01,2026-09-07T15:51:21Z,low,13852.0,,who.gho.cm-02,raw/who.gho.cm-02/2026/09/20260907T155121Z-1b14643329ca.json.gz,2
who.gho.cm-02,CM_02:ESP:SEX_FMLE:AGEGROUP_MONTHS0-11,1958-01-01,2026-09-07T15:51:21Z,restated_at,2026-08-04,,who.gho.cm-02,raw/who.gho.cm-02/2026/09/20260907T155121Z-1b14643329ca.json.gz,2
who.gho.cm-02,CM_02:ESP:SEX_FMLE:AGEGROUP_MONTHS0-11,1958-01-01,2026-09-07T15:51:21Z,value,14141.0,,who.gho.cm-02,raw/who.gho.cm-02/2026/09/20260907T155121Z-1b14643329ca.json.gz,2
who.gho.cm-02,CM_02:ESP:SEX_MLE:AGEGROUP_MONTHS0-11,1958-01-01,2026-09-07T15:57:59Z,high,18679.0,,who.gho.cm-02,raw/who.gho.cm-02/2026/09/20260907T155759Z-531ca935f713.json.gz,2
who.gho.cm-02,CM_02:ESP:SEX_MLE:AGEGROUP_MONTHS0-11,1958-01-01,2026-09-07T15:57:59Z,low,17941.0,,who.gho.cm-02,raw/who.gho.cm-02/2026/09/20260907T155759Z-531ca935f713.json.gz,2
who.gho.cm-02,CM_02:ESP:SEX_MLE:AGEGROUP_MONTHS0-11,1958-01-01,2026-09-07T15:57:59Z,restated_at,2026-08-04,,who.gho.cm-02,raw/who.gho.cm-02/2026/09/20260907T155759Z-531ca935f713.json.gz,2
who.gho.cm-02,CM_02:ESP:SEX_MLE:AGEGROUP_MONTHS0-11,1958-01-01,2026-09-07T15:57:59Z,value,18304.0,,who.gho.cm-02,raw/who.gho.cm-02/2026/09/20260907T155759Z-531ca935f713.json.gz,2
who.gho.cm-02,CM_02:FIN:SEX_BTSX:AGEGROUP_MONTHS0-11,1958-01-01,2026-09-07T15:51:01Z,high,2121.0,,who.gho.cm-02,raw/who.gho.cm-02/2026/09/20260907T155101Z-65d1a3fa0413.json.gz,2
who.gho.cm-02,CM_02:FIN:SEX_BTSX:AGEGROUP_MONTHS0-11,1958-01-01,2026-09-07T15:51:01Z,low,2039.0,,who.gho.cm-02,raw/who.gho.cm-02/2026/09/20260907T155101Z-65d1a3fa0413.json.gz,2
who.gho.cm-02,CM_02:FIN:SEX_BTSX:AGEGROUP_MONTHS0-11,1958-01-01,2026-09-07T15:51:01Z,restated_at,2026-08-04,,who.gho.cm-02,raw/who.gho.cm-02/2026/09/20260907T155101Z-65d1a3fa0413.json.gz,2
who.gho.cm-02,CM_02:FIN:SEX_BTSX:AGEGROUP_MONTHS0-11,1958-01-01,2026-09-07T15:51:01Z,value,2079.0,,who.gho.cm-02,raw/who.gho.cm-02/2026/09/20260907T155101Z-65d1a3fa0413.json.gz,2
who.gho.cm-02,CM_02:FIN:SEX_FMLE:AGEGROUP_MONTHS0-11,1958-01-01,2026-09-07T15:51:05Z,high,914.0,,who.gho.cm-02,raw/who.gho.cm-02/2026/09/20260907T155105Z-bd351d716a31.json.gz,2
who.gho.cm-02,CM_02:FIN:SEX_FMLE:AGEGROUP_MONTHS0-11,1958-01-01,2026-09-07T15:51:05Z,low,867.0,,who.gho.cm-02,raw/who.gho.cm-02/2026/09/20260907T155105Z-bd351d716a31.json.gz,2
who.gho.cm-02,CM_02:FIN:SEX_FMLE:AGEGROUP_MONTHS0-11,1958-01-01,2026-09-07T15:51:05Z,restated_at,2026-08-04,,who.gho.cm-02,raw/who.gho.cm-02/2026/09/20260907T155105Z-bd351d716a31.json.gz,2
who.gho.cm-02,CM_02:FIN:SEX_FMLE:AGEGROUP_MONTHS0-11,1958-01-01,2026-09-07T15:51:05Z,value,890.0,,who.gho.cm-02,raw/who.gho.cm-02/2026/09/20260907T155105Z-bd351d716a31.json.gz,2
who.gho.cm-02,CM_02:FIN:SEX_MLE:AGEGROUP_MONTHS0-11,1958-01-01,2026-09-07T15:56:48Z,high,1218.0,,who.gho.cm-02,raw/who.gho.cm-02/2026/09/20260907T155648Z-e962102586d9.json.gz,2
who.gho.cm-02,CM_02:FIN:SEX_MLE:AGEGROUP_MONTHS0-11,1958-01-01,2026-09-07T15:56:48Z,low,1162.0,,who.gho.cm-02,raw/who.gho.cm-02/2026/09/20260907T155648Z-e962102586d9.json.gz,2
who.gho.cm-02,CM_02:FIN:SEX_MLE:AGEGROUP_MONTHS0-11,1958-01-01,2026-09-07T15:56:48Z,restated_at,2026-08-04,,who.gho.cm-02,raw/who.gho.cm-02/2026/09/20260907T155648Z-e962102586d9.json.gz,2
who.gho.cm-02,CM_02:FIN:SEX_MLE:AGEGROUP_MONTHS0-11,1958-01-01,2026-09-07T15:56:48Z,value,1189.0,,who.gho.cm-02,raw/who.gho.cm-02/2026/09/20260907T155648Z-e962102586d9.json.gz,2
who.gho.cm-02,CM_02:FJI:SEX_BTSX:AGEGROUP_MONTHS0-11,1958-01-01,2026-09-07T15:52:18Z,high,1236.0,,who.gho.cm-02,raw/who.gho.cm-02/2026/09/20260907T155218Z-7dbb6db1a58a.json.gz,2
who.gho.cm-02,CM_02:FJI:SEX_BTSX:AGEGROUP_MONTHS0-11,1958-01-01,2026-09-07T15:52:18Z,low,998.0,,who.gho.cm-02,raw/who.gho.cm-02/2026/09/20260907T155218Z-7dbb6db1a58a.json.gz,2
who.gho.cm-02,CM_02:FJI:SEX_BTSX:AGEGROUP_MONTHS0-11,1958-01-01,2026-09-07T15:52:18Z,restated_at,2026-08-04,,who.gho.cm-02,raw/who.gho.cm-02/2026/09/20260907T155218Z-7dbb6db1a58a.json.gz,2
who.gho.cm-02,CM_02:FJI:SEX_BTSX:AGEGROUP_MONTHS0-11,1958-01-01,2026-09-07T15:52:18Z,value,1116.0,,who.gho.cm-02,raw/who.gho.cm-02/2026/09/20260907T155218Z-7dbb6db1a58a.json.gz,2
who.gho.cm-02,CM_02:FJI:SEX_FMLE:AGEGROUP_MONTHS0-11,1958-01-01,2026-09-07T15:53:02Z,high,556.0,,who.gho.cm-02,raw/who.gho.cm-02/2026/09/20260907T155302Z-206bb5f6993f.json.gz,2
who.gho.cm-02,CM_02:FJI:SEX_FMLE:AGEGROUP_MONTHS0-11,1958-01-01,2026-09-07T15:53:02Z,low,443.0,,who.gho.cm-02,raw/who.gho.cm-02/2026/09/20260907T155302Z-206bb5f6993f.json.gz,2
who.gho.cm-02,CM_02:FJI:SEX_FMLE:AGEGROUP_MONTHS0-11,1958-01-01,2026-09-07T15:53:02Z,restated_at,2026-08-04,,who.gho.cm-02,raw/who.gho.cm-02/2026/09/20260907T155302Z-206bb5f6993f.json.gz,2
who.gho.cm-02,CM_02:FJI:SEX_FMLE:AGEGROUP_MONTHS0-11,1958-01-01,2026-09-07T15:53:02Z,value,498.0,,who.gho.cm-02,raw/who.gho.cm-02/2026/09/20260907T155302Z-206bb5f6993f.json.gz,2
who.gho.cm-02,CM_02:FJI:SEX_MLE:AGEGROUP_MONTHS0-11,1958-01-01,2026-09-07T15:56:37Z,high,688.0,,who.gho.cm-02,raw/who.gho.cm-02/2026/09/20260907T155637Z-c7bda929b138.json.gz,2
who.gho.cm-02,CM_02:FJI:SEX_MLE:AGEGROUP_MONTHS0-11,1958-01-01,2026-09-07T15:56:37Z,low,550.0,,who.gho.cm-02,raw/who.gho.cm-02/2026/09/20260907T155637Z-c7bda929b138.json.gz,2
who.gho.cm-02,CM_02:FJI:SEX_MLE:AGEGROUP_MONTHS0-11,1958-01-01,2026-09-07T15:56:37Z,restated_at,2026-08-04,,who.gho.cm-02,raw/who.gho.cm-02/2026/09/20260907T155637Z-c7bda929b138.json.gz,2
who.gho.cm-02,CM_02:FJI:SEX_MLE:AGEGROUP_MONTHS0-11,1958-01-01,2026-09-07T15:56:37Z,value,618.0,,who.gho.cm-02,raw/who.gho.cm-02/2026/09/20260907T155637Z-c7bda929b138.json.gz,2
who.gho.cm-02,CM_02:FRA:SEX_BTSX:AGEGROUP_MONTHS0-11,1958-01-01,2026-09-07T15:57:35Z,high,22663.0,,who.gho.cm-02,raw/who.gho.cm-02/2026/09/20260907T155735Z-be5ff4c5352d.json.gz,2
who.gho.cm-02,CM_02:FRA:SEX_BTSX:AGEGROUP_MONTHS0-11,1958-01-01,2026-09-07T15:57:35Z,low,21839.0,,who.gho.cm-02,raw/who.gho.cm-02/2026/09/20260907T155735Z-be5ff4c5352d.json.gz,2
who.gho.cm-02,CM_02:FRA:SEX_BTSX:AGEGROUP_MONTHS0-11,1958-01-01,2026-09-07T15:57:35Z,restated_at,2026-08-04,,who.gho.cm-02,raw/who.gho.cm-02/2026/09/20260907T155735Z-be5ff4c5352d.json.gz,2
who.gho.cm-02,CM_02:FRA:SEX_BTSX:AGEGROUP_MONTHS0-11,1958-01-01,2026-09-07T15:57:35Z,value,22252.0,,who.gho.cm-02,raw/who.gho.cm-02/2026/09/20260907T155735Z-be5ff4c5352d.json.gz,2
who.gho.cm-02,CM_02:FRA:SEX_FMLE:AGEGROUP_MONTHS0-11,1958-01-01,2026-09-07T15:51:16Z,high,9662.0,,who.gho.cm-02,raw/who.gho.cm-02/2026/09/20260907T155116Z-bb01bf96bc15.json.gz,2
who.gho.cm-02,CM_02:FRA:SEX_FMLE:AGEGROUP_MONTHS0-11,1958-01-01,2026-09-07T15:51:16Z,low,9274.0,,who.gho.cm-02,raw/who.gho.cm-02/2026/09/20260907T155116Z-bb01bf96bc15.json.gz,2
who.gho.cm-02,CM_02:FRA:SEX_FMLE:AGEGROUP_MONTHS0-11,1958-01-01,2026-09-07T15:51:16Z,restated_at,2026-08-04,,who.gho.cm-02,raw/who.gho.cm-02/2026/09/20260907T155116Z-bb01bf96bc15.json.gz,2
who.gho.cm-02,CM_02:FRA:SEX_FMLE:AGEGROUP_MONTHS0-11,1958-01-01,2026-09-07T15:51:16Z,value,9471.0,,who.gho.cm-02,raw/who.gho.cm-02/2026/09/20260907T155116Z-bb01bf96bc15.json.gz,2
who.gho.cm-02,CM_02:FRA:SEX_MLE:AGEGROUP_MONTHS0-11,1958-01-01,2026-09-07T15:51:11Z,high,13029.0,,who.gho.cm-02,raw/who.gho.cm-02/2026/09/20260907T155111Z-17577dbcf352.json.gz,2
who.gho.cm-02,CM_02:FRA:SEX_MLE:AGEGROUP_MONTHS0-11,1958-01-01,2026-09-07T15:51:11Z,low,12522.0,,who.gho.cm-02,raw/who.gho.cm-02/2026/09/20260907T155111Z-17577dbcf352.json.gz,2
who.gho.cm-02,CM_02:FRA:SEX_MLE:AGEGROUP_MONTHS0-11,1958-01-01,2026-09-07T15:51:11Z,restated_at,2026-08-04,,who.gho.cm-02,raw/who.gho.cm-02/2026/09/20260907T155111Z-17577dbcf352.json.gz,2
who.gho.cm-02,CM_02:FRA:SEX_MLE:AGEGROUP_MONTHS0-11,1958-01-01,2026-09-07T15:51:11Z,value,12781.0,,who.gho.cm-02,raw/who.gho.cm-02/2026/09/20260907T155111Z-17577dbcf352.json.gz,2
who.gho.cm-02,CM_02:GAB:SEX_BTSX:AGEGROUP_MONTHS0-11,1958-01-01,2026-09-07T15:56:27Z,high,2148.0,,who.gho.cm-02,raw/who.gho.cm-02/2026/09/20260907T155627Z-19eb4e6c1215.json.gz,2
who.gho.cm-02,CM_02:GAB:SEX_BTSX:AGEGROUP_MONTHS0-11,1958-01-01,2026-09-07T15:56:27Z,low,1496.0,,who.gho.cm-02,raw/who.gho.cm-02/2026/09/20260907T155627Z-19eb4e6c1215.json.gz,2
who.gho.cm-02,CM_02:GAB:SEX_BTSX:AGEGROUP_MONTHS0-11,1958-01-01,2026-09-07T15:56:27Z,restated_at,2026-08-04,,who.gho.cm-02,raw/who.gho.cm-02/2026/09/20260907T155627Z-19eb4e6c1215.json.gz,2
who.gho.cm-02,CM_02:GAB:SEX_BTSX:AGEGROUP_MONTHS0-11,1958-01-01,2026-09-07T15:56:27Z,value,1767.0,,who.gho.cm-02,raw/who.gho.cm-02/2026/09/20260907T155627Z-19eb4e6c1215.json.gz,2
who.gho.cm-02,CM_02:GAB:SEX_FMLE:AGEGROUP_MONTHS0-11,1958-01-01,2026-09-07T15:51:54Z,high,979.0,,who.gho.cm-02,raw/who.gho.cm-02/2026/09/20260907T155154Z-820134cf428b.json.gz,2
who.gho.cm-02,CM_02:GAB:SEX_FMLE:AGEGROUP_MONTHS0-11,1958-01-01,2026-09-07T15:51:54Z,low,670.0,,who.gho.cm-02,raw/who.gho.cm-02/2026/09/20260907T155154Z-820134cf428b.json.gz,2
who.gho.cm-02,CM_02:GAB:SEX_FMLE:AGEGROUP_MONTHS0-11,1958-01-01,2026-09-07T15:51:54Z,restated_at,2026-08-04,,who.gho.cm-02,raw/who.gho.cm-02/2026/09/20260907T155154Z-820134cf428b.json.gz,2
who.gho.cm-02,CM_02:GAB:SEX_FMLE:AGEGROUP_MONTHS0-11,1958-01-01,2026-09-07T15:51:54Z,value,800.0,,who.gho.cm-02,raw/who.gho.cm-02/2026/09/20260907T155154Z-820134cf428b.json.gz,2
who.gho.cm-02,CM_02:GAB:SEX_MLE:AGEGROUP_MONTHS0-11,1958-01-01,2026-09-07T15:51:21Z,high,1179.0,,who.gho.cm-02,raw/who.gho.cm-02/2026/09/20260907T155121Z-1b14643329ca.json.gz,2
who.gho.cm-02,CM_02:GAB:SEX_MLE:AGEGROUP_MONTHS0-11,1958-01-01,2026-09-07T15:51:21Z,low,816.0,,who.gho.cm-02,raw/who.gho.cm-02/2026/09/20260907T155121Z-1b14643329ca.json.gz,2
who.gho.cm-02,CM_02:GAB:SEX_MLE:AGEGROUP_MONTHS0-11,1958-01-01,2026-09-07T15:51:21Z,restated_at,2026-08-04,,who.gho.cm-02,raw/who.gho.cm-02/2026/09/20260907T155121Z-1b14643329ca.json.gz,2
who.gho.cm-02,CM_02:GAB:SEX_MLE:AGEGROUP_MONTHS0-11,1958-01-01,2026-09-07T15:51:21Z,value,967.0,,who.gho.cm-02,raw/who.gho.cm-02/2026/09/20260907T155121Z-1b14643329ca.json.gz,2
who.gho.cm-02,CM_02:GBR:SEX_BTSX:AGEGROUP_MONTHS0-11,1958-01-01,2026-09-07T15:57:35Z,high,20495.0,,who.gho.cm-02,raw/who.gho.cm-02/2026/09/20260907T155735Z-be5ff4c5352d.json.gz,2
who.gho.cm-02,CM_02:GBR:SEX_BTSX:AGEGROUP_MONTHS0-11,1958-01-01,2026-09-07T15:57:35Z,low,19743.0,,who.gho.cm-02,raw/who.gho.cm-02/2026/09/20260907T155735Z-be5ff4c5352d.json.gz,2
who.gho.cm-02,CM_02:GBR:SEX_BTSX:AGEGROUP_MONTHS0-11,1958-01-01,2026-09-07T15:57:35Z,restated_at,2026-08-04,,who.gho.cm-02,raw/who.gho.cm-02/2026/09/20260907T155735Z-be5ff4c5352d.json.gz,2
who.gho.cm-02,CM_02:GBR:SEX_BTSX:AGEGROUP_MONTHS0-11,1958-01-01,2026-09-07T15:57:35Z,value,20110.0,,who.gho.cm-02,raw/who.gho.cm-02/2026/09/20260907T155735Z-be5ff4c5352d.json.gz,2
who.gho.cm-02,CM_02:GBR:SEX_FMLE:AGEGROUP_MONTHS0-11,1958-01-01,2026-09-07T15:53:02Z,high,8732.0,,who.gho.cm-02,raw/who.gho.cm-02/2026/09/20260907T155302Z-206bb5f6993f.json.gz,2
who.gho.cm-02,CM_02:GBR:SEX_FMLE:AGEGROUP_MONTHS0-11,1958-01-01,2026-09-07T15:53:02Z,low,8376.0,,who.gho.cm-02,raw/who.gho.cm-02/2026/09/20260907T155302Z-206bb5f6993f.json.gz,2
who.gho.cm-02,CM_02:GBR:SEX_FMLE:AGEGROUP_MONTHS0-11,1958-01-01,2026-09-07T15:53:02Z,restated_at,2026-08-04,,who.gho.cm-02,raw/who.gho.cm-02/2026/09/20260907T155302Z-206bb5f6993f.json.gz,2
who.gho.cm-02,CM_02:GBR:SEX_FMLE:AGEGROUP_MONTHS0-11,1958-01-01,2026-09-07T15:53:02Z,value,8548.0,,who.gho.cm-02,raw/who.gho.cm-02/2026/09/20260907T155302Z-206bb5f6993f.json.gz,2
who.gho.cm-02,CM_02:GBR:SEX_MLE:AGEGROUP_MONTHS0-11,1958-01-01,2026-09-07T15:51:05Z,high,11808.0,,who.gho.cm-02,raw/who.gho.cm-02/2026/09/20260907T155105Z-bd351d716a31.json.gz,2
who.gho.cm-02,CM_02:GBR:SEX_MLE:AGEGROUP_MONTHS0-11,1958-01-01,2026-09-07T15:51:05Z,low,11341.0,,who.gho.cm-02,raw/who.gho.cm-02/2026/09/20260907T155105Z-bd351d716a31.json.gz,2
who.gho.cm-02,CM_02:GBR:SEX_MLE:AGEGROUP_MONTHS0-11,1958-01-01,2026-09-07T15:51:05Z,restated_at,2026-08-04,,who.gho.cm-02,raw/who.gho.cm-02/2026/09/20260907T155105Z-bd351d716a31.json.gz,2
who.gho.cm-02,CM_02:GBR:SEX_MLE:AGEGROUP_MONTHS0-11,1958-01-01,2026-09-07T15:51:05Z,value,11562.0,,who.gho.cm-02,raw/who.gho.cm-02/2026/09/20260907T155105Z-bd351d716a31.json.gz,2
who.gho.cm-02,CM_02:GHA:SEX_BTSX:AGEGROUP_MONTHS0-11,1958-01-01,2026-09-07T15:58:20Z,high,45245.0,,who.gho.cm-02,raw/who.gho.cm-02/2026/09/20260907T155820Z-bace8014f904.json.gz,2
who.gho.cm-02,CM_02:GHA:SEX_BTSX:AGEGROUP_MONTHS0-11,1958-01-01,2026-09-07T15:58:20Z,low,35742.0,,who.gho.cm-02,raw/who.gho.cm-02/2026/09/20260907T155820Z-bace8014f904.json.gz,2
who.gho.cm-02,CM_02:GHA:SEX_BTSX:AGEGROUP_MONTHS0-11,1958-01-01,2026-09-07T15:58:20Z,restated_at,2026-08-04,,who.gho.cm-02,raw/who.gho.cm-02/2026/09/20260907T155820Z-bace8014f904.json.gz,2
who.gho.cm-02,CM_02:GHA:SEX_BTSX:AGEGROUP_MONTHS0-11,1958-01-01,2026-09-07T15:58:20Z,value,40286.0,,who.gho.cm-02,raw/who.gho.cm-02/2026/09/20260907T155820Z-bace8014f904.json.gz,2
who.gho.cm-02,CM_02:GHA:SEX_FMLE:AGEGROUP_MONTHS0-11,1958-01-01,2026-09-07T15:58:12Z,high,20854.0,,who.gho.cm-02,raw/who.gho.cm-02/2026/09/20260907T155812Z-02a2023435be.json.gz,2
who.gho.cm-02,CM_02:GHA:SEX_FMLE:AGEGROUP_MONTHS0-11,1958-01-01,2026-09-07T15:58:12Z,low,16152.0,,who.gho.cm-02,raw/who.gho.cm-02/2026/09/20260907T155812Z-02a2023435be.json.gz,2
who.gho.cm-02,CM_02:GHA:SEX_FMLE:AGEGROUP_MONTHS0-11,1958-01-01,2026-09-07T15:58:12Z,restated_at,2026-08-04,,who.gho.cm-02,raw/who.gho.cm-02/2026/09/20260907T155812Z-02a2023435be.json.gz,2
who.gho.cm-02,CM_02:GHA:SEX_FMLE:AGEGROUP_MONTHS0-11,1958-01-01,2026-09-07T15:58:12Z,value,18388.0,,who.gho.cm-02,raw/who.gho.cm-02/2026/09/20260907T155812Z-02a2023435be.json.gz,2
who.gho.cm-02,CM_02:GHA:SEX_MLE:AGEGROUP_MONTHS0-11,1958-01-01,2026-09-07T15:54:17Z,high,24737.0,,who.gho.cm-02,raw/who.gho.cm-02/2026/09/20260907T155417Z-e87fb31944b5.json.gz,2
who.gho.cm-02,CM_02:GHA:SEX_MLE:AGEGROUP_MONTHS0-11,1958-01-01,2026-09-07T15:54:17Z,low,19302.0,,who.gho.cm-02,raw/who.gho.cm-02/2026/09/20260907T155417Z-e87fb31944b5.json.gz,2
who.gho.cm-02,CM_02:GHA:SEX_MLE:AGEGROUP_MONTHS0-11,1958-01-01,2026-09-07T15:54:17Z,restated_at,2026-08-04,,who.gho.cm-02,raw/who.gho.cm-02/2026/09/20260907T155417Z-e87fb31944b5.json.gz,2
who.gho.cm-02,CM_02:GHA:SEX_MLE:AGEGROUP_MONTHS0-11,1958-01-01,2026-09-07T15:54:17Z,value,21898.0,,who.gho.cm-02,raw/who.gho.cm-02/2026/09/20260907T155417Z-e87fb31944b5.json.gz,2
who.gho.cm-02,CM_02:GIN:SEX_BTSX:AGEGROUP_MONTHS0-11,1958-01-01,2026-09-07T15:58:04Z,high,33305.0,,who.gho.cm-02,raw/who.gho.cm-02/2026/09/20260907T155804Z-3e19927fa86a.json.gz,2
who.gho.cm-02,CM_02:GIN:SEX_BTSX:AGEGROUP_MONTHS0-11,1958-01-01,2026-09-07T15:58:04Z,low,25045.0,,who.gho.cm-02,raw/who.gho.cm-02/2026/09/20260907T155804Z-3e19927fa86a.json.gz,2
who.gho.cm-02,CM_02:GIN:SEX_BTSX:AGEGROUP_MONTHS0-11,1958-01-01,2026-09-07T15:58:04Z,restated_at,2026-08-04,,who.gho.cm-02,raw/who.gho.cm-02/2026/09/20260907T155804Z-3e19927fa86a.json.gz,2
who.gho.cm-02,CM_02:GIN:SEX_BTSX:AGEGROUP_MONTHS0-11,1958-01-01,2026-09-07T15:58:04Z,value,28839.0,,who.gho.cm-02,raw/who.gho.cm-02/2026/09/20260907T155804Z-3e19927fa86a.json.gz,2
who.gho.cm-02,CM_02:GIN:SEX_FMLE:AGEGROUP_MONTHS0-11,1958-01-01,2026-09-07T15:57:00Z,high,15401.0,,who.gho.cm-02,raw/who.gho.cm-02/2026/09/20260907T155700Z-8ffcb12aceff.json.gz,2
who.gho.cm-02,CM_02:GIN:SEX_FMLE:AGEGROUP_MONTHS0-11,1958-01-01,2026-09-07T15:57:00Z,low,11352.0,,who.gho.cm-02,raw/who.gho.cm-02/2026/09/20260907T155700Z-8ffcb12aceff.json.gz,2
who.gho.cm-02,CM_02:GIN:SEX_FMLE:AGEGROUP_MONTHS0-11,1958-01-01,2026-09-07T15:57:00Z,restated_at,2026-08-04,,who.gho.cm-02,raw/who.gho.cm-02/2026/09/20260907T155700Z-8ffcb12aceff.json.gz,2
who.gho.cm-02,CM_02:GIN:SEX_FMLE:AGEGROUP_MONTHS0-11,1958-01-01,2026-09-07T15:57:00Z,value,13226.0,,who.gho.cm-02,raw/who.gho.cm-02/2026/09/20260907T155700Z-8ffcb12aceff.json.gz,2
who.gho.cm-02,CM_02:GIN:SEX_MLE:AGEGROUP_MONTHS0-11,1958-01-01,2026-09-07T15:58:16Z,high,18096.0,,who.gho.cm-02,raw/who.gho.cm-02/2026/09/20260907T155816Z-99a1a16a015f.json.gz,2
who.gho.cm-02,CM_02:GIN:SEX_MLE:AGEGROUP_MONTHS0-11,1958-01-01,2026-09-07T15:58:16Z,low,13459.0,,who.gho.cm-02,raw/who.gho.cm-02/2026/09/20260907T155816Z-99a1a16a015f.json.gz,2
who.gho.cm-02,CM_02:GIN:SEX_MLE:AGEGROUP_MONTHS0-11,1958-01-01,2026-09-07T15:58:16Z,restated_at,2026-08-04,,who.gho.cm-02,raw/who.gho.cm-02/2026/09/20260907T155816Z-99a1a16a015f.json.gz,2
who.gho.cm-02,CM_02:GIN:SEX_MLE:AGEGROUP_MONTHS0-11,1958-01-01,2026-09-07T15:58:16Z,value,15613.0,,who.gho.cm-02,raw/who.gho.cm-02/2026/09/20260907T155816Z-99a1a16a015f.json.gz,2
who.gho.cm-02,CM_02:GMB:SEX_BTSX:AGEGROUP_MONTHS0-11,1958-01-01,2026-09-07T15:51:11Z,high,3482.0,,who.gho.cm-02,raw/who.gho.cm-02/2026/09/20260907T155111Z-17577dbcf352.json.gz,2
who.gho.cm-02,CM_02:GMB:SEX_BTSX:AGEGROUP_MONTHS0-11,1958-01-01,2026-09-07T15:51:11Z,low,2447.0,,who.gho.cm-02,raw/who.gho.cm-02/2026/09/20260907T155111Z-17577dbcf352.json.gz,2
who.gho.cm-02,CM_02:GMB:SEX_BTSX:AGEGROUP_MONTHS0-11,1958-01-01,2026-09-07T15:51:11Z,restated_at,2026-08-04,,who.gho.cm-02,raw/who.gho.cm-02/2026/09/20260907T155111Z-17577dbcf352.json.gz,2
who.gho.cm-02,CM_02:GMB:SEX_BTSX:AGEGROUP_MONTHS0-11,1958-01-01,2026-09-07T15:51:11Z,value,2932.0,,who.gho.cm-02,raw/who.gho.cm-02/2026/09/20260907T155111Z-17577dbcf352.json.gz,2
who.gho.cm-02,CM_02:GMB:SEX_FMLE:AGEGROUP_MONTHS0-11,1958-01-01,2026-09-07T15:57:30Z,high,1597.0,,who.gho.cm-02,raw/who.gho.cm-02/2026/09/20260907T155730Z-1fe49c27b9ed.json.gz,2
who.gho.cm-02,CM_02:GMB:SEX_FMLE:AGEGROUP_MONTHS0-11,1958-01-01,2026-09-07T15:57:30Z,low,1097.0,,who.gho.cm-02,raw/who.gho.cm-02/2026/09/20260907T155730Z-1fe49c27b9ed.json.gz,2
who.gho.cm-02,CM_02:GMB:SEX_FMLE:AGEGROUP_MONTHS0-11,1958-01-01,2026-09-07T15:57:30Z,restated_at,2026-08-04,,who.gho.cm-02,raw/who.gho.cm-02/2026/09/20260907T155730Z-1fe49c27b9ed.json.gz,2
who.gho.cm-02,CM_02:GMB:SEX_FMLE:AGEGROUP_MONTHS0-11,1958-01-01,2026-09-07T15:57:30Z,value,1333.0,,who.gho.cm-02,raw/who.gho.cm-02/2026/09/20260907T155730Z-1fe49c27b9ed.json.gz,2
who.gho.cm-02,CM_02:GMB:SEX_MLE:AGEGROUP_MONTHS0-11,1958-01-01,2026-09-07T15:58:12Z,high,1908.0,,who.gho.cm-02,raw/who.gho.cm-02/2026/09/20260907T155812Z-02a2023435be.json.gz,2
who.gho.cm-02,CM_02:GMB:SEX_MLE:AGEGROUP_MONTHS0-11,1958-01-01,2026-09-07T15:58:12Z,low,1327.0,,who.gho.cm-02,raw/who.gho.cm-02/2026/09/20260907T155812Z-02a2023435be.json.gz,2
who.gho.cm-02,CM_02:GMB:SEX_MLE:AGEGROUP_MONTHS0-11,1958-01-01,2026-09-07T15:58:12Z,restated_at,2026-08-04,,who.gho.cm-02,raw/who.gho.cm-02/2026/09/20260907T155812Z-02a2023435be.json.gz,2
who.gho.cm-02,CM_02:GMB:SEX_MLE:AGEGROUP_MONTHS0-11,1958-01-01,2026-09-07T15:58:12Z,value,1599.0,,who.gho.cm-02,raw/who.gho.cm-02/2026/09/20260907T155812Z-02a2023435be.json.gz,2
who.gho.cm-02,CM_02:GRC:SEX_BTSX:AGEGROUP_MONTHS0-11,1958-01-01,2026-09-07T15:57:26Z,high,6580.0,,who.gho.cm-02,raw/who.gho.cm-02/2026/09/20260907T155726Z-31d0241a6d30.json.gz,2
who.gho.cm-02,CM_02:GRC:SEX_BTSX:AGEGROUP_MONTHS0-11,1958-01-01,2026-09-07T15:57:26Z,low,6315.0,,who.gho.cm-02,raw/who.gho.cm-02/2026/09/20260907T155726Z-31d0241a6d30.json.gz,2
who.gho.cm-02,CM_02:GRC:SEX_BTSX:AGEGROUP_MONTHS0-11,1958-01-01,2026-09-07T15:57:26Z,restated_at,2026-08-04,,who.gho.cm-02,raw/who.gho.cm-02/2026/09/20260907T155726Z-31d0241a6d30.json.gz,2
who.gho.cm-02,CM_02:GRC:SEX_BTSX:AGEGROUP_MONTHS0-11,1958-01-01,2026-09-07T15:57:26Z,value,6447.0,,who.gho.cm-02,raw/who.gho.cm-02/2026/09/20260907T155726Z-31d0241a6d30.json.gz,2
who.gho.cm-02,CM_02:GRC:SEX_FMLE:AGEGROUP_MONTHS0-11,1958-01-01,2026-09-07T15:58:25Z,high,3119.0,,who.gho.cm-02,raw/who.gho.cm-02/2026/09/20260907T155825Z-6675ad1e3bc7.json.gz,2
who.gho.cm-02,CM_02:GRC:SEX_FMLE:AGEGROUP_MONTHS0-11,1958-01-01,2026-09-07T15:58:25Z,low,2977.0,,who.gho.cm-02,raw/who.gho.cm-02/2026/09/20260907T155825Z-6675ad1e3bc7.json.gz,2
who.gho.cm-02,CM_02:GRC:SEX_FMLE:AGEGROUP_MONTHS0-11,1958-01-01,2026-09-07T15:58:25Z,restated_at,2026-08-04,,who.gho.cm-02,raw/who.gho.cm-02/2026/09/20260907T155825Z-6675ad1e3bc7.json.gz,2
who.gho.cm-02,CM_02:GRC:SEX_FMLE:AGEGROUP_MONTHS0-11,1958-01-01,2026-09-07T15:58:25Z,value,3047.0,,who.gho.cm-02,raw/who.gho.cm-02/2026/09/20260907T155825Z-6675ad1e3bc7.json.gz,2
who.gho.cm-02,CM_02:GRC:SEX_MLE:AGEGROUP_MONTHS0-11,1958-01-01,2026-09-07T15:54:17Z,high,3480.0,,who.gho.cm-02,raw/who.gho.cm-02/2026/09/20260907T155417Z-e87fb31944b5.json.gz,2
who.gho.cm-02,CM_02:GRC:SEX_MLE:AGEGROUP_MONTHS0-11,1958-01-01,2026-09-07T15:54:17Z,low,3324.0,,who.gho.cm-02,raw/who.gho.cm-02/2026/09/20260907T155417Z-e87fb31944b5.json.gz,2
who.gho.cm-02,CM_02:GRC:SEX_MLE:AGEGROUP_MONTHS0-11,1958-01-01,2026-09-07T15:54:17Z,restated_at,2026-08-04,,who.gho.cm-02,raw/who.gho.cm-02/2026/09/20260907T155417Z-e87fb31944b5.json.gz,2
who.gho.cm-02,CM_02:GRC:SEX_MLE:AGEGROUP_MONTHS0-11,1958-01-01,2026-09-07T15:54:17Z,value,3400.0,,who.gho.cm-02,raw/who.gho.cm-02/2026/09/20260907T155417Z-e87fb31944b5.json.gz,2
who.gho.cm-02,CM_02:GRD:SEX_BTSX:AGEGROUP_MONTHS0-11,1958-01-01,2026-09-07T15:57:54Z,high,306.0,,who.gho.cm-02,raw/who.gho.cm-02/2026/09/20260907T155754Z-3bea881db2b4.json.gz,2
who.gho.cm-02,CM_02:GRD:SEX_BTSX:AGEGROUP_MONTHS0-11,1958-01-01,2026-09-07T15:57:54Z,low,273.0,,who.gho.cm-02,raw/who.gho.cm-02/2026/09/20260907T155754Z-3bea881db2b4.json.gz,2
who.gho.cm-02,CM_02:GRD:SEX_BTSX:AGEGROUP_MONTHS0-11,1958-01-01,2026-09-07T15:57:54Z,restated_at,2026-08-04,,who.gho.cm-02,raw/who.gho.cm-02/2026/09/20260907T155754Z-3bea881db2b4.json.gz,2
who.gho.cm-02,CM_02:GRD:SEX_BTSX:AGEGROUP_MONTHS0-11,1958-01-01,2026-09-07T15:57:54Z,value,289.0,,who.gho.cm-02,raw/who.gho.cm-02/2026/09/20260907T155754Z-3bea881db2b4.json.gz,2
who.gho.cm-02,CM_02:GRD:SEX_FMLE:AGEGROUP_MONTHS0-11,1958-01-01,2026-09-07T15:57:44Z,high,145.0,,who.gho.cm-02,raw/who.gho.cm-02/2026/09/20260907T155744Z-e141b36e0a87.json.gz,2
who.gho.cm-02,CM_02:GRD:SEX_FMLE:AGEGROUP_MONTHS0-11,1958-01-01,2026-09-07T15:57:44Z,low,127.0,,who.gho.cm-02,raw/who.gho.cm-02/2026/09/20260907T155744Z-e141b36e0a87.json.gz,2
who.gho.cm-02,CM_02:GRD:SEX_FMLE:AGEGROUP_MONTHS0-11,1958-01-01,2026-09-07T15:57:44Z,restated_at,2025-04-15,,who.gho.cm-02,raw/who.gho.cm-02/2026/09/20260907T155744Z-e141b36e0a87.json.gz,2
who.gho.cm-02,CM_02:GRD:SEX_FMLE:AGEGROUP_MONTHS0-11,1958-01-01,2026-09-07T15:57:44Z,value,136.0,,who.gho.cm-02,raw/who.gho.cm-02/2026/09/20260907T155744Z-e141b36e0a87.json.gz,2
who.gho.cm-02,CM_02:GRD:SEX_MLE:AGEGROUP_MONTHS0-11,1958-01-01,2026-09-07T15:57:59Z,high,164.0,,who.gho.cm-02,raw/who.gho.cm-02/2026/09/20260907T155759Z-531ca935f713.json.gz,2
who.gho.cm-02,CM_02:GRD:SEX_MLE:AGEGROUP_MONTHS0-11,1958-01-01,2026-09-07T15:57:59Z,low,144.0,,who.gho.cm-02,raw/who.gho.cm-02/2026/09/20260907T155759Z-531ca935f713.json.gz,2
who.gho.cm-02,CM_02:GRD:SEX_MLE:AGEGROUP_MONTHS0-11,1958-01-01,2026-09-07T15:57:59Z,restated_at,2026-08-04,,who.gho.cm-02,raw/who.gho.cm-02/2026/09/20260907T155759Z-531ca935f713.json.gz,2
who.gho.cm-02,CM_02:GRD:SEX_MLE:AGEGROUP_MONTHS0-11,1958-01-01,2026-09-07T15:57:59Z,value,153.0,,who.gho.cm-02,raw/who.gho.cm-02/2026/09/20260907T155759Z-531ca935f713.json.gz,2
who.gho.cm-02,CM_02:GTM:SEX_BTSX:AGEGROUP_MONTHS0-11,1958-01-01,2026-09-07T15:58:25Z,high,34826.0,,who.gho.cm-02,raw/who.gho.cm-02/2026/09/20260907T155825Z-6675ad1e3bc7.json.gz,2
who.gho.cm-02,CM_02:GTM:SEX_BTSX:AGEGROUP_MONTHS0-11,1958-01-01,2026-09-07T15:58:25Z,low,25419.0,,who.gho.cm-02,raw/who.gho.cm-02/2026/09/20260907T155825Z-6675ad1e3bc7.json.gz,2
who.gho.cm-02,CM_02:GTM:SEX_BTSX:AGEGROUP_MONTHS0-11,1958-01-01,2026-09-07T15:58:25Z,restated_at,2026-08-04,,who.gho.cm-02,raw/who.gho.cm-02/2026/09/20260907T155825Z-6675ad1e3bc7.json.gz,2
who.gho.cm-02,CM_02:GTM:SEX_BTSX:AGEGROUP_MONTHS0-11,1958-01-01,2026-09-07T15:58:25Z,value,29950.0,,who.gho.cm-02,raw/who.gho.cm-02/2026/09/20260907T155825Z-6675ad1e3bc7.json.gz,2
who.gho.cm-02,CM_02:GTM:SEX_FMLE:AGEGROUP_MONTHS0-11,1958-01-01,2026-09-07T15:52:03Z,high,16052.0,,who.gho.cm-02,raw/who.gho.cm-02/2026/09/20260907T155203Z-07dabadb5738.json.gz,2
who.gho.cm-02,CM_02:GTM:SEX_FMLE:AGEGROUP_MONTHS0-11,1958-01-01,2026-09-07T15:52:03Z,low,11599.0,,who.gho.cm-02,raw/who.gho.cm-02/2026/09/20260907T155203Z-07dabadb5738.json.gz,2
who.gho.cm-02,CM_02:GTM:SEX_FMLE:AGEGROUP_MONTHS0-11,1958-01-01,2026-09-07T15:52:03Z,restated_at,2026-08-04,,who.gho.cm-02,raw/who.gho.cm-02/2026/09/20260907T155203Z-07dabadb5738.json.gz,2
who.gho.cm-02,CM_02:GTM:SEX_FMLE:AGEGROUP_MONTHS0-11,1958-01-01,2026-09-07T15:52:03Z,value,13718.0,,who.gho.cm-02,raw/who.gho.cm-02/2026/09/20260907T155203Z-07dabadb5738.json.gz,2
who.gho.cm-02,CM_02:GTM:SEX_MLE:AGEGROUP_MONTHS0-11,1958-01-01,2026-09-07T15:57:07Z,high,18922.0,,who.gho.cm-02,raw/who.gho.cm-02/2026/09/20260907T155707Z-3cd3e5b56c9f.json.gz,2
who.gho.cm-02,CM_02:GTM:SEX_MLE:AGEGROUP_MONTHS0-11,1958-01-01,2026-09-07T15:57:07Z,low,13717.0,,who.gho.cm-02,raw/who.gho.cm-02/2026/09/20260907T155707Z-3cd3e5b56c9f.json.gz,2
who.gho.cm-02,CM_02:GTM:SEX_MLE:AGEGROUP_MONTHS0-11,1958-01-01,2026-09-07T15:57:07Z,restated_at,2026-08-04,,who.gho.cm-02,raw/who.gho.cm-02/2026/09/20260907T155707Z-3cd3e5b56c9f.json.gz,2
who.gho.cm-02,CM_02:GTM:SEX_MLE:AGEGROUP_MONTHS0-11,1958-01-01,2026-09-07T15:57:07Z,value,16232.0,,who.gho.cm-02,raw/who.gho.cm-02/2026/09/20260907T155707Z-3cd3e5b56c9f.json.gz,2
who.gho.cm-02,CM_02:GUY:SEX_BTSX:AGEGROUP_MONTHS0-11,1958-01-01,2026-09-07T15:52:37Z,high,2090.0,,who.gho.cm-02,raw/who.gho.cm-02/2026/09/20260907T155237Z-35c7d31783eb.json.gz,2
who.gho.cm-02,CM_02:GUY:SEX_BTSX:AGEGROUP_MONTHS0-11,1958-01-01,2026-09-07T15:52:37Z,low,1485.0,,who.gho.cm-02,raw/who.gho.cm-02/2026/09/20260907T155237Z-35c7d31783eb.json.gz,2
who.gho.cm-02,CM_02:GUY:SEX_BTSX:AGEGROUP_MONTHS0-11,1958-01-01,2026-09-07T15:52:37Z,restated_at,2026-08-04,,who.gho.cm-02,raw/who.gho.cm-02/2026/09/20260907T155237Z-35c7d31783eb.json.gz,2
who.gho.cm-02,CM_02:GUY:SEX_BTSX:AGEGROUP_MONTHS0-11,1958-01-01,2026-09-07T15:52:37Z,value,1758.0,,who.gho.cm-02,raw/who.gho.cm-02/2026/09/20260907T155237Z-35c7d31783eb.json.gz,2
who.gho.cm-02,CM_02:GUY:SEX_FMLE:AGEGROUP_MONTHS0-11,1958-01-01,2026-09-07T15:51:11Z,high,901.0,,who.gho.cm-02,raw/who.gho.cm-02/2026/09/20260907T155111Z-17577dbcf352.json.gz,2
who.gho.cm-02,CM_02:GUY:SEX_FMLE:AGEGROUP_MONTHS0-11,1958-01-01,2026-09-07T15:51:11Z,low,631.0,,who.gho.cm-02,raw/who.gho.cm-02/2026/09/20260907T155111Z-17577dbcf352.json.gz,2
who.gho.cm-02,CM_02:GUY:SEX_FMLE:AGEGROUP_MONTHS0-11,1958-01-01,2026-09-07T15:51:11Z,restated_at,2026-08-04,,who.gho.cm-02,raw/who.gho.cm-02/2026/09/20260907T155111Z-17577dbcf352.json.gz,2
who.gho.cm-02,CM_02:GUY:SEX_FMLE:AGEGROUP_MONTHS0-11,1958-01-01,2026-09-07T15:51:11Z,value,753.0,,who.gho.cm-02,raw/who.gho.cm-02/2026/09/20260907T155111Z-17577dbcf352.json.gz,2
who.gho.cm-02,CM_02:GUY:SEX_MLE:AGEGROUP_MONTHS0-11,1958-01-01,2026-09-07T15:52:03Z,high,1198.0,,who.gho.cm-02,raw/who.gho.cm-02/2026/09/20260907T155203Z-07dabadb5738.json.gz,2
who.gho.cm-02,CM_02:GUY:SEX_MLE:AGEGROUP_MONTHS0-11,1958-01-01,2026-09-07T15:52:03Z,low,845.0,,who.gho.cm-02,raw/who.gho.cm-02/2026/09/20260907T155203Z-07dabadb5738.json.gz,2
who.gho.cm-02,CM_02:GUY:SEX_MLE:AGEGROUP_MONTHS0-11,1958-01-01,2026-09-07T15:52:03Z,restated_at,2026-08-04,,who.gho.cm-02,raw/who.gho.cm-02/2026/09/20260907T155203Z-07dabadb5738.json.gz,2
who.gho.cm-02,CM_02:GUY:SEX_MLE:AGEGROUP_MONTHS0-11,1958-01-01,2026-09-07T15:52:03Z,value,1005.0,,who.gho.cm-02,raw/who.gho.cm-02/2026/09/20260907T155203Z-07dabadb5738.json.gz,2
who.gho.cm-02,CM_02:HND:SEX_BTSX:AGEGROUP_MONTHS0-11,1958-01-01,2026-09-07T15:56:27Z,high,16220.0,,who.gho.cm-02,raw/who.gho.cm-02/2026/09/20260907T155627Z-19eb4e6c1215.json.gz,2
who.gho.cm-02,CM_02:HND:SEX_BTSX:AGEGROUP_MONTHS0-11,1958-01-01,2026-09-07T15:56:27Z,low,12274.0,,who.gho.cm-02,raw/who.gho.cm-02/2026/09/20260907T155627Z-19eb4e6c1215.json.gz,2
who.gho.cm-02,CM_02:HND:SEX_BTSX:AGEGROUP_MONTHS0-11,1958-01-01,2026-09-07T15:56:27Z,restated_at,2026-08-04,,who.gho.cm-02,raw/who.gho.cm-02/2026/09/20260907T155627Z-19eb4e6c1215.json.gz,2
who.gho.cm-02,CM_02:HND:SEX_BTSX:AGEGROUP_MONTHS0-11,1958-01-01,2026-09-07T15:56:27Z,value,14202.0,,who.gho.cm-02,raw/who.gho.cm-02/2026/09/20260907T155627Z-19eb4e6c1215.json.gz,2
who.gho.cm-02,CM_02:HND:SEX_FMLE:AGEGROUP_MONTHS0-11,1958-01-01,2026-09-07T15:51:01Z,high,7345.0,,who.gho.cm-02,raw/who.gho.cm-02/2026/09/20260907T155101Z-65d1a3fa0413.json.gz,2
who.gho.cm-02,CM_02:HND:SEX_FMLE:AGEGROUP_MONTHS0-11,1958-01-01,2026-09-07T15:51:01Z,low,5426.0,,who.gho.cm-02,raw/who.gho.cm-02/2026/09/20260907T155101Z-65d1a3fa0413.json.gz,2
who.gho.cm-02,CM_02:HND:SEX_FMLE:AGEGROUP_MONTHS0-11,1958-01-01,2026-09-07T15:51:01Z,restated_at,2026-08-04,,who.gho.cm-02,raw/who.gho.cm-02/2026/09/20260907T155101Z-65d1a3fa0413.json.gz,2
who.gho.cm-02,CM_02:HND:SEX_FMLE:AGEGROUP_MONTHS0-11,1958-01-01,2026-09-07T15:51:01Z,value,6353.0,,who.gho.cm-02,raw/who.gho.cm-02/2026/09/20260907T155101Z-65d1a3fa0413.json.gz,2
who.gho.cm-02,CM_02:HND:SEX_MLE:AGEGROUP_MONTHS0-11,1958-01-01,2026-09-07T15:57:54Z,high,9002.0,,who.gho.cm-02,raw/who.gho.cm-02/2026/09/20260907T155754Z-3bea881db2b4.json.gz,2
who.gho.cm-02,CM_02:HND:SEX_MLE:AGEGROUP_MONTHS0-11,1958-01-01,2026-09-07T15:57:54Z,low,6744.0,,who.gho.cm-02,raw/who.gho.cm-02/2026/09/20260907T155754Z-3bea881db2b4.json.gz,2
who.gho.cm-02,CM_02:HND:SEX_MLE:AGEGROUP_MONTHS0-11,1958-01-01,2026-09-07T15:57:54Z,restated_at,2026-08-04,,who.gho.cm-02,raw/who.gho.cm-02/2026/09/20260907T155754Z-3bea881db2b4.json.gz,2
who.gho.cm-02,CM_02:HND:SEX_MLE:AGEGROUP_MONTHS0-11,1958-01-01,2026-09-07T15:57:54Z,value,7849.0,,who.gho.cm-02,raw/who.gho.cm-02/2026/09/20260907T155754Z-3bea881db2b4.json.gz,2
who.gho.cm-02,CM_02:HUN:SEX_BTSX:AGEGROUP_MONTHS0-11,1958-01-01,2026-09-07T15:56:55Z,high,8805.0,,who.gho.cm-02,raw/who.gho.cm-02/2026/09/20260907T155655Z-a5ea76265971.json.gz,2
who.gho.cm-02,CM_02:HUN:SEX_BTSX:AGEGROUP_MONTHS0-11,1958-01-01,2026-09-07T15:56:55Z,low,8417.0,,who.gho.cm-02,raw/who.gho.cm-02/2026/09/20260907T155655Z-a5ea76265971.json.gz,2
who.gho.cm-02,CM_02:HUN:SEX_BTSX:AGEGROUP_MONTHS0-11,1958-01-01,2026-09-07T15:56:55Z,restated_at,2026-08-04,,who.gho.cm-02,raw/who.gho.cm-02/2026/09/20260907T155655Z-a5ea76265971.json.gz,2
who.gho.cm-02,CM_02:HUN:SEX_BTSX:AGEGROUP_MONTHS0-11,1958-01-01,2026-09-07T15:56:55Z,value,8605.0,,who.gho.cm-02,raw/who.gho.cm-02/2026/09/20260907T155655Z-a5ea76265971.json.gz,2
who.gho.cm-02,CM_02:HUN:SEX_FMLE:AGEGROUP_MONTHS0-11,1958-01-01,2026-09-07T15:52:03Z,high,3748.0,,who.gho.cm-02,raw/who.gho.cm-02/2026/09/20260907T155203Z-07dabadb5738.json.gz,2
who.gho.cm-02,CM_02:HUN:SEX_FMLE:AGEGROUP_MONTHS0-11,1958-01-01,2026-09-07T15:52:03Z,low,3564.0,,who.gho.cm-02,raw/who.gho.cm-02/2026/09/20260907T155203Z-07dabadb5738.json.gz,2
who.gho.cm-02,CM_02:HUN:SEX_FMLE:AGEGROUP_MONTHS0-11,1958-01-01,2026-09-07T15:52:03Z,restated_at,2026-08-04,,who.gho.cm-02,raw/who.gho.cm-02/2026/09/20260907T155203Z-07dabadb5738.json.gz,2
who.gho.cm-02,CM_02:HUN:SEX_FMLE:AGEGROUP_MONTHS0-11,1958-01-01,2026-09-07T15:52:03Z,value,3648.0,,who.gho.cm-02,raw/who.gho.cm-02/2026/09/20260907T155203Z-07dabadb5738.json.gz,2
who.gho.cm-02,CM_02:HUN:SEX_MLE:AGEGROUP_MONTHS0-11,1958-01-01,2026-09-07T15:51:50Z,high,5084.0,,who.gho.cm-02,raw/who.gho.cm-02/2026/09/20260907T155150Z-b2442ef3f6e6.json.gz,2
who.gho.cm-02,CM_02:HUN:SEX_MLE:AGEGROUP_MONTHS0-11,1958-01-01,2026-09-07T15:51:50Z,low,4844.0,,who.gho.cm-02,raw/who.gho.cm-02/2026/09/20260907T155150Z-b2442ef3f6e6.json.gz,2
who.gho.cm-02,CM_02:HUN:SEX_MLE:AGEGROUP_MONTHS0-11,1958-01-01,2026-09-07T15:51:50Z,restated_at,2026-08-04,,who.gho.cm-02,raw/who.gho.cm-02/2026/09/20260907T155150Z-b2442ef3f6e6.json.gz,2
who.gho.cm-02,CM_02:HUN:SEX_MLE:AGEGROUP_MONTHS0-11,1958-01-01,2026-09-07T15:51:50Z,value,4957.0,,who.gho.cm-02,raw/who.gho.cm-02/2026/09/20260907T155150Z-b2442ef3f6e6.json.gz,2
who.gho.cm-02,CM_02:IDN:SEX_BTSX:AGEGROUP_MONTHS0-11,1958-01-01,2026-09-07T15:52:26Z,high,601595.0,,who.gho.cm-02,raw/who.gho.cm-02/2026/09/20260907T155226Z-b536cc4a2b4c.json.gz,2
who.gho.cm-02,CM_02:IDN:SEX_BTSX:AGEGROUP_MONTHS0-11,1958-01-01,2026-09-07T15:52:26Z,low,503022.0,,who.gho.cm-02,raw/who.gho.cm-02/2026/09/20260907T155226Z-b536cc4a2b4c.json.gz,2
who.gho.cm-02,CM_02:IDN:SEX_BTSX:AGEGROUP_MONTHS0-11,1958-01-01,2026-09-07T15:52:26Z,restated_at,2026-08-04,,who.gho.cm-02,raw/who.gho.cm-02/2026/09/20260907T155226Z-b536cc4a2b4c.json.gz,2
who.gho.cm-02,CM_02:IDN:SEX_BTSX:AGEGROUP_MONTHS0-11,1958-01-01,2026-09-07T15:52:26Z,value,550369.0,,who.gho.cm-02,raw/who.gho.cm-02/2026/09/20260907T155226Z-b536cc4a2b4c.json.gz,2
who.gho.cm-02,CM_02:IDN:SEX_FMLE:AGEGROUP_MONTHS0-11,1958-01-01,2026-09-07T15:51:21Z,high,262060.0,,who.gho.cm-02,raw/who.gho.cm-02/2026/09/20260907T155121Z-1b14643329ca.json.gz,2
who.gho.cm-02,CM_02:IDN:SEX_FMLE:AGEGROUP_MONTHS0-11,1958-01-01,2026-09-07T15:51:21Z,low,216045.0,,who.gho.cm-02,raw/who.gho.cm-02/2026/09/20260907T155121Z-1b14643329ca.json.gz,2
who.gho.cm-02,CM_02:IDN:SEX_FMLE:AGEGROUP_MONTHS0-11,1958-01-01,2026-09-07T15:51:21Z,restated_at,2026-08-04,,who.gho.cm-02,raw/who.gho.cm-02/2026/09/20260907T155121Z-1b14643329ca.json.gz,2
who.gho.cm-02,CM_02:IDN:SEX_FMLE:AGEGROUP_MONTHS0-11,1958-01-01,2026-09-07T15:51:21Z,value,238148.0,,who.gho.cm-02,raw/who.gho.cm-02/2026/09/20260907T155121Z-1b14643329ca.json.gz,2
who.gho.cm-02,CM_02:IDN:SEX_MLE:AGEGROUP_MONTHS0-11,1958-01-01,2026-09-07T15:51:25Z,high,342283.0,,who.gho.cm-02,raw/who.gho.cm-02/2026/09/20260907T155125Z-b41e2575e826.json.gz,2
who.gho.cm-02,CM_02:IDN:SEX_MLE:AGEGROUP_MONTHS0-11,1958-01-01,2026-09-07T15:51:25Z,low,284144.0,,who.gho.cm-02,raw/who.gho.cm-02/2026/09/20260907T155125Z-b41e2575e826.json.gz,2
who.gho.cm-02,CM_02:IDN:SEX_MLE:AGEGROUP_MONTHS0-11,1958-01-01,2026-09-07T15:51:25Z,restated_at,2026-08-04,,who.gho.cm-02,raw/who.gho.cm-02/2026/09/20260907T155125Z-b41e2575e826.json.gz,2
who.gho.cm-02,CM_02:IDN:SEX_MLE:AGEGROUP_MONTHS0-11,1958-01-01,2026-09-07T15:51:25Z,value,312221.0,,who.gho.cm-02,raw/who.gho.cm-02/2026/09/20260907T155125Z-b41e2575e826.json.gz,2
who.gho.cm-02,CM_02:IND:SEX_BTSX:AGEGROUP_MONTHS0-11,1958-01-01,2026-09-07T15:57:44Z,high,2980562.0,,who.gho.cm-02,raw/who.gho.cm-02/2026/09/20260907T155744Z-e141b36e0a87.json.gz,2
who.gho.cm-02,CM_02:IND:SEX_BTSX:AGEGROUP_MONTHS0-11,1958-01-01,2026-09-07T15:57:44Z,low,2439436.0,,who.gho.cm-02,raw/who.gho.cm-02/2026/09/20260907T155744Z-e141b36e0a87.json.gz,2
who.gho.cm-02,CM_02:IND:SEX_BTSX:AGEGROUP_MONTHS0-11,1958-01-01,2026-09-07T15:57:44Z,restated_at,2026-08-04,,who.gho.cm-02,raw/who.gho.cm-02/2026/09/20260907T155744Z-e141b36e0a87.json.gz,2
who.gho.cm-02,CM_02:IND:SEX_BTSX:AGEGROUP_MONTHS0-11,1958-01-01,2026-09-07T15:57:44Z,value,2702390.0,,who.gho.cm-02,raw/who.gho.cm-02/2026/09/20260907T155744Z-e141b36e0a87.json.gz,2
who.gho.cm-02,CM_02:IND:SEX_FMLE:AGEGROUP_MONTHS0-11,1958-01-01,2026-09-07T15:57:17Z,high,1412835.0,,who.gho.cm-02,raw/who.gho.cm-02/2026/09/20260907T155717Z-89bc69b90b61.json.gz,2
who.gho.cm-02,CM_02:IND:SEX_FMLE:AGEGROUP_MONTHS0-11,1958-01-01,2026-09-07T15:57:17Z,low,1132508.0,,who.gho.cm-02,raw/who.gho.cm-02/2026/09/20260907T155717Z-89bc69b90b61.json.gz,2
who.gho.cm-02,CM_02:IND:SEX_FMLE:AGEGROUP_MONTHS0-11,1958-01-01,2026-09-07T15:57:17Z,restated_at,2026-08-04,,who.gho.cm-02,raw/who.gho.cm-02/2026/09/20260907T155717Z-89bc69b90b61.json.gz,2
who.gho.cm-02,CM_02:IND:SEX_FMLE:AGEGROUP_MONTHS0-11,1958-01-01,2026-09-07T15:57:17Z,value,1268072.0,,who.gho.cm-02,raw/who.gho.cm-02/2026/09/20260907T155717Z-89bc69b90b61.json.gz,2
who.gho.cm-02,CM_02:IND:SEX_MLE:AGEGROUP_MONTHS0-11,1958-01-01,2026-09-07T15:54:17Z,high,1591986.0,,who.gho.cm-02,raw/who.gho.cm-02/2026/09/20260907T155417Z-e87fb31944b5.json.gz,2
who.gho.cm-02,CM_02:IND:SEX_MLE:AGEGROUP_MONTHS0-11,1958-01-01,2026-09-07T15:54:17Z,low,1284792.0,,who.gho.cm-02,raw/who.gho.cm-02/2026/09/20260907T155417Z-e87fb31944b5.json.gz,2
who.gho.cm-02,CM_02:IND:SEX_MLE:AGEGROUP_MONTHS0-11,1958-01-01,2026-09-07T15:54:17Z,restated_at,2026-08-04,,who.gho.cm-02,raw/who.gho.cm-02/2026/09/20260907T155417Z-e87fb31944b5.json.gz,2
who.gho.cm-02,CM_02:IND:SEX_MLE:AGEGROUP_MONTHS0-11,1958-01-01,2026-09-07T15:54:17Z,value,1434318.0,,who.gho.cm-02,raw/who.gho.cm-02/2026/09/20260907T155417Z-e87fb31944b5.json.gz,2
who.gho.cm-02,CM_02:IRL:SEX_BTSX:AGEGROUP_MONTHS0-11,1958-01-01,2026-09-07T15:57:35Z,high,2051.0,,who.gho.cm-02,raw/who.gho.cm-02/2026/09/20260907T155735Z-be5ff4c5352d.json.gz,2
who.gho.cm-02,CM_02:IRL:SEX_BTSX:AGEGROUP_MONTHS0-11,1958-01-01,2026-09-07T15:57:35Z,low,1964.0,,who.gho.cm-02,raw/who.gho.cm-02/2026/09/20260907T155735Z-be5ff4c5352d.json.gz,2
who.gho.cm-02,CM_02:IRL:SEX_BTSX:AGEGROUP_MONTHS0-11,1958-01-01,2026-09-07T15:57:35Z,restated_at,2026-08-04,,who.gho.cm-02,raw/who.gho.cm-02/2026/09/20260907T155735Z-be5ff4c5352d.json.gz,2
who.gho.cm-02,CM_02:IRL:SEX_BTSX:AGEGROUP_MONTHS0-11,1958-01-01,2026-09-07T15:57:35Z,value,2007.0,,who.gho.cm-02,raw/who.gho.cm-02/2026/09/20260907T155735Z-be5ff4c5352d.json.gz,2
who.gho.cm-02,CM_02:IRL:SEX_FMLE:AGEGROUP_MONTHS0-11,1958-01-01,2026-09-07T15:57:00Z,high,873.0,,who.gho.cm-02,raw/who.gho.cm-02/2026/09/20260907T155700Z-8ffcb12aceff.json.gz,2
who.gho.cm-02,CM_02:IRL:SEX_FMLE:AGEGROUP_MONTHS0-11,1958-01-01,2026-09-07T15:57:00Z,low,825.0,,who.gho.cm-02,raw/who.gho.cm-02/2026/09/20260907T155700Z-8ffcb12aceff.json.gz,2
who.gho.cm-02,CM_02:IRL:SEX_FMLE:AGEGROUP_MONTHS0-11,1958-01-01,2026-09-07T15:57:00Z,restated_at,2026-08-04,,who.gho.cm-02,raw/who.gho.cm-02/2026/09/20260907T155700Z-8ffcb12aceff.json.gz,2
who.gho.cm-02,CM_02:IRL:SEX_FMLE:AGEGROUP_MONTHS0-11,1958-01-01,2026-09-07T15:57:00Z,value,849.0,,who.gho.cm-02,raw/who.gho.cm-02/2026/09/20260907T155700Z-8ffcb12aceff.json.gz,2
who.gho.cm-02,CM_02:IRL:SEX_MLE:AGEGROUP_MONTHS0-11,1958-01-01,2026-09-07T15:52:26Z,high,1189.0,,who.gho.cm-02,raw/who.gho.cm-02/2026/09/20260907T155226Z-b536cc4a2b4c.json.gz,2
who.gho.cm-02,CM_02:IRL:SEX_MLE:AGEGROUP_MONTHS0-11,1958-01-01,2026-09-07T15:52:26Z,low,1131.0,,who.gho.cm-02,raw/who.gho.cm-02/2026/09/20260907T155226Z-b536cc4a2b4c.json.gz,2
who.gho.cm-02,CM_02:IRL:SEX_MLE:AGEGROUP_MONTHS0-11,1958-01-01,2026-09-07T15:52:26Z,restated_at,2026-08-04,,who.gho.cm-02,raw/who.gho.cm-02/2026/09/20260907T155226Z-b536cc4a2b4c.json.gz,2
who.gho.cm-02,CM_02:IRL:SEX_MLE:AGEGROUP_MONTHS0-11,1958-01-01,2026-09-07T15:52:26Z,value,1158.0,,who.gho.cm-02,raw/who.gho.cm-02/2026/09/20260907T155226Z-b536cc4a2b4c.json.gz,2
who.gho.cm-02,CM_02:IRQ:SEX_BTSX:AGEGROUP_MONTHS0-11,1958-01-01,2026-09-07T15:58:20Z,high,38230.0,,who.gho.cm-02,raw/who.gho.cm-02/2026/09/20260907T155820Z-bace8014f904.json.gz,2
who.gho.cm-02,CM_02:IRQ:SEX_BTSX:AGEGROUP_MONTHS0-11,1958-01-01,2026-09-07T15:58:20Z,low,29396.0,,who.gho.cm-02,raw/who.gho.cm-02/2026/09/20260907T155820Z-bace8014f904.json.gz,2
who.gho.cm-02,CM_02:IRQ:SEX_BTSX:AGEGROUP_MONTHS0-11,1958-01-01,2026-09-07T15:58:20Z,restated_at,2026-08-04,,who.gho.cm-02,raw/who.gho.cm-02/2026/09/20260907T155820Z-bace8014f904.json.gz,2
who.gho.cm-02,CM_02:IRQ:SEX_BTSX:AGEGROUP_MONTHS0-11,1958-01-01,2026-09-07T15:58:20Z,value,33505.0,,who.gho.cm-02,raw/who.gho.cm-02/2026/09/20260907T155820Z-bace8014f904.json.gz,2
who.gho.cm-02,CM_02:IRQ:SEX_FMLE:AGEGROUP_MONTHS0-11,1958-01-01,2026-09-07T15:51:01Z,high,17767.0,,who.gho.cm-02,raw/who.gho.cm-02/2026/09/20260907T155101Z-65d1a3fa0413.json.gz,2
who.gho.cm-02,CM_02:IRQ:SEX_FMLE:AGEGROUP_MONTHS0-11,1958-01-01,2026-09-07T15:51:01Z,low,13374.0,,who.gho.cm-02,raw/who.gho.cm-02/2026/09/20260907T155101Z-65d1a3fa0413.json.gz,2
who.gho.cm-02,CM_02:IRQ:SEX_FMLE:AGEGROUP_MONTHS0-11,1958-01-01,2026-09-07T15:51:01Z,restated_at,2026-08-04,,who.gho.cm-02,raw/who.gho.cm-02/2026/09/20260907T155101Z-65d1a3fa0413.json.gz,2
who.gho.cm-02,CM_02:IRQ:SEX_FMLE:AGEGROUP_MONTHS0-11,1958-01-01,2026-09-07T15:51:01Z,value,15398.0,,who.gho.cm-02,raw/who.gho.cm-02/2026/09/20260907T155101Z-65d1a3fa0413.json.gz,2
who.gho.cm-02,CM_02:IRQ:SEX_MLE:AGEGROUP_MONTHS0-11,1958-01-01,2026-09-07T15:57:12Z,high,20747.0,,who.gho.cm-02,raw/who.gho.cm-02/2026/09/20260907T155712Z-98aa519eeacd.json.gz,2
who.gho.cm-02,CM_02:IRQ:SEX_MLE:AGEGROUP_MONTHS0-11,1958-01-01,2026-09-07T15:57:12Z,low,15792.0,,who.gho.cm-02,raw/who.gho.cm-02/2026/09/20260907T155712Z-98aa519eeacd.json.gz,2
who.gho.cm-02,CM_02:IRQ:SEX_MLE:AGEGROUP_MONTHS0-11,1958-01-01,2026-09-07T15:57:12Z,restated_at,2026-08-04,,who.gho.cm-02,raw/who.gho.cm-02/2026/09/20260907T155712Z-98aa519eeacd.json.gz,2
who.gho.cm-02,CM_02:IRQ:SEX_MLE:AGEGROUP_MONTHS0-11,1958-01-01,2026-09-07T15:57:12Z,value,18107.0,,who.gho.cm-02,raw/who.gho.cm-02/2026/09/20260907T155712Z-98aa519eeacd.json.gz,2
who.gho.cm-02,CM_02:ISL:SEX_BTSX:AGEGROUP_MONTHS0-11,1958-01-01,2026-09-07T15:56:41Z,high,88.0,,who.gho.cm-02,raw/who.gho.cm-02/2026/09/20260907T155641Z-022407e160ee.json.gz,2
who.gho.cm-02,CM_02:ISL:SEX_BTSX:AGEGROUP_MONTHS0-11,1958-01-01,2026-09-07T15:56:41Z,low,78.0,,who.gho.cm-02,raw/who.gho.cm-02/2026/09/20260907T155641Z-022407e160ee.json.gz,2
who.gho.cm-02,CM_02:ISL:SEX_BTSX:AGEGROUP_MONTHS0-11,1958-01-01,2026-09-07T15:56:41Z,restated_at,2025-04-15,,who.gho.cm-02,raw/who.gho.cm-02/2026/09/20260907T155641Z-022407e160ee.json.gz,2
who.gho.cm-02,CM_02:ISL:SEX_BTSX:AGEGROUP_MONTHS0-11,1958-01-01,2026-09-07T15:56:41Z,value,83.0,,who.gho.cm-02,raw/who.gho.cm-02/2026/09/20260907T155641Z-022407e160ee.json.gz,2
who.gho.cm-02,CM_02:ISL:SEX_FMLE:AGEGROUP_MONTHS0-11,1958-01-01,2026-09-07T15:51:25Z,high,38.0,,who.gho.cm-02,raw/who.gho.cm-02/2026/09/20260907T155125Z-b41e2575e826.json.gz,2
who.gho.cm-02,CM_02:ISL:SEX_FMLE:AGEGROUP_MONTHS0-11,1958-01-01,2026-09-07T15:51:25Z,low,33.0,,who.gho.cm-02,raw/who.gho.cm-02/2026/09/20260907T155125Z-b41e2575e826.json.gz,2
who.gho.cm-02,CM_02:ISL:SEX_FMLE:AGEGROUP_MONTHS0-11,1958-01-01,2026-09-07T15:51:25Z,restated_at,2025-04-15,,who.gho.cm-02,raw/who.gho.cm-02/2026/09/20260907T155125Z-b41e2575e826.json.gz,2
who.gho.cm-02,CM_02:ISL:SEX_FMLE:AGEGROUP_MONTHS0-11,1958-01-01,2026-09-07T15:51:25Z,value,36.0,,who.gho.cm-02,raw/who.gho.cm-02/2026/09/20260907T155125Z-b41e2575e826.json.gz,2
who.gho.cm-02,CM_02:ISL:SEX_MLE:AGEGROUP_MONTHS0-11,1958-01-01,2026-09-07T15:57:59Z,high,51.0,,who.gho.cm-02,raw/who.gho.cm-02/2026/09/20260907T155759Z-531ca935f713.json.gz,2
who.gho.cm-02,CM_02:ISL:SEX_MLE:AGEGROUP_MONTHS0-11,1958-01-01,2026-09-07T15:57:59Z,low,44.0,,who.gho.cm-02,raw/who.gho.cm-02/2026/09/20260907T155759Z-531ca935f713.json.gz,2
who.gho.cm-02,CM_02:ISL:SEX_MLE:AGEGROUP_MONTHS0-11,1958-01-01,2026-09-07T15:57:59Z,restated_at,2026-08-04,,who.gho.cm-02,raw/who.gho.cm-02/2026/09/20260907T155759Z-531ca935f713.json.gz,2
who.gho.cm-02,CM_02:ISL:SEX_MLE:AGEGROUP_MONTHS0-11,1958-01-01,2026-09-07T15:57:59Z,value,47.0,,who.gho.cm-02,raw/who.gho.cm-02/2026/09/20260907T155759Z-531ca935f713.json.gz,2
who.gho.cm-02,CM_02:ISR:SEX_BTSX:AGEGROUP_MONTHS0-11,1958-01-01,2026-09-07T15:57:26Z,high,2334.0,,who.gho.cm-02,raw/who.gho.cm-02/2026/09/20260907T155726Z-31d0241a6d30.json.gz,2
who.gho.cm-02,CM_02:ISR:SEX_BTSX:AGEGROUP_MONTHS0-11,1958-01-01,2026-09-07T15:57:26Z,low,2085.0,,who.gho.cm-02,raw/who.gho.cm-02/2026/09/20260907T155726Z-31d0241a6d30.json.gz,2
who.gho.cm-02,CM_02:ISR:SEX_BTSX:AGEGROUP_MONTHS0-11,1958-01-01,2026-09-07T15:57:26Z,restated_at,2026-08-04,,who.gho.cm-02,raw/who.gho.cm-02/2026/09/20260907T155726Z-31d0241a6d30.json.gz,2
who.gho.cm-02,CM_02:ISR:SEX_BTSX:AGEGROUP_MONTHS0-11,1958-01-01,2026-09-07T15:57:26Z,value,2207.0,,who.gho.cm-02,raw/who.gho.cm-02/2026/09/20260907T155726Z-31d0241a6d30.json.gz,2
who.gho.cm-02,CM_02:ISR:SEX_FMLE:AGEGROUP_MONTHS0-11,1958-01-01,2026-09-07T15:58:25Z,high,1071.0,,who.gho.cm-02,raw/who.gho.cm-02/2026/09/20260907T155825Z-6675ad1e3bc7.json.gz,2
who.gho.cm-02,CM_02:ISR:SEX_FMLE:AGEGROUP_MONTHS0-11,1958-01-01,2026-09-07T15:58:25Z,low,940.0,,who.gho.cm-02,raw/who.gho.cm-02/2026/09/20260907T155825Z-6675ad1e3bc7.json.gz,2
who.gho.cm-02,CM_02:ISR:SEX_FMLE:AGEGROUP_MONTHS0-11,1958-01-01,2026-09-07T15:58:25Z,restated_at,2026-08-04,,who.gho.cm-02,raw/who.gho.cm-02/2026/09/20260907T155825Z-6675ad1e3bc7.json.gz,2
who.gho.cm-02,CM_02:ISR:SEX_FMLE:AGEGROUP_MONTHS0-11,1958-01-01,2026-09-07T15:58:25Z,value,1003.0,,who.gho.cm-02,raw/who.gho.cm-02/2026/09/20260907T155825Z-6675ad1e3bc7.json.gz,2
who.gho.cm-02,CM_02:ISR:SEX_MLE:AGEGROUP_MONTHS0-11,1958-01-01,2026-09-07T15:51:01Z,high,1281.0,,who.gho.cm-02,raw/who.gho.cm-02/2026/09/20260907T155101Z-65d1a3fa0413.json.gz,2
who.gho.cm-02,CM_02:ISR:SEX_MLE:AGEGROUP_MONTHS0-11,1958-01-01,2026-09-07T15:51:01Z,low,1129.0,,who.gho.cm-02,raw/who.gho.cm-02/2026/09/20260907T155101Z-65d1a3fa0413.json.gz,2
who.gho.cm-02,CM_02:ISR:SEX_MLE:AGEGROUP_MONTHS0-11,1958-01-01,2026-09-07T15:51:01Z,restated_at,2026-08-04,,who.gho.cm-02,raw/who.gho.cm-02/2026/09/20260907T155101Z-65d1a3fa0413.json.gz,2
who.gho.cm-02,CM_02:ISR:SEX_MLE:AGEGROUP_MONTHS0-11,1958-01-01,2026-09-07T15:51:01Z,value,1204.0,,who.gho.cm-02,raw/who.gho.cm-02/2026/09/20260907T155101Z-65d1a3fa0413.json.gz,2
who.gho.cm-02,CM_02:ITA:SEX_BTSX:AGEGROUP_MONTHS0-11,1958-01-01,2026-09-07T15:57:54Z,high,41906.0,,who.gho.cm-02,raw/who.gho.cm-02/2026/09/20260907T155754Z-3bea881db2b4.json.gz,2
who.gho.cm-02,CM_02:ITA:SEX_BTSX:AGEGROUP_MONTHS0-11,1958-01-01,2026-09-07T15:57:54Z,low,40333.0,,who.gho.cm-02,raw/who.gho.cm-02/2026/09/20260907T155754Z-3bea881db2b4.json.gz,2
who.gho.cm-02,CM_02:ITA:SEX_BTSX:AGEGROUP_MONTHS0-11,1958-01-01,2026-09-07T15:57:54Z,restated_at,2026-08-04,,who.gho.cm-02,raw/who.gho.cm-02/2026/09/20260907T155754Z-3bea881db2b4.json.gz,2
who.gho.cm-02,CM_02:ITA:SEX_BTSX:AGEGROUP_MONTHS0-11,1958-01-01,2026-09-07T15:57:54Z,value,41104.0,,who.gho.cm-02,raw/who.gho.cm-02/2026/09/20260907T155754Z-3bea881db2b4.json.gz,2
who.gho.cm-02,CM_02:ITA:SEX_FMLE:AGEGROUP_MONTHS0-11,1958-01-01,2026-09-07T15:52:10Z,high,18570.0,,who.gho.cm-02,raw/who.gho.cm-02/2026/09/20260907T155210Z-c2e07328660e.json.gz,2
who.gho.cm-02,CM_02:ITA:SEX_FMLE:AGEGROUP_MONTHS0-11,1958-01-01,2026-09-07T15:52:10Z,low,17830.0,,who.gho.cm-02,raw/who.gho.cm-02/2026/09/20260907T155210Z-c2e07328660e.json.gz,2
who.gho.cm-02,CM_02:ITA:SEX_FMLE:AGEGROUP_MONTHS0-11,1958-01-01,2026-09-07T15:52:10Z,restated_at,2026-08-04,,who.gho.cm-02,raw/who.gho.cm-02/2026/09/20260907T155210Z-c2e07328660e.json.gz,2
who.gho.cm-02,CM_02:ITA:SEX_FMLE:AGEGROUP_MONTHS0-11,1958-01-01,2026-09-07T15:52:10Z,value,18192.0,,who.gho.cm-02,raw/who.gho.cm-02/2026/09/20260907T155210Z-c2e07328660e.json.gz,2
who.gho.cm-02,CM_02:ITA:SEX_MLE:AGEGROUP_MONTHS0-11,1958-01-01,2026-09-07T15:57:21Z,high,23382.0,,who.gho.cm-02,raw/who.gho.cm-02/2026/09/20260907T155721Z-a2b5c178c29b.json.gz,2
who.gho.cm-02,CM_02:ITA:SEX_MLE:AGEGROUP_MONTHS0-11,1958-01-01,2026-09-07T15:57:21Z,low,22471.0,,who.gho.cm-02,raw/who.gho.cm-02/2026/09/20260907T155721Z-a2b5c178c29b.json.gz,2
who.gho.cm-02,CM_02:ITA:SEX_MLE:AGEGROUP_MONTHS0-11,1958-01-01,2026-09-07T15:57:21Z,restated_at,2026-08-04,,who.gho.cm-02,raw/who.gho.cm-02/2026/09/20260907T155721Z-a2b5c178c29b.json.gz,2
who.gho.cm-02,CM_02:ITA:SEX_MLE:AGEGROUP_MONTHS0-11,1958-01-01,2026-09-07T15:57:21Z,value,22912.0,,who.gho.cm-02,raw/who.gho.cm-02/2026/09/20260907T155721Z-a2b5c178c29b.json.gz,2
who.gho.cm-02,CM_02:JAM:SEX_BTSX:AGEGROUP_MONTHS0-11,1958-01-01,2026-09-07T15:50:57Z,high,5218.0,,who.gho.cm-02,raw/who.gho.cm-02/2026/09/20260907T155057Z-e03fd9f60113.json.gz,2
who.gho.cm-02,CM_02:JAM:SEX_BTSX:AGEGROUP_MONTHS0-11,1958-01-01,2026-09-07T15:50:57Z,low,3840.0,,who.gho.cm-02,raw/who.gho.cm-02/2026/09/20260907T155057Z-e03fd9f60113.json.gz,2
who.gho.cm-02,CM_02:JAM:SEX_BTSX:AGEGROUP_MONTHS0-11,1958-01-01,2026-09-07T15:50:57Z,restated_at,2026-08-04,,who.gho.cm-02,raw/who.gho.cm-02/2026/09/20260907T155057Z-e03fd9f60113.json.gz,2
who.gho.cm-02,CM_02:JAM:SEX_BTSX:AGEGROUP_MONTHS0-11,1958-01-01,2026-09-07T15:50:57Z,value,4429.0,,who.gho.cm-02,raw/who.gho.cm-02/2026/09/20260907T155057Z-e03fd9f60113.json.gz,2
who.gho.cm-02,CM_02:JAM:SEX_FMLE:AGEGROUP_MONTHS0-11,1958-01-01,2026-09-07T15:57:40Z,high,2376.0,,who.gho.cm-02,raw/who.gho.cm-02/2026/09/20260907T155740Z-31068700a25d.json.gz,2
who.gho.cm-02,CM_02:JAM:SEX_FMLE:AGEGROUP_MONTHS0-11,1958-01-01,2026-09-07T15:57:40Z,low,1723.0,,who.gho.cm-02,raw/who.gho.cm-02/2026/09/20260907T155740Z-31068700a25d.json.gz,2
who.gho.cm-02,CM_02:JAM:SEX_FMLE:AGEGROUP_MONTHS0-11,1958-01-01,2026-09-07T15:57:40Z,restated_at,2026-08-04,,who.gho.cm-02,raw/who.gho.cm-02/2026/09/20260907T155740Z-31068700a25d.json.gz,2
who.gho.cm-02,CM_02:JAM:SEX_FMLE:AGEGROUP_MONTHS0-11,1958-01-01,2026-09-07T15:57:40Z,value,2008.0,,who.gho.cm-02,raw/who.gho.cm-02/2026/09/20260907T155740Z-31068700a25d.json.gz,2
who.gho.cm-02,CM_02:JAM:SEX_MLE:AGEGROUP_MONTHS0-11,1958-01-01,2026-09-07T15:56:48Z,high,2866.0,,who.gho.cm-02,raw/who.gho.cm-02/2026/09/20260907T155648Z-e962102586d9.json.gz,2
who.gho.cm-02,CM_02:JAM:SEX_MLE:AGEGROUP_MONTHS0-11,1958-01-01,2026-09-07T15:56:48Z,low,2086.0,,who.gho.cm-02,raw/who.gho.cm-02/2026/09/20260907T155648Z-e962102586d9.json.gz,2
who.gho.cm-02,CM_02:JAM:SEX_MLE:AGEGROUP_MONTHS0-11,1958-01-01,2026-09-07T15:56:48Z,restated_at,2026-08-04,,who.gho.cm-02,raw/who.gho.cm-02/2026/09/20260907T155648Z-e962102586d9.json.gz,2
who.gho.cm-02,CM_02:JAM:SEX_MLE:AGEGROUP_MONTHS0-11,1958-01-01,2026-09-07T15:56:48Z,value,2421.0,,who.gho.cm-02,raw/who.gho.cm-02/2026/09/20260907T155648Z-e962102586d9.json.gz,2
who.gho.cm-02,CM_02:JOR:SEX_BTSX:AGEGROUP_MONTHS0-11,1958-01-01,2026-09-07T15:58:12Z,high,4710.0,,who.gho.cm-02,raw/who.gho.cm-02/2026/09/20260907T155812Z-02a2023435be.json.gz,2
who.gho.cm-02,CM_02:JOR:SEX_BTSX:AGEGROUP_MONTHS0-11,1958-01-01,2026-09-07T15:58:12Z,low,3962.0,,who.gho.cm-02,raw/who.gho.cm-02/2026/09/20260907T155812Z-02a2023435be.json.gz,2
who.gho.cm-02,CM_02:JOR:SEX_BTSX:AGEGROUP_MONTHS0-11,1958-01-01,2026-09-07T15:58:12Z,restated_at,2026-08-04,,who.gho.cm-02,raw/who.gho.cm-02/2026/09/20260907T155812Z-02a2023435be.json.gz,2
who.gho.cm-02,CM_02:JOR:SEX_BTSX:AGEGROUP_MONTHS0-11,1958-01-01,2026-09-07T15:58:12Z,value,4313.0,,who.gho.cm-02,raw/who.gho.cm-02/2026/09/20260907T155812Z-02a2023435be.json.gz,2
who.gho.cm-02,CM_02:JOR:SEX_FMLE:AGEGROUP_MONTHS0-11,1958-01-01,2026-09-07T15:52:26Z,high,2303.0,,who.gho.cm-02,raw/who.gho.cm-02/2026/09/20260907T155226Z-b536cc4a2b4c.json.gz,2
who.gho.cm-02,CM_02:JOR:SEX_FMLE:AGEGROUP_MONTHS0-11,1958-01-01,2026-09-07T15:52:26Z,low,1910.0,,who.gho.cm-02,raw/who.gho.cm-02/2026/09/20260907T155226Z-b536cc4a2b4c.json.gz,2
who.gho.cm-02,CM_02:JOR:SEX_FMLE:AGEGROUP_MONTHS0-11,1958-01-01,2026-09-07T15:52:26Z,restated_at,2026-08-04,,who.gho.cm-02,raw/who.gho.cm-02/2026/09/20260907T155226Z-b536cc4a2b4c.json.gz,2
who.gho.cm-02,CM_02:JOR:SEX_FMLE:AGEGROUP_MONTHS0-11,1958-01-01,2026-09-07T15:52:26Z,value,2096.0,,who.gho.cm-02,raw/who.gho.cm-02/2026/09/20260907T155226Z-b536cc4a2b4c.json.gz,2
who.gho.cm-02,CM_02:JOR:SEX_MLE:AGEGROUP_MONTHS0-11,1958-01-01,2026-09-07T15:53:02Z,high,2439.0,,who.gho.cm-02,raw/who.gho.cm-02/2026/09/20260907T155302Z-206bb5f6993f.json.gz,2
who.gho.cm-02,CM_02:JOR:SEX_MLE:AGEGROUP_MONTHS0-11,1958-01-01,2026-09-07T15:53:02Z,low,2018.0,,who.gho.cm-02,raw/who.gho.cm-02/2026/09/20260907T155302Z-206bb5f6993f.json.gz,2
who.gho.cm-02,CM_02:JOR:SEX_MLE:AGEGROUP_MONTHS0-11,1958-01-01,2026-09-07T15:53:02Z,restated_at,2026-08-04,,who.gho.cm-02,raw/who.gho.cm-02/2026/09/20260907T155302Z-206bb5f6993f.json.gz,2
who.gho.cm-02,CM_02:JOR:SEX_MLE:AGEGROUP_MONTHS0-11,1958-01-01,2026-09-07T15:53:02Z,value,2217.0,,who.gho.cm-02,raw/who.gho.cm-02/2026/09/20260907T155302Z-206bb5f6993f.json.gz,2
who.gho.cm-02,CM_02:JPN:SEX_BTSX:AGEGROUP_MONTHS0-11,1958-01-01,2026-09-07T15:56:48Z,high,59944.0,,who.gho.cm-02,raw/who.gho.cm-02/2026/09/20260907T155648Z-e962102586d9.json.gz,2
who.gho.cm-02,CM_02:JPN:SEX_BTSX:AGEGROUP_MONTHS0-11,1958-01-01,2026-09-07T15:56:48Z,low,57701.0,,who.gho.cm-02,raw/who.gho.cm-02/2026/09/20260907T155648Z-e962102586d9.json.gz,2
who.gho.cm-02,CM_02:JPN:SEX_BTSX:AGEGROUP_MONTHS0-11,1958-01-01,2026-09-07T15:56:48Z,restated_at,2026-08-04,,who.gho.cm-02,raw/who.gho.cm-02/2026/09/20260907T155648Z-e962102586d9.json.gz,2
who.gho.cm-02,CM_02:JPN:SEX_BTSX:AGEGROUP_MONTHS0-11,1958-01-01,2026-09-07T15:56:48Z,value,58796.0,,who.gho.cm-02,raw/who.gho.cm-02/2026/09/20260907T155648Z-e962102586d9.json.gz,2
who.gho.cm-02,CM_02:JPN:SEX_FMLE:AGEGROUP_MONTHS0-11,1958-01-01,2026-09-07T15:56:55Z,high,26680.0,,who.gho.cm-02,raw/who.gho.cm-02/2026/09/20260907T155655Z-a5ea76265971.json.gz,2
who.gho.cm-02,CM_02:JPN:SEX_FMLE:AGEGROUP_MONTHS0-11,1958-01-01,2026-09-07T15:56:55Z,low,25621.0,,who.gho.cm-02,raw/who.gho.cm-02/2026/09/20260907T155655Z-a5ea76265971.json.gz,2
who.gho.cm-02,CM_02:JPN:SEX_FMLE:AGEGROUP_MONTHS0-11,1958-01-01,2026-09-07T15:56:55Z,restated_at,2026-08-04,,who.gho.cm-02,raw/who.gho.cm-02/2026/09/20260907T155655Z-a5ea76265971.json.gz,2
who.gho.cm-02,CM_02:JPN:SEX_FMLE:AGEGROUP_MONTHS0-11,1958-01-01,2026-09-07T15:56:55Z,value,26135.0,,who.gho.cm-02,raw/who.gho.cm-02/2026/09/20260907T155655Z-a5ea76265971.json.gz,2
who.gho.cm-02,CM_02:JPN:SEX_MLE:AGEGROUP_MONTHS0-11,1958-01-01,2026-09-07T15:51:25Z,high,33328.0,,who.gho.cm-02,raw/who.gho.cm-02/2026/09/20260907T155125Z-b41e2575e826.json.gz,2
who.gho.cm-02,CM_02:JPN:SEX_MLE:AGEGROUP_MONTHS0-11,1958-01-01,2026-09-07T15:51:25Z,low,32036.0,,who.gho.cm-02,raw/who.gho.cm-02/2026/09/20260907T155125Z-b41e2575e826.json.gz,2
who.gho.cm-02,CM_02:JPN:SEX_MLE:AGEGROUP_MONTHS0-11,1958-01-01,2026-09-07T15:51:25Z,restated_at,2026-08-04,,who.gho.cm-02,raw/who.gho.cm-02/2026/09/20260907T155125Z-b41e2575e826.json.gz,2
who.gho.cm-02,CM_02:JPN:SEX_MLE:AGEGROUP_MONTHS0-11,1958-01-01,2026-09-07T15:51:25Z,value,32661.0,,who.gho.cm-02,raw/who.gho.cm-02/2026/09/20260907T155125Z-b41e2575e826.json.gz,2
who.gho.cm-02,CM_02:KEN:SEX_BTSX:AGEGROUP_MONTHS0-11,1958-01-01,2026-09-07T15:51:50Z,high,52064.0,,who.gho.cm-02,raw/who.gho.cm-02/2026/09/20260907T155150Z-b2442ef3f6e6.json.gz,2
who.gho.cm-02,CM_02:KEN:SEX_BTSX:AGEGROUP_MONTHS0-11,1958-01-01,2026-09-07T15:51:50Z,low,42932.0,,who.gho.cm-02,raw/who.gho.cm-02/2026/09/20260907T155150Z-b2442ef3f6e6.json.gz,2
who.gho.cm-02,CM_02:KEN:SEX_BTSX:AGEGROUP_MONTHS0-11,1958-01-01,2026-09-07T15:51:50Z,restated_at,2026-08-04,,who.gho.cm-02,raw/who.gho.cm-02/2026/09/20260907T155150Z-b2442ef3f6e6.json.gz,2
who.gho.cm-02,CM_02:KEN:SEX_BTSX:AGEGROUP_MONTHS0-11,1958-01-01,2026-09-07T15:51:50Z,value,47251.0,,who.gho.cm-02,raw/who.gho.cm-02/2026/09/20260907T155150Z-b2442ef3f6e6.json.gz,2
who.gho.cm-02,CM_02:KEN:SEX_FMLE:AGEGROUP_MONTHS0-11,1958-01-01,2026-09-07T15:57:12Z,high,24747.0,,who.gho.cm-02,raw/who.gho.cm-02/2026/09/20260907T155712Z-98aa519eeacd.json.gz,2
who.gho.cm-02,CM_02:KEN:SEX_FMLE:AGEGROUP_MONTHS0-11,1958-01-01,2026-09-07T15:57:12Z,low,20137.0,,who.gho.cm-02,raw/who.gho.cm-02/2026/09/20260907T155712Z-98aa519eeacd.json.gz,2
who.gho.cm-02,CM_02:KEN:SEX_FMLE:AGEGROUP_MONTHS0-11,1958-01-01,2026-09-07T15:57:12Z,restated_at,2026-08-04,,who.gho.cm-02,raw/who.gho.cm-02/2026/09/20260907T155712Z-98aa519eeacd.json.gz,2
who.gho.cm-02,CM_02:KEN:SEX_FMLE:AGEGROUP_MONTHS0-11,1958-01-01,2026-09-07T15:57:12Z,value,22309.0,,who.gho.cm-02,raw/who.gho.cm-02/2026/09/20260907T155712Z-98aa519eeacd.json.gz,2
who.gho.cm-02,CM_02:KEN:SEX_MLE:AGEGROUP_MONTHS0-11,1958-01-01,2026-09-07T15:57:21Z,high,27559.0,,who.gho.cm-02,raw/who.gho.cm-02/2026/09/20260907T155721Z-a2b5c178c29b.json.gz,2
who.gho.cm-02,CM_02:KEN:SEX_MLE:AGEGROUP_MONTHS0-11,1958-01-01,2026-09-07T15:57:21Z,low,22556.0,,who.gho.cm-02,raw/who.gho.cm-02/2026/09/20260907T155721Z-a2b5c178c29b.json.gz,2
who.gho.cm-02,CM_02:KEN:SEX_MLE:AGEGROUP_MONTHS0-11,1958-01-01,2026-09-07T15:57:21Z,restated_at,2026-08-04,,who.gho.cm-02,raw/who.gho.cm-02/2026/09/20260907T155721Z-a2b5c178c29b.json.gz,2
who.gho.cm-02,CM_02:KEN:SEX_MLE:AGEGROUP_MONTHS0-11,1958-01-01,2026-09-07T15:57:21Z,value,24942.0,,who.gho.cm-02,raw/who.gho.cm-02/2026/09/20260907T155721Z-a2b5c178c29b.json.gz,2
who.gho.cm-02,CM_02:KIR:SEX_BTSX:AGEGROUP_MONTHS0-11,1958-01-01,2026-09-07T15:57:21Z,high,312.0,,who.gho.cm-02,raw/who.gho.cm-02/2026/09/20260907T155721Z-a2b5c178c29b.json.gz,2
who.gho.cm-02,CM_02:KIR:SEX_BTSX:AGEGROUP_MONTHS0-11,1958-01-01,2026-09-07T15:57:21Z,low,257.0,,who.gho.cm-02,raw/who.gho.cm-02/2026/09/20260907T155721Z-a2b5c178c29b.json.gz,2
who.gho.cm-02,CM_02:KIR:SEX_BTSX:AGEGROUP_MONTHS0-11,1958-01-01,2026-09-07T15:57:21Z,restated_at,2026-08-04,,who.gho.cm-02,raw/who.gho.cm-02/2026/09/20260907T155721Z-a2b5c178c29b.json.gz,2
who.gho.cm-02,CM_02:KIR:SEX_BTSX:AGEGROUP_MONTHS0-11,1958-01-01,2026-09-07T15:57:21Z,value,283.0,,who.gho.cm-02,raw/who.gho.cm-02/2026/09/20260907T155721Z-a2b5c178c29b.json.gz,2
who.gho.cm-02,CM_02:KIR:SEX_FMLE:AGEGROUP_MONTHS0-11,1958-01-01,2026-09-07T15:57:26Z,high,143.0,,who.gho.cm-02,raw/who.gho.cm-02/2026/09/20260907T155726Z-31d0241a6d30.json.gz,2
who.gho.cm-02,CM_02:KIR:SEX_FMLE:AGEGROUP_MONTHS0-11,1958-01-01,2026-09-07T15:57:26Z,low,114.0,,who.gho.cm-02,raw/who.gho.cm-02/2026/09/20260907T155726Z-31d0241a6d30.json.gz,2
who.gho.cm-02,CM_02:KIR:SEX_FMLE:AGEGROUP_MONTHS0-11,1958-01-01,2026-09-07T15:57:26Z,restated_at,2026-08-04,,who.gho.cm-02,raw/who.gho.cm-02/2026/09/20260907T155726Z-31d0241a6d30.json.gz,2
who.gho.cm-02,CM_02:KIR:SEX_FMLE:AGEGROUP_MONTHS0-11,1958-01-01,2026-09-07T15:57:26Z,value,128.0,,who.gho.cm-02,raw/who.gho.cm-02/2026/09/20260907T155726Z-31d0241a6d30.json.gz,2
who.gho.cm-02,CM_02:KIR:SEX_MLE:AGEGROUP_MONTHS0-11,1958-01-01,2026-09-07T15:51:50Z,high,173.0,,who.gho.cm-02,raw/who.gho.cm-02/2026/09/20260907T155150Z-b2442ef3f6e6.json.gz,2
who.gho.cm-02,CM_02:KIR:SEX_MLE:AGEGROUP_MONTHS0-11,1958-01-01,2026-09-07T15:51:50Z,low,140.0,,who.gho.cm-02,raw/who.gho.cm-02/2026/09/20260907T155150Z-b2442ef3f6e6.json.gz,2
who.gho.cm-02,CM_02:KIR:SEX_MLE:AGEGROUP_MONTHS0-11,1958-01-01,2026-09-07T15:51:50Z,restated_at,2025-04-15,,who.gho.cm-02,raw/who.gho.cm-02/2026/09/20260907T155150Z-b2442ef3f6e6.json.gz,2
who.gho.cm-02,CM_02:KIR:SEX_MLE:AGEGROUP_MONTHS0-11,1958-01-01,2026-09-07T15:51:50Z,value,155.0,,who.gho.cm-02,raw/who.gho.cm-02/2026/09/20260907T155150Z-b2442ef3f6e6.json.gz,2
who.gho.cm-02,CM_02:KOR:SEX_BTSX:AGEGROUP_MONTHS0-11,1958-01-01,2026-09-07T15:57:07Z,high,94121.0,,who.gho.cm-02,raw/who.gho.cm-02/2026/09/20260907T155707Z-3cd3e5b56c9f.json.gz,2
who.gho.cm-02,CM_02:KOR:SEX_BTSX:AGEGROUP_MONTHS0-11,1958-01-01,2026-09-07T15:57:07Z,low,74062.0,,who.gho.cm-02,raw/who.gho.cm-02/2026/09/20260907T155707Z-3cd3e5b56c9f.json.gz,2
who.gho.cm-02,CM_02:KOR:SEX_BTSX:AGEGROUP_MONTHS0-11,1958-01-01,2026-09-07T15:57:07Z,restated_at,2026-08-04,,who.gho.cm-02,raw/who.gho.cm-02/2026/09/20260907T155707Z-3cd3e5b56c9f.json.gz,2
who.gho.cm-02,CM_02:KOR:SEX_BTSX:AGEGROUP_MONTHS0-11,1958-01-01,2026-09-07T15:57:07Z,value,83538.0,,who.gho.cm-02,raw/who.gho.cm-02/2026/09/20260907T155707Z-3cd3e5b56c9f.json.gz,2
who.gho.cm-02,CM_02:KOR:SEX_FMLE:AGEGROUP_MONTHS0-11,1958-01-01,2026-09-07T15:52:10Z,high,43078.0,,who.gho.cm-02,raw/who.gho.cm-02/2026/09/20260907T155210Z-c2e07328660e.json.gz,2
who.gho.cm-02,CM_02:KOR:SEX_FMLE:AGEGROUP_MONTHS0-11,1958-01-01,2026-09-07T15:52:10Z,low,33273.0,,who.gho.cm-02,raw/who.gho.cm-02/2026/09/20260907T155210Z-c2e07328660e.json.gz,2
who.gho.cm-02,CM_02:KOR:SEX_FMLE:AGEGROUP_MONTHS0-11,1958-01-01,2026-09-07T15:52:10Z,restated_at,2026-08-04,,who.gho.cm-02,raw/who.gho.cm-02/2026/09/20260907T155210Z-c2e07328660e.json.gz,2
who.gho.cm-02,CM_02:KOR:SEX_FMLE:AGEGROUP_MONTHS0-11,1958-01-01,2026-09-07T15:52:10Z,value,37945.0,,who.gho.cm-02,raw/who.gho.cm-02/2026/09/20260907T155210Z-c2e07328660e.json.gz,2
who.gho.cm-02,CM_02:KOR:SEX_MLE:AGEGROUP_MONTHS0-11,1958-01-01,2026-09-07T15:57:44Z,high,51692.0,,who.gho.cm-02,raw/who.gho.cm-02/2026/09/20260907T155744Z-e141b36e0a87.json.gz,2
who.gho.cm-02,CM_02:KOR:SEX_MLE:AGEGROUP_MONTHS0-11,1958-01-01,2026-09-07T15:57:44Z,low,40290.0,,who.gho.cm-02,raw/who.gho.cm-02/2026/09/20260907T155744Z-e141b36e0a87.json.gz,2
who.gho.cm-02,CM_02:KOR:SEX_MLE:AGEGROUP_MONTHS0-11,1958-01-01,2026-09-07T15:57:44Z,restated_at,2026-08-04,,who.gho.cm-02,raw/who.gho.cm-02/2026/09/20260907T155744Z-e141b36e0a87.json.gz,2
who.gho.cm-02,CM_02:KOR:SEX_MLE:AGEGROUP_MONTHS0-11,1958-01-01,2026-09-07T15:57:44Z,value,45593.0,,who.gho.cm-02,raw/who.gho.cm-02/2026/09/20260907T155744Z-e141b36e0a87.json.gz,2
who.gho.cm-02,CM_02:LBN:SEX_BTSX:AGEGROUP_MONTHS0-11,1958-01-01,2026-09-07T15:58:16Z,high,5683.0,,who.gho.cm-02,raw/who.gho.cm-02/2026/09/20260907T155816Z-99a1a16a015f.json.gz,2
who.gho.cm-02,CM_02:LBN:SEX_BTSX:AGEGROUP_MONTHS0-11,1958-01-01,2026-09-07T15:58:16Z,low,3663.0,,who.gho.cm-02,raw/who.gho.cm-02/2026/09/20260907T155816Z-99a1a16a015f.json.gz,2
who.gho.cm-02,CM_02:LBN:SEX_BTSX:AGEGROUP_MONTHS0-11,1958-01-01,2026-09-07T15:58:16Z,restated_at,2026-08-04,,who.gho.cm-02,raw/who.gho.cm-02/2026/09/20260907T155816Z-99a1a16a015f.json.gz,2
who.gho.cm-02,CM_02:LBN:SEX_BTSX:AGEGROUP_MONTHS0-11,1958-01-01,2026-09-07T15:58:16Z,value,4614.0,,who.gho.cm-02,raw/who.gho.cm-02/2026/09/20260907T155816Z-99a1a16a015f.json.gz,2
who.gho.cm-02,CM_02:LBN:SEX_FMLE:AGEGROUP_MONTHS0-11,1958-01-01,2026-09-07T15:51:50Z,high,2566.0,,who.gho.cm-02,raw/who.gho.cm-02/2026/09/20260907T155150Z-b2442ef3f6e6.json.gz,2
who.gho.cm-02,CM_02:LBN:SEX_FMLE:AGEGROUP_MONTHS0-11,1958-01-01,2026-09-07T15:51:50Z,low,1633.0,,who.gho.cm-02,raw/who.gho.cm-02/2026/09/20260907T155150Z-b2442ef3f6e6.json.gz,2
who.gho.cm-02,CM_02:LBN:SEX_FMLE:AGEGROUP_MONTHS0-11,1958-01-01,2026-09-07T15:51:50Z,restated_at,2026-08-04,,who.gho.cm-02,raw/who.gho.cm-02/2026/09/20260907T155150Z-b2442ef3f6e6.json.gz,2
who.gho.cm-02,CM_02:LBN:SEX_FMLE:AGEGROUP_MONTHS0-11,1958-01-01,2026-09-07T15:51:50Z,value,2073.0,,who.gho.cm-02,raw/who.gho.cm-02/2026/09/20260907T155150Z-b2442ef3f6e6.json.gz,2
who.gho.cm-02,CM_02:LBN:SEX_MLE:AGEGROUP_MONTHS0-11,1958-01-01,2026-09-07T15:57:35Z,high,3148.0,,who.gho.cm-02,raw/who.gho.cm-02/2026/09/20260907T155735Z-be5ff4c5352d.json.gz,2
who.gho.cm-02,CM_02:LBN:SEX_MLE:AGEGROUP_MONTHS0-11,1958-01-01,2026-09-07T15:57:35Z,low,2016.0,,who.gho.cm-02,raw/who.gho.cm-02/2026/09/20260907T155735Z-be5ff4c5352d.json.gz,2
who.gho.cm-02,CM_02:LBN:SEX_MLE:AGEGROUP_MONTHS0-11,1958-01-01,2026-09-07T15:57:35Z,restated_at,2026-08-04,,who.gho.cm-02,raw/who.gho.cm-02/2026/09/20260907T155735Z-be5ff4c5352d.json.gz,2
who.gho.cm-02,CM_02:LBN:SEX_MLE:AGEGROUP_MONTHS0-11,1958-01-01,2026-09-07T15:57:35Z,value,2541.0,,who.gho.cm-02,raw/who.gho.cm-02/2026/09/20260907T155735Z-be5ff4c5352d.json.gz,2
who.gho.cm-02,CM_02:LBR:SEX_BTSX:AGEGROUP_MONTHS0-11,1958-01-01,2026-09-07T15:51:01Z,high,11166.0,,who.gho.cm-02,raw/who.gho.cm-02/2026/09/20260907T155101Z-65d1a3fa0413.json.gz,2
who.gho.cm-02,CM_02:LBR:SEX_BTSX:AGEGROUP_MONTHS0-11,1958-01-01,2026-09-07T15:51:01Z,low,8464.0,,who.gho.cm-02,raw/who.gho.cm-02/2026/09/20260907T155101Z-65d1a3fa0413.json.gz,2
who.gho.cm-02,CM_02:LBR:SEX_BTSX:AGEGROUP_MONTHS0-11,1958-01-01,2026-09-07T15:51:01Z,restated_at,2026-08-04,,who.gho.cm-02,raw/who.gho.cm-02/2026/09/20260907T155101Z-65d1a3fa0413.json.gz,2
who.gho.cm-02,CM_02:LBR:SEX_BTSX:AGEGROUP_MONTHS0-11,1958-01-01,2026-09-07T15:51:01Z,value,9695.0,,who.gho.cm-02,raw/who.gho.cm-02/2026/09/20260907T155101Z-65d1a3fa0413.json.gz,2
who.gho.cm-02,CM_02:LBR:SEX_FMLE:AGEGROUP_MONTHS0-11,1958-01-01,2026-09-07T15:51:01Z,high,5052.0,,who.gho.cm-02,raw/who.gho.cm-02/2026/09/20260907T155101Z-65d1a3fa0413.json.gz,2
who.gho.cm-02,CM_02:LBR:SEX_FMLE:AGEGROUP_MONTHS0-11,1958-01-01,2026-09-07T15:51:01Z,low,3752.0,,who.gho.cm-02,raw/who.gho.cm-02/2026/09/20260907T155101Z-65d1a3fa0413.json.gz,2
who.gho.cm-02,CM_02:LBR:SEX_FMLE:AGEGROUP_MONTHS0-11,1958-01-01,2026-09-07T15:51:01Z,restated_at,2026-08-04,,who.gho.cm-02,raw/who.gho.cm-02/2026/09/20260907T155101Z-65d1a3fa0413.json.gz,2
who.gho.cm-02,CM_02:LBR:SEX_FMLE:AGEGROUP_MONTHS0-11,1958-01-01,2026-09-07T15:51:01Z,value,4344.0,,who.gho.cm-02,raw/who.gho.cm-02/2026/09/20260907T155101Z-65d1a3fa0413.json.gz,2
who.gho.cm-02,CM_02:LBR:SEX_MLE:AGEGROUP_MONTHS0-11,1958-01-01,2026-09-07T15:51:16Z,high,6184.0,,who.gho.cm-02,raw/who.gho.cm-02/2026/09/20260907T155116Z-bb01bf96bc15.json.gz,2
who.gho.cm-02,CM_02:LBR:SEX_MLE:AGEGROUP_MONTHS0-11,1958-01-01,2026-09-07T15:51:16Z,low,4644.0,,who.gho.cm-02,raw/who.gho.cm-02/2026/09/20260907T155116Z-bb01bf96bc15.json.gz,2
who.gho.cm-02,CM_02:LBR:SEX_MLE:AGEGROUP_MONTHS0-11,1958-01-01,2026-09-07T15:51:16Z,restated_at,2026-08-04,,who.gho.cm-02,raw/who.gho.cm-02/2026/09/20260907T155116Z-bb01bf96bc15.json.gz,2
who.gho.cm-02,CM_02:LBR:SEX_MLE:AGEGROUP_MONTHS0-11,1958-01-01,2026-09-07T15:51:16Z,value,5351.0,,who.gho.cm-02,raw/who.gho.cm-02/2026/09/20260907T155116Z-bb01bf96bc15.json.gz,2
who.gho.cm-02,CM_02:LBY:SEX_BTSX:AGEGROUP_MONTHS0-11,1958-01-01,2026-09-07T15:51:21Z,high,18227.0,,who.gho.cm-02,raw/who.gho.cm-02/2026/09/20260907T155121Z-1b14643329ca.json.gz,2
who.gho.cm-02,CM_02:LBY:SEX_BTSX:AGEGROUP_MONTHS0-11,1958-01-01,2026-09-07T15:51:21Z,low,11697.0,,who.gho.cm-02,raw/who.gho.cm-02/2026/09/20260907T155121Z-1b14643329ca.json.gz,2
who.gho.cm-02,CM_02:LBY:SEX_BTSX:AGEGROUP_MONTHS0-11,1958-01-01,2026-09-07T15:51:21Z,restated_at,2026-08-04,,who.gho.cm-02,raw/who.gho.cm-02/2026/09/20260907T155121Z-1b14643329ca.json.gz,2
who.gho.cm-02,CM_02:LBY:SEX_BTSX:AGEGROUP_MONTHS0-11,1958-01-01,2026-09-07T15:51:21Z,value,14618.0,,who.gho.cm-02,raw/who.gho.cm-02/2026/09/20260907T155121Z-1b14643329ca.json.gz,2
who.gho.cm-02,CM_02:LBY:SEX_FMLE:AGEGROUP_MONTHS0-11,1958-01-01,2026-09-07T15:52:37Z,high,8373.0,,who.gho.cm-02,raw/who.gho.cm-02/2026/09/20260907T155237Z-35c7d31783eb.json.gz,2
who.gho.cm-02,CM_02:LBY:SEX_FMLE:AGEGROUP_MONTHS0-11,1958-01-01,2026-09-07T15:52:37Z,low,5320.0,,who.gho.cm-02,raw/who.gho.cm-02/2026/09/20260907T155237Z-35c7d31783eb.json.gz,2
who.gho.cm-02,CM_02:LBY:SEX_FMLE:AGEGROUP_MONTHS0-11,1958-01-01,2026-09-07T15:52:37Z,restated_at,2026-08-04,,who.gho.cm-02,raw/who.gho.cm-02/2026/09/20260907T155237Z-35c7d31783eb.json.gz,2
who.gho.cm-02,CM_02:LBY:SEX_FMLE:AGEGROUP_MONTHS0-11,1958-01-01,2026-09-07T15:52:37Z,value,6671.0,,who.gho.cm-02,raw/who.gho.cm-02/2026/09/20260907T155237Z-35c7d31783eb.json.gz,2
who.gho.cm-02,CM_02:LBY:SEX_MLE:AGEGROUP_MONTHS0-11,1958-01-01,2026-09-07T15:51:30Z,high,9936.0,,who.gho.cm-02,raw/who.gho.cm-02/2026/09/20260907T155130Z-b74d44aee08e.json.gz,2
who.gho.cm-02,CM_02:LBY:SEX_MLE:AGEGROUP_MONTHS0-11,1958-01-01,2026-09-07T15:51:30Z,low,6328.0,,who.gho.cm-02,raw/who.gho.cm-02/2026/09/20260907T155130Z-b74d44aee08e.json.gz,2
who.gho.cm-02,CM_02:LBY:SEX_MLE:AGEGROUP_MONTHS0-11,1958-01-01,2026-09-07T15:51:30Z,restated_at,2026-08-04,,who.gho.cm-02,raw/who.gho.cm-02/2026/09/20260907T155130Z-b74d44aee08e.json.gz,2
who.gho.cm-02,CM_02:LBY:SEX_MLE:AGEGROUP_MONTHS0-11,1958-01-01,2026-09-07T15:51:30Z,value,7947.0,,who.gho.cm-02,raw/who.gho.cm-02/2026/09/20260907T155130Z-b74d44aee08e.json.gz,2
who.gho.cm-02,CM_02:LCA:SEX_BTSX:AGEGROUP_MONTHS0-11,1958-01-01,2026-09-07T15:51:50Z,high,422.0,,who.gho.cm-02,raw/who.gho.cm-02/2026/09/20260907T155150Z-b2442ef3f6e6.json.gz,2
who.gho.cm-02,CM_02:LCA:SEX_BTSX:AGEGROUP_MONTHS0-11,1958-01-01,2026-09-07T15:51:50Z,low,384.0,,who.gho.cm-02,raw/who.gho.cm-02/2026/09/20260907T155150Z-b2442ef3f6e6.json.gz,2
who.gho.cm-02,CM_02:LCA:SEX_BTSX:AGEGROUP_MONTHS0-11,1958-01-01,2026-09-07T15:51:50Z,restated_at,2026-08-04,,who.gho.cm-02,raw/who.gho.cm-02/2026/09/20260907T155150Z-b2442ef3f6e6.json.gz,2
who.gho.cm-02,CM_02:LCA:SEX_BTSX:AGEGROUP_MONTHS0-11,1958-01-01,2026-09-07T15:51:50Z,value,402.0,,who.gho.cm-02,raw/who.gho.cm-02/2026/09/20260907T155150Z-b2442ef3f6e6.json.gz,2
who.gho.cm-02,CM_02:LCA:SEX_FMLE:AGEGROUP_MONTHS0-11,1958-01-01,2026-09-07T15:57:59Z,high,196.0,,who.gho.cm-02,raw/who.gho.cm-02/2026/09/20260907T155759Z-531ca935f713.json.gz,2
who.gho.cm-02,CM_02:LCA:SEX_FMLE:AGEGROUP_MONTHS0-11,1958-01-01,2026-09-07T15:57:59Z,low,175.0,,who.gho.cm-02,raw/who.gho.cm-02/2026/09/20260907T155759Z-531ca935f713.json.gz,2
who.gho.cm-02,CM_02:LCA:SEX_FMLE:AGEGROUP_MONTHS0-11,1958-01-01,2026-09-07T15:57:59Z,restated_at,2026-08-04,,who.gho.cm-02,raw/who.gho.cm-02/2026/09/20260907T155759Z-531ca935f713.json.gz,2
who.gho.cm-02,CM_02:LCA:SEX_FMLE:AGEGROUP_MONTHS0-11,1958-01-01,2026-09-07T15:57:59Z,value,185.0,,who.gho.cm-02,raw/who.gho.cm-02/2026/09/20260907T155759Z-531ca935f713.json.gz,2
who.gho.cm-02,CM_02:LCA:SEX_MLE:AGEGROUP_MONTHS0-11,1958-01-01,2026-09-07T15:57:59Z,high,229.0,,who.gho.cm-02,raw/who.gho.cm-02/2026/09/20260907T155759Z-531ca935f713.json.gz,2
who.gho.cm-02,CM_02:LCA:SEX_MLE:AGEGROUP_MONTHS0-11,1958-01-01,2026-09-07T15:57:59Z,low,205.0,,who.gho.cm-02,raw/who.gho.cm-02/2026/09/20260907T155759Z-531ca935f713.json.gz,2
who.gho.cm-02,CM_02:LCA:SEX_MLE:AGEGROUP_MONTHS0-11,1958-01-01,2026-09-07T15:57:59Z,restated_at,2026-08-04,,who.gho.cm-02,raw/who.gho.cm-02/2026/09/20260907T155759Z-531ca935f713.json.gz,2
who.gho.cm-02,CM_02:LCA:SEX_MLE:AGEGROUP_MONTHS0-11,1958-01-01,2026-09-07T15:57:59Z,value,217.0,,who.gho.cm-02,raw/who.gho.cm-02/2026/09/20260907T155759Z-531ca935f713.json.gz,2
who.gho.cm-02,CM_02:LKA:SEX_BTSX:AGEGROUP_MONTHS0-11,1958-01-01,2026-09-07T15:57:30Z,high,21057.0,,who.gho.cm-02,raw/who.gho.cm-02/2026/09/20260907T155730Z-1fe49c27b9ed.json.gz,2
who.gho.cm-02,CM_02:LKA:SEX_BTSX:AGEGROUP_MONTHS0-11,1958-01-01,2026-09-07T15:57:30Z,low,20265.0,,who.gho.cm-02,raw/who.gho.cm-02/2026/09/20260907T155730Z-1fe49c27b9ed.json.gz,2
who.gho.cm-02,CM_02:LKA:SEX_BTSX:AGEGROUP_MONTHS0-11,1958-01-01,2026-09-07T15:57:30Z,restated_at,2026-08-04,,who.gho.cm-02,raw/who.gho.cm-02/2026/09/20260907T155730Z-1fe49c27b9ed.json.gz,2
who.gho.cm-02,CM_02:LKA:SEX_BTSX:AGEGROUP_MONTHS0-11,1958-01-01,2026-09-07T15:57:30Z,value,20659.0,,who.gho.cm-02,raw/who.gho.cm-02/2026/09/20260907T155730Z-1fe49c27b9ed.json.gz,2
who.gho.cm-02,CM_02:LKA:SEX_FMLE:AGEGROUP_MONTHS0-11,1958-01-01,2026-09-07T15:57:17Z,high,9458.0,,who.gho.cm-02,raw/who.gho.cm-02/2026/09/20260907T155717Z-89bc69b90b61.json.gz,2
who.gho.cm-02,CM_02:LKA:SEX_FMLE:AGEGROUP_MONTHS0-11,1958-01-01,2026-09-07T15:57:17Z,low,9061.0,,who.gho.cm-02,raw/who.gho.cm-02/2026/09/20260907T155717Z-89bc69b90b61.json.gz,2
who.gho.cm-02,CM_02:LKA:SEX_FMLE:AGEGROUP_MONTHS0-11,1958-01-01,2026-09-07T15:57:17Z,restated_at,2026-08-04,,who.gho.cm-02,raw/who.gho.cm-02/2026/09/20260907T155717Z-89bc69b90b61.json.gz,2
who.gho.cm-02,CM_02:LKA:SEX_FMLE:AGEGROUP_MONTHS0-11,1958-01-01,2026-09-07T15:57:17Z,value,9261.0,,who.gho.cm-02,raw/who.gho.cm-02/2026/09/20260907T155717Z-89bc69b90b61.json.gz,2
who.gho.cm-02,CM_02:LKA:SEX_MLE:AGEGROUP_MONTHS0-11,1958-01-01,2026-09-07T15:51:05Z,high,11628.0,,who.gho.cm-02,raw/who.gho.cm-02/2026/09/20260907T155105Z-bd351d716a31.json.gz,2
who.gho.cm-02,CM_02:LKA:SEX_MLE:AGEGROUP_MONTHS0-11,1958-01-01,2026-09-07T15:51:05Z,low,11167.0,,who.gho.cm-02,raw/who.gho.cm-02/2026/09/20260907T155105Z-bd351d716a31.json.gz,2
who.gho.cm-02,CM_02:LKA:SEX_MLE:AGEGROUP_MONTHS0-11,1958-01-01,2026-09-07T15:51:05Z,restated_at,2026-08-04,,who.gho.cm-02,raw/who.gho.cm-02/2026/09/20260907T155105Z-bd351d716a31.json.gz,2
who.gho.cm-02,CM_02:LKA:SEX_MLE:AGEGROUP_MONTHS0-11,1958-01-01,2026-09-07T15:51:05Z,value,11398.0,,who.gho.cm-02,raw/who.gho.cm-02/2026/09/20260907T155105Z-bd351d716a31.json.gz,2
who.gho.cm-02,CM_02:LSO:SEX_BTSX:AGEGROUP_MONTHS0-11,1958-01-01,2026-09-07T15:57:17Z,high,4598.0,,who.gho.cm-02,raw/who.gho.cm-02/2026/09/20260907T155717Z-89bc69b90b61.json.gz,2
who.gho.cm-02,CM_02:LSO:SEX_BTSX:AGEGROUP_MONTHS0-11,1958-01-01,2026-09-07T15:57:17Z,low,3856.0,,who.gho.cm-02,raw/who.gho.cm-02/2026/09/20260907T155717Z-89bc69b90b61.json.gz,2
who.gho.cm-02,CM_02:LSO:SEX_BTSX:AGEGROUP_MONTHS0-11,1958-01-01,2026-09-07T15:57:17Z,restated_at,2026-08-04,,who.gho.cm-02,raw/who.gho.cm-02/2026/09/20260907T155717Z-89bc69b90b61.json.gz,2
who.gho.cm-02,CM_02:LSO:SEX_BTSX:AGEGROUP_MONTHS0-11,1958-01-01,2026-09-07T15:57:17Z,value,4214.0,,who.gho.cm-02,raw/who.gho.cm-02/2026/09/20260907T155717Z-89bc69b90b61.json.gz,2
who.gho.cm-02,CM_02:LSO:SEX_FMLE:AGEGROUP_MONTHS0-11,1958-01-01,2026-09-07T15:58:07Z,high,2149.0,,who.gho.cm-02,raw/who.gho.cm-02/2026/09/20260907T155807Z-33d1eb328c3d.json.gz,2
who.gho.cm-02,CM_02:LSO:SEX_FMLE:AGEGROUP_MONTHS0-11,1958-01-01,2026-09-07T15:58:07Z,low,1767.0,,who.gho.cm-02,raw/who.gho.cm-02/2026/09/20260907T155807Z-33d1eb328c3d.json.gz,2
who.gho.cm-02,CM_02:LSO:SEX_FMLE:AGEGROUP_MONTHS0-11,1958-01-01,2026-09-07T15:58:07Z,restated_at,2026-08-04,,who.gho.cm-02,raw/who.gho.cm-02/2026/09/20260907T155807Z-33d1eb328c3d.json.gz,2
who.gho.cm-02,CM_02:LSO:SEX_FMLE:AGEGROUP_MONTHS0-11,1958-01-01,2026-09-07T15:58:07Z,value,1952.0,,who.gho.cm-02,raw/who.gho.cm-02/2026/09/20260907T155807Z-33d1eb328c3d.json.gz,2
who.gho.cm-02,CM_02:LSO:SEX_MLE:AGEGROUP_MONTHS0-11,1958-01-01,2026-09-07T15:57:59Z,high,2485.0,,who.gho.cm-02,raw/who.gho.cm-02/2026/09/20260907T155759Z-531ca935f713.json.gz,2
who.gho.cm-02,CM_02:LSO:SEX_MLE:AGEGROUP_MONTHS0-11,1958-01-01,2026-09-07T15:57:59Z,low,2054.0,,who.gho.cm-02,raw/who.gho.cm-02/2026/09/20260907T155759Z-531ca935f713.json.gz,2
who.gho.cm-02,CM_02:LSO:SEX_MLE:AGEGROUP_MONTHS0-11,1958-01-01,2026-09-07T15:57:59Z,restated_at,2026-08-04,,who.gho.cm-02,raw/who.gho.cm-02/2026/09/20260907T155759Z-531ca935f713.json.gz,2
who.gho.cm-02,CM_02:LSO:SEX_MLE:AGEGROUP_MONTHS0-11,1958-01-01,2026-09-07T15:57:59Z,value,2262.0,,who.gho.cm-02,raw/who.gho.cm-02/2026/09/20260907T155759Z-531ca935f713.json.gz,2
who.gho.cm-02,CM_02:LUX:SEX_BTSX:AGEGROUP_MONTHS0-11,1958-01-01,2026-09-07T15:51:16Z,high,180.0,,who.gho.cm-02,raw/who.gho.cm-02/2026/09/20260907T155116Z-bb01bf96bc15.json.gz,2
who.gho.cm-02,CM_02:LUX:SEX_BTSX:AGEGROUP_MONTHS0-11,1958-01-01,2026-09-07T15:51:16Z,low,160.0,,who.gho.cm-02,raw/who.gho.cm-02/2026/09/20260907T155116Z-bb01bf96bc15.json.gz,2
who.gho.cm-02,CM_02:LUX:SEX_BTSX:AGEGROUP_MONTHS0-11,1958-01-01,2026-09-07T15:51:16Z,restated_at,2026-08-04,,who.gho.cm-02,raw/who.gho.cm-02/2026/09/20260907T155116Z-bb01bf96bc15.json.gz,2
who.gho.cm-02,CM_02:LUX:SEX_BTSX:AGEGROUP_MONTHS0-11,1958-01-01,2026-09-07T15:51:16Z,value,170.0,,who.gho.cm-02,raw/who.gho.cm-02/2026/09/20260907T155116Z-bb01bf96bc15.json.gz,2
who.gho.cm-02,CM_02:LUX:SEX_FMLE:AGEGROUP_MONTHS0-11,1958-01-01,2026-09-07T15:52:18Z,high,76.0,,who.gho.cm-02,raw/who.gho.cm-02/2026/09/20260907T155218Z-7dbb6db1a58a.json.gz,2
who.gho.cm-02,CM_02:LUX:SEX_FMLE:AGEGROUP_MONTHS0-11,1958-01-01,2026-09-07T15:52:18Z,low,66.0,,who.gho.cm-02,raw/who.gho.cm-02/2026/09/20260907T155218Z-7dbb6db1a58a.json.gz,2
who.gho.cm-02,CM_02:LUX:SEX_FMLE:AGEGROUP_MONTHS0-11,1958-01-01,2026-09-07T15:52:18Z,restated_at,2025-04-15,,who.gho.cm-02,raw/who.gho.cm-02/2026/09/20260907T155218Z-7dbb6db1a58a.json.gz,2
who.gho.cm-02,CM_02:LUX:SEX_FMLE:AGEGROUP_MONTHS0-11,1958-01-01,2026-09-07T15:52:18Z,value,71.0,,who.gho.cm-02,raw/who.gho.cm-02/2026/09/20260907T155218Z-7dbb6db1a58a.json.gz,2
who.gho.cm-02,CM_02:LUX:SEX_MLE:AGEGROUP_MONTHS0-11,1958-01-01,2026-09-07T15:58:07Z,high,105.0,,who.gho.cm-02,raw/who.gho.cm-02/2026/09/20260907T155807Z-33d1eb328c3d.json.gz,2
who.gho.cm-02,CM_02:LUX:SEX_MLE:AGEGROUP_MONTHS0-11,1958-01-01,2026-09-07T15:58:07Z,low,92.0,,who.gho.cm-02,raw/who.gho.cm-02/2026/09/20260907T155807Z-33d1eb328c3d.json.gz,2
who.gho.cm-02,CM_02:LUX:SEX_MLE:AGEGROUP_MONTHS0-11,1958-01-01,2026-09-07T15:58:07Z,restated_at,2026-08-04,,who.gho.cm-02,raw/who.gho.cm-02/2026/09/20260907T155807Z-33d1eb328c3d.json.gz,2
who.gho.cm-02,CM_02:LUX:SEX_MLE:AGEGROUP_MONTHS0-11,1958-01-01,2026-09-07T15:58:07Z,value,99.0,,who.gho.cm-02,raw/who.gho.cm-02/2026/09/20260907T155807Z-33d1eb328c3d.json.gz,2
who.gho.cm-02,CM_02:MAR:SEX_BTSX:AGEGROUP_MONTHS0-11,1958-01-01,2026-09-07T15:58:07Z,high,95361.0,,who.gho.cm-02,raw/who.gho.cm-02/2026/09/20260907T155807Z-33d1eb328c3d.json.gz,2
who.gho.cm-02,CM_02:MAR:SEX_BTSX:AGEGROUP_MONTHS0-11,1958-01-01,2026-09-07T15:58:07Z,low,73739.0,,who.gho.cm-02,raw/who.gho.cm-02/2026/09/20260907T155807Z-33d1eb328c3d.json.gz,2
who.gho.cm-02,CM_02:MAR:SEX_BTSX:AGEGROUP_MONTHS0-11,1958-01-01,2026-09-07T15:58:07Z,restated_at,2026-08-04,,who.gho.cm-02,raw/who.gho.cm-02/2026/09/20260907T155807Z-33d1eb328c3d.json.gz,2
who.gho.cm-02,CM_02:MAR:SEX_BTSX:AGEGROUP_MONTHS0-11,1958-01-01,2026-09-07T15:58:07Z,value,83608.0,,who.gho.cm-02,raw/who.gho.cm-02/2026/09/20260907T155807Z-33d1eb328c3d.json.gz,2
who.gho.cm-02,CM_02:MAR:SEX_FMLE:AGEGROUP_MONTHS0-11,1958-01-01,2026-09-07T15:53:02Z,high,43243.0,,who.gho.cm-02,raw/who.gho.cm-02/2026/09/20260907T155302Z-206bb5f6993f.json.gz,2
who.gho.cm-02,CM_02:MAR:SEX_FMLE:AGEGROUP_MONTHS0-11,1958-01-01,2026-09-07T15:53:02Z,low,32939.0,,who.gho.cm-02,raw/who.gho.cm-02/2026/09/20260907T155302Z-206bb5f6993f.json.gz,2
who.gho.cm-02,CM_02:MAR:SEX_FMLE:AGEGROUP_MONTHS0-11,1958-01-01,2026-09-07T15:53:02Z,restated_at,2026-08-04,,who.gho.cm-02,raw/who.gho.cm-02/2026/09/20260907T155302Z-206bb5f6993f.json.gz,2
who.gho.cm-02,CM_02:MAR:SEX_FMLE:AGEGROUP_MONTHS0-11,1958-01-01,2026-09-07T15:53:02Z,value,37679.0,,who.gho.cm-02,raw/who.gho.cm-02/2026/09/20260907T155302Z-206bb5f6993f.json.gz,2
who.gho.cm-02,CM_02:MAR:SEX_MLE:AGEGROUP_MONTHS0-11,1958-01-01,2026-09-07T15:58:20Z,high,52414.0,,who.gho.cm-02,raw/who.gho.cm-02/2026/09/20260907T155820Z-bace8014f904.json.gz,2
who.gho.cm-02,CM_02:MAR:SEX_MLE:AGEGROUP_MONTHS0-11,1958-01-01,2026-09-07T15:58:20Z,low,40334.0,,who.gho.cm-02,raw/who.gho.cm-02/2026/09/20260907T155820Z-bace8014f904.json.gz,2
who.gho.cm-02,CM_02:MAR:SEX_MLE:AGEGROUP_MONTHS0-11,1958-01-01,2026-09-07T15:58:20Z,restated_at,2026-08-04,,who.gho.cm-02,raw/who.gho.cm-02/2026/09/20260907T155820Z-bace8014f904.json.gz,2
who.gho.cm-02,CM_02:MAR:SEX_MLE:AGEGROUP_MONTHS0-11,1958-01-01,2026-09-07T15:58:20Z,value,45929.0,,who.gho.cm-02,raw/who.gho.cm-02/2026/09/20260907T155820Z-bace8014f904.json.gz,2
who.gho.cm-02,CM_02:MEX:SEX_BTSX:AGEGROUP_MONTHS0-11,1958-01-01,2026-09-07T15:58:12Z,high,202388.0,,who.gho.cm-02,raw/who.gho.cm-02/2026/09/20260907T155812Z-02a2023435be.json.gz,2
who.gho.cm-02,CM_02:MEX:SEX_BTSX:AGEGROUP_MONTHS0-11,1958-01-01,2026-09-07T15:58:12Z,low,157693.0,,who.gho.cm-02,raw/who.gho.cm-02/2026/09/20260907T155812Z-02a2023435be.json.gz,2
who.gho.cm-02,CM_02:MEX:SEX_BTSX:AGEGROUP_MONTHS0-11,1958-01-01,2026-09-07T15:58:12Z,restated_at,2026-08-04,,who.gho.cm-02,raw/who.gho.cm-02/2026/09/20260907T155812Z-02a2023435be.json.gz,2
who.gho.cm-02,CM_02:MEX:SEX_BTSX:AGEGROUP_MONTHS0-11,1958-01-01,2026-09-07T15:58:12Z,value,178678.0,,who.gho.cm-02,raw/who.gho.cm-02/2026/09/20260907T155812Z-02a2023435be.json.gz,2
who.gho.cm-02,CM_02:MEX:SEX_FMLE:AGEGROUP_MONTHS0-11,1958-01-01,2026-09-07T15:56:27Z,high,92572.0,,who.gho.cm-02,raw/who.gho.cm-02/2026/09/20260907T155627Z-19eb4e6c1215.json.gz,2
who.gho.cm-02,CM_02:MEX:SEX_FMLE:AGEGROUP_MONTHS0-11,1958-01-01,2026-09-07T15:56:27Z,low,70568.0,,who.gho.cm-02,raw/who.gho.cm-02/2026/09/20260907T155627Z-19eb4e6c1215.json.gz,2
who.gho.cm-02,CM_02:MEX:SEX_FMLE:AGEGROUP_MONTHS0-11,1958-01-01,2026-09-07T15:56:27Z,restated_at,2026-08-04,,who.gho.cm-02,raw/who.gho.cm-02/2026/09/20260907T155627Z-19eb4e6c1215.json.gz,2
who.gho.cm-02,CM_02:MEX:SEX_FMLE:AGEGROUP_MONTHS0-11,1958-01-01,2026-09-07T15:56:27Z,value,81017.0,,who.gho.cm-02,raw/who.gho.cm-02/2026/09/20260907T155627Z-19eb4e6c1215.json.gz,2
who.gho.cm-02,CM_02:MEX:SEX_MLE:AGEGROUP_MONTHS0-11,1958-01-01,2026-09-07T15:51:44Z,high,111028.0,,who.gho.cm-02,raw/who.gho.cm-02/2026/09/20260907T155144Z-505d97ce9093.json.gz,2
who.gho.cm-02,CM_02:MEX:SEX_MLE:AGEGROUP_MONTHS0-11,1958-01-01,2026-09-07T15:51:44Z,low,85601.0,,who.gho.cm-02,raw/who.gho.cm-02/2026/09/20260907T155144Z-505d97ce9093.json.gz,2
who.gho.cm-02,CM_02:MEX:SEX_MLE:AGEGROUP_MONTHS0-11,1958-01-01,2026-09-07T15:51:44Z,restated_at,2026-08-04,,who.gho.cm-02,raw/who.gho.cm-02/2026/09/20260907T155144Z-505d97ce9093.json.gz,2
who.gho.cm-02,CM_02:MEX:SEX_MLE:AGEGROUP_MONTHS0-11,1958-01-01,2026-09-07T15:51:44Z,value,97661.0,,who.gho.cm-02,raw/who.gho.cm-02/2026/09/20260907T155144Z-505d97ce9093.json.gz,2
who.gho.cm-02,CM_02:MLT:SEX_BTSX:AGEGROUP_MONTHS0-11,1958-01-01,2026-09-07T15:56:48Z,high,361.0,,who.gho.cm-02,raw/who.gho.cm-02/2026/09/20260907T155648Z-e962102586d9.json.gz,2
who.gho.cm-02,CM_02:MLT:SEX_BTSX:AGEGROUP_MONTHS0-11,1958-01-01,2026-09-07T15:56:48Z,low,338.0,,who.gho.cm-02,raw/who.gho.cm-02/2026/09/20260907T155648Z-e962102586d9.json.gz,2
who.gho.cm-02,CM_02:MLT:SEX_BTSX:AGEGROUP_MONTHS0-11,1958-01-01,2026-09-07T15:56:48Z,restated_at,2025-04-15,,who.gho.cm-02,raw/who.gho.cm-02/2026/09/20260907T155648Z-e962102586d9.json.gz,2
who.gho.cm-02,CM_02:MLT:SEX_BTSX:AGEGROUP_MONTHS0-11,1958-01-01,2026-09-07T15:56:48Z,value,349.0,,who.gho.cm-02,raw/who.gho.cm-02/2026/09/20260907T155648Z-e962102586d9.json.gz,2
who.gho.cm-02,CM_02:MLT:SEX_FMLE:AGEGROUP_MONTHS0-11,1958-01-01,2026-09-07T15:58:04Z,high,160.0,,who.gho.cm-02,raw/who.gho.cm-02/2026/09/20260907T155804Z-3e19927fa86a.json.gz,2
who.gho.cm-02,CM_02:MLT:SEX_FMLE:AGEGROUP_MONTHS0-11,1958-01-01,2026-09-07T15:58:04Z,low,146.0,,who.gho.cm-02,raw/who.gho.cm-02/2026/09/20260907T155804Z-3e19927fa86a.json.gz,2
who.gho.cm-02,CM_02:MLT:SEX_FMLE:AGEGROUP_MONTHS0-11,1958-01-01,2026-09-07T15:58:04Z,restated_at,2025-04-15,,who.gho.cm-02,raw/who.gho.cm-02/2026/09/20260907T155804Z-3e19927fa86a.json.gz,2
who.gho.cm-02,CM_02:MLT:SEX_FMLE:AGEGROUP_MONTHS0-11,1958-01-01,2026-09-07T15:58:04Z,value,153.0,,who.gho.cm-02,raw/who.gho.cm-02/2026/09/20260907T155804Z-3e19927fa86a.json.gz,2
who.gho.cm-02,CM_02:MLT:SEX_MLE:AGEGROUP_MONTHS0-11,1958-01-01,2026-09-07T15:56:27Z,high,205.0,,who.gho.cm-02,raw/who.gho.cm-02/2026/09/20260907T155627Z-19eb4e6c1215.json.gz,2
who.gho.cm-02,CM_02:MLT:SEX_MLE:AGEGROUP_MONTHS0-11,1958-01-01,2026-09-07T15:56:27Z,low,189.0,,who.gho.cm-02,raw/who.gho.cm-02/2026/09/20260907T155627Z-19eb4e6c1215.json.gz,2
who.gho.cm-02,CM_02:MLT:SEX_MLE:AGEGROUP_MONTHS0-11,1958-01-01,2026-09-07T15:56:27Z,restated_at,2025-04-15,,who.gho.cm-02,raw/who.gho.cm-02/2026/09/20260907T155627Z-19eb4e6c1215.json.gz,2
who.gho.cm-02,CM_02:MLT:SEX_MLE:AGEGROUP_MONTHS0-11,1958-01-01,2026-09-07T15:56:27Z,value,196.0,,who.gho.cm-02,raw/who.gho.cm-02/2026/09/20260907T155627Z-19eb4e6c1215.json.gz,2
who.gho.cm-02,CM_02:MRT:SEX_BTSX:AGEGROUP_MONTHS0-11,1958-01-01,2026-09-07T15:57:26Z,high,5485.0,,who.gho.cm-02,raw/who.gho.cm-02/2026/09/20260907T155726Z-31d0241a6d30.json.gz,2
who.gho.cm-02,CM_02:MRT:SEX_BTSX:AGEGROUP_MONTHS0-11,1958-01-01,2026-09-07T15:57:26Z,low,4113.0,,who.gho.cm-02,raw/who.gho.cm-02/2026/09/20260907T155726Z-31d0241a6d30.json.gz,2
who.gho.cm-02,CM_02:MRT:SEX_BTSX:AGEGROUP_MONTHS0-11,1958-01-01,2026-09-07T15:57:26Z,restated_at,2026-08-04,,who.gho.cm-02,raw/who.gho.cm-02/2026/09/20260907T155726Z-31d0241a6d30.json.gz,2
who.gho.cm-02,CM_02:MRT:SEX_BTSX:AGEGROUP_MONTHS0-11,1958-01-01,2026-09-07T15:57:26Z,value,4739.0,,who.gho.cm-02,raw/who.gho.cm-02/2026/09/20260907T155726Z-31d0241a6d30.json.gz,2
who.gho.cm-02,CM_02:MRT:SEX_FMLE:AGEGROUP_MONTHS0-11,1958-01-01,2026-09-07T15:57:35Z,high,2512.0,,who.gho.cm-02,raw/who.gho.cm-02/2026/09/20260907T155735Z-be5ff4c5352d.json.gz,2
who.gho.cm-02,CM_02:MRT:SEX_FMLE:AGEGROUP_MONTHS0-11,1958-01-01,2026-09-07T15:57:35Z,low,1851.0,,who.gho.cm-02,raw/who.gho.cm-02/2026/09/20260907T155735Z-be5ff4c5352d.json.gz,2
who.gho.cm-02,CM_02:MRT:SEX_FMLE:AGEGROUP_MONTHS0-11,1958-01-01,2026-09-07T15:57:35Z,restated_at,2026-08-04,,who.gho.cm-02,raw/who.gho.cm-02/2026/09/20260907T155735Z-be5ff4c5352d.json.gz,2
who.gho.cm-02,CM_02:MRT:SEX_FMLE:AGEGROUP_MONTHS0-11,1958-01-01,2026-09-07T15:57:35Z,value,2153.0,,who.gho.cm-02,raw/who.gho.cm-02/2026/09/20260907T155735Z-be5ff4c5352d.json.gz,2
who.gho.cm-02,CM_02:MRT:SEX_MLE:AGEGROUP_MONTHS0-11,1958-01-01,2026-09-07T15:58:07Z,high,3011.0,,who.gho.cm-02,raw/who.gho.cm-02/2026/09/20260907T155807Z-33d1eb328c3d.json.gz,2
who.gho.cm-02,CM_02:MRT:SEX_MLE:AGEGROUP_MONTHS0-11,1958-01-01,2026-09-07T15:58:07Z,low,2231.0,,who.gho.cm-02,raw/who.gho.cm-02/2026/09/20260907T155807Z-33d1eb328c3d.json.gz,2
who.gho.cm-02,CM_02:MRT:SEX_MLE:AGEGROUP_MONTHS0-11,1958-01-01,2026-09-07T15:58:07Z,restated_at,2026-08-04,,who.gho.cm-02,raw/who.gho.cm-02/2026/09/20260907T155807Z-33d1eb328c3d.json.gz,2
who.gho.cm-02,CM_02:MRT:SEX_MLE:AGEGROUP_MONTHS0-11,1958-01-01,2026-09-07T15:58:07Z,value,2586.0,,who.gho.cm-02,raw/who.gho.cm-02/2026/09/20260907T155807Z-33d1eb328c3d.json.gz,2
who.gho.cm-02,CM_02:MUS:SEX_BTSX:AGEGROUP_MONTHS0-11,1958-01-01,2026-09-07T15:58:20Z,high,1791.0,,who.gho.cm-02,raw/who.gho.cm-02/2026/09/20260907T155820Z-bace8014f904.json.gz,2
who.gho.cm-02,CM_02:MUS:SEX_BTSX:AGEGROUP_MONTHS0-11,1958-01-01,2026-09-07T15:58:20Z,low,1689.0,,who.gho.cm-02,raw/who.gho.cm-02/2026/09/20260907T155820Z-bace8014f904.json.gz,2
who.gho.cm-02,CM_02:MUS:SEX_BTSX:AGEGROUP_MONTHS0-11,1958-01-01,2026-09-07T15:58:20Z,restated_at,2026-08-04,,who.gho.cm-02,raw/who.gho.cm-02/2026/09/20260907T155820Z-bace8014f904.json.gz,2
who.gho.cm-02,CM_02:MUS:SEX_BTSX:AGEGROUP_MONTHS0-11,1958-01-01,2026-09-07T15:58:20Z,value,1740.0,,who.gho.cm-02,raw/who.gho.cm-02/2026/09/20260907T155820Z-bace8014f904.json.gz,2
who.gho.cm-02,CM_02:MUS:SEX_FMLE:AGEGROUP_MONTHS0-11,1958-01-01,2026-09-07T15:51:11Z,high,801.0,,who.gho.cm-02,raw/who.gho.cm-02/2026/09/20260907T155111Z-17577dbcf352.json.gz,2
who.gho.cm-02,CM_02:MUS:SEX_FMLE:AGEGROUP_MONTHS0-11,1958-01-01,2026-09-07T15:51:11Z,low,745.0,,who.gho.cm-02,raw/who.gho.cm-02/2026/09/20260907T155111Z-17577dbcf352.json.gz,2
who.gho.cm-02,CM_02:MUS:SEX_FMLE:AGEGROUP_MONTHS0-11,1958-01-01,2026-09-07T15:51:11Z,restated_at,2026-08-04,,who.gho.cm-02,raw/who.gho.cm-02/2026/09/20260907T155111Z-17577dbcf352.json.gz,2
who.gho.cm-02,CM_02:MUS:SEX_FMLE:AGEGROUP_MONTHS0-11,1958-01-01,2026-09-07T15:51:11Z,value,773.0,,who.gho.cm-02,raw/who.gho.cm-02/2026/09/20260907T155111Z-17577dbcf352.json.gz,2
who.gho.cm-02,CM_02:MUS:SEX_MLE:AGEGROUP_MONTHS0-11,1958-01-01,2026-09-07T15:57:40Z,high,999.0,,who.gho.cm-02,raw/who.gho.cm-02/2026/09/20260907T155740Z-31068700a25d.json.gz,2
who.gho.cm-02,CM_02:MUS:SEX_MLE:AGEGROUP_MONTHS0-11,1958-01-01,2026-09-07T15:57:40Z,low,934.0,,who.gho.cm-02,raw/who.gho.cm-02/2026/09/20260907T155740Z-31068700a25d.json.gz,2
who.gho.cm-02,CM_02:MUS:SEX_MLE:AGEGROUP_MONTHS0-11,1958-01-01,2026-09-07T15:57:40Z,restated_at,2026-08-04,,who.gho.cm-02,raw/who.gho.cm-02/2026/09/20260907T155740Z-31068700a25d.json.gz,2
who.gho.cm-02,CM_02:MUS:SEX_MLE:AGEGROUP_MONTHS0-11,1958-01-01,2026-09-07T15:57:40Z,value,967.0,,who.gho.cm-02,raw/who.gho.cm-02/2026/09/20260907T155740Z-31068700a25d.json.gz,2
who.gho.cm-02,CM_02:MYS:SEX_BTSX:AGEGROUP_MONTHS0-11,1958-01-01,2026-09-07T15:57:49Z,high,28058.0,,who.gho.cm-02,raw/who.gho.cm-02/2026/09/20260907T155749Z-8808ed0c9a07.json.gz,2
who.gho.cm-02,CM_02:MYS:SEX_BTSX:AGEGROUP_MONTHS0-11,1958-01-01,2026-09-07T15:57:49Z,low,22677.0,,who.gho.cm-02,raw/who.gho.cm-02/2026/09/20260907T155749Z-8808ed0c9a07.json.gz,2
who.gho.cm-02,CM_02:MYS:SEX_BTSX:AGEGROUP_MONTHS0-11,1958-01-01,2026-09-07T15:57:49Z,restated_at,2026-08-04,,who.gho.cm-02,raw/who.gho.cm-02/2026/09/20260907T155749Z-8808ed0c9a07.json.gz,2
who.gho.cm-02,CM_02:MYS:SEX_BTSX:AGEGROUP_MONTHS0-11,1958-01-01,2026-09-07T15:57:49Z,value,25185.0,,who.gho.cm-02,raw/who.gho.cm-02/2026/09/20260907T155749Z-8808ed0c9a07.json.gz,2
who.gho.cm-02,CM_02:MYS:SEX_FMLE:AGEGROUP_MONTHS0-11,1958-01-01,2026-09-07T15:52:10Z,high,12681.0,,who.gho.cm-02,raw/who.gho.cm-02/2026/09/20260907T155210Z-c2e07328660e.json.gz,2
who.gho.cm-02,CM_02:MYS:SEX_FMLE:AGEGROUP_MONTHS0-11,1958-01-01,2026-09-07T15:52:10Z,low,9908.0,,who.gho.cm-02,raw/who.gho.cm-02/2026/09/20260907T155210Z-c2e07328660e.json.gz,2
who.gho.cm-02,CM_02:MYS:SEX_FMLE:AGEGROUP_MONTHS0-11,1958-01-01,2026-09-07T15:52:10Z,restated_at,2026-08-04,,who.gho.cm-02,raw/who.gho.cm-02/2026/09/20260907T155210Z-c2e07328660e.json.gz,2
who.gho.cm-02,CM_02:MYS:SEX_FMLE:AGEGROUP_MONTHS0-11,1958-01-01,2026-09-07T15:52:10Z,value,11220.0,,who.gho.cm-02,raw/who.gho.cm-02/2026/09/20260907T155210Z-c2e07328660e.json.gz,2
who.gho.cm-02,CM_02:MYS:SEX_MLE:AGEGROUP_MONTHS0-11,1958-01-01,2026-09-07T15:56:48Z,high,15715.0,,who.gho.cm-02,raw/who.gho.cm-02/2026/09/20260907T155648Z-e962102586d9.json.gz,2
who.gho.cm-02,CM_02:MYS:SEX_MLE:AGEGROUP_MONTHS0-11,1958-01-01,2026-09-07T15:56:48Z,low,12457.0,,who.gho.cm-02,raw/who.gho.cm-02/2026/09/20260907T155648Z-e962102586d9.json.gz,2
who.gho.cm-02,CM_02:MYS:SEX_MLE:AGEGROUP_MONTHS0-11,1958-01-01,2026-09-07T15:56:48Z,restated_at,2026-08-04,,who.gho.cm-02,raw/who.gho.cm-02/2026/09/20260907T155648Z-e962102586d9.json.gz,2
who.gho.cm-02,CM_02:MYS:SEX_MLE:AGEGROUP_MONTHS0-11,1958-01-01,2026-09-07T15:56:48Z,value,13965.0,,who.gho.cm-02,raw/who.gho.cm-02/2026/09/20260907T155648Z-e962102586d9.json.gz,2
who.gho.cm-02,CM_02:NIC:SEX_BTSX:AGEGROUP_MONTHS0-11,1958-01-01,2026-09-07T15:57:00Z,high,13486.0,,who.gho.cm-02,raw/who.gho.cm-02/2026/09/20260907T155700Z-8ffcb12aceff.json.gz,2
who.gho.cm-02,CM_02:NIC:SEX_BTSX:AGEGROUP_MONTHS0-11,1958-01-01,2026-09-07T15:57:00Z,low,9275.0,,who.gho.cm-02,raw/who.gho.cm-02/2026/09/20260907T155700Z-8ffcb12aceff.json.gz,2
who.gho.cm-02,CM_02:NIC:SEX_BTSX:AGEGROUP_MONTHS0-11,1958-01-01,2026-09-07T15:57:00Z,restated_at,2026-08-04,,who.gho.cm-02,raw/who.gho.cm-02/2026/09/20260907T155700Z-8ffcb12aceff.json.gz,2
who.gho.cm-02,CM_02:NIC:SEX_BTSX:AGEGROUP_MONTHS0-11,1958-01-01,2026-09-07T15:57:00Z,value,11237.0,,who.gho.cm-02,raw/who.gho.cm-02/2026/09/20260907T155700Z-8ffcb12aceff.json.gz,2
who.gho.cm-02,CM_02:NIC:SEX_FMLE:AGEGROUP_MONTHS0-11,1958-01-01,2026-09-07T15:52:37Z,high,6119.0,,who.gho.cm-02,raw/who.gho.cm-02/2026/09/20260907T155237Z-35c7d31783eb.json.gz,2
who.gho.cm-02,CM_02:NIC:SEX_FMLE:AGEGROUP_MONTHS0-11,1958-01-01,2026-09-07T15:52:37Z,low,4153.0,,who.gho.cm-02,raw/who.gho.cm-02/2026/09/20260907T155237Z-35c7d31783eb.json.gz,2
who.gho.cm-02,CM_02:NIC:SEX_FMLE:AGEGROUP_MONTHS0-11,1958-01-01,2026-09-07T15:52:37Z,restated_at,2026-08-04,,who.gho.cm-02,raw/who.gho.cm-02/2026/09/20260907T155237Z-35c7d31783eb.json.gz,2
who.gho.cm-02,CM_02:NIC:SEX_FMLE:AGEGROUP_MONTHS0-11,1958-01-01,2026-09-07T15:52:37Z,value,5061.0,,who.gho.cm-02,raw/who.gho.cm-02/2026/09/20260907T155237Z-35c7d31783eb.json.gz,2
who.gho.cm-02,CM_02:NIC:SEX_MLE:AGEGROUP_MONTHS0-11,1958-01-01,2026-09-07T15:56:48Z,high,7411.0,,who.gho.cm-02,raw/who.gho.cm-02/2026/09/20260907T155648Z-e962102586d9.json.gz,2
who.gho.cm-02,CM_02:NIC:SEX_MLE:AGEGROUP_MONTHS0-11,1958-01-01,2026-09-07T15:56:48Z,low,5073.0,,who.gho.cm-02,raw/who.gho.cm-02/2026/09/20260907T155648Z-e962102586d9.json.gz,2
who.gho.cm-02,CM_02:NIC:SEX_MLE:AGEGROUP_MONTHS0-11,1958-01-01,2026-09-07T15:56:48Z,restated_at,2026-08-04,,who.gho.cm-02,raw/who.gho.cm-02/2026/09/20260907T155648Z-e962102586d9.json.gz,2
who.gho.cm-02,CM_02:NIC:SEX_MLE:AGEGROUP_MONTHS0-11,1958-01-01,2026-09-07T15:56:48Z,value,6176.0,,who.gho.cm-02,raw/who.gho.cm-02/2026/09/20260907T155648Z-e962102586d9.json.gz,2
who.gho.cm-02,CM_02:NIU:SEX_BTSX:AGEGROUP_MONTHS0-11,1958-01-01,2026-09-07T15:51:30Z,high,25.0,,who.gho.cm-02,raw/who.gho.cm-02/2026/09/20260907T155130Z-b74d44aee08e.json.gz,2
who.gho.cm-02,CM_02:NIU:SEX_BTSX:AGEGROUP_MONTHS0-11,1958-01-01,2026-09-07T15:51:30Z,low,16.0,,who.gho.cm-02,raw/who.gho.cm-02/2026/09/20260907T155130Z-b74d44aee08e.json.gz,2
who.gho.cm-02,CM_02:NIU:SEX_BTSX:AGEGROUP_MONTHS0-11,1958-01-01,2026-09-07T15:51:30Z,restated_at,2026-08-04,,who.gho.cm-02,raw/who.gho.cm-02/2026/09/20260907T155130Z-b74d44aee08e.json.gz,2
who.gho.cm-02,CM_02:NIU:SEX_BTSX:AGEGROUP_MONTHS0-11,1958-01-01,2026-09-07T15:51:30Z,value,20.0,,who.gho.cm-02,raw/who.gho.cm-02/2026/09/20260907T155130Z-b74d44aee08e.json.gz,2
who.gho.cm-02,CM_02:NIU:SEX_FMLE:AGEGROUP_MONTHS0-11,1958-01-01,2026-09-07T15:58:25Z,high,11.0,,who.gho.cm-02,raw/who.gho.cm-02/2026/09/20260907T155825Z-6675ad1e3bc7.json.gz,2
who.gho.cm-02,CM_02:NIU:SEX_FMLE:AGEGROUP_MONTHS0-11,1958-01-01,2026-09-07T15:58:25Z,low,7.0,,who.gho.cm-02,raw/who.gho.cm-02/2026/09/20260907T155825Z-6675ad1e3bc7.json.gz,2
who.gho.cm-02,CM_02:NIU:SEX_FMLE:AGEGROUP_MONTHS0-11,1958-01-01,2026-09-07T15:58:25Z,restated_at,2025-04-15,,who.gho.cm-02,raw/who.gho.cm-02/2026/09/20260907T155825Z-6675ad1e3bc7.json.gz,2
who.gho.cm-02,CM_02:NIU:SEX_FMLE:AGEGROUP_MONTHS0-11,1958-01-01,2026-09-07T15:58:25Z,value,9.0,,who.gho.cm-02,raw/who.gho.cm-02/2026/09/20260907T155825Z-6675ad1e3bc7.json.gz,2
who.gho.cm-02,CM_02:NIU:SEX_MLE:AGEGROUP_MONTHS0-11,1958-01-01,2026-09-07T15:56:55Z,high,14.0,,who.gho.cm-02,raw/who.gho.cm-02/2026/09/20260907T155655Z-a5ea76265971.json.gz,2
who.gho.cm-02,CM_02:NIU:SEX_MLE:AGEGROUP_MONTHS0-11,1958-01-01,2026-09-07T15:56:55Z,low,9.0,,who.gho.cm-02,raw/who.gho.cm-02/2026/09/20260907T155655Z-a5ea76265971.json.gz,2
who.gho.cm-02,CM_02:NIU:SEX_MLE:AGEGROUP_MONTHS0-11,1958-01-01,2026-09-07T15:56:55Z,restated_at,2025-04-15,,who.gho.cm-02,raw/who.gho.cm-02/2026/09/20260907T155655Z-a5ea76265971.json.gz,2
who.gho.cm-02,CM_02:NIU:SEX_MLE:AGEGROUP_MONTHS0-11,1958-01-01,2026-09-07T15:56:55Z,value,11.0,,who.gho.cm-02,raw/who.gho.cm-02/2026/09/20260907T155655Z-a5ea76265971.json.gz,2
who.gho.cm-02,CM_02:NLD:SEX_BTSX:AGEGROUP_MONTHS0-11,1958-01-01,2026-09-07T15:51:01Z,high,4181.0,,who.gho.cm-02,raw/who.gho.cm-02/2026/09/20260907T155101Z-65d1a3fa0413.json.gz,2
who.gho.cm-02,CM_02:NLD:SEX_BTSX:AGEGROUP_MONTHS0-11,1958-01-01,2026-09-07T15:51:01Z,low,4036.0,,who.gho.cm-02,raw/who.gho.cm-02/2026/09/20260907T155101Z-65d1a3fa0413.json.gz,2
who.gho.cm-02,CM_02:NLD:SEX_BTSX:AGEGROUP_MONTHS0-11,1958-01-01,2026-09-07T15:51:01Z,restated_at,2026-08-04,,who.gho.cm-02,raw/who.gho.cm-02/2026/09/20260907T155101Z-65d1a3fa0413.json.gz,2
who.gho.cm-02,CM_02:NLD:SEX_BTSX:AGEGROUP_MONTHS0-11,1958-01-01,2026-09-07T15:51:01Z,value,4109.0,,who.gho.cm-02,raw/who.gho.cm-02/2026/09/20260907T155101Z-65d1a3fa0413.json.gz,2
who.gho.cm-02,CM_02:NLD:SEX_FMLE:AGEGROUP_MONTHS0-11,1958-01-01,2026-09-07T15:51:30Z,high,1776.0,,who.gho.cm-02,raw/who.gho.cm-02/2026/09/20260907T155130Z-b74d44aee08e.json.gz,2
who.gho.cm-02,CM_02:NLD:SEX_FMLE:AGEGROUP_MONTHS0-11,1958-01-01,2026-09-07T15:51:30Z,low,1696.0,,who.gho.cm-02,raw/who.gho.cm-02/2026/09/20260907T155130Z-b74d44aee08e.json.gz,2
who.gho.cm-02,CM_02:NLD:SEX_FMLE:AGEGROUP_MONTHS0-11,1958-01-01,2026-09-07T15:51:30Z,restated_at,2026-08-04,,who.gho.cm-02,raw/who.gho.cm-02/2026/09/20260907T155130Z-b74d44aee08e.json.gz,2
who.gho.cm-02,CM_02:NLD:SEX_FMLE:AGEGROUP_MONTHS0-11,1958-01-01,2026-09-07T15:51:30Z,value,1736.0,,who.gho.cm-02,raw/who.gho.cm-02/2026/09/20260907T155130Z-b74d44aee08e.json.gz,2
who.gho.cm-02,CM_02:NLD:SEX_MLE:AGEGROUP_MONTHS0-11,1958-01-01,2026-09-07T15:52:10Z,high,2422.0,,who.gho.cm-02,raw/who.gho.cm-02/2026/09/20260907T155210Z-c2e07328660e.json.gz,2
who.gho.cm-02,CM_02:NLD:SEX_MLE:AGEGROUP_MONTHS0-11,1958-01-01,2026-09-07T15:52:10Z,low,2325.0,,who.gho.cm-02,raw/who.gho.cm-02/2026/09/20260907T155210Z-c2e07328660e.json.gz,2
who.gho.cm-02,CM_02:NLD:SEX_MLE:AGEGROUP_MONTHS0-11,1958-01-01,2026-09-07T15:52:10Z,restated_at,2026-08-04,,who.gho.cm-02,raw/who.gho.cm-02/2026/09/20260907T155210Z-c2e07328660e.json.gz,2
who.gho.cm-02,CM_02:NLD:SEX_MLE:AGEGROUP_MONTHS0-11,1958-01-01,2026-09-07T15:52:10Z,value,2373.0,,who.gho.cm-02,raw/who.gho.cm-02/2026/09/20260907T155210Z-c2e07328660e.json.gz,2
who.gho.cm-02,CM_02:NOR:SEX_BTSX:AGEGROUP_MONTHS0-11,1958-01-01,2026-09-07T15:56:41Z,high,1241.0,,who.gho.cm-02,raw/who.gho.cm-02/2026/09/20260907T155641Z-022407e160ee.json.gz,2
who.gho.cm-02,CM_02:NOR:SEX_BTSX:AGEGROUP_MONTHS0-11,1958-01-01,2026-09-07T15:56:41Z,low,1188.0,,who.gho.cm-02,raw/who.gho.cm-02/2026/09/20260907T155641Z-022407e160ee.json.gz,2
who.gho.cm-02,CM_02:NOR:SEX_BTSX:AGEGROUP_MONTHS0-11,1958-01-01,2026-09-07T15:56:41Z,restated_at,2026-08-04,,who.gho.cm-02,raw/who.gho.cm-02/2026/09/20260907T155641Z-022407e160ee.json.gz,2
who.gho.cm-02,CM_02:NOR:SEX_BTSX:AGEGROUP_MONTHS0-11,1958-01-01,2026-09-07T15:56:41Z,value,1214.0,,who.gho.cm-02,raw/who.gho.cm-02/2026/09/20260907T155641Z-022407e160ee.json.gz,2
who.gho.cm-02,CM_02:NOR:SEX_FMLE:AGEGROUP_MONTHS0-11,1958-01-01,2026-09-07T15:57:21Z,high,531.0,,who.gho.cm-02,raw/who.gho.cm-02/2026/09/20260907T155721Z-a2b5c178c29b.json.gz,2
who.gho.cm-02,CM_02:NOR:SEX_FMLE:AGEGROUP_MONTHS0-11,1958-01-01,2026-09-07T15:57:21Z,low,500.0,,who.gho.cm-02,raw/who.gho.cm-02/2026/09/20260907T155721Z-a2b5c178c29b.json.gz,2
who.gho.cm-02,CM_02:NOR:SEX_FMLE:AGEGROUP_MONTHS0-11,1958-01-01,2026-09-07T15:57:21Z,restated_at,2026-08-04,,who.gho.cm-02,raw/who.gho.cm-02/2026/09/20260907T155721Z-a2b5c178c29b.json.gz,2
who.gho.cm-02,CM_02:NOR:SEX_FMLE:AGEGROUP_MONTHS0-11,1958-01-01,2026-09-07T15:57:21Z,value,515.0,,who.gho.cm-02,raw/who.gho.cm-02/2026/09/20260907T155721Z-a2b5c178c29b.json.gz,2
who.gho.cm-02,CM_02:NOR:SEX_MLE:AGEGROUP_MONTHS0-11,1958-01-01,2026-09-07T15:52:26Z,high,718.0,,who.gho.cm-02,raw/who.gho.cm-02/2026/09/20260907T155226Z-b536cc4a2b4c.json.gz,2
who.gho.cm-02,CM_02:NOR:SEX_MLE:AGEGROUP_MONTHS0-11,1958-01-01,2026-09-07T15:52:26Z,low,681.0,,who.gho.cm-02,raw/who.gho.cm-02/2026/09/20260907T155226Z-b536cc4a2b4c.json.gz,2
who.gho.cm-02,CM_02:NOR:SEX_MLE:AGEGROUP_MONTHS0-11,1958-01-01,2026-09-07T15:52:26Z,restated_at,2026-08-04,,who.gho.cm-02,raw/who.gho.cm-02/2026/09/20260907T155226Z-b536cc4a2b4c.json.gz,2
who.gho.cm-02,CM_02:NOR:SEX_MLE:AGEGROUP_MONTHS0-11,1958-01-01,2026-09-07T15:52:26Z,value,699.0,,who.gho.cm-02,raw/who.gho.cm-02/2026/09/20260907T155226Z-b536cc4a2b4c.json.gz,2
who.gho.cm-02,CM_02:NPL:SEX_BTSX:AGEGROUP_MONTHS0-11,1958-01-01,2026-09-07T15:51:05Z,high,107009.0,,who.gho.cm-02,raw/who.gho.cm-02/2026/09/20260907T155105Z-bd351d716a31.json.gz,2
who.gho.cm-02,CM_02:NPL:SEX_BTSX:AGEGROUP_MONTHS0-11,1958-01-01,2026-09-07T15:51:05Z,low,81763.0,,who.gho.cm-02,raw/who.gho.cm-02/2026/09/20260907T155105Z-bd351d716a31.json.gz,2
who.gho.cm-02,CM_02:NPL:SEX_BTSX:AGEGROUP_MONTHS0-11,1958-01-01,2026-09-07T15:51:05Z,restated_at,2026-08-04,,who.gho.cm-02,raw/who.gho.cm-02/2026/09/20260907T155105Z-bd351d716a31.json.gz,2
who.gho.cm-02,CM_02:NPL:SEX_BTSX:AGEGROUP_MONTHS0-11,1958-01-01,2026-09-07T15:51:05Z,value,93550.0,,who.gho.cm-02,raw/who.gho.cm-02/2026/09/20260907T155105Z-bd351d716a31.json.gz,2
who.gho.cm-02,CM_02:NPL:SEX_FMLE:AGEGROUP_MONTHS0-11,1958-01-01,2026-09-07T15:58:16Z,high,50567.0,,who.gho.cm-02,raw/who.gho.cm-02/2026/09/20260907T155816Z-99a1a16a015f.json.gz,2
who.gho.cm-02,CM_02:NPL:SEX_FMLE:AGEGROUP_MONTHS0-11,1958-01-01,2026-09-07T15:58:16Z,low,38353.0,,who.gho.cm-02,raw/who.gho.cm-02/2026/09/20260907T155816Z-99a1a16a015f.json.gz,2
who.gho.cm-02,CM_02:NPL:SEX_FMLE:AGEGROUP_MONTHS0-11,1958-01-01,2026-09-07T15:58:16Z,restated_at,2026-08-04,,who.gho.cm-02,raw/who.gho.cm-02/2026/09/20260907T155816Z-99a1a16a015f.json.gz,2
who.gho.cm-02,CM_02:NPL:SEX_FMLE:AGEGROUP_MONTHS0-11,1958-01-01,2026-09-07T15:58:16Z,value,44071.0,,who.gho.cm-02,raw/who.gho.cm-02/2026/09/20260907T155816Z-99a1a16a015f.json.gz,2
who.gho.cm-02,CM_02:NPL:SEX_MLE:AGEGROUP_MONTHS0-11,1958-01-01,2026-09-07T15:52:10Z,high,56808.0,,who.gho.cm-02,raw/who.gho.cm-02/2026/09/20260907T155210Z-c2e07328660e.json.gz,2
who.gho.cm-02,CM_02:NPL:SEX_MLE:AGEGROUP_MONTHS0-11,1958-01-01,2026-09-07T15:52:10Z,low,43049.0,,who.gho.cm-02,raw/who.gho.cm-02/2026/09/20260907T155210Z-c2e07328660e.json.gz,2
who.gho.cm-02,CM_02:NPL:SEX_MLE:AGEGROUP_MONTHS0-11,1958-01-01,2026-09-07T15:52:10Z,restated_at,2026-08-04,,who.gho.cm-02,raw/who.gho.cm-02/2026/09/20260907T155210Z-c2e07328660e.json.gz,2
who.gho.cm-02,CM_02:NPL:SEX_MLE:AGEGROUP_MONTHS0-11,1958-01-01,2026-09-07T15:52:10Z,value,49479.0,,who.gho.cm-02,raw/who.gho.cm-02/2026/09/20260907T155210Z-c2e07328660e.json.gz,2
who.gho.cm-02,CM_02:NZL:SEX_BTSX:AGEGROUP_MONTHS0-11,1958-01-01,2026-09-07T15:51:05Z,high,1421.0,,who.gho.cm-02,raw/who.gho.cm-02/2026/09/20260907T155105Z-bd351d716a31.json.gz,2
who.gho.cm-02,CM_02:NZL:SEX_BTSX:AGEGROUP_MONTHS0-11,1958-01-01,2026-09-07T15:51:05Z,low,1369.0,,who.gho.cm-02,raw/who.gho.cm-02/2026/09/20260907T155105Z-bd351d716a31.json.gz,2
who.gho.cm-02,CM_02:NZL:SEX_BTSX:AGEGROUP_MONTHS0-11,1958-01-01,2026-09-07T15:51:05Z,restated_at,2026-08-04,,who.gho.cm-02,raw/who.gho.cm-02/2026/09/20260907T155105Z-bd351d716a31.json.gz,2
who.gho.cm-02,CM_02:NZL:SEX_BTSX:AGEGROUP_MONTHS0-11,1958-01-01,2026-09-07T15:51:05Z,value,1394.0,,who.gho.cm-02,raw/who.gho.cm-02/2026/09/20260907T155105Z-bd351d716a31.json.gz,2
who.gho.cm-02,CM_02:NZL:SEX_FMLE:AGEGROUP_MONTHS0-11,1958-01-01,2026-09-07T15:51:21Z,high,608.0,,who.gho.cm-02,raw/who.gho.cm-02/2026/09/20260907T155121Z-1b14643329ca.json.gz,2
who.gho.cm-02,CM_02:NZL:SEX_FMLE:AGEGROUP_MONTHS0-11,1958-01-01,2026-09-07T15:51:21Z,low,577.0,,who.gho.cm-02,raw/who.gho.cm-02/2026/09/20260907T155121Z-1b14643329ca.json.gz,2
who.gho.cm-02,CM_02:NZL:SEX_FMLE:AGEGROUP_MONTHS0-11,1958-01-01,2026-09-07T15:51:21Z,restated_at,2026-08-04,,who.gho.cm-02,raw/who.gho.cm-02/2026/09/20260907T155121Z-1b14643329ca.json.gz,2
who.gho.cm-02,CM_02:NZL:SEX_FMLE:AGEGROUP_MONTHS0-11,1958-01-01,2026-09-07T15:51:21Z,value,592.0,,who.gho.cm-02,raw/who.gho.cm-02/2026/09/20260907T155121Z-1b14643329ca.json.gz,2
who.gho.cm-02,CM_02:NZL:SEX_MLE:AGEGROUP_MONTHS0-11,1958-01-01,2026-09-07T15:56:55Z,high,821.0,,who.gho.cm-02,raw/who.gho.cm-02/2026/09/20260907T155655Z-a5ea76265971.json.gz,2
who.gho.cm-02,CM_02:NZL:SEX_MLE:AGEGROUP_MONTHS0-11,1958-01-01,2026-09-07T15:56:55Z,low,784.0,,who.gho.cm-02,raw/who.gho.cm-02/2026/09/20260907T155655Z-a5ea76265971.json.gz,2
who.gho.cm-02,CM_02:NZL:SEX_MLE:AGEGROUP_MONTHS0-11,1958-01-01,2026-09-07T15:56:55Z,restated_at,2026-08-04,,who.gho.cm-02,raw/who.gho.cm-02/2026/09/20260907T155655Z-a5ea76265971.json.gz,2
who.gho.cm-02,CM_02:NZL:SEX_MLE:AGEGROUP_MONTHS0-11,1958-01-01,2026-09-07T15:56:55Z,value,802.0,,who.gho.cm-02,raw/who.gho.cm-02/2026/09/20260907T155655Z-a5ea76265971.json.gz,2
who.gho.cm-02,CM_02:PAK:SEX_BTSX:AGEGROUP_MONTHS0-11,1958-01-01,2026-09-07T15:58:12Z,high,387172.0,,who.gho.cm-02,raw/who.gho.cm-02/2026/09/20260907T155812Z-02a2023435be.json.gz,2
who.gho.cm-02,CM_02:PAK:SEX_BTSX:AGEGROUP_MONTHS0-11,1958-01-01,2026-09-07T15:58:12Z,low,311130.0,,who.gho.cm-02,raw/who.gho.cm-02/2026/09/20260907T155812Z-02a2023435be.json.gz,2
who.gho.cm-02,CM_02:PAK:SEX_BTSX:AGEGROUP_MONTHS0-11,1958-01-01,2026-09-07T15:58:12Z,restated_at,2026-08-04,,who.gho.cm-02,raw/who.gho.cm-02/2026/09/20260907T155812Z-02a2023435be.json.gz,2
who.gho.cm-02,CM_02:PAK:SEX_BTSX:AGEGROUP_MONTHS0-11,1958-01-01,2026-09-07T15:58:12Z,value,347696.0,,who.gho.cm-02,raw/who.gho.cm-02/2026/09/20260907T155812Z-02a2023435be.json.gz,2
who.gho.cm-02,CM_02:PAK:SEX_FMLE:AGEGROUP_MONTHS0-11,1958-01-01,2026-09-07T15:57:17Z,high,178963.0,,who.gho.cm-02,raw/who.gho.cm-02/2026/09/20260907T155717Z-89bc69b90b61.json.gz,2
who.gho.cm-02,CM_02:PAK:SEX_FMLE:AGEGROUP_MONTHS0-11,1958-01-01,2026-09-07T15:57:17Z,low,142299.0,,who.gho.cm-02,raw/who.gho.cm-02/2026/09/20260907T155717Z-89bc69b90b61.json.gz,2
who.gho.cm-02,CM_02:PAK:SEX_FMLE:AGEGROUP_MONTHS0-11,1958-01-01,2026-09-07T15:57:17Z,restated_at,2026-08-04,,who.gho.cm-02,raw/who.gho.cm-02/2026/09/20260907T155717Z-89bc69b90b61.json.gz,2
who.gho.cm-02,CM_02:PAK:SEX_FMLE:AGEGROUP_MONTHS0-11,1958-01-01,2026-09-07T15:57:17Z,value,159590.0,,who.gho.cm-02,raw/who.gho.cm-02/2026/09/20260907T155717Z-89bc69b90b61.json.gz,2
who.gho.cm-02,CM_02:PAK:SEX_MLE:AGEGROUP_MONTHS0-11,1958-01-01,2026-09-07T15:51:05Z,high,210363.0,,who.gho.cm-02,raw/who.gho.cm-02/2026/09/20260907T155105Z-bd351d716a31.json.gz,2
who.gho.cm-02,CM_02:PAK:SEX_MLE:AGEGROUP_MONTHS0-11,1958-01-01,2026-09-07T15:51:05Z,low,167622.0,,who.gho.cm-02,raw/who.gho.cm-02/2026/09/20260907T155105Z-bd351d716a31.json.gz,2
who.gho.cm-02,CM_02:PAK:SEX_MLE:AGEGROUP_MONTHS0-11,1958-01-01,2026-09-07T15:51:05Z,restated_at,2026-08-04,,who.gho.cm-02,raw/who.gho.cm-02/2026/09/20260907T155105Z-bd351d716a31.json.gz,2
who.gho.cm-02,CM_02:PAK:SEX_MLE:AGEGROUP_MONTHS0-11,1958-01-01,2026-09-07T15:51:05Z,value,188106.0,,who.gho.cm-02,raw/who.gho.cm-02/2026/09/20260907T155105Z-bd351d716a31.json.gz,2
who.gho.cm-02,CM_02:PAN:SEX_BTSX:AGEGROUP_MONTHS0-11,1958-01-01,2026-09-07T15:56:55Z,high,3222.0,,who.gho.cm-02,raw/who.gho.cm-02/2026/09/20260907T155655Z-a5ea76265971.json.gz,2
who.gho.cm-02,CM_02:PAN:SEX_BTSX:AGEGROUP_MONTHS0-11,1958-01-01,2026-09-07T15:56:55Z,low,2507.0,,who.gho.cm-02,raw/who.gho.cm-02/2026/09/20260907T155655Z-a5ea76265971.json.gz,2
who.gho.cm-02,CM_02:PAN:SEX_BTSX:AGEGROUP_MONTHS0-11,1958-01-01,2026-09-07T15:56:55Z,restated_at,2026-08-04,,who.gho.cm-02,raw/who.gho.cm-02/2026/09/20260907T155655Z-a5ea76265971.json.gz,2
who.gho.cm-02,CM_02:PAN:SEX_BTSX:AGEGROUP_MONTHS0-11,1958-01-01,2026-09-07T15:56:55Z,value,2863.0,,who.gho.cm-02,raw/who.gho.cm-02/2026/09/20260907T155655Z-a5ea76265971.json.gz,2
who.gho.cm-02,CM_02:PAN:SEX_FMLE:AGEGROUP_MONTHS0-11,1958-01-01,2026-09-07T15:51:05Z,high,1460.0,,who.gho.cm-02,raw/who.gho.cm-02/2026/09/20260907T155105Z-bd351d716a31.json.gz,2
who.gho.cm-02,CM_02:PAN:SEX_FMLE:AGEGROUP_MONTHS0-11,1958-01-01,2026-09-07T15:51:05Z,low,1113.0,,who.gho.cm-02,raw/who.gho.cm-02/2026/09/20260907T155105Z-bd351d716a31.json.gz,2
who.gho.cm-02,CM_02:PAN:SEX_FMLE:AGEGROUP_MONTHS0-11,1958-01-01,2026-09-07T15:51:05Z,restated_at,2026-08-04,,who.gho.cm-02,raw/who.gho.cm-02/2026/09/20260907T155105Z-bd351d716a31.json.gz,2
who.gho.cm-02,CM_02:PAN:SEX_FMLE:AGEGROUP_MONTHS0-11,1958-01-01,2026-09-07T15:51:05Z,value,1284.0,,who.gho.cm-02,raw/who.gho.cm-02/2026/09/20260907T155105Z-bd351d716a31.json.gz,2
who.gho.cm-02,CM_02:PAN:SEX_MLE:AGEGROUP_MONTHS0-11,1958-01-01,2026-09-07T15:57:30Z,high,1789.0,,who.gho.cm-02,raw/who.gho.cm-02/2026/09/20260907T155730Z-1fe49c27b9ed.json.gz,2
who.gho.cm-02,CM_02:PAN:SEX_MLE:AGEGROUP_MONTHS0-11,1958-01-01,2026-09-07T15:57:30Z,low,1376.0,,who.gho.cm-02,raw/who.gho.cm-02/2026/09/20260907T155730Z-1fe49c27b9ed.json.gz,2
who.gho.cm-02,CM_02:PAN:SEX_MLE:AGEGROUP_MONTHS0-11,1958-01-01,2026-09-07T15:57:30Z,restated_at,2026-08-04,,who.gho.cm-02,raw/who.gho.cm-02/2026/09/20260907T155730Z-1fe49c27b9ed.json.gz,2
who.gho.cm-02,CM_02:PAN:SEX_MLE:AGEGROUP_MONTHS0-11,1958-01-01,2026-09-07T15:57:30Z,value,1579.0,,who.gho.cm-02,raw/who.gho.cm-02/2026/09/20260907T155730Z-1fe49c27b9ed.json.gz,2
who.gho.cm-02,CM_02:PER:SEX_BTSX:AGEGROUP_MONTHS0-11,1958-01-01,2026-09-07T15:52:18Z,high,78705.0,,who.gho.cm-02,raw/who.gho.cm-02/2026/09/20260907T155218Z-7dbb6db1a58a.json.gz,2
who.gho.cm-02,CM_02:PER:SEX_BTSX:AGEGROUP_MONTHS0-11,1958-01-01,2026-09-07T15:52:18Z,low,64775.0,,who.gho.cm-02,raw/who.gho.cm-02/2026/09/20260907T155218Z-7dbb6db1a58a.json.gz,2
who.gho.cm-02,CM_02:PER:SEX_BTSX:AGEGROUP_MONTHS0-11,1958-01-01,2026-09-07T15:52:18Z,restated_at,2026-08-04,,who.gho.cm-02,raw/who.gho.cm-02/2026/09/20260907T155218Z-7dbb6db1a58a.json.gz,2
who.gho.cm-02,CM_02:PER:SEX_BTSX:AGEGROUP_MONTHS0-11,1958-01-01,2026-09-07T15:52:18Z,value,71388.0,,who.gho.cm-02,raw/who.gho.cm-02/2026/09/20260907T155218Z-7dbb6db1a58a.json.gz,2
who.gho.cm-02,CM_02:PER:SEX_FMLE:AGEGROUP_MONTHS0-11,1958-01-01,2026-09-07T15:57:26Z,high,35844.0,,who.gho.cm-02,raw/who.gho.cm-02/2026/09/20260907T155726Z-31d0241a6d30.json.gz,2
who.gho.cm-02,CM_02:PER:SEX_FMLE:AGEGROUP_MONTHS0-11,1958-01-01,2026-09-07T15:57:26Z,low,29194.0,,who.gho.cm-02,raw/who.gho.cm-02/2026/09/20260907T155726Z-31d0241a6d30.json.gz,2
who.gho.cm-02,CM_02:PER:SEX_FMLE:AGEGROUP_MONTHS0-11,1958-01-01,2026-09-07T15:57:26Z,restated_at,2026-08-04,,who.gho.cm-02,raw/who.gho.cm-02/2026/09/20260907T155726Z-31d0241a6d30.json.gz,2
who.gho.cm-02,CM_02:PER:SEX_FMLE:AGEGROUP_MONTHS0-11,1958-01-01,2026-09-07T15:57:26Z,value,32380.0,,who.gho.cm-02,raw/who.gho.cm-02/2026/09/20260907T155726Z-31d0241a6d30.json.gz,2
who.gho.cm-02,CM_02:PER:SEX_MLE:AGEGROUP_MONTHS0-11,1958-01-01,2026-09-07T15:57:17Z,high,43084.0,,who.gho.cm-02,raw/who.gho.cm-02/2026/09/20260907T155717Z-89bc69b90b61.json.gz,2
who.gho.cm-02,CM_02:PER:SEX_MLE:AGEGROUP_MONTHS0-11,1958-01-01,2026-09-07T15:57:17Z,low,35172.0,,who.gho.cm-02,raw/who.gho.cm-02/2026/09/20260907T155717Z-89bc69b90b61.json.gz,2
who.gho.cm-02,CM_02:PER:SEX_MLE:AGEGROUP_MONTHS0-11,1958-01-01,2026-09-07T15:57:17Z,restated_at,2026-08-04,,who.gho.cm-02,raw/who.gho.cm-02/2026/09/20260907T155717Z-89bc69b90b61.json.gz,2
who.gho.cm-02,CM_02:PER:SEX_MLE:AGEGROUP_MONTHS0-11,1958-01-01,2026-09-07T15:57:17Z,value,39008.0,,who.gho.cm-02,raw/who.gho.cm-02/2026/09/20260907T155717Z-89bc69b90b61.json.gz,2
who.gho.cm-02,CM_02:PHL:SEX_BTSX:AGEGROUP_MONTHS0-11,1958-01-01,2026-09-07T15:57:00Z,high,90828.0,,who.gho.cm-02,raw/who.gho.cm-02/2026/09/20260907T155700Z-8ffcb12aceff.json.gz,2
who.gho.cm-02,CM_02:PHL:SEX_BTSX:AGEGROUP_MONTHS0-11,1958-01-01,2026-09-07T15:57:00Z,low,67244.0,,who.gho.cm-02,raw/who.gho.cm-02/2026/09/20260907T155700Z-8ffcb12aceff.json.gz,2
who.gho.cm-02,CM_02:PHL:SEX_BTSX:AGEGROUP_MONTHS0-11,1958-01-01,2026-09-07T15:57:00Z,restated_at,2026-08-04,,who.gho.cm-02,raw/who.gho.cm-02/2026/09/20260907T155700Z-8ffcb12aceff.json.gz,2
who.gho.cm-02,CM_02:PHL:SEX_BTSX:AGEGROUP_MONTHS0-11,1958-01-01,2026-09-07T15:57:00Z,value,78220.0,,who.gho.cm-02,raw/who.gho.cm-02/2026/09/20260907T155700Z-8ffcb12aceff.json.gz,2
who.gho.cm-02,CM_02:PHL:SEX_FMLE:AGEGROUP_MONTHS0-11,1958-01-01,2026-09-07T15:56:27Z,high,39884.0,,who.gho.cm-02,raw/who.gho.cm-02/2026/09/20260907T155627Z-19eb4e6c1215.json.gz,2
who.gho.cm-02,CM_02:PHL:SEX_FMLE:AGEGROUP_MONTHS0-11,1958-01-01,2026-09-07T15:56:27Z,low,29225.0,,who.gho.cm-02,raw/who.gho.cm-02/2026/09/20260907T155627Z-19eb4e6c1215.json.gz,2
who.gho.cm-02,CM_02:PHL:SEX_FMLE:AGEGROUP_MONTHS0-11,1958-01-01,2026-09-07T15:56:27Z,restated_at,2026-08-04,,who.gho.cm-02,raw/who.gho.cm-02/2026/09/20260907T155627Z-19eb4e6c1215.json.gz,2
who.gho.cm-02,CM_02:PHL:SEX_FMLE:AGEGROUP_MONTHS0-11,1958-01-01,2026-09-07T15:56:27Z,value,34095.0,,who.gho.cm-02,raw/who.gho.cm-02/2026/09/20260907T155627Z-19eb4e6c1215.json.gz,2
who.gho.cm-02,CM_02:PHL:SEX_MLE:AGEGROUP_MONTHS0-11,1958-01-01,2026-09-07T15:57:07Z,high,51422.0,,who.gho.cm-02,raw/who.gho.cm-02/2026/09/20260907T155707Z-3cd3e5b56c9f.json.gz,2
who.gho.cm-02,CM_02:PHL:SEX_MLE:AGEGROUP_MONTHS0-11,1958-01-01,2026-09-07T15:57:07Z,low,37826.0,,who.gho.cm-02,raw/who.gho.cm-02/2026/09/20260907T155707Z-3cd3e5b56c9f.json.gz,2
who.gho.cm-02,CM_02:PHL:SEX_MLE:AGEGROUP_MONTHS0-11,1958-01-01,2026-09-07T15:57:07Z,restated_at,2026-08-04,,who.gho.cm-02,raw/who.gho.cm-02/2026/09/20260907T155707Z-3cd3e5b56c9f.json.gz,2
who.gho.cm-02,CM_02:PHL:SEX_MLE:AGEGROUP_MONTHS0-11,1958-01-01,2026-09-07T15:57:07Z,value,44125.0,,who.gho.cm-02,raw/who.gho.cm-02/2026/09/20260907T155707Z-3cd3e5b56c9f.json.gz,2
who.gho.cm-02,CM_02:PNG:SEX_BTSX:AGEGROUP_MONTHS0-11,1958-01-01,2026-09-07T15:54:17Z,high,14235.0,,who.gho.cm-02,raw/who.gho.cm-02/2026/09/20260907T155417Z-e87fb31944b5.json.gz,2
who.gho.cm-02,CM_02:PNG:SEX_BTSX:AGEGROUP_MONTHS0-11,1958-01-01,2026-09-07T15:54:17Z,low,11746.0,,who.gho.cm-02,raw/who.gho.cm-02/2026/09/20260907T155417Z-e87fb31944b5.json.gz,2
who.gho.cm-02,CM_02:PNG:SEX_BTSX:AGEGROUP_MONTHS0-11,1958-01-01,2026-09-07T15:54:17Z,restated_at,2026-08-04,,who.gho.cm-02,raw/who.gho.cm-02/2026/09/20260907T155417Z-e87fb31944b5.json.gz,2
who.gho.cm-02,CM_02:PNG:SEX_BTSX:AGEGROUP_MONTHS0-11,1958-01-01,2026-09-07T15:54:17Z,value,12929.0,,who.gho.cm-02,raw/who.gho.cm-02/2026/09/20260907T155417Z-e87fb31944b5.json.gz,2
who.gho.cm-02,CM_02:PNG:SEX_FMLE:AGEGROUP_MONTHS0-11,1958-01-01,2026-09-07T15:51:05Z,high,6628.0,,who.gho.cm-02,raw/who.gho.cm-02/2026/09/20260907T155105Z-bd351d716a31.json.gz,2
who.gho.cm-02,CM_02:PNG:SEX_FMLE:AGEGROUP_MONTHS0-11,1958-01-01,2026-09-07T15:51:05Z,low,5300.0,,who.gho.cm-02,raw/who.gho.cm-02/2026/09/20260907T155105Z-bd351d716a31.json.gz,2
who.gho.cm-02,CM_02:PNG:SEX_FMLE:AGEGROUP_MONTHS0-11,1958-01-01,2026-09-07T15:51:05Z,restated_at,2026-08-04,,who.gho.cm-02,raw/who.gho.cm-02/2026/09/20260907T155105Z-bd351d716a31.json.gz,2
who.gho.cm-02,CM_02:PNG:SEX_FMLE:AGEGROUP_MONTHS0-11,1958-01-01,2026-09-07T15:51:05Z,value,5918.0,,who.gho.cm-02,raw/who.gho.cm-02/2026/09/20260907T155105Z-bd351d716a31.json.gz,2
who.gho.cm-02,CM_02:PNG:SEX_MLE:AGEGROUP_MONTHS0-11,1958-01-01,2026-09-07T15:51:54Z,high,7804.0,,who.gho.cm-02,raw/who.gho.cm-02/2026/09/20260907T155154Z-820134cf428b.json.gz,2
who.gho.cm-02,CM_02:PNG:SEX_MLE:AGEGROUP_MONTHS0-11,1958-01-01,2026-09-07T15:51:54Z,low,6300.0,,who.gho.cm-02,raw/who.gho.cm-02/2026/09/20260907T155154Z-820134cf428b.json.gz,2
who.gho.cm-02,CM_02:PNG:SEX_MLE:AGEGROUP_MONTHS0-11,1958-01-01,2026-09-07T15:51:54Z,restated_at,2026-08-04,,who.gho.cm-02,raw/who.gho.cm-02/2026/09/20260907T155154Z-820134cf428b.json.gz,2
who.gho.cm-02,CM_02:PNG:SEX_MLE:AGEGROUP_MONTHS0-11,1958-01-01,2026-09-07T15:51:54Z,value,7011.0,,who.gho.cm-02,raw/who.gho.cm-02/2026/09/20260907T155154Z-820134cf428b.json.gz,2
who.gho.cm-02,CM_02:POL:SEX_BTSX:AGEGROUP_MONTHS0-11,1958-01-01,2026-09-07T15:51:25Z,high,54409.0,,who.gho.cm-02,raw/who.gho.cm-02/2026/09/20260907T155125Z-b41e2575e826.json.gz,2
who.gho.cm-02,CM_02:POL:SEX_BTSX:AGEGROUP_MONTHS0-11,1958-01-01,2026-09-07T15:51:25Z,low,50319.0,,who.gho.cm-02,raw/who.gho.cm-02/2026/09/20260907T155125Z-b41e2575e826.json.gz,2
who.gho.cm-02,CM_02:POL:SEX_BTSX:AGEGROUP_MONTHS0-11,1958-01-01,2026-09-07T15:51:25Z,restated_at,2026-08-04,,who.gho.cm-02,raw/who.gho.cm-02/2026/09/20260907T155125Z-b41e2575e826.json.gz,2
who.gho.cm-02,CM_02:POL:SEX_BTSX:AGEGROUP_MONTHS0-11,1958-01-01,2026-09-07T15:51:25Z,value,52190.0,,who.gho.cm-02,raw/who.gho.cm-02/2026/09/20260907T155125Z-b41e2575e826.json.gz,2
who.gho.cm-02,CM_02:POL:SEX_FMLE:AGEGROUP_MONTHS0-11,1958-01-01,2026-09-07T15:51:40Z,high,23688.0,,who.gho.cm-02,raw/who.gho.cm-02/2026/09/20260907T155140Z-2ccf90b4d287.json.gz,2
who.gho.cm-02,CM_02:POL:SEX_FMLE:AGEGROUP_MONTHS0-11,1958-01-01,2026-09-07T15:51:40Z,low,21768.0,,who.gho.cm-02,raw/who.gho.cm-02/2026/09/20260907T155140Z-2ccf90b4d287.json.gz,2
who.gho.cm-02,CM_02:POL:SEX_FMLE:AGEGROUP_MONTHS0-11,1958-01-01,2026-09-07T15:51:40Z,restated_at,2026-08-04,,who.gho.cm-02,raw/who.gho.cm-02/2026/09/20260907T155140Z-2ccf90b4d287.json.gz,2
who.gho.cm-02,CM_02:POL:SEX_FMLE:AGEGROUP_MONTHS0-11,1958-01-01,2026-09-07T15:51:40Z,value,22634.0,,who.gho.cm-02,raw/who.gho.cm-02/2026/09/20260907T155140Z-2ccf90b4d287.json.gz,2
who.gho.cm-02,CM_02:POL:SEX_MLE:AGEGROUP_MONTHS0-11,1958-01-01,2026-09-07T15:58:25Z,high,30860.0,,who.gho.cm-02,raw/who.gho.cm-02/2026/09/20260907T155825Z-6675ad1e3bc7.json.gz,2
who.gho.cm-02,CM_02:POL:SEX_MLE:AGEGROUP_MONTHS0-11,1958-01-01,2026-09-07T15:58:25Z,low,28459.0,,who.gho.cm-02,raw/who.gho.cm-02/2026/09/20260907T155825Z-6675ad1e3bc7.json.gz,2
who.gho.cm-02,CM_02:POL:SEX_MLE:AGEGROUP_MONTHS0-11,1958-01-01,2026-09-07T15:58:25Z,restated_at,2026-08-04,,who.gho.cm-02,raw/who.gho.cm-02/2026/09/20260907T155825Z-6675ad1e3bc7.json.gz,2
who.gho.cm-02,CM_02:POL:SEX_MLE:AGEGROUP_MONTHS0-11,1958-01-01,2026-09-07T15:58:25Z,value,29556.0,,who.gho.cm-02,raw/who.gho.cm-02/2026/09/20260907T155825Z-6675ad1e3bc7.json.gz,2
who.gho.cm-02,CM_02:PRK:SEX_BTSX:AGEGROUP_MONTHS0-11,1958-01-01,2026-09-07T15:58:16Z,high,49133.0,,who.gho.cm-02,raw/who.gho.cm-02/2026/09/20260907T155816Z-99a1a16a015f.json.gz,2
who.gho.cm-02,CM_02:PRK:SEX_BTSX:AGEGROUP_MONTHS0-11,1958-01-01,2026-09-07T15:58:16Z,low,30283.0,,who.gho.cm-02,raw/who.gho.cm-02/2026/09/20260907T155816Z-99a1a16a015f.json.gz,2
who.gho.cm-02,CM_02:PRK:SEX_BTSX:AGEGROUP_MONTHS0-11,1958-01-01,2026-09-07T15:58:16Z,restated_at,2025-04-15,,who.gho.cm-02,raw/who.gho.cm-02/2026/09/20260907T155816Z-99a1a16a015f.json.gz,2
who.gho.cm-02,CM_02:PRK:SEX_BTSX:AGEGROUP_MONTHS0-11,1958-01-01,2026-09-07T15:58:16Z,value,38541.0,,who.gho.cm-02,raw/who.gho.cm-02/2026/09/20260907T155816Z-99a1a16a015f.json.gz,2
who.gho.cm-02,CM_02:PRK:SEX_FMLE:AGEGROUP_MONTHS0-11,1958-01-01,2026-09-07T15:57:49Z,high,21974.0,,who.gho.cm-02,raw/who.gho.cm-02/2026/09/20260907T155749Z-8808ed0c9a07.json.gz,2
who.gho.cm-02,CM_02:PRK:SEX_FMLE:AGEGROUP_MONTHS0-11,1958-01-01,2026-09-07T15:57:49Z,low,13356.0,,who.gho.cm-02,raw/who.gho.cm-02/2026/09/20260907T155749Z-8808ed0c9a07.json.gz,2
who.gho.cm-02,CM_02:PRK:SEX_FMLE:AGEGROUP_MONTHS0-11,1958-01-01,2026-09-07T15:57:49Z,restated_at,2026-08-04,,who.gho.cm-02,raw/who.gho.cm-02/2026/09/20260907T155749Z-8808ed0c9a07.json.gz,2
who.gho.cm-02,CM_02:PRK:SEX_FMLE:AGEGROUP_MONTHS0-11,1958-01-01,2026-09-07T15:57:49Z,value,17092.0,,who.gho.cm-02,raw/who.gho.cm-02/2026/09/20260907T155749Z-8808ed0c9a07.json.gz,2
who.gho.cm-02,CM_02:PRK:SEX_MLE:AGEGROUP_MONTHS0-11,1958-01-01,2026-09-07T15:50:52Z,high,27407.0,,who.gho.cm-02,raw/who.gho.cm-02/2026/09/20260907T155052Z-3109a96dcee3.json.gz,2
who.gho.cm-02,CM_02:PRK:SEX_MLE:AGEGROUP_MONTHS0-11,1958-01-01,2026-09-07T15:50:52Z,low,16746.0,,who.gho.cm-02,raw/who.gho.cm-02/2026/09/20260907T155052Z-3109a96dcee3.json.gz,2
who.gho.cm-02,CM_02:PRK:SEX_MLE:AGEGROUP_MONTHS0-11,1958-01-01,2026-09-07T15:50:52Z,restated_at,2026-08-04,,who.gho.cm-02,raw/who.gho.cm-02/2026/09/20260907T155052Z-3109a96dcee3.json.gz,2
who.gho.cm-02,CM_02:PRK:SEX_MLE:AGEGROUP_MONTHS0-11,1958-01-01,2026-09-07T15:50:52Z,value,21449.0,,who.gho.cm-02,raw/who.gho.cm-02/2026/09/20260907T155052Z-3109a96dcee3.json.gz,2
who.gho.cm-02,CM_02:PRT:SEX_BTSX:AGEGROUP_MONTHS0-11,1958-01-01,2026-09-07T15:51:11Z,high,18530.0,,who.gho.cm-02,raw/who.gho.cm-02/2026/09/20260907T155111Z-17577dbcf352.json.gz,2
who.gho.cm-02,CM_02:PRT:SEX_BTSX:AGEGROUP_MONTHS0-11,1958-01-01,2026-09-07T15:51:11Z,low,17765.0,,who.gho.cm-02,raw/who.gho.cm-02/2026/09/20260907T155111Z-17577dbcf352.json.gz,2
who.gho.cm-02,CM_02:PRT:SEX_BTSX:AGEGROUP_MONTHS0-11,1958-01-01,2026-09-07T15:51:11Z,restated_at,2026-08-04,,who.gho.cm-02,raw/who.gho.cm-02/2026/09/20260907T155111Z-17577dbcf352.json.gz,2
who.gho.cm-02,CM_02:PRT:SEX_BTSX:AGEGROUP_MONTHS0-11,1958-01-01,2026-09-07T15:51:11Z,value,18140.0,,who.gho.cm-02,raw/who.gho.cm-02/2026/09/20260907T155111Z-17577dbcf352.json.gz,2
who.gho.cm-02,CM_02:PRT:SEX_FMLE:AGEGROUP_MONTHS0-11,1958-01-01,2026-09-07T15:54:17Z,high,8296.0,,who.gho.cm-02,raw/who.gho.cm-02/2026/09/20260907T155417Z-e87fb31944b5.json.gz,2
who.gho.cm-02,CM_02:PRT:SEX_FMLE:AGEGROUP_MONTHS0-11,1958-01-01,2026-09-07T15:54:17Z,low,7926.0,,who.gho.cm-02,raw/who.gho.cm-02/2026/09/20260907T155417Z-e87fb31944b5.json.gz,2
who.gho.cm-02,CM_02:PRT:SEX_FMLE:AGEGROUP_MONTHS0-11,1958-01-01,2026-09-07T15:54:17Z,restated_at,2026-08-04,,who.gho.cm-02,raw/who.gho.cm-02/2026/09/20260907T155417Z-e87fb31944b5.json.gz,2
who.gho.cm-02,CM_02:PRT:SEX_FMLE:AGEGROUP_MONTHS0-11,1958-01-01,2026-09-07T15:54:17Z,value,8105.0,,who.gho.cm-02,raw/who.gho.cm-02/2026/09/20260907T155417Z-e87fb31944b5.json.gz,2
who.gho.cm-02,CM_02:PRT:SEX_MLE:AGEGROUP_MONTHS0-11,1958-01-01,2026-09-07T15:57:44Z,high,10260.0,,who.gho.cm-02,raw/who.gho.cm-02/2026/09/20260907T155744Z-e141b36e0a87.json.gz,2
who.gho.cm-02,CM_02:PRT:SEX_MLE:AGEGROUP_MONTHS0-11,1958-01-01,2026-09-07T15:57:44Z,low,9815.0,,who.gho.cm-02,raw/who.gho.cm-02/2026/09/20260907T155744Z-e141b36e0a87.json.gz,2
who.gho.cm-02,CM_02:PRT:SEX_MLE:AGEGROUP_MONTHS0-11,1958-01-01,2026-09-07T15:57:44Z,restated_at,2026-08-04,,who.gho.cm-02,raw/who.gho.cm-02/2026/09/20260907T155744Z-e141b36e0a87.json.gz,2
who.gho.cm-02,CM_02:PRT:SEX_MLE:AGEGROUP_MONTHS0-11,1958-01-01,2026-09-07T15:57:44Z,value,10035.0,,who.gho.cm-02,raw/who.gho.cm-02/2026/09/20260907T155744Z-e141b36e0a87.json.gz,2
who.gho.cm-02,CM_02:PRY:SEX_BTSX:AGEGROUP_MONTHS0-11,1958-01-01,2026-09-07T15:51:30Z,high,5594.0,,who.gho.cm-02,raw/who.gho.cm-02/2026/09/20260907T155130Z-b74d44aee08e.json.gz,2
who.gho.cm-02,CM_02:PRY:SEX_BTSX:AGEGROUP_MONTHS0-11,1958-01-01,2026-09-07T15:51:30Z,low,4171.0,,who.gho.cm-02,raw/who.gho.cm-02/2026/09/20260907T155130Z-b74d44aee08e.json.gz,2
who.gho.cm-02,CM_02:PRY:SEX_BTSX:AGEGROUP_MONTHS0-11,1958-01-01,2026-09-07T15:51:30Z,restated_at,2026-08-04,,who.gho.cm-02,raw/who.gho.cm-02/2026/09/20260907T155130Z-b74d44aee08e.json.gz,2
who.gho.cm-02,CM_02:PRY:SEX_BTSX:AGEGROUP_MONTHS0-11,1958-01-01,2026-09-07T15:51:30Z,value,4850.0,,who.gho.cm-02,raw/who.gho.cm-02/2026/09/20260907T155130Z-b74d44aee08e.json.gz,2
who.gho.cm-02,CM_02:PRY:SEX_FMLE:AGEGROUP_MONTHS0-11,1958-01-01,2026-09-07T15:51:05Z,high,2535.0,,who.gho.cm-02,raw/who.gho.cm-02/2026/09/20260907T155105Z-bd351d716a31.json.gz,2
who.gho.cm-02,CM_02:PRY:SEX_FMLE:AGEGROUP_MONTHS0-11,1958-01-01,2026-09-07T15:51:05Z,low,1853.0,,who.gho.cm-02,raw/who.gho.cm-02/2026/09/20260907T155105Z-bd351d716a31.json.gz,2
who.gho.cm-02,CM_02:PRY:SEX_FMLE:AGEGROUP_MONTHS0-11,1958-01-01,2026-09-07T15:51:05Z,restated_at,2026-08-04,,who.gho.cm-02,raw/who.gho.cm-02/2026/09/20260907T155105Z-bd351d716a31.json.gz,2
who.gho.cm-02,CM_02:PRY:SEX_FMLE:AGEGROUP_MONTHS0-11,1958-01-01,2026-09-07T15:51:05Z,value,2178.0,,who.gho.cm-02,raw/who.gho.cm-02/2026/09/20260907T155105Z-bd351d716a31.json.gz,2
who.gho.cm-02,CM_02:PRY:SEX_MLE:AGEGROUP_MONTHS0-11,1958-01-01,2026-09-07T15:53:02Z,high,3096.0,,who.gho.cm-02,raw/who.gho.cm-02/2026/09/20260907T155302Z-206bb5f6993f.json.gz,2
who.gho.cm-02,CM_02:PRY:SEX_MLE:AGEGROUP_MONTHS0-11,1958-01-01,2026-09-07T15:53:02Z,low,2291.0,,who.gho.cm-02,raw/who.gho.cm-02/2026/09/20260907T155302Z-206bb5f6993f.json.gz,2
who.gho.cm-02,CM_02:PRY:SEX_MLE:AGEGROUP_MONTHS0-11,1958-01-01,2026-09-07T15:53:02Z,restated_at,2026-08-04,,who.gho.cm-02,raw/who.gho.cm-02/2026/09/20260907T155302Z-206bb5f6993f.json.gz,2
who.gho.cm-02,CM_02:PRY:SEX_MLE:AGEGROUP_MONTHS0-11,1958-01-01,2026-09-07T15:53:02Z,value,2672.0,,who.gho.cm-02,raw/who.gho.cm-02/2026/09/20260907T155302Z-206bb5f6993f.json.gz,2
who.gho.cm-02,CM_02:ROU:SEX_BTSX:AGEGROUP_MONTHS0-11,1958-01-01,2026-09-07T15:56:41Z,high,33590.0,,who.gho.cm-02,raw/who.gho.cm-02/2026/09/20260907T155641Z-022407e160ee.json.gz,2
who.gho.cm-02,CM_02:ROU:SEX_BTSX:AGEGROUP_MONTHS0-11,1958-01-01,2026-09-07T15:56:41Z,low,30267.0,,who.gho.cm-02,raw/who.gho.cm-02/2026/09/20260907T155641Z-022407e160ee.json.gz,2
who.gho.cm-02,CM_02:ROU:SEX_BTSX:AGEGROUP_MONTHS0-11,1958-01-01,2026-09-07T15:56:41Z,restated_at,2026-08-04,,who.gho.cm-02,raw/who.gho.cm-02/2026/09/20260907T155641Z-022407e160ee.json.gz,2
who.gho.cm-02,CM_02:ROU:SEX_BTSX:AGEGROUP_MONTHS0-11,1958-01-01,2026-09-07T15:56:41Z,value,31872.0,,who.gho.cm-02,raw/who.gho.cm-02/2026/09/20260907T155641Z-022407e160ee.json.gz,2
who.gho.cm-02,CM_02:ROU:SEX_FMLE:AGEGROUP_MONTHS0-11,1958-01-01,2026-09-07T15:56:37Z,high,15028.0,,who.gho.cm-02,raw/who.gho.cm-02/2026/09/20260907T155637Z-c7bda929b138.json.gz,2
who.gho.cm-02,CM_02:ROU:SEX_FMLE:AGEGROUP_MONTHS0-11,1958-01-01,2026-09-07T15:56:37Z,low,13476.0,,who.gho.cm-02,raw/who.gho.cm-02/2026/09/20260907T155637Z-c7bda929b138.json.gz,2
who.gho.cm-02,CM_02:ROU:SEX_FMLE:AGEGROUP_MONTHS0-11,1958-01-01,2026-09-07T15:56:37Z,restated_at,2026-08-04,,who.gho.cm-02,raw/who.gho.cm-02/2026/09/20260907T155637Z-c7bda929b138.json.gz,2
who.gho.cm-02,CM_02:ROU:SEX_FMLE:AGEGROUP_MONTHS0-11,1958-01-01,2026-09-07T15:56:37Z,value,14225.0,,who.gho.cm-02,raw/who.gho.cm-02/2026/09/20260907T155637Z-c7bda929b138.json.gz,2
who.gho.cm-02,CM_02:ROU:SEX_MLE:AGEGROUP_MONTHS0-11,1958-01-01,2026-09-07T15:56:41Z,high,18636.0,,who.gho.cm-02,raw/who.gho.cm-02/2026/09/20260907T155641Z-022407e160ee.json.gz,2
who.gho.cm-02,CM_02:ROU:SEX_MLE:AGEGROUP_MONTHS0-11,1958-01-01,2026-09-07T15:56:41Z,low,16719.0,,who.gho.cm-02,raw/who.gho.cm-02/2026/09/20260907T155641Z-022407e160ee.json.gz,2
who.gho.cm-02,CM_02:ROU:SEX_MLE:AGEGROUP_MONTHS0-11,1958-01-01,2026-09-07T15:56:41Z,restated_at,2026-08-04,,who.gho.cm-02,raw/who.gho.cm-02/2026/09/20260907T155641Z-022407e160ee.json.gz,2
who.gho.cm-02,CM_02:ROU:SEX_MLE:AGEGROUP_MONTHS0-11,1958-01-01,2026-09-07T15:56:41Z,value,17647.0,,who.gho.cm-02,raw/who.gho.cm-02/2026/09/20260907T155641Z-022407e160ee.json.gz,2
who.gho.cm-02,CM_02:RWA:SEX_BTSX:AGEGROUP_MONTHS0-11,1958-01-01,2026-09-07T15:56:27Z,high,23021.0,,who.gho.cm-02,raw/who.gho.cm-02/2026/09/20260907T155627Z-19eb4e6c1215.json.gz,2
who.gho.cm-02,CM_02:RWA:SEX_BTSX:AGEGROUP_MONTHS0-11,1958-01-01,2026-09-07T15:56:27Z,low,17266.0,,who.gho.cm-02,raw/who.gho.cm-02/2026/09/20260907T155627Z-19eb4e6c1215.json.gz,2
who.gho.cm-02,CM_02:RWA:SEX_BTSX:AGEGROUP_MONTHS0-11,1958-01-01,2026-09-07T15:56:27Z,restated_at,2026-08-04,,who.gho.cm-02,raw/who.gho.cm-02/2026/09/20260907T155627Z-19eb4e6c1215.json.gz,2
who.gho.cm-02,CM_02:RWA:SEX_BTSX:AGEGROUP_MONTHS0-11,1958-01-01,2026-09-07T15:56:27Z,value,19813.0,,who.gho.cm-02,raw/who.gho.cm-02/2026/09/20260907T155627Z-19eb4e6c1215.json.gz,2
who.gho.cm-02,CM_02:RWA:SEX_FMLE:AGEGROUP_MONTHS0-11,1958-01-01,2026-09-07T15:52:37Z,high,10824.0,,who.gho.cm-02,raw/who.gho.cm-02/2026/09/20260907T155237Z-35c7d31783eb.json.gz,2
who.gho.cm-02,CM_02:RWA:SEX_FMLE:AGEGROUP_MONTHS0-11,1958-01-01,2026-09-07T15:52:37Z,low,7993.0,,who.gho.cm-02,raw/who.gho.cm-02/2026/09/20260907T155237Z-35c7d31783eb.json.gz,2
who.gho.cm-02,CM_02:RWA:SEX_FMLE:AGEGROUP_MONTHS0-11,1958-01-01,2026-09-07T15:52:37Z,restated_at,2026-08-04,,who.gho.cm-02,raw/who.gho.cm-02/2026/09/20260907T155237Z-35c7d31783eb.json.gz,2
who.gho.cm-02,CM_02:RWA:SEX_FMLE:AGEGROUP_MONTHS0-11,1958-01-01,2026-09-07T15:52:37Z,value,9272.0,,who.gho.cm-02,raw/who.gho.cm-02/2026/09/20260907T155237Z-35c7d31783eb.json.gz,2
who.gho.cm-02,CM_02:RWA:SEX_MLE:AGEGROUP_MONTHS0-11,1958-01-01,2026-09-07T15:56:41Z,high,12279.0,,who.gho.cm-02,raw/who.gho.cm-02/2026/09/20260907T155641Z-022407e160ee.json.gz,2
who.gho.cm-02,CM_02:RWA:SEX_MLE:AGEGROUP_MONTHS0-11,1958-01-01,2026-09-07T15:56:41Z,low,9130.0,,who.gho.cm-02,raw/who.gho.cm-02/2026/09/20260907T155641Z-022407e160ee.json.gz,2
who.gho.cm-02,CM_02:RWA:SEX_MLE:AGEGROUP_MONTHS0-11,1958-01-01,2026-09-07T15:56:41Z,restated_at,2026-08-04,,who.gho.cm-02,raw/who.gho.cm-02/2026/09/20260907T155641Z-022407e160ee.json.gz,2
who.gho.cm-02,CM_02:RWA:SEX_MLE:AGEGROUP_MONTHS0-11,1958-01-01,2026-09-07T15:56:41Z,value,10541.0,,who.gho.cm-02,raw/who.gho.cm-02/2026/09/20260907T155641Z-022407e160ee.json.gz,2
who.gho.cm-02,CM_02:SDN:SEX_BTSX:AGEGROUP_MONTHS0-11,1958-01-01,2026-09-07T15:51:01Z,high,37742.0,,who.gho.cm-02,raw/who.gho.cm-02/2026/09/20260907T155101Z-65d1a3fa0413.json.gz,2
who.gho.cm-02,CM_02:SDN:SEX_BTSX:AGEGROUP_MONTHS0-11,1958-01-01,2026-09-07T15:51:01Z,low,30906.0,,who.gho.cm-02,raw/who.gho.cm-02/2026/09/20260907T155101Z-65d1a3fa0413.json.gz,2
who.gho.cm-02,CM_02:SDN:SEX_BTSX:AGEGROUP_MONTHS0-11,1958-01-01,2026-09-07T15:51:01Z,restated_at,2026-08-04,,who.gho.cm-02,raw/who.gho.cm-02/2026/09/20260907T155101Z-65d1a3fa0413.json.gz,2
who.gho.cm-02,CM_02:SDN:SEX_BTSX:AGEGROUP_MONTHS0-11,1958-01-01,2026-09-07T15:51:01Z,value,34277.0,,who.gho.cm-02,raw/who.gho.cm-02/2026/09/20260907T155101Z-65d1a3fa0413.json.gz,2
who.gho.cm-02,CM_02:SDN:SEX_FMLE:AGEGROUP_MONTHS0-11,1958-01-01,2026-09-07T15:54:17Z,high,17095.0,,who.gho.cm-02,raw/who.gho.cm-02/2026/09/20260907T155417Z-e87fb31944b5.json.gz,2
who.gho.cm-02,CM_02:SDN:SEX_FMLE:AGEGROUP_MONTHS0-11,1958-01-01,2026-09-07T15:54:17Z,low,13694.0,,who.gho.cm-02,raw/who.gho.cm-02/2026/09/20260907T155417Z-e87fb31944b5.json.gz,2
who.gho.cm-02,CM_02:SDN:SEX_FMLE:AGEGROUP_MONTHS0-11,1958-01-01,2026-09-07T15:54:17Z,restated_at,2026-08-04,,who.gho.cm-02,raw/who.gho.cm-02/2026/09/20260907T155417Z-e87fb31944b5.json.gz,2
who.gho.cm-02,CM_02:SDN:SEX_FMLE:AGEGROUP_MONTHS0-11,1958-01-01,2026-09-07T15:54:17Z,value,15386.0,,who.gho.cm-02,raw/who.gho.cm-02/2026/09/20260907T155417Z-e87fb31944b5.json.gz,2
who.gho.cm-02,CM_02:SDN:SEX_MLE:AGEGROUP_MONTHS0-11,1958-01-01,2026-09-07T15:52:03Z,high,20922.0,,who.gho.cm-02,raw/who.gho.cm-02/2026/09/20260907T155203Z-07dabadb5738.json.gz,2
who.gho.cm-02,CM_02:SDN:SEX_MLE:AGEGROUP_MONTHS0-11,1958-01-01,2026-09-07T15:52:03Z,low,16900.0,,who.gho.cm-02,raw/who.gho.cm-02/2026/09/20260907T155203Z-07dabadb5738.json.gz,2
who.gho.cm-02,CM_02:SDN:SEX_MLE:AGEGROUP_MONTHS0-11,1958-01-01,2026-09-07T15:52:03Z,restated_at,2026-08-04,,who.gho.cm-02,raw/who.gho.cm-02/2026/09/20260907T155203Z-07dabadb5738.json.gz,2
who.gho.cm-02,CM_02:SDN:SEX_MLE:AGEGROUP_MONTHS0-11,1958-01-01,2026-09-07T15:52:03Z,value,18891.0,,who.gho.cm-02,raw/who.gho.cm-02/2026/09/20260907T155203Z-07dabadb5738.json.gz,2
who.gho.cm-02,CM_02:SEN:SEX_BTSX:AGEGROUP_MONTHS0-11,1958-01-01,2026-09-07T15:58:04Z,high,22434.0,,who.gho.cm-02,raw/who.gho.cm-02/2026/09/20260907T155804Z-3e19927fa86a.json.gz,2
who.gho.cm-02,CM_02:SEN:SEX_BTSX:AGEGROUP_MONTHS0-11,1958-01-01,2026-09-07T15:58:04Z,low,18253.0,,who.gho.cm-02,raw/who.gho.cm-02/2026/09/20260907T155804Z-3e19927fa86a.json.gz,2
who.gho.cm-02,CM_02:SEN:SEX_BTSX:AGEGROUP_MONTHS0-11,1958-01-01,2026-09-07T15:58:04Z,restated_at,2026-08-04,,who.gho.cm-02,raw/who.gho.cm-02/2026/09/20260907T155804Z-3e19927fa86a.json.gz,2
who.gho.cm-02,CM_02:SEN:SEX_BTSX:AGEGROUP_MONTHS0-11,1958-01-01,2026-09-07T15:58:04Z,value,20227.0,,who.gho.cm-02,raw/who.gho.cm-02/2026/09/20260907T155804Z-3e19927fa86a.json.gz,2
who.gho.cm-02,CM_02:SEN:SEX_FMLE:AGEGROUP_MONTHS0-11,1958-01-01,2026-09-07T15:51:01Z,high,10429.0,,who.gho.cm-02,raw/who.gho.cm-02/2026/09/20260907T155101Z-65d1a3fa0413.json.gz,2
who.gho.cm-02,CM_02:SEN:SEX_FMLE:AGEGROUP_MONTHS0-11,1958-01-01,2026-09-07T15:51:01Z,low,8384.0,,who.gho.cm-02,raw/who.gho.cm-02/2026/09/20260907T155101Z-65d1a3fa0413.json.gz,2
who.gho.cm-02,CM_02:SEN:SEX_FMLE:AGEGROUP_MONTHS0-11,1958-01-01,2026-09-07T15:51:01Z,restated_at,2026-08-04,,who.gho.cm-02,raw/who.gho.cm-02/2026/09/20260907T155101Z-65d1a3fa0413.json.gz,2
who.gho.cm-02,CM_02:SEN:SEX_FMLE:AGEGROUP_MONTHS0-11,1958-01-01,2026-09-07T15:51:01Z,value,9352.0,,who.gho.cm-02,raw/who.gho.cm-02/2026/09/20260907T155101Z-65d1a3fa0413.json.gz,2
who.gho.cm-02,CM_02:SEN:SEX_MLE:AGEGROUP_MONTHS0-11,1958-01-01,2026-09-07T15:51:50Z,high,12108.0,,who.gho.cm-02,raw/who.gho.cm-02/2026/09/20260907T155150Z-b2442ef3f6e6.json.gz,2
who.gho.cm-02,CM_02:SEN:SEX_MLE:AGEGROUP_MONTHS0-11,1958-01-01,2026-09-07T15:51:50Z,low,9760.0,,who.gho.cm-02,raw/who.gho.cm-02/2026/09/20260907T155150Z-b2442ef3f6e6.json.gz,2
who.gho.cm-02,CM_02:SEN:SEX_MLE:AGEGROUP_MONTHS0-11,1958-01-01,2026-09-07T15:51:50Z,restated_at,2026-08-04,,who.gho.cm-02,raw/who.gho.cm-02/2026/09/20260907T155150Z-b2442ef3f6e6.json.gz,2
who.gho.cm-02,CM_02:SEN:SEX_MLE:AGEGROUP_MONTHS0-11,1958-01-01,2026-09-07T15:51:50Z,value,10875.0,,who.gho.cm-02,raw/who.gho.cm-02/2026/09/20260907T155150Z-b2442ef3f6e6.json.gz,2
who.gho.cm-02,CM_02:SGP:SEX_BTSX:AGEGROUP_MONTHS0-11,1958-01-01,2026-09-07T15:57:07Z,high,2558.0,,who.gho.cm-02,raw/who.gho.cm-02/2026/09/20260907T155707Z-3cd3e5b56c9f.json.gz,2
who.gho.cm-02,CM_02:SGP:SEX_BTSX:AGEGROUP_MONTHS0-11,1958-01-01,2026-09-07T15:57:07Z,low,2445.0,,who.gho.cm-02,raw/who.gho.cm-02/2026/09/20260907T155707Z-3cd3e5b56c9f.json.gz,2
who.gho.cm-02,CM_02:SGP:SEX_BTSX:AGEGROUP_MONTHS0-11,1958-01-01,2026-09-07T15:57:07Z,restated_at,2026-08-04,,who.gho.cm-02,raw/who.gho.cm-02/2026/09/20260907T155707Z-3cd3e5b56c9f.json.gz,2
who.gho.cm-02,CM_02:SGP:SEX_BTSX:AGEGROUP_MONTHS0-11,1958-01-01,2026-09-07T15:57:07Z,value,2501.0,,who.gho.cm-02,raw/who.gho.cm-02/2026/09/20260907T155707Z-3cd3e5b56c9f.json.gz,2
who.gho.cm-02,CM_02:SGP:SEX_FMLE:AGEGROUP_MONTHS0-11,1958-01-01,2026-09-07T15:58:20Z,high,1105.0,,who.gho.cm-02,raw/who.gho.cm-02/2026/09/20260907T155820Z-bace8014f904.json.gz,2
who.gho.cm-02,CM_02:SGP:SEX_FMLE:AGEGROUP_MONTHS0-11,1958-01-01,2026-09-07T15:58:20Z,low,1044.0,,who.gho.cm-02,raw/who.gho.cm-02/2026/09/20260907T155820Z-bace8014f904.json.gz,2
who.gho.cm-02,CM_02:SGP:SEX_FMLE:AGEGROUP_MONTHS0-11,1958-01-01,2026-09-07T15:58:20Z,restated_at,2026-08-04,,who.gho.cm-02,raw/who.gho.cm-02/2026/09/20260907T155820Z-bace8014f904.json.gz,2
who.gho.cm-02,CM_02:SGP:SEX_FMLE:AGEGROUP_MONTHS0-11,1958-01-01,2026-09-07T15:58:20Z,value,1073.0,,who.gho.cm-02,raw/who.gho.cm-02/2026/09/20260907T155820Z-bace8014f904.json.gz,2
who.gho.cm-02,CM_02:SGP:SEX_MLE:AGEGROUP_MONTHS0-11,1958-01-01,2026-09-07T15:57:00Z,high,1465.0,,who.gho.cm-02,raw/who.gho.cm-02/2026/09/20260907T155700Z-8ffcb12aceff.json.gz,2
who.gho.cm-02,CM_02:SGP:SEX_MLE:AGEGROUP_MONTHS0-11,1958-01-01,2026-09-07T15:57:00Z,low,1392.0,,who.gho.cm-02,raw/who.gho.cm-02/2026/09/20260907T155700Z-8ffcb12aceff.json.gz,2
who.gho.cm-02,CM_02:SGP:SEX_MLE:AGEGROUP_MONTHS0-11,1958-01-01,2026-09-07T15:57:00Z,restated_at,2026-08-04,,who.gho.cm-02,raw/who.gho.cm-02/2026/09/20260907T155700Z-8ffcb12aceff.json.gz,2
who.gho.cm-02,CM_02:SGP:SEX_MLE:AGEGROUP_MONTHS0-11,1958-01-01,2026-09-07T15:57:00Z,value,1428.0,,who.gho.cm-02,raw/who.gho.cm-02/2026/09/20260907T155700Z-8ffcb12aceff.json.gz,2
who.gho.cm-02,CM_02:SLB:SEX_BTSX:AGEGROUP_MONTHS0-11,1958-01-01,2026-09-07T15:54:17Z,high,839.0,,who.gho.cm-02,raw/who.gho.cm-02/2026/09/20260907T155417Z-e87fb31944b5.json.gz,2
who.gho.cm-02,CM_02:SLB:SEX_BTSX:AGEGROUP_MONTHS0-11,1958-01-01,2026-09-07T15:54:17Z,low,671.0,,who.gho.cm-02,raw/who.gho.cm-02/2026/09/20260907T155417Z-e87fb31944b5.json.gz,2
who.gho.cm-02,CM_02:SLB:SEX_BTSX:AGEGROUP_MONTHS0-11,1958-01-01,2026-09-07T15:54:17Z,restated_at,2026-08-04,,who.gho.cm-02,raw/who.gho.cm-02/2026/09/20260907T155417Z-e87fb31944b5.json.gz,2
who.gho.cm-02,CM_02:SLB:SEX_BTSX:AGEGROUP_MONTHS0-11,1958-01-01,2026-09-07T15:54:17Z,value,749.0,,who.gho.cm-02,raw/who.gho.cm-02/2026/09/20260907T155417Z-e87fb31944b5.json.gz,2
who.gho.cm-02,CM_02:SLB:SEX_FMLE:AGEGROUP_MONTHS0-11,1958-01-01,2026-09-07T15:50:52Z,high,388.0,,who.gho.cm-02,raw/who.gho.cm-02/2026/09/20260907T155052Z-3109a96dcee3.json.gz,2
who.gho.cm-02,CM_02:SLB:SEX_FMLE:AGEGROUP_MONTHS0-11,1958-01-01,2026-09-07T15:50:52Z,low,301.0,,who.gho.cm-02,raw/who.gho.cm-02/2026/09/20260907T155052Z-3109a96dcee3.json.gz,2
who.gho.cm-02,CM_02:SLB:SEX_FMLE:AGEGROUP_MONTHS0-11,1958-01-01,2026-09-07T15:50:52Z,restated_at,2026-08-04,,who.gho.cm-02,raw/who.gho.cm-02/2026/09/20260907T155052Z-3109a96dcee3.json.gz,2
who.gho.cm-02,CM_02:SLB:SEX_FMLE:AGEGROUP_MONTHS0-11,1958-01-01,2026-09-07T15:50:52Z,value,341.0,,who.gho.cm-02,raw/who.gho.cm-02/2026/09/20260907T155052Z-3109a96dcee3.json.gz,2
who.gho.cm-02,CM_02:SLB:SEX_MLE:AGEGROUP_MONTHS0-11,1958-01-01,2026-09-07T15:51:25Z,high,461.0,,who.gho.cm-02,raw/who.gho.cm-02/2026/09/20260907T155125Z-b41e2575e826.json.gz,2
who.gho.cm-02,CM_02:SLB:SEX_MLE:AGEGROUP_MONTHS0-11,1958-01-01,2026-09-07T15:51:25Z,low,363.0,,who.gho.cm-02,raw/who.gho.cm-02/2026/09/20260907T155125Z-b41e2575e826.json.gz,2
who.gho.cm-02,CM_02:SLB:SEX_MLE:AGEGROUP_MONTHS0-11,1958-01-01,2026-09-07T15:51:25Z,restated_at,2026-08-04,,who.gho.cm-02,raw/who.gho.cm-02/2026/09/20260907T155125Z-b41e2575e826.json.gz,2
who.gho.cm-02,CM_02:SLB:SEX_MLE:AGEGROUP_MONTHS0-11,1958-01-01,2026-09-07T15:51:25Z,value,408.0,,who.gho.cm-02,raw/who.gho.cm-02/2026/09/20260907T155125Z-b41e2575e826.json.gz,2
who.gho.cm-02,CM_02:SLE:SEX_BTSX:AGEGROUP_MONTHS0-11,1958-01-01,2026-09-07T15:56:41Z,high,19790.0,,who.gho.cm-02,raw/who.gho.cm-02/2026/09/20260907T155641Z-022407e160ee.json.gz,2
who.gho.cm-02,CM_02:SLE:SEX_BTSX:AGEGROUP_MONTHS0-11,1958-01-01,2026-09-07T15:56:41Z,low,14811.0,,who.gho.cm-02,raw/who.gho.cm-02/2026/09/20260907T155641Z-022407e160ee.json.gz,2
who.gho.cm-02,CM_02:SLE:SEX_BTSX:AGEGROUP_MONTHS0-11,1958-01-01,2026-09-07T15:56:41Z,restated_at,2026-08-04,,who.gho.cm-02,raw/who.gho.cm-02/2026/09/20260907T155641Z-022407e160ee.json.gz,2
who.gho.cm-02,CM_02:SLE:SEX_BTSX:AGEGROUP_MONTHS0-11,1958-01-01,2026-09-07T15:56:41Z,value,17078.0,,who.gho.cm-02,raw/who.gho.cm-02/2026/09/20260907T155641Z-022407e160ee.json.gz,2
who.gho.cm-02,CM_02:SLE:SEX_FMLE:AGEGROUP_MONTHS0-11,1958-01-01,2026-09-07T15:51:16Z,high,9145.0,,who.gho.cm-02,raw/who.gho.cm-02/2026/09/20260907T155116Z-bb01bf96bc15.json.gz,2
who.gho.cm-02,CM_02:SLE:SEX_FMLE:AGEGROUP_MONTHS0-11,1958-01-01,2026-09-07T15:51:16Z,low,6697.0,,who.gho.cm-02,raw/who.gho.cm-02/2026/09/20260907T155116Z-bb01bf96bc15.json.gz,2
who.gho.cm-02,CM_02:SLE:SEX_FMLE:AGEGROUP_MONTHS0-11,1958-01-01,2026-09-07T15:51:16Z,restated_at,2026-08-04,,who.gho.cm-02,raw/who.gho.cm-02/2026/09/20260907T155116Z-bb01bf96bc15.json.gz,2
who.gho.cm-02,CM_02:SLE:SEX_FMLE:AGEGROUP_MONTHS0-11,1958-01-01,2026-09-07T15:51:16Z,value,7811.0,,who.gho.cm-02,raw/who.gho.cm-02/2026/09/20260907T155116Z-bb01bf96bc15.json.gz,2
who.gho.cm-02,CM_02:SLE:SEX_MLE:AGEGROUP_MONTHS0-11,1958-01-01,2026-09-07T15:58:12Z,high,10803.0,,who.gho.cm-02,raw/who.gho.cm-02/2026/09/20260907T155812Z-02a2023435be.json.gz,2
who.gho.cm-02,CM_02:SLE:SEX_MLE:AGEGROUP_MONTHS0-11,1958-01-01,2026-09-07T15:58:12Z,low,7978.0,,who.gho.cm-02,raw/who.gho.cm-02/2026/09/20260907T155812Z-02a2023435be.json.gz,2
who.gho.cm-02,CM_02:SLE:SEX_MLE:AGEGROUP_MONTHS0-11,1958-01-01,2026-09-07T15:58:12Z,restated_at,2026-08-04,,who.gho.cm-02,raw/who.gho.cm-02/2026/09/20260907T155812Z-02a2023435be.json.gz,2
who.gho.cm-02,CM_02:SLE:SEX_MLE:AGEGROUP_MONTHS0-11,1958-01-01,2026-09-07T15:58:12Z,value,9267.0,,who.gho.cm-02,raw/who.gho.cm-02/2026/09/20260907T155812Z-02a2023435be.json.gz,2
who.gho.cm-02,CM_02:SLV:SEX_BTSX:AGEGROUP_MONTHS0-11,1958-01-01,2026-09-07T15:58:07Z,high,20142.0,,who.gho.cm-02,raw/who.gho.cm-02/2026/09/20260907T155807Z-33d1eb328c3d.json.gz,2
who.gho.cm-02,CM_02:SLV:SEX_BTSX:AGEGROUP_MONTHS0-11,1958-01-01,2026-09-07T15:58:07Z,low,14358.0,,who.gho.cm-02,raw/who.gho.cm-02/2026/09/20260907T155807Z-33d1eb328c3d.json.gz,2
who.gho.cm-02,CM_02:SLV:SEX_BTSX:AGEGROUP_MONTHS0-11,1958-01-01,2026-09-07T15:58:07Z,restated_at,2026-08-04,,who.gho.cm-02,raw/who.gho.cm-02/2026/09/20260907T155807Z-33d1eb328c3d.json.gz,2
who.gho.cm-02,CM_02:SLV:SEX_BTSX:AGEGROUP_MONTHS0-11,1958-01-01,2026-09-07T15:58:07Z,value,16990.0,,who.gho.cm-02,raw/who.gho.cm-02/2026/09/20260907T155807Z-33d1eb328c3d.json.gz,2
who.gho.cm-02,CM_02:SLV:SEX_FMLE:AGEGROUP_MONTHS0-11,1958-01-01,2026-09-07T15:58:25Z,high,9242.0,,who.gho.cm-02,raw/who.gho.cm-02/2026/09/20260907T155825Z-6675ad1e3bc7.json.gz,2
who.gho.cm-02,CM_02:SLV:SEX_FMLE:AGEGROUP_MONTHS0-11,1958-01-01,2026-09-07T15:58:25Z,low,6429.0,,who.gho.cm-02,raw/who.gho.cm-02/2026/09/20260907T155825Z-6675ad1e3bc7.json.gz,2
who.gho.cm-02,CM_02:SLV:SEX_FMLE:AGEGROUP_MONTHS0-11,1958-01-01,2026-09-07T15:58:25Z,restated_at,2026-08-04,,who.gho.cm-02,raw/who.gho.cm-02/2026/09/20260907T155825Z-6675ad1e3bc7.json.gz,2
who.gho.cm-02,CM_02:SLV:SEX_FMLE:AGEGROUP_MONTHS0-11,1958-01-01,2026-09-07T15:58:25Z,value,7683.0,,who.gho.cm-02,raw/who.gho.cm-02/2026/09/20260907T155825Z-6675ad1e3bc7.json.gz,2
who.gho.cm-02,CM_02:SLV:SEX_MLE:AGEGROUP_MONTHS0-11,1958-01-01,2026-09-07T15:52:03Z,high,11107.0,,who.gho.cm-02,raw/who.gho.cm-02/2026/09/20260907T155203Z-07dabadb5738.json.gz,2
who.gho.cm-02,CM_02:SLV:SEX_MLE:AGEGROUP_MONTHS0-11,1958-01-01,2026-09-07T15:52:03Z,low,7807.0,,who.gho.cm-02,raw/who.gho.cm-02/2026/09/20260907T155203Z-07dabadb5738.json.gz,2
who.gho.cm-02,CM_02:SLV:SEX_MLE:AGEGROUP_MONTHS0-11,1958-01-01,2026-09-07T15:52:03Z,restated_at,2026-08-04,,who.gho.cm-02,raw/who.gho.cm-02/2026/09/20260907T155203Z-07dabadb5738.json.gz,2
who.gho.cm-02,CM_02:SLV:SEX_MLE:AGEGROUP_MONTHS0-11,1958-01-01,2026-09-07T15:52:03Z,value,9307.0,,who.gho.cm-02,raw/who.gho.cm-02/2026/09/20260907T155203Z-07dabadb5738.json.gz,2
who.gho.cm-02,CM_02:SSD:SEX_BTSX:AGEGROUP_MONTHS0-11,1958-01-01,2026-09-07T15:57:59Z,high,36533.0,,who.gho.cm-02,raw/who.gho.cm-02/2026/09/20260907T155759Z-531ca935f713.json.gz,2
who.gho.cm-02,CM_02:SSD:SEX_BTSX:AGEGROUP_MONTHS0-11,1958-01-01,2026-09-07T15:57:59Z,low,22178.0,,who.gho.cm-02,raw/who.gho.cm-02/2026/09/20260907T155759Z-531ca935f713.json.gz,2
who.gho.cm-02,CM_02:SSD:SEX_BTSX:AGEGROUP_MONTHS0-11,1958-01-01,2026-09-07T15:57:59Z,restated_at,2026-08-04,,who.gho.cm-02,raw/who.gho.cm-02/2026/09/20260907T155759Z-531ca935f713.json.gz,2
who.gho.cm-02,CM_02:SSD:SEX_BTSX:AGEGROUP_MONTHS0-11,1958-01-01,2026-09-07T15:57:59Z,value,28108.0,,who.gho.cm-02,raw/who.gho.cm-02/2026/09/20260907T155759Z-531ca935f713.json.gz,2
who.gho.cm-02,CM_02:SSD:SEX_FMLE:AGEGROUP_MONTHS0-11,1958-01-01,2026-09-07T15:52:10Z,high,17086.0,,who.gho.cm-02,raw/who.gho.cm-02/2026/09/20260907T155210Z-c2e07328660e.json.gz,2
who.gho.cm-02,CM_02:SSD:SEX_FMLE:AGEGROUP_MONTHS0-11,1958-01-01,2026-09-07T15:52:10Z,low,10202.0,,who.gho.cm-02,raw/who.gho.cm-02/2026/09/20260907T155210Z-c2e07328660e.json.gz,2
who.gho.cm-02,CM_02:SSD:SEX_FMLE:AGEGROUP_MONTHS0-11,1958-01-01,2026-09-07T15:52:10Z,restated_at,2026-08-04,,who.gho.cm-02,raw/who.gho.cm-02/2026/09/20260907T155210Z-c2e07328660e.json.gz,2
who.gho.cm-02,CM_02:SSD:SEX_FMLE:AGEGROUP_MONTHS0-11,1958-01-01,2026-09-07T15:52:10Z,value,13023.0,,who.gho.cm-02,raw/who.gho.cm-02/2026/09/20260907T155210Z-c2e07328660e.json.gz,2
who.gho.cm-02,CM_02:SSD:SEX_MLE:AGEGROUP_MONTHS0-11,1958-01-01,2026-09-07T15:51:25Z,high,19689.0,,who.gho.cm-02,raw/who.gho.cm-02/2026/09/20260907T155125Z-b41e2575e826.json.gz,2
who.gho.cm-02,CM_02:SSD:SEX_MLE:AGEGROUP_MONTHS0-11,1958-01-01,2026-09-07T15:51:25Z,low,11834.0,,who.gho.cm-02,raw/who.gho.cm-02/2026/09/20260907T155125Z-b41e2575e826.json.gz,2
who.gho.cm-02,CM_02:SSD:SEX_MLE:AGEGROUP_MONTHS0-11,1958-01-01,2026-09-07T15:51:25Z,restated_at,2026-08-04,,who.gho.cm-02,raw/who.gho.cm-02/2026/09/20260907T155125Z-b41e2575e826.json.gz,2
who.gho.cm-02,CM_02:SSD:SEX_MLE:AGEGROUP_MONTHS0-11,1958-01-01,2026-09-07T15:51:25Z,value,15085.0,,who.gho.cm-02,raw/who.gho.cm-02/2026/09/20260907T155125Z-b41e2575e826.json.gz,2
who.gho.cm-02,CM_02:SVK:SEX_BTSX:AGEGROUP_MONTHS0-11,1958-01-01,2026-09-07T15:56:48Z,high,3614.0,,who.gho.cm-02,raw/who.gho.cm-02/2026/09/20260907T155648Z-e962102586d9.json.gz,2
who.gho.cm-02,CM_02:SVK:SEX_BTSX:AGEGROUP_MONTHS0-11,1958-01-01,2026-09-07T15:56:48Z,low,3196.0,,who.gho.cm-02,raw/who.gho.cm-02/2026/09/20260907T155648Z-e962102586d9.json.gz,2
who.gho.cm-02,CM_02:SVK:SEX_BTSX:AGEGROUP_MONTHS0-11,1958-01-01,2026-09-07T15:56:48Z,restated_at,2026-08-04,,who.gho.cm-02,raw/who.gho.cm-02/2026/09/20260907T155648Z-e962102586d9.json.gz,2
who.gho.cm-02,CM_02:SVK:SEX_BTSX:AGEGROUP_MONTHS0-11,1958-01-01,2026-09-07T15:56:48Z,value,3398.0,,who.gho.cm-02,raw/who.gho.cm-02/2026/09/20260907T155648Z-e962102586d9.json.gz,2
who.gho.cm-02,CM_02:SVK:SEX_FMLE:AGEGROUP_MONTHS0-11,1958-01-01,2026-09-07T15:58:12Z,high,1566.0,,who.gho.cm-02,raw/who.gho.cm-02/2026/09/20260907T155812Z-02a2023435be.json.gz,2
who.gho.cm-02,CM_02:SVK:SEX_FMLE:AGEGROUP_MONTHS0-11,1958-01-01,2026-09-07T15:58:12Z,low,1330.0,,who.gho.cm-02,raw/who.gho.cm-02/2026/09/20260907T155812Z-02a2023435be.json.gz,2
who.gho.cm-02,CM_02:SVK:SEX_FMLE:AGEGROUP_MONTHS0-11,1958-01-01,2026-09-07T15:58:12Z,restated_at,2026-08-04,,who.gho.cm-02,raw/who.gho.cm-02/2026/09/20260907T155812Z-02a2023435be.json.gz,2
who.gho.cm-02,CM_02:SVK:SEX_FMLE:AGEGROUP_MONTHS0-11,1958-01-01,2026-09-07T15:58:12Z,value,1445.0,,who.gho.cm-02,raw/who.gho.cm-02/2026/09/20260907T155812Z-02a2023435be.json.gz,2
who.gho.cm-02,CM_02:SVK:SEX_MLE:AGEGROUP_MONTHS0-11,1958-01-01,2026-09-07T15:58:04Z,high,2105.0,,who.gho.cm-02,raw/who.gho.cm-02/2026/09/20260907T155804Z-3e19927fa86a.json.gz,2
who.gho.cm-02,CM_02:SVK:SEX_MLE:AGEGROUP_MONTHS0-11,1958-01-01,2026-09-07T15:58:04Z,low,1813.0,,who.gho.cm-02,raw/who.gho.cm-02/2026/09/20260907T155804Z-3e19927fa86a.json.gz,2
who.gho.cm-02,CM_02:SVK:SEX_MLE:AGEGROUP_MONTHS0-11,1958-01-01,2026-09-07T15:58:04Z,restated_at,2026-08-04,,who.gho.cm-02,raw/who.gho.cm-02/2026/09/20260907T155804Z-3e19927fa86a.json.gz,2
who.gho.cm-02,CM_02:SVK:SEX_MLE:AGEGROUP_MONTHS0-11,1958-01-01,2026-09-07T15:58:04Z,value,1953.0,,who.gho.cm-02,raw/who.gho.cm-02/2026/09/20260907T155804Z-3e19927fa86a.json.gz,2
who.gho.cm-02,CM_02:SWE:SEX_BTSX:AGEGROUP_MONTHS0-11,1958-01-01,2026-09-07T15:51:44Z,high,1809.0,,who.gho.cm-02,raw/who.gho.cm-02/2026/09/20260907T155144Z-505d97ce9093.json.gz,2
who.gho.cm-02,CM_02:SWE:SEX_BTSX:AGEGROUP_MONTHS0-11,1958-01-01,2026-09-07T15:51:44Z,low,1738.0,,who.gho.cm-02,raw/who.gho.cm-02/2026/09/20260907T155144Z-505d97ce9093.json.gz,2
who.gho.cm-02,CM_02:SWE:SEX_BTSX:AGEGROUP_MONTHS0-11,1958-01-01,2026-09-07T15:51:44Z,restated_at,2026-08-04,,who.gho.cm-02,raw/who.gho.cm-02/2026/09/20260907T155144Z-505d97ce9093.json.gz,2
who.gho.cm-02,CM_02:SWE:SEX_BTSX:AGEGROUP_MONTHS0-11,1958-01-01,2026-09-07T15:51:44Z,value,1773.0,,who.gho.cm-02,raw/who.gho.cm-02/2026/09/20260907T155144Z-505d97ce9093.json.gz,2
who.gho.cm-02,CM_02:SWE:SEX_FMLE:AGEGROUP_MONTHS0-11,1958-01-01,2026-09-07T15:57:35Z,high,762.0,,who.gho.cm-02,raw/who.gho.cm-02/2026/09/20260907T155735Z-be5ff4c5352d.json.gz,2
who.gho.cm-02,CM_02:SWE:SEX_FMLE:AGEGROUP_MONTHS0-11,1958-01-01,2026-09-07T15:57:35Z,low,722.0,,who.gho.cm-02,raw/who.gho.cm-02/2026/09/20260907T155735Z-be5ff4c5352d.json.gz,2
who.gho.cm-02,CM_02:SWE:SEX_FMLE:AGEGROUP_MONTHS0-11,1958-01-01,2026-09-07T15:57:35Z,restated_at,2025-04-15,,who.gho.cm-02,raw/who.gho.cm-02/2026/09/20260907T155735Z-be5ff4c5352d.json.gz,2
who.gho.cm-02,CM_02:SWE:SEX_FMLE:AGEGROUP_MONTHS0-11,1958-01-01,2026-09-07T15:57:35Z,value,741.0,,who.gho.cm-02,raw/who.gho.cm-02/2026/09/20260907T155735Z-be5ff4c5352d.json.gz,2
who.gho.cm-02,CM_02:SWE:SEX_MLE:AGEGROUP_MONTHS0-11,1958-01-01,2026-09-07T15:58:04Z,high,1058.0,,who.gho.cm-02,raw/who.gho.cm-02/2026/09/20260907T155804Z-3e19927fa86a.json.gz,2
who.gho.cm-02,CM_02:SWE:SEX_MLE:AGEGROUP_MONTHS0-11,1958-01-01,2026-09-07T15:58:04Z,low,1008.0,,who.gho.cm-02,raw/who.gho.cm-02/2026/09/20260907T155804Z-3e19927fa86a.json.gz,2
who.gho.cm-02,CM_02:SWE:SEX_MLE:AGEGROUP_MONTHS0-11,1958-01-01,2026-09-07T15:58:04Z,restated_at,2026-08-04,,who.gho.cm-02,raw/who.gho.cm-02/2026/09/20260907T155804Z-3e19927fa86a.json.gz,2
who.gho.cm-02,CM_02:SWE:SEX_MLE:AGEGROUP_MONTHS0-11,1958-01-01,2026-09-07T15:58:04Z,value,1032.0,,who.gho.cm-02,raw/who.gho.cm-02/2026/09/20260907T155804Z-3e19927fa86a.json.gz,2
who.gho.cm-02,CM_02:SWZ:SEX_BTSX:AGEGROUP_MONTHS0-11,1958-01-01,2026-09-07T15:57:17Z,high,2392.0,,who.gho.cm-02,raw/who.gho.cm-02/2026/09/20260907T155717Z-89bc69b90b61.json.gz,2
who.gho.cm-02,CM_02:SWZ:SEX_BTSX:AGEGROUP_MONTHS0-11,1958-01-01,2026-09-07T15:57:17Z,low,1851.0,,who.gho.cm-02,raw/who.gho.cm-02/2026/09/20260907T155717Z-89bc69b90b61.json.gz,2
who.gho.cm-02,CM_02:SWZ:SEX_BTSX:AGEGROUP_MONTHS0-11,1958-01-01,2026-09-07T15:57:17Z,restated_at,2026-08-04,,who.gho.cm-02,raw/who.gho.cm-02/2026/09/20260907T155717Z-89bc69b90b61.json.gz,2
who.gho.cm-02,CM_02:SWZ:SEX_BTSX:AGEGROUP_MONTHS0-11,1958-01-01,2026-09-07T15:57:17Z,value,2100.0,,who.gho.cm-02,raw/who.gho.cm-02/2026/09/20260907T155717Z-89bc69b90b61.json.gz,2
who.gho.cm-02,CM_02:SWZ:SEX_FMLE:AGEGROUP_MONTHS0-11,1958-01-01,2026-09-07T15:56:37Z,high,1098.0,,who.gho.cm-02,raw/who.gho.cm-02/2026/09/20260907T155637Z-c7bda929b138.json.gz,2
who.gho.cm-02,CM_02:SWZ:SEX_FMLE:AGEGROUP_MONTHS0-11,1958-01-01,2026-09-07T15:56:37Z,low,831.0,,who.gho.cm-02,raw/who.gho.cm-02/2026/09/20260907T155637Z-c7bda929b138.json.gz,2
who.gho.cm-02,CM_02:SWZ:SEX_FMLE:AGEGROUP_MONTHS0-11,1958-01-01,2026-09-07T15:56:37Z,restated_at,2026-08-04,,who.gho.cm-02,raw/who.gho.cm-02/2026/09/20260907T155637Z-c7bda929b138.json.gz,2
who.gho.cm-02,CM_02:SWZ:SEX_FMLE:AGEGROUP_MONTHS0-11,1958-01-01,2026-09-07T15:56:37Z,value,956.0,,who.gho.cm-02,raw/who.gho.cm-02/2026/09/20260907T155637Z-c7bda929b138.json.gz,2
who.gho.cm-02,CM_02:SWZ:SEX_MLE:AGEGROUP_MONTHS0-11,1958-01-01,2026-09-07T15:52:26Z,high,1312.0,,who.gho.cm-02,raw/who.gho.cm-02/2026/09/20260907T155226Z-b536cc4a2b4c.json.gz,2
who.gho.cm-02,CM_02:SWZ:SEX_MLE:AGEGROUP_MONTHS0-11,1958-01-01,2026-09-07T15:52:26Z,low,998.0,,who.gho.cm-02,raw/who.gho.cm-02/2026/09/20260907T155226Z-b536cc4a2b4c.json.gz,2
who.gho.cm-02,CM_02:SWZ:SEX_MLE:AGEGROUP_MONTHS0-11,1958-01-01,2026-09-07T15:52:26Z,restated_at,2026-08-04,,who.gho.cm-02,raw/who.gho.cm-02/2026/09/20260907T155226Z-b536cc4a2b4c.json.gz,2
who.gho.cm-02,CM_02:SWZ:SEX_MLE:AGEGROUP_MONTHS0-11,1958-01-01,2026-09-07T15:52:26Z,value,1144.0,,who.gho.cm-02,raw/who.gho.cm-02/2026/09/20260907T155226Z-b536cc4a2b4c.json.gz,2
who.gho.cm-02,CM_02:SYC:SEX_BTSX:AGEGROUP_MONTHS0-11,1958-01-01,2026-09-07T15:57:54Z,high,126.0,,who.gho.cm-02,raw/who.gho.cm-02/2026/09/20260907T155754Z-3bea881db2b4.json.gz,2
who.gho.cm-02,CM_02:SYC:SEX_BTSX:AGEGROUP_MONTHS0-11,1958-01-01,2026-09-07T15:57:54Z,low,96.0,,who.gho.cm-02,raw/who.gho.cm-02/2026/09/20260907T155754Z-3bea881db2b4.json.gz,2
who.gho.cm-02,CM_02:SYC:SEX_BTSX:AGEGROUP_MONTHS0-11,1958-01-01,2026-09-07T15:57:54Z,restated_at,2026-08-04,,who.gho.cm-02,raw/who.gho.cm-02/2026/09/20260907T155754Z-3bea881db2b4.json.gz,2
who.gho.cm-02,CM_02:SYC:SEX_BTSX:AGEGROUP_MONTHS0-11,1958-01-01,2026-09-07T15:57:54Z,value,110.0,,who.gho.cm-02,raw/who.gho.cm-02/2026/09/20260907T155754Z-3bea881db2b4.json.gz,2
who.gho.cm-02,CM_02:SYC:SEX_FMLE:AGEGROUP_MONTHS0-11,1958-01-01,2026-09-07T15:51:44Z,high,59.0,,who.gho.cm-02,raw/who.gho.cm-02/2026/09/20260907T155144Z-505d97ce9093.json.gz,2
who.gho.cm-02,CM_02:SYC:SEX_FMLE:AGEGROUP_MONTHS0-11,1958-01-01,2026-09-07T15:51:44Z,low,44.0,,who.gho.cm-02,raw/who.gho.cm-02/2026/09/20260907T155144Z-505d97ce9093.json.gz,2
who.gho.cm-02,CM_02:SYC:SEX_FMLE:AGEGROUP_MONTHS0-11,1958-01-01,2026-09-07T15:51:44Z,restated_at,2025-04-15,,who.gho.cm-02,raw/who.gho.cm-02/2026/09/20260907T155144Z-505d97ce9093.json.gz,2
who.gho.cm-02,CM_02:SYC:SEX_FMLE:AGEGROUP_MONTHS0-11,1958-01-01,2026-09-07T15:51:44Z,value,51.0,,who.gho.cm-02,raw/who.gho.cm-02/2026/09/20260907T155144Z-505d97ce9093.json.gz,2
who.gho.cm-02,CM_02:SYC:SEX_MLE:AGEGROUP_MONTHS0-11,1958-01-01,2026-09-07T15:52:26Z,high,68.0,,who.gho.cm-02,raw/who.gho.cm-02/2026/09/20260907T155226Z-b536cc4a2b4c.json.gz,2
who.gho.cm-02,CM_02:SYC:SEX_MLE:AGEGROUP_MONTHS0-11,1958-01-01,2026-09-07T15:52:26Z,low,51.0,,who.gho.cm-02,raw/who.gho.cm-02/2026/09/20260907T155226Z-b536cc4a2b4c.json.gz,2
who.gho.cm-02,CM_02:SYC:SEX_MLE:AGEGROUP_MONTHS0-11,1958-01-01,2026-09-07T15:52:26Z,restated_at,2025-04-15,,who.gho.cm-02,raw/who.gho.cm-02/2026/09/20260907T155226Z-b536cc4a2b4c.json.gz,2
who.gho.cm-02,CM_02:SYC:SEX_MLE:AGEGROUP_MONTHS0-11,1958-01-01,2026-09-07T15:52:26Z,value,59.0,,who.gho.cm-02,raw/who.gho.cm-02/2026/09/20260907T155226Z-b536cc4a2b4c.json.gz,2
who.gho.cm-02,CM_02:SYR:SEX_BTSX:AGEGROUP_MONTHS0-11,1958-01-01,2026-09-07T15:51:30Z,high,25906.0,,who.gho.cm-02,raw/who.gho.cm-02/2026/09/20260907T155130Z-b74d44aee08e.json.gz,2
who.gho.cm-02,CM_02:SYR:SEX_BTSX:AGEGROUP_MONTHS0-11,1958-01-01,2026-09-07T15:51:30Z,low,20902.0,,who.gho.cm-02,raw/who.gho.cm-02/2026/09/20260907T155130Z-b74d44aee08e.json.gz,2
who.gho.cm-02,CM_02:SYR:SEX_BTSX:AGEGROUP_MONTHS0-11,1958-01-01,2026-09-07T15:51:30Z,restated_at,2026-08-04,,who.gho.cm-02,raw/who.gho.cm-02/2026/09/20260907T155130Z-b74d44aee08e.json.gz,2
who.gho.cm-02,CM_02:SYR:SEX_BTSX:AGEGROUP_MONTHS0-11,1958-01-01,2026-09-07T15:51:30Z,value,23359.0,,who.gho.cm-02,raw/who.gho.cm-02/2026/09/20260907T155130Z-b74d44aee08e.json.gz,2
who.gho.cm-02,CM_02:SYR:SEX_FMLE:AGEGROUP_MONTHS0-11,1958-01-01,2026-09-07T15:57:30Z,high,12636.0,,who.gho.cm-02,raw/who.gho.cm-02/2026/09/20260907T155730Z-1fe49c27b9ed.json.gz,2
who.gho.cm-02,CM_02:SYR:SEX_FMLE:AGEGROUP_MONTHS0-11,1958-01-01,2026-09-07T15:57:30Z,low,10044.0,,who.gho.cm-02,raw/who.gho.cm-02/2026/09/20260907T155730Z-1fe49c27b9ed.json.gz,2
who.gho.cm-02,CM_02:SYR:SEX_FMLE:AGEGROUP_MONTHS0-11,1958-01-01,2026-09-07T15:57:30Z,restated_at,2026-08-04,,who.gho.cm-02,raw/who.gho.cm-02/2026/09/20260907T155730Z-1fe49c27b9ed.json.gz,2
who.gho.cm-02,CM_02:SYR:SEX_FMLE:AGEGROUP_MONTHS0-11,1958-01-01,2026-09-07T15:57:30Z,value,11307.0,,who.gho.cm-02,raw/who.gho.cm-02/2026/09/20260907T155730Z-1fe49c27b9ed.json.gz,2
who.gho.cm-02,CM_02:SYR:SEX_MLE:AGEGROUP_MONTHS0-11,1958-01-01,2026-09-07T15:57:44Z,high,13447.0,,who.gho.cm-02,raw/who.gho.cm-02/2026/09/20260907T155744Z-e141b36e0a87.json.gz,2
who.gho.cm-02,CM_02:SYR:SEX_MLE:AGEGROUP_MONTHS0-11,1958-01-01,2026-09-07T15:57:44Z,low,10692.0,,who.gho.cm-02,raw/who.gho.cm-02/2026/09/20260907T155744Z-e141b36e0a87.json.gz,2
who.gho.cm-02,CM_02:SYR:SEX_MLE:AGEGROUP_MONTHS0-11,1958-01-01,2026-09-07T15:57:44Z,restated_at,2026-08-04,,who.gho.cm-02,raw/who.gho.cm-02/2026/09/20260907T155744Z-e141b36e0a87.json.gz,2
who.gho.cm-02,CM_02:SYR:SEX_MLE:AGEGROUP_MONTHS0-11,1958-01-01,2026-09-07T15:57:44Z,value,12052.0,,who.gho.cm-02,raw/who.gho.cm-02/2026/09/20260907T155744Z-e141b36e0a87.json.gz,2
who.gho.cm-02,CM_02:TCD:SEX_BTSX:AGEGROUP_MONTHS0-11,1958-01-01,2026-09-07T15:57:12Z,high,21132.0,,who.gho.cm-02,raw/who.gho.cm-02/2026/09/20260907T155712Z-98aa519eeacd.json.gz,2
who.gho.cm-02,CM_02:TCD:SEX_BTSX:AGEGROUP_MONTHS0-11,1958-01-01,2026-09-07T15:57:12Z,low,16522.0,,who.gho.cm-02,raw/who.gho.cm-02/2026/09/20260907T155712Z-98aa519eeacd.json.gz,2
who.gho.cm-02,CM_02:TCD:SEX_BTSX:AGEGROUP_MONTHS0-11,1958-01-01,2026-09-07T15:57:12Z,restated_at,2026-08-04,,who.gho.cm-02,raw/who.gho.cm-02/2026/09/20260907T155712Z-98aa519eeacd.json.gz,2
who.gho.cm-02,CM_02:TCD:SEX_BTSX:AGEGROUP_MONTHS0-11,1958-01-01,2026-09-07T15:57:12Z,value,18709.0,,who.gho.cm-02,raw/who.gho.cm-02/2026/09/20260907T155712Z-98aa519eeacd.json.gz,2
who.gho.cm-02,CM_02:TCD:SEX_FMLE:AGEGROUP_MONTHS0-11,1958-01-01,2026-09-07T15:58:07Z,high,9769.0,,who.gho.cm-02,raw/who.gho.cm-02/2026/09/20260907T155807Z-33d1eb328c3d.json.gz,2
who.gho.cm-02,CM_02:TCD:SEX_FMLE:AGEGROUP_MONTHS0-11,1958-01-01,2026-09-07T15:58:07Z,low,7472.0,,who.gho.cm-02,raw/who.gho.cm-02/2026/09/20260907T155807Z-33d1eb328c3d.json.gz,2
who.gho.cm-02,CM_02:TCD:SEX_FMLE:AGEGROUP_MONTHS0-11,1958-01-01,2026-09-07T15:58:07Z,restated_at,2026-08-04,,who.gho.cm-02,raw/who.gho.cm-02/2026/09/20260907T155807Z-33d1eb328c3d.json.gz,2
who.gho.cm-02,CM_02:TCD:SEX_FMLE:AGEGROUP_MONTHS0-11,1958-01-01,2026-09-07T15:58:07Z,value,8565.0,,who.gho.cm-02,raw/who.gho.cm-02/2026/09/20260907T155807Z-33d1eb328c3d.json.gz,2
who.gho.cm-02,CM_02:TCD:SEX_MLE:AGEGROUP_MONTHS0-11,1958-01-01,2026-09-07T15:50:57Z,high,11524.0,,who.gho.cm-02,raw/who.gho.cm-02/2026/09/20260907T155057Z-e03fd9f60113.json.gz,2
who.gho.cm-02,CM_02:TCD:SEX_MLE:AGEGROUP_MONTHS0-11,1958-01-01,2026-09-07T15:50:57Z,low,8879.0,,who.gho.cm-02,raw/who.gho.cm-02/2026/09/20260907T155057Z-e03fd9f60113.json.gz,2
who.gho.cm-02,CM_02:TCD:SEX_MLE:AGEGROUP_MONTHS0-11,1958-01-01,2026-09-07T15:50:57Z,restated_at,2026-08-04,,who.gho.cm-02,raw/who.gho.cm-02/2026/09/20260907T155057Z-e03fd9f60113.json.gz,2
who.gho.cm-02,CM_02:TCD:SEX_MLE:AGEGROUP_MONTHS0-11,1958-01-01,2026-09-07T15:50:57Z,value,10144.0,,who.gho.cm-02,raw/who.gho.cm-02/2026/09/20260907T155057Z-e03fd9f60113.json.gz,2
who.gho.cm-02,CM_02:TGO:SEX_BTSX:AGEGROUP_MONTHS0-11,1958-01-01,2026-09-07T15:57:30Z,high,11092.0,,who.gho.cm-02,raw/who.gho.cm-02/2026/09/20260907T155730Z-1fe49c27b9ed.json.gz,2
who.gho.cm-02,CM_02:TGO:SEX_BTSX:AGEGROUP_MONTHS0-11,1958-01-01,2026-09-07T15:57:30Z,low,9330.0,,who.gho.cm-02,raw/who.gho.cm-02/2026/09/20260907T155730Z-1fe49c27b9ed.json.gz,2
who.gho.cm-02,CM_02:TGO:SEX_BTSX:AGEGROUP_MONTHS0-11,1958-01-01,2026-09-07T15:57:30Z,restated_at,2026-08-04,,who.gho.cm-02,raw/who.gho.cm-02/2026/09/20260907T155730Z-1fe49c27b9ed.json.gz,2
who.gho.cm-02,CM_02:TGO:SEX_BTSX:AGEGROUP_MONTHS0-11,1958-01-01,2026-09-07T15:57:30Z,value,10162.0,,who.gho.cm-02,raw/who.gho.cm-02/2026/09/20260907T155730Z-1fe49c27b9ed.json.gz,2
who.gho.cm-02,CM_02:TGO:SEX_FMLE:AGEGROUP_MONTHS0-11,1958-01-01,2026-09-07T15:58:20Z,high,5088.0,,who.gho.cm-02,raw/who.gho.cm-02/2026/09/20260907T155820Z-bace8014f904.json.gz,2
who.gho.cm-02,CM_02:TGO:SEX_FMLE:AGEGROUP_MONTHS0-11,1958-01-01,2026-09-07T15:58:20Z,low,4168.0,,who.gho.cm-02,raw/who.gho.cm-02/2026/09/20260907T155820Z-bace8014f904.json.gz,2
who.gho.cm-02,CM_02:TGO:SEX_FMLE:AGEGROUP_MONTHS0-11,1958-01-01,2026-09-07T15:58:20Z,restated_at,2026-08-04,,who.gho.cm-02,raw/who.gho.cm-02/2026/09/20260907T155820Z-bace8014f904.json.gz,2
who.gho.cm-02,CM_02:TGO:SEX_FMLE:AGEGROUP_MONTHS0-11,1958-01-01,2026-09-07T15:58:20Z,value,4607.0,,who.gho.cm-02,raw/who.gho.cm-02/2026/09/20260907T155820Z-bace8014f904.json.gz,2
who.gho.cm-02,CM_02:TGO:SEX_MLE:AGEGROUP_MONTHS0-11,1958-01-01,2026-09-07T15:51:01Z,high,6103.0,,who.gho.cm-02,raw/who.gho.cm-02/2026/09/20260907T155101Z-65d1a3fa0413.json.gz,2
who.gho.cm-02,CM_02:TGO:SEX_MLE:AGEGROUP_MONTHS0-11,1958-01-01,2026-09-07T15:51:01Z,low,5048.0,,who.gho.cm-02,raw/who.gho.cm-02/2026/09/20260907T155101Z-65d1a3fa0413.json.gz,2
who.gho.cm-02,CM_02:TGO:SEX_MLE:AGEGROUP_MONTHS0-11,1958-01-01,2026-09-07T15:51:01Z,restated_at,2026-08-04,,who.gho.cm-02,raw/who.gho.cm-02/2026/09/20260907T155101Z-65d1a3fa0413.json.gz,2
who.gho.cm-02,CM_02:TGO:SEX_MLE:AGEGROUP_MONTHS0-11,1958-01-01,2026-09-07T15:51:01Z,value,5555.0,,who.gho.cm-02,raw/who.gho.cm-02/2026/09/20260907T155101Z-65d1a3fa0413.json.gz,2
who.gho.cm-02,CM_02:THA:SEX_BTSX:AGEGROUP_MONTHS0-11,1958-01-01,2026-09-07T15:51:54Z,high,144686.0,,who.gho.cm-02,raw/who.gho.cm-02/2026/09/20260907T155154Z-820134cf428b.json.gz,2
who.gho.cm-02,CM_02:THA:SEX_BTSX:AGEGROUP_MONTHS0-11,1958-01-01,2026-09-07T15:51:54Z,low,119361.0,,who.gho.cm-02,raw/who.gho.cm-02/2026/09/20260907T155154Z-820134cf428b.json.gz,2
who.gho.cm-02,CM_02:THA:SEX_BTSX:AGEGROUP_MONTHS0-11,1958-01-01,2026-09-07T15:51:54Z,restated_at,2026-08-04,,who.gho.cm-02,raw/who.gho.cm-02/2026/09/20260907T155154Z-820134cf428b.json.gz,2
who.gho.cm-02,CM_02:THA:SEX_BTSX:AGEGROUP_MONTHS0-11,1958-01-01,2026-09-07T15:51:54Z,value,131426.0,,who.gho.cm-02,raw/who.gho.cm-02/2026/09/20260907T155154Z-820134cf428b.json.gz,2
who.gho.cm-02,CM_02:THA:SEX_FMLE:AGEGROUP_MONTHS0-11,1958-01-01,2026-09-07T15:58:16Z,high,66101.0,,who.gho.cm-02,raw/who.gho.cm-02/2026/09/20260907T155816Z-99a1a16a015f.json.gz,2
who.gho.cm-02,CM_02:THA:SEX_FMLE:AGEGROUP_MONTHS0-11,1958-01-01,2026-09-07T15:58:16Z,low,53576.0,,who.gho.cm-02,raw/who.gho.cm-02/2026/09/20260907T155816Z-99a1a16a015f.json.gz,2
who.gho.cm-02,CM_02:THA:SEX_FMLE:AGEGROUP_MONTHS0-11,1958-01-01,2026-09-07T15:58:16Z,restated_at,2026-08-04,,who.gho.cm-02,raw/who.gho.cm-02/2026/09/20260907T155816Z-99a1a16a015f.json.gz,2
who.gho.cm-02,CM_02:THA:SEX_FMLE:AGEGROUP_MONTHS0-11,1958-01-01,2026-09-07T15:58:16Z,value,59445.0,,who.gho.cm-02,raw/who.gho.cm-02/2026/09/20260907T155816Z-99a1a16a015f.json.gz,2
who.gho.cm-02,CM_02:THA:SEX_MLE:AGEGROUP_MONTHS0-11,1958-01-01,2026-09-07T15:52:10Z,high,79754.0,,who.gho.cm-02,raw/who.gho.cm-02/2026/09/20260907T155210Z-c2e07328660e.json.gz,2
who.gho.cm-02,CM_02:THA:SEX_MLE:AGEGROUP_MONTHS0-11,1958-01-01,2026-09-07T15:52:10Z,low,64957.0,,who.gho.cm-02,raw/who.gho.cm-02/2026/09/20260907T155210Z-c2e07328660e.json.gz,2
who.gho.cm-02,CM_02:THA:SEX_MLE:AGEGROUP_MONTHS0-11,1958-01-01,2026-09-07T15:52:10Z,restated_at,2026-08-04,,who.gho.cm-02,raw/who.gho.cm-02/2026/09/20260907T155210Z-c2e07328660e.json.gz,2
who.gho.cm-02,CM_02:THA:SEX_MLE:AGEGROUP_MONTHS0-11,1958-01-01,2026-09-07T15:52:10Z,value,71981.0,,who.gho.cm-02,raw/who.gho.cm-02/2026/09/20260907T155210Z-c2e07328660e.json.gz,2
who.gho.cm-02,CM_02:TTO:SEX_BTSX:AGEGROUP_MONTHS0-11,1958-01-01,2026-09-07T15:57:40Z,high,2361.0,,who.gho.cm-02,raw/who.gho.cm-02/2026/09/20260907T155740Z-31068700a25d.json.gz,2
who.gho.cm-02,CM_02:TTO:SEX_BTSX:AGEGROUP_MONTHS0-11,1958-01-01,2026-09-07T15:57:40Z,low,1659.0,,who.gho.cm-02,raw/who.gho.cm-02/2026/09/20260907T155740Z-31068700a25d.json.gz,2
who.gho.cm-02,CM_02:TTO:SEX_BTSX:AGEGROUP_MONTHS0-11,1958-01-01,2026-09-07T15:57:40Z,restated_at,2026-08-04,,who.gho.cm-02,raw/who.gho.cm-02/2026/09/20260907T155740Z-31068700a25d.json.gz,2
who.gho.cm-02,CM_02:TTO:SEX_BTSX:AGEGROUP_MONTHS0-11,1958-01-01,2026-09-07T15:57:40Z,value,1974.0,,who.gho.cm-02,raw/who.gho.cm-02/2026/09/20260907T155740Z-31068700a25d.json.gz,2
who.gho.cm-02,CM_02:TTO:SEX_FMLE:AGEGROUP_MONTHS0-11,1958-01-01,2026-09-07T15:52:26Z,high,1073.0,,who.gho.cm-02,raw/who.gho.cm-02/2026/09/20260907T155226Z-b536cc4a2b4c.json.gz,2
who.gho.cm-02,CM_02:TTO:SEX_FMLE:AGEGROUP_MONTHS0-11,1958-01-01,2026-09-07T15:52:26Z,low,747.0,,who.gho.cm-02,raw/who.gho.cm-02/2026/09/20260907T155226Z-b536cc4a2b4c.json.gz,2
who.gho.cm-02,CM_02:TTO:SEX_FMLE:AGEGROUP_MONTHS0-11,1958-01-01,2026-09-07T15:52:26Z,restated_at,2026-08-04,,who.gho.cm-02,raw/who.gho.cm-02/2026/09/20260907T155226Z-b536cc4a2b4c.json.gz,2
who.gho.cm-02,CM_02:TTO:SEX_FMLE:AGEGROUP_MONTHS0-11,1958-01-01,2026-09-07T15:52:26Z,value,892.0,,who.gho.cm-02,raw/who.gho.cm-02/2026/09/20260907T155226Z-b536cc4a2b4c.json.gz,2
who.gho.cm-02,CM_02:TTO:SEX_MLE:AGEGROUP_MONTHS0-11,1958-01-01,2026-09-07T15:54:17Z,high,1297.0,,who.gho.cm-02,raw/who.gho.cm-02/2026/09/20260907T155417Z-e87fb31944b5.json.gz,2
who.gho.cm-02,CM_02:TTO:SEX_MLE:AGEGROUP_MONTHS0-11,1958-01-01,2026-09-07T15:54:17Z,low,905.0,,who.gho.cm-02,raw/who.gho.cm-02/2026/09/20260907T155417Z-e87fb31944b5.json.gz,2
who.gho.cm-02,CM_02:TTO:SEX_MLE:AGEGROUP_MONTHS0-11,1958-01-01,2026-09-07T15:54:17Z,restated_at,2026-08-04,,who.gho.cm-02,raw/who.gho.cm-02/2026/09/20260907T155417Z-e87fb31944b5.json.gz,2
who.gho.cm-02,CM_02:TTO:SEX_MLE:AGEGROUP_MONTHS0-11,1958-01-01,2026-09-07T15:54:17Z,value,1082.0,,who.gho.cm-02,raw/who.gho.cm-02/2026/09/20260907T155417Z-e87fb31944b5.json.gz,2
who.gho.cm-02,CM_02:TUR:SEX_BTSX:AGEGROUP_MONTHS0-11,1958-01-01,2026-09-07T15:52:18Z,high,239588.0,,who.gho.cm-02,raw/who.gho.cm-02/2026/09/20260907T155218Z-7dbb6db1a58a.json.gz,2
who.gho.cm-02,CM_02:TUR:SEX_BTSX:AGEGROUP_MONTHS0-11,1958-01-01,2026-09-07T15:52:18Z,low,195790.0,,who.gho.cm-02,raw/who.gho.cm-02/2026/09/20260907T155218Z-7dbb6db1a58a.json.gz,2
who.gho.cm-02,CM_02:TUR:SEX_BTSX:AGEGROUP_MONTHS0-11,1958-01-01,2026-09-07T15:52:18Z,restated_at,2026-08-04,,who.gho.cm-02,raw/who.gho.cm-02/2026/09/20260907T155218Z-7dbb6db1a58a.json.gz,2
who.gho.cm-02,CM_02:TUR:SEX_BTSX:AGEGROUP_MONTHS0-11,1958-01-01,2026-09-07T15:52:18Z,value,215685.0,,who.gho.cm-02,raw/who.gho.cm-02/2026/09/20260907T155218Z-7dbb6db1a58a.json.gz,2
who.gho.cm-02,CM_02:TUR:SEX_FMLE:AGEGROUP_MONTHS0-11,1958-01-01,2026-09-07T15:51:11Z,high,109637.0,,who.gho.cm-02,raw/who.gho.cm-02/2026/09/20260907T155111Z-17577dbcf352.json.gz,2
who.gho.cm-02,CM_02:TUR:SEX_FMLE:AGEGROUP_MONTHS0-11,1958-01-01,2026-09-07T15:51:11Z,low,88275.0,,who.gho.cm-02,raw/who.gho.cm-02/2026/09/20260907T155111Z-17577dbcf352.json.gz,2
who.gho.cm-02,CM_02:TUR:SEX_FMLE:AGEGROUP_MONTHS0-11,1958-01-01,2026-09-07T15:51:11Z,restated_at,2026-08-04,,who.gho.cm-02,raw/who.gho.cm-02/2026/09/20260907T155111Z-17577dbcf352.json.gz,2
who.gho.cm-02,CM_02:TUR:SEX_FMLE:AGEGROUP_MONTHS0-11,1958-01-01,2026-09-07T15:51:11Z,value,98076.0,,who.gho.cm-02,raw/who.gho.cm-02/2026/09/20260907T155111Z-17577dbcf352.json.gz,2
who.gho.cm-02,CM_02:TUR:SEX_MLE:AGEGROUP_MONTHS0-11,1958-01-01,2026-09-07T15:51:50Z,high,131328.0,,who.gho.cm-02,raw/who.gho.cm-02/2026/09/20260907T155150Z-b2442ef3f6e6.json.gz,2
who.gho.cm-02,CM_02:TUR:SEX_MLE:AGEGROUP_MONTHS0-11,1958-01-01,2026-09-07T15:51:50Z,low,106180.0,,who.gho.cm-02,raw/who.gho.cm-02/2026/09/20260907T155150Z-b2442ef3f6e6.json.gz,2
who.gho.cm-02,CM_02:TUR:SEX_MLE:AGEGROUP_MONTHS0-11,1958-01-01,2026-09-07T15:51:50Z,restated_at,2026-08-04,,who.gho.cm-02,raw/who.gho.cm-02/2026/09/20260907T155150Z-b2442ef3f6e6.json.gz,2
who.gho.cm-02,CM_02:TUR:SEX_MLE:AGEGROUP_MONTHS0-11,1958-01-01,2026-09-07T15:51:50Z,value,117609.0,,who.gho.cm-02,raw/who.gho.cm-02/2026/09/20260907T155150Z-b2442ef3f6e6.json.gz,2
who.gho.cm-02,CM_02:TUV:SEX_BTSX:AGEGROUP_MONTHS0-11,1958-01-01,2026-09-07T15:58:12Z,high,40.0,,who.gho.cm-02,raw/who.gho.cm-02/2026/09/20260907T155812Z-02a2023435be.json.gz,2
who.gho.cm-02,CM_02:TUV:SEX_BTSX:AGEGROUP_MONTHS0-11,1958-01-01,2026-09-07T15:58:12Z,low,30.0,,who.gho.cm-02,raw/who.gho.cm-02/2026/09/20260907T155812Z-02a2023435be.json.gz,2
who.gho.cm-02,CM_02:TUV:SEX_BTSX:AGEGROUP_MONTHS0-11,1958-01-01,2026-09-07T15:58:12Z,restated_at,2026-08-04,,who.gho.cm-02,raw/who.gho.cm-02/2026/09/20260907T155812Z-02a2023435be.json.gz,2
who.gho.cm-02,CM_02:TUV:SEX_BTSX:AGEGROUP_MONTHS0-11,1958-01-01,2026-09-07T15:58:12Z,value,35.0,,who.gho.cm-02,raw/who.gho.cm-02/2026/09/20260907T155812Z-02a2023435be.json.gz,2
who.gho.cm-02,CM_02:TUV:SEX_FMLE:AGEGROUP_MONTHS0-11,1958-01-01,2026-09-07T15:51:50Z,high,17.0,,who.gho.cm-02,raw/who.gho.cm-02/2026/09/20260907T155150Z-b2442ef3f6e6.json.gz,2
who.gho.cm-02,CM_02:TUV:SEX_FMLE:AGEGROUP_MONTHS0-11,1958-01-01,2026-09-07T15:51:50Z,low,13.0,,who.gho.cm-02,raw/who.gho.cm-02/2026/09/20260907T155150Z-b2442ef3f6e6.json.gz,2
who.gho.cm-02,CM_02:TUV:SEX_FMLE:AGEGROUP_MONTHS0-11,1958-01-01,2026-09-07T15:51:50Z,restated_at,2025-04-15,,who.gho.cm-02,raw/who.gho.cm-02/2026/09/20260907T155150Z-b2442ef3f6e6.json.gz,2
who.gho.cm-02,CM_02:TUV:SEX_FMLE:AGEGROUP_MONTHS0-11,1958-01-01,2026-09-07T15:51:50Z,value,15.0,,who.gho.cm-02,raw/who.gho.cm-02/2026/09/20260907T155150Z-b2442ef3f6e6.json.gz,2
who.gho.cm-02,CM_02:TUV:SEX_MLE:AGEGROUP_MONTHS0-11,1958-01-01,2026-09-07T15:50:57Z,high,23.0,,who.gho.cm-02,raw/who.gho.cm-02/2026/09/20260907T155057Z-e03fd9f60113.json.gz,2
who.gho.cm-02,CM_02:TUV:SEX_MLE:AGEGROUP_MONTHS0-11,1958-01-01,2026-09-07T15:50:57Z,low,17.0,,who.gho.cm-02,raw/who.gho.cm-02/2026/09/20260907T155057Z-e03fd9f60113.json.gz,2
who.gho.cm-02,CM_02:TUV:SEX_MLE:AGEGROUP_MONTHS0-11,1958-01-01,2026-09-07T15:50:57Z,restated_at,2026-08-04,,who.gho.cm-02,raw/who.gho.cm-02/2026/09/20260907T155057Z-e03fd9f60113.json.gz,2
who.gho.cm-02,CM_02:TUV:SEX_MLE:AGEGROUP_MONTHS0-11,1958-01-01,2026-09-07T15:50:57Z,value,20.0,,who.gho.cm-02,raw/who.gho.cm-02/2026/09/20260907T155057Z-e03fd9f60113.json.gz,2
who.gho.cm-02,CM_02:TZA:SEX_BTSX:AGEGROUP_MONTHS0-11,1958-01-01,2026-09-07T15:54:17Z,high,60370.0,,who.gho.cm-02,raw/who.gho.cm-02/2026/09/20260907T155417Z-e87fb31944b5.json.gz,2
who.gho.cm-02,CM_02:TZA:SEX_BTSX:AGEGROUP_MONTHS0-11,1958-01-01,2026-09-07T15:54:17Z,low,47295.0,,who.gho.cm-02,raw/who.gho.cm-02/2026/09/20260907T155417Z-e87fb31944b5.json.gz,2
who.gho.cm-02,CM_02:TZA:SEX_BTSX:AGEGROUP_MONTHS0-11,1958-01-01,2026-09-07T15:54:17Z,restated_at,2026-08-04,,who.gho.cm-02,raw/who.gho.cm-02/2026/09/20260907T155417Z-e87fb31944b5.json.gz,2
who.gho.cm-02,CM_02:TZA:SEX_BTSX:AGEGROUP_MONTHS0-11,1958-01-01,2026-09-07T15:54:17Z,value,53436.0,,who.gho.cm-02,raw/who.gho.cm-02/2026/09/20260907T155417Z-e87fb31944b5.json.gz,2
who.gho.cm-02,CM_02:TZA:SEX_FMLE:AGEGROUP_MONTHS0-11,1958-01-01,2026-09-07T15:57:40Z,high,28177.0,,who.gho.cm-02,raw/who.gho.cm-02/2026/09/20260907T155740Z-31068700a25d.json.gz,2
who.gho.cm-02,CM_02:TZA:SEX_FMLE:AGEGROUP_MONTHS0-11,1958-01-01,2026-09-07T15:57:40Z,low,21673.0,,who.gho.cm-02,raw/who.gho.cm-02/2026/09/20260907T155740Z-31068700a25d.json.gz,2
who.gho.cm-02,CM_02:TZA:SEX_FMLE:AGEGROUP_MONTHS0-11,1958-01-01,2026-09-07T15:57:40Z,restated_at,2026-08-04,,who.gho.cm-02,raw/who.gho.cm-02/2026/09/20260907T155740Z-31068700a25d.json.gz,2
who.gho.cm-02,CM_02:TZA:SEX_FMLE:AGEGROUP_MONTHS0-11,1958-01-01,2026-09-07T15:57:40Z,value,24735.0,,who.gho.cm-02,raw/who.gho.cm-02/2026/09/20260907T155740Z-31068700a25d.json.gz,2
who.gho.cm-02,CM_02:TZA:SEX_MLE:AGEGROUP_MONTHS0-11,1958-01-01,2026-09-07T15:52:03Z,high,32579.0,,who.gho.cm-02,raw/who.gho.cm-02/2026/09/20260907T155203Z-07dabadb5738.json.gz,2
who.gho.cm-02,CM_02:TZA:SEX_MLE:AGEGROUP_MONTHS0-11,1958-01-01,2026-09-07T15:52:03Z,low,25224.0,,who.gho.cm-02,raw/who.gho.cm-02/2026/09/20260907T155203Z-07dabadb5738.json.gz,2
who.gho.cm-02,CM_02:TZA:SEX_MLE:AGEGROUP_MONTHS0-11,1958-01-01,2026-09-07T15:52:03Z,restated_at,2026-08-04,,who.gho.cm-02,raw/who.gho.cm-02/2026/09/20260907T155203Z-07dabadb5738.json.gz,2
who.gho.cm-02,CM_02:TZA:SEX_MLE:AGEGROUP_MONTHS0-11,1958-01-01,2026-09-07T15:52:03Z,value,28701.0,,who.gho.cm-02,raw/who.gho.cm-02/2026/09/20260907T155203Z-07dabadb5738.json.gz,2
who.gho.cm-02,CM_02:UGA:SEX_BTSX:AGEGROUP_MONTHS0-11,1958-01-01,2026-09-07T15:52:26Z,high,51383.0,,who.gho.cm-02,raw/who.gho.cm-02/2026/09/20260907T155226Z-b536cc4a2b4c.json.gz,2
who.gho.cm-02,CM_02:UGA:SEX_BTSX:AGEGROUP_MONTHS0-11,1958-01-01,2026-09-07T15:52:26Z,low,38438.0,,who.gho.cm-02,raw/who.gho.cm-02/2026/09/20260907T155226Z-b536cc4a2b4c.json.gz,2
who.gho.cm-02,CM_02:UGA:SEX_BTSX:AGEGROUP_MONTHS0-11,1958-01-01,2026-09-07T15:52:26Z,restated_at,2026-08-04,,who.gho.cm-02,raw/who.gho.cm-02/2026/09/20260907T155226Z-b536cc4a2b4c.json.gz,2
who.gho.cm-02,CM_02:UGA:SEX_BTSX:AGEGROUP_MONTHS0-11,1958-01-01,2026-09-07T15:52:26Z,value,44520.0,,who.gho.cm-02,raw/who.gho.cm-02/2026/09/20260907T155226Z-b536cc4a2b4c.json.gz,2
who.gho.cm-02,CM_02:UGA:SEX_FMLE:AGEGROUP_MONTHS0-11,1958-01-01,2026-09-07T15:53:02Z,high,23749.0,,who.gho.cm-02,raw/who.gho.cm-02/2026/09/20260907T155302Z-206bb5f6993f.json.gz,2
who.gho.cm-02,CM_02:UGA:SEX_FMLE:AGEGROUP_MONTHS0-11,1958-01-01,2026-09-07T15:53:02Z,low,17462.0,,who.gho.cm-02,raw/who.gho.cm-02/2026/09/20260907T155302Z-206bb5f6993f.json.gz,2
who.gho.cm-02,CM_02:UGA:SEX_FMLE:AGEGROUP_MONTHS0-11,1958-01-01,2026-09-07T15:53:02Z,restated_at,2026-08-04,,who.gho.cm-02,raw/who.gho.cm-02/2026/09/20260907T155302Z-206bb5f6993f.json.gz,2
who.gho.cm-02,CM_02:UGA:SEX_FMLE:AGEGROUP_MONTHS0-11,1958-01-01,2026-09-07T15:53:02Z,value,20427.0,,who.gho.cm-02,raw/who.gho.cm-02/2026/09/20260907T155302Z-206bb5f6993f.json.gz,2
who.gho.cm-02,CM_02:UGA:SEX_MLE:AGEGROUP_MONTHS0-11,1958-01-01,2026-09-07T15:58:12Z,high,27894.0,,who.gho.cm-02,raw/who.gho.cm-02/2026/09/20260907T155812Z-02a2023435be.json.gz,2
who.gho.cm-02,CM_02:UGA:SEX_MLE:AGEGROUP_MONTHS0-11,1958-01-01,2026-09-07T15:58:12Z,low,20664.0,,who.gho.cm-02,raw/who.gho.cm-02/2026/09/20260907T155812Z-02a2023435be.json.gz,2
who.gho.cm-02,CM_02:UGA:SEX_MLE:AGEGROUP_MONTHS0-11,1958-01-01,2026-09-07T15:58:12Z,restated_at,2026-08-04,,who.gho.cm-02,raw/who.gho.cm-02/2026/09/20260907T155812Z-02a2023435be.json.gz,2
who.gho.cm-02,CM_02:UGA:SEX_MLE:AGEGROUP_MONTHS0-11,1958-01-01,2026-09-07T15:58:12Z,value,24093.0,,who.gho.cm-02,raw/who.gho.cm-02/2026/09/20260907T155812Z-02a2023435be.json.gz,2
who.gho.cm-02,CM_02:URY:SEX_BTSX:AGEGROUP_MONTHS0-11,1958-01-01,2026-09-07T15:52:03Z,high,3079.0,,who.gho.cm-02,raw/who.gho.cm-02/2026/09/20260907T155203Z-07dabadb5738.json.gz,2
who.gho.cm-02,CM_02:URY:SEX_BTSX:AGEGROUP_MONTHS0-11,1958-01-01,2026-09-07T15:52:03Z,low,2964.0,,who.gho.cm-02,raw/who.gho.cm-02/2026/09/20260907T155203Z-07dabadb5738.json.gz,2
who.gho.cm-02,CM_02:URY:SEX_BTSX:AGEGROUP_MONTHS0-11,1958-01-01,2026-09-07T15:52:03Z,restated_at,2026-08-04,,who.gho.cm-02,raw/who.gho.cm-02/2026/09/20260907T155203Z-07dabadb5738.json.gz,2
who.gho.cm-02,CM_02:URY:SEX_BTSX:AGEGROUP_MONTHS0-11,1958-01-01,2026-09-07T15:52:03Z,value,3021.0,,who.gho.cm-02,raw/who.gho.cm-02/2026/09/20260907T155203Z-07dabadb5738.json.gz,2
who.gho.cm-02,CM_02:URY:SEX_FMLE:AGEGROUP_MONTHS0-11,1958-01-01,2026-09-07T15:51:21Z,high,1356.0,,who.gho.cm-02,raw/who.gho.cm-02/2026/09/20260907T155121Z-1b14643329ca.json.gz,2
who.gho.cm-02,CM_02:URY:SEX_FMLE:AGEGROUP_MONTHS0-11,1958-01-01,2026-09-07T15:51:21Z,low,1289.0,,who.gho.cm-02,raw/who.gho.cm-02/2026/09/20260907T155121Z-1b14643329ca.json.gz,2
who.gho.cm-02,CM_02:URY:SEX_FMLE:AGEGROUP_MONTHS0-11,1958-01-01,2026-09-07T15:51:21Z,restated_at,2026-08-04,,who.gho.cm-02,raw/who.gho.cm-02/2026/09/20260907T155121Z-1b14643329ca.json.gz,2
who.gho.cm-02,CM_02:URY:SEX_FMLE:AGEGROUP_MONTHS0-11,1958-01-01,2026-09-07T15:51:21Z,value,1322.0,,who.gho.cm-02,raw/who.gho.cm-02/2026/09/20260907T155121Z-1b14643329ca.json.gz,2
who.gho.cm-02,CM_02:URY:SEX_MLE:AGEGROUP_MONTHS0-11,1958-01-01,2026-09-07T15:57:54Z,high,1738.0,,who.gho.cm-02,raw/who.gho.cm-02/2026/09/20260907T155754Z-3bea881db2b4.json.gz,2
who.gho.cm-02,CM_02:URY:SEX_MLE:AGEGROUP_MONTHS0-11,1958-01-01,2026-09-07T15:57:54Z,low,1661.0,,who.gho.cm-02,raw/who.gho.cm-02/2026/09/20260907T155754Z-3bea881db2b4.json.gz,2
who.gho.cm-02,CM_02:URY:SEX_MLE:AGEGROUP_MONTHS0-11,1958-01-01,2026-09-07T15:57:54Z,restated_at,2026-08-04,,who.gho.cm-02,raw/who.gho.cm-02/2026/09/20260907T155754Z-3bea881db2b4.json.gz,2
who.gho.cm-02,CM_02:URY:SEX_MLE:AGEGROUP_MONTHS0-11,1958-01-01,2026-09-07T15:57:54Z,value,1699.0,,who.gho.cm-02,raw/who.gho.cm-02/2026/09/20260907T155754Z-3bea881db2b4.json.gz,2
who.gho.cm-02,CM_02:USA:SEX_BTSX:AGEGROUP_MONTHS0-11,1958-01-01,2026-09-07T15:50:57Z,high,117363.0,,who.gho.cm-02,raw/who.gho.cm-02/2026/09/20260907T155057Z-e03fd9f60113.json.gz,2
who.gho.cm-02,CM_02:USA:SEX_BTSX:AGEGROUP_MONTHS0-11,1958-01-01,2026-09-07T15:50:57Z,low,113602.0,,who.gho.cm-02,raw/who.gho.cm-02/2026/09/20260907T155057Z-e03fd9f60113.json.gz,2
who.gho.cm-02,CM_02:USA:SEX_BTSX:AGEGROUP_MONTHS0-11,1958-01-01,2026-09-07T15:50:57Z,restated_at,2026-08-04,,who.gho.cm-02,raw/who.gho.cm-02/2026/09/20260907T155057Z-e03fd9f60113.json.gz,2
who.gho.cm-02,CM_02:USA:SEX_BTSX:AGEGROUP_MONTHS0-11,1958-01-01,2026-09-07T15:50:57Z,value,115474.0,,who.gho.cm-02,raw/who.gho.cm-02/2026/09/20260907T155057Z-e03fd9f60113.json.gz,2
who.gho.cm-02,CM_02:USA:SEX_FMLE:AGEGROUP_MONTHS0-11,1958-01-01,2026-09-07T15:52:37Z,high,50030.0,,who.gho.cm-02,raw/who.gho.cm-02/2026/09/20260907T155237Z-35c7d31783eb.json.gz,2
who.gho.cm-02,CM_02:USA:SEX_FMLE:AGEGROUP_MONTHS0-11,1958-01-01,2026-09-07T15:52:37Z,low,48326.0,,who.gho.cm-02,raw/who.gho.cm-02/2026/09/20260907T155237Z-35c7d31783eb.json.gz,2
who.gho.cm-02,CM_02:USA:SEX_FMLE:AGEGROUP_MONTHS0-11,1958-01-01,2026-09-07T15:52:37Z,restated_at,2026-08-04,,who.gho.cm-02,raw/who.gho.cm-02/2026/09/20260907T155237Z-35c7d31783eb.json.gz,2
who.gho.cm-02,CM_02:USA:SEX_FMLE:AGEGROUP_MONTHS0-11,1958-01-01,2026-09-07T15:52:37Z,value,49188.0,,who.gho.cm-02,raw/who.gho.cm-02/2026/09/20260907T155237Z-35c7d31783eb.json.gz,2
who.gho.cm-02,CM_02:USA:SEX_MLE:AGEGROUP_MONTHS0-11,1958-01-01,2026-09-07T15:51:01Z,high,67398.0,,who.gho.cm-02,raw/who.gho.cm-02/2026/09/20260907T155101Z-65d1a3fa0413.json.gz,2
who.gho.cm-02,CM_02:USA:SEX_MLE:AGEGROUP_MONTHS0-11,1958-01-01,2026-09-07T15:51:01Z,low,65185.0,,who.gho.cm-02,raw/who.gho.cm-02/2026/09/20260907T155101Z-65d1a3fa0413.json.gz,2
who.gho.cm-02,CM_02:USA:SEX_MLE:AGEGROUP_MONTHS0-11,1958-01-01,2026-09-07T15:51:01Z,restated_at,2026-08-04,,who.gho.cm-02,raw/who.gho.cm-02/2026/09/20260907T155101Z-65d1a3fa0413.json.gz,2
who.gho.cm-02,CM_02:USA:SEX_MLE:AGEGROUP_MONTHS0-11,1958-01-01,2026-09-07T15:51:01Z,value,66286.0,,who.gho.cm-02,raw/who.gho.cm-02/2026/09/20260907T155101Z-65d1a3fa0413.json.gz,2
who.gho.cm-02,CM_02:VEN:SEX_BTSX:AGEGROUP_MONTHS0-11,1958-01-01,2026-09-07T15:57:26Z,high,25197.0,,who.gho.cm-02,raw/who.gho.cm-02/2026/09/20260907T155726Z-31d0241a6d30.json.gz,2
who.gho.cm-02,CM_02:VEN:SEX_BTSX:AGEGROUP_MONTHS0-11,1958-01-01,2026-09-07T15:57:26Z,low,18536.0,,who.gho.cm-02,raw/who.gho.cm-02/2026/09/20260907T155726Z-31d0241a6d30.json.gz,2
who.gho.cm-02,CM_02:VEN:SEX_BTSX:AGEGROUP_MONTHS0-11,1958-01-01,2026-09-07T15:57:26Z,restated_at,2026-08-04,,who.gho.cm-02,raw/who.gho.cm-02/2026/09/20260907T155726Z-31d0241a6d30.json.gz,2
who.gho.cm-02,CM_02:VEN:SEX_BTSX:AGEGROUP_MONTHS0-11,1958-01-01,2026-09-07T15:57:26Z,value,21534.0,,who.gho.cm-02,raw/who.gho.cm-02/2026/09/20260907T155726Z-31d0241a6d30.json.gz,2
who.gho.cm-02,CM_02:VEN:SEX_FMLE:AGEGROUP_MONTHS0-11,1958-01-01,2026-09-07T15:57:26Z,high,11043.0,,who.gho.cm-02,raw/who.gho.cm-02/2026/09/20260907T155726Z-31d0241a6d30.json.gz,2
who.gho.cm-02,CM_02:VEN:SEX_FMLE:AGEGROUP_MONTHS0-11,1958-01-01,2026-09-07T15:57:26Z,low,7980.0,,who.gho.cm-02,raw/who.gho.cm-02/2026/09/20260907T155726Z-31d0241a6d30.json.gz,2
who.gho.cm-02,CM_02:VEN:SEX_FMLE:AGEGROUP_MONTHS0-11,1958-01-01,2026-09-07T15:57:26Z,restated_at,2026-08-04,,who.gho.cm-02,raw/who.gho.cm-02/2026/09/20260907T155726Z-31d0241a6d30.json.gz,2
who.gho.cm-02,CM_02:VEN:SEX_FMLE:AGEGROUP_MONTHS0-11,1958-01-01,2026-09-07T15:57:26Z,value,9356.0,,who.gho.cm-02,raw/who.gho.cm-02/2026/09/20260907T155726Z-31d0241a6d30.json.gz,2
who.gho.cm-02,CM_02:VEN:SEX_MLE:AGEGROUP_MONTHS0-11,1958-01-01,2026-09-07T15:50:52Z,high,14280.0,,who.gho.cm-02,raw/who.gho.cm-02/2026/09/20260907T155052Z-3109a96dcee3.json.gz,2
who.gho.cm-02,CM_02:VEN:SEX_MLE:AGEGROUP_MONTHS0-11,1958-01-01,2026-09-07T15:50:52Z,low,10427.0,,who.gho.cm-02,raw/who.gho.cm-02/2026/09/20260907T155052Z-3109a96dcee3.json.gz,2
who.gho.cm-02,CM_02:VEN:SEX_MLE:AGEGROUP_MONTHS0-11,1958-01-01,2026-09-07T15:50:52Z,restated_at,2026-08-04,,who.gho.cm-02,raw/who.gho.cm-02/2026/09/20260907T155052Z-3109a96dcee3.json.gz,2
who.gho.cm-02,CM_02:VEN:SEX_MLE:AGEGROUP_MONTHS0-11,1958-01-01,2026-09-07T15:50:52Z,value,12178.0,,who.gho.cm-02,raw/who.gho.cm-02/2026/09/20260907T155052Z-3109a96dcee3.json.gz,2
who.gho.cm-02,CM_02:VGB:SEX_BTSX:AGEGROUP_MONTHS0-11,1958-01-01,2026-09-07T15:51:54Z,high,23.0,,who.gho.cm-02,raw/who.gho.cm-02/2026/09/20260907T155154Z-820134cf428b.json.gz,2
who.gho.cm-02,CM_02:VGB:SEX_BTSX:AGEGROUP_MONTHS0-11,1958-01-01,2026-09-07T15:51:54Z,low,17.0,,who.gho.cm-02,raw/who.gho.cm-02/2026/09/20260907T155154Z-820134cf428b.json.gz,2
who.gho.cm-02,CM_02:VGB:SEX_BTSX:AGEGROUP_MONTHS0-11,1958-01-01,2026-09-07T15:51:54Z,restated_at,2025-04-15,,who.gho.cm-02,raw/who.gho.cm-02/2026/09/20260907T155154Z-820134cf428b.json.gz,2
who.gho.cm-02,CM_02:VGB:SEX_BTSX:AGEGROUP_MONTHS0-11,1958-01-01,2026-09-07T15:51:54Z,value,20.0,,who.gho.cm-02,raw/who.gho.cm-02/2026/09/20260907T155154Z-820134cf428b.json.gz,2
who.gho.cm-02,CM_02:VGB:SEX_FMLE:AGEGROUP_MONTHS0-11,1958-01-01,2026-09-07T15:57:35Z,high,9.0,,who.gho.cm-02,raw/who.gho.cm-02/2026/09/20260907T155735Z-be5ff4c5352d.json.gz,2
who.gho.cm-02,CM_02:VGB:SEX_FMLE:AGEGROUP_MONTHS0-11,1958-01-01,2026-09-07T15:57:35Z,low,7.0,,who.gho.cm-02,raw/who.gho.cm-02/2026/09/20260907T155735Z-be5ff4c5352d.json.gz,2
who.gho.cm-02,CM_02:VGB:SEX_FMLE:AGEGROUP_MONTHS0-11,1958-01-01,2026-09-07T15:57:35Z,restated_at,2025-04-15,,who.gho.cm-02,raw/who.gho.cm-02/2026/09/20260907T155735Z-be5ff4c5352d.json.gz,2
who.gho.cm-02,CM_02:VGB:SEX_FMLE:AGEGROUP_MONTHS0-11,1958-01-01,2026-09-07T15:57:35Z,value,8.0,,who.gho.cm-02,raw/who.gho.cm-02/2026/09/20260907T155735Z-be5ff4c5352d.json.gz,2
who.gho.cm-02,CM_02:VGB:SEX_MLE:AGEGROUP_MONTHS0-11,1958-01-01,2026-09-07T15:51:16Z,high,14.0,,who.gho.cm-02,raw/who.gho.cm-02/2026/09/20260907T155116Z-bb01bf96bc15.json.gz,2
who.gho.cm-02,CM_02:VGB:SEX_MLE:AGEGROUP_MONTHS0-11,1958-01-01,2026-09-07T15:51:16Z,low,10.0,,who.gho.cm-02,raw/who.gho.cm-02/2026/09/20260907T155116Z-bb01bf96bc15.json.gz,2
who.gho.cm-02,CM_02:VGB:SEX_MLE:AGEGROUP_MONTHS0-11,1958-01-01,2026-09-07T15:51:16Z,restated_at,2025-04-15,,who.gho.cm-02,raw/who.gho.cm-02/2026/09/20260907T155116Z-bb01bf96bc15.json.gz,2
who.gho.cm-02,CM_02:VGB:SEX_MLE:AGEGROUP_MONTHS0-11,1958-01-01,2026-09-07T15:51:16Z,value,12.0,,who.gho.cm-02,raw/who.gho.cm-02/2026/09/20260907T155116Z-bb01bf96bc15.json.gz,2
who.gho.cm-02,CM_02:VUT:SEX_BTSX:AGEGROUP_MONTHS0-11,1958-01-01,2026-09-07T15:58:07Z,high,357.0,,who.gho.cm-02,raw/who.gho.cm-02/2026/09/20260907T155807Z-33d1eb328c3d.json.gz,2
who.gho.cm-02,CM_02:VUT:SEX_BTSX:AGEGROUP_MONTHS0-11,1958-01-01,2026-09-07T15:58:07Z,low,266.0,,who.gho.cm-02,raw/who.gho.cm-02/2026/09/20260907T155807Z-33d1eb328c3d.json.gz,2
who.gho.cm-02,CM_02:VUT:SEX_BTSX:AGEGROUP_MONTHS0-11,1958-01-01,2026-09-07T15:58:07Z,restated_at,2026-08-04,,who.gho.cm-02,raw/who.gho.cm-02/2026/09/20260907T155807Z-33d1eb328c3d.json.gz,2
who.gho.cm-02,CM_02:VUT:SEX_BTSX:AGEGROUP_MONTHS0-11,1958-01-01,2026-09-07T15:58:07Z,value,309.0,,who.gho.cm-02,raw/who.gho.cm-02/2026/09/20260907T155807Z-33d1eb328c3d.json.gz,2
who.gho.cm-02,CM_02:VUT:SEX_FMLE:AGEGROUP_MONTHS0-11,1958-01-01,2026-09-07T15:57:26Z,high,167.0,,who.gho.cm-02,raw/who.gho.cm-02/2026/09/20260907T155726Z-31d0241a6d30.json.gz,2
who.gho.cm-02,CM_02:VUT:SEX_FMLE:AGEGROUP_MONTHS0-11,1958-01-01,2026-09-07T15:57:26Z,low,121.0,,who.gho.cm-02,raw/who.gho.cm-02/2026/09/20260907T155726Z-31d0241a6d30.json.gz,2
who.gho.cm-02,CM_02:VUT:SEX_FMLE:AGEGROUP_MONTHS0-11,1958-01-01,2026-09-07T15:57:26Z,restated_at,2026-08-04,,who.gho.cm-02,raw/who.gho.cm-02/2026/09/20260907T155726Z-31d0241a6d30.json.gz,2
who.gho.cm-02,CM_02:VUT:SEX_FMLE:AGEGROUP_MONTHS0-11,1958-01-01,2026-09-07T15:57:26Z,value,142.0,,who.gho.cm-02,raw/who.gho.cm-02/2026/09/20260907T155726Z-31d0241a6d30.json.gz,2
who.gho.cm-02,CM_02:VUT:SEX_MLE:AGEGROUP_MONTHS0-11,1958-01-01,2026-09-07T15:51:54Z,high,195.0,,who.gho.cm-02,raw/who.gho.cm-02/2026/09/20260907T155154Z-820134cf428b.json.gz,2
who.gho.cm-02,CM_02:VUT:SEX_MLE:AGEGROUP_MONTHS0-11,1958-01-01,2026-09-07T15:51:54Z,low,143.0,,who.gho.cm-02,raw/who.gho.cm-02/2026/09/20260907T155154Z-820134cf428b.json.gz,2
who.gho.cm-02,CM_02:VUT:SEX_MLE:AGEGROUP_MONTHS0-11,1958-01-01,2026-09-07T15:51:54Z,restated_at,2026-08-04,,who.gho.cm-02,raw/who.gho.cm-02/2026/09/20260907T155154Z-820134cf428b.json.gz,2
who.gho.cm-02,CM_02:VUT:SEX_MLE:AGEGROUP_MONTHS0-11,1958-01-01,2026-09-07T15:51:54Z,value,167.0,,who.gho.cm-02,raw/who.gho.cm-02/2026/09/20260907T155154Z-820134cf428b.json.gz,2
who.gho.cm-02,CM_02:WSM:SEX_BTSX:AGEGROUP_MONTHS0-11,1958-01-01,2026-09-07T15:51:11Z,high,514.0,,who.gho.cm-02,raw/who.gho.cm-02/2026/09/20260907T155111Z-17577dbcf352.json.gz,2
who.gho.cm-02,CM_02:WSM:SEX_BTSX:AGEGROUP_MONTHS0-11,1958-01-01,2026-09-07T15:51:11Z,low,405.0,,who.gho.cm-02,raw/who.gho.cm-02/2026/09/20260907T155111Z-17577dbcf352.json.gz,2
who.gho.cm-02,CM_02:WSM:SEX_BTSX:AGEGROUP_MONTHS0-11,1958-01-01,2026-09-07T15:51:11Z,restated_at,2026-08-04,,who.gho.cm-02,raw/who.gho.cm-02/2026/09/20260907T155111Z-17577dbcf352.json.gz,2
who.gho.cm-02,CM_02:WSM:SEX_BTSX:AGEGROUP_MONTHS0-11,1958-01-01,2026-09-07T15:51:11Z,value,457.0,,who.gho.cm-02,raw/who.gho.cm-02/2026/09/20260907T155111Z-17577dbcf352.json.gz,2
who.gho.cm-02,CM_02:WSM:SEX_FMLE:AGEGROUP_MONTHS0-11,1958-01-01,2026-09-07T15:56:41Z,high,231.0,,who.gho.cm-02,raw/who.gho.cm-02/2026/09/20260907T155641Z-022407e160ee.json.gz,2
who.gho.cm-02,CM_02:WSM:SEX_FMLE:AGEGROUP_MONTHS0-11,1958-01-01,2026-09-07T15:56:41Z,low,177.0,,who.gho.cm-02,raw/who.gho.cm-02/2026/09/20260907T155641Z-022407e160ee.json.gz,2
who.gho.cm-02,CM_02:WSM:SEX_FMLE:AGEGROUP_MONTHS0-11,1958-01-01,2026-09-07T15:56:41Z,restated_at,2026-08-04,,who.gho.cm-02,raw/who.gho.cm-02/2026/09/20260907T155641Z-022407e160ee.json.gz,2
who.gho.cm-02,CM_02:WSM:SEX_FMLE:AGEGROUP_MONTHS0-11,1958-01-01,2026-09-07T15:56:41Z,value,202.0,,who.gho.cm-02,raw/who.gho.cm-02/2026/09/20260907T155641Z-022407e160ee.json.gz,2
who.gho.cm-02,CM_02:WSM:SEX_MLE:AGEGROUP_MONTHS0-11,1958-01-01,2026-09-07T15:52:37Z,high,289.0,,who.gho.cm-02,raw/who.gho.cm-02/2026/09/20260907T155237Z-35c7d31783eb.json.gz,2
who.gho.cm-02,CM_02:WSM:SEX_MLE:AGEGROUP_MONTHS0-11,1958-01-01,2026-09-07T15:52:37Z,low,224.0,,who.gho.cm-02,raw/who.gho.cm-02/2026/09/20260907T155237Z-35c7d31783eb.json.gz,2
who.gho.cm-02,CM_02:WSM:SEX_MLE:AGEGROUP_MONTHS0-11,1958-01-01,2026-09-07T15:52:37Z,restated_at,2026-08-04,,who.gho.cm-02,raw/who.gho.cm-02/2026/09/20260907T155237Z-35c7d31783eb.json.gz,2
who.gho.cm-02,CM_02:WSM:SEX_MLE:AGEGROUP_MONTHS0-11,1958-01-01,2026-09-07T15:52:37Z,value,255.0,,who.gho.cm-02,raw/who.gho.cm-02/2026/09/20260907T155237Z-35c7d31783eb.json.gz,2
who.gho.cm-02,CM_02:ZMB:SEX_BTSX:AGEGROUP_MONTHS0-11,1958-01-01,2026-09-07T15:57:17Z,high,16395.0,,who.gho.cm-02,raw/who.gho.cm-02/2026/09/20260907T155717Z-89bc69b90b61.json.gz,2
who.gho.cm-02,CM_02:ZMB:SEX_BTSX:AGEGROUP_MONTHS0-11,1958-01-01,2026-09-07T15:57:17Z,low,12498.0,,who.gho.cm-02,raw/who.gho.cm-02/2026/09/20260907T155717Z-89bc69b90b61.json.gz,2
who.gho.cm-02,CM_02:ZMB:SEX_BTSX:AGEGROUP_MONTHS0-11,1958-01-01,2026-09-07T15:57:17Z,restated_at,2026-08-04,,who.gho.cm-02,raw/who.gho.cm-02/2026/09/20260907T155717Z-89bc69b90b61.json.gz,2
who.gho.cm-02,CM_02:ZMB:SEX_BTSX:AGEGROUP_MONTHS0-11,1958-01-01,2026-09-07T15:57:17Z,value,14326.0,,who.gho.cm-02,raw/who.gho.cm-02/2026/09/20260907T155717Z-89bc69b90b61.json.gz,2
who.gho.cm-02,CM_02:ZMB:SEX_FMLE:AGEGROUP_MONTHS0-11,1958-01-01,2026-09-07T15:56:41Z,high,7729.0,,who.gho.cm-02,raw/who.gho.cm-02/2026/09/20260907T155641Z-022407e160ee.json.gz,2
who.gho.cm-02,CM_02:ZMB:SEX_FMLE:AGEGROUP_MONTHS0-11,1958-01-01,2026-09-07T15:56:41Z,low,5771.0,,who.gho.cm-02,raw/who.gho.cm-02/2026/09/20260907T155641Z-022407e160ee.json.gz,2
who.gho.cm-02,CM_02:ZMB:SEX_FMLE:AGEGROUP_MONTHS0-11,1958-01-01,2026-09-07T15:56:41Z,restated_at,2026-08-04,,who.gho.cm-02,raw/who.gho.cm-02/2026/09/20260907T155641Z-022407e160ee.json.gz,2
who.gho.cm-02,CM_02:ZMB:SEX_FMLE:AGEGROUP_MONTHS0-11,1958-01-01,2026-09-07T15:56:41Z,value,6695.0,,who.gho.cm-02,raw/who.gho.cm-02/2026/09/20260907T155641Z-022407e160ee.json.gz,2
who.gho.cm-02,CM_02:ZMB:SEX_MLE:AGEGROUP_MONTHS0-11,1958-01-01,2026-09-07T15:57:49Z,high,8755.0,,who.gho.cm-02,raw/who.gho.cm-02/2026/09/20260907T155749Z-8808ed0c9a07.json.gz,2
who.gho.cm-02,CM_02:ZMB:SEX_MLE:AGEGROUP_MONTHS0-11,1958-01-01,2026-09-07T15:57:49Z,low,6612.0,,who.gho.cm-02,raw/who.gho.cm-02/2026/09/20260907T155749Z-8808ed0c9a07.json.gz,2
who.gho.cm-02,CM_02:ZMB:SEX_MLE:AGEGROUP_MONTHS0-11,1958-01-01,2026-09-07T15:57:49Z,restated_at,2026-08-04,,who.gho.cm-02,raw/who.gho.cm-02/2026/09/20260907T155749Z-8808ed0c9a07.json.gz,2
who.gho.cm-02,CM_02:ZMB:SEX_MLE:AGEGROUP_MONTHS0-11,1958-01-01,2026-09-07T15:57:49Z,value,7631.0,,who.gho.cm-02,raw/who.gho.cm-02/2026/09/20260907T155749Z-8808ed0c9a07.json.gz,2
who.gho.cm-02,CM_02:ZWE:SEX_BTSX:AGEGROUP_MONTHS0-11,1958-01-01,2026-09-07T15:56:48Z,high,16242.0,,who.gho.cm-02,raw/who.gho.cm-02/2026/09/20260907T155648Z-e962102586d9.json.gz,2
who.gho.cm-02,CM_02:ZWE:SEX_BTSX:AGEGROUP_MONTHS0-11,1958-01-01,2026-09-07T15:56:48Z,low,11290.0,,who.gho.cm-02,raw/who.gho.cm-02/2026/09/20260907T155648Z-e962102586d9.json.gz,2
who.gho.cm-02,CM_02:ZWE:SEX_BTSX:AGEGROUP_MONTHS0-11,1958-01-01,2026-09-07T15:56:48Z,restated_at,2026-08-04,,who.gho.cm-02,raw/who.gho.cm-02/2026/09/20260907T155648Z-e962102586d9.json.gz,2
who.gho.cm-02,CM_02:ZWE:SEX_BTSX:AGEGROUP_MONTHS0-11,1958-01-01,2026-09-07T15:56:48Z,value,13507.0,,who.gho.cm-02,raw/who.gho.cm-02/2026/09/20260907T155648Z-e962102586d9.json.gz,2
who.gho.cm-02,CM_02:ZWE:SEX_FMLE:AGEGROUP_MONTHS0-11,1958-01-01,2026-09-07T15:53:02Z,high,7203.0,,who.gho.cm-02,raw/who.gho.cm-02/2026/09/20260907T155302Z-206bb5f6993f.json.gz,2
who.gho.cm-02,CM_02:ZWE:SEX_FMLE:AGEGROUP_MONTHS0-11,1958-01-01,2026-09-07T15:53:02Z,low,4922.0,,who.gho.cm-02,raw/who.gho.cm-02/2026/09/20260907T155302Z-206bb5f6993f.json.gz,2
who.gho.cm-02,CM_02:ZWE:SEX_FMLE:AGEGROUP_MONTHS0-11,1958-01-01,2026-09-07T15:53:02Z,restated_at,2026-08-04,,who.gho.cm-02,raw/who.gho.cm-02/2026/09/20260907T155302Z-206bb5f6993f.json.gz,2
who.gho.cm-02,CM_02:ZWE:SEX_FMLE:AGEGROUP_MONTHS0-11,1958-01-01,2026-09-07T15:53:02Z,value,5962.0,,who.gho.cm-02,raw/who.gho.cm-02/2026/09/20260907T155302Z-206bb5f6993f.json.gz,2
who.gho.cm-02,CM_02:ZWE:SEX_MLE:AGEGROUP_MONTHS0-11,1958-01-01,2026-09-07T15:56:55Z,high,9107.0,,who.gho.cm-02,raw/who.gho.cm-02/2026/09/20260907T155655Z-a5ea76265971.json.gz,2
who.gho.cm-02,CM_02:ZWE:SEX_MLE:AGEGROUP_MONTHS0-11,1958-01-01,2026-09-07T15:56:55Z,low,6260.0,,who.gho.cm-02,raw/who.gho.cm-02/2026/09/20260907T155655Z-a5ea76265971.json.gz,2
who.gho.cm-02,CM_02:ZWE:SEX_MLE:AGEGROUP_MONTHS0-11,1958-01-01,2026-09-07T15:56:55Z,restated_at,2026-08-04,,who.gho.cm-02,raw/who.gho.cm-02/2026/09/20260907T155655Z-a5ea76265971.json.gz,2
who.gho.cm-02,CM_02:ZWE:SEX_MLE:AGEGROUP_MONTHS0-11,1958-01-01,2026-09-07T15:56:55Z,value,7545.0,,who.gho.cm-02,raw/who.gho.cm-02/2026/09/20260907T155655Z-a5ea76265971.json.gz,2
who.gho.mdg-0000000007,MDG_0000000007:AFG:SEX_BTSX:AGEGROUP_YEARSUNDER5:WEALTHQUINTILE_TOTL,1958-01-01,2026-09-07T16:09:26Z,high,443.287575516,,who.gho.mdg-0000000007,raw/who.gho.mdg-0000000007/2026/09/20260907T160926Z-3ee37906b339.json.gz,2
who.gho.mdg-0000000007,MDG_0000000007:AFG:SEX_BTSX:AGEGROUP_YEARSUNDER5:WEALTHQUINTILE_TOTL,1958-01-01,2026-09-07T16:09:26Z,low,295.612065776,,who.gho.mdg-0000000007,raw/who.gho.mdg-0000000007/2026/09/20260907T160926Z-3ee37906b339.json.gz,2
who.gho.mdg-0000000007,MDG_0000000007:AFG:SEX_BTSX:AGEGROUP_YEARSUNDER5:WEALTHQUINTILE_TOTL,1958-01-01,2026-09-07T16:09:26Z,restated_at,2026-08-05,,who.gho.mdg-0000000007,raw/who.gho.mdg-0000000007/2026/09/20260907T160926Z-3ee37906b339.json.gz,2
who.gho.mdg-0000000007,MDG_0000000007:AFG:SEX_BTSX:AGEGROUP_YEARSUNDER5:WEALTHQUINTILE_TOTL,1958-01-01,2026-09-07T16:09:26Z,value,362.068536368,,who.gho.mdg-0000000007,raw/who.gho.mdg-0000000007/2026/09/20260907T160926Z-3ee37906b339.json.gz,2
who.gho.mdg-0000000007,MDG_0000000007:AFG:SEX_FMLE:AGEGROUP_YEARSUNDER5:WEALTHQUINTILE_TOTL,1958-01-01,2026-09-07T16:05:06Z,high,433.507559514,,who.gho.mdg-0000000007,raw/who.gho.mdg-0000000007/2026/09/20260907T160506Z-a219a21e2a4a.json.gz,2
who.gho.mdg-0000000007,MDG_0000000007:AFG:SEX_FMLE:AGEGROUP_YEARSUNDER5:WEALTHQUINTILE_TOTL,1958-01-01,2026-09-07T16:05:06Z,low,288.576441194,,who.gho.mdg-0000000007,raw/who.gho.mdg-0000000007/2026/09/20260907T160506Z-a219a21e2a4a.json.gz,2
who.gho.mdg-0000000007,MDG_0000000007:AFG:SEX_FMLE:AGEGROUP_YEARSUNDER5:WEALTHQUINTILE_TOTL,1958-01-01,2026-09-07T16:05:06Z,restated_at,2026-08-05,,who.gho.mdg-0000000007,raw/who.gho.mdg-0000000007/2026/09/20260907T160506Z-a219a21e2a4a.json.gz,2
who.gho.mdg-0000000007,MDG_0000000007:AFG:SEX_FMLE:AGEGROUP_YEARSUNDER5:WEALTHQUINTILE_TOTL,1958-01-01,2026-09-07T16:05:06Z,value,353.845986528,,who.gho.mdg-0000000007,raw/who.gho.mdg-0000000007/2026/09/20260907T160506Z-a219a21e2a4a.json.gz,2
who.gho.mdg-0000000007,MDG_0000000007:AFG:SEX_MLE:AGEGROUP_YEARSUNDER5:WEALTHQUINTILE_TOTL,1958-01-01,2026-09-07T16:06:16Z,high,454.092040811,,who.gho.mdg-0000000007,raw/who.gho.mdg-0000000007/2026/09/20260907T160616Z-615f6bfccb87.json.gz,2
who.gho.mdg-0000000007,MDG_0000000007:AFG:SEX_MLE:AGEGROUP_YEARSUNDER5:WEALTHQUINTILE_TOTL,1958-01-01,2026-09-07T16:06:16Z,low,300.439340582,,who.gho.mdg-0000000007,raw/who.gho.mdg-0000000007/2026/09/20260907T160616Z-615f6bfccb87.json.gz,2
who.gho.mdg-0000000007,MDG_0000000007:AFG:SEX_MLE:AGEGROUP_YEARSUNDER5:WEALTHQUINTILE_TOTL,1958-01-01,2026-09-07T16:06:16Z,restated_at,2026-08-05,,who.gho.mdg-0000000007,raw/who.gho.mdg-0000000007/2026/09/20260907T160616Z-615f6bfccb87.json.gz,2
who.gho.mdg-0000000007,MDG_0000000007:AFG:SEX_MLE:AGEGROUP_YEARSUNDER5:WEALTHQUINTILE_TOTL,1958-01-01,2026-09-07T16:06:16Z,value,369.994127123,,who.gho.mdg-0000000007,raw/who.gho.mdg-0000000007/2026/09/20260907T160616Z-615f6bfccb87.json.gz,2
who.gho.mdg-0000000007,MDG_0000000007:ATG:SEX_BTSX:AGEGROUP_YEARSUNDER5:WEALTHQUINTILE_TOTL,1958-01-01,2026-09-07T16:06:34Z,high,96.669356468,,who.gho.mdg-0000000007,raw/who.gho.mdg-0000000007/2026/09/20260907T160634Z-2774fa4e213c.json.gz,2
who.gho.mdg-0000000007,MDG_0000000007:ATG:SEX_BTSX:AGEGROUP_YEARSUNDER5:WEALTHQUINTILE_TOTL,1958-01-01,2026-09-07T16:06:34Z,low,86.252969797,,who.gho.mdg-0000000007,raw/who.gho.mdg-0000000007/2026/09/20260907T160634Z-2774fa4e213c.json.gz,2
who.gho.mdg-0000000007,MDG_0000000007:ATG:SEX_BTSX:AGEGROUP_YEARSUNDER5:WEALTHQUINTILE_TOTL,1958-01-01,2026-09-07T16:06:34Z,restated_at,2026-08-05,,who.gho.mdg-0000000007,raw/who.gho.mdg-0000000007/2026/09/20260907T160634Z-2774fa4e213c.json.gz,2
who.gho.mdg-0000000007,MDG_0000000007:ATG:SEX_BTSX:AGEGROUP_YEARSUNDER5:WEALTHQUINTILE_TOTL,1958-01-01,2026-09-07T16:06:34Z,value,91.212746193,,who.gho.mdg-0000000007,raw/who.gho.mdg-0000000007/2026/09/20260907T160634Z-2774fa4e213c.json.gz,2
who.gho.mdg-0000000007,MDG_0000000007:ATG:SEX_FMLE:AGEGROUP_YEARSUNDER5:WEALTHQUINTILE_TOTL,1958-01-01,2026-09-07T16:10:33Z,high,92.392049596,,who.gho.mdg-0000000007,raw/who.gho.mdg-0000000007/2026/09/20260907T161033Z-0396663e197a.json.gz,2
who.gho.mdg-0000000007,MDG_0000000007:ATG:SEX_FMLE:AGEGROUP_YEARSUNDER5:WEALTHQUINTILE_TOTL,1958-01-01,2026-09-07T16:10:33Z,low,81.446960623,,who.gho.mdg-0000000007,raw/who.gho.mdg-0000000007/2026/09/20260907T161033Z-0396663e197a.json.gz,2
who.gho.mdg-0000000007,MDG_0000000007:ATG:SEX_FMLE:AGEGROUP_YEARSUNDER5:WEALTHQUINTILE_TOTL,1958-01-01,2026-09-07T16:10:33Z,restated_at,2026-08-05,,who.gho.mdg-0000000007,raw/who.gho.mdg-0000000007/2026/09/20260907T161033Z-0396663e197a.json.gz,2
who.gho.mdg-0000000007,MDG_0000000007:ATG:SEX_FMLE:AGEGROUP_YEARSUNDER5:WEALTHQUINTILE_TOTL,1958-01-01,2026-09-07T16:10:33Z,value,86.575062312,,who.gho.mdg-0000000007,raw/who.gho.mdg-0000000007/2026/09/20260907T161033Z-0396663e197a.json.gz,2
who.gho.mdg-0000000007,MDG_0000000007:ATG:SEX_MLE:AGEGROUP_YEARSUNDER5:WEALTHQUINTILE_TOTL,1958-01-01,2026-09-07T16:09:03Z,high,101.813776994,,who.gho.mdg-0000000007,raw/who.gho.mdg-0000000007/2026/09/20260907T160903Z-df09845b881e.json.gz,2
who.gho.mdg-0000000007,MDG_0000000007:ATG:SEX_MLE:AGEGROUP_YEARSUNDER5:WEALTHQUINTILE_TOTL,1958-01-01,2026-09-07T16:09:03Z,low,89.995063534,,who.gho.mdg-0000000007,raw/who.gho.mdg-0000000007/2026/09/20260907T160903Z-df09845b881e.json.gz,2
who.gho.mdg-0000000007,MDG_0000000007:ATG:SEX_MLE:AGEGROUP_YEARSUNDER5:WEALTHQUINTILE_TOTL,1958-01-01,2026-09-07T16:09:03Z,restated_at,2026-08-05,,who.gho.mdg-0000000007,raw/who.gho.mdg-0000000007/2026/09/20260907T160903Z-df09845b881e.json.gz,2
who.gho.mdg-0000000007,MDG_0000000007:ATG:SEX_MLE:AGEGROUP_YEARSUNDER5:WEALTHQUINTILE_TOTL,1958-01-01,2026-09-07T16:09:03Z,value,95.660796208,,who.gho.mdg-0000000007,raw/who.gho.mdg-0000000007/2026/09/20260907T160903Z-df09845b881e.json.gz,2
who.gho.mdg-0000000007,MDG_0000000007:AUS:SEX_BTSX:AGEGROUP_YEARSUNDER5:WEALTHQUINTILE_TOTL,1958-01-01,2026-09-07T16:10:53Z,high,26.503149545,,who.gho.mdg-0000000007,raw/who.gho.mdg-0000000007/2026/09/20260907T161053Z-9a5808e2a757.json.gz,2
who.gho.mdg-0000000007,MDG_0000000007:AUS:SEX_BTSX:AGEGROUP_YEARSUNDER5:WEALTHQUINTILE_TOTL,1958-01-01,2026-09-07T16:10:53Z,low,25.535653672,,who.gho.mdg-0000000007,raw/who.gho.mdg-0000000007/2026/09/20260907T161053Z-9a5808e2a757.json.gz,2
who.gho.mdg-0000000007,MDG_0000000007:AUS:SEX_BTSX:AGEGROUP_YEARSUNDER5:WEALTHQUINTILE_TOTL,1958-01-01,2026-09-07T16:10:53Z,restated_at,2026-08-05,,who.gho.mdg-0000000007,raw/who.gho.mdg-0000000007/2026/09/20260907T161053Z-9a5808e2a757.json.gz,2
who.gho.mdg-0000000007,MDG_0000000007:AUS:SEX_BTSX:AGEGROUP_YEARSUNDER5:WEALTHQUINTILE_TOTL,1958-01-01,2026-09-07T16:10:53Z,value,26.014796749,,who.gho.mdg-0000000007,raw/who.gho.mdg-0000000007/2026/09/20260907T161053Z-9a5808e2a757.json.gz,2
who.gho.mdg-0000000007,MDG_0000000007:AUS:SEX_FMLE:AGEGROUP_YEARSUNDER5:WEALTHQUINTILE_TOTL,1958-01-01,2026-09-07T16:05:31Z,high,23.601296588,,who.gho.mdg-0000000007,raw/who.gho.mdg-0000000007/2026/09/20260907T160531Z-a90a9bba0858.json.gz,2
who.gho.mdg-0000000007,MDG_0000000007:AUS:SEX_FMLE:AGEGROUP_YEARSUNDER5:WEALTHQUINTILE_TOTL,1958-01-01,2026-09-07T16:05:31Z,low,22.569885964,,who.gho.mdg-0000000007,raw/who.gho.mdg-0000000007/2026/09/20260907T160531Z-a90a9bba0858.json.gz,2
who.gho.mdg-0000000007,MDG_0000000007:AUS:SEX_FMLE:AGEGROUP_YEARSUNDER5:WEALTHQUINTILE_TOTL,1958-01-01,2026-09-07T16:05:31Z,restated_at,2026-08-05,,who.gho.mdg-0000000007,raw/who.gho.mdg-0000000007/2026/09/20260907T160531Z-a90a9bba0858.json.gz,2
who.gho.mdg-0000000007,MDG_0000000007:AUS:SEX_FMLE:AGEGROUP_YEARSUNDER5:WEALTHQUINTILE_TOTL,1958-01-01,2026-09-07T16:05:31Z,value,23.077112872,,who.gho.mdg-0000000007,raw/who.gho.mdg-0000000007/2026/09/20260907T160531Z-a90a9bba0858.json.gz,2
who.gho.mdg-0000000007,MDG_0000000007:AUS:SEX_MLE:AGEGROUP_YEARSUNDER5:WEALTHQUINTILE_TOTL,1958-01-01,2026-09-07T16:05:52Z,high,29.419217826,,who.gho.mdg-0000000007,raw/who.gho.mdg-0000000007/2026/09/20260907T160552Z-f44dce2e8a23.json.gz,2
who.gho.mdg-0000000007,MDG_0000000007:AUS:SEX_MLE:AGEGROUP_YEARSUNDER5:WEALTHQUINTILE_TOTL,1958-01-01,2026-09-07T16:05:52Z,low,28.225975582,,who.gho.mdg-0000000007,raw/who.gho.mdg-0000000007/2026/09/20260907T160552Z-f44dce2e8a23.json.gz,2
who.gho.mdg-0000000007,MDG_0000000007:AUS:SEX_MLE:AGEGROUP_YEARSUNDER5:WEALTHQUINTILE_TOTL,1958-01-01,2026-09-07T16:05:52Z,restated_at,2026-08-05,,who.gho.mdg-0000000007,raw/who.gho.mdg-0000000007/2026/09/20260907T160552Z-f44dce2e8a23.json.gz,2
who.gho.mdg-0000000007,MDG_0000000007:AUS:SEX_MLE:AGEGROUP_YEARSUNDER5:WEALTHQUINTILE_TOTL,1958-01-01,2026-09-07T16:05:52Z,value,28.811369823,,who.gho.mdg-0000000007,raw/who.gho.mdg-0000000007/2026/09/20260907T160552Z-f44dce2e8a23.json.gz,2
who.gho.mdg-0000000007,MDG_0000000007:AUT:SEX_BTSX:AGEGROUP_YEARSUNDER5:WEALTHQUINTILE_TOTL,1958-01-01,2026-09-07T16:10:07Z,high,48.752190412,,who.gho.mdg-0000000007,raw/who.gho.mdg-0000000007/2026/09/20260907T161007Z-28c6cde3082c.json.gz,2
who.gho.mdg-0000000007,MDG_0000000007:AUT:SEX_BTSX:AGEGROUP_YEARSUNDER5:WEALTHQUINTILE_TOTL,1958-01-01,2026-09-07T16:10:07Z,low,46.704200757,,who.gho.mdg-0000000007,raw/who.gho.mdg-0000000007/2026/09/20260907T161007Z-28c6cde3082c.json.gz,2
who.gho.mdg-0000000007,MDG_0000000007:AUT:SEX_BTSX:AGEGROUP_YEARSUNDER5:WEALTHQUINTILE_TOTL,1958-01-01,2026-09-07T16:10:07Z,restated_at,2026-08-05,,who.gho.mdg-0000000007,raw/who.gho.mdg-0000000007/2026/09/20260907T161007Z-28c6cde3082c.json.gz,2
who.gho.mdg-0000000007,MDG_0000000007:AUT:SEX_BTSX:AGEGROUP_YEARSUNDER5:WEALTHQUINTILE_TOTL,1958-01-01,2026-09-07T16:10:07Z,value,47.691580862,,who.gho.mdg-0000000007,raw/who.gho.mdg-0000000007/2026/09/20260907T161007Z-28c6cde3082c.json.gz,2
who.gho.mdg-0000000007,MDG_0000000007:AUT:SEX_FMLE:AGEGROUP_YEARSUNDER5:WEALTHQUINTILE_TOTL,1958-01-01,2026-09-07T16:08:38Z,high,43.21580338,,who.gho.mdg-0000000007,raw/who.gho.mdg-0000000007/2026/09/20260907T160838Z-ad9f959b97c6.json.gz,2
who.gho.mdg-0000000007,MDG_0000000007:AUT:SEX_FMLE:AGEGROUP_YEARSUNDER5:WEALTHQUINTILE_TOTL,1958-01-01,2026-09-07T16:08:38Z,low,41.122065502,,who.gho.mdg-0000000007,raw/who.gho.mdg-0000000007/2026/09/20260907T160838Z-ad9f959b97c6.json.gz,2
who.gho.mdg-0000000007,MDG_0000000007:AUT:SEX_FMLE:AGEGROUP_YEARSUNDER5:WEALTHQUINTILE_TOTL,1958-01-01,2026-09-07T16:08:38Z,restated_at,2026-08-05,,who.gho.mdg-0000000007,raw/who.gho.mdg-0000000007/2026/09/20260907T160838Z-ad9f959b97c6.json.gz,2
who.gho.mdg-0000000007,MDG_0000000007:AUT:SEX_FMLE:AGEGROUP_YEARSUNDER5:WEALTHQUINTILE_TOTL,1958-01-01,2026-09-07T16:08:38Z,value,42.146713105,,who.gho.mdg-0000000007,raw/who.gho.mdg-0000000007/2026/09/20260907T160838Z-ad9f959b97c6.json.gz,2
who.gho.mdg-0000000007,MDG_0000000007:AUT:SEX_MLE:AGEGROUP_YEARSUNDER5:WEALTHQUINTILE_TOTL,1958-01-01,2026-09-07T16:08:38Z,high,54.255027452,,who.gho.mdg-0000000007,raw/who.gho.mdg-0000000007/2026/09/20260907T160838Z-ad9f959b97c6.json.gz,2
who.gho.mdg-0000000007,MDG_0000000007:AUT:SEX_MLE:AGEGROUP_YEARSUNDER5:WEALTHQUINTILE_TOTL,1958-01-01,2026-09-07T16:08:38Z,low,51.772115791,,who.gho.mdg-0000000007,raw/who.gho.mdg-0000000007/2026/09/20260907T160838Z-ad9f959b97c6.json.gz,2
who.gho.mdg-0000000007,MDG_0000000007:AUT:SEX_MLE:AGEGROUP_YEARSUNDER5:WEALTHQUINTILE_TOTL,1958-01-01,2026-09-07T16:08:38Z,restated_at,2026-08-05,,who.gho.mdg-0000000007,raw/who.gho.mdg-0000000007/2026/09/20260907T160838Z-ad9f959b97c6.json.gz,2
who.gho.mdg-0000000007,MDG_0000000007:AUT:SEX_MLE:AGEGROUP_YEARSUNDER5:WEALTHQUINTILE_TOTL,1958-01-01,2026-09-07T16:08:38Z,value,52.963825249,,who.gho.mdg-0000000007,raw/who.gho.mdg-0000000007/2026/09/20260907T160838Z-ad9f959b97c6.json.gz,2
who.gho.mdg-0000000007,MDG_0000000007:BEL:SEX_BTSX:AGEGROUP_YEARSUNDER5:WEALTHQUINTILE_TOTL,1958-01-01,2026-09-07T16:10:17Z,high,38.455480263,,who.gho.mdg-0000000007,raw/who.gho.mdg-0000000007/2026/09/20260907T161017Z-ca4dbf4e12d6.json.gz,2
who.gho.mdg-0000000007,MDG_0000000007:BEL:SEX_BTSX:AGEGROUP_YEARSUNDER5:WEALTHQUINTILE_TOTL,1958-01-01,2026-09-07T16:10:17Z,low,37.02707463,,who.gho.mdg-0000000007,raw/who.gho.mdg-0000000007/2026/09/20260907T161017Z-ca4dbf4e12d6.json.gz,2
who.gho.mdg-0000000007,MDG_0000000007:BEL:SEX_BTSX:AGEGROUP_YEARSUNDER5:WEALTHQUINTILE_TOTL,1958-01-01,2026-09-07T16:10:17Z,restated_at,2026-08-05,,who.gho.mdg-0000000007,raw/who.gho.mdg-0000000007/2026/09/20260907T161017Z-ca4dbf4e12d6.json.gz,2
who.gho.mdg-0000000007,MDG_0000000007:BEL:SEX_BTSX:AGEGROUP_YEARSUNDER5:WEALTHQUINTILE_TOTL,1958-01-01,2026-09-07T16:10:17Z,value,37.748025416,,who.gho.mdg-0000000007,raw/who.gho.mdg-0000000007/2026/09/20260907T161017Z-ca4dbf4e12d6.json.gz,2
who.gho.mdg-0000000007,MDG_0000000007:BEL:SEX_FMLE:AGEGROUP_YEARSUNDER5:WEALTHQUINTILE_TOTL,1958-01-01,2026-09-07T16:11:06Z,high,33.590807743,,who.gho.mdg-0000000007,raw/who.gho.mdg-0000000007/2026/09/20260907T161106Z-078c7101acce.json.gz,2
who.gho.mdg-0000000007,MDG_0000000007:BEL:SEX_FMLE:AGEGROUP_YEARSUNDER5:WEALTHQUINTILE_TOTL,1958-01-01,2026-09-07T16:11:06Z,low,32.110597929,,who.gho.mdg-0000000007,raw/who.gho.mdg-0000000007/2026/09/20260907T161106Z-078c7101acce.json.gz,2
who.gho.mdg-0000000007,MDG_0000000007:BEL:SEX_FMLE:AGEGROUP_YEARSUNDER5:WEALTHQUINTILE_TOTL,1958-01-01,2026-09-07T16:11:06Z,restated_at,2026-08-05,,who.gho.mdg-0000000007,raw/who.gho.mdg-0000000007/2026/09/20260907T161106Z-078c7101acce.json.gz,2
who.gho.mdg-0000000007,MDG_0000000007:BEL:SEX_FMLE:AGEGROUP_YEARSUNDER5:WEALTHQUINTILE_TOTL,1958-01-01,2026-09-07T16:11:06Z,value,32.853715114,,who.gho.mdg-0000000007,raw/who.gho.mdg-0000000007/2026/09/20260907T161106Z-078c7101acce.json.gz,2
who.gho.mdg-0000000007,MDG_0000000007:BEL:SEX_MLE:AGEGROUP_YEARSUNDER5:WEALTHQUINTILE_TOTL,1958-01-01,2026-09-07T16:11:01Z,high,43.29388029,,who.gho.mdg-0000000007,raw/who.gho.mdg-0000000007/2026/09/20260907T161101Z-fc76d9a7e10d.json.gz,2
who.gho.mdg-0000000007,MDG_0000000007:BEL:SEX_MLE:AGEGROUP_YEARSUNDER5:WEALTHQUINTILE_TOTL,1958-01-01,2026-09-07T16:11:01Z,low,41.518921573,,who.gho.mdg-0000000007,raw/who.gho.mdg-0000000007/2026/09/20260907T161101Z-fc76d9a7e10d.json.gz,2
who.gho.mdg-0000000007,MDG_0000000007:BEL:SEX_MLE:AGEGROUP_YEARSUNDER5:WEALTHQUINTILE_TOTL,1958-01-01,2026-09-07T16:11:01Z,restated_at,2026-08-05,,who.gho.mdg-0000000007,raw/who.gho.mdg-0000000007/2026/09/20260907T161101Z-fc76d9a7e10d.json.gz,2
who.gho.mdg-0000000007,MDG_0000000007:BEL:SEX_MLE:AGEGROUP_YEARSUNDER5:WEALTHQUINTILE_TOTL,1958-01-01,2026-09-07T16:11:01Z,value,42.414688252,,who.gho.mdg-0000000007,raw/who.gho.mdg-0000000007/2026/09/20260907T161101Z-fc76d9a7e10d.json.gz,2
who.gho.mdg-0000000007,MDG_0000000007:BEN:SEX_BTSX:AGEGROUP_YEARSUNDER5:WEALTHQUINTILE_TOTL,1958-01-01,2026-09-07T16:09:08Z,high,350.574634515,,who.gho.mdg-0000000007,raw/who.gho.mdg-0000000007/2026/09/20260907T160908Z-96acbc2bc7cb.json.gz,2
who.gho.mdg-0000000007,MDG_0000000007:BEN:SEX_BTSX:AGEGROUP_YEARSUNDER5:WEALTHQUINTILE_TOTL,1958-01-01,2026-09-07T16:09:08Z,low,288.032151535,,who.gho.mdg-0000000007,raw/who.gho.mdg-0000000007/2026/09/20260907T160908Z-96acbc2bc7cb.json.gz,2
who.gho.mdg-0000000007,MDG_0000000007:BEN:SEX_BTSX:AGEGROUP_YEARSUNDER5:WEALTHQUINTILE_TOTL,1958-01-01,2026-09-07T16:09:08Z,restated_at,2026-08-05,,who.gho.mdg-0000000007,raw/who.gho.mdg-0000000007/2026/09/20260907T160908Z-96acbc2bc7cb.json.gz,2
who.gho.mdg-0000000007,MDG_0000000007:BEN:SEX_BTSX:AGEGROUP_YEARSUNDER5:WEALTHQUINTILE_TOTL,1958-01-01,2026-09-07T16:09:08Z,value,316.613649359,,who.gho.mdg-0000000007,raw/who.gho.mdg-0000000007/2026/09/20260907T160908Z-96acbc2bc7cb.json.gz,2
who.gho.mdg-0000000007,MDG_0000000007:BEN:SEX_FMLE:AGEGROUP_YEARSUNDER5:WEALTHQUINTILE_TOTL,1958-01-01,2026-09-07T16:06:34Z,high,341.177645964,,who.gho.mdg-0000000007,raw/who.gho.mdg-0000000007/2026/09/20260907T160634Z-2774fa4e213c.json.gz,2
who.gho.mdg-0000000007,MDG_0000000007:BEN:SEX_FMLE:AGEGROUP_YEARSUNDER5:WEALTHQUINTILE_TOTL,1958-01-01,2026-09-07T16:06:34Z,low,277.969538798,,who.gho.mdg-0000000007,raw/who.gho.mdg-0000000007/2026/09/20260907T160634Z-2774fa4e213c.json.gz,2
who.gho.mdg-0000000007,MDG_0000000007:BEN:SEX_FMLE:AGEGROUP_YEARSUNDER5:WEALTHQUINTILE_TOTL,1958-01-01,2026-09-07T16:06:34Z,restated_at,2026-08-05,,who.gho.mdg-0000000007,raw/who.gho.mdg-0000000007/2026/09/20260907T160634Z-2774fa4e213c.json.gz,2
who.gho.mdg-0000000007,MDG_0000000007:BEN:SEX_FMLE:AGEGROUP_YEARSUNDER5:WEALTHQUINTILE_TOTL,1958-01-01,2026-09-07T16:06:34Z,value,306.736942889,,who.gho.mdg-0000000007,raw/who.gho.mdg-0000000007/2026/09/20260907T160634Z-2774fa4e213c.json.gz,2
who.gho.mdg-0000000007,MDG_0000000007:BEN:SEX_MLE:AGEGROUP_YEARSUNDER5:WEALTHQUINTILE_TOTL,1958-01-01,2026-09-07T16:10:49Z,high,362.380961205,,who.gho.mdg-0000000007,raw/who.gho.mdg-0000000007/2026/09/20260907T161049Z-6866f52a9543.json.gz,2
who.gho.mdg-0000000007,MDG_0000000007:BEN:SEX_MLE:AGEGROUP_YEARSUNDER5:WEALTHQUINTILE_TOTL,1958-01-01,2026-09-07T16:10:49Z,low,294.99979994,,who.gho.mdg-0000000007,raw/who.gho.mdg-0000000007/2026/09/20260907T161049Z-6866f52a9543.json.gz,2
who.gho.mdg-0000000007,MDG_0000000007:BEN:SEX_MLE:AGEGROUP_YEARSUNDER5:WEALTHQUINTILE_TOTL,1958-01-01,2026-09-07T16:10:49Z,restated_at,2026-08-05,,who.gho.mdg-0000000007,raw/who.gho.mdg-0000000007/2026/09/20260907T161049Z-6866f52a9543.json.gz,2
who.gho.mdg-0000000007,MDG_0000000007:BEN:SEX_MLE:AGEGROUP_YEARSUNDER5:WEALTHQUINTILE_TOTL,1958-01-01,2026-09-07T16:10:49Z,value,326.385419425,,who.gho.mdg-0000000007,raw/who.gho.mdg-0000000007/2026/09/20260907T161049Z-6866f52a9543.json.gz,2
who.gho.mdg-0000000007,MDG_0000000007:BFA:SEX_BTSX:AGEGROUP_YEARSUNDER5:WEALTHQUINTILE_TOTL,1958-01-01,2026-09-07T16:11:10Z,high,400.583887461,,who.gho.mdg-0000000007,raw/who.gho.mdg-0000000007/2026/09/20260907T161110Z-9f3e1e4fe296.json.gz,2
who.gho.mdg-0000000007,MDG_0000000007:BFA:SEX_BTSX:AGEGROUP_YEARSUNDER5:WEALTHQUINTILE_TOTL,1958-01-01,2026-09-07T16:11:10Z,low,303.938588844,,who.gho.mdg-0000000007,raw/who.gho.mdg-0000000007/2026/09/20260907T161110Z-9f3e1e4fe296.json.gz,2
who.gho.mdg-0000000007,MDG_0000000007:BFA:SEX_BTSX:AGEGROUP_YEARSUNDER5:WEALTHQUINTILE_TOTL,1958-01-01,2026-09-07T16:11:10Z,restated_at,2026-08-05,,who.gho.mdg-0000000007,raw/who.gho.mdg-0000000007/2026/09/20260907T161110Z-9f3e1e4fe296.json.gz,2
who.gho.mdg-0000000007,MDG_0000000007:BFA:SEX_BTSX:AGEGROUP_YEARSUNDER5:WEALTHQUINTILE_TOTL,1958-01-01,2026-09-07T16:11:10Z,value,350.778232791,,who.gho.mdg-0000000007,raw/who.gho.mdg-0000000007/2026/09/20260907T161110Z-9f3e1e4fe296.json.gz,2
who.gho.mdg-0000000007,MDG_0000000007:BFA:SEX_FMLE:AGEGROUP_YEARSUNDER5:WEALTHQUINTILE_TOTL,1958-01-01,2026-09-07T16:06:16Z,high,386.933290359,,who.gho.mdg-0000000007,raw/who.gho.mdg-0000000007/2026/09/20260907T160616Z-615f6bfccb87.json.gz,2
who.gho.mdg-0000000007,MDG_0000000007:BFA:SEX_FMLE:AGEGROUP_YEARSUNDER5:WEALTHQUINTILE_TOTL,1958-01-01,2026-09-07T16:06:16Z,low,291.151073902,,who.gho.mdg-0000000007,raw/who.gho.mdg-0000000007/2026/09/20260907T160616Z-615f6bfccb87.json.gz,2
who.gho.mdg-0000000007,MDG_0000000007:BFA:SEX_FMLE:AGEGROUP_YEARSUNDER5:WEALTHQUINTILE_TOTL,1958-01-01,2026-09-07T16:06:16Z,restated_at,2026-08-05,,who.gho.mdg-0000000007,raw/who.gho.mdg-0000000007/2026/09/20260907T160616Z-615f6bfccb87.json.gz,2
who.gho.mdg-0000000007,MDG_0000000007:BFA:SEX_FMLE:AGEGROUP_YEARSUNDER5:WEALTHQUINTILE_TOTL,1958-01-01,2026-09-07T16:06:16Z,value,336.847971119,,who.gho.mdg-0000000007,raw/who.gho.mdg-0000000007/2026/09/20260907T160616Z-615f6bfccb87.json.gz,2
who.gho.mdg-0000000007,MDG_0000000007:BFA:SEX_MLE:AGEGROUP_YEARSUNDER5:WEALTHQUINTILE_TOTL,1958-01-01,2026-09-07T16:09:51Z,high,416.783861335,,who.gho.mdg-0000000007,raw/who.gho.mdg-0000000007/2026/09/20260907T160951Z-f1aadb832125.json.gz,2
who.gho.mdg-0000000007,MDG_0000000007:BFA:SEX_MLE:AGEGROUP_YEARSUNDER5:WEALTHQUINTILE_TOTL,1958-01-01,2026-09-07T16:09:51Z,low,314.934731826,,who.gho.mdg-0000000007,raw/who.gho.mdg-0000000007/2026/09/20260907T160951Z-f1aadb832125.json.gz,2
who.gho.mdg-0000000007,MDG_0000000007:BFA:SEX_MLE:AGEGROUP_YEARSUNDER5:WEALTHQUINTILE_TOTL,1958-01-01,2026-09-07T16:09:51Z,restated_at,2026-08-05,,who.gho.mdg-0000000007,raw/who.gho.mdg-0000000007/2026/09/20260907T160951Z-f1aadb832125.json.gz,2
who.gho.mdg-0000000007,MDG_0000000007:BFA:SEX_MLE:AGEGROUP_YEARSUNDER5:WEALTHQUINTILE_TOTL,1958-01-01,2026-09-07T16:09:51Z,value,363.502345897,,who.gho.mdg-0000000007,raw/who.gho.mdg-0000000007/2026/09/20260907T160951Z-f1aadb832125.json.gz,2
who.gho.mdg-0000000007,MDG_0000000007:BGD:SEX_BTSX:AGEGROUP_YEARSUNDER5:WEALTHQUINTILE_TOTL,1958-01-01,2026-09-07T16:05:52Z,high,309.16419576,,who.gho.mdg-0000000007,raw/who.gho.mdg-0000000007/2026/09/20260907T160552Z-f44dce2e8a23.json.gz,2
who.gho.mdg-0000000007,MDG_0000000007:BGD:SEX_BTSX:AGEGROUP_YEARSUNDER5:WEALTHQUINTILE_TOTL,1958-01-01,2026-09-07T16:05:52Z,low,251.972660533,,who.gho.mdg-0000000007,raw/who.gho.mdg-0000000007/2026/09/20260907T160552Z-f44dce2e8a23.json.gz,2
who.gho.mdg-0000000007,MDG_0000000007:BGD:SEX_BTSX:AGEGROUP_YEARSUNDER5:WEALTHQUINTILE_TOTL,1958-01-01,2026-09-07T16:05:52Z,restated_at,2026-08-05,,who.gho.mdg-0000000007,raw/who.gho.mdg-0000000007/2026/09/20260907T160552Z-f44dce2e8a23.json.gz,2
who.gho.mdg-0000000007,MDG_0000000007:BGD:SEX_BTSX:AGEGROUP_YEARSUNDER5:WEALTHQUINTILE_TOTL,1958-01-01,2026-09-07T16:05:52Z,value,278.370629429,,who.gho.mdg-0000000007,raw/who.gho.mdg-0000000007/2026/09/20260907T160552Z-f44dce2e8a23.json.gz,2
who.gho.mdg-0000000007,MDG_0000000007:BGD:SEX_FMLE:AGEGROUP_YEARSUNDER5:WEALTHQUINTILE_TOTL,1958-01-01,2026-09-07T16:05:57Z,high,301.114684866,,who.gho.mdg-0000000007,raw/who.gho.mdg-0000000007/2026/09/20260907T160557Z-c8e786907d46.json.gz,2
who.gho.mdg-0000000007,MDG_0000000007:BGD:SEX_FMLE:AGEGROUP_YEARSUNDER5:WEALTHQUINTILE_TOTL,1958-01-01,2026-09-07T16:05:57Z,low,243.701502033,,who.gho.mdg-0000000007,raw/who.gho.mdg-0000000007/2026/09/20260907T160557Z-c8e786907d46.json.gz,2
who.gho.mdg-0000000007,MDG_0000000007:BGD:SEX_FMLE:AGEGROUP_YEARSUNDER5:WEALTHQUINTILE_TOTL,1958-01-01,2026-09-07T16:05:57Z,restated_at,2026-08-05,,who.gho.mdg-0000000007,raw/who.gho.mdg-0000000007/2026/09/20260907T160557Z-c8e786907d46.json.gz,2
who.gho.mdg-0000000007,MDG_0000000007:BGD:SEX_FMLE:AGEGROUP_YEARSUNDER5:WEALTHQUINTILE_TOTL,1958-01-01,2026-09-07T16:05:57Z,value,270.897732262,,who.gho.mdg-0000000007,raw/who.gho.mdg-0000000007/2026/09/20260907T160557Z-c8e786907d46.json.gz,2
who.gho.mdg-0000000007,MDG_0000000007:BGD:SEX_MLE:AGEGROUP_YEARSUNDER5:WEALTHQUINTILE_TOTL,1958-01-01,2026-09-07T16:05:22Z,high,318.778863859,,who.gho.mdg-0000000007,raw/who.gho.mdg-0000000007/2026/09/20260907T160522Z-2bd49e664eea.json.gz,2
who.gho.mdg-0000000007,MDG_0000000007:BGD:SEX_MLE:AGEGROUP_YEARSUNDER5:WEALTHQUINTILE_TOTL,1958-01-01,2026-09-07T16:05:22Z,low,257.91317181,,who.gho.mdg-0000000007,raw/who.gho.mdg-0000000007/2026/09/20260907T160522Z-2bd49e664eea.json.gz,2
who.gho.mdg-0000000007,MDG_0000000007:BGD:SEX_MLE:AGEGROUP_YEARSUNDER5:WEALTHQUINTILE_TOTL,1958-01-01,2026-09-07T16:05:22Z,restated_at,2026-08-05,,who.gho.mdg-0000000007,raw/who.gho.mdg-0000000007/2026/09/20260907T160522Z-2bd49e664eea.json.gz,2
who.gho.mdg-0000000007,MDG_0000000007:BGD:SEX_MLE:AGEGROUP_YEARSUNDER5:WEALTHQUINTILE_TOTL,1958-01-01,2026-09-07T16:05:22Z,value,285.882579878,,who.gho.mdg-0000000007,raw/who.gho.mdg-0000000007/2026/09/20260907T160522Z-2bd49e664eea.json.gz,2
who.gho.mdg-0000000007,MDG_0000000007:BGR:SEX_BTSX:AGEGROUP_YEARSUNDER5:WEALTHQUINTILE_TOTL,1958-01-01,2026-09-07T16:11:14Z,high,74.176333639,,who.gho.mdg-0000000007,raw/who.gho.mdg-0000000007/2026/09/20260907T161114Z-c1ae2408f442.json.gz,2
who.gho.mdg-0000000007,MDG_0000000007:BGR:SEX_BTSX:AGEGROUP_YEARSUNDER5:WEALTHQUINTILE_TOTL,1958-01-01,2026-09-07T16:11:14Z,low,64.629805296,,who.gho.mdg-0000000007,raw/who.gho.mdg-0000000007/2026/09/20260907T161114Z-c1ae2408f442.json.gz,2
who.gho.mdg-0000000007,MDG_0000000007:BGR:SEX_BTSX:AGEGROUP_YEARSUNDER5:WEALTHQUINTILE_TOTL,1958-01-01,2026-09-07T16:11:14Z,restated_at,2026-08-05,,who.gho.mdg-0000000007,raw/who.gho.mdg-0000000007/2026/09/20260907T161114Z-c1ae2408f442.json.gz,2
who.gho.mdg-0000000007,MDG_0000000007:BGR:SEX_BTSX:AGEGROUP_YEARSUNDER5:WEALTHQUINTILE_TOTL,1958-01-01,2026-09-07T16:11:14Z,value,69.137260869,,who.gho.mdg-0000000007,raw/who.gho.mdg-0000000007/2026/09/20260907T161114Z-c1ae2408f442.json.gz,2
who.gho.mdg-0000000007,MDG_0000000007:BGR:SEX_FMLE:AGEGROUP_YEARSUNDER5:WEALTHQUINTILE_TOTL,1958-01-01,2026-09-07T16:06:34Z,high,68.561588007,,who.gho.mdg-0000000007,raw/who.gho.mdg-0000000007/2026/09/20260907T160634Z-2774fa4e213c.json.gz,2
who.gho.mdg-0000000007,MDG_0000000007:BGR:SEX_FMLE:AGEGROUP_YEARSUNDER5:WEALTHQUINTILE_TOTL,1958-01-01,2026-09-07T16:06:34Z,low,59.223163226,,who.gho.mdg-0000000007,raw/who.gho.mdg-0000000007/2026/09/20260907T160634Z-2774fa4e213c.json.gz,2
who.gho.mdg-0000000007,MDG_0000000007:BGR:SEX_FMLE:AGEGROUP_YEARSUNDER5:WEALTHQUINTILE_TOTL,1958-01-01,2026-09-07T16:06:34Z,restated_at,2026-08-05,,who.gho.mdg-0000000007,raw/who.gho.mdg-0000000007/2026/09/20260907T160634Z-2774fa4e213c.json.gz,2
who.gho.mdg-0000000007,MDG_0000000007:BGR:SEX_FMLE:AGEGROUP_YEARSUNDER5:WEALTHQUINTILE_TOTL,1958-01-01,2026-09-07T16:06:34Z,value,63.593540869,,who.gho.mdg-0000000007,raw/who.gho.mdg-0000000007/2026/09/20260907T160634Z-2774fa4e213c.json.gz,2
who.gho.mdg-0000000007,MDG_0000000007:BGR:SEX_MLE:AGEGROUP_YEARSUNDER5:WEALTHQUINTILE_TOTL,1958-01-01,2026-09-07T16:05:06Z,high,79.936849965,,who.gho.mdg-0000000007,raw/who.gho.mdg-0000000007/2026/09/20260907T160506Z-a219a21e2a4a.json.gz,2
who.gho.mdg-0000000007,MDG_0000000007:BGR:SEX_MLE:AGEGROUP_YEARSUNDER5:WEALTHQUINTILE_TOTL,1958-01-01,2026-09-07T16:05:06Z,low,69.347764445,,who.gho.mdg-0000000007,raw/who.gho.mdg-0000000007/2026/09/20260907T160506Z-a219a21e2a4a.json.gz,2
who.gho.mdg-0000000007,MDG_0000000007:BGR:SEX_MLE:AGEGROUP_YEARSUNDER5:WEALTHQUINTILE_TOTL,1958-01-01,2026-09-07T16:05:06Z,restated_at,2026-08-05,,who.gho.mdg-0000000007,raw/who.gho.mdg-0000000007/2026/09/20260907T160506Z-a219a21e2a4a.json.gz,2
who.gho.mdg-0000000007,MDG_0000000007:BGR:SEX_MLE:AGEGROUP_YEARSUNDER5:WEALTHQUINTILE_TOTL,1958-01-01,2026-09-07T16:05:06Z,value,74.374303589,,who.gho.mdg-0000000007,raw/who.gho.mdg-0000000007/2026/09/20260907T160506Z-a219a21e2a4a.json.gz,2
who.gho.mdg-0000000007,MDG_0000000007:BHR:SEX_BTSX:AGEGROUP_YEARSUNDER5:WEALTHQUINTILE_TOTL,1958-01-01,2026-09-07T16:06:21Z,high,279.268422089,,who.gho.mdg-0000000007,raw/who.gho.mdg-0000000007/2026/09/20260907T160621Z-1819ad2538c7.json.gz,2
who.gho.mdg-0000000007,MDG_0000000007:BHR:SEX_BTSX:AGEGROUP_YEARSUNDER5:WEALTHQUINTILE_TOTL,1958-01-01,2026-09-07T16:06:21Z,low,195.669560486,,who.gho.mdg-0000000007,raw/who.gho.mdg-0000000007/2026/09/20260907T160621Z-1819ad2538c7.json.gz,2
who.gho.mdg-0000000007,MDG_0000000007:BHR:SEX_BTSX:AGEGROUP_YEARSUNDER5:WEALTHQUINTILE_TOTL,1958-01-01,2026-09-07T16:06:21Z,restated_at,2026-08-05,,who.gho.mdg-0000000007,raw/who.gho.mdg-0000000007/2026/09/20260907T160621Z-1819ad2538c7.json.gz,2
who.gho.mdg-0000000007,MDG_0000000007:BHR:SEX_BTSX:AGEGROUP_YEARSUNDER5:WEALTHQUINTILE_TOTL,1958-01-01,2026-09-07T16:06:21Z,value,233.667584679,,who.gho.mdg-0000000007,raw/who.gho.mdg-0000000007/2026/09/20260907T160621Z-1819ad2538c7.json.gz,2
who.gho.mdg-0000000007,MDG_0000000007:BHR:SEX_FMLE:AGEGROUP_YEARSUNDER5:WEALTHQUINTILE_TOTL,1958-01-01,2026-09-07T16:08:45Z,high,280.674424742,,who.gho.mdg-0000000007,raw/who.gho.mdg-0000000007/2026/09/20260907T160845Z-9b23f1f1b45b.json.gz,2
who.gho.mdg-0000000007,MDG_0000000007:BHR:SEX_FMLE:AGEGROUP_YEARSUNDER5:WEALTHQUINTILE_TOTL,1958-01-01,2026-09-07T16:08:45Z,low,193.5726273,,who.gho.mdg-0000000007,raw/who.gho.mdg-0000000007/2026/09/20260907T160845Z-9b23f1f1b45b.json.gz,2
who.gho.mdg-0000000007,MDG_0000000007:BHR:SEX_FMLE:AGEGROUP_YEARSUNDER5:WEALTHQUINTILE_TOTL,1958-01-01,2026-09-07T16:08:45Z,restated_at,2026-08-05,,who.gho.mdg-0000000007,raw/who.gho.mdg-0000000007/2026/09/20260907T160845Z-9b23f1f1b45b.json.gz,2
who.gho.mdg-0000000007,MDG_0000000007:BHR:SEX_FMLE:AGEGROUP_YEARSUNDER5:WEALTHQUINTILE_TOTL,1958-01-01,2026-09-07T16:08:45Z,value,232.158272732,,who.gho.mdg-0000000007,raw/who.gho.mdg-0000000007/2026/09/20260907T160845Z-9b23f1f1b45b.json.gz,2
who.gho.mdg-0000000007,MDG_0000000007:BHR:SEX_MLE:AGEGROUP_YEARSUNDER5:WEALTHQUINTILE_TOTL,1958-01-01,2026-09-07T16:06:34Z,high,282.29030962,,who.gho.mdg-0000000007,raw/who.gho.mdg-0000000007/2026/09/20260907T160634Z-2774fa4e213c.json.gz,2
who.gho.mdg-0000000007,MDG_0000000007:BHR:SEX_MLE:AGEGROUP_YEARSUNDER5:WEALTHQUINTILE_TOTL,1958-01-01,2026-09-07T16:06:34Z,low,195.917522164,,who.gho.mdg-0000000007,raw/who.gho.mdg-0000000007/2026/09/20260907T160634Z-2774fa4e213c.json.gz,2
who.gho.mdg-0000000007,MDG_0000000007:BHR:SEX_MLE:AGEGROUP_YEARSUNDER5:WEALTHQUINTILE_TOTL,1958-01-01,2026-09-07T16:06:34Z,restated_at,2026-08-05,,who.gho.mdg-0000000007,raw/who.gho.mdg-0000000007/2026/09/20260907T160634Z-2774fa4e213c.json.gz,2
who.gho.mdg-0000000007,MDG_0000000007:BHR:SEX_MLE:AGEGROUP_YEARSUNDER5:WEALTHQUINTILE_TOTL,1958-01-01,2026-09-07T16:06:34Z,value,234.761809352,,who.gho.mdg-0000000007,raw/who.gho.mdg-0000000007/2026/09/20260907T160634Z-2774fa4e213c.json.gz,2
who.gho.mdg-0000000007,MDG_0000000007:BLR:SEX_BTSX:AGEGROUP_YEARSUNDER5:WEALTHQUINTILE_TOTL,1958-01-01,2026-09-07T16:09:54Z,high,65.120398571,,who.gho.mdg-0000000007,raw/who.gho.mdg-0000000007/2026/09/20260907T160954Z-3426e3999bb4.json.gz,2
who.gho.mdg-0000000007,MDG_0000000007:BLR:SEX_BTSX:AGEGROUP_YEARSUNDER5:WEALTHQUINTILE_TOTL,1958-01-01,2026-09-07T16:09:54Z,low,47.944426032,,who.gho.mdg-0000000007,raw/who.gho.mdg-0000000007/2026/09/20260907T160954Z-3426e3999bb4.json.gz,2
who.gho.mdg-0000000007,MDG_0000000007:BLR:SEX_BTSX:AGEGROUP_YEARSUNDER5:WEALTHQUINTILE_TOTL,1958-01-01,2026-09-07T16:09:54Z,restated_at,2026-08-05,,who.gho.mdg-0000000007,raw/who.gho.mdg-0000000007/2026/09/20260907T160954Z-3426e3999bb4.json.gz,2
who.gho.mdg-0000000007,MDG_0000000007:BLR:SEX_BTSX:AGEGROUP_YEARSUNDER5:WEALTHQUINTILE_TOTL,1958-01-01,2026-09-07T16:09:54Z,value,55.726409151,,who.gho.mdg-0000000007,raw/who.gho.mdg-0000000007/2026/09/20260907T160954Z-3426e3999bb4.json.gz,2
who.gho.mdg-0000000007,MDG_0000000007:BLR:SEX_FMLE:AGEGROUP_YEARSUNDER5:WEALTHQUINTILE_TOTL,1958-01-01,2026-09-07T16:08:50Z,high,57.508919709,,who.gho.mdg-0000000007,raw/who.gho.mdg-0000000007/2026/09/20260907T160850Z-957169f3a50e.json.gz,2
who.gho.mdg-0000000007,MDG_0000000007:BLR:SEX_FMLE:AGEGROUP_YEARSUNDER5:WEALTHQUINTILE_TOTL,1958-01-01,2026-09-07T16:08:50Z,low,41.760209697,,who.gho.mdg-0000000007,raw/who.gho.mdg-0000000007/2026/09/20260907T160850Z-957169f3a50e.json.gz,2
who.gho.mdg-0000000007,MDG_0000000007:BLR:SEX_FMLE:AGEGROUP_YEARSUNDER5:WEALTHQUINTILE_TOTL,1958-01-01,2026-09-07T16:08:50Z,restated_at,2026-08-05,,who.gho.mdg-0000000007,raw/who.gho.mdg-0000000007/2026/09/20260907T160850Z-957169f3a50e.json.gz,2
who.gho.mdg-0000000007,MDG_0000000007:BLR:SEX_FMLE:AGEGROUP_YEARSUNDER5:WEALTHQUINTILE_TOTL,1958-01-01,2026-09-07T16:08:50Z,value,48.909246647,,who.gho.mdg-0000000007,raw/who.gho.mdg-0000000007/2026/09/20260907T160850Z-957169f3a50e.json.gz,2
who.gho.mdg-0000000007,MDG_0000000007:BLR:SEX_MLE:AGEGROUP_YEARSUNDER5:WEALTHQUINTILE_TOTL,1958-01-01,2026-09-07T16:05:38Z,high,73.014503787,,who.gho.mdg-0000000007,raw/who.gho.mdg-0000000007/2026/09/20260907T160538Z-28a5f6808180.json.gz,2
who.gho.mdg-0000000007,MDG_0000000007:BLR:SEX_MLE:AGEGROUP_YEARSUNDER5:WEALTHQUINTILE_TOTL,1958-01-01,2026-09-07T16:05:38Z,low,53.327271578,,who.gho.mdg-0000000007,raw/who.gho.mdg-0000000007/2026/09/20260907T160538Z-28a5f6808180.json.gz,2
who.gho.mdg-0000000007,MDG_0000000007:BLR:SEX_MLE:AGEGROUP_YEARSUNDER5:WEALTHQUINTILE_TOTL,1958-01-01,2026-09-07T16:05:38Z,restated_at,2026-08-05,,who.gho.mdg-0000000007,raw/who.gho.mdg-0000000007/2026/09/20260907T160538Z-28a5f6808180.json.gz,2
who.gho.mdg-0000000007,MDG_0000000007:BLR:SEX_MLE:AGEGROUP_YEARSUNDER5:WEALTHQUINTILE_TOTL,1958-01-01,2026-09-07T16:05:38Z,value,62.204681452,,who.gho.mdg-0000000007,raw/who.gho.mdg-0000000007/2026/09/20260907T160538Z-28a5f6808180.json.gz,2
who.gho.mdg-0000000007,MDG_0000000007:BRA:SEX_BTSX:AGEGROUP_YEARSUNDER5:WEALTHQUINTILE_TOTL,1958-01-01,2026-09-07T16:08:59Z,high,198.07133309,,who.gho.mdg-0000000007,raw/who.gho.mdg-0000000007/2026/09/20260907T160859Z-81b3460c41a8.json.gz,2
who.gho.mdg-0000000007,MDG_0000000007:BRA:SEX_BTSX:AGEGROUP_YEARSUNDER5:WEALTHQUINTILE_TOTL,1958-01-01,2026-09-07T16:08:59Z,low,164.158465181,,who.gho.mdg-0000000007,raw/who.gho.mdg-0000000007/2026/09/20260907T160859Z-81b3460c41a8.json.gz,2
who.gho.mdg-0000000007,MDG_0000000007:BRA:SEX_BTSX:AGEGROUP_YEARSUNDER5:WEALTHQUINTILE_TOTL,1958-01-01,2026-09-07T16:08:59Z,restated_at,2026-08-05,,who.gho.mdg-0000000007,raw/who.gho.mdg-0000000007/2026/09/20260907T160859Z-81b3460c41a8.json.gz,2
who.gho.mdg-0000000007,MDG_0000000007:BRA:SEX_BTSX:AGEGROUP_YEARSUNDER5:WEALTHQUINTILE_TOTL,1958-01-01,2026-09-07T16:08:59Z,value,179.708683008,,who.gho.mdg-0000000007,raw/who.gho.mdg-0000000007/2026/09/20260907T160859Z-81b3460c41a8.json.gz,2
who.gho.mdg-0000000007,MDG_0000000007:BRA:SEX_FMLE:AGEGROUP_YEARSUNDER5:WEALTHQUINTILE_TOTL,1958-01-01,2026-09-07T16:09:59Z,high,184.034635891,,who.gho.mdg-0000000007,raw/who.gho.mdg-0000000007/2026/09/20260907T160959Z-e41937f31aea.json.gz,2
who.gho.mdg-0000000007,MDG_0000000007:BRA:SEX_FMLE:AGEGROUP_YEARSUNDER5:WEALTHQUINTILE_TOTL,1958-01-01,2026-09-07T16:09:59Z,low,150.332194456,,who.gho.mdg-0000000007,raw/who.gho.mdg-0000000007/2026/09/20260907T160959Z-e41937f31aea.json.gz,2
who.gho.mdg-0000000007,MDG_0000000007:BRA:SEX_FMLE:AGEGROUP_YEARSUNDER5:WEALTHQUINTILE_TOTL,1958-01-01,2026-09-07T16:09:59Z,restated_at,2026-08-05,,who.gho.mdg-0000000007,raw/who.gho.mdg-0000000007/2026/09/20260907T160959Z-e41937f31aea.json.gz,2
who.gho.mdg-0000000007,MDG_0000000007:BRA:SEX_FMLE:AGEGROUP_YEARSUNDER5:WEALTHQUINTILE_TOTL,1958-01-01,2026-09-07T16:09:59Z,value,166.002225473,,who.gho.mdg-0000000007,raw/who.gho.mdg-0000000007/2026/09/20260907T160959Z-e41937f31aea.json.gz,2
who.gho.mdg-0000000007,MDG_0000000007:BRA:SEX_MLE:AGEGROUP_YEARSUNDER5:WEALTHQUINTILE_TOTL,1958-01-01,2026-09-07T16:05:22Z,high,213.657683821,,who.gho.mdg-0000000007,raw/who.gho.mdg-0000000007/2026/09/20260907T160522Z-2bd49e664eea.json.gz,2
who.gho.mdg-0000000007,MDG_0000000007:BRA:SEX_MLE:AGEGROUP_YEARSUNDER5:WEALTHQUINTILE_TOTL,1958-01-01,2026-09-07T16:05:22Z,low,175.073156308,,who.gho.mdg-0000000007,raw/who.gho.mdg-0000000007/2026/09/20260907T160522Z-2bd49e664eea.json.gz,2
who.gho.mdg-0000000007,MDG_0000000007:BRA:SEX_MLE:AGEGROUP_YEARSUNDER5:WEALTHQUINTILE_TOTL,1958-01-01,2026-09-07T16:05:22Z,restated_at,2026-08-05,,who.gho.mdg-0000000007,raw/who.gho.mdg-0000000007/2026/09/20260907T160522Z-2bd49e664eea.json.gz,2
who.gho.mdg-0000000007,MDG_0000000007:BRA:SEX_MLE:AGEGROUP_YEARSUNDER5:WEALTHQUINTILE_TOTL,1958-01-01,2026-09-07T16:05:22Z,value,192.882905892,,who.gho.mdg-0000000007,raw/who.gho.mdg-0000000007/2026/09/20260907T160522Z-2bd49e664eea.json.gz,2
who.gho.mdg-0000000007,MDG_0000000007:BRB:SEX_BTSX:AGEGROUP_YEARSUNDER5:WEALTHQUINTILE_TOTL,1958-01-01,2026-09-07T16:10:53Z,high,103.890182573,,who.gho.mdg-0000000007,raw/who.gho.mdg-0000000007/2026/09/20260907T161053Z-9a5808e2a757.json.gz,2
who.gho.mdg-0000000007,MDG_0000000007:BRB:SEX_BTSX:AGEGROUP_YEARSUNDER5:WEALTHQUINTILE_TOTL,1958-01-01,2026-09-07T16:10:53Z,low,98.48457185,,who.gho.mdg-0000000007,raw/who.gho.mdg-0000000007/2026/09/20260907T161053Z-9a5808e2a757.json.gz,2
who.gho.mdg-0000000007,MDG_0000000007:BRB:SEX_BTSX:AGEGROUP_YEARSUNDER5:WEALTHQUINTILE_TOTL,1958-01-01,2026-09-07T16:10:53Z,restated_at,2026-08-05,,who.gho.mdg-0000000007,raw/who.gho.mdg-0000000007/2026/09/20260907T161053Z-9a5808e2a757.json.gz,2
who.gho.mdg-0000000007,MDG_0000000007:BRB:SEX_BTSX:AGEGROUP_YEARSUNDER5:WEALTHQUINTILE_TOTL,1958-01-01,2026-09-07T16:10:53Z,value,101.170875312,,who.gho.mdg-0000000007,raw/who.gho.mdg-0000000007/2026/09/20260907T161053Z-9a5808e2a757.json.gz,2
who.gho.mdg-0000000007,MDG_0000000007:BRB:SEX_FMLE:AGEGROUP_YEARSUNDER5:WEALTHQUINTILE_TOTL,1958-01-01,2026-09-07T16:10:58Z,high,96.859649712,,who.gho.mdg-0000000007,raw/who.gho.mdg-0000000007/2026/09/20260907T161058Z-4d8f6ed35960.json.gz,2
who.gho.mdg-0000000007,MDG_0000000007:BRB:SEX_FMLE:AGEGROUP_YEARSUNDER5:WEALTHQUINTILE_TOTL,1958-01-01,2026-09-07T16:10:58Z,low,90.486009074,,who.gho.mdg-0000000007,raw/who.gho.mdg-0000000007/2026/09/20260907T161058Z-4d8f6ed35960.json.gz,2
who.gho.mdg-0000000007,MDG_0000000007:BRB:SEX_FMLE:AGEGROUP_YEARSUNDER5:WEALTHQUINTILE_TOTL,1958-01-01,2026-09-07T16:10:58Z,restated_at,2026-08-05,,who.gho.mdg-0000000007,raw/who.gho.mdg-0000000007/2026/09/20260907T161058Z-4d8f6ed35960.json.gz,2
who.gho.mdg-0000000007,MDG_0000000007:BRB:SEX_FMLE:AGEGROUP_YEARSUNDER5:WEALTHQUINTILE_TOTL,1958-01-01,2026-09-07T16:10:58Z,value,93.654243655,,who.gho.mdg-0000000007,raw/who.gho.mdg-0000000007/2026/09/20260907T161058Z-4d8f6ed35960.json.gz,2
who.gho.mdg-0000000007,MDG_0000000007:BRB:SEX_MLE:AGEGROUP_YEARSUNDER5:WEALTHQUINTILE_TOTL,1958-01-01,2026-09-07T16:09:03Z,high,111.719277525,,who.gho.mdg-0000000007,raw/who.gho.mdg-0000000007/2026/09/20260907T160903Z-df09845b881e.json.gz,2
who.gho.mdg-0000000007,MDG_0000000007:BRB:SEX_MLE:AGEGROUP_YEARSUNDER5:WEALTHQUINTILE_TOTL,1958-01-01,2026-09-07T16:09:03Z,low,104.925505092,,who.gho.mdg-0000000007,raw/who.gho.mdg-0000000007/2026/09/20260907T160903Z-df09845b881e.json.gz,2
who.gho.mdg-0000000007,MDG_0000000007:BRB:SEX_MLE:AGEGROUP_YEARSUNDER5:WEALTHQUINTILE_TOTL,1958-01-01,2026-09-07T16:09:03Z,restated_at,2026-08-05,,who.gho.mdg-0000000007,raw/who.gho.mdg-0000000007/2026/09/20260907T160903Z-df09845b881e.json.gz,2
who.gho.mdg-0000000007,MDG_0000000007:BRB:SEX_MLE:AGEGROUP_YEARSUNDER5:WEALTHQUINTILE_TOTL,1958-01-01,2026-09-07T16:09:03Z,value,108.283461683,,who.gho.mdg-0000000007,raw/who.gho.mdg-0000000007/2026/09/20260907T160903Z-df09845b881e.json.gz,2
who.gho.mdg-0000000007,MDG_0000000007:BRN:SEX_BTSX:AGEGROUP_YEARSUNDER5:WEALTHQUINTILE_TOTL,1958-01-01,2026-09-07T16:11:14Z,high,121.644263289,,who.gho.mdg-0000000007,raw/who.gho.mdg-0000000007/2026/09/20260907T161114Z-c1ae2408f442.json.gz,2
who.gho.mdg-0000000007,MDG_0000000007:BRN:SEX_BTSX:AGEGROUP_YEARSUNDER5:WEALTHQUINTILE_TOTL,1958-01-01,2026-09-07T16:11:14Z,low,89.757732656,,who.gho.mdg-0000000007,raw/who.gho.mdg-0000000007/2026/09/20260907T161114Z-c1ae2408f442.json.gz,2
who.gho.mdg-0000000007,MDG_0000000007:BRN:SEX_BTSX:AGEGROUP_YEARSUNDER5:WEALTHQUINTILE_TOTL,1958-01-01,2026-09-07T16:11:14Z,restated_at,2026-08-05,,who.gho.mdg-0000000007,raw/who.gho.mdg-0000000007/2026/09/20260907T161114Z-c1ae2408f442.json.gz,2
who.gho.mdg-0000000007,MDG_0000000007:BRN:SEX_BTSX:AGEGROUP_YEARSUNDER5:WEALTHQUINTILE_TOTL,1958-01-01,2026-09-07T16:11:14Z,value,104.362176823,,who.gho.mdg-0000000007,raw/who.gho.mdg-0000000007/2026/09/20260907T161114Z-c1ae2408f442.json.gz,2
who.gho.mdg-0000000007,MDG_0000000007:BRN:SEX_FMLE:AGEGROUP_YEARSUNDER5:WEALTHQUINTILE_TOTL,1958-01-01,2026-09-07T16:08:38Z,high,115.324744547,,who.gho.mdg-0000000007,raw/who.gho.mdg-0000000007/2026/09/20260907T160838Z-ad9f959b97c6.json.gz,2
who.gho.mdg-0000000007,MDG_0000000007:BRN:SEX_FMLE:AGEGROUP_YEARSUNDER5:WEALTHQUINTILE_TOTL,1958-01-01,2026-09-07T16:08:38Z,low,84.472439256,,who.gho.mdg-0000000007,raw/who.gho.mdg-0000000007/2026/09/20260907T160838Z-ad9f959b97c6.json.gz,2
who.gho.mdg-0000000007,MDG_0000000007:BRN:SEX_FMLE:AGEGROUP_YEARSUNDER5:WEALTHQUINTILE_TOTL,1958-01-01,2026-09-07T16:08:38Z,restated_at,2026-08-05,,who.gho.mdg-0000000007,raw/who.gho.mdg-0000000007/2026/09/20260907T160838Z-ad9f959b97c6.json.gz,2
who.gho.mdg-0000000007,MDG_0000000007:BRN:SEX_FMLE:AGEGROUP_YEARSUNDER5:WEALTHQUINTILE_TOTL,1958-01-01,2026-09-07T16:08:38Z,value,98.503735057,,who.gho.mdg-0000000007,raw/who.gho.mdg-0000000007/2026/09/20260907T160838Z-ad9f959b97c6.json.gz,2
who.gho.mdg-0000000007,MDG_0000000007:BRN:SEX_MLE:AGEGROUP_YEARSUNDER5:WEALTHQUINTILE_TOTL,1958-01-01,2026-09-07T16:08:45Z,high,128.285848639,,who.gho.mdg-0000000007,raw/who.gho.mdg-0000000007/2026/09/20260907T160845Z-9b23f1f1b45b.json.gz,2
who.gho.mdg-0000000007,MDG_0000000007:BRN:SEX_MLE:AGEGROUP_YEARSUNDER5:WEALTHQUINTILE_TOTL,1958-01-01,2026-09-07T16:08:45Z,low,94.275399363,,who.gho.mdg-0000000007,raw/who.gho.mdg-0000000007/2026/09/20260907T160845Z-9b23f1f1b45b.json.gz,2
who.gho.mdg-0000000007,MDG_0000000007:BRN:SEX_MLE:AGEGROUP_YEARSUNDER5:WEALTHQUINTILE_TOTL,1958-01-01,2026-09-07T16:08:45Z,restated_at,2026-08-05,,who.gho.mdg-0000000007,raw/who.gho.mdg-0000000007/2026/09/20260907T160845Z-9b23f1f1b45b.json.gz,2
who.gho.mdg-0000000007,MDG_0000000007:BRN:SEX_MLE:AGEGROUP_YEARSUNDER5:WEALTHQUINTILE_TOTL,1958-01-01,2026-09-07T16:08:45Z,value,109.939713541,,who.gho.mdg-0000000007,raw/who.gho.mdg-0000000007/2026/09/20260907T160845Z-9b23f1f1b45b.json.gz,2
who.gho.mdg-0000000007,MDG_0000000007:BWA:SEX_BTSX:AGEGROUP_YEARSUNDER5:WEALTHQUINTILE_TOTL,1958-01-01,2026-09-07T16:06:07Z,high,221.047944775,,who.gho.mdg-0000000007,raw/who.gho.mdg-0000000007/2026/09/20260907T160607Z-9445f1b065fa.json.gz,2
who.gho.mdg-0000000007,MDG_0000000007:BWA:SEX_BTSX:AGEGROUP_YEARSUNDER5:WEALTHQUINTILE_TOTL,1958-01-01,2026-09-07T16:06:07Z,low,143.300024344,,who.gho.mdg-0000000007,raw/who.gho.mdg-0000000007/2026/09/20260907T160607Z-9445f1b065fa.json.gz,2
who.gho.mdg-0000000007,MDG_0000000007:BWA:SEX_BTSX:AGEGROUP_YEARSUNDER5:WEALTHQUINTILE_TOTL,1958-01-01,2026-09-07T16:06:07Z,restated_at,2026-08-05,,who.gho.mdg-0000000007,raw/who.gho.mdg-0000000007/2026/09/20260907T160607Z-9445f1b065fa.json.gz,2
who.gho.mdg-0000000007,MDG_0000000007:BWA:SEX_BTSX:AGEGROUP_YEARSUNDER5:WEALTHQUINTILE_TOTL,1958-01-01,2026-09-07T16:06:07Z,value,178.323088242,,who.gho.mdg-0000000007,raw/who.gho.mdg-0000000007/2026/09/20260907T160607Z-9445f1b065fa.json.gz,2
who.gho.mdg-0000000007,MDG_0000000007:BWA:SEX_FMLE:AGEGROUP_YEARSUNDER5:WEALTHQUINTILE_TOTL,1958-01-01,2026-09-07T16:05:06Z,high,210.414729267,,who.gho.mdg-0000000007,raw/who.gho.mdg-0000000007/2026/09/20260907T160506Z-a219a21e2a4a.json.gz,2
who.gho.mdg-0000000007,MDG_0000000007:BWA:SEX_FMLE:AGEGROUP_YEARSUNDER5:WEALTHQUINTILE_TOTL,1958-01-01,2026-09-07T16:05:06Z,low,135.968989342,,who.gho.mdg-0000000007,raw/who.gho.mdg-0000000007/2026/09/20260907T160506Z-a219a21e2a4a.json.gz,2
who.gho.mdg-0000000007,MDG_0000000007:BWA:SEX_FMLE:AGEGROUP_YEARSUNDER5:WEALTHQUINTILE_TOTL,1958-01-01,2026-09-07T16:05:06Z,restated_at,2026-08-05,,who.gho.mdg-0000000007,raw/who.gho.mdg-0000000007/2026/09/20260907T160506Z-a219a21e2a4a.json.gz,2
who.gho.mdg-0000000007,MDG_0000000007:BWA:SEX_FMLE:AGEGROUP_YEARSUNDER5:WEALTHQUINTILE_TOTL,1958-01-01,2026-09-07T16:05:06Z,value,169.068179187,,who.gho.mdg-0000000007,raw/who.gho.mdg-0000000007/2026/09/20260907T160506Z-a219a21e2a4a.json.gz,2
who.gho.mdg-0000000007,MDG_0000000007:BWA:SEX_MLE:AGEGROUP_YEARSUNDER5:WEALTHQUINTILE_TOTL,1958-01-01,2026-09-07T16:09:03Z,high,232.515659264,,who.gho.mdg-0000000007,raw/who.gho.mdg-0000000007/2026/09/20260907T160903Z-df09845b881e.json.gz,2
who.gho.mdg-0000000007,MDG_0000000007:BWA:SEX_MLE:AGEGROUP_YEARSUNDER5:WEALTHQUINTILE_TOTL,1958-01-01,2026-09-07T16:09:03Z,low,149.670141729,,who.gho.mdg-0000000007,raw/who.gho.mdg-0000000007/2026/09/20260907T160903Z-df09845b881e.json.gz,2
who.gho.mdg-0000000007,MDG_0000000007:BWA:SEX_MLE:AGEGROUP_YEARSUNDER5:WEALTHQUINTILE_TOTL,1958-01-01,2026-09-07T16:09:03Z,restated_at,2026-08-05,,who.gho.mdg-0000000007,raw/who.gho.mdg-0000000007/2026/09/20260907T160903Z-df09845b881e.json.gz,2
who.gho.mdg-0000000007,MDG_0000000007:BWA:SEX_MLE:AGEGROUP_YEARSUNDER5:WEALTHQUINTILE_TOTL,1958-01-01,2026-09-07T16:09:03Z,value,186.837283546,,who.gho.mdg-0000000007,raw/who.gho.mdg-0000000007/2026/09/20260907T160903Z-df09845b881e.json.gz,2
who.gho.mdg-0000000007,MDG_0000000007:CAN:SEX_BTSX:AGEGROUP_YEARSUNDER5:WEALTHQUINTILE_TOTL,1958-01-01,2026-09-07T16:10:53Z,high,35.318703987,,who.gho.mdg-0000000007,raw/who.gho.mdg-0000000007/2026/09/20260907T161053Z-9a5808e2a757.json.gz,2
who.gho.mdg-0000000007,MDG_0000000007:CAN:SEX_BTSX:AGEGROUP_YEARSUNDER5:WEALTHQUINTILE_TOTL,1958-01-01,2026-09-07T16:10:53Z,low,34.109847823,,who.gho.mdg-0000000007,raw/who.gho.mdg-0000000007/2026/09/20260907T161053Z-9a5808e2a757.json.gz,2
who.gho.mdg-0000000007,MDG_0000000007:CAN:SEX_BTSX:AGEGROUP_YEARSUNDER5:WEALTHQUINTILE_TOTL,1958-01-01,2026-09-07T16:10:53Z,restated_at,2026-08-05,,who.gho.mdg-0000000007,raw/who.gho.mdg-0000000007/2026/09/20260907T161053Z-9a5808e2a757.json.gz,2
who.gho.mdg-0000000007,MDG_0000000007:CAN:SEX_BTSX:AGEGROUP_YEARSUNDER5:WEALTHQUINTILE_TOTL,1958-01-01,2026-09-07T16:10:53Z,value,34.708444047,,who.gho.mdg-0000000007,raw/who.gho.mdg-0000000007/2026/09/20260907T161053Z-9a5808e2a757.json.gz,2
who.gho.mdg-0000000007,MDG_0000000007:CAN:SEX_FMLE:AGEGROUP_YEARSUNDER5:WEALTHQUINTILE_TOTL,1958-01-01,2026-09-07T16:08:59Z,high,31.17834625,,who.gho.mdg-0000000007,raw/who.gho.mdg-0000000007/2026/09/20260907T160859Z-81b3460c41a8.json.gz,2
who.gho.mdg-0000000007,MDG_0000000007:CAN:SEX_FMLE:AGEGROUP_YEARSUNDER5:WEALTHQUINTILE_TOTL,1958-01-01,2026-09-07T16:08:59Z,low,29.979186581,,who.gho.mdg-0000000007,raw/who.gho.mdg-0000000007/2026/09/20260907T160859Z-81b3460c41a8.json.gz,2
who.gho.mdg-0000000007,MDG_0000000007:CAN:SEX_FMLE:AGEGROUP_YEARSUNDER5:WEALTHQUINTILE_TOTL,1958-01-01,2026-09-07T16:08:59Z,restated_at,2026-08-05,,who.gho.mdg-0000000007,raw/who.gho.mdg-0000000007/2026/09/20260907T160859Z-81b3460c41a8.json.gz,2
who.gho.mdg-0000000007,MDG_0000000007:CAN:SEX_FMLE:AGEGROUP_YEARSUNDER5:WEALTHQUINTILE_TOTL,1958-01-01,2026-09-07T16:08:59Z,value,30.566957976,,who.gho.mdg-0000000007,raw/who.gho.mdg-0000000007/2026/09/20260907T160859Z-81b3460c41a8.json.gz,2
who.gho.mdg-0000000007,MDG_0000000007:CAN:SEX_MLE:AGEGROUP_YEARSUNDER5:WEALTHQUINTILE_TOTL,1958-01-01,2026-09-07T16:06:11Z,high,39.38434586,,who.gho.mdg-0000000007,raw/who.gho.mdg-0000000007/2026/09/20260907T160611Z-e868f3030ca5.json.gz,2
who.gho.mdg-0000000007,MDG_0000000007:CAN:SEX_MLE:AGEGROUP_YEARSUNDER5:WEALTHQUINTILE_TOTL,1958-01-01,2026-09-07T16:06:11Z,low,37.936512207,,who.gho.mdg-0000000007,raw/who.gho.mdg-0000000007/2026/09/20260907T160611Z-e868f3030ca5.json.gz,2
who.gho.mdg-0000000007,MDG_0000000007:CAN:SEX_MLE:AGEGROUP_YEARSUNDER5:WEALTHQUINTILE_TOTL,1958-01-01,2026-09-07T16:06:11Z,restated_at,2026-08-05,,who.gho.mdg-0000000007,raw/who.gho.mdg-0000000007/2026/09/20260907T160611Z-e868f3030ca5.json.gz,2
who.gho.mdg-0000000007,MDG_0000000007:CAN:SEX_MLE:AGEGROUP_YEARSUNDER5:WEALTHQUINTILE_TOTL,1958-01-01,2026-09-07T16:06:11Z,value,38.656078905,,who.gho.mdg-0000000007,raw/who.gho.mdg-0000000007/2026/09/20260907T160611Z-e868f3030ca5.json.gz,2
who.gho.mdg-0000000007,MDG_0000000007:CHE:SEX_BTSX:AGEGROUP_YEARSUNDER5:WEALTHQUINTILE_TOTL,1958-01-01,2026-09-07T16:05:26Z,high,28.505436079,,who.gho.mdg-0000000007,raw/who.gho.mdg-0000000007/2026/09/20260907T160526Z-1363df2b3da0.json.gz,2
who.gho.mdg-0000000007,MDG_0000000007:CHE:SEX_BTSX:AGEGROUP_YEARSUNDER5:WEALTHQUINTILE_TOTL,1958-01-01,2026-09-07T16:05:26Z,low,27.343467966,,who.gho.mdg-0000000007,raw/who.gho.mdg-0000000007/2026/09/20260907T160526Z-1363df2b3da0.json.gz,2
who.gho.mdg-0000000007,MDG_0000000007:CHE:SEX_BTSX:AGEGROUP_YEARSUNDER5:WEALTHQUINTILE_TOTL,1958-01-01,2026-09-07T16:05:26Z,restated_at,2026-08-05,,who.gho.mdg-0000000007,raw/who.gho.mdg-0000000007/2026/09/20260907T160526Z-1363df2b3da0.json.gz,2
who.gho.mdg-0000000007,MDG_0000000007:CHE:SEX_BTSX:AGEGROUP_YEARSUNDER5:WEALTHQUINTILE_TOTL,1958-01-01,2026-09-07T16:05:26Z,value,27.936044207,,who.gho.mdg-0000000007,raw/who.gho.mdg-0000000007/2026/09/20260907T160526Z-1363df2b3da0.json.gz,2
who.gho.mdg-0000000007,MDG_0000000007:CHE:SEX_FMLE:AGEGROUP_YEARSUNDER5:WEALTHQUINTILE_TOTL,1958-01-01,2026-09-07T16:10:17Z,high,24.813687828,,who.gho.mdg-0000000007,raw/who.gho.mdg-0000000007/2026/09/20260907T161017Z-ca4dbf4e12d6.json.gz,2
who.gho.mdg-0000000007,MDG_0000000007:CHE:SEX_FMLE:AGEGROUP_YEARSUNDER5:WEALTHQUINTILE_TOTL,1958-01-01,2026-09-07T16:10:17Z,low,23.569523798,,who.gho.mdg-0000000007,raw/who.gho.mdg-0000000007/2026/09/20260907T161017Z-ca4dbf4e12d6.json.gz,2
who.gho.mdg-0000000007,MDG_0000000007:CHE:SEX_FMLE:AGEGROUP_YEARSUNDER5:WEALTHQUINTILE_TOTL,1958-01-01,2026-09-07T16:10:17Z,restated_at,2026-08-05,,who.gho.mdg-0000000007,raw/who.gho.mdg-0000000007/2026/09/20260907T161017Z-ca4dbf4e12d6.json.gz,2
who.gho.mdg-0000000007,MDG_0000000007:CHE:SEX_FMLE:AGEGROUP_YEARSUNDER5:WEALTHQUINTILE_TOTL,1958-01-01,2026-09-07T16:10:17Z,value,24.199590816,,who.gho.mdg-0000000007,raw/who.gho.mdg-0000000007/2026/09/20260907T161017Z-ca4dbf4e12d6.json.gz,2
who.gho.mdg-0000000007,MDG_0000000007:CHE:SEX_MLE:AGEGROUP_YEARSUNDER5:WEALTHQUINTILE_TOTL,1958-01-01,2026-09-07T16:05:52Z,high,32.239966507,,who.gho.mdg-0000000007,raw/who.gho.mdg-0000000007/2026/09/20260907T160552Z-f44dce2e8a23.json.gz,2
who.gho.mdg-0000000007,MDG_0000000007:CHE:SEX_MLE:AGEGROUP_YEARSUNDER5:WEALTHQUINTILE_TOTL,1958-01-01,2026-09-07T16:05:52Z,low,30.741350561,,who.gho.mdg-0000000007,raw/who.gho.mdg-0000000007/2026/09/20260907T160552Z-f44dce2e8a23.json.gz,2
who.gho.mdg-0000000007,MDG_0000000007:CHE:SEX_MLE:AGEGROUP_YEARSUNDER5:WEALTHQUINTILE_TOTL,1958-01-01,2026-09-07T16:05:52Z,restated_at,2026-08-05,,who.gho.mdg-0000000007,raw/who.gho.mdg-0000000007/2026/09/20260907T160552Z-f44dce2e8a23.json.gz,2
who.gho.mdg-0000000007,MDG_0000000007:CHE:SEX_MLE:AGEGROUP_YEARSUNDER5:WEALTHQUINTILE_TOTL,1958-01-01,2026-09-07T16:05:52Z,value,31.49256328,,who.gho.mdg-0000000007,raw/who.gho.mdg-0000000007/2026/09/20260907T160552Z-f44dce2e8a23.json.gz,2
who.gho.mdg-0000000007,MDG_0000000007:CHL:SEX_BTSX:AGEGROUP_YEARSUNDER5:WEALTHQUINTILE_TOTL,1958-01-01,2026-09-07T16:06:21Z,high,158.237338574,,who.gho.mdg-0000000007,raw/who.gho.mdg-0000000007/2026/09/20260907T160621Z-1819ad2538c7.json.gz,2
who.gho.mdg-0000000007,MDG_0000000007:CHL:SEX_BTSX:AGEGROUP_YEARSUNDER5:WEALTHQUINTILE_TOTL,1958-01-01,2026-09-07T16:06:21Z,low,150.775398546,,who.gho.mdg-0000000007,raw/who.gho.mdg-0000000007/2026/09/20260907T160621Z-1819ad2538c7.json.gz,2
who.gho.mdg-0000000007,MDG_0000000007:CHL:SEX_BTSX:AGEGROUP_YEARSUNDER5:WEALTHQUINTILE_TOTL,1958-01-01,2026-09-07T16:06:21Z,restated_at,2026-08-05,,who.gho.mdg-0000000007,raw/who.gho.mdg-0000000007/2026/09/20260907T160621Z-1819ad2538c7.json.gz,2
who.gho.mdg-0000000007,MDG_0000000007:CHL:SEX_BTSX:AGEGROUP_YEARSUNDER5:WEALTHQUINTILE_TOTL,1958-01-01,2026-09-07T16:06:21Z,value,154.432615037,,who.gho.mdg-0000000007,raw/who.gho.mdg-0000000007/2026/09/20260907T160621Z-1819ad2538c7.json.gz,2
who.gho.mdg-0000000007,MDG_0000000007:CHL:SEX_FMLE:AGEGROUP_YEARSUNDER5:WEALTHQUINTILE_TOTL,1958-01-01,2026-09-07T16:09:08Z,high,149.924581263,,who.gho.mdg-0000000007,raw/who.gho.mdg-0000000007/2026/09/20260907T160908Z-96acbc2bc7cb.json.gz,2
who.gho.mdg-0000000007,MDG_0000000007:CHL:SEX_FMLE:AGEGROUP_YEARSUNDER5:WEALTHQUINTILE_TOTL,1958-01-01,2026-09-07T16:09:08Z,low,142.575344761,,who.gho.mdg-0000000007,raw/who.gho.mdg-0000000007/2026/09/20260907T160908Z-96acbc2bc7cb.json.gz,2
who.gho.mdg-0000000007,MDG_0000000007:CHL:SEX_FMLE:AGEGROUP_YEARSUNDER5:WEALTHQUINTILE_TOTL,1958-01-01,2026-09-07T16:09:08Z,restated_at,2026-08-05,,who.gho.mdg-0000000007,raw/who.gho.mdg-0000000007/2026/09/20260907T160908Z-96acbc2bc7cb.json.gz,2
who.gho.mdg-0000000007,MDG_0000000007:CHL:SEX_FMLE:AGEGROUP_YEARSUNDER5:WEALTHQUINTILE_TOTL,1958-01-01,2026-09-07T16:09:08Z,value,146.182271385,,who.gho.mdg-0000000007,raw/who.gho.mdg-0000000007/2026/09/20260907T160908Z-96acbc2bc7cb.json.gz,2
who.gho.mdg-0000000007,MDG_0000000007:CHL:SEX_MLE:AGEGROUP_YEARSUNDER5:WEALTHQUINTILE_TOTL,1958-01-01,2026-09-07T16:08:59Z,high,166.391314753,,who.gho.mdg-0000000007,raw/who.gho.mdg-0000000007/2026/09/20260907T160859Z-81b3460c41a8.json.gz,2
who.gho.mdg-0000000007,MDG_0000000007:CHL:SEX_MLE:AGEGROUP_YEARSUNDER5:WEALTHQUINTILE_TOTL,1958-01-01,2026-09-07T16:08:59Z,low,158.329071098,,who.gho.mdg-0000000007,raw/who.gho.mdg-0000000007/2026/09/20260907T160859Z-81b3460c41a8.json.gz,2
who.gho.mdg-0000000007,MDG_0000000007:CHL:SEX_MLE:AGEGROUP_YEARSUNDER5:WEALTHQUINTILE_TOTL,1958-01-01,2026-09-07T16:08:59Z,restated_at,2026-08-05,,who.gho.mdg-0000000007,raw/who.gho.mdg-0000000007/2026/09/20260907T160859Z-81b3460c41a8.json.gz,2
who.gho.mdg-0000000007,MDG_0000000007:CHL:SEX_MLE:AGEGROUP_YEARSUNDER5:WEALTHQUINTILE_TOTL,1958-01-01,2026-09-07T16:08:59Z,value,162.322140312,,who.gho.mdg-0000000007,raw/who.gho.mdg-0000000007/2026/09/20260907T160859Z-81b3460c41a8.json.gz,2
who.gho.mdg-0000000007,MDG_0000000007:CIV:SEX_BTSX:AGEGROUP_YEARSUNDER5:WEALTHQUINTILE_TOTL,1958-01-01,2026-09-07T16:05:35Z,high,394.133114293,,who.gho.mdg-0000000007,raw/who.gho.mdg-0000000007/2026/09/20260907T160535Z-bcafb05f6fe8.json.gz,2
who.gho.mdg-0000000007,MDG_0000000007:CIV:SEX_BTSX:AGEGROUP_YEARSUNDER5:WEALTHQUINTILE_TOTL,1958-01-01,2026-09-07T16:05:35Z,low,287.11783844,,who.gho.mdg-0000000007,raw/who.gho.mdg-0000000007/2026/09/20260907T160535Z-bcafb05f6fe8.json.gz,2
who.gho.mdg-0000000007,MDG_0000000007:CIV:SEX_BTSX:AGEGROUP_YEARSUNDER5:WEALTHQUINTILE_TOTL,1958-01-01,2026-09-07T16:05:35Z,restated_at,2026-08-05,,who.gho.mdg-0000000007,raw/who.gho.mdg-0000000007/2026/09/20260907T160535Z-bcafb05f6fe8.json.gz,2
who.gho.mdg-0000000007,MDG_0000000007:CIV:SEX_BTSX:AGEGROUP_YEARSUNDER5:WEALTHQUINTILE_TOTL,1958-01-01,2026-09-07T16:05:35Z,value,335.962832598,,who.gho.mdg-0000000007,raw/who.gho.mdg-0000000007/2026/09/20260907T160535Z-bcafb05f6fe8.json.gz,2
who.gho.mdg-0000000007,MDG_0000000007:CIV:SEX_FMLE:AGEGROUP_YEARSUNDER5:WEALTHQUINTILE_TOTL,1958-01-01,2026-09-07T16:09:26Z,high,366.761075821,,who.gho.mdg-0000000007,raw/who.gho.mdg-0000000007/2026/09/20260907T160926Z-3ee37906b339.json.gz,2
who.gho.mdg-0000000007,MDG_0000000007:CIV:SEX_FMLE:AGEGROUP_YEARSUNDER5:WEALTHQUINTILE_TOTL,1958-01-01,2026-09-07T16:09:26Z,low,265.776384708,,who.gho.mdg-0000000007,raw/who.gho.mdg-0000000007/2026/09/20260907T160926Z-3ee37906b339.json.gz,2
who.gho.mdg-0000000007,MDG_0000000007:CIV:SEX_FMLE:AGEGROUP_YEARSUNDER5:WEALTHQUINTILE_TOTL,1958-01-01,2026-09-07T16:09:26Z,restated_at,2026-08-05,,who.gho.mdg-0000000007,raw/who.gho.mdg-0000000007/2026/09/20260907T160926Z-3ee37906b339.json.gz,2
who.gho.mdg-0000000007,MDG_0000000007:CIV:SEX_FMLE:AGEGROUP_YEARSUNDER5:WEALTHQUINTILE_TOTL,1958-01-01,2026-09-07T16:09:26Z,value,312.343590761,,who.gho.mdg-0000000007,raw/who.gho.mdg-0000000007/2026/09/20260907T160926Z-3ee37906b339.json.gz,2
who.gho.mdg-0000000007,MDG_0000000007:CIV:SEX_MLE:AGEGROUP_YEARSUNDER5:WEALTHQUINTILE_TOTL,1958-01-01,2026-09-07T16:04:52Z,high,421.390832332,,who.gho.mdg-0000000007,raw/who.gho.mdg-0000000007/2026/09/20260907T160452Z-cad637d9cec2.json.gz,2
who.gho.mdg-0000000007,MDG_0000000007:CIV:SEX_MLE:AGEGROUP_YEARSUNDER5:WEALTHQUINTILE_TOTL,1958-01-01,2026-09-07T16:04:52Z,low,305.634562505,,who.gho.mdg-0000000007,raw/who.gho.mdg-0000000007/2026/09/20260907T160452Z-cad637d9cec2.json.gz,2
who.gho.mdg-0000000007,MDG_0000000007:CIV:SEX_MLE:AGEGROUP_YEARSUNDER5:WEALTHQUINTILE_TOTL,1958-01-01,2026-09-07T16:04:52Z,restated_at,2026-08-05,,who.gho.mdg-0000000007,raw/who.gho.mdg-0000000007/2026/09/20260907T160452Z-cad637d9cec2.json.gz,2
who.gho.mdg-0000000007,MDG_0000000007:CIV:SEX_MLE:AGEGROUP_YEARSUNDER5:WEALTHQUINTILE_TOTL,1958-01-01,2026-09-07T16:04:52Z,value,358.502709991,,who.gho.mdg-0000000007,raw/who.gho.mdg-0000000007/2026/09/20260907T160452Z-cad637d9cec2.json.gz,2
who.gho.mdg-0000000007,MDG_0000000007:CMR:SEX_BTSX:AGEGROUP_YEARSUNDER5:WEALTHQUINTILE_TOTL,1958-01-01,2026-09-07T16:05:06Z,high,348.036990482,,who.gho.mdg-0000000007,raw/who.gho.mdg-0000000007/2026/09/20260907T160506Z-a219a21e2a4a.json.gz,2
who.gho.mdg-0000000007,MDG_0000000007:CMR:SEX_BTSX:AGEGROUP_YEARSUNDER5:WEALTHQUINTILE_TOTL,1958-01-01,2026-09-07T16:05:06Z,low,258.061071876,,who.gho.mdg-0000000007,raw/who.gho.mdg-0000000007/2026/09/20260907T160506Z-a219a21e2a4a.json.gz,2
who.gho.mdg-0000000007,MDG_0000000007:CMR:SEX_BTSX:AGEGROUP_YEARSUNDER5:WEALTHQUINTILE_TOTL,1958-01-01,2026-09-07T16:05:06Z,restated_at,2026-08-05,,who.gho.mdg-0000000007,raw/who.gho.mdg-0000000007/2026/09/20260907T160506Z-a219a21e2a4a.json.gz,2
who.gho.mdg-0000000007,MDG_0000000007:CMR:SEX_BTSX:AGEGROUP_YEARSUNDER5:WEALTHQUINTILE_TOTL,1958-01-01,2026-09-07T16:05:06Z,value,300.350445117,,who.gho.mdg-0000000007,raw/who.gho.mdg-0000000007/2026/09/20260907T160506Z-a219a21e2a4a.json.gz,2
who.gho.mdg-0000000007,MDG_0000000007:CMR:SEX_FMLE:AGEGROUP_YEARSUNDER5:WEALTHQUINTILE_TOTL,1958-01-01,2026-09-07T16:10:45Z,high,334.454395824,,who.gho.mdg-0000000007,raw/who.gho.mdg-0000000007/2026/09/20260907T161045Z-53a7d24c459b.json.gz,2
who.gho.mdg-0000000007,MDG_0000000007:CMR:SEX_FMLE:AGEGROUP_YEARSUNDER5:WEALTHQUINTILE_TOTL,1958-01-01,2026-09-07T16:10:45Z,low,246.597586504,,who.gho.mdg-0000000007,raw/who.gho.mdg-0000000007/2026/09/20260907T161045Z-53a7d24c459b.json.gz,2
who.gho.mdg-0000000007,MDG_0000000007:CMR:SEX_FMLE:AGEGROUP_YEARSUNDER5:WEALTHQUINTILE_TOTL,1958-01-01,2026-09-07T16:10:45Z,restated_at,2026-08-05,,who.gho.mdg-0000000007,raw/who.gho.mdg-0000000007/2026/09/20260907T161045Z-53a7d24c459b.json.gz,2
who.gho.mdg-0000000007,MDG_0000000007:CMR:SEX_FMLE:AGEGROUP_YEARSUNDER5:WEALTHQUINTILE_TOTL,1958-01-01,2026-09-07T16:10:45Z,value,287.541195342,,who.gho.mdg-0000000007,raw/who.gho.mdg-0000000007/2026/09/20260907T161045Z-53a7d24c459b.json.gz,2
who.gho.mdg-0000000007,MDG_0000000007:CMR:SEX_MLE:AGEGROUP_YEARSUNDER5:WEALTHQUINTILE_TOTL,1958-01-01,2026-09-07T16:09:46Z,high,363.024095389,,who.gho.mdg-0000000007,raw/who.gho.mdg-0000000007/2026/09/20260907T160946Z-716d23d235ed.json.gz,2
who.gho.mdg-0000000007,MDG_0000000007:CMR:SEX_MLE:AGEGROUP_YEARSUNDER5:WEALTHQUINTILE_TOTL,1958-01-01,2026-09-07T16:09:46Z,low,268.073523549,,who.gho.mdg-0000000007,raw/who.gho.mdg-0000000007/2026/09/20260907T160946Z-716d23d235ed.json.gz,2
who.gho.mdg-0000000007,MDG_0000000007:CMR:SEX_MLE:AGEGROUP_YEARSUNDER5:WEALTHQUINTILE_TOTL,1958-01-01,2026-09-07T16:09:46Z,restated_at,2026-08-05,,who.gho.mdg-0000000007,raw/who.gho.mdg-0000000007/2026/09/20260907T160946Z-716d23d235ed.json.gz,2
who.gho.mdg-0000000007,MDG_0000000007:CMR:SEX_MLE:AGEGROUP_YEARSUNDER5:WEALTHQUINTILE_TOTL,1958-01-01,2026-09-07T16:09:46Z,value,312.458846396,,who.gho.mdg-0000000007,raw/who.gho.mdg-0000000007/2026/09/20260907T160946Z-716d23d235ed.json.gz,2
who.gho.mdg-0000000007,MDG_0000000007:COG:SEX_BTSX:AGEGROUP_YEARSUNDER5:WEALTHQUINTILE_TOTL,1958-01-01,2026-09-07T16:09:13Z,high,247.940978724,,who.gho.mdg-0000000007,raw/who.gho.mdg-0000000007/2026/09/20260907T160913Z-86e8fac132bd.json.gz,2
who.gho.mdg-0000000007,MDG_0000000007:COG:SEX_BTSX:AGEGROUP_YEARSUNDER5:WEALTHQUINTILE_TOTL,1958-01-01,2026-09-07T16:09:13Z,low,178.088373471,,who.gho.mdg-0000000007,raw/who.gho.mdg-0000000007/2026/09/20260907T160913Z-86e8fac132bd.json.gz,2
who.gho.mdg-0000000007,MDG_0000000007:COG:SEX_BTSX:AGEGROUP_YEARSUNDER5:WEALTHQUINTILE_TOTL,1958-01-01,2026-09-07T16:09:13Z,restated_at,2026-08-05,,who.gho.mdg-0000000007,raw/who.gho.mdg-0000000007/2026/09/20260907T160913Z-86e8fac132bd.json.gz,2
who.gho.mdg-0000000007,MDG_0000000007:COG:SEX_BTSX:AGEGROUP_YEARSUNDER5:WEALTHQUINTILE_TOTL,1958-01-01,2026-09-07T16:09:13Z,value,210.034429654,,who.gho.mdg-0000000007,raw/who.gho.mdg-0000000007/2026/09/20260907T160913Z-86e8fac132bd.json.gz,2
who.gho.mdg-0000000007,MDG_0000000007:COG:SEX_FMLE:AGEGROUP_YEARSUNDER5:WEALTHQUINTILE_TOTL,1958-01-01,2026-09-07T16:08:38Z,high,240.045008994,,who.gho.mdg-0000000007,raw/who.gho.mdg-0000000007/2026/09/20260907T160838Z-ad9f959b97c6.json.gz,2
who.gho.mdg-0000000007,MDG_0000000007:COG:SEX_FMLE:AGEGROUP_YEARSUNDER5:WEALTHQUINTILE_TOTL,1958-01-01,2026-09-07T16:08:38Z,low,171.244808375,,who.gho.mdg-0000000007,raw/who.gho.mdg-0000000007/2026/09/20260907T160838Z-ad9f959b97c6.json.gz,2
who.gho.mdg-0000000007,MDG_0000000007:COG:SEX_FMLE:AGEGROUP_YEARSUNDER5:WEALTHQUINTILE_TOTL,1958-01-01,2026-09-07T16:08:38Z,restated_at,2026-08-05,,who.gho.mdg-0000000007,raw/who.gho.mdg-0000000007/2026/09/20260907T160838Z-ad9f959b97c6.json.gz,2
who.gho.mdg-0000000007,MDG_0000000007:COG:SEX_FMLE:AGEGROUP_YEARSUNDER5:WEALTHQUINTILE_TOTL,1958-01-01,2026-09-07T16:08:38Z,value,203.00614147,,who.gho.mdg-0000000007,raw/who.gho.mdg-0000000007/2026/09/20260907T160838Z-ad9f959b97c6.json.gz,2
who.gho.mdg-0000000007,MDG_0000000007:COG:SEX_MLE:AGEGROUP_YEARSUNDER5:WEALTHQUINTILE_TOTL,1958-01-01,2026-09-07T16:10:53Z,high,257.128734419,,who.gho.mdg-0000000007,raw/who.gho.mdg-0000000007/2026/09/20260907T161053Z-9a5808e2a757.json.gz,2
who.gho.mdg-0000000007,MDG_0000000007:COG:SEX_MLE:AGEGROUP_YEARSUNDER5:WEALTHQUINTILE_TOTL,1958-01-01,2026-09-07T16:10:53Z,low,182.670772534,,who.gho.mdg-0000000007,raw/who.gho.mdg-0000000007/2026/09/20260907T161053Z-9a5808e2a757.json.gz,2
who.gho.mdg-0000000007,MDG_0000000007:COG:SEX_MLE:AGEGROUP_YEARSUNDER5:WEALTHQUINTILE_TOTL,1958-01-01,2026-09-07T16:10:53Z,restated_at,2026-08-05,,who.gho.mdg-0000000007,raw/who.gho.mdg-0000000007/2026/09/20260907T161053Z-9a5808e2a757.json.gz,2
who.gho.mdg-0000000007,MDG_0000000007:COG:SEX_MLE:AGEGROUP_YEARSUNDER5:WEALTHQUINTILE_TOTL,1958-01-01,2026-09-07T16:10:53Z,value,216.895115745,,who.gho.mdg-0000000007,raw/who.gho.mdg-0000000007/2026/09/20260907T161053Z-9a5808e2a757.json.gz,2
who.gho.mdg-0000000007,MDG_0000000007:COK:SEX_BTSX:AGEGROUP_YEARSUNDER5:WEALTHQUINTILE_TOTL,1958-01-01,2026-09-07T16:05:06Z,high,146.815989059,,who.gho.mdg-0000000007,raw/who.gho.mdg-0000000007/2026/09/20260907T160506Z-a219a21e2a4a.json.gz,2
who.gho.mdg-0000000007,MDG_0000000007:COK:SEX_BTSX:AGEGROUP_YEARSUNDER5:WEALTHQUINTILE_TOTL,1958-01-01,2026-09-07T16:05:06Z,low,107.834326731,,who.gho.mdg-0000000007,raw/who.gho.mdg-0000000007/2026/09/20260907T160506Z-a219a21e2a4a.json.gz,2
who.gho.mdg-0000000007,MDG_0000000007:COK:SEX_BTSX:AGEGROUP_YEARSUNDER5:WEALTHQUINTILE_TOTL,1958-01-01,2026-09-07T16:05:06Z,restated_at,2026-08-05,,who.gho.mdg-0000000007,raw/who.gho.mdg-0000000007/2026/09/20260907T160506Z-a219a21e2a4a.json.gz,2
who.gho.mdg-0000000007,MDG_0000000007:COK:SEX_BTSX:AGEGROUP_YEARSUNDER5:WEALTHQUINTILE_TOTL,1958-01-01,2026-09-07T16:05:06Z,value,126.07567099,,who.gho.mdg-0000000007,raw/who.gho.mdg-0000000007/2026/09/20260907T160506Z-a219a21e2a4a.json.gz,2
who.gho.mdg-0000000007,MDG_0000000007:COK:SEX_FMLE:AGEGROUP_YEARSUNDER5:WEALTHQUINTILE_TOTL,1958-01-01,2026-09-07T16:08:45Z,high,155.817568879,,who.gho.mdg-0000000007,raw/who.gho.mdg-0000000007/2026/09/20260907T160845Z-9b23f1f1b45b.json.gz,2
who.gho.mdg-0000000007,MDG_0000000007:COK:SEX_FMLE:AGEGROUP_YEARSUNDER5:WEALTHQUINTILE_TOTL,1958-01-01,2026-09-07T16:08:45Z,low,112.707285521,,who.gho.mdg-0000000007,raw/who.gho.mdg-0000000007/2026/09/20260907T160845Z-9b23f1f1b45b.json.gz,2
who.gho.mdg-0000000007,MDG_0000000007:COK:SEX_FMLE:AGEGROUP_YEARSUNDER5:WEALTHQUINTILE_TOTL,1958-01-01,2026-09-07T16:08:45Z,restated_at,2026-08-05,,who.gho.mdg-0000000007,raw/who.gho.mdg-0000000007/2026/09/20260907T160845Z-9b23f1f1b45b.json.gz,2
who.gho.mdg-0000000007,MDG_0000000007:COK:SEX_FMLE:AGEGROUP_YEARSUNDER5:WEALTHQUINTILE_TOTL,1958-01-01,2026-09-07T16:08:45Z,value,132.749453242,,who.gho.mdg-0000000007,raw/who.gho.mdg-0000000007/2026/09/20260907T160845Z-9b23f1f1b45b.json.gz,2
who.gho.mdg-0000000007,MDG_0000000007:COK:SEX_MLE:AGEGROUP_YEARSUNDER5:WEALTHQUINTILE_TOTL,1958-01-01,2026-09-07T16:05:26Z,high,140.436235617,,who.gho.mdg-0000000007,raw/who.gho.mdg-0000000007/2026/09/20260907T160526Z-1363df2b3da0.json.gz,2
who.gho.mdg-0000000007,MDG_0000000007:COK:SEX_MLE:AGEGROUP_YEARSUNDER5:WEALTHQUINTILE_TOTL,1958-01-01,2026-09-07T16:05:26Z,low,101.333997711,,who.gho.mdg-0000000007,raw/who.gho.mdg-0000000007/2026/09/20260907T160526Z-1363df2b3da0.json.gz,2
who.gho.mdg-0000000007,MDG_0000000007:COK:SEX_MLE:AGEGROUP_YEARSUNDER5:WEALTHQUINTILE_TOTL,1958-01-01,2026-09-07T16:05:26Z,restated_at,2026-08-05,,who.gho.mdg-0000000007,raw/who.gho.mdg-0000000007/2026/09/20260907T160526Z-1363df2b3da0.json.gz,2
who.gho.mdg-0000000007,MDG_0000000007:COK:SEX_MLE:AGEGROUP_YEARSUNDER5:WEALTHQUINTILE_TOTL,1958-01-01,2026-09-07T16:05:26Z,value,119.678333779,,who.gho.mdg-0000000007,raw/who.gho.mdg-0000000007/2026/09/20260907T160526Z-1363df2b3da0.json.gz,2
who.gho.mdg-0000000007,MDG_0000000007:COL:SEX_BTSX:AGEGROUP_YEARSUNDER5:WEALTHQUINTILE_TOTL,1958-01-01,2026-09-07T16:11:10Z,high,162.75850513,,who.gho.mdg-0000000007,raw/who.gho.mdg-0000000007/2026/09/20260907T161110Z-9f3e1e4fe296.json.gz,2
who.gho.mdg-0000000007,MDG_0000000007:COL:SEX_BTSX:AGEGROUP_YEARSUNDER5:WEALTHQUINTILE_TOTL,1958-01-01,2026-09-07T16:11:10Z,low,129.795088604,,who.gho.mdg-0000000007,raw/who.gho.mdg-0000000007/2026/09/20260907T161110Z-9f3e1e4fe296.json.gz,2
who.gho.mdg-0000000007,MDG_0000000007:COL:SEX_BTSX:AGEGROUP_YEARSUNDER5:WEALTHQUINTILE_TOTL,1958-01-01,2026-09-07T16:11:10Z,restated_at,2026-08-05,,who.gho.mdg-0000000007,raw/who.gho.mdg-0000000007/2026/09/20260907T161110Z-9f3e1e4fe296.json.gz,2
who.gho.mdg-0000000007,MDG_0000000007:COL:SEX_BTSX:AGEGROUP_YEARSUNDER5:WEALTHQUINTILE_TOTL,1958-01-01,2026-09-07T16:11:10Z,value,145.413657728,,who.gho.mdg-0000000007,raw/who.gho.mdg-0000000007/2026/09/20260907T161110Z-9f3e1e4fe296.json.gz,2
who.gho.mdg-0000000007,MDG_0000000007:COL:SEX_FMLE:AGEGROUP_YEARSUNDER5:WEALTHQUINTILE_TOTL,1958-01-01,2026-09-07T16:10:30Z,high,155.273364077,,who.gho.mdg-0000000007,raw/who.gho.mdg-0000000007/2026/09/20260907T161030Z-d2101d8df79b.json.gz,2
who.gho.mdg-0000000007,MDG_0000000007:COL:SEX_FMLE:AGEGROUP_YEARSUNDER5:WEALTHQUINTILE_TOTL,1958-01-01,2026-09-07T16:10:30Z,low,122.524011056,,who.gho.mdg-0000000007,raw/who.gho.mdg-0000000007/2026/09/20260907T161030Z-d2101d8df79b.json.gz,2
who.gho.mdg-0000000007,MDG_0000000007:COL:SEX_FMLE:AGEGROUP_YEARSUNDER5:WEALTHQUINTILE_TOTL,1958-01-01,2026-09-07T16:10:30Z,restated_at,2026-08-05,,who.gho.mdg-0000000007,raw/who.gho.mdg-0000000007/2026/09/20260907T161030Z-d2101d8df79b.json.gz,2
who.gho.mdg-0000000007,MDG_0000000007:COL:SEX_FMLE:AGEGROUP_YEARSUNDER5:WEALTHQUINTILE_TOTL,1958-01-01,2026-09-07T16:10:30Z,value,137.840321752,,who.gho.mdg-0000000007,raw/who.gho.mdg-0000000007/2026/09/20260907T161030Z-d2101d8df79b.json.gz,2
who.gho.mdg-0000000007,MDG_0000000007:COL:SEX_MLE:AGEGROUP_YEARSUNDER5:WEALTHQUINTILE_TOTL,1958-01-01,2026-09-07T16:06:26Z,high,171.556566568,,who.gho.mdg-0000000007,raw/who.gho.mdg-0000000007/2026/09/20260907T160626Z-083ef708c2ee.json.gz,2
who.gho.mdg-0000000007,MDG_0000000007:COL:SEX_MLE:AGEGROUP_YEARSUNDER5:WEALTHQUINTILE_TOTL,1958-01-01,2026-09-07T16:06:26Z,low,135.535310834,,who.gho.mdg-0000000007,raw/who.gho.mdg-0000000007/2026/09/20260907T160626Z-083ef708c2ee.json.gz,2
who.gho.mdg-0000000007,MDG_0000000007:COL:SEX_MLE:AGEGROUP_YEARSUNDER5:WEALTHQUINTILE_TOTL,1958-01-01,2026-09-07T16:06:26Z,restated_at,2026-08-05,,who.gho.mdg-0000000007,raw/who.gho.mdg-0000000007/2026/09/20260907T160626Z-083ef708c2ee.json.gz,2
who.gho.mdg-0000000007,MDG_0000000007:COL:SEX_MLE:AGEGROUP_YEARSUNDER5:WEALTHQUINTILE_TOTL,1958-01-01,2026-09-07T16:06:26Z,value,152.576997452,,who.gho.mdg-0000000007,raw/who.gho.mdg-0000000007/2026/09/20260907T160626Z-083ef708c2ee.json.gz,2
who.gho.mdg-0000000007,MDG_0000000007:CPV:SEX_BTSX:AGEGROUP_YEARSUNDER5:WEALTHQUINTILE_TOTL,1958-01-01,2026-09-07T16:10:03Z,high,227.997531617,,who.gho.mdg-0000000007,raw/who.gho.mdg-0000000007/2026/09/20260907T161003Z-9bcc9b7e7da4.json.gz,2
who.gho.mdg-0000000007,MDG_0000000007:CPV:SEX_BTSX:AGEGROUP_YEARSUNDER5:WEALTHQUINTILE_TOTL,1958-01-01,2026-09-07T16:10:03Z,low,136.135070461,,who.gho.mdg-0000000007,raw/who.gho.mdg-0000000007/2026/09/20260907T161003Z-9bcc9b7e7da4.json.gz,2
who.gho.mdg-0000000007,MDG_0000000007:CPV:SEX_BTSX:AGEGROUP_YEARSUNDER5:WEALTHQUINTILE_TOTL,1958-01-01,2026-09-07T16:10:03Z,restated_at,2026-08-05,,who.gho.mdg-0000000007,raw/who.gho.mdg-0000000007/2026/09/20260907T161003Z-9bcc9b7e7da4.json.gz,2
who.gho.mdg-0000000007,MDG_0000000007:CPV:SEX_BTSX:AGEGROUP_YEARSUNDER5:WEALTHQUINTILE_TOTL,1958-01-01,2026-09-07T16:10:03Z,value,177.475836674,,who.gho.mdg-0000000007,raw/who.gho.mdg-0000000007/2026/09/20260907T161003Z-9bcc9b7e7da4.json.gz,2
who.gho.mdg-0000000007,MDG_0000000007:CPV:SEX_FMLE:AGEGROUP_YEARSUNDER5:WEALTHQUINTILE_TOTL,1958-01-01,2026-09-07T16:11:18Z,high,220.819228673,,who.gho.mdg-0000000007,raw/who.gho.mdg-0000000007/2026/09/20260907T161118Z-85c02b5f4e3c.json.gz,2
who.gho.mdg-0000000007,MDG_0000000007:CPV:SEX_FMLE:AGEGROUP_YEARSUNDER5:WEALTHQUINTILE_TOTL,1958-01-01,2026-09-07T16:11:18Z,low,130.786408971,,who.gho.mdg-0000000007,raw/who.gho.mdg-0000000007/2026/09/20260907T161118Z-85c02b5f4e3c.json.gz,2
who.gho.mdg-0000000007,MDG_0000000007:CPV:SEX_FMLE:AGEGROUP_YEARSUNDER5:WEALTHQUINTILE_TOTL,1958-01-01,2026-09-07T16:11:18Z,restated_at,2026-08-05,,who.gho.mdg-0000000007,raw/who.gho.mdg-0000000007/2026/09/20260907T161118Z-85c02b5f4e3c.json.gz,2
who.gho.mdg-0000000007,MDG_0000000007:CPV:SEX_FMLE:AGEGROUP_YEARSUNDER5:WEALTHQUINTILE_TOTL,1958-01-01,2026-09-07T16:11:18Z,value,171.184596866,,who.gho.mdg-0000000007,raw/who.gho.mdg-0000000007/2026/09/20260907T161118Z-85c02b5f4e3c.json.gz,2
who.gho.mdg-0000000007,MDG_0000000007:CPV:SEX_MLE:AGEGROUP_YEARSUNDER5:WEALTHQUINTILE_TOTL,1958-01-01,2026-09-07T16:10:33Z,high,235.984454354,,who.gho.mdg-0000000007,raw/who.gho.mdg-0000000007/2026/09/20260907T161033Z-0396663e197a.json.gz,2
who.gho.mdg-0000000007,MDG_0000000007:CPV:SEX_MLE:AGEGROUP_YEARSUNDER5:WEALTHQUINTILE_TOTL,1958-01-01,2026-09-07T16:10:33Z,low,140.296669033,,who.gho.mdg-0000000007,raw/who.gho.mdg-0000000007/2026/09/20260907T161033Z-0396663e197a.json.gz,2
who.gho.mdg-0000000007,MDG_0000000007:CPV:SEX_MLE:AGEGROUP_YEARSUNDER5:WEALTHQUINTILE_TOTL,1958-01-01,2026-09-07T16:10:33Z,restated_at,2026-08-05,,who.gho.mdg-0000000007,raw/who.gho.mdg-0000000007/2026/09/20260907T161033Z-0396663e197a.json.gz,2
who.gho.mdg-0000000007,MDG_0000000007:CPV:SEX_MLE:AGEGROUP_YEARSUNDER5:WEALTHQUINTILE_TOTL,1958-01-01,2026-09-07T16:10:33Z,value,183.207946095,,who.gho.mdg-0000000007,raw/who.gho.mdg-0000000007/2026/09/20260907T161033Z-0396663e197a.json.gz,2
who.gho.mdg-0000000007,MDG_0000000007:CRI:SEX_BTSX:AGEGROUP_YEARSUNDER5:WEALTHQUINTILE_TOTL,1958-01-01,2026-09-07T16:09:13Z,high,108.143933283,,who.gho.mdg-0000000007,raw/who.gho.mdg-0000000007/2026/09/20260907T160913Z-86e8fac132bd.json.gz,2
who.gho.mdg-0000000007,MDG_0000000007:CRI:SEX_BTSX:AGEGROUP_YEARSUNDER5:WEALTHQUINTILE_TOTL,1958-01-01,2026-09-07T16:09:13Z,low,103.991727142,,who.gho.mdg-0000000007,raw/who.gho.mdg-0000000007/2026/09/20260907T160913Z-86e8fac132bd.json.gz,2
who.gho.mdg-0000000007,MDG_0000000007:CRI:SEX_BTSX:AGEGROUP_YEARSUNDER5:WEALTHQUINTILE_TOTL,1958-01-01,2026-09-07T16:09:13Z,restated_at,2026-08-05,,who.gho.mdg-0000000007,raw/who.gho.mdg-0000000007/2026/09/20260907T160913Z-86e8fac132bd.json.gz,2
who.gho.mdg-0000000007,MDG_0000000007:CRI:SEX_BTSX:AGEGROUP_YEARSUNDER5:WEALTHQUINTILE_TOTL,1958-01-01,2026-09-07T16:09:13Z,value,106.086959023,,who.gho.mdg-0000000007,raw/who.gho.mdg-0000000007/2026/09/20260907T160913Z-86e8fac132bd.json.gz,2
who.gho.mdg-0000000007,MDG_0000000007:CRI:SEX_FMLE:AGEGROUP_YEARSUNDER5:WEALTHQUINTILE_TOTL,1958-01-01,2026-09-07T16:09:38Z,high,103.767190984,,who.gho.mdg-0000000007,raw/who.gho.mdg-0000000007/2026/09/20260907T160938Z-81612038db74.json.gz,2
who.gho.mdg-0000000007,MDG_0000000007:CRI:SEX_FMLE:AGEGROUP_YEARSUNDER5:WEALTHQUINTILE_TOTL,1958-01-01,2026-09-07T16:09:38Z,low,99.088197961,,who.gho.mdg-0000000007,raw/who.gho.mdg-0000000007/2026/09/20260907T160938Z-81612038db74.json.gz,2
who.gho.mdg-0000000007,MDG_0000000007:CRI:SEX_FMLE:AGEGROUP_YEARSUNDER5:WEALTHQUINTILE_TOTL,1958-01-01,2026-09-07T16:09:38Z,restated_at,2026-08-05,,who.gho.mdg-0000000007,raw/who.gho.mdg-0000000007/2026/09/20260907T160938Z-81612038db74.json.gz,2
who.gho.mdg-0000000007,MDG_0000000007:CRI:SEX_FMLE:AGEGROUP_YEARSUNDER5:WEALTHQUINTILE_TOTL,1958-01-01,2026-09-07T16:09:38Z,value,101.413876529,,who.gho.mdg-0000000007,raw/who.gho.mdg-0000000007/2026/09/20260907T160938Z-81612038db74.json.gz,2
who.gho.mdg-0000000007,MDG_0000000007:CRI:SEX_MLE:AGEGROUP_YEARSUNDER5:WEALTHQUINTILE_TOTL,1958-01-01,2026-09-07T16:09:08Z,high,112.963165486,,who.gho.mdg-0000000007,raw/who.gho.mdg-0000000007/2026/09/20260907T160908Z-96acbc2bc7cb.json.gz,2
who.gho.mdg-0000000007,MDG_0000000007:CRI:SEX_MLE:AGEGROUP_YEARSUNDER5:WEALTHQUINTILE_TOTL,1958-01-01,2026-09-07T16:09:08Z,low,108.124398047,,who.gho.mdg-0000000007,raw/who.gho.mdg-0000000007/2026/09/20260907T160908Z-96acbc2bc7cb.json.gz,2
who.gho.mdg-0000000007,MDG_0000000007:CRI:SEX_MLE:AGEGROUP_YEARSUNDER5:WEALTHQUINTILE_TOTL,1958-01-01,2026-09-07T16:09:08Z,restated_at,2026-08-05,,who.gho.mdg-0000000007,raw/who.gho.mdg-0000000007/2026/09/20260907T160908Z-96acbc2bc7cb.json.gz,2
who.gho.mdg-0000000007,MDG_0000000007:CRI:SEX_MLE:AGEGROUP_YEARSUNDER5:WEALTHQUINTILE_TOTL,1958-01-01,2026-09-07T16:09:08Z,value,110.54878103,,who.gho.mdg-0000000007,raw/who.gho.mdg-0000000007/2026/09/20260907T160908Z-96acbc2bc7cb.json.gz,2
who.gho.mdg-0000000007,MDG_0000000007:CUB:SEX_BTSX:AGEGROUP_YEARSUNDER5:WEALTHQUINTILE_TOTL,1958-01-01,2026-09-07T16:06:29Z,high,49.994161303,,who.gho.mdg-0000000007,raw/who.gho.mdg-0000000007/2026/09/20260907T160629Z-f6ed87825938.json.gz,2
who.gho.mdg-0000000007,MDG_0000000007:CUB:SEX_BTSX:AGEGROUP_YEARSUNDER5:WEALTHQUINTILE_TOTL,1958-01-01,2026-09-07T16:06:29Z,low,37.222270166,,who.gho.mdg-0000000007,raw/who.gho.mdg-0000000007/2026/09/20260907T160629Z-f6ed87825938.json.gz,2
who.gho.mdg-0000000007,MDG_0000000007:CUB:SEX_BTSX:AGEGROUP_YEARSUNDER5:WEALTHQUINTILE_TOTL,1958-01-01,2026-09-07T16:06:29Z,restated_at,2026-08-05,,who.gho.mdg-0000000007,raw/who.gho.mdg-0000000007/2026/09/20260907T160629Z-f6ed87825938.json.gz,2
who.gho.mdg-0000000007,MDG_0000000007:CUB:SEX_BTSX:AGEGROUP_YEARSUNDER5:WEALTHQUINTILE_TOTL,1958-01-01,2026-09-07T16:06:29Z,value,43.560829752,,who.gho.mdg-0000000007,raw/who.gho.mdg-0000000007/2026/09/20260907T160629Z-f6ed87825938.json.gz,2
who.gho.mdg-0000000007,MDG_0000000007:CUB:SEX_FMLE:AGEGROUP_YEARSUNDER5:WEALTHQUINTILE_TOTL,1958-01-01,2026-09-07T16:05:01Z,high,45.968717455,,who.gho.mdg-0000000007,raw/who.gho.mdg-0000000007/2026/09/20260907T160501Z-2d19e1a5feef.json.gz,2
who.gho.mdg-0000000007,MDG_0000000007:CUB:SEX_FMLE:AGEGROUP_YEARSUNDER5:WEALTHQUINTILE_TOTL,1958-01-01,2026-09-07T16:05:01Z,low,34.003309703,,who.gho.mdg-0000000007,raw/who.gho.mdg-0000000007/2026/09/20260907T160501Z-2d19e1a5feef.json.gz,2
who.gho.mdg-0000000007,MDG_0000000007:CUB:SEX_FMLE:AGEGROUP_YEARSUNDER5:WEALTHQUINTILE_TOTL,1958-01-01,2026-09-07T16:05:01Z,restated_at,2026-08-05,,who.gho.mdg-0000000007,raw/who.gho.mdg-0000000007/2026/09/20260907T160501Z-2d19e1a5feef.json.gz,2
who.gho.mdg-0000000007,MDG_0000000007:CUB:SEX_FMLE:AGEGROUP_YEARSUNDER5:WEALTHQUINTILE_TOTL,1958-01-01,2026-09-07T16:05:01Z,value,39.905879727,,who.gho.mdg-0000000007,raw/who.gho.mdg-0000000007/2026/09/20260907T160501Z-2d19e1a5feef.json.gz,2
who.gho.mdg-0000000007,MDG_0000000007:CUB:SEX_MLE:AGEGROUP_YEARSUNDER5:WEALTHQUINTILE_TOTL,1958-01-01,2026-09-07T16:09:08Z,high,54.044042146,,who.gho.mdg-0000000007,raw/who.gho.mdg-0000000007/2026/09/20260907T160908Z-96acbc2bc7cb.json.gz,2
who.gho.mdg-0000000007,MDG_0000000007:CUB:SEX_MLE:AGEGROUP_YEARSUNDER5:WEALTHQUINTILE_TOTL,1958-01-01,2026-09-07T16:09:08Z,low,40.0973387,,who.gho.mdg-0000000007,raw/who.gho.mdg-0000000007/2026/09/20260907T160908Z-96acbc2bc7cb.json.gz,2
who.gho.mdg-0000000007,MDG_0000000007:CUB:SEX_MLE:AGEGROUP_YEARSUNDER5:WEALTHQUINTILE_TOTL,1958-01-01,2026-09-07T16:09:08Z,restated_at,2026-08-05,,who.gho.mdg-0000000007,raw/who.gho.mdg-0000000007/2026/09/20260907T160908Z-96acbc2bc7cb.json.gz,2
who.gho.mdg-0000000007,MDG_0000000007:CUB:SEX_MLE:AGEGROUP_YEARSUNDER5:WEALTHQUINTILE_TOTL,1958-01-01,2026-09-07T16:09:08Z,value,47.008042743,,who.gho.mdg-0000000007,raw/who.gho.mdg-0000000007/2026/09/20260907T160908Z-96acbc2bc7cb.json.gz,2
who.gho.mdg-0000000007,MDG_0000000007:CZE:SEX_BTSX:AGEGROUP_YEARSUNDER5:WEALTHQUINTILE_TOTL,1958-01-01,2026-09-07T16:05:22Z,high,28.616697973,,who.gho.mdg-0000000007,raw/who.gho.mdg-0000000007/2026/09/20260907T160522Z-2bd49e664eea.json.gz,2
who.gho.mdg-0000000007,MDG_0000000007:CZE:SEX_BTSX:AGEGROUP_YEARSUNDER5:WEALTHQUINTILE_TOTL,1958-01-01,2026-09-07T16:05:22Z,low,25.015421665,,who.gho.mdg-0000000007,raw/who.gho.mdg-0000000007/2026/09/20260907T160522Z-2bd49e664eea.json.gz,2
who.gho.mdg-0000000007,MDG_0000000007:CZE:SEX_BTSX:AGEGROUP_YEARSUNDER5:WEALTHQUINTILE_TOTL,1958-01-01,2026-09-07T16:05:22Z,restated_at,2026-08-05,,who.gho.mdg-0000000007,raw/who.gho.mdg-0000000007/2026/09/20260907T160522Z-2bd49e664eea.json.gz,2
who.gho.mdg-0000000007,MDG_0000000007:CZE:SEX_BTSX:AGEGROUP_YEARSUNDER5:WEALTHQUINTILE_TOTL,1958-01-01,2026-09-07T16:05:22Z,value,26.773983097,,who.gho.mdg-0000000007,raw/who.gho.mdg-0000000007/2026/09/20260907T160522Z-2bd49e664eea.json.gz,2
who.gho.mdg-0000000007,MDG_0000000007:CZE:SEX_FMLE:AGEGROUP_YEARSUNDER5:WEALTHQUINTILE_TOTL,1958-01-01,2026-09-07T16:06:26Z,high,24.964528421,,who.gho.mdg-0000000007,raw/who.gho.mdg-0000000007/2026/09/20260907T160626Z-083ef708c2ee.json.gz,2
who.gho.mdg-0000000007,MDG_0000000007:CZE:SEX_FMLE:AGEGROUP_YEARSUNDER5:WEALTHQUINTILE_TOTL,1958-01-01,2026-09-07T16:06:26Z,low,21.118763683,,who.gho.mdg-0000000007,raw/who.gho.mdg-0000000007/2026/09/20260907T160626Z-083ef708c2ee.json.gz,2
who.gho.mdg-0000000007,MDG_0000000007:CZE:SEX_FMLE:AGEGROUP_YEARSUNDER5:WEALTHQUINTILE_TOTL,1958-01-01,2026-09-07T16:06:26Z,restated_at,2026-08-05,,who.gho.mdg-0000000007,raw/who.gho.mdg-0000000007/2026/09/20260907T160626Z-083ef708c2ee.json.gz,2
who.gho.mdg-0000000007,MDG_0000000007:CZE:SEX_FMLE:AGEGROUP_YEARSUNDER5:WEALTHQUINTILE_TOTL,1958-01-01,2026-09-07T16:06:26Z,value,22.965122399,,who.gho.mdg-0000000007,raw/who.gho.mdg-0000000007/2026/09/20260907T160626Z-083ef708c2ee.json.gz,2
who.gho.mdg-0000000007,MDG_0000000007:CZE:SEX_MLE:AGEGROUP_YEARSUNDER5:WEALTHQUINTILE_TOTL,1958-01-01,2026-09-07T16:05:35Z,high,32.737047975,,who.gho.mdg-0000000007,raw/who.gho.mdg-0000000007/2026/09/20260907T160535Z-bcafb05f6fe8.json.gz,2
who.gho.mdg-0000000007,MDG_0000000007:CZE:SEX_MLE:AGEGROUP_YEARSUNDER5:WEALTHQUINTILE_TOTL,1958-01-01,2026-09-07T16:05:35Z,low,28.160343005,,who.gho.mdg-0000000007,raw/who.gho.mdg-0000000007/2026/09/20260907T160535Z-bcafb05f6fe8.json.gz,2
who.gho.mdg-0000000007,MDG_0000000007:CZE:SEX_MLE:AGEGROUP_YEARSUNDER5:WEALTHQUINTILE_TOTL,1958-01-01,2026-09-07T16:05:35Z,restated_at,2026-08-05,,who.gho.mdg-0000000007,raw/who.gho.mdg-0000000007/2026/09/20260907T160535Z-bcafb05f6fe8.json.gz,2
who.gho.mdg-0000000007,MDG_0000000007:CZE:SEX_MLE:AGEGROUP_YEARSUNDER5:WEALTHQUINTILE_TOTL,1958-01-01,2026-09-07T16:05:35Z,value,30.364897413,,who.gho.mdg-0000000007,raw/who.gho.mdg-0000000007/2026/09/20260907T160535Z-bcafb05f6fe8.json.gz,2
who.gho.mdg-0000000007,MDG_0000000007:DNK:SEX_BTSX:AGEGROUP_YEARSUNDER5:WEALTHQUINTILE_TOTL,1958-01-01,2026-09-07T16:05:52Z,high,26.725209756,,who.gho.mdg-0000000007,raw/who.gho.mdg-0000000007/2026/09/20260907T160552Z-f44dce2e8a23.json.gz,2
who.gho.mdg-0000000007,MDG_0000000007:DNK:SEX_BTSX:AGEGROUP_YEARSUNDER5:WEALTHQUINTILE_TOTL,1958-01-01,2026-09-07T16:05:52Z,low,25.601631864,,who.gho.mdg-0000000007,raw/who.gho.mdg-0000000007/2026/09/20260907T160552Z-f44dce2e8a23.json.gz,2
who.gho.mdg-0000000007,MDG_0000000007:DNK:SEX_BTSX:AGEGROUP_YEARSUNDER5:WEALTHQUINTILE_TOTL,1958-01-01,2026-09-07T16:05:52Z,restated_at,2026-08-05,,who.gho.mdg-0000000007,raw/who.gho.mdg-0000000007/2026/09/20260907T160552Z-f44dce2e8a23.json.gz,2
who.gho.mdg-0000000007,MDG_0000000007:DNK:SEX_BTSX:AGEGROUP_YEARSUNDER5:WEALTHQUINTILE_TOTL,1958-01-01,2026-09-07T16:05:52Z,value,26.167180376,,who.gho.mdg-0000000007,raw/who.gho.mdg-0000000007/2026/09/20260907T160552Z-f44dce2e8a23.json.gz,2
who.gho.mdg-0000000007,MDG_0000000007:DNK:SEX_FMLE:AGEGROUP_YEARSUNDER5:WEALTHQUINTILE_TOTL,1958-01-01,2026-09-07T16:08:45Z,high,22.884679267,,who.gho.mdg-0000000007,raw/who.gho.mdg-0000000007/2026/09/20260907T160845Z-9b23f1f1b45b.json.gz,2
who.gho.mdg-0000000007,MDG_0000000007:DNK:SEX_FMLE:AGEGROUP_YEARSUNDER5:WEALTHQUINTILE_TOTL,1958-01-01,2026-09-07T16:08:45Z,low,21.697462882,,who.gho.mdg-0000000007,raw/who.gho.mdg-0000000007/2026/09/20260907T160845Z-9b23f1f1b45b.json.gz,2
who.gho.mdg-0000000007,MDG_0000000007:DNK:SEX_FMLE:AGEGROUP_YEARSUNDER5:WEALTHQUINTILE_TOTL,1958-01-01,2026-09-07T16:08:45Z,restated_at,2026-08-05,,who.gho.mdg-0000000007,raw/who.gho.mdg-0000000007/2026/09/20260907T160845Z-9b23f1f1b45b.json.gz,2
who.gho.mdg-0000000007,MDG_0000000007:DNK:SEX_FMLE:AGEGROUP_YEARSUNDER5:WEALTHQUINTILE_TOTL,1958-01-01,2026-09-07T16:08:45Z,value,22.293954647,,who.gho.mdg-0000000007,raw/who.gho.mdg-0000000007/2026/09/20260907T160845Z-9b23f1f1b45b.json.gz,2
who.gho.mdg-0000000007,MDG_0000000007:DNK:SEX_MLE:AGEGROUP_YEARSUNDER5:WEALTHQUINTILE_TOTL,1958-01-01,2026-09-07T16:11:06Z,high,30.57586168,,who.gho.mdg-0000000007,raw/who.gho.mdg-0000000007/2026/09/20260907T161106Z-078c7101acce.json.gz,2
who.gho.mdg-0000000007,MDG_0000000007:DNK:SEX_MLE:AGEGROUP_YEARSUNDER5:WEALTHQUINTILE_TOTL,1958-01-01,2026-09-07T16:11:06Z,low,29.133351247,,who.gho.mdg-0000000007,raw/who.gho.mdg-0000000007/2026/09/20260907T161106Z-078c7101acce.json.gz,2
who.gho.mdg-0000000007,MDG_0000000007:DNK:SEX_MLE:AGEGROUP_YEARSUNDER5:WEALTHQUINTILE_TOTL,1958-01-01,2026-09-07T16:11:06Z,restated_at,2026-08-05,,who.gho.mdg-0000000007,raw/who.gho.mdg-0000000007/2026/09/20260907T161106Z-078c7101acce.json.gz,2
who.gho.mdg-0000000007,MDG_0000000007:DNK:SEX_MLE:AGEGROUP_YEARSUNDER5:WEALTHQUINTILE_TOTL,1958-01-01,2026-09-07T16:11:06Z,value,29.855027601,,who.gho.mdg-0000000007,raw/who.gho.mdg-0000000007/2026/09/20260907T161106Z-078c7101acce.json.gz,2
who.gho.mdg-0000000007,MDG_0000000007:DOM:SEX_BTSX:AGEGROUP_YEARSUNDER5:WEALTHQUINTILE_TOTL,1958-01-01,2026-09-07T16:09:59Z,high,163.268937037,,who.gho.mdg-0000000007,raw/who.gho.mdg-0000000007/2026/09/20260907T160959Z-e41937f31aea.json.gz,2
who.gho.mdg-0000000007,MDG_0000000007:DOM:SEX_BTSX:AGEGROUP_YEARSUNDER5:WEALTHQUINTILE_TOTL,1958-01-01,2026-09-07T16:09:59Z,low,135.976164688,,who.gho.mdg-0000000007,raw/who.gho.mdg-0000000007/2026/09/20260907T160959Z-e41937f31aea.json.gz,2
who.gho.mdg-0000000007,MDG_0000000007:DOM:SEX_BTSX:AGEGROUP_YEARSUNDER5:WEALTHQUINTILE_TOTL,1958-01-01,2026-09-07T16:09:59Z,restated_at,2026-08-05,,who.gho.mdg-0000000007,raw/who.gho.mdg-0000000007/2026/09/20260907T160959Z-e41937f31aea.json.gz,2
who.gho.mdg-0000000007,MDG_0000000007:DOM:SEX_BTSX:AGEGROUP_YEARSUNDER5:WEALTHQUINTILE_TOTL,1958-01-01,2026-09-07T16:09:59Z,value,149.097134337,,who.gho.mdg-0000000007,raw/who.gho.mdg-0000000007/2026/09/20260907T160959Z-e41937f31aea.json.gz,2
who.gho.mdg-0000000007,MDG_0000000007:DOM:SEX_FMLE:AGEGROUP_YEARSUNDER5:WEALTHQUINTILE_TOTL,1958-01-01,2026-09-07T16:10:37Z,high,160.305689787,,who.gho.mdg-0000000007,raw/who.gho.mdg-0000000007/2026/09/20260907T161037Z-dfd3d6a5a745.json.gz,2
who.gho.mdg-0000000007,MDG_0000000007:DOM:SEX_FMLE:AGEGROUP_YEARSUNDER5:WEALTHQUINTILE_TOTL,1958-01-01,2026-09-07T16:10:37Z,low,132.652575832,,who.gho.mdg-0000000007,raw/who.gho.mdg-0000000007/2026/09/20260907T161037Z-dfd3d6a5a745.json.gz,2
who.gho.mdg-0000000007,MDG_0000000007:DOM:SEX_FMLE:AGEGROUP_YEARSUNDER5:WEALTHQUINTILE_TOTL,1958-01-01,2026-09-07T16:10:37Z,restated_at,2026-08-05,,who.gho.mdg-0000000007,raw/who.gho.mdg-0000000007/2026/09/20260907T161037Z-dfd3d6a5a745.json.gz,2
who.gho.mdg-0000000007,MDG_0000000007:DOM:SEX_FMLE:AGEGROUP_YEARSUNDER5:WEALTHQUINTILE_TOTL,1958-01-01,2026-09-07T16:10:37Z,value,145.944180872,,who.gho.mdg-0000000007,raw/who.gho.mdg-0000000007/2026/09/20260907T161037Z-dfd3d6a5a745.json.gz,2
who.gho.mdg-0000000007,MDG_0000000007:DOM:SEX_MLE:AGEGROUP_YEARSUNDER5:WEALTHQUINTILE_TOTL,1958-01-01,2026-09-07T16:11:10Z,high,167.15219919,,who.gho.mdg-0000000007,raw/who.gho.mdg-0000000007/2026/09/20260907T161110Z-9f3e1e4fe296.json.gz,2
who.gho.mdg-0000000007,MDG_0000000007:DOM:SEX_MLE:AGEGROUP_YEARSUNDER5:WEALTHQUINTILE_TOTL,1958-01-01,2026-09-07T16:11:10Z,low,138.082343533,,who.gho.mdg-0000000007,raw/who.gho.mdg-0000000007/2026/09/20260907T161110Z-9f3e1e4fe296.json.gz,2
who.gho.mdg-0000000007,MDG_0000000007:DOM:SEX_MLE:AGEGROUP_YEARSUNDER5:WEALTHQUINTILE_TOTL,1958-01-01,2026-09-07T16:11:10Z,restated_at,2026-08-05,,who.gho.mdg-0000000007,raw/who.gho.mdg-0000000007/2026/09/20260907T161110Z-9f3e1e4fe296.json.gz,2
who.gho.mdg-0000000007,MDG_0000000007:DOM:SEX_MLE:AGEGROUP_YEARSUNDER5:WEALTHQUINTILE_TOTL,1958-01-01,2026-09-07T16:11:10Z,value,152.010873791,,who.gho.mdg-0000000007,raw/who.gho.mdg-0000000007/2026/09/20260907T161110Z-9f3e1e4fe296.json.gz,2
who.gho.mdg-0000000007,MDG_0000000007:DZA:SEX_BTSX:AGEGROUP_YEARSUNDER5:WEALTHQUINTILE_TOTL,1958-01-01,2026-09-07T16:10:07Z,high,281.823592011,,who.gho.mdg-0000000007,raw/who.gho.mdg-0000000007/2026/09/20260907T161007Z-28c6cde3082c.json.gz,2
who.gho.mdg-0000000007,MDG_0000000007:DZA:SEX_BTSX:AGEGROUP_YEARSUNDER5:WEALTHQUINTILE_TOTL,1958-01-01,2026-09-07T16:10:07Z,low,202.105374586,,who.gho.mdg-0000000007,raw/who.gho.mdg-0000000007/2026/09/20260907T161007Z-28c6cde3082c.json.gz,2
who.gho.mdg-0000000007,MDG_0000000007:DZA:SEX_BTSX:AGEGROUP_YEARSUNDER5:WEALTHQUINTILE_TOTL,1958-01-01,2026-09-07T16:10:07Z,restated_at,2026-08-05,,who.gho.mdg-0000000007,raw/who.gho.mdg-0000000007/2026/09/20260907T161007Z-28c6cde3082c.json.gz,2
who.gho.mdg-0000000007,MDG_0000000007:DZA:SEX_BTSX:AGEGROUP_YEARSUNDER5:WEALTHQUINTILE_TOTL,1958-01-01,2026-09-07T16:10:07Z,value,239.780085274,,who.gho.mdg-0000000007,raw/who.gho.mdg-0000000007/2026/09/20260907T161007Z-28c6cde3082c.json.gz,2
who.gho.mdg-0000000007,MDG_0000000007:DZA:SEX_FMLE:AGEGROUP_YEARSUNDER5:WEALTHQUINTILE_TOTL,1958-01-01,2026-09-07T16:10:45Z,high,276.360510221,,who.gho.mdg-0000000007,raw/who.gho.mdg-0000000007/2026/09/20260907T161045Z-53a7d24c459b.json.gz,2
who.gho.mdg-0000000007,MDG_0000000007:DZA:SEX_FMLE:AGEGROUP_YEARSUNDER5:WEALTHQUINTILE_TOTL,1958-01-01,2026-09-07T16:10:45Z,low,196.955965354,,who.gho.mdg-0000000007,raw/who.gho.mdg-0000000007/2026/09/20260907T161045Z-53a7d24c459b.json.gz,2
who.gho.mdg-0000000007,MDG_0000000007:DZA:SEX_FMLE:AGEGROUP_YEARSUNDER5:WEALTHQUINTILE_TOTL,1958-01-01,2026-09-07T16:10:45Z,restated_at,2026-08-05,,who.gho.mdg-0000000007,raw/who.gho.mdg-0000000007/2026/09/20260907T161045Z-53a7d24c459b.json.gz,2
who.gho.mdg-0000000007,MDG_0000000007:DZA:SEX_FMLE:AGEGROUP_YEARSUNDER5:WEALTHQUINTILE_TOTL,1958-01-01,2026-09-07T16:10:45Z,value,234.161114406,,who.gho.mdg-0000000007,raw/who.gho.mdg-0000000007/2026/09/20260907T161045Z-53a7d24c459b.json.gz,2
who.gho.mdg-0000000007,MDG_0000000007:DZA:SEX_MLE:AGEGROUP_YEARSUNDER5:WEALTHQUINTILE_TOTL,1958-01-01,2026-09-07T16:05:26Z,high,288.301661824,,who.gho.mdg-0000000007,raw/who.gho.mdg-0000000007/2026/09/20260907T160526Z-1363df2b3da0.json.gz,2
who.gho.mdg-0000000007,MDG_0000000007:DZA:SEX_MLE:AGEGROUP_YEARSUNDER5:WEALTHQUINTILE_TOTL,1958-01-01,2026-09-07T16:05:26Z,low,206.336969294,,who.gho.mdg-0000000007,raw/who.gho.mdg-0000000007/2026/09/20260907T160526Z-1363df2b3da0.json.gz,2
who.gho.mdg-0000000007,MDG_0000000007:DZA:SEX_MLE:AGEGROUP_YEARSUNDER5:WEALTHQUINTILE_TOTL,1958-01-01,2026-09-07T16:05:26Z,restated_at,2026-08-05,,who.gho.mdg-0000000007,raw/who.gho.mdg-0000000007/2026/09/20260907T160526Z-1363df2b3da0.json.gz,2
who.gho.mdg-0000000007,MDG_0000000007:DZA:SEX_MLE:AGEGROUP_YEARSUNDER5:WEALTHQUINTILE_TOTL,1958-01-01,2026-09-07T16:05:26Z,value,245.276904489,,who.gho.mdg-0000000007,raw/who.gho.mdg-0000000007/2026/09/20260907T160526Z-1363df2b3da0.json.gz,2
who.gho.mdg-0000000007,MDG_0000000007:ECU:SEX_BTSX:AGEGROUP_YEARSUNDER5:WEALTHQUINTILE_TOTL,1958-01-01,2026-09-07T16:06:26Z,high,234.159087115,,who.gho.mdg-0000000007,raw/who.gho.mdg-0000000007/2026/09/20260907T160626Z-083ef708c2ee.json.gz,2
who.gho.mdg-0000000007,MDG_0000000007:ECU:SEX_BTSX:AGEGROUP_YEARSUNDER5:WEALTHQUINTILE_TOTL,1958-01-01,2026-09-07T16:06:26Z,low,152.418314025,,who.gho.mdg-0000000007,raw/who.gho.mdg-0000000007/2026/09/20260907T160626Z-083ef708c2ee.json.gz,2
who.gho.mdg-0000000007,MDG_0000000007:ECU:SEX_BTSX:AGEGROUP_YEARSUNDER5:WEALTHQUINTILE_TOTL,1958-01-01,2026-09-07T16:06:26Z,restated_at,2026-08-05,,who.gho.mdg-0000000007,raw/who.gho.mdg-0000000007/2026/09/20260907T160626Z-083ef708c2ee.json.gz,2
who.gho.mdg-0000000007,MDG_0000000007:ECU:SEX_BTSX:AGEGROUP_YEARSUNDER5:WEALTHQUINTILE_TOTL,1958-01-01,2026-09-07T16:06:26Z,value,187.827840814,,who.gho.mdg-0000000007,raw/who.gho.mdg-0000000007/2026/09/20260907T160626Z-083ef708c2ee.json.gz,2
who.gho.mdg-0000000007,MDG_0000000007:ECU:SEX_FMLE:AGEGROUP_YEARSUNDER5:WEALTHQUINTILE_TOTL,1958-01-01,2026-09-07T16:05:18Z,high,220.850223394,,who.gho.mdg-0000000007,raw/who.gho.mdg-0000000007/2026/09/20260907T160518Z-f66c8acba372.json.gz,2
who.gho.mdg-0000000007,MDG_0000000007:ECU:SEX_FMLE:AGEGROUP_YEARSUNDER5:WEALTHQUINTILE_TOTL,1958-01-01,2026-09-07T16:05:18Z,low,142.423561069,,who.gho.mdg-0000000007,raw/who.gho.mdg-0000000007/2026/09/20260907T160518Z-f66c8acba372.json.gz,2
who.gho.mdg-0000000007,MDG_0000000007:ECU:SEX_FMLE:AGEGROUP_YEARSUNDER5:WEALTHQUINTILE_TOTL,1958-01-01,2026-09-07T16:05:18Z,restated_at,2026-08-05,,who.gho.mdg-0000000007,raw/who.gho.mdg-0000000007/2026/09/20260907T160518Z-f66c8acba372.json.gz,2
who.gho.mdg-0000000007,MDG_0000000007:ECU:SEX_FMLE:AGEGROUP_YEARSUNDER5:WEALTHQUINTILE_TOTL,1958-01-01,2026-09-07T16:05:18Z,value,176.566784415,,who.gho.mdg-0000000007,raw/who.gho.mdg-0000000007/2026/09/20260907T160518Z-f66c8acba372.json.gz,2
who.gho.mdg-0000000007,MDG_0000000007:ECU:SEX_MLE:AGEGROUP_YEARSUNDER5:WEALTHQUINTILE_TOTL,1958-01-01,2026-09-07T16:09:30Z,high,247.80169743,,who.gho.mdg-0000000007,raw/who.gho.mdg-0000000007/2026/09/20260907T160930Z-3a49f2d0e7d2.json.gz,2
who.gho.mdg-0000000007,MDG_0000000007:ECU:SEX_MLE:AGEGROUP_YEARSUNDER5:WEALTHQUINTILE_TOTL,1958-01-01,2026-09-07T16:09:30Z,low,160.362048984,,who.gho.mdg-0000000007,raw/who.gho.mdg-0000000007/2026/09/20260907T160930Z-3a49f2d0e7d2.json.gz,2
who.gho.mdg-0000000007,MDG_0000000007:ECU:SEX_MLE:AGEGROUP_YEARSUNDER5:WEALTHQUINTILE_TOTL,1958-01-01,2026-09-07T16:09:30Z,restated_at,2026-08-05,,who.gho.mdg-0000000007,raw/who.gho.mdg-0000000007/2026/09/20260907T160930Z-3a49f2d0e7d2.json.gz,2
who.gho.mdg-0000000007,MDG_0000000007:ECU:SEX_MLE:AGEGROUP_YEARSUNDER5:WEALTHQUINTILE_TOTL,1958-01-01,2026-09-07T16:09:30Z,value,198.759674568,,who.gho.mdg-0000000007,raw/who.gho.mdg-0000000007/2026/09/20260907T160930Z-3a49f2d0e7d2.json.gz,2
who.gho.mdg-0000000007,MDG_0000000007:EGY:SEX_BTSX:AGEGROUP_YEARSUNDER5:WEALTHQUINTILE_TOTL,1958-01-01,2026-09-07T16:11:14Z,high,384.009459803,,who.gho.mdg-0000000007,raw/who.gho.mdg-0000000007/2026/09/20260907T161114Z-c1ae2408f442.json.gz,2
who.gho.mdg-0000000007,MDG_0000000007:EGY:SEX_BTSX:AGEGROUP_YEARSUNDER5:WEALTHQUINTILE_TOTL,1958-01-01,2026-09-07T16:11:14Z,low,308.325623777,,who.gho.mdg-0000000007,raw/who.gho.mdg-0000000007/2026/09/20260907T161114Z-c1ae2408f442.json.gz,2
who.gho.mdg-0000000007,MDG_0000000007:EGY:SEX_BTSX:AGEGROUP_YEARSUNDER5:WEALTHQUINTILE_TOTL,1958-01-01,2026-09-07T16:11:14Z,restated_at,2026-08-05,,who.gho.mdg-0000000007,raw/who.gho.mdg-0000000007/2026/09/20260907T161114Z-c1ae2408f442.json.gz,2
who.gho.mdg-0000000007,MDG_0000000007:EGY:SEX_BTSX:AGEGROUP_YEARSUNDER5:WEALTHQUINTILE_TOTL,1958-01-01,2026-09-07T16:11:14Z,value,344.404525203,,who.gho.mdg-0000000007,raw/who.gho.mdg-0000000007/2026/09/20260907T161114Z-c1ae2408f442.json.gz,2
who.gho.mdg-0000000007,MDG_0000000007:EGY:SEX_FMLE:AGEGROUP_YEARSUNDER5:WEALTHQUINTILE_TOTL,1958-01-01,2026-09-07T16:09:08Z,high,395.262828107,,who.gho.mdg-0000000007,raw/who.gho.mdg-0000000007/2026/09/20260907T160908Z-96acbc2bc7cb.json.gz,2
who.gho.mdg-0000000007,MDG_0000000007:EGY:SEX_FMLE:AGEGROUP_YEARSUNDER5:WEALTHQUINTILE_TOTL,1958-01-01,2026-09-07T16:09:08Z,low,315.096185231,,who.gho.mdg-0000000007,raw/who.gho.mdg-0000000007/2026/09/20260907T160908Z-96acbc2bc7cb.json.gz,2
who.gho.mdg-0000000007,MDG_0000000007:EGY:SEX_FMLE:AGEGROUP_YEARSUNDER5:WEALTHQUINTILE_TOTL,1958-01-01,2026-09-07T16:09:08Z,restated_at,2026-08-05,,who.gho.mdg-0000000007,raw/who.gho.mdg-0000000007/2026/09/20260907T160908Z-96acbc2bc7cb.json.gz,2
who.gho.mdg-0000000007,MDG_0000000007:EGY:SEX_FMLE:AGEGROUP_YEARSUNDER5:WEALTHQUINTILE_TOTL,1958-01-01,2026-09-07T16:09:08Z,value,353.264777786,,who.gho.mdg-0000000007,raw/who.gho.mdg-0000000007/2026/09/20260907T160908Z-96acbc2bc7cb.json.gz,2
who.gho.mdg-0000000007,MDG_0000000007:EGY:SEX_MLE:AGEGROUP_YEARSUNDER5:WEALTHQUINTILE_TOTL,1958-01-01,2026-09-07T16:05:01Z,high,375.490965202,,who.gho.mdg-0000000007,raw/who.gho.mdg-0000000007/2026/09/20260907T160501Z-2d19e1a5feef.json.gz,2
who.gho.mdg-0000000007,MDG_0000000007:EGY:SEX_MLE:AGEGROUP_YEARSUNDER5:WEALTHQUINTILE_TOTL,1958-01-01,2026-09-07T16:05:01Z,low,299.843484877,,who.gho.mdg-0000000007,raw/who.gho.mdg-0000000007/2026/09/20260907T160501Z-2d19e1a5feef.json.gz,2
who.gho.mdg-0000000007,MDG_0000000007:EGY:SEX_MLE:AGEGROUP_YEARSUNDER5:WEALTHQUINTILE_TOTL,1958-01-01,2026-09-07T16:05:01Z,restated_at,2026-08-05,,who.gho.mdg-0000000007,raw/who.gho.mdg-0000000007/2026/09/20260907T160501Z-2d19e1a5feef.json.gz,2
who.gho.mdg-0000000007,MDG_0000000007:EGY:SEX_MLE:AGEGROUP_YEARSUNDER5:WEALTHQUINTILE_TOTL,1958-01-01,2026-09-07T16:05:01Z,value,335.617683565,,who.gho.mdg-0000000007,raw/who.gho.mdg-0000000007/2026/09/20260907T160501Z-2d19e1a5feef.json.gz,2
who.gho.mdg-0000000007,MDG_0000000007:ESP:SEX_BTSX:AGEGROUP_YEARSUNDER5:WEALTHQUINTILE_TOTL,1958-01-01,2026-09-07T16:06:02Z,high,61.037532452,,who.gho.mdg-0000000007,raw/who.gho.mdg-0000000007/2026/09/20260907T160602Z-1adff4f5f376.json.gz,2
who.gho.mdg-0000000007,MDG_0000000007:ESP:SEX_BTSX:AGEGROUP_YEARSUNDER5:WEALTHQUINTILE_TOTL,1958-01-01,2026-09-07T16:06:02Z,low,58.679461418,,who.gho.mdg-0000000007,raw/who.gho.mdg-0000000007/2026/09/20260907T160602Z-1adff4f5f376.json.gz,2
who.gho.mdg-0000000007,MDG_0000000007:ESP:SEX_BTSX:AGEGROUP_YEARSUNDER5:WEALTHQUINTILE_TOTL,1958-01-01,2026-09-07T16:06:02Z,restated_at,2026-08-05,,who.gho.mdg-0000000007,raw/who.gho.mdg-0000000007/2026/09/20260907T160602Z-1adff4f5f376.json.gz,2
who.gho.mdg-0000000007,MDG_0000000007:ESP:SEX_BTSX:AGEGROUP_YEARSUNDER5:WEALTHQUINTILE_TOTL,1958-01-01,2026-09-07T16:06:02Z,value,59.84137722,,who.gho.mdg-0000000007,raw/who.gho.mdg-0000000007/2026/09/20260907T160602Z-1adff4f5f376.json.gz,2
who.gho.mdg-0000000007,MDG_0000000007:ESP:SEX_FMLE:AGEGROUP_YEARSUNDER5:WEALTHQUINTILE_TOTL,1958-01-01,2026-09-07T16:11:10Z,high,55.368005633,,who.gho.mdg-0000000007,raw/who.gho.mdg-0000000007/2026/09/20260907T161110Z-9f3e1e4fe296.json.gz,2
who.gho.mdg-0000000007,MDG_0000000007:ESP:SEX_FMLE:AGEGROUP_YEARSUNDER5:WEALTHQUINTILE_TOTL,1958-01-01,2026-09-07T16:11:10Z,low,53.119813151,,who.gho.mdg-0000000007,raw/who.gho.mdg-0000000007/2026/09/20260907T161110Z-9f3e1e4fe296.json.gz,2
who.gho.mdg-0000000007,MDG_0000000007:ESP:SEX_FMLE:AGEGROUP_YEARSUNDER5:WEALTHQUINTILE_TOTL,1958-01-01,2026-09-07T16:11:10Z,restated_at,2026-08-05,,who.gho.mdg-0000000007,raw/who.gho.mdg-0000000007/2026/09/20260907T161110Z-9f3e1e4fe296.json.gz,2
who.gho.mdg-0000000007,MDG_0000000007:ESP:SEX_FMLE:AGEGROUP_YEARSUNDER5:WEALTHQUINTILE_TOTL,1958-01-01,2026-09-07T16:11:10Z,value,54.235487947,,who.gho.mdg-0000000007,raw/who.gho.mdg-0000000007/2026/09/20260907T161110Z-9f3e1e4fe296.json.gz,2
who.gho.mdg-0000000007,MDG_0000000007:ESP:SEX_MLE:AGEGROUP_YEARSUNDER5:WEALTHQUINTILE_TOTL,1958-01-01,2026-09-07T16:08:59Z,high,66.531736128,,who.gho.mdg-0000000007,raw/who.gho.mdg-0000000007/2026/09/20260907T160859Z-81b3460c41a8.json.gz,2
who.gho.mdg-0000000007,MDG_0000000007:ESP:SEX_MLE:AGEGROUP_YEARSUNDER5:WEALTHQUINTILE_TOTL,1958-01-01,2026-09-07T16:08:59Z,low,63.897551589,,who.gho.mdg-0000000007,raw/who.gho.mdg-0000000007/2026/09/20260907T160859Z-81b3460c41a8.json.gz,2
who.gho.mdg-0000000007,MDG_0000000007:ESP:SEX_MLE:AGEGROUP_YEARSUNDER5:WEALTHQUINTILE_TOTL,1958-01-01,2026-09-07T16:08:59Z,restated_at,2026-08-05,,who.gho.mdg-0000000007,raw/who.gho.mdg-0000000007/2026/09/20260907T160859Z-81b3460c41a8.json.gz,2
who.gho.mdg-0000000007,MDG_0000000007:ESP:SEX_MLE:AGEGROUP_YEARSUNDER5:WEALTHQUINTILE_TOTL,1958-01-01,2026-09-07T16:08:59Z,value,65.192325487,,who.gho.mdg-0000000007,raw/who.gho.mdg-0000000007/2026/09/20260907T160859Z-81b3460c41a8.json.gz,2
who.gho.mdg-0000000007,MDG_0000000007:EST:SEX_BTSX:AGEGROUP_YEARSUNDER5:WEALTHQUINTILE_TOTL,1958-01-01,2026-09-07T16:04:52Z,high,45.279313418,,who.gho.mdg-0000000007,raw/who.gho.mdg-0000000007/2026/09/20260907T160452Z-cad637d9cec2.json.gz,2
who.gho.mdg-0000000007,MDG_0000000007:EST:SEX_BTSX:AGEGROUP_YEARSUNDER5:WEALTHQUINTILE_TOTL,1958-01-01,2026-09-07T16:04:52Z,low,34.566943143,,who.gho.mdg-0000000007,raw/who.gho.mdg-0000000007/2026/09/20260907T160452Z-cad637d9cec2.json.gz,2
who.gho.mdg-0000000007,MDG_0000000007:EST:SEX_BTSX:AGEGROUP_YEARSUNDER5:WEALTHQUINTILE_TOTL,1958-01-01,2026-09-07T16:04:52Z,restated_at,2026-08-05,,who.gho.mdg-0000000007,raw/who.gho.mdg-0000000007/2026/09/20260907T160452Z-cad637d9cec2.json.gz,2
who.gho.mdg-0000000007,MDG_0000000007:EST:SEX_BTSX:AGEGROUP_YEARSUNDER5:WEALTHQUINTILE_TOTL,1958-01-01,2026-09-07T16:04:52Z,value,39.543993653,,who.gho.mdg-0000000007,raw/who.gho.mdg-0000000007/2026/09/20260907T160452Z-cad637d9cec2.json.gz,2
who.gho.mdg-0000000007,MDG_0000000007:EST:SEX_FMLE:AGEGROUP_YEARSUNDER5:WEALTHQUINTILE_TOTL,1958-01-01,2026-09-07T16:04:52Z,high,40.157629694,,who.gho.mdg-0000000007,raw/who.gho.mdg-0000000007/2026/09/20260907T160452Z-cad637d9cec2.json.gz,2
who.gho.mdg-0000000007,MDG_0000000007:EST:SEX_FMLE:AGEGROUP_YEARSUNDER5:WEALTHQUINTILE_TOTL,1958-01-01,2026-09-07T16:04:52Z,low,30.192479371,,who.gho.mdg-0000000007,raw/who.gho.mdg-0000000007/2026/09/20260907T160452Z-cad637d9cec2.json.gz,2
who.gho.mdg-0000000007,MDG_0000000007:EST:SEX_FMLE:AGEGROUP_YEARSUNDER5:WEALTHQUINTILE_TOTL,1958-01-01,2026-09-07T16:04:52Z,restated_at,2026-08-05,,who.gho.mdg-0000000007,raw/who.gho.mdg-0000000007/2026/09/20260907T160452Z-cad637d9cec2.json.gz,2
who.gho.mdg-0000000007,MDG_0000000007:EST:SEX_FMLE:AGEGROUP_YEARSUNDER5:WEALTHQUINTILE_TOTL,1958-01-01,2026-09-07T16:04:52Z,value,34.789240617,,who.gho.mdg-0000000007,raw/who.gho.mdg-0000000007/2026/09/20260907T160452Z-cad637d9cec2.json.gz,2
who.gho.mdg-0000000007,MDG_0000000007:EST:SEX_MLE:AGEGROUP_YEARSUNDER5:WEALTHQUINTILE_TOTL,1958-01-01,2026-09-07T16:04:52Z,high,50.707961939,,who.gho.mdg-0000000007,raw/who.gho.mdg-0000000007/2026/09/20260907T160452Z-cad637d9cec2.json.gz,2
who.gho.mdg-0000000007,MDG_0000000007:EST:SEX_MLE:AGEGROUP_YEARSUNDER5:WEALTHQUINTILE_TOTL,1958-01-01,2026-09-07T16:04:52Z,low,38.405353295,,who.gho.mdg-0000000007,raw/who.gho.mdg-0000000007/2026/09/20260907T160452Z-cad637d9cec2.json.gz,2
who.gho.mdg-0000000007,MDG_0000000007:EST:SEX_MLE:AGEGROUP_YEARSUNDER5:WEALTHQUINTILE_TOTL,1958-01-01,2026-09-07T16:04:52Z,restated_at,2026-08-05,,who.gho.mdg-0000000007,raw/who.gho.mdg-0000000007/2026/09/20260907T160452Z-cad637d9cec2.json.gz,2
who.gho.mdg-0000000007,MDG_0000000007:EST:SEX_MLE:AGEGROUP_YEARSUNDER5:WEALTHQUINTILE_TOTL,1958-01-01,2026-09-07T16:04:52Z,value,44.093659133,,who.gho.mdg-0000000007,raw/who.gho.mdg-0000000007/2026/09/20260907T160452Z-cad637d9cec2.json.gz,2
who.gho.mdg-0000000007,MDG_0000000007:FIN:SEX_BTSX:AGEGROUP_YEARSUNDER5:WEALTHQUINTILE_TOTL,1958-01-01,2026-09-07T16:06:02Z,high,31.042442191,,who.gho.mdg-0000000007,raw/who.gho.mdg-0000000007/2026/09/20260907T160602Z-1adff4f5f376.json.gz,2
who.gho.mdg-0000000007,MDG_0000000007:FIN:SEX_BTSX:AGEGROUP_YEARSUNDER5:WEALTHQUINTILE_TOTL,1958-01-01,2026-09-07T16:06:02Z,low,29.846402315,,who.gho.mdg-0000000007,raw/who.gho.mdg-0000000007/2026/09/20260907T160602Z-1adff4f5f376.json.gz,2
who.gho.mdg-0000000007,MDG_0000000007:FIN:SEX_BTSX:AGEGROUP_YEARSUNDER5:WEALTHQUINTILE_TOTL,1958-01-01,2026-09-07T16:06:02Z,restated_at,2026-08-05,,who.gho.mdg-0000000007,raw/who.gho.mdg-0000000007/2026/09/20260907T160602Z-1adff4f5f376.json.gz,2
who.gho.mdg-0000000007,MDG_0000000007:FIN:SEX_BTSX:AGEGROUP_YEARSUNDER5:WEALTHQUINTILE_TOTL,1958-01-01,2026-09-07T16:06:02Z,value,30.425152252,,who.gho.mdg-0000000007,raw/who.gho.mdg-0000000007/2026/09/20260907T160602Z-1adff4f5f376.json.gz,2
who.gho.mdg-0000000007,MDG_0000000007:FIN:SEX_FMLE:AGEGROUP_YEARSUNDER5:WEALTHQUINTILE_TOTL,1958-01-01,2026-09-07T16:09:13Z,high,27.361984373,,who.gho.mdg-0000000007,raw/who.gho.mdg-0000000007/2026/09/20260907T160913Z-86e8fac132bd.json.gz,2
who.gho.mdg-0000000007,MDG_0000000007:FIN:SEX_FMLE:AGEGROUP_YEARSUNDER5:WEALTHQUINTILE_TOTL,1958-01-01,2026-09-07T16:09:13Z,low,26.03321706,,who.gho.mdg-0000000007,raw/who.gho.mdg-0000000007/2026/09/20260907T160913Z-86e8fac132bd.json.gz,2
who.gho.mdg-0000000007,MDG_0000000007:FIN:SEX_FMLE:AGEGROUP_YEARSUNDER5:WEALTHQUINTILE_TOTL,1958-01-01,2026-09-07T16:09:13Z,restated_at,2026-08-05,,who.gho.mdg-0000000007,raw/who.gho.mdg-0000000007/2026/09/20260907T160913Z-86e8fac132bd.json.gz,2
who.gho.mdg-0000000007,MDG_0000000007:FIN:SEX_FMLE:AGEGROUP_YEARSUNDER5:WEALTHQUINTILE_TOTL,1958-01-01,2026-09-07T16:09:13Z,value,26.673404294,,who.gho.mdg-0000000007,raw/who.gho.mdg-0000000007/2026/09/20260907T160913Z-86e8fac132bd.json.gz,2
who.gho.mdg-0000000007,MDG_0000000007:FIN:SEX_MLE:AGEGROUP_YEARSUNDER5:WEALTHQUINTILE_TOTL,1958-01-01,2026-09-07T16:11:01Z,high,34.786299809,,who.gho.mdg-0000000007,raw/who.gho.mdg-0000000007/2026/09/20260907T161101Z-fc76d9a7e10d.json.gz,2
who.gho.mdg-0000000007,MDG_0000000007:FIN:SEX_MLE:AGEGROUP_YEARSUNDER5:WEALTHQUINTILE_TOTL,1958-01-01,2026-09-07T16:11:01Z,low,33.251482331,,who.gho.mdg-0000000007,raw/who.gho.mdg-0000000007/2026/09/20260907T161101Z-fc76d9a7e10d.json.gz,2
who.gho.mdg-0000000007,MDG_0000000007:FIN:SEX_MLE:AGEGROUP_YEARSUNDER5:WEALTHQUINTILE_TOTL,1958-01-01,2026-09-07T16:11:01Z,restated_at,2026-08-05,,who.gho.mdg-0000000007,raw/who.gho.mdg-0000000007/2026/09/20260907T161101Z-fc76d9a7e10d.json.gz,2
who.gho.mdg-0000000007,MDG_0000000007:FIN:SEX_MLE:AGEGROUP_YEARSUNDER5:WEALTHQUINTILE_TOTL,1958-01-01,2026-09-07T16:11:01Z,value,33.996586405,,who.gho.mdg-0000000007,raw/who.gho.mdg-0000000007/2026/09/20260907T161101Z-fc76d9a7e10d.json.gz,2
who.gho.mdg-0000000007,MDG_0000000007:FJI:SEX_BTSX:AGEGROUP_YEARSUNDER5:WEALTHQUINTILE_TOTL,1958-01-01,2026-09-07T16:05:31Z,high,96.888022362,,who.gho.mdg-0000000007,raw/who.gho.mdg-0000000007/2026/09/20260907T160531Z-a90a9bba0858.json.gz,2
who.gho.mdg-0000000007,MDG_0000000007:FJI:SEX_BTSX:AGEGROUP_YEARSUNDER5:WEALTHQUINTILE_TOTL,1958-01-01,2026-09-07T16:05:31Z,low,78.066643771,,who.gho.mdg-0000000007,raw/who.gho.mdg-0000000007/2026/09/20260907T160531Z-a90a9bba0858.json.gz,2
who.gho.mdg-0000000007,MDG_0000000007:FJI:SEX_BTSX:AGEGROUP_YEARSUNDER5:WEALTHQUINTILE_TOTL,1958-01-01,2026-09-07T16:05:31Z,restated_at,2026-08-05,,who.gho.mdg-0000000007,raw/who.gho.mdg-0000000007/2026/09/20260907T160531Z-a90a9bba0858.json.gz,2
who.gho.mdg-0000000007,MDG_0000000007:FJI:SEX_BTSX:AGEGROUP_YEARSUNDER5:WEALTHQUINTILE_TOTL,1958-01-01,2026-09-07T16:05:31Z,value,87.378022338,,who.gho.mdg-0000000007,raw/who.gho.mdg-0000000007/2026/09/20260907T160531Z-a90a9bba0858.json.gz,2
who.gho.mdg-0000000007,MDG_0000000007:FJI:SEX_FMLE:AGEGROUP_YEARSUNDER5:WEALTHQUINTILE_TOTL,1958-01-01,2026-09-07T16:11:22Z,high,91.673482728,,who.gho.mdg-0000000007,raw/who.gho.mdg-0000000007/2026/09/20260907T161122Z-4e9c288e3adb.json.gz,2
who.gho.mdg-0000000007,MDG_0000000007:FJI:SEX_FMLE:AGEGROUP_YEARSUNDER5:WEALTHQUINTILE_TOTL,1958-01-01,2026-09-07T16:11:22Z,low,73.236828704,,who.gho.mdg-0000000007,raw/who.gho.mdg-0000000007/2026/09/20260907T161122Z-4e9c288e3adb.json.gz,2
who.gho.mdg-0000000007,MDG_0000000007:FJI:SEX_FMLE:AGEGROUP_YEARSUNDER5:WEALTHQUINTILE_TOTL,1958-01-01,2026-09-07T16:11:22Z,restated_at,2026-08-05,,who.gho.mdg-0000000007,raw/who.gho.mdg-0000000007/2026/09/20260907T161122Z-4e9c288e3adb.json.gz,2
who.gho.mdg-0000000007,MDG_0000000007:FJI:SEX_FMLE:AGEGROUP_YEARSUNDER5:WEALTHQUINTILE_TOTL,1958-01-01,2026-09-07T16:11:22Z,value,82.199204874,,who.gho.mdg-0000000007,raw/who.gho.mdg-0000000007/2026/09/20260907T161122Z-4e9c288e3adb.json.gz,2
who.gho.mdg-0000000007,MDG_0000000007:FJI:SEX_MLE:AGEGROUP_YEARSUNDER5:WEALTHQUINTILE_TOTL,1958-01-01,2026-09-07T16:05:26Z,high,102.562138122,,who.gho.mdg-0000000007,raw/who.gho.mdg-0000000007/2026/09/20260907T160526Z-1363df2b3da0.json.gz,2
who.gho.mdg-0000000007,MDG_0000000007:FJI:SEX_MLE:AGEGROUP_YEARSUNDER5:WEALTHQUINTILE_TOTL,1958-01-01,2026-09-07T16:05:26Z,low,82.053920443,,who.gho.mdg-0000000007,raw/who.gho.mdg-0000000007/2026/09/20260907T160526Z-1363df2b3da0.json.gz,2
who.gho.mdg-0000000007,MDG_0000000007:FJI:SEX_MLE:AGEGROUP_YEARSUNDER5:WEALTHQUINTILE_TOTL,1958-01-01,2026-09-07T16:05:26Z,restated_at,2026-08-05,,who.gho.mdg-0000000007,raw/who.gho.mdg-0000000007/2026/09/20260907T160526Z-1363df2b3da0.json.gz,2
who.gho.mdg-0000000007,MDG_0000000007:FJI:SEX_MLE:AGEGROUP_YEARSUNDER5:WEALTHQUINTILE_TOTL,1958-01-01,2026-09-07T16:05:26Z,value,92.241799896,,who.gho.mdg-0000000007,raw/who.gho.mdg-0000000007/2026/09/20260907T160526Z-1363df2b3da0.json.gz,2
who.gho.mdg-0000000007,MDG_0000000007:FRA:SEX_BTSX:AGEGROUP_YEARSUNDER5:WEALTHQUINTILE_TOTL,1958-01-01,2026-09-07T16:08:45Z,high,33.036252178,,who.gho.mdg-0000000007,raw/who.gho.mdg-0000000007/2026/09/20260907T160845Z-9b23f1f1b45b.json.gz,2
who.gho.mdg-0000000007,MDG_0000000007:FRA:SEX_BTSX:AGEGROUP_YEARSUNDER5:WEALTHQUINTILE_TOTL,1958-01-01,2026-09-07T16:08:45Z,low,31.82945774,,who.gho.mdg-0000000007,raw/who.gho.mdg-0000000007/2026/09/20260907T160845Z-9b23f1f1b45b.json.gz,2
who.gho.mdg-0000000007,MDG_0000000007:FRA:SEX_BTSX:AGEGROUP_YEARSUNDER5:WEALTHQUINTILE_TOTL,1958-01-01,2026-09-07T16:08:45Z,restated_at,2026-08-05,,who.gho.mdg-0000000007,raw/who.gho.mdg-0000000007/2026/09/20260907T160845Z-9b23f1f1b45b.json.gz,2
who.gho.mdg-0000000007,MDG_0000000007:FRA:SEX_BTSX:AGEGROUP_YEARSUNDER5:WEALTHQUINTILE_TOTL,1958-01-01,2026-09-07T16:08:45Z,value,32.434681935,,who.gho.mdg-0000000007,raw/who.gho.mdg-0000000007/2026/09/20260907T160845Z-9b23f1f1b45b.json.gz,2
who.gho.mdg-0000000007,MDG_0000000007:FRA:SEX_FMLE:AGEGROUP_YEARSUNDER5:WEALTHQUINTILE_TOTL,1958-01-01,2026-09-07T16:11:10Z,high,29.087746595,,who.gho.mdg-0000000007,raw/who.gho.mdg-0000000007/2026/09/20260907T161110Z-9f3e1e4fe296.json.gz,2
who.gho.mdg-0000000007,MDG_0000000007:FRA:SEX_FMLE:AGEGROUP_YEARSUNDER5:WEALTHQUINTILE_TOTL,1958-01-01,2026-09-07T16:11:10Z,low,27.933915726,,who.gho.mdg-0000000007,raw/who.gho.mdg-0000000007/2026/09/20260907T161110Z-9f3e1e4fe296.json.gz,2
who.gho.mdg-0000000007,MDG_0000000007:FRA:SEX_FMLE:AGEGROUP_YEARSUNDER5:WEALTHQUINTILE_TOTL,1958-01-01,2026-09-07T16:11:10Z,restated_at,2026-08-05,,who.gho.mdg-0000000007,raw/who.gho.mdg-0000000007/2026/09/20260907T161110Z-9f3e1e4fe296.json.gz,2
who.gho.mdg-0000000007,MDG_0000000007:FRA:SEX_FMLE:AGEGROUP_YEARSUNDER5:WEALTHQUINTILE_TOTL,1958-01-01,2026-09-07T16:11:10Z,value,28.513303761,,who.gho.mdg-0000000007,raw/who.gho.mdg-0000000007/2026/09/20260907T161110Z-9f3e1e4fe296.json.gz,2
who.gho.mdg-0000000007,MDG_0000000007:FRA:SEX_MLE:AGEGROUP_YEARSUNDER5:WEALTHQUINTILE_TOTL,1958-01-01,2026-09-07T16:05:31Z,high,36.86938651,,who.gho.mdg-0000000007,raw/who.gho.mdg-0000000007/2026/09/20260907T160531Z-a90a9bba0858.json.gz,2
who.gho.mdg-0000000007,MDG_0000000007:FRA:SEX_MLE:AGEGROUP_YEARSUNDER5:WEALTHQUINTILE_TOTL,1958-01-01,2026-09-07T16:05:31Z,low,35.457495792,,who.gho.mdg-0000000007,raw/who.gho.mdg-0000000007/2026/09/20260907T160531Z-a90a9bba0858.json.gz,2
who.gho.mdg-0000000007,MDG_0000000007:FRA:SEX_MLE:AGEGROUP_YEARSUNDER5:WEALTHQUINTILE_TOTL,1958-01-01,2026-09-07T16:05:31Z,restated_at,2026-08-05,,who.gho.mdg-0000000007,raw/who.gho.mdg-0000000007/2026/09/20260907T160531Z-a90a9bba0858.json.gz,2
who.gho.mdg-0000000007,MDG_0000000007:FRA:SEX_MLE:AGEGROUP_YEARSUNDER5:WEALTHQUINTILE_TOTL,1958-01-01,2026-09-07T16:05:31Z,value,36.156759256,,who.gho.mdg-0000000007,raw/who.gho.mdg-0000000007/2026/09/20260907T160531Z-a90a9bba0858.json.gz,2
who.gho.mdg-0000000007,MDG_0000000007:FSM:SEX_BTSX:AGEGROUP_YEARSUNDER5:WEALTHQUINTILE_TOTL,1958-01-01,2026-09-07T16:06:07Z,high,180.787730326,,who.gho.mdg-0000000007,raw/who.gho.mdg-0000000007/2026/09/20260907T160607Z-9445f1b065fa.json.gz,2
who.gho.mdg-0000000007,MDG_0000000007:FSM:SEX_BTSX:AGEGROUP_YEARSUNDER5:WEALTHQUINTILE_TOTL,1958-01-01,2026-09-07T16:06:07Z,low,103.815017817,,who.gho.mdg-0000000007,raw/who.gho.mdg-0000000007/2026/09/20260907T160607Z-9445f1b065fa.json.gz,2
who.gho.mdg-0000000007,MDG_0000000007:FSM:SEX_BTSX:AGEGROUP_YEARSUNDER5:WEALTHQUINTILE_TOTL,1958-01-01,2026-09-07T16:06:07Z,restated_at,2026-08-05,,who.gho.mdg-0000000007,raw/who.gho.mdg-0000000007/2026/09/20260907T160607Z-9445f1b065fa.json.gz,2
who.gho.mdg-0000000007,MDG_0000000007:FSM:SEX_BTSX:AGEGROUP_YEARSUNDER5:WEALTHQUINTILE_TOTL,1958-01-01,2026-09-07T16:06:07Z,value,136.642638839,,who.gho.mdg-0000000007,raw/who.gho.mdg-0000000007/2026/09/20260907T160607Z-9445f1b065fa.json.gz,2
who.gho.mdg-0000000007,MDG_0000000007:FSM:SEX_FMLE:AGEGROUP_YEARSUNDER5:WEALTHQUINTILE_TOTL,1958-01-01,2026-09-07T16:08:38Z,high,168.840360604,,who.gho.mdg-0000000007,raw/who.gho.mdg-0000000007/2026/09/20260907T160838Z-ad9f959b97c6.json.gz,2
who.gho.mdg-0000000007,MDG_0000000007:FSM:SEX_FMLE:AGEGROUP_YEARSUNDER5:WEALTHQUINTILE_TOTL,1958-01-01,2026-09-07T16:08:38Z,low,96.046522212,,who.gho.mdg-0000000007,raw/who.gho.mdg-0000000007/2026/09/20260907T160838Z-ad9f959b97c6.json.gz,2
who.gho.mdg-0000000007,MDG_0000000007:FSM:SEX_FMLE:AGEGROUP_YEARSUNDER5:WEALTHQUINTILE_TOTL,1958-01-01,2026-09-07T16:08:38Z,restated_at,2026-08-05,,who.gho.mdg-0000000007,raw/who.gho.mdg-0000000007/2026/09/20260907T160838Z-ad9f959b97c6.json.gz,2
who.gho.mdg-0000000007,MDG_0000000007:FSM:SEX_FMLE:AGEGROUP_YEARSUNDER5:WEALTHQUINTILE_TOTL,1958-01-01,2026-09-07T16:08:38Z,value,127.038561571,,who.gho.mdg-0000000007,raw/who.gho.mdg-0000000007/2026/09/20260907T160838Z-ad9f959b97c6.json.gz,2
who.gho.mdg-0000000007,MDG_0000000007:FSM:SEX_MLE:AGEGROUP_YEARSUNDER5:WEALTHQUINTILE_TOTL,1958-01-01,2026-09-07T16:06:07Z,high,192.885749338,,who.gho.mdg-0000000007,raw/who.gho.mdg-0000000007/2026/09/20260907T160607Z-9445f1b065fa.json.gz,2
who.gho.mdg-0000000007,MDG_0000000007:FSM:SEX_MLE:AGEGROUP_YEARSUNDER5:WEALTHQUINTILE_TOTL,1958-01-01,2026-09-07T16:06:07Z,low,110.201592965,,who.gho.mdg-0000000007,raw/who.gho.mdg-0000000007/2026/09/20260907T160607Z-9445f1b065fa.json.gz,2
who.gho.mdg-0000000007,MDG_0000000007:FSM:SEX_MLE:AGEGROUP_YEARSUNDER5:WEALTHQUINTILE_TOTL,1958-01-01,2026-09-07T16:06:07Z,restated_at,2026-08-05,,who.gho.mdg-0000000007,raw/who.gho.mdg-0000000007/2026/09/20260907T160607Z-9445f1b065fa.json.gz,2
who.gho.mdg-0000000007,MDG_0000000007:FSM:SEX_MLE:AGEGROUP_YEARSUNDER5:WEALTHQUINTILE_TOTL,1958-01-01,2026-09-07T16:06:07Z,value,145.60309057,,who.gho.mdg-0000000007,raw/who.gho.mdg-0000000007/2026/09/20260907T160607Z-9445f1b065fa.json.gz,2
who.gho.mdg-0000000007,MDG_0000000007:GAB:SEX_BTSX:AGEGROUP_YEARSUNDER5:WEALTHQUINTILE_TOTL,1958-01-01,2026-09-07T16:05:26Z,high,284.957277686,,who.gho.mdg-0000000007,raw/who.gho.mdg-0000000007/2026/09/20260907T160526Z-1363df2b3da0.json.gz,2
who.gho.mdg-0000000007,MDG_0000000007:GAB:SEX_BTSX:AGEGROUP_YEARSUNDER5:WEALTHQUINTILE_TOTL,1958-01-01,2026-09-07T16:05:26Z,low,196.998172279,,who.gho.mdg-0000000007,raw/who.gho.mdg-0000000007/2026/09/20260907T160526Z-1363df2b3da0.json.gz,2
who.gho.mdg-0000000007,MDG_0000000007:GAB:SEX_BTSX:AGEGROUP_YEARSUNDER5:WEALTHQUINTILE_TOTL,1958-01-01,2026-09-07T16:05:26Z,restated_at,2026-08-05,,who.gho.mdg-0000000007,raw/who.gho.mdg-0000000007/2026/09/20260907T160526Z-1363df2b3da0.json.gz,2
who.gho.mdg-0000000007,MDG_0000000007:GAB:SEX_BTSX:AGEGROUP_YEARSUNDER5:WEALTHQUINTILE_TOTL,1958-01-01,2026-09-07T16:05:26Z,value,233.344518613,,who.gho.mdg-0000000007,raw/who.gho.mdg-0000000007/2026/09/20260907T160526Z-1363df2b3da0.json.gz,2
who.gho.mdg-0000000007,MDG_0000000007:GAB:SEX_FMLE:AGEGROUP_YEARSUNDER5:WEALTHQUINTILE_TOTL,1958-01-01,2026-09-07T16:08:38Z,high,274.917490686,,who.gho.mdg-0000000007,raw/who.gho.mdg-0000000007/2026/09/20260907T160838Z-ad9f959b97c6.json.gz,2
who.gho.mdg-0000000007,MDG_0000000007:GAB:SEX_FMLE:AGEGROUP_YEARSUNDER5:WEALTHQUINTILE_TOTL,1958-01-01,2026-09-07T16:08:38Z,low,188.412459745,,who.gho.mdg-0000000007,raw/who.gho.mdg-0000000007/2026/09/20260907T160838Z-ad9f959b97c6.json.gz,2
who.gho.mdg-0000000007,MDG_0000000007:GAB:SEX_FMLE:AGEGROUP_YEARSUNDER5:WEALTHQUINTILE_TOTL,1958-01-01,2026-09-07T16:08:38Z,restated_at,2026-08-05,,who.gho.mdg-0000000007,raw/who.gho.mdg-0000000007/2026/09/20260907T160838Z-ad9f959b97c6.json.gz,2
who.gho.mdg-0000000007,MDG_0000000007:GAB:SEX_FMLE:AGEGROUP_YEARSUNDER5:WEALTHQUINTILE_TOTL,1958-01-01,2026-09-07T16:08:38Z,value,223.811794242,,who.gho.mdg-0000000007,raw/who.gho.mdg-0000000007/2026/09/20260907T160838Z-ad9f959b97c6.json.gz,2
who.gho.mdg-0000000007,MDG_0000000007:GAB:SEX_MLE:AGEGROUP_YEARSUNDER5:WEALTHQUINTILE_TOTL,1958-01-01,2026-09-07T16:05:06Z,high,297.114020385,,who.gho.mdg-0000000007,raw/who.gho.mdg-0000000007/2026/09/20260907T160506Z-a219a21e2a4a.json.gz,2
who.gho.mdg-0000000007,MDG_0000000007:GAB:SEX_MLE:AGEGROUP_YEARSUNDER5:WEALTHQUINTILE_TOTL,1958-01-01,2026-09-07T16:05:06Z,low,203.502225739,,who.gho.mdg-0000000007,raw/who.gho.mdg-0000000007/2026/09/20260907T160506Z-a219a21e2a4a.json.gz,2
who.gho.mdg-0000000007,MDG_0000000007:GAB:SEX_MLE:AGEGROUP_YEARSUNDER5:WEALTHQUINTILE_TOTL,1958-01-01,2026-09-07T16:05:06Z,restated_at,2026-08-05,,who.gho.mdg-0000000007,raw/who.gho.mdg-0000000007/2026/09/20260907T160506Z-a219a21e2a4a.json.gz,2
who.gho.mdg-0000000007,MDG_0000000007:GAB:SEX_MLE:AGEGROUP_YEARSUNDER5:WEALTHQUINTILE_TOTL,1958-01-01,2026-09-07T16:05:06Z,value,242.338487204,,who.gho.mdg-0000000007,raw/who.gho.mdg-0000000007/2026/09/20260907T160506Z-a219a21e2a4a.json.gz,2
who.gho.mdg-0000000007,MDG_0000000007:GBR:SEX_BTSX:AGEGROUP_YEARSUNDER5:WEALTHQUINTILE_TOTL,1958-01-01,2026-09-07T16:09:34Z,high,27.933468041,,who.gho.mdg-0000000007,raw/who.gho.mdg-0000000007/2026/09/20260907T160934Z-f7f0902b1194.json.gz,2
who.gho.mdg-0000000007,MDG_0000000007:GBR:SEX_BTSX:AGEGROUP_YEARSUNDER5:WEALTHQUINTILE_TOTL,1958-01-01,2026-09-07T16:09:34Z,low,26.904058826,,who.gho.mdg-0000000007,raw/who.gho.mdg-0000000007/2026/09/20260907T160934Z-f7f0902b1194.json.gz,2
who.gho.mdg-0000000007,MDG_0000000007:GBR:SEX_BTSX:AGEGROUP_YEARSUNDER5:WEALTHQUINTILE_TOTL,1958-01-01,2026-09-07T16:09:34Z,restated_at,2026-08-05,,who.gho.mdg-0000000007,raw/who.gho.mdg-0000000007/2026/09/20260907T160934Z-f7f0902b1194.json.gz,2
who.gho.mdg-0000000007,MDG_0000000007:GBR:SEX_BTSX:AGEGROUP_YEARSUNDER5:WEALTHQUINTILE_TOTL,1958-01-01,2026-09-07T16:09:34Z,value,27.405686014,,who.gho.mdg-0000000007,raw/who.gho.mdg-0000000007/2026/09/20260907T160934Z-f7f0902b1194.json.gz,2
who.gho.mdg-0000000007,MDG_0000000007:GBR:SEX_FMLE:AGEGROUP_YEARSUNDER5:WEALTHQUINTILE_TOTL,1958-01-01,2026-09-07T16:06:29Z,high,24.594749746,,who.gho.mdg-0000000007,raw/who.gho.mdg-0000000007/2026/09/20260907T160629Z-f6ed87825938.json.gz,2
who.gho.mdg-0000000007,MDG_0000000007:GBR:SEX_FMLE:AGEGROUP_YEARSUNDER5:WEALTHQUINTILE_TOTL,1958-01-01,2026-09-07T16:06:29Z,low,23.606693057,,who.gho.mdg-0000000007,raw/who.gho.mdg-0000000007/2026/09/20260907T160629Z-f6ed87825938.json.gz,2
who.gho.mdg-0000000007,MDG_0000000007:GBR:SEX_FMLE:AGEGROUP_YEARSUNDER5:WEALTHQUINTILE_TOTL,1958-01-01,2026-09-07T16:06:29Z,restated_at,2026-08-05,,who.gho.mdg-0000000007,raw/who.gho.mdg-0000000007/2026/09/20260907T160629Z-f6ed87825938.json.gz,2
who.gho.mdg-0000000007,MDG_0000000007:GBR:SEX_FMLE:AGEGROUP_YEARSUNDER5:WEALTHQUINTILE_TOTL,1958-01-01,2026-09-07T16:06:29Z,value,24.091965704,,who.gho.mdg-0000000007,raw/who.gho.mdg-0000000007/2026/09/20260907T160629Z-f6ed87825938.json.gz,2
who.gho.mdg-0000000007,MDG_0000000007:GBR:SEX_MLE:AGEGROUP_YEARSUNDER5:WEALTHQUINTILE_TOTL,1958-01-01,2026-09-07T16:08:45Z,high,31.187991666,,who.gho.mdg-0000000007,raw/who.gho.mdg-0000000007/2026/09/20260907T160845Z-9b23f1f1b45b.json.gz,2
who.gho.mdg-0000000007,MDG_0000000007:GBR:SEX_MLE:AGEGROUP_YEARSUNDER5:WEALTHQUINTILE_TOTL,1958-01-01,2026-09-07T16:08:45Z,low,29.966186702,,who.gho.mdg-0000000007,raw/who.gho.mdg-0000000007/2026/09/20260907T160845Z-9b23f1f1b45b.json.gz,2
who.gho.mdg-0000000007,MDG_0000000007:GBR:SEX_MLE:AGEGROUP_YEARSUNDER5:WEALTHQUINTILE_TOTL,1958-01-01,2026-09-07T16:08:45Z,restated_at,2026-08-05,,who.gho.mdg-0000000007,raw/who.gho.mdg-0000000007/2026/09/20260907T160845Z-9b23f1f1b45b.json.gz,2
who.gho.mdg-0000000007,MDG_0000000007:GBR:SEX_MLE:AGEGROUP_YEARSUNDER5:WEALTHQUINTILE_TOTL,1958-01-01,2026-09-07T16:08:45Z,value,30.559292329,,who.gho.mdg-0000000007,raw/who.gho.mdg-0000000007/2026/09/20260907T160845Z-9b23f1f1b45b.json.gz,2
who.gho.mdg-0000000007,MDG_0000000007:GHA:SEX_BTSX:AGEGROUP_YEARSUNDER5:WEALTHQUINTILE_TOTL,1958-01-01,2026-09-07T16:06:29Z,high,241.194043047,,who.gho.mdg-0000000007,raw/who.gho.mdg-0000000007/2026/09/20260907T160629Z-f6ed87825938.json.gz,2
who.gho.mdg-0000000007,MDG_0000000007:GHA:SEX_BTSX:AGEGROUP_YEARSUNDER5:WEALTHQUINTILE_TOTL,1958-01-01,2026-09-07T16:06:29Z,low,189.571647548,,who.gho.mdg-0000000007,raw/who.gho.mdg-0000000007/2026/09/20260907T160629Z-f6ed87825938.json.gz,2
who.gho.mdg-0000000007,MDG_0000000007:GHA:SEX_BTSX:AGEGROUP_YEARSUNDER5:WEALTHQUINTILE_TOTL,1958-01-01,2026-09-07T16:06:29Z,restated_at,2026-08-05,,who.gho.mdg-0000000007,raw/who.gho.mdg-0000000007/2026/09/20260907T160629Z-f6ed87825938.json.gz,2
who.gho.mdg-0000000007,MDG_0000000007:GHA:SEX_BTSX:AGEGROUP_YEARSUNDER5:WEALTHQUINTILE_TOTL,1958-01-01,2026-09-07T16:06:29Z,value,214.191139859,,who.gho.mdg-0000000007,raw/who.gho.mdg-0000000007/2026/09/20260907T160629Z-f6ed87825938.json.gz,2
who.gho.mdg-0000000007,MDG_0000000007:GHA:SEX_FMLE:AGEGROUP_YEARSUNDER5:WEALTHQUINTILE_TOTL,1958-01-01,2026-09-07T16:09:18Z,high,230.782008957,,who.gho.mdg-0000000007,raw/who.gho.mdg-0000000007/2026/09/20260907T160918Z-1f3ac080847d.json.gz,2
who.gho.mdg-0000000007,MDG_0000000007:GHA:SEX_FMLE:AGEGROUP_YEARSUNDER5:WEALTHQUINTILE_TOTL,1958-01-01,2026-09-07T16:09:18Z,low,179.750920923,,who.gho.mdg-0000000007,raw/who.gho.mdg-0000000007/2026/09/20260907T160918Z-1f3ac080847d.json.gz,2
who.gho.mdg-0000000007,MDG_0000000007:GHA:SEX_FMLE:AGEGROUP_YEARSUNDER5:WEALTHQUINTILE_TOTL,1958-01-01,2026-09-07T16:09:18Z,restated_at,2026-08-05,,who.gho.mdg-0000000007,raw/who.gho.mdg-0000000007/2026/09/20260907T160918Z-1f3ac080847d.json.gz,2
who.gho.mdg-0000000007,MDG_0000000007:GHA:SEX_FMLE:AGEGROUP_YEARSUNDER5:WEALTHQUINTILE_TOTL,1958-01-01,2026-09-07T16:09:18Z,value,203.937647411,,who.gho.mdg-0000000007,raw/who.gho.mdg-0000000007/2026/09/20260907T160918Z-1f3ac080847d.json.gz,2
who.gho.mdg-0000000007,MDG_0000000007:GHA:SEX_MLE:AGEGROUP_YEARSUNDER5:WEALTHQUINTILE_TOTL,1958-01-01,2026-09-07T16:10:45Z,high,252.896350067,,who.gho.mdg-0000000007,raw/who.gho.mdg-0000000007/2026/09/20260907T161045Z-53a7d24c459b.json.gz,2
who.gho.mdg-0000000007,MDG_0000000007:GHA:SEX_MLE:AGEGROUP_YEARSUNDER5:WEALTHQUINTILE_TOTL,1958-01-01,2026-09-07T16:10:45Z,low,197.578588523,,who.gho.mdg-0000000007,raw/who.gho.mdg-0000000007/2026/09/20260907T161045Z-53a7d24c459b.json.gz,2
who.gho.mdg-0000000007,MDG_0000000007:GHA:SEX_MLE:AGEGROUP_YEARSUNDER5:WEALTHQUINTILE_TOTL,1958-01-01,2026-09-07T16:10:45Z,restated_at,2026-08-05,,who.gho.mdg-0000000007,raw/who.gho.mdg-0000000007/2026/09/20260907T161045Z-53a7d24c459b.json.gz,2
who.gho.mdg-0000000007,MDG_0000000007:GHA:SEX_MLE:AGEGROUP_YEARSUNDER5:WEALTHQUINTILE_TOTL,1958-01-01,2026-09-07T16:10:45Z,value,224.090301321,,who.gho.mdg-0000000007,raw/who.gho.mdg-0000000007/2026/09/20260907T161045Z-53a7d24c459b.json.gz,2
who.gho.mdg-0000000007,MDG_0000000007:GIN:SEX_BTSX:AGEGROUP_YEARSUNDER5:WEALTHQUINTILE_TOTL,1958-01-01,2026-09-07T16:10:07Z,high,406.364443369,,who.gho.mdg-0000000007,raw/who.gho.mdg-0000000007/2026/09/20260907T161007Z-28c6cde3082c.json.gz,2
who.gho.mdg-0000000007,MDG_0000000007:GIN:SEX_BTSX:AGEGROUP_YEARSUNDER5:WEALTHQUINTILE_TOTL,1958-01-01,2026-09-07T16:10:07Z,low,302.751391933,,who.gho.mdg-0000000007,raw/who.gho.mdg-0000000007/2026/09/20260907T161007Z-28c6cde3082c.json.gz,2
who.gho.mdg-0000000007,MDG_0000000007:GIN:SEX_BTSX:AGEGROUP_YEARSUNDER5:WEALTHQUINTILE_TOTL,1958-01-01,2026-09-07T16:10:07Z,restated_at,2026-08-05,,who.gho.mdg-0000000007,raw/who.gho.mdg-0000000007/2026/09/20260907T161007Z-28c6cde3082c.json.gz,2
who.gho.mdg-0000000007,MDG_0000000007:GIN:SEX_BTSX:AGEGROUP_YEARSUNDER5:WEALTHQUINTILE_TOTL,1958-01-01,2026-09-07T16:10:07Z,value,350.101735792,,who.gho.mdg-0000000007,raw/who.gho.mdg-0000000007/2026/09/20260907T161007Z-28c6cde3082c.json.gz,2
who.gho.mdg-0000000007,MDG_0000000007:GIN:SEX_FMLE:AGEGROUP_YEARSUNDER5:WEALTHQUINTILE_TOTL,1958-01-01,2026-09-07T16:05:57Z,high,397.663689137,,who.gho.mdg-0000000007,raw/who.gho.mdg-0000000007/2026/09/20260907T160557Z-c8e786907d46.json.gz,2
who.gho.mdg-0000000007,MDG_0000000007:GIN:SEX_FMLE:AGEGROUP_YEARSUNDER5:WEALTHQUINTILE_TOTL,1958-01-01,2026-09-07T16:05:57Z,low,293.566396961,,who.gho.mdg-0000000007,raw/who.gho.mdg-0000000007/2026/09/20260907T160557Z-c8e786907d46.json.gz,2
who.gho.mdg-0000000007,MDG_0000000007:GIN:SEX_FMLE:AGEGROUP_YEARSUNDER5:WEALTHQUINTILE_TOTL,1958-01-01,2026-09-07T16:05:57Z,restated_at,2026-08-05,,who.gho.mdg-0000000007,raw/who.gho.mdg-0000000007/2026/09/20260907T160557Z-c8e786907d46.json.gz,2
who.gho.mdg-0000000007,MDG_0000000007:GIN:SEX_FMLE:AGEGROUP_YEARSUNDER5:WEALTHQUINTILE_TOTL,1958-01-01,2026-09-07T16:05:57Z,value,341.011014206,,who.gho.mdg-0000000007,raw/who.gho.mdg-0000000007/2026/09/20260907T160557Z-c8e786907d46.json.gz,2
who.gho.mdg-0000000007,MDG_0000000007:GIN:SEX_MLE:AGEGROUP_YEARSUNDER5:WEALTHQUINTILE_TOTL,1958-01-01,2026-09-07T16:10:21Z,high,418.793099326,,who.gho.mdg-0000000007,raw/who.gho.mdg-0000000007/2026/09/20260907T161021Z-3e9ba1677574.json.gz,2
who.gho.mdg-0000000007,MDG_0000000007:GIN:SEX_MLE:AGEGROUP_YEARSUNDER5:WEALTHQUINTILE_TOTL,1958-01-01,2026-09-07T16:10:21Z,low,308.985231674,,who.gho.mdg-0000000007,raw/who.gho.mdg-0000000007/2026/09/20260907T161021Z-3e9ba1677574.json.gz,2
who.gho.mdg-0000000007,MDG_0000000007:GIN:SEX_MLE:AGEGROUP_YEARSUNDER5:WEALTHQUINTILE_TOTL,1958-01-01,2026-09-07T16:10:21Z,restated_at,2026-08-05,,who.gho.mdg-0000000007,raw/who.gho.mdg-0000000007/2026/09/20260907T161021Z-3e9ba1677574.json.gz,2
who.gho.mdg-0000000007,MDG_0000000007:GIN:SEX_MLE:AGEGROUP_YEARSUNDER5:WEALTHQUINTILE_TOTL,1958-01-01,2026-09-07T16:10:21Z,value,359.110631874,,who.gho.mdg-0000000007,raw/who.gho.mdg-0000000007/2026/09/20260907T161021Z-3e9ba1677574.json.gz,2
who.gho.mdg-0000000007,MDG_0000000007:GMB:SEX_BTSX:AGEGROUP_YEARSUNDER5:WEALTHQUINTILE_TOTL,1958-01-01,2026-09-07T16:08:59Z,high,447.663187309,,who.gho.mdg-0000000007,raw/who.gho.mdg-0000000007/2026/09/20260907T160859Z-81b3460c41a8.json.gz,2
who.gho.mdg-0000000007,MDG_0000000007:GMB:SEX_BTSX:AGEGROUP_YEARSUNDER5:WEALTHQUINTILE_TOTL,1958-01-01,2026-09-07T16:08:59Z,low,311.198318315,,who.gho.mdg-0000000007,raw/who.gho.mdg-0000000007/2026/09/20260907T160859Z-81b3460c41a8.json.gz,2
who.gho.mdg-0000000007,MDG_0000000007:GMB:SEX_BTSX:AGEGROUP_YEARSUNDER5:WEALTHQUINTILE_TOTL,1958-01-01,2026-09-07T16:08:59Z,restated_at,2026-08-05,,who.gho.mdg-0000000007,raw/who.gho.mdg-0000000007/2026/09/20260907T160859Z-81b3460c41a8.json.gz,2
who.gho.mdg-0000000007,MDG_0000000007:GMB:SEX_BTSX:AGEGROUP_YEARSUNDER5:WEALTHQUINTILE_TOTL,1958-01-01,2026-09-07T16:08:59Z,value,374.780548385,,who.gho.mdg-0000000007,raw/who.gho.mdg-0000000007/2026/09/20260907T160859Z-81b3460c41a8.json.gz,2
who.gho.mdg-0000000007,MDG_0000000007:GMB:SEX_FMLE:AGEGROUP_YEARSUNDER5:WEALTHQUINTILE_TOTL,1958-01-01,2026-09-07T16:09:41Z,high,434.656127909,,who.gho.mdg-0000000007,raw/who.gho.mdg-0000000007/2026/09/20260907T160941Z-845bd0fc2e92.json.gz,2
who.gho.mdg-0000000007,MDG_0000000007:GMB:SEX_FMLE:AGEGROUP_YEARSUNDER5:WEALTHQUINTILE_TOTL,1958-01-01,2026-09-07T16:09:41Z,low,301.045422667,,who.gho.mdg-0000000007,raw/who.gho.mdg-0000000007/2026/09/20260907T160941Z-845bd0fc2e92.json.gz,2
who.gho.mdg-0000000007,MDG_0000000007:GMB:SEX_FMLE:AGEGROUP_YEARSUNDER5:WEALTHQUINTILE_TOTL,1958-01-01,2026-09-07T16:09:41Z,restated_at,2026-08-05,,who.gho.mdg-0000000007,raw/who.gho.mdg-0000000007/2026/09/20260907T160941Z-845bd0fc2e92.json.gz,2
who.gho.mdg-0000000007,MDG_0000000007:GMB:SEX_FMLE:AGEGROUP_YEARSUNDER5:WEALTHQUINTILE_TOTL,1958-01-01,2026-09-07T16:09:41Z,value,362.996860009,,who.gho.mdg-0000000007,raw/who.gho.mdg-0000000007/2026/09/20260907T160941Z-845bd0fc2e92.json.gz,2
who.gho.mdg-0000000007,MDG_0000000007:GMB:SEX_MLE:AGEGROUP_YEARSUNDER5:WEALTHQUINTILE_TOTL,1958-01-01,2026-09-07T16:05:52Z,high,462.042639187,,who.gho.mdg-0000000007,raw/who.gho.mdg-0000000007/2026/09/20260907T160552Z-f44dce2e8a23.json.gz,2
who.gho.mdg-0000000007,MDG_0000000007:GMB:SEX_MLE:AGEGROUP_YEARSUNDER5:WEALTHQUINTILE_TOTL,1958-01-01,2026-09-07T16:05:52Z,low,319.361597457,,who.gho.mdg-0000000007,raw/who.gho.mdg-0000000007/2026/09/20260907T160552Z-f44dce2e8a23.json.gz,2
who.gho.mdg-0000000007,MDG_0000000007:GMB:SEX_MLE:AGEGROUP_YEARSUNDER5:WEALTHQUINTILE_TOTL,1958-01-01,2026-09-07T16:05:52Z,restated_at,2026-08-05,,who.gho.mdg-0000000007,raw/who.gho.mdg-0000000007/2026/09/20260907T160552Z-f44dce2e8a23.json.gz,2
who.gho.mdg-0000000007,MDG_0000000007:GMB:SEX_MLE:AGEGROUP_YEARSUNDER5:WEALTHQUINTILE_TOTL,1958-01-01,2026-09-07T16:05:52Z,value,385.309238823,,who.gho.mdg-0000000007,raw/who.gho.mdg-0000000007/2026/09/20260907T160552Z-f44dce2e8a23.json.gz,2
who.gho.mdg-0000000007,MDG_0000000007:GRC:SEX_BTSX:AGEGROUP_YEARSUNDER5:WEALTHQUINTILE_TOTL,1958-01-01,2026-09-07T16:09:08Z,high,49.225904089,,who.gho.mdg-0000000007,raw/who.gho.mdg-0000000007/2026/09/20260907T160908Z-96acbc2bc7cb.json.gz,2
who.gho.mdg-0000000007,MDG_0000000007:GRC:SEX_BTSX:AGEGROUP_YEARSUNDER5:WEALTHQUINTILE_TOTL,1958-01-01,2026-09-07T16:09:08Z,low,47.232679624,,who.gho.mdg-0000000007,raw/who.gho.mdg-0000000007/2026/09/20260907T160908Z-96acbc2bc7cb.json.gz,2
who.gho.mdg-0000000007,MDG_0000000007:GRC:SEX_BTSX:AGEGROUP_YEARSUNDER5:WEALTHQUINTILE_TOTL,1958-01-01,2026-09-07T16:09:08Z,restated_at,2026-08-05,,who.gho.mdg-0000000007,raw/who.gho.mdg-0000000007/2026/09/20260907T160908Z-96acbc2bc7cb.json.gz,2
who.gho.mdg-0000000007,MDG_0000000007:GRC:SEX_BTSX:AGEGROUP_YEARSUNDER5:WEALTHQUINTILE_TOTL,1958-01-01,2026-09-07T16:09:08Z,value,48.22256378,,who.gho.mdg-0000000007,raw/who.gho.mdg-0000000007/2026/09/20260907T160908Z-96acbc2bc7cb.json.gz,2
who.gho.mdg-0000000007,MDG_0000000007:GRC:SEX_FMLE:AGEGROUP_YEARSUNDER5:WEALTHQUINTILE_TOTL,1958-01-01,2026-09-07T16:09:03Z,high,48.306741213,,who.gho.mdg-0000000007,raw/who.gho.mdg-0000000007/2026/09/20260907T160903Z-df09845b881e.json.gz,2
who.gho.mdg-0000000007,MDG_0000000007:GRC:SEX_FMLE:AGEGROUP_YEARSUNDER5:WEALTHQUINTILE_TOTL,1958-01-01,2026-09-07T16:09:03Z,low,46.157000382,,who.gho.mdg-0000000007,raw/who.gho.mdg-0000000007/2026/09/20260907T160903Z-df09845b881e.json.gz,2
who.gho.mdg-0000000007,MDG_0000000007:GRC:SEX_FMLE:AGEGROUP_YEARSUNDER5:WEALTHQUINTILE_TOTL,1958-01-01,2026-09-07T16:09:03Z,restated_at,2026-08-05,,who.gho.mdg-0000000007,raw/who.gho.mdg-0000000007/2026/09/20260907T160903Z-df09845b881e.json.gz,2
who.gho.mdg-0000000007,MDG_0000000007:GRC:SEX_FMLE:AGEGROUP_YEARSUNDER5:WEALTHQUINTILE_TOTL,1958-01-01,2026-09-07T16:09:03Z,value,47.234501705,,who.gho.mdg-0000000007,raw/who.gho.mdg-0000000007/2026/09/20260907T160903Z-df09845b881e.json.gz,2
who.gho.mdg-0000000007,MDG_0000000007:GRC:SEX_MLE:AGEGROUP_YEARSUNDER5:WEALTHQUINTILE_TOTL,1958-01-01,2026-09-07T16:06:34Z,high,50.292311066,,who.gho.mdg-0000000007,raw/who.gho.mdg-0000000007/2026/09/20260907T160634Z-2774fa4e213c.json.gz,2
who.gho.mdg-0000000007,MDG_0000000007:GRC:SEX_MLE:AGEGROUP_YEARSUNDER5:WEALTHQUINTILE_TOTL,1958-01-01,2026-09-07T16:06:34Z,low,48.08594189,,who.gho.mdg-0000000007,raw/who.gho.mdg-0000000007/2026/09/20260907T160634Z-2774fa4e213c.json.gz,2
who.gho.mdg-0000000007,MDG_0000000007:GRC:SEX_MLE:AGEGROUP_YEARSUNDER5:WEALTHQUINTILE_TOTL,1958-01-01,2026-09-07T16:06:34Z,restated_at,2026-08-05,,who.gho.mdg-0000000007,raw/who.gho.mdg-0000000007/2026/09/20260907T160634Z-2774fa4e213c.json.gz,2
who.gho.mdg-0000000007,MDG_0000000007:GRC:SEX_MLE:AGEGROUP_YEARSUNDER5:WEALTHQUINTILE_TOTL,1958-01-01,2026-09-07T16:06:34Z,value,49.167841097,,who.gho.mdg-0000000007,raw/who.gho.mdg-0000000007/2026/09/20260907T160634Z-2774fa4e213c.json.gz,2
who.gho.mdg-0000000007,MDG_0000000007:GRD:SEX_BTSX:AGEGROUP_YEARSUNDER5:WEALTHQUINTILE_TOTL,1958-01-01,2026-09-07T16:09:26Z,high,113.742320558,,who.gho.mdg-0000000007,raw/who.gho.mdg-0000000007/2026/09/20260907T160926Z-3ee37906b339.json.gz,2
who.gho.mdg-0000000007,MDG_0000000007:GRD:SEX_BTSX:AGEGROUP_YEARSUNDER5:WEALTHQUINTILE_TOTL,1958-01-01,2026-09-07T16:09:26Z,low,101.286427895,,who.gho.mdg-0000000007,raw/who.gho.mdg-0000000007/2026/09/20260907T160926Z-3ee37906b339.json.gz,2
who.gho.mdg-0000000007,MDG_0000000007:GRD:SEX_BTSX:AGEGROUP_YEARSUNDER5:WEALTHQUINTILE_TOTL,1958-01-01,2026-09-07T16:09:26Z,restated_at,2026-08-05,,who.gho.mdg-0000000007,raw/who.gho.mdg-0000000007/2026/09/20260907T160926Z-3ee37906b339.json.gz,2
who.gho.mdg-0000000007,MDG_0000000007:GRD:SEX_BTSX:AGEGROUP_YEARSUNDER5:WEALTHQUINTILE_TOTL,1958-01-01,2026-09-07T16:09:26Z,value,107.365128983,,who.gho.mdg-0000000007,raw/who.gho.mdg-0000000007/2026/09/20260907T160926Z-3ee37906b339.json.gz,2
who.gho.mdg-0000000007,MDG_0000000007:GRD:SEX_FMLE:AGEGROUP_YEARSUNDER5:WEALTHQUINTILE_TOTL,1958-01-01,2026-09-07T16:06:07Z,high,111.182913682,,who.gho.mdg-0000000007,raw/who.gho.mdg-0000000007/2026/09/20260907T160607Z-9445f1b065fa.json.gz,2
who.gho.mdg-0000000007,MDG_0000000007:GRD:SEX_FMLE:AGEGROUP_YEARSUNDER5:WEALTHQUINTILE_TOTL,1958-01-01,2026-09-07T16:06:07Z,low,98.207730723,,who.gho.mdg-0000000007,raw/who.gho.mdg-0000000007/2026/09/20260907T160607Z-9445f1b065fa.json.gz,2
who.gho.mdg-0000000007,MDG_0000000007:GRD:SEX_FMLE:AGEGROUP_YEARSUNDER5:WEALTHQUINTILE_TOTL,1958-01-01,2026-09-07T16:06:07Z,restated_at,2026-08-05,,who.gho.mdg-0000000007,raw/who.gho.mdg-0000000007/2026/09/20260907T160607Z-9445f1b065fa.json.gz,2
who.gho.mdg-0000000007,MDG_0000000007:GRD:SEX_FMLE:AGEGROUP_YEARSUNDER5:WEALTHQUINTILE_TOTL,1958-01-01,2026-09-07T16:06:07Z,value,104.585056775,,who.gho.mdg-0000000007,raw/who.gho.mdg-0000000007/2026/09/20260907T160607Z-9445f1b065fa.json.gz,2
who.gho.mdg-0000000007,MDG_0000000007:GRD:SEX_MLE:AGEGROUP_YEARSUNDER5:WEALTHQUINTILE_TOTL,1958-01-01,2026-09-07T16:05:52Z,high,117.025115734,,who.gho.mdg-0000000007,raw/who.gho.mdg-0000000007/2026/09/20260907T160552Z-f44dce2e8a23.json.gz,2
who.gho.mdg-0000000007,MDG_0000000007:GRD:SEX_MLE:AGEGROUP_YEARSUNDER5:WEALTHQUINTILE_TOTL,1958-01-01,2026-09-07T16:05:52Z,low,103.546711066,,who.gho.mdg-0000000007,raw/who.gho.mdg-0000000007/2026/09/20260907T160552Z-f44dce2e8a23.json.gz,2
who.gho.mdg-0000000007,MDG_0000000007:GRD:SEX_MLE:AGEGROUP_YEARSUNDER5:WEALTHQUINTILE_TOTL,1958-01-01,2026-09-07T16:05:52Z,restated_at,2026-08-05,,who.gho.mdg-0000000007,raw/who.gho.mdg-0000000007/2026/09/20260907T160552Z-f44dce2e8a23.json.gz,2
who.gho.mdg-0000000007,MDG_0000000007:GRD:SEX_MLE:AGEGROUP_YEARSUNDER5:WEALTHQUINTILE_TOTL,1958-01-01,2026-09-07T16:05:52Z,value,109.966882198,,who.gho.mdg-0000000007,raw/who.gho.mdg-0000000007/2026/09/20260907T160552Z-f44dce2e8a23.json.gz,2
who.gho.mdg-0000000007,MDG_0000000007:GTM:SEX_BTSX:AGEGROUP_YEARSUNDER5:WEALTHQUINTILE_TOTL,1958-01-01,2026-09-07T16:05:38Z,high,270.742868271,,who.gho.mdg-0000000007,raw/who.gho.mdg-0000000007/2026/09/20260907T160538Z-28a5f6808180.json.gz,2
who.gho.mdg-0000000007,MDG_0000000007:GTM:SEX_BTSX:AGEGROUP_YEARSUNDER5:WEALTHQUINTILE_TOTL,1958-01-01,2026-09-07T16:05:38Z,low,195.609893472,,who.gho.mdg-0000000007,raw/who.gho.mdg-0000000007/2026/09/20260907T160538Z-28a5f6808180.json.gz,2
who.gho.mdg-0000000007,MDG_0000000007:GTM:SEX_BTSX:AGEGROUP_YEARSUNDER5:WEALTHQUINTILE_TOTL,1958-01-01,2026-09-07T16:05:38Z,restated_at,2026-08-05,,who.gho.mdg-0000000007,raw/who.gho.mdg-0000000007/2026/09/20260907T160538Z-28a5f6808180.json.gz,2
who.gho.mdg-0000000007,MDG_0000000007:GTM:SEX_BTSX:AGEGROUP_YEARSUNDER5:WEALTHQUINTILE_TOTL,1958-01-01,2026-09-07T16:05:38Z,value,231.572651861,,who.gho.mdg-0000000007,raw/who.gho.mdg-0000000007/2026/09/20260907T160538Z-28a5f6808180.json.gz,2
who.gho.mdg-0000000007,MDG_0000000007:GTM:SEX_FMLE:AGEGROUP_YEARSUNDER5:WEALTHQUINTILE_TOTL,1958-01-01,2026-09-07T16:05:43Z,high,262.992028169,,who.gho.mdg-0000000007,raw/who.gho.mdg-0000000007/2026/09/20260907T160543Z-0bdfcfeb6714.json.gz,2
who.gho.mdg-0000000007,MDG_0000000007:GTM:SEX_FMLE:AGEGROUP_YEARSUNDER5:WEALTHQUINTILE_TOTL,1958-01-01,2026-09-07T16:05:43Z,low,188.741580551,,who.gho.mdg-0000000007,raw/who.gho.mdg-0000000007/2026/09/20260907T160543Z-0bdfcfeb6714.json.gz,2
who.gho.mdg-0000000007,MDG_0000000007:GTM:SEX_FMLE:AGEGROUP_YEARSUNDER5:WEALTHQUINTILE_TOTL,1958-01-01,2026-09-07T16:05:43Z,restated_at,2026-08-05,,who.gho.mdg-0000000007,raw/who.gho.mdg-0000000007/2026/09/20260907T160543Z-0bdfcfeb6714.json.gz,2
who.gho.mdg-0000000007,MDG_0000000007:GTM:SEX_FMLE:AGEGROUP_YEARSUNDER5:WEALTHQUINTILE_TOTL,1958-01-01,2026-09-07T16:05:43Z,value,223.817924296,,who.gho.mdg-0000000007,raw/who.gho.mdg-0000000007/2026/09/20260907T160543Z-0bdfcfeb6714.json.gz,2
who.gho.mdg-0000000007,MDG_0000000007:GTM:SEX_MLE:AGEGROUP_YEARSUNDER5:WEALTHQUINTILE_TOTL,1958-01-01,2026-09-07T16:11:06Z,high,279.156295275,,who.gho.mdg-0000000007,raw/who.gho.mdg-0000000007/2026/09/20260907T161106Z-078c7101acce.json.gz,2
who.gho.mdg-0000000007,MDG_0000000007:GTM:SEX_MLE:AGEGROUP_YEARSUNDER5:WEALTHQUINTILE_TOTL,1958-01-01,2026-09-07T16:11:06Z,low,201.169625708,,who.gho.mdg-0000000007,raw/who.gho.mdg-0000000007/2026/09/20260907T161106Z-078c7101acce.json.gz,2
who.gho.mdg-0000000007,MDG_0000000007:GTM:SEX_MLE:AGEGROUP_YEARSUNDER5:WEALTHQUINTILE_TOTL,1958-01-01,2026-09-07T16:11:06Z,restated_at,2026-08-05,,who.gho.mdg-0000000007,raw/who.gho.mdg-0000000007/2026/09/20260907T161106Z-078c7101acce.json.gz,2
who.gho.mdg-0000000007,MDG_0000000007:GTM:SEX_MLE:AGEGROUP_YEARSUNDER5:WEALTHQUINTILE_TOTL,1958-01-01,2026-09-07T16:11:06Z,value,238.892586863,,who.gho.mdg-0000000007,raw/who.gho.mdg-0000000007/2026/09/20260907T161106Z-078c7101acce.json.gz,2
who.gho.mdg-0000000007,MDG_0000000007:GUY:SEX_BTSX:AGEGROUP_YEARSUNDER5:WEALTHQUINTILE_TOTL,1958-01-01,2026-09-07T16:05:09Z,high,121.71987312,,who.gho.mdg-0000000007,raw/who.gho.mdg-0000000007/2026/09/20260907T160509Z-9066130499c7.json.gz,2
who.gho.mdg-0000000007,MDG_0000000007:GUY:SEX_BTSX:AGEGROUP_YEARSUNDER5:WEALTHQUINTILE_TOTL,1958-01-01,2026-09-07T16:05:09Z,low,86.099042065,,who.gho.mdg-0000000007,raw/who.gho.mdg-0000000007/2026/09/20260907T160509Z-9066130499c7.json.gz,2
who.gho.mdg-0000000007,MDG_0000000007:GUY:SEX_BTSX:AGEGROUP_YEARSUNDER5:WEALTHQUINTILE_TOTL,1958-01-01,2026-09-07T16:05:09Z,restated_at,2026-08-05,,who.gho.mdg-0000000007,raw/who.gho.mdg-0000000007/2026/09/20260907T160509Z-9066130499c7.json.gz,2
who.gho.mdg-0000000007,MDG_0000000007:GUY:SEX_BTSX:AGEGROUP_YEARSUNDER5:WEALTHQUINTILE_TOTL,1958-01-01,2026-09-07T16:05:09Z,value,102.164547927,,who.gho.mdg-0000000007,raw/who.gho.mdg-0000000007/2026/09/20260907T160509Z-9066130499c7.json.gz,2
who.gho.mdg-0000000007,MDG_0000000007:GUY:SEX_FMLE:AGEGROUP_YEARSUNDER5:WEALTHQUINTILE_TOTL,1958-01-01,2026-09-07T16:09:03Z,high,109.303984351,,who.gho.mdg-0000000007,raw/who.gho.mdg-0000000007/2026/09/20260907T160903Z-df09845b881e.json.gz,2
who.gho.mdg-0000000007,MDG_0000000007:GUY:SEX_FMLE:AGEGROUP_YEARSUNDER5:WEALTHQUINTILE_TOTL,1958-01-01,2026-09-07T16:09:03Z,low,76.51537554,,who.gho.mdg-0000000007,raw/who.gho.mdg-0000000007/2026/09/20260907T160903Z-df09845b881e.json.gz,2
who.gho.mdg-0000000007,MDG_0000000007:GUY:SEX_FMLE:AGEGROUP_YEARSUNDER5:WEALTHQUINTILE_TOTL,1958-01-01,2026-09-07T16:09:03Z,restated_at,2026-08-05,,who.gho.mdg-0000000007,raw/who.gho.mdg-0000000007/2026/09/20260907T160903Z-df09845b881e.json.gz,2
who.gho.mdg-0000000007,MDG_0000000007:GUY:SEX_FMLE:AGEGROUP_YEARSUNDER5:WEALTHQUINTILE_TOTL,1958-01-01,2026-09-07T16:09:03Z,value,91.215593778,,who.gho.mdg-0000000007,raw/who.gho.mdg-0000000007/2026/09/20260907T160903Z-df09845b881e.json.gz,2
who.gho.mdg-0000000007,MDG_0000000007:GUY:SEX_MLE:AGEGROUP_YEARSUNDER5:WEALTHQUINTILE_TOTL,1958-01-01,2026-09-07T16:05:48Z,high,134.607207093,,who.gho.mdg-0000000007,raw/who.gho.mdg-0000000007/2026/09/20260907T160548Z-1609a76f5ecc.json.gz,2
who.gho.mdg-0000000007,MDG_0000000007:GUY:SEX_MLE:AGEGROUP_YEARSUNDER5:WEALTHQUINTILE_TOTL,1958-01-01,2026-09-07T16:05:48Z,low,94.546455156,,who.gho.mdg-0000000007,raw/who.gho.mdg-0000000007/2026/09/20260907T160548Z-1609a76f5ecc.json.gz,2
who.gho.mdg-0000000007,MDG_0000000007:GUY:SEX_MLE:AGEGROUP_YEARSUNDER5:WEALTHQUINTILE_TOTL,1958-01-01,2026-09-07T16:05:48Z,restated_at,2026-08-05,,who.gho.mdg-0000000007,raw/who.gho.mdg-0000000007/2026/09/20260907T160548Z-1609a76f5ecc.json.gz,2
who.gho.mdg-0000000007,MDG_0000000007:GUY:SEX_MLE:AGEGROUP_YEARSUNDER5:WEALTHQUINTILE_TOTL,1958-01-01,2026-09-07T16:05:48Z,value,112.609565359,,who.gho.mdg-0000000007,raw/who.gho.mdg-0000000007/2026/09/20260907T160548Z-1609a76f5ecc.json.gz,2
who.gho.mdg-0000000007,MDG_0000000007:HND:SEX_BTSX:AGEGROUP_YEARSUNDER5:WEALTHQUINTILE_TOTL,1958-01-01,2026-09-07T16:05:06Z,high,253.101054456,,who.gho.mdg-0000000007,raw/who.gho.mdg-0000000007/2026/09/20260907T160506Z-a219a21e2a4a.json.gz,2
who.gho.mdg-0000000007,MDG_0000000007:HND:SEX_BTSX:AGEGROUP_YEARSUNDER5:WEALTHQUINTILE_TOTL,1958-01-01,2026-09-07T16:05:06Z,low,190.024713125,,who.gho.mdg-0000000007,raw/who.gho.mdg-0000000007/2026/09/20260907T160506Z-a219a21e2a4a.json.gz,2
who.gho.mdg-0000000007,MDG_0000000007:HND:SEX_BTSX:AGEGROUP_YEARSUNDER5:WEALTHQUINTILE_TOTL,1958-01-01,2026-09-07T16:05:06Z,restated_at,2026-08-05,,who.gho.mdg-0000000007,raw/who.gho.mdg-0000000007/2026/09/20260907T160506Z-a219a21e2a4a.json.gz,2
who.gho.mdg-0000000007,MDG_0000000007:HND:SEX_BTSX:AGEGROUP_YEARSUNDER5:WEALTHQUINTILE_TOTL,1958-01-01,2026-09-07T16:05:06Z,value,220.732373365,,who.gho.mdg-0000000007,raw/who.gho.mdg-0000000007/2026/09/20260907T160506Z-a219a21e2a4a.json.gz,2
who.gho.mdg-0000000007,MDG_0000000007:HND:SEX_FMLE:AGEGROUP_YEARSUNDER5:WEALTHQUINTILE_TOTL,1958-01-01,2026-09-07T16:06:07Z,high,240.725145283,,who.gho.mdg-0000000007,raw/who.gho.mdg-0000000007/2026/09/20260907T160607Z-9445f1b065fa.json.gz,2
who.gho.mdg-0000000007,MDG_0000000007:HND:SEX_FMLE:AGEGROUP_YEARSUNDER5:WEALTHQUINTILE_TOTL,1958-01-01,2026-09-07T16:06:07Z,low,178.452553189,,who.gho.mdg-0000000007,raw/who.gho.mdg-0000000007/2026/09/20260907T160607Z-9445f1b065fa.json.gz,2
who.gho.mdg-0000000007,MDG_0000000007:HND:SEX_FMLE:AGEGROUP_YEARSUNDER5:WEALTHQUINTILE_TOTL,1958-01-01,2026-09-07T16:06:07Z,restated_at,2026-08-05,,who.gho.mdg-0000000007,raw/who.gho.mdg-0000000007/2026/09/20260907T160607Z-9445f1b065fa.json.gz,2
who.gho.mdg-0000000007,MDG_0000000007:HND:SEX_FMLE:AGEGROUP_YEARSUNDER5:WEALTHQUINTILE_TOTL,1958-01-01,2026-09-07T16:06:07Z,value,208.790344212,,who.gho.mdg-0000000007,raw/who.gho.mdg-0000000007/2026/09/20260907T160607Z-9445f1b065fa.json.gz,2
who.gho.mdg-0000000007,MDG_0000000007:HND:SEX_MLE:AGEGROUP_YEARSUNDER5:WEALTHQUINTILE_TOTL,1958-01-01,2026-09-07T16:08:41Z,high,266.695914584,,who.gho.mdg-0000000007,raw/who.gho.mdg-0000000007/2026/09/20260907T160841Z-d67f78e4b8d9.json.gz,2
who.gho.mdg-0000000007,MDG_0000000007:HND:SEX_MLE:AGEGROUP_YEARSUNDER5:WEALTHQUINTILE_TOTL,1958-01-01,2026-09-07T16:08:41Z,low,199.218869621,,who.gho.mdg-0000000007,raw/who.gho.mdg-0000000007/2026/09/20260907T160841Z-d67f78e4b8d9.json.gz,2
who.gho.mdg-0000000007,MDG_0000000007:HND:SEX_MLE:AGEGROUP_YEARSUNDER5:WEALTHQUINTILE_TOTL,1958-01-01,2026-09-07T16:08:41Z,restated_at,2026-08-05,,who.gho.mdg-0000000007,raw/who.gho.mdg-0000000007/2026/09/20260907T160841Z-d67f78e4b8d9.json.gz,2
who.gho.mdg-0000000007,MDG_0000000007:HND:SEX_MLE:AGEGROUP_YEARSUNDER5:WEALTHQUINTILE_TOTL,1958-01-01,2026-09-07T16:08:41Z,value,232.025937357,,who.gho.mdg-0000000007,raw/who.gho.mdg-0000000007/2026/09/20260907T160841Z-d67f78e4b8d9.json.gz,2
who.gho.mdg-0000000007,MDG_0000000007:HTI:SEX_BTSX:AGEGROUP_YEARSUNDER5:WEALTHQUINTILE_TOTL,1958-01-01,2026-09-07T16:10:53Z,high,355.879775554,,who.gho.mdg-0000000007,raw/who.gho.mdg-0000000007/2026/09/20260907T161053Z-9a5808e2a757.json.gz,2
who.gho.mdg-0000000007,MDG_0000000007:HTI:SEX_BTSX:AGEGROUP_YEARSUNDER5:WEALTHQUINTILE_TOTL,1958-01-01,2026-09-07T16:10:53Z,low,259.008209206,,who.gho.mdg-0000000007,raw/who.gho.mdg-0000000007/2026/09/20260907T161053Z-9a5808e2a757.json.gz,2
who.gho.mdg-0000000007,MDG_0000000007:HTI:SEX_BTSX:AGEGROUP_YEARSUNDER5:WEALTHQUINTILE_TOTL,1958-01-01,2026-09-07T16:10:53Z,restated_at,2026-08-05,,who.gho.mdg-0000000007,raw/who.gho.mdg-0000000007/2026/09/20260907T161053Z-9a5808e2a757.json.gz,2
who.gho.mdg-0000000007,MDG_0000000007:HTI:SEX_BTSX:AGEGROUP_YEARSUNDER5:WEALTHQUINTILE_TOTL,1958-01-01,2026-09-07T16:10:53Z,value,304.06073197,,who.gho.mdg-0000000007,raw/who.gho.mdg-0000000007/2026/09/20260907T161053Z-9a5808e2a757.json.gz,2
who.gho.mdg-0000000007,MDG_0000000007:HUN:SEX_BTSX:AGEGROUP_YEARSUNDER5:WEALTHQUINTILE_TOTL,1958-01-01,2026-09-07T16:10:58Z,high,61.815081765,,who.gho.mdg-0000000007,raw/who.gho.mdg-0000000007/2026/09/20260907T161058Z-4d8f6ed35960.json.gz,2
who.gho.mdg-0000000007,MDG_0000000007:HUN:SEX_BTSX:AGEGROUP_YEARSUNDER5:WEALTHQUINTILE_TOTL,1958-01-01,2026-09-07T16:10:58Z,low,59.06800929,,who.gho.mdg-0000000007,raw/who.gho.mdg-0000000007/2026/09/20260907T161058Z-4d8f6ed35960.json.gz,2
who.gho.mdg-0000000007,MDG_0000000007:HUN:SEX_BTSX:AGEGROUP_YEARSUNDER5:WEALTHQUINTILE_TOTL,1958-01-01,2026-09-07T16:10:58Z,restated_at,2026-08-05,,who.gho.mdg-0000000007,raw/who.gho.mdg-0000000007/2026/09/20260907T161058Z-4d8f6ed35960.json.gz,2
who.gho.mdg-0000000007,MDG_0000000007:HUN:SEX_BTSX:AGEGROUP_YEARSUNDER5:WEALTHQUINTILE_TOTL,1958-01-01,2026-09-07T16:10:58Z,value,60.398710192,,who.gho.mdg-0000000007,raw/who.gho.mdg-0000000007/2026/09/20260907T161058Z-4d8f6ed35960.json.gz,2
who.gho.mdg-0000000007,MDG_0000000007:HUN:SEX_FMLE:AGEGROUP_YEARSUNDER5:WEALTHQUINTILE_TOTL,1958-01-01,2026-09-07T16:06:02Z,high,54.994638877,,who.gho.mdg-0000000007,raw/who.gho.mdg-0000000007/2026/09/20260907T160602Z-1adff4f5f376.json.gz,2
who.gho.mdg-0000000007,MDG_0000000007:HUN:SEX_FMLE:AGEGROUP_YEARSUNDER5:WEALTHQUINTILE_TOTL,1958-01-01,2026-09-07T16:06:02Z,low,52.337722204,,who.gho.mdg-0000000007,raw/who.gho.mdg-0000000007/2026/09/20260907T160602Z-1adff4f5f376.json.gz,2
who.gho.mdg-0000000007,MDG_0000000007:HUN:SEX_FMLE:AGEGROUP_YEARSUNDER5:WEALTHQUINTILE_TOTL,1958-01-01,2026-09-07T16:06:02Z,restated_at,2026-08-05,,who.gho.mdg-0000000007,raw/who.gho.mdg-0000000007/2026/09/20260907T160602Z-1adff4f5f376.json.gz,2
who.gho.mdg-0000000007,MDG_0000000007:HUN:SEX_FMLE:AGEGROUP_YEARSUNDER5:WEALTHQUINTILE_TOTL,1958-01-01,2026-09-07T16:06:02Z,value,53.610672792,,who.gho.mdg-0000000007,raw/who.gho.mdg-0000000007/2026/09/20260907T160602Z-1adff4f5f376.json.gz,2
who.gho.mdg-0000000007,MDG_0000000007:HUN:SEX_MLE:AGEGROUP_YEARSUNDER5:WEALTHQUINTILE_TOTL,1958-01-01,2026-09-07T16:09:34Z,high,68.50249687,,who.gho.mdg-0000000007,raw/who.gho.mdg-0000000007/2026/09/20260907T160934Z-f7f0902b1194.json.gz,2
who.gho.mdg-0000000007,MDG_0000000007:HUN:SEX_MLE:AGEGROUP_YEARSUNDER5:WEALTHQUINTILE_TOTL,1958-01-01,2026-09-07T16:09:34Z,low,65.263731012,,who.gho.mdg-0000000007,raw/who.gho.mdg-0000000007/2026/09/20260907T160934Z-f7f0902b1194.json.gz,2
who.gho.mdg-0000000007,MDG_0000000007:HUN:SEX_MLE:AGEGROUP_YEARSUNDER5:WEALTHQUINTILE_TOTL,1958-01-01,2026-09-07T16:09:34Z,restated_at,2026-08-05,,who.gho.mdg-0000000007,raw/who.gho.mdg-0000000007/2026/09/20260907T160934Z-f7f0902b1194.json.gz,2
who.gho.mdg-0000000007,MDG_0000000007:HUN:SEX_MLE:AGEGROUP_YEARSUNDER5:WEALTHQUINTILE_TOTL,1958-01-01,2026-09-07T16:09:34Z,value,66.835587117,,who.gho.mdg-0000000007,raw/who.gho.mdg-0000000007/2026/09/20260907T160934Z-f7f0902b1194.json.gz,2
who.gho.mdg-0000000007,MDG_0000000007:IDN:SEX_BTSX:AGEGROUP_YEARSUNDER5:WEALTHQUINTILE_TOTL,1958-01-01,2026-09-07T16:09:26Z,high,260.697067274,,who.gho.mdg-0000000007,raw/who.gho.mdg-0000000007/2026/09/20260907T160926Z-3ee37906b339.json.gz,2
who.gho.mdg-0000000007,MDG_0000000007:IDN:SEX_BTSX:AGEGROUP_YEARSUNDER5:WEALTHQUINTILE_TOTL,1958-01-01,2026-09-07T16:09:26Z,low,216.860161148,,who.gho.mdg-0000000007,raw/who.gho.mdg-0000000007/2026/09/20260907T160926Z-3ee37906b339.json.gz,2
who.gho.mdg-0000000007,MDG_0000000007:IDN:SEX_BTSX:AGEGROUP_YEARSUNDER5:WEALTHQUINTILE_TOTL,1958-01-01,2026-09-07T16:09:26Z,restated_at,2026-08-05,,who.gho.mdg-0000000007,raw/who.gho.mdg-0000000007/2026/09/20260907T160926Z-3ee37906b339.json.gz,2
who.gho.mdg-0000000007,MDG_0000000007:IDN:SEX_BTSX:AGEGROUP_YEARSUNDER5:WEALTHQUINTILE_TOTL,1958-01-01,2026-09-07T16:09:26Z,value,237.848246617,,who.gho.mdg-0000000007,raw/who.gho.mdg-0000000007/2026/09/20260907T160926Z-3ee37906b339.json.gz,2
who.gho.mdg-0000000007,MDG_0000000007:IDN:SEX_FMLE:AGEGROUP_YEARSUNDER5:WEALTHQUINTILE_TOTL,1958-01-01,2026-09-07T16:05:06Z,high,243.528115638,,who.gho.mdg-0000000007,raw/who.gho.mdg-0000000007/2026/09/20260907T160506Z-a219a21e2a4a.json.gz,2
who.gho.mdg-0000000007,MDG_0000000007:IDN:SEX_FMLE:AGEGROUP_YEARSUNDER5:WEALTHQUINTILE_TOTL,1958-01-01,2026-09-07T16:05:06Z,low,201.416472223,,who.gho.mdg-0000000007,raw/who.gho.mdg-0000000007/2026/09/20260907T160506Z-a219a21e2a4a.json.gz,2
who.gho.mdg-0000000007,MDG_0000000007:IDN:SEX_FMLE:AGEGROUP_YEARSUNDER5:WEALTHQUINTILE_TOTL,1958-01-01,2026-09-07T16:05:06Z,restated_at,2026-08-05,,who.gho.mdg-0000000007,raw/who.gho.mdg-0000000007/2026/09/20260907T160506Z-a219a21e2a4a.json.gz,2
who.gho.mdg-0000000007,MDG_0000000007:IDN:SEX_FMLE:AGEGROUP_YEARSUNDER5:WEALTHQUINTILE_TOTL,1958-01-01,2026-09-07T16:05:06Z,value,221.717681599,,who.gho.mdg-0000000007,raw/who.gho.mdg-0000000007/2026/09/20260907T160506Z-a219a21e2a4a.json.gz,2
who.gho.mdg-0000000007,MDG_0000000007:IDN:SEX_MLE:AGEGROUP_YEARSUNDER5:WEALTHQUINTILE_TOTL,1958-01-01,2026-09-07T16:08:59Z,high,278.194756521,,who.gho.mdg-0000000007,raw/who.gho.mdg-0000000007/2026/09/20260907T160859Z-81b3460c41a8.json.gz,2
who.gho.mdg-0000000007,MDG_0000000007:IDN:SEX_MLE:AGEGROUP_YEARSUNDER5:WEALTHQUINTILE_TOTL,1958-01-01,2026-09-07T16:08:59Z,low,230.167456796,,who.gho.mdg-0000000007,raw/who.gho.mdg-0000000007/2026/09/20260907T160859Z-81b3460c41a8.json.gz,2
who.gho.mdg-0000000007,MDG_0000000007:IDN:SEX_MLE:AGEGROUP_YEARSUNDER5:WEALTHQUINTILE_TOTL,1958-01-01,2026-09-07T16:08:59Z,restated_at,2026-08-05,,who.gho.mdg-0000000007,raw/who.gho.mdg-0000000007/2026/09/20260907T160859Z-81b3460c41a8.json.gz,2
who.gho.mdg-0000000007,MDG_0000000007:IDN:SEX_MLE:AGEGROUP_YEARSUNDER5:WEALTHQUINTILE_TOTL,1958-01-01,2026-09-07T16:08:59Z,value,253.101663172,,who.gho.mdg-0000000007,raw/who.gho.mdg-0000000007/2026/09/20260907T160859Z-81b3460c41a8.json.gz,2
who.gho.mdg-0000000007,MDG_0000000007:IND:SEX_BTSX:AGEGROUP_YEARSUNDER5:WEALTHQUINTILE_TOTL,1958-01-01,2026-09-07T16:10:41Z,high,274.816896077,,who.gho.mdg-0000000007,raw/who.gho.mdg-0000000007/2026/09/20260907T161041Z-4752b74784e1.json.gz,2
who.gho.mdg-0000000007,MDG_0000000007:IND:SEX_BTSX:AGEGROUP_YEARSUNDER5:WEALTHQUINTILE_TOTL,1958-01-01,2026-09-07T16:10:41Z,low,223.567578159,,who.gho.mdg-0000000007,raw/who.gho.mdg-0000000007/2026/09/20260907T161041Z-4752b74784e1.json.gz,2
who.gho.mdg-0000000007,MDG_0000000007:IND:SEX_BTSX:AGEGROUP_YEARSUNDER5:WEALTHQUINTILE_TOTL,1958-01-01,2026-09-07T16:10:41Z,restated_at,2026-08-05,,who.gho.mdg-0000000007,raw/who.gho.mdg-0000000007/2026/09/20260907T161041Z-4752b74784e1.json.gz,2
who.gho.mdg-0000000007,MDG_0000000007:IND:SEX_BTSX:AGEGROUP_YEARSUNDER5:WEALTHQUINTILE_TOTL,1958-01-01,2026-09-07T16:10:41Z,value,248.406227834,,who.gho.mdg-0000000007,raw/who.gho.mdg-0000000007/2026/09/20260907T161041Z-4752b74784e1.json.gz,2
who.gho.mdg-0000000007,MDG_0000000007:IND:SEX_FMLE:AGEGROUP_YEARSUNDER5:WEALTHQUINTILE_TOTL,1958-01-01,2026-09-07T16:09:59Z,high,283.767944502,,who.gho.mdg-0000000007,raw/who.gho.mdg-0000000007/2026/09/20260907T160959Z-e41937f31aea.json.gz,2
who.gho.mdg-0000000007,MDG_0000000007:IND:SEX_FMLE:AGEGROUP_YEARSUNDER5:WEALTHQUINTILE_TOTL,1958-01-01,2026-09-07T16:09:59Z,low,228.780196974,,who.gho.mdg-0000000007,raw/who.gho.mdg-0000000007/2026/09/20260907T160959Z-e41937f31aea.json.gz,2
who.gho.mdg-0000000007,MDG_0000000007:IND:SEX_FMLE:AGEGROUP_YEARSUNDER5:WEALTHQUINTILE_TOTL,1958-01-01,2026-09-07T16:09:59Z,restated_at,2026-08-05,,who.gho.mdg-0000000007,raw/who.gho.mdg-0000000007/2026/09/20260907T160959Z-e41937f31aea.json.gz,2
who.gho.mdg-0000000007,MDG_0000000007:IND:SEX_FMLE:AGEGROUP_YEARSUNDER5:WEALTHQUINTILE_TOTL,1958-01-01,2026-09-07T16:09:59Z,value,254.921834175,,who.gho.mdg-0000000007,raw/who.gho.mdg-0000000007/2026/09/20260907T160959Z-e41937f31aea.json.gz,2
who.gho.mdg-0000000007,MDG_0000000007:IND:SEX_MLE:AGEGROUP_YEARSUNDER5:WEALTHQUINTILE_TOTL,1958-01-01,2026-09-07T16:10:41Z,high,268.828217637,,who.gho.mdg-0000000007,raw/who.gho.mdg-0000000007/2026/09/20260907T161041Z-4752b74784e1.json.gz,2
who.gho.mdg-0000000007,MDG_0000000007:IND:SEX_MLE:AGEGROUP_YEARSUNDER5:WEALTHQUINTILE_TOTL,1958-01-01,2026-09-07T16:10:41Z,low,216.925491196,,who.gho.mdg-0000000007,raw/who.gho.mdg-0000000007/2026/09/20260907T161041Z-4752b74784e1.json.gz,2
who.gho.mdg-0000000007,MDG_0000000007:IND:SEX_MLE:AGEGROUP_YEARSUNDER5:WEALTHQUINTILE_TOTL,1958-01-01,2026-09-07T16:10:41Z,restated_at,2026-08-05,,who.gho.mdg-0000000007,raw/who.gho.mdg-0000000007/2026/09/20260907T161041Z-4752b74784e1.json.gz,2
who.gho.mdg-0000000007,MDG_0000000007:IND:SEX_MLE:AGEGROUP_YEARSUNDER5:WEALTHQUINTILE_TOTL,1958-01-01,2026-09-07T16:10:41Z,value,241.876243764,,who.gho.mdg-0000000007,raw/who.gho.mdg-0000000007/2026/09/20260907T161041Z-4752b74784e1.json.gz,2
who.gho.mdg-0000000007,MDG_0000000007:IRL:SEX_BTSX:AGEGROUP_YEARSUNDER5:WEALTHQUINTILE_TOTL,1958-01-01,2026-09-07T16:10:49Z,high,39.181985797,,who.gho.mdg-0000000007,raw/who.gho.mdg-0000000007/2026/09/20260907T161049Z-6866f52a9543.json.gz,2
who.gho.mdg-0000000007,MDG_0000000007:IRL:SEX_BTSX:AGEGROUP_YEARSUNDER5:WEALTHQUINTILE_TOTL,1958-01-01,2026-09-07T16:10:49Z,low,37.513695934,,who.gho.mdg-0000000007,raw/who.gho.mdg-0000000007/2026/09/20260907T161049Z-6866f52a9543.json.gz,2
who.gho.mdg-0000000007,MDG_0000000007:IRL:SEX_BTSX:AGEGROUP_YEARSUNDER5:WEALTHQUINTILE_TOTL,1958-01-01,2026-09-07T16:10:49Z,restated_at,2026-08-05,,who.gho.mdg-0000000007,raw/who.gho.mdg-0000000007/2026/09/20260907T161049Z-6866f52a9543.json.gz,2
who.gho.mdg-0000000007,MDG_0000000007:IRL:SEX_BTSX:AGEGROUP_YEARSUNDER5:WEALTHQUINTILE_TOTL,1958-01-01,2026-09-07T16:10:49Z,value,38.333951705,,who.gho.mdg-0000000007,raw/who.gho.mdg-0000000007/2026/09/20260907T161049Z-6866f52a9543.json.gz,2
who.gho.mdg-0000000007,MDG_0000000007:IRL:SEX_FMLE:AGEGROUP_YEARSUNDER5:WEALTHQUINTILE_TOTL,1958-01-01,2026-09-07T16:06:26Z,high,34.362967576,,who.gho.mdg-0000000007,raw/who.gho.mdg-0000000007/2026/09/20260907T160626Z-083ef708c2ee.json.gz,2
who.gho.mdg-0000000007,MDG_0000000007:IRL:SEX_FMLE:AGEGROUP_YEARSUNDER5:WEALTHQUINTILE_TOTL,1958-01-01,2026-09-07T16:06:26Z,low,32.553046292,,who.gho.mdg-0000000007,raw/who.gho.mdg-0000000007/2026/09/20260907T160626Z-083ef708c2ee.json.gz,2
who.gho.mdg-0000000007,MDG_0000000007:IRL:SEX_FMLE:AGEGROUP_YEARSUNDER5:WEALTHQUINTILE_TOTL,1958-01-01,2026-09-07T16:06:26Z,restated_at,2026-08-05,,who.gho.mdg-0000000007,raw/who.gho.mdg-0000000007/2026/09/20260907T160626Z-083ef708c2ee.json.gz,2
who.gho.mdg-0000000007,MDG_0000000007:IRL:SEX_FMLE:AGEGROUP_YEARSUNDER5:WEALTHQUINTILE_TOTL,1958-01-01,2026-09-07T16:06:26Z,value,33.442030164,,who.gho.mdg-0000000007,raw/who.gho.mdg-0000000007/2026/09/20260907T160626Z-083ef708c2ee.json.gz,2
who.gho.mdg-0000000007,MDG_0000000007:IRL:SEX_MLE:AGEGROUP_YEARSUNDER5:WEALTHQUINTILE_TOTL,1958-01-01,2026-09-07T16:08:54Z,high,44.07685902,,who.gho.mdg-0000000007,raw/who.gho.mdg-0000000007/2026/09/20260907T160854Z-e3873ac72928.json.gz,2
who.gho.mdg-0000000007,MDG_0000000007:IRL:SEX_MLE:AGEGROUP_YEARSUNDER5:WEALTHQUINTILE_TOTL,1958-01-01,2026-09-07T16:08:54Z,low,41.973712129,,who.gho.mdg-0000000007,raw/who.gho.mdg-0000000007/2026/09/20260907T160854Z-e3873ac72928.json.gz,2
who.gho.mdg-0000000007,MDG_0000000007:IRL:SEX_MLE:AGEGROUP_YEARSUNDER5:WEALTHQUINTILE_TOTL,1958-01-01,2026-09-07T16:08:54Z,restated_at,2026-08-05,,who.gho.mdg-0000000007,raw/who.gho.mdg-0000000007/2026/09/20260907T160854Z-e3873ac72928.json.gz,2
who.gho.mdg-0000000007,MDG_0000000007:IRL:SEX_MLE:AGEGROUP_YEARSUNDER5:WEALTHQUINTILE_TOTL,1958-01-01,2026-09-07T16:08:54Z,value,43.008346972,,who.gho.mdg-0000000007,raw/who.gho.mdg-0000000007/2026/09/20260907T160854Z-e3873ac72928.json.gz,2
who.gho.mdg-0000000007,MDG_0000000007:IRQ:SEX_BTSX:AGEGROUP_YEARSUNDER5:WEALTHQUINTILE_TOTL,1958-01-01,2026-09-07T16:10:33Z,high,245.764450481,,who.gho.mdg-0000000007,raw/who.gho.mdg-0000000007/2026/09/20260907T161033Z-0396663e197a.json.gz,2
who.gho.mdg-0000000007,MDG_0000000007:IRQ:SEX_BTSX:AGEGROUP_YEARSUNDER5:WEALTHQUINTILE_TOTL,1958-01-01,2026-09-07T16:10:33Z,low,187.596629312,,who.gho.mdg-0000000007,raw/who.gho.mdg-0000000007/2026/09/20260907T161033Z-0396663e197a.json.gz,2
who.gho.mdg-0000000007,MDG_0000000007:IRQ:SEX_BTSX:AGEGROUP_YEARSUNDER5:WEALTHQUINTILE_TOTL,1958-01-01,2026-09-07T16:10:33Z,restated_at,2026-08-05,,who.gho.mdg-0000000007,raw/who.gho.mdg-0000000007/2026/09/20260907T161033Z-0396663e197a.json.gz,2
who.gho.mdg-0000000007,MDG_0000000007:IRQ:SEX_BTSX:AGEGROUP_YEARSUNDER5:WEALTHQUINTILE_TOTL,1958-01-01,2026-09-07T16:10:33Z,value,214.53996087,,who.gho.mdg-0000000007,raw/who.gho.mdg-0000000007/2026/09/20260907T161033Z-0396663e197a.json.gz,2
who.gho.mdg-0000000007,MDG_0000000007:IRQ:SEX_FMLE:AGEGROUP_YEARSUNDER5:WEALTHQUINTILE_TOTL,1958-01-01,2026-09-07T16:05:22Z,high,237.963264788,,who.gho.mdg-0000000007,raw/who.gho.mdg-0000000007/2026/09/20260907T160522Z-2bd49e664eea.json.gz,2
who.gho.mdg-0000000007,MDG_0000000007:IRQ:SEX_FMLE:AGEGROUP_YEARSUNDER5:WEALTHQUINTILE_TOTL,1958-01-01,2026-09-07T16:05:22Z,low,179.769702975,,who.gho.mdg-0000000007,raw/who.gho.mdg-0000000007/2026/09/20260907T160522Z-2bd49e664eea.json.gz,2
who.gho.mdg-0000000007,MDG_0000000007:IRQ:SEX_FMLE:AGEGROUP_YEARSUNDER5:WEALTHQUINTILE_TOTL,1958-01-01,2026-09-07T16:05:22Z,restated_at,2026-08-05,,who.gho.mdg-0000000007,raw/who.gho.mdg-0000000007/2026/09/20260907T160522Z-2bd49e664eea.json.gz,2
who.gho.mdg-0000000007,MDG_0000000007:IRQ:SEX_FMLE:AGEGROUP_YEARSUNDER5:WEALTHQUINTILE_TOTL,1958-01-01,2026-09-07T16:05:22Z,value,206.63663611,,who.gho.mdg-0000000007,raw/who.gho.mdg-0000000007/2026/09/20260907T160522Z-2bd49e664eea.json.gz,2
who.gho.mdg-0000000007,MDG_0000000007:IRQ:SEX_MLE:AGEGROUP_YEARSUNDER5:WEALTHQUINTILE_TOTL,1958-01-01,2026-09-07T16:08:59Z,high,255.120533772,,who.gho.mdg-0000000007,raw/who.gho.mdg-0000000007/2026/09/20260907T160859Z-81b3460c41a8.json.gz,2
who.gho.mdg-0000000007,MDG_0000000007:IRQ:SEX_MLE:AGEGROUP_YEARSUNDER5:WEALTHQUINTILE_TOTL,1958-01-01,2026-09-07T16:08:59Z,low,193.536204755,,who.gho.mdg-0000000007,raw/who.gho.mdg-0000000007/2026/09/20260907T160859Z-81b3460c41a8.json.gz,2
who.gho.mdg-0000000007,MDG_0000000007:IRQ:SEX_MLE:AGEGROUP_YEARSUNDER5:WEALTHQUINTILE_TOTL,1958-01-01,2026-09-07T16:08:59Z,restated_at,2026-08-05,,who.gho.mdg-0000000007,raw/who.gho.mdg-0000000007/2026/09/20260907T160859Z-81b3460c41a8.json.gz,2
who.gho.mdg-0000000007,MDG_0000000007:IRQ:SEX_MLE:AGEGROUP_YEARSUNDER5:WEALTHQUINTILE_TOTL,1958-01-01,2026-09-07T16:08:59Z,value,222.12305969,,who.gho.mdg-0000000007,raw/who.gho.mdg-0000000007/2026/09/20260907T160859Z-81b3460c41a8.json.gz,2
who.gho.mdg-0000000007,MDG_0000000007:ISL:SEX_BTSX:AGEGROUP_YEARSUNDER5:WEALTHQUINTILE_TOTL,1958-01-01,2026-09-07T16:10:17Z,high,23.649248678,,who.gho.mdg-0000000007,raw/who.gho.mdg-0000000007/2026/09/20260907T161017Z-ca4dbf4e12d6.json.gz,2
who.gho.mdg-0000000007,MDG_0000000007:ISL:SEX_BTSX:AGEGROUP_YEARSUNDER5:WEALTHQUINTILE_TOTL,1958-01-01,2026-09-07T16:10:17Z,low,21.053500498,,who.gho.mdg-0000000007,raw/who.gho.mdg-0000000007/2026/09/20260907T161017Z-ca4dbf4e12d6.json.gz,2
who.gho.mdg-0000000007,MDG_0000000007:ISL:SEX_BTSX:AGEGROUP_YEARSUNDER5:WEALTHQUINTILE_TOTL,1958-01-01,2026-09-07T16:10:17Z,restated_at,2026-08-05,,who.gho.mdg-0000000007,raw/who.gho.mdg-0000000007/2026/09/20260907T161017Z-ca4dbf4e12d6.json.gz,2
who.gho.mdg-0000000007,MDG_0000000007:ISL:SEX_BTSX:AGEGROUP_YEARSUNDER5:WEALTHQUINTILE_TOTL,1958-01-01,2026-09-07T16:10:17Z,value,22.287606328,,who.gho.mdg-0000000007,raw/who.gho.mdg-0000000007/2026/09/20260907T161017Z-ca4dbf4e12d6.json.gz,2
who.gho.mdg-0000000007,MDG_0000000007:ISL:SEX_FMLE:AGEGROUP_YEARSUNDER5:WEALTHQUINTILE_TOTL,1958-01-01,2026-09-07T16:05:52Z,high,21.324578185,,who.gho.mdg-0000000007,raw/who.gho.mdg-0000000007/2026/09/20260907T160552Z-f44dce2e8a23.json.gz,2
who.gho.mdg-0000000007,MDG_0000000007:ISL:SEX_FMLE:AGEGROUP_YEARSUNDER5:WEALTHQUINTILE_TOTL,1958-01-01,2026-09-07T16:05:52Z,low,18.615429211,,who.gho.mdg-0000000007,raw/who.gho.mdg-0000000007/2026/09/20260907T160552Z-f44dce2e8a23.json.gz,2
who.gho.mdg-0000000007,MDG_0000000007:ISL:SEX_FMLE:AGEGROUP_YEARSUNDER5:WEALTHQUINTILE_TOTL,1958-01-01,2026-09-07T16:05:52Z,restated_at,2026-08-05,,who.gho.mdg-0000000007,raw/who.gho.mdg-0000000007/2026/09/20260907T160552Z-f44dce2e8a23.json.gz,2
who.gho.mdg-0000000007,MDG_0000000007:ISL:SEX_FMLE:AGEGROUP_YEARSUNDER5:WEALTHQUINTILE_TOTL,1958-01-01,2026-09-07T16:05:52Z,value,19.921552729,,who.gho.mdg-0000000007,raw/who.gho.mdg-0000000007/2026/09/20260907T160552Z-f44dce2e8a23.json.gz,2
who.gho.mdg-0000000007,MDG_0000000007:ISL:SEX_MLE:AGEGROUP_YEARSUNDER5:WEALTHQUINTILE_TOTL,1958-01-01,2026-09-07T16:05:22Z,high,26.190034729,,who.gho.mdg-0000000007,raw/who.gho.mdg-0000000007/2026/09/20260907T160522Z-2bd49e664eea.json.gz,2
who.gho.mdg-0000000007,MDG_0000000007:ISL:SEX_MLE:AGEGROUP_YEARSUNDER5:WEALTHQUINTILE_TOTL,1958-01-01,2026-09-07T16:05:22Z,low,23.043386115,,who.gho.mdg-0000000007,raw/who.gho.mdg-0000000007/2026/09/20260907T160522Z-2bd49e664eea.json.gz,2
who.gho.mdg-0000000007,MDG_0000000007:ISL:SEX_MLE:AGEGROUP_YEARSUNDER5:WEALTHQUINTILE_TOTL,1958-01-01,2026-09-07T16:05:22Z,restated_at,2026-08-05,,who.gho.mdg-0000000007,raw/who.gho.mdg-0000000007/2026/09/20260907T160522Z-2bd49e664eea.json.gz,2
who.gho.mdg-0000000007,MDG_0000000007:ISL:SEX_MLE:AGEGROUP_YEARSUNDER5:WEALTHQUINTILE_TOTL,1958-01-01,2026-09-07T16:05:22Z,value,24.543772159,,who.gho.mdg-0000000007,raw/who.gho.mdg-0000000007/2026/09/20260907T160522Z-2bd49e664eea.json.gz,2
who.gho.mdg-0000000007,MDG_0000000007:ISR:SEX_BTSX:AGEGROUP_YEARSUNDER5:WEALTHQUINTILE_TOTL,1958-01-01,2026-09-07T16:10:37Z,high,54.909300609,,who.gho.mdg-0000000007,raw/who.gho.mdg-0000000007/2026/09/20260907T161037Z-dfd3d6a5a745.json.gz,2
who.gho.mdg-0000000007,MDG_0000000007:ISR:SEX_BTSX:AGEGROUP_YEARSUNDER5:WEALTHQUINTILE_TOTL,1958-01-01,2026-09-07T16:10:37Z,low,49.025370655,,who.gho.mdg-0000000007,raw/who.gho.mdg-0000000007/2026/09/20260907T161037Z-dfd3d6a5a745.json.gz,2
who.gho.mdg-0000000007,MDG_0000000007:ISR:SEX_BTSX:AGEGROUP_YEARSUNDER5:WEALTHQUINTILE_TOTL,1958-01-01,2026-09-07T16:10:37Z,restated_at,2026-08-05,,who.gho.mdg-0000000007,raw/who.gho.mdg-0000000007/2026/09/20260907T161037Z-dfd3d6a5a745.json.gz,2
who.gho.mdg-0000000007,MDG_0000000007:ISR:SEX_BTSX:AGEGROUP_YEARSUNDER5:WEALTHQUINTILE_TOTL,1958-01-01,2026-09-07T16:10:37Z,value,51.903585273,,who.gho.mdg-0000000007,raw/who.gho.mdg-0000000007/2026/09/20260907T161037Z-dfd3d6a5a745.json.gz,2
who.gho.mdg-0000000007,MDG_0000000007:ISR:SEX_FMLE:AGEGROUP_YEARSUNDER5:WEALTHQUINTILE_TOTL,1958-01-01,2026-09-07T16:10:37Z,high,52.794145492,,who.gho.mdg-0000000007,raw/who.gho.mdg-0000000007/2026/09/20260907T161037Z-dfd3d6a5a745.json.gz,2
who.gho.mdg-0000000007,MDG_0000000007:ISR:SEX_FMLE:AGEGROUP_YEARSUNDER5:WEALTHQUINTILE_TOTL,1958-01-01,2026-09-07T16:10:37Z,low,46.538430184,,who.gho.mdg-0000000007,raw/who.gho.mdg-0000000007/2026/09/20260907T161037Z-dfd3d6a5a745.json.gz,2
who.gho.mdg-0000000007,MDG_0000000007:ISR:SEX_FMLE:AGEGROUP_YEARSUNDER5:WEALTHQUINTILE_TOTL,1958-01-01,2026-09-07T16:10:37Z,restated_at,2026-08-05,,who.gho.mdg-0000000007,raw/who.gho.mdg-0000000007/2026/09/20260907T161037Z-dfd3d6a5a745.json.gz,2
who.gho.mdg-0000000007,MDG_0000000007:ISR:SEX_FMLE:AGEGROUP_YEARSUNDER5:WEALTHQUINTILE_TOTL,1958-01-01,2026-09-07T16:10:37Z,value,49.562786038,,who.gho.mdg-0000000007,raw/who.gho.mdg-0000000007/2026/09/20260907T161037Z-dfd3d6a5a745.json.gz,2
who.gho.mdg-0000000007,MDG_0000000007:ISR:SEX_MLE:AGEGROUP_YEARSUNDER5:WEALTHQUINTILE_TOTL,1958-01-01,2026-09-07T16:10:12Z,high,57.504160675,,who.gho.mdg-0000000007,raw/who.gho.mdg-0000000007/2026/09/20260907T161012Z-af10f639113a.json.gz,2
who.gho.mdg-0000000007,MDG_0000000007:ISR:SEX_MLE:AGEGROUP_YEARSUNDER5:WEALTHQUINTILE_TOTL,1958-01-01,2026-09-07T16:10:12Z,low,50.854798176,,who.gho.mdg-0000000007,raw/who.gho.mdg-0000000007/2026/09/20260907T161012Z-af10f639113a.json.gz,2
who.gho.mdg-0000000007,MDG_0000000007:ISR:SEX_MLE:AGEGROUP_YEARSUNDER5:WEALTHQUINTILE_TOTL,1958-01-01,2026-09-07T16:10:12Z,restated_at,2026-08-05,,who.gho.mdg-0000000007,raw/who.gho.mdg-0000000007/2026/09/20260907T161012Z-af10f639113a.json.gz,2
who.gho.mdg-0000000007,MDG_0000000007:ISR:SEX_MLE:AGEGROUP_YEARSUNDER5:WEALTHQUINTILE_TOTL,1958-01-01,2026-09-07T16:10:12Z,value,54.080416377,,who.gho.mdg-0000000007,raw/who.gho.mdg-0000000007/2026/09/20260907T161012Z-af10f639113a.json.gz,2
who.gho.mdg-0000000007,MDG_0000000007:ITA:SEX_BTSX:AGEGROUP_YEARSUNDER5:WEALTHQUINTILE_TOTL,1958-01-01,2026-09-07T16:09:46Z,high,56.772244241,,who.gho.mdg-0000000007,raw/who.gho.mdg-0000000007/2026/09/20260907T160946Z-716d23d235ed.json.gz,2
who.gho.mdg-0000000007,MDG_0000000007:ITA:SEX_BTSX:AGEGROUP_YEARSUNDER5:WEALTHQUINTILE_TOTL,1958-01-01,2026-09-07T16:09:46Z,low,54.630087846,,who.gho.mdg-0000000007,raw/who.gho.mdg-0000000007/2026/09/20260907T160946Z-716d23d235ed.json.gz,2
who.gho.mdg-0000000007,MDG_0000000007:ITA:SEX_BTSX:AGEGROUP_YEARSUNDER5:WEALTHQUINTILE_TOTL,1958-01-01,2026-09-07T16:09:46Z,restated_at,2026-08-05,,who.gho.mdg-0000000007,raw/who.gho.mdg-0000000007/2026/09/20260907T160946Z-716d23d235ed.json.gz,2
who.gho.mdg-0000000007,MDG_0000000007:ITA:SEX_BTSX:AGEGROUP_YEARSUNDER5:WEALTHQUINTILE_TOTL,1958-01-01,2026-09-07T16:09:46Z,value,55.680952357,,who.gho.mdg-0000000007,raw/who.gho.mdg-0000000007/2026/09/20260907T160946Z-716d23d235ed.json.gz,2
who.gho.mdg-0000000007,MDG_0000000007:ITA:SEX_FMLE:AGEGROUP_YEARSUNDER5:WEALTHQUINTILE_TOTL,1958-01-01,2026-09-07T16:09:30Z,high,52.170717211,,who.gho.mdg-0000000007,raw/who.gho.mdg-0000000007/2026/09/20260907T160930Z-3a49f2d0e7d2.json.gz,2
who.gho.mdg-0000000007,MDG_0000000007:ITA:SEX_FMLE:AGEGROUP_YEARSUNDER5:WEALTHQUINTILE_TOTL,1958-01-01,2026-09-07T16:09:30Z,low,50.11881899,,who.gho.mdg-0000000007,raw/who.gho.mdg-0000000007/2026/09/20260907T160930Z-3a49f2d0e7d2.json.gz,2
who.gho.mdg-0000000007,MDG_0000000007:ITA:SEX_FMLE:AGEGROUP_YEARSUNDER5:WEALTHQUINTILE_TOTL,1958-01-01,2026-09-07T16:09:30Z,restated_at,2026-08-05,,who.gho.mdg-0000000007,raw/who.gho.mdg-0000000007/2026/09/20260907T160930Z-3a49f2d0e7d2.json.gz,2
who.gho.mdg-0000000007,MDG_0000000007:ITA:SEX_FMLE:AGEGROUP_YEARSUNDER5:WEALTHQUINTILE_TOTL,1958-01-01,2026-09-07T16:09:30Z,value,51.113180273,,who.gho.mdg-0000000007,raw/who.gho.mdg-0000000007/2026/09/20260907T160930Z-3a49f2d0e7d2.json.gz,2
who.gho.mdg-0000000007,MDG_0000000007:ITA:SEX_MLE:AGEGROUP_YEARSUNDER5:WEALTHQUINTILE_TOTL,1958-01-01,2026-09-07T16:11:22Z,high,61.250934481,,who.gho.mdg-0000000007,raw/who.gho.mdg-0000000007/2026/09/20260907T161122Z-4e9c288e3adb.json.gz,2
who.gho.mdg-0000000007,MDG_0000000007:ITA:SEX_MLE:AGEGROUP_YEARSUNDER5:WEALTHQUINTILE_TOTL,1958-01-01,2026-09-07T16:11:22Z,low,58.847286775,,who.gho.mdg-0000000007,raw/who.gho.mdg-0000000007/2026/09/20260907T161122Z-4e9c288e3adb.json.gz,2
who.gho.mdg-0000000007,MDG_0000000007:ITA:SEX_MLE:AGEGROUP_YEARSUNDER5:WEALTHQUINTILE_TOTL,1958-01-01,2026-09-07T16:11:22Z,restated_at,2026-08-05,,who.gho.mdg-0000000007,raw/who.gho.mdg-0000000007/2026/09/20260907T161122Z-4e9c288e3adb.json.gz,2
who.gho.mdg-0000000007,MDG_0000000007:ITA:SEX_MLE:AGEGROUP_YEARSUNDER5:WEALTHQUINTILE_TOTL,1958-01-01,2026-09-07T16:11:22Z,value,60.012160284,,who.gho.mdg-0000000007,raw/who.gho.mdg-0000000007/2026/09/20260907T161122Z-4e9c288e3adb.json.gz,2
who.gho.mdg-0000000007,MDG_0000000007:JAM:SEX_BTSX:AGEGROUP_YEARSUNDER5:WEALTHQUINTILE_TOTL,1958-01-01,2026-09-07T16:06:21Z,high,107.428236889,,who.gho.mdg-0000000007,raw/who.gho.mdg-0000000007/2026/09/20260907T160621Z-1819ad2538c7.json.gz,2
who.gho.mdg-0000000007,MDG_0000000007:JAM:SEX_BTSX:AGEGROUP_YEARSUNDER5:WEALTHQUINTILE_TOTL,1958-01-01,2026-09-07T16:06:21Z,low,78.736801721,,who.gho.mdg-0000000007,raw/who.gho.mdg-0000000007/2026/09/20260907T160621Z-1819ad2538c7.json.gz,2
who.gho.mdg-0000000007,MDG_0000000007:JAM:SEX_BTSX:AGEGROUP_YEARSUNDER5:WEALTHQUINTILE_TOTL,1958-01-01,2026-09-07T16:06:21Z,restated_at,2026-08-05,,who.gho.mdg-0000000007,raw/who.gho.mdg-0000000007/2026/09/20260907T160621Z-1819ad2538c7.json.gz,2
who.gho.mdg-0000000007,MDG_0000000007:JAM:SEX_BTSX:AGEGROUP_YEARSUNDER5:WEALTHQUINTILE_TOTL,1958-01-01,2026-09-07T16:06:21Z,value,90.94852701,,who.gho.mdg-0000000007,raw/who.gho.mdg-0000000007/2026/09/20260907T160621Z-1819ad2538c7.json.gz,2
who.gho.mdg-0000000007,MDG_0000000007:JAM:SEX_FMLE:AGEGROUP_YEARSUNDER5:WEALTHQUINTILE_TOTL,1958-01-01,2026-09-07T16:09:26Z,high,99.962387513,,who.gho.mdg-0000000007,raw/who.gho.mdg-0000000007/2026/09/20260907T160926Z-3ee37906b339.json.gz,2
who.gho.mdg-0000000007,MDG_0000000007:JAM:SEX_FMLE:AGEGROUP_YEARSUNDER5:WEALTHQUINTILE_TOTL,1958-01-01,2026-09-07T16:09:26Z,low,72.491472332,,who.gho.mdg-0000000007,raw/who.gho.mdg-0000000007/2026/09/20260907T160926Z-3ee37906b339.json.gz,2
who.gho.mdg-0000000007,MDG_0000000007:JAM:SEX_FMLE:AGEGROUP_YEARSUNDER5:WEALTHQUINTILE_TOTL,1958-01-01,2026-09-07T16:09:26Z,restated_at,2026-08-05,,who.gho.mdg-0000000007,raw/who.gho.mdg-0000000007/2026/09/20260907T160926Z-3ee37906b339.json.gz,2
who.gho.mdg-0000000007,MDG_0000000007:JAM:SEX_FMLE:AGEGROUP_YEARSUNDER5:WEALTHQUINTILE_TOTL,1958-01-01,2026-09-07T16:09:26Z,value,84.302453746,,who.gho.mdg-0000000007,raw/who.gho.mdg-0000000007/2026/09/20260907T160926Z-3ee37906b339.json.gz,2
who.gho.mdg-0000000007,MDG_0000000007:JAM:SEX_MLE:AGEGROUP_YEARSUNDER5:WEALTHQUINTILE_TOTL,1958-01-01,2026-09-07T16:09:38Z,high,115.354175604,,who.gho.mdg-0000000007,raw/who.gho.mdg-0000000007/2026/09/20260907T160938Z-81612038db74.json.gz,2
who.gho.mdg-0000000007,MDG_0000000007:JAM:SEX_MLE:AGEGROUP_YEARSUNDER5:WEALTHQUINTILE_TOTL,1958-01-01,2026-09-07T16:09:38Z,low,83.873512458,,who.gho.mdg-0000000007,raw/who.gho.mdg-0000000007/2026/09/20260907T160938Z-81612038db74.json.gz,2
who.gho.mdg-0000000007,MDG_0000000007:JAM:SEX_MLE:AGEGROUP_YEARSUNDER5:WEALTHQUINTILE_TOTL,1958-01-01,2026-09-07T16:09:38Z,restated_at,2026-08-05,,who.gho.mdg-0000000007,raw/who.gho.mdg-0000000007/2026/09/20260907T160938Z-81612038db74.json.gz,2
who.gho.mdg-0000000007,MDG_0000000007:JAM:SEX_MLE:AGEGROUP_YEARSUNDER5:WEALTHQUINTILE_TOTL,1958-01-01,2026-09-07T16:09:38Z,value,97.300909406,,who.gho.mdg-0000000007,raw/who.gho.mdg-0000000007/2026/09/20260907T160938Z-81612038db74.json.gz,2
who.gho.mdg-0000000007,MDG_0000000007:JOR:SEX_BTSX:AGEGROUP_YEARSUNDER5:WEALTHQUINTILE_TOTL,1958-01-01,2026-09-07T16:11:22Z,high,191.460992075,,who.gho.mdg-0000000007,raw/who.gho.mdg-0000000007/2026/09/20260907T161122Z-4e9c288e3adb.json.gz,2
who.gho.mdg-0000000007,MDG_0000000007:JOR:SEX_BTSX:AGEGROUP_YEARSUNDER5:WEALTHQUINTILE_TOTL,1958-01-01,2026-09-07T16:11:22Z,low,160.432244454,,who.gho.mdg-0000000007,raw/who.gho.mdg-0000000007/2026/09/20260907T161122Z-4e9c288e3adb.json.gz,2
who.gho.mdg-0000000007,MDG_0000000007:JOR:SEX_BTSX:AGEGROUP_YEARSUNDER5:WEALTHQUINTILE_TOTL,1958-01-01,2026-09-07T16:11:22Z,restated_at,2026-08-05,,who.gho.mdg-0000000007,raw/who.gho.mdg-0000000007/2026/09/20260907T161122Z-4e9c288e3adb.json.gz,2
who.gho.mdg-0000000007,MDG_0000000007:JOR:SEX_BTSX:AGEGROUP_YEARSUNDER5:WEALTHQUINTILE_TOTL,1958-01-01,2026-09-07T16:11:22Z,value,174.957049375,,who.gho.mdg-0000000007,raw/who.gho.mdg-0000000007/2026/09/20260907T161122Z-4e9c288e3adb.json.gz,2
who.gho.mdg-0000000007,MDG_0000000007:JOR:SEX_FMLE:AGEGROUP_YEARSUNDER5:WEALTHQUINTILE_TOTL,1958-01-01,2026-09-07T16:10:41Z,high,194.345534005,,who.gho.mdg-0000000007,raw/who.gho.mdg-0000000007/2026/09/20260907T161041Z-4752b74784e1.json.gz,2
who.gho.mdg-0000000007,MDG_0000000007:JOR:SEX_FMLE:AGEGROUP_YEARSUNDER5:WEALTHQUINTILE_TOTL,1958-01-01,2026-09-07T16:10:41Z,low,161.664719333,,who.gho.mdg-0000000007,raw/who.gho.mdg-0000000007/2026/09/20260907T161041Z-4752b74784e1.json.gz,2
who.gho.mdg-0000000007,MDG_0000000007:JOR:SEX_FMLE:AGEGROUP_YEARSUNDER5:WEALTHQUINTILE_TOTL,1958-01-01,2026-09-07T16:10:41Z,restated_at,2026-08-05,,who.gho.mdg-0000000007,raw/who.gho.mdg-0000000007/2026/09/20260907T161041Z-4752b74784e1.json.gz,2
who.gho.mdg-0000000007,MDG_0000000007:JOR:SEX_FMLE:AGEGROUP_YEARSUNDER5:WEALTHQUINTILE_TOTL,1958-01-01,2026-09-07T16:10:41Z,value,176.896225671,,who.gho.mdg-0000000007,raw/who.gho.mdg-0000000007/2026/09/20260907T161041Z-4752b74784e1.json.gz,2
who.gho.mdg-0000000007,MDG_0000000007:JOR:SEX_MLE:AGEGROUP_YEARSUNDER5:WEALTHQUINTILE_TOTL,1958-01-01,2026-09-07T16:06:02Z,high,190.329833591,,who.gho.mdg-0000000007,raw/who.gho.mdg-0000000007/2026/09/20260907T160602Z-1adff4f5f376.json.gz,2
who.gho.mdg-0000000007,MDG_0000000007:JOR:SEX_MLE:AGEGROUP_YEARSUNDER5:WEALTHQUINTILE_TOTL,1958-01-01,2026-09-07T16:06:02Z,low,158.036797862,,who.gho.mdg-0000000007,raw/who.gho.mdg-0000000007/2026/09/20260907T160602Z-1adff4f5f376.json.gz,2
who.gho.mdg-0000000007,MDG_0000000007:JOR:SEX_MLE:AGEGROUP_YEARSUNDER5:WEALTHQUINTILE_TOTL,1958-01-01,2026-09-07T16:06:02Z,restated_at,2026-08-05,,who.gho.mdg-0000000007,raw/who.gho.mdg-0000000007/2026/09/20260907T160602Z-1adff4f5f376.json.gz,2
who.gho.mdg-0000000007,MDG_0000000007:JOR:SEX_MLE:AGEGROUP_YEARSUNDER5:WEALTHQUINTILE_TOTL,1958-01-01,2026-09-07T16:06:02Z,value,173.23177206,,who.gho.mdg-0000000007,raw/who.gho.mdg-0000000007/2026/09/20260907T160602Z-1adff4f5f376.json.gz,2
who.gho.mdg-0000000007,MDG_0000000007:JPN:SEX_BTSX:AGEGROUP_YEARSUNDER5:WEALTHQUINTILE_TOTL,1958-01-01,2026-09-07T16:09:22Z,high,47.766531351,,who.gho.mdg-0000000007,raw/who.gho.mdg-0000000007/2026/09/20260907T160922Z-b03be7779b07.json.gz,2
who.gho.mdg-0000000007,MDG_0000000007:JPN:SEX_BTSX:AGEGROUP_YEARSUNDER5:WEALTHQUINTILE_TOTL,1958-01-01,2026-09-07T16:09:22Z,low,45.967919607,,who.gho.mdg-0000000007,raw/who.gho.mdg-0000000007/2026/09/20260907T160922Z-b03be7779b07.json.gz,2
who.gho.mdg-0000000007,MDG_0000000007:JPN:SEX_BTSX:AGEGROUP_YEARSUNDER5:WEALTHQUINTILE_TOTL,1958-01-01,2026-09-07T16:09:22Z,restated_at,2026-08-05,,who.gho.mdg-0000000007,raw/who.gho.mdg-0000000007/2026/09/20260907T160922Z-b03be7779b07.json.gz,2
who.gho.mdg-0000000007,MDG_0000000007:JPN:SEX_BTSX:AGEGROUP_YEARSUNDER5:WEALTHQUINTILE_TOTL,1958-01-01,2026-09-07T16:09:22Z,value,46.845515785,,who.gho.mdg-0000000007,raw/who.gho.mdg-0000000007/2026/09/20260907T160922Z-b03be7779b07.json.gz,2
who.gho.mdg-0000000007,MDG_0000000007:JPN:SEX_FMLE:AGEGROUP_YEARSUNDER5:WEALTHQUINTILE_TOTL,1958-01-01,2026-09-07T16:08:50Z,high,44.12381268,,who.gho.mdg-0000000007,raw/who.gho.mdg-0000000007/2026/09/20260907T160850Z-957169f3a50e.json.gz,2
who.gho.mdg-0000000007,MDG_0000000007:JPN:SEX_FMLE:AGEGROUP_YEARSUNDER5:WEALTHQUINTILE_TOTL,1958-01-01,2026-09-07T16:08:50Z,low,42.412843552,,who.gho.mdg-0000000007,raw/who.gho.mdg-0000000007/2026/09/20260907T160850Z-957169f3a50e.json.gz,2
who.gho.mdg-0000000007,MDG_0000000007:JPN:SEX_FMLE:AGEGROUP_YEARSUNDER5:WEALTHQUINTILE_TOTL,1958-01-01,2026-09-07T16:08:50Z,restated_at,2026-08-05,,who.gho.mdg-0000000007,raw/who.gho.mdg-0000000007/2026/09/20260907T160850Z-957169f3a50e.json.gz,2
who.gho.mdg-0000000007,MDG_0000000007:JPN:SEX_FMLE:AGEGROUP_YEARSUNDER5:WEALTHQUINTILE_TOTL,1958-01-01,2026-09-07T16:08:50Z,value,43.245349882,,who.gho.mdg-0000000007,raw/who.gho.mdg-0000000007/2026/09/20260907T160850Z-957169f3a50e.json.gz,2
who.gho.mdg-0000000007,MDG_0000000007:JPN:SEX_MLE:AGEGROUP_YEARSUNDER5:WEALTHQUINTILE_TOTL,1958-01-01,2026-09-07T16:09:59Z,high,51.286527595,,who.gho.mdg-0000000007,raw/who.gho.mdg-0000000007/2026/09/20260907T160959Z-e41937f31aea.json.gz,2
who.gho.mdg-0000000007,MDG_0000000007:JPN:SEX_MLE:AGEGROUP_YEARSUNDER5:WEALTHQUINTILE_TOTL,1958-01-01,2026-09-07T16:09:59Z,low,49.307815404,,who.gho.mdg-0000000007,raw/who.gho.mdg-0000000007/2026/09/20260907T160959Z-e41937f31aea.json.gz,2
who.gho.mdg-0000000007,MDG_0000000007:JPN:SEX_MLE:AGEGROUP_YEARSUNDER5:WEALTHQUINTILE_TOTL,1958-01-01,2026-09-07T16:09:59Z,restated_at,2026-08-05,,who.gho.mdg-0000000007,raw/who.gho.mdg-0000000007/2026/09/20260907T160959Z-e41937f31aea.json.gz,2
who.gho.mdg-0000000007,MDG_0000000007:JPN:SEX_MLE:AGEGROUP_YEARSUNDER5:WEALTHQUINTILE_TOTL,1958-01-01,2026-09-07T16:09:59Z,value,50.26691849,,who.gho.mdg-0000000007,raw/who.gho.mdg-0000000007/2026/09/20260907T160959Z-e41937f31aea.json.gz,2
who.gho.mdg-0000000007,MDG_0000000007:KEN:SEX_BTSX:AGEGROUP_YEARSUNDER5:WEALTHQUINTILE_TOTL,1958-01-01,2026-09-07T16:06:16Z,high,239.142838852,,who.gho.mdg-0000000007,raw/who.gho.mdg-0000000007/2026/09/20260907T160616Z-615f6bfccb87.json.gz,2
who.gho.mdg-0000000007,MDG_0000000007:KEN:SEX_BTSX:AGEGROUP_YEARSUNDER5:WEALTHQUINTILE_TOTL,1958-01-01,2026-09-07T16:06:16Z,low,196.360584495,,who.gho.mdg-0000000007,raw/who.gho.mdg-0000000007/2026/09/20260907T160616Z-615f6bfccb87.json.gz,2
who.gho.mdg-0000000007,MDG_0000000007:KEN:SEX_BTSX:AGEGROUP_YEARSUNDER5:WEALTHQUINTILE_TOTL,1958-01-01,2026-09-07T16:06:16Z,restated_at,2026-08-05,,who.gho.mdg-0000000007,raw/who.gho.mdg-0000000007/2026/09/20260907T160616Z-615f6bfccb87.json.gz,2
who.gho.mdg-0000000007,MDG_0000000007:KEN:SEX_BTSX:AGEGROUP_YEARSUNDER5:WEALTHQUINTILE_TOTL,1958-01-01,2026-09-07T16:06:16Z,value,216.567568885,,who.gho.mdg-0000000007,raw/who.gho.mdg-0000000007/2026/09/20260907T160616Z-615f6bfccb87.json.gz,2
who.gho.mdg-0000000007,MDG_0000000007:KEN:SEX_FMLE:AGEGROUP_YEARSUNDER5:WEALTHQUINTILE_TOTL,1958-01-01,2026-09-07T16:09:30Z,high,230.403195529,,who.gho.mdg-0000000007,raw/who.gho.mdg-0000000007/2026/09/20260907T160930Z-3a49f2d0e7d2.json.gz,2
who.gho.mdg-0000000007,MDG_0000000007:KEN:SEX_FMLE:AGEGROUP_YEARSUNDER5:WEALTHQUINTILE_TOTL,1958-01-01,2026-09-07T16:09:30Z,low,187.756256951,,who.gho.mdg-0000000007,raw/who.gho.mdg-0000000007/2026/09/20260907T160930Z-3a49f2d0e7d2.json.gz,2
who.gho.mdg-0000000007,MDG_0000000007:KEN:SEX_FMLE:AGEGROUP_YEARSUNDER5:WEALTHQUINTILE_TOTL,1958-01-01,2026-09-07T16:09:30Z,restated_at,2026-08-05,,who.gho.mdg-0000000007,raw/who.gho.mdg-0000000007/2026/09/20260907T160930Z-3a49f2d0e7d2.json.gz,2
who.gho.mdg-0000000007,MDG_0000000007:KEN:SEX_FMLE:AGEGROUP_YEARSUNDER5:WEALTHQUINTILE_TOTL,1958-01-01,2026-09-07T16:09:30Z,value,207.847836838,,who.gho.mdg-0000000007,raw/who.gho.mdg-0000000007/2026/09/20260907T160930Z-3a49f2d0e7d2.json.gz,2
who.gho.mdg-0000000007,MDG_0000000007:KEN:SEX_MLE:AGEGROUP_YEARSUNDER5:WEALTHQUINTILE_TOTL,1958-01-01,2026-09-07T16:06:29Z,high,248.861610539,,who.gho.mdg-0000000007,raw/who.gho.mdg-0000000007/2026/09/20260907T160629Z-f6ed87825938.json.gz,2
who.gho.mdg-0000000007,MDG_0000000007:KEN:SEX_MLE:AGEGROUP_YEARSUNDER5:WEALTHQUINTILE_TOTL,1958-01-01,2026-09-07T16:06:29Z,low,203.300916321,,who.gho.mdg-0000000007,raw/who.gho.mdg-0000000007/2026/09/20260907T160629Z-f6ed87825938.json.gz,2
who.gho.mdg-0000000007,MDG_0000000007:KEN:SEX_MLE:AGEGROUP_YEARSUNDER5:WEALTHQUINTILE_TOTL,1958-01-01,2026-09-07T16:06:29Z,restated_at,2026-08-05,,who.gho.mdg-0000000007,raw/who.gho.mdg-0000000007/2026/09/20260907T160629Z-f6ed87825938.json.gz,2
who.gho.mdg-0000000007,MDG_0000000007:KEN:SEX_MLE:AGEGROUP_YEARSUNDER5:WEALTHQUINTILE_TOTL,1958-01-01,2026-09-07T16:06:29Z,value,224.770384643,,who.gho.mdg-0000000007,raw/who.gho.mdg-0000000007/2026/09/20260907T160629Z-f6ed87825938.json.gz,2
who.gho.mdg-0000000007,MDG_0000000007:KIR:SEX_BTSX:AGEGROUP_YEARSUNDER5:WEALTHQUINTILE_TOTL,1958-01-01,2026-09-07T16:09:13Z,high,228.432848271,,who.gho.mdg-0000000007,raw/who.gho.mdg-0000000007/2026/09/20260907T160913Z-86e8fac132bd.json.gz,2
who.gho.mdg-0000000007,MDG_0000000007:KIR:SEX_BTSX:AGEGROUP_YEARSUNDER5:WEALTHQUINTILE_TOTL,1958-01-01,2026-09-07T16:09:13Z,low,187.344575002,,who.gho.mdg-0000000007,raw/who.gho.mdg-0000000007/2026/09/20260907T160913Z-86e8fac132bd.json.gz,2
who.gho.mdg-0000000007,MDG_0000000007:KIR:SEX_BTSX:AGEGROUP_YEARSUNDER5:WEALTHQUINTILE_TOTL,1958-01-01,2026-09-07T16:09:13Z,restated_at,2026-08-05,,who.gho.mdg-0000000007,raw/who.gho.mdg-0000000007/2026/09/20260907T160913Z-86e8fac132bd.json.gz,2
who.gho.mdg-0000000007,MDG_0000000007:KIR:SEX_BTSX:AGEGROUP_YEARSUNDER5:WEALTHQUINTILE_TOTL,1958-01-01,2026-09-07T16:09:13Z,value,206.984506672,,who.gho.mdg-0000000007,raw/who.gho.mdg-0000000007/2026/09/20260907T160913Z-86e8fac132bd.json.gz,2
who.gho.mdg-0000000007,MDG_0000000007:KIR:SEX_FMLE:AGEGROUP_YEARSUNDER5:WEALTHQUINTILE_TOTL,1958-01-01,2026-09-07T16:10:21Z,high,219.181749231,,who.gho.mdg-0000000007,raw/who.gho.mdg-0000000007/2026/09/20260907T161021Z-3e9ba1677574.json.gz,2
who.gho.mdg-0000000007,MDG_0000000007:KIR:SEX_FMLE:AGEGROUP_YEARSUNDER5:WEALTHQUINTILE_TOTL,1958-01-01,2026-09-07T16:10:21Z,low,177.100976093,,who.gho.mdg-0000000007,raw/who.gho.mdg-0000000007/2026/09/20260907T161021Z-3e9ba1677574.json.gz,2
who.gho.mdg-0000000007,MDG_0000000007:KIR:SEX_FMLE:AGEGROUP_YEARSUNDER5:WEALTHQUINTILE_TOTL,1958-01-01,2026-09-07T16:10:21Z,restated_at,2026-08-05,,who.gho.mdg-0000000007,raw/who.gho.mdg-0000000007/2026/09/20260907T161021Z-3e9ba1677574.json.gz,2
who.gho.mdg-0000000007,MDG_0000000007:KIR:SEX_FMLE:AGEGROUP_YEARSUNDER5:WEALTHQUINTILE_TOTL,1958-01-01,2026-09-07T16:10:21Z,value,197.172841343,,who.gho.mdg-0000000007,raw/who.gho.mdg-0000000007/2026/09/20260907T161021Z-3e9ba1677574.json.gz,2
who.gho.mdg-0000000007,MDG_0000000007:KIR:SEX_MLE:AGEGROUP_YEARSUNDER5:WEALTHQUINTILE_TOTL,1958-01-01,2026-09-07T16:10:17Z,high,240.408678568,,who.gho.mdg-0000000007,raw/who.gho.mdg-0000000007/2026/09/20260907T161017Z-ca4dbf4e12d6.json.gz,2
who.gho.mdg-0000000007,MDG_0000000007:KIR:SEX_MLE:AGEGROUP_YEARSUNDER5:WEALTHQUINTILE_TOTL,1958-01-01,2026-09-07T16:10:17Z,low,194.132932083,,who.gho.mdg-0000000007,raw/who.gho.mdg-0000000007/2026/09/20260907T161017Z-ca4dbf4e12d6.json.gz,2
who.gho.mdg-0000000007,MDG_0000000007:KIR:SEX_MLE:AGEGROUP_YEARSUNDER5:WEALTHQUINTILE_TOTL,1958-01-01,2026-09-07T16:10:17Z,restated_at,2026-08-05,,who.gho.mdg-0000000007,raw/who.gho.mdg-0000000007/2026/09/20260907T161017Z-ca4dbf4e12d6.json.gz,2
who.gho.mdg-0000000007,MDG_0000000007:KIR:SEX_MLE:AGEGROUP_YEARSUNDER5:WEALTHQUINTILE_TOTL,1958-01-01,2026-09-07T16:10:17Z,value,216.136407833,,who.gho.mdg-0000000007,raw/who.gho.mdg-0000000007/2026/09/20260907T161017Z-ca4dbf4e12d6.json.gz,2
who.gho.mdg-0000000007,MDG_0000000007:KOR:SEX_BTSX:AGEGROUP_YEARSUNDER5:WEALTHQUINTILE_TOTL,1958-01-01,2026-09-07T16:05:22Z,high,144.758506149,,who.gho.mdg-0000000007,raw/who.gho.mdg-0000000007/2026/09/20260907T160522Z-2bd49e664eea.json.gz,2
who.gho.mdg-0000000007,MDG_0000000007:KOR:SEX_BTSX:AGEGROUP_YEARSUNDER5:WEALTHQUINTILE_TOTL,1958-01-01,2026-09-07T16:05:22Z,low,113.467491267,,who.gho.mdg-0000000007,raw/who.gho.mdg-0000000007/2026/09/20260907T160522Z-2bd49e664eea.json.gz,2
who.gho.mdg-0000000007,MDG_0000000007:KOR:SEX_BTSX:AGEGROUP_YEARSUNDER5:WEALTHQUINTILE_TOTL,1958-01-01,2026-09-07T16:05:22Z,restated_at,2026-08-05,,who.gho.mdg-0000000007,raw/who.gho.mdg-0000000007/2026/09/20260907T160522Z-2bd49e664eea.json.gz,2
who.gho.mdg-0000000007,MDG_0000000007:KOR:SEX_BTSX:AGEGROUP_YEARSUNDER5:WEALTHQUINTILE_TOTL,1958-01-01,2026-09-07T16:05:22Z,value,128.210654048,,who.gho.mdg-0000000007,raw/who.gho.mdg-0000000007/2026/09/20260907T160522Z-2bd49e664eea.json.gz,2
who.gho.mdg-0000000007,MDG_0000000007:KOR:SEX_FMLE:AGEGROUP_YEARSUNDER5:WEALTHQUINTILE_TOTL,1958-01-01,2026-09-07T16:05:35Z,high,140.337834958,,who.gho.mdg-0000000007,raw/who.gho.mdg-0000000007/2026/09/20260907T160535Z-bcafb05f6fe8.json.gz,2
who.gho.mdg-0000000007,MDG_0000000007:KOR:SEX_FMLE:AGEGROUP_YEARSUNDER5:WEALTHQUINTILE_TOTL,1958-01-01,2026-09-07T16:05:35Z,low,108.916753255,,who.gho.mdg-0000000007,raw/who.gho.mdg-0000000007/2026/09/20260907T160535Z-bcafb05f6fe8.json.gz,2
who.gho.mdg-0000000007,MDG_0000000007:KOR:SEX_FMLE:AGEGROUP_YEARSUNDER5:WEALTHQUINTILE_TOTL,1958-01-01,2026-09-07T16:05:35Z,restated_at,2026-08-05,,who.gho.mdg-0000000007,raw/who.gho.mdg-0000000007/2026/09/20260907T160535Z-bcafb05f6fe8.json.gz,2
who.gho.mdg-0000000007,MDG_0000000007:KOR:SEX_FMLE:AGEGROUP_YEARSUNDER5:WEALTHQUINTILE_TOTL,1958-01-01,2026-09-07T16:05:35Z,value,123.83511038,,who.gho.mdg-0000000007,raw/who.gho.mdg-0000000007/2026/09/20260907T160535Z-bcafb05f6fe8.json.gz,2
who.gho.mdg-0000000007,MDG_0000000007:KOR:SEX_MLE:AGEGROUP_YEARSUNDER5:WEALTHQUINTILE_TOTL,1958-01-01,2026-09-07T16:09:03Z,high,150.098983388,,who.gho.mdg-0000000007,raw/who.gho.mdg-0000000007/2026/09/20260907T160903Z-df09845b881e.json.gz,2
who.gho.mdg-0000000007,MDG_0000000007:KOR:SEX_MLE:AGEGROUP_YEARSUNDER5:WEALTHQUINTILE_TOTL,1958-01-01,2026-09-07T16:09:03Z,low,116.802188577,,who.gho.mdg-0000000007,raw/who.gho.mdg-0000000007/2026/09/20260907T160903Z-df09845b881e.json.gz,2
who.gho.mdg-0000000007,MDG_0000000007:KOR:SEX_MLE:AGEGROUP_YEARSUNDER5:WEALTHQUINTILE_TOTL,1958-01-01,2026-09-07T16:09:03Z,restated_at,2026-08-05,,who.gho.mdg-0000000007,raw/who.gho.mdg-0000000007/2026/09/20260907T160903Z-df09845b881e.json.gz,2
who.gho.mdg-0000000007,MDG_0000000007:KOR:SEX_MLE:AGEGROUP_YEARSUNDER5:WEALTHQUINTILE_TOTL,1958-01-01,2026-09-07T16:09:03Z,value,132.185604586,,who.gho.mdg-0000000007,raw/who.gho.mdg-0000000007/2026/09/20260907T160903Z-df09845b881e.json.gz,2
who.gho.mdg-0000000007,MDG_0000000007:LBN:SEX_BTSX:AGEGROUP_YEARSUNDER5:WEALTHQUINTILE_TOTL,1958-01-01,2026-09-07T16:11:18Z,high,98.625962822,,who.gho.mdg-0000000007,raw/who.gho.mdg-0000000007/2026/09/20260907T161118Z-85c02b5f4e3c.json.gz,2
who.gho.mdg-0000000007,MDG_0000000007:LBN:SEX_BTSX:AGEGROUP_YEARSUNDER5:WEALTHQUINTILE_TOTL,1958-01-01,2026-09-07T16:11:18Z,low,63.178519534,,who.gho.mdg-0000000007,raw/who.gho.mdg-0000000007/2026/09/20260907T161118Z-85c02b5f4e3c.json.gz,2
who.gho.mdg-0000000007,MDG_0000000007:LBN:SEX_BTSX:AGEGROUP_YEARSUNDER5:WEALTHQUINTILE_TOTL,1958-01-01,2026-09-07T16:11:18Z,restated_at,2026-08-05,,who.gho.mdg-0000000007,raw/who.gho.mdg-0000000007/2026/09/20260907T161118Z-85c02b5f4e3c.json.gz,2
who.gho.mdg-0000000007,MDG_0000000007:LBN:SEX_BTSX:AGEGROUP_YEARSUNDER5:WEALTHQUINTILE_TOTL,1958-01-01,2026-09-07T16:11:18Z,value,79.800540375,,who.gho.mdg-0000000007,raw/who.gho.mdg-0000000007/2026/09/20260907T161118Z-85c02b5f4e3c.json.gz,2
who.gho.mdg-0000000007,MDG_0000000007:LBN:SEX_FMLE:AGEGROUP_YEARSUNDER5:WEALTHQUINTILE_TOTL,1958-01-01,2026-09-07T16:10:53Z,high,92.424327227,,who.gho.mdg-0000000007,raw/who.gho.mdg-0000000007/2026/09/20260907T161053Z-9a5808e2a757.json.gz,2
who.gho.mdg-0000000007,MDG_0000000007:LBN:SEX_FMLE:AGEGROUP_YEARSUNDER5:WEALTHQUINTILE_TOTL,1958-01-01,2026-09-07T16:10:53Z,low,58.69150978,,who.gho.mdg-0000000007,raw/who.gho.mdg-0000000007/2026/09/20260907T161053Z-9a5808e2a757.json.gz,2
who.gho.mdg-0000000007,MDG_0000000007:LBN:SEX_FMLE:AGEGROUP_YEARSUNDER5:WEALTHQUINTILE_TOTL,1958-01-01,2026-09-07T16:10:53Z,restated_at,2026-08-05,,who.gho.mdg-0000000007,raw/who.gho.mdg-0000000007/2026/09/20260907T161053Z-9a5808e2a757.json.gz,2
who.gho.mdg-0000000007,MDG_0000000007:LBN:SEX_FMLE:AGEGROUP_YEARSUNDER5:WEALTHQUINTILE_TOTL,1958-01-01,2026-09-07T16:10:53Z,value,74.545154418,,who.gho.mdg-0000000007,raw/who.gho.mdg-0000000007/2026/09/20260907T161053Z-9a5808e2a757.json.gz,2
who.gho.mdg-0000000007,MDG_0000000007:LBN:SEX_MLE:AGEGROUP_YEARSUNDER5:WEALTHQUINTILE_TOTL,1958-01-01,2026-09-07T16:11:18Z,high,105.232588718,,who.gho.mdg-0000000007,raw/who.gho.mdg-0000000007/2026/09/20260907T161118Z-85c02b5f4e3c.json.gz,2
who.gho.mdg-0000000007,MDG_0000000007:LBN:SEX_MLE:AGEGROUP_YEARSUNDER5:WEALTHQUINTILE_TOTL,1958-01-01,2026-09-07T16:11:18Z,low,67.072707352,,who.gho.mdg-0000000007,raw/who.gho.mdg-0000000007/2026/09/20260907T161118Z-85c02b5f4e3c.json.gz,2
who.gho.mdg-0000000007,MDG_0000000007:LBN:SEX_MLE:AGEGROUP_YEARSUNDER5:WEALTHQUINTILE_TOTL,1958-01-01,2026-09-07T16:11:18Z,restated_at,2026-08-05,,who.gho.mdg-0000000007,raw/who.gho.mdg-0000000007/2026/09/20260907T161118Z-85c02b5f4e3c.json.gz,2
who.gho.mdg-0000000007,MDG_0000000007:LBN:SEX_MLE:AGEGROUP_YEARSUNDER5:WEALTHQUINTILE_TOTL,1958-01-01,2026-09-07T16:11:18Z,value,84.754749998,,who.gho.mdg-0000000007,raw/who.gho.mdg-0000000007/2026/09/20260907T161118Z-85c02b5f4e3c.json.gz,2
who.gho.mdg-0000000007,MDG_0000000007:LBR:SEX_BTSX:AGEGROUP_YEARSUNDER5:WEALTHQUINTILE_TOTL,1958-01-01,2026-09-07T16:06:29Z,high,356.566520545,,who.gho.mdg-0000000007,raw/who.gho.mdg-0000000007/2026/09/20260907T160629Z-f6ed87825938.json.gz,2
who.gho.mdg-0000000007,MDG_0000000007:LBR:SEX_BTSX:AGEGROUP_YEARSUNDER5:WEALTHQUINTILE_TOTL,1958-01-01,2026-09-07T16:06:29Z,low,267.362153231,,who.gho.mdg-0000000007,raw/who.gho.mdg-0000000007/2026/09/20260907T160629Z-f6ed87825938.json.gz,2
who.gho.mdg-0000000007,MDG_0000000007:LBR:SEX_BTSX:AGEGROUP_YEARSUNDER5:WEALTHQUINTILE_TOTL,1958-01-01,2026-09-07T16:06:29Z,restated_at,2026-08-05,,who.gho.mdg-0000000007,raw/who.gho.mdg-0000000007/2026/09/20260907T160629Z-f6ed87825938.json.gz,2
who.gho.mdg-0000000007,MDG_0000000007:LBR:SEX_BTSX:AGEGROUP_YEARSUNDER5:WEALTHQUINTILE_TOTL,1958-01-01,2026-09-07T16:06:29Z,value,307.662950308,,who.gho.mdg-0000000007,raw/who.gho.mdg-0000000007/2026/09/20260907T160629Z-f6ed87825938.json.gz,2
who.gho.mdg-0000000007,MDG_0000000007:LBR:SEX_FMLE:AGEGROUP_YEARSUNDER5:WEALTHQUINTILE_TOTL,1958-01-01,2026-09-07T16:09:38Z,high,337.778632945,,who.gho.mdg-0000000007,raw/who.gho.mdg-0000000007/2026/09/20260907T160938Z-81612038db74.json.gz,2
who.gho.mdg-0000000007,MDG_0000000007:LBR:SEX_FMLE:AGEGROUP_YEARSUNDER5:WEALTHQUINTILE_TOTL,1958-01-01,2026-09-07T16:09:38Z,low,250.48530938,,who.gho.mdg-0000000007,raw/who.gho.mdg-0000000007/2026/09/20260907T160938Z-81612038db74.json.gz,2
who.gho.mdg-0000000007,MDG_0000000007:LBR:SEX_FMLE:AGEGROUP_YEARSUNDER5:WEALTHQUINTILE_TOTL,1958-01-01,2026-09-07T16:09:38Z,restated_at,2026-08-05,,who.gho.mdg-0000000007,raw/who.gho.mdg-0000000007/2026/09/20260907T160938Z-81612038db74.json.gz,2
who.gho.mdg-0000000007,MDG_0000000007:LBR:SEX_FMLE:AGEGROUP_YEARSUNDER5:WEALTHQUINTILE_TOTL,1958-01-01,2026-09-07T16:09:38Z,value,289.663728113,,who.gho.mdg-0000000007,raw/who.gho.mdg-0000000007/2026/09/20260907T160938Z-81612038db74.json.gz,2
who.gho.mdg-0000000007,MDG_0000000007:LBR:SEX_MLE:AGEGROUP_YEARSUNDER5:WEALTHQUINTILE_TOTL,1958-01-01,2026-09-07T16:09:38Z,high,377.248764177,,who.gho.mdg-0000000007,raw/who.gho.mdg-0000000007/2026/09/20260907T160938Z-81612038db74.json.gz,2
who.gho.mdg-0000000007,MDG_0000000007:LBR:SEX_MLE:AGEGROUP_YEARSUNDER5:WEALTHQUINTILE_TOTL,1958-01-01,2026-09-07T16:09:38Z,low,280.904164653,,who.gho.mdg-0000000007,raw/who.gho.mdg-0000000007/2026/09/20260907T160938Z-81612038db74.json.gz,2
who.gho.mdg-0000000007,MDG_0000000007:LBR:SEX_MLE:AGEGROUP_YEARSUNDER5:WEALTHQUINTILE_TOTL,1958-01-01,2026-09-07T16:09:38Z,restated_at,2026-08-05,,who.gho.mdg-0000000007,raw/who.gho.mdg-0000000007/2026/09/20260907T160938Z-81612038db74.json.gz,2
who.gho.mdg-0000000007,MDG_0000000007:LBR:SEX_MLE:AGEGROUP_YEARSUNDER5:WEALTHQUINTILE_TOTL,1958-01-01,2026-09-07T16:09:38Z,value,324.345726268,,who.gho.mdg-0000000007,raw/who.gho.mdg-0000000007/2026/09/20260907T160938Z-81612038db74.json.gz,2
who.gho.mdg-0000000007,MDG_0000000007:LBY:SEX_BTSX:AGEGROUP_YEARSUNDER5:WEALTHQUINTILE_TOTL,1958-01-01,2026-09-07T16:05:26Z,high,397.262082448,,who.gho.mdg-0000000007,raw/who.gho.mdg-0000000007/2026/09/20260907T160526Z-1363df2b3da0.json.gz,2
who.gho.mdg-0000000007,MDG_0000000007:LBY:SEX_BTSX:AGEGROUP_YEARSUNDER5:WEALTHQUINTILE_TOTL,1958-01-01,2026-09-07T16:05:26Z,low,249.871995881,,who.gho.mdg-0000000007,raw/who.gho.mdg-0000000007/2026/09/20260907T160526Z-1363df2b3da0.json.gz,2
who.gho.mdg-0000000007,MDG_0000000007:LBY:SEX_BTSX:AGEGROUP_YEARSUNDER5:WEALTHQUINTILE_TOTL,1958-01-01,2026-09-07T16:05:26Z,restated_at,2026-08-05,,who.gho.mdg-0000000007,raw/who.gho.mdg-0000000007/2026/09/20260907T160526Z-1363df2b3da0.json.gz,2
who.gho.mdg-0000000007,MDG_0000000007:LBY:SEX_BTSX:AGEGROUP_YEARSUNDER5:WEALTHQUINTILE_TOTL,1958-01-01,2026-09-07T16:05:26Z,value,314.974141077,,who.gho.mdg-0000000007,raw/who.gho.mdg-0000000007/2026/09/20260907T160526Z-1363df2b3da0.json.gz,2
who.gho.mdg-0000000007,MDG_0000000007:LBY:SEX_FMLE:AGEGROUP_YEARSUNDER5:WEALTHQUINTILE_TOTL,1958-01-01,2026-09-07T16:05:22Z,high,387.563394246,,who.gho.mdg-0000000007,raw/who.gho.mdg-0000000007/2026/09/20260907T160522Z-2bd49e664eea.json.gz,2
who.gho.mdg-0000000007,MDG_0000000007:LBY:SEX_FMLE:AGEGROUP_YEARSUNDER5:WEALTHQUINTILE_TOTL,1958-01-01,2026-09-07T16:05:22Z,low,242.042581238,,who.gho.mdg-0000000007,raw/who.gho.mdg-0000000007/2026/09/20260907T160522Z-2bd49e664eea.json.gz,2
who.gho.mdg-0000000007,MDG_0000000007:LBY:SEX_FMLE:AGEGROUP_YEARSUNDER5:WEALTHQUINTILE_TOTL,1958-01-01,2026-09-07T16:05:22Z,restated_at,2026-08-05,,who.gho.mdg-0000000007,raw/who.gho.mdg-0000000007/2026/09/20260907T160522Z-2bd49e664eea.json.gz,2
who.gho.mdg-0000000007,MDG_0000000007:LBY:SEX_FMLE:AGEGROUP_YEARSUNDER5:WEALTHQUINTILE_TOTL,1958-01-01,2026-09-07T16:05:22Z,value,305.187310724,,who.gho.mdg-0000000007,raw/who.gho.mdg-0000000007/2026/09/20260907T160522Z-2bd49e664eea.json.gz,2
who.gho.mdg-0000000007,MDG_0000000007:LBY:SEX_MLE:AGEGROUP_YEARSUNDER5:WEALTHQUINTILE_TOTL,1958-01-01,2026-09-07T16:08:41Z,high,409.551710549,,who.gho.mdg-0000000007,raw/who.gho.mdg-0000000007/2026/09/20260907T160841Z-d67f78e4b8d9.json.gz,2
who.gho.mdg-0000000007,MDG_0000000007:LBY:SEX_MLE:AGEGROUP_YEARSUNDER5:WEALTHQUINTILE_TOTL,1958-01-01,2026-09-07T16:08:41Z,low,255.80690411,,who.gho.mdg-0000000007,raw/who.gho.mdg-0000000007/2026/09/20260907T160841Z-d67f78e4b8d9.json.gz,2
who.gho.mdg-0000000007,MDG_0000000007:LBY:SEX_MLE:AGEGROUP_YEARSUNDER5:WEALTHQUINTILE_TOTL,1958-01-01,2026-09-07T16:08:41Z,restated_at,2026-08-05,,who.gho.mdg-0000000007,raw/who.gho.mdg-0000000007/2026/09/20260907T160841Z-d67f78e4b8d9.json.gz,2
who.gho.mdg-0000000007,MDG_0000000007:LBY:SEX_MLE:AGEGROUP_YEARSUNDER5:WEALTHQUINTILE_TOTL,1958-01-01,2026-09-07T16:08:41Z,value,323.65621257,,who.gho.mdg-0000000007,raw/who.gho.mdg-0000000007/2026/09/20260907T160841Z-d67f78e4b8d9.json.gz,2
who.gho.mdg-0000000007,MDG_0000000007:LCA:SEX_BTSX:AGEGROUP_YEARSUNDER5:WEALTHQUINTILE_TOTL,1958-01-01,2026-09-07T16:05:38Z,high,151.63468245,,who.gho.mdg-0000000007,raw/who.gho.mdg-0000000007/2026/09/20260907T160538Z-28a5f6808180.json.gz,2
who.gho.mdg-0000000007,MDG_0000000007:LCA:SEX_BTSX:AGEGROUP_YEARSUNDER5:WEALTHQUINTILE_TOTL,1958-01-01,2026-09-07T16:05:38Z,low,137.655521776,,who.gho.mdg-0000000007,raw/who.gho.mdg-0000000007/2026/09/20260907T160538Z-28a5f6808180.json.gz,2
who.gho.mdg-0000000007,MDG_0000000007:LCA:SEX_BTSX:AGEGROUP_YEARSUNDER5:WEALTHQUINTILE_TOTL,1958-01-01,2026-09-07T16:05:38Z,restated_at,2026-08-05,,who.gho.mdg-0000000007,raw/who.gho.mdg-0000000007/2026/09/20260907T160538Z-28a5f6808180.json.gz,2
who.gho.mdg-0000000007,MDG_0000000007:LCA:SEX_BTSX:AGEGROUP_YEARSUNDER5:WEALTHQUINTILE_TOTL,1958-01-01,2026-09-07T16:05:38Z,value,144.328934024,,who.gho.mdg-0000000007,raw/who.gho.mdg-0000000007/2026/09/20260907T160538Z-28a5f6808180.json.gz,2
who.gho.mdg-0000000007,MDG_0000000007:LCA:SEX_FMLE:AGEGROUP_YEARSUNDER5:WEALTHQUINTILE_TOTL,1958-01-01,2026-09-07T16:06:11Z,high,145.811960532,,who.gho.mdg-0000000007,raw/who.gho.mdg-0000000007/2026/09/20260907T160611Z-e868f3030ca5.json.gz,2
who.gho.mdg-0000000007,MDG_0000000007:LCA:SEX_FMLE:AGEGROUP_YEARSUNDER5:WEALTHQUINTILE_TOTL,1958-01-01,2026-09-07T16:06:11Z,low,131.025337138,,who.gho.mdg-0000000007,raw/who.gho.mdg-0000000007/2026/09/20260907T160611Z-e868f3030ca5.json.gz,2
who.gho.mdg-0000000007,MDG_0000000007:LCA:SEX_FMLE:AGEGROUP_YEARSUNDER5:WEALTHQUINTILE_TOTL,1958-01-01,2026-09-07T16:06:11Z,restated_at,2026-08-05,,who.gho.mdg-0000000007,raw/who.gho.mdg-0000000007/2026/09/20260907T160611Z-e868f3030ca5.json.gz,2
who.gho.mdg-0000000007,MDG_0000000007:LCA:SEX_FMLE:AGEGROUP_YEARSUNDER5:WEALTHQUINTILE_TOTL,1958-01-01,2026-09-07T16:06:11Z,value,138.226355141,,who.gho.mdg-0000000007,raw/who.gho.mdg-0000000007/2026/09/20260907T160611Z-e868f3030ca5.json.gz,2
who.gho.mdg-0000000007,MDG_0000000007:LCA:SEX_MLE:AGEGROUP_YEARSUNDER5:WEALTHQUINTILE_TOTL,1958-01-01,2026-09-07T16:06:29Z,high,158.319180146,,who.gho.mdg-0000000007,raw/who.gho.mdg-0000000007/2026/09/20260907T160629Z-f6ed87825938.json.gz,2
who.gho.mdg-0000000007,MDG_0000000007:LCA:SEX_MLE:AGEGROUP_YEARSUNDER5:WEALTHQUINTILE_TOTL,1958-01-01,2026-09-07T16:06:29Z,low,142.552652446,,who.gho.mdg-0000000007,raw/who.gho.mdg-0000000007/2026/09/20260907T160629Z-f6ed87825938.json.gz,2
who.gho.mdg-0000000007,MDG_0000000007:LCA:SEX_MLE:AGEGROUP_YEARSUNDER5:WEALTHQUINTILE_TOTL,1958-01-01,2026-09-07T16:06:29Z,restated_at,2026-08-05,,who.gho.mdg-0000000007,raw/who.gho.mdg-0000000007/2026/09/20260907T160629Z-f6ed87825938.json.gz,2
who.gho.mdg-0000000007,MDG_0000000007:LCA:SEX_MLE:AGEGROUP_YEARSUNDER5:WEALTHQUINTILE_TOTL,1958-01-01,2026-09-07T16:06:29Z,value,150.160223431,,who.gho.mdg-0000000007,raw/who.gho.mdg-0000000007/2026/09/20260907T160629Z-f6ed87825938.json.gz,2
who.gho.mdg-0000000007,MDG_0000000007:LKA:SEX_BTSX:AGEGROUP_YEARSUNDER5:WEALTHQUINTILE_TOTL,1958-01-01,2026-09-07T16:05:57Z,high,108.25266497,,who.gho.mdg-0000000007,raw/who.gho.mdg-0000000007/2026/09/20260907T160557Z-c8e786907d46.json.gz,2
who.gho.mdg-0000000007,MDG_0000000007:LKA:SEX_BTSX:AGEGROUP_YEARSUNDER5:WEALTHQUINTILE_TOTL,1958-01-01,2026-09-07T16:05:57Z,low,104.137288481,,who.gho.mdg-0000000007,raw/who.gho.mdg-0000000007/2026/09/20260907T160557Z-c8e786907d46.json.gz,2
who.gho.mdg-0000000007,MDG_0000000007:LKA:SEX_BTSX:AGEGROUP_YEARSUNDER5:WEALTHQUINTILE_TOTL,1958-01-01,2026-09-07T16:05:57Z,restated_at,2026-08-05,,who.gho.mdg-0000000007,raw/who.gho.mdg-0000000007/2026/09/20260907T160557Z-c8e786907d46.json.gz,2
who.gho.mdg-0000000007,MDG_0000000007:LKA:SEX_BTSX:AGEGROUP_YEARSUNDER5:WEALTHQUINTILE_TOTL,1958-01-01,2026-09-07T16:05:57Z,value,106.187918796,,who.gho.mdg-0000000007,raw/who.gho.mdg-0000000007/2026/09/20260907T160557Z-c8e786907d46.json.gz,2
who.gho.mdg-0000000007,MDG_0000000007:LKA:SEX_FMLE:AGEGROUP_YEARSUNDER5:WEALTHQUINTILE_TOTL,1958-01-01,2026-09-07T16:10:21Z,high,107.047967138,,who.gho.mdg-0000000007,raw/who.gho.mdg-0000000007/2026/09/20260907T161021Z-3e9ba1677574.json.gz,2
who.gho.mdg-0000000007,MDG_0000000007:LKA:SEX_FMLE:AGEGROUP_YEARSUNDER5:WEALTHQUINTILE_TOTL,1958-01-01,2026-09-07T16:10:21Z,low,102.800812931,,who.gho.mdg-0000000007,raw/who.gho.mdg-0000000007/2026/09/20260907T161021Z-3e9ba1677574.json.gz,2
who.gho.mdg-0000000007,MDG_0000000007:LKA:SEX_FMLE:AGEGROUP_YEARSUNDER5:WEALTHQUINTILE_TOTL,1958-01-01,2026-09-07T16:10:21Z,restated_at,2026-08-05,,who.gho.mdg-0000000007,raw/who.gho.mdg-0000000007/2026/09/20260907T161021Z-3e9ba1677574.json.gz,2
who.gho.mdg-0000000007,MDG_0000000007:LKA:SEX_FMLE:AGEGROUP_YEARSUNDER5:WEALTHQUINTILE_TOTL,1958-01-01,2026-09-07T16:10:21Z,value,104.928196141,,who.gho.mdg-0000000007,raw/who.gho.mdg-0000000007/2026/09/20260907T161021Z-3e9ba1677574.json.gz,2
who.gho.mdg-0000000007,MDG_0000000007:LKA:SEX_MLE:AGEGROUP_YEARSUNDER5:WEALTHQUINTILE_TOTL,1958-01-01,2026-09-07T16:10:21Z,high,109.565959536,,who.gho.mdg-0000000007,raw/who.gho.mdg-0000000007/2026/09/20260907T161021Z-3e9ba1677574.json.gz,2
who.gho.mdg-0000000007,MDG_0000000007:LKA:SEX_MLE:AGEGROUP_YEARSUNDER5:WEALTHQUINTILE_TOTL,1958-01-01,2026-09-07T16:10:21Z,low,105.252463932,,who.gho.mdg-0000000007,raw/who.gho.mdg-0000000007/2026/09/20260907T161021Z-3e9ba1677574.json.gz,2
who.gho.mdg-0000000007,MDG_0000000007:LKA:SEX_MLE:AGEGROUP_YEARSUNDER5:WEALTHQUINTILE_TOTL,1958-01-01,2026-09-07T16:10:21Z,restated_at,2026-08-05,,who.gho.mdg-0000000007,raw/who.gho.mdg-0000000007/2026/09/20260907T161021Z-3e9ba1677574.json.gz,2
who.gho.mdg-0000000007,MDG_0000000007:LKA:SEX_MLE:AGEGROUP_YEARSUNDER5:WEALTHQUINTILE_TOTL,1958-01-01,2026-09-07T16:10:21Z,value,107.370379399,,who.gho.mdg-0000000007,raw/who.gho.mdg-0000000007/2026/09/20260907T161021Z-3e9ba1677574.json.gz,2
who.gho.mdg-0000000007,MDG_0000000007:LSO:SEX_BTSX:AGEGROUP_YEARSUNDER5:WEALTHQUINTILE_TOTL,1958-01-01,2026-09-07T16:10:03Z,high,208.664111457,,who.gho.mdg-0000000007,raw/who.gho.mdg-0000000007/2026/09/20260907T161003Z-9bcc9b7e7da4.json.gz,2
who.gho.mdg-0000000007,MDG_0000000007:LSO:SEX_BTSX:AGEGROUP_YEARSUNDER5:WEALTHQUINTILE_TOTL,1958-01-01,2026-09-07T16:10:03Z,low,174.215721044,,who.gho.mdg-0000000007,raw/who.gho.mdg-0000000007/2026/09/20260907T161003Z-9bcc9b7e7da4.json.gz,2
who.gho.mdg-0000000007,MDG_0000000007:LSO:SEX_BTSX:AGEGROUP_YEARSUNDER5:WEALTHQUINTILE_TOTL,1958-01-01,2026-09-07T16:10:03Z,restated_at,2026-08-05,,who.gho.mdg-0000000007,raw/who.gho.mdg-0000000007/2026/09/20260907T161003Z-9bcc9b7e7da4.json.gz,2
who.gho.mdg-0000000007,MDG_0000000007:LSO:SEX_BTSX:AGEGROUP_YEARSUNDER5:WEALTHQUINTILE_TOTL,1958-01-01,2026-09-07T16:10:03Z,value,190.761715363,,who.gho.mdg-0000000007,raw/who.gho.mdg-0000000007/2026/09/20260907T161003Z-9bcc9b7e7da4.json.gz,2
who.gho.mdg-0000000007,MDG_0000000007:LSO:SEX_FMLE:AGEGROUP_YEARSUNDER5:WEALTHQUINTILE_TOTL,1958-01-01,2026-09-07T16:09:59Z,high,199.814302081,,who.gho.mdg-0000000007,raw/who.gho.mdg-0000000007/2026/09/20260907T160959Z-e41937f31aea.json.gz,2
who.gho.mdg-0000000007,MDG_0000000007:LSO:SEX_FMLE:AGEGROUP_YEARSUNDER5:WEALTHQUINTILE_TOTL,1958-01-01,2026-09-07T16:09:59Z,low,164.840808855,,who.gho.mdg-0000000007,raw/who.gho.mdg-0000000007/2026/09/20260907T160959Z-e41937f31aea.json.gz,2
who.gho.mdg-0000000007,MDG_0000000007:LSO:SEX_FMLE:AGEGROUP_YEARSUNDER5:WEALTHQUINTILE_TOTL,1958-01-01,2026-09-07T16:09:59Z,restated_at,2026-08-05,,who.gho.mdg-0000000007,raw/who.gho.mdg-0000000007/2026/09/20260907T160959Z-e41937f31aea.json.gz,2
who.gho.mdg-0000000007,MDG_0000000007:LSO:SEX_FMLE:AGEGROUP_YEARSUNDER5:WEALTHQUINTILE_TOTL,1958-01-01,2026-09-07T16:09:59Z,value,181.592724984,,who.gho.mdg-0000000007,raw/who.gho.mdg-0000000007/2026/09/20260907T160959Z-e41937f31aea.json.gz,2
who.gho.mdg-0000000007,MDG_0000000007:LSO:SEX_MLE:AGEGROUP_YEARSUNDER5:WEALTHQUINTILE_TOTL,1958-01-01,2026-09-07T16:06:21Z,high,219.66001962,,who.gho.mdg-0000000007,raw/who.gho.mdg-0000000007/2026/09/20260907T160621Z-1819ad2538c7.json.gz,2
who.gho.mdg-0000000007,MDG_0000000007:LSO:SEX_MLE:AGEGROUP_YEARSUNDER5:WEALTHQUINTILE_TOTL,1958-01-01,2026-09-07T16:06:21Z,low,181.598437971,,who.gho.mdg-0000000007,raw/who.gho.mdg-0000000007/2026/09/20260907T160621Z-1819ad2538c7.json.gz,2
who.gho.mdg-0000000007,MDG_0000000007:LSO:SEX_MLE:AGEGROUP_YEARSUNDER5:WEALTHQUINTILE_TOTL,1958-01-01,2026-09-07T16:06:21Z,restated_at,2026-08-05,,who.gho.mdg-0000000007,raw/who.gho.mdg-0000000007/2026/09/20260907T160621Z-1819ad2538c7.json.gz,2
who.gho.mdg-0000000007,MDG_0000000007:LSO:SEX_MLE:AGEGROUP_YEARSUNDER5:WEALTHQUINTILE_TOTL,1958-01-01,2026-09-07T16:06:21Z,value,199.576946356,,who.gho.mdg-0000000007,raw/who.gho.mdg-0000000007/2026/09/20260907T160621Z-1819ad2538c7.json.gz,2
who.gho.mdg-0000000007,MDG_0000000007:LTU:SEX_BTSX:AGEGROUP_YEARSUNDER5:WEALTHQUINTILE_TOTL,1958-01-01,2026-09-07T16:04:56Z,high,79.77348112,,who.gho.mdg-0000000007,raw/who.gho.mdg-0000000007/2026/09/20260907T160456Z-9369d1ec1a28.json.gz,2
who.gho.mdg-0000000007,MDG_0000000007:LTU:SEX_BTSX:AGEGROUP_YEARSUNDER5:WEALTHQUINTILE_TOTL,1958-01-01,2026-09-07T16:04:56Z,low,51.038455195,,who.gho.mdg-0000000007,raw/who.gho.mdg-0000000007/2026/09/20260907T160456Z-9369d1ec1a28.json.gz,2
who.gho.mdg-0000000007,MDG_0000000007:LTU:SEX_BTSX:AGEGROUP_YEARSUNDER5:WEALTHQUINTILE_TOTL,1958-01-01,2026-09-07T16:04:56Z,restated_at,2026-08-05,,who.gho.mdg-0000000007,raw/who.gho.mdg-0000000007/2026/09/20260907T160456Z-9369d1ec1a28.json.gz,2
who.gho.mdg-0000000007,MDG_0000000007:LTU:SEX_BTSX:AGEGROUP_YEARSUNDER5:WEALTHQUINTILE_TOTL,1958-01-01,2026-09-07T16:04:56Z,value,63.481497525,,who.gho.mdg-0000000007,raw/who.gho.mdg-0000000007/2026/09/20260907T160456Z-9369d1ec1a28.json.gz,2
who.gho.mdg-0000000007,MDG_0000000007:LTU:SEX_FMLE:AGEGROUP_YEARSUNDER5:WEALTHQUINTILE_TOTL,1958-01-01,2026-09-07T16:04:56Z,high,71.652591327,,who.gho.mdg-0000000007,raw/who.gho.mdg-0000000007/2026/09/20260907T160456Z-9369d1ec1a28.json.gz,2
who.gho.mdg-0000000007,MDG_0000000007:LTU:SEX_FMLE:AGEGROUP_YEARSUNDER5:WEALTHQUINTILE_TOTL,1958-01-01,2026-09-07T16:04:56Z,low,45.457983415,,who.gho.mdg-0000000007,raw/who.gho.mdg-0000000007/2026/09/20260907T160456Z-9369d1ec1a28.json.gz,2
who.gho.mdg-0000000007,MDG_0000000007:LTU:SEX_FMLE:AGEGROUP_YEARSUNDER5:WEALTHQUINTILE_TOTL,1958-01-01,2026-09-07T16:04:56Z,restated_at,2026-08-05,,who.gho.mdg-0000000007,raw/who.gho.mdg-0000000007/2026/09/20260907T160456Z-9369d1ec1a28.json.gz,2
who.gho.mdg-0000000007,MDG_0000000007:LTU:SEX_FMLE:AGEGROUP_YEARSUNDER5:WEALTHQUINTILE_TOTL,1958-01-01,2026-09-07T16:04:56Z,value,56.786470599,,who.gho.mdg-0000000007,raw/who.gho.mdg-0000000007/2026/09/20260907T160456Z-9369d1ec1a28.json.gz,2
who.gho.mdg-0000000007,MDG_0000000007:LTU:SEX_MLE:AGEGROUP_YEARSUNDER5:WEALTHQUINTILE_TOTL,1958-01-01,2026-09-07T16:04:56Z,high,88.068894529,,who.gho.mdg-0000000007,raw/who.gho.mdg-0000000007/2026/09/20260907T160456Z-9369d1ec1a28.json.gz,2
who.gho.mdg-0000000007,MDG_0000000007:LTU:SEX_MLE:AGEGROUP_YEARSUNDER5:WEALTHQUINTILE_TOTL,1958-01-01,2026-09-07T16:04:56Z,low,56.055677288,,who.gho.mdg-0000000007,raw/who.gho.mdg-0000000007/2026/09/20260907T160456Z-9369d1ec1a28.json.gz,2
who.gho.mdg-0000000007,MDG_0000000007:LTU:SEX_MLE:AGEGROUP_YEARSUNDER5:WEALTHQUINTILE_TOTL,1958-01-01,2026-09-07T16:04:56Z,restated_at,2026-08-05,,who.gho.mdg-0000000007,raw/who.gho.mdg-0000000007/2026/09/20260907T160456Z-9369d1ec1a28.json.gz,2
who.gho.mdg-0000000007,MDG_0000000007:LTU:SEX_MLE:AGEGROUP_YEARSUNDER5:WEALTHQUINTILE_TOTL,1958-01-01,2026-09-07T16:04:56Z,value,69.945661785,,who.gho.mdg-0000000007,raw/who.gho.mdg-0000000007/2026/09/20260907T160456Z-9369d1ec1a28.json.gz,2
who.gho.mdg-0000000007,MDG_0000000007:LUX:SEX_BTSX:AGEGROUP_YEARSUNDER5:WEALTHQUINTILE_TOTL,1958-01-01,2026-09-07T16:06:02Z,high,43.492077545,,who.gho.mdg-0000000007,raw/who.gho.mdg-0000000007/2026/09/20260907T160602Z-1adff4f5f376.json.gz,2
who.gho.mdg-0000000007,MDG_0000000007:LUX:SEX_BTSX:AGEGROUP_YEARSUNDER5:WEALTHQUINTILE_TOTL,1958-01-01,2026-09-07T16:06:02Z,low,38.514519132,,who.gho.mdg-0000000007,raw/who.gho.mdg-0000000007/2026/09/20260907T160602Z-1adff4f5f376.json.gz,2
who.gho.mdg-0000000007,MDG_0000000007:LUX:SEX_BTSX:AGEGROUP_YEARSUNDER5:WEALTHQUINTILE_TOTL,1958-01-01,2026-09-07T16:06:02Z,restated_at,2026-08-05,,who.gho.mdg-0000000007,raw/who.gho.mdg-0000000007/2026/09/20260907T160602Z-1adff4f5f376.json.gz,2
who.gho.mdg-0000000007,MDG_0000000007:LUX:SEX_BTSX:AGEGROUP_YEARSUNDER5:WEALTHQUINTILE_TOTL,1958-01-01,2026-09-07T16:06:02Z,value,40.94950043,,who.gho.mdg-0000000007,raw/who.gho.mdg-0000000007/2026/09/20260907T160602Z-1adff4f5f376.json.gz,2
who.gho.mdg-0000000007,MDG_0000000007:LUX:SEX_FMLE:AGEGROUP_YEARSUNDER5:WEALTHQUINTILE_TOTL,1958-01-01,2026-09-07T16:11:14Z,high,37.947561311,,who.gho.mdg-0000000007,raw/who.gho.mdg-0000000007/2026/09/20260907T161114Z-c1ae2408f442.json.gz,2
who.gho.mdg-0000000007,MDG_0000000007:LUX:SEX_FMLE:AGEGROUP_YEARSUNDER5:WEALTHQUINTILE_TOTL,1958-01-01,2026-09-07T16:11:14Z,low,33.125755604,,who.gho.mdg-0000000007,raw/who.gho.mdg-0000000007/2026/09/20260907T161114Z-c1ae2408f442.json.gz,2
who.gho.mdg-0000000007,MDG_0000000007:LUX:SEX_FMLE:AGEGROUP_YEARSUNDER5:WEALTHQUINTILE_TOTL,1958-01-01,2026-09-07T16:11:14Z,restated_at,2026-08-05,,who.gho.mdg-0000000007,raw/who.gho.mdg-0000000007/2026/09/20260907T161114Z-c1ae2408f442.json.gz,2
who.gho.mdg-0000000007,MDG_0000000007:LUX:SEX_FMLE:AGEGROUP_YEARSUNDER5:WEALTHQUINTILE_TOTL,1958-01-01,2026-09-07T16:11:14Z,value,35.435770802,,who.gho.mdg-0000000007,raw/who.gho.mdg-0000000007/2026/09/20260907T161114Z-c1ae2408f442.json.gz,2
who.gho.mdg-0000000007,MDG_0000000007:LUX:SEX_MLE:AGEGROUP_YEARSUNDER5:WEALTHQUINTILE_TOTL,1958-01-01,2026-09-07T16:05:48Z,high,49.2290989,,who.gho.mdg-0000000007,raw/who.gho.mdg-0000000007/2026/09/20260907T160548Z-1609a76f5ecc.json.gz,2
who.gho.mdg-0000000007,MDG_0000000007:LUX:SEX_MLE:AGEGROUP_YEARSUNDER5:WEALTHQUINTILE_TOTL,1958-01-01,2026-09-07T16:05:48Z,low,43.170438784,,who.gho.mdg-0000000007,raw/who.gho.mdg-0000000007/2026/09/20260907T160548Z-1609a76f5ecc.json.gz,2
who.gho.mdg-0000000007,MDG_0000000007:LUX:SEX_MLE:AGEGROUP_YEARSUNDER5:WEALTHQUINTILE_TOTL,1958-01-01,2026-09-07T16:05:48Z,restated_at,2026-08-05,,who.gho.mdg-0000000007,raw/who.gho.mdg-0000000007/2026/09/20260907T160548Z-1609a76f5ecc.json.gz,2
who.gho.mdg-0000000007,MDG_0000000007:LUX:SEX_MLE:AGEGROUP_YEARSUNDER5:WEALTHQUINTILE_TOTL,1958-01-01,2026-09-07T16:05:48Z,value,46.16675032,,who.gho.mdg-0000000007,raw/who.gho.mdg-0000000007/2026/09/20260907T160548Z-1609a76f5ecc.json.gz,2
who.gho.mdg-0000000007,MDG_0000000007:LVA:SEX_BTSX:AGEGROUP_YEARSUNDER5:WEALTHQUINTILE_TOTL,1958-01-01,2026-09-07T16:04:56Z,high,44.984444323,,who.gho.mdg-0000000007,raw/who.gho.mdg-0000000007/2026/09/20260907T160456Z-9369d1ec1a28.json.gz,2
who.gho.mdg-0000000007,MDG_0000000007:LVA:SEX_BTSX:AGEGROUP_YEARSUNDER5:WEALTHQUINTILE_TOTL,1958-01-01,2026-09-07T16:04:56Z,low,31.40861583,,who.gho.mdg-0000000007,raw/who.gho.mdg-0000000007/2026/09/20260907T160456Z-9369d1ec1a28.json.gz,2
who.gho.mdg-0000000007,MDG_0000000007:LVA:SEX_BTSX:AGEGROUP_YEARSUNDER5:WEALTHQUINTILE_TOTL,1958-01-01,2026-09-07T16:04:56Z,restated_at,2026-08-05,,who.gho.mdg-0000000007,raw/who.gho.mdg-0000000007/2026/09/20260907T160456Z-9369d1ec1a28.json.gz,2
who.gho.mdg-0000000007,MDG_0000000007:LVA:SEX_BTSX:AGEGROUP_YEARSUNDER5:WEALTHQUINTILE_TOTL,1958-01-01,2026-09-07T16:04:56Z,value,37.651211161,,who.gho.mdg-0000000007,raw/who.gho.mdg-0000000007/2026/09/20260907T160456Z-9369d1ec1a28.json.gz,2
who.gho.mdg-0000000007,MDG_0000000007:LVA:SEX_FMLE:AGEGROUP_YEARSUNDER5:WEALTHQUINTILE_TOTL,1958-01-01,2026-09-07T16:04:56Z,high,39.819714085,,who.gho.mdg-0000000007,raw/who.gho.mdg-0000000007/2026/09/20260907T160456Z-9369d1ec1a28.json.gz,2
who.gho.mdg-0000000007,MDG_0000000007:LVA:SEX_FMLE:AGEGROUP_YEARSUNDER5:WEALTHQUINTILE_TOTL,1958-01-01,2026-09-07T16:04:56Z,low,27.448205531,,who.gho.mdg-0000000007,raw/who.gho.mdg-0000000007/2026/09/20260907T160456Z-9369d1ec1a28.json.gz,2
who.gho.mdg-0000000007,MDG_0000000007:LVA:SEX_FMLE:AGEGROUP_YEARSUNDER5:WEALTHQUINTILE_TOTL,1958-01-01,2026-09-07T16:04:56Z,restated_at,2026-08-05,,who.gho.mdg-0000000007,raw/who.gho.mdg-0000000007/2026/09/20260907T160456Z-9369d1ec1a28.json.gz,2
who.gho.mdg-0000000007,MDG_0000000007:LVA:SEX_FMLE:AGEGROUP_YEARSUNDER5:WEALTHQUINTILE_TOTL,1958-01-01,2026-09-07T16:04:56Z,value,33.087961565,,who.gho.mdg-0000000007,raw/who.gho.mdg-0000000007/2026/09/20260907T160456Z-9369d1ec1a28.json.gz,2
who.gho.mdg-0000000007,MDG_0000000007:LVA:SEX_MLE:AGEGROUP_YEARSUNDER5:WEALTHQUINTILE_TOTL,1958-01-01,2026-09-07T16:04:56Z,high,50.270962458,,who.gho.mdg-0000000007,raw/who.gho.mdg-0000000007/2026/09/20260907T160456Z-9369d1ec1a28.json.gz,2
who.gho.mdg-0000000007,MDG_0000000007:LVA:SEX_MLE:AGEGROUP_YEARSUNDER5:WEALTHQUINTILE_TOTL,1958-01-01,2026-09-07T16:04:56Z,low,34.9027371,,who.gho.mdg-0000000007,raw/who.gho.mdg-0000000007/2026/09/20260907T160456Z-9369d1ec1a28.json.gz,2
who.gho.mdg-0000000007,MDG_0000000007:LVA:SEX_MLE:AGEGROUP_YEARSUNDER5:WEALTHQUINTILE_TOTL,1958-01-01,2026-09-07T16:04:56Z,restated_at,2026-08-05,,who.gho.mdg-0000000007,raw/who.gho.mdg-0000000007/2026/09/20260907T160456Z-9369d1ec1a28.json.gz,2
who.gho.mdg-0000000007,MDG_0000000007:LVA:SEX_MLE:AGEGROUP_YEARSUNDER5:WEALTHQUINTILE_TOTL,1958-01-01,2026-09-07T16:04:56Z,value,41.881666461,,who.gho.mdg-0000000007,raw/who.gho.mdg-0000000007/2026/09/20260907T160456Z-9369d1ec1a28.json.gz,2
who.gho.mdg-0000000007,MDG_0000000007:MAR:SEX_BTSX:AGEGROUP_YEARSUNDER5:WEALTHQUINTILE_TOTL,1958-01-01,2026-09-07T16:11:18Z,high,292.249994022,,who.gho.mdg-0000000007,raw/who.gho.mdg-0000000007/2026/09/20260907T161118Z-85c02b5f4e3c.json.gz,2
who.gho.mdg-0000000007,MDG_0000000007:MAR:SEX_BTSX:AGEGROUP_YEARSUNDER5:WEALTHQUINTILE_TOTL,1958-01-01,2026-09-07T16:11:18Z,low,224.201439068,,who.gho.mdg-0000000007,raw/who.gho.mdg-0000000007/2026/09/20260907T161118Z-85c02b5f4e3c.json.gz,2
who.gho.mdg-0000000007,MDG_0000000007:MAR:SEX_BTSX:AGEGROUP_YEARSUNDER5:WEALTHQUINTILE_TOTL,1958-01-01,2026-09-07T16:11:18Z,restated_at,2026-08-05,,who.gho.mdg-0000000007,raw/who.gho.mdg-0000000007/2026/09/20260907T161118Z-85c02b5f4e3c.json.gz,2
who.gho.mdg-0000000007,MDG_0000000007:MAR:SEX_BTSX:AGEGROUP_YEARSUNDER5:WEALTHQUINTILE_TOTL,1958-01-01,2026-09-07T16:11:18Z,value,255.069310636,,who.gho.mdg-0000000007,raw/who.gho.mdg-0000000007/2026/09/20260907T161118Z-85c02b5f4e3c.json.gz,2
who.gho.mdg-0000000007,MDG_0000000007:MAR:SEX_FMLE:AGEGROUP_YEARSUNDER5:WEALTHQUINTILE_TOTL,1958-01-01,2026-09-07T16:06:16Z,high,283.972925405,,who.gho.mdg-0000000007,raw/who.gho.mdg-0000000007/2026/09/20260907T160616Z-615f6bfccb87.json.gz,2
who.gho.mdg-0000000007,MDG_0000000007:MAR:SEX_FMLE:AGEGROUP_YEARSUNDER5:WEALTHQUINTILE_TOTL,1958-01-01,2026-09-07T16:06:16Z,low,216.378779389,,who.gho.mdg-0000000007,raw/who.gho.mdg-0000000007/2026/09/20260907T160616Z-615f6bfccb87.json.gz,2
who.gho.mdg-0000000007,MDG_0000000007:MAR:SEX_FMLE:AGEGROUP_YEARSUNDER5:WEALTHQUINTILE_TOTL,1958-01-01,2026-09-07T16:06:16Z,restated_at,2026-08-05,,who.gho.mdg-0000000007,raw/who.gho.mdg-0000000007/2026/09/20260907T160616Z-615f6bfccb87.json.gz,2
who.gho.mdg-0000000007,MDG_0000000007:MAR:SEX_FMLE:AGEGROUP_YEARSUNDER5:WEALTHQUINTILE_TOTL,1958-01-01,2026-09-07T16:06:16Z,value,247.429392724,,who.gho.mdg-0000000007,raw/who.gho.mdg-0000000007/2026/09/20260907T160616Z-615f6bfccb87.json.gz,2
who.gho.mdg-0000000007,MDG_0000000007:MAR:SEX_MLE:AGEGROUP_YEARSUNDER5:WEALTHQUINTILE_TOTL,1958-01-01,2026-09-07T16:05:38Z,high,301.319711986,,who.gho.mdg-0000000007,raw/who.gho.mdg-0000000007/2026/09/20260907T160538Z-28a5f6808180.json.gz,2
who.gho.mdg-0000000007,MDG_0000000007:MAR:SEX_MLE:AGEGROUP_YEARSUNDER5:WEALTHQUINTILE_TOTL,1958-01-01,2026-09-07T16:05:38Z,low,230.138069587,,who.gho.mdg-0000000007,raw/who.gho.mdg-0000000007/2026/09/20260907T160538Z-28a5f6808180.json.gz,2
who.gho.mdg-0000000007,MDG_0000000007:MAR:SEX_MLE:AGEGROUP_YEARSUNDER5:WEALTHQUINTILE_TOTL,1958-01-01,2026-09-07T16:05:38Z,restated_at,2026-08-05,,who.gho.mdg-0000000007,raw/who.gho.mdg-0000000007/2026/09/20260907T160538Z-28a5f6808180.json.gz,2
who.gho.mdg-0000000007,MDG_0000000007:MAR:SEX_MLE:AGEGROUP_YEARSUNDER5:WEALTHQUINTILE_TOTL,1958-01-01,2026-09-07T16:05:38Z,value,262.458999353,,who.gho.mdg-0000000007,raw/who.gho.mdg-0000000007/2026/09/20260907T160538Z-28a5f6808180.json.gz,2
who.gho.mdg-0000000007,MDG_0000000007:MEX:SEX_BTSX:AGEGROUP_YEARSUNDER5:WEALTHQUINTILE_TOTL,1958-01-01,2026-09-07T16:10:53Z,high,192.562987782,,who.gho.mdg-0000000007,raw/who.gho.mdg-0000000007/2026/09/20260907T161053Z-9a5808e2a757.json.gz,2
who.gho.mdg-0000000007,MDG_0000000007:MEX:SEX_BTSX:AGEGROUP_YEARSUNDER5:WEALTHQUINTILE_TOTL,1958-01-01,2026-09-07T16:10:53Z,low,149.251544355,,who.gho.mdg-0000000007,raw/who.gho.mdg-0000000007/2026/09/20260907T161053Z-9a5808e2a757.json.gz,2
who.gho.mdg-0000000007,MDG_0000000007:MEX:SEX_BTSX:AGEGROUP_YEARSUNDER5:WEALTHQUINTILE_TOTL,1958-01-01,2026-09-07T16:10:53Z,restated_at,2026-08-05,,who.gho.mdg-0000000007,raw/who.gho.mdg-0000000007/2026/09/20260907T161053Z-9a5808e2a757.json.gz,2
who.gho.mdg-0000000007,MDG_0000000007:MEX:SEX_BTSX:AGEGROUP_YEARSUNDER5:WEALTHQUINTILE_TOTL,1958-01-01,2026-09-07T16:10:53Z,value,169.512935258,,who.gho.mdg-0000000007,raw/who.gho.mdg-0000000007/2026/09/20260907T161053Z-9a5808e2a757.json.gz,2
who.gho.mdg-0000000007,MDG_0000000007:MEX:SEX_FMLE:AGEGROUP_YEARSUNDER5:WEALTHQUINTILE_TOTL,1958-01-01,2026-09-07T16:11:10Z,high,185.212889599,,who.gho.mdg-0000000007,raw/who.gho.mdg-0000000007/2026/09/20260907T161110Z-9f3e1e4fe296.json.gz,2
who.gho.mdg-0000000007,MDG_0000000007:MEX:SEX_FMLE:AGEGROUP_YEARSUNDER5:WEALTHQUINTILE_TOTL,1958-01-01,2026-09-07T16:11:10Z,low,142.43554294,,who.gho.mdg-0000000007,raw/who.gho.mdg-0000000007/2026/09/20260907T161110Z-9f3e1e4fe296.json.gz,2
who.gho.mdg-0000000007,MDG_0000000007:MEX:SEX_FMLE:AGEGROUP_YEARSUNDER5:WEALTHQUINTILE_TOTL,1958-01-01,2026-09-07T16:11:10Z,restated_at,2026-08-05,,who.gho.mdg-0000000007,raw/who.gho.mdg-0000000007/2026/09/20260907T161110Z-9f3e1e4fe296.json.gz,2
who.gho.mdg-0000000007,MDG_0000000007:MEX:SEX_FMLE:AGEGROUP_YEARSUNDER5:WEALTHQUINTILE_TOTL,1958-01-01,2026-09-07T16:11:10Z,value,162.524046436,,who.gho.mdg-0000000007,raw/who.gho.mdg-0000000007/2026/09/20260907T161110Z-9f3e1e4fe296.json.gz,2
who.gho.mdg-0000000007,MDG_0000000007:MEX:SEX_MLE:AGEGROUP_YEARSUNDER5:WEALTHQUINTILE_TOTL,1958-01-01,2026-09-07T16:10:07Z,high,200.889711085,,who.gho.mdg-0000000007,raw/who.gho.mdg-0000000007/2026/09/20260907T161007Z-28c6cde3082c.json.gz,2
who.gho.mdg-0000000007,MDG_0000000007:MEX:SEX_MLE:AGEGROUP_YEARSUNDER5:WEALTHQUINTILE_TOTL,1958-01-01,2026-09-07T16:10:07Z,low,154.650565867,,who.gho.mdg-0000000007,raw/who.gho.mdg-0000000007/2026/09/20260907T161007Z-28c6cde3082c.json.gz,2
who.gho.mdg-0000000007,MDG_0000000007:MEX:SEX_MLE:AGEGROUP_YEARSUNDER5:WEALTHQUINTILE_TOTL,1958-01-01,2026-09-07T16:10:07Z,restated_at,2026-08-05,,who.gho.mdg-0000000007,raw/who.gho.mdg-0000000007/2026/09/20260907T161007Z-28c6cde3082c.json.gz,2
who.gho.mdg-0000000007,MDG_0000000007:MEX:SEX_MLE:AGEGROUP_YEARSUNDER5:WEALTHQUINTILE_TOTL,1958-01-01,2026-09-07T16:10:07Z,value,175.985775084,,who.gho.mdg-0000000007,raw/who.gho.mdg-0000000007/2026/09/20260907T161007Z-28c6cde3082c.json.gz,2
who.gho.mdg-0000000007,MDG_0000000007:MLT:SEX_BTSX:AGEGROUP_YEARSUNDER5:WEALTHQUINTILE_TOTL,1958-01-01,2026-09-07T16:06:11Z,high,46.114779078,,who.gho.mdg-0000000007,raw/who.gho.mdg-0000000007/2026/09/20260907T160611Z-e868f3030ca5.json.gz,2
who.gho.mdg-0000000007,MDG_0000000007:MLT:SEX_BTSX:AGEGROUP_YEARSUNDER5:WEALTHQUINTILE_TOTL,1958-01-01,2026-09-07T16:06:11Z,low,43.092032467,,who.gho.mdg-0000000007,raw/who.gho.mdg-0000000007/2026/09/20260907T160611Z-e868f3030ca5.json.gz,2
who.gho.mdg-0000000007,MDG_0000000007:MLT:SEX_BTSX:AGEGROUP_YEARSUNDER5:WEALTHQUINTILE_TOTL,1958-01-01,2026-09-07T16:06:11Z,restated_at,2026-08-05,,who.gho.mdg-0000000007,raw/who.gho.mdg-0000000007/2026/09/20260907T160611Z-e868f3030ca5.json.gz,2
who.gho.mdg-0000000007,MDG_0000000007:MLT:SEX_BTSX:AGEGROUP_YEARSUNDER5:WEALTHQUINTILE_TOTL,1958-01-01,2026-09-07T16:06:11Z,value,44.573366406,,who.gho.mdg-0000000007,raw/who.gho.mdg-0000000007/2026/09/20260907T160611Z-e868f3030ca5.json.gz,2
who.gho.mdg-0000000007,MDG_0000000007:MLT:SEX_FMLE:AGEGROUP_YEARSUNDER5:WEALTHQUINTILE_TOTL,1958-01-01,2026-09-07T16:05:48Z,high,42.112873118,,who.gho.mdg-0000000007,raw/who.gho.mdg-0000000007/2026/09/20260907T160548Z-1609a76f5ecc.json.gz,2
who.gho.mdg-0000000007,MDG_0000000007:MLT:SEX_FMLE:AGEGROUP_YEARSUNDER5:WEALTHQUINTILE_TOTL,1958-01-01,2026-09-07T16:05:48Z,low,38.6348079,,who.gho.mdg-0000000007,raw/who.gho.mdg-0000000007/2026/09/20260907T160548Z-1609a76f5ecc.json.gz,2
who.gho.mdg-0000000007,MDG_0000000007:MLT:SEX_FMLE:AGEGROUP_YEARSUNDER5:WEALTHQUINTILE_TOTL,1958-01-01,2026-09-07T16:05:48Z,restated_at,2026-08-05,,who.gho.mdg-0000000007,raw/who.gho.mdg-0000000007/2026/09/20260907T160548Z-1609a76f5ecc.json.gz,2
who.gho.mdg-0000000007,MDG_0000000007:MLT:SEX_FMLE:AGEGROUP_YEARSUNDER5:WEALTHQUINTILE_TOTL,1958-01-01,2026-09-07T16:05:48Z,value,40.325911193,,who.gho.mdg-0000000007,raw/who.gho.mdg-0000000007/2026/09/20260907T160548Z-1609a76f5ecc.json.gz,2
who.gho.mdg-0000000007,MDG_0000000007:MLT:SEX_MLE:AGEGROUP_YEARSUNDER5:WEALTHQUINTILE_TOTL,1958-01-01,2026-09-07T16:09:30Z,high,50.565256663,,who.gho.mdg-0000000007,raw/who.gho.mdg-0000000007/2026/09/20260907T160930Z-3a49f2d0e7d2.json.gz,2
who.gho.mdg-0000000007,MDG_0000000007:MLT:SEX_MLE:AGEGROUP_YEARSUNDER5:WEALTHQUINTILE_TOTL,1958-01-01,2026-09-07T16:09:30Z,low,46.691670653,,who.gho.mdg-0000000007,raw/who.gho.mdg-0000000007/2026/09/20260907T160930Z-3a49f2d0e7d2.json.gz,2
who.gho.mdg-0000000007,MDG_0000000007:MLT:SEX_MLE:AGEGROUP_YEARSUNDER5:WEALTHQUINTILE_TOTL,1958-01-01,2026-09-07T16:09:30Z,restated_at,2026-08-05,,who.gho.mdg-0000000007,raw/who.gho.mdg-0000000007/2026/09/20260907T160930Z-3a49f2d0e7d2.json.gz,2
who.gho.mdg-0000000007,MDG_0000000007:MLT:SEX_MLE:AGEGROUP_YEARSUNDER5:WEALTHQUINTILE_TOTL,1958-01-01,2026-09-07T16:09:30Z,value,48.615475488,,who.gho.mdg-0000000007,raw/who.gho.mdg-0000000007/2026/09/20260907T160930Z-3a49f2d0e7d2.json.gz,2
who.gho.mdg-0000000007,MDG_0000000007:MRT:SEX_BTSX:AGEGROUP_YEARSUNDER5:WEALTHQUINTILE_TOTL,1958-01-01,2026-09-07T16:09:22Z,high,314.370603485,,who.gho.mdg-0000000007,raw/who.gho.mdg-0000000007/2026/09/20260907T160922Z-b03be7779b07.json.gz,2
who.gho.mdg-0000000007,MDG_0000000007:MRT:SEX_BTSX:AGEGROUP_YEARSUNDER5:WEALTHQUINTILE_TOTL,1958-01-01,2026-09-07T16:09:22Z,low,234.077484964,,who.gho.mdg-0000000007,raw/who.gho.mdg-0000000007/2026/09/20260907T160922Z-b03be7779b07.json.gz,2
who.gho.mdg-0000000007,MDG_0000000007:MRT:SEX_BTSX:AGEGROUP_YEARSUNDER5:WEALTHQUINTILE_TOTL,1958-01-01,2026-09-07T16:09:22Z,restated_at,2026-08-05,,who.gho.mdg-0000000007,raw/who.gho.mdg-0000000007/2026/09/20260907T160922Z-b03be7779b07.json.gz,2
who.gho.mdg-0000000007,MDG_0000000007:MRT:SEX_BTSX:AGEGROUP_YEARSUNDER5:WEALTHQUINTILE_TOTL,1958-01-01,2026-09-07T16:09:22Z,value,270.60358236,,who.gho.mdg-0000000007,raw/who.gho.mdg-0000000007/2026/09/20260907T160922Z-b03be7779b07.json.gz,2
who.gho.mdg-0000000007,MDG_0000000007:MRT:SEX_FMLE:AGEGROUP_YEARSUNDER5:WEALTHQUINTILE_TOTL,1958-01-01,2026-09-07T16:06:11Z,high,302.224464118,,who.gho.mdg-0000000007,raw/who.gho.mdg-0000000007/2026/09/20260907T160611Z-e868f3030ca5.json.gz,2
who.gho.mdg-0000000007,MDG_0000000007:MRT:SEX_FMLE:AGEGROUP_YEARSUNDER5:WEALTHQUINTILE_TOTL,1958-01-01,2026-09-07T16:06:11Z,low,223.197528354,,who.gho.mdg-0000000007,raw/who.gho.mdg-0000000007/2026/09/20260907T160611Z-e868f3030ca5.json.gz,2
who.gho.mdg-0000000007,MDG_0000000007:MRT:SEX_FMLE:AGEGROUP_YEARSUNDER5:WEALTHQUINTILE_TOTL,1958-01-01,2026-09-07T16:06:11Z,restated_at,2026-08-05,,who.gho.mdg-0000000007,raw/who.gho.mdg-0000000007/2026/09/20260907T160611Z-e868f3030ca5.json.gz,2
who.gho.mdg-0000000007,MDG_0000000007:MRT:SEX_FMLE:AGEGROUP_YEARSUNDER5:WEALTHQUINTILE_TOTL,1958-01-01,2026-09-07T16:06:11Z,value,258.83230396,,who.gho.mdg-0000000007,raw/who.gho.mdg-0000000007/2026/09/20260907T160611Z-e868f3030ca5.json.gz,2
who.gho.mdg-0000000007,MDG_0000000007:MRT:SEX_MLE:AGEGROUP_YEARSUNDER5:WEALTHQUINTILE_TOTL,1958-01-01,2026-09-07T16:04:56Z,high,329.126204192,,who.gho.mdg-0000000007,raw/who.gho.mdg-0000000007/2026/09/20260907T160456Z-9369d1ec1a28.json.gz,2
who.gho.mdg-0000000007,MDG_0000000007:MRT:SEX_MLE:AGEGROUP_YEARSUNDER5:WEALTHQUINTILE_TOTL,1958-01-01,2026-09-07T16:04:56Z,low,242.586740273,,who.gho.mdg-0000000007,raw/who.gho.mdg-0000000007/2026/09/20260907T160456Z-9369d1ec1a28.json.gz,2
who.gho.mdg-0000000007,MDG_0000000007:MRT:SEX_MLE:AGEGROUP_YEARSUNDER5:WEALTHQUINTILE_TOTL,1958-01-01,2026-09-07T16:04:56Z,restated_at,2026-08-05,,who.gho.mdg-0000000007,raw/who.gho.mdg-0000000007/2026/09/20260907T160456Z-9369d1ec1a28.json.gz,2
who.gho.mdg-0000000007,MDG_0000000007:MRT:SEX_MLE:AGEGROUP_YEARSUNDER5:WEALTHQUINTILE_TOTL,1958-01-01,2026-09-07T16:04:56Z,value,281.865105418,,who.gho.mdg-0000000007,raw/who.gho.mdg-0000000007/2026/09/20260907T160456Z-9369d1ec1a28.json.gz,2
who.gho.mdg-0000000007,MDG_0000000007:MSR:SEX_BTSX:AGEGROUP_YEARSUNDER5:WEALTHQUINTILE_TOTL,1958-01-01,2026-09-07T16:11:10Z,high,177.289335129,,who.gho.mdg-0000000007,raw/who.gho.mdg-0000000007/2026/09/20260907T161110Z-9f3e1e4fe296.json.gz,2
who.gho.mdg-0000000007,MDG_0000000007:MSR:SEX_BTSX:AGEGROUP_YEARSUNDER5:WEALTHQUINTILE_TOTL,1958-01-01,2026-09-07T16:11:10Z,low,126.318449535,,who.gho.mdg-0000000007,raw/who.gho.mdg-0000000007/2026/09/20260907T161110Z-9f3e1e4fe296.json.gz,2
who.gho.mdg-0000000007,MDG_0000000007:MSR:SEX_BTSX:AGEGROUP_YEARSUNDER5:WEALTHQUINTILE_TOTL,1958-01-01,2026-09-07T16:11:10Z,restated_at,2026-08-05,,who.gho.mdg-0000000007,raw/who.gho.mdg-0000000007/2026/09/20260907T161110Z-9f3e1e4fe296.json.gz,2
who.gho.mdg-0000000007,MDG_0000000007:MSR:SEX_BTSX:AGEGROUP_YEARSUNDER5:WEALTHQUINTILE_TOTL,1958-01-01,2026-09-07T16:11:10Z,value,149.160186106,,who.gho.mdg-0000000007,raw/who.gho.mdg-0000000007/2026/09/20260907T161110Z-9f3e1e4fe296.json.gz,2
who.gho.mdg-0000000007,MDG_0000000007:MSR:SEX_FMLE:AGEGROUP_YEARSUNDER5:WEALTHQUINTILE_TOTL,1958-01-01,2026-09-07T16:05:38Z,high,179.170087407,,who.gho.mdg-0000000007,raw/who.gho.mdg-0000000007/2026/09/20260907T160538Z-28a5f6808180.json.gz,2
who.gho.mdg-0000000007,MDG_0000000007:MSR:SEX_FMLE:AGEGROUP_YEARSUNDER5:WEALTHQUINTILE_TOTL,1958-01-01,2026-09-07T16:05:38Z,low,126.593156966,,who.gho.mdg-0000000007,raw/who.gho.mdg-0000000007/2026/09/20260907T160538Z-28a5f6808180.json.gz,2
who.gho.mdg-0000000007,MDG_0000000007:MSR:SEX_FMLE:AGEGROUP_YEARSUNDER5:WEALTHQUINTILE_TOTL,1958-01-01,2026-09-07T16:05:38Z,restated_at,2026-08-05,,who.gho.mdg-0000000007,raw/who.gho.mdg-0000000007/2026/09/20260907T160538Z-28a5f6808180.json.gz,2
who.gho.mdg-0000000007,MDG_0000000007:MSR:SEX_FMLE:AGEGROUP_YEARSUNDER5:WEALTHQUINTILE_TOTL,1958-01-01,2026-09-07T16:05:38Z,value,150.34884233,,who.gho.mdg-0000000007,raw/who.gho.mdg-0000000007/2026/09/20260907T160538Z-28a5f6808180.json.gz,2
who.gho.mdg-0000000007,MDG_0000000007:MSR:SEX_MLE:AGEGROUP_YEARSUNDER5:WEALTHQUINTILE_TOTL,1958-01-01,2026-09-07T16:10:21Z,high,176.049554101,,who.gho.mdg-0000000007,raw/who.gho.mdg-0000000007/2026/09/20260907T161021Z-3e9ba1677574.json.gz,2
who.gho.mdg-0000000007,MDG_0000000007:MSR:SEX_MLE:AGEGROUP_YEARSUNDER5:WEALTHQUINTILE_TOTL,1958-01-01,2026-09-07T16:10:21Z,low,125.153627064,,who.gho.mdg-0000000007,raw/who.gho.mdg-0000000007/2026/09/20260907T161021Z-3e9ba1677574.json.gz,2
who.gho.mdg-0000000007,MDG_0000000007:MSR:SEX_MLE:AGEGROUP_YEARSUNDER5:WEALTHQUINTILE_TOTL,1958-01-01,2026-09-07T16:10:21Z,restated_at,2026-08-05,,who.gho.mdg-0000000007,raw/who.gho.mdg-0000000007/2026/09/20260907T161021Z-3e9ba1677574.json.gz,2
who.gho.mdg-0000000007,MDG_0000000007:MSR:SEX_MLE:AGEGROUP_YEARSUNDER5:WEALTHQUINTILE_TOTL,1958-01-01,2026-09-07T16:10:21Z,value,148.113995264,,who.gho.mdg-0000000007,raw/who.gho.mdg-0000000007/2026/09/20260907T161021Z-3e9ba1677574.json.gz,2
who.gho.mdg-0000000007,MDG_0000000007:MUS:SEX_BTSX:AGEGROUP_YEARSUNDER5:WEALTHQUINTILE_TOTL,1958-01-01,2026-09-07T16:06:26Z,high,113.025555148,,who.gho.mdg-0000000007,raw/who.gho.mdg-0000000007/2026/09/20260907T160626Z-083ef708c2ee.json.gz,2
who.gho.mdg-0000000007,MDG_0000000007:MUS:SEX_BTSX:AGEGROUP_YEARSUNDER5:WEALTHQUINTILE_TOTL,1958-01-01,2026-09-07T16:06:26Z,low,106.521766553,,who.gho.mdg-0000000007,raw/who.gho.mdg-0000000007/2026/09/20260907T160626Z-083ef708c2ee.json.gz,2
who.gho.mdg-0000000007,MDG_0000000007:MUS:SEX_BTSX:AGEGROUP_YEARSUNDER5:WEALTHQUINTILE_TOTL,1958-01-01,2026-09-07T16:06:26Z,restated_at,2026-08-05,,who.gho.mdg-0000000007,raw/who.gho.mdg-0000000007/2026/09/20260907T160626Z-083ef708c2ee.json.gz,2
who.gho.mdg-0000000007,MDG_0000000007:MUS:SEX_BTSX:AGEGROUP_YEARSUNDER5:WEALTHQUINTILE_TOTL,1958-01-01,2026-09-07T16:06:26Z,value,109.798165999,,who.gho.mdg-0000000007,raw/who.gho.mdg-0000000007/2026/09/20260907T160626Z-083ef708c2ee.json.gz,2
who.gho.mdg-0000000007,MDG_0000000007:MUS:SEX_FMLE:AGEGROUP_YEARSUNDER5:WEALTHQUINTILE_TOTL,1958-01-01,2026-09-07T16:10:07Z,high,109.211595274,,who.gho.mdg-0000000007,raw/who.gho.mdg-0000000007/2026/09/20260907T161007Z-28c6cde3082c.json.gz,2
who.gho.mdg-0000000007,MDG_0000000007:MUS:SEX_FMLE:AGEGROUP_YEARSUNDER5:WEALTHQUINTILE_TOTL,1958-01-01,2026-09-07T16:10:07Z,low,102.206914564,,who.gho.mdg-0000000007,raw/who.gho.mdg-0000000007/2026/09/20260907T161007Z-28c6cde3082c.json.gz,2
who.gho.mdg-0000000007,MDG_0000000007:MUS:SEX_FMLE:AGEGROUP_YEARSUNDER5:WEALTHQUINTILE_TOTL,1958-01-01,2026-09-07T16:10:07Z,restated_at,2026-08-05,,who.gho.mdg-0000000007,raw/who.gho.mdg-0000000007/2026/09/20260907T161007Z-28c6cde3082c.json.gz,2
who.gho.mdg-0000000007,MDG_0000000007:MUS:SEX_FMLE:AGEGROUP_YEARSUNDER5:WEALTHQUINTILE_TOTL,1958-01-01,2026-09-07T16:10:07Z,value,105.687998031,,who.gho.mdg-0000000007,raw/who.gho.mdg-0000000007/2026/09/20260907T161007Z-28c6cde3082c.json.gz,2
who.gho.mdg-0000000007,MDG_0000000007:MUS:SEX_MLE:AGEGROUP_YEARSUNDER5:WEALTHQUINTILE_TOTL,1958-01-01,2026-09-07T16:11:06Z,high,117.401059174,,who.gho.mdg-0000000007,raw/who.gho.mdg-0000000007/2026/09/20260907T161106Z-078c7101acce.json.gz,2
who.gho.mdg-0000000007,MDG_0000000007:MUS:SEX_MLE:AGEGROUP_YEARSUNDER5:WEALTHQUINTILE_TOTL,1958-01-01,2026-09-07T16:11:06Z,low,110.030092703,,who.gho.mdg-0000000007,raw/who.gho.mdg-0000000007/2026/09/20260907T161106Z-078c7101acce.json.gz,2
who.gho.mdg-0000000007,MDG_0000000007:MUS:SEX_MLE:AGEGROUP_YEARSUNDER5:WEALTHQUINTILE_TOTL,1958-01-01,2026-09-07T16:11:06Z,restated_at,2026-08-05,,who.gho.mdg-0000000007,raw/who.gho.mdg-0000000007/2026/09/20260907T161106Z-078c7101acce.json.gz,2
who.gho.mdg-0000000007,MDG_0000000007:MUS:SEX_MLE:AGEGROUP_YEARSUNDER5:WEALTHQUINTILE_TOTL,1958-01-01,2026-09-07T16:11:06Z,value,113.690331368,,who.gho.mdg-0000000007,raw/who.gho.mdg-0000000007/2026/09/20260907T161106Z-078c7101acce.json.gz,2
who.gho.mdg-0000000007,MDG_0000000007:MYS:SEX_BTSX:AGEGROUP_YEARSUNDER5:WEALTHQUINTILE_TOTL,1958-01-01,2026-09-07T16:06:02Z,high,121.141311456,,who.gho.mdg-0000000007,raw/who.gho.mdg-0000000007/2026/09/20260907T160602Z-1adff4f5f376.json.gz,2
who.gho.mdg-0000000007,MDG_0000000007:MYS:SEX_BTSX:AGEGROUP_YEARSUNDER5:WEALTHQUINTILE_TOTL,1958-01-01,2026-09-07T16:06:02Z,low,97.608770966,,who.gho.mdg-0000000007,raw/who.gho.mdg-0000000007/2026/09/20260907T160602Z-1adff4f5f376.json.gz,2
who.gho.mdg-0000000007,MDG_0000000007:MYS:SEX_BTSX:AGEGROUP_YEARSUNDER5:WEALTHQUINTILE_TOTL,1958-01-01,2026-09-07T16:06:02Z,restated_at,2026-08-05,,who.gho.mdg-0000000007,raw/who.gho.mdg-0000000007/2026/09/20260907T160602Z-1adff4f5f376.json.gz,2
who.gho.mdg-0000000007,MDG_0000000007:MYS:SEX_BTSX:AGEGROUP_YEARSUNDER5:WEALTHQUINTILE_TOTL,1958-01-01,2026-09-07T16:06:02Z,value,108.561540867,,who.gho.mdg-0000000007,raw/who.gho.mdg-0000000007/2026/09/20260907T160602Z-1adff4f5f376.json.gz,2
who.gho.mdg-0000000007,MDG_0000000007:MYS:SEX_FMLE:AGEGROUP_YEARSUNDER5:WEALTHQUINTILE_TOTL,1958-01-01,2026-09-07T16:05:09Z,high,115.114717874,,who.gho.mdg-0000000007,raw/who.gho.mdg-0000000007/2026/09/20260907T160509Z-9066130499c7.json.gz,2
who.gho.mdg-0000000007,MDG_0000000007:MYS:SEX_FMLE:AGEGROUP_YEARSUNDER5:WEALTHQUINTILE_TOTL,1958-01-01,2026-09-07T16:05:09Z,low,90.931653086,,who.gho.mdg-0000000007,raw/who.gho.mdg-0000000007/2026/09/20260907T160509Z-9066130499c7.json.gz,2
who.gho.mdg-0000000007,MDG_0000000007:MYS:SEX_FMLE:AGEGROUP_YEARSUNDER5:WEALTHQUINTILE_TOTL,1958-01-01,2026-09-07T16:05:09Z,restated_at,2026-08-05,,who.gho.mdg-0000000007,raw/who.gho.mdg-0000000007/2026/09/20260907T160509Z-9066130499c7.json.gz,2
who.gho.mdg-0000000007,MDG_0000000007:MYS:SEX_FMLE:AGEGROUP_YEARSUNDER5:WEALTHQUINTILE_TOTL,1958-01-01,2026-09-07T16:05:09Z,value,102.288966084,,who.gho.mdg-0000000007,raw/who.gho.mdg-0000000007/2026/09/20260907T160509Z-9066130499c7.json.gz,2
who.gho.mdg-0000000007,MDG_0000000007:MYS:SEX_MLE:AGEGROUP_YEARSUNDER5:WEALTHQUINTILE_TOTL,1958-01-01,2026-09-07T16:08:45Z,high,128.699959327,,who.gho.mdg-0000000007,raw/who.gho.mdg-0000000007/2026/09/20260907T160845Z-9b23f1f1b45b.json.gz,2
who.gho.mdg-0000000007,MDG_0000000007:MYS:SEX_MLE:AGEGROUP_YEARSUNDER5:WEALTHQUINTILE_TOTL,1958-01-01,2026-09-07T16:08:45Z,low,102.40666336,,who.gho.mdg-0000000007,raw/who.gho.mdg-0000000007/2026/09/20260907T160845Z-9b23f1f1b45b.json.gz,2
who.gho.mdg-0000000007,MDG_0000000007:MYS:SEX_MLE:AGEGROUP_YEARSUNDER5:WEALTHQUINTILE_TOTL,1958-01-01,2026-09-07T16:08:45Z,restated_at,2026-08-05,,who.gho.mdg-0000000007,raw/who.gho.mdg-0000000007/2026/09/20260907T160845Z-9b23f1f1b45b.json.gz,2
who.gho.mdg-0000000007,MDG_0000000007:MYS:SEX_MLE:AGEGROUP_YEARSUNDER5:WEALTHQUINTILE_TOTL,1958-01-01,2026-09-07T16:08:45Z,value,114.569630575,,who.gho.mdg-0000000007,raw/who.gho.mdg-0000000007/2026/09/20260907T160845Z-9b23f1f1b45b.json.gz,2
who.gho.mdg-0000000007,MDG_0000000007:NIC:SEX_BTSX:AGEGROUP_YEARSUNDER5:WEALTHQUINTILE_TOTL,1958-01-01,2026-09-07T16:08:59Z,high,235.113424806,,who.gho.mdg-0000000007,raw/who.gho.mdg-0000000007/2026/09/20260907T160859Z-81b3460c41a8.json.gz,2
who.gho.mdg-0000000007,MDG_0000000007:NIC:SEX_BTSX:AGEGROUP_YEARSUNDER5:WEALTHQUINTILE_TOTL,1958-01-01,2026-09-07T16:08:59Z,low,159.933080935,,who.gho.mdg-0000000007,raw/who.gho.mdg-0000000007/2026/09/20260907T160859Z-81b3460c41a8.json.gz,2
who.gho.mdg-0000000007,MDG_0000000007:NIC:SEX_BTSX:AGEGROUP_YEARSUNDER5:WEALTHQUINTILE_TOTL,1958-01-01,2026-09-07T16:08:59Z,restated_at,2026-08-05,,who.gho.mdg-0000000007,raw/who.gho.mdg-0000000007/2026/09/20260907T160859Z-81b3460c41a8.json.gz,2
who.gho.mdg-0000000007,MDG_0000000007:NIC:SEX_BTSX:AGEGROUP_YEARSUNDER5:WEALTHQUINTILE_TOTL,1958-01-01,2026-09-07T16:08:59Z,value,194.700910605,,who.gho.mdg-0000000007,raw/who.gho.mdg-0000000007/2026/09/20260907T160859Z-81b3460c41a8.json.gz,2
who.gho.mdg-0000000007,MDG_0000000007:NIC:SEX_FMLE:AGEGROUP_YEARSUNDER5:WEALTHQUINTILE_TOTL,1958-01-01,2026-09-07T16:08:41Z,high,222.226808782,,who.gho.mdg-0000000007,raw/who.gho.mdg-0000000007/2026/09/20260907T160841Z-d67f78e4b8d9.json.gz,2
who.gho.mdg-0000000007,MDG_0000000007:NIC:SEX_FMLE:AGEGROUP_YEARSUNDER5:WEALTHQUINTILE_TOTL,1958-01-01,2026-09-07T16:08:41Z,low,150.107810511,,who.gho.mdg-0000000007,raw/who.gho.mdg-0000000007/2026/09/20260907T160841Z-d67f78e4b8d9.json.gz,2
who.gho.mdg-0000000007,MDG_0000000007:NIC:SEX_FMLE:AGEGROUP_YEARSUNDER5:WEALTHQUINTILE_TOTL,1958-01-01,2026-09-07T16:08:41Z,restated_at,2026-08-05,,who.gho.mdg-0000000007,raw/who.gho.mdg-0000000007/2026/09/20260907T160841Z-d67f78e4b8d9.json.gz,2
who.gho.mdg-0000000007,MDG_0000000007:NIC:SEX_FMLE:AGEGROUP_YEARSUNDER5:WEALTHQUINTILE_TOTL,1958-01-01,2026-09-07T16:08:41Z,value,183.190151045,,who.gho.mdg-0000000007,raw/who.gho.mdg-0000000007/2026/09/20260907T160841Z-d67f78e4b8d9.json.gz,2
who.gho.mdg-0000000007,MDG_0000000007:NIC:SEX_MLE:AGEGROUP_YEARSUNDER5:WEALTHQUINTILE_TOTL,1958-01-01,2026-09-07T16:09:46Z,high,248.657837778,,who.gho.mdg-0000000007,raw/who.gho.mdg-0000000007/2026/09/20260907T160946Z-716d23d235ed.json.gz,2
who.gho.mdg-0000000007,MDG_0000000007:NIC:SEX_MLE:AGEGROUP_YEARSUNDER5:WEALTHQUINTILE_TOTL,1958-01-01,2026-09-07T16:09:46Z,low,168.42148554,,who.gho.mdg-0000000007,raw/who.gho.mdg-0000000007/2026/09/20260907T160946Z-716d23d235ed.json.gz,2
who.gho.mdg-0000000007,MDG_0000000007:NIC:SEX_MLE:AGEGROUP_YEARSUNDER5:WEALTHQUINTILE_TOTL,1958-01-01,2026-09-07T16:09:46Z,restated_at,2026-08-05,,who.gho.mdg-0000000007,raw/who.gho.mdg-0000000007/2026/09/20260907T160946Z-716d23d235ed.json.gz,2
who.gho.mdg-0000000007,MDG_0000000007:NIC:SEX_MLE:AGEGROUP_YEARSUNDER5:WEALTHQUINTILE_TOTL,1958-01-01,2026-09-07T16:09:46Z,value,205.485937938,,who.gho.mdg-0000000007,raw/who.gho.mdg-0000000007/2026/09/20260907T160946Z-716d23d235ed.json.gz,2
who.gho.mdg-0000000007,MDG_0000000007:NIU:SEX_BTSX:AGEGROUP_YEARSUNDER5:WEALTHQUINTILE_TOTL,1958-01-01,2026-09-07T16:10:07Z,high,133.085773095,,who.gho.mdg-0000000007,raw/who.gho.mdg-0000000007/2026/09/20260907T161007Z-28c6cde3082c.json.gz,2
who.gho.mdg-0000000007,MDG_0000000007:NIU:SEX_BTSX:AGEGROUP_YEARSUNDER5:WEALTHQUINTILE_TOTL,1958-01-01,2026-09-07T16:10:07Z,low,84.330374598,,who.gho.mdg-0000000007,raw/who.gho.mdg-0000000007/2026/09/20260907T161007Z-28c6cde3082c.json.gz,2
who.gho.mdg-0000000007,MDG_0000000007:NIU:SEX_BTSX:AGEGROUP_YEARSUNDER5:WEALTHQUINTILE_TOTL,1958-01-01,2026-09-07T16:10:07Z,restated_at,2026-08-05,,who.gho.mdg-0000000007,raw/who.gho.mdg-0000000007/2026/09/20260907T161007Z-28c6cde3082c.json.gz,2
who.gho.mdg-0000000007,MDG_0000000007:NIU:SEX_BTSX:AGEGROUP_YEARSUNDER5:WEALTHQUINTILE_TOTL,1958-01-01,2026-09-07T16:10:07Z,value,106.379358512,,who.gho.mdg-0000000007,raw/who.gho.mdg-0000000007/2026/09/20260907T161007Z-28c6cde3082c.json.gz,2
who.gho.mdg-0000000007,MDG_0000000007:NIU:SEX_FMLE:AGEGROUP_YEARSUNDER5:WEALTHQUINTILE_TOTL,1958-01-01,2026-09-07T16:08:41Z,high,124.856159175,,who.gho.mdg-0000000007,raw/who.gho.mdg-0000000007/2026/09/20260907T160841Z-d67f78e4b8d9.json.gz,2
who.gho.mdg-0000000007,MDG_0000000007:NIU:SEX_FMLE:AGEGROUP_YEARSUNDER5:WEALTHQUINTILE_TOTL,1958-01-01,2026-09-07T16:08:41Z,low,78.121470316,,who.gho.mdg-0000000007,raw/who.gho.mdg-0000000007/2026/09/20260907T160841Z-d67f78e4b8d9.json.gz,2
who.gho.mdg-0000000007,MDG_0000000007:NIU:SEX_FMLE:AGEGROUP_YEARSUNDER5:WEALTHQUINTILE_TOTL,1958-01-01,2026-09-07T16:08:41Z,restated_at,2026-08-05,,who.gho.mdg-0000000007,raw/who.gho.mdg-0000000007/2026/09/20260907T160841Z-d67f78e4b8d9.json.gz,2
who.gho.mdg-0000000007,MDG_0000000007:NIU:SEX_FMLE:AGEGROUP_YEARSUNDER5:WEALTHQUINTILE_TOTL,1958-01-01,2026-09-07T16:08:41Z,value,98.918246683,,who.gho.mdg-0000000007,raw/who.gho.mdg-0000000007/2026/09/20260907T160841Z-d67f78e4b8d9.json.gz,2
who.gho.mdg-0000000007,MDG_0000000007:NIU:SEX_MLE:AGEGROUP_YEARSUNDER5:WEALTHQUINTILE_TOTL,1958-01-01,2026-09-07T16:05:14Z,high,142.569491908,,who.gho.mdg-0000000007,raw/who.gho.mdg-0000000007/2026/09/20260907T160514Z-6205b585146a.json.gz,2
who.gho.mdg-0000000007,MDG_0000000007:NIU:SEX_MLE:AGEGROUP_YEARSUNDER5:WEALTHQUINTILE_TOTL,1958-01-01,2026-09-07T16:05:14Z,low,89.464904316,,who.gho.mdg-0000000007,raw/who.gho.mdg-0000000007/2026/09/20260907T160514Z-6205b585146a.json.gz,2
who.gho.mdg-0000000007,MDG_0000000007:NIU:SEX_MLE:AGEGROUP_YEARSUNDER5:WEALTHQUINTILE_TOTL,1958-01-01,2026-09-07T16:05:14Z,restated_at,2026-08-05,,who.gho.mdg-0000000007,raw/who.gho.mdg-0000000007/2026/09/20260907T160514Z-6205b585146a.json.gz,2
who.gho.mdg-0000000007,MDG_0000000007:NIU:SEX_MLE:AGEGROUP_YEARSUNDER5:WEALTHQUINTILE_TOTL,1958-01-01,2026-09-07T16:05:14Z,value,113.36595335,,who.gho.mdg-0000000007,raw/who.gho.mdg-0000000007/2026/09/20260907T160514Z-6205b585146a.json.gz,2
who.gho.mdg-0000000007,MDG_0000000007:NLD:SEX_BTSX:AGEGROUP_YEARSUNDER5:WEALTHQUINTILE_TOTL,1958-01-01,2026-09-07T16:10:21Z,high,22.600009141,,who.gho.mdg-0000000007,raw/who.gho.mdg-0000000007/2026/09/20260907T161021Z-3e9ba1677574.json.gz,2
who.gho.mdg-0000000007,MDG_0000000007:NLD:SEX_BTSX:AGEGROUP_YEARSUNDER5:WEALTHQUINTILE_TOTL,1958-01-01,2026-09-07T16:10:21Z,low,21.811585477,,who.gho.mdg-0000000007,raw/who.gho.mdg-0000000007/2026/09/20260907T161021Z-3e9ba1677574.json.gz,2
who.gho.mdg-0000000007,MDG_0000000007:NLD:SEX_BTSX:AGEGROUP_YEARSUNDER5:WEALTHQUINTILE_TOTL,1958-01-01,2026-09-07T16:10:21Z,restated_at,2026-08-05,,who.gho.mdg-0000000007,raw/who.gho.mdg-0000000007/2026/09/20260907T161021Z-3e9ba1677574.json.gz,2
who.gho.mdg-0000000007,MDG_0000000007:NLD:SEX_BTSX:AGEGROUP_YEARSUNDER5:WEALTHQUINTILE_TOTL,1958-01-01,2026-09-07T16:10:21Z,value,22.207373368,,who.gho.mdg-0000000007,raw/who.gho.mdg-0000000007/2026/09/20260907T161021Z-3e9ba1677574.json.gz,2
who.gho.mdg-0000000007,MDG_0000000007:NLD:SEX_FMLE:AGEGROUP_YEARSUNDER5:WEALTHQUINTILE_TOTL,1958-01-01,2026-09-07T16:10:53Z,high,19.741162515,,who.gho.mdg-0000000007,raw/who.gho.mdg-0000000007/2026/09/20260907T161053Z-9a5808e2a757.json.gz,2
who.gho.mdg-0000000007,MDG_0000000007:NLD:SEX_FMLE:AGEGROUP_YEARSUNDER5:WEALTHQUINTILE_TOTL,1958-01-01,2026-09-07T16:10:53Z,low,18.915702014,,who.gho.mdg-0000000007,raw/who.gho.mdg-0000000007/2026/09/20260907T161053Z-9a5808e2a757.json.gz,2
who.gho.mdg-0000000007,MDG_0000000007:NLD:SEX_FMLE:AGEGROUP_YEARSUNDER5:WEALTHQUINTILE_TOTL,1958-01-01,2026-09-07T16:10:53Z,restated_at,2026-08-05,,who.gho.mdg-0000000007,raw/who.gho.mdg-0000000007/2026/09/20260907T161053Z-9a5808e2a757.json.gz,2
who.gho.mdg-0000000007,MDG_0000000007:NLD:SEX_FMLE:AGEGROUP_YEARSUNDER5:WEALTHQUINTILE_TOTL,1958-01-01,2026-09-07T16:10:53Z,value,19.327675586,,who.gho.mdg-0000000007,raw/who.gho.mdg-0000000007/2026/09/20260907T161053Z-9a5808e2a757.json.gz,2
who.gho.mdg-0000000007,MDG_0000000007:NLD:SEX_MLE:AGEGROUP_YEARSUNDER5:WEALTHQUINTILE_TOTL,1958-01-01,2026-09-07T16:06:07Z,high,25.441468833,,who.gho.mdg-0000000007,raw/who.gho.mdg-0000000007/2026/09/20260907T160607Z-9445f1b065fa.json.gz,2
who.gho.mdg-0000000007,MDG_0000000007:NLD:SEX_MLE:AGEGROUP_YEARSUNDER5:WEALTHQUINTILE_TOTL,1958-01-01,2026-09-07T16:06:07Z,low,24.456578896,,who.gho.mdg-0000000007,raw/who.gho.mdg-0000000007/2026/09/20260907T160607Z-9445f1b065fa.json.gz,2
who.gho.mdg-0000000007,MDG_0000000007:NLD:SEX_MLE:AGEGROUP_YEARSUNDER5:WEALTHQUINTILE_TOTL,1958-01-01,2026-09-07T16:06:07Z,restated_at,2026-08-05,,who.gho.mdg-0000000007,raw/who.gho.mdg-0000000007/2026/09/20260907T160607Z-9445f1b065fa.json.gz,2
who.gho.mdg-0000000007,MDG_0000000007:NLD:SEX_MLE:AGEGROUP_YEARSUNDER5:WEALTHQUINTILE_TOTL,1958-01-01,2026-09-07T16:06:07Z,value,24.951550286,,who.gho.mdg-0000000007,raw/who.gho.mdg-0000000007/2026/09/20260907T160607Z-9445f1b065fa.json.gz,2
who.gho.mdg-0000000007,MDG_0000000007:NOR:SEX_BTSX:AGEGROUP_YEARSUNDER5:WEALTHQUINTILE_TOTL,1958-01-01,2026-09-07T16:09:54Z,high,24.443610851,,who.gho.mdg-0000000007,raw/who.gho.mdg-0000000007/2026/09/20260907T160954Z-3426e3999bb4.json.gz,2
who.gho.mdg-0000000007,MDG_0000000007:NOR:SEX_BTSX:AGEGROUP_YEARSUNDER5:WEALTHQUINTILE_TOTL,1958-01-01,2026-09-07T16:09:54Z,low,23.407232569,,who.gho.mdg-0000000007,raw/who.gho.mdg-0000000007/2026/09/20260907T160954Z-3426e3999bb4.json.gz,2
who.gho.mdg-0000000007,MDG_0000000007:NOR:SEX_BTSX:AGEGROUP_YEARSUNDER5:WEALTHQUINTILE_TOTL,1958-01-01,2026-09-07T16:09:54Z,restated_at,2026-08-05,,who.gho.mdg-0000000007,raw/who.gho.mdg-0000000007/2026/09/20260907T160954Z-3426e3999bb4.json.gz,2
who.gho.mdg-0000000007,MDG_0000000007:NOR:SEX_BTSX:AGEGROUP_YEARSUNDER5:WEALTHQUINTILE_TOTL,1958-01-01,2026-09-07T16:09:54Z,value,23.917026555,,who.gho.mdg-0000000007,raw/who.gho.mdg-0000000007/2026/09/20260907T160954Z-3426e3999bb4.json.gz,2
who.gho.mdg-0000000007,MDG_0000000007:NOR:SEX_FMLE:AGEGROUP_YEARSUNDER5:WEALTHQUINTILE_TOTL,1958-01-01,2026-09-07T16:06:02Z,high,21.404609094,,who.gho.mdg-0000000007,raw/who.gho.mdg-0000000007/2026/09/20260907T160602Z-1adff4f5f376.json.gz,2
who.gho.mdg-0000000007,MDG_0000000007:NOR:SEX_FMLE:AGEGROUP_YEARSUNDER5:WEALTHQUINTILE_TOTL,1958-01-01,2026-09-07T16:06:02Z,low,20.245546435,,who.gho.mdg-0000000007,raw/who.gho.mdg-0000000007/2026/09/20260907T160602Z-1adff4f5f376.json.gz,2
who.gho.mdg-0000000007,MDG_0000000007:NOR:SEX_FMLE:AGEGROUP_YEARSUNDER5:WEALTHQUINTILE_TOTL,1958-01-01,2026-09-07T16:06:02Z,restated_at,2026-08-05,,who.gho.mdg-0000000007,raw/who.gho.mdg-0000000007/2026/09/20260907T160602Z-1adff4f5f376.json.gz,2
who.gho.mdg-0000000007,MDG_0000000007:NOR:SEX_FMLE:AGEGROUP_YEARSUNDER5:WEALTHQUINTILE_TOTL,1958-01-01,2026-09-07T16:06:02Z,value,20.815773318,,who.gho.mdg-0000000007,raw/who.gho.mdg-0000000007/2026/09/20260907T160602Z-1adff4f5f376.json.gz,2
who.gho.mdg-0000000007,MDG_0000000007:NOR:SEX_MLE:AGEGROUP_YEARSUNDER5:WEALTHQUINTILE_TOTL,1958-01-01,2026-09-07T16:06:26Z,high,27.554920375,,who.gho.mdg-0000000007,raw/who.gho.mdg-0000000007/2026/09/20260907T160626Z-083ef708c2ee.json.gz,2
who.gho.mdg-0000000007,MDG_0000000007:NOR:SEX_MLE:AGEGROUP_YEARSUNDER5:WEALTHQUINTILE_TOTL,1958-01-01,2026-09-07T16:06:26Z,low,26.199841952,,who.gho.mdg-0000000007,raw/who.gho.mdg-0000000007/2026/09/20260907T160626Z-083ef708c2ee.json.gz,2
who.gho.mdg-0000000007,MDG_0000000007:NOR:SEX_MLE:AGEGROUP_YEARSUNDER5:WEALTHQUINTILE_TOTL,1958-01-01,2026-09-07T16:06:26Z,restated_at,2026-08-05,,who.gho.mdg-0000000007,raw/who.gho.mdg-0000000007/2026/09/20260907T160626Z-083ef708c2ee.json.gz,2
who.gho.mdg-0000000007,MDG_0000000007:NOR:SEX_MLE:AGEGROUP_YEARSUNDER5:WEALTHQUINTILE_TOTL,1958-01-01,2026-09-07T16:06:26Z,value,26.870142564,,who.gho.mdg-0000000007,raw/who.gho.mdg-0000000007/2026/09/20260907T160626Z-083ef708c2ee.json.gz,2
who.gho.mdg-0000000007,MDG_0000000007:NPL:SEX_BTSX:AGEGROUP_YEARSUNDER5:WEALTHQUINTILE_TOTL,1958-01-01,2026-09-07T16:10:37Z,high,386.036258287,,who.gho.mdg-0000000007,raw/who.gho.mdg-0000000007/2026/09/20260907T161037Z-dfd3d6a5a745.json.gz,2
who.gho.mdg-0000000007,MDG_0000000007:NPL:SEX_BTSX:AGEGROUP_YEARSUNDER5:WEALTHQUINTILE_TOTL,1958-01-01,2026-09-07T16:10:37Z,low,291.654849166,,who.gho.mdg-0000000007,raw/who.gho.mdg-0000000007/2026/09/20260907T161037Z-dfd3d6a5a745.json.gz,2
who.gho.mdg-0000000007,MDG_0000000007:NPL:SEX_BTSX:AGEGROUP_YEARSUNDER5:WEALTHQUINTILE_TOTL,1958-01-01,2026-09-07T16:10:37Z,restated_at,2026-08-05,,who.gho.mdg-0000000007,raw/who.gho.mdg-0000000007/2026/09/20260907T161037Z-dfd3d6a5a745.json.gz,2
who.gho.mdg-0000000007,MDG_0000000007:NPL:SEX_BTSX:AGEGROUP_YEARSUNDER5:WEALTHQUINTILE_TOTL,1958-01-01,2026-09-07T16:10:37Z,value,335.422229196,,who.gho.mdg-0000000007,raw/who.gho.mdg-0000000007/2026/09/20260907T161037Z-dfd3d6a5a745.json.gz,2
who.gho.mdg-0000000007,MDG_0000000007:NPL:SEX_FMLE:AGEGROUP_YEARSUNDER5:WEALTHQUINTILE_TOTL,1958-01-01,2026-09-07T16:09:34Z,high,387.806972627,,who.gho.mdg-0000000007,raw/who.gho.mdg-0000000007/2026/09/20260907T160934Z-f7f0902b1194.json.gz,2
who.gho.mdg-0000000007,MDG_0000000007:NPL:SEX_FMLE:AGEGROUP_YEARSUNDER5:WEALTHQUINTILE_TOTL,1958-01-01,2026-09-07T16:09:34Z,low,291.11348322,,who.gho.mdg-0000000007,raw/who.gho.mdg-0000000007/2026/09/20260907T160934Z-f7f0902b1194.json.gz,2
who.gho.mdg-0000000007,MDG_0000000007:NPL:SEX_FMLE:AGEGROUP_YEARSUNDER5:WEALTHQUINTILE_TOTL,1958-01-01,2026-09-07T16:09:34Z,restated_at,2026-08-05,,who.gho.mdg-0000000007,raw/who.gho.mdg-0000000007/2026/09/20260907T160934Z-f7f0902b1194.json.gz,2
who.gho.mdg-0000000007,MDG_0000000007:NPL:SEX_FMLE:AGEGROUP_YEARSUNDER5:WEALTHQUINTILE_TOTL,1958-01-01,2026-09-07T16:09:34Z,value,335.673474821,,who.gho.mdg-0000000007,raw/who.gho.mdg-0000000007/2026/09/20260907T160934Z-f7f0902b1194.json.gz,2
who.gho.mdg-0000000007,MDG_0000000007:NPL:SEX_MLE:AGEGROUP_YEARSUNDER5:WEALTHQUINTILE_TOTL,1958-01-01,2026-09-07T16:05:35Z,high,386.634854407,,who.gho.mdg-0000000007,raw/who.gho.mdg-0000000007/2026/09/20260907T160535Z-bcafb05f6fe8.json.gz,2
who.gho.mdg-0000000007,MDG_0000000007:NPL:SEX_MLE:AGEGROUP_YEARSUNDER5:WEALTHQUINTILE_TOTL,1958-01-01,2026-09-07T16:05:35Z,low,290.705870091,,who.gho.mdg-0000000007,raw/who.gho.mdg-0000000007/2026/09/20260907T160535Z-bcafb05f6fe8.json.gz,2
who.gho.mdg-0000000007,MDG_0000000007:NPL:SEX_MLE:AGEGROUP_YEARSUNDER5:WEALTHQUINTILE_TOTL,1958-01-01,2026-09-07T16:05:35Z,restated_at,2026-08-05,,who.gho.mdg-0000000007,raw/who.gho.mdg-0000000007/2026/09/20260907T160535Z-bcafb05f6fe8.json.gz,2
who.gho.mdg-0000000007,MDG_0000000007:NPL:SEX_MLE:AGEGROUP_YEARSUNDER5:WEALTHQUINTILE_TOTL,1958-01-01,2026-09-07T16:05:35Z,value,334.783243558,,who.gho.mdg-0000000007,raw/who.gho.mdg-0000000007/2026/09/20260907T160535Z-bcafb05f6fe8.json.gz,2
who.gho.mdg-0000000007,MDG_0000000007:NZL:SEX_BTSX:AGEGROUP_YEARSUNDER5:WEALTHQUINTILE_TOTL,1958-01-01,2026-09-07T16:05:14Z,high,29.991896766,,who.gho.mdg-0000000007,raw/who.gho.mdg-0000000007/2026/09/20260907T160514Z-6205b585146a.json.gz,2
who.gho.mdg-0000000007,MDG_0000000007:NZL:SEX_BTSX:AGEGROUP_YEARSUNDER5:WEALTHQUINTILE_TOTL,1958-01-01,2026-09-07T16:05:14Z,low,28.900376322,,who.gho.mdg-0000000007,raw/who.gho.mdg-0000000007/2026/09/20260907T160514Z-6205b585146a.json.gz,2
who.gho.mdg-0000000007,MDG_0000000007:NZL:SEX_BTSX:AGEGROUP_YEARSUNDER5:WEALTHQUINTILE_TOTL,1958-01-01,2026-09-07T16:05:14Z,restated_at,2026-08-05,,who.gho.mdg-0000000007,raw/who.gho.mdg-0000000007/2026/09/20260907T160514Z-6205b585146a.json.gz,2
who.gho.mdg-0000000007,MDG_0000000007:NZL:SEX_BTSX:AGEGROUP_YEARSUNDER5:WEALTHQUINTILE_TOTL,1958-01-01,2026-09-07T16:05:14Z,value,29.41774585,,who.gho.mdg-0000000007,raw/who.gho.mdg-0000000007/2026/09/20260907T160514Z-6205b585146a.json.gz,2
who.gho.mdg-0000000007,MDG_0000000007:NZL:SEX_FMLE:AGEGROUP_YEARSUNDER5:WEALTHQUINTILE_TOTL,1958-01-01,2026-09-07T16:06:16Z,high,26.606918162,,who.gho.mdg-0000000007,raw/who.gho.mdg-0000000007/2026/09/20260907T160616Z-615f6bfccb87.json.gz,2
who.gho.mdg-0000000007,MDG_0000000007:NZL:SEX_FMLE:AGEGROUP_YEARSUNDER5:WEALTHQUINTILE_TOTL,1958-01-01,2026-09-07T16:06:16Z,low,25.327556787,,who.gho.mdg-0000000007,raw/who.gho.mdg-0000000007/2026/09/20260907T160616Z-615f6bfccb87.json.gz,2
who.gho.mdg-0000000007,MDG_0000000007:NZL:SEX_FMLE:AGEGROUP_YEARSUNDER5:WEALTHQUINTILE_TOTL,1958-01-01,2026-09-07T16:06:16Z,restated_at,2026-08-05,,who.gho.mdg-0000000007,raw/who.gho.mdg-0000000007/2026/09/20260907T160616Z-615f6bfccb87.json.gz,2
who.gho.mdg-0000000007,MDG_0000000007:NZL:SEX_FMLE:AGEGROUP_YEARSUNDER5:WEALTHQUINTILE_TOTL,1958-01-01,2026-09-07T16:06:16Z,value,25.962090759,,who.gho.mdg-0000000007,raw/who.gho.mdg-0000000007/2026/09/20260907T160616Z-615f6bfccb87.json.gz,2
who.gho.mdg-0000000007,MDG_0000000007:NZL:SEX_MLE:AGEGROUP_YEARSUNDER5:WEALTHQUINTILE_TOTL,1958-01-01,2026-09-07T16:10:58Z,high,33.473642403,,who.gho.mdg-0000000007,raw/who.gho.mdg-0000000007/2026/09/20260907T161058Z-4d8f6ed35960.json.gz,2
who.gho.mdg-0000000007,MDG_0000000007:NZL:SEX_MLE:AGEGROUP_YEARSUNDER5:WEALTHQUINTILE_TOTL,1958-01-01,2026-09-07T16:10:58Z,low,32.012240611,,who.gho.mdg-0000000007,raw/who.gho.mdg-0000000007/2026/09/20260907T161058Z-4d8f6ed35960.json.gz,2
who.gho.mdg-0000000007,MDG_0000000007:NZL:SEX_MLE:AGEGROUP_YEARSUNDER5:WEALTHQUINTILE_TOTL,1958-01-01,2026-09-07T16:10:58Z,restated_at,2026-08-05,,who.gho.mdg-0000000007,raw/who.gho.mdg-0000000007/2026/09/20260907T161058Z-4d8f6ed35960.json.gz,2
who.gho.mdg-0000000007,MDG_0000000007:NZL:SEX_MLE:AGEGROUP_YEARSUNDER5:WEALTHQUINTILE_TOTL,1958-01-01,2026-09-07T16:10:58Z,value,32.712136963,,who.gho.mdg-0000000007,raw/who.gho.mdg-0000000007/2026/09/20260907T161058Z-4d8f6ed35960.json.gz,2
who.gho.mdg-0000000007,MDG_0000000007:PAK:SEX_BTSX:AGEGROUP_YEARSUNDER5:WEALTHQUINTILE_TOTL,1958-01-01,2026-09-07T16:05:22Z,high,304.856336983,,who.gho.mdg-0000000007,raw/who.gho.mdg-0000000007/2026/09/20260907T160522Z-2bd49e664eea.json.gz,2
who.gho.mdg-0000000007,MDG_0000000007:PAK:SEX_BTSX:AGEGROUP_YEARSUNDER5:WEALTHQUINTILE_TOTL,1958-01-01,2026-09-07T16:05:22Z,low,243.157635528,,who.gho.mdg-0000000007,raw/who.gho.mdg-0000000007/2026/09/20260907T160522Z-2bd49e664eea.json.gz,2
who.gho.mdg-0000000007,MDG_0000000007:PAK:SEX_BTSX:AGEGROUP_YEARSUNDER5:WEALTHQUINTILE_TOTL,1958-01-01,2026-09-07T16:05:22Z,restated_at,2026-08-05,,who.gho.mdg-0000000007,raw/who.gho.mdg-0000000007/2026/09/20260907T160522Z-2bd49e664eea.json.gz,2
who.gho.mdg-0000000007,MDG_0000000007:PAK:SEX_BTSX:AGEGROUP_YEARSUNDER5:WEALTHQUINTILE_TOTL,1958-01-01,2026-09-07T16:05:22Z,value,272.697486034,,who.gho.mdg-0000000007,raw/who.gho.mdg-0000000007/2026/09/20260907T160522Z-2bd49e664eea.json.gz,2
who.gho.mdg-0000000007,MDG_0000000007:PAK:SEX_FMLE:AGEGROUP_YEARSUNDER5:WEALTHQUINTILE_TOTL,1958-01-01,2026-09-07T16:09:41Z,high,305.595492789,,who.gho.mdg-0000000007,raw/who.gho.mdg-0000000007/2026/09/20260907T160941Z-845bd0fc2e92.json.gz,2
who.gho.mdg-0000000007,MDG_0000000007:PAK:SEX_FMLE:AGEGROUP_YEARSUNDER5:WEALTHQUINTILE_TOTL,1958-01-01,2026-09-07T16:09:41Z,low,242.729540992,,who.gho.mdg-0000000007,raw/who.gho.mdg-0000000007/2026/09/20260907T160941Z-845bd0fc2e92.json.gz,2
who.gho.mdg-0000000007,MDG_0000000007:PAK:SEX_FMLE:AGEGROUP_YEARSUNDER5:WEALTHQUINTILE_TOTL,1958-01-01,2026-09-07T16:09:41Z,restated_at,2026-08-05,,who.gho.mdg-0000000007,raw/who.gho.mdg-0000000007/2026/09/20260907T160941Z-845bd0fc2e92.json.gz,2
who.gho.mdg-0000000007,MDG_0000000007:PAK:SEX_FMLE:AGEGROUP_YEARSUNDER5:WEALTHQUINTILE_TOTL,1958-01-01,2026-09-07T16:09:41Z,value,272.531147216,,who.gho.mdg-0000000007,raw/who.gho.mdg-0000000007/2026/09/20260907T160941Z-845bd0fc2e92.json.gz,2
who.gho.mdg-0000000007,MDG_0000000007:PAK:SEX_MLE:AGEGROUP_YEARSUNDER5:WEALTHQUINTILE_TOTL,1958-01-01,2026-09-07T16:05:31Z,high,305.466850255,,who.gho.mdg-0000000007,raw/who.gho.mdg-0000000007/2026/09/20260907T160531Z-a90a9bba0858.json.gz,2
who.gho.mdg-0000000007,MDG_0000000007:PAK:SEX_MLE:AGEGROUP_YEARSUNDER5:WEALTHQUINTILE_TOTL,1958-01-01,2026-09-07T16:05:31Z,low,242.370593667,,who.gho.mdg-0000000007,raw/who.gho.mdg-0000000007/2026/09/20260907T160531Z-a90a9bba0858.json.gz,2
who.gho.mdg-0000000007,MDG_0000000007:PAK:SEX_MLE:AGEGROUP_YEARSUNDER5:WEALTHQUINTILE_TOTL,1958-01-01,2026-09-07T16:05:31Z,restated_at,2026-08-05,,who.gho.mdg-0000000007,raw/who.gho.mdg-0000000007/2026/09/20260907T160531Z-a90a9bba0858.json.gz,2
who.gho.mdg-0000000007,MDG_0000000007:PAK:SEX_MLE:AGEGROUP_YEARSUNDER5:WEALTHQUINTILE_TOTL,1958-01-01,2026-09-07T16:05:31Z,value,272.724913269,,who.gho.mdg-0000000007,raw/who.gho.mdg-0000000007/2026/09/20260907T160531Z-a90a9bba0858.json.gz,2
who.gho.mdg-0000000007,MDG_0000000007:PAN:SEX_BTSX:AGEGROUP_YEARSUNDER5:WEALTHQUINTILE_TOTL,1958-01-01,2026-09-07T16:11:14Z,high,111.943935893,,who.gho.mdg-0000000007,raw/who.gho.mdg-0000000007/2026/09/20260907T161114Z-c1ae2408f442.json.gz,2
who.gho.mdg-0000000007,MDG_0000000007:PAN:SEX_BTSX:AGEGROUP_YEARSUNDER5:WEALTHQUINTILE_TOTL,1958-01-01,2026-09-07T16:11:14Z,low,86.825085067,,who.gho.mdg-0000000007,raw/who.gho.mdg-0000000007/2026/09/20260907T161114Z-c1ae2408f442.json.gz,2
who.gho.mdg-0000000007,MDG_0000000007:PAN:SEX_BTSX:AGEGROUP_YEARSUNDER5:WEALTHQUINTILE_TOTL,1958-01-01,2026-09-07T16:11:14Z,restated_at,2026-08-05,,who.gho.mdg-0000000007,raw/who.gho.mdg-0000000007/2026/09/20260907T161114Z-c1ae2408f442.json.gz,2
who.gho.mdg-0000000007,MDG_0000000007:PAN:SEX_BTSX:AGEGROUP_YEARSUNDER5:WEALTHQUINTILE_TOTL,1958-01-01,2026-09-07T16:11:14Z,value,99.307427368,,who.gho.mdg-0000000007,raw/who.gho.mdg-0000000007/2026/09/20260907T161114Z-c1ae2408f442.json.gz,2
who.gho.mdg-0000000007,MDG_0000000007:PAN:SEX_FMLE:AGEGROUP_YEARSUNDER5:WEALTHQUINTILE_TOTL,1958-01-01,2026-09-07T16:05:38Z,high,106.309289062,,who.gho.mdg-0000000007,raw/who.gho.mdg-0000000007/2026/09/20260907T160538Z-28a5f6808180.json.gz,2
who.gho.mdg-0000000007,MDG_0000000007:PAN:SEX_FMLE:AGEGROUP_YEARSUNDER5:WEALTHQUINTILE_TOTL,1958-01-01,2026-09-07T16:05:38Z,low,81.70648426,,who.gho.mdg-0000000007,raw/who.gho.mdg-0000000007/2026/09/20260907T160538Z-28a5f6808180.json.gz,2
who.gho.mdg-0000000007,MDG_0000000007:PAN:SEX_FMLE:AGEGROUP_YEARSUNDER5:WEALTHQUINTILE_TOTL,1958-01-01,2026-09-07T16:05:38Z,restated_at,2026-08-05,,who.gho.mdg-0000000007,raw/who.gho.mdg-0000000007/2026/09/20260907T160538Z-28a5f6808180.json.gz,2
who.gho.mdg-0000000007,MDG_0000000007:PAN:SEX_FMLE:AGEGROUP_YEARSUNDER5:WEALTHQUINTILE_TOTL,1958-01-01,2026-09-07T16:05:38Z,value,93.632655839,,who.gho.mdg-0000000007,raw/who.gho.mdg-0000000007/2026/09/20260907T160538Z-28a5f6808180.json.gz,2
who.gho.mdg-0000000007,MDG_0000000007:PAN:SEX_MLE:AGEGROUP_YEARSUNDER5:WEALTHQUINTILE_TOTL,1958-01-01,2026-09-07T16:10:30Z,high,118.32616127,,who.gho.mdg-0000000007,raw/who.gho.mdg-0000000007/2026/09/20260907T161030Z-d2101d8df79b.json.gz,2
who.gho.mdg-0000000007,MDG_0000000007:PAN:SEX_MLE:AGEGROUP_YEARSUNDER5:WEALTHQUINTILE_TOTL,1958-01-01,2026-09-07T16:10:30Z,low,91.341220078,,who.gho.mdg-0000000007,raw/who.gho.mdg-0000000007/2026/09/20260907T161030Z-d2101d8df79b.json.gz,2
who.gho.mdg-0000000007,MDG_0000000007:PAN:SEX_MLE:AGEGROUP_YEARSUNDER5:WEALTHQUINTILE_TOTL,1958-01-01,2026-09-07T16:10:30Z,restated_at,2026-08-05,,who.gho.mdg-0000000007,raw/who.gho.mdg-0000000007/2026/09/20260907T161030Z-d2101d8df79b.json.gz,2
who.gho.mdg-0000000007,MDG_0000000007:PAN:SEX_MLE:AGEGROUP_YEARSUNDER5:WEALTHQUINTILE_TOTL,1958-01-01,2026-09-07T16:10:30Z,value,104.643180404,,who.gho.mdg-0000000007,raw/who.gho.mdg-0000000007/2026/09/20260907T161030Z-d2101d8df79b.json.gz,2
who.gho.mdg-0000000007,MDG_0000000007:PER:SEX_BTSX:AGEGROUP_YEARSUNDER5:WEALTHQUINTILE_TOTL,1958-01-01,2026-09-07T16:06:11Z,high,270.279566519,,who.gho.mdg-0000000007,raw/who.gho.mdg-0000000007/2026/09/20260907T160611Z-e868f3030ca5.json.gz,2
who.gho.mdg-0000000007,MDG_0000000007:PER:SEX_BTSX:AGEGROUP_YEARSUNDER5:WEALTHQUINTILE_TOTL,1958-01-01,2026-09-07T16:06:11Z,low,221.151838263,,who.gho.mdg-0000000007,raw/who.gho.mdg-0000000007/2026/09/20260907T160611Z-e868f3030ca5.json.gz,2
who.gho.mdg-0000000007,MDG_0000000007:PER:SEX_BTSX:AGEGROUP_YEARSUNDER5:WEALTHQUINTILE_TOTL,1958-01-01,2026-09-07T16:06:11Z,restated_at,2026-08-05,,who.gho.mdg-0000000007,raw/who.gho.mdg-0000000007/2026/09/20260907T160611Z-e868f3030ca5.json.gz,2
who.gho.mdg-0000000007,MDG_0000000007:PER:SEX_BTSX:AGEGROUP_YEARSUNDER5:WEALTHQUINTILE_TOTL,1958-01-01,2026-09-07T16:06:11Z,value,244.369588162,,who.gho.mdg-0000000007,raw/who.gho.mdg-0000000007/2026/09/20260907T160611Z-e868f3030ca5.json.gz,2
who.gho.mdg-0000000007,MDG_0000000007:PER:SEX_FMLE:AGEGROUP_YEARSUNDER5:WEALTHQUINTILE_TOTL,1958-01-01,2026-09-07T16:05:57Z,high,259.287345591,,who.gho.mdg-0000000007,raw/who.gho.mdg-0000000007/2026/09/20260907T160557Z-c8e786907d46.json.gz,2
who.gho.mdg-0000000007,MDG_0000000007:PER:SEX_FMLE:AGEGROUP_YEARSUNDER5:WEALTHQUINTILE_TOTL,1958-01-01,2026-09-07T16:05:57Z,low,210.978855229,,who.gho.mdg-0000000007,raw/who.gho.mdg-0000000007/2026/09/20260907T160557Z-c8e786907d46.json.gz,2
who.gho.mdg-0000000007,MDG_0000000007:PER:SEX_FMLE:AGEGROUP_YEARSUNDER5:WEALTHQUINTILE_TOTL,1958-01-01,2026-09-07T16:05:57Z,restated_at,2026-08-05,,who.gho.mdg-0000000007,raw/who.gho.mdg-0000000007/2026/09/20260907T160557Z-c8e786907d46.json.gz,2
who.gho.mdg-0000000007,MDG_0000000007:PER:SEX_FMLE:AGEGROUP_YEARSUNDER5:WEALTHQUINTILE_TOTL,1958-01-01,2026-09-07T16:05:57Z,value,233.759703405,,who.gho.mdg-0000000007,raw/who.gho.mdg-0000000007/2026/09/20260907T160557Z-c8e786907d46.json.gz,2
who.gho.mdg-0000000007,MDG_0000000007:PER:SEX_MLE:AGEGROUP_YEARSUNDER5:WEALTHQUINTILE_TOTL,1958-01-01,2026-09-07T16:10:49Z,high,281.419559427,,who.gho.mdg-0000000007,raw/who.gho.mdg-0000000007/2026/09/20260907T161049Z-6866f52a9543.json.gz,2
who.gho.mdg-0000000007,MDG_0000000007:PER:SEX_MLE:AGEGROUP_YEARSUNDER5:WEALTHQUINTILE_TOTL,1958-01-01,2026-09-07T16:10:49Z,low,229.428569128,,who.gho.mdg-0000000007,raw/who.gho.mdg-0000000007/2026/09/20260907T161049Z-6866f52a9543.json.gz,2
who.gho.mdg-0000000007,MDG_0000000007:PER:SEX_MLE:AGEGROUP_YEARSUNDER5:WEALTHQUINTILE_TOTL,1958-01-01,2026-09-07T16:10:49Z,restated_at,2026-08-05,,who.gho.mdg-0000000007,raw/who.gho.mdg-0000000007/2026/09/20260907T161049Z-6866f52a9543.json.gz,2
who.gho.mdg-0000000007,MDG_0000000007:PER:SEX_MLE:AGEGROUP_YEARSUNDER5:WEALTHQUINTILE_TOTL,1958-01-01,2026-09-07T16:10:49Z,value,254.171412362,,who.gho.mdg-0000000007,raw/who.gho.mdg-0000000007/2026/09/20260907T161049Z-6866f52a9543.json.gz,2
who.gho.mdg-0000000007,MDG_0000000007:PHL:SEX_BTSX:AGEGROUP_YEARSUNDER5:WEALTHQUINTILE_TOTL,1958-01-01,2026-09-07T16:05:43Z,high,129.0187498,,who.gho.mdg-0000000007,raw/who.gho.mdg-0000000007/2026/09/20260907T160543Z-0bdfcfeb6714.json.gz,2
who.gho.mdg-0000000007,MDG_0000000007:PHL:SEX_BTSX:AGEGROUP_YEARSUNDER5:WEALTHQUINTILE_TOTL,1958-01-01,2026-09-07T16:05:43Z,low,95.164925129,,who.gho.mdg-0000000007,raw/who.gho.mdg-0000000007/2026/09/20260907T160543Z-0bdfcfeb6714.json.gz,2
who.gho.mdg-0000000007,MDG_0000000007:PHL:SEX_BTSX:AGEGROUP_YEARSUNDER5:WEALTHQUINTILE_TOTL,1958-01-01,2026-09-07T16:05:43Z,restated_at,2026-08-05,,who.gho.mdg-0000000007,raw/who.gho.mdg-0000000007/2026/09/20260907T160543Z-0bdfcfeb6714.json.gz,2
who.gho.mdg-0000000007,MDG_0000000007:PHL:SEX_BTSX:AGEGROUP_YEARSUNDER5:WEALTHQUINTILE_TOTL,1958-01-01,2026-09-07T16:05:43Z,value,110.9009748,,who.gho.mdg-0000000007,raw/who.gho.mdg-0000000007/2026/09/20260907T160543Z-0bdfcfeb6714.json.gz,2
who.gho.mdg-0000000007,MDG_0000000007:PHL:SEX_FMLE:AGEGROUP_YEARSUNDER5:WEALTHQUINTILE_TOTL,1958-01-01,2026-09-07T16:06:26Z,high,122.287144062,,who.gho.mdg-0000000007,raw/who.gho.mdg-0000000007/2026/09/20260907T160626Z-083ef708c2ee.json.gz,2
who.gho.mdg-0000000007,MDG_0000000007:PHL:SEX_FMLE:AGEGROUP_YEARSUNDER5:WEALTHQUINTILE_TOTL,1958-01-01,2026-09-07T16:06:26Z,low,89.551935841,,who.gho.mdg-0000000007,raw/who.gho.mdg-0000000007/2026/09/20260907T160626Z-083ef708c2ee.json.gz,2
who.gho.mdg-0000000007,MDG_0000000007:PHL:SEX_FMLE:AGEGROUP_YEARSUNDER5:WEALTHQUINTILE_TOTL,1958-01-01,2026-09-07T16:06:26Z,restated_at,2026-08-05,,who.gho.mdg-0000000007,raw/who.gho.mdg-0000000007/2026/09/20260907T160626Z-083ef708c2ee.json.gz,2
who.gho.mdg-0000000007,MDG_0000000007:PHL:SEX_FMLE:AGEGROUP_YEARSUNDER5:WEALTHQUINTILE_TOTL,1958-01-01,2026-09-07T16:06:26Z,value,104.636002709,,who.gho.mdg-0000000007,raw/who.gho.mdg-0000000007/2026/09/20260907T160626Z-083ef708c2ee.json.gz,2
who.gho.mdg-0000000007,MDG_0000000007:PHL:SEX_MLE:AGEGROUP_YEARSUNDER5:WEALTHQUINTILE_TOTL,1958-01-01,2026-09-07T16:05:43Z,high,135.933529955,,who.gho.mdg-0000000007,raw/who.gho.mdg-0000000007/2026/09/20260907T160543Z-0bdfcfeb6714.json.gz,2
who.gho.mdg-0000000007,MDG_0000000007:PHL:SEX_MLE:AGEGROUP_YEARSUNDER5:WEALTHQUINTILE_TOTL,1958-01-01,2026-09-07T16:05:43Z,low,99.804088814,,who.gho.mdg-0000000007,raw/who.gho.mdg-0000000007/2026/09/20260907T160543Z-0bdfcfeb6714.json.gz,2
who.gho.mdg-0000000007,MDG_0000000007:PHL:SEX_MLE:AGEGROUP_YEARSUNDER5:WEALTHQUINTILE_TOTL,1958-01-01,2026-09-07T16:05:43Z,restated_at,2026-08-05,,who.gho.mdg-0000000007,raw/who.gho.mdg-0000000007/2026/09/20260907T160543Z-0bdfcfeb6714.json.gz,2
who.gho.mdg-0000000007,MDG_0000000007:PHL:SEX_MLE:AGEGROUP_YEARSUNDER5:WEALTHQUINTILE_TOTL,1958-01-01,2026-09-07T16:05:43Z,value,116.669198542,,who.gho.mdg-0000000007,raw/who.gho.mdg-0000000007/2026/09/20260907T160543Z-0bdfcfeb6714.json.gz,2
who.gho.mdg-0000000007,MDG_0000000007:PNG:SEX_BTSX:AGEGROUP_YEARSUNDER5:WEALTHQUINTILE_TOTL,1958-01-01,2026-09-07T16:05:14Z,high,232.596766405,,who.gho.mdg-0000000007,raw/who.gho.mdg-0000000007/2026/09/20260907T160514Z-6205b585146a.json.gz,2
who.gho.mdg-0000000007,MDG_0000000007:PNG:SEX_BTSX:AGEGROUP_YEARSUNDER5:WEALTHQUINTILE_TOTL,1958-01-01,2026-09-07T16:05:14Z,low,190.943393655,,who.gho.mdg-0000000007,raw/who.gho.mdg-0000000007/2026/09/20260907T160514Z-6205b585146a.json.gz,2
who.gho.mdg-0000000007,MDG_0000000007:PNG:SEX_BTSX:AGEGROUP_YEARSUNDER5:WEALTHQUINTILE_TOTL,1958-01-01,2026-09-07T16:05:14Z,restated_at,2026-08-05,,who.gho.mdg-0000000007,raw/who.gho.mdg-0000000007/2026/09/20260907T160514Z-6205b585146a.json.gz,2
who.gho.mdg-0000000007,MDG_0000000007:PNG:SEX_BTSX:AGEGROUP_YEARSUNDER5:WEALTHQUINTILE_TOTL,1958-01-01,2026-09-07T16:05:14Z,value,210.687331123,,who.gho.mdg-0000000007,raw/who.gho.mdg-0000000007/2026/09/20260907T160514Z-6205b585146a.json.gz,2
who.gho.mdg-0000000007,MDG_0000000007:PNG:SEX_FMLE:AGEGROUP_YEARSUNDER5:WEALTHQUINTILE_TOTL,1958-01-01,2026-09-07T16:10:07Z,high,226.214852092,,who.gho.mdg-0000000007,raw/who.gho.mdg-0000000007/2026/09/20260907T161007Z-28c6cde3082c.json.gz,2
who.gho.mdg-0000000007,MDG_0000000007:PNG:SEX_FMLE:AGEGROUP_YEARSUNDER5:WEALTHQUINTILE_TOTL,1958-01-01,2026-09-07T16:10:07Z,low,182.403705257,,who.gho.mdg-0000000007,raw/who.gho.mdg-0000000007/2026/09/20260907T161007Z-28c6cde3082c.json.gz,2
who.gho.mdg-0000000007,MDG_0000000007:PNG:SEX_FMLE:AGEGROUP_YEARSUNDER5:WEALTHQUINTILE_TOTL,1958-01-01,2026-09-07T16:10:07Z,restated_at,2026-08-05,,who.gho.mdg-0000000007,raw/who.gho.mdg-0000000007/2026/09/20260907T161007Z-28c6cde3082c.json.gz,2
who.gho.mdg-0000000007,MDG_0000000007:PNG:SEX_FMLE:AGEGROUP_YEARSUNDER5:WEALTHQUINTILE_TOTL,1958-01-01,2026-09-07T16:10:07Z,value,202.947953687,,who.gho.mdg-0000000007,raw/who.gho.mdg-0000000007/2026/09/20260907T161007Z-28c6cde3082c.json.gz,2
who.gho.mdg-0000000007,MDG_0000000007:PNG:SEX_MLE:AGEGROUP_YEARSUNDER5:WEALTHQUINTILE_TOTL,1958-01-01,2026-09-07T16:05:26Z,high,242.314904856,,who.gho.mdg-0000000007,raw/who.gho.mdg-0000000007/2026/09/20260907T160526Z-1363df2b3da0.json.gz,2
who.gho.mdg-0000000007,MDG_0000000007:PNG:SEX_MLE:AGEGROUP_YEARSUNDER5:WEALTHQUINTILE_TOTL,1958-01-01,2026-09-07T16:05:26Z,low,196.271963052,,who.gho.mdg-0000000007,raw/who.gho.mdg-0000000007/2026/09/20260907T160526Z-1363df2b3da0.json.gz,2
who.gho.mdg-0000000007,MDG_0000000007:PNG:SEX_MLE:AGEGROUP_YEARSUNDER5:WEALTHQUINTILE_TOTL,1958-01-01,2026-09-07T16:05:26Z,restated_at,2026-08-05,,who.gho.mdg-0000000007,raw/who.gho.mdg-0000000007/2026/09/20260907T160526Z-1363df2b3da0.json.gz,2
who.gho.mdg-0000000007,MDG_0000000007:PNG:SEX_MLE:AGEGROUP_YEARSUNDER5:WEALTHQUINTILE_TOTL,1958-01-01,2026-09-07T16:05:26Z,value,217.8911,,who.gho.mdg-0000000007,raw/who.gho.mdg-0000000007/2026/09/20260907T160526Z-1363df2b3da0.json.gz,2
who.gho.mdg-0000000007,MDG_0000000007:POL:SEX_BTSX:AGEGROUP_YEARSUNDER5:WEALTHQUINTILE_TOTL,1958-01-01,2026-09-07T16:08:54Z,high,80.408357258,,who.gho.mdg-0000000007,raw/who.gho.mdg-0000000007/2026/09/20260907T160854Z-e3873ac72928.json.gz,2
who.gho.mdg-0000000007,MDG_0000000007:POL:SEX_BTSX:AGEGROUP_YEARSUNDER5:WEALTHQUINTILE_TOTL,1958-01-01,2026-09-07T16:08:54Z,low,74.280127475,,who.gho.mdg-0000000007,raw/who.gho.mdg-0000000007/2026/09/20260907T160854Z-e3873ac72928.json.gz,2
who.gho.mdg-0000000007,MDG_0000000007:POL:SEX_BTSX:AGEGROUP_YEARSUNDER5:WEALTHQUINTILE_TOTL,1958-01-01,2026-09-07T16:08:54Z,restated_at,2026-08-05,,who.gho.mdg-0000000007,raw/who.gho.mdg-0000000007/2026/09/20260907T160854Z-e3873ac72928.json.gz,2
who.gho.mdg-0000000007,MDG_0000000007:POL:SEX_BTSX:AGEGROUP_YEARSUNDER5:WEALTHQUINTILE_TOTL,1958-01-01,2026-09-07T16:08:54Z,value,77.078335275,,who.gho.mdg-0000000007,raw/who.gho.mdg-0000000007/2026/09/20260907T160854Z-e3873ac72928.json.gz,2
who.gho.mdg-0000000007,MDG_0000000007:POL:SEX_FMLE:AGEGROUP_YEARSUNDER5:WEALTHQUINTILE_TOTL,1958-01-01,2026-09-07T16:06:02Z,high,72.850370889,,who.gho.mdg-0000000007,raw/who.gho.mdg-0000000007/2026/09/20260907T160602Z-1adff4f5f376.json.gz,2
who.gho.mdg-0000000007,MDG_0000000007:POL:SEX_FMLE:AGEGROUP_YEARSUNDER5:WEALTHQUINTILE_TOTL,1958-01-01,2026-09-07T16:06:02Z,low,66.946865138,,who.gho.mdg-0000000007,raw/who.gho.mdg-0000000007/2026/09/20260907T160602Z-1adff4f5f376.json.gz,2
who.gho.mdg-0000000007,MDG_0000000007:POL:SEX_FMLE:AGEGROUP_YEARSUNDER5:WEALTHQUINTILE_TOTL,1958-01-01,2026-09-07T16:06:02Z,restated_at,2026-08-05,,who.gho.mdg-0000000007,raw/who.gho.mdg-0000000007/2026/09/20260907T160602Z-1adff4f5f376.json.gz,2
who.gho.mdg-0000000007,MDG_0000000007:POL:SEX_FMLE:AGEGROUP_YEARSUNDER5:WEALTHQUINTILE_TOTL,1958-01-01,2026-09-07T16:06:02Z,value,69.682359079,,who.gho.mdg-0000000007,raw/who.gho.mdg-0000000007/2026/09/20260907T160602Z-1adff4f5f376.json.gz,2
who.gho.mdg-0000000007,MDG_0000000007:POL:SEX_MLE:AGEGROUP_YEARSUNDER5:WEALTHQUINTILE_TOTL,1958-01-01,2026-09-07T16:08:54Z,high,87.836502113,,who.gho.mdg-0000000007,raw/who.gho.mdg-0000000007/2026/09/20260907T160854Z-e3873ac72928.json.gz,2
who.gho.mdg-0000000007,MDG_0000000007:POL:SEX_MLE:AGEGROUP_YEARSUNDER5:WEALTHQUINTILE_TOTL,1958-01-01,2026-09-07T16:08:54Z,low,80.945791786,,who.gho.mdg-0000000007,raw/who.gho.mdg-0000000007/2026/09/20260907T160854Z-e3873ac72928.json.gz,2
who.gho.mdg-0000000007,MDG_0000000007:POL:SEX_MLE:AGEGROUP_YEARSUNDER5:WEALTHQUINTILE_TOTL,1958-01-01,2026-09-07T16:08:54Z,restated_at,2026-08-05,,who.gho.mdg-0000000007,raw/who.gho.mdg-0000000007/2026/09/20260907T160854Z-e3873ac72928.json.gz,2
who.gho.mdg-0000000007,MDG_0000000007:POL:SEX_MLE:AGEGROUP_YEARSUNDER5:WEALTHQUINTILE_TOTL,1958-01-01,2026-09-07T16:08:54Z,value,84.151876685,,who.gho.mdg-0000000007,raw/who.gho.mdg-0000000007/2026/09/20260907T160854Z-e3873ac72928.json.gz,2
who.gho.mdg-0000000007,MDG_0000000007:PRK:SEX_BTSX:AGEGROUP_YEARSUNDER5:WEALTHQUINTILE_TOTL,1958-01-01,2026-09-07T16:10:49Z,high,162.204909707,,who.gho.mdg-0000000007,raw/who.gho.mdg-0000000007/2026/09/20260907T161049Z-6866f52a9543.json.gz,2
who.gho.mdg-0000000007,MDG_0000000007:PRK:SEX_BTSX:AGEGROUP_YEARSUNDER5:WEALTHQUINTILE_TOTL,1958-01-01,2026-09-07T16:10:49Z,low,99.212240468,,who.gho.mdg-0000000007,raw/who.gho.mdg-0000000007/2026/09/20260907T161049Z-6866f52a9543.json.gz,2
who.gho.mdg-0000000007,MDG_0000000007:PRK:SEX_BTSX:AGEGROUP_YEARSUNDER5:WEALTHQUINTILE_TOTL,1958-01-01,2026-09-07T16:10:49Z,restated_at,2025-04-15,,who.gho.mdg-0000000007,raw/who.gho.mdg-0000000007/2026/09/20260907T161049Z-6866f52a9543.json.gz,2
who.gho.mdg-0000000007,MDG_0000000007:PRK:SEX_BTSX:AGEGROUP_YEARSUNDER5:WEALTHQUINTILE_TOTL,1958-01-01,2026-09-07T16:10:49Z,value,126.68714442,,who.gho.mdg-0000000007,raw/who.gho.mdg-0000000007/2026/09/20260907T161049Z-6866f52a9543.json.gz,2
who.gho.mdg-0000000007,MDG_0000000007:PRK:SEX_FMLE:AGEGROUP_YEARSUNDER5:WEALTHQUINTILE_TOTL,1958-01-01,2026-09-07T16:09:18Z,high,153.261005266,,who.gho.mdg-0000000007,raw/who.gho.mdg-0000000007/2026/09/20260907T160918Z-1f3ac080847d.json.gz,2
who.gho.mdg-0000000007,MDG_0000000007:PRK:SEX_FMLE:AGEGROUP_YEARSUNDER5:WEALTHQUINTILE_TOTL,1958-01-01,2026-09-07T16:09:18Z,low,93.217654156,,who.gho.mdg-0000000007,raw/who.gho.mdg-0000000007/2026/09/20260907T160918Z-1f3ac080847d.json.gz,2
who.gho.mdg-0000000007,MDG_0000000007:PRK:SEX_FMLE:AGEGROUP_YEARSUNDER5:WEALTHQUINTILE_TOTL,1958-01-01,2026-09-07T16:09:18Z,restated_at,2026-08-05,,who.gho.mdg-0000000007,raw/who.gho.mdg-0000000007/2026/09/20260907T160918Z-1f3ac080847d.json.gz,2
who.gho.mdg-0000000007,MDG_0000000007:PRK:SEX_FMLE:AGEGROUP_YEARSUNDER5:WEALTHQUINTILE_TOTL,1958-01-01,2026-09-07T16:09:18Z,value,119.295225134,,who.gho.mdg-0000000007,raw/who.gho.mdg-0000000007/2026/09/20260907T160918Z-1f3ac080847d.json.gz,2
who.gho.mdg-0000000007,MDG_0000000007:PRK:SEX_MLE:AGEGROUP_YEARSUNDER5:WEALTHQUINTILE_TOTL,1958-01-01,2026-09-07T16:10:17Z,high,171.606937702,,who.gho.mdg-0000000007,raw/who.gho.mdg-0000000007/2026/09/20260907T161017Z-ca4dbf4e12d6.json.gz,2
who.gho.mdg-0000000007,MDG_0000000007:PRK:SEX_MLE:AGEGROUP_YEARSUNDER5:WEALTHQUINTILE_TOTL,1958-01-01,2026-09-07T16:10:17Z,low,104.548248992,,who.gho.mdg-0000000007,raw/who.gho.mdg-0000000007/2026/09/20260907T161017Z-ca4dbf4e12d6.json.gz,2
who.gho.mdg-0000000007,MDG_0000000007:PRK:SEX_MLE:AGEGROUP_YEARSUNDER5:WEALTHQUINTILE_TOTL,1958-01-01,2026-09-07T16:10:17Z,restated_at,2026-08-05,,who.gho.mdg-0000000007,raw/who.gho.mdg-0000000007/2026/09/20260907T161017Z-ca4dbf4e12d6.json.gz,2
who.gho.mdg-0000000007,MDG_0000000007:PRK:SEX_MLE:AGEGROUP_YEARSUNDER5:WEALTHQUINTILE_TOTL,1958-01-01,2026-09-07T16:10:17Z,value,133.824164359,,who.gho.mdg-0000000007,raw/who.gho.mdg-0000000007/2026/09/20260907T161017Z-ca4dbf4e12d6.json.gz,2
who.gho.mdg-0000000007,MDG_0000000007:PRT:SEX_BTSX:AGEGROUP_YEARSUNDER5:WEALTHQUINTILE_TOTL,1958-01-01,2026-09-07T16:09:13Z,high,122.188944847,,who.gho.mdg-0000000007,raw/who.gho.mdg-0000000007/2026/09/20260907T160913Z-86e8fac132bd.json.gz,2
who.gho.mdg-0000000007,MDG_0000000007:PRT:SEX_BTSX:AGEGROUP_YEARSUNDER5:WEALTHQUINTILE_TOTL,1958-01-01,2026-09-07T16:09:13Z,low,117.084809672,,who.gho.mdg-0000000007,raw/who.gho.mdg-0000000007/2026/09/20260907T160913Z-86e8fac132bd.json.gz,2
who.gho.mdg-0000000007,MDG_0000000007:PRT:SEX_BTSX:AGEGROUP_YEARSUNDER5:WEALTHQUINTILE_TOTL,1958-01-01,2026-09-07T16:09:13Z,restated_at,2026-08-05,,who.gho.mdg-0000000007,raw/who.gho.mdg-0000000007/2026/09/20260907T160913Z-86e8fac132bd.json.gz,2
who.gho.mdg-0000000007,MDG_0000000007:PRT:SEX_BTSX:AGEGROUP_YEARSUNDER5:WEALTHQUINTILE_TOTL,1958-01-01,2026-09-07T16:09:13Z,value,119.582774072,,who.gho.mdg-0000000007,raw/who.gho.mdg-0000000007/2026/09/20260907T160913Z-86e8fac132bd.json.gz,2
who.gho.mdg-0000000007,MDG_0000000007:PRT:SEX_FMLE:AGEGROUP_YEARSUNDER5:WEALTHQUINTILE_TOTL,1958-01-01,2026-09-07T16:06:07Z,high,114.812730865,,who.gho.mdg-0000000007,raw/who.gho.mdg-0000000007/2026/09/20260907T160607Z-9445f1b065fa.json.gz,2
who.gho.mdg-0000000007,MDG_0000000007:PRT:SEX_FMLE:AGEGROUP_YEARSUNDER5:WEALTHQUINTILE_TOTL,1958-01-01,2026-09-07T16:06:07Z,low,109.796493821,,who.gho.mdg-0000000007,raw/who.gho.mdg-0000000007/2026/09/20260907T160607Z-9445f1b065fa.json.gz,2
who.gho.mdg-0000000007,MDG_0000000007:PRT:SEX_FMLE:AGEGROUP_YEARSUNDER5:WEALTHQUINTILE_TOTL,1958-01-01,2026-09-07T16:06:07Z,restated_at,2026-08-05,,who.gho.mdg-0000000007,raw/who.gho.mdg-0000000007/2026/09/20260907T160607Z-9445f1b065fa.json.gz,2
who.gho.mdg-0000000007,MDG_0000000007:PRT:SEX_FMLE:AGEGROUP_YEARSUNDER5:WEALTHQUINTILE_TOTL,1958-01-01,2026-09-07T16:06:07Z,value,112.244188293,,who.gho.mdg-0000000007,raw/who.gho.mdg-0000000007/2026/09/20260907T160607Z-9445f1b065fa.json.gz,2
who.gho.mdg-0000000007,MDG_0000000007:PRT:SEX_MLE:AGEGROUP_YEARSUNDER5:WEALTHQUINTILE_TOTL,1958-01-01,2026-09-07T16:10:41Z,high,129.402865677,,who.gho.mdg-0000000007,raw/who.gho.mdg-0000000007/2026/09/20260907T161041Z-4752b74784e1.json.gz,2
who.gho.mdg-0000000007,MDG_0000000007:PRT:SEX_MLE:AGEGROUP_YEARSUNDER5:WEALTHQUINTILE_TOTL,1958-01-01,2026-09-07T16:10:41Z,low,123.829635748,,who.gho.mdg-0000000007,raw/who.gho.mdg-0000000007/2026/09/20260907T161041Z-4752b74784e1.json.gz,2
who.gho.mdg-0000000007,MDG_0000000007:PRT:SEX_MLE:AGEGROUP_YEARSUNDER5:WEALTHQUINTILE_TOTL,1958-01-01,2026-09-07T16:10:41Z,restated_at,2026-08-05,,who.gho.mdg-0000000007,raw/who.gho.mdg-0000000007/2026/09/20260907T161041Z-4752b74784e1.json.gz,2
who.gho.mdg-0000000007,MDG_0000000007:PRT:SEX_MLE:AGEGROUP_YEARSUNDER5:WEALTHQUINTILE_TOTL,1958-01-01,2026-09-07T16:10:41Z,value,126.579098592,,who.gho.mdg-0000000007,raw/who.gho.mdg-0000000007/2026/09/20260907T161041Z-4752b74784e1.json.gz,2
who.gho.mdg-0000000007,MDG_0000000007:PRY:SEX_BTSX:AGEGROUP_YEARSUNDER5:WEALTHQUINTILE_TOTL,1958-01-01,2026-09-07T16:09:30Z,high,97.62792929,,who.gho.mdg-0000000007,raw/who.gho.mdg-0000000007/2026/09/20260907T160930Z-3a49f2d0e7d2.json.gz,2
who.gho.mdg-0000000007,MDG_0000000007:PRY:SEX_BTSX:AGEGROUP_YEARSUNDER5:WEALTHQUINTILE_TOTL,1958-01-01,2026-09-07T16:09:30Z,low,72.52992413,,who.gho.mdg-0000000007,raw/who.gho.mdg-0000000007/2026/09/20260907T160930Z-3a49f2d0e7d2.json.gz,2
who.gho.mdg-0000000007,MDG_0000000007:PRY:SEX_BTSX:AGEGROUP_YEARSUNDER5:WEALTHQUINTILE_TOTL,1958-01-01,2026-09-07T16:09:30Z,restated_at,2026-08-05,,who.gho.mdg-0000000007,raw/who.gho.mdg-0000000007/2026/09/20260907T160930Z-3a49f2d0e7d2.json.gz,2
who.gho.mdg-0000000007,MDG_0000000007:PRY:SEX_BTSX:AGEGROUP_YEARSUNDER5:WEALTHQUINTILE_TOTL,1958-01-01,2026-09-07T16:09:30Z,value,84.495797594,,who.gho.mdg-0000000007,raw/who.gho.mdg-0000000007/2026/09/20260907T160930Z-3a49f2d0e7d2.json.gz,2
who.gho.mdg-0000000007,MDG_0000000007:PRY:SEX_FMLE:AGEGROUP_YEARSUNDER5:WEALTHQUINTILE_TOTL,1958-01-01,2026-09-07T16:05:48Z,high,91.745025768,,who.gho.mdg-0000000007,raw/who.gho.mdg-0000000007/2026/09/20260907T160548Z-1609a76f5ecc.json.gz,2
who.gho.mdg-0000000007,MDG_0000000007:PRY:SEX_FMLE:AGEGROUP_YEARSUNDER5:WEALTHQUINTILE_TOTL,1958-01-01,2026-09-07T16:05:48Z,low,67.329507597,,who.gho.mdg-0000000007,raw/who.gho.mdg-0000000007/2026/09/20260907T160548Z-1609a76f5ecc.json.gz,2
who.gho.mdg-0000000007,MDG_0000000007:PRY:SEX_FMLE:AGEGROUP_YEARSUNDER5:WEALTHQUINTILE_TOTL,1958-01-01,2026-09-07T16:05:48Z,restated_at,2026-08-05,,who.gho.mdg-0000000007,raw/who.gho.mdg-0000000007/2026/09/20260907T160548Z-1609a76f5ecc.json.gz,2
who.gho.mdg-0000000007,MDG_0000000007:PRY:SEX_FMLE:AGEGROUP_YEARSUNDER5:WEALTHQUINTILE_TOTL,1958-01-01,2026-09-07T16:05:48Z,value,78.947050967,,who.gho.mdg-0000000007,raw/who.gho.mdg-0000000007/2026/09/20260907T160548Z-1609a76f5ecc.json.gz,2
who.gho.mdg-0000000007,MDG_0000000007:PRY:SEX_MLE:AGEGROUP_YEARSUNDER5:WEALTHQUINTILE_TOTL,1958-01-01,2026-09-07T16:09:26Z,high,104.096380528,,who.gho.mdg-0000000007,raw/who.gho.mdg-0000000007/2026/09/20260907T160926Z-3ee37906b339.json.gz,2
who.gho.mdg-0000000007,MDG_0000000007:PRY:SEX_MLE:AGEGROUP_YEARSUNDER5:WEALTHQUINTILE_TOTL,1958-01-01,2026-09-07T16:09:26Z,low,76.865141269,,who.gho.mdg-0000000007,raw/who.gho.mdg-0000000007/2026/09/20260907T160926Z-3ee37906b339.json.gz,2
who.gho.mdg-0000000007,MDG_0000000007:PRY:SEX_MLE:AGEGROUP_YEARSUNDER5:WEALTHQUINTILE_TOTL,1958-01-01,2026-09-07T16:09:26Z,restated_at,2026-08-05,,who.gho.mdg-0000000007,raw/who.gho.mdg-0000000007/2026/09/20260907T160926Z-3ee37906b339.json.gz,2
who.gho.mdg-0000000007,MDG_0000000007:PRY:SEX_MLE:AGEGROUP_YEARSUNDER5:WEALTHQUINTILE_TOTL,1958-01-01,2026-09-07T16:09:26Z,value,89.873381398,,who.gho.mdg-0000000007,raw/who.gho.mdg-0000000007/2026/09/20260907T160926Z-3ee37906b339.json.gz,2
who.gho.mdg-0000000007,MDG_0000000007:ROU:SEX_BTSX:AGEGROUP_YEARSUNDER5:WEALTHQUINTILE_TOTL,1958-01-01,2026-09-07T16:10:45Z,high,101.893343403,,who.gho.mdg-0000000007,raw/who.gho.mdg-0000000007/2026/09/20260907T161045Z-53a7d24c459b.json.gz,2
who.gho.mdg-0000000007,MDG_0000000007:ROU:SEX_BTSX:AGEGROUP_YEARSUNDER5:WEALTHQUINTILE_TOTL,1958-01-01,2026-09-07T16:10:45Z,low,91.637026306,,who.gho.mdg-0000000007,raw/who.gho.mdg-0000000007/2026/09/20260907T161045Z-53a7d24c459b.json.gz,2
who.gho.mdg-0000000007,MDG_0000000007:ROU:SEX_BTSX:AGEGROUP_YEARSUNDER5:WEALTHQUINTILE_TOTL,1958-01-01,2026-09-07T16:10:45Z,restated_at,2026-08-05,,who.gho.mdg-0000000007,raw/who.gho.mdg-0000000007/2026/09/20260907T161045Z-53a7d24c459b.json.gz,2
who.gho.mdg-0000000007,MDG_0000000007:ROU:SEX_BTSX:AGEGROUP_YEARSUNDER5:WEALTHQUINTILE_TOTL,1958-01-01,2026-09-07T16:10:45Z,value,96.584675381,,who.gho.mdg-0000000007,raw/who.gho.mdg-0000000007/2026/09/20260907T161045Z-53a7d24c459b.json.gz,2
who.gho.mdg-0000000007,MDG_0000000007:ROU:SEX_FMLE:AGEGROUP_YEARSUNDER5:WEALTHQUINTILE_TOTL,1958-01-01,2026-09-07T16:09:59Z,high,95.055736092,,who.gho.mdg-0000000007,raw/who.gho.mdg-0000000007/2026/09/20260907T160959Z-e41937f31aea.json.gz,2
who.gho.mdg-0000000007,MDG_0000000007:ROU:SEX_FMLE:AGEGROUP_YEARSUNDER5:WEALTHQUINTILE_TOTL,1958-01-01,2026-09-07T16:09:59Z,low,85.171416469,,who.gho.mdg-0000000007,raw/who.gho.mdg-0000000007/2026/09/20260907T160959Z-e41937f31aea.json.gz,2
who.gho.mdg-0000000007,MDG_0000000007:ROU:SEX_FMLE:AGEGROUP_YEARSUNDER5:WEALTHQUINTILE_TOTL,1958-01-01,2026-09-07T16:09:59Z,restated_at,2026-08-05,,who.gho.mdg-0000000007,raw/who.gho.mdg-0000000007/2026/09/20260907T160959Z-e41937f31aea.json.gz,2
who.gho.mdg-0000000007,MDG_0000000007:ROU:SEX_FMLE:AGEGROUP_YEARSUNDER5:WEALTHQUINTILE_TOTL,1958-01-01,2026-09-07T16:09:59Z,value,89.972702799,,who.gho.mdg-0000000007,raw/who.gho.mdg-0000000007/2026/09/20260907T160959Z-e41937f31aea.json.gz,2
who.gho.mdg-0000000007,MDG_0000000007:ROU:SEX_MLE:AGEGROUP_YEARSUNDER5:WEALTHQUINTILE_TOTL,1958-01-01,2026-09-07T16:09:30Z,high,108.699206637,,who.gho.mdg-0000000007,raw/who.gho.mdg-0000000007/2026/09/20260907T160930Z-3a49f2d0e7d2.json.gz,2
who.gho.mdg-0000000007,MDG_0000000007:ROU:SEX_MLE:AGEGROUP_YEARSUNDER5:WEALTHQUINTILE_TOTL,1958-01-01,2026-09-07T16:09:30Z,low,97.456235597,,who.gho.mdg-0000000007,raw/who.gho.mdg-0000000007/2026/09/20260907T160930Z-3a49f2d0e7d2.json.gz,2
who.gho.mdg-0000000007,MDG_0000000007:ROU:SEX_MLE:AGEGROUP_YEARSUNDER5:WEALTHQUINTILE_TOTL,1958-01-01,2026-09-07T16:09:30Z,restated_at,2026-08-05,,who.gho.mdg-0000000007,raw/who.gho.mdg-0000000007/2026/09/20260907T160930Z-3a49f2d0e7d2.json.gz,2
who.gho.mdg-0000000007,MDG_0000000007:ROU:SEX_MLE:AGEGROUP_YEARSUNDER5:WEALTHQUINTILE_TOTL,1958-01-01,2026-09-07T16:09:30Z,value,102.913622195,,who.gho.mdg-0000000007,raw/who.gho.mdg-0000000007/2026/09/20260907T160930Z-3a49f2d0e7d2.json.gz,2
who.gho.mdg-0000000007,MDG_0000000007:RUS:SEX_BTSX:AGEGROUP_YEARSUNDER5:WEALTHQUINTILE_TOTL,1958-01-01,2026-09-07T16:08:50Z,high,59.854804271,,who.gho.mdg-0000000007,raw/who.gho.mdg-0000000007/2026/09/20260907T160850Z-957169f3a50e.json.gz,2
who.gho.mdg-0000000007,MDG_0000000007:RUS:SEX_BTSX:AGEGROUP_YEARSUNDER5:WEALTHQUINTILE_TOTL,1958-01-01,2026-09-07T16:08:50Z,low,45.795338275,,who.gho.mdg-0000000007,raw/who.gho.mdg-0000000007/2026/09/20260907T160850Z-957169f3a50e.json.gz,2
who.gho.mdg-0000000007,MDG_0000000007:RUS:SEX_BTSX:AGEGROUP_YEARSUNDER5:WEALTHQUINTILE_TOTL,1958-01-01,2026-09-07T16:08:50Z,restated_at,2026-08-05,,who.gho.mdg-0000000007,raw/who.gho.mdg-0000000007/2026/09/20260907T160850Z-957169f3a50e.json.gz,2
who.gho.mdg-0000000007,MDG_0000000007:RUS:SEX_BTSX:AGEGROUP_YEARSUNDER5:WEALTHQUINTILE_TOTL,1958-01-01,2026-09-07T16:08:50Z,value,52.385977225,,who.gho.mdg-0000000007,raw/who.gho.mdg-0000000007/2026/09/20260907T160850Z-957169f3a50e.json.gz,2
who.gho.mdg-0000000007,MDG_0000000007:RUS:SEX_FMLE:AGEGROUP_YEARSUNDER5:WEALTHQUINTILE_TOTL,1958-01-01,2026-09-07T16:05:35Z,high,53.420181996,,who.gho.mdg-0000000007,raw/who.gho.mdg-0000000007/2026/09/20260907T160535Z-bcafb05f6fe8.json.gz,2
who.gho.mdg-0000000007,MDG_0000000007:RUS:SEX_FMLE:AGEGROUP_YEARSUNDER5:WEALTHQUINTILE_TOTL,1958-01-01,2026-09-07T16:05:35Z,low,40.390100309,,who.gho.mdg-0000000007,raw/who.gho.mdg-0000000007/2026/09/20260907T160535Z-bcafb05f6fe8.json.gz,2
who.gho.mdg-0000000007,MDG_0000000007:RUS:SEX_FMLE:AGEGROUP_YEARSUNDER5:WEALTHQUINTILE_TOTL,1958-01-01,2026-09-07T16:05:35Z,restated_at,2026-08-05,,who.gho.mdg-0000000007,raw/who.gho.mdg-0000000007/2026/09/20260907T160535Z-bcafb05f6fe8.json.gz,2
who.gho.mdg-0000000007,MDG_0000000007:RUS:SEX_FMLE:AGEGROUP_YEARSUNDER5:WEALTHQUINTILE_TOTL,1958-01-01,2026-09-07T16:05:35Z,value,46.453035356,,who.gho.mdg-0000000007,raw/who.gho.mdg-0000000007/2026/09/20260907T160535Z-bcafb05f6fe8.json.gz,2
who.gho.mdg-0000000007,MDG_0000000007:RUS:SEX_MLE:AGEGROUP_YEARSUNDER5:WEALTHQUINTILE_TOTL,1958-01-01,2026-09-07T16:09:51Z,high,66.789475681,,who.gho.mdg-0000000007,raw/who.gho.mdg-0000000007/2026/09/20260907T160951Z-f1aadb832125.json.gz,2
who.gho.mdg-0000000007,MDG_0000000007:RUS:SEX_MLE:AGEGROUP_YEARSUNDER5:WEALTHQUINTILE_TOTL,1958-01-01,2026-09-07T16:09:51Z,low,50.458676352,,who.gho.mdg-0000000007,raw/who.gho.mdg-0000000007/2026/09/20260907T160951Z-f1aadb832125.json.gz,2
who.gho.mdg-0000000007,MDG_0000000007:RUS:SEX_MLE:AGEGROUP_YEARSUNDER5:WEALTHQUINTILE_TOTL,1958-01-01,2026-09-07T16:09:51Z,restated_at,2026-08-05,,who.gho.mdg-0000000007,raw/who.gho.mdg-0000000007/2026/09/20260907T160951Z-f1aadb832125.json.gz,2
who.gho.mdg-0000000007,MDG_0000000007:RUS:SEX_MLE:AGEGROUP_YEARSUNDER5:WEALTHQUINTILE_TOTL,1958-01-01,2026-09-07T16:09:51Z,value,58.084080123,,who.gho.mdg-0000000007,raw/who.gho.mdg-0000000007/2026/09/20260907T160951Z-f1aadb832125.json.gz,2
who.gho.mdg-0000000007,MDG_0000000007:RWA:SEX_BTSX:AGEGROUP_YEARSUNDER5:WEALTHQUINTILE_TOTL,1958-01-01,2026-09-07T16:06:21Z,high,269.438737563,,who.gho.mdg-0000000007,raw/who.gho.mdg-0000000007/2026/09/20260907T160621Z-1819ad2538c7.json.gz,2
who.gho.mdg-0000000007,MDG_0000000007:RWA:SEX_BTSX:AGEGROUP_YEARSUNDER5:WEALTHQUINTILE_TOTL,1958-01-01,2026-09-07T16:06:21Z,low,200.381793759,,who.gho.mdg-0000000007,raw/who.gho.mdg-0000000007/2026/09/20260907T160621Z-1819ad2538c7.json.gz,2
who.gho.mdg-0000000007,MDG_0000000007:RWA:SEX_BTSX:AGEGROUP_YEARSUNDER5:WEALTHQUINTILE_TOTL,1958-01-01,2026-09-07T16:06:21Z,restated_at,2026-08-05,,who.gho.mdg-0000000007,raw/who.gho.mdg-0000000007/2026/09/20260907T160621Z-1819ad2538c7.json.gz,2
who.gho.mdg-0000000007,MDG_0000000007:RWA:SEX_BTSX:AGEGROUP_YEARSUNDER5:WEALTHQUINTILE_TOTL,1958-01-01,2026-09-07T16:06:21Z,value,230.799351525,,who.gho.mdg-0000000007,raw/who.gho.mdg-0000000007/2026/09/20260907T160621Z-1819ad2538c7.json.gz,2
who.gho.mdg-0000000007,MDG_0000000007:RWA:SEX_FMLE:AGEGROUP_YEARSUNDER5:WEALTHQUINTILE_TOTL,1958-01-01,2026-09-07T16:05:06Z,high,259.595092196,,who.gho.mdg-0000000007,raw/who.gho.mdg-0000000007/2026/09/20260907T160506Z-a219a21e2a4a.json.gz,2
who.gho.mdg-0000000007,MDG_0000000007:RWA:SEX_FMLE:AGEGROUP_YEARSUNDER5:WEALTHQUINTILE_TOTL,1958-01-01,2026-09-07T16:05:06Z,low,191.690986957,,who.gho.mdg-0000000007,raw/who.gho.mdg-0000000007/2026/09/20260907T160506Z-a219a21e2a4a.json.gz,2
who.gho.mdg-0000000007,MDG_0000000007:RWA:SEX_FMLE:AGEGROUP_YEARSUNDER5:WEALTHQUINTILE_TOTL,1958-01-01,2026-09-07T16:05:06Z,restated_at,2026-08-05,,who.gho.mdg-0000000007,raw/who.gho.mdg-0000000007/2026/09/20260907T160506Z-a219a21e2a4a.json.gz,2
who.gho.mdg-0000000007,MDG_0000000007:RWA:SEX_FMLE:AGEGROUP_YEARSUNDER5:WEALTHQUINTILE_TOTL,1958-01-01,2026-09-07T16:05:06Z,value,222.43440338,,who.gho.mdg-0000000007,raw/who.gho.mdg-0000000007/2026/09/20260907T160506Z-a219a21e2a4a.json.gz,2
who.gho.mdg-0000000007,MDG_0000000007:RWA:SEX_MLE:AGEGROUP_YEARSUNDER5:WEALTHQUINTILE_TOTL,1958-01-01,2026-09-07T16:10:41Z,high,279.766484548,,who.gho.mdg-0000000007,raw/who.gho.mdg-0000000007/2026/09/20260907T161041Z-4752b74784e1.json.gz,2
who.gho.mdg-0000000007,MDG_0000000007:RWA:SEX_MLE:AGEGROUP_YEARSUNDER5:WEALTHQUINTILE_TOTL,1958-01-01,2026-09-07T16:10:41Z,low,206.677748583,,who.gho.mdg-0000000007,raw/who.gho.mdg-0000000007/2026/09/20260907T161041Z-4752b74784e1.json.gz,2
who.gho.mdg-0000000007,MDG_0000000007:RWA:SEX_MLE:AGEGROUP_YEARSUNDER5:WEALTHQUINTILE_TOTL,1958-01-01,2026-09-07T16:10:41Z,restated_at,2026-08-05,,who.gho.mdg-0000000007,raw/who.gho.mdg-0000000007/2026/09/20260907T161041Z-4752b74784e1.json.gz,2
who.gho.mdg-0000000007,MDG_0000000007:RWA:SEX_MLE:AGEGROUP_YEARSUNDER5:WEALTHQUINTILE_TOTL,1958-01-01,2026-09-07T16:10:41Z,value,239.119873123,,who.gho.mdg-0000000007,raw/who.gho.mdg-0000000007/2026/09/20260907T161041Z-4752b74784e1.json.gz,2
who.gho.mdg-0000000007,MDG_0000000007:SDN:SEX_BTSX:AGEGROUP_YEARSUNDER5:WEALTHQUINTILE_TOTL,1958-01-01,2026-09-07T16:09:03Z,high,203.702995254,,who.gho.mdg-0000000007,raw/who.gho.mdg-0000000007/2026/09/20260907T160903Z-df09845b881e.json.gz,2
who.gho.mdg-0000000007,MDG_0000000007:SDN:SEX_BTSX:AGEGROUP_YEARSUNDER5:WEALTHQUINTILE_TOTL,1958-01-01,2026-09-07T16:09:03Z,low,166.247041596,,who.gho.mdg-0000000007,raw/who.gho.mdg-0000000007/2026/09/20260907T160903Z-df09845b881e.json.gz,2
who.gho.mdg-0000000007,MDG_0000000007:SDN:SEX_BTSX:AGEGROUP_YEARSUNDER5:WEALTHQUINTILE_TOTL,1958-01-01,2026-09-07T16:09:03Z,restated_at,2026-08-05,,who.gho.mdg-0000000007,raw/who.gho.mdg-0000000007/2026/09/20260907T160903Z-df09845b881e.json.gz,2
who.gho.mdg-0000000007,MDG_0000000007:SDN:SEX_BTSX:AGEGROUP_YEARSUNDER5:WEALTHQUINTILE_TOTL,1958-01-01,2026-09-07T16:09:03Z,value,184.702290158,,who.gho.mdg-0000000007,raw/who.gho.mdg-0000000007/2026/09/20260907T160903Z-df09845b881e.json.gz,2
who.gho.mdg-0000000007,MDG_0000000007:SDN:SEX_FMLE:AGEGROUP_YEARSUNDER5:WEALTHQUINTILE_TOTL,1958-01-01,2026-09-07T16:08:45Z,high,196.302442381,,who.gho.mdg-0000000007,raw/who.gho.mdg-0000000007/2026/09/20260907T160845Z-9b23f1f1b45b.json.gz,2
who.gho.mdg-0000000007,MDG_0000000007:SDN:SEX_FMLE:AGEGROUP_YEARSUNDER5:WEALTHQUINTILE_TOTL,1958-01-01,2026-09-07T16:08:45Z,low,158.491137715,,who.gho.mdg-0000000007,raw/who.gho.mdg-0000000007/2026/09/20260907T160845Z-9b23f1f1b45b.json.gz,2
who.gho.mdg-0000000007,MDG_0000000007:SDN:SEX_FMLE:AGEGROUP_YEARSUNDER5:WEALTHQUINTILE_TOTL,1958-01-01,2026-09-07T16:08:45Z,restated_at,2026-08-05,,who.gho.mdg-0000000007,raw/who.gho.mdg-0000000007/2026/09/20260907T160845Z-9b23f1f1b45b.json.gz,2
who.gho.mdg-0000000007,MDG_0000000007:SDN:SEX_FMLE:AGEGROUP_YEARSUNDER5:WEALTHQUINTILE_TOTL,1958-01-01,2026-09-07T16:08:45Z,value,176.916100985,,who.gho.mdg-0000000007,raw/who.gho.mdg-0000000007/2026/09/20260907T160845Z-9b23f1f1b45b.json.gz,2
who.gho.mdg-0000000007,MDG_0000000007:SDN:SEX_MLE:AGEGROUP_YEARSUNDER5:WEALTHQUINTILE_TOTL,1958-01-01,2026-09-07T16:08:45Z,high,212.431559209,,who.gho.mdg-0000000007,raw/who.gho.mdg-0000000007/2026/09/20260907T160845Z-9b23f1f1b45b.json.gz,2
who.gho.mdg-0000000007,MDG_0000000007:SDN:SEX_MLE:AGEGROUP_YEARSUNDER5:WEALTHQUINTILE_TOTL,1958-01-01,2026-09-07T16:08:45Z,low,172.153817155,,who.gho.mdg-0000000007,raw/who.gho.mdg-0000000007/2026/09/20260907T160845Z-9b23f1f1b45b.json.gz,2
who.gho.mdg-0000000007,MDG_0000000007:SDN:SEX_MLE:AGEGROUP_YEARSUNDER5:WEALTHQUINTILE_TOTL,1958-01-01,2026-09-07T16:08:45Z,restated_at,2026-08-05,,who.gho.mdg-0000000007,raw/who.gho.mdg-0000000007/2026/09/20260907T160845Z-9b23f1f1b45b.json.gz,2
who.gho.mdg-0000000007,MDG_0000000007:SDN:SEX_MLE:AGEGROUP_YEARSUNDER5:WEALTHQUINTILE_TOTL,1958-01-01,2026-09-07T16:08:45Z,value,192.022457497,,who.gho.mdg-0000000007,raw/who.gho.mdg-0000000007/2026/09/20260907T160845Z-9b23f1f1b45b.json.gz,2
who.gho.mdg-0000000007,MDG_0000000007:SEN:SEX_BTSX:AGEGROUP_YEARSUNDER5:WEALTHQUINTILE_TOTL,1958-01-01,2026-09-07T16:10:45Z,high,331.461215105,,who.gho.mdg-0000000007,raw/who.gho.mdg-0000000007/2026/09/20260907T161045Z-53a7d24c459b.json.gz,2
who.gho.mdg-0000000007,MDG_0000000007:SEN:SEX_BTSX:AGEGROUP_YEARSUNDER5:WEALTHQUINTILE_TOTL,1958-01-01,2026-09-07T16:10:45Z,low,268.414358698,,who.gho.mdg-0000000007,raw/who.gho.mdg-0000000007/2026/09/20260907T161045Z-53a7d24c459b.json.gz,2
who.gho.mdg-0000000007,MDG_0000000007:SEN:SEX_BTSX:AGEGROUP_YEARSUNDER5:WEALTHQUINTILE_TOTL,1958-01-01,2026-09-07T16:10:45Z,restated_at,2026-08-05,,who.gho.mdg-0000000007,raw/who.gho.mdg-0000000007/2026/09/20260907T161045Z-53a7d24c459b.json.gz,2
who.gho.mdg-0000000007,MDG_0000000007:SEN:SEX_BTSX:AGEGROUP_YEARSUNDER5:WEALTHQUINTILE_TOTL,1958-01-01,2026-09-07T16:10:45Z,value,298.158642528,,who.gho.mdg-0000000007,raw/who.gho.mdg-0000000007/2026/09/20260907T161045Z-53a7d24c459b.json.gz,2
who.gho.mdg-0000000007,MDG_0000000007:SEN:SEX_FMLE:AGEGROUP_YEARSUNDER5:WEALTHQUINTILE_TOTL,1958-01-01,2026-09-07T16:09:38Z,high,327.242955659,,who.gho.mdg-0000000007,raw/who.gho.mdg-0000000007/2026/09/20260907T160938Z-81612038db74.json.gz,2
who.gho.mdg-0000000007,MDG_0000000007:SEN:SEX_FMLE:AGEGROUP_YEARSUNDER5:WEALTHQUINTILE_TOTL,1958-01-01,2026-09-07T16:09:38Z,low,263.249797715,,who.gho.mdg-0000000007,raw/who.gho.mdg-0000000007/2026/09/20260907T160938Z-81612038db74.json.gz,2
who.gho.mdg-0000000007,MDG_0000000007:SEN:SEX_FMLE:AGEGROUP_YEARSUNDER5:WEALTHQUINTILE_TOTL,1958-01-01,2026-09-07T16:09:38Z,restated_at,2026-08-05,,who.gho.mdg-0000000007,raw/who.gho.mdg-0000000007/2026/09/20260907T160938Z-81612038db74.json.gz,2
who.gho.mdg-0000000007,MDG_0000000007:SEN:SEX_FMLE:AGEGROUP_YEARSUNDER5:WEALTHQUINTILE_TOTL,1958-01-01,2026-09-07T16:09:38Z,value,293.078462035,,who.gho.mdg-0000000007,raw/who.gho.mdg-0000000007/2026/09/20260907T160938Z-81612038db74.json.gz,2
who.gho.mdg-0000000007,MDG_0000000007:SEN:SEX_MLE:AGEGROUP_YEARSUNDER5:WEALTHQUINTILE_TOTL,1958-01-01,2026-09-07T16:11:22Z,high,338.034340901,,who.gho.mdg-0000000007,raw/who.gho.mdg-0000000007/2026/09/20260907T161122Z-4e9c288e3adb.json.gz,2
who.gho.mdg-0000000007,MDG_0000000007:SEN:SEX_MLE:AGEGROUP_YEARSUNDER5:WEALTHQUINTILE_TOTL,1958-01-01,2026-09-07T16:11:22Z,low,271.928476198,,who.gho.mdg-0000000007,raw/who.gho.mdg-0000000007/2026/09/20260907T161122Z-4e9c288e3adb.json.gz,2
who.gho.mdg-0000000007,MDG_0000000007:SEN:SEX_MLE:AGEGROUP_YEARSUNDER5:WEALTHQUINTILE_TOTL,1958-01-01,2026-09-07T16:11:22Z,restated_at,2026-08-05,,who.gho.mdg-0000000007,raw/who.gho.mdg-0000000007/2026/09/20260907T161122Z-4e9c288e3adb.json.gz,2
who.gho.mdg-0000000007,MDG_0000000007:SEN:SEX_MLE:AGEGROUP_YEARSUNDER5:WEALTHQUINTILE_TOTL,1958-01-01,2026-09-07T16:11:22Z,value,303.218860044,,who.gho.mdg-0000000007,raw/who.gho.mdg-0000000007/2026/09/20260907T161122Z-4e9c288e3adb.json.gz,2
who.gho.mdg-0000000007,MDG_0000000007:SGP:SEX_BTSX:AGEGROUP_YEARSUNDER5:WEALTHQUINTILE_TOTL,1958-01-01,2026-09-07T16:06:29Z,high,58.052550142,,who.gho.mdg-0000000007,raw/who.gho.mdg-0000000007/2026/09/20260907T160629Z-f6ed87825938.json.gz,2
who.gho.mdg-0000000007,MDG_0000000007:SGP:SEX_BTSX:AGEGROUP_YEARSUNDER5:WEALTHQUINTILE_TOTL,1958-01-01,2026-09-07T16:06:29Z,low,55.4701819,,who.gho.mdg-0000000007,raw/who.gho.mdg-0000000007/2026/09/20260907T160629Z-f6ed87825938.json.gz,2
who.gho.mdg-0000000007,MDG_0000000007:SGP:SEX_BTSX:AGEGROUP_YEARSUNDER5:WEALTHQUINTILE_TOTL,1958-01-01,2026-09-07T16:06:29Z,restated_at,2026-08-05,,who.gho.mdg-0000000007,raw/who.gho.mdg-0000000007/2026/09/20260907T160629Z-f6ed87825938.json.gz,2
who.gho.mdg-0000000007,MDG_0000000007:SGP:SEX_BTSX:AGEGROUP_YEARSUNDER5:WEALTHQUINTILE_TOTL,1958-01-01,2026-09-07T16:06:29Z,value,56.745206649,,who.gho.mdg-0000000007,raw/who.gho.mdg-0000000007/2026/09/20260907T160629Z-f6ed87825938.json.gz,2
who.gho.mdg-0000000007,MDG_0000000007:SGP:SEX_FMLE:AGEGROUP_YEARSUNDER5:WEALTHQUINTILE_TOTL,1958-01-01,2026-09-07T16:09:22Z,high,53.417377405,,who.gho.mdg-0000000007,raw/who.gho.mdg-0000000007/2026/09/20260907T160922Z-b03be7779b07.json.gz,2
who.gho.mdg-0000000007,MDG_0000000007:SGP:SEX_FMLE:AGEGROUP_YEARSUNDER5:WEALTHQUINTILE_TOTL,1958-01-01,2026-09-07T16:09:22Z,low,50.658360646,,who.gho.mdg-0000000007,raw/who.gho.mdg-0000000007/2026/09/20260907T160922Z-b03be7779b07.json.gz,2
who.gho.mdg-0000000007,MDG_0000000007:SGP:SEX_FMLE:AGEGROUP_YEARSUNDER5:WEALTHQUINTILE_TOTL,1958-01-01,2026-09-07T16:09:22Z,restated_at,2026-08-05,,who.gho.mdg-0000000007,raw/who.gho.mdg-0000000007/2026/09/20260907T160922Z-b03be7779b07.json.gz,2
who.gho.mdg-0000000007,MDG_0000000007:SGP:SEX_FMLE:AGEGROUP_YEARSUNDER5:WEALTHQUINTILE_TOTL,1958-01-01,2026-09-07T16:09:22Z,value,52.019188549,,who.gho.mdg-0000000007,raw/who.gho.mdg-0000000007/2026/09/20260907T160922Z-b03be7779b07.json.gz,2
who.gho.mdg-0000000007,MDG_0000000007:SGP:SEX_MLE:AGEGROUP_YEARSUNDER5:WEALTHQUINTILE_TOTL,1958-01-01,2026-09-07T16:11:10Z,high,62.777433133,,who.gho.mdg-0000000007,raw/who.gho.mdg-0000000007/2026/09/20260907T161110Z-9f3e1e4fe296.json.gz,2
who.gho.mdg-0000000007,MDG_0000000007:SGP:SEX_MLE:AGEGROUP_YEARSUNDER5:WEALTHQUINTILE_TOTL,1958-01-01,2026-09-07T16:11:10Z,low,59.733954765,,who.gho.mdg-0000000007,raw/who.gho.mdg-0000000007/2026/09/20260907T161110Z-9f3e1e4fe296.json.gz,2
who.gho.mdg-0000000007,MDG_0000000007:SGP:SEX_MLE:AGEGROUP_YEARSUNDER5:WEALTHQUINTILE_TOTL,1958-01-01,2026-09-07T16:11:10Z,restated_at,2026-08-05,,who.gho.mdg-0000000007,raw/who.gho.mdg-0000000007/2026/09/20260907T161110Z-9f3e1e4fe296.json.gz,2
who.gho.mdg-0000000007,MDG_0000000007:SGP:SEX_MLE:AGEGROUP_YEARSUNDER5:WEALTHQUINTILE_TOTL,1958-01-01,2026-09-07T16:11:10Z,value,61.239622582,,who.gho.mdg-0000000007,raw/who.gho.mdg-0000000007/2026/09/20260907T161110Z-9f3e1e4fe296.json.gz,2
who.gho.mdg-0000000007,MDG_0000000007:SLB:SEX_BTSX:AGEGROUP_YEARSUNDER5:WEALTHQUINTILE_TOTL,1958-01-01,2026-09-07T16:09:08Z,high,202.465664288,,who.gho.mdg-0000000007,raw/who.gho.mdg-0000000007/2026/09/20260907T160908Z-96acbc2bc7cb.json.gz,2
who.gho.mdg-0000000007,MDG_0000000007:SLB:SEX_BTSX:AGEGROUP_YEARSUNDER5:WEALTHQUINTILE_TOTL,1958-01-01,2026-09-07T16:09:08Z,low,161.015157462,,who.gho.mdg-0000000007,raw/who.gho.mdg-0000000007/2026/09/20260907T160908Z-96acbc2bc7cb.json.gz,2
who.gho.mdg-0000000007,MDG_0000000007:SLB:SEX_BTSX:AGEGROUP_YEARSUNDER5:WEALTHQUINTILE_TOTL,1958-01-01,2026-09-07T16:09:08Z,restated_at,2026-08-05,,who.gho.mdg-0000000007,raw/who.gho.mdg-0000000007/2026/09/20260907T160908Z-96acbc2bc7cb.json.gz,2
who.gho.mdg-0000000007,MDG_0000000007:SLB:SEX_BTSX:AGEGROUP_YEARSUNDER5:WEALTHQUINTILE_TOTL,1958-01-01,2026-09-07T16:09:08Z,value,180.294487634,,who.gho.mdg-0000000007,raw/who.gho.mdg-0000000007/2026/09/20260907T160908Z-96acbc2bc7cb.json.gz,2
who.gho.mdg-0000000007,MDG_0000000007:SLB:SEX_FMLE:AGEGROUP_YEARSUNDER5:WEALTHQUINTILE_TOTL,1958-01-01,2026-09-07T16:08:38Z,high,196.605840019,,who.gho.mdg-0000000007,raw/who.gho.mdg-0000000007/2026/09/20260907T160838Z-ad9f959b97c6.json.gz,2
who.gho.mdg-0000000007,MDG_0000000007:SLB:SEX_FMLE:AGEGROUP_YEARSUNDER5:WEALTHQUINTILE_TOTL,1958-01-01,2026-09-07T16:08:38Z,low,153.781523654,,who.gho.mdg-0000000007,raw/who.gho.mdg-0000000007/2026/09/20260907T160838Z-ad9f959b97c6.json.gz,2
who.gho.mdg-0000000007,MDG_0000000007:SLB:SEX_FMLE:AGEGROUP_YEARSUNDER5:WEALTHQUINTILE_TOTL,1958-01-01,2026-09-07T16:08:38Z,restated_at,2026-08-05,,who.gho.mdg-0000000007,raw/who.gho.mdg-0000000007/2026/09/20260907T160838Z-ad9f959b97c6.json.gz,2
who.gho.mdg-0000000007,MDG_0000000007:SLB:SEX_FMLE:AGEGROUP_YEARSUNDER5:WEALTHQUINTILE_TOTL,1958-01-01,2026-09-07T16:08:38Z,value,173.450182889,,who.gho.mdg-0000000007,raw/who.gho.mdg-0000000007/2026/09/20260907T160838Z-ad9f959b97c6.json.gz,2
who.gho.mdg-0000000007,MDG_0000000007:SLB:SEX_MLE:AGEGROUP_YEARSUNDER5:WEALTHQUINTILE_TOTL,1958-01-01,2026-09-07T16:08:41Z,high,210.894823481,,who.gho.mdg-0000000007,raw/who.gho.mdg-0000000007/2026/09/20260907T160841Z-d67f78e4b8d9.json.gz,2
who.gho.mdg-0000000007,MDG_0000000007:SLB:SEX_MLE:AGEGROUP_YEARSUNDER5:WEALTHQUINTILE_TOTL,1958-01-01,2026-09-07T16:08:41Z,low,166.168164578,,who.gho.mdg-0000000007,raw/who.gho.mdg-0000000007/2026/09/20260907T160841Z-d67f78e4b8d9.json.gz,2
who.gho.mdg-0000000007,MDG_0000000007:SLB:SEX_MLE:AGEGROUP_YEARSUNDER5:WEALTHQUINTILE_TOTL,1958-01-01,2026-09-07T16:08:41Z,restated_at,2026-08-05,,who.gho.mdg-0000000007,raw/who.gho.mdg-0000000007/2026/09/20260907T160841Z-d67f78e4b8d9.json.gz,2
who.gho.mdg-0000000007,MDG_0000000007:SLB:SEX_MLE:AGEGROUP_YEARSUNDER5:WEALTHQUINTILE_TOTL,1958-01-01,2026-09-07T16:08:41Z,value,186.691492274,,who.gho.mdg-0000000007,raw/who.gho.mdg-0000000007/2026/09/20260907T160841Z-d67f78e4b8d9.json.gz,2
who.gho.mdg-0000000007,MDG_0000000007:SLE:SEX_BTSX:AGEGROUP_YEARSUNDER5:WEALTHQUINTILE_TOTL,1958-01-01,2026-09-07T16:05:26Z,high,467.479796072,,who.gho.mdg-0000000007,raw/who.gho.mdg-0000000007/2026/09/20260907T160526Z-1363df2b3da0.json.gz,2
who.gho.mdg-0000000007,MDG_0000000007:SLE:SEX_BTSX:AGEGROUP_YEARSUNDER5:WEALTHQUINTILE_TOTL,1958-01-01,2026-09-07T16:05:26Z,low,346.558426477,,who.gho.mdg-0000000007,raw/who.gho.mdg-0000000007/2026/09/20260907T160526Z-1363df2b3da0.json.gz,2
who.gho.mdg-0000000007,MDG_0000000007:SLE:SEX_BTSX:AGEGROUP_YEARSUNDER5:WEALTHQUINTILE_TOTL,1958-01-01,2026-09-07T16:05:26Z,restated_at,2026-08-05,,who.gho.mdg-0000000007,raw/who.gho.mdg-0000000007/2026/09/20260907T160526Z-1363df2b3da0.json.gz,2
who.gho.mdg-0000000007,MDG_0000000007:SLE:SEX_BTSX:AGEGROUP_YEARSUNDER5:WEALTHQUINTILE_TOTL,1958-01-01,2026-09-07T16:05:26Z,value,401.365588833,,who.gho.mdg-0000000007,raw/who.gho.mdg-0000000007/2026/09/20260907T160526Z-1363df2b3da0.json.gz,2
who.gho.mdg-0000000007,MDG_0000000007:SLE:SEX_FMLE:AGEGROUP_YEARSUNDER5:WEALTHQUINTILE_TOTL,1958-01-01,2026-09-07T16:10:03Z,high,455.10119434,,who.gho.mdg-0000000007,raw/who.gho.mdg-0000000007/2026/09/20260907T161003Z-9bcc9b7e7da4.json.gz,2
who.gho.mdg-0000000007,MDG_0000000007:SLE:SEX_FMLE:AGEGROUP_YEARSUNDER5:WEALTHQUINTILE_TOTL,1958-01-01,2026-09-07T16:10:03Z,low,334.198109828,,who.gho.mdg-0000000007,raw/who.gho.mdg-0000000007/2026/09/20260907T161003Z-9bcc9b7e7da4.json.gz,2
who.gho.mdg-0000000007,MDG_0000000007:SLE:SEX_FMLE:AGEGROUP_YEARSUNDER5:WEALTHQUINTILE_TOTL,1958-01-01,2026-09-07T16:10:03Z,restated_at,2026-08-05,,who.gho.mdg-0000000007,raw/who.gho.mdg-0000000007/2026/09/20260907T161003Z-9bcc9b7e7da4.json.gz,2
who.gho.mdg-0000000007,MDG_0000000007:SLE:SEX_FMLE:AGEGROUP_YEARSUNDER5:WEALTHQUINTILE_TOTL,1958-01-01,2026-09-07T16:10:03Z,value,388.259685929,,who.gho.mdg-0000000007,raw/who.gho.mdg-0000000007/2026/09/20260907T161003Z-9bcc9b7e7da4.json.gz,2
who.gho.mdg-0000000007,MDG_0000000007:SLE:SEX_MLE:AGEGROUP_YEARSUNDER5:WEALTHQUINTILE_TOTL,1958-01-01,2026-09-07T16:10:41Z,high,483.192479237,,who.gho.mdg-0000000007,raw/who.gho.mdg-0000000007/2026/09/20260907T161041Z-4752b74784e1.json.gz,2
who.gho.mdg-0000000007,MDG_0000000007:SLE:SEX_MLE:AGEGROUP_YEARSUNDER5:WEALTHQUINTILE_TOTL,1958-01-01,2026-09-07T16:10:41Z,low,356.231466375,,who.gho.mdg-0000000007,raw/who.gho.mdg-0000000007/2026/09/20260907T161041Z-4752b74784e1.json.gz,2
who.gho.mdg-0000000007,MDG_0000000007:SLE:SEX_MLE:AGEGROUP_YEARSUNDER5:WEALTHQUINTILE_TOTL,1958-01-01,2026-09-07T16:10:41Z,restated_at,2026-08-05,,who.gho.mdg-0000000007,raw/who.gho.mdg-0000000007/2026/09/20260907T161041Z-4752b74784e1.json.gz,2
who.gho.mdg-0000000007,MDG_0000000007:SLE:SEX_MLE:AGEGROUP_YEARSUNDER5:WEALTHQUINTILE_TOTL,1958-01-01,2026-09-07T16:10:41Z,value,414.022780374,,who.gho.mdg-0000000007,raw/who.gho.mdg-0000000007/2026/09/20260907T161041Z-4752b74784e1.json.gz,2
who.gho.mdg-0000000007,MDG_0000000007:SLV:SEX_BTSX:AGEGROUP_YEARSUNDER5:WEALTHQUINTILE_TOTL,1958-01-01,2026-09-07T16:05:22Z,high,249.735010498,,who.gho.mdg-0000000007,raw/who.gho.mdg-0000000007/2026/09/20260907T160522Z-2bd49e664eea.json.gz,2
who.gho.mdg-0000000007,MDG_0000000007:SLV:SEX_BTSX:AGEGROUP_YEARSUNDER5:WEALTHQUINTILE_TOTL,1958-01-01,2026-09-07T16:05:22Z,low,176.424701296,,who.gho.mdg-0000000007,raw/who.gho.mdg-0000000007/2026/09/20260907T160522Z-2bd49e664eea.json.gz,2
who.gho.mdg-0000000007,MDG_0000000007:SLV:SEX_BTSX:AGEGROUP_YEARSUNDER5:WEALTHQUINTILE_TOTL,1958-01-01,2026-09-07T16:05:22Z,restated_at,2026-08-05,,who.gho.mdg-0000000007,raw/who.gho.mdg-0000000007/2026/09/20260907T160522Z-2bd49e664eea.json.gz,2
who.gho.mdg-0000000007,MDG_0000000007:SLV:SEX_BTSX:AGEGROUP_YEARSUNDER5:WEALTHQUINTILE_TOTL,1958-01-01,2026-09-07T16:05:22Z,value,209.603484236,,who.gho.mdg-0000000007,raw/who.gho.mdg-0000000007/2026/09/20260907T160522Z-2bd49e664eea.json.gz,2
who.gho.mdg-0000000007,MDG_0000000007:SLV:SEX_FMLE:AGEGROUP_YEARSUNDER5:WEALTHQUINTILE_TOTL,1958-01-01,2026-09-07T16:06:16Z,high,239.037497635,,who.gho.mdg-0000000007,raw/who.gho.mdg-0000000007/2026/09/20260907T160616Z-615f6bfccb87.json.gz,2
who.gho.mdg-0000000007,MDG_0000000007:SLV:SEX_FMLE:AGEGROUP_YEARSUNDER5:WEALTHQUINTILE_TOTL,1958-01-01,2026-09-07T16:06:16Z,low,166.41829604,,who.gho.mdg-0000000007,raw/who.gho.mdg-0000000007/2026/09/20260907T160616Z-615f6bfccb87.json.gz,2
who.gho.mdg-0000000007,MDG_0000000007:SLV:SEX_FMLE:AGEGROUP_YEARSUNDER5:WEALTHQUINTILE_TOTL,1958-01-01,2026-09-07T16:06:16Z,restated_at,2026-08-05,,who.gho.mdg-0000000007,raw/who.gho.mdg-0000000007/2026/09/20260907T160616Z-615f6bfccb87.json.gz,2
who.gho.mdg-0000000007,MDG_0000000007:SLV:SEX_FMLE:AGEGROUP_YEARSUNDER5:WEALTHQUINTILE_TOTL,1958-01-01,2026-09-07T16:06:16Z,value,198.980491435,,who.gho.mdg-0000000007,raw/who.gho.mdg-0000000007/2026/09/20260907T160616Z-615f6bfccb87.json.gz,2
who.gho.mdg-0000000007,MDG_0000000007:SLV:SEX_MLE:AGEGROUP_YEARSUNDER5:WEALTHQUINTILE_TOTL,1958-01-01,2026-09-07T16:04:56Z,high,262.853380381,,who.gho.mdg-0000000007,raw/who.gho.mdg-0000000007/2026/09/20260907T160456Z-9369d1ec1a28.json.gz,2
who.gho.mdg-0000000007,MDG_0000000007:SLV:SEX_MLE:AGEGROUP_YEARSUNDER5:WEALTHQUINTILE_TOTL,1958-01-01,2026-09-07T16:04:56Z,low,184.201085391,,who.gho.mdg-0000000007,raw/who.gho.mdg-0000000007/2026/09/20260907T160456Z-9369d1ec1a28.json.gz,2
who.gho.mdg-0000000007,MDG_0000000007:SLV:SEX_MLE:AGEGROUP_YEARSUNDER5:WEALTHQUINTILE_TOTL,1958-01-01,2026-09-07T16:04:56Z,restated_at,2026-08-05,,who.gho.mdg-0000000007,raw/who.gho.mdg-0000000007/2026/09/20260907T160456Z-9369d1ec1a28.json.gz,2
who.gho.mdg-0000000007,MDG_0000000007:SLV:SEX_MLE:AGEGROUP_YEARSUNDER5:WEALTHQUINTILE_TOTL,1958-01-01,2026-09-07T16:04:56Z,value,219.782328667,,who.gho.mdg-0000000007,raw/who.gho.mdg-0000000007/2026/09/20260907T160456Z-9369d1ec1a28.json.gz,2
who.gho.mdg-0000000007,MDG_0000000007:SSD:SEX_BTSX:AGEGROUP_YEARSUNDER5:WEALTHQUINTILE_TOTL,1958-01-01,2026-09-07T16:09:08Z,high,469.688713662,,who.gho.mdg-0000000007,raw/who.gho.mdg-0000000007/2026/09/20260907T160908Z-96acbc2bc7cb.json.gz,2
who.gho.mdg-0000000007,MDG_0000000007:SSD:SEX_BTSX:AGEGROUP_YEARSUNDER5:WEALTHQUINTILE_TOTL,1958-01-01,2026-09-07T16:09:08Z,low,279.942820674,,who.gho.mdg-0000000007,raw/who.gho.mdg-0000000007/2026/09/20260907T160908Z-96acbc2bc7cb.json.gz,2
who.gho.mdg-0000000007,MDG_0000000007:SSD:SEX_BTSX:AGEGROUP_YEARSUNDER5:WEALTHQUINTILE_TOTL,1958-01-01,2026-09-07T16:09:08Z,restated_at,2026-08-05,,who.gho.mdg-0000000007,raw/who.gho.mdg-0000000007/2026/09/20260907T160908Z-96acbc2bc7cb.json.gz,2
who.gho.mdg-0000000007,MDG_0000000007:SSD:SEX_BTSX:AGEGROUP_YEARSUNDER5:WEALTHQUINTILE_TOTL,1958-01-01,2026-09-07T16:09:08Z,value,357.436840952,,who.gho.mdg-0000000007,raw/who.gho.mdg-0000000007/2026/09/20260907T160908Z-96acbc2bc7cb.json.gz,2
who.gho.mdg-0000000007,MDG_0000000007:SSD:SEX_FMLE:AGEGROUP_YEARSUNDER5:WEALTHQUINTILE_TOTL,1958-01-01,2026-09-07T16:08:38Z,high,461.51132928,,who.gho.mdg-0000000007,raw/who.gho.mdg-0000000007/2026/09/20260907T160838Z-ad9f959b97c6.json.gz,2
who.gho.mdg-0000000007,MDG_0000000007:SSD:SEX_FMLE:AGEGROUP_YEARSUNDER5:WEALTHQUINTILE_TOTL,1958-01-01,2026-09-07T16:08:38Z,low,272.592888214,,who.gho.mdg-0000000007,raw/who.gho.mdg-0000000007/2026/09/20260907T160838Z-ad9f959b97c6.json.gz,2
who.gho.mdg-0000000007,MDG_0000000007:SSD:SEX_FMLE:AGEGROUP_YEARSUNDER5:WEALTHQUINTILE_TOTL,1958-01-01,2026-09-07T16:08:38Z,restated_at,2026-08-05,,who.gho.mdg-0000000007,raw/who.gho.mdg-0000000007/2026/09/20260907T160838Z-ad9f959b97c6.json.gz,2
who.gho.mdg-0000000007,MDG_0000000007:SSD:SEX_FMLE:AGEGROUP_YEARSUNDER5:WEALTHQUINTILE_TOTL,1958-01-01,2026-09-07T16:08:38Z,value,349.654379433,,who.gho.mdg-0000000007,raw/who.gho.mdg-0000000007/2026/09/20260907T160838Z-ad9f959b97c6.json.gz,2
who.gho.mdg-0000000007,MDG_0000000007:SSD:SEX_MLE:AGEGROUP_YEARSUNDER5:WEALTHQUINTILE_TOTL,1958-01-01,2026-09-07T16:06:07Z,high,480.368395089,,who.gho.mdg-0000000007,raw/who.gho.mdg-0000000007/2026/09/20260907T160607Z-9445f1b065fa.json.gz,2
who.gho.mdg-0000000007,MDG_0000000007:SSD:SEX_MLE:AGEGROUP_YEARSUNDER5:WEALTHQUINTILE_TOTL,1958-01-01,2026-09-07T16:06:07Z,low,285.216410404,,who.gho.mdg-0000000007,raw/who.gho.mdg-0000000007/2026/09/20260907T160607Z-9445f1b065fa.json.gz,2
who.gho.mdg-0000000007,MDG_0000000007:SSD:SEX_MLE:AGEGROUP_YEARSUNDER5:WEALTHQUINTILE_TOTL,1958-01-01,2026-09-07T16:06:07Z,restated_at,2026-08-05,,who.gho.mdg-0000000007,raw/who.gho.mdg-0000000007/2026/09/20260907T160607Z-9445f1b065fa.json.gz,2
who.gho.mdg-0000000007,MDG_0000000007:SSD:SEX_MLE:AGEGROUP_YEARSUNDER5:WEALTHQUINTILE_TOTL,1958-01-01,2026-09-07T16:06:07Z,value,365.294633826,,who.gho.mdg-0000000007,raw/who.gho.mdg-0000000007/2026/09/20260907T160607Z-9445f1b065fa.json.gz,2
who.gho.mdg-0000000007,MDG_0000000007:SVK:SEX_BTSX:AGEGROUP_YEARSUNDER5:WEALTHQUINTILE_TOTL,1958-01-01,2026-09-07T16:10:17Z,high,45.164176144,,who.gho.mdg-0000000007,raw/who.gho.mdg-0000000007/2026/09/20260907T161017Z-ca4dbf4e12d6.json.gz,2
who.gho.mdg-0000000007,MDG_0000000007:SVK:SEX_BTSX:AGEGROUP_YEARSUNDER5:WEALTHQUINTILE_TOTL,1958-01-01,2026-09-07T16:10:17Z,low,39.899358636,,who.gho.mdg-0000000007,raw/who.gho.mdg-0000000007/2026/09/20260907T161017Z-ca4dbf4e12d6.json.gz,2
who.gho.mdg-0000000007,MDG_0000000007:SVK:SEX_BTSX:AGEGROUP_YEARSUNDER5:WEALTHQUINTILE_TOTL,1958-01-01,2026-09-07T16:10:17Z,restated_at,2026-08-05,,who.gho.mdg-0000000007,raw/who.gho.mdg-0000000007/2026/09/20260907T161017Z-ca4dbf4e12d6.json.gz,2
who.gho.mdg-0000000007,MDG_0000000007:SVK:SEX_BTSX:AGEGROUP_YEARSUNDER5:WEALTHQUINTILE_TOTL,1958-01-01,2026-09-07T16:10:17Z,value,42.441422263,,who.gho.mdg-0000000007,raw/who.gho.mdg-0000000007/2026/09/20260907T161017Z-ca4dbf4e12d6.json.gz,2
who.gho.mdg-0000000007,MDG_0000000007:SVK:SEX_FMLE:AGEGROUP_YEARSUNDER5:WEALTHQUINTILE_TOTL,1958-01-01,2026-09-07T16:04:52Z,high,40.580558507,,who.gho.mdg-0000000007,raw/who.gho.mdg-0000000007/2026/09/20260907T160452Z-cad637d9cec2.json.gz,2
who.gho.mdg-0000000007,MDG_0000000007:SVK:SEX_FMLE:AGEGROUP_YEARSUNDER5:WEALTHQUINTILE_TOTL,1958-01-01,2026-09-07T16:04:52Z,low,34.79218941,,who.gho.mdg-0000000007,raw/who.gho.mdg-0000000007/2026/09/20260907T160452Z-cad637d9cec2.json.gz,2
who.gho.mdg-0000000007,MDG_0000000007:SVK:SEX_FMLE:AGEGROUP_YEARSUNDER5:WEALTHQUINTILE_TOTL,1958-01-01,2026-09-07T16:04:52Z,restated_at,2026-08-05,,who.gho.mdg-0000000007,raw/who.gho.mdg-0000000007/2026/09/20260907T160452Z-cad637d9cec2.json.gz,2
who.gho.mdg-0000000007,MDG_0000000007:SVK:SEX_FMLE:AGEGROUP_YEARSUNDER5:WEALTHQUINTILE_TOTL,1958-01-01,2026-09-07T16:04:52Z,value,37.613048317,,who.gho.mdg-0000000007,raw/who.gho.mdg-0000000007/2026/09/20260907T160452Z-cad637d9cec2.json.gz,2
who.gho.mdg-0000000007,MDG_0000000007:SVK:SEX_MLE:AGEGROUP_YEARSUNDER5:WEALTHQUINTILE_TOTL,1958-01-01,2026-09-07T16:11:01Z,high,50.524864336,,who.gho.mdg-0000000007,raw/who.gho.mdg-0000000007/2026/09/20260907T161101Z-fc76d9a7e10d.json.gz,2
who.gho.mdg-0000000007,MDG_0000000007:SVK:SEX_MLE:AGEGROUP_YEARSUNDER5:WEALTHQUINTILE_TOTL,1958-01-01,2026-09-07T16:11:01Z,low,43.71056297,,who.gho.mdg-0000000007,raw/who.gho.mdg-0000000007/2026/09/20260907T161101Z-fc76d9a7e10d.json.gz,2
who.gho.mdg-0000000007,MDG_0000000007:SVK:SEX_MLE:AGEGROUP_YEARSUNDER5:WEALTHQUINTILE_TOTL,1958-01-01,2026-09-07T16:11:01Z,restated_at,2026-08-05,,who.gho.mdg-0000000007,raw/who.gho.mdg-0000000007/2026/09/20260907T161101Z-fc76d9a7e10d.json.gz,2
who.gho.mdg-0000000007,MDG_0000000007:SVK:SEX_MLE:AGEGROUP_YEARSUNDER5:WEALTHQUINTILE_TOTL,1958-01-01,2026-09-07T16:11:01Z,value,47.014566338,,who.gho.mdg-0000000007,raw/who.gho.mdg-0000000007/2026/09/20260907T161101Z-fc76d9a7e10d.json.gz,2
who.gho.mdg-0000000007,MDG_0000000007:SWE:SEX_BTSX:AGEGROUP_YEARSUNDER5:WEALTHQUINTILE_TOTL,1958-01-01,2026-09-07T16:09:51Z,high,20.661423574,,who.gho.mdg-0000000007,raw/who.gho.mdg-0000000007/2026/09/20260907T160951Z-f1aadb832125.json.gz,2
who.gho.mdg-0000000007,MDG_0000000007:SWE:SEX_BTSX:AGEGROUP_YEARSUNDER5:WEALTHQUINTILE_TOTL,1958-01-01,2026-09-07T16:09:51Z,low,19.847461166,,who.gho.mdg-0000000007,raw/who.gho.mdg-0000000007/2026/09/20260907T160951Z-f1aadb832125.json.gz,2
who.gho.mdg-0000000007,MDG_0000000007:SWE:SEX_BTSX:AGEGROUP_YEARSUNDER5:WEALTHQUINTILE_TOTL,1958-01-01,2026-09-07T16:09:51Z,restated_at,2026-08-05,,who.gho.mdg-0000000007,raw/who.gho.mdg-0000000007/2026/09/20260907T160951Z-f1aadb832125.json.gz,2
who.gho.mdg-0000000007,MDG_0000000007:SWE:SEX_BTSX:AGEGROUP_YEARSUNDER5:WEALTHQUINTILE_TOTL,1958-01-01,2026-09-07T16:09:51Z,value,20.243190254,,who.gho.mdg-0000000007,raw/who.gho.mdg-0000000007/2026/09/20260907T160951Z-f1aadb832125.json.gz,2
who.gho.mdg-0000000007,MDG_0000000007:SWE:SEX_FMLE:AGEGROUP_YEARSUNDER5:WEALTHQUINTILE_TOTL,1958-01-01,2026-09-07T16:11:01Z,high,17.908295092,,who.gho.mdg-0000000007,raw/who.gho.mdg-0000000007/2026/09/20260907T161101Z-fc76d9a7e10d.json.gz,2
who.gho.mdg-0000000007,MDG_0000000007:SWE:SEX_FMLE:AGEGROUP_YEARSUNDER5:WEALTHQUINTILE_TOTL,1958-01-01,2026-09-07T16:11:01Z,low,17.018784843,,who.gho.mdg-0000000007,raw/who.gho.mdg-0000000007/2026/09/20260907T161101Z-fc76d9a7e10d.json.gz,2
who.gho.mdg-0000000007,MDG_0000000007:SWE:SEX_FMLE:AGEGROUP_YEARSUNDER5:WEALTHQUINTILE_TOTL,1958-01-01,2026-09-07T16:11:01Z,restated_at,2026-08-05,,who.gho.mdg-0000000007,raw/who.gho.mdg-0000000007/2026/09/20260907T161101Z-fc76d9a7e10d.json.gz,2
who.gho.mdg-0000000007,MDG_0000000007:SWE:SEX_FMLE:AGEGROUP_YEARSUNDER5:WEALTHQUINTILE_TOTL,1958-01-01,2026-09-07T16:11:01Z,value,17.446448596,,who.gho.mdg-0000000007,raw/who.gho.mdg-0000000007/2026/09/20260907T161101Z-fc76d9a7e10d.json.gz,2
who.gho.mdg-0000000007,MDG_0000000007:SWE:SEX_MLE:AGEGROUP_YEARSUNDER5:WEALTHQUINTILE_TOTL,1958-01-01,2026-09-07T16:10:17Z,high,23.451623244,,who.gho.mdg-0000000007,raw/who.gho.mdg-0000000007/2026/09/20260907T161017Z-ca4dbf4e12d6.json.gz,2
who.gho.mdg-0000000007,MDG_0000000007:SWE:SEX_MLE:AGEGROUP_YEARSUNDER5:WEALTHQUINTILE_TOTL,1958-01-01,2026-09-07T16:10:17Z,low,22.374522001,,who.gho.mdg-0000000007,raw/who.gho.mdg-0000000007/2026/09/20260907T161017Z-ca4dbf4e12d6.json.gz,2
who.gho.mdg-0000000007,MDG_0000000007:SWE:SEX_MLE:AGEGROUP_YEARSUNDER5:WEALTHQUINTILE_TOTL,1958-01-01,2026-09-07T16:10:17Z,restated_at,2026-08-05,,who.gho.mdg-0000000007,raw/who.gho.mdg-0000000007/2026/09/20260907T161017Z-ca4dbf4e12d6.json.gz,2
who.gho.mdg-0000000007,MDG_0000000007:SWE:SEX_MLE:AGEGROUP_YEARSUNDER5:WEALTHQUINTILE_TOTL,1958-01-01,2026-09-07T16:10:17Z,value,22.902199015,,who.gho.mdg-0000000007,raw/who.gho.mdg-0000000007/2026/09/20260907T161017Z-ca4dbf4e12d6.json.gz,2
who.gho.mdg-0000000007,MDG_0000000007:SWZ:SEX_BTSX:AGEGROUP_YEARSUNDER5:WEALTHQUINTILE_TOTL,1958-01-01,2026-09-07T16:05:38Z,high,245.933552585,,who.gho.mdg-0000000007,raw/who.gho.mdg-0000000007/2026/09/20260907T160538Z-28a5f6808180.json.gz,2
who.gho.mdg-0000000007,MDG_0000000007:SWZ:SEX_BTSX:AGEGROUP_YEARSUNDER5:WEALTHQUINTILE_TOTL,1958-01-01,2026-09-07T16:05:38Z,low,189.117420831,,who.gho.mdg-0000000007,raw/who.gho.mdg-0000000007/2026/09/20260907T160538Z-28a5f6808180.json.gz,2
who.gho.mdg-0000000007,MDG_0000000007:SWZ:SEX_BTSX:AGEGROUP_YEARSUNDER5:WEALTHQUINTILE_TOTL,1958-01-01,2026-09-07T16:05:38Z,restated_at,2026-08-05,,who.gho.mdg-0000000007,raw/who.gho.mdg-0000000007/2026/09/20260907T160538Z-28a5f6808180.json.gz,2
who.gho.mdg-0000000007,MDG_0000000007:SWZ:SEX_BTSX:AGEGROUP_YEARSUNDER5:WEALTHQUINTILE_TOTL,1958-01-01,2026-09-07T16:05:38Z,value,215.23253818,,who.gho.mdg-0000000007,raw/who.gho.mdg-0000000007/2026/09/20260907T160538Z-28a5f6808180.json.gz,2
who.gho.mdg-0000000007,MDG_0000000007:SWZ:SEX_FMLE:AGEGROUP_YEARSUNDER5:WEALTHQUINTILE_TOTL,1958-01-01,2026-09-07T16:11:06Z,high,235.013658559,,who.gho.mdg-0000000007,raw/who.gho.mdg-0000000007/2026/09/20260907T161106Z-078c7101acce.json.gz,2
who.gho.mdg-0000000007,MDG_0000000007:SWZ:SEX_FMLE:AGEGROUP_YEARSUNDER5:WEALTHQUINTILE_TOTL,1958-01-01,2026-09-07T16:11:06Z,low,179.011243315,,who.gho.mdg-0000000007,raw/who.gho.mdg-0000000007/2026/09/20260907T161106Z-078c7101acce.json.gz,2
who.gho.mdg-0000000007,MDG_0000000007:SWZ:SEX_FMLE:AGEGROUP_YEARSUNDER5:WEALTHQUINTILE_TOTL,1958-01-01,2026-09-07T16:11:06Z,restated_at,2026-08-05,,who.gho.mdg-0000000007,raw/who.gho.mdg-0000000007/2026/09/20260907T161106Z-078c7101acce.json.gz,2
who.gho.mdg-0000000007,MDG_0000000007:SWZ:SEX_FMLE:AGEGROUP_YEARSUNDER5:WEALTHQUINTILE_TOTL,1958-01-01,2026-09-07T16:11:06Z,value,205.097559146,,who.gho.mdg-0000000007,raw/who.gho.mdg-0000000007/2026/09/20260907T161106Z-078c7101acce.json.gz,2
who.gho.mdg-0000000007,MDG_0000000007:SWZ:SEX_MLE:AGEGROUP_YEARSUNDER5:WEALTHQUINTILE_TOTL,1958-01-01,2026-09-07T16:05:31Z,high,257.805809121,,who.gho.mdg-0000000007,raw/who.gho.mdg-0000000007/2026/09/20260907T160531Z-a90a9bba0858.json.gz,2
who.gho.mdg-0000000007,MDG_0000000007:SWZ:SEX_MLE:AGEGROUP_YEARSUNDER5:WEALTHQUINTILE_TOTL,1958-01-01,2026-09-07T16:05:31Z,low,196.842743057,,who.gho.mdg-0000000007,raw/who.gho.mdg-0000000007/2026/09/20260907T160531Z-a90a9bba0858.json.gz,2
who.gho.mdg-0000000007,MDG_0000000007:SWZ:SEX_MLE:AGEGROUP_YEARSUNDER5:WEALTHQUINTILE_TOTL,1958-01-01,2026-09-07T16:05:31Z,restated_at,2026-08-05,,who.gho.mdg-0000000007,raw/who.gho.mdg-0000000007/2026/09/20260907T160531Z-a90a9bba0858.json.gz,2
who.gho.mdg-0000000007,MDG_0000000007:SWZ:SEX_MLE:AGEGROUP_YEARSUNDER5:WEALTHQUINTILE_TOTL,1958-01-01,2026-09-07T16:05:31Z,value,224.827025415,,who.gho.mdg-0000000007,raw/who.gho.mdg-0000000007/2026/09/20260907T160531Z-a90a9bba0858.json.gz,2
who.gho.mdg-0000000007,MDG_0000000007:SYC:SEX_BTSX:AGEGROUP_YEARSUNDER5:WEALTHQUINTILE_TOTL,1958-01-01,2026-09-07T16:11:22Z,high,122.965779897,,who.gho.mdg-0000000007,raw/who.gho.mdg-0000000007/2026/09/20260907T161122Z-4e9c288e3adb.json.gz,2
who.gho.mdg-0000000007,MDG_0000000007:SYC:SEX_BTSX:AGEGROUP_YEARSUNDER5:WEALTHQUINTILE_TOTL,1958-01-01,2026-09-07T16:11:22Z,low,93.236291009,,who.gho.mdg-0000000007,raw/who.gho.mdg-0000000007/2026/09/20260907T161122Z-4e9c288e3adb.json.gz,2
who.gho.mdg-0000000007,MDG_0000000007:SYC:SEX_BTSX:AGEGROUP_YEARSUNDER5:WEALTHQUINTILE_TOTL,1958-01-01,2026-09-07T16:11:22Z,restated_at,2026-08-05,,who.gho.mdg-0000000007,raw/who.gho.mdg-0000000007/2026/09/20260907T161122Z-4e9c288e3adb.json.gz,2
who.gho.mdg-0000000007,MDG_0000000007:SYC:SEX_BTSX:AGEGROUP_YEARSUNDER5:WEALTHQUINTILE_TOTL,1958-01-01,2026-09-07T16:11:22Z,value,106.852957578,,who.gho.mdg-0000000007,raw/who.gho.mdg-0000000007/2026/09/20260907T161122Z-4e9c288e3adb.json.gz,2
who.gho.mdg-0000000007,MDG_0000000007:SYC:SEX_FMLE:AGEGROUP_YEARSUNDER5:WEALTHQUINTILE_TOTL,1958-01-01,2026-09-07T16:08:59Z,high,118.676378347,,who.gho.mdg-0000000007,raw/who.gho.mdg-0000000007/2026/09/20260907T160859Z-81b3460c41a8.json.gz,2
who.gho.mdg-0000000007,MDG_0000000007:SYC:SEX_FMLE:AGEGROUP_YEARSUNDER5:WEALTHQUINTILE_TOTL,1958-01-01,2026-09-07T16:08:59Z,low,89.213597389,,who.gho.mdg-0000000007,raw/who.gho.mdg-0000000007/2026/09/20260907T160859Z-81b3460c41a8.json.gz,2
who.gho.mdg-0000000007,MDG_0000000007:SYC:SEX_FMLE:AGEGROUP_YEARSUNDER5:WEALTHQUINTILE_TOTL,1958-01-01,2026-09-07T16:08:59Z,restated_at,2026-08-05,,who.gho.mdg-0000000007,raw/who.gho.mdg-0000000007/2026/09/20260907T160859Z-81b3460c41a8.json.gz,2
who.gho.mdg-0000000007,MDG_0000000007:SYC:SEX_FMLE:AGEGROUP_YEARSUNDER5:WEALTHQUINTILE_TOTL,1958-01-01,2026-09-07T16:08:59Z,value,102.735300565,,who.gho.mdg-0000000007,raw/who.gho.mdg-0000000007/2026/09/20260907T160859Z-81b3460c41a8.json.gz,2
who.gho.mdg-0000000007,MDG_0000000007:SYC:SEX_MLE:AGEGROUP_YEARSUNDER5:WEALTHQUINTILE_TOTL,1958-01-01,2026-09-07T16:09:30Z,high,127.973468715,,who.gho.mdg-0000000007,raw/who.gho.mdg-0000000007/2026/09/20260907T160930Z-3a49f2d0e7d2.json.gz,2
who.gho.mdg-0000000007,MDG_0000000007:SYC:SEX_MLE:AGEGROUP_YEARSUNDER5:WEALTHQUINTILE_TOTL,1958-01-01,2026-09-07T16:09:30Z,low,96.147106121,,who.gho.mdg-0000000007,raw/who.gho.mdg-0000000007/2026/09/20260907T160930Z-3a49f2d0e7d2.json.gz,2
who.gho.mdg-0000000007,MDG_0000000007:SYC:SEX_MLE:AGEGROUP_YEARSUNDER5:WEALTHQUINTILE_TOTL,1958-01-01,2026-09-07T16:09:30Z,restated_at,2026-08-05,,who.gho.mdg-0000000007,raw/who.gho.mdg-0000000007/2026/09/20260907T160930Z-3a49f2d0e7d2.json.gz,2
who.gho.mdg-0000000007,MDG_0000000007:SYC:SEX_MLE:AGEGROUP_YEARSUNDER5:WEALTHQUINTILE_TOTL,1958-01-01,2026-09-07T16:09:30Z,value,110.746805135,,who.gho.mdg-0000000007,raw/who.gho.mdg-0000000007/2026/09/20260907T160930Z-3a49f2d0e7d2.json.gz,2
who.gho.mdg-0000000007,MDG_0000000007:SYR:SEX_BTSX:AGEGROUP_YEARSUNDER5:WEALTHQUINTILE_TOTL,1958-01-01,2026-09-07T16:10:33Z,high,214.948497311,,who.gho.mdg-0000000007,raw/who.gho.mdg-0000000007/2026/09/20260907T161033Z-0396663e197a.json.gz,2
who.gho.mdg-0000000007,MDG_0000000007:SYR:SEX_BTSX:AGEGROUP_YEARSUNDER5:WEALTHQUINTILE_TOTL,1958-01-01,2026-09-07T16:10:33Z,low,172.615408217,,who.gho.mdg-0000000007,raw/who.gho.mdg-0000000007/2026/09/20260907T161033Z-0396663e197a.json.gz,2
who.gho.mdg-0000000007,MDG_0000000007:SYR:SEX_BTSX:AGEGROUP_YEARSUNDER5:WEALTHQUINTILE_TOTL,1958-01-01,2026-09-07T16:10:33Z,restated_at,2026-08-05,,who.gho.mdg-0000000007,raw/who.gho.mdg-0000000007/2026/09/20260907T161033Z-0396663e197a.json.gz,2
who.gho.mdg-0000000007,MDG_0000000007:SYR:SEX_BTSX:AGEGROUP_YEARSUNDER5:WEALTHQUINTILE_TOTL,1958-01-01,2026-09-07T16:10:33Z,value,193.341130444,,who.gho.mdg-0000000007,raw/who.gho.mdg-0000000007/2026/09/20260907T161033Z-0396663e197a.json.gz,2
who.gho.mdg-0000000007,MDG_0000000007:SYR:SEX_FMLE:AGEGROUP_YEARSUNDER5:WEALTHQUINTILE_TOTL,1958-01-01,2026-09-07T16:09:46Z,high,218.678126119,,who.gho.mdg-0000000007,raw/who.gho.mdg-0000000007/2026/09/20260907T160946Z-716d23d235ed.json.gz,2
who.gho.mdg-0000000007,MDG_0000000007:SYR:SEX_FMLE:AGEGROUP_YEARSUNDER5:WEALTHQUINTILE_TOTL,1958-01-01,2026-09-07T16:09:46Z,low,174.368623815,,who.gho.mdg-0000000007,raw/who.gho.mdg-0000000007/2026/09/20260907T160946Z-716d23d235ed.json.gz,2
who.gho.mdg-0000000007,MDG_0000000007:SYR:SEX_FMLE:AGEGROUP_YEARSUNDER5:WEALTHQUINTILE_TOTL,1958-01-01,2026-09-07T16:09:46Z,restated_at,2026-08-05,,who.gho.mdg-0000000007,raw/who.gho.mdg-0000000007/2026/09/20260907T160946Z-716d23d235ed.json.gz,2
who.gho.mdg-0000000007,MDG_0000000007:SYR:SEX_FMLE:AGEGROUP_YEARSUNDER5:WEALTHQUINTILE_TOTL,1958-01-01,2026-09-07T16:09:46Z,value,195.712940764,,who.gho.mdg-0000000007,raw/who.gho.mdg-0000000007/2026/09/20260907T160946Z-716d23d235ed.json.gz,2
who.gho.mdg-0000000007,MDG_0000000007:SYR:SEX_MLE:AGEGROUP_YEARSUNDER5:WEALTHQUINTILE_TOTL,1958-01-01,2026-09-07T16:06:26Z,high,212.876782896,,who.gho.mdg-0000000007,raw/who.gho.mdg-0000000007/2026/09/20260907T160626Z-083ef708c2ee.json.gz,2
who.gho.mdg-0000000007,MDG_0000000007:SYR:SEX_MLE:AGEGROUP_YEARSUNDER5:WEALTHQUINTILE_TOTL,1958-01-01,2026-09-07T16:06:26Z,low,169.422086412,,who.gho.mdg-0000000007,raw/who.gho.mdg-0000000007/2026/09/20260907T160626Z-083ef708c2ee.json.gz,2
who.gho.mdg-0000000007,MDG_0000000007:SYR:SEX_MLE:AGEGROUP_YEARSUNDER5:WEALTHQUINTILE_TOTL,1958-01-01,2026-09-07T16:06:26Z,restated_at,2026-08-05,,who.gho.mdg-0000000007,raw/who.gho.mdg-0000000007/2026/09/20260907T160626Z-083ef708c2ee.json.gz,2
who.gho.mdg-0000000007,MDG_0000000007:SYR:SEX_MLE:AGEGROUP_YEARSUNDER5:WEALTHQUINTILE_TOTL,1958-01-01,2026-09-07T16:06:26Z,value,190.855590315,,who.gho.mdg-0000000007,raw/who.gho.mdg-0000000007/2026/09/20260907T160626Z-083ef708c2ee.json.gz,2
who.gho.mdg-0000000007,MDG_0000000007:TCD:SEX_BTSX:AGEGROUP_YEARSUNDER5:WEALTHQUINTILE_TOTL,1958-01-01,2026-09-07T16:10:30Z,high,305.763537968,,who.gho.mdg-0000000007,raw/who.gho.mdg-0000000007/2026/09/20260907T161030Z-d2101d8df79b.json.gz,2
who.gho.mdg-0000000007,MDG_0000000007:TCD:SEX_BTSX:AGEGROUP_YEARSUNDER5:WEALTHQUINTILE_TOTL,1958-01-01,2026-09-07T16:10:30Z,low,237.652896268,,who.gho.mdg-0000000007,raw/who.gho.mdg-0000000007/2026/09/20260907T161030Z-d2101d8df79b.json.gz,2
who.gho.mdg-0000000007,MDG_0000000007:TCD:SEX_BTSX:AGEGROUP_YEARSUNDER5:WEALTHQUINTILE_TOTL,1958-01-01,2026-09-07T16:10:30Z,restated_at,2026-08-05,,who.gho.mdg-0000000007,raw/who.gho.mdg-0000000007/2026/09/20260907T161030Z-d2101d8df79b.json.gz,2
who.gho.mdg-0000000007,MDG_0000000007:TCD:SEX_BTSX:AGEGROUP_YEARSUNDER5:WEALTHQUINTILE_TOTL,1958-01-01,2026-09-07T16:10:30Z,value,269.85879255,,who.gho.mdg-0000000007,raw/who.gho.mdg-0000000007/2026/09/20260907T161030Z-d2101d8df79b.json.gz,2
who.gho.mdg-0000000007,MDG_0000000007:TCD:SEX_FMLE:AGEGROUP_YEARSUNDER5:WEALTHQUINTILE_TOTL,1958-01-01,2026-09-07T16:05:06Z,high,295.051094832,,who.gho.mdg-0000000007,raw/who.gho.mdg-0000000007/2026/09/20260907T160506Z-a219a21e2a4a.json.gz,2
who.gho.mdg-0000000007,MDG_0000000007:TCD:SEX_FMLE:AGEGROUP_YEARSUNDER5:WEALTHQUINTILE_TOTL,1958-01-01,2026-09-07T16:05:06Z,low,226.702203966,,who.gho.mdg-0000000007,raw/who.gho.mdg-0000000007/2026/09/20260907T160506Z-a219a21e2a4a.json.gz,2
who.gho.mdg-0000000007,MDG_0000000007:TCD:SEX_FMLE:AGEGROUP_YEARSUNDER5:WEALTHQUINTILE_TOTL,1958-01-01,2026-09-07T16:05:06Z,restated_at,2026-08-05,,who.gho.mdg-0000000007,raw/who.gho.mdg-0000000007/2026/09/20260907T160506Z-a219a21e2a4a.json.gz,2
who.gho.mdg-0000000007,MDG_0000000007:TCD:SEX_FMLE:AGEGROUP_YEARSUNDER5:WEALTHQUINTILE_TOTL,1958-01-01,2026-09-07T16:05:06Z,value,259.080814996,,who.gho.mdg-0000000007,raw/who.gho.mdg-0000000007/2026/09/20260907T160506Z-a219a21e2a4a.json.gz,2
who.gho.mdg-0000000007,MDG_0000000007:TCD:SEX_MLE:AGEGROUP_YEARSUNDER5:WEALTHQUINTILE_TOTL,1958-01-01,2026-09-07T16:11:22Z,high,318.615844569,,who.gho.mdg-0000000007,raw/who.gho.mdg-0000000007/2026/09/20260907T161122Z-4e9c288e3adb.json.gz,2
who.gho.mdg-0000000007,MDG_0000000007:TCD:SEX_MLE:AGEGROUP_YEARSUNDER5:WEALTHQUINTILE_TOTL,1958-01-01,2026-09-07T16:11:22Z,low,245.589535938,,who.gho.mdg-0000000007,raw/who.gho.mdg-0000000007/2026/09/20260907T161122Z-4e9c288e3adb.json.gz,2
who.gho.mdg-0000000007,MDG_0000000007:TCD:SEX_MLE:AGEGROUP_YEARSUNDER5:WEALTHQUINTILE_TOTL,1958-01-01,2026-09-07T16:11:22Z,restated_at,2026-08-05,,who.gho.mdg-0000000007,raw/who.gho.mdg-0000000007/2026/09/20260907T161122Z-4e9c288e3adb.json.gz,2
who.gho.mdg-0000000007,MDG_0000000007:TCD:SEX_MLE:AGEGROUP_YEARSUNDER5:WEALTHQUINTILE_TOTL,1958-01-01,2026-09-07T16:11:22Z,value,279.675726431,,who.gho.mdg-0000000007,raw/who.gho.mdg-0000000007/2026/09/20260907T161122Z-4e9c288e3adb.json.gz,2
who.gho.mdg-0000000007,MDG_0000000007:TGO:SEX_BTSX:AGEGROUP_YEARSUNDER5:WEALTHQUINTILE_TOTL,1958-01-01,2026-09-07T16:09:13Z,high,289.125174525,,who.gho.mdg-0000000007,raw/who.gho.mdg-0000000007/2026/09/20260907T160913Z-86e8fac132bd.json.gz,2
who.gho.mdg-0000000007,MDG_0000000007:TGO:SEX_BTSX:AGEGROUP_YEARSUNDER5:WEALTHQUINTILE_TOTL,1958-01-01,2026-09-07T16:09:13Z,low,242.261988269,,who.gho.mdg-0000000007,raw/who.gho.mdg-0000000007/2026/09/20260907T160913Z-86e8fac132bd.json.gz,2
who.gho.mdg-0000000007,MDG_0000000007:TGO:SEX_BTSX:AGEGROUP_YEARSUNDER5:WEALTHQUINTILE_TOTL,1958-01-01,2026-09-07T16:09:13Z,restated_at,2026-08-05,,who.gho.mdg-0000000007,raw/who.gho.mdg-0000000007/2026/09/20260907T160913Z-86e8fac132bd.json.gz,2
who.gho.mdg-0000000007,MDG_0000000007:TGO:SEX_BTSX:AGEGROUP_YEARSUNDER5:WEALTHQUINTILE_TOTL,1958-01-01,2026-09-07T16:09:13Z,value,264.32551282,,who.gho.mdg-0000000007,raw/who.gho.mdg-0000000007/2026/09/20260907T160913Z-86e8fac132bd.json.gz,2
who.gho.mdg-0000000007,MDG_0000000007:TGO:SEX_FMLE:AGEGROUP_YEARSUNDER5:WEALTHQUINTILE_TOTL,1958-01-01,2026-09-07T16:05:43Z,high,275.998514927,,who.gho.mdg-0000000007,raw/who.gho.mdg-0000000007/2026/09/20260907T160543Z-0bdfcfeb6714.json.gz,2
who.gho.mdg-0000000007,MDG_0000000007:TGO:SEX_FMLE:AGEGROUP_YEARSUNDER5:WEALTHQUINTILE_TOTL,1958-01-01,2026-09-07T16:05:43Z,low,228.71949403,,who.gho.mdg-0000000007,raw/who.gho.mdg-0000000007/2026/09/20260907T160543Z-0bdfcfeb6714.json.gz,2
who.gho.mdg-0000000007,MDG_0000000007:TGO:SEX_FMLE:AGEGROUP_YEARSUNDER5:WEALTHQUINTILE_TOTL,1958-01-01,2026-09-07T16:05:43Z,restated_at,2026-08-05,,who.gho.mdg-0000000007,raw/who.gho.mdg-0000000007/2026/09/20260907T160543Z-0bdfcfeb6714.json.gz,2
who.gho.mdg-0000000007,MDG_0000000007:TGO:SEX_FMLE:AGEGROUP_YEARSUNDER5:WEALTHQUINTILE_TOTL,1958-01-01,2026-09-07T16:05:43Z,value,250.789301689,,who.gho.mdg-0000000007,raw/who.gho.mdg-0000000007/2026/09/20260907T160543Z-0bdfcfeb6714.json.gz,2
who.gho.mdg-0000000007,MDG_0000000007:TGO:SEX_MLE:AGEGROUP_YEARSUNDER5:WEALTHQUINTILE_TOTL,1958-01-01,2026-09-07T16:09:46Z,high,304.328074316,,who.gho.mdg-0000000007,raw/who.gho.mdg-0000000007/2026/09/20260907T160946Z-716d23d235ed.json.gz,2
who.gho.mdg-0000000007,MDG_0000000007:TGO:SEX_MLE:AGEGROUP_YEARSUNDER5:WEALTHQUINTILE_TOTL,1958-01-01,2026-09-07T16:09:46Z,low,252.875506211,,who.gho.mdg-0000000007,raw/who.gho.mdg-0000000007/2026/09/20260907T160946Z-716d23d235ed.json.gz,2
who.gho.mdg-0000000007,MDG_0000000007:TGO:SEX_MLE:AGEGROUP_YEARSUNDER5:WEALTHQUINTILE_TOTL,1958-01-01,2026-09-07T16:09:46Z,restated_at,2026-08-05,,who.gho.mdg-0000000007,raw/who.gho.mdg-0000000007/2026/09/20260907T160946Z-716d23d235ed.json.gz,2
who.gho.mdg-0000000007,MDG_0000000007:TGO:SEX_MLE:AGEGROUP_YEARSUNDER5:WEALTHQUINTILE_TOTL,1958-01-01,2026-09-07T16:09:46Z,value,277.216778599,,who.gho.mdg-0000000007,raw/who.gho.mdg-0000000007/2026/09/20260907T160946Z-716d23d235ed.json.gz,2
who.gho.mdg-0000000007,MDG_0000000007:THA:SEX_BTSX:AGEGROUP_YEARSUNDER5:WEALTHQUINTILE_TOTL,1958-01-01,2026-09-07T16:10:49Z,high,174.083094356,,who.gho.mdg-0000000007,raw/who.gho.mdg-0000000007/2026/09/20260907T161049Z-6866f52a9543.json.gz,2
who.gho.mdg-0000000007,MDG_0000000007:THA:SEX_BTSX:AGEGROUP_YEARSUNDER5:WEALTHQUINTILE_TOTL,1958-01-01,2026-09-07T16:10:49Z,low,142.987177417,,who.gho.mdg-0000000007,raw/who.gho.mdg-0000000007/2026/09/20260907T161049Z-6866f52a9543.json.gz,2
who.gho.mdg-0000000007,MDG_0000000007:THA:SEX_BTSX:AGEGROUP_YEARSUNDER5:WEALTHQUINTILE_TOTL,1958-01-01,2026-09-07T16:10:49Z,restated_at,2026-08-05,,who.gho.mdg-0000000007,raw/who.gho.mdg-0000000007/2026/09/20260907T161049Z-6866f52a9543.json.gz,2
who.gho.mdg-0000000007,MDG_0000000007:THA:SEX_BTSX:AGEGROUP_YEARSUNDER5:WEALTHQUINTILE_TOTL,1958-01-01,2026-09-07T16:10:49Z,value,157.776959409,,who.gho.mdg-0000000007,raw/who.gho.mdg-0000000007/2026/09/20260907T161049Z-6866f52a9543.json.gz,2
who.gho.mdg-0000000007,MDG_0000000007:THA:SEX_FMLE:AGEGROUP_YEARSUNDER5:WEALTHQUINTILE_TOTL,1958-01-01,2026-09-07T16:10:30Z,high,167.178453043,,who.gho.mdg-0000000007,raw/who.gho.mdg-0000000007/2026/09/20260907T161030Z-d2101d8df79b.json.gz,2
who.gho.mdg-0000000007,MDG_0000000007:THA:SEX_FMLE:AGEGROUP_YEARSUNDER5:WEALTHQUINTILE_TOTL,1958-01-01,2026-09-07T16:10:30Z,low,136.077099066,,who.gho.mdg-0000000007,raw/who.gho.mdg-0000000007/2026/09/20260907T161030Z-d2101d8df79b.json.gz,2
who.gho.mdg-0000000007,MDG_0000000007:THA:SEX_FMLE:AGEGROUP_YEARSUNDER5:WEALTHQUINTILE_TOTL,1958-01-01,2026-09-07T16:10:30Z,restated_at,2026-08-05,,who.gho.mdg-0000000007,raw/who.gho.mdg-0000000007/2026/09/20260907T161030Z-d2101d8df79b.json.gz,2
who.gho.mdg-0000000007,MDG_0000000007:THA:SEX_FMLE:AGEGROUP_YEARSUNDER5:WEALTHQUINTILE_TOTL,1958-01-01,2026-09-07T16:10:30Z,value,150.664234939,,who.gho.mdg-0000000007,raw/who.gho.mdg-0000000007/2026/09/20260907T161030Z-d2101d8df79b.json.gz,2
who.gho.mdg-0000000007,MDG_0000000007:THA:SEX_MLE:AGEGROUP_YEARSUNDER5:WEALTHQUINTILE_TOTL,1958-01-01,2026-09-07T16:05:38Z,high,182.27206704,,who.gho.mdg-0000000007,raw/who.gho.mdg-0000000007/2026/09/20260907T160538Z-28a5f6808180.json.gz,2
who.gho.mdg-0000000007,MDG_0000000007:THA:SEX_MLE:AGEGROUP_YEARSUNDER5:WEALTHQUINTILE_TOTL,1958-01-01,2026-09-07T16:05:38Z,low,148.415910766,,who.gho.mdg-0000000007,raw/who.gho.mdg-0000000007/2026/09/20260907T160538Z-28a5f6808180.json.gz,2
who.gho.mdg-0000000007,MDG_0000000007:THA:SEX_MLE:AGEGROUP_YEARSUNDER5:WEALTHQUINTILE_TOTL,1958-01-01,2026-09-07T16:05:38Z,restated_at,2026-08-05,,who.gho.mdg-0000000007,raw/who.gho.mdg-0000000007/2026/09/20260907T160538Z-28a5f6808180.json.gz,2
who.gho.mdg-0000000007,MDG_0000000007:THA:SEX_MLE:AGEGROUP_YEARSUNDER5:WEALTHQUINTILE_TOTL,1958-01-01,2026-09-07T16:05:38Z,value,164.52943535,,who.gho.mdg-0000000007,raw/who.gho.mdg-0000000007/2026/09/20260907T160538Z-28a5f6808180.json.gz,2
who.gho.mdg-0000000007,MDG_0000000007:TTO:SEX_BTSX:AGEGROUP_YEARSUNDER5:WEALTHQUINTILE_TOTL,1958-01-01,2026-09-07T16:11:06Z,high,87.463084096,,who.gho.mdg-0000000007,raw/who.gho.mdg-0000000007/2026/09/20260907T161106Z-078c7101acce.json.gz,2
who.gho.mdg-0000000007,MDG_0000000007:TTO:SEX_BTSX:AGEGROUP_YEARSUNDER5:WEALTHQUINTILE_TOTL,1958-01-01,2026-09-07T16:11:06Z,low,61.206036065,,who.gho.mdg-0000000007,raw/who.gho.mdg-0000000007/2026/09/20260907T161106Z-078c7101acce.json.gz,2
who.gho.mdg-0000000007,MDG_0000000007:TTO:SEX_BTSX:AGEGROUP_YEARSUNDER5:WEALTHQUINTILE_TOTL,1958-01-01,2026-09-07T16:11:06Z,restated_at,2026-08-05,,who.gho.mdg-0000000007,raw/who.gho.mdg-0000000007/2026/09/20260907T161106Z-078c7101acce.json.gz,2
who.gho.mdg-0000000007,MDG_0000000007:TTO:SEX_BTSX:AGEGROUP_YEARSUNDER5:WEALTHQUINTILE_TOTL,1958-01-01,2026-09-07T16:11:06Z,value,72.961487604,,who.gho.mdg-0000000007,raw/who.gho.mdg-0000000007/2026/09/20260907T161106Z-078c7101acce.json.gz,2
who.gho.mdg-0000000007,MDG_0000000007:TTO:SEX_FMLE:AGEGROUP_YEARSUNDER5:WEALTHQUINTILE_TOTL,1958-01-01,2026-09-07T16:09:22Z,high,81.449415781,,who.gho.mdg-0000000007,raw/who.gho.mdg-0000000007/2026/09/20260907T160922Z-b03be7779b07.json.gz,2
who.gho.mdg-0000000007,MDG_0000000007:TTO:SEX_FMLE:AGEGROUP_YEARSUNDER5:WEALTHQUINTILE_TOTL,1958-01-01,2026-09-07T16:09:22Z,low,56.553679281,,who.gho.mdg-0000000007,raw/who.gho.mdg-0000000007/2026/09/20260907T160922Z-b03be7779b07.json.gz,2
who.gho.mdg-0000000007,MDG_0000000007:TTO:SEX_FMLE:AGEGROUP_YEARSUNDER5:WEALTHQUINTILE_TOTL,1958-01-01,2026-09-07T16:09:22Z,restated_at,2026-08-05,,who.gho.mdg-0000000007,raw/who.gho.mdg-0000000007/2026/09/20260907T160922Z-b03be7779b07.json.gz,2
who.gho.mdg-0000000007,MDG_0000000007:TTO:SEX_FMLE:AGEGROUP_YEARSUNDER5:WEALTHQUINTILE_TOTL,1958-01-01,2026-09-07T16:09:22Z,value,67.59002323,,who.gho.mdg-0000000007,raw/who.gho.mdg-0000000007/2026/09/20260907T160922Z-b03be7779b07.json.gz,2
who.gho.mdg-0000000007,MDG_0000000007:TTO:SEX_MLE:AGEGROUP_YEARSUNDER5:WEALTHQUINTILE_TOTL,1958-01-01,2026-09-07T16:09:13Z,high,93.771360617,,who.gho.mdg-0000000007,raw/who.gho.mdg-0000000007/2026/09/20260907T160913Z-86e8fac132bd.json.gz,2
who.gho.mdg-0000000007,MDG_0000000007:TTO:SEX_MLE:AGEGROUP_YEARSUNDER5:WEALTHQUINTILE_TOTL,1958-01-01,2026-09-07T16:09:13Z,low,65.224863909,,who.gho.mdg-0000000007,raw/who.gho.mdg-0000000007/2026/09/20260907T160913Z-86e8fac132bd.json.gz,2
who.gho.mdg-0000000007,MDG_0000000007:TTO:SEX_MLE:AGEGROUP_YEARSUNDER5:WEALTHQUINTILE_TOTL,1958-01-01,2026-09-07T16:09:13Z,restated_at,2026-08-05,,who.gho.mdg-0000000007,raw/who.gho.mdg-0000000007/2026/09/20260907T160913Z-86e8fac132bd.json.gz,2
who.gho.mdg-0000000007,MDG_0000000007:TTO:SEX_MLE:AGEGROUP_YEARSUNDER5:WEALTHQUINTILE_TOTL,1958-01-01,2026-09-07T16:09:13Z,value,78.039301686,,who.gho.mdg-0000000007,raw/who.gho.mdg-0000000007/2026/09/20260907T160913Z-86e8fac132bd.json.gz,2
who.gho.mdg-0000000007,MDG_0000000007:TUR:SEX_BTSX:AGEGROUP_YEARSUNDER5:WEALTHQUINTILE_TOTL,1958-01-01,2026-09-07T16:10:12Z,high,298.551434195,,who.gho.mdg-0000000007,raw/who.gho.mdg-0000000007/2026/09/20260907T161012Z-af10f639113a.json.gz,2
who.gho.mdg-0000000007,MDG_0000000007:TUR:SEX_BTSX:AGEGROUP_YEARSUNDER5:WEALTHQUINTILE_TOTL,1958-01-01,2026-09-07T16:10:12Z,low,242.270967812,,who.gho.mdg-0000000007,raw/who.gho.mdg-0000000007/2026/09/20260907T161012Z-af10f639113a.json.gz,2
who.gho.mdg-0000000007,MDG_0000000007:TUR:SEX_BTSX:AGEGROUP_YEARSUNDER5:WEALTHQUINTILE_TOTL,1958-01-01,2026-09-07T16:10:12Z,restated_at,2026-08-05,,who.gho.mdg-0000000007,raw/who.gho.mdg-0000000007/2026/09/20260907T161012Z-af10f639113a.json.gz,2
who.gho.mdg-0000000007,MDG_0000000007:TUR:SEX_BTSX:AGEGROUP_YEARSUNDER5:WEALTHQUINTILE_TOTL,1958-01-01,2026-09-07T16:10:12Z,value,267.734269737,,who.gho.mdg-0000000007,raw/who.gho.mdg-0000000007/2026/09/20260907T161012Z-af10f639113a.json.gz,2
who.gho.mdg-0000000007,MDG_0000000007:TUR:SEX_FMLE:AGEGROUP_YEARSUNDER5:WEALTHQUINTILE_TOTL,1958-01-01,2026-09-07T16:06:02Z,high,290.382929082,,who.gho.mdg-0000000007,raw/who.gho.mdg-0000000007/2026/09/20260907T160602Z-1adff4f5f376.json.gz,2
who.gho.mdg-0000000007,MDG_0000000007:TUR:SEX_FMLE:AGEGROUP_YEARSUNDER5:WEALTHQUINTILE_TOTL,1958-01-01,2026-09-07T16:06:02Z,low,233.37169384,,who.gho.mdg-0000000007,raw/who.gho.mdg-0000000007/2026/09/20260907T160602Z-1adff4f5f376.json.gz,2
who.gho.mdg-0000000007,MDG_0000000007:TUR:SEX_FMLE:AGEGROUP_YEARSUNDER5:WEALTHQUINTILE_TOTL,1958-01-01,2026-09-07T16:06:02Z,restated_at,2026-08-05,,who.gho.mdg-0000000007,raw/who.gho.mdg-0000000007/2026/09/20260907T160602Z-1adff4f5f376.json.gz,2
who.gho.mdg-0000000007,MDG_0000000007:TUR:SEX_FMLE:AGEGROUP_YEARSUNDER5:WEALTHQUINTILE_TOTL,1958-01-01,2026-09-07T16:06:02Z,value,259.308556794,,who.gho.mdg-0000000007,raw/who.gho.mdg-0000000007/2026/09/20260907T160602Z-1adff4f5f376.json.gz,2
who.gho.mdg-0000000007,MDG_0000000007:TUR:SEX_MLE:AGEGROUP_YEARSUNDER5:WEALTHQUINTILE_TOTL,1958-01-01,2026-09-07T16:09:08Z,high,308.43257552,,who.gho.mdg-0000000007,raw/who.gho.mdg-0000000007/2026/09/20260907T160908Z-96acbc2bc7cb.json.gz,2
who.gho.mdg-0000000007,MDG_0000000007:TUR:SEX_MLE:AGEGROUP_YEARSUNDER5:WEALTHQUINTILE_TOTL,1958-01-01,2026-09-07T16:09:08Z,low,248.989457713,,who.gho.mdg-0000000007,raw/who.gho.mdg-0000000007/2026/09/20260907T160908Z-96acbc2bc7cb.json.gz,2
who.gho.mdg-0000000007,MDG_0000000007:TUR:SEX_MLE:AGEGROUP_YEARSUNDER5:WEALTHQUINTILE_TOTL,1958-01-01,2026-09-07T16:09:08Z,restated_at,2026-08-05,,who.gho.mdg-0000000007,raw/who.gho.mdg-0000000007/2026/09/20260907T160908Z-96acbc2bc7cb.json.gz,2
who.gho.mdg-0000000007,MDG_0000000007:TUR:SEX_MLE:AGEGROUP_YEARSUNDER5:WEALTHQUINTILE_TOTL,1958-01-01,2026-09-07T16:09:08Z,value,276.118150854,,who.gho.mdg-0000000007,raw/who.gho.mdg-0000000007/2026/09/20260907T160908Z-96acbc2bc7cb.json.gz,2
who.gho.mdg-0000000007,MDG_0000000007:TUV:SEX_BTSX:AGEGROUP_YEARSUNDER5:WEALTHQUINTILE_TOTL,1958-01-01,2026-09-07T16:10:24Z,high,220.762337235,,who.gho.mdg-0000000007,raw/who.gho.mdg-0000000007/2026/09/20260907T161024Z-808a2a46070d.json.gz,2
who.gho.mdg-0000000007,MDG_0000000007:TUV:SEX_BTSX:AGEGROUP_YEARSUNDER5:WEALTHQUINTILE_TOTL,1958-01-01,2026-09-07T16:10:24Z,low,166.759585394,,who.gho.mdg-0000000007,raw/who.gho.mdg-0000000007/2026/09/20260907T161024Z-808a2a46070d.json.gz,2
who.gho.mdg-0000000007,MDG_0000000007:TUV:SEX_BTSX:AGEGROUP_YEARSUNDER5:WEALTHQUINTILE_TOTL,1958-01-01,2026-09-07T16:10:24Z,restated_at,2026-08-05,,who.gho.mdg-0000000007,raw/who.gho.mdg-0000000007/2026/09/20260907T161024Z-808a2a46070d.json.gz,2
who.gho.mdg-0000000007,MDG_0000000007:TUV:SEX_BTSX:AGEGROUP_YEARSUNDER5:WEALTHQUINTILE_TOTL,1958-01-01,2026-09-07T16:10:24Z,value,191.45950416,,who.gho.mdg-0000000007,raw/who.gho.mdg-0000000007/2026/09/20260907T161024Z-808a2a46070d.json.gz,2
who.gho.mdg-0000000007,MDG_0000000007:TUV:SEX_FMLE:AGEGROUP_YEARSUNDER5:WEALTHQUINTILE_TOTL,1958-01-01,2026-09-07T16:06:34Z,high,207.865825467,,who.gho.mdg-0000000007,raw/who.gho.mdg-0000000007/2026/09/20260907T160634Z-2774fa4e213c.json.gz,2
who.gho.mdg-0000000007,MDG_0000000007:TUV:SEX_FMLE:AGEGROUP_YEARSUNDER5:WEALTHQUINTILE_TOTL,1958-01-01,2026-09-07T16:06:34Z,low,154.662941307,,who.gho.mdg-0000000007,raw/who.gho.mdg-0000000007/2026/09/20260907T160634Z-2774fa4e213c.json.gz,2
who.gho.mdg-0000000007,MDG_0000000007:TUV:SEX_FMLE:AGEGROUP_YEARSUNDER5:WEALTHQUINTILE_TOTL,1958-01-01,2026-09-07T16:06:34Z,restated_at,2026-08-05,,who.gho.mdg-0000000007,raw/who.gho.mdg-0000000007/2026/09/20260907T160634Z-2774fa4e213c.json.gz,2
who.gho.mdg-0000000007,MDG_0000000007:TUV:SEX_FMLE:AGEGROUP_YEARSUNDER5:WEALTHQUINTILE_TOTL,1958-01-01,2026-09-07T16:06:34Z,value,178.965066075,,who.gho.mdg-0000000007,raw/who.gho.mdg-0000000007/2026/09/20260907T160634Z-2774fa4e213c.json.gz,2
who.gho.mdg-0000000007,MDG_0000000007:TUV:SEX_MLE:AGEGROUP_YEARSUNDER5:WEALTHQUINTILE_TOTL,1958-01-01,2026-09-07T16:08:54Z,high,234.797222946,,who.gho.mdg-0000000007,raw/who.gho.mdg-0000000007/2026/09/20260907T160854Z-e3873ac72928.json.gz,2
who.gho.mdg-0000000007,MDG_0000000007:TUV:SEX_MLE:AGEGROUP_YEARSUNDER5:WEALTHQUINTILE_TOTL,1958-01-01,2026-09-07T16:08:54Z,low,175.763190466,,who.gho.mdg-0000000007,raw/who.gho.mdg-0000000007/2026/09/20260907T160854Z-e3873ac72928.json.gz,2
who.gho.mdg-0000000007,MDG_0000000007:TUV:SEX_MLE:AGEGROUP_YEARSUNDER5:WEALTHQUINTILE_TOTL,1958-01-01,2026-09-07T16:08:54Z,restated_at,2026-08-05,,who.gho.mdg-0000000007,raw/who.gho.mdg-0000000007/2026/09/20260907T160854Z-e3873ac72928.json.gz,2
who.gho.mdg-0000000007,MDG_0000000007:TUV:SEX_MLE:AGEGROUP_YEARSUNDER5:WEALTHQUINTILE_TOTL,1958-01-01,2026-09-07T16:08:54Z,value,203.098262228,,who.gho.mdg-0000000007,raw/who.gho.mdg-0000000007/2026/09/20260907T160854Z-e3873ac72928.json.gz,2
who.gho.mdg-0000000007,MDG_0000000007:TZA:SEX_BTSX:AGEGROUP_YEARSUNDER5:WEALTHQUINTILE_TOTL,1958-01-01,2026-09-07T16:08:59Z,high,276.827330997,,who.gho.mdg-0000000007,raw/who.gho.mdg-0000000007/2026/09/20260907T160859Z-81b3460c41a8.json.gz,2
who.gho.mdg-0000000007,MDG_0000000007:TZA:SEX_BTSX:AGEGROUP_YEARSUNDER5:WEALTHQUINTILE_TOTL,1958-01-01,2026-09-07T16:08:59Z,low,215.75662272,,who.gho.mdg-0000000007,raw/who.gho.mdg-0000000007/2026/09/20260907T160859Z-81b3460c41a8.json.gz,2
who.gho.mdg-0000000007,MDG_0000000007:TZA:SEX_BTSX:AGEGROUP_YEARSUNDER5:WEALTHQUINTILE_TOTL,1958-01-01,2026-09-07T16:08:59Z,restated_at,2026-08-05,,who.gho.mdg-0000000007,raw/who.gho.mdg-0000000007/2026/09/20260907T160859Z-81b3460c41a8.json.gz,2
who.gho.mdg-0000000007,MDG_0000000007:TZA:SEX_BTSX:AGEGROUP_YEARSUNDER5:WEALTHQUINTILE_TOTL,1958-01-01,2026-09-07T16:08:59Z,value,244.353928364,,who.gho.mdg-0000000007,raw/who.gho.mdg-0000000007/2026/09/20260907T160859Z-81b3460c41a8.json.gz,2
who.gho.mdg-0000000007,MDG_0000000007:TZA:SEX_FMLE:AGEGROUP_YEARSUNDER5:WEALTHQUINTILE_TOTL,1958-01-01,2026-09-07T16:10:17Z,high,267.614603397,,who.gho.mdg-0000000007,raw/who.gho.mdg-0000000007/2026/09/20260907T161017Z-ca4dbf4e12d6.json.gz,2
who.gho.mdg-0000000007,MDG_0000000007:TZA:SEX_FMLE:AGEGROUP_YEARSUNDER5:WEALTHQUINTILE_TOTL,1958-01-01,2026-09-07T16:10:17Z,low,206.72082061,,who.gho.mdg-0000000007,raw/who.gho.mdg-0000000007/2026/09/20260907T161017Z-ca4dbf4e12d6.json.gz,2
who.gho.mdg-0000000007,MDG_0000000007:TZA:SEX_FMLE:AGEGROUP_YEARSUNDER5:WEALTHQUINTILE_TOTL,1958-01-01,2026-09-07T16:10:17Z,restated_at,2026-08-05,,who.gho.mdg-0000000007,raw/who.gho.mdg-0000000007/2026/09/20260907T161017Z-ca4dbf4e12d6.json.gz,2
who.gho.mdg-0000000007,MDG_0000000007:TZA:SEX_FMLE:AGEGROUP_YEARSUNDER5:WEALTHQUINTILE_TOTL,1958-01-01,2026-09-07T16:10:17Z,value,235.322348949,,who.gho.mdg-0000000007,raw/who.gho.mdg-0000000007/2026/09/20260907T161017Z-ca4dbf4e12d6.json.gz,2
who.gho.mdg-0000000007,MDG_0000000007:TZA:SEX_MLE:AGEGROUP_YEARSUNDER5:WEALTHQUINTILE_TOTL,1958-01-01,2026-09-07T16:06:26Z,high,287.609797568,,who.gho.mdg-0000000007,raw/who.gho.mdg-0000000007/2026/09/20260907T160626Z-083ef708c2ee.json.gz,2
who.gho.mdg-0000000007,MDG_0000000007:TZA:SEX_MLE:AGEGROUP_YEARSUNDER5:WEALTHQUINTILE_TOTL,1958-01-01,2026-09-07T16:06:26Z,low,222.722701104,,who.gho.mdg-0000000007,raw/who.gho.mdg-0000000007/2026/09/20260907T160626Z-083ef708c2ee.json.gz,2
who.gho.mdg-0000000007,MDG_0000000007:TZA:SEX_MLE:AGEGROUP_YEARSUNDER5:WEALTHQUINTILE_TOTL,1958-01-01,2026-09-07T16:06:26Z,restated_at,2026-08-05,,who.gho.mdg-0000000007,raw/who.gho.mdg-0000000007/2026/09/20260907T160626Z-083ef708c2ee.json.gz,2
who.gho.mdg-0000000007,MDG_0000000007:TZA:SEX_MLE:AGEGROUP_YEARSUNDER5:WEALTHQUINTILE_TOTL,1958-01-01,2026-09-07T16:06:26Z,value,252.883429443,,who.gho.mdg-0000000007,raw/who.gho.mdg-0000000007/2026/09/20260907T160626Z-083ef708c2ee.json.gz,2
who.gho.mdg-0000000007,MDG_0000000007:UGA:SEX_BTSX:AGEGROUP_YEARSUNDER5:WEALTHQUINTILE_TOTL,1958-01-01,2026-09-07T16:10:17Z,high,267.18772668,,who.gho.mdg-0000000007,raw/who.gho.mdg-0000000007/2026/09/20260907T161017Z-ca4dbf4e12d6.json.gz,2
who.gho.mdg-0000000007,MDG_0000000007:UGA:SEX_BTSX:AGEGROUP_YEARSUNDER5:WEALTHQUINTILE_TOTL,1958-01-01,2026-09-07T16:10:17Z,low,198.557053918,,who.gho.mdg-0000000007,raw/who.gho.mdg-0000000007/2026/09/20260907T161017Z-ca4dbf4e12d6.json.gz,2
who.gho.mdg-0000000007,MDG_0000000007:UGA:SEX_BTSX:AGEGROUP_YEARSUNDER5:WEALTHQUINTILE_TOTL,1958-01-01,2026-09-07T16:10:17Z,restated_at,2026-08-05,,who.gho.mdg-0000000007,raw/who.gho.mdg-0000000007/2026/09/20260907T161017Z-ca4dbf4e12d6.json.gz,2
who.gho.mdg-0000000007,MDG_0000000007:UGA:SEX_BTSX:AGEGROUP_YEARSUNDER5:WEALTHQUINTILE_TOTL,1958-01-01,2026-09-07T16:10:17Z,value,230.709438291,,who.gho.mdg-0000000007,raw/who.gho.mdg-0000000007/2026/09/20260907T161017Z-ca4dbf4e12d6.json.gz,2
who.gho.mdg-0000000007,MDG_0000000007:UGA:SEX_FMLE:AGEGROUP_YEARSUNDER5:WEALTHQUINTILE_TOTL,1958-01-01,2026-09-07T16:05:22Z,high,251.904910442,,who.gho.mdg-0000000007,raw/who.gho.mdg-0000000007/2026/09/20260907T160522Z-2bd49e664eea.json.gz,2
who.gho.mdg-0000000007,MDG_0000000007:UGA:SEX_FMLE:AGEGROUP_YEARSUNDER5:WEALTHQUINTILE_TOTL,1958-01-01,2026-09-07T16:05:22Z,low,185.815010975,,who.gho.mdg-0000000007,raw/who.gho.mdg-0000000007/2026/09/20260907T160522Z-2bd49e664eea.json.gz,2
who.gho.mdg-0000000007,MDG_0000000007:UGA:SEX_FMLE:AGEGROUP_YEARSUNDER5:WEALTHQUINTILE_TOTL,1958-01-01,2026-09-07T16:05:22Z,restated_at,2026-08-05,,who.gho.mdg-0000000007,raw/who.gho.mdg-0000000007/2026/09/20260907T160522Z-2bd49e664eea.json.gz,2
who.gho.mdg-0000000007,MDG_0000000007:UGA:SEX_FMLE:AGEGROUP_YEARSUNDER5:WEALTHQUINTILE_TOTL,1958-01-01,2026-09-07T16:05:22Z,value,216.646558808,,who.gho.mdg-0000000007,raw/who.gho.mdg-0000000007/2026/09/20260907T160522Z-2bd49e664eea.json.gz,2
who.gho.mdg-0000000007,MDG_0000000007:UGA:SEX_MLE:AGEGROUP_YEARSUNDER5:WEALTHQUINTILE_TOTL,1958-01-01,2026-09-07T16:05:22Z,high,282.541737395,,who.gho.mdg-0000000007,raw/who.gho.mdg-0000000007/2026/09/20260907T160522Z-2bd49e664eea.json.gz,2
who.gho.mdg-0000000007,MDG_0000000007:UGA:SEX_MLE:AGEGROUP_YEARSUNDER5:WEALTHQUINTILE_TOTL,1958-01-01,2026-09-07T16:05:22Z,low,208.976435438,,who.gho.mdg-0000000007,raw/who.gho.mdg-0000000007/2026/09/20260907T160522Z-2bd49e664eea.json.gz,2
who.gho.mdg-0000000007,MDG_0000000007:UGA:SEX_MLE:AGEGROUP_YEARSUNDER5:WEALTHQUINTILE_TOTL,1958-01-01,2026-09-07T16:05:22Z,restated_at,2026-08-05,,who.gho.mdg-0000000007,raw/who.gho.mdg-0000000007/2026/09/20260907T160522Z-2bd49e664eea.json.gz,2
who.gho.mdg-0000000007,MDG_0000000007:UGA:SEX_MLE:AGEGROUP_YEARSUNDER5:WEALTHQUINTILE_TOTL,1958-01-01,2026-09-07T16:05:22Z,value,243.903120184,,who.gho.mdg-0000000007,raw/who.gho.mdg-0000000007/2026/09/20260907T160522Z-2bd49e664eea.json.gz,2
who.gho.mdg-0000000007,MDG_0000000007:URY:SEX_BTSX:AGEGROUP_YEARSUNDER5:WEALTHQUINTILE_TOTL,1958-01-01,2026-09-07T16:11:10Z,high,65.137611442,,who.gho.mdg-0000000007,raw/who.gho.mdg-0000000007/2026/09/20260907T161110Z-9f3e1e4fe296.json.gz,2
who.gho.mdg-0000000007,MDG_0000000007:URY:SEX_BTSX:AGEGROUP_YEARSUNDER5:WEALTHQUINTILE_TOTL,1958-01-01,2026-09-07T16:11:10Z,low,62.682835418,,who.gho.mdg-0000000007,raw/who.gho.mdg-0000000007/2026/09/20260907T161110Z-9f3e1e4fe296.json.gz,2
who.gho.mdg-0000000007,MDG_0000000007:URY:SEX_BTSX:AGEGROUP_YEARSUNDER5:WEALTHQUINTILE_TOTL,1958-01-01,2026-09-07T16:11:10Z,restated_at,2026-08-05,,who.gho.mdg-0000000007,raw/who.gho.mdg-0000000007/2026/09/20260907T161110Z-9f3e1e4fe296.json.gz,2
who.gho.mdg-0000000007,MDG_0000000007:URY:SEX_BTSX:AGEGROUP_YEARSUNDER5:WEALTHQUINTILE_TOTL,1958-01-01,2026-09-07T16:11:10Z,value,63.891422423,,who.gho.mdg-0000000007,raw/who.gho.mdg-0000000007/2026/09/20260907T161110Z-9f3e1e4fe296.json.gz,2
who.gho.mdg-0000000007,MDG_0000000007:URY:SEX_FMLE:AGEGROUP_YEARSUNDER5:WEALTHQUINTILE_TOTL,1958-01-01,2026-09-07T16:05:31Z,high,59.254070987,,who.gho.mdg-0000000007,raw/who.gho.mdg-0000000007/2026/09/20260907T160531Z-a90a9bba0858.json.gz,2
who.gho.mdg-0000000007,MDG_0000000007:URY:SEX_FMLE:AGEGROUP_YEARSUNDER5:WEALTHQUINTILE_TOTL,1958-01-01,2026-09-07T16:05:31Z,low,56.4668822,,who.gho.mdg-0000000007,raw/who.gho.mdg-0000000007/2026/09/20260907T160531Z-a90a9bba0858.json.gz,2
who.gho.mdg-0000000007,MDG_0000000007:URY:SEX_FMLE:AGEGROUP_YEARSUNDER5:WEALTHQUINTILE_TOTL,1958-01-01,2026-09-07T16:05:31Z,restated_at,2026-08-05,,who.gho.mdg-0000000007,raw/who.gho.mdg-0000000007/2026/09/20260907T160531Z-a90a9bba0858.json.gz,2
who.gho.mdg-0000000007,MDG_0000000007:URY:SEX_FMLE:AGEGROUP_YEARSUNDER5:WEALTHQUINTILE_TOTL,1958-01-01,2026-09-07T16:05:31Z,value,57.848020616,,who.gho.mdg-0000000007,raw/who.gho.mdg-0000000007/2026/09/20260907T160531Z-a90a9bba0858.json.gz,2
who.gho.mdg-0000000007,MDG_0000000007:URY:SEX_MLE:AGEGROUP_YEARSUNDER5:WEALTHQUINTILE_TOTL,1958-01-01,2026-09-07T16:09:13Z,high,71.247877852,,who.gho.mdg-0000000007,raw/who.gho.mdg-0000000007/2026/09/20260907T160913Z-86e8fac132bd.json.gz,2
who.gho.mdg-0000000007,MDG_0000000007:URY:SEX_MLE:AGEGROUP_YEARSUNDER5:WEALTHQUINTILE_TOTL,1958-01-01,2026-09-07T16:09:13Z,low,68.13886222,,who.gho.mdg-0000000007,raw/who.gho.mdg-0000000007/2026/09/20260907T160913Z-86e8fac132bd.json.gz,2
who.gho.mdg-0000000007,MDG_0000000007:URY:SEX_MLE:AGEGROUP_YEARSUNDER5:WEALTHQUINTILE_TOTL,1958-01-01,2026-09-07T16:09:13Z,restated_at,2026-08-05,,who.gho.mdg-0000000007,raw/who.gho.mdg-0000000007/2026/09/20260907T160913Z-86e8fac132bd.json.gz,2
who.gho.mdg-0000000007,MDG_0000000007:URY:SEX_MLE:AGEGROUP_YEARSUNDER5:WEALTHQUINTILE_TOTL,1958-01-01,2026-09-07T16:09:13Z,value,69.650454454,,who.gho.mdg-0000000007,raw/who.gho.mdg-0000000007/2026/09/20260907T160913Z-86e8fac132bd.json.gz,2
who.gho.mdg-0000000007,MDG_0000000007:USA:SEX_BTSX:AGEGROUP_YEARSUNDER5:WEALTHQUINTILE_TOTL,1958-01-01,2026-09-07T16:05:38Z,high,31.656230476,,who.gho.mdg-0000000007,raw/who.gho.mdg-0000000007/2026/09/20260907T160538Z-28a5f6808180.json.gz,2
who.gho.mdg-0000000007,MDG_0000000007:USA:SEX_BTSX:AGEGROUP_YEARSUNDER5:WEALTHQUINTILE_TOTL,1958-01-01,2026-09-07T16:05:38Z,low,30.637513964,,who.gho.mdg-0000000007,raw/who.gho.mdg-0000000007/2026/09/20260907T160538Z-28a5f6808180.json.gz,2
who.gho.mdg-0000000007,MDG_0000000007:USA:SEX_BTSX:AGEGROUP_YEARSUNDER5:WEALTHQUINTILE_TOTL,1958-01-01,2026-09-07T16:05:38Z,restated_at,2026-08-05,,who.gho.mdg-0000000007,raw/who.gho.mdg-0000000007/2026/09/20260907T160538Z-28a5f6808180.json.gz,2
who.gho.mdg-0000000007,MDG_0000000007:USA:SEX_BTSX:AGEGROUP_YEARSUNDER5:WEALTHQUINTILE_TOTL,1958-01-01,2026-09-07T16:05:38Z,value,31.144177754,,who.gho.mdg-0000000007,raw/who.gho.mdg-0000000007/2026/09/20260907T160538Z-28a5f6808180.json.gz,2
who.gho.mdg-0000000007,MDG_0000000007:USA:SEX_FMLE:AGEGROUP_YEARSUNDER5:WEALTHQUINTILE_TOTL,1958-01-01,2026-09-07T16:05:18Z,high,27.861061083,,who.gho.mdg-0000000007,raw/who.gho.mdg-0000000007/2026/09/20260907T160518Z-f66c8acba372.json.gz,2
who.gho.mdg-0000000007,MDG_0000000007:USA:SEX_FMLE:AGEGROUP_YEARSUNDER5:WEALTHQUINTILE_TOTL,1958-01-01,2026-09-07T16:05:18Z,low,26.92496063,,who.gho.mdg-0000000007,raw/who.gho.mdg-0000000007/2026/09/20260907T160518Z-f66c8acba372.json.gz,2
who.gho.mdg-0000000007,MDG_0000000007:USA:SEX_FMLE:AGEGROUP_YEARSUNDER5:WEALTHQUINTILE_TOTL,1958-01-01,2026-09-07T16:05:18Z,restated_at,2026-08-05,,who.gho.mdg-0000000007,raw/who.gho.mdg-0000000007/2026/09/20260907T160518Z-f66c8acba372.json.gz,2
who.gho.mdg-0000000007,MDG_0000000007:USA:SEX_FMLE:AGEGROUP_YEARSUNDER5:WEALTHQUINTILE_TOTL,1958-01-01,2026-09-07T16:05:18Z,value,27.392945011,,who.gho.mdg-0000000007,raw/who.gho.mdg-0000000007/2026/09/20260907T160518Z-f66c8acba372.json.gz,2
who.gho.mdg-0000000007,MDG_0000000007:USA:SEX_MLE:AGEGROUP_YEARSUNDER5:WEALTHQUINTILE_TOTL,1958-01-01,2026-09-07T16:11:10Z,high,35.295845848,,who.gho.mdg-0000000007,raw/who.gho.mdg-0000000007/2026/09/20260907T161110Z-9f3e1e4fe296.json.gz,2
who.gho.mdg-0000000007,MDG_0000000007:USA:SEX_MLE:AGEGROUP_YEARSUNDER5:WEALTHQUINTILE_TOTL,1958-01-01,2026-09-07T16:11:10Z,low,34.142579845,,who.gho.mdg-0000000007,raw/who.gho.mdg-0000000007/2026/09/20260907T161110Z-9f3e1e4fe296.json.gz,2
who.gho.mdg-0000000007,MDG_0000000007:USA:SEX_MLE:AGEGROUP_YEARSUNDER5:WEALTHQUINTILE_TOTL,1958-01-01,2026-09-07T16:11:10Z,restated_at,2026-08-05,,who.gho.mdg-0000000007,raw/who.gho.mdg-0000000007/2026/09/20260907T161110Z-9f3e1e4fe296.json.gz,2
who.gho.mdg-0000000007,MDG_0000000007:USA:SEX_MLE:AGEGROUP_YEARSUNDER5:WEALTHQUINTILE_TOTL,1958-01-01,2026-09-07T16:11:10Z,value,34.716116566,,who.gho.mdg-0000000007,raw/who.gho.mdg-0000000007/2026/09/20260907T161110Z-9f3e1e4fe296.json.gz,2
who.gho.mdg-0000000007,MDG_0000000007:VEN:SEX_BTSX:AGEGROUP_YEARSUNDER5:WEALTHQUINTILE_TOTL,1958-01-01,2026-09-07T16:09:30Z,high,101.568684318,,who.gho.mdg-0000000007,raw/who.gho.mdg-0000000007/2026/09/20260907T160930Z-3a49f2d0e7d2.json.gz,2
who.gho.mdg-0000000007,MDG_0000000007:VEN:SEX_BTSX:AGEGROUP_YEARSUNDER5:WEALTHQUINTILE_TOTL,1958-01-01,2026-09-07T16:09:30Z,low,74.441649007,,who.gho.mdg-0000000007,raw/who.gho.mdg-0000000007/2026/09/20260907T160930Z-3a49f2d0e7d2.json.gz,2
who.gho.mdg-0000000007,MDG_0000000007:VEN:SEX_BTSX:AGEGROUP_YEARSUNDER5:WEALTHQUINTILE_TOTL,1958-01-01,2026-09-07T16:09:30Z,restated_at,2026-08-05,,who.gho.mdg-0000000007,raw/who.gho.mdg-0000000007/2026/09/20260907T160930Z-3a49f2d0e7d2.json.gz,2
who.gho.mdg-0000000007,MDG_0000000007:VEN:SEX_BTSX:AGEGROUP_YEARSUNDER5:WEALTHQUINTILE_TOTL,1958-01-01,2026-09-07T16:09:30Z,value,86.630352623,,who.gho.mdg-0000000007,raw/who.gho.mdg-0000000007/2026/09/20260907T160930Z-3a49f2d0e7d2.json.gz,2
who.gho.mdg-0000000007,MDG_0000000007:VEN:SEX_FMLE:AGEGROUP_YEARSUNDER5:WEALTHQUINTILE_TOTL,1958-01-01,2026-09-07T16:06:11Z,high,94.345499459,,who.gho.mdg-0000000007,raw/who.gho.mdg-0000000007/2026/09/20260907T160611Z-e868f3030ca5.json.gz,2
who.gho.mdg-0000000007,MDG_0000000007:VEN:SEX_FMLE:AGEGROUP_YEARSUNDER5:WEALTHQUINTILE_TOTL,1958-01-01,2026-09-07T16:06:11Z,low,68.693141431,,who.gho.mdg-0000000007,raw/who.gho.mdg-0000000007/2026/09/20260907T160611Z-e868f3030ca5.json.gz,2
who.gho.mdg-0000000007,MDG_0000000007:VEN:SEX_FMLE:AGEGROUP_YEARSUNDER5:WEALTHQUINTILE_TOTL,1958-01-01,2026-09-07T16:06:11Z,restated_at,2026-08-05,,who.gho.mdg-0000000007,raw/who.gho.mdg-0000000007/2026/09/20260907T160611Z-e868f3030ca5.json.gz,2
who.gho.mdg-0000000007,MDG_0000000007:VEN:SEX_FMLE:AGEGROUP_YEARSUNDER5:WEALTHQUINTILE_TOTL,1958-01-01,2026-09-07T16:06:11Z,value,80.255009266,,who.gho.mdg-0000000007,raw/who.gho.mdg-0000000007/2026/09/20260907T160611Z-e868f3030ca5.json.gz,2
who.gho.mdg-0000000007,MDG_0000000007:VEN:SEX_MLE:AGEGROUP_YEARSUNDER5:WEALTHQUINTILE_TOTL,1958-01-01,2026-09-07T16:05:48Z,high,108.906789491,,who.gho.mdg-0000000007,raw/who.gho.mdg-0000000007/2026/09/20260907T160548Z-1609a76f5ecc.json.gz,2
who.gho.mdg-0000000007,MDG_0000000007:VEN:SEX_MLE:AGEGROUP_YEARSUNDER5:WEALTHQUINTILE_TOTL,1958-01-01,2026-09-07T16:05:48Z,low,79.453158217,,who.gho.mdg-0000000007,raw/who.gho.mdg-0000000007/2026/09/20260907T160548Z-1609a76f5ecc.json.gz,2
who.gho.mdg-0000000007,MDG_0000000007:VEN:SEX_MLE:AGEGROUP_YEARSUNDER5:WEALTHQUINTILE_TOTL,1958-01-01,2026-09-07T16:05:48Z,restated_at,2026-08-05,,who.gho.mdg-0000000007,raw/who.gho.mdg-0000000007/2026/09/20260907T160548Z-1609a76f5ecc.json.gz,2
who.gho.mdg-0000000007,MDG_0000000007:VEN:SEX_MLE:AGEGROUP_YEARSUNDER5:WEALTHQUINTILE_TOTL,1958-01-01,2026-09-07T16:05:48Z,value,92.799015473,,who.gho.mdg-0000000007,raw/who.gho.mdg-0000000007/2026/09/20260907T160548Z-1609a76f5ecc.json.gz,2
who.gho.mdg-0000000007,MDG_0000000007:VGB:SEX_BTSX:AGEGROUP_YEARSUNDER5:WEALTHQUINTILE_TOTL,1958-01-01,2026-09-07T16:05:48Z,high,118.11042552,,who.gho.mdg-0000000007,raw/who.gho.mdg-0000000007/2026/09/20260907T160548Z-1609a76f5ecc.json.gz,2
who.gho.mdg-0000000007,MDG_0000000007:VGB:SEX_BTSX:AGEGROUP_YEARSUNDER5:WEALTHQUINTILE_TOTL,1958-01-01,2026-09-07T16:05:48Z,low,88.151963268,,who.gho.mdg-0000000007,raw/who.gho.mdg-0000000007/2026/09/20260907T160548Z-1609a76f5ecc.json.gz,2
who.gho.mdg-0000000007,MDG_0000000007:VGB:SEX_BTSX:AGEGROUP_YEARSUNDER5:WEALTHQUINTILE_TOTL,1958-01-01,2026-09-07T16:05:48Z,restated_at,2026-08-05,,who.gho.mdg-0000000007,raw/who.gho.mdg-0000000007/2026/09/20260907T160548Z-1609a76f5ecc.json.gz,2
who.gho.mdg-0000000007,MDG_0000000007:VGB:SEX_BTSX:AGEGROUP_YEARSUNDER5:WEALTHQUINTILE_TOTL,1958-01-01,2026-09-07T16:05:48Z,value,102.039404947,,who.gho.mdg-0000000007,raw/who.gho.mdg-0000000007/2026/09/20260907T160548Z-1609a76f5ecc.json.gz,2
who.gho.mdg-0000000007,MDG_0000000007:VGB:SEX_FMLE:AGEGROUP_YEARSUNDER5:WEALTHQUINTILE_TOTL,1958-01-01,2026-09-07T16:05:14Z,high,100.813499718,,who.gho.mdg-0000000007,raw/who.gho.mdg-0000000007/2026/09/20260907T160514Z-6205b585146a.json.gz,2
who.gho.mdg-0000000007,MDG_0000000007:VGB:SEX_FMLE:AGEGROUP_YEARSUNDER5:WEALTHQUINTILE_TOTL,1958-01-01,2026-09-07T16:05:14Z,low,74.672966962,,who.gho.mdg-0000000007,raw/who.gho.mdg-0000000007/2026/09/20260907T160514Z-6205b585146a.json.gz,2
who.gho.mdg-0000000007,MDG_0000000007:VGB:SEX_FMLE:AGEGROUP_YEARSUNDER5:WEALTHQUINTILE_TOTL,1958-01-01,2026-09-07T16:05:14Z,restated_at,2026-08-05,,who.gho.mdg-0000000007,raw/who.gho.mdg-0000000007/2026/09/20260907T160514Z-6205b585146a.json.gz,2
who.gho.mdg-0000000007,MDG_0000000007:VGB:SEX_FMLE:AGEGROUP_YEARSUNDER5:WEALTHQUINTILE_TOTL,1958-01-01,2026-09-07T16:05:14Z,value,86.774885081,,who.gho.mdg-0000000007,raw/who.gho.mdg-0000000007/2026/09/20260907T160514Z-6205b585146a.json.gz,2
who.gho.mdg-0000000007,MDG_0000000007:VGB:SEX_MLE:AGEGROUP_YEARSUNDER5:WEALTHQUINTILE_TOTL,1958-01-01,2026-09-07T16:05:31Z,high,135.293203542,,who.gho.mdg-0000000007,raw/who.gho.mdg-0000000007/2026/09/20260907T160531Z-a90a9bba0858.json.gz,2
who.gho.mdg-0000000007,MDG_0000000007:VGB:SEX_MLE:AGEGROUP_YEARSUNDER5:WEALTHQUINTILE_TOTL,1958-01-01,2026-09-07T16:05:31Z,low,100.413390103,,who.gho.mdg-0000000007,raw/who.gho.mdg-0000000007/2026/09/20260907T160531Z-a90a9bba0858.json.gz,2
who.gho.mdg-0000000007,MDG_0000000007:VGB:SEX_MLE:AGEGROUP_YEARSUNDER5:WEALTHQUINTILE_TOTL,1958-01-01,2026-09-07T16:05:31Z,restated_at,2026-08-05,,who.gho.mdg-0000000007,raw/who.gho.mdg-0000000007/2026/09/20260907T160531Z-a90a9bba0858.json.gz,2
who.gho.mdg-0000000007,MDG_0000000007:VGB:SEX_MLE:AGEGROUP_YEARSUNDER5:WEALTHQUINTILE_TOTL,1958-01-01,2026-09-07T16:05:31Z,value,116.473894271,,who.gho.mdg-0000000007,raw/who.gho.mdg-0000000007/2026/09/20260907T160531Z-a90a9bba0858.json.gz,2
who.gho.mdg-0000000007,MDG_0000000007:VUT:SEX_BTSX:AGEGROUP_YEARSUNDER5:WEALTHQUINTILE_TOTL,1958-01-01,2026-09-07T16:04:52Z,high,185.725306434,,who.gho.mdg-0000000007,raw/who.gho.mdg-0000000007/2026/09/20260907T160452Z-cad637d9cec2.json.gz,2
who.gho.mdg-0000000007,MDG_0000000007:VUT:SEX_BTSX:AGEGROUP_YEARSUNDER5:WEALTHQUINTILE_TOTL,1958-01-01,2026-09-07T16:04:52Z,low,137.693388436,,who.gho.mdg-0000000007,raw/who.gho.mdg-0000000007/2026/09/20260907T160452Z-cad637d9cec2.json.gz,2
who.gho.mdg-0000000007,MDG_0000000007:VUT:SEX_BTSX:AGEGROUP_YEARSUNDER5:WEALTHQUINTILE_TOTL,1958-01-01,2026-09-07T16:04:52Z,restated_at,2026-08-05,,who.gho.mdg-0000000007,raw/who.gho.mdg-0000000007/2026/09/20260907T160452Z-cad637d9cec2.json.gz,2
who.gho.mdg-0000000007,MDG_0000000007:VUT:SEX_BTSX:AGEGROUP_YEARSUNDER5:WEALTHQUINTILE_TOTL,1958-01-01,2026-09-07T16:04:52Z,value,160.063935044,,who.gho.mdg-0000000007,raw/who.gho.mdg-0000000007/2026/09/20260907T160452Z-cad637d9cec2.json.gz,2
who.gho.mdg-0000000007,MDG_0000000007:VUT:SEX_FMLE:AGEGROUP_YEARSUNDER5:WEALTHQUINTILE_TOTL,1958-01-01,2026-09-07T16:05:22Z,high,181.464085574,,who.gho.mdg-0000000007,raw/who.gho.mdg-0000000007/2026/09/20260907T160522Z-2bd49e664eea.json.gz,2
who.gho.mdg-0000000007,MDG_0000000007:VUT:SEX_FMLE:AGEGROUP_YEARSUNDER5:WEALTHQUINTILE_TOTL,1958-01-01,2026-09-07T16:05:22Z,low,132.67427204,,who.gho.mdg-0000000007,raw/who.gho.mdg-0000000007/2026/09/20260907T160522Z-2bd49e664eea.json.gz,2
who.gho.mdg-0000000007,MDG_0000000007:VUT:SEX_FMLE:AGEGROUP_YEARSUNDER5:WEALTHQUINTILE_TOTL,1958-01-01,2026-09-07T16:05:22Z,restated_at,2026-08-05,,who.gho.mdg-0000000007,raw/who.gho.mdg-0000000007/2026/09/20260907T160522Z-2bd49e664eea.json.gz,2
who.gho.mdg-0000000007,MDG_0000000007:VUT:SEX_FMLE:AGEGROUP_YEARSUNDER5:WEALTHQUINTILE_TOTL,1958-01-01,2026-09-07T16:05:22Z,value,154.92854408,,who.gho.mdg-0000000007,raw/who.gho.mdg-0000000007/2026/09/20260907T160522Z-2bd49e664eea.json.gz,2
who.gho.mdg-0000000007,MDG_0000000007:VUT:SEX_MLE:AGEGROUP_YEARSUNDER5:WEALTHQUINTILE_TOTL,1958-01-01,2026-09-07T16:09:51Z,high,192.560657508,,who.gho.mdg-0000000007,raw/who.gho.mdg-0000000007/2026/09/20260907T160951Z-f1aadb832125.json.gz,2
who.gho.mdg-0000000007,MDG_0000000007:VUT:SEX_MLE:AGEGROUP_YEARSUNDER5:WEALTHQUINTILE_TOTL,1958-01-01,2026-09-07T16:09:51Z,low,140.74636406,,who.gho.mdg-0000000007,raw/who.gho.mdg-0000000007/2026/09/20260907T160951Z-f1aadb832125.json.gz,2
who.gho.mdg-0000000007,MDG_0000000007:VUT:SEX_MLE:AGEGROUP_YEARSUNDER5:WEALTHQUINTILE_TOTL,1958-01-01,2026-09-07T16:09:51Z,restated_at,2026-08-05,,who.gho.mdg-0000000007,raw/who.gho.mdg-0000000007/2026/09/20260907T160951Z-f1aadb832125.json.gz,2
who.gho.mdg-0000000007,MDG_0000000007:VUT:SEX_MLE:AGEGROUP_YEARSUNDER5:WEALTHQUINTILE_TOTL,1958-01-01,2026-09-07T16:09:51Z,value,165.088520952,,who.gho.mdg-0000000007,raw/who.gho.mdg-0000000007/2026/09/20260907T160951Z-f1aadb832125.json.gz,2
who.gho.mdg-0000000007,MDG_0000000007:WSM:SEX_BTSX:AGEGROUP_YEARSUNDER5:WEALTHQUINTILE_TOTL,1958-01-01,2026-09-07T16:09:41Z,high,130.584332155,,who.gho.mdg-0000000007,raw/who.gho.mdg-0000000007/2026/09/20260907T160941Z-845bd0fc2e92.json.gz,2
who.gho.mdg-0000000007,MDG_0000000007:WSM:SEX_BTSX:AGEGROUP_YEARSUNDER5:WEALTHQUINTILE_TOTL,1958-01-01,2026-09-07T16:09:41Z,low,102.498561934,,who.gho.mdg-0000000007,raw/who.gho.mdg-0000000007/2026/09/20260907T160941Z-845bd0fc2e92.json.gz,2
who.gho.mdg-0000000007,MDG_0000000007:WSM:SEX_BTSX:AGEGROUP_YEARSUNDER5:WEALTHQUINTILE_TOTL,1958-01-01,2026-09-07T16:09:41Z,restated_at,2026-08-05,,who.gho.mdg-0000000007,raw/who.gho.mdg-0000000007/2026/09/20260907T160941Z-845bd0fc2e92.json.gz,2
who.gho.mdg-0000000007,MDG_0000000007:WSM:SEX_BTSX:AGEGROUP_YEARSUNDER5:WEALTHQUINTILE_TOTL,1958-01-01,2026-09-07T16:09:41Z,value,115.952806807,,who.gho.mdg-0000000007,raw/who.gho.mdg-0000000007/2026/09/20260907T160941Z-845bd0fc2e92.json.gz,2
who.gho.mdg-0000000007,MDG_0000000007:WSM:SEX_FMLE:AGEGROUP_YEARSUNDER5:WEALTHQUINTILE_TOTL,1958-01-01,2026-09-07T16:11:01Z,high,124.304059544,,who.gho.mdg-0000000007,raw/who.gho.mdg-0000000007/2026/09/20260907T161101Z-fc76d9a7e10d.json.gz,2
who.gho.mdg-0000000007,MDG_0000000007:WSM:SEX_FMLE:AGEGROUP_YEARSUNDER5:WEALTHQUINTILE_TOTL,1958-01-01,2026-09-07T16:11:01Z,low,95.992456863,,who.gho.mdg-0000000007,raw/who.gho.mdg-0000000007/2026/09/20260907T161101Z-fc76d9a7e10d.json.gz,2
who.gho.mdg-0000000007,MDG_0000000007:WSM:SEX_FMLE:AGEGROUP_YEARSUNDER5:WEALTHQUINTILE_TOTL,1958-01-01,2026-09-07T16:11:01Z,restated_at,2026-08-05,,who.gho.mdg-0000000007,raw/who.gho.mdg-0000000007/2026/09/20260907T161101Z-fc76d9a7e10d.json.gz,2
who.gho.mdg-0000000007,MDG_0000000007:WSM:SEX_FMLE:AGEGROUP_YEARSUNDER5:WEALTHQUINTILE_TOTL,1958-01-01,2026-09-07T16:11:01Z,value,109.398490748,,who.gho.mdg-0000000007,raw/who.gho.mdg-0000000007/2026/09/20260907T161101Z-fc76d9a7e10d.json.gz,2
who.gho.mdg-0000000007,MDG_0000000007:WSM:SEX_MLE:AGEGROUP_YEARSUNDER5:WEALTHQUINTILE_TOTL,1958-01-01,2026-09-07T16:06:26Z,high,138.336579614,,who.gho.mdg-0000000007,raw/who.gho.mdg-0000000007/2026/09/20260907T160626Z-083ef708c2ee.json.gz,2
who.gho.mdg-0000000007,MDG_0000000007:WSM:SEX_MLE:AGEGROUP_YEARSUNDER5:WEALTHQUINTILE_TOTL,1958-01-01,2026-09-07T16:06:26Z,low,107.211523144,,who.gho.mdg-0000000007,raw/who.gho.mdg-0000000007/2026/09/20260907T160626Z-083ef708c2ee.json.gz,2
who.gho.mdg-0000000007,MDG_0000000007:WSM:SEX_MLE:AGEGROUP_YEARSUNDER5:WEALTHQUINTILE_TOTL,1958-01-01,2026-09-07T16:06:26Z,restated_at,2026-08-05,,who.gho.mdg-0000000007,raw/who.gho.mdg-0000000007/2026/09/20260907T160626Z-083ef708c2ee.json.gz,2
who.gho.mdg-0000000007,MDG_0000000007:WSM:SEX_MLE:AGEGROUP_YEARSUNDER5:WEALTHQUINTILE_TOTL,1958-01-01,2026-09-07T16:06:26Z,value,122.101693231,,who.gho.mdg-0000000007,raw/who.gho.mdg-0000000007/2026/09/20260907T160626Z-083ef708c2ee.json.gz,2
who.gho.mdg-0000000007,MDG_0000000007:YEM:SEX_BTSX:AGEGROUP_YEARSUNDER5:WEALTHQUINTILE_TOTL,1958-01-01,2026-09-07T16:06:16Z,high,540.526211899,,who.gho.mdg-0000000007,raw/who.gho.mdg-0000000007/2026/09/20260907T160616Z-615f6bfccb87.json.gz,2
who.gho.mdg-0000000007,MDG_0000000007:YEM:SEX_BTSX:AGEGROUP_YEARSUNDER5:WEALTHQUINTILE_TOTL,1958-01-01,2026-09-07T16:06:16Z,low,372.108064482,,who.gho.mdg-0000000007,raw/who.gho.mdg-0000000007/2026/09/20260907T160616Z-615f6bfccb87.json.gz,2
who.gho.mdg-0000000007,MDG_0000000007:YEM:SEX_BTSX:AGEGROUP_YEARSUNDER5:WEALTHQUINTILE_TOTL,1958-01-01,2026-09-07T16:06:16Z,restated_at,2026-08-05,,who.gho.mdg-0000000007,raw/who.gho.mdg-0000000007/2026/09/20260907T160616Z-615f6bfccb87.json.gz,2
who.gho.mdg-0000000007,MDG_0000000007:YEM:SEX_BTSX:AGEGROUP_YEARSUNDER5:WEALTHQUINTILE_TOTL,1958-01-01,2026-09-07T16:06:16Z,value,449.165363456,,who.gho.mdg-0000000007,raw/who.gho.mdg-0000000007/2026/09/20260907T160616Z-615f6bfccb87.json.gz,2
who.gho.mdg-0000000007,MDG_0000000007:YEM:SEX_FMLE:AGEGROUP_YEARSUNDER5:WEALTHQUINTILE_TOTL,1958-01-01,2026-09-07T16:10:45Z,high,526.457316505,,who.gho.mdg-0000000007,raw/who.gho.mdg-0000000007/2026/09/20260907T161045Z-53a7d24c459b.json.gz,2
who.gho.mdg-0000000007,MDG_0000000007:YEM:SEX_FMLE:AGEGROUP_YEARSUNDER5:WEALTHQUINTILE_TOTL,1958-01-01,2026-09-07T16:10:45Z,low,360.909827194,,who.gho.mdg-0000000007,raw/who.gho.mdg-0000000007/2026/09/20260907T161045Z-53a7d24c459b.json.gz,2
who.gho.mdg-0000000007,MDG_0000000007:YEM:SEX_FMLE:AGEGROUP_YEARSUNDER5:WEALTHQUINTILE_TOTL,1958-01-01,2026-09-07T16:10:45Z,restated_at,2026-08-05,,who.gho.mdg-0000000007,raw/who.gho.mdg-0000000007/2026/09/20260907T161045Z-53a7d24c459b.json.gz,2
who.gho.mdg-0000000007,MDG_0000000007:YEM:SEX_FMLE:AGEGROUP_YEARSUNDER5:WEALTHQUINTILE_TOTL,1958-01-01,2026-09-07T16:10:45Z,value,436.910660123,,who.gho.mdg-0000000007,raw/who.gho.mdg-0000000007/2026/09/20260907T161045Z-53a7d24c459b.json.gz,2
who.gho.mdg-0000000007,MDG_0000000007:YEM:SEX_MLE:AGEGROUP_YEARSUNDER5:WEALTHQUINTILE_TOTL,1958-01-01,2026-09-07T16:05:52Z,high,555.46821252,,who.gho.mdg-0000000007,raw/who.gho.mdg-0000000007/2026/09/20260907T160552Z-f44dce2e8a23.json.gz,2
who.gho.mdg-0000000007,MDG_0000000007:YEM:SEX_MLE:AGEGROUP_YEARSUNDER5:WEALTHQUINTILE_TOTL,1958-01-01,2026-09-07T16:05:52Z,low,380.73694176,,who.gho.mdg-0000000007,raw/who.gho.mdg-0000000007/2026/09/20260907T160552Z-f44dce2e8a23.json.gz,2
who.gho.mdg-0000000007,MDG_0000000007:YEM:SEX_MLE:AGEGROUP_YEARSUNDER5:WEALTHQUINTILE_TOTL,1958-01-01,2026-09-07T16:05:52Z,restated_at,2026-08-05,,who.gho.mdg-0000000007,raw/who.gho.mdg-0000000007/2026/09/20260907T160552Z-f44dce2e8a23.json.gz,2
who.gho.mdg-0000000007,MDG_0000000007:YEM:SEX_MLE:AGEGROUP_YEARSUNDER5:WEALTHQUINTILE_TOTL,1958-01-01,2026-09-07T16:05:52Z,value,460.15774862,,who.gho.mdg-0000000007,raw/who.gho.mdg-0000000007/2026/09/20260907T160552Z-f44dce2e8a23.json.gz,2
who.gho.mdg-0000000007,MDG_0000000007:ZMB:SEX_BTSX:AGEGROUP_YEARSUNDER5:WEALTHQUINTILE_TOTL,1958-01-01,2026-09-07T16:09:59Z,high,244.412413531,,who.gho.mdg-0000000007,raw/who.gho.mdg-0000000007/2026/09/20260907T160959Z-e41937f31aea.json.gz,2
who.gho.mdg-0000000007,MDG_0000000007:ZMB:SEX_BTSX:AGEGROUP_YEARSUNDER5:WEALTHQUINTILE_TOTL,1958-01-01,2026-09-07T16:09:59Z,low,185.424773818,,who.gho.mdg-0000000007,raw/who.gho.mdg-0000000007/2026/09/20260907T160959Z-e41937f31aea.json.gz,2
who.gho.mdg-0000000007,MDG_0000000007:ZMB:SEX_BTSX:AGEGROUP_YEARSUNDER5:WEALTHQUINTILE_TOTL,1958-01-01,2026-09-07T16:09:59Z,restated_at,2026-08-05,,who.gho.mdg-0000000007,raw/who.gho.mdg-0000000007/2026/09/20260907T160959Z-e41937f31aea.json.gz,2
who.gho.mdg-0000000007,MDG_0000000007:ZMB:SEX_BTSX:AGEGROUP_YEARSUNDER5:WEALTHQUINTILE_TOTL,1958-01-01,2026-09-07T16:09:59Z,value,213.046816429,,who.gho.mdg-0000000007,raw/who.gho.mdg-0000000007/2026/09/20260907T160959Z-e41937f31aea.json.gz,2
who.gho.mdg-0000000007,MDG_0000000007:ZMB:SEX_FMLE:AGEGROUP_YEARSUNDER5:WEALTHQUINTILE_TOTL,1958-01-01,2026-09-07T16:05:18Z,high,236.602724165,,who.gho.mdg-0000000007,raw/who.gho.mdg-0000000007/2026/09/20260907T160518Z-f66c8acba372.json.gz,2
who.gho.mdg-0000000007,MDG_0000000007:ZMB:SEX_FMLE:AGEGROUP_YEARSUNDER5:WEALTHQUINTILE_TOTL,1958-01-01,2026-09-07T16:05:18Z,low,178.190007791,,who.gho.mdg-0000000007,raw/who.gho.mdg-0000000007/2026/09/20260907T160518Z-f66c8acba372.json.gz,2
who.gho.mdg-0000000007,MDG_0000000007:ZMB:SEX_FMLE:AGEGROUP_YEARSUNDER5:WEALTHQUINTILE_TOTL,1958-01-01,2026-09-07T16:05:18Z,restated_at,2026-08-05,,who.gho.mdg-0000000007,raw/who.gho.mdg-0000000007/2026/09/20260907T160518Z-f66c8acba372.json.gz,2
who.gho.mdg-0000000007,MDG_0000000007:ZMB:SEX_FMLE:AGEGROUP_YEARSUNDER5:WEALTHQUINTILE_TOTL,1958-01-01,2026-09-07T16:05:18Z,value,205.388166784,,who.gho.mdg-0000000007,raw/who.gho.mdg-0000000007/2026/09/20260907T160518Z-f66c8acba372.json.gz,2
who.gho.mdg-0000000007,MDG_0000000007:ZMB:SEX_MLE:AGEGROUP_YEARSUNDER5:WEALTHQUINTILE_TOTL,1958-01-01,2026-09-07T16:11:18Z,high,253.431993438,,who.gho.mdg-0000000007,raw/who.gho.mdg-0000000007/2026/09/20260907T161118Z-85c02b5f4e3c.json.gz,2
who.gho.mdg-0000000007,MDG_0000000007:ZMB:SEX_MLE:AGEGROUP_YEARSUNDER5:WEALTHQUINTILE_TOTL,1958-01-01,2026-09-07T16:11:18Z,low,191.34088571,,who.gho.mdg-0000000007,raw/who.gho.mdg-0000000007/2026/09/20260907T161118Z-85c02b5f4e3c.json.gz,2
who.gho.mdg-0000000007,MDG_0000000007:ZMB:SEX_MLE:AGEGROUP_YEARSUNDER5:WEALTHQUINTILE_TOTL,1958-01-01,2026-09-07T16:11:18Z,restated_at,2026-08-05,,who.gho.mdg-0000000007,raw/who.gho.mdg-0000000007/2026/09/20260907T161118Z-85c02b5f4e3c.json.gz,2
who.gho.mdg-0000000007,MDG_0000000007:ZMB:SEX_MLE:AGEGROUP_YEARSUNDER5:WEALTHQUINTILE_TOTL,1958-01-01,2026-09-07T16:11:18Z,value,220.159304498,,who.gho.mdg-0000000007,raw/who.gho.mdg-0000000007/2026/09/20260907T161118Z-85c02b5f4e3c.json.gz,2
who.gho.mdg-0000000007,MDG_0000000007:ZWE:SEX_BTSX:AGEGROUP_YEARSUNDER5:WEALTHQUINTILE_TOTL,1958-01-01,2026-09-07T16:10:17Z,high,190.832072447,,who.gho.mdg-0000000007,raw/who.gho.mdg-0000000007/2026/09/20260907T161017Z-ca4dbf4e12d6.json.gz,2
who.gho.mdg-0000000007,MDG_0000000007:ZWE:SEX_BTSX:AGEGROUP_YEARSUNDER5:WEALTHQUINTILE_TOTL,1958-01-01,2026-09-07T16:10:17Z,low,132.034350076,,who.gho.mdg-0000000007,raw/who.gho.mdg-0000000007/2026/09/20260907T161017Z-ca4dbf4e12d6.json.gz,2
who.gho.mdg-0000000007,MDG_0000000007:ZWE:SEX_BTSX:AGEGROUP_YEARSUNDER5:WEALTHQUINTILE_TOTL,1958-01-01,2026-09-07T16:10:17Z,restated_at,2026-08-05,,who.gho.mdg-0000000007,raw/who.gho.mdg-0000000007/2026/09/20260907T161017Z-ca4dbf4e12d6.json.gz,2
who.gho.mdg-0000000007,MDG_0000000007:ZWE:SEX_BTSX:AGEGROUP_YEARSUNDER5:WEALTHQUINTILE_TOTL,1958-01-01,2026-09-07T16:10:17Z,value,158.300581334,,who.gho.mdg-0000000007,raw/who.gho.mdg-0000000007/2026/09/20260907T161017Z-ca4dbf4e12d6.json.gz,2
who.gho.mdg-0000000007,MDG_0000000007:ZWE:SEX_FMLE:AGEGROUP_YEARSUNDER5:WEALTHQUINTILE_TOTL,1958-01-01,2026-09-07T16:09:38Z,high,181.039092342,,who.gho.mdg-0000000007,raw/who.gho.mdg-0000000007/2026/09/20260907T160938Z-81612038db74.json.gz,2
who.gho.mdg-0000000007,MDG_0000000007:ZWE:SEX_FMLE:AGEGROUP_YEARSUNDER5:WEALTHQUINTILE_TOTL,1958-01-01,2026-09-07T16:09:38Z,low,124.0763762,,who.gho.mdg-0000000007,raw/who.gho.mdg-0000000007/2026/09/20260907T160938Z-81612038db74.json.gz,2
who.gho.mdg-0000000007,MDG_0000000007:ZWE:SEX_FMLE:AGEGROUP_YEARSUNDER5:WEALTHQUINTILE_TOTL,1958-01-01,2026-09-07T16:09:38Z,restated_at,2026-08-05,,who.gho.mdg-0000000007,raw/who.gho.mdg-0000000007/2026/09/20260907T160938Z-81612038db74.json.gz,2
who.gho.mdg-0000000007,MDG_0000000007:ZWE:SEX_FMLE:AGEGROUP_YEARSUNDER5:WEALTHQUINTILE_TOTL,1958-01-01,2026-09-07T16:09:38Z,value,149.574807477,,who.gho.mdg-0000000007,raw/who.gho.mdg-0000000007/2026/09/20260907T160938Z-81612038db74.json.gz,2
who.gho.mdg-0000000007,MDG_0000000007:ZWE:SEX_MLE:AGEGROUP_YEARSUNDER5:WEALTHQUINTILE_TOTL,1958-01-01,2026-09-07T16:05:52Z,high,201.083555305,,who.gho.mdg-0000000007,raw/who.gho.mdg-0000000007/2026/09/20260907T160552Z-f44dce2e8a23.json.gz,2
who.gho.mdg-0000000007,MDG_0000000007:ZWE:SEX_MLE:AGEGROUP_YEARSUNDER5:WEALTHQUINTILE_TOTL,1958-01-01,2026-09-07T16:05:52Z,low,138.498311316,,who.gho.mdg-0000000007,raw/who.gho.mdg-0000000007/2026/09/20260907T160552Z-f44dce2e8a23.json.gz,2
who.gho.mdg-0000000007,MDG_0000000007:ZWE:SEX_MLE:AGEGROUP_YEARSUNDER5:WEALTHQUINTILE_TOTL,1958-01-01,2026-09-07T16:05:52Z,restated_at,2026-08-05,,who.gho.mdg-0000000007,raw/who.gho.mdg-0000000007/2026/09/20260907T160552Z-f44dce2e8a23.json.gz,2
who.gho.mdg-0000000007,MDG_0000000007:ZWE:SEX_MLE:AGEGROUP_YEARSUNDER5:WEALTHQUINTILE_TOTL,1958-01-01,2026-09-07T16:05:52Z,value,166.447366399,,who.gho.mdg-0000000007,raw/who.gho.mdg-0000000007/2026/09/20260907T160552Z-f44dce2e8a23.json.gz,2
