series_id,entity_id,observed_at,captured_at,metric,value,unit,source_id,raw_ref,parser_version
who.gho.cm-02,CM_02:AFG:SEX_BTSX:AGEGROUP_MONTHS0-11,1966-01-01,2026-09-07T15:57:30Z,high,132020.0,,who.gho.cm-02,raw/who.gho.cm-02/2026/09/20260907T155730Z-1fe49c27b9ed.json.gz,2
who.gho.cm-02,CM_02:AFG:SEX_BTSX:AGEGROUP_MONTHS0-11,1966-01-01,2026-09-07T15:57:30Z,low,103554.0,,who.gho.cm-02,raw/who.gho.cm-02/2026/09/20260907T155730Z-1fe49c27b9ed.json.gz,2
who.gho.cm-02,CM_02:AFG:SEX_BTSX:AGEGROUP_MONTHS0-11,1966-01-01,2026-09-07T15:57:30Z,restated_at,2026-08-04,,who.gho.cm-02,raw/who.gho.cm-02/2026/09/20260907T155730Z-1fe49c27b9ed.json.gz,2
who.gho.cm-02,CM_02:AFG:SEX_BTSX:AGEGROUP_MONTHS0-11,1966-01-01,2026-09-07T15:57:30Z,value,116817.0,,who.gho.cm-02,raw/who.gho.cm-02/2026/09/20260907T155730Z-1fe49c27b9ed.json.gz,2
who.gho.cm-02,CM_02:AFG:SEX_FMLE:AGEGROUP_MONTHS0-11,1966-01-01,2026-09-07T15:57:07Z,high,61940.0,,who.gho.cm-02,raw/who.gho.cm-02/2026/09/20260907T155707Z-3cd3e5b56c9f.json.gz,2
who.gho.cm-02,CM_02:AFG:SEX_FMLE:AGEGROUP_MONTHS0-11,1966-01-01,2026-09-07T15:57:07Z,low,47685.0,,who.gho.cm-02,raw/who.gho.cm-02/2026/09/20260907T155707Z-3cd3e5b56c9f.json.gz,2
who.gho.cm-02,CM_02:AFG:SEX_FMLE:AGEGROUP_MONTHS0-11,1966-01-01,2026-09-07T15:57:07Z,restated_at,2026-08-04,,who.gho.cm-02,raw/who.gho.cm-02/2026/09/20260907T155707Z-3cd3e5b56c9f.json.gz,2
who.gho.cm-02,CM_02:AFG:SEX_FMLE:AGEGROUP_MONTHS0-11,1966-01-01,2026-09-07T15:57:07Z,value,54435.0,,who.gho.cm-02,raw/who.gho.cm-02/2026/09/20260907T155707Z-3cd3e5b56c9f.json.gz,2
who.gho.cm-02,CM_02:AFG:SEX_MLE:AGEGROUP_MONTHS0-11,1966-01-01,2026-09-07T15:51:25Z,high,70839.0,,who.gho.cm-02,raw/who.gho.cm-02/2026/09/20260907T155125Z-b41e2575e826.json.gz,2
who.gho.cm-02,CM_02:AFG:SEX_MLE:AGEGROUP_MONTHS0-11,1966-01-01,2026-09-07T15:51:25Z,low,55001.0,,who.gho.cm-02,raw/who.gho.cm-02/2026/09/20260907T155125Z-b41e2575e826.json.gz,2
who.gho.cm-02,CM_02:AFG:SEX_MLE:AGEGROUP_MONTHS0-11,1966-01-01,2026-09-07T15:51:25Z,restated_at,2026-08-04,,who.gho.cm-02,raw/who.gho.cm-02/2026/09/20260907T155125Z-b41e2575e826.json.gz,2
who.gho.cm-02,CM_02:AFG:SEX_MLE:AGEGROUP_MONTHS0-11,1966-01-01,2026-09-07T15:51:25Z,value,62382.0,,who.gho.cm-02,raw/who.gho.cm-02/2026/09/20260907T155125Z-b41e2575e826.json.gz,2
who.gho.cm-02,CM_02:ARE:SEX_BTSX:AGEGROUP_MONTHS0-11,1966-01-01,2026-09-07T15:50:57Z,high,786.0,,who.gho.cm-02,raw/who.gho.cm-02/2026/09/20260907T155057Z-e03fd9f60113.json.gz,2
who.gho.cm-02,CM_02:ARE:SEX_BTSX:AGEGROUP_MONTHS0-11,1966-01-01,2026-09-07T15:50:57Z,low,561.0,,who.gho.cm-02,raw/who.gho.cm-02/2026/09/20260907T155057Z-e03fd9f60113.json.gz,2
who.gho.cm-02,CM_02:ARE:SEX_BTSX:AGEGROUP_MONTHS0-11,1966-01-01,2026-09-07T15:50:57Z,restated_at,2026-08-04,,who.gho.cm-02,raw/who.gho.cm-02/2026/09/20260907T155057Z-e03fd9f60113.json.gz,2
who.gho.cm-02,CM_02:ARE:SEX_BTSX:AGEGROUP_MONTHS0-11,1966-01-01,2026-09-07T15:50:57Z,value,664.0,,who.gho.cm-02,raw/who.gho.cm-02/2026/09/20260907T155057Z-e03fd9f60113.json.gz,2
who.gho.cm-02,CM_02:ARE:SEX_FMLE:AGEGROUP_MONTHS0-11,1966-01-01,2026-09-07T15:52:37Z,high,353.0,,who.gho.cm-02,raw/who.gho.cm-02/2026/09/20260907T155237Z-35c7d31783eb.json.gz,2
who.gho.cm-02,CM_02:ARE:SEX_FMLE:AGEGROUP_MONTHS0-11,1966-01-01,2026-09-07T15:52:37Z,low,248.0,,who.gho.cm-02,raw/who.gho.cm-02/2026/09/20260907T155237Z-35c7d31783eb.json.gz,2
who.gho.cm-02,CM_02:ARE:SEX_FMLE:AGEGROUP_MONTHS0-11,1966-01-01,2026-09-07T15:52:37Z,restated_at,2026-08-04,,who.gho.cm-02,raw/who.gho.cm-02/2026/09/20260907T155237Z-35c7d31783eb.json.gz,2
who.gho.cm-02,CM_02:ARE:SEX_FMLE:AGEGROUP_MONTHS0-11,1966-01-01,2026-09-07T15:52:37Z,value,296.0,,who.gho.cm-02,raw/who.gho.cm-02/2026/09/20260907T155237Z-35c7d31783eb.json.gz,2
who.gho.cm-02,CM_02:ARE:SEX_MLE:AGEGROUP_MONTHS0-11,1966-01-01,2026-09-07T15:57:21Z,high,438.0,,who.gho.cm-02,raw/who.gho.cm-02/2026/09/20260907T155721Z-a2b5c178c29b.json.gz,2
who.gho.cm-02,CM_02:ARE:SEX_MLE:AGEGROUP_MONTHS0-11,1966-01-01,2026-09-07T15:57:21Z,low,309.0,,who.gho.cm-02,raw/who.gho.cm-02/2026/09/20260907T155721Z-a2b5c178c29b.json.gz,2
who.gho.cm-02,CM_02:ARE:SEX_MLE:AGEGROUP_MONTHS0-11,1966-01-01,2026-09-07T15:57:21Z,restated_at,2026-08-04,,who.gho.cm-02,raw/who.gho.cm-02/2026/09/20260907T155721Z-a2b5c178c29b.json.gz,2
who.gho.cm-02,CM_02:ARE:SEX_MLE:AGEGROUP_MONTHS0-11,1966-01-01,2026-09-07T15:57:21Z,value,368.0,,who.gho.cm-02,raw/who.gho.cm-02/2026/09/20260907T155721Z-a2b5c178c29b.json.gz,2
who.gho.cm-02,CM_02:ATG:SEX_BTSX:AGEGROUP_MONTHS0-11,1966-01-01,2026-09-07T15:51:16Z,high,79.0,,who.gho.cm-02,raw/who.gho.cm-02/2026/09/20260907T155116Z-bb01bf96bc15.json.gz,2
who.gho.cm-02,CM_02:ATG:SEX_BTSX:AGEGROUP_MONTHS0-11,1966-01-01,2026-09-07T15:51:16Z,low,68.0,,who.gho.cm-02,raw/who.gho.cm-02/2026/09/20260907T155116Z-bb01bf96bc15.json.gz,2
who.gho.cm-02,CM_02:ATG:SEX_BTSX:AGEGROUP_MONTHS0-11,1966-01-01,2026-09-07T15:51:16Z,restated_at,2025-04-15,,who.gho.cm-02,raw/who.gho.cm-02/2026/09/20260907T155116Z-bb01bf96bc15.json.gz,2
who.gho.cm-02,CM_02:ATG:SEX_BTSX:AGEGROUP_MONTHS0-11,1966-01-01,2026-09-07T15:51:16Z,value,73.0,,who.gho.cm-02,raw/who.gho.cm-02/2026/09/20260907T155116Z-bb01bf96bc15.json.gz,2
who.gho.cm-02,CM_02:ATG:SEX_FMLE:AGEGROUP_MONTHS0-11,1966-01-01,2026-09-07T15:58:07Z,high,36.0,,who.gho.cm-02,raw/who.gho.cm-02/2026/09/20260907T155807Z-33d1eb328c3d.json.gz,2
who.gho.cm-02,CM_02:ATG:SEX_FMLE:AGEGROUP_MONTHS0-11,1966-01-01,2026-09-07T15:58:07Z,low,31.0,,who.gho.cm-02,raw/who.gho.cm-02/2026/09/20260907T155807Z-33d1eb328c3d.json.gz,2
who.gho.cm-02,CM_02:ATG:SEX_FMLE:AGEGROUP_MONTHS0-11,1966-01-01,2026-09-07T15:58:07Z,restated_at,2026-08-04,,who.gho.cm-02,raw/who.gho.cm-02/2026/09/20260907T155807Z-33d1eb328c3d.json.gz,2
who.gho.cm-02,CM_02:ATG:SEX_FMLE:AGEGROUP_MONTHS0-11,1966-01-01,2026-09-07T15:58:07Z,value,34.0,,who.gho.cm-02,raw/who.gho.cm-02/2026/09/20260907T155807Z-33d1eb328c3d.json.gz,2
who.gho.cm-02,CM_02:ATG:SEX_MLE:AGEGROUP_MONTHS0-11,1966-01-01,2026-09-07T15:58:12Z,high,43.0,,who.gho.cm-02,raw/who.gho.cm-02/2026/09/20260907T155812Z-02a2023435be.json.gz,2
who.gho.cm-02,CM_02:ATG:SEX_MLE:AGEGROUP_MONTHS0-11,1966-01-01,2026-09-07T15:58:12Z,low,37.0,,who.gho.cm-02,raw/who.gho.cm-02/2026/09/20260907T155812Z-02a2023435be.json.gz,2
who.gho.cm-02,CM_02:ATG:SEX_MLE:AGEGROUP_MONTHS0-11,1966-01-01,2026-09-07T15:58:12Z,restated_at,2025-04-15,,who.gho.cm-02,raw/who.gho.cm-02/2026/09/20260907T155812Z-02a2023435be.json.gz,2
who.gho.cm-02,CM_02:ATG:SEX_MLE:AGEGROUP_MONTHS0-11,1966-01-01,2026-09-07T15:58:12Z,value,39.0,,who.gho.cm-02,raw/who.gho.cm-02/2026/09/20260907T155812Z-02a2023435be.json.gz,2
who.gho.cm-02,CM_02:AUS:SEX_BTSX:AGEGROUP_MONTHS0-11,1966-01-01,2026-09-07T15:53:02Z,high,4127.0,,who.gho.cm-02,raw/who.gho.cm-02/2026/09/20260907T155302Z-206bb5f6993f.json.gz,2
who.gho.cm-02,CM_02:AUS:SEX_BTSX:AGEGROUP_MONTHS0-11,1966-01-01,2026-09-07T15:53:02Z,low,3969.0,,who.gho.cm-02,raw/who.gho.cm-02/2026/09/20260907T155302Z-206bb5f6993f.json.gz,2
who.gho.cm-02,CM_02:AUS:SEX_BTSX:AGEGROUP_MONTHS0-11,1966-01-01,2026-09-07T15:53:02Z,restated_at,2026-08-04,,who.gho.cm-02,raw/who.gho.cm-02/2026/09/20260907T155302Z-206bb5f6993f.json.gz,2
who.gho.cm-02,CM_02:AUS:SEX_BTSX:AGEGROUP_MONTHS0-11,1966-01-01,2026-09-07T15:53:02Z,value,4048.0,,who.gho.cm-02,raw/who.gho.cm-02/2026/09/20260907T155302Z-206bb5f6993f.json.gz,2
who.gho.cm-02,CM_02:AUS:SEX_FMLE:AGEGROUP_MONTHS0-11,1966-01-01,2026-09-07T15:51:05Z,high,1762.0,,who.gho.cm-02,raw/who.gho.cm-02/2026/09/20260907T155105Z-bd351d716a31.json.gz,2
who.gho.cm-02,CM_02:AUS:SEX_FMLE:AGEGROUP_MONTHS0-11,1966-01-01,2026-09-07T15:51:05Z,low,1679.0,,who.gho.cm-02,raw/who.gho.cm-02/2026/09/20260907T155105Z-bd351d716a31.json.gz,2
who.gho.cm-02,CM_02:AUS:SEX_FMLE:AGEGROUP_MONTHS0-11,1966-01-01,2026-09-07T15:51:05Z,restated_at,2026-08-04,,who.gho.cm-02,raw/who.gho.cm-02/2026/09/20260907T155105Z-bd351d716a31.json.gz,2
who.gho.cm-02,CM_02:AUS:SEX_FMLE:AGEGROUP_MONTHS0-11,1966-01-01,2026-09-07T15:51:05Z,value,1720.0,,who.gho.cm-02,raw/who.gho.cm-02/2026/09/20260907T155105Z-bd351d716a31.json.gz,2
who.gho.cm-02,CM_02:AUS:SEX_MLE:AGEGROUP_MONTHS0-11,1966-01-01,2026-09-07T15:51:01Z,high,2381.0,,who.gho.cm-02,raw/who.gho.cm-02/2026/09/20260907T155101Z-65d1a3fa0413.json.gz,2
who.gho.cm-02,CM_02:AUS:SEX_MLE:AGEGROUP_MONTHS0-11,1966-01-01,2026-09-07T15:51:01Z,low,2277.0,,who.gho.cm-02,raw/who.gho.cm-02/2026/09/20260907T155101Z-65d1a3fa0413.json.gz,2
who.gho.cm-02,CM_02:AUS:SEX_MLE:AGEGROUP_MONTHS0-11,1966-01-01,2026-09-07T15:51:01Z,restated_at,2026-08-04,,who.gho.cm-02,raw/who.gho.cm-02/2026/09/20260907T155101Z-65d1a3fa0413.json.gz,2
who.gho.cm-02,CM_02:AUS:SEX_MLE:AGEGROUP_MONTHS0-11,1966-01-01,2026-09-07T15:51:01Z,value,2328.0,,who.gho.cm-02,raw/who.gho.cm-02/2026/09/20260907T155101Z-65d1a3fa0413.json.gz,2
who.gho.cm-02,CM_02:AUT:SEX_BTSX:AGEGROUP_MONTHS0-11,1966-01-01,2026-09-07T15:56:55Z,high,3588.0,,who.gho.cm-02,raw/who.gho.cm-02/2026/09/20260907T155655Z-a5ea76265971.json.gz,2
who.gho.cm-02,CM_02:AUT:SEX_BTSX:AGEGROUP_MONTHS0-11,1966-01-01,2026-09-07T15:56:55Z,low,3446.0,,who.gho.cm-02,raw/who.gho.cm-02/2026/09/20260907T155655Z-a5ea76265971.json.gz,2
who.gho.cm-02,CM_02:AUT:SEX_BTSX:AGEGROUP_MONTHS0-11,1966-01-01,2026-09-07T15:56:55Z,restated_at,2026-08-04,,who.gho.cm-02,raw/who.gho.cm-02/2026/09/20260907T155655Z-a5ea76265971.json.gz,2
who.gho.cm-02,CM_02:AUT:SEX_BTSX:AGEGROUP_MONTHS0-11,1966-01-01,2026-09-07T15:56:55Z,value,3517.0,,who.gho.cm-02,raw/who.gho.cm-02/2026/09/20260907T155655Z-a5ea76265971.json.gz,2
who.gho.cm-02,CM_02:AUT:SEX_FMLE:AGEGROUP_MONTHS0-11,1966-01-01,2026-09-07T15:57:30Z,high,1521.0,,who.gho.cm-02,raw/who.gho.cm-02/2026/09/20260907T155730Z-1fe49c27b9ed.json.gz,2
who.gho.cm-02,CM_02:AUT:SEX_FMLE:AGEGROUP_MONTHS0-11,1966-01-01,2026-09-07T15:57:30Z,low,1447.0,,who.gho.cm-02,raw/who.gho.cm-02/2026/09/20260907T155730Z-1fe49c27b9ed.json.gz,2
who.gho.cm-02,CM_02:AUT:SEX_FMLE:AGEGROUP_MONTHS0-11,1966-01-01,2026-09-07T15:57:30Z,restated_at,2026-08-04,,who.gho.cm-02,raw/who.gho.cm-02/2026/09/20260907T155730Z-1fe49c27b9ed.json.gz,2
who.gho.cm-02,CM_02:AUT:SEX_FMLE:AGEGROUP_MONTHS0-11,1966-01-01,2026-09-07T15:57:30Z,value,1484.0,,who.gho.cm-02,raw/who.gho.cm-02/2026/09/20260907T155730Z-1fe49c27b9ed.json.gz,2
who.gho.cm-02,CM_02:AUT:SEX_MLE:AGEGROUP_MONTHS0-11,1966-01-01,2026-09-07T15:56:41Z,high,2079.0,,who.gho.cm-02,raw/who.gho.cm-02/2026/09/20260907T155641Z-022407e160ee.json.gz,2
who.gho.cm-02,CM_02:AUT:SEX_MLE:AGEGROUP_MONTHS0-11,1966-01-01,2026-09-07T15:56:41Z,low,1986.0,,who.gho.cm-02,raw/who.gho.cm-02/2026/09/20260907T155641Z-022407e160ee.json.gz,2
who.gho.cm-02,CM_02:AUT:SEX_MLE:AGEGROUP_MONTHS0-11,1966-01-01,2026-09-07T15:56:41Z,restated_at,2026-08-04,,who.gho.cm-02,raw/who.gho.cm-02/2026/09/20260907T155641Z-022407e160ee.json.gz,2
who.gho.cm-02,CM_02:AUT:SEX_MLE:AGEGROUP_MONTHS0-11,1966-01-01,2026-09-07T15:56:41Z,value,2033.0,,who.gho.cm-02,raw/who.gho.cm-02/2026/09/20260907T155641Z-022407e160ee.json.gz,2
who.gho.cm-02,CM_02:BDI:SEX_BTSX:AGEGROUP_MONTHS0-11,1966-01-01,2026-09-07T15:57:44Z,high,19751.0,,who.gho.cm-02,raw/who.gho.cm-02/2026/09/20260907T155744Z-e141b36e0a87.json.gz,2
who.gho.cm-02,CM_02:BDI:SEX_BTSX:AGEGROUP_MONTHS0-11,1966-01-01,2026-09-07T15:57:44Z,low,14661.0,,who.gho.cm-02,raw/who.gho.cm-02/2026/09/20260907T155744Z-e141b36e0a87.json.gz,2
who.gho.cm-02,CM_02:BDI:SEX_BTSX:AGEGROUP_MONTHS0-11,1966-01-01,2026-09-07T15:57:44Z,restated_at,2026-08-04,,who.gho.cm-02,raw/who.gho.cm-02/2026/09/20260907T155744Z-e141b36e0a87.json.gz,2
who.gho.cm-02,CM_02:BDI:SEX_BTSX:AGEGROUP_MONTHS0-11,1966-01-01,2026-09-07T15:57:44Z,value,17037.0,,who.gho.cm-02,raw/who.gho.cm-02/2026/09/20260907T155744Z-e141b36e0a87.json.gz,2
who.gho.cm-02,CM_02:BDI:SEX_FMLE:AGEGROUP_MONTHS0-11,1966-01-01,2026-09-07T15:52:37Z,high,9008.0,,who.gho.cm-02,raw/who.gho.cm-02/2026/09/20260907T155237Z-35c7d31783eb.json.gz,2
who.gho.cm-02,CM_02:BDI:SEX_FMLE:AGEGROUP_MONTHS0-11,1966-01-01,2026-09-07T15:52:37Z,low,6592.0,,who.gho.cm-02,raw/who.gho.cm-02/2026/09/20260907T155237Z-35c7d31783eb.json.gz,2
who.gho.cm-02,CM_02:BDI:SEX_FMLE:AGEGROUP_MONTHS0-11,1966-01-01,2026-09-07T15:52:37Z,restated_at,2026-08-04,,who.gho.cm-02,raw/who.gho.cm-02/2026/09/20260907T155237Z-35c7d31783eb.json.gz,2
who.gho.cm-02,CM_02:BDI:SEX_FMLE:AGEGROUP_MONTHS0-11,1966-01-01,2026-09-07T15:52:37Z,value,7746.0,,who.gho.cm-02,raw/who.gho.cm-02/2026/09/20260907T155237Z-35c7d31783eb.json.gz,2
who.gho.cm-02,CM_02:BDI:SEX_MLE:AGEGROUP_MONTHS0-11,1966-01-01,2026-09-07T15:56:55Z,high,10828.0,,who.gho.cm-02,raw/who.gho.cm-02/2026/09/20260907T155655Z-a5ea76265971.json.gz,2
who.gho.cm-02,CM_02:BDI:SEX_MLE:AGEGROUP_MONTHS0-11,1966-01-01,2026-09-07T15:56:55Z,low,7934.0,,who.gho.cm-02,raw/who.gho.cm-02/2026/09/20260907T155655Z-a5ea76265971.json.gz,2
who.gho.cm-02,CM_02:BDI:SEX_MLE:AGEGROUP_MONTHS0-11,1966-01-01,2026-09-07T15:56:55Z,restated_at,2026-08-04,,who.gho.cm-02,raw/who.gho.cm-02/2026/09/20260907T155655Z-a5ea76265971.json.gz,2
who.gho.cm-02,CM_02:BDI:SEX_MLE:AGEGROUP_MONTHS0-11,1966-01-01,2026-09-07T15:56:55Z,value,9291.0,,who.gho.cm-02,raw/who.gho.cm-02/2026/09/20260907T155655Z-a5ea76265971.json.gz,2
who.gho.cm-02,CM_02:BEL:SEX_BTSX:AGEGROUP_MONTHS0-11,1966-01-01,2026-09-07T15:56:41Z,high,3590.0,,who.gho.cm-02,raw/who.gho.cm-02/2026/09/20260907T155641Z-022407e160ee.json.gz,2
who.gho.cm-02,CM_02:BEL:SEX_BTSX:AGEGROUP_MONTHS0-11,1966-01-01,2026-09-07T15:56:41Z,low,3462.0,,who.gho.cm-02,raw/who.gho.cm-02/2026/09/20260907T155641Z-022407e160ee.json.gz,2
who.gho.cm-02,CM_02:BEL:SEX_BTSX:AGEGROUP_MONTHS0-11,1966-01-01,2026-09-07T15:56:41Z,restated_at,2026-08-04,,who.gho.cm-02,raw/who.gho.cm-02/2026/09/20260907T155641Z-022407e160ee.json.gz,2
who.gho.cm-02,CM_02:BEL:SEX_BTSX:AGEGROUP_MONTHS0-11,1966-01-01,2026-09-07T15:56:41Z,value,3526.0,,who.gho.cm-02,raw/who.gho.cm-02/2026/09/20260907T155641Z-022407e160ee.json.gz,2
who.gho.cm-02,CM_02:BEL:SEX_FMLE:AGEGROUP_MONTHS0-11,1966-01-01,2026-09-07T15:58:25Z,high,1528.0,,who.gho.cm-02,raw/who.gho.cm-02/2026/09/20260907T155825Z-6675ad1e3bc7.json.gz,2
who.gho.cm-02,CM_02:BEL:SEX_FMLE:AGEGROUP_MONTHS0-11,1966-01-01,2026-09-07T15:58:25Z,low,1458.0,,who.gho.cm-02,raw/who.gho.cm-02/2026/09/20260907T155825Z-6675ad1e3bc7.json.gz,2
who.gho.cm-02,CM_02:BEL:SEX_FMLE:AGEGROUP_MONTHS0-11,1966-01-01,2026-09-07T15:58:25Z,restated_at,2026-08-04,,who.gho.cm-02,raw/who.gho.cm-02/2026/09/20260907T155825Z-6675ad1e3bc7.json.gz,2
who.gho.cm-02,CM_02:BEL:SEX_FMLE:AGEGROUP_MONTHS0-11,1966-01-01,2026-09-07T15:58:25Z,value,1492.0,,who.gho.cm-02,raw/who.gho.cm-02/2026/09/20260907T155825Z-6675ad1e3bc7.json.gz,2
who.gho.cm-02,CM_02:BEL:SEX_MLE:AGEGROUP_MONTHS0-11,1966-01-01,2026-09-07T15:52:10Z,high,2077.0,,who.gho.cm-02,raw/who.gho.cm-02/2026/09/20260907T155210Z-c2e07328660e.json.gz,2
who.gho.cm-02,CM_02:BEL:SEX_MLE:AGEGROUP_MONTHS0-11,1966-01-01,2026-09-07T15:52:10Z,low,1991.0,,who.gho.cm-02,raw/who.gho.cm-02/2026/09/20260907T155210Z-c2e07328660e.json.gz,2
who.gho.cm-02,CM_02:BEL:SEX_MLE:AGEGROUP_MONTHS0-11,1966-01-01,2026-09-07T15:52:10Z,restated_at,2026-08-04,,who.gho.cm-02,raw/who.gho.cm-02/2026/09/20260907T155210Z-c2e07328660e.json.gz,2
who.gho.cm-02,CM_02:BEL:SEX_MLE:AGEGROUP_MONTHS0-11,1966-01-01,2026-09-07T15:52:10Z,value,2034.0,,who.gho.cm-02,raw/who.gho.cm-02/2026/09/20260907T155210Z-c2e07328660e.json.gz,2
who.gho.cm-02,CM_02:BEN:SEX_BTSX:AGEGROUP_MONTHS0-11,1966-01-01,2026-09-07T15:56:41Z,high,20735.0,,who.gho.cm-02,raw/who.gho.cm-02/2026/09/20260907T155641Z-022407e160ee.json.gz,2
who.gho.cm-02,CM_02:BEN:SEX_BTSX:AGEGROUP_MONTHS0-11,1966-01-01,2026-09-07T15:56:41Z,low,17393.0,,who.gho.cm-02,raw/who.gho.cm-02/2026/09/20260907T155641Z-022407e160ee.json.gz,2
who.gho.cm-02,CM_02:BEN:SEX_BTSX:AGEGROUP_MONTHS0-11,1966-01-01,2026-09-07T15:56:41Z,restated_at,2026-08-04,,who.gho.cm-02,raw/who.gho.cm-02/2026/09/20260907T155641Z-022407e160ee.json.gz,2
who.gho.cm-02,CM_02:BEN:SEX_BTSX:AGEGROUP_MONTHS0-11,1966-01-01,2026-09-07T15:56:41Z,value,18954.0,,who.gho.cm-02,raw/who.gho.cm-02/2026/09/20260907T155641Z-022407e160ee.json.gz,2
who.gho.cm-02,CM_02:BEN:SEX_FMLE:AGEGROUP_MONTHS0-11,1966-01-01,2026-09-07T15:51:25Z,high,9508.0,,who.gho.cm-02,raw/who.gho.cm-02/2026/09/20260907T155125Z-b41e2575e826.json.gz,2
who.gho.cm-02,CM_02:BEN:SEX_FMLE:AGEGROUP_MONTHS0-11,1966-01-01,2026-09-07T15:51:25Z,low,7843.0,,who.gho.cm-02,raw/who.gho.cm-02/2026/09/20260907T155125Z-b41e2575e826.json.gz,2
who.gho.cm-02,CM_02:BEN:SEX_FMLE:AGEGROUP_MONTHS0-11,1966-01-01,2026-09-07T15:51:25Z,restated_at,2026-08-04,,who.gho.cm-02,raw/who.gho.cm-02/2026/09/20260907T155125Z-b41e2575e826.json.gz,2
who.gho.cm-02,CM_02:BEN:SEX_FMLE:AGEGROUP_MONTHS0-11,1966-01-01,2026-09-07T15:51:25Z,value,8621.0,,who.gho.cm-02,raw/who.gho.cm-02/2026/09/20260907T155125Z-b41e2575e826.json.gz,2
who.gho.cm-02,CM_02:BEN:SEX_MLE:AGEGROUP_MONTHS0-11,1966-01-01,2026-09-07T15:52:26Z,high,11342.0,,who.gho.cm-02,raw/who.gho.cm-02/2026/09/20260907T155226Z-b536cc4a2b4c.json.gz,2
who.gho.cm-02,CM_02:BEN:SEX_MLE:AGEGROUP_MONTHS0-11,1966-01-01,2026-09-07T15:52:26Z,low,9415.0,,who.gho.cm-02,raw/who.gho.cm-02/2026/09/20260907T155226Z-b536cc4a2b4c.json.gz,2
who.gho.cm-02,CM_02:BEN:SEX_MLE:AGEGROUP_MONTHS0-11,1966-01-01,2026-09-07T15:52:26Z,restated_at,2026-08-04,,who.gho.cm-02,raw/who.gho.cm-02/2026/09/20260907T155226Z-b536cc4a2b4c.json.gz,2
who.gho.cm-02,CM_02:BEN:SEX_MLE:AGEGROUP_MONTHS0-11,1966-01-01,2026-09-07T15:52:26Z,value,10333.0,,who.gho.cm-02,raw/who.gho.cm-02/2026/09/20260907T155226Z-b536cc4a2b4c.json.gz,2
who.gho.cm-02,CM_02:BFA:SEX_BTSX:AGEGROUP_MONTHS0-11,1966-01-01,2026-09-07T15:57:59Z,high,44365.0,,who.gho.cm-02,raw/who.gho.cm-02/2026/09/20260907T155759Z-531ca935f713.json.gz,2
who.gho.cm-02,CM_02:BFA:SEX_BTSX:AGEGROUP_MONTHS0-11,1966-01-01,2026-09-07T15:57:59Z,low,34749.0,,who.gho.cm-02,raw/who.gho.cm-02/2026/09/20260907T155759Z-531ca935f713.json.gz,2
who.gho.cm-02,CM_02:BFA:SEX_BTSX:AGEGROUP_MONTHS0-11,1966-01-01,2026-09-07T15:57:59Z,restated_at,2026-08-04,,who.gho.cm-02,raw/who.gho.cm-02/2026/09/20260907T155759Z-531ca935f713.json.gz,2
who.gho.cm-02,CM_02:BFA:SEX_BTSX:AGEGROUP_MONTHS0-11,1966-01-01,2026-09-07T15:57:59Z,value,39372.0,,who.gho.cm-02,raw/who.gho.cm-02/2026/09/20260907T155759Z-531ca935f713.json.gz,2
who.gho.cm-02,CM_02:BFA:SEX_FMLE:AGEGROUP_MONTHS0-11,1966-01-01,2026-09-07T15:57:40Z,high,20329.0,,who.gho.cm-02,raw/who.gho.cm-02/2026/09/20260907T155740Z-31068700a25d.json.gz,2
who.gho.cm-02,CM_02:BFA:SEX_FMLE:AGEGROUP_MONTHS0-11,1966-01-01,2026-09-07T15:57:40Z,low,15663.0,,who.gho.cm-02,raw/who.gho.cm-02/2026/09/20260907T155740Z-31068700a25d.json.gz,2
who.gho.cm-02,CM_02:BFA:SEX_FMLE:AGEGROUP_MONTHS0-11,1966-01-01,2026-09-07T15:57:40Z,restated_at,2026-08-04,,who.gho.cm-02,raw/who.gho.cm-02/2026/09/20260907T155740Z-31068700a25d.json.gz,2
who.gho.cm-02,CM_02:BFA:SEX_FMLE:AGEGROUP_MONTHS0-11,1966-01-01,2026-09-07T15:57:40Z,value,17906.0,,who.gho.cm-02,raw/who.gho.cm-02/2026/09/20260907T155740Z-31068700a25d.json.gz,2
who.gho.cm-02,CM_02:BFA:SEX_MLE:AGEGROUP_MONTHS0-11,1966-01-01,2026-09-07T15:57:26Z,high,24247.0,,who.gho.cm-02,raw/who.gho.cm-02/2026/09/20260907T155726Z-31d0241a6d30.json.gz,2
who.gho.cm-02,CM_02:BFA:SEX_MLE:AGEGROUP_MONTHS0-11,1966-01-01,2026-09-07T15:57:26Z,low,18814.0,,who.gho.cm-02,raw/who.gho.cm-02/2026/09/20260907T155726Z-31d0241a6d30.json.gz,2
who.gho.cm-02,CM_02:BFA:SEX_MLE:AGEGROUP_MONTHS0-11,1966-01-01,2026-09-07T15:57:26Z,restated_at,2026-08-04,,who.gho.cm-02,raw/who.gho.cm-02/2026/09/20260907T155726Z-31d0241a6d30.json.gz,2
who.gho.cm-02,CM_02:BFA:SEX_MLE:AGEGROUP_MONTHS0-11,1966-01-01,2026-09-07T15:57:26Z,value,21466.0,,who.gho.cm-02,raw/who.gho.cm-02/2026/09/20260907T155726Z-31d0241a6d30.json.gz,2
who.gho.cm-02,CM_02:BGD:SEX_BTSX:AGEGROUP_MONTHS0-11,1966-01-01,2026-09-07T15:51:54Z,high,461134.0,,who.gho.cm-02,raw/who.gho.cm-02/2026/09/20260907T155154Z-820134cf428b.json.gz,2
who.gho.cm-02,CM_02:BGD:SEX_BTSX:AGEGROUP_MONTHS0-11,1966-01-01,2026-09-07T15:51:54Z,low,402331.0,,who.gho.cm-02,raw/who.gho.cm-02/2026/09/20260907T155154Z-820134cf428b.json.gz,2
who.gho.cm-02,CM_02:BGD:SEX_BTSX:AGEGROUP_MONTHS0-11,1966-01-01,2026-09-07T15:51:54Z,restated_at,2026-08-04,,who.gho.cm-02,raw/who.gho.cm-02/2026/09/20260907T155154Z-820134cf428b.json.gz,2
who.gho.cm-02,CM_02:BGD:SEX_BTSX:AGEGROUP_MONTHS0-11,1966-01-01,2026-09-07T15:51:54Z,value,431078.0,,who.gho.cm-02,raw/who.gho.cm-02/2026/09/20260907T155154Z-820134cf428b.json.gz,2
who.gho.cm-02,CM_02:BGD:SEX_FMLE:AGEGROUP_MONTHS0-11,1966-01-01,2026-09-07T15:57:21Z,high,208944.0,,who.gho.cm-02,raw/who.gho.cm-02/2026/09/20260907T155721Z-a2b5c178c29b.json.gz,2
who.gho.cm-02,CM_02:BGD:SEX_FMLE:AGEGROUP_MONTHS0-11,1966-01-01,2026-09-07T15:57:21Z,low,179721.0,,who.gho.cm-02,raw/who.gho.cm-02/2026/09/20260907T155721Z-a2b5c178c29b.json.gz,2
who.gho.cm-02,CM_02:BGD:SEX_FMLE:AGEGROUP_MONTHS0-11,1966-01-01,2026-09-07T15:57:21Z,restated_at,2026-08-04,,who.gho.cm-02,raw/who.gho.cm-02/2026/09/20260907T155721Z-a2b5c178c29b.json.gz,2
who.gho.cm-02,CM_02:BGD:SEX_FMLE:AGEGROUP_MONTHS0-11,1966-01-01,2026-09-07T15:57:21Z,value,193943.0,,who.gho.cm-02,raw/who.gho.cm-02/2026/09/20260907T155721Z-a2b5c178c29b.json.gz,2
who.gho.cm-02,CM_02:BGD:SEX_MLE:AGEGROUP_MONTHS0-11,1966-01-01,2026-09-07T15:52:26Z,high,254759.0,,who.gho.cm-02,raw/who.gho.cm-02/2026/09/20260907T155226Z-b536cc4a2b4c.json.gz,2
who.gho.cm-02,CM_02:BGD:SEX_MLE:AGEGROUP_MONTHS0-11,1966-01-01,2026-09-07T15:52:26Z,low,220014.0,,who.gho.cm-02,raw/who.gho.cm-02/2026/09/20260907T155226Z-b536cc4a2b4c.json.gz,2
who.gho.cm-02,CM_02:BGD:SEX_MLE:AGEGROUP_MONTHS0-11,1966-01-01,2026-09-07T15:52:26Z,restated_at,2026-08-04,,who.gho.cm-02,raw/who.gho.cm-02/2026/09/20260907T155226Z-b536cc4a2b4c.json.gz,2
who.gho.cm-02,CM_02:BGD:SEX_MLE:AGEGROUP_MONTHS0-11,1966-01-01,2026-09-07T15:52:26Z,value,237135.0,,who.gho.cm-02,raw/who.gho.cm-02/2026/09/20260907T155226Z-b536cc4a2b4c.json.gz,2
who.gho.cm-02,CM_02:BGR:SEX_BTSX:AGEGROUP_MONTHS0-11,1966-01-01,2026-09-07T15:56:37Z,high,3928.0,,who.gho.cm-02,raw/who.gho.cm-02/2026/09/20260907T155637Z-c7bda929b138.json.gz,2
who.gho.cm-02,CM_02:BGR:SEX_BTSX:AGEGROUP_MONTHS0-11,1966-01-01,2026-09-07T15:56:37Z,low,3762.0,,who.gho.cm-02,raw/who.gho.cm-02/2026/09/20260907T155637Z-c7bda929b138.json.gz,2
who.gho.cm-02,CM_02:BGR:SEX_BTSX:AGEGROUP_MONTHS0-11,1966-01-01,2026-09-07T15:56:37Z,restated_at,2026-08-04,,who.gho.cm-02,raw/who.gho.cm-02/2026/09/20260907T155637Z-c7bda929b138.json.gz,2
who.gho.cm-02,CM_02:BGR:SEX_BTSX:AGEGROUP_MONTHS0-11,1966-01-01,2026-09-07T15:56:37Z,value,3845.0,,who.gho.cm-02,raw/who.gho.cm-02/2026/09/20260907T155637Z-c7bda929b138.json.gz,2
who.gho.cm-02,CM_02:BGR:SEX_FMLE:AGEGROUP_MONTHS0-11,1966-01-01,2026-09-07T15:50:57Z,high,1710.0,,who.gho.cm-02,raw/who.gho.cm-02/2026/09/20260907T155057Z-e03fd9f60113.json.gz,2
who.gho.cm-02,CM_02:BGR:SEX_FMLE:AGEGROUP_MONTHS0-11,1966-01-01,2026-09-07T15:50:57Z,low,1622.0,,who.gho.cm-02,raw/who.gho.cm-02/2026/09/20260907T155057Z-e03fd9f60113.json.gz,2
who.gho.cm-02,CM_02:BGR:SEX_FMLE:AGEGROUP_MONTHS0-11,1966-01-01,2026-09-07T15:50:57Z,restated_at,2026-08-04,,who.gho.cm-02,raw/who.gho.cm-02/2026/09/20260907T155057Z-e03fd9f60113.json.gz,2
who.gho.cm-02,CM_02:BGR:SEX_FMLE:AGEGROUP_MONTHS0-11,1966-01-01,2026-09-07T15:50:57Z,value,1665.0,,who.gho.cm-02,raw/who.gho.cm-02/2026/09/20260907T155057Z-e03fd9f60113.json.gz,2
who.gho.cm-02,CM_02:BGR:SEX_MLE:AGEGROUP_MONTHS0-11,1966-01-01,2026-09-07T15:51:30Z,high,2235.0,,who.gho.cm-02,raw/who.gho.cm-02/2026/09/20260907T155130Z-b74d44aee08e.json.gz,2
who.gho.cm-02,CM_02:BGR:SEX_MLE:AGEGROUP_MONTHS0-11,1966-01-01,2026-09-07T15:51:30Z,low,2129.0,,who.gho.cm-02,raw/who.gho.cm-02/2026/09/20260907T155130Z-b74d44aee08e.json.gz,2
who.gho.cm-02,CM_02:BGR:SEX_MLE:AGEGROUP_MONTHS0-11,1966-01-01,2026-09-07T15:51:30Z,restated_at,2026-08-04,,who.gho.cm-02,raw/who.gho.cm-02/2026/09/20260907T155130Z-b74d44aee08e.json.gz,2
who.gho.cm-02,CM_02:BGR:SEX_MLE:AGEGROUP_MONTHS0-11,1966-01-01,2026-09-07T15:51:30Z,value,2180.0,,who.gho.cm-02,raw/who.gho.cm-02/2026/09/20260907T155130Z-b74d44aee08e.json.gz,2
who.gho.cm-02,CM_02:BHR:SEX_BTSX:AGEGROUP_MONTHS0-11,1966-01-01,2026-09-07T15:57:21Z,high,1011.0,,who.gho.cm-02,raw/who.gho.cm-02/2026/09/20260907T155721Z-a2b5c178c29b.json.gz,2
who.gho.cm-02,CM_02:BHR:SEX_BTSX:AGEGROUP_MONTHS0-11,1966-01-01,2026-09-07T15:57:21Z,low,779.0,,who.gho.cm-02,raw/who.gho.cm-02/2026/09/20260907T155721Z-a2b5c178c29b.json.gz,2
who.gho.cm-02,CM_02:BHR:SEX_BTSX:AGEGROUP_MONTHS0-11,1966-01-01,2026-09-07T15:57:21Z,restated_at,2026-08-04,,who.gho.cm-02,raw/who.gho.cm-02/2026/09/20260907T155721Z-a2b5c178c29b.json.gz,2
who.gho.cm-02,CM_02:BHR:SEX_BTSX:AGEGROUP_MONTHS0-11,1966-01-01,2026-09-07T15:57:21Z,value,889.0,,who.gho.cm-02,raw/who.gho.cm-02/2026/09/20260907T155721Z-a2b5c178c29b.json.gz,2
who.gho.cm-02,CM_02:BHR:SEX_FMLE:AGEGROUP_MONTHS0-11,1966-01-01,2026-09-07T15:53:02Z,high,491.0,,who.gho.cm-02,raw/who.gho.cm-02/2026/09/20260907T155302Z-206bb5f6993f.json.gz,2
who.gho.cm-02,CM_02:BHR:SEX_FMLE:AGEGROUP_MONTHS0-11,1966-01-01,2026-09-07T15:53:02Z,low,369.0,,who.gho.cm-02,raw/who.gho.cm-02/2026/09/20260907T155302Z-206bb5f6993f.json.gz,2
who.gho.cm-02,CM_02:BHR:SEX_FMLE:AGEGROUP_MONTHS0-11,1966-01-01,2026-09-07T15:53:02Z,restated_at,2026-08-04,,who.gho.cm-02,raw/who.gho.cm-02/2026/09/20260907T155302Z-206bb5f6993f.json.gz,2
who.gho.cm-02,CM_02:BHR:SEX_FMLE:AGEGROUP_MONTHS0-11,1966-01-01,2026-09-07T15:53:02Z,value,427.0,,who.gho.cm-02,raw/who.gho.cm-02/2026/09/20260907T155302Z-206bb5f6993f.json.gz,2
who.gho.cm-02,CM_02:BHR:SEX_MLE:AGEGROUP_MONTHS0-11,1966-01-01,2026-09-07T15:51:05Z,high,527.0,,who.gho.cm-02,raw/who.gho.cm-02/2026/09/20260907T155105Z-bd351d716a31.json.gz,2
who.gho.cm-02,CM_02:BHR:SEX_MLE:AGEGROUP_MONTHS0-11,1966-01-01,2026-09-07T15:51:05Z,low,401.0,,who.gho.cm-02,raw/who.gho.cm-02/2026/09/20260907T155105Z-bd351d716a31.json.gz,2
who.gho.cm-02,CM_02:BHR:SEX_MLE:AGEGROUP_MONTHS0-11,1966-01-01,2026-09-07T15:51:05Z,restated_at,2026-08-04,,who.gho.cm-02,raw/who.gho.cm-02/2026/09/20260907T155105Z-bd351d716a31.json.gz,2
who.gho.cm-02,CM_02:BHR:SEX_MLE:AGEGROUP_MONTHS0-11,1966-01-01,2026-09-07T15:51:05Z,value,462.0,,who.gho.cm-02,raw/who.gho.cm-02/2026/09/20260907T155105Z-bd351d716a31.json.gz,2
who.gho.cm-02,CM_02:BLR:SEX_BTSX:AGEGROUP_MONTHS0-11,1966-01-01,2026-09-07T15:51:25Z,high,3582.0,,who.gho.cm-02,raw/who.gho.cm-02/2026/09/20260907T155125Z-b41e2575e826.json.gz,2
who.gho.cm-02,CM_02:BLR:SEX_BTSX:AGEGROUP_MONTHS0-11,1966-01-01,2026-09-07T15:51:25Z,low,3157.0,,who.gho.cm-02,raw/who.gho.cm-02/2026/09/20260907T155125Z-b41e2575e826.json.gz,2
who.gho.cm-02,CM_02:BLR:SEX_BTSX:AGEGROUP_MONTHS0-11,1966-01-01,2026-09-07T15:51:25Z,restated_at,2026-08-04,,who.gho.cm-02,raw/who.gho.cm-02/2026/09/20260907T155125Z-b41e2575e826.json.gz,2
who.gho.cm-02,CM_02:BLR:SEX_BTSX:AGEGROUP_MONTHS0-11,1966-01-01,2026-09-07T15:51:25Z,value,3366.0,,who.gho.cm-02,raw/who.gho.cm-02/2026/09/20260907T155125Z-b41e2575e826.json.gz,2
who.gho.cm-02,CM_02:BLR:SEX_FMLE:AGEGROUP_MONTHS0-11,1966-01-01,2026-09-07T15:52:37Z,high,1510.0,,who.gho.cm-02,raw/who.gho.cm-02/2026/09/20260907T155237Z-35c7d31783eb.json.gz,2
who.gho.cm-02,CM_02:BLR:SEX_FMLE:AGEGROUP_MONTHS0-11,1966-01-01,2026-09-07T15:52:37Z,low,1282.0,,who.gho.cm-02,raw/who.gho.cm-02/2026/09/20260907T155237Z-35c7d31783eb.json.gz,2
who.gho.cm-02,CM_02:BLR:SEX_FMLE:AGEGROUP_MONTHS0-11,1966-01-01,2026-09-07T15:52:37Z,restated_at,2026-08-04,,who.gho.cm-02,raw/who.gho.cm-02/2026/09/20260907T155237Z-35c7d31783eb.json.gz,2
who.gho.cm-02,CM_02:BLR:SEX_FMLE:AGEGROUP_MONTHS0-11,1966-01-01,2026-09-07T15:52:37Z,value,1394.0,,who.gho.cm-02,raw/who.gho.cm-02/2026/09/20260907T155237Z-35c7d31783eb.json.gz,2
who.gho.cm-02,CM_02:BLR:SEX_MLE:AGEGROUP_MONTHS0-11,1966-01-01,2026-09-07T15:57:17Z,high,2119.0,,who.gho.cm-02,raw/who.gho.cm-02/2026/09/20260907T155717Z-89bc69b90b61.json.gz,2
who.gho.cm-02,CM_02:BLR:SEX_MLE:AGEGROUP_MONTHS0-11,1966-01-01,2026-09-07T15:57:17Z,low,1833.0,,who.gho.cm-02,raw/who.gho.cm-02/2026/09/20260907T155717Z-89bc69b90b61.json.gz,2
who.gho.cm-02,CM_02:BLR:SEX_MLE:AGEGROUP_MONTHS0-11,1966-01-01,2026-09-07T15:57:17Z,restated_at,2026-08-04,,who.gho.cm-02,raw/who.gho.cm-02/2026/09/20260907T155717Z-89bc69b90b61.json.gz,2
who.gho.cm-02,CM_02:BLR:SEX_MLE:AGEGROUP_MONTHS0-11,1966-01-01,2026-09-07T15:57:17Z,value,1972.0,,who.gho.cm-02,raw/who.gho.cm-02/2026/09/20260907T155717Z-89bc69b90b61.json.gz,2
who.gho.cm-02,CM_02:BOL:SEX_BTSX:AGEGROUP_MONTHS0-11,1966-01-01,2026-09-07T15:51:50Z,high,32470.0,,who.gho.cm-02,raw/who.gho.cm-02/2026/09/20260907T155150Z-b2442ef3f6e6.json.gz,2
who.gho.cm-02,CM_02:BOL:SEX_BTSX:AGEGROUP_MONTHS0-11,1966-01-01,2026-09-07T15:51:50Z,low,27170.0,,who.gho.cm-02,raw/who.gho.cm-02/2026/09/20260907T155150Z-b2442ef3f6e6.json.gz,2
who.gho.cm-02,CM_02:BOL:SEX_BTSX:AGEGROUP_MONTHS0-11,1966-01-01,2026-09-07T15:51:50Z,restated_at,2026-08-04,,who.gho.cm-02,raw/who.gho.cm-02/2026/09/20260907T155150Z-b2442ef3f6e6.json.gz,2
who.gho.cm-02,CM_02:BOL:SEX_BTSX:AGEGROUP_MONTHS0-11,1966-01-01,2026-09-07T15:51:50Z,value,29711.0,,who.gho.cm-02,raw/who.gho.cm-02/2026/09/20260907T155150Z-b2442ef3f6e6.json.gz,2
who.gho.cm-02,CM_02:BOL:SEX_FMLE:AGEGROUP_MONTHS0-11,1966-01-01,2026-09-07T15:52:03Z,high,14374.0,,who.gho.cm-02,raw/who.gho.cm-02/2026/09/20260907T155203Z-07dabadb5738.json.gz,2
who.gho.cm-02,CM_02:BOL:SEX_FMLE:AGEGROUP_MONTHS0-11,1966-01-01,2026-09-07T15:52:03Z,low,11872.0,,who.gho.cm-02,raw/who.gho.cm-02/2026/09/20260907T155203Z-07dabadb5738.json.gz,2
who.gho.cm-02,CM_02:BOL:SEX_FMLE:AGEGROUP_MONTHS0-11,1966-01-01,2026-09-07T15:52:03Z,restated_at,2026-08-04,,who.gho.cm-02,raw/who.gho.cm-02/2026/09/20260907T155203Z-07dabadb5738.json.gz,2
who.gho.cm-02,CM_02:BOL:SEX_FMLE:AGEGROUP_MONTHS0-11,1966-01-01,2026-09-07T15:52:03Z,value,13069.0,,who.gho.cm-02,raw/who.gho.cm-02/2026/09/20260907T155203Z-07dabadb5738.json.gz,2
who.gho.cm-02,CM_02:BOL:SEX_MLE:AGEGROUP_MONTHS0-11,1966-01-01,2026-09-07T15:51:16Z,high,18245.0,,who.gho.cm-02,raw/who.gho.cm-02/2026/09/20260907T155116Z-bb01bf96bc15.json.gz,2
who.gho.cm-02,CM_02:BOL:SEX_MLE:AGEGROUP_MONTHS0-11,1966-01-01,2026-09-07T15:51:16Z,low,15135.0,,who.gho.cm-02,raw/who.gho.cm-02/2026/09/20260907T155116Z-bb01bf96bc15.json.gz,2
who.gho.cm-02,CM_02:BOL:SEX_MLE:AGEGROUP_MONTHS0-11,1966-01-01,2026-09-07T15:51:16Z,restated_at,2026-08-04,,who.gho.cm-02,raw/who.gho.cm-02/2026/09/20260907T155116Z-bb01bf96bc15.json.gz,2
who.gho.cm-02,CM_02:BOL:SEX_MLE:AGEGROUP_MONTHS0-11,1966-01-01,2026-09-07T15:51:16Z,value,16642.0,,who.gho.cm-02,raw/who.gho.cm-02/2026/09/20260907T155116Z-bb01bf96bc15.json.gz,2
who.gho.cm-02,CM_02:BRA:SEX_BTSX:AGEGROUP_MONTHS0-11,1966-01-01,2026-09-07T15:51:30Z,high,387205.0,,who.gho.cm-02,raw/who.gho.cm-02/2026/09/20260907T155130Z-b74d44aee08e.json.gz,2
who.gho.cm-02,CM_02:BRA:SEX_BTSX:AGEGROUP_MONTHS0-11,1966-01-01,2026-09-07T15:51:30Z,low,337615.0,,who.gho.cm-02,raw/who.gho.cm-02/2026/09/20260907T155130Z-b74d44aee08e.json.gz,2
who.gho.cm-02,CM_02:BRA:SEX_BTSX:AGEGROUP_MONTHS0-11,1966-01-01,2026-09-07T15:51:30Z,restated_at,2026-08-04,,who.gho.cm-02,raw/who.gho.cm-02/2026/09/20260907T155130Z-b74d44aee08e.json.gz,2
who.gho.cm-02,CM_02:BRA:SEX_BTSX:AGEGROUP_MONTHS0-11,1966-01-01,2026-09-07T15:51:30Z,value,362061.0,,who.gho.cm-02,raw/who.gho.cm-02/2026/09/20260907T155130Z-b74d44aee08e.json.gz,2
who.gho.cm-02,CM_02:BRA:SEX_FMLE:AGEGROUP_MONTHS0-11,1966-01-01,2026-09-07T15:54:17Z,high,170320.0,,who.gho.cm-02,raw/who.gho.cm-02/2026/09/20260907T155417Z-e87fb31944b5.json.gz,2
who.gho.cm-02,CM_02:BRA:SEX_FMLE:AGEGROUP_MONTHS0-11,1966-01-01,2026-09-07T15:54:17Z,low,144566.0,,who.gho.cm-02,raw/who.gho.cm-02/2026/09/20260907T155417Z-e87fb31944b5.json.gz,2
who.gho.cm-02,CM_02:BRA:SEX_FMLE:AGEGROUP_MONTHS0-11,1966-01-01,2026-09-07T15:54:17Z,restated_at,2026-08-04,,who.gho.cm-02,raw/who.gho.cm-02/2026/09/20260907T155417Z-e87fb31944b5.json.gz,2
who.gho.cm-02,CM_02:BRA:SEX_FMLE:AGEGROUP_MONTHS0-11,1966-01-01,2026-09-07T15:54:17Z,value,157179.0,,who.gho.cm-02,raw/who.gho.cm-02/2026/09/20260907T155417Z-e87fb31944b5.json.gz,2
who.gho.cm-02,CM_02:BRA:SEX_MLE:AGEGROUP_MONTHS0-11,1966-01-01,2026-09-07T15:56:48Z,high,220884.0,,who.gho.cm-02,raw/who.gho.cm-02/2026/09/20260907T155648Z-e962102586d9.json.gz,2
who.gho.cm-02,CM_02:BRA:SEX_MLE:AGEGROUP_MONTHS0-11,1966-01-01,2026-09-07T15:56:48Z,low,189667.0,,who.gho.cm-02,raw/who.gho.cm-02/2026/09/20260907T155648Z-e962102586d9.json.gz,2
who.gho.cm-02,CM_02:BRA:SEX_MLE:AGEGROUP_MONTHS0-11,1966-01-01,2026-09-07T15:56:48Z,restated_at,2026-08-04,,who.gho.cm-02,raw/who.gho.cm-02/2026/09/20260907T155648Z-e962102586d9.json.gz,2
who.gho.cm-02,CM_02:BRA:SEX_MLE:AGEGROUP_MONTHS0-11,1966-01-01,2026-09-07T15:56:48Z,value,204882.0,,who.gho.cm-02,raw/who.gho.cm-02/2026/09/20260907T155648Z-e962102586d9.json.gz,2
who.gho.cm-02,CM_02:BRB:SEX_BTSX:AGEGROUP_MONTHS0-11,1966-01-01,2026-09-07T15:51:11Z,high,383.0,,who.gho.cm-02,raw/who.gho.cm-02/2026/09/20260907T155111Z-17577dbcf352.json.gz,2
who.gho.cm-02,CM_02:BRB:SEX_BTSX:AGEGROUP_MONTHS0-11,1966-01-01,2026-09-07T15:51:11Z,low,358.0,,who.gho.cm-02,raw/who.gho.cm-02/2026/09/20260907T155111Z-17577dbcf352.json.gz,2
who.gho.cm-02,CM_02:BRB:SEX_BTSX:AGEGROUP_MONTHS0-11,1966-01-01,2026-09-07T15:51:11Z,restated_at,2025-04-15,,who.gho.cm-02,raw/who.gho.cm-02/2026/09/20260907T155111Z-17577dbcf352.json.gz,2
who.gho.cm-02,CM_02:BRB:SEX_BTSX:AGEGROUP_MONTHS0-11,1966-01-01,2026-09-07T15:51:11Z,value,370.0,,who.gho.cm-02,raw/who.gho.cm-02/2026/09/20260907T155111Z-17577dbcf352.json.gz,2
who.gho.cm-02,CM_02:BRB:SEX_FMLE:AGEGROUP_MONTHS0-11,1966-01-01,2026-09-07T15:58:04Z,high,172.0,,who.gho.cm-02,raw/who.gho.cm-02/2026/09/20260907T155804Z-3e19927fa86a.json.gz,2
who.gho.cm-02,CM_02:BRB:SEX_FMLE:AGEGROUP_MONTHS0-11,1966-01-01,2026-09-07T15:58:04Z,low,158.0,,who.gho.cm-02,raw/who.gho.cm-02/2026/09/20260907T155804Z-3e19927fa86a.json.gz,2
who.gho.cm-02,CM_02:BRB:SEX_FMLE:AGEGROUP_MONTHS0-11,1966-01-01,2026-09-07T15:58:04Z,restated_at,2026-08-04,,who.gho.cm-02,raw/who.gho.cm-02/2026/09/20260907T155804Z-3e19927fa86a.json.gz,2
who.gho.cm-02,CM_02:BRB:SEX_FMLE:AGEGROUP_MONTHS0-11,1966-01-01,2026-09-07T15:58:04Z,value,165.0,,who.gho.cm-02,raw/who.gho.cm-02/2026/09/20260907T155804Z-3e19927fa86a.json.gz,2
who.gho.cm-02,CM_02:BRB:SEX_MLE:AGEGROUP_MONTHS0-11,1966-01-01,2026-09-07T15:50:52Z,high,213.0,,who.gho.cm-02,raw/who.gho.cm-02/2026/09/20260907T155052Z-3109a96dcee3.json.gz,2
who.gho.cm-02,CM_02:BRB:SEX_MLE:AGEGROUP_MONTHS0-11,1966-01-01,2026-09-07T15:50:52Z,low,197.0,,who.gho.cm-02,raw/who.gho.cm-02/2026/09/20260907T155052Z-3109a96dcee3.json.gz,2
who.gho.cm-02,CM_02:BRB:SEX_MLE:AGEGROUP_MONTHS0-11,1966-01-01,2026-09-07T15:50:52Z,restated_at,2025-04-15,,who.gho.cm-02,raw/who.gho.cm-02/2026/09/20260907T155052Z-3109a96dcee3.json.gz,2
who.gho.cm-02,CM_02:BRB:SEX_MLE:AGEGROUP_MONTHS0-11,1966-01-01,2026-09-07T15:50:52Z,value,205.0,,who.gho.cm-02,raw/who.gho.cm-02/2026/09/20260907T155052Z-3109a96dcee3.json.gz,2
who.gho.cm-02,CM_02:BRN:SEX_BTSX:AGEGROUP_MONTHS0-11,1966-01-01,2026-09-07T15:57:07Z,high,188.0,,who.gho.cm-02,raw/who.gho.cm-02/2026/09/20260907T155707Z-3cd3e5b56c9f.json.gz,2
who.gho.cm-02,CM_02:BRN:SEX_BTSX:AGEGROUP_MONTHS0-11,1966-01-01,2026-09-07T15:57:07Z,low,163.0,,who.gho.cm-02,raw/who.gho.cm-02/2026/09/20260907T155707Z-3cd3e5b56c9f.json.gz,2
who.gho.cm-02,CM_02:BRN:SEX_BTSX:AGEGROUP_MONTHS0-11,1966-01-01,2026-09-07T15:57:07Z,restated_at,2026-08-04,,who.gho.cm-02,raw/who.gho.cm-02/2026/09/20260907T155707Z-3cd3e5b56c9f.json.gz,2
who.gho.cm-02,CM_02:BRN:SEX_BTSX:AGEGROUP_MONTHS0-11,1966-01-01,2026-09-07T15:57:07Z,value,175.0,,who.gho.cm-02,raw/who.gho.cm-02/2026/09/20260907T155707Z-3cd3e5b56c9f.json.gz,2
who.gho.cm-02,CM_02:BRN:SEX_FMLE:AGEGROUP_MONTHS0-11,1966-01-01,2026-09-07T15:56:37Z,high,84.0,,who.gho.cm-02,raw/who.gho.cm-02/2026/09/20260907T155637Z-c7bda929b138.json.gz,2
who.gho.cm-02,CM_02:BRN:SEX_FMLE:AGEGROUP_MONTHS0-11,1966-01-01,2026-09-07T15:56:37Z,low,72.0,,who.gho.cm-02,raw/who.gho.cm-02/2026/09/20260907T155637Z-c7bda929b138.json.gz,2
who.gho.cm-02,CM_02:BRN:SEX_FMLE:AGEGROUP_MONTHS0-11,1966-01-01,2026-09-07T15:56:37Z,restated_at,2025-04-15,,who.gho.cm-02,raw/who.gho.cm-02/2026/09/20260907T155637Z-c7bda929b138.json.gz,2
who.gho.cm-02,CM_02:BRN:SEX_FMLE:AGEGROUP_MONTHS0-11,1966-01-01,2026-09-07T15:56:37Z,value,78.0,,who.gho.cm-02,raw/who.gho.cm-02/2026/09/20260907T155637Z-c7bda929b138.json.gz,2
who.gho.cm-02,CM_02:BRN:SEX_MLE:AGEGROUP_MONTHS0-11,1966-01-01,2026-09-07T15:52:37Z,high,105.0,,who.gho.cm-02,raw/who.gho.cm-02/2026/09/20260907T155237Z-35c7d31783eb.json.gz,2
who.gho.cm-02,CM_02:BRN:SEX_MLE:AGEGROUP_MONTHS0-11,1966-01-01,2026-09-07T15:52:37Z,low,90.0,,who.gho.cm-02,raw/who.gho.cm-02/2026/09/20260907T155237Z-35c7d31783eb.json.gz,2
who.gho.cm-02,CM_02:BRN:SEX_MLE:AGEGROUP_MONTHS0-11,1966-01-01,2026-09-07T15:52:37Z,restated_at,2025-04-15,,who.gho.cm-02,raw/who.gho.cm-02/2026/09/20260907T155237Z-35c7d31783eb.json.gz,2
who.gho.cm-02,CM_02:BRN:SEX_MLE:AGEGROUP_MONTHS0-11,1966-01-01,2026-09-07T15:52:37Z,value,97.0,,who.gho.cm-02,raw/who.gho.cm-02/2026/09/20260907T155237Z-35c7d31783eb.json.gz,2
who.gho.cm-02,CM_02:BWA:SEX_BTSX:AGEGROUP_MONTHS0-11,1966-01-01,2026-09-07T15:57:21Z,high,3117.0,,who.gho.cm-02,raw/who.gho.cm-02/2026/09/20260907T155721Z-a2b5c178c29b.json.gz,2
who.gho.cm-02,CM_02:BWA:SEX_BTSX:AGEGROUP_MONTHS0-11,1966-01-01,2026-09-07T15:57:21Z,low,2349.0,,who.gho.cm-02,raw/who.gho.cm-02/2026/09/20260907T155721Z-a2b5c178c29b.json.gz,2
who.gho.cm-02,CM_02:BWA:SEX_BTSX:AGEGROUP_MONTHS0-11,1966-01-01,2026-09-07T15:57:21Z,restated_at,2026-08-04,,who.gho.cm-02,raw/who.gho.cm-02/2026/09/20260907T155721Z-a2b5c178c29b.json.gz,2
who.gho.cm-02,CM_02:BWA:SEX_BTSX:AGEGROUP_MONTHS0-11,1966-01-01,2026-09-07T15:57:21Z,value,2707.0,,who.gho.cm-02,raw/who.gho.cm-02/2026/09/20260907T155721Z-a2b5c178c29b.json.gz,2
who.gho.cm-02,CM_02:BWA:SEX_FMLE:AGEGROUP_MONTHS0-11,1966-01-01,2026-09-07T15:57:54Z,high,1407.0,,who.gho.cm-02,raw/who.gho.cm-02/2026/09/20260907T155754Z-3bea881db2b4.json.gz,2
who.gho.cm-02,CM_02:BWA:SEX_FMLE:AGEGROUP_MONTHS0-11,1966-01-01,2026-09-07T15:57:54Z,low,1039.0,,who.gho.cm-02,raw/who.gho.cm-02/2026/09/20260907T155754Z-3bea881db2b4.json.gz,2
who.gho.cm-02,CM_02:BWA:SEX_FMLE:AGEGROUP_MONTHS0-11,1966-01-01,2026-09-07T15:57:54Z,restated_at,2026-08-04,,who.gho.cm-02,raw/who.gho.cm-02/2026/09/20260907T155754Z-3bea881db2b4.json.gz,2
who.gho.cm-02,CM_02:BWA:SEX_FMLE:AGEGROUP_MONTHS0-11,1966-01-01,2026-09-07T15:57:54Z,value,1212.0,,who.gho.cm-02,raw/who.gho.cm-02/2026/09/20260907T155754Z-3bea881db2b4.json.gz,2
who.gho.cm-02,CM_02:BWA:SEX_MLE:AGEGROUP_MONTHS0-11,1966-01-01,2026-09-07T15:58:16Z,high,1729.0,,who.gho.cm-02,raw/who.gho.cm-02/2026/09/20260907T155816Z-99a1a16a015f.json.gz,2
who.gho.cm-02,CM_02:BWA:SEX_MLE:AGEGROUP_MONTHS0-11,1966-01-01,2026-09-07T15:58:16Z,low,1284.0,,who.gho.cm-02,raw/who.gho.cm-02/2026/09/20260907T155816Z-99a1a16a015f.json.gz,2
who.gho.cm-02,CM_02:BWA:SEX_MLE:AGEGROUP_MONTHS0-11,1966-01-01,2026-09-07T15:58:16Z,restated_at,2026-08-04,,who.gho.cm-02,raw/who.gho.cm-02/2026/09/20260907T155816Z-99a1a16a015f.json.gz,2
who.gho.cm-02,CM_02:BWA:SEX_MLE:AGEGROUP_MONTHS0-11,1966-01-01,2026-09-07T15:58:16Z,value,1495.0,,who.gho.cm-02,raw/who.gho.cm-02/2026/09/20260907T155816Z-99a1a16a015f.json.gz,2
who.gho.cm-02,CM_02:CAF:SEX_BTSX:AGEGROUP_MONTHS0-11,1966-01-01,2026-09-07T15:52:18Z,high,13711.0,,who.gho.cm-02,raw/who.gho.cm-02/2026/09/20260907T155218Z-7dbb6db1a58a.json.gz,2
who.gho.cm-02,CM_02:CAF:SEX_BTSX:AGEGROUP_MONTHS0-11,1966-01-01,2026-09-07T15:52:18Z,low,9731.0,,who.gho.cm-02,raw/who.gho.cm-02/2026/09/20260907T155218Z-7dbb6db1a58a.json.gz,2
who.gho.cm-02,CM_02:CAF:SEX_BTSX:AGEGROUP_MONTHS0-11,1966-01-01,2026-09-07T15:52:18Z,restated_at,2026-08-04,,who.gho.cm-02,raw/who.gho.cm-02/2026/09/20260907T155218Z-7dbb6db1a58a.json.gz,2
who.gho.cm-02,CM_02:CAF:SEX_BTSX:AGEGROUP_MONTHS0-11,1966-01-01,2026-09-07T15:52:18Z,value,11499.0,,who.gho.cm-02,raw/who.gho.cm-02/2026/09/20260907T155218Z-7dbb6db1a58a.json.gz,2
who.gho.cm-02,CM_02:CAF:SEX_FMLE:AGEGROUP_MONTHS0-11,1966-01-01,2026-09-07T15:57:49Z,high,6395.0,,who.gho.cm-02,raw/who.gho.cm-02/2026/09/20260907T155749Z-8808ed0c9a07.json.gz,2
who.gho.cm-02,CM_02:CAF:SEX_FMLE:AGEGROUP_MONTHS0-11,1966-01-01,2026-09-07T15:57:49Z,low,4476.0,,who.gho.cm-02,raw/who.gho.cm-02/2026/09/20260907T155749Z-8808ed0c9a07.json.gz,2
who.gho.cm-02,CM_02:CAF:SEX_FMLE:AGEGROUP_MONTHS0-11,1966-01-01,2026-09-07T15:57:49Z,restated_at,2026-08-04,,who.gho.cm-02,raw/who.gho.cm-02/2026/09/20260907T155749Z-8808ed0c9a07.json.gz,2
who.gho.cm-02,CM_02:CAF:SEX_FMLE:AGEGROUP_MONTHS0-11,1966-01-01,2026-09-07T15:57:49Z,value,5337.0,,who.gho.cm-02,raw/who.gho.cm-02/2026/09/20260907T155749Z-8808ed0c9a07.json.gz,2
who.gho.cm-02,CM_02:CAF:SEX_MLE:AGEGROUP_MONTHS0-11,1966-01-01,2026-09-07T15:56:55Z,high,7373.0,,who.gho.cm-02,raw/who.gho.cm-02/2026/09/20260907T155655Z-a5ea76265971.json.gz,2
who.gho.cm-02,CM_02:CAF:SEX_MLE:AGEGROUP_MONTHS0-11,1966-01-01,2026-09-07T15:56:55Z,low,5181.0,,who.gho.cm-02,raw/who.gho.cm-02/2026/09/20260907T155655Z-a5ea76265971.json.gz,2
who.gho.cm-02,CM_02:CAF:SEX_MLE:AGEGROUP_MONTHS0-11,1966-01-01,2026-09-07T15:56:55Z,restated_at,2026-08-04,,who.gho.cm-02,raw/who.gho.cm-02/2026/09/20260907T155655Z-a5ea76265971.json.gz,2
who.gho.cm-02,CM_02:CAF:SEX_MLE:AGEGROUP_MONTHS0-11,1966-01-01,2026-09-07T15:56:55Z,value,6162.0,,who.gho.cm-02,raw/who.gho.cm-02/2026/09/20260907T155655Z-a5ea76265971.json.gz,2
who.gho.cm-02,CM_02:CAN:SEX_BTSX:AGEGROUP_MONTHS0-11,1966-01-01,2026-09-07T15:52:26Z,high,8657.0,,who.gho.cm-02,raw/who.gho.cm-02/2026/09/20260907T155226Z-b536cc4a2b4c.json.gz,2
who.gho.cm-02,CM_02:CAN:SEX_BTSX:AGEGROUP_MONTHS0-11,1966-01-01,2026-09-07T15:52:26Z,low,8361.0,,who.gho.cm-02,raw/who.gho.cm-02/2026/09/20260907T155226Z-b536cc4a2b4c.json.gz,2
who.gho.cm-02,CM_02:CAN:SEX_BTSX:AGEGROUP_MONTHS0-11,1966-01-01,2026-09-07T15:52:26Z,restated_at,2026-08-04,,who.gho.cm-02,raw/who.gho.cm-02/2026/09/20260907T155226Z-b536cc4a2b4c.json.gz,2
who.gho.cm-02,CM_02:CAN:SEX_BTSX:AGEGROUP_MONTHS0-11,1966-01-01,2026-09-07T15:52:26Z,value,8504.0,,who.gho.cm-02,raw/who.gho.cm-02/2026/09/20260907T155226Z-b536cc4a2b4c.json.gz,2
who.gho.cm-02,CM_02:CAN:SEX_FMLE:AGEGROUP_MONTHS0-11,1966-01-01,2026-09-07T15:57:44Z,high,3719.0,,who.gho.cm-02,raw/who.gho.cm-02/2026/09/20260907T155744Z-e141b36e0a87.json.gz,2
who.gho.cm-02,CM_02:CAN:SEX_FMLE:AGEGROUP_MONTHS0-11,1966-01-01,2026-09-07T15:57:44Z,low,3568.0,,who.gho.cm-02,raw/who.gho.cm-02/2026/09/20260907T155744Z-e141b36e0a87.json.gz,2
who.gho.cm-02,CM_02:CAN:SEX_FMLE:AGEGROUP_MONTHS0-11,1966-01-01,2026-09-07T15:57:44Z,restated_at,2026-08-04,,who.gho.cm-02,raw/who.gho.cm-02/2026/09/20260907T155744Z-e141b36e0a87.json.gz,2
who.gho.cm-02,CM_02:CAN:SEX_FMLE:AGEGROUP_MONTHS0-11,1966-01-01,2026-09-07T15:57:44Z,value,3642.0,,who.gho.cm-02,raw/who.gho.cm-02/2026/09/20260907T155744Z-e141b36e0a87.json.gz,2
who.gho.cm-02,CM_02:CAN:SEX_MLE:AGEGROUP_MONTHS0-11,1966-01-01,2026-09-07T15:57:49Z,high,4961.0,,who.gho.cm-02,raw/who.gho.cm-02/2026/09/20260907T155749Z-8808ed0c9a07.json.gz,2
who.gho.cm-02,CM_02:CAN:SEX_MLE:AGEGROUP_MONTHS0-11,1966-01-01,2026-09-07T15:57:49Z,low,4774.0,,who.gho.cm-02,raw/who.gho.cm-02/2026/09/20260907T155749Z-8808ed0c9a07.json.gz,2
who.gho.cm-02,CM_02:CAN:SEX_MLE:AGEGROUP_MONTHS0-11,1966-01-01,2026-09-07T15:57:49Z,restated_at,2026-08-04,,who.gho.cm-02,raw/who.gho.cm-02/2026/09/20260907T155749Z-8808ed0c9a07.json.gz,2
who.gho.cm-02,CM_02:CAN:SEX_MLE:AGEGROUP_MONTHS0-11,1966-01-01,2026-09-07T15:57:49Z,value,4862.0,,who.gho.cm-02,raw/who.gho.cm-02/2026/09/20260907T155749Z-8808ed0c9a07.json.gz,2
who.gho.cm-02,CM_02:CHE:SEX_BTSX:AGEGROUP_MONTHS0-11,1966-01-01,2026-09-07T15:51:44Z,high,1978.0,,who.gho.cm-02,raw/who.gho.cm-02/2026/09/20260907T155144Z-505d97ce9093.json.gz,2
who.gho.cm-02,CM_02:CHE:SEX_BTSX:AGEGROUP_MONTHS0-11,1966-01-01,2026-09-07T15:51:44Z,low,1902.0,,who.gho.cm-02,raw/who.gho.cm-02/2026/09/20260907T155144Z-505d97ce9093.json.gz,2
who.gho.cm-02,CM_02:CHE:SEX_BTSX:AGEGROUP_MONTHS0-11,1966-01-01,2026-09-07T15:51:44Z,restated_at,2026-08-04,,who.gho.cm-02,raw/who.gho.cm-02/2026/09/20260907T155144Z-505d97ce9093.json.gz,2
who.gho.cm-02,CM_02:CHE:SEX_BTSX:AGEGROUP_MONTHS0-11,1966-01-01,2026-09-07T15:51:44Z,value,1941.0,,who.gho.cm-02,raw/who.gho.cm-02/2026/09/20260907T155144Z-505d97ce9093.json.gz,2
who.gho.cm-02,CM_02:CHE:SEX_FMLE:AGEGROUP_MONTHS0-11,1966-01-01,2026-09-07T15:51:05Z,high,837.0,,who.gho.cm-02,raw/who.gho.cm-02/2026/09/20260907T155105Z-bd351d716a31.json.gz,2
who.gho.cm-02,CM_02:CHE:SEX_FMLE:AGEGROUP_MONTHS0-11,1966-01-01,2026-09-07T15:51:05Z,low,794.0,,who.gho.cm-02,raw/who.gho.cm-02/2026/09/20260907T155105Z-bd351d716a31.json.gz,2
who.gho.cm-02,CM_02:CHE:SEX_FMLE:AGEGROUP_MONTHS0-11,1966-01-01,2026-09-07T15:51:05Z,restated_at,2026-08-04,,who.gho.cm-02,raw/who.gho.cm-02/2026/09/20260907T155105Z-bd351d716a31.json.gz,2
who.gho.cm-02,CM_02:CHE:SEX_FMLE:AGEGROUP_MONTHS0-11,1966-01-01,2026-09-07T15:51:05Z,value,815.0,,who.gho.cm-02,raw/who.gho.cm-02/2026/09/20260907T155105Z-bd351d716a31.json.gz,2
who.gho.cm-02,CM_02:CHE:SEX_MLE:AGEGROUP_MONTHS0-11,1966-01-01,2026-09-07T15:51:21Z,high,1152.0,,who.gho.cm-02,raw/who.gho.cm-02/2026/09/20260907T155121Z-1b14643329ca.json.gz,2
who.gho.cm-02,CM_02:CHE:SEX_MLE:AGEGROUP_MONTHS0-11,1966-01-01,2026-09-07T15:51:21Z,low,1099.0,,who.gho.cm-02,raw/who.gho.cm-02/2026/09/20260907T155121Z-1b14643329ca.json.gz,2
who.gho.cm-02,CM_02:CHE:SEX_MLE:AGEGROUP_MONTHS0-11,1966-01-01,2026-09-07T15:51:21Z,restated_at,2026-08-04,,who.gho.cm-02,raw/who.gho.cm-02/2026/09/20260907T155121Z-1b14643329ca.json.gz,2
who.gho.cm-02,CM_02:CHE:SEX_MLE:AGEGROUP_MONTHS0-11,1966-01-01,2026-09-07T15:51:21Z,value,1126.0,,who.gho.cm-02,raw/who.gho.cm-02/2026/09/20260907T155121Z-1b14643329ca.json.gz,2
who.gho.cm-02,CM_02:CHL:SEX_BTSX:AGEGROUP_MONTHS0-11,1966-01-01,2026-09-07T15:51:01Z,high,25499.0,,who.gho.cm-02,raw/who.gho.cm-02/2026/09/20260907T155101Z-65d1a3fa0413.json.gz,2
who.gho.cm-02,CM_02:CHL:SEX_BTSX:AGEGROUP_MONTHS0-11,1966-01-01,2026-09-07T15:51:01Z,low,24388.0,,who.gho.cm-02,raw/who.gho.cm-02/2026/09/20260907T155101Z-65d1a3fa0413.json.gz,2
who.gho.cm-02,CM_02:CHL:SEX_BTSX:AGEGROUP_MONTHS0-11,1966-01-01,2026-09-07T15:51:01Z,restated_at,2026-08-04,,who.gho.cm-02,raw/who.gho.cm-02/2026/09/20260907T155101Z-65d1a3fa0413.json.gz,2
who.gho.cm-02,CM_02:CHL:SEX_BTSX:AGEGROUP_MONTHS0-11,1966-01-01,2026-09-07T15:51:01Z,value,24933.0,,who.gho.cm-02,raw/who.gho.cm-02/2026/09/20260907T155101Z-65d1a3fa0413.json.gz,2
who.gho.cm-02,CM_02:CHL:SEX_FMLE:AGEGROUP_MONTHS0-11,1966-01-01,2026-09-07T15:57:59Z,high,11541.0,,who.gho.cm-02,raw/who.gho.cm-02/2026/09/20260907T155759Z-531ca935f713.json.gz,2
who.gho.cm-02,CM_02:CHL:SEX_FMLE:AGEGROUP_MONTHS0-11,1966-01-01,2026-09-07T15:57:59Z,low,11007.0,,who.gho.cm-02,raw/who.gho.cm-02/2026/09/20260907T155759Z-531ca935f713.json.gz,2
who.gho.cm-02,CM_02:CHL:SEX_FMLE:AGEGROUP_MONTHS0-11,1966-01-01,2026-09-07T15:57:59Z,restated_at,2026-08-04,,who.gho.cm-02,raw/who.gho.cm-02/2026/09/20260907T155759Z-531ca935f713.json.gz,2
who.gho.cm-02,CM_02:CHL:SEX_FMLE:AGEGROUP_MONTHS0-11,1966-01-01,2026-09-07T15:57:59Z,value,11273.0,,who.gho.cm-02,raw/who.gho.cm-02/2026/09/20260907T155759Z-531ca935f713.json.gz,2
who.gho.cm-02,CM_02:CHL:SEX_MLE:AGEGROUP_MONTHS0-11,1966-01-01,2026-09-07T15:52:26Z,high,13974.0,,who.gho.cm-02,raw/who.gho.cm-02/2026/09/20260907T155226Z-b536cc4a2b4c.json.gz,2
who.gho.cm-02,CM_02:CHL:SEX_MLE:AGEGROUP_MONTHS0-11,1966-01-01,2026-09-07T15:52:26Z,low,13339.0,,who.gho.cm-02,raw/who.gho.cm-02/2026/09/20260907T155226Z-b536cc4a2b4c.json.gz,2
who.gho.cm-02,CM_02:CHL:SEX_MLE:AGEGROUP_MONTHS0-11,1966-01-01,2026-09-07T15:52:26Z,restated_at,2026-08-04,,who.gho.cm-02,raw/who.gho.cm-02/2026/09/20260907T155226Z-b536cc4a2b4c.json.gz,2
who.gho.cm-02,CM_02:CHL:SEX_MLE:AGEGROUP_MONTHS0-11,1966-01-01,2026-09-07T15:52:26Z,value,13660.0,,who.gho.cm-02,raw/who.gho.cm-02/2026/09/20260907T155226Z-b536cc4a2b4c.json.gz,2
who.gho.cm-02,CM_02:CIV:SEX_BTSX:AGEGROUP_MONTHS0-11,1966-01-01,2026-09-07T15:57:44Z,high,47643.0,,who.gho.cm-02,raw/who.gho.cm-02/2026/09/20260907T155744Z-e141b36e0a87.json.gz,2
who.gho.cm-02,CM_02:CIV:SEX_BTSX:AGEGROUP_MONTHS0-11,1966-01-01,2026-09-07T15:57:44Z,low,38206.0,,who.gho.cm-02,raw/who.gho.cm-02/2026/09/20260907T155744Z-e141b36e0a87.json.gz,2
who.gho.cm-02,CM_02:CIV:SEX_BTSX:AGEGROUP_MONTHS0-11,1966-01-01,2026-09-07T15:57:44Z,restated_at,2026-08-04,,who.gho.cm-02,raw/who.gho.cm-02/2026/09/20260907T155744Z-e141b36e0a87.json.gz,2
who.gho.cm-02,CM_02:CIV:SEX_BTSX:AGEGROUP_MONTHS0-11,1966-01-01,2026-09-07T15:57:44Z,value,42712.0,,who.gho.cm-02,raw/who.gho.cm-02/2026/09/20260907T155744Z-e141b36e0a87.json.gz,2
who.gho.cm-02,CM_02:CIV:SEX_FMLE:AGEGROUP_MONTHS0-11,1966-01-01,2026-09-07T15:54:17Z,high,21380.0,,who.gho.cm-02,raw/who.gho.cm-02/2026/09/20260907T155417Z-e87fb31944b5.json.gz,2
who.gho.cm-02,CM_02:CIV:SEX_FMLE:AGEGROUP_MONTHS0-11,1966-01-01,2026-09-07T15:54:17Z,low,16940.0,,who.gho.cm-02,raw/who.gho.cm-02/2026/09/20260907T155417Z-e87fb31944b5.json.gz,2
who.gho.cm-02,CM_02:CIV:SEX_FMLE:AGEGROUP_MONTHS0-11,1966-01-01,2026-09-07T15:54:17Z,restated_at,2026-08-04,,who.gho.cm-02,raw/who.gho.cm-02/2026/09/20260907T155417Z-e87fb31944b5.json.gz,2
who.gho.cm-02,CM_02:CIV:SEX_FMLE:AGEGROUP_MONTHS0-11,1966-01-01,2026-09-07T15:54:17Z,value,19064.0,,who.gho.cm-02,raw/who.gho.cm-02/2026/09/20260907T155417Z-e87fb31944b5.json.gz,2
who.gho.cm-02,CM_02:CIV:SEX_MLE:AGEGROUP_MONTHS0-11,1966-01-01,2026-09-07T15:52:10Z,high,26436.0,,who.gho.cm-02,raw/who.gho.cm-02/2026/09/20260907T155210Z-c2e07328660e.json.gz,2
who.gho.cm-02,CM_02:CIV:SEX_MLE:AGEGROUP_MONTHS0-11,1966-01-01,2026-09-07T15:52:10Z,low,21090.0,,who.gho.cm-02,raw/who.gho.cm-02/2026/09/20260907T155210Z-c2e07328660e.json.gz,2
who.gho.cm-02,CM_02:CIV:SEX_MLE:AGEGROUP_MONTHS0-11,1966-01-01,2026-09-07T15:52:10Z,restated_at,2026-08-04,,who.gho.cm-02,raw/who.gho.cm-02/2026/09/20260907T155210Z-c2e07328660e.json.gz,2
who.gho.cm-02,CM_02:CIV:SEX_MLE:AGEGROUP_MONTHS0-11,1966-01-01,2026-09-07T15:52:10Z,value,23648.0,,who.gho.cm-02,raw/who.gho.cm-02/2026/09/20260907T155210Z-c2e07328660e.json.gz,2
who.gho.cm-02,CM_02:CMR:SEX_BTSX:AGEGROUP_MONTHS0-11,1966-01-01,2026-09-07T15:57:35Z,high,41192.0,,who.gho.cm-02,raw/who.gho.cm-02/2026/09/20260907T155735Z-be5ff4c5352d.json.gz,2
who.gho.cm-02,CM_02:CMR:SEX_BTSX:AGEGROUP_MONTHS0-11,1966-01-01,2026-09-07T15:57:35Z,low,33112.0,,who.gho.cm-02,raw/who.gho.cm-02/2026/09/20260907T155735Z-be5ff4c5352d.json.gz,2
who.gho.cm-02,CM_02:CMR:SEX_BTSX:AGEGROUP_MONTHS0-11,1966-01-01,2026-09-07T15:57:35Z,restated_at,2026-08-04,,who.gho.cm-02,raw/who.gho.cm-02/2026/09/20260907T155735Z-be5ff4c5352d.json.gz,2
who.gho.cm-02,CM_02:CMR:SEX_BTSX:AGEGROUP_MONTHS0-11,1966-01-01,2026-09-07T15:57:35Z,value,36911.0,,who.gho.cm-02,raw/who.gho.cm-02/2026/09/20260907T155735Z-be5ff4c5352d.json.gz,2
who.gho.cm-02,CM_02:CMR:SEX_FMLE:AGEGROUP_MONTHS0-11,1966-01-01,2026-09-07T15:51:54Z,high,19221.0,,who.gho.cm-02,raw/who.gho.cm-02/2026/09/20260907T155154Z-820134cf428b.json.gz,2
who.gho.cm-02,CM_02:CMR:SEX_FMLE:AGEGROUP_MONTHS0-11,1966-01-01,2026-09-07T15:51:54Z,low,15253.0,,who.gho.cm-02,raw/who.gho.cm-02/2026/09/20260907T155154Z-820134cf428b.json.gz,2
who.gho.cm-02,CM_02:CMR:SEX_FMLE:AGEGROUP_MONTHS0-11,1966-01-01,2026-09-07T15:51:54Z,restated_at,2026-08-04,,who.gho.cm-02,raw/who.gho.cm-02/2026/09/20260907T155154Z-820134cf428b.json.gz,2
who.gho.cm-02,CM_02:CMR:SEX_FMLE:AGEGROUP_MONTHS0-11,1966-01-01,2026-09-07T15:51:54Z,value,17111.0,,who.gho.cm-02,raw/who.gho.cm-02/2026/09/20260907T155154Z-820134cf428b.json.gz,2
who.gho.cm-02,CM_02:CMR:SEX_MLE:AGEGROUP_MONTHS0-11,1966-01-01,2026-09-07T15:52:18Z,high,22186.0,,who.gho.cm-02,raw/who.gho.cm-02/2026/09/20260907T155218Z-7dbb6db1a58a.json.gz,2
who.gho.cm-02,CM_02:CMR:SEX_MLE:AGEGROUP_MONTHS0-11,1966-01-01,2026-09-07T15:52:18Z,low,17667.0,,who.gho.cm-02,raw/who.gho.cm-02/2026/09/20260907T155218Z-7dbb6db1a58a.json.gz,2
who.gho.cm-02,CM_02:CMR:SEX_MLE:AGEGROUP_MONTHS0-11,1966-01-01,2026-09-07T15:52:18Z,restated_at,2026-08-04,,who.gho.cm-02,raw/who.gho.cm-02/2026/09/20260907T155218Z-7dbb6db1a58a.json.gz,2
who.gho.cm-02,CM_02:CMR:SEX_MLE:AGEGROUP_MONTHS0-11,1966-01-01,2026-09-07T15:52:18Z,value,19800.0,,who.gho.cm-02,raw/who.gho.cm-02/2026/09/20260907T155218Z-7dbb6db1a58a.json.gz,2
who.gho.cm-02,CM_02:COG:SEX_BTSX:AGEGROUP_MONTHS0-11,1966-01-01,2026-09-07T15:51:40Z,high,5074.0,,who.gho.cm-02,raw/who.gho.cm-02/2026/09/20260907T155140Z-2ccf90b4d287.json.gz,2
who.gho.cm-02,CM_02:COG:SEX_BTSX:AGEGROUP_MONTHS0-11,1966-01-01,2026-09-07T15:51:40Z,low,3689.0,,who.gho.cm-02,raw/who.gho.cm-02/2026/09/20260907T155140Z-2ccf90b4d287.json.gz,2
who.gho.cm-02,CM_02:COG:SEX_BTSX:AGEGROUP_MONTHS0-11,1966-01-01,2026-09-07T15:51:40Z,restated_at,2026-08-04,,who.gho.cm-02,raw/who.gho.cm-02/2026/09/20260907T155140Z-2ccf90b4d287.json.gz,2
who.gho.cm-02,CM_02:COG:SEX_BTSX:AGEGROUP_MONTHS0-11,1966-01-01,2026-09-07T15:51:40Z,value,4315.0,,who.gho.cm-02,raw/who.gho.cm-02/2026/09/20260907T155140Z-2ccf90b4d287.json.gz,2
who.gho.cm-02,CM_02:COG:SEX_FMLE:AGEGROUP_MONTHS0-11,1966-01-01,2026-09-07T15:56:37Z,high,2307.0,,who.gho.cm-02,raw/who.gho.cm-02/2026/09/20260907T155637Z-c7bda929b138.json.gz,2
who.gho.cm-02,CM_02:COG:SEX_FMLE:AGEGROUP_MONTHS0-11,1966-01-01,2026-09-07T15:56:37Z,low,1643.0,,who.gho.cm-02,raw/who.gho.cm-02/2026/09/20260907T155637Z-c7bda929b138.json.gz,2
who.gho.cm-02,CM_02:COG:SEX_FMLE:AGEGROUP_MONTHS0-11,1966-01-01,2026-09-07T15:56:37Z,restated_at,2026-08-04,,who.gho.cm-02,raw/who.gho.cm-02/2026/09/20260907T155637Z-c7bda929b138.json.gz,2
who.gho.cm-02,CM_02:COG:SEX_FMLE:AGEGROUP_MONTHS0-11,1966-01-01,2026-09-07T15:56:37Z,value,1948.0,,who.gho.cm-02,raw/who.gho.cm-02/2026/09/20260907T155637Z-c7bda929b138.json.gz,2
who.gho.cm-02,CM_02:COG:SEX_MLE:AGEGROUP_MONTHS0-11,1966-01-01,2026-09-07T15:58:16Z,high,2790.0,,who.gho.cm-02,raw/who.gho.cm-02/2026/09/20260907T155816Z-99a1a16a015f.json.gz,2
who.gho.cm-02,CM_02:COG:SEX_MLE:AGEGROUP_MONTHS0-11,1966-01-01,2026-09-07T15:58:16Z,low,2009.0,,who.gho.cm-02,raw/who.gho.cm-02/2026/09/20260907T155816Z-99a1a16a015f.json.gz,2
who.gho.cm-02,CM_02:COG:SEX_MLE:AGEGROUP_MONTHS0-11,1966-01-01,2026-09-07T15:58:16Z,restated_at,2026-08-04,,who.gho.cm-02,raw/who.gho.cm-02/2026/09/20260907T155816Z-99a1a16a015f.json.gz,2
who.gho.cm-02,CM_02:COG:SEX_MLE:AGEGROUP_MONTHS0-11,1966-01-01,2026-09-07T15:58:16Z,value,2367.0,,who.gho.cm-02,raw/who.gho.cm-02/2026/09/20260907T155816Z-99a1a16a015f.json.gz,2
who.gho.cm-02,CM_02:COK:SEX_BTSX:AGEGROUP_MONTHS0-11,1966-01-01,2026-09-07T15:51:11Z,high,52.0,,who.gho.cm-02,raw/who.gho.cm-02/2026/09/20260907T155111Z-17577dbcf352.json.gz,2
who.gho.cm-02,CM_02:COK:SEX_BTSX:AGEGROUP_MONTHS0-11,1966-01-01,2026-09-07T15:51:11Z,low,36.0,,who.gho.cm-02,raw/who.gho.cm-02/2026/09/20260907T155111Z-17577dbcf352.json.gz,2
who.gho.cm-02,CM_02:COK:SEX_BTSX:AGEGROUP_MONTHS0-11,1966-01-01,2026-09-07T15:51:11Z,restated_at,2026-08-04,,who.gho.cm-02,raw/who.gho.cm-02/2026/09/20260907T155111Z-17577dbcf352.json.gz,2
who.gho.cm-02,CM_02:COK:SEX_BTSX:AGEGROUP_MONTHS0-11,1966-01-01,2026-09-07T15:51:11Z,value,43.0,,who.gho.cm-02,raw/who.gho.cm-02/2026/09/20260907T155111Z-17577dbcf352.json.gz,2
who.gho.cm-02,CM_02:COK:SEX_FMLE:AGEGROUP_MONTHS0-11,1966-01-01,2026-09-07T15:52:10Z,high,22.0,,who.gho.cm-02,raw/who.gho.cm-02/2026/09/20260907T155210Z-c2e07328660e.json.gz,2
who.gho.cm-02,CM_02:COK:SEX_FMLE:AGEGROUP_MONTHS0-11,1966-01-01,2026-09-07T15:52:10Z,low,15.0,,who.gho.cm-02,raw/who.gho.cm-02/2026/09/20260907T155210Z-c2e07328660e.json.gz,2
who.gho.cm-02,CM_02:COK:SEX_FMLE:AGEGROUP_MONTHS0-11,1966-01-01,2026-09-07T15:52:10Z,restated_at,2026-08-04,,who.gho.cm-02,raw/who.gho.cm-02/2026/09/20260907T155210Z-c2e07328660e.json.gz,2
who.gho.cm-02,CM_02:COK:SEX_FMLE:AGEGROUP_MONTHS0-11,1966-01-01,2026-09-07T15:52:10Z,value,18.0,,who.gho.cm-02,raw/who.gho.cm-02/2026/09/20260907T155210Z-c2e07328660e.json.gz,2
who.gho.cm-02,CM_02:COK:SEX_MLE:AGEGROUP_MONTHS0-11,1966-01-01,2026-09-07T15:57:40Z,high,30.0,,who.gho.cm-02,raw/who.gho.cm-02/2026/09/20260907T155740Z-31068700a25d.json.gz,2
who.gho.cm-02,CM_02:COK:SEX_MLE:AGEGROUP_MONTHS0-11,1966-01-01,2026-09-07T15:57:40Z,low,20.0,,who.gho.cm-02,raw/who.gho.cm-02/2026/09/20260907T155740Z-31068700a25d.json.gz,2
who.gho.cm-02,CM_02:COK:SEX_MLE:AGEGROUP_MONTHS0-11,1966-01-01,2026-09-07T15:57:40Z,restated_at,2025-04-15,,who.gho.cm-02,raw/who.gho.cm-02/2026/09/20260907T155740Z-31068700a25d.json.gz,2
who.gho.cm-02,CM_02:COK:SEX_MLE:AGEGROUP_MONTHS0-11,1966-01-01,2026-09-07T15:57:40Z,value,25.0,,who.gho.cm-02,raw/who.gho.cm-02/2026/09/20260907T155740Z-31068700a25d.json.gz,2
who.gho.cm-02,CM_02:COL:SEX_BTSX:AGEGROUP_MONTHS0-11,1966-01-01,2026-09-07T15:51:11Z,high,67245.0,,who.gho.cm-02,raw/who.gho.cm-02/2026/09/20260907T155111Z-17577dbcf352.json.gz,2
who.gho.cm-02,CM_02:COL:SEX_BTSX:AGEGROUP_MONTHS0-11,1966-01-01,2026-09-07T15:51:11Z,low,58181.0,,who.gho.cm-02,raw/who.gho.cm-02/2026/09/20260907T155111Z-17577dbcf352.json.gz,2
who.gho.cm-02,CM_02:COL:SEX_BTSX:AGEGROUP_MONTHS0-11,1966-01-01,2026-09-07T15:51:11Z,restated_at,2026-08-04,,who.gho.cm-02,raw/who.gho.cm-02/2026/09/20260907T155111Z-17577dbcf352.json.gz,2
who.gho.cm-02,CM_02:COL:SEX_BTSX:AGEGROUP_MONTHS0-11,1966-01-01,2026-09-07T15:51:11Z,value,62574.0,,who.gho.cm-02,raw/who.gho.cm-02/2026/09/20260907T155111Z-17577dbcf352.json.gz,2
who.gho.cm-02,CM_02:COL:SEX_FMLE:AGEGROUP_MONTHS0-11,1966-01-01,2026-09-07T15:57:35Z,high,30320.0,,who.gho.cm-02,raw/who.gho.cm-02/2026/09/20260907T155735Z-be5ff4c5352d.json.gz,2
who.gho.cm-02,CM_02:COL:SEX_FMLE:AGEGROUP_MONTHS0-11,1966-01-01,2026-09-07T15:57:35Z,low,25542.0,,who.gho.cm-02,raw/who.gho.cm-02/2026/09/20260907T155735Z-be5ff4c5352d.json.gz,2
who.gho.cm-02,CM_02:COL:SEX_FMLE:AGEGROUP_MONTHS0-11,1966-01-01,2026-09-07T15:57:35Z,restated_at,2026-08-04,,who.gho.cm-02,raw/who.gho.cm-02/2026/09/20260907T155735Z-be5ff4c5352d.json.gz,2
who.gho.cm-02,CM_02:COL:SEX_FMLE:AGEGROUP_MONTHS0-11,1966-01-01,2026-09-07T15:57:35Z,value,27829.0,,who.gho.cm-02,raw/who.gho.cm-02/2026/09/20260907T155735Z-be5ff4c5352d.json.gz,2
who.gho.cm-02,CM_02:COL:SEX_MLE:AGEGROUP_MONTHS0-11,1966-01-01,2026-09-07T15:54:17Z,high,37650.0,,who.gho.cm-02,raw/who.gho.cm-02/2026/09/20260907T155417Z-e87fb31944b5.json.gz,2
who.gho.cm-02,CM_02:COL:SEX_MLE:AGEGROUP_MONTHS0-11,1966-01-01,2026-09-07T15:54:17Z,low,31969.0,,who.gho.cm-02,raw/who.gho.cm-02/2026/09/20260907T155417Z-e87fb31944b5.json.gz,2
who.gho.cm-02,CM_02:COL:SEX_MLE:AGEGROUP_MONTHS0-11,1966-01-01,2026-09-07T15:54:17Z,restated_at,2026-08-04,,who.gho.cm-02,raw/who.gho.cm-02/2026/09/20260907T155417Z-e87fb31944b5.json.gz,2
who.gho.cm-02,CM_02:COL:SEX_MLE:AGEGROUP_MONTHS0-11,1966-01-01,2026-09-07T15:54:17Z,value,34745.0,,who.gho.cm-02,raw/who.gho.cm-02/2026/09/20260907T155417Z-e87fb31944b5.json.gz,2
who.gho.cm-02,CM_02:CPV:SEX_BTSX:AGEGROUP_MONTHS0-11,1966-01-01,2026-09-07T15:58:25Z,high,1367.0,,who.gho.cm-02,raw/who.gho.cm-02/2026/09/20260907T155825Z-6675ad1e3bc7.json.gz,2
who.gho.cm-02,CM_02:CPV:SEX_BTSX:AGEGROUP_MONTHS0-11,1966-01-01,2026-09-07T15:58:25Z,low,747.0,,who.gho.cm-02,raw/who.gho.cm-02/2026/09/20260907T155825Z-6675ad1e3bc7.json.gz,2
who.gho.cm-02,CM_02:CPV:SEX_BTSX:AGEGROUP_MONTHS0-11,1966-01-01,2026-09-07T15:58:25Z,restated_at,2026-08-04,,who.gho.cm-02,raw/who.gho.cm-02/2026/09/20260907T155825Z-6675ad1e3bc7.json.gz,2
who.gho.cm-02,CM_02:CPV:SEX_BTSX:AGEGROUP_MONTHS0-11,1966-01-01,2026-09-07T15:58:25Z,value,1044.0,,who.gho.cm-02,raw/who.gho.cm-02/2026/09/20260907T155825Z-6675ad1e3bc7.json.gz,2
who.gho.cm-02,CM_02:CPV:SEX_FMLE:AGEGROUP_MONTHS0-11,1966-01-01,2026-09-07T15:51:54Z,high,631.0,,who.gho.cm-02,raw/who.gho.cm-02/2026/09/20260907T155154Z-820134cf428b.json.gz,2
who.gho.cm-02,CM_02:CPV:SEX_FMLE:AGEGROUP_MONTHS0-11,1966-01-01,2026-09-07T15:51:54Z,low,343.0,,who.gho.cm-02,raw/who.gho.cm-02/2026/09/20260907T155154Z-820134cf428b.json.gz,2
who.gho.cm-02,CM_02:CPV:SEX_FMLE:AGEGROUP_MONTHS0-11,1966-01-01,2026-09-07T15:51:54Z,restated_at,2026-08-04,,who.gho.cm-02,raw/who.gho.cm-02/2026/09/20260907T155154Z-820134cf428b.json.gz,2
who.gho.cm-02,CM_02:CPV:SEX_FMLE:AGEGROUP_MONTHS0-11,1966-01-01,2026-09-07T15:51:54Z,value,481.0,,who.gho.cm-02,raw/who.gho.cm-02/2026/09/20260907T155154Z-820134cf428b.json.gz,2
who.gho.cm-02,CM_02:CPV:SEX_MLE:AGEGROUP_MONTHS0-11,1966-01-01,2026-09-07T15:57:12Z,high,738.0,,who.gho.cm-02,raw/who.gho.cm-02/2026/09/20260907T155712Z-98aa519eeacd.json.gz,2
who.gho.cm-02,CM_02:CPV:SEX_MLE:AGEGROUP_MONTHS0-11,1966-01-01,2026-09-07T15:57:12Z,low,401.0,,who.gho.cm-02,raw/who.gho.cm-02/2026/09/20260907T155712Z-98aa519eeacd.json.gz,2
who.gho.cm-02,CM_02:CPV:SEX_MLE:AGEGROUP_MONTHS0-11,1966-01-01,2026-09-07T15:57:12Z,restated_at,2026-08-04,,who.gho.cm-02,raw/who.gho.cm-02/2026/09/20260907T155712Z-98aa519eeacd.json.gz,2
who.gho.cm-02,CM_02:CPV:SEX_MLE:AGEGROUP_MONTHS0-11,1966-01-01,2026-09-07T15:57:12Z,value,563.0,,who.gho.cm-02,raw/who.gho.cm-02/2026/09/20260907T155712Z-98aa519eeacd.json.gz,2
who.gho.cm-02,CM_02:CRI:SEX_BTSX:AGEGROUP_MONTHS0-11,1966-01-01,2026-09-07T15:57:44Z,high,4291.0,,who.gho.cm-02,raw/who.gho.cm-02/2026/09/20260907T155744Z-e141b36e0a87.json.gz,2
who.gho.cm-02,CM_02:CRI:SEX_BTSX:AGEGROUP_MONTHS0-11,1966-01-01,2026-09-07T15:57:44Z,low,4135.0,,who.gho.cm-02,raw/who.gho.cm-02/2026/09/20260907T155744Z-e141b36e0a87.json.gz,2
who.gho.cm-02,CM_02:CRI:SEX_BTSX:AGEGROUP_MONTHS0-11,1966-01-01,2026-09-07T15:57:44Z,restated_at,2026-08-04,,who.gho.cm-02,raw/who.gho.cm-02/2026/09/20260907T155744Z-e141b36e0a87.json.gz,2
who.gho.cm-02,CM_02:CRI:SEX_BTSX:AGEGROUP_MONTHS0-11,1966-01-01,2026-09-07T15:57:44Z,value,4212.0,,who.gho.cm-02,raw/who.gho.cm-02/2026/09/20260907T155744Z-e141b36e0a87.json.gz,2
who.gho.cm-02,CM_02:CRI:SEX_FMLE:AGEGROUP_MONTHS0-11,1966-01-01,2026-09-07T15:51:44Z,high,1922.0,,who.gho.cm-02,raw/who.gho.cm-02/2026/09/20260907T155144Z-505d97ce9093.json.gz,2
who.gho.cm-02,CM_02:CRI:SEX_FMLE:AGEGROUP_MONTHS0-11,1966-01-01,2026-09-07T15:51:44Z,low,1835.0,,who.gho.cm-02,raw/who.gho.cm-02/2026/09/20260907T155144Z-505d97ce9093.json.gz,2
who.gho.cm-02,CM_02:CRI:SEX_FMLE:AGEGROUP_MONTHS0-11,1966-01-01,2026-09-07T15:51:44Z,restated_at,2026-08-04,,who.gho.cm-02,raw/who.gho.cm-02/2026/09/20260907T155144Z-505d97ce9093.json.gz,2
who.gho.cm-02,CM_02:CRI:SEX_FMLE:AGEGROUP_MONTHS0-11,1966-01-01,2026-09-07T15:51:44Z,value,1878.0,,who.gho.cm-02,raw/who.gho.cm-02/2026/09/20260907T155144Z-505d97ce9093.json.gz,2
who.gho.cm-02,CM_02:CRI:SEX_MLE:AGEGROUP_MONTHS0-11,1966-01-01,2026-09-07T15:52:18Z,high,2385.0,,who.gho.cm-02,raw/who.gho.cm-02/2026/09/20260907T155218Z-7dbb6db1a58a.json.gz,2
who.gho.cm-02,CM_02:CRI:SEX_MLE:AGEGROUP_MONTHS0-11,1966-01-01,2026-09-07T15:52:18Z,low,2285.0,,who.gho.cm-02,raw/who.gho.cm-02/2026/09/20260907T155218Z-7dbb6db1a58a.json.gz,2
who.gho.cm-02,CM_02:CRI:SEX_MLE:AGEGROUP_MONTHS0-11,1966-01-01,2026-09-07T15:52:18Z,restated_at,2026-08-04,,who.gho.cm-02,raw/who.gho.cm-02/2026/09/20260907T155218Z-7dbb6db1a58a.json.gz,2
who.gho.cm-02,CM_02:CRI:SEX_MLE:AGEGROUP_MONTHS0-11,1966-01-01,2026-09-07T15:52:18Z,value,2334.0,,who.gho.cm-02,raw/who.gho.cm-02/2026/09/20260907T155218Z-7dbb6db1a58a.json.gz,2
who.gho.cm-02,CM_02:CUB:SEX_BTSX:AGEGROUP_MONTHS0-11,1966-01-01,2026-09-07T15:57:07Z,high,11029.0,,who.gho.cm-02,raw/who.gho.cm-02/2026/09/20260907T155707Z-3cd3e5b56c9f.json.gz,2
who.gho.cm-02,CM_02:CUB:SEX_BTSX:AGEGROUP_MONTHS0-11,1966-01-01,2026-09-07T15:57:07Z,low,8757.0,,who.gho.cm-02,raw/who.gho.cm-02/2026/09/20260907T155707Z-3cd3e5b56c9f.json.gz,2
who.gho.cm-02,CM_02:CUB:SEX_BTSX:AGEGROUP_MONTHS0-11,1966-01-01,2026-09-07T15:57:07Z,restated_at,2026-08-04,,who.gho.cm-02,raw/who.gho.cm-02/2026/09/20260907T155707Z-3cd3e5b56c9f.json.gz,2
who.gho.cm-02,CM_02:CUB:SEX_BTSX:AGEGROUP_MONTHS0-11,1966-01-01,2026-09-07T15:57:07Z,value,9767.0,,who.gho.cm-02,raw/who.gho.cm-02/2026/09/20260907T155707Z-3cd3e5b56c9f.json.gz,2
who.gho.cm-02,CM_02:CUB:SEX_FMLE:AGEGROUP_MONTHS0-11,1966-01-01,2026-09-07T15:52:10Z,high,4860.0,,who.gho.cm-02,raw/who.gho.cm-02/2026/09/20260907T155210Z-c2e07328660e.json.gz,2
who.gho.cm-02,CM_02:CUB:SEX_FMLE:AGEGROUP_MONTHS0-11,1966-01-01,2026-09-07T15:52:10Z,low,3851.0,,who.gho.cm-02,raw/who.gho.cm-02/2026/09/20260907T155210Z-c2e07328660e.json.gz,2
who.gho.cm-02,CM_02:CUB:SEX_FMLE:AGEGROUP_MONTHS0-11,1966-01-01,2026-09-07T15:52:10Z,restated_at,2026-08-04,,who.gho.cm-02,raw/who.gho.cm-02/2026/09/20260907T155210Z-c2e07328660e.json.gz,2
who.gho.cm-02,CM_02:CUB:SEX_FMLE:AGEGROUP_MONTHS0-11,1966-01-01,2026-09-07T15:52:10Z,value,4297.0,,who.gho.cm-02,raw/who.gho.cm-02/2026/09/20260907T155210Z-c2e07328660e.json.gz,2
who.gho.cm-02,CM_02:CUB:SEX_MLE:AGEGROUP_MONTHS0-11,1966-01-01,2026-09-07T15:51:54Z,high,6185.0,,who.gho.cm-02,raw/who.gho.cm-02/2026/09/20260907T155154Z-820134cf428b.json.gz,2
who.gho.cm-02,CM_02:CUB:SEX_MLE:AGEGROUP_MONTHS0-11,1966-01-01,2026-09-07T15:51:54Z,low,4897.0,,who.gho.cm-02,raw/who.gho.cm-02/2026/09/20260907T155154Z-820134cf428b.json.gz,2
who.gho.cm-02,CM_02:CUB:SEX_MLE:AGEGROUP_MONTHS0-11,1966-01-01,2026-09-07T15:51:54Z,restated_at,2026-08-04,,who.gho.cm-02,raw/who.gho.cm-02/2026/09/20260907T155154Z-820134cf428b.json.gz,2
who.gho.cm-02,CM_02:CUB:SEX_MLE:AGEGROUP_MONTHS0-11,1966-01-01,2026-09-07T15:51:54Z,value,5470.0,,who.gho.cm-02,raw/who.gho.cm-02/2026/09/20260907T155154Z-820134cf428b.json.gz,2
who.gho.cm-02,CM_02:CZE:SEX_BTSX:AGEGROUP_MONTHS0-11,1966-01-01,2026-09-07T15:56:27Z,high,3260.0,,who.gho.cm-02,raw/who.gho.cm-02/2026/09/20260907T155627Z-19eb4e6c1215.json.gz,2
who.gho.cm-02,CM_02:CZE:SEX_BTSX:AGEGROUP_MONTHS0-11,1966-01-01,2026-09-07T15:56:27Z,low,2856.0,,who.gho.cm-02,raw/who.gho.cm-02/2026/09/20260907T155627Z-19eb4e6c1215.json.gz,2
who.gho.cm-02,CM_02:CZE:SEX_BTSX:AGEGROUP_MONTHS0-11,1966-01-01,2026-09-07T15:56:27Z,restated_at,2026-08-04,,who.gho.cm-02,raw/who.gho.cm-02/2026/09/20260907T155627Z-19eb4e6c1215.json.gz,2
who.gho.cm-02,CM_02:CZE:SEX_BTSX:AGEGROUP_MONTHS0-11,1966-01-01,2026-09-07T15:56:27Z,value,3047.0,,who.gho.cm-02,raw/who.gho.cm-02/2026/09/20260907T155627Z-19eb4e6c1215.json.gz,2
who.gho.cm-02,CM_02:CZE:SEX_FMLE:AGEGROUP_MONTHS0-11,1966-01-01,2026-09-07T15:51:25Z,high,1361.0,,who.gho.cm-02,raw/who.gho.cm-02/2026/09/20260907T155125Z-b41e2575e826.json.gz,2
who.gho.cm-02,CM_02:CZE:SEX_FMLE:AGEGROUP_MONTHS0-11,1966-01-01,2026-09-07T15:51:25Z,low,1151.0,,who.gho.cm-02,raw/who.gho.cm-02/2026/09/20260907T155125Z-b41e2575e826.json.gz,2
who.gho.cm-02,CM_02:CZE:SEX_FMLE:AGEGROUP_MONTHS0-11,1966-01-01,2026-09-07T15:51:25Z,restated_at,2026-08-04,,who.gho.cm-02,raw/who.gho.cm-02/2026/09/20260907T155125Z-b41e2575e826.json.gz,2
who.gho.cm-02,CM_02:CZE:SEX_FMLE:AGEGROUP_MONTHS0-11,1966-01-01,2026-09-07T15:51:25Z,value,1251.0,,who.gho.cm-02,raw/who.gho.cm-02/2026/09/20260907T155125Z-b41e2575e826.json.gz,2
who.gho.cm-02,CM_02:CZE:SEX_MLE:AGEGROUP_MONTHS0-11,1966-01-01,2026-09-07T15:58:12Z,high,1942.0,,who.gho.cm-02,raw/who.gho.cm-02/2026/09/20260907T155812Z-02a2023435be.json.gz,2
who.gho.cm-02,CM_02:CZE:SEX_MLE:AGEGROUP_MONTHS0-11,1966-01-01,2026-09-07T15:58:12Z,low,1668.0,,who.gho.cm-02,raw/who.gho.cm-02/2026/09/20260907T155812Z-02a2023435be.json.gz,2
who.gho.cm-02,CM_02:CZE:SEX_MLE:AGEGROUP_MONTHS0-11,1966-01-01,2026-09-07T15:58:12Z,restated_at,2026-08-04,,who.gho.cm-02,raw/who.gho.cm-02/2026/09/20260907T155812Z-02a2023435be.json.gz,2
who.gho.cm-02,CM_02:CZE:SEX_MLE:AGEGROUP_MONTHS0-11,1966-01-01,2026-09-07T15:58:12Z,value,1796.0,,who.gho.cm-02,raw/who.gho.cm-02/2026/09/20260907T155812Z-02a2023435be.json.gz,2
who.gho.cm-02,CM_02:DMA:SEX_BTSX:AGEGROUP_MONTHS0-11,1966-01-01,2026-09-07T15:57:12Z,high,126.0,,who.gho.cm-02,raw/who.gho.cm-02/2026/09/20260907T155712Z-98aa519eeacd.json.gz,2
who.gho.cm-02,CM_02:DMA:SEX_BTSX:AGEGROUP_MONTHS0-11,1966-01-01,2026-09-07T15:57:12Z,low,117.0,,who.gho.cm-02,raw/who.gho.cm-02/2026/09/20260907T155712Z-98aa519eeacd.json.gz,2
who.gho.cm-02,CM_02:DMA:SEX_BTSX:AGEGROUP_MONTHS0-11,1966-01-01,2026-09-07T15:57:12Z,restated_at,2026-08-04,,who.gho.cm-02,raw/who.gho.cm-02/2026/09/20260907T155712Z-98aa519eeacd.json.gz,2
who.gho.cm-02,CM_02:DMA:SEX_BTSX:AGEGROUP_MONTHS0-11,1966-01-01,2026-09-07T15:57:12Z,value,121.0,,who.gho.cm-02,raw/who.gho.cm-02/2026/09/20260907T155712Z-98aa519eeacd.json.gz,2
who.gho.cm-02,CM_02:DMA:SEX_FMLE:AGEGROUP_MONTHS0-11,1966-01-01,2026-09-07T15:50:57Z,high,60.0,,who.gho.cm-02,raw/who.gho.cm-02/2026/09/20260907T155057Z-e03fd9f60113.json.gz,2
who.gho.cm-02,CM_02:DMA:SEX_FMLE:AGEGROUP_MONTHS0-11,1966-01-01,2026-09-07T15:50:57Z,low,53.0,,who.gho.cm-02,raw/who.gho.cm-02/2026/09/20260907T155057Z-e03fd9f60113.json.gz,2
who.gho.cm-02,CM_02:DMA:SEX_FMLE:AGEGROUP_MONTHS0-11,1966-01-01,2026-09-07T15:50:57Z,restated_at,2026-08-04,,who.gho.cm-02,raw/who.gho.cm-02/2026/09/20260907T155057Z-e03fd9f60113.json.gz,2
who.gho.cm-02,CM_02:DMA:SEX_FMLE:AGEGROUP_MONTHS0-11,1966-01-01,2026-09-07T15:50:57Z,value,56.0,,who.gho.cm-02,raw/who.gho.cm-02/2026/09/20260907T155057Z-e03fd9f60113.json.gz,2
who.gho.cm-02,CM_02:DMA:SEX_MLE:AGEGROUP_MONTHS0-11,1966-01-01,2026-09-07T15:51:25Z,high,69.0,,who.gho.cm-02,raw/who.gho.cm-02/2026/09/20260907T155125Z-b41e2575e826.json.gz,2
who.gho.cm-02,CM_02:DMA:SEX_MLE:AGEGROUP_MONTHS0-11,1966-01-01,2026-09-07T15:51:25Z,low,61.0,,who.gho.cm-02,raw/who.gho.cm-02/2026/09/20260907T155125Z-b41e2575e826.json.gz,2
who.gho.cm-02,CM_02:DMA:SEX_MLE:AGEGROUP_MONTHS0-11,1966-01-01,2026-09-07T15:51:25Z,restated_at,2026-08-04,,who.gho.cm-02,raw/who.gho.cm-02/2026/09/20260907T155125Z-b41e2575e826.json.gz,2
who.gho.cm-02,CM_02:DMA:SEX_MLE:AGEGROUP_MONTHS0-11,1966-01-01,2026-09-07T15:51:25Z,value,65.0,,who.gho.cm-02,raw/who.gho.cm-02/2026/09/20260907T155125Z-b41e2575e826.json.gz,2
who.gho.cm-02,CM_02:DNK:SEX_BTSX:AGEGROUP_MONTHS0-11,1966-01-01,2026-09-07T15:57:35Z,high,1503.0,,who.gho.cm-02,raw/who.gho.cm-02/2026/09/20260907T155735Z-be5ff4c5352d.json.gz,2
who.gho.cm-02,CM_02:DNK:SEX_BTSX:AGEGROUP_MONTHS0-11,1966-01-01,2026-09-07T15:57:35Z,low,1442.0,,who.gho.cm-02,raw/who.gho.cm-02/2026/09/20260907T155735Z-be5ff4c5352d.json.gz,2
who.gho.cm-02,CM_02:DNK:SEX_BTSX:AGEGROUP_MONTHS0-11,1966-01-01,2026-09-07T15:57:35Z,restated_at,2026-08-04,,who.gho.cm-02,raw/who.gho.cm-02/2026/09/20260907T155735Z-be5ff4c5352d.json.gz,2
who.gho.cm-02,CM_02:DNK:SEX_BTSX:AGEGROUP_MONTHS0-11,1966-01-01,2026-09-07T15:57:35Z,value,1473.0,,who.gho.cm-02,raw/who.gho.cm-02/2026/09/20260907T155735Z-be5ff4c5352d.json.gz,2
who.gho.cm-02,CM_02:DNK:SEX_FMLE:AGEGROUP_MONTHS0-11,1966-01-01,2026-09-07T15:56:37Z,high,613.0,,who.gho.cm-02,raw/who.gho.cm-02/2026/09/20260907T155637Z-c7bda929b138.json.gz,2
who.gho.cm-02,CM_02:DNK:SEX_FMLE:AGEGROUP_MONTHS0-11,1966-01-01,2026-09-07T15:56:37Z,low,579.0,,who.gho.cm-02,raw/who.gho.cm-02/2026/09/20260907T155637Z-c7bda929b138.json.gz,2
who.gho.cm-02,CM_02:DNK:SEX_FMLE:AGEGROUP_MONTHS0-11,1966-01-01,2026-09-07T15:56:37Z,restated_at,2025-04-15,,who.gho.cm-02,raw/who.gho.cm-02/2026/09/20260907T155637Z-c7bda929b138.json.gz,2
who.gho.cm-02,CM_02:DNK:SEX_FMLE:AGEGROUP_MONTHS0-11,1966-01-01,2026-09-07T15:56:37Z,value,596.0,,who.gho.cm-02,raw/who.gho.cm-02/2026/09/20260907T155637Z-c7bda929b138.json.gz,2
who.gho.cm-02,CM_02:DNK:SEX_MLE:AGEGROUP_MONTHS0-11,1966-01-01,2026-09-07T15:58:12Z,high,900.0,,who.gho.cm-02,raw/who.gho.cm-02/2026/09/20260907T155812Z-02a2023435be.json.gz,2
who.gho.cm-02,CM_02:DNK:SEX_MLE:AGEGROUP_MONTHS0-11,1966-01-01,2026-09-07T15:58:12Z,low,856.0,,who.gho.cm-02,raw/who.gho.cm-02/2026/09/20260907T155812Z-02a2023435be.json.gz,2
who.gho.cm-02,CM_02:DNK:SEX_MLE:AGEGROUP_MONTHS0-11,1966-01-01,2026-09-07T15:58:12Z,restated_at,2026-08-04,,who.gho.cm-02,raw/who.gho.cm-02/2026/09/20260907T155812Z-02a2023435be.json.gz,2
who.gho.cm-02,CM_02:DNK:SEX_MLE:AGEGROUP_MONTHS0-11,1966-01-01,2026-09-07T15:58:12Z,value,877.0,,who.gho.cm-02,raw/who.gho.cm-02/2026/09/20260907T155812Z-02a2023435be.json.gz,2
who.gho.cm-02,CM_02:DOM:SEX_BTSX:AGEGROUP_MONTHS0-11,1966-01-01,2026-09-07T15:57:21Z,high,18458.0,,who.gho.cm-02,raw/who.gho.cm-02/2026/09/20260907T155721Z-a2b5c178c29b.json.gz,2
who.gho.cm-02,CM_02:DOM:SEX_BTSX:AGEGROUP_MONTHS0-11,1966-01-01,2026-09-07T15:57:21Z,low,16115.0,,who.gho.cm-02,raw/who.gho.cm-02/2026/09/20260907T155721Z-a2b5c178c29b.json.gz,2
who.gho.cm-02,CM_02:DOM:SEX_BTSX:AGEGROUP_MONTHS0-11,1966-01-01,2026-09-07T15:57:21Z,restated_at,2026-08-04,,who.gho.cm-02,raw/who.gho.cm-02/2026/09/20260907T155721Z-a2b5c178c29b.json.gz,2
who.gho.cm-02,CM_02:DOM:SEX_BTSX:AGEGROUP_MONTHS0-11,1966-01-01,2026-09-07T15:57:21Z,value,17243.0,,who.gho.cm-02,raw/who.gho.cm-02/2026/09/20260907T155721Z-a2b5c178c29b.json.gz,2
who.gho.cm-02,CM_02:DOM:SEX_FMLE:AGEGROUP_MONTHS0-11,1966-01-01,2026-09-07T15:58:12Z,high,8774.0,,who.gho.cm-02,raw/who.gho.cm-02/2026/09/20260907T155812Z-02a2023435be.json.gz,2
who.gho.cm-02,CM_02:DOM:SEX_FMLE:AGEGROUP_MONTHS0-11,1966-01-01,2026-09-07T15:58:12Z,low,7527.0,,who.gho.cm-02,raw/who.gho.cm-02/2026/09/20260907T155812Z-02a2023435be.json.gz,2
who.gho.cm-02,CM_02:DOM:SEX_FMLE:AGEGROUP_MONTHS0-11,1966-01-01,2026-09-07T15:58:12Z,restated_at,2026-08-04,,who.gho.cm-02,raw/who.gho.cm-02/2026/09/20260907T155812Z-02a2023435be.json.gz,2
who.gho.cm-02,CM_02:DOM:SEX_FMLE:AGEGROUP_MONTHS0-11,1966-01-01,2026-09-07T15:58:12Z,value,8127.0,,who.gho.cm-02,raw/who.gho.cm-02/2026/09/20260907T155812Z-02a2023435be.json.gz,2
who.gho.cm-02,CM_02:DOM:SEX_MLE:AGEGROUP_MONTHS0-11,1966-01-01,2026-09-07T15:57:54Z,high,9815.0,,who.gho.cm-02,raw/who.gho.cm-02/2026/09/20260907T155754Z-3bea881db2b4.json.gz,2
who.gho.cm-02,CM_02:DOM:SEX_MLE:AGEGROUP_MONTHS0-11,1966-01-01,2026-09-07T15:57:54Z,low,8457.0,,who.gho.cm-02,raw/who.gho.cm-02/2026/09/20260907T155754Z-3bea881db2b4.json.gz,2
who.gho.cm-02,CM_02:DOM:SEX_MLE:AGEGROUP_MONTHS0-11,1966-01-01,2026-09-07T15:57:54Z,restated_at,2026-08-04,,who.gho.cm-02,raw/who.gho.cm-02/2026/09/20260907T155754Z-3bea881db2b4.json.gz,2
who.gho.cm-02,CM_02:DOM:SEX_MLE:AGEGROUP_MONTHS0-11,1966-01-01,2026-09-07T15:57:54Z,value,9116.0,,who.gho.cm-02,raw/who.gho.cm-02/2026/09/20260907T155754Z-3bea881db2b4.json.gz,2
who.gho.cm-02,CM_02:DZA:SEX_BTSX:AGEGROUP_MONTHS0-11,1966-01-01,2026-09-07T15:56:27Z,high,106794.0,,who.gho.cm-02,raw/who.gho.cm-02/2026/09/20260907T155627Z-19eb4e6c1215.json.gz,2
who.gho.cm-02,CM_02:DZA:SEX_BTSX:AGEGROUP_MONTHS0-11,1966-01-01,2026-09-07T15:56:27Z,low,83173.0,,who.gho.cm-02,raw/who.gho.cm-02/2026/09/20260907T155627Z-19eb4e6c1215.json.gz,2
who.gho.cm-02,CM_02:DZA:SEX_BTSX:AGEGROUP_MONTHS0-11,1966-01-01,2026-09-07T15:56:27Z,restated_at,2026-08-04,,who.gho.cm-02,raw/who.gho.cm-02/2026/09/20260907T155627Z-19eb4e6c1215.json.gz,2
who.gho.cm-02,CM_02:DZA:SEX_BTSX:AGEGROUP_MONTHS0-11,1966-01-01,2026-09-07T15:56:27Z,value,93903.0,,who.gho.cm-02,raw/who.gho.cm-02/2026/09/20260907T155627Z-19eb4e6c1215.json.gz,2
who.gho.cm-02,CM_02:DZA:SEX_FMLE:AGEGROUP_MONTHS0-11,1966-01-01,2026-09-07T15:57:17Z,high,50459.0,,who.gho.cm-02,raw/who.gho.cm-02/2026/09/20260907T155717Z-89bc69b90b61.json.gz,2
who.gho.cm-02,CM_02:DZA:SEX_FMLE:AGEGROUP_MONTHS0-11,1966-01-01,2026-09-07T15:57:17Z,low,38694.0,,who.gho.cm-02,raw/who.gho.cm-02/2026/09/20260907T155717Z-89bc69b90b61.json.gz,2
who.gho.cm-02,CM_02:DZA:SEX_FMLE:AGEGROUP_MONTHS0-11,1966-01-01,2026-09-07T15:57:17Z,restated_at,2026-08-04,,who.gho.cm-02,raw/who.gho.cm-02/2026/09/20260907T155717Z-89bc69b90b61.json.gz,2
who.gho.cm-02,CM_02:DZA:SEX_FMLE:AGEGROUP_MONTHS0-11,1966-01-01,2026-09-07T15:57:17Z,value,44034.0,,who.gho.cm-02,raw/who.gho.cm-02/2026/09/20260907T155717Z-89bc69b90b61.json.gz,2
who.gho.cm-02,CM_02:DZA:SEX_MLE:AGEGROUP_MONTHS0-11,1966-01-01,2026-09-07T15:51:40Z,high,56991.0,,who.gho.cm-02,raw/who.gho.cm-02/2026/09/20260907T155140Z-2ccf90b4d287.json.gz,2
who.gho.cm-02,CM_02:DZA:SEX_MLE:AGEGROUP_MONTHS0-11,1966-01-01,2026-09-07T15:51:40Z,low,43863.0,,who.gho.cm-02,raw/who.gho.cm-02/2026/09/20260907T155140Z-2ccf90b4d287.json.gz,2
who.gho.cm-02,CM_02:DZA:SEX_MLE:AGEGROUP_MONTHS0-11,1966-01-01,2026-09-07T15:51:40Z,restated_at,2026-08-04,,who.gho.cm-02,raw/who.gho.cm-02/2026/09/20260907T155140Z-2ccf90b4d287.json.gz,2
who.gho.cm-02,CM_02:DZA:SEX_MLE:AGEGROUP_MONTHS0-11,1966-01-01,2026-09-07T15:51:40Z,value,49869.0,,who.gho.cm-02,raw/who.gho.cm-02/2026/09/20260907T155140Z-2ccf90b4d287.json.gz,2
who.gho.cm-02,CM_02:ECU:SEX_BTSX:AGEGROUP_MONTHS0-11,1966-01-01,2026-09-07T15:57:59Z,high,27608.0,,who.gho.cm-02,raw/who.gho.cm-02/2026/09/20260907T155759Z-531ca935f713.json.gz,2
who.gho.cm-02,CM_02:ECU:SEX_BTSX:AGEGROUP_MONTHS0-11,1966-01-01,2026-09-07T15:57:59Z,low,22672.0,,who.gho.cm-02,raw/who.gho.cm-02/2026/09/20260907T155759Z-531ca935f713.json.gz,2
who.gho.cm-02,CM_02:ECU:SEX_BTSX:AGEGROUP_MONTHS0-11,1966-01-01,2026-09-07T15:57:59Z,restated_at,2026-08-04,,who.gho.cm-02,raw/who.gho.cm-02/2026/09/20260907T155759Z-531ca935f713.json.gz,2
who.gho.cm-02,CM_02:ECU:SEX_BTSX:AGEGROUP_MONTHS0-11,1966-01-01,2026-09-07T15:57:59Z,value,25041.0,,who.gho.cm-02,raw/who.gho.cm-02/2026/09/20260907T155759Z-531ca935f713.json.gz,2
who.gho.cm-02,CM_02:ECU:SEX_FMLE:AGEGROUP_MONTHS0-11,1966-01-01,2026-09-07T15:50:57Z,high,12178.0,,who.gho.cm-02,raw/who.gho.cm-02/2026/09/20260907T155057Z-e03fd9f60113.json.gz,2
who.gho.cm-02,CM_02:ECU:SEX_FMLE:AGEGROUP_MONTHS0-11,1966-01-01,2026-09-07T15:50:57Z,low,9801.0,,who.gho.cm-02,raw/who.gho.cm-02/2026/09/20260907T155057Z-e03fd9f60113.json.gz,2
who.gho.cm-02,CM_02:ECU:SEX_FMLE:AGEGROUP_MONTHS0-11,1966-01-01,2026-09-07T15:50:57Z,restated_at,2026-08-04,,who.gho.cm-02,raw/who.gho.cm-02/2026/09/20260907T155057Z-e03fd9f60113.json.gz,2
who.gho.cm-02,CM_02:ECU:SEX_FMLE:AGEGROUP_MONTHS0-11,1966-01-01,2026-09-07T15:50:57Z,value,10955.0,,who.gho.cm-02,raw/who.gho.cm-02/2026/09/20260907T155057Z-e03fd9f60113.json.gz,2
who.gho.cm-02,CM_02:ECU:SEX_MLE:AGEGROUP_MONTHS0-11,1966-01-01,2026-09-07T15:57:21Z,high,15643.0,,who.gho.cm-02,raw/who.gho.cm-02/2026/09/20260907T155721Z-a2b5c178c29b.json.gz,2
who.gho.cm-02,CM_02:ECU:SEX_MLE:AGEGROUP_MONTHS0-11,1966-01-01,2026-09-07T15:57:21Z,low,12661.0,,who.gho.cm-02,raw/who.gho.cm-02/2026/09/20260907T155721Z-a2b5c178c29b.json.gz,2
who.gho.cm-02,CM_02:ECU:SEX_MLE:AGEGROUP_MONTHS0-11,1966-01-01,2026-09-07T15:57:21Z,restated_at,2026-08-04,,who.gho.cm-02,raw/who.gho.cm-02/2026/09/20260907T155721Z-a2b5c178c29b.json.gz,2
who.gho.cm-02,CM_02:ECU:SEX_MLE:AGEGROUP_MONTHS0-11,1966-01-01,2026-09-07T15:57:21Z,value,14086.0,,who.gho.cm-02,raw/who.gho.cm-02/2026/09/20260907T155721Z-a2b5c178c29b.json.gz,2
who.gho.cm-02,CM_02:EGY:SEX_BTSX:AGEGROUP_MONTHS0-11,1966-01-01,2026-09-07T15:50:57Z,high,214155.0,,who.gho.cm-02,raw/who.gho.cm-02/2026/09/20260907T155057Z-e03fd9f60113.json.gz,2
who.gho.cm-02,CM_02:EGY:SEX_BTSX:AGEGROUP_MONTHS0-11,1966-01-01,2026-09-07T15:50:57Z,low,185484.0,,who.gho.cm-02,raw/who.gho.cm-02/2026/09/20260907T155057Z-e03fd9f60113.json.gz,2
who.gho.cm-02,CM_02:EGY:SEX_BTSX:AGEGROUP_MONTHS0-11,1966-01-01,2026-09-07T15:50:57Z,restated_at,2026-08-04,,who.gho.cm-02,raw/who.gho.cm-02/2026/09/20260907T155057Z-e03fd9f60113.json.gz,2
who.gho.cm-02,CM_02:EGY:SEX_BTSX:AGEGROUP_MONTHS0-11,1966-01-01,2026-09-07T15:50:57Z,value,199639.0,,who.gho.cm-02,raw/who.gho.cm-02/2026/09/20260907T155057Z-e03fd9f60113.json.gz,2
who.gho.cm-02,CM_02:EGY:SEX_FMLE:AGEGROUP_MONTHS0-11,1966-01-01,2026-09-07T15:52:10Z,high,101969.0,,who.gho.cm-02,raw/who.gho.cm-02/2026/09/20260907T155210Z-c2e07328660e.json.gz,2
who.gho.cm-02,CM_02:EGY:SEX_FMLE:AGEGROUP_MONTHS0-11,1966-01-01,2026-09-07T15:52:10Z,low,87419.0,,who.gho.cm-02,raw/who.gho.cm-02/2026/09/20260907T155210Z-c2e07328660e.json.gz,2
who.gho.cm-02,CM_02:EGY:SEX_FMLE:AGEGROUP_MONTHS0-11,1966-01-01,2026-09-07T15:52:10Z,restated_at,2026-08-04,,who.gho.cm-02,raw/who.gho.cm-02/2026/09/20260907T155210Z-c2e07328660e.json.gz,2
who.gho.cm-02,CM_02:EGY:SEX_FMLE:AGEGROUP_MONTHS0-11,1966-01-01,2026-09-07T15:52:10Z,value,94517.0,,who.gho.cm-02,raw/who.gho.cm-02/2026/09/20260907T155210Z-c2e07328660e.json.gz,2
who.gho.cm-02,CM_02:EGY:SEX_MLE:AGEGROUP_MONTHS0-11,1966-01-01,2026-09-07T15:52:37Z,high,113154.0,,who.gho.cm-02,raw/who.gho.cm-02/2026/09/20260907T155237Z-35c7d31783eb.json.gz,2
who.gho.cm-02,CM_02:EGY:SEX_MLE:AGEGROUP_MONTHS0-11,1966-01-01,2026-09-07T15:52:37Z,low,97291.0,,who.gho.cm-02,raw/who.gho.cm-02/2026/09/20260907T155237Z-35c7d31783eb.json.gz,2
who.gho.cm-02,CM_02:EGY:SEX_MLE:AGEGROUP_MONTHS0-11,1966-01-01,2026-09-07T15:52:37Z,restated_at,2026-08-04,,who.gho.cm-02,raw/who.gho.cm-02/2026/09/20260907T155237Z-35c7d31783eb.json.gz,2
who.gho.cm-02,CM_02:EGY:SEX_MLE:AGEGROUP_MONTHS0-11,1966-01-01,2026-09-07T15:52:37Z,value,105122.0,,who.gho.cm-02,raw/who.gho.cm-02/2026/09/20260907T155237Z-35c7d31783eb.json.gz,2
who.gho.cm-02,CM_02:ESP:SEX_BTSX:AGEGROUP_MONTHS0-11,1966-01-01,2026-09-07T15:57:26Z,high,24019.0,,who.gho.cm-02,raw/who.gho.cm-02/2026/09/20260907T155726Z-31d0241a6d30.json.gz,2
who.gho.cm-02,CM_02:ESP:SEX_BTSX:AGEGROUP_MONTHS0-11,1966-01-01,2026-09-07T15:57:26Z,low,23158.0,,who.gho.cm-02,raw/who.gho.cm-02/2026/09/20260907T155726Z-31d0241a6d30.json.gz,2
who.gho.cm-02,CM_02:ESP:SEX_BTSX:AGEGROUP_MONTHS0-11,1966-01-01,2026-09-07T15:57:26Z,restated_at,2026-08-04,,who.gho.cm-02,raw/who.gho.cm-02/2026/09/20260907T155726Z-31d0241a6d30.json.gz,2
who.gho.cm-02,CM_02:ESP:SEX_BTSX:AGEGROUP_MONTHS0-11,1966-01-01,2026-09-07T15:57:26Z,value,23574.0,,who.gho.cm-02,raw/who.gho.cm-02/2026/09/20260907T155726Z-31d0241a6d30.json.gz,2
who.gho.cm-02,CM_02:ESP:SEX_FMLE:AGEGROUP_MONTHS0-11,1966-01-01,2026-09-07T15:57:49Z,high,10403.0,,who.gho.cm-02,raw/who.gho.cm-02/2026/09/20260907T155749Z-8808ed0c9a07.json.gz,2
who.gho.cm-02,CM_02:ESP:SEX_FMLE:AGEGROUP_MONTHS0-11,1966-01-01,2026-09-07T15:57:49Z,low,9982.0,,who.gho.cm-02,raw/who.gho.cm-02/2026/09/20260907T155749Z-8808ed0c9a07.json.gz,2
who.gho.cm-02,CM_02:ESP:SEX_FMLE:AGEGROUP_MONTHS0-11,1966-01-01,2026-09-07T15:57:49Z,restated_at,2026-08-04,,who.gho.cm-02,raw/who.gho.cm-02/2026/09/20260907T155749Z-8808ed0c9a07.json.gz,2
who.gho.cm-02,CM_02:ESP:SEX_FMLE:AGEGROUP_MONTHS0-11,1966-01-01,2026-09-07T15:57:49Z,value,10186.0,,who.gho.cm-02,raw/who.gho.cm-02/2026/09/20260907T155749Z-8808ed0c9a07.json.gz,2
who.gho.cm-02,CM_02:ESP:SEX_MLE:AGEGROUP_MONTHS0-11,1966-01-01,2026-09-07T15:58:07Z,high,13662.0,,who.gho.cm-02,raw/who.gho.cm-02/2026/09/20260907T155807Z-33d1eb328c3d.json.gz,2
who.gho.cm-02,CM_02:ESP:SEX_MLE:AGEGROUP_MONTHS0-11,1966-01-01,2026-09-07T15:58:07Z,low,13137.0,,who.gho.cm-02,raw/who.gho.cm-02/2026/09/20260907T155807Z-33d1eb328c3d.json.gz,2
who.gho.cm-02,CM_02:ESP:SEX_MLE:AGEGROUP_MONTHS0-11,1966-01-01,2026-09-07T15:58:07Z,restated_at,2026-08-04,,who.gho.cm-02,raw/who.gho.cm-02/2026/09/20260907T155807Z-33d1eb328c3d.json.gz,2
who.gho.cm-02,CM_02:ESP:SEX_MLE:AGEGROUP_MONTHS0-11,1966-01-01,2026-09-07T15:58:07Z,value,13388.0,,who.gho.cm-02,raw/who.gho.cm-02/2026/09/20260907T155807Z-33d1eb328c3d.json.gz,2
who.gho.cm-02,CM_02:EST:SEX_BTSX:AGEGROUP_MONTHS0-11,1966-01-01,2026-09-07T15:50:52Z,high,399.0,,who.gho.cm-02,raw/who.gho.cm-02/2026/09/20260907T155052Z-3109a96dcee3.json.gz,2
who.gho.cm-02,CM_02:EST:SEX_BTSX:AGEGROUP_MONTHS0-11,1966-01-01,2026-09-07T15:50:52Z,low,356.0,,who.gho.cm-02,raw/who.gho.cm-02/2026/09/20260907T155052Z-3109a96dcee3.json.gz,2
who.gho.cm-02,CM_02:EST:SEX_BTSX:AGEGROUP_MONTHS0-11,1966-01-01,2026-09-07T15:50:52Z,restated_at,2026-08-04,,who.gho.cm-02,raw/who.gho.cm-02/2026/09/20260907T155052Z-3109a96dcee3.json.gz,2
who.gho.cm-02,CM_02:EST:SEX_BTSX:AGEGROUP_MONTHS0-11,1966-01-01,2026-09-07T15:50:52Z,value,377.0,,who.gho.cm-02,raw/who.gho.cm-02/2026/09/20260907T155052Z-3109a96dcee3.json.gz,2
who.gho.cm-02,CM_02:EST:SEX_FMLE:AGEGROUP_MONTHS0-11,1966-01-01,2026-09-07T15:50:52Z,high,171.0,,who.gho.cm-02,raw/who.gho.cm-02/2026/09/20260907T155052Z-3109a96dcee3.json.gz,2
who.gho.cm-02,CM_02:EST:SEX_FMLE:AGEGROUP_MONTHS0-11,1966-01-01,2026-09-07T15:50:52Z,low,147.0,,who.gho.cm-02,raw/who.gho.cm-02/2026/09/20260907T155052Z-3109a96dcee3.json.gz,2
who.gho.cm-02,CM_02:EST:SEX_FMLE:AGEGROUP_MONTHS0-11,1966-01-01,2026-09-07T15:50:52Z,restated_at,2026-08-04,,who.gho.cm-02,raw/who.gho.cm-02/2026/09/20260907T155052Z-3109a96dcee3.json.gz,2
who.gho.cm-02,CM_02:EST:SEX_FMLE:AGEGROUP_MONTHS0-11,1966-01-01,2026-09-07T15:50:52Z,value,159.0,,who.gho.cm-02,raw/who.gho.cm-02/2026/09/20260907T155052Z-3109a96dcee3.json.gz,2
who.gho.cm-02,CM_02:EST:SEX_MLE:AGEGROUP_MONTHS0-11,1966-01-01,2026-09-07T15:50:52Z,high,234.0,,who.gho.cm-02,raw/who.gho.cm-02/2026/09/20260907T155052Z-3109a96dcee3.json.gz,2
who.gho.cm-02,CM_02:EST:SEX_MLE:AGEGROUP_MONTHS0-11,1966-01-01,2026-09-07T15:50:52Z,low,203.0,,who.gho.cm-02,raw/who.gho.cm-02/2026/09/20260907T155052Z-3109a96dcee3.json.gz,2
who.gho.cm-02,CM_02:EST:SEX_MLE:AGEGROUP_MONTHS0-11,1966-01-01,2026-09-07T15:50:52Z,restated_at,2026-08-04,,who.gho.cm-02,raw/who.gho.cm-02/2026/09/20260907T155052Z-3109a96dcee3.json.gz,2
who.gho.cm-02,CM_02:EST:SEX_MLE:AGEGROUP_MONTHS0-11,1966-01-01,2026-09-07T15:50:52Z,value,218.0,,who.gho.cm-02,raw/who.gho.cm-02/2026/09/20260907T155052Z-3109a96dcee3.json.gz,2
who.gho.cm-02,CM_02:FIN:SEX_BTSX:AGEGROUP_MONTHS0-11,1966-01-01,2026-09-07T15:57:17Z,high,1254.0,,who.gho.cm-02,raw/who.gho.cm-02/2026/09/20260907T155717Z-89bc69b90b61.json.gz,2
who.gho.cm-02,CM_02:FIN:SEX_BTSX:AGEGROUP_MONTHS0-11,1966-01-01,2026-09-07T15:57:17Z,low,1206.0,,who.gho.cm-02,raw/who.gho.cm-02/2026/09/20260907T155717Z-89bc69b90b61.json.gz,2
who.gho.cm-02,CM_02:FIN:SEX_BTSX:AGEGROUP_MONTHS0-11,1966-01-01,2026-09-07T15:57:17Z,restated_at,2026-08-04,,who.gho.cm-02,raw/who.gho.cm-02/2026/09/20260907T155717Z-89bc69b90b61.json.gz,2
who.gho.cm-02,CM_02:FIN:SEX_BTSX:AGEGROUP_MONTHS0-11,1966-01-01,2026-09-07T15:57:17Z,value,1230.0,,who.gho.cm-02,raw/who.gho.cm-02/2026/09/20260907T155717Z-89bc69b90b61.json.gz,2
who.gho.cm-02,CM_02:FIN:SEX_FMLE:AGEGROUP_MONTHS0-11,1966-01-01,2026-09-07T15:52:18Z,high,539.0,,who.gho.cm-02,raw/who.gho.cm-02/2026/09/20260907T155218Z-7dbb6db1a58a.json.gz,2
who.gho.cm-02,CM_02:FIN:SEX_FMLE:AGEGROUP_MONTHS0-11,1966-01-01,2026-09-07T15:52:18Z,low,510.0,,who.gho.cm-02,raw/who.gho.cm-02/2026/09/20260907T155218Z-7dbb6db1a58a.json.gz,2
who.gho.cm-02,CM_02:FIN:SEX_FMLE:AGEGROUP_MONTHS0-11,1966-01-01,2026-09-07T15:52:18Z,restated_at,2026-08-04,,who.gho.cm-02,raw/who.gho.cm-02/2026/09/20260907T155218Z-7dbb6db1a58a.json.gz,2
who.gho.cm-02,CM_02:FIN:SEX_FMLE:AGEGROUP_MONTHS0-11,1966-01-01,2026-09-07T15:52:18Z,value,524.0,,who.gho.cm-02,raw/who.gho.cm-02/2026/09/20260907T155218Z-7dbb6db1a58a.json.gz,2
who.gho.cm-02,CM_02:FIN:SEX_MLE:AGEGROUP_MONTHS0-11,1966-01-01,2026-09-07T15:58:25Z,high,723.0,,who.gho.cm-02,raw/who.gho.cm-02/2026/09/20260907T155825Z-6675ad1e3bc7.json.gz,2
who.gho.cm-02,CM_02:FIN:SEX_MLE:AGEGROUP_MONTHS0-11,1966-01-01,2026-09-07T15:58:25Z,low,688.0,,who.gho.cm-02,raw/who.gho.cm-02/2026/09/20260907T155825Z-6675ad1e3bc7.json.gz,2
who.gho.cm-02,CM_02:FIN:SEX_MLE:AGEGROUP_MONTHS0-11,1966-01-01,2026-09-07T15:58:25Z,restated_at,2026-08-04,,who.gho.cm-02,raw/who.gho.cm-02/2026/09/20260907T155825Z-6675ad1e3bc7.json.gz,2
who.gho.cm-02,CM_02:FIN:SEX_MLE:AGEGROUP_MONTHS0-11,1966-01-01,2026-09-07T15:58:25Z,value,706.0,,who.gho.cm-02,raw/who.gho.cm-02/2026/09/20260907T155825Z-6675ad1e3bc7.json.gz,2
who.gho.cm-02,CM_02:FJI:SEX_BTSX:AGEGROUP_MONTHS0-11,1966-01-01,2026-09-07T15:57:54Z,high,1013.0,,who.gho.cm-02,raw/who.gho.cm-02/2026/09/20260907T155754Z-3bea881db2b4.json.gz,2
who.gho.cm-02,CM_02:FJI:SEX_BTSX:AGEGROUP_MONTHS0-11,1966-01-01,2026-09-07T15:57:54Z,low,809.0,,who.gho.cm-02,raw/who.gho.cm-02/2026/09/20260907T155754Z-3bea881db2b4.json.gz,2
who.gho.cm-02,CM_02:FJI:SEX_BTSX:AGEGROUP_MONTHS0-11,1966-01-01,2026-09-07T15:57:54Z,restated_at,2026-08-04,,who.gho.cm-02,raw/who.gho.cm-02/2026/09/20260907T155754Z-3bea881db2b4.json.gz,2
who.gho.cm-02,CM_02:FJI:SEX_BTSX:AGEGROUP_MONTHS0-11,1966-01-01,2026-09-07T15:57:54Z,value,905.0,,who.gho.cm-02,raw/who.gho.cm-02/2026/09/20260907T155754Z-3bea881db2b4.json.gz,2
who.gho.cm-02,CM_02:FJI:SEX_FMLE:AGEGROUP_MONTHS0-11,1966-01-01,2026-09-07T15:56:55Z,high,451.0,,who.gho.cm-02,raw/who.gho.cm-02/2026/09/20260907T155655Z-a5ea76265971.json.gz,2
who.gho.cm-02,CM_02:FJI:SEX_FMLE:AGEGROUP_MONTHS0-11,1966-01-01,2026-09-07T15:56:55Z,low,356.0,,who.gho.cm-02,raw/who.gho.cm-02/2026/09/20260907T155655Z-a5ea76265971.json.gz,2
who.gho.cm-02,CM_02:FJI:SEX_FMLE:AGEGROUP_MONTHS0-11,1966-01-01,2026-09-07T15:56:55Z,restated_at,2026-08-04,,who.gho.cm-02,raw/who.gho.cm-02/2026/09/20260907T155655Z-a5ea76265971.json.gz,2
who.gho.cm-02,CM_02:FJI:SEX_FMLE:AGEGROUP_MONTHS0-11,1966-01-01,2026-09-07T15:56:55Z,value,401.0,,who.gho.cm-02,raw/who.gho.cm-02/2026/09/20260907T155655Z-a5ea76265971.json.gz,2
who.gho.cm-02,CM_02:FJI:SEX_MLE:AGEGROUP_MONTHS0-11,1966-01-01,2026-09-07T15:51:11Z,high,568.0,,who.gho.cm-02,raw/who.gho.cm-02/2026/09/20260907T155111Z-17577dbcf352.json.gz,2
who.gho.cm-02,CM_02:FJI:SEX_MLE:AGEGROUP_MONTHS0-11,1966-01-01,2026-09-07T15:51:11Z,low,451.0,,who.gho.cm-02,raw/who.gho.cm-02/2026/09/20260907T155111Z-17577dbcf352.json.gz,2
who.gho.cm-02,CM_02:FJI:SEX_MLE:AGEGROUP_MONTHS0-11,1966-01-01,2026-09-07T15:51:11Z,restated_at,2026-08-04,,who.gho.cm-02,raw/who.gho.cm-02/2026/09/20260907T155111Z-17577dbcf352.json.gz,2
who.gho.cm-02,CM_02:FJI:SEX_MLE:AGEGROUP_MONTHS0-11,1966-01-01,2026-09-07T15:51:11Z,value,504.0,,who.gho.cm-02,raw/who.gho.cm-02/2026/09/20260907T155111Z-17577dbcf352.json.gz,2
who.gho.cm-02,CM_02:FRA:SEX_BTSX:AGEGROUP_MONTHS0-11,1966-01-01,2026-09-07T15:58:20Z,high,15532.0,,who.gho.cm-02,raw/who.gho.cm-02/2026/09/20260907T155820Z-bace8014f904.json.gz,2
who.gho.cm-02,CM_02:FRA:SEX_BTSX:AGEGROUP_MONTHS0-11,1966-01-01,2026-09-07T15:58:20Z,low,14962.0,,who.gho.cm-02,raw/who.gho.cm-02/2026/09/20260907T155820Z-bace8014f904.json.gz,2
who.gho.cm-02,CM_02:FRA:SEX_BTSX:AGEGROUP_MONTHS0-11,1966-01-01,2026-09-07T15:58:20Z,restated_at,2026-08-04,,who.gho.cm-02,raw/who.gho.cm-02/2026/09/20260907T155820Z-bace8014f904.json.gz,2
who.gho.cm-02,CM_02:FRA:SEX_BTSX:AGEGROUP_MONTHS0-11,1966-01-01,2026-09-07T15:58:20Z,value,15244.0,,who.gho.cm-02,raw/who.gho.cm-02/2026/09/20260907T155820Z-bace8014f904.json.gz,2
who.gho.cm-02,CM_02:FRA:SEX_FMLE:AGEGROUP_MONTHS0-11,1966-01-01,2026-09-07T15:52:03Z,high,6554.0,,who.gho.cm-02,raw/who.gho.cm-02/2026/09/20260907T155203Z-07dabadb5738.json.gz,2
who.gho.cm-02,CM_02:FRA:SEX_FMLE:AGEGROUP_MONTHS0-11,1966-01-01,2026-09-07T15:52:03Z,low,6279.0,,who.gho.cm-02,raw/who.gho.cm-02/2026/09/20260907T155203Z-07dabadb5738.json.gz,2
who.gho.cm-02,CM_02:FRA:SEX_FMLE:AGEGROUP_MONTHS0-11,1966-01-01,2026-09-07T15:52:03Z,restated_at,2026-08-04,,who.gho.cm-02,raw/who.gho.cm-02/2026/09/20260907T155203Z-07dabadb5738.json.gz,2
who.gho.cm-02,CM_02:FRA:SEX_FMLE:AGEGROUP_MONTHS0-11,1966-01-01,2026-09-07T15:52:03Z,value,6418.0,,who.gho.cm-02,raw/who.gho.cm-02/2026/09/20260907T155203Z-07dabadb5738.json.gz,2
who.gho.cm-02,CM_02:FRA:SEX_MLE:AGEGROUP_MONTHS0-11,1966-01-01,2026-09-07T15:57:00Z,high,9003.0,,who.gho.cm-02,raw/who.gho.cm-02/2026/09/20260907T155700Z-8ffcb12aceff.json.gz,2
who.gho.cm-02,CM_02:FRA:SEX_MLE:AGEGROUP_MONTHS0-11,1966-01-01,2026-09-07T15:57:00Z,low,8651.0,,who.gho.cm-02,raw/who.gho.cm-02/2026/09/20260907T155700Z-8ffcb12aceff.json.gz,2
who.gho.cm-02,CM_02:FRA:SEX_MLE:AGEGROUP_MONTHS0-11,1966-01-01,2026-09-07T15:57:00Z,restated_at,2026-08-04,,who.gho.cm-02,raw/who.gho.cm-02/2026/09/20260907T155700Z-8ffcb12aceff.json.gz,2
who.gho.cm-02,CM_02:FRA:SEX_MLE:AGEGROUP_MONTHS0-11,1966-01-01,2026-09-07T15:57:00Z,value,8826.0,,who.gho.cm-02,raw/who.gho.cm-02/2026/09/20260907T155700Z-8ffcb12aceff.json.gz,2
who.gho.cm-02,CM_02:FSM:SEX_BTSX:AGEGROUP_MONTHS0-11,1966-01-01,2026-09-07T15:52:10Z,high,199.0,,who.gho.cm-02,raw/who.gho.cm-02/2026/09/20260907T155210Z-c2e07328660e.json.gz,2
who.gho.cm-02,CM_02:FSM:SEX_BTSX:AGEGROUP_MONTHS0-11,1966-01-01,2026-09-07T15:52:10Z,low,145.0,,who.gho.cm-02,raw/who.gho.cm-02/2026/09/20260907T155210Z-c2e07328660e.json.gz,2
who.gho.cm-02,CM_02:FSM:SEX_BTSX:AGEGROUP_MONTHS0-11,1966-01-01,2026-09-07T15:52:10Z,restated_at,2026-08-04,,who.gho.cm-02,raw/who.gho.cm-02/2026/09/20260907T155210Z-c2e07328660e.json.gz,2
who.gho.cm-02,CM_02:FSM:SEX_BTSX:AGEGROUP_MONTHS0-11,1966-01-01,2026-09-07T15:52:10Z,value,170.0,,who.gho.cm-02,raw/who.gho.cm-02/2026/09/20260907T155210Z-c2e07328660e.json.gz,2
who.gho.cm-02,CM_02:FSM:SEX_FMLE:AGEGROUP_MONTHS0-11,1966-01-01,2026-09-07T15:57:12Z,high,88.0,,who.gho.cm-02,raw/who.gho.cm-02/2026/09/20260907T155712Z-98aa519eeacd.json.gz,2
who.gho.cm-02,CM_02:FSM:SEX_FMLE:AGEGROUP_MONTHS0-11,1966-01-01,2026-09-07T15:57:12Z,low,62.0,,who.gho.cm-02,raw/who.gho.cm-02/2026/09/20260907T155712Z-98aa519eeacd.json.gz,2
who.gho.cm-02,CM_02:FSM:SEX_FMLE:AGEGROUP_MONTHS0-11,1966-01-01,2026-09-07T15:57:12Z,restated_at,2026-08-04,,who.gho.cm-02,raw/who.gho.cm-02/2026/09/20260907T155712Z-98aa519eeacd.json.gz,2
who.gho.cm-02,CM_02:FSM:SEX_FMLE:AGEGROUP_MONTHS0-11,1966-01-01,2026-09-07T15:57:12Z,value,74.0,,who.gho.cm-02,raw/who.gho.cm-02/2026/09/20260907T155712Z-98aa519eeacd.json.gz,2
who.gho.cm-02,CM_02:FSM:SEX_MLE:AGEGROUP_MONTHS0-11,1966-01-01,2026-09-07T15:51:40Z,high,114.0,,who.gho.cm-02,raw/who.gho.cm-02/2026/09/20260907T155140Z-2ccf90b4d287.json.gz,2
who.gho.cm-02,CM_02:FSM:SEX_MLE:AGEGROUP_MONTHS0-11,1966-01-01,2026-09-07T15:51:40Z,low,82.0,,who.gho.cm-02,raw/who.gho.cm-02/2026/09/20260907T155140Z-2ccf90b4d287.json.gz,2
who.gho.cm-02,CM_02:FSM:SEX_MLE:AGEGROUP_MONTHS0-11,1966-01-01,2026-09-07T15:51:40Z,restated_at,2026-08-04,,who.gho.cm-02,raw/who.gho.cm-02/2026/09/20260907T155140Z-2ccf90b4d287.json.gz,2
who.gho.cm-02,CM_02:FSM:SEX_MLE:AGEGROUP_MONTHS0-11,1966-01-01,2026-09-07T15:51:40Z,value,96.0,,who.gho.cm-02,raw/who.gho.cm-02/2026/09/20260907T155140Z-2ccf90b4d287.json.gz,2
who.gho.cm-02,CM_02:GAB:SEX_BTSX:AGEGROUP_MONTHS0-11,1966-01-01,2026-09-07T15:56:37Z,high,2355.0,,who.gho.cm-02,raw/who.gho.cm-02/2026/09/20260907T155637Z-c7bda929b138.json.gz,2
who.gho.cm-02,CM_02:GAB:SEX_BTSX:AGEGROUP_MONTHS0-11,1966-01-01,2026-09-07T15:56:37Z,low,1494.0,,who.gho.cm-02,raw/who.gho.cm-02/2026/09/20260907T155637Z-c7bda929b138.json.gz,2
who.gho.cm-02,CM_02:GAB:SEX_BTSX:AGEGROUP_MONTHS0-11,1966-01-01,2026-09-07T15:56:37Z,restated_at,2026-08-04,,who.gho.cm-02,raw/who.gho.cm-02/2026/09/20260907T155637Z-c7bda929b138.json.gz,2
who.gho.cm-02,CM_02:GAB:SEX_BTSX:AGEGROUP_MONTHS0-11,1966-01-01,2026-09-07T15:56:37Z,value,1825.0,,who.gho.cm-02,raw/who.gho.cm-02/2026/09/20260907T155637Z-c7bda929b138.json.gz,2
who.gho.cm-02,CM_02:GAB:SEX_FMLE:AGEGROUP_MONTHS0-11,1966-01-01,2026-09-07T15:51:16Z,high,1058.0,,who.gho.cm-02,raw/who.gho.cm-02/2026/09/20260907T155116Z-bb01bf96bc15.json.gz,2
who.gho.cm-02,CM_02:GAB:SEX_FMLE:AGEGROUP_MONTHS0-11,1966-01-01,2026-09-07T15:51:16Z,low,665.0,,who.gho.cm-02,raw/who.gho.cm-02/2026/09/20260907T155116Z-bb01bf96bc15.json.gz,2
who.gho.cm-02,CM_02:GAB:SEX_FMLE:AGEGROUP_MONTHS0-11,1966-01-01,2026-09-07T15:51:16Z,restated_at,2026-08-04,,who.gho.cm-02,raw/who.gho.cm-02/2026/09/20260907T155116Z-bb01bf96bc15.json.gz,2
who.gho.cm-02,CM_02:GAB:SEX_FMLE:AGEGROUP_MONTHS0-11,1966-01-01,2026-09-07T15:51:16Z,value,820.0,,who.gho.cm-02,raw/who.gho.cm-02/2026/09/20260907T155116Z-bb01bf96bc15.json.gz,2
who.gho.cm-02,CM_02:GAB:SEX_MLE:AGEGROUP_MONTHS0-11,1966-01-01,2026-09-07T15:57:40Z,high,1295.0,,who.gho.cm-02,raw/who.gho.cm-02/2026/09/20260907T155740Z-31068700a25d.json.gz,2
who.gho.cm-02,CM_02:GAB:SEX_MLE:AGEGROUP_MONTHS0-11,1966-01-01,2026-09-07T15:57:40Z,low,818.0,,who.gho.cm-02,raw/who.gho.cm-02/2026/09/20260907T155740Z-31068700a25d.json.gz,2
who.gho.cm-02,CM_02:GAB:SEX_MLE:AGEGROUP_MONTHS0-11,1966-01-01,2026-09-07T15:57:40Z,restated_at,2026-08-04,,who.gho.cm-02,raw/who.gho.cm-02/2026/09/20260907T155740Z-31068700a25d.json.gz,2
who.gho.cm-02,CM_02:GAB:SEX_MLE:AGEGROUP_MONTHS0-11,1966-01-01,2026-09-07T15:57:40Z,value,1005.0,,who.gho.cm-02,raw/who.gho.cm-02/2026/09/20260907T155740Z-31068700a25d.json.gz,2
who.gho.cm-02,CM_02:GBR:SEX_BTSX:AGEGROUP_MONTHS0-11,1966-01-01,2026-09-07T15:52:03Z,high,19549.0,,who.gho.cm-02,raw/who.gho.cm-02/2026/09/20260907T155203Z-07dabadb5738.json.gz,2
who.gho.cm-02,CM_02:GBR:SEX_BTSX:AGEGROUP_MONTHS0-11,1966-01-01,2026-09-07T15:52:03Z,low,18810.0,,who.gho.cm-02,raw/who.gho.cm-02/2026/09/20260907T155203Z-07dabadb5738.json.gz,2
who.gho.cm-02,CM_02:GBR:SEX_BTSX:AGEGROUP_MONTHS0-11,1966-01-01,2026-09-07T15:52:03Z,restated_at,2026-08-04,,who.gho.cm-02,raw/who.gho.cm-02/2026/09/20260907T155203Z-07dabadb5738.json.gz,2
who.gho.cm-02,CM_02:GBR:SEX_BTSX:AGEGROUP_MONTHS0-11,1966-01-01,2026-09-07T15:52:03Z,value,19178.0,,who.gho.cm-02,raw/who.gho.cm-02/2026/09/20260907T155203Z-07dabadb5738.json.gz,2
who.gho.cm-02,CM_02:GBR:SEX_FMLE:AGEGROUP_MONTHS0-11,1966-01-01,2026-09-07T15:57:07Z,high,8314.0,,who.gho.cm-02,raw/who.gho.cm-02/2026/09/20260907T155707Z-3cd3e5b56c9f.json.gz,2
who.gho.cm-02,CM_02:GBR:SEX_FMLE:AGEGROUP_MONTHS0-11,1966-01-01,2026-09-07T15:57:07Z,low,7961.0,,who.gho.cm-02,raw/who.gho.cm-02/2026/09/20260907T155707Z-3cd3e5b56c9f.json.gz,2
who.gho.cm-02,CM_02:GBR:SEX_FMLE:AGEGROUP_MONTHS0-11,1966-01-01,2026-09-07T15:57:07Z,restated_at,2026-08-04,,who.gho.cm-02,raw/who.gho.cm-02/2026/09/20260907T155707Z-3cd3e5b56c9f.json.gz,2
who.gho.cm-02,CM_02:GBR:SEX_FMLE:AGEGROUP_MONTHS0-11,1966-01-01,2026-09-07T15:57:07Z,value,8132.0,,who.gho.cm-02,raw/who.gho.cm-02/2026/09/20260907T155707Z-3cd3e5b56c9f.json.gz,2
who.gho.cm-02,CM_02:GBR:SEX_MLE:AGEGROUP_MONTHS0-11,1966-01-01,2026-09-07T15:51:11Z,high,11280.0,,who.gho.cm-02,raw/who.gho.cm-02/2026/09/20260907T155111Z-17577dbcf352.json.gz,2
who.gho.cm-02,CM_02:GBR:SEX_MLE:AGEGROUP_MONTHS0-11,1966-01-01,2026-09-07T15:51:11Z,low,10828.0,,who.gho.cm-02,raw/who.gho.cm-02/2026/09/20260907T155111Z-17577dbcf352.json.gz,2
who.gho.cm-02,CM_02:GBR:SEX_MLE:AGEGROUP_MONTHS0-11,1966-01-01,2026-09-07T15:51:11Z,restated_at,2026-08-04,,who.gho.cm-02,raw/who.gho.cm-02/2026/09/20260907T155111Z-17577dbcf352.json.gz,2
who.gho.cm-02,CM_02:GBR:SEX_MLE:AGEGROUP_MONTHS0-11,1966-01-01,2026-09-07T15:51:11Z,value,11046.0,,who.gho.cm-02,raw/who.gho.cm-02/2026/09/20260907T155111Z-17577dbcf352.json.gz,2
who.gho.cm-02,CM_02:GHA:SEX_BTSX:AGEGROUP_MONTHS0-11,1966-01-01,2026-09-07T15:56:55Z,high,47066.0,,who.gho.cm-02,raw/who.gho.cm-02/2026/09/20260907T155655Z-a5ea76265971.json.gz,2
who.gho.cm-02,CM_02:GHA:SEX_BTSX:AGEGROUP_MONTHS0-11,1966-01-01,2026-09-07T15:56:55Z,low,41664.0,,who.gho.cm-02,raw/who.gho.cm-02/2026/09/20260907T155655Z-a5ea76265971.json.gz,2
who.gho.cm-02,CM_02:GHA:SEX_BTSX:AGEGROUP_MONTHS0-11,1966-01-01,2026-09-07T15:56:55Z,restated_at,2026-08-04,,who.gho.cm-02,raw/who.gho.cm-02/2026/09/20260907T155655Z-a5ea76265971.json.gz,2
who.gho.cm-02,CM_02:GHA:SEX_BTSX:AGEGROUP_MONTHS0-11,1966-01-01,2026-09-07T15:56:55Z,value,44248.0,,who.gho.cm-02,raw/who.gho.cm-02/2026/09/20260907T155655Z-a5ea76265971.json.gz,2
who.gho.cm-02,CM_02:GHA:SEX_FMLE:AGEGROUP_MONTHS0-11,1966-01-01,2026-09-07T15:57:26Z,high,21749.0,,who.gho.cm-02,raw/who.gho.cm-02/2026/09/20260907T155726Z-31d0241a6d30.json.gz,2
who.gho.cm-02,CM_02:GHA:SEX_FMLE:AGEGROUP_MONTHS0-11,1966-01-01,2026-09-07T15:57:26Z,low,18732.0,,who.gho.cm-02,raw/who.gho.cm-02/2026/09/20260907T155726Z-31d0241a6d30.json.gz,2
who.gho.cm-02,CM_02:GHA:SEX_FMLE:AGEGROUP_MONTHS0-11,1966-01-01,2026-09-07T15:57:26Z,restated_at,2026-08-04,,who.gho.cm-02,raw/who.gho.cm-02/2026/09/20260907T155726Z-31d0241a6d30.json.gz,2
who.gho.cm-02,CM_02:GHA:SEX_FMLE:AGEGROUP_MONTHS0-11,1966-01-01,2026-09-07T15:57:26Z,value,20159.0,,who.gho.cm-02,raw/who.gho.cm-02/2026/09/20260907T155726Z-31d0241a6d30.json.gz,2
who.gho.cm-02,CM_02:GHA:SEX_MLE:AGEGROUP_MONTHS0-11,1966-01-01,2026-09-07T15:56:41Z,high,25815.0,,who.gho.cm-02,raw/who.gho.cm-02/2026/09/20260907T155641Z-022407e160ee.json.gz,2
who.gho.cm-02,CM_02:GHA:SEX_MLE:AGEGROUP_MONTHS0-11,1966-01-01,2026-09-07T15:56:41Z,low,22420.0,,who.gho.cm-02,raw/who.gho.cm-02/2026/09/20260907T155641Z-022407e160ee.json.gz,2
who.gho.cm-02,CM_02:GHA:SEX_MLE:AGEGROUP_MONTHS0-11,1966-01-01,2026-09-07T15:56:41Z,restated_at,2026-08-04,,who.gho.cm-02,raw/who.gho.cm-02/2026/09/20260907T155641Z-022407e160ee.json.gz,2
who.gho.cm-02,CM_02:GHA:SEX_MLE:AGEGROUP_MONTHS0-11,1966-01-01,2026-09-07T15:56:41Z,value,24089.0,,who.gho.cm-02,raw/who.gho.cm-02/2026/09/20260907T155641Z-022407e160ee.json.gz,2
who.gho.cm-02,CM_02:GIN:SEX_BTSX:AGEGROUP_MONTHS0-11,1966-01-01,2026-09-07T15:56:48Z,high,37027.0,,who.gho.cm-02,raw/who.gho.cm-02/2026/09/20260907T155648Z-e962102586d9.json.gz,2
who.gho.cm-02,CM_02:GIN:SEX_BTSX:AGEGROUP_MONTHS0-11,1966-01-01,2026-09-07T15:56:48Z,low,27975.0,,who.gho.cm-02,raw/who.gho.cm-02/2026/09/20260907T155648Z-e962102586d9.json.gz,2
who.gho.cm-02,CM_02:GIN:SEX_BTSX:AGEGROUP_MONTHS0-11,1966-01-01,2026-09-07T15:56:48Z,restated_at,2026-08-04,,who.gho.cm-02,raw/who.gho.cm-02/2026/09/20260907T155648Z-e962102586d9.json.gz,2
who.gho.cm-02,CM_02:GIN:SEX_BTSX:AGEGROUP_MONTHS0-11,1966-01-01,2026-09-07T15:56:48Z,value,32138.0,,who.gho.cm-02,raw/who.gho.cm-02/2026/09/20260907T155648Z-e962102586d9.json.gz,2
who.gho.cm-02,CM_02:GIN:SEX_FMLE:AGEGROUP_MONTHS0-11,1966-01-01,2026-09-07T15:51:16Z,high,17101.0,,who.gho.cm-02,raw/who.gho.cm-02/2026/09/20260907T155116Z-bb01bf96bc15.json.gz,2
who.gho.cm-02,CM_02:GIN:SEX_FMLE:AGEGROUP_MONTHS0-11,1966-01-01,2026-09-07T15:51:16Z,low,12757.0,,who.gho.cm-02,raw/who.gho.cm-02/2026/09/20260907T155116Z-bb01bf96bc15.json.gz,2
who.gho.cm-02,CM_02:GIN:SEX_FMLE:AGEGROUP_MONTHS0-11,1966-01-01,2026-09-07T15:51:16Z,restated_at,2026-08-04,,who.gho.cm-02,raw/who.gho.cm-02/2026/09/20260907T155116Z-bb01bf96bc15.json.gz,2
who.gho.cm-02,CM_02:GIN:SEX_FMLE:AGEGROUP_MONTHS0-11,1966-01-01,2026-09-07T15:51:16Z,value,14746.0,,who.gho.cm-02,raw/who.gho.cm-02/2026/09/20260907T155116Z-bb01bf96bc15.json.gz,2
who.gho.cm-02,CM_02:GIN:SEX_MLE:AGEGROUP_MONTHS0-11,1966-01-01,2026-09-07T15:57:00Z,high,20111.0,,who.gho.cm-02,raw/who.gho.cm-02/2026/09/20260907T155700Z-8ffcb12aceff.json.gz,2
who.gho.cm-02,CM_02:GIN:SEX_MLE:AGEGROUP_MONTHS0-11,1966-01-01,2026-09-07T15:57:00Z,low,15045.0,,who.gho.cm-02,raw/who.gho.cm-02/2026/09/20260907T155700Z-8ffcb12aceff.json.gz,2
who.gho.cm-02,CM_02:GIN:SEX_MLE:AGEGROUP_MONTHS0-11,1966-01-01,2026-09-07T15:57:00Z,restated_at,2026-08-04,,who.gho.cm-02,raw/who.gho.cm-02/2026/09/20260907T155700Z-8ffcb12aceff.json.gz,2
who.gho.cm-02,CM_02:GIN:SEX_MLE:AGEGROUP_MONTHS0-11,1966-01-01,2026-09-07T15:57:00Z,value,17392.0,,who.gho.cm-02,raw/who.gho.cm-02/2026/09/20260907T155700Z-8ffcb12aceff.json.gz,2
who.gho.cm-02,CM_02:GMB:SEX_BTSX:AGEGROUP_MONTHS0-11,1966-01-01,2026-09-07T15:57:54Z,high,3708.0,,who.gho.cm-02,raw/who.gho.cm-02/2026/09/20260907T155754Z-3bea881db2b4.json.gz,2
who.gho.cm-02,CM_02:GMB:SEX_BTSX:AGEGROUP_MONTHS0-11,1966-01-01,2026-09-07T15:57:54Z,low,2943.0,,who.gho.cm-02,raw/who.gho.cm-02/2026/09/20260907T155754Z-3bea881db2b4.json.gz,2
who.gho.cm-02,CM_02:GMB:SEX_BTSX:AGEGROUP_MONTHS0-11,1966-01-01,2026-09-07T15:57:54Z,restated_at,2026-08-04,,who.gho.cm-02,raw/who.gho.cm-02/2026/09/20260907T155754Z-3bea881db2b4.json.gz,2
who.gho.cm-02,CM_02:GMB:SEX_BTSX:AGEGROUP_MONTHS0-11,1966-01-01,2026-09-07T15:57:54Z,value,3307.0,,who.gho.cm-02,raw/who.gho.cm-02/2026/09/20260907T155754Z-3bea881db2b4.json.gz,2
who.gho.cm-02,CM_02:GMB:SEX_FMLE:AGEGROUP_MONTHS0-11,1966-01-01,2026-09-07T15:58:12Z,high,1703.0,,who.gho.cm-02,raw/who.gho.cm-02/2026/09/20260907T155812Z-02a2023435be.json.gz,2
who.gho.cm-02,CM_02:GMB:SEX_FMLE:AGEGROUP_MONTHS0-11,1966-01-01,2026-09-07T15:58:12Z,low,1316.0,,who.gho.cm-02,raw/who.gho.cm-02/2026/09/20260907T155812Z-02a2023435be.json.gz,2
who.gho.cm-02,CM_02:GMB:SEX_FMLE:AGEGROUP_MONTHS0-11,1966-01-01,2026-09-07T15:58:12Z,restated_at,2026-08-04,,who.gho.cm-02,raw/who.gho.cm-02/2026/09/20260907T155812Z-02a2023435be.json.gz,2
who.gho.cm-02,CM_02:GMB:SEX_FMLE:AGEGROUP_MONTHS0-11,1966-01-01,2026-09-07T15:58:12Z,value,1499.0,,who.gho.cm-02,raw/who.gho.cm-02/2026/09/20260907T155812Z-02a2023435be.json.gz,2
who.gho.cm-02,CM_02:GMB:SEX_MLE:AGEGROUP_MONTHS0-11,1966-01-01,2026-09-07T15:57:30Z,high,2043.0,,who.gho.cm-02,raw/who.gho.cm-02/2026/09/20260907T155730Z-1fe49c27b9ed.json.gz,2
who.gho.cm-02,CM_02:GMB:SEX_MLE:AGEGROUP_MONTHS0-11,1966-01-01,2026-09-07T15:57:30Z,low,1592.0,,who.gho.cm-02,raw/who.gho.cm-02/2026/09/20260907T155730Z-1fe49c27b9ed.json.gz,2
who.gho.cm-02,CM_02:GMB:SEX_MLE:AGEGROUP_MONTHS0-11,1966-01-01,2026-09-07T15:57:30Z,restated_at,2026-08-04,,who.gho.cm-02,raw/who.gho.cm-02/2026/09/20260907T155730Z-1fe49c27b9ed.json.gz,2
who.gho.cm-02,CM_02:GMB:SEX_MLE:AGEGROUP_MONTHS0-11,1966-01-01,2026-09-07T15:57:30Z,value,1808.0,,who.gho.cm-02,raw/who.gho.cm-02/2026/09/20260907T155730Z-1fe49c27b9ed.json.gz,2
who.gho.cm-02,CM_02:GRC:SEX_BTSX:AGEGROUP_MONTHS0-11,1966-01-01,2026-09-07T15:51:25Z,high,5322.0,,who.gho.cm-02,raw/who.gho.cm-02/2026/09/20260907T155125Z-b41e2575e826.json.gz,2
who.gho.cm-02,CM_02:GRC:SEX_BTSX:AGEGROUP_MONTHS0-11,1966-01-01,2026-09-07T15:51:25Z,low,5111.0,,who.gho.cm-02,raw/who.gho.cm-02/2026/09/20260907T155125Z-b41e2575e826.json.gz,2
who.gho.cm-02,CM_02:GRC:SEX_BTSX:AGEGROUP_MONTHS0-11,1966-01-01,2026-09-07T15:51:25Z,restated_at,2026-08-04,,who.gho.cm-02,raw/who.gho.cm-02/2026/09/20260907T155125Z-b41e2575e826.json.gz,2
who.gho.cm-02,CM_02:GRC:SEX_BTSX:AGEGROUP_MONTHS0-11,1966-01-01,2026-09-07T15:51:25Z,value,5215.0,,who.gho.cm-02,raw/who.gho.cm-02/2026/09/20260907T155125Z-b41e2575e826.json.gz,2
who.gho.cm-02,CM_02:GRC:SEX_FMLE:AGEGROUP_MONTHS0-11,1966-01-01,2026-09-07T15:54:17Z,high,2413.0,,who.gho.cm-02,raw/who.gho.cm-02/2026/09/20260907T155417Z-e87fb31944b5.json.gz,2
who.gho.cm-02,CM_02:GRC:SEX_FMLE:AGEGROUP_MONTHS0-11,1966-01-01,2026-09-07T15:54:17Z,low,2300.0,,who.gho.cm-02,raw/who.gho.cm-02/2026/09/20260907T155417Z-e87fb31944b5.json.gz,2
who.gho.cm-02,CM_02:GRC:SEX_FMLE:AGEGROUP_MONTHS0-11,1966-01-01,2026-09-07T15:54:17Z,restated_at,2026-08-04,,who.gho.cm-02,raw/who.gho.cm-02/2026/09/20260907T155417Z-e87fb31944b5.json.gz,2
who.gho.cm-02,CM_02:GRC:SEX_FMLE:AGEGROUP_MONTHS0-11,1966-01-01,2026-09-07T15:54:17Z,value,2355.0,,who.gho.cm-02,raw/who.gho.cm-02/2026/09/20260907T155417Z-e87fb31944b5.json.gz,2
who.gho.cm-02,CM_02:GRC:SEX_MLE:AGEGROUP_MONTHS0-11,1966-01-01,2026-09-07T15:52:26Z,high,2928.0,,who.gho.cm-02,raw/who.gho.cm-02/2026/09/20260907T155226Z-b536cc4a2b4c.json.gz,2
who.gho.cm-02,CM_02:GRC:SEX_MLE:AGEGROUP_MONTHS0-11,1966-01-01,2026-09-07T15:52:26Z,low,2797.0,,who.gho.cm-02,raw/who.gho.cm-02/2026/09/20260907T155226Z-b536cc4a2b4c.json.gz,2
who.gho.cm-02,CM_02:GRC:SEX_MLE:AGEGROUP_MONTHS0-11,1966-01-01,2026-09-07T15:52:26Z,restated_at,2026-08-04,,who.gho.cm-02,raw/who.gho.cm-02/2026/09/20260907T155226Z-b536cc4a2b4c.json.gz,2
who.gho.cm-02,CM_02:GRC:SEX_MLE:AGEGROUP_MONTHS0-11,1966-01-01,2026-09-07T15:52:26Z,value,2860.0,,who.gho.cm-02,raw/who.gho.cm-02/2026/09/20260907T155226Z-b536cc4a2b4c.json.gz,2
who.gho.cm-02,CM_02:GRD:SEX_BTSX:AGEGROUP_MONTHS0-11,1966-01-01,2026-09-07T15:57:07Z,high,174.0,,who.gho.cm-02,raw/who.gho.cm-02/2026/09/20260907T155707Z-3cd3e5b56c9f.json.gz,2
who.gho.cm-02,CM_02:GRD:SEX_BTSX:AGEGROUP_MONTHS0-11,1966-01-01,2026-09-07T15:57:07Z,low,154.0,,who.gho.cm-02,raw/who.gho.cm-02/2026/09/20260907T155707Z-3cd3e5b56c9f.json.gz,2
who.gho.cm-02,CM_02:GRD:SEX_BTSX:AGEGROUP_MONTHS0-11,1966-01-01,2026-09-07T15:57:07Z,restated_at,2026-08-04,,who.gho.cm-02,raw/who.gho.cm-02/2026/09/20260907T155707Z-3cd3e5b56c9f.json.gz,2
who.gho.cm-02,CM_02:GRD:SEX_BTSX:AGEGROUP_MONTHS0-11,1966-01-01,2026-09-07T15:57:07Z,value,163.0,,who.gho.cm-02,raw/who.gho.cm-02/2026/09/20260907T155707Z-3cd3e5b56c9f.json.gz,2
who.gho.cm-02,CM_02:GRD:SEX_FMLE:AGEGROUP_MONTHS0-11,1966-01-01,2026-09-07T15:52:10Z,high,80.0,,who.gho.cm-02,raw/who.gho.cm-02/2026/09/20260907T155210Z-c2e07328660e.json.gz,2
who.gho.cm-02,CM_02:GRD:SEX_FMLE:AGEGROUP_MONTHS0-11,1966-01-01,2026-09-07T15:52:10Z,low,70.0,,who.gho.cm-02,raw/who.gho.cm-02/2026/09/20260907T155210Z-c2e07328660e.json.gz,2
who.gho.cm-02,CM_02:GRD:SEX_FMLE:AGEGROUP_MONTHS0-11,1966-01-01,2026-09-07T15:52:10Z,restated_at,2025-04-15,,who.gho.cm-02,raw/who.gho.cm-02/2026/09/20260907T155210Z-c2e07328660e.json.gz,2
who.gho.cm-02,CM_02:GRD:SEX_FMLE:AGEGROUP_MONTHS0-11,1966-01-01,2026-09-07T15:52:10Z,value,75.0,,who.gho.cm-02,raw/who.gho.cm-02/2026/09/20260907T155210Z-c2e07328660e.json.gz,2
who.gho.cm-02,CM_02:GRD:SEX_MLE:AGEGROUP_MONTHS0-11,1966-01-01,2026-09-07T15:57:07Z,high,94.0,,who.gho.cm-02,raw/who.gho.cm-02/2026/09/20260907T155707Z-3cd3e5b56c9f.json.gz,2
who.gho.cm-02,CM_02:GRD:SEX_MLE:AGEGROUP_MONTHS0-11,1966-01-01,2026-09-07T15:57:07Z,low,83.0,,who.gho.cm-02,raw/who.gho.cm-02/2026/09/20260907T155707Z-3cd3e5b56c9f.json.gz,2
who.gho.cm-02,CM_02:GRD:SEX_MLE:AGEGROUP_MONTHS0-11,1966-01-01,2026-09-07T15:57:07Z,restated_at,2026-08-04,,who.gho.cm-02,raw/who.gho.cm-02/2026/09/20260907T155707Z-3cd3e5b56c9f.json.gz,2
who.gho.cm-02,CM_02:GRD:SEX_MLE:AGEGROUP_MONTHS0-11,1966-01-01,2026-09-07T15:57:07Z,value,88.0,,who.gho.cm-02,raw/who.gho.cm-02/2026/09/20260907T155707Z-3cd3e5b56c9f.json.gz,2
who.gho.cm-02,CM_02:GTM:SEX_BTSX:AGEGROUP_MONTHS0-11,1966-01-01,2026-09-07T15:57:07Z,high,31693.0,,who.gho.cm-02,raw/who.gho.cm-02/2026/09/20260907T155707Z-3cd3e5b56c9f.json.gz,2
who.gho.cm-02,CM_02:GTM:SEX_BTSX:AGEGROUP_MONTHS0-11,1966-01-01,2026-09-07T15:57:07Z,low,27094.0,,who.gho.cm-02,raw/who.gho.cm-02/2026/09/20260907T155707Z-3cd3e5b56c9f.json.gz,2
who.gho.cm-02,CM_02:GTM:SEX_BTSX:AGEGROUP_MONTHS0-11,1966-01-01,2026-09-07T15:57:07Z,restated_at,2026-08-04,,who.gho.cm-02,raw/who.gho.cm-02/2026/09/20260907T155707Z-3cd3e5b56c9f.json.gz,2
who.gho.cm-02,CM_02:GTM:SEX_BTSX:AGEGROUP_MONTHS0-11,1966-01-01,2026-09-07T15:57:07Z,value,29312.0,,who.gho.cm-02,raw/who.gho.cm-02/2026/09/20260907T155707Z-3cd3e5b56c9f.json.gz,2
who.gho.cm-02,CM_02:GTM:SEX_FMLE:AGEGROUP_MONTHS0-11,1966-01-01,2026-09-07T15:51:16Z,high,14664.0,,who.gho.cm-02,raw/who.gho.cm-02/2026/09/20260907T155116Z-bb01bf96bc15.json.gz,2
who.gho.cm-02,CM_02:GTM:SEX_FMLE:AGEGROUP_MONTHS0-11,1966-01-01,2026-09-07T15:51:16Z,low,12307.0,,who.gho.cm-02,raw/who.gho.cm-02/2026/09/20260907T155116Z-bb01bf96bc15.json.gz,2
who.gho.cm-02,CM_02:GTM:SEX_FMLE:AGEGROUP_MONTHS0-11,1966-01-01,2026-09-07T15:51:16Z,restated_at,2026-08-04,,who.gho.cm-02,raw/who.gho.cm-02/2026/09/20260907T155116Z-bb01bf96bc15.json.gz,2
who.gho.cm-02,CM_02:GTM:SEX_FMLE:AGEGROUP_MONTHS0-11,1966-01-01,2026-09-07T15:51:16Z,value,13424.0,,who.gho.cm-02,raw/who.gho.cm-02/2026/09/20260907T155116Z-bb01bf96bc15.json.gz,2
who.gho.cm-02,CM_02:GTM:SEX_MLE:AGEGROUP_MONTHS0-11,1966-01-01,2026-09-07T15:57:17Z,high,17295.0,,who.gho.cm-02,raw/who.gho.cm-02/2026/09/20260907T155717Z-89bc69b90b61.json.gz,2
who.gho.cm-02,CM_02:GTM:SEX_MLE:AGEGROUP_MONTHS0-11,1966-01-01,2026-09-07T15:57:17Z,low,14558.0,,who.gho.cm-02,raw/who.gho.cm-02/2026/09/20260907T155717Z-89bc69b90b61.json.gz,2
who.gho.cm-02,CM_02:GTM:SEX_MLE:AGEGROUP_MONTHS0-11,1966-01-01,2026-09-07T15:57:17Z,restated_at,2026-08-04,,who.gho.cm-02,raw/who.gho.cm-02/2026/09/20260907T155717Z-89bc69b90b61.json.gz,2
who.gho.cm-02,CM_02:GTM:SEX_MLE:AGEGROUP_MONTHS0-11,1966-01-01,2026-09-07T15:57:17Z,value,15888.0,,who.gho.cm-02,raw/who.gho.cm-02/2026/09/20260907T155717Z-89bc69b90b61.json.gz,2
who.gho.cm-02,CM_02:GUY:SEX_BTSX:AGEGROUP_MONTHS0-11,1966-01-01,2026-09-07T15:56:41Z,high,1821.0,,who.gho.cm-02,raw/who.gho.cm-02/2026/09/20260907T155641Z-022407e160ee.json.gz,2
who.gho.cm-02,CM_02:GUY:SEX_BTSX:AGEGROUP_MONTHS0-11,1966-01-01,2026-09-07T15:56:41Z,low,1309.0,,who.gho.cm-02,raw/who.gho.cm-02/2026/09/20260907T155641Z-022407e160ee.json.gz,2
who.gho.cm-02,CM_02:GUY:SEX_BTSX:AGEGROUP_MONTHS0-11,1966-01-01,2026-09-07T15:56:41Z,restated_at,2026-08-04,,who.gho.cm-02,raw/who.gho.cm-02/2026/09/20260907T155641Z-022407e160ee.json.gz,2
who.gho.cm-02,CM_02:GUY:SEX_BTSX:AGEGROUP_MONTHS0-11,1966-01-01,2026-09-07T15:56:41Z,value,1548.0,,who.gho.cm-02,raw/who.gho.cm-02/2026/09/20260907T155641Z-022407e160ee.json.gz,2
who.gho.cm-02,CM_02:GUY:SEX_FMLE:AGEGROUP_MONTHS0-11,1966-01-01,2026-09-07T15:57:35Z,high,781.0,,who.gho.cm-02,raw/who.gho.cm-02/2026/09/20260907T155735Z-be5ff4c5352d.json.gz,2
who.gho.cm-02,CM_02:GUY:SEX_FMLE:AGEGROUP_MONTHS0-11,1966-01-01,2026-09-07T15:57:35Z,low,552.0,,who.gho.cm-02,raw/who.gho.cm-02/2026/09/20260907T155735Z-be5ff4c5352d.json.gz,2
who.gho.cm-02,CM_02:GUY:SEX_FMLE:AGEGROUP_MONTHS0-11,1966-01-01,2026-09-07T15:57:35Z,restated_at,2026-08-04,,who.gho.cm-02,raw/who.gho.cm-02/2026/09/20260907T155735Z-be5ff4c5352d.json.gz,2
who.gho.cm-02,CM_02:GUY:SEX_FMLE:AGEGROUP_MONTHS0-11,1966-01-01,2026-09-07T15:57:35Z,value,659.0,,who.gho.cm-02,raw/who.gho.cm-02/2026/09/20260907T155735Z-be5ff4c5352d.json.gz,2
who.gho.cm-02,CM_02:GUY:SEX_MLE:AGEGROUP_MONTHS0-11,1966-01-01,2026-09-07T15:57:21Z,high,1047.0,,who.gho.cm-02,raw/who.gho.cm-02/2026/09/20260907T155721Z-a2b5c178c29b.json.gz,2
who.gho.cm-02,CM_02:GUY:SEX_MLE:AGEGROUP_MONTHS0-11,1966-01-01,2026-09-07T15:57:21Z,low,749.0,,who.gho.cm-02,raw/who.gho.cm-02/2026/09/20260907T155721Z-a2b5c178c29b.json.gz,2
who.gho.cm-02,CM_02:GUY:SEX_MLE:AGEGROUP_MONTHS0-11,1966-01-01,2026-09-07T15:57:21Z,restated_at,2026-08-04,,who.gho.cm-02,raw/who.gho.cm-02/2026/09/20260907T155721Z-a2b5c178c29b.json.gz,2
who.gho.cm-02,CM_02:GUY:SEX_MLE:AGEGROUP_MONTHS0-11,1966-01-01,2026-09-07T15:57:21Z,value,889.0,,who.gho.cm-02,raw/who.gho.cm-02/2026/09/20260907T155721Z-a2b5c178c29b.json.gz,2
who.gho.cm-02,CM_02:HND:SEX_BTSX:AGEGROUP_MONTHS0-11,1966-01-01,2026-09-07T15:57:49Z,high,14573.0,,who.gho.cm-02,raw/who.gho.cm-02/2026/09/20260907T155749Z-8808ed0c9a07.json.gz,2
who.gho.cm-02,CM_02:HND:SEX_BTSX:AGEGROUP_MONTHS0-11,1966-01-01,2026-09-07T15:57:49Z,low,12464.0,,who.gho.cm-02,raw/who.gho.cm-02/2026/09/20260907T155749Z-8808ed0c9a07.json.gz,2
who.gho.cm-02,CM_02:HND:SEX_BTSX:AGEGROUP_MONTHS0-11,1966-01-01,2026-09-07T15:57:49Z,restated_at,2026-08-04,,who.gho.cm-02,raw/who.gho.cm-02/2026/09/20260907T155749Z-8808ed0c9a07.json.gz,2
who.gho.cm-02,CM_02:HND:SEX_BTSX:AGEGROUP_MONTHS0-11,1966-01-01,2026-09-07T15:57:49Z,value,13452.0,,who.gho.cm-02,raw/who.gho.cm-02/2026/09/20260907T155749Z-8808ed0c9a07.json.gz,2
who.gho.cm-02,CM_02:HND:SEX_FMLE:AGEGROUP_MONTHS0-11,1966-01-01,2026-09-07T15:51:25Z,high,6560.0,,who.gho.cm-02,raw/who.gho.cm-02/2026/09/20260907T155125Z-b41e2575e826.json.gz,2
who.gho.cm-02,CM_02:HND:SEX_FMLE:AGEGROUP_MONTHS0-11,1966-01-01,2026-09-07T15:51:25Z,low,5436.0,,who.gho.cm-02,raw/who.gho.cm-02/2026/09/20260907T155125Z-b41e2575e826.json.gz,2
who.gho.cm-02,CM_02:HND:SEX_FMLE:AGEGROUP_MONTHS0-11,1966-01-01,2026-09-07T15:51:25Z,restated_at,2026-08-04,,who.gho.cm-02,raw/who.gho.cm-02/2026/09/20260907T155125Z-b41e2575e826.json.gz,2
who.gho.cm-02,CM_02:HND:SEX_FMLE:AGEGROUP_MONTHS0-11,1966-01-01,2026-09-07T15:51:25Z,value,5968.0,,who.gho.cm-02,raw/who.gho.cm-02/2026/09/20260907T155125Z-b41e2575e826.json.gz,2
who.gho.cm-02,CM_02:HND:SEX_MLE:AGEGROUP_MONTHS0-11,1966-01-01,2026-09-07T15:57:07Z,high,8192.0,,who.gho.cm-02,raw/who.gho.cm-02/2026/09/20260907T155707Z-3cd3e5b56c9f.json.gz,2
who.gho.cm-02,CM_02:HND:SEX_MLE:AGEGROUP_MONTHS0-11,1966-01-01,2026-09-07T15:57:07Z,low,6871.0,,who.gho.cm-02,raw/who.gho.cm-02/2026/09/20260907T155707Z-3cd3e5b56c9f.json.gz,2
who.gho.cm-02,CM_02:HND:SEX_MLE:AGEGROUP_MONTHS0-11,1966-01-01,2026-09-07T15:57:07Z,restated_at,2026-08-04,,who.gho.cm-02,raw/who.gho.cm-02/2026/09/20260907T155707Z-3cd3e5b56c9f.json.gz,2
who.gho.cm-02,CM_02:HND:SEX_MLE:AGEGROUP_MONTHS0-11,1966-01-01,2026-09-07T15:57:07Z,value,7484.0,,who.gho.cm-02,raw/who.gho.cm-02/2026/09/20260907T155707Z-3cd3e5b56c9f.json.gz,2
who.gho.cm-02,CM_02:HTI:SEX_BTSX:AGEGROUP_MONTHS0-11,1966-01-01,2026-09-07T15:56:48Z,high,34773.0,,who.gho.cm-02,raw/who.gho.cm-02/2026/09/20260907T155648Z-e962102586d9.json.gz,2
who.gho.cm-02,CM_02:HTI:SEX_BTSX:AGEGROUP_MONTHS0-11,1966-01-01,2026-09-07T15:56:48Z,low,28337.0,,who.gho.cm-02,raw/who.gho.cm-02/2026/09/20260907T155648Z-e962102586d9.json.gz,2
who.gho.cm-02,CM_02:HTI:SEX_BTSX:AGEGROUP_MONTHS0-11,1966-01-01,2026-09-07T15:56:48Z,restated_at,2026-08-04,,who.gho.cm-02,raw/who.gho.cm-02/2026/09/20260907T155648Z-e962102586d9.json.gz,2
who.gho.cm-02,CM_02:HTI:SEX_BTSX:AGEGROUP_MONTHS0-11,1966-01-01,2026-09-07T15:56:48Z,value,31383.0,,who.gho.cm-02,raw/who.gho.cm-02/2026/09/20260907T155648Z-e962102586d9.json.gz,2
who.gho.cm-02,CM_02:HTI:SEX_FMLE:AGEGROUP_MONTHS0-11,1966-01-01,2026-09-07T15:52:26Z,high,15953.0,,who.gho.cm-02,raw/who.gho.cm-02/2026/09/20260907T155226Z-b536cc4a2b4c.json.gz,2
who.gho.cm-02,CM_02:HTI:SEX_FMLE:AGEGROUP_MONTHS0-11,1966-01-01,2026-09-07T15:52:26Z,low,12804.0,,who.gho.cm-02,raw/who.gho.cm-02/2026/09/20260907T155226Z-b536cc4a2b4c.json.gz,2
who.gho.cm-02,CM_02:HTI:SEX_FMLE:AGEGROUP_MONTHS0-11,1966-01-01,2026-09-07T15:52:26Z,restated_at,2026-08-04,,who.gho.cm-02,raw/who.gho.cm-02/2026/09/20260907T155226Z-b536cc4a2b4c.json.gz,2
who.gho.cm-02,CM_02:HTI:SEX_FMLE:AGEGROUP_MONTHS0-11,1966-01-01,2026-09-07T15:52:26Z,value,14313.0,,who.gho.cm-02,raw/who.gho.cm-02/2026/09/20260907T155226Z-b536cc4a2b4c.json.gz,2
who.gho.cm-02,CM_02:HTI:SEX_MLE:AGEGROUP_MONTHS0-11,1966-01-01,2026-09-07T15:52:37Z,high,18966.0,,who.gho.cm-02,raw/who.gho.cm-02/2026/09/20260907T155237Z-35c7d31783eb.json.gz,2
who.gho.cm-02,CM_02:HTI:SEX_MLE:AGEGROUP_MONTHS0-11,1966-01-01,2026-09-07T15:52:37Z,low,15345.0,,who.gho.cm-02,raw/who.gho.cm-02/2026/09/20260907T155237Z-35c7d31783eb.json.gz,2
who.gho.cm-02,CM_02:HTI:SEX_MLE:AGEGROUP_MONTHS0-11,1966-01-01,2026-09-07T15:52:37Z,restated_at,2026-08-04,,who.gho.cm-02,raw/who.gho.cm-02/2026/09/20260907T155237Z-35c7d31783eb.json.gz,2
who.gho.cm-02,CM_02:HTI:SEX_MLE:AGEGROUP_MONTHS0-11,1966-01-01,2026-09-07T15:52:37Z,value,17070.0,,who.gho.cm-02,raw/who.gho.cm-02/2026/09/20260907T155237Z-35c7d31783eb.json.gz,2
who.gho.cm-02,CM_02:HUN:SEX_BTSX:AGEGROUP_MONTHS0-11,1966-01-01,2026-09-07T15:52:10Z,high,5331.0,,who.gho.cm-02,raw/who.gho.cm-02/2026/09/20260907T155210Z-c2e07328660e.json.gz,2
who.gho.cm-02,CM_02:HUN:SEX_BTSX:AGEGROUP_MONTHS0-11,1966-01-01,2026-09-07T15:52:10Z,low,5102.0,,who.gho.cm-02,raw/who.gho.cm-02/2026/09/20260907T155210Z-c2e07328660e.json.gz,2
who.gho.cm-02,CM_02:HUN:SEX_BTSX:AGEGROUP_MONTHS0-11,1966-01-01,2026-09-07T15:52:10Z,restated_at,2026-08-04,,who.gho.cm-02,raw/who.gho.cm-02/2026/09/20260907T155210Z-c2e07328660e.json.gz,2
who.gho.cm-02,CM_02:HUN:SEX_BTSX:AGEGROUP_MONTHS0-11,1966-01-01,2026-09-07T15:52:10Z,value,5215.0,,who.gho.cm-02,raw/who.gho.cm-02/2026/09/20260907T155210Z-c2e07328660e.json.gz,2
who.gho.cm-02,CM_02:HUN:SEX_FMLE:AGEGROUP_MONTHS0-11,1966-01-01,2026-09-07T15:58:04Z,high,2307.0,,who.gho.cm-02,raw/who.gho.cm-02/2026/09/20260907T155804Z-3e19927fa86a.json.gz,2
who.gho.cm-02,CM_02:HUN:SEX_FMLE:AGEGROUP_MONTHS0-11,1966-01-01,2026-09-07T15:58:04Z,low,2192.0,,who.gho.cm-02,raw/who.gho.cm-02/2026/09/20260907T155804Z-3e19927fa86a.json.gz,2
who.gho.cm-02,CM_02:HUN:SEX_FMLE:AGEGROUP_MONTHS0-11,1966-01-01,2026-09-07T15:58:04Z,restated_at,2026-08-04,,who.gho.cm-02,raw/who.gho.cm-02/2026/09/20260907T155804Z-3e19927fa86a.json.gz,2
who.gho.cm-02,CM_02:HUN:SEX_FMLE:AGEGROUP_MONTHS0-11,1966-01-01,2026-09-07T15:58:04Z,value,2247.0,,who.gho.cm-02,raw/who.gho.cm-02/2026/09/20260907T155804Z-3e19927fa86a.json.gz,2
who.gho.cm-02,CM_02:HUN:SEX_MLE:AGEGROUP_MONTHS0-11,1966-01-01,2026-09-07T15:54:17Z,high,3043.0,,who.gho.cm-02,raw/who.gho.cm-02/2026/09/20260907T155417Z-e87fb31944b5.json.gz,2
who.gho.cm-02,CM_02:HUN:SEX_MLE:AGEGROUP_MONTHS0-11,1966-01-01,2026-09-07T15:54:17Z,low,2898.0,,who.gho.cm-02,raw/who.gho.cm-02/2026/09/20260907T155417Z-e87fb31944b5.json.gz,2
who.gho.cm-02,CM_02:HUN:SEX_MLE:AGEGROUP_MONTHS0-11,1966-01-01,2026-09-07T15:54:17Z,restated_at,2026-08-04,,who.gho.cm-02,raw/who.gho.cm-02/2026/09/20260907T155417Z-e87fb31944b5.json.gz,2
who.gho.cm-02,CM_02:HUN:SEX_MLE:AGEGROUP_MONTHS0-11,1966-01-01,2026-09-07T15:54:17Z,value,2968.0,,who.gho.cm-02,raw/who.gho.cm-02/2026/09/20260907T155417Z-e87fb31944b5.json.gz,2
who.gho.cm-02,CM_02:IDN:SEX_BTSX:AGEGROUP_MONTHS0-11,1966-01-01,2026-09-07T15:57:12Z,high,577360.0,,who.gho.cm-02,raw/who.gho.cm-02/2026/09/20260907T155712Z-98aa519eeacd.json.gz,2
who.gho.cm-02,CM_02:IDN:SEX_BTSX:AGEGROUP_MONTHS0-11,1966-01-01,2026-09-07T15:57:12Z,low,507389.0,,who.gho.cm-02,raw/who.gho.cm-02/2026/09/20260907T155712Z-98aa519eeacd.json.gz,2
who.gho.cm-02,CM_02:IDN:SEX_BTSX:AGEGROUP_MONTHS0-11,1966-01-01,2026-09-07T15:57:12Z,restated_at,2026-08-04,,who.gho.cm-02,raw/who.gho.cm-02/2026/09/20260907T155712Z-98aa519eeacd.json.gz,2
who.gho.cm-02,CM_02:IDN:SEX_BTSX:AGEGROUP_MONTHS0-11,1966-01-01,2026-09-07T15:57:12Z,value,540925.0,,who.gho.cm-02,raw/who.gho.cm-02/2026/09/20260907T155712Z-98aa519eeacd.json.gz,2
who.gho.cm-02,CM_02:IDN:SEX_FMLE:AGEGROUP_MONTHS0-11,1966-01-01,2026-09-07T15:53:02Z,high,251235.0,,who.gho.cm-02,raw/who.gho.cm-02/2026/09/20260907T155302Z-206bb5f6993f.json.gz,2
who.gho.cm-02,CM_02:IDN:SEX_FMLE:AGEGROUP_MONTHS0-11,1966-01-01,2026-09-07T15:53:02Z,low,218130.0,,who.gho.cm-02,raw/who.gho.cm-02/2026/09/20260907T155302Z-206bb5f6993f.json.gz,2
who.gho.cm-02,CM_02:IDN:SEX_FMLE:AGEGROUP_MONTHS0-11,1966-01-01,2026-09-07T15:53:02Z,restated_at,2026-08-04,,who.gho.cm-02,raw/who.gho.cm-02/2026/09/20260907T155302Z-206bb5f6993f.json.gz,2
who.gho.cm-02,CM_02:IDN:SEX_FMLE:AGEGROUP_MONTHS0-11,1966-01-01,2026-09-07T15:53:02Z,value,234037.0,,who.gho.cm-02,raw/who.gho.cm-02/2026/09/20260907T155302Z-206bb5f6993f.json.gz,2
who.gho.cm-02,CM_02:IDN:SEX_MLE:AGEGROUP_MONTHS0-11,1966-01-01,2026-09-07T15:57:40Z,high,328843.0,,who.gho.cm-02,raw/who.gho.cm-02/2026/09/20260907T155740Z-31068700a25d.json.gz,2
who.gho.cm-02,CM_02:IDN:SEX_MLE:AGEGROUP_MONTHS0-11,1966-01-01,2026-09-07T15:57:40Z,low,286797.0,,who.gho.cm-02,raw/who.gho.cm-02/2026/09/20260907T155740Z-31068700a25d.json.gz,2
who.gho.cm-02,CM_02:IDN:SEX_MLE:AGEGROUP_MONTHS0-11,1966-01-01,2026-09-07T15:57:40Z,restated_at,2026-08-04,,who.gho.cm-02,raw/who.gho.cm-02/2026/09/20260907T155740Z-31068700a25d.json.gz,2
who.gho.cm-02,CM_02:IDN:SEX_MLE:AGEGROUP_MONTHS0-11,1966-01-01,2026-09-07T15:57:40Z,value,306888.0,,who.gho.cm-02,raw/who.gho.cm-02/2026/09/20260907T155740Z-31068700a25d.json.gz,2
who.gho.cm-02,CM_02:IND:SEX_BTSX:AGEGROUP_MONTHS0-11,1966-01-01,2026-09-07T15:53:02Z,high,2991053.0,,who.gho.cm-02,raw/who.gho.cm-02/2026/09/20260907T155302Z-206bb5f6993f.json.gz,2
who.gho.cm-02,CM_02:IND:SEX_BTSX:AGEGROUP_MONTHS0-11,1966-01-01,2026-09-07T15:53:02Z,low,2646825.0,,who.gho.cm-02,raw/who.gho.cm-02/2026/09/20260907T155302Z-206bb5f6993f.json.gz,2
who.gho.cm-02,CM_02:IND:SEX_BTSX:AGEGROUP_MONTHS0-11,1966-01-01,2026-09-07T15:53:02Z,restated_at,2026-08-04,,who.gho.cm-02,raw/who.gho.cm-02/2026/09/20260907T155302Z-206bb5f6993f.json.gz,2
who.gho.cm-02,CM_02:IND:SEX_BTSX:AGEGROUP_MONTHS0-11,1966-01-01,2026-09-07T15:53:02Z,value,2816686.0,,who.gho.cm-02,raw/who.gho.cm-02/2026/09/20260907T155302Z-206bb5f6993f.json.gz,2
who.gho.cm-02,CM_02:IND:SEX_FMLE:AGEGROUP_MONTHS0-11,1966-01-01,2026-09-07T15:51:01Z,high,1415870.0,,who.gho.cm-02,raw/who.gho.cm-02/2026/09/20260907T155101Z-65d1a3fa0413.json.gz,2
who.gho.cm-02,CM_02:IND:SEX_FMLE:AGEGROUP_MONTHS0-11,1966-01-01,2026-09-07T15:51:01Z,low,1231312.0,,who.gho.cm-02,raw/who.gho.cm-02/2026/09/20260907T155101Z-65d1a3fa0413.json.gz,2
who.gho.cm-02,CM_02:IND:SEX_FMLE:AGEGROUP_MONTHS0-11,1966-01-01,2026-09-07T15:51:01Z,restated_at,2026-08-04,,who.gho.cm-02,raw/who.gho.cm-02/2026/09/20260907T155101Z-65d1a3fa0413.json.gz,2
who.gho.cm-02,CM_02:IND:SEX_FMLE:AGEGROUP_MONTHS0-11,1966-01-01,2026-09-07T15:51:01Z,value,1321203.0,,who.gho.cm-02,raw/who.gho.cm-02/2026/09/20260907T155101Z-65d1a3fa0413.json.gz,2
who.gho.cm-02,CM_02:IND:SEX_MLE:AGEGROUP_MONTHS0-11,1966-01-01,2026-09-07T15:56:27Z,high,1596766.0,,who.gho.cm-02,raw/who.gho.cm-02/2026/09/20260907T155627Z-19eb4e6c1215.json.gz,2
who.gho.cm-02,CM_02:IND:SEX_MLE:AGEGROUP_MONTHS0-11,1966-01-01,2026-09-07T15:56:27Z,low,1395152.0,,who.gho.cm-02,raw/who.gho.cm-02/2026/09/20260907T155627Z-19eb4e6c1215.json.gz,2
who.gho.cm-02,CM_02:IND:SEX_MLE:AGEGROUP_MONTHS0-11,1966-01-01,2026-09-07T15:56:27Z,restated_at,2026-08-04,,who.gho.cm-02,raw/who.gho.cm-02/2026/09/20260907T155627Z-19eb4e6c1215.json.gz,2
who.gho.cm-02,CM_02:IND:SEX_MLE:AGEGROUP_MONTHS0-11,1966-01-01,2026-09-07T15:56:27Z,value,1495483.0,,who.gho.cm-02,raw/who.gho.cm-02/2026/09/20260907T155627Z-19eb4e6c1215.json.gz,2
who.gho.cm-02,CM_02:IRL:SEX_BTSX:AGEGROUP_MONTHS0-11,1966-01-01,2026-09-07T15:51:40Z,high,1492.0,,who.gho.cm-02,raw/who.gho.cm-02/2026/09/20260907T155140Z-2ccf90b4d287.json.gz,2
who.gho.cm-02,CM_02:IRL:SEX_BTSX:AGEGROUP_MONTHS0-11,1966-01-01,2026-09-07T15:51:40Z,low,1427.0,,who.gho.cm-02,raw/who.gho.cm-02/2026/09/20260907T155140Z-2ccf90b4d287.json.gz,2
who.gho.cm-02,CM_02:IRL:SEX_BTSX:AGEGROUP_MONTHS0-11,1966-01-01,2026-09-07T15:51:40Z,restated_at,2026-08-04,,who.gho.cm-02,raw/who.gho.cm-02/2026/09/20260907T155140Z-2ccf90b4d287.json.gz,2
who.gho.cm-02,CM_02:IRL:SEX_BTSX:AGEGROUP_MONTHS0-11,1966-01-01,2026-09-07T15:51:40Z,value,1459.0,,who.gho.cm-02,raw/who.gho.cm-02/2026/09/20260907T155140Z-2ccf90b4d287.json.gz,2
who.gho.cm-02,CM_02:IRL:SEX_FMLE:AGEGROUP_MONTHS0-11,1966-01-01,2026-09-07T15:51:25Z,high,645.0,,who.gho.cm-02,raw/who.gho.cm-02/2026/09/20260907T155125Z-b41e2575e826.json.gz,2
who.gho.cm-02,CM_02:IRL:SEX_FMLE:AGEGROUP_MONTHS0-11,1966-01-01,2026-09-07T15:51:25Z,low,608.0,,who.gho.cm-02,raw/who.gho.cm-02/2026/09/20260907T155125Z-b41e2575e826.json.gz,2
who.gho.cm-02,CM_02:IRL:SEX_FMLE:AGEGROUP_MONTHS0-11,1966-01-01,2026-09-07T15:51:25Z,restated_at,2025-04-15,,who.gho.cm-02,raw/who.gho.cm-02/2026/09/20260907T155125Z-b41e2575e826.json.gz,2
who.gho.cm-02,CM_02:IRL:SEX_FMLE:AGEGROUP_MONTHS0-11,1966-01-01,2026-09-07T15:51:25Z,value,626.0,,who.gho.cm-02,raw/who.gho.cm-02/2026/09/20260907T155125Z-b41e2575e826.json.gz,2
who.gho.cm-02,CM_02:IRL:SEX_MLE:AGEGROUP_MONTHS0-11,1966-01-01,2026-09-07T15:57:59Z,high,856.0,,who.gho.cm-02,raw/who.gho.cm-02/2026/09/20260907T155759Z-531ca935f713.json.gz,2
who.gho.cm-02,CM_02:IRL:SEX_MLE:AGEGROUP_MONTHS0-11,1966-01-01,2026-09-07T15:57:59Z,low,812.0,,who.gho.cm-02,raw/who.gho.cm-02/2026/09/20260907T155759Z-531ca935f713.json.gz,2
who.gho.cm-02,CM_02:IRL:SEX_MLE:AGEGROUP_MONTHS0-11,1966-01-01,2026-09-07T15:57:59Z,restated_at,2026-08-04,,who.gho.cm-02,raw/who.gho.cm-02/2026/09/20260907T155759Z-531ca935f713.json.gz,2
who.gho.cm-02,CM_02:IRL:SEX_MLE:AGEGROUP_MONTHS0-11,1966-01-01,2026-09-07T15:57:59Z,value,833.0,,who.gho.cm-02,raw/who.gho.cm-02/2026/09/20260907T155759Z-531ca935f713.json.gz,2
who.gho.cm-02,CM_02:IRQ:SEX_BTSX:AGEGROUP_MONTHS0-11,1966-01-01,2026-09-07T15:51:21Z,high,43260.0,,who.gho.cm-02,raw/who.gho.cm-02/2026/09/20260907T155121Z-1b14643329ca.json.gz,2
who.gho.cm-02,CM_02:IRQ:SEX_BTSX:AGEGROUP_MONTHS0-11,1966-01-01,2026-09-07T15:51:21Z,low,34752.0,,who.gho.cm-02,raw/who.gho.cm-02/2026/09/20260907T155121Z-1b14643329ca.json.gz,2
who.gho.cm-02,CM_02:IRQ:SEX_BTSX:AGEGROUP_MONTHS0-11,1966-01-01,2026-09-07T15:51:21Z,restated_at,2026-08-04,,who.gho.cm-02,raw/who.gho.cm-02/2026/09/20260907T155121Z-1b14643329ca.json.gz,2
who.gho.cm-02,CM_02:IRQ:SEX_BTSX:AGEGROUP_MONTHS0-11,1966-01-01,2026-09-07T15:51:21Z,value,38814.0,,who.gho.cm-02,raw/who.gho.cm-02/2026/09/20260907T155121Z-1b14643329ca.json.gz,2
who.gho.cm-02,CM_02:IRQ:SEX_FMLE:AGEGROUP_MONTHS0-11,1966-01-01,2026-09-07T15:57:12Z,high,20012.0,,who.gho.cm-02,raw/who.gho.cm-02/2026/09/20260907T155712Z-98aa519eeacd.json.gz,2
who.gho.cm-02,CM_02:IRQ:SEX_FMLE:AGEGROUP_MONTHS0-11,1966-01-01,2026-09-07T15:57:12Z,low,15640.0,,who.gho.cm-02,raw/who.gho.cm-02/2026/09/20260907T155712Z-98aa519eeacd.json.gz,2
who.gho.cm-02,CM_02:IRQ:SEX_FMLE:AGEGROUP_MONTHS0-11,1966-01-01,2026-09-07T15:57:12Z,restated_at,2026-08-04,,who.gho.cm-02,raw/who.gho.cm-02/2026/09/20260907T155712Z-98aa519eeacd.json.gz,2
who.gho.cm-02,CM_02:IRQ:SEX_FMLE:AGEGROUP_MONTHS0-11,1966-01-01,2026-09-07T15:57:12Z,value,17691.0,,who.gho.cm-02,raw/who.gho.cm-02/2026/09/20260907T155712Z-98aa519eeacd.json.gz,2
who.gho.cm-02,CM_02:IRQ:SEX_MLE:AGEGROUP_MONTHS0-11,1966-01-01,2026-09-07T15:53:02Z,high,23750.0,,who.gho.cm-02,raw/who.gho.cm-02/2026/09/20260907T155302Z-206bb5f6993f.json.gz,2
who.gho.cm-02,CM_02:IRQ:SEX_MLE:AGEGROUP_MONTHS0-11,1966-01-01,2026-09-07T15:53:02Z,low,18740.0,,who.gho.cm-02,raw/who.gho.cm-02/2026/09/20260907T155302Z-206bb5f6993f.json.gz,2
who.gho.cm-02,CM_02:IRQ:SEX_MLE:AGEGROUP_MONTHS0-11,1966-01-01,2026-09-07T15:53:02Z,restated_at,2026-08-04,,who.gho.cm-02,raw/who.gho.cm-02/2026/09/20260907T155302Z-206bb5f6993f.json.gz,2
who.gho.cm-02,CM_02:IRQ:SEX_MLE:AGEGROUP_MONTHS0-11,1966-01-01,2026-09-07T15:53:02Z,value,21123.0,,who.gho.cm-02,raw/who.gho.cm-02/2026/09/20260907T155302Z-206bb5f6993f.json.gz,2
who.gho.cm-02,CM_02:ISL:SEX_BTSX:AGEGROUP_MONTHS0-11,1966-01-01,2026-09-07T15:51:11Z,high,74.0,,who.gho.cm-02,raw/who.gho.cm-02/2026/09/20260907T155111Z-17577dbcf352.json.gz,2
who.gho.cm-02,CM_02:ISL:SEX_BTSX:AGEGROUP_MONTHS0-11,1966-01-01,2026-09-07T15:51:11Z,low,66.0,,who.gho.cm-02,raw/who.gho.cm-02/2026/09/20260907T155111Z-17577dbcf352.json.gz,2
who.gho.cm-02,CM_02:ISL:SEX_BTSX:AGEGROUP_MONTHS0-11,1966-01-01,2026-09-07T15:51:11Z,restated_at,2026-08-04,,who.gho.cm-02,raw/who.gho.cm-02/2026/09/20260907T155111Z-17577dbcf352.json.gz,2
who.gho.cm-02,CM_02:ISL:SEX_BTSX:AGEGROUP_MONTHS0-11,1966-01-01,2026-09-07T15:51:11Z,value,70.0,,who.gho.cm-02,raw/who.gho.cm-02/2026/09/20260907T155111Z-17577dbcf352.json.gz,2
who.gho.cm-02,CM_02:ISL:SEX_FMLE:AGEGROUP_MONTHS0-11,1966-01-01,2026-09-07T15:57:21Z,high,32.0,,who.gho.cm-02,raw/who.gho.cm-02/2026/09/20260907T155721Z-a2b5c178c29b.json.gz,2
who.gho.cm-02,CM_02:ISL:SEX_FMLE:AGEGROUP_MONTHS0-11,1966-01-01,2026-09-07T15:57:21Z,low,28.0,,who.gho.cm-02,raw/who.gho.cm-02/2026/09/20260907T155721Z-a2b5c178c29b.json.gz,2
who.gho.cm-02,CM_02:ISL:SEX_FMLE:AGEGROUP_MONTHS0-11,1966-01-01,2026-09-07T15:57:21Z,restated_at,2025-04-15,,who.gho.cm-02,raw/who.gho.cm-02/2026/09/20260907T155721Z-a2b5c178c29b.json.gz,2
who.gho.cm-02,CM_02:ISL:SEX_FMLE:AGEGROUP_MONTHS0-11,1966-01-01,2026-09-07T15:57:21Z,value,30.0,,who.gho.cm-02,raw/who.gho.cm-02/2026/09/20260907T155721Z-a2b5c178c29b.json.gz,2
who.gho.cm-02,CM_02:ISL:SEX_MLE:AGEGROUP_MONTHS0-11,1966-01-01,2026-09-07T15:51:50Z,high,43.0,,who.gho.cm-02,raw/who.gho.cm-02/2026/09/20260907T155150Z-b2442ef3f6e6.json.gz,2
who.gho.cm-02,CM_02:ISL:SEX_MLE:AGEGROUP_MONTHS0-11,1966-01-01,2026-09-07T15:51:50Z,low,37.0,,who.gho.cm-02,raw/who.gho.cm-02/2026/09/20260907T155150Z-b2442ef3f6e6.json.gz,2
who.gho.cm-02,CM_02:ISL:SEX_MLE:AGEGROUP_MONTHS0-11,1966-01-01,2026-09-07T15:51:50Z,restated_at,2025-04-15,,who.gho.cm-02,raw/who.gho.cm-02/2026/09/20260907T155150Z-b2442ef3f6e6.json.gz,2
who.gho.cm-02,CM_02:ISL:SEX_MLE:AGEGROUP_MONTHS0-11,1966-01-01,2026-09-07T15:51:50Z,value,40.0,,who.gho.cm-02,raw/who.gho.cm-02/2026/09/20260907T155150Z-b2442ef3f6e6.json.gz,2
who.gho.cm-02,CM_02:ISR:SEX_BTSX:AGEGROUP_MONTHS0-11,1966-01-01,2026-09-07T15:52:18Z,high,1911.0,,who.gho.cm-02,raw/who.gho.cm-02/2026/09/20260907T155218Z-7dbb6db1a58a.json.gz,2
who.gho.cm-02,CM_02:ISR:SEX_BTSX:AGEGROUP_MONTHS0-11,1966-01-01,2026-09-07T15:52:18Z,low,1697.0,,who.gho.cm-02,raw/who.gho.cm-02/2026/09/20260907T155218Z-7dbb6db1a58a.json.gz,2
who.gho.cm-02,CM_02:ISR:SEX_BTSX:AGEGROUP_MONTHS0-11,1966-01-01,2026-09-07T15:52:18Z,restated_at,2026-08-04,,who.gho.cm-02,raw/who.gho.cm-02/2026/09/20260907T155218Z-7dbb6db1a58a.json.gz,2
who.gho.cm-02,CM_02:ISR:SEX_BTSX:AGEGROUP_MONTHS0-11,1966-01-01,2026-09-07T15:52:18Z,value,1808.0,,who.gho.cm-02,raw/who.gho.cm-02/2026/09/20260907T155218Z-7dbb6db1a58a.json.gz,2
who.gho.cm-02,CM_02:ISR:SEX_FMLE:AGEGROUP_MONTHS0-11,1966-01-01,2026-09-07T15:57:07Z,high,861.0,,who.gho.cm-02,raw/who.gho.cm-02/2026/09/20260907T155707Z-3cd3e5b56c9f.json.gz,2
who.gho.cm-02,CM_02:ISR:SEX_FMLE:AGEGROUP_MONTHS0-11,1966-01-01,2026-09-07T15:57:07Z,low,755.0,,who.gho.cm-02,raw/who.gho.cm-02/2026/09/20260907T155707Z-3cd3e5b56c9f.json.gz,2
who.gho.cm-02,CM_02:ISR:SEX_FMLE:AGEGROUP_MONTHS0-11,1966-01-01,2026-09-07T15:57:07Z,restated_at,2026-08-04,,who.gho.cm-02,raw/who.gho.cm-02/2026/09/20260907T155707Z-3cd3e5b56c9f.json.gz,2
who.gho.cm-02,CM_02:ISR:SEX_FMLE:AGEGROUP_MONTHS0-11,1966-01-01,2026-09-07T15:57:07Z,value,809.0,,who.gho.cm-02,raw/who.gho.cm-02/2026/09/20260907T155707Z-3cd3e5b56c9f.json.gz,2
who.gho.cm-02,CM_02:ISR:SEX_MLE:AGEGROUP_MONTHS0-11,1966-01-01,2026-09-07T15:58:12Z,high,1060.0,,who.gho.cm-02,raw/who.gho.cm-02/2026/09/20260907T155812Z-02a2023435be.json.gz,2
who.gho.cm-02,CM_02:ISR:SEX_MLE:AGEGROUP_MONTHS0-11,1966-01-01,2026-09-07T15:58:12Z,low,933.0,,who.gho.cm-02,raw/who.gho.cm-02/2026/09/20260907T155812Z-02a2023435be.json.gz,2
who.gho.cm-02,CM_02:ISR:SEX_MLE:AGEGROUP_MONTHS0-11,1966-01-01,2026-09-07T15:58:12Z,restated_at,2026-08-04,,who.gho.cm-02,raw/who.gho.cm-02/2026/09/20260907T155812Z-02a2023435be.json.gz,2
who.gho.cm-02,CM_02:ISR:SEX_MLE:AGEGROUP_MONTHS0-11,1966-01-01,2026-09-07T15:58:12Z,value,999.0,,who.gho.cm-02,raw/who.gho.cm-02/2026/09/20260907T155812Z-02a2023435be.json.gz,2
who.gho.cm-02,CM_02:ITA:SEX_BTSX:AGEGROUP_MONTHS0-11,1966-01-01,2026-09-07T15:56:48Z,high,34184.0,,who.gho.cm-02,raw/who.gho.cm-02/2026/09/20260907T155648Z-e962102586d9.json.gz,2
who.gho.cm-02,CM_02:ITA:SEX_BTSX:AGEGROUP_MONTHS0-11,1966-01-01,2026-09-07T15:56:48Z,low,32822.0,,who.gho.cm-02,raw/who.gho.cm-02/2026/09/20260907T155648Z-e962102586d9.json.gz,2
who.gho.cm-02,CM_02:ITA:SEX_BTSX:AGEGROUP_MONTHS0-11,1966-01-01,2026-09-07T15:56:48Z,restated_at,2026-08-04,,who.gho.cm-02,raw/who.gho.cm-02/2026/09/20260907T155648Z-e962102586d9.json.gz,2
who.gho.cm-02,CM_02:ITA:SEX_BTSX:AGEGROUP_MONTHS0-11,1966-01-01,2026-09-07T15:56:48Z,value,33498.0,,who.gho.cm-02,raw/who.gho.cm-02/2026/09/20260907T155648Z-e962102586d9.json.gz,2
who.gho.cm-02,CM_02:ITA:SEX_FMLE:AGEGROUP_MONTHS0-11,1966-01-01,2026-09-07T15:57:59Z,high,14821.0,,who.gho.cm-02,raw/who.gho.cm-02/2026/09/20260907T155759Z-531ca935f713.json.gz,2
who.gho.cm-02,CM_02:ITA:SEX_FMLE:AGEGROUP_MONTHS0-11,1966-01-01,2026-09-07T15:57:59Z,low,14186.0,,who.gho.cm-02,raw/who.gho.cm-02/2026/09/20260907T155759Z-531ca935f713.json.gz,2
who.gho.cm-02,CM_02:ITA:SEX_FMLE:AGEGROUP_MONTHS0-11,1966-01-01,2026-09-07T15:57:59Z,restated_at,2026-08-04,,who.gho.cm-02,raw/who.gho.cm-02/2026/09/20260907T155759Z-531ca935f713.json.gz,2
who.gho.cm-02,CM_02:ITA:SEX_FMLE:AGEGROUP_MONTHS0-11,1966-01-01,2026-09-07T15:57:59Z,value,14500.0,,who.gho.cm-02,raw/who.gho.cm-02/2026/09/20260907T155759Z-531ca935f713.json.gz,2
who.gho.cm-02,CM_02:ITA:SEX_MLE:AGEGROUP_MONTHS0-11,1966-01-01,2026-09-07T15:51:50Z,high,19393.0,,who.gho.cm-02,raw/who.gho.cm-02/2026/09/20260907T155150Z-b2442ef3f6e6.json.gz,2
who.gho.cm-02,CM_02:ITA:SEX_MLE:AGEGROUP_MONTHS0-11,1966-01-01,2026-09-07T15:51:50Z,low,18600.0,,who.gho.cm-02,raw/who.gho.cm-02/2026/09/20260907T155150Z-b2442ef3f6e6.json.gz,2
who.gho.cm-02,CM_02:ITA:SEX_MLE:AGEGROUP_MONTHS0-11,1966-01-01,2026-09-07T15:51:50Z,restated_at,2026-08-04,,who.gho.cm-02,raw/who.gho.cm-02/2026/09/20260907T155150Z-b2442ef3f6e6.json.gz,2
who.gho.cm-02,CM_02:ITA:SEX_MLE:AGEGROUP_MONTHS0-11,1966-01-01,2026-09-07T15:51:50Z,value,18998.0,,who.gho.cm-02,raw/who.gho.cm-02/2026/09/20260907T155150Z-b2442ef3f6e6.json.gz,2
who.gho.cm-02,CM_02:JAM:SEX_BTSX:AGEGROUP_MONTHS0-11,1966-01-01,2026-09-07T15:56:48Z,high,4041.0,,who.gho.cm-02,raw/who.gho.cm-02/2026/09/20260907T155648Z-e962102586d9.json.gz,2
who.gho.cm-02,CM_02:JAM:SEX_BTSX:AGEGROUP_MONTHS0-11,1966-01-01,2026-09-07T15:56:48Z,low,3029.0,,who.gho.cm-02,raw/who.gho.cm-02/2026/09/20260907T155648Z-e962102586d9.json.gz,2
who.gho.cm-02,CM_02:JAM:SEX_BTSX:AGEGROUP_MONTHS0-11,1966-01-01,2026-09-07T15:56:48Z,restated_at,2026-08-04,,who.gho.cm-02,raw/who.gho.cm-02/2026/09/20260907T155648Z-e962102586d9.json.gz,2
who.gho.cm-02,CM_02:JAM:SEX_BTSX:AGEGROUP_MONTHS0-11,1966-01-01,2026-09-07T15:56:48Z,value,3488.0,,who.gho.cm-02,raw/who.gho.cm-02/2026/09/20260907T155648Z-e962102586d9.json.gz,2
who.gho.cm-02,CM_02:JAM:SEX_FMLE:AGEGROUP_MONTHS0-11,1966-01-01,2026-09-07T15:56:27Z,high,1809.0,,who.gho.cm-02,raw/who.gho.cm-02/2026/09/20260907T155627Z-19eb4e6c1215.json.gz,2
who.gho.cm-02,CM_02:JAM:SEX_FMLE:AGEGROUP_MONTHS0-11,1966-01-01,2026-09-07T15:56:27Z,low,1334.0,,who.gho.cm-02,raw/who.gho.cm-02/2026/09/20260907T155627Z-19eb4e6c1215.json.gz,2
who.gho.cm-02,CM_02:JAM:SEX_FMLE:AGEGROUP_MONTHS0-11,1966-01-01,2026-09-07T15:56:27Z,restated_at,2026-08-04,,who.gho.cm-02,raw/who.gho.cm-02/2026/09/20260907T155627Z-19eb4e6c1215.json.gz,2
who.gho.cm-02,CM_02:JAM:SEX_FMLE:AGEGROUP_MONTHS0-11,1966-01-01,2026-09-07T15:56:27Z,value,1551.0,,who.gho.cm-02,raw/who.gho.cm-02/2026/09/20260907T155627Z-19eb4e6c1215.json.gz,2
who.gho.cm-02,CM_02:JAM:SEX_MLE:AGEGROUP_MONTHS0-11,1966-01-01,2026-09-07T15:51:50Z,high,2247.0,,who.gho.cm-02,raw/who.gho.cm-02/2026/09/20260907T155150Z-b2442ef3f6e6.json.gz,2
who.gho.cm-02,CM_02:JAM:SEX_MLE:AGEGROUP_MONTHS0-11,1966-01-01,2026-09-07T15:51:50Z,low,1667.0,,who.gho.cm-02,raw/who.gho.cm-02/2026/09/20260907T155150Z-b2442ef3f6e6.json.gz,2
who.gho.cm-02,CM_02:JAM:SEX_MLE:AGEGROUP_MONTHS0-11,1966-01-01,2026-09-07T15:51:50Z,restated_at,2026-08-04,,who.gho.cm-02,raw/who.gho.cm-02/2026/09/20260907T155150Z-b2442ef3f6e6.json.gz,2
who.gho.cm-02,CM_02:JAM:SEX_MLE:AGEGROUP_MONTHS0-11,1966-01-01,2026-09-07T15:51:50Z,value,1937.0,,who.gho.cm-02,raw/who.gho.cm-02/2026/09/20260907T155150Z-b2442ef3f6e6.json.gz,2
who.gho.cm-02,CM_02:JOR:SEX_BTSX:AGEGROUP_MONTHS0-11,1966-01-01,2026-09-07T15:52:10Z,high,5052.0,,who.gho.cm-02,raw/who.gho.cm-02/2026/09/20260907T155210Z-c2e07328660e.json.gz,2
who.gho.cm-02,CM_02:JOR:SEX_BTSX:AGEGROUP_MONTHS0-11,1966-01-01,2026-09-07T15:52:10Z,low,4375.0,,who.gho.cm-02,raw/who.gho.cm-02/2026/09/20260907T155210Z-c2e07328660e.json.gz,2
who.gho.cm-02,CM_02:JOR:SEX_BTSX:AGEGROUP_MONTHS0-11,1966-01-01,2026-09-07T15:52:10Z,restated_at,2026-08-04,,who.gho.cm-02,raw/who.gho.cm-02/2026/09/20260907T155210Z-c2e07328660e.json.gz,2
who.gho.cm-02,CM_02:JOR:SEX_BTSX:AGEGROUP_MONTHS0-11,1966-01-01,2026-09-07T15:52:10Z,value,4700.0,,who.gho.cm-02,raw/who.gho.cm-02/2026/09/20260907T155210Z-c2e07328660e.json.gz,2
who.gho.cm-02,CM_02:JOR:SEX_FMLE:AGEGROUP_MONTHS0-11,1966-01-01,2026-09-07T15:57:35Z,high,2470.0,,who.gho.cm-02,raw/who.gho.cm-02/2026/09/20260907T155735Z-be5ff4c5352d.json.gz,2
who.gho.cm-02,CM_02:JOR:SEX_FMLE:AGEGROUP_MONTHS0-11,1966-01-01,2026-09-07T15:57:35Z,low,2110.0,,who.gho.cm-02,raw/who.gho.cm-02/2026/09/20260907T155735Z-be5ff4c5352d.json.gz,2
who.gho.cm-02,CM_02:JOR:SEX_FMLE:AGEGROUP_MONTHS0-11,1966-01-01,2026-09-07T15:57:35Z,restated_at,2026-08-04,,who.gho.cm-02,raw/who.gho.cm-02/2026/09/20260907T155735Z-be5ff4c5352d.json.gz,2
who.gho.cm-02,CM_02:JOR:SEX_FMLE:AGEGROUP_MONTHS0-11,1966-01-01,2026-09-07T15:57:35Z,value,2284.0,,who.gho.cm-02,raw/who.gho.cm-02/2026/09/20260907T155735Z-be5ff4c5352d.json.gz,2
who.gho.cm-02,CM_02:JOR:SEX_MLE:AGEGROUP_MONTHS0-11,1966-01-01,2026-09-07T15:57:49Z,high,2608.0,,who.gho.cm-02,raw/who.gho.cm-02/2026/09/20260907T155749Z-8808ed0c9a07.json.gz,2
who.gho.cm-02,CM_02:JOR:SEX_MLE:AGEGROUP_MONTHS0-11,1966-01-01,2026-09-07T15:57:49Z,low,2233.0,,who.gho.cm-02,raw/who.gho.cm-02/2026/09/20260907T155749Z-8808ed0c9a07.json.gz,2
who.gho.cm-02,CM_02:JOR:SEX_MLE:AGEGROUP_MONTHS0-11,1966-01-01,2026-09-07T15:57:49Z,restated_at,2026-08-04,,who.gho.cm-02,raw/who.gho.cm-02/2026/09/20260907T155749Z-8808ed0c9a07.json.gz,2
who.gho.cm-02,CM_02:JOR:SEX_MLE:AGEGROUP_MONTHS0-11,1966-01-01,2026-09-07T15:57:49Z,value,2416.0,,who.gho.cm-02,raw/who.gho.cm-02/2026/09/20260907T155749Z-8808ed0c9a07.json.gz,2
who.gho.cm-02,CM_02:JPN:SEX_BTSX:AGEGROUP_MONTHS0-11,1966-01-01,2026-09-07T15:58:12Z,high,29774.0,,who.gho.cm-02,raw/who.gho.cm-02/2026/09/20260907T155812Z-02a2023435be.json.gz,2
who.gho.cm-02,CM_02:JPN:SEX_BTSX:AGEGROUP_MONTHS0-11,1966-01-01,2026-09-07T15:58:12Z,low,28663.0,,who.gho.cm-02,raw/who.gho.cm-02/2026/09/20260907T155812Z-02a2023435be.json.gz,2
who.gho.cm-02,CM_02:JPN:SEX_BTSX:AGEGROUP_MONTHS0-11,1966-01-01,2026-09-07T15:58:12Z,restated_at,2026-08-04,,who.gho.cm-02,raw/who.gho.cm-02/2026/09/20260907T155812Z-02a2023435be.json.gz,2
who.gho.cm-02,CM_02:JPN:SEX_BTSX:AGEGROUP_MONTHS0-11,1966-01-01,2026-09-07T15:58:12Z,value,29225.0,,who.gho.cm-02,raw/who.gho.cm-02/2026/09/20260907T155812Z-02a2023435be.json.gz,2
who.gho.cm-02,CM_02:JPN:SEX_FMLE:AGEGROUP_MONTHS0-11,1966-01-01,2026-09-07T15:51:16Z,high,12696.0,,who.gho.cm-02,raw/who.gho.cm-02/2026/09/20260907T155116Z-bb01bf96bc15.json.gz,2
who.gho.cm-02,CM_02:JPN:SEX_FMLE:AGEGROUP_MONTHS0-11,1966-01-01,2026-09-07T15:51:16Z,low,12180.0,,who.gho.cm-02,raw/who.gho.cm-02/2026/09/20260907T155116Z-bb01bf96bc15.json.gz,2
who.gho.cm-02,CM_02:JPN:SEX_FMLE:AGEGROUP_MONTHS0-11,1966-01-01,2026-09-07T15:51:16Z,restated_at,2026-08-04,,who.gho.cm-02,raw/who.gho.cm-02/2026/09/20260907T155116Z-bb01bf96bc15.json.gz,2
who.gho.cm-02,CM_02:JPN:SEX_FMLE:AGEGROUP_MONTHS0-11,1966-01-01,2026-09-07T15:51:16Z,value,12432.0,,who.gho.cm-02,raw/who.gho.cm-02/2026/09/20260907T155116Z-bb01bf96bc15.json.gz,2
who.gho.cm-02,CM_02:JPN:SEX_MLE:AGEGROUP_MONTHS0-11,1966-01-01,2026-09-07T15:50:57Z,high,17135.0,,who.gho.cm-02,raw/who.gho.cm-02/2026/09/20260907T155057Z-e03fd9f60113.json.gz,2
who.gho.cm-02,CM_02:JPN:SEX_MLE:AGEGROUP_MONTHS0-11,1966-01-01,2026-09-07T15:50:57Z,low,16463.0,,who.gho.cm-02,raw/who.gho.cm-02/2026/09/20260907T155057Z-e03fd9f60113.json.gz,2
who.gho.cm-02,CM_02:JPN:SEX_MLE:AGEGROUP_MONTHS0-11,1966-01-01,2026-09-07T15:50:57Z,restated_at,2026-08-04,,who.gho.cm-02,raw/who.gho.cm-02/2026/09/20260907T155057Z-e03fd9f60113.json.gz,2
who.gho.cm-02,CM_02:JPN:SEX_MLE:AGEGROUP_MONTHS0-11,1966-01-01,2026-09-07T15:50:57Z,value,16793.0,,who.gho.cm-02,raw/who.gho.cm-02/2026/09/20260907T155057Z-e03fd9f60113.json.gz,2
who.gho.cm-02,CM_02:KEN:SEX_BTSX:AGEGROUP_MONTHS0-11,1966-01-01,2026-09-07T15:51:21Z,high,51898.0,,who.gho.cm-02,raw/who.gho.cm-02/2026/09/20260907T155121Z-1b14643329ca.json.gz,2
who.gho.cm-02,CM_02:KEN:SEX_BTSX:AGEGROUP_MONTHS0-11,1966-01-01,2026-09-07T15:51:21Z,low,44919.0,,who.gho.cm-02,raw/who.gho.cm-02/2026/09/20260907T155121Z-1b14643329ca.json.gz,2
who.gho.cm-02,CM_02:KEN:SEX_BTSX:AGEGROUP_MONTHS0-11,1966-01-01,2026-09-07T15:51:21Z,restated_at,2026-08-04,,who.gho.cm-02,raw/who.gho.cm-02/2026/09/20260907T155121Z-1b14643329ca.json.gz,2
who.gho.cm-02,CM_02:KEN:SEX_BTSX:AGEGROUP_MONTHS0-11,1966-01-01,2026-09-07T15:51:21Z,value,48281.0,,who.gho.cm-02,raw/who.gho.cm-02/2026/09/20260907T155121Z-1b14643329ca.json.gz,2
who.gho.cm-02,CM_02:KEN:SEX_FMLE:AGEGROUP_MONTHS0-11,1966-01-01,2026-09-07T15:57:26Z,high,24361.0,,who.gho.cm-02,raw/who.gho.cm-02/2026/09/20260907T155726Z-31d0241a6d30.json.gz,2
who.gho.cm-02,CM_02:KEN:SEX_FMLE:AGEGROUP_MONTHS0-11,1966-01-01,2026-09-07T15:57:26Z,low,20820.0,,who.gho.cm-02,raw/who.gho.cm-02/2026/09/20260907T155726Z-31d0241a6d30.json.gz,2
who.gho.cm-02,CM_02:KEN:SEX_FMLE:AGEGROUP_MONTHS0-11,1966-01-01,2026-09-07T15:57:26Z,restated_at,2026-08-04,,who.gho.cm-02,raw/who.gho.cm-02/2026/09/20260907T155726Z-31d0241a6d30.json.gz,2
who.gho.cm-02,CM_02:KEN:SEX_FMLE:AGEGROUP_MONTHS0-11,1966-01-01,2026-09-07T15:57:26Z,value,22551.0,,who.gho.cm-02,raw/who.gho.cm-02/2026/09/20260907T155726Z-31d0241a6d30.json.gz,2
who.gho.cm-02,CM_02:KEN:SEX_MLE:AGEGROUP_MONTHS0-11,1966-01-01,2026-09-07T15:52:18Z,high,27795.0,,who.gho.cm-02,raw/who.gho.cm-02/2026/09/20260907T155218Z-7dbb6db1a58a.json.gz,2
who.gho.cm-02,CM_02:KEN:SEX_MLE:AGEGROUP_MONTHS0-11,1966-01-01,2026-09-07T15:52:18Z,low,23795.0,,who.gho.cm-02,raw/who.gho.cm-02/2026/09/20260907T155218Z-7dbb6db1a58a.json.gz,2
who.gho.cm-02,CM_02:KEN:SEX_MLE:AGEGROUP_MONTHS0-11,1966-01-01,2026-09-07T15:52:18Z,restated_at,2026-08-04,,who.gho.cm-02,raw/who.gho.cm-02/2026/09/20260907T155218Z-7dbb6db1a58a.json.gz,2
who.gho.cm-02,CM_02:KEN:SEX_MLE:AGEGROUP_MONTHS0-11,1966-01-01,2026-09-07T15:52:18Z,value,25730.0,,who.gho.cm-02,raw/who.gho.cm-02/2026/09/20260907T155218Z-7dbb6db1a58a.json.gz,2
who.gho.cm-02,CM_02:KIR:SEX_BTSX:AGEGROUP_MONTHS0-11,1966-01-01,2026-09-07T15:51:25Z,high,298.0,,who.gho.cm-02,raw/who.gho.cm-02/2026/09/20260907T155125Z-b41e2575e826.json.gz,2
who.gho.cm-02,CM_02:KIR:SEX_BTSX:AGEGROUP_MONTHS0-11,1966-01-01,2026-09-07T15:51:25Z,low,242.0,,who.gho.cm-02,raw/who.gho.cm-02/2026/09/20260907T155125Z-b41e2575e826.json.gz,2
who.gho.cm-02,CM_02:KIR:SEX_BTSX:AGEGROUP_MONTHS0-11,1966-01-01,2026-09-07T15:51:25Z,restated_at,2026-08-04,,who.gho.cm-02,raw/who.gho.cm-02/2026/09/20260907T155125Z-b41e2575e826.json.gz,2
who.gho.cm-02,CM_02:KIR:SEX_BTSX:AGEGROUP_MONTHS0-11,1966-01-01,2026-09-07T15:51:25Z,value,269.0,,who.gho.cm-02,raw/who.gho.cm-02/2026/09/20260907T155125Z-b41e2575e826.json.gz,2
who.gho.cm-02,CM_02:KIR:SEX_FMLE:AGEGROUP_MONTHS0-11,1966-01-01,2026-09-07T15:57:44Z,high,136.0,,who.gho.cm-02,raw/who.gho.cm-02/2026/09/20260907T155744Z-e141b36e0a87.json.gz,2
who.gho.cm-02,CM_02:KIR:SEX_FMLE:AGEGROUP_MONTHS0-11,1966-01-01,2026-09-07T15:57:44Z,low,107.0,,who.gho.cm-02,raw/who.gho.cm-02/2026/09/20260907T155744Z-e141b36e0a87.json.gz,2
who.gho.cm-02,CM_02:KIR:SEX_FMLE:AGEGROUP_MONTHS0-11,1966-01-01,2026-09-07T15:57:44Z,restated_at,2026-08-04,,who.gho.cm-02,raw/who.gho.cm-02/2026/09/20260907T155744Z-e141b36e0a87.json.gz,2
who.gho.cm-02,CM_02:KIR:SEX_FMLE:AGEGROUP_MONTHS0-11,1966-01-01,2026-09-07T15:57:44Z,value,121.0,,who.gho.cm-02,raw/who.gho.cm-02/2026/09/20260907T155744Z-e141b36e0a87.json.gz,2
who.gho.cm-02,CM_02:KIR:SEX_MLE:AGEGROUP_MONTHS0-11,1966-01-01,2026-09-07T15:56:55Z,high,166.0,,who.gho.cm-02,raw/who.gho.cm-02/2026/09/20260907T155655Z-a5ea76265971.json.gz,2
who.gho.cm-02,CM_02:KIR:SEX_MLE:AGEGROUP_MONTHS0-11,1966-01-01,2026-09-07T15:56:55Z,low,133.0,,who.gho.cm-02,raw/who.gho.cm-02/2026/09/20260907T155655Z-a5ea76265971.json.gz,2
who.gho.cm-02,CM_02:KIR:SEX_MLE:AGEGROUP_MONTHS0-11,1966-01-01,2026-09-07T15:56:55Z,restated_at,2026-08-04,,who.gho.cm-02,raw/who.gho.cm-02/2026/09/20260907T155655Z-a5ea76265971.json.gz,2
who.gho.cm-02,CM_02:KIR:SEX_MLE:AGEGROUP_MONTHS0-11,1966-01-01,2026-09-07T15:56:55Z,value,148.0,,who.gho.cm-02,raw/who.gho.cm-02/2026/09/20260907T155655Z-a5ea76265971.json.gz,2
who.gho.cm-02,CM_02:KOR:SEX_BTSX:AGEGROUP_MONTHS0-11,1966-01-01,2026-09-07T15:57:54Z,high,62137.0,,who.gho.cm-02,raw/who.gho.cm-02/2026/09/20260907T155754Z-3bea881db2b4.json.gz,2
who.gho.cm-02,CM_02:KOR:SEX_BTSX:AGEGROUP_MONTHS0-11,1966-01-01,2026-09-07T15:57:54Z,low,52185.0,,who.gho.cm-02,raw/who.gho.cm-02/2026/09/20260907T155754Z-3bea881db2b4.json.gz,2
who.gho.cm-02,CM_02:KOR:SEX_BTSX:AGEGROUP_MONTHS0-11,1966-01-01,2026-09-07T15:57:54Z,restated_at,2026-08-04,,who.gho.cm-02,raw/who.gho.cm-02/2026/09/20260907T155754Z-3bea881db2b4.json.gz,2
who.gho.cm-02,CM_02:KOR:SEX_BTSX:AGEGROUP_MONTHS0-11,1966-01-01,2026-09-07T15:57:54Z,value,56869.0,,who.gho.cm-02,raw/who.gho.cm-02/2026/09/20260907T155754Z-3bea881db2b4.json.gz,2
who.gho.cm-02,CM_02:KOR:SEX_FMLE:AGEGROUP_MONTHS0-11,1966-01-01,2026-09-07T15:56:37Z,high,28187.0,,who.gho.cm-02,raw/who.gho.cm-02/2026/09/20260907T155637Z-c7bda929b138.json.gz,2
who.gho.cm-02,CM_02:KOR:SEX_FMLE:AGEGROUP_MONTHS0-11,1966-01-01,2026-09-07T15:56:37Z,low,23200.0,,who.gho.cm-02,raw/who.gho.cm-02/2026/09/20260907T155637Z-c7bda929b138.json.gz,2
who.gho.cm-02,CM_02:KOR:SEX_FMLE:AGEGROUP_MONTHS0-11,1966-01-01,2026-09-07T15:56:37Z,restated_at,2026-08-04,,who.gho.cm-02,raw/who.gho.cm-02/2026/09/20260907T155637Z-c7bda929b138.json.gz,2
who.gho.cm-02,CM_02:KOR:SEX_FMLE:AGEGROUP_MONTHS0-11,1966-01-01,2026-09-07T15:56:37Z,value,25534.0,,who.gho.cm-02,raw/who.gho.cm-02/2026/09/20260907T155637Z-c7bda929b138.json.gz,2
who.gho.cm-02,CM_02:KOR:SEX_MLE:AGEGROUP_MONTHS0-11,1966-01-01,2026-09-07T15:56:27Z,high,34496.0,,who.gho.cm-02,raw/who.gho.cm-02/2026/09/20260907T155627Z-19eb4e6c1215.json.gz,2
who.gho.cm-02,CM_02:KOR:SEX_MLE:AGEGROUP_MONTHS0-11,1966-01-01,2026-09-07T15:56:27Z,low,28531.0,,who.gho.cm-02,raw/who.gho.cm-02/2026/09/20260907T155627Z-19eb4e6c1215.json.gz,2
who.gho.cm-02,CM_02:KOR:SEX_MLE:AGEGROUP_MONTHS0-11,1966-01-01,2026-09-07T15:56:27Z,restated_at,2026-08-04,,who.gho.cm-02,raw/who.gho.cm-02/2026/09/20260907T155627Z-19eb4e6c1215.json.gz,2
who.gho.cm-02,CM_02:KOR:SEX_MLE:AGEGROUP_MONTHS0-11,1966-01-01,2026-09-07T15:56:27Z,value,31335.0,,who.gho.cm-02,raw/who.gho.cm-02/2026/09/20260907T155627Z-19eb4e6c1215.json.gz,2
who.gho.cm-02,CM_02:KWT:SEX_BTSX:AGEGROUP_MONTHS0-11,1966-01-01,2026-09-07T15:56:27Z,high,2054.0,,who.gho.cm-02,raw/who.gho.cm-02/2026/09/20260907T155627Z-19eb4e6c1215.json.gz,2
who.gho.cm-02,CM_02:KWT:SEX_BTSX:AGEGROUP_MONTHS0-11,1966-01-01,2026-09-07T15:56:27Z,low,1554.0,,who.gho.cm-02,raw/who.gho.cm-02/2026/09/20260907T155627Z-19eb4e6c1215.json.gz,2
who.gho.cm-02,CM_02:KWT:SEX_BTSX:AGEGROUP_MONTHS0-11,1966-01-01,2026-09-07T15:56:27Z,restated_at,2026-08-04,,who.gho.cm-02,raw/who.gho.cm-02/2026/09/20260907T155627Z-19eb4e6c1215.json.gz,2
who.gho.cm-02,CM_02:KWT:SEX_BTSX:AGEGROUP_MONTHS0-11,1966-01-01,2026-09-07T15:56:27Z,value,1795.0,,who.gho.cm-02,raw/who.gho.cm-02/2026/09/20260907T155627Z-19eb4e6c1215.json.gz,2
who.gho.cm-02,CM_02:KWT:SEX_FMLE:AGEGROUP_MONTHS0-11,1966-01-01,2026-09-07T15:51:30Z,high,943.0,,who.gho.cm-02,raw/who.gho.cm-02/2026/09/20260907T155130Z-b74d44aee08e.json.gz,2
who.gho.cm-02,CM_02:KWT:SEX_FMLE:AGEGROUP_MONTHS0-11,1966-01-01,2026-09-07T15:51:30Z,low,706.0,,who.gho.cm-02,raw/who.gho.cm-02/2026/09/20260907T155130Z-b74d44aee08e.json.gz,2
who.gho.cm-02,CM_02:KWT:SEX_FMLE:AGEGROUP_MONTHS0-11,1966-01-01,2026-09-07T15:51:30Z,restated_at,2026-08-04,,who.gho.cm-02,raw/who.gho.cm-02/2026/09/20260907T155130Z-b74d44aee08e.json.gz,2
who.gho.cm-02,CM_02:KWT:SEX_FMLE:AGEGROUP_MONTHS0-11,1966-01-01,2026-09-07T15:51:30Z,value,820.0,,who.gho.cm-02,raw/who.gho.cm-02/2026/09/20260907T155130Z-b74d44aee08e.json.gz,2
who.gho.cm-02,CM_02:KWT:SEX_MLE:AGEGROUP_MONTHS0-11,1966-01-01,2026-09-07T15:51:30Z,high,1119.0,,who.gho.cm-02,raw/who.gho.cm-02/2026/09/20260907T155130Z-b74d44aee08e.json.gz,2
who.gho.cm-02,CM_02:KWT:SEX_MLE:AGEGROUP_MONTHS0-11,1966-01-01,2026-09-07T15:51:30Z,low,841.0,,who.gho.cm-02,raw/who.gho.cm-02/2026/09/20260907T155130Z-b74d44aee08e.json.gz,2
who.gho.cm-02,CM_02:KWT:SEX_MLE:AGEGROUP_MONTHS0-11,1966-01-01,2026-09-07T15:51:30Z,restated_at,2026-08-04,,who.gho.cm-02,raw/who.gho.cm-02/2026/09/20260907T155130Z-b74d44aee08e.json.gz,2
who.gho.cm-02,CM_02:KWT:SEX_MLE:AGEGROUP_MONTHS0-11,1966-01-01,2026-09-07T15:51:30Z,value,975.0,,who.gho.cm-02,raw/who.gho.cm-02/2026/09/20260907T155130Z-b74d44aee08e.json.gz,2
who.gho.cm-02,CM_02:LBN:SEX_BTSX:AGEGROUP_MONTHS0-11,1966-01-01,2026-09-07T15:56:41Z,high,5070.0,,who.gho.cm-02,raw/who.gho.cm-02/2026/09/20260907T155641Z-022407e160ee.json.gz,2
who.gho.cm-02,CM_02:LBN:SEX_BTSX:AGEGROUP_MONTHS0-11,1966-01-01,2026-09-07T15:56:41Z,low,3575.0,,who.gho.cm-02,raw/who.gho.cm-02/2026/09/20260907T155641Z-022407e160ee.json.gz,2
who.gho.cm-02,CM_02:LBN:SEX_BTSX:AGEGROUP_MONTHS0-11,1966-01-01,2026-09-07T15:56:41Z,restated_at,2026-08-04,,who.gho.cm-02,raw/who.gho.cm-02/2026/09/20260907T155641Z-022407e160ee.json.gz,2
who.gho.cm-02,CM_02:LBN:SEX_BTSX:AGEGROUP_MONTHS0-11,1966-01-01,2026-09-07T15:56:41Z,value,4248.0,,who.gho.cm-02,raw/who.gho.cm-02/2026/09/20260907T155641Z-022407e160ee.json.gz,2
who.gho.cm-02,CM_02:LBN:SEX_FMLE:AGEGROUP_MONTHS0-11,1966-01-01,2026-09-07T15:56:48Z,high,2306.0,,who.gho.cm-02,raw/who.gho.cm-02/2026/09/20260907T155648Z-e962102586d9.json.gz,2
who.gho.cm-02,CM_02:LBN:SEX_FMLE:AGEGROUP_MONTHS0-11,1966-01-01,2026-09-07T15:56:48Z,low,1598.0,,who.gho.cm-02,raw/who.gho.cm-02/2026/09/20260907T155648Z-e962102586d9.json.gz,2
who.gho.cm-02,CM_02:LBN:SEX_FMLE:AGEGROUP_MONTHS0-11,1966-01-01,2026-09-07T15:56:48Z,restated_at,2026-08-04,,who.gho.cm-02,raw/who.gho.cm-02/2026/09/20260907T155648Z-e962102586d9.json.gz,2
who.gho.cm-02,CM_02:LBN:SEX_FMLE:AGEGROUP_MONTHS0-11,1966-01-01,2026-09-07T15:56:48Z,value,1916.0,,who.gho.cm-02,raw/who.gho.cm-02/2026/09/20260907T155648Z-e962102586d9.json.gz,2
who.gho.cm-02,CM_02:LBN:SEX_MLE:AGEGROUP_MONTHS0-11,1966-01-01,2026-09-07T15:50:57Z,high,2801.0,,who.gho.cm-02,raw/who.gho.cm-02/2026/09/20260907T155057Z-e03fd9f60113.json.gz,2
who.gho.cm-02,CM_02:LBN:SEX_MLE:AGEGROUP_MONTHS0-11,1966-01-01,2026-09-07T15:50:57Z,low,1960.0,,who.gho.cm-02,raw/who.gho.cm-02/2026/09/20260907T155057Z-e03fd9f60113.json.gz,2
who.gho.cm-02,CM_02:LBN:SEX_MLE:AGEGROUP_MONTHS0-11,1966-01-01,2026-09-07T15:50:57Z,restated_at,2026-08-04,,who.gho.cm-02,raw/who.gho.cm-02/2026/09/20260907T155057Z-e03fd9f60113.json.gz,2
who.gho.cm-02,CM_02:LBN:SEX_MLE:AGEGROUP_MONTHS0-11,1966-01-01,2026-09-07T15:50:57Z,value,2332.0,,who.gho.cm-02,raw/who.gho.cm-02/2026/09/20260907T155057Z-e03fd9f60113.json.gz,2
who.gho.cm-02,CM_02:LBR:SEX_BTSX:AGEGROUP_MONTHS0-11,1966-01-01,2026-09-07T15:51:25Z,high,13632.0,,who.gho.cm-02,raw/who.gho.cm-02/2026/09/20260907T155125Z-b41e2575e826.json.gz,2
who.gho.cm-02,CM_02:LBR:SEX_BTSX:AGEGROUP_MONTHS0-11,1966-01-01,2026-09-07T15:51:25Z,low,10889.0,,who.gho.cm-02,raw/who.gho.cm-02/2026/09/20260907T155125Z-b41e2575e826.json.gz,2
who.gho.cm-02,CM_02:LBR:SEX_BTSX:AGEGROUP_MONTHS0-11,1966-01-01,2026-09-07T15:51:25Z,restated_at,2026-08-04,,who.gho.cm-02,raw/who.gho.cm-02/2026/09/20260907T155125Z-b41e2575e826.json.gz,2
who.gho.cm-02,CM_02:LBR:SEX_BTSX:AGEGROUP_MONTHS0-11,1966-01-01,2026-09-07T15:51:25Z,value,12147.0,,who.gho.cm-02,raw/who.gho.cm-02/2026/09/20260907T155125Z-b41e2575e826.json.gz,2
who.gho.cm-02,CM_02:LBR:SEX_FMLE:AGEGROUP_MONTHS0-11,1966-01-01,2026-09-07T15:58:07Z,high,6132.0,,who.gho.cm-02,raw/who.gho.cm-02/2026/09/20260907T155807Z-33d1eb328c3d.json.gz,2
who.gho.cm-02,CM_02:LBR:SEX_FMLE:AGEGROUP_MONTHS0-11,1966-01-01,2026-09-07T15:58:07Z,low,4821.0,,who.gho.cm-02,raw/who.gho.cm-02/2026/09/20260907T155807Z-33d1eb328c3d.json.gz,2
who.gho.cm-02,CM_02:LBR:SEX_FMLE:AGEGROUP_MONTHS0-11,1966-01-01,2026-09-07T15:58:07Z,restated_at,2026-08-04,,who.gho.cm-02,raw/who.gho.cm-02/2026/09/20260907T155807Z-33d1eb328c3d.json.gz,2
who.gho.cm-02,CM_02:LBR:SEX_FMLE:AGEGROUP_MONTHS0-11,1966-01-01,2026-09-07T15:58:07Z,value,5430.0,,who.gho.cm-02,raw/who.gho.cm-02/2026/09/20260907T155807Z-33d1eb328c3d.json.gz,2
who.gho.cm-02,CM_02:LBR:SEX_MLE:AGEGROUP_MONTHS0-11,1966-01-01,2026-09-07T15:51:16Z,high,7563.0,,who.gho.cm-02,raw/who.gho.cm-02/2026/09/20260907T155116Z-bb01bf96bc15.json.gz,2
who.gho.cm-02,CM_02:LBR:SEX_MLE:AGEGROUP_MONTHS0-11,1966-01-01,2026-09-07T15:51:16Z,low,5998.0,,who.gho.cm-02,raw/who.gho.cm-02/2026/09/20260907T155116Z-bb01bf96bc15.json.gz,2
who.gho.cm-02,CM_02:LBR:SEX_MLE:AGEGROUP_MONTHS0-11,1966-01-01,2026-09-07T15:51:16Z,restated_at,2026-08-04,,who.gho.cm-02,raw/who.gho.cm-02/2026/09/20260907T155116Z-bb01bf96bc15.json.gz,2
who.gho.cm-02,CM_02:LBR:SEX_MLE:AGEGROUP_MONTHS0-11,1966-01-01,2026-09-07T15:51:16Z,value,6717.0,,who.gho.cm-02,raw/who.gho.cm-02/2026/09/20260907T155116Z-bb01bf96bc15.json.gz,2
who.gho.cm-02,CM_02:LBY:SEX_BTSX:AGEGROUP_MONTHS0-11,1966-01-01,2026-09-07T15:51:01Z,high,13619.0,,who.gho.cm-02,raw/who.gho.cm-02/2026/09/20260907T155101Z-65d1a3fa0413.json.gz,2
who.gho.cm-02,CM_02:LBY:SEX_BTSX:AGEGROUP_MONTHS0-11,1966-01-01,2026-09-07T15:51:01Z,low,10241.0,,who.gho.cm-02,raw/who.gho.cm-02/2026/09/20260907T155101Z-65d1a3fa0413.json.gz,2
who.gho.cm-02,CM_02:LBY:SEX_BTSX:AGEGROUP_MONTHS0-11,1966-01-01,2026-09-07T15:51:01Z,restated_at,2026-08-04,,who.gho.cm-02,raw/who.gho.cm-02/2026/09/20260907T155101Z-65d1a3fa0413.json.gz,2
who.gho.cm-02,CM_02:LBY:SEX_BTSX:AGEGROUP_MONTHS0-11,1966-01-01,2026-09-07T15:51:01Z,value,11833.0,,who.gho.cm-02,raw/who.gho.cm-02/2026/09/20260907T155101Z-65d1a3fa0413.json.gz,2
who.gho.cm-02,CM_02:LBY:SEX_FMLE:AGEGROUP_MONTHS0-11,1966-01-01,2026-09-07T15:57:40Z,high,6282.0,,who.gho.cm-02,raw/who.gho.cm-02/2026/09/20260907T155740Z-31068700a25d.json.gz,2
who.gho.cm-02,CM_02:LBY:SEX_FMLE:AGEGROUP_MONTHS0-11,1966-01-01,2026-09-07T15:57:40Z,low,4623.0,,who.gho.cm-02,raw/who.gho.cm-02/2026/09/20260907T155740Z-31068700a25d.json.gz,2
who.gho.cm-02,CM_02:LBY:SEX_FMLE:AGEGROUP_MONTHS0-11,1966-01-01,2026-09-07T15:57:40Z,restated_at,2026-08-04,,who.gho.cm-02,raw/who.gho.cm-02/2026/09/20260907T155740Z-31068700a25d.json.gz,2
who.gho.cm-02,CM_02:LBY:SEX_FMLE:AGEGROUP_MONTHS0-11,1966-01-01,2026-09-07T15:57:40Z,value,5396.0,,who.gho.cm-02,raw/who.gho.cm-02/2026/09/20260907T155740Z-31068700a25d.json.gz,2
who.gho.cm-02,CM_02:LBY:SEX_MLE:AGEGROUP_MONTHS0-11,1966-01-01,2026-09-07T15:52:37Z,high,7456.0,,who.gho.cm-02,raw/who.gho.cm-02/2026/09/20260907T155237Z-35c7d31783eb.json.gz,2
who.gho.cm-02,CM_02:LBY:SEX_MLE:AGEGROUP_MONTHS0-11,1966-01-01,2026-09-07T15:52:37Z,low,5525.0,,who.gho.cm-02,raw/who.gho.cm-02/2026/09/20260907T155237Z-35c7d31783eb.json.gz,2
who.gho.cm-02,CM_02:LBY:SEX_MLE:AGEGROUP_MONTHS0-11,1966-01-01,2026-09-07T15:52:37Z,restated_at,2026-08-04,,who.gho.cm-02,raw/who.gho.cm-02/2026/09/20260907T155237Z-35c7d31783eb.json.gz,2
who.gho.cm-02,CM_02:LBY:SEX_MLE:AGEGROUP_MONTHS0-11,1966-01-01,2026-09-07T15:52:37Z,value,6437.0,,who.gho.cm-02,raw/who.gho.cm-02/2026/09/20260907T155237Z-35c7d31783eb.json.gz,2
who.gho.cm-02,CM_02:LCA:SEX_BTSX:AGEGROUP_MONTHS0-11,1966-01-01,2026-09-07T15:58:07Z,high,282.0,,who.gho.cm-02,raw/who.gho.cm-02/2026/09/20260907T155807Z-33d1eb328c3d.json.gz,2
who.gho.cm-02,CM_02:LCA:SEX_BTSX:AGEGROUP_MONTHS0-11,1966-01-01,2026-09-07T15:58:07Z,low,254.0,,who.gho.cm-02,raw/who.gho.cm-02/2026/09/20260907T155807Z-33d1eb328c3d.json.gz,2
who.gho.cm-02,CM_02:LCA:SEX_BTSX:AGEGROUP_MONTHS0-11,1966-01-01,2026-09-07T15:58:07Z,restated_at,2025-04-15,,who.gho.cm-02,raw/who.gho.cm-02/2026/09/20260907T155807Z-33d1eb328c3d.json.gz,2
who.gho.cm-02,CM_02:LCA:SEX_BTSX:AGEGROUP_MONTHS0-11,1966-01-01,2026-09-07T15:58:07Z,value,268.0,,who.gho.cm-02,raw/who.gho.cm-02/2026/09/20260907T155807Z-33d1eb328c3d.json.gz,2
who.gho.cm-02,CM_02:LCA:SEX_FMLE:AGEGROUP_MONTHS0-11,1966-01-01,2026-09-07T15:57:40Z,high,129.0,,who.gho.cm-02,raw/who.gho.cm-02/2026/09/20260907T155740Z-31068700a25d.json.gz,2
who.gho.cm-02,CM_02:LCA:SEX_FMLE:AGEGROUP_MONTHS0-11,1966-01-01,2026-09-07T15:57:40Z,low,114.0,,who.gho.cm-02,raw/who.gho.cm-02/2026/09/20260907T155740Z-31068700a25d.json.gz,2
who.gho.cm-02,CM_02:LCA:SEX_FMLE:AGEGROUP_MONTHS0-11,1966-01-01,2026-09-07T15:57:40Z,restated_at,2026-08-04,,who.gho.cm-02,raw/who.gho.cm-02/2026/09/20260907T155740Z-31068700a25d.json.gz,2
who.gho.cm-02,CM_02:LCA:SEX_FMLE:AGEGROUP_MONTHS0-11,1966-01-01,2026-09-07T15:57:40Z,value,122.0,,who.gho.cm-02,raw/who.gho.cm-02/2026/09/20260907T155740Z-31068700a25d.json.gz,2
who.gho.cm-02,CM_02:LCA:SEX_MLE:AGEGROUP_MONTHS0-11,1966-01-01,2026-09-07T15:57:17Z,high,155.0,,who.gho.cm-02,raw/who.gho.cm-02/2026/09/20260907T155717Z-89bc69b90b61.json.gz,2
who.gho.cm-02,CM_02:LCA:SEX_MLE:AGEGROUP_MONTHS0-11,1966-01-01,2026-09-07T15:57:17Z,low,138.0,,who.gho.cm-02,raw/who.gho.cm-02/2026/09/20260907T155717Z-89bc69b90b61.json.gz,2
who.gho.cm-02,CM_02:LCA:SEX_MLE:AGEGROUP_MONTHS0-11,1966-01-01,2026-09-07T15:57:17Z,restated_at,2026-08-04,,who.gho.cm-02,raw/who.gho.cm-02/2026/09/20260907T155717Z-89bc69b90b61.json.gz,2
who.gho.cm-02,CM_02:LCA:SEX_MLE:AGEGROUP_MONTHS0-11,1966-01-01,2026-09-07T15:57:17Z,value,146.0,,who.gho.cm-02,raw/who.gho.cm-02/2026/09/20260907T155717Z-89bc69b90b61.json.gz,2
who.gho.cm-02,CM_02:LKA:SEX_BTSX:AGEGROUP_MONTHS0-11,1966-01-01,2026-09-07T15:51:44Z,high,19387.0,,who.gho.cm-02,raw/who.gho.cm-02/2026/09/20260907T155144Z-505d97ce9093.json.gz,2
who.gho.cm-02,CM_02:LKA:SEX_BTSX:AGEGROUP_MONTHS0-11,1966-01-01,2026-09-07T15:51:44Z,low,18669.0,,who.gho.cm-02,raw/who.gho.cm-02/2026/09/20260907T155144Z-505d97ce9093.json.gz,2
who.gho.cm-02,CM_02:LKA:SEX_BTSX:AGEGROUP_MONTHS0-11,1966-01-01,2026-09-07T15:51:44Z,restated_at,2026-08-04,,who.gho.cm-02,raw/who.gho.cm-02/2026/09/20260907T155144Z-505d97ce9093.json.gz,2
who.gho.cm-02,CM_02:LKA:SEX_BTSX:AGEGROUP_MONTHS0-11,1966-01-01,2026-09-07T15:51:44Z,value,19024.0,,who.gho.cm-02,raw/who.gho.cm-02/2026/09/20260907T155144Z-505d97ce9093.json.gz,2
who.gho.cm-02,CM_02:LKA:SEX_FMLE:AGEGROUP_MONTHS0-11,1966-01-01,2026-09-07T15:51:01Z,high,8630.0,,who.gho.cm-02,raw/who.gho.cm-02/2026/09/20260907T155101Z-65d1a3fa0413.json.gz,2
who.gho.cm-02,CM_02:LKA:SEX_FMLE:AGEGROUP_MONTHS0-11,1966-01-01,2026-09-07T15:51:01Z,low,8273.0,,who.gho.cm-02,raw/who.gho.cm-02/2026/09/20260907T155101Z-65d1a3fa0413.json.gz,2
who.gho.cm-02,CM_02:LKA:SEX_FMLE:AGEGROUP_MONTHS0-11,1966-01-01,2026-09-07T15:51:01Z,restated_at,2026-08-04,,who.gho.cm-02,raw/who.gho.cm-02/2026/09/20260907T155101Z-65d1a3fa0413.json.gz,2
who.gho.cm-02,CM_02:LKA:SEX_FMLE:AGEGROUP_MONTHS0-11,1966-01-01,2026-09-07T15:51:01Z,value,8453.0,,who.gho.cm-02,raw/who.gho.cm-02/2026/09/20260907T155101Z-65d1a3fa0413.json.gz,2
who.gho.cm-02,CM_02:LKA:SEX_MLE:AGEGROUP_MONTHS0-11,1966-01-01,2026-09-07T15:51:44Z,high,10783.0,,who.gho.cm-02,raw/who.gho.cm-02/2026/09/20260907T155144Z-505d97ce9093.json.gz,2
who.gho.cm-02,CM_02:LKA:SEX_MLE:AGEGROUP_MONTHS0-11,1966-01-01,2026-09-07T15:51:44Z,low,10353.0,,who.gho.cm-02,raw/who.gho.cm-02/2026/09/20260907T155144Z-505d97ce9093.json.gz,2
who.gho.cm-02,CM_02:LKA:SEX_MLE:AGEGROUP_MONTHS0-11,1966-01-01,2026-09-07T15:51:44Z,restated_at,2026-08-04,,who.gho.cm-02,raw/who.gho.cm-02/2026/09/20260907T155144Z-505d97ce9093.json.gz,2
who.gho.cm-02,CM_02:LKA:SEX_MLE:AGEGROUP_MONTHS0-11,1966-01-01,2026-09-07T15:51:44Z,value,10571.0,,who.gho.cm-02,raw/who.gho.cm-02/2026/09/20260907T155144Z-505d97ce9093.json.gz,2
who.gho.cm-02,CM_02:LSO:SEX_BTSX:AGEGROUP_MONTHS0-11,1966-01-01,2026-09-07T15:57:12Z,high,5797.0,,who.gho.cm-02,raw/who.gho.cm-02/2026/09/20260907T155712Z-98aa519eeacd.json.gz,2
who.gho.cm-02,CM_02:LSO:SEX_BTSX:AGEGROUP_MONTHS0-11,1966-01-01,2026-09-07T15:57:12Z,low,4914.0,,who.gho.cm-02,raw/who.gho.cm-02/2026/09/20260907T155712Z-98aa519eeacd.json.gz,2
who.gho.cm-02,CM_02:LSO:SEX_BTSX:AGEGROUP_MONTHS0-11,1966-01-01,2026-09-07T15:57:12Z,restated_at,2026-08-04,,who.gho.cm-02,raw/who.gho.cm-02/2026/09/20260907T155712Z-98aa519eeacd.json.gz,2
who.gho.cm-02,CM_02:LSO:SEX_BTSX:AGEGROUP_MONTHS0-11,1966-01-01,2026-09-07T15:57:12Z,value,5335.0,,who.gho.cm-02,raw/who.gho.cm-02/2026/09/20260907T155712Z-98aa519eeacd.json.gz,2
who.gho.cm-02,CM_02:LSO:SEX_FMLE:AGEGROUP_MONTHS0-11,1966-01-01,2026-09-07T15:57:12Z,high,2730.0,,who.gho.cm-02,raw/who.gho.cm-02/2026/09/20260907T155712Z-98aa519eeacd.json.gz,2
who.gho.cm-02,CM_02:LSO:SEX_FMLE:AGEGROUP_MONTHS0-11,1966-01-01,2026-09-07T15:57:12Z,low,2274.0,,who.gho.cm-02,raw/who.gho.cm-02/2026/09/20260907T155712Z-98aa519eeacd.json.gz,2
who.gho.cm-02,CM_02:LSO:SEX_FMLE:AGEGROUP_MONTHS0-11,1966-01-01,2026-09-07T15:57:12Z,restated_at,2026-08-04,,who.gho.cm-02,raw/who.gho.cm-02/2026/09/20260907T155712Z-98aa519eeacd.json.gz,2
who.gho.cm-02,CM_02:LSO:SEX_FMLE:AGEGROUP_MONTHS0-11,1966-01-01,2026-09-07T15:57:12Z,value,2492.0,,who.gho.cm-02,raw/who.gho.cm-02/2026/09/20260907T155712Z-98aa519eeacd.json.gz,2
who.gho.cm-02,CM_02:LSO:SEX_MLE:AGEGROUP_MONTHS0-11,1966-01-01,2026-09-07T15:56:41Z,high,3100.0,,who.gho.cm-02,raw/who.gho.cm-02/2026/09/20260907T155641Z-022407e160ee.json.gz,2
who.gho.cm-02,CM_02:LSO:SEX_MLE:AGEGROUP_MONTHS0-11,1966-01-01,2026-09-07T15:56:41Z,low,2601.0,,who.gho.cm-02,raw/who.gho.cm-02/2026/09/20260907T155641Z-022407e160ee.json.gz,2
who.gho.cm-02,CM_02:LSO:SEX_MLE:AGEGROUP_MONTHS0-11,1966-01-01,2026-09-07T15:56:41Z,restated_at,2026-08-04,,who.gho.cm-02,raw/who.gho.cm-02/2026/09/20260907T155641Z-022407e160ee.json.gz,2
who.gho.cm-02,CM_02:LSO:SEX_MLE:AGEGROUP_MONTHS0-11,1966-01-01,2026-09-07T15:56:41Z,value,2843.0,,who.gho.cm-02,raw/who.gho.cm-02/2026/09/20260907T155641Z-022407e160ee.json.gz,2
who.gho.cm-02,CM_02:LTU:SEX_BTSX:AGEGROUP_MONTHS0-11,1966-01-01,2026-09-07T15:50:52Z,high,1357.0,,who.gho.cm-02,raw/who.gho.cm-02/2026/09/20260907T155052Z-3109a96dcee3.json.gz,2
who.gho.cm-02,CM_02:LTU:SEX_BTSX:AGEGROUP_MONTHS0-11,1966-01-01,2026-09-07T15:50:52Z,low,1202.0,,who.gho.cm-02,raw/who.gho.cm-02/2026/09/20260907T155052Z-3109a96dcee3.json.gz,2
who.gho.cm-02,CM_02:LTU:SEX_BTSX:AGEGROUP_MONTHS0-11,1966-01-01,2026-09-07T15:50:52Z,restated_at,2026-08-04,,who.gho.cm-02,raw/who.gho.cm-02/2026/09/20260907T155052Z-3109a96dcee3.json.gz,2
who.gho.cm-02,CM_02:LTU:SEX_BTSX:AGEGROUP_MONTHS0-11,1966-01-01,2026-09-07T15:50:52Z,value,1279.0,,who.gho.cm-02,raw/who.gho.cm-02/2026/09/20260907T155052Z-3109a96dcee3.json.gz,2
who.gho.cm-02,CM_02:LTU:SEX_FMLE:AGEGROUP_MONTHS0-11,1966-01-01,2026-09-07T15:50:52Z,high,577.0,,who.gho.cm-02,raw/who.gho.cm-02/2026/09/20260907T155052Z-3109a96dcee3.json.gz,2
who.gho.cm-02,CM_02:LTU:SEX_FMLE:AGEGROUP_MONTHS0-11,1966-01-01,2026-09-07T15:50:52Z,low,504.0,,who.gho.cm-02,raw/who.gho.cm-02/2026/09/20260907T155052Z-3109a96dcee3.json.gz,2
who.gho.cm-02,CM_02:LTU:SEX_FMLE:AGEGROUP_MONTHS0-11,1966-01-01,2026-09-07T15:50:52Z,restated_at,2026-08-04,,who.gho.cm-02,raw/who.gho.cm-02/2026/09/20260907T155052Z-3109a96dcee3.json.gz,2
who.gho.cm-02,CM_02:LTU:SEX_FMLE:AGEGROUP_MONTHS0-11,1966-01-01,2026-09-07T15:50:52Z,value,540.0,,who.gho.cm-02,raw/who.gho.cm-02/2026/09/20260907T155052Z-3109a96dcee3.json.gz,2
who.gho.cm-02,CM_02:LTU:SEX_MLE:AGEGROUP_MONTHS0-11,1966-01-01,2026-09-07T15:50:52Z,high,788.0,,who.gho.cm-02,raw/who.gho.cm-02/2026/09/20260907T155052Z-3109a96dcee3.json.gz,2
who.gho.cm-02,CM_02:LTU:SEX_MLE:AGEGROUP_MONTHS0-11,1966-01-01,2026-09-07T15:50:52Z,low,690.0,,who.gho.cm-02,raw/who.gho.cm-02/2026/09/20260907T155052Z-3109a96dcee3.json.gz,2
who.gho.cm-02,CM_02:LTU:SEX_MLE:AGEGROUP_MONTHS0-11,1966-01-01,2026-09-07T15:50:52Z,restated_at,2026-08-04,,who.gho.cm-02,raw/who.gho.cm-02/2026/09/20260907T155052Z-3109a96dcee3.json.gz,2
who.gho.cm-02,CM_02:LTU:SEX_MLE:AGEGROUP_MONTHS0-11,1966-01-01,2026-09-07T15:50:52Z,value,739.0,,who.gho.cm-02,raw/who.gho.cm-02/2026/09/20260907T155052Z-3109a96dcee3.json.gz,2
who.gho.cm-02,CM_02:LUX:SEX_BTSX:AGEGROUP_MONTHS0-11,1966-01-01,2026-09-07T15:56:27Z,high,129.0,,who.gho.cm-02,raw/who.gho.cm-02/2026/09/20260907T155627Z-19eb4e6c1215.json.gz,2
who.gho.cm-02,CM_02:LUX:SEX_BTSX:AGEGROUP_MONTHS0-11,1966-01-01,2026-09-07T15:56:27Z,low,114.0,,who.gho.cm-02,raw/who.gho.cm-02/2026/09/20260907T155627Z-19eb4e6c1215.json.gz,2
who.gho.cm-02,CM_02:LUX:SEX_BTSX:AGEGROUP_MONTHS0-11,1966-01-01,2026-09-07T15:56:27Z,restated_at,2025-04-15,,who.gho.cm-02,raw/who.gho.cm-02/2026/09/20260907T155627Z-19eb4e6c1215.json.gz,2
who.gho.cm-02,CM_02:LUX:SEX_BTSX:AGEGROUP_MONTHS0-11,1966-01-01,2026-09-07T15:56:27Z,value,121.0,,who.gho.cm-02,raw/who.gho.cm-02/2026/09/20260907T155627Z-19eb4e6c1215.json.gz,2
who.gho.cm-02,CM_02:LUX:SEX_FMLE:AGEGROUP_MONTHS0-11,1966-01-01,2026-09-07T15:52:03Z,high,55.0,,who.gho.cm-02,raw/who.gho.cm-02/2026/09/20260907T155203Z-07dabadb5738.json.gz,2
who.gho.cm-02,CM_02:LUX:SEX_FMLE:AGEGROUP_MONTHS0-11,1966-01-01,2026-09-07T15:52:03Z,low,47.0,,who.gho.cm-02,raw/who.gho.cm-02/2026/09/20260907T155203Z-07dabadb5738.json.gz,2
who.gho.cm-02,CM_02:LUX:SEX_FMLE:AGEGROUP_MONTHS0-11,1966-01-01,2026-09-07T15:52:03Z,restated_at,2025-04-15,,who.gho.cm-02,raw/who.gho.cm-02/2026/09/20260907T155203Z-07dabadb5738.json.gz,2
who.gho.cm-02,CM_02:LUX:SEX_FMLE:AGEGROUP_MONTHS0-11,1966-01-01,2026-09-07T15:52:03Z,value,51.0,,who.gho.cm-02,raw/who.gho.cm-02/2026/09/20260907T155203Z-07dabadb5738.json.gz,2
who.gho.cm-02,CM_02:LUX:SEX_MLE:AGEGROUP_MONTHS0-11,1966-01-01,2026-09-07T15:58:25Z,high,75.0,,who.gho.cm-02,raw/who.gho.cm-02/2026/09/20260907T155825Z-6675ad1e3bc7.json.gz,2
who.gho.cm-02,CM_02:LUX:SEX_MLE:AGEGROUP_MONTHS0-11,1966-01-01,2026-09-07T15:58:25Z,low,66.0,,who.gho.cm-02,raw/who.gho.cm-02/2026/09/20260907T155825Z-6675ad1e3bc7.json.gz,2
who.gho.cm-02,CM_02:LUX:SEX_MLE:AGEGROUP_MONTHS0-11,1966-01-01,2026-09-07T15:58:25Z,restated_at,2025-04-15,,who.gho.cm-02,raw/who.gho.cm-02/2026/09/20260907T155825Z-6675ad1e3bc7.json.gz,2
who.gho.cm-02,CM_02:LUX:SEX_MLE:AGEGROUP_MONTHS0-11,1966-01-01,2026-09-07T15:58:25Z,value,70.0,,who.gho.cm-02,raw/who.gho.cm-02/2026/09/20260907T155825Z-6675ad1e3bc7.json.gz,2
who.gho.cm-02,CM_02:LVA:SEX_BTSX:AGEGROUP_MONTHS0-11,1966-01-01,2026-09-07T15:50:52Z,high,629.0,,who.gho.cm-02,raw/who.gho.cm-02/2026/09/20260907T155052Z-3109a96dcee3.json.gz,2
who.gho.cm-02,CM_02:LVA:SEX_BTSX:AGEGROUP_MONTHS0-11,1966-01-01,2026-09-07T15:50:52Z,low,549.0,,who.gho.cm-02,raw/who.gho.cm-02/2026/09/20260907T155052Z-3109a96dcee3.json.gz,2
who.gho.cm-02,CM_02:LVA:SEX_BTSX:AGEGROUP_MONTHS0-11,1966-01-01,2026-09-07T15:50:52Z,restated_at,2026-08-04,,who.gho.cm-02,raw/who.gho.cm-02/2026/09/20260907T155052Z-3109a96dcee3.json.gz,2
who.gho.cm-02,CM_02:LVA:SEX_BTSX:AGEGROUP_MONTHS0-11,1966-01-01,2026-09-07T15:50:52Z,value,588.0,,who.gho.cm-02,raw/who.gho.cm-02/2026/09/20260907T155052Z-3109a96dcee3.json.gz,2
who.gho.cm-02,CM_02:LVA:SEX_FMLE:AGEGROUP_MONTHS0-11,1966-01-01,2026-09-07T15:50:52Z,high,269.0,,who.gho.cm-02,raw/who.gho.cm-02/2026/09/20260907T155052Z-3109a96dcee3.json.gz,2
who.gho.cm-02,CM_02:LVA:SEX_FMLE:AGEGROUP_MONTHS0-11,1966-01-01,2026-09-07T15:50:52Z,low,227.0,,who.gho.cm-02,raw/who.gho.cm-02/2026/09/20260907T155052Z-3109a96dcee3.json.gz,2
who.gho.cm-02,CM_02:LVA:SEX_FMLE:AGEGROUP_MONTHS0-11,1966-01-01,2026-09-07T15:50:52Z,restated_at,2026-08-04,,who.gho.cm-02,raw/who.gho.cm-02/2026/09/20260907T155052Z-3109a96dcee3.json.gz,2
who.gho.cm-02,CM_02:LVA:SEX_FMLE:AGEGROUP_MONTHS0-11,1966-01-01,2026-09-07T15:50:52Z,value,247.0,,who.gho.cm-02,raw/who.gho.cm-02/2026/09/20260907T155052Z-3109a96dcee3.json.gz,2
who.gho.cm-02,CM_02:LVA:SEX_MLE:AGEGROUP_MONTHS0-11,1966-01-01,2026-09-07T15:50:52Z,high,369.0,,who.gho.cm-02,raw/who.gho.cm-02/2026/09/20260907T155052Z-3109a96dcee3.json.gz,2
who.gho.cm-02,CM_02:LVA:SEX_MLE:AGEGROUP_MONTHS0-11,1966-01-01,2026-09-07T15:50:52Z,low,315.0,,who.gho.cm-02,raw/who.gho.cm-02/2026/09/20260907T155052Z-3109a96dcee3.json.gz,2
who.gho.cm-02,CM_02:LVA:SEX_MLE:AGEGROUP_MONTHS0-11,1966-01-01,2026-09-07T15:50:52Z,restated_at,2026-08-04,,who.gho.cm-02,raw/who.gho.cm-02/2026/09/20260907T155052Z-3109a96dcee3.json.gz,2
who.gho.cm-02,CM_02:LVA:SEX_MLE:AGEGROUP_MONTHS0-11,1966-01-01,2026-09-07T15:50:52Z,value,341.0,,who.gho.cm-02,raw/who.gho.cm-02/2026/09/20260907T155052Z-3109a96dcee3.json.gz,2
who.gho.cm-02,CM_02:MAR:SEX_BTSX:AGEGROUP_MONTHS0-11,1966-01-01,2026-09-07T15:51:40Z,high,93606.0,,who.gho.cm-02,raw/who.gho.cm-02/2026/09/20260907T155140Z-2ccf90b4d287.json.gz,2
who.gho.cm-02,CM_02:MAR:SEX_BTSX:AGEGROUP_MONTHS0-11,1966-01-01,2026-09-07T15:51:40Z,low,79605.0,,who.gho.cm-02,raw/who.gho.cm-02/2026/09/20260907T155140Z-2ccf90b4d287.json.gz,2
who.gho.cm-02,CM_02:MAR:SEX_BTSX:AGEGROUP_MONTHS0-11,1966-01-01,2026-09-07T15:51:40Z,restated_at,2026-08-04,,who.gho.cm-02,raw/who.gho.cm-02/2026/09/20260907T155140Z-2ccf90b4d287.json.gz,2
who.gho.cm-02,CM_02:MAR:SEX_BTSX:AGEGROUP_MONTHS0-11,1966-01-01,2026-09-07T15:51:40Z,value,86218.0,,who.gho.cm-02,raw/who.gho.cm-02/2026/09/20260907T155140Z-2ccf90b4d287.json.gz,2
who.gho.cm-02,CM_02:MAR:SEX_FMLE:AGEGROUP_MONTHS0-11,1966-01-01,2026-09-07T15:51:05Z,high,42746.0,,who.gho.cm-02,raw/who.gho.cm-02/2026/09/20260907T155105Z-bd351d716a31.json.gz,2
who.gho.cm-02,CM_02:MAR:SEX_FMLE:AGEGROUP_MONTHS0-11,1966-01-01,2026-09-07T15:51:05Z,low,35862.0,,who.gho.cm-02,raw/who.gho.cm-02/2026/09/20260907T155105Z-bd351d716a31.json.gz,2
who.gho.cm-02,CM_02:MAR:SEX_FMLE:AGEGROUP_MONTHS0-11,1966-01-01,2026-09-07T15:51:05Z,restated_at,2026-08-04,,who.gho.cm-02,raw/who.gho.cm-02/2026/09/20260907T155105Z-bd351d716a31.json.gz,2
who.gho.cm-02,CM_02:MAR:SEX_FMLE:AGEGROUP_MONTHS0-11,1966-01-01,2026-09-07T15:51:05Z,value,39164.0,,who.gho.cm-02,raw/who.gho.cm-02/2026/09/20260907T155105Z-bd351d716a31.json.gz,2
who.gho.cm-02,CM_02:MAR:SEX_MLE:AGEGROUP_MONTHS0-11,1966-01-01,2026-09-07T15:57:40Z,high,51291.0,,who.gho.cm-02,raw/who.gho.cm-02/2026/09/20260907T155740Z-31068700a25d.json.gz,2
who.gho.cm-02,CM_02:MAR:SEX_MLE:AGEGROUP_MONTHS0-11,1966-01-01,2026-09-07T15:57:40Z,low,43184.0,,who.gho.cm-02,raw/who.gho.cm-02/2026/09/20260907T155740Z-31068700a25d.json.gz,2
who.gho.cm-02,CM_02:MAR:SEX_MLE:AGEGROUP_MONTHS0-11,1966-01-01,2026-09-07T15:57:40Z,restated_at,2026-08-04,,who.gho.cm-02,raw/who.gho.cm-02/2026/09/20260907T155740Z-31068700a25d.json.gz,2
who.gho.cm-02,CM_02:MAR:SEX_MLE:AGEGROUP_MONTHS0-11,1966-01-01,2026-09-07T15:57:40Z,value,47054.0,,who.gho.cm-02,raw/who.gho.cm-02/2026/09/20260907T155740Z-31068700a25d.json.gz,2
who.gho.cm-02,CM_02:MDV:SEX_BTSX:AGEGROUP_MONTHS0-11,1966-01-01,2026-09-07T15:57:17Z,high,1377.0,,who.gho.cm-02,raw/who.gho.cm-02/2026/09/20260907T155717Z-89bc69b90b61.json.gz,2
who.gho.cm-02,CM_02:MDV:SEX_BTSX:AGEGROUP_MONTHS0-11,1966-01-01,2026-09-07T15:57:17Z,low,935.0,,who.gho.cm-02,raw/who.gho.cm-02/2026/09/20260907T155717Z-89bc69b90b61.json.gz,2
who.gho.cm-02,CM_02:MDV:SEX_BTSX:AGEGROUP_MONTHS0-11,1966-01-01,2026-09-07T15:57:17Z,restated_at,2026-08-04,,who.gho.cm-02,raw/who.gho.cm-02/2026/09/20260907T155717Z-89bc69b90b61.json.gz,2
who.gho.cm-02,CM_02:MDV:SEX_BTSX:AGEGROUP_MONTHS0-11,1966-01-01,2026-09-07T15:57:17Z,value,1138.0,,who.gho.cm-02,raw/who.gho.cm-02/2026/09/20260907T155717Z-89bc69b90b61.json.gz,2
who.gho.cm-02,CM_02:MDV:SEX_FMLE:AGEGROUP_MONTHS0-11,1966-01-01,2026-09-07T15:52:10Z,high,632.0,,who.gho.cm-02,raw/who.gho.cm-02/2026/09/20260907T155210Z-c2e07328660e.json.gz,2
who.gho.cm-02,CM_02:MDV:SEX_FMLE:AGEGROUP_MONTHS0-11,1966-01-01,2026-09-07T15:52:10Z,low,420.0,,who.gho.cm-02,raw/who.gho.cm-02/2026/09/20260907T155210Z-c2e07328660e.json.gz,2
who.gho.cm-02,CM_02:MDV:SEX_FMLE:AGEGROUP_MONTHS0-11,1966-01-01,2026-09-07T15:52:10Z,restated_at,2026-08-04,,who.gho.cm-02,raw/who.gho.cm-02/2026/09/20260907T155210Z-c2e07328660e.json.gz,2
who.gho.cm-02,CM_02:MDV:SEX_FMLE:AGEGROUP_MONTHS0-11,1966-01-01,2026-09-07T15:52:10Z,value,516.0,,who.gho.cm-02,raw/who.gho.cm-02/2026/09/20260907T155210Z-c2e07328660e.json.gz,2
who.gho.cm-02,CM_02:MDV:SEX_MLE:AGEGROUP_MONTHS0-11,1966-01-01,2026-09-07T15:51:21Z,high,755.0,,who.gho.cm-02,raw/who.gho.cm-02/2026/09/20260907T155121Z-1b14643329ca.json.gz,2
who.gho.cm-02,CM_02:MDV:SEX_MLE:AGEGROUP_MONTHS0-11,1966-01-01,2026-09-07T15:51:21Z,low,509.0,,who.gho.cm-02,raw/who.gho.cm-02/2026/09/20260907T155121Z-1b14643329ca.json.gz,2
who.gho.cm-02,CM_02:MDV:SEX_MLE:AGEGROUP_MONTHS0-11,1966-01-01,2026-09-07T15:51:21Z,restated_at,2026-08-04,,who.gho.cm-02,raw/who.gho.cm-02/2026/09/20260907T155121Z-1b14643329ca.json.gz,2
who.gho.cm-02,CM_02:MDV:SEX_MLE:AGEGROUP_MONTHS0-11,1966-01-01,2026-09-07T15:51:21Z,value,622.0,,who.gho.cm-02,raw/who.gho.cm-02/2026/09/20260907T155121Z-1b14643329ca.json.gz,2
who.gho.cm-02,CM_02:MEX:SEX_BTSX:AGEGROUP_MONTHS0-11,1966-01-01,2026-09-07T15:51:11Z,high,199390.0,,who.gho.cm-02,raw/who.gho.cm-02/2026/09/20260907T155111Z-17577dbcf352.json.gz,2
who.gho.cm-02,CM_02:MEX:SEX_BTSX:AGEGROUP_MONTHS0-11,1966-01-01,2026-09-07T15:51:11Z,low,165997.0,,who.gho.cm-02,raw/who.gho.cm-02/2026/09/20260907T155111Z-17577dbcf352.json.gz,2
who.gho.cm-02,CM_02:MEX:SEX_BTSX:AGEGROUP_MONTHS0-11,1966-01-01,2026-09-07T15:51:11Z,restated_at,2026-08-04,,who.gho.cm-02,raw/who.gho.cm-02/2026/09/20260907T155111Z-17577dbcf352.json.gz,2
who.gho.cm-02,CM_02:MEX:SEX_BTSX:AGEGROUP_MONTHS0-11,1966-01-01,2026-09-07T15:51:11Z,value,181851.0,,who.gho.cm-02,raw/who.gho.cm-02/2026/09/20260907T155111Z-17577dbcf352.json.gz,2
who.gho.cm-02,CM_02:MEX:SEX_FMLE:AGEGROUP_MONTHS0-11,1966-01-01,2026-09-07T15:57:07Z,high,90669.0,,who.gho.cm-02,raw/who.gho.cm-02/2026/09/20260907T155707Z-3cd3e5b56c9f.json.gz,2
who.gho.cm-02,CM_02:MEX:SEX_FMLE:AGEGROUP_MONTHS0-11,1966-01-01,2026-09-07T15:57:07Z,low,73734.0,,who.gho.cm-02,raw/who.gho.cm-02/2026/09/20260907T155707Z-3cd3e5b56c9f.json.gz,2
who.gho.cm-02,CM_02:MEX:SEX_FMLE:AGEGROUP_MONTHS0-11,1966-01-01,2026-09-07T15:57:07Z,restated_at,2026-08-04,,who.gho.cm-02,raw/who.gho.cm-02/2026/09/20260907T155707Z-3cd3e5b56c9f.json.gz,2
who.gho.cm-02,CM_02:MEX:SEX_FMLE:AGEGROUP_MONTHS0-11,1966-01-01,2026-09-07T15:57:07Z,value,81793.0,,who.gho.cm-02,raw/who.gho.cm-02/2026/09/20260907T155707Z-3cd3e5b56c9f.json.gz,2
who.gho.cm-02,CM_02:MEX:SEX_MLE:AGEGROUP_MONTHS0-11,1966-01-01,2026-09-07T15:57:12Z,high,110317.0,,who.gho.cm-02,raw/who.gho.cm-02/2026/09/20260907T155712Z-98aa519eeacd.json.gz,2
who.gho.cm-02,CM_02:MEX:SEX_MLE:AGEGROUP_MONTHS0-11,1966-01-01,2026-09-07T15:57:12Z,low,90618.0,,who.gho.cm-02,raw/who.gho.cm-02/2026/09/20260907T155712Z-98aa519eeacd.json.gz,2
who.gho.cm-02,CM_02:MEX:SEX_MLE:AGEGROUP_MONTHS0-11,1966-01-01,2026-09-07T15:57:12Z,restated_at,2026-08-04,,who.gho.cm-02,raw/who.gho.cm-02/2026/09/20260907T155712Z-98aa519eeacd.json.gz,2
who.gho.cm-02,CM_02:MEX:SEX_MLE:AGEGROUP_MONTHS0-11,1966-01-01,2026-09-07T15:57:12Z,value,100058.0,,who.gho.cm-02,raw/who.gho.cm-02/2026/09/20260907T155712Z-98aa519eeacd.json.gz,2
who.gho.cm-02,CM_02:MHL:SEX_BTSX:AGEGROUP_MONTHS0-11,1966-01-01,2026-09-07T15:57:30Z,high,64.0,,who.gho.cm-02,raw/who.gho.cm-02/2026/09/20260907T155730Z-1fe49c27b9ed.json.gz,2
who.gho.cm-02,CM_02:MHL:SEX_BTSX:AGEGROUP_MONTHS0-11,1966-01-01,2026-09-07T15:57:30Z,low,49.0,,who.gho.cm-02,raw/who.gho.cm-02/2026/09/20260907T155730Z-1fe49c27b9ed.json.gz,2
who.gho.cm-02,CM_02:MHL:SEX_BTSX:AGEGROUP_MONTHS0-11,1966-01-01,2026-09-07T15:57:30Z,restated_at,2025-04-15,,who.gho.cm-02,raw/who.gho.cm-02/2026/09/20260907T155730Z-1fe49c27b9ed.json.gz,2
who.gho.cm-02,CM_02:MHL:SEX_BTSX:AGEGROUP_MONTHS0-11,1966-01-01,2026-09-07T15:57:30Z,value,56.0,,who.gho.cm-02,raw/who.gho.cm-02/2026/09/20260907T155730Z-1fe49c27b9ed.json.gz,2
who.gho.cm-02,CM_02:MHL:SEX_FMLE:AGEGROUP_MONTHS0-11,1966-01-01,2026-09-07T15:56:37Z,high,29.0,,who.gho.cm-02,raw/who.gho.cm-02/2026/09/20260907T155637Z-c7bda929b138.json.gz,2
who.gho.cm-02,CM_02:MHL:SEX_FMLE:AGEGROUP_MONTHS0-11,1966-01-01,2026-09-07T15:56:37Z,low,21.0,,who.gho.cm-02,raw/who.gho.cm-02/2026/09/20260907T155637Z-c7bda929b138.json.gz,2
who.gho.cm-02,CM_02:MHL:SEX_FMLE:AGEGROUP_MONTHS0-11,1966-01-01,2026-09-07T15:56:37Z,restated_at,2026-08-04,,who.gho.cm-02,raw/who.gho.cm-02/2026/09/20260907T155637Z-c7bda929b138.json.gz,2
who.gho.cm-02,CM_02:MHL:SEX_FMLE:AGEGROUP_MONTHS0-11,1966-01-01,2026-09-07T15:56:37Z,value,25.0,,who.gho.cm-02,raw/who.gho.cm-02/2026/09/20260907T155637Z-c7bda929b138.json.gz,2
who.gho.cm-02,CM_02:MHL:SEX_MLE:AGEGROUP_MONTHS0-11,1966-01-01,2026-09-07T15:54:17Z,high,36.0,,who.gho.cm-02,raw/who.gho.cm-02/2026/09/20260907T155417Z-e87fb31944b5.json.gz,2
who.gho.cm-02,CM_02:MHL:SEX_MLE:AGEGROUP_MONTHS0-11,1966-01-01,2026-09-07T15:54:17Z,low,27.0,,who.gho.cm-02,raw/who.gho.cm-02/2026/09/20260907T155417Z-e87fb31944b5.json.gz,2
who.gho.cm-02,CM_02:MHL:SEX_MLE:AGEGROUP_MONTHS0-11,1966-01-01,2026-09-07T15:54:17Z,restated_at,2025-04-15,,who.gho.cm-02,raw/who.gho.cm-02/2026/09/20260907T155417Z-e87fb31944b5.json.gz,2
who.gho.cm-02,CM_02:MHL:SEX_MLE:AGEGROUP_MONTHS0-11,1966-01-01,2026-09-07T15:54:17Z,value,31.0,,who.gho.cm-02,raw/who.gho.cm-02/2026/09/20260907T155417Z-e87fb31944b5.json.gz,2
who.gho.cm-02,CM_02:MLT:SEX_BTSX:AGEGROUP_MONTHS0-11,1966-01-01,2026-09-07T15:51:05Z,high,174.0,,who.gho.cm-02,raw/who.gho.cm-02/2026/09/20260907T155105Z-bd351d716a31.json.gz,2
who.gho.cm-02,CM_02:MLT:SEX_BTSX:AGEGROUP_MONTHS0-11,1966-01-01,2026-09-07T15:51:05Z,low,159.0,,who.gho.cm-02,raw/who.gho.cm-02/2026/09/20260907T155105Z-bd351d716a31.json.gz,2
who.gho.cm-02,CM_02:MLT:SEX_BTSX:AGEGROUP_MONTHS0-11,1966-01-01,2026-09-07T15:51:05Z,restated_at,2025-04-15,,who.gho.cm-02,raw/who.gho.cm-02/2026/09/20260907T155105Z-bd351d716a31.json.gz,2
who.gho.cm-02,CM_02:MLT:SEX_BTSX:AGEGROUP_MONTHS0-11,1966-01-01,2026-09-07T15:51:05Z,value,166.0,,who.gho.cm-02,raw/who.gho.cm-02/2026/09/20260907T155105Z-bd351d716a31.json.gz,2
who.gho.cm-02,CM_02:MLT:SEX_FMLE:AGEGROUP_MONTHS0-11,1966-01-01,2026-09-07T15:58:20Z,high,76.0,,who.gho.cm-02,raw/who.gho.cm-02/2026/09/20260907T155820Z-bace8014f904.json.gz,2
who.gho.cm-02,CM_02:MLT:SEX_FMLE:AGEGROUP_MONTHS0-11,1966-01-01,2026-09-07T15:58:20Z,low,68.0,,who.gho.cm-02,raw/who.gho.cm-02/2026/09/20260907T155820Z-bace8014f904.json.gz,2
who.gho.cm-02,CM_02:MLT:SEX_FMLE:AGEGROUP_MONTHS0-11,1966-01-01,2026-09-07T15:58:20Z,restated_at,2025-04-15,,who.gho.cm-02,raw/who.gho.cm-02/2026/09/20260907T155820Z-bace8014f904.json.gz,2
who.gho.cm-02,CM_02:MLT:SEX_FMLE:AGEGROUP_MONTHS0-11,1966-01-01,2026-09-07T15:58:20Z,value,72.0,,who.gho.cm-02,raw/who.gho.cm-02/2026/09/20260907T155820Z-bace8014f904.json.gz,2
who.gho.cm-02,CM_02:MLT:SEX_MLE:AGEGROUP_MONTHS0-11,1966-01-01,2026-09-07T15:57:17Z,high,99.0,,who.gho.cm-02,raw/who.gho.cm-02/2026/09/20260907T155717Z-89bc69b90b61.json.gz,2
who.gho.cm-02,CM_02:MLT:SEX_MLE:AGEGROUP_MONTHS0-11,1966-01-01,2026-09-07T15:57:17Z,low,89.0,,who.gho.cm-02,raw/who.gho.cm-02/2026/09/20260907T155717Z-89bc69b90b61.json.gz,2
who.gho.cm-02,CM_02:MLT:SEX_MLE:AGEGROUP_MONTHS0-11,1966-01-01,2026-09-07T15:57:17Z,restated_at,2025-04-15,,who.gho.cm-02,raw/who.gho.cm-02/2026/09/20260907T155717Z-89bc69b90b61.json.gz,2
who.gho.cm-02,CM_02:MLT:SEX_MLE:AGEGROUP_MONTHS0-11,1966-01-01,2026-09-07T15:57:17Z,value,94.0,,who.gho.cm-02,raw/who.gho.cm-02/2026/09/20260907T155717Z-89bc69b90b61.json.gz,2
who.gho.cm-02,CM_02:MOZ:SEX_BTSX:AGEGROUP_MONTHS0-11,1966-01-01,2026-09-07T15:57:07Z,high,67641.0,,who.gho.cm-02,raw/who.gho.cm-02/2026/09/20260907T155707Z-3cd3e5b56c9f.json.gz,2
who.gho.cm-02,CM_02:MOZ:SEX_BTSX:AGEGROUP_MONTHS0-11,1966-01-01,2026-09-07T15:57:07Z,low,39883.0,,who.gho.cm-02,raw/who.gho.cm-02/2026/09/20260907T155707Z-3cd3e5b56c9f.json.gz,2
who.gho.cm-02,CM_02:MOZ:SEX_BTSX:AGEGROUP_MONTHS0-11,1966-01-01,2026-09-07T15:57:07Z,restated_at,2026-08-04,,who.gho.cm-02,raw/who.gho.cm-02/2026/09/20260907T155707Z-3cd3e5b56c9f.json.gz,2
who.gho.cm-02,CM_02:MOZ:SEX_BTSX:AGEGROUP_MONTHS0-11,1966-01-01,2026-09-07T15:57:07Z,value,52184.0,,who.gho.cm-02,raw/who.gho.cm-02/2026/09/20260907T155707Z-3cd3e5b56c9f.json.gz,2
who.gho.cm-02,CM_02:MOZ:SEX_FMLE:AGEGROUP_MONTHS0-11,1966-01-01,2026-09-07T15:51:50Z,high,31763.0,,who.gho.cm-02,raw/who.gho.cm-02/2026/09/20260907T155150Z-b2442ef3f6e6.json.gz,2
who.gho.cm-02,CM_02:MOZ:SEX_FMLE:AGEGROUP_MONTHS0-11,1966-01-01,2026-09-07T15:51:50Z,low,18442.0,,who.gho.cm-02,raw/who.gho.cm-02/2026/09/20260907T155150Z-b2442ef3f6e6.json.gz,2
who.gho.cm-02,CM_02:MOZ:SEX_FMLE:AGEGROUP_MONTHS0-11,1966-01-01,2026-09-07T15:51:50Z,restated_at,2026-08-04,,who.gho.cm-02,raw/who.gho.cm-02/2026/09/20260907T155150Z-b2442ef3f6e6.json.gz,2
who.gho.cm-02,CM_02:MOZ:SEX_FMLE:AGEGROUP_MONTHS0-11,1966-01-01,2026-09-07T15:51:50Z,value,24391.0,,who.gho.cm-02,raw/who.gho.cm-02/2026/09/20260907T155150Z-b2442ef3f6e6.json.gz,2
who.gho.cm-02,CM_02:MOZ:SEX_MLE:AGEGROUP_MONTHS0-11,1966-01-01,2026-09-07T15:51:16Z,high,36112.0,,who.gho.cm-02,raw/who.gho.cm-02/2026/09/20260907T155116Z-bb01bf96bc15.json.gz,2
who.gho.cm-02,CM_02:MOZ:SEX_MLE:AGEGROUP_MONTHS0-11,1966-01-01,2026-09-07T15:51:16Z,low,21150.0,,who.gho.cm-02,raw/who.gho.cm-02/2026/09/20260907T155116Z-bb01bf96bc15.json.gz,2
who.gho.cm-02,CM_02:MOZ:SEX_MLE:AGEGROUP_MONTHS0-11,1966-01-01,2026-09-07T15:51:16Z,restated_at,2026-08-04,,who.gho.cm-02,raw/who.gho.cm-02/2026/09/20260907T155116Z-bb01bf96bc15.json.gz,2
who.gho.cm-02,CM_02:MOZ:SEX_MLE:AGEGROUP_MONTHS0-11,1966-01-01,2026-09-07T15:51:16Z,value,27793.0,,who.gho.cm-02,raw/who.gho.cm-02/2026/09/20260907T155116Z-bb01bf96bc15.json.gz,2
who.gho.cm-02,CM_02:MRT:SEX_BTSX:AGEGROUP_MONTHS0-11,1966-01-01,2026-09-07T15:51:25Z,high,5888.0,,who.gho.cm-02,raw/who.gho.cm-02/2026/09/20260907T155125Z-b41e2575e826.json.gz,2
who.gho.cm-02,CM_02:MRT:SEX_BTSX:AGEGROUP_MONTHS0-11,1966-01-01,2026-09-07T15:51:25Z,low,4719.0,,who.gho.cm-02,raw/who.gho.cm-02/2026/09/20260907T155125Z-b41e2575e826.json.gz,2
who.gho.cm-02,CM_02:MRT:SEX_BTSX:AGEGROUP_MONTHS0-11,1966-01-01,2026-09-07T15:51:25Z,restated_at,2026-08-04,,who.gho.cm-02,raw/who.gho.cm-02/2026/09/20260907T155125Z-b41e2575e826.json.gz,2
who.gho.cm-02,CM_02:MRT:SEX_BTSX:AGEGROUP_MONTHS0-11,1966-01-01,2026-09-07T15:51:25Z,value,5270.0,,who.gho.cm-02,raw/who.gho.cm-02/2026/09/20260907T155125Z-b41e2575e826.json.gz,2
who.gho.cm-02,CM_02:MRT:SEX_FMLE:AGEGROUP_MONTHS0-11,1966-01-01,2026-09-07T15:57:54Z,high,2656.0,,who.gho.cm-02,raw/who.gho.cm-02/2026/09/20260907T155754Z-3bea881db2b4.json.gz,2
who.gho.cm-02,CM_02:MRT:SEX_FMLE:AGEGROUP_MONTHS0-11,1966-01-01,2026-09-07T15:57:54Z,low,2089.0,,who.gho.cm-02,raw/who.gho.cm-02/2026/09/20260907T155754Z-3bea881db2b4.json.gz,2
who.gho.cm-02,CM_02:MRT:SEX_FMLE:AGEGROUP_MONTHS0-11,1966-01-01,2026-09-07T15:57:54Z,restated_at,2026-08-04,,who.gho.cm-02,raw/who.gho.cm-02/2026/09/20260907T155754Z-3bea881db2b4.json.gz,2
who.gho.cm-02,CM_02:MRT:SEX_FMLE:AGEGROUP_MONTHS0-11,1966-01-01,2026-09-07T15:57:54Z,value,2356.0,,who.gho.cm-02,raw/who.gho.cm-02/2026/09/20260907T155754Z-3bea881db2b4.json.gz,2
who.gho.cm-02,CM_02:MRT:SEX_MLE:AGEGROUP_MONTHS0-11,1966-01-01,2026-09-07T15:53:02Z,high,3265.0,,who.gho.cm-02,raw/who.gho.cm-02/2026/09/20260907T155302Z-206bb5f6993f.json.gz,2
who.gho.cm-02,CM_02:MRT:SEX_MLE:AGEGROUP_MONTHS0-11,1966-01-01,2026-09-07T15:53:02Z,low,2591.0,,who.gho.cm-02,raw/who.gho.cm-02/2026/09/20260907T155302Z-206bb5f6993f.json.gz,2
who.gho.cm-02,CM_02:MRT:SEX_MLE:AGEGROUP_MONTHS0-11,1966-01-01,2026-09-07T15:53:02Z,restated_at,2026-08-04,,who.gho.cm-02,raw/who.gho.cm-02/2026/09/20260907T155302Z-206bb5f6993f.json.gz,2
who.gho.cm-02,CM_02:MRT:SEX_MLE:AGEGROUP_MONTHS0-11,1966-01-01,2026-09-07T15:53:02Z,value,2914.0,,who.gho.cm-02,raw/who.gho.cm-02/2026/09/20260907T155302Z-206bb5f6993f.json.gz,2
who.gho.cm-02,CM_02:MSR:SEX_BTSX:AGEGROUP_MONTHS0-11,1966-01-01,2026-09-07T15:57:00Z,high,22.0,,who.gho.cm-02,raw/who.gho.cm-02/2026/09/20260907T155700Z-8ffcb12aceff.json.gz,2
who.gho.cm-02,CM_02:MSR:SEX_BTSX:AGEGROUP_MONTHS0-11,1966-01-01,2026-09-07T15:57:00Z,low,18.0,,who.gho.cm-02,raw/who.gho.cm-02/2026/09/20260907T155700Z-8ffcb12aceff.json.gz,2
who.gho.cm-02,CM_02:MSR:SEX_BTSX:AGEGROUP_MONTHS0-11,1966-01-01,2026-09-07T15:57:00Z,restated_at,2025-04-15,,who.gho.cm-02,raw/who.gho.cm-02/2026/09/20260907T155700Z-8ffcb12aceff.json.gz,2
who.gho.cm-02,CM_02:MSR:SEX_BTSX:AGEGROUP_MONTHS0-11,1966-01-01,2026-09-07T15:57:00Z,value,20.0,,who.gho.cm-02,raw/who.gho.cm-02/2026/09/20260907T155700Z-8ffcb12aceff.json.gz,2
who.gho.cm-02,CM_02:MSR:SEX_FMLE:AGEGROUP_MONTHS0-11,1966-01-01,2026-09-07T15:56:48Z,high,11.0,,who.gho.cm-02,raw/who.gho.cm-02/2026/09/20260907T155648Z-e962102586d9.json.gz,2
who.gho.cm-02,CM_02:MSR:SEX_FMLE:AGEGROUP_MONTHS0-11,1966-01-01,2026-09-07T15:56:48Z,low,9.0,,who.gho.cm-02,raw/who.gho.cm-02/2026/09/20260907T155648Z-e962102586d9.json.gz,2
who.gho.cm-02,CM_02:MSR:SEX_FMLE:AGEGROUP_MONTHS0-11,1966-01-01,2026-09-07T15:56:48Z,restated_at,2025-04-15,,who.gho.cm-02,raw/who.gho.cm-02/2026/09/20260907T155648Z-e962102586d9.json.gz,2
who.gho.cm-02,CM_02:MSR:SEX_FMLE:AGEGROUP_MONTHS0-11,1966-01-01,2026-09-07T15:56:48Z,value,9.0,,who.gho.cm-02,raw/who.gho.cm-02/2026/09/20260907T155648Z-e962102586d9.json.gz,2
who.gho.cm-02,CM_02:MSR:SEX_MLE:AGEGROUP_MONTHS0-11,1966-01-01,2026-09-07T15:52:03Z,high,12.0,,who.gho.cm-02,raw/who.gho.cm-02/2026/09/20260907T155203Z-07dabadb5738.json.gz,2
who.gho.cm-02,CM_02:MSR:SEX_MLE:AGEGROUP_MONTHS0-11,1966-01-01,2026-09-07T15:52:03Z,low,10.0,,who.gho.cm-02,raw/who.gho.cm-02/2026/09/20260907T155203Z-07dabadb5738.json.gz,2
who.gho.cm-02,CM_02:MSR:SEX_MLE:AGEGROUP_MONTHS0-11,1966-01-01,2026-09-07T15:52:03Z,restated_at,2025-04-15,,who.gho.cm-02,raw/who.gho.cm-02/2026/09/20260907T155203Z-07dabadb5738.json.gz,2
who.gho.cm-02,CM_02:MSR:SEX_MLE:AGEGROUP_MONTHS0-11,1966-01-01,2026-09-07T15:52:03Z,value,11.0,,who.gho.cm-02,raw/who.gho.cm-02/2026/09/20260907T155203Z-07dabadb5738.json.gz,2
who.gho.cm-02,CM_02:MUS:SEX_BTSX:AGEGROUP_MONTHS0-11,1966-01-01,2026-09-07T15:52:03Z,high,1714.0,,who.gho.cm-02,raw/who.gho.cm-02/2026/09/20260907T155203Z-07dabadb5738.json.gz,2
who.gho.cm-02,CM_02:MUS:SEX_BTSX:AGEGROUP_MONTHS0-11,1966-01-01,2026-09-07T15:52:03Z,low,1634.0,,who.gho.cm-02,raw/who.gho.cm-02/2026/09/20260907T155203Z-07dabadb5738.json.gz,2
who.gho.cm-02,CM_02:MUS:SEX_BTSX:AGEGROUP_MONTHS0-11,1966-01-01,2026-09-07T15:52:03Z,restated_at,2026-08-04,,who.gho.cm-02,raw/who.gho.cm-02/2026/09/20260907T155203Z-07dabadb5738.json.gz,2
who.gho.cm-02,CM_02:MUS:SEX_BTSX:AGEGROUP_MONTHS0-11,1966-01-01,2026-09-07T15:52:03Z,value,1674.0,,who.gho.cm-02,raw/who.gho.cm-02/2026/09/20260907T155203Z-07dabadb5738.json.gz,2
who.gho.cm-02,CM_02:MUS:SEX_FMLE:AGEGROUP_MONTHS0-11,1966-01-01,2026-09-07T15:57:17Z,high,761.0,,who.gho.cm-02,raw/who.gho.cm-02/2026/09/20260907T155717Z-89bc69b90b61.json.gz,2
who.gho.cm-02,CM_02:MUS:SEX_FMLE:AGEGROUP_MONTHS0-11,1966-01-01,2026-09-07T15:57:17Z,low,717.0,,who.gho.cm-02,raw/who.gho.cm-02/2026/09/20260907T155717Z-89bc69b90b61.json.gz,2
who.gho.cm-02,CM_02:MUS:SEX_FMLE:AGEGROUP_MONTHS0-11,1966-01-01,2026-09-07T15:57:17Z,restated_at,2026-08-04,,who.gho.cm-02,raw/who.gho.cm-02/2026/09/20260907T155717Z-89bc69b90b61.json.gz,2
who.gho.cm-02,CM_02:MUS:SEX_FMLE:AGEGROUP_MONTHS0-11,1966-01-01,2026-09-07T15:57:17Z,value,739.0,,who.gho.cm-02,raw/who.gho.cm-02/2026/09/20260907T155717Z-89bc69b90b61.json.gz,2
who.gho.cm-02,CM_02:MUS:SEX_MLE:AGEGROUP_MONTHS0-11,1966-01-01,2026-09-07T15:50:57Z,high,960.0,,who.gho.cm-02,raw/who.gho.cm-02/2026/09/20260907T155057Z-e03fd9f60113.json.gz,2
who.gho.cm-02,CM_02:MUS:SEX_MLE:AGEGROUP_MONTHS0-11,1966-01-01,2026-09-07T15:50:57Z,low,908.0,,who.gho.cm-02,raw/who.gho.cm-02/2026/09/20260907T155057Z-e03fd9f60113.json.gz,2
who.gho.cm-02,CM_02:MUS:SEX_MLE:AGEGROUP_MONTHS0-11,1966-01-01,2026-09-07T15:50:57Z,restated_at,2026-08-04,,who.gho.cm-02,raw/who.gho.cm-02/2026/09/20260907T155057Z-e03fd9f60113.json.gz,2
who.gho.cm-02,CM_02:MUS:SEX_MLE:AGEGROUP_MONTHS0-11,1966-01-01,2026-09-07T15:50:57Z,value,935.0,,who.gho.cm-02,raw/who.gho.cm-02/2026/09/20260907T155057Z-e03fd9f60113.json.gz,2
who.gho.cm-02,CM_02:MWI:SEX_BTSX:AGEGROUP_MONTHS0-11,1966-01-01,2026-09-07T15:51:50Z,high,41515.0,,who.gho.cm-02,raw/who.gho.cm-02/2026/09/20260907T155150Z-b2442ef3f6e6.json.gz,2
who.gho.cm-02,CM_02:MWI:SEX_BTSX:AGEGROUP_MONTHS0-11,1966-01-01,2026-09-07T15:51:50Z,low,31493.0,,who.gho.cm-02,raw/who.gho.cm-02/2026/09/20260907T155150Z-b2442ef3f6e6.json.gz,2
who.gho.cm-02,CM_02:MWI:SEX_BTSX:AGEGROUP_MONTHS0-11,1966-01-01,2026-09-07T15:51:50Z,restated_at,2026-08-04,,who.gho.cm-02,raw/who.gho.cm-02/2026/09/20260907T155150Z-b2442ef3f6e6.json.gz,2
who.gho.cm-02,CM_02:MWI:SEX_BTSX:AGEGROUP_MONTHS0-11,1966-01-01,2026-09-07T15:51:50Z,value,36164.0,,who.gho.cm-02,raw/who.gho.cm-02/2026/09/20260907T155150Z-b2442ef3f6e6.json.gz,2
who.gho.cm-02,CM_02:MWI:SEX_FMLE:AGEGROUP_MONTHS0-11,1966-01-01,2026-09-07T15:56:27Z,high,19638.0,,who.gho.cm-02,raw/who.gho.cm-02/2026/09/20260907T155627Z-19eb4e6c1215.json.gz,2
who.gho.cm-02,CM_02:MWI:SEX_FMLE:AGEGROUP_MONTHS0-11,1966-01-01,2026-09-07T15:56:27Z,low,14683.0,,who.gho.cm-02,raw/who.gho.cm-02/2026/09/20260907T155627Z-19eb4e6c1215.json.gz,2
who.gho.cm-02,CM_02:MWI:SEX_FMLE:AGEGROUP_MONTHS0-11,1966-01-01,2026-09-07T15:56:27Z,restated_at,2026-08-04,,who.gho.cm-02,raw/who.gho.cm-02/2026/09/20260907T155627Z-19eb4e6c1215.json.gz,2
who.gho.cm-02,CM_02:MWI:SEX_FMLE:AGEGROUP_MONTHS0-11,1966-01-01,2026-09-07T15:56:27Z,value,16974.0,,who.gho.cm-02,raw/who.gho.cm-02/2026/09/20260907T155627Z-19eb4e6c1215.json.gz,2
who.gho.cm-02,CM_02:MWI:SEX_MLE:AGEGROUP_MONTHS0-11,1966-01-01,2026-09-07T15:56:48Z,high,22161.0,,who.gho.cm-02,raw/who.gho.cm-02/2026/09/20260907T155648Z-e962102586d9.json.gz,2
who.gho.cm-02,CM_02:MWI:SEX_MLE:AGEGROUP_MONTHS0-11,1966-01-01,2026-09-07T15:56:48Z,low,16595.0,,who.gho.cm-02,raw/who.gho.cm-02/2026/09/20260907T155648Z-e962102586d9.json.gz,2
who.gho.cm-02,CM_02:MWI:SEX_MLE:AGEGROUP_MONTHS0-11,1966-01-01,2026-09-07T15:56:48Z,restated_at,2026-08-04,,who.gho.cm-02,raw/who.gho.cm-02/2026/09/20260907T155648Z-e962102586d9.json.gz,2
who.gho.cm-02,CM_02:MWI:SEX_MLE:AGEGROUP_MONTHS0-11,1966-01-01,2026-09-07T15:56:48Z,value,19190.0,,who.gho.cm-02,raw/who.gho.cm-02/2026/09/20260907T155648Z-e962102586d9.json.gz,2
who.gho.cm-02,CM_02:MYS:SEX_BTSX:AGEGROUP_MONTHS0-11,1966-01-01,2026-09-07T15:56:55Z,high,17521.0,,who.gho.cm-02,raw/who.gho.cm-02/2026/09/20260907T155655Z-a5ea76265971.json.gz,2
who.gho.cm-02,CM_02:MYS:SEX_BTSX:AGEGROUP_MONTHS0-11,1966-01-01,2026-09-07T15:56:55Z,low,14870.0,,who.gho.cm-02,raw/who.gho.cm-02/2026/09/20260907T155655Z-a5ea76265971.json.gz,2
who.gho.cm-02,CM_02:MYS:SEX_BTSX:AGEGROUP_MONTHS0-11,1966-01-01,2026-09-07T15:56:55Z,restated_at,2026-08-04,,who.gho.cm-02,raw/who.gho.cm-02/2026/09/20260907T155655Z-a5ea76265971.json.gz,2
who.gho.cm-02,CM_02:MYS:SEX_BTSX:AGEGROUP_MONTHS0-11,1966-01-01,2026-09-07T15:56:55Z,value,16132.0,,who.gho.cm-02,raw/who.gho.cm-02/2026/09/20260907T155655Z-a5ea76265971.json.gz,2
who.gho.cm-02,CM_02:MYS:SEX_FMLE:AGEGROUP_MONTHS0-11,1966-01-01,2026-09-07T15:52:10Z,high,7817.0,,who.gho.cm-02,raw/who.gho.cm-02/2026/09/20260907T155210Z-c2e07328660e.json.gz,2
who.gho.cm-02,CM_02:MYS:SEX_FMLE:AGEGROUP_MONTHS0-11,1966-01-01,2026-09-07T15:52:10Z,low,6382.0,,who.gho.cm-02,raw/who.gho.cm-02/2026/09/20260907T155210Z-c2e07328660e.json.gz,2
who.gho.cm-02,CM_02:MYS:SEX_FMLE:AGEGROUP_MONTHS0-11,1966-01-01,2026-09-07T15:52:10Z,restated_at,2026-08-04,,who.gho.cm-02,raw/who.gho.cm-02/2026/09/20260907T155210Z-c2e07328660e.json.gz,2
who.gho.cm-02,CM_02:MYS:SEX_FMLE:AGEGROUP_MONTHS0-11,1966-01-01,2026-09-07T15:52:10Z,value,7054.0,,who.gho.cm-02,raw/who.gho.cm-02/2026/09/20260907T155210Z-c2e07328660e.json.gz,2
who.gho.cm-02,CM_02:MYS:SEX_MLE:AGEGROUP_MONTHS0-11,1966-01-01,2026-09-07T15:57:30Z,high,9964.0,,who.gho.cm-02,raw/who.gho.cm-02/2026/09/20260907T155730Z-1fe49c27b9ed.json.gz,2
who.gho.cm-02,CM_02:MYS:SEX_MLE:AGEGROUP_MONTHS0-11,1966-01-01,2026-09-07T15:57:30Z,low,8264.0,,who.gho.cm-02,raw/who.gho.cm-02/2026/09/20260907T155730Z-1fe49c27b9ed.json.gz,2
who.gho.cm-02,CM_02:MYS:SEX_MLE:AGEGROUP_MONTHS0-11,1966-01-01,2026-09-07T15:57:30Z,restated_at,2026-08-04,,who.gho.cm-02,raw/who.gho.cm-02/2026/09/20260907T155730Z-1fe49c27b9ed.json.gz,2
who.gho.cm-02,CM_02:MYS:SEX_MLE:AGEGROUP_MONTHS0-11,1966-01-01,2026-09-07T15:57:30Z,value,9078.0,,who.gho.cm-02,raw/who.gho.cm-02/2026/09/20260907T155730Z-1fe49c27b9ed.json.gz,2
who.gho.cm-02,CM_02:NGA:SEX_BTSX:AGEGROUP_MONTHS0-11,1966-01-01,2026-09-07T15:56:27Z,high,430529.0,,who.gho.cm-02,raw/who.gho.cm-02/2026/09/20260907T155627Z-19eb4e6c1215.json.gz,2
who.gho.cm-02,CM_02:NGA:SEX_BTSX:AGEGROUP_MONTHS0-11,1966-01-01,2026-09-07T15:56:27Z,low,333580.0,,who.gho.cm-02,raw/who.gho.cm-02/2026/09/20260907T155627Z-19eb4e6c1215.json.gz,2
who.gho.cm-02,CM_02:NGA:SEX_BTSX:AGEGROUP_MONTHS0-11,1966-01-01,2026-09-07T15:56:27Z,restated_at,2026-08-04,,who.gho.cm-02,raw/who.gho.cm-02/2026/09/20260907T155627Z-19eb4e6c1215.json.gz,2
who.gho.cm-02,CM_02:NGA:SEX_BTSX:AGEGROUP_MONTHS0-11,1966-01-01,2026-09-07T15:56:27Z,value,378023.0,,who.gho.cm-02,raw/who.gho.cm-02/2026/09/20260907T155627Z-19eb4e6c1215.json.gz,2
who.gho.cm-02,CM_02:NGA:SEX_FMLE:AGEGROUP_MONTHS0-11,1966-01-01,2026-09-07T15:51:44Z,high,197830.0,,who.gho.cm-02,raw/who.gho.cm-02/2026/09/20260907T155144Z-505d97ce9093.json.gz,2
who.gho.cm-02,CM_02:NGA:SEX_FMLE:AGEGROUP_MONTHS0-11,1966-01-01,2026-09-07T15:51:44Z,low,151068.0,,who.gho.cm-02,raw/who.gho.cm-02/2026/09/20260907T155144Z-505d97ce9093.json.gz,2
who.gho.cm-02,CM_02:NGA:SEX_FMLE:AGEGROUP_MONTHS0-11,1966-01-01,2026-09-07T15:51:44Z,restated_at,2026-08-04,,who.gho.cm-02,raw/who.gho.cm-02/2026/09/20260907T155144Z-505d97ce9093.json.gz,2
who.gho.cm-02,CM_02:NGA:SEX_FMLE:AGEGROUP_MONTHS0-11,1966-01-01,2026-09-07T15:51:44Z,value,172675.0,,who.gho.cm-02,raw/who.gho.cm-02/2026/09/20260907T155144Z-505d97ce9093.json.gz,2
who.gho.cm-02,CM_02:NGA:SEX_MLE:AGEGROUP_MONTHS0-11,1966-01-01,2026-09-07T15:51:01Z,high,234880.0,,who.gho.cm-02,raw/who.gho.cm-02/2026/09/20260907T155101Z-65d1a3fa0413.json.gz,2
who.gho.cm-02,CM_02:NGA:SEX_MLE:AGEGROUP_MONTHS0-11,1966-01-01,2026-09-07T15:51:01Z,low,180502.0,,who.gho.cm-02,raw/who.gho.cm-02/2026/09/20260907T155101Z-65d1a3fa0413.json.gz,2
who.gho.cm-02,CM_02:NGA:SEX_MLE:AGEGROUP_MONTHS0-11,1966-01-01,2026-09-07T15:51:01Z,restated_at,2026-08-04,,who.gho.cm-02,raw/who.gho.cm-02/2026/09/20260907T155101Z-65d1a3fa0413.json.gz,2
who.gho.cm-02,CM_02:NGA:SEX_MLE:AGEGROUP_MONTHS0-11,1966-01-01,2026-09-07T15:51:01Z,value,205348.0,,who.gho.cm-02,raw/who.gho.cm-02/2026/09/20260907T155101Z-65d1a3fa0413.json.gz,2
who.gho.cm-02,CM_02:NIC:SEX_BTSX:AGEGROUP_MONTHS0-11,1966-01-01,2026-09-07T15:51:16Z,high,14554.0,,who.gho.cm-02,raw/who.gho.cm-02/2026/09/20260907T155116Z-bb01bf96bc15.json.gz,2
who.gho.cm-02,CM_02:NIC:SEX_BTSX:AGEGROUP_MONTHS0-11,1966-01-01,2026-09-07T15:51:16Z,low,10912.0,,who.gho.cm-02,raw/who.gho.cm-02/2026/09/20260907T155116Z-bb01bf96bc15.json.gz,2
who.gho.cm-02,CM_02:NIC:SEX_BTSX:AGEGROUP_MONTHS0-11,1966-01-01,2026-09-07T15:51:16Z,restated_at,2026-08-04,,who.gho.cm-02,raw/who.gho.cm-02/2026/09/20260907T155116Z-bb01bf96bc15.json.gz,2
who.gho.cm-02,CM_02:NIC:SEX_BTSX:AGEGROUP_MONTHS0-11,1966-01-01,2026-09-07T15:51:16Z,value,12635.0,,who.gho.cm-02,raw/who.gho.cm-02/2026/09/20260907T155116Z-bb01bf96bc15.json.gz,2
who.gho.cm-02,CM_02:NIC:SEX_FMLE:AGEGROUP_MONTHS0-11,1966-01-01,2026-09-07T15:57:40Z,high,6575.0,,who.gho.cm-02,raw/who.gho.cm-02/2026/09/20260907T155740Z-31068700a25d.json.gz,2
who.gho.cm-02,CM_02:NIC:SEX_FMLE:AGEGROUP_MONTHS0-11,1966-01-01,2026-09-07T15:57:40Z,low,4861.0,,who.gho.cm-02,raw/who.gho.cm-02/2026/09/20260907T155740Z-31068700a25d.json.gz,2
who.gho.cm-02,CM_02:NIC:SEX_FMLE:AGEGROUP_MONTHS0-11,1966-01-01,2026-09-07T15:57:40Z,restated_at,2026-08-04,,who.gho.cm-02,raw/who.gho.cm-02/2026/09/20260907T155740Z-31068700a25d.json.gz,2
who.gho.cm-02,CM_02:NIC:SEX_FMLE:AGEGROUP_MONTHS0-11,1966-01-01,2026-09-07T15:57:40Z,value,5676.0,,who.gho.cm-02,raw/who.gho.cm-02/2026/09/20260907T155740Z-31068700a25d.json.gz,2
who.gho.cm-02,CM_02:NIC:SEX_MLE:AGEGROUP_MONTHS0-11,1966-01-01,2026-09-07T15:58:04Z,high,8045.0,,who.gho.cm-02,raw/who.gho.cm-02/2026/09/20260907T155804Z-3e19927fa86a.json.gz,2
who.gho.cm-02,CM_02:NIC:SEX_MLE:AGEGROUP_MONTHS0-11,1966-01-01,2026-09-07T15:58:04Z,low,5986.0,,who.gho.cm-02,raw/who.gho.cm-02/2026/09/20260907T155804Z-3e19927fa86a.json.gz,2
who.gho.cm-02,CM_02:NIC:SEX_MLE:AGEGROUP_MONTHS0-11,1966-01-01,2026-09-07T15:58:04Z,restated_at,2026-08-04,,who.gho.cm-02,raw/who.gho.cm-02/2026/09/20260907T155804Z-3e19927fa86a.json.gz,2
who.gho.cm-02,CM_02:NIC:SEX_MLE:AGEGROUP_MONTHS0-11,1966-01-01,2026-09-07T15:58:04Z,value,6959.0,,who.gho.cm-02,raw/who.gho.cm-02/2026/09/20260907T155804Z-3e19927fa86a.json.gz,2
who.gho.cm-02,CM_02:NIU:SEX_BTSX:AGEGROUP_MONTHS0-11,1966-01-01,2026-09-07T15:51:01Z,high,18.0,,who.gho.cm-02,raw/who.gho.cm-02/2026/09/20260907T155101Z-65d1a3fa0413.json.gz,2
who.gho.cm-02,CM_02:NIU:SEX_BTSX:AGEGROUP_MONTHS0-11,1966-01-01,2026-09-07T15:51:01Z,low,10.0,,who.gho.cm-02,raw/who.gho.cm-02/2026/09/20260907T155101Z-65d1a3fa0413.json.gz,2
who.gho.cm-02,CM_02:NIU:SEX_BTSX:AGEGROUP_MONTHS0-11,1966-01-01,2026-09-07T15:51:01Z,restated_at,2025-04-15,,who.gho.cm-02,raw/who.gho.cm-02/2026/09/20260907T155101Z-65d1a3fa0413.json.gz,2
who.gho.cm-02,CM_02:NIU:SEX_BTSX:AGEGROUP_MONTHS0-11,1966-01-01,2026-09-07T15:51:01Z,value,14.0,,who.gho.cm-02,raw/who.gho.cm-02/2026/09/20260907T155101Z-65d1a3fa0413.json.gz,2
who.gho.cm-02,CM_02:NIU:SEX_FMLE:AGEGROUP_MONTHS0-11,1966-01-01,2026-09-07T15:57:26Z,high,8.0,,who.gho.cm-02,raw/who.gho.cm-02/2026/09/20260907T155726Z-31d0241a6d30.json.gz,2
who.gho.cm-02,CM_02:NIU:SEX_FMLE:AGEGROUP_MONTHS0-11,1966-01-01,2026-09-07T15:57:26Z,low,5.0,,who.gho.cm-02,raw/who.gho.cm-02/2026/09/20260907T155726Z-31d0241a6d30.json.gz,2
who.gho.cm-02,CM_02:NIU:SEX_FMLE:AGEGROUP_MONTHS0-11,1966-01-01,2026-09-07T15:57:26Z,restated_at,2026-08-04,,who.gho.cm-02,raw/who.gho.cm-02/2026/09/20260907T155726Z-31d0241a6d30.json.gz,2
who.gho.cm-02,CM_02:NIU:SEX_FMLE:AGEGROUP_MONTHS0-11,1966-01-01,2026-09-07T15:57:26Z,value,6.0,,who.gho.cm-02,raw/who.gho.cm-02/2026/09/20260907T155726Z-31d0241a6d30.json.gz,2
who.gho.cm-02,CM_02:NIU:SEX_MLE:AGEGROUP_MONTHS0-11,1966-01-01,2026-09-07T15:52:03Z,high,10.0,,who.gho.cm-02,raw/who.gho.cm-02/2026/09/20260907T155203Z-07dabadb5738.json.gz,2
who.gho.cm-02,CM_02:NIU:SEX_MLE:AGEGROUP_MONTHS0-11,1966-01-01,2026-09-07T15:52:03Z,low,6.0,,who.gho.cm-02,raw/who.gho.cm-02/2026/09/20260907T155203Z-07dabadb5738.json.gz,2
who.gho.cm-02,CM_02:NIU:SEX_MLE:AGEGROUP_MONTHS0-11,1966-01-01,2026-09-07T15:52:03Z,restated_at,2025-04-15,,who.gho.cm-02,raw/who.gho.cm-02/2026/09/20260907T155203Z-07dabadb5738.json.gz,2
who.gho.cm-02,CM_02:NIU:SEX_MLE:AGEGROUP_MONTHS0-11,1966-01-01,2026-09-07T15:52:03Z,value,8.0,,who.gho.cm-02,raw/who.gho.cm-02/2026/09/20260907T155203Z-07dabadb5738.json.gz,2
who.gho.cm-02,CM_02:NLD:SEX_BTSX:AGEGROUP_MONTHS0-11,1966-01-01,2026-09-07T15:51:25Z,high,3476.0,,who.gho.cm-02,raw/who.gho.cm-02/2026/09/20260907T155125Z-b41e2575e826.json.gz,2
who.gho.cm-02,CM_02:NLD:SEX_BTSX:AGEGROUP_MONTHS0-11,1966-01-01,2026-09-07T15:51:25Z,low,3360.0,,who.gho.cm-02,raw/who.gho.cm-02/2026/09/20260907T155125Z-b41e2575e826.json.gz,2
who.gho.cm-02,CM_02:NLD:SEX_BTSX:AGEGROUP_MONTHS0-11,1966-01-01,2026-09-07T15:51:25Z,restated_at,2026-08-04,,who.gho.cm-02,raw/who.gho.cm-02/2026/09/20260907T155125Z-b41e2575e826.json.gz,2
who.gho.cm-02,CM_02:NLD:SEX_BTSX:AGEGROUP_MONTHS0-11,1966-01-01,2026-09-07T15:51:25Z,value,3416.0,,who.gho.cm-02,raw/who.gho.cm-02/2026/09/20260907T155125Z-b41e2575e826.json.gz,2
who.gho.cm-02,CM_02:NLD:SEX_FMLE:AGEGROUP_MONTHS0-11,1966-01-01,2026-09-07T15:56:41Z,high,1470.0,,who.gho.cm-02,raw/who.gho.cm-02/2026/09/20260907T155641Z-022407e160ee.json.gz,2
who.gho.cm-02,CM_02:NLD:SEX_FMLE:AGEGROUP_MONTHS0-11,1966-01-01,2026-09-07T15:56:41Z,low,1405.0,,who.gho.cm-02,raw/who.gho.cm-02/2026/09/20260907T155641Z-022407e160ee.json.gz,2
who.gho.cm-02,CM_02:NLD:SEX_FMLE:AGEGROUP_MONTHS0-11,1966-01-01,2026-09-07T15:56:41Z,restated_at,2026-08-04,,who.gho.cm-02,raw/who.gho.cm-02/2026/09/20260907T155641Z-022407e160ee.json.gz,2
who.gho.cm-02,CM_02:NLD:SEX_FMLE:AGEGROUP_MONTHS0-11,1966-01-01,2026-09-07T15:56:41Z,value,1436.0,,who.gho.cm-02,raw/who.gho.cm-02/2026/09/20260907T155641Z-022407e160ee.json.gz,2
who.gho.cm-02,CM_02:NLD:SEX_MLE:AGEGROUP_MONTHS0-11,1966-01-01,2026-09-07T15:57:07Z,high,2021.0,,who.gho.cm-02,raw/who.gho.cm-02/2026/09/20260907T155707Z-3cd3e5b56c9f.json.gz,2
who.gho.cm-02,CM_02:NLD:SEX_MLE:AGEGROUP_MONTHS0-11,1966-01-01,2026-09-07T15:57:07Z,low,1940.0,,who.gho.cm-02,raw/who.gho.cm-02/2026/09/20260907T155707Z-3cd3e5b56c9f.json.gz,2
who.gho.cm-02,CM_02:NLD:SEX_MLE:AGEGROUP_MONTHS0-11,1966-01-01,2026-09-07T15:57:07Z,restated_at,2026-08-04,,who.gho.cm-02,raw/who.gho.cm-02/2026/09/20260907T155707Z-3cd3e5b56c9f.json.gz,2
who.gho.cm-02,CM_02:NLD:SEX_MLE:AGEGROUP_MONTHS0-11,1966-01-01,2026-09-07T15:57:07Z,value,1980.0,,who.gho.cm-02,raw/who.gho.cm-02/2026/09/20260907T155707Z-3cd3e5b56c9f.json.gz,2
who.gho.cm-02,CM_02:NOR:SEX_BTSX:AGEGROUP_MONTHS0-11,1966-01-01,2026-09-07T15:56:55Z,high,1043.0,,who.gho.cm-02,raw/who.gho.cm-02/2026/09/20260907T155655Z-a5ea76265971.json.gz,2
who.gho.cm-02,CM_02:NOR:SEX_BTSX:AGEGROUP_MONTHS0-11,1966-01-01,2026-09-07T15:56:55Z,low,997.0,,who.gho.cm-02,raw/who.gho.cm-02/2026/09/20260907T155655Z-a5ea76265971.json.gz,2
who.gho.cm-02,CM_02:NOR:SEX_BTSX:AGEGROUP_MONTHS0-11,1966-01-01,2026-09-07T15:56:55Z,restated_at,2026-08-04,,who.gho.cm-02,raw/who.gho.cm-02/2026/09/20260907T155655Z-a5ea76265971.json.gz,2
who.gho.cm-02,CM_02:NOR:SEX_BTSX:AGEGROUP_MONTHS0-11,1966-01-01,2026-09-07T15:56:55Z,value,1019.0,,who.gho.cm-02,raw/who.gho.cm-02/2026/09/20260907T155655Z-a5ea76265971.json.gz,2
who.gho.cm-02,CM_02:NOR:SEX_FMLE:AGEGROUP_MONTHS0-11,1966-01-01,2026-09-07T15:58:04Z,high,442.0,,who.gho.cm-02,raw/who.gho.cm-02/2026/09/20260907T155804Z-3e19927fa86a.json.gz,2
who.gho.cm-02,CM_02:NOR:SEX_FMLE:AGEGROUP_MONTHS0-11,1966-01-01,2026-09-07T15:58:04Z,low,416.0,,who.gho.cm-02,raw/who.gho.cm-02/2026/09/20260907T155804Z-3e19927fa86a.json.gz,2
who.gho.cm-02,CM_02:NOR:SEX_FMLE:AGEGROUP_MONTHS0-11,1966-01-01,2026-09-07T15:58:04Z,restated_at,2026-08-04,,who.gho.cm-02,raw/who.gho.cm-02/2026/09/20260907T155804Z-3e19927fa86a.json.gz,2
who.gho.cm-02,CM_02:NOR:SEX_FMLE:AGEGROUP_MONTHS0-11,1966-01-01,2026-09-07T15:58:04Z,value,429.0,,who.gho.cm-02,raw/who.gho.cm-02/2026/09/20260907T155804Z-3e19927fa86a.json.gz,2
who.gho.cm-02,CM_02:NOR:SEX_MLE:AGEGROUP_MONTHS0-11,1966-01-01,2026-09-07T15:56:37Z,high,608.0,,who.gho.cm-02,raw/who.gho.cm-02/2026/09/20260907T155637Z-c7bda929b138.json.gz,2
who.gho.cm-02,CM_02:NOR:SEX_MLE:AGEGROUP_MONTHS0-11,1966-01-01,2026-09-07T15:56:37Z,low,576.0,,who.gho.cm-02,raw/who.gho.cm-02/2026/09/20260907T155637Z-c7bda929b138.json.gz,2
who.gho.cm-02,CM_02:NOR:SEX_MLE:AGEGROUP_MONTHS0-11,1966-01-01,2026-09-07T15:56:37Z,restated_at,2026-08-04,,who.gho.cm-02,raw/who.gho.cm-02/2026/09/20260907T155637Z-c7bda929b138.json.gz,2
who.gho.cm-02,CM_02:NOR:SEX_MLE:AGEGROUP_MONTHS0-11,1966-01-01,2026-09-07T15:56:37Z,value,590.0,,who.gho.cm-02,raw/who.gho.cm-02/2026/09/20260907T155637Z-c7bda929b138.json.gz,2
who.gho.cm-02,CM_02:NPL:SEX_BTSX:AGEGROUP_MONTHS0-11,1966-01-01,2026-09-07T15:57:12Z,high,105245.0,,who.gho.cm-02,raw/who.gho.cm-02/2026/09/20260907T155712Z-98aa519eeacd.json.gz,2
who.gho.cm-02,CM_02:NPL:SEX_BTSX:AGEGROUP_MONTHS0-11,1966-01-01,2026-09-07T15:57:12Z,low,85641.0,,who.gho.cm-02,raw/who.gho.cm-02/2026/09/20260907T155712Z-98aa519eeacd.json.gz,2
who.gho.cm-02,CM_02:NPL:SEX_BTSX:AGEGROUP_MONTHS0-11,1966-01-01,2026-09-07T15:57:12Z,restated_at,2026-08-04,,who.gho.cm-02,raw/who.gho.cm-02/2026/09/20260907T155712Z-98aa519eeacd.json.gz,2
who.gho.cm-02,CM_02:NPL:SEX_BTSX:AGEGROUP_MONTHS0-11,1966-01-01,2026-09-07T15:57:12Z,value,94884.0,,who.gho.cm-02,raw/who.gho.cm-02/2026/09/20260907T155712Z-98aa519eeacd.json.gz,2
who.gho.cm-02,CM_02:NPL:SEX_FMLE:AGEGROUP_MONTHS0-11,1966-01-01,2026-09-07T15:57:44Z,high,49809.0,,who.gho.cm-02,raw/who.gho.cm-02/2026/09/20260907T155744Z-e141b36e0a87.json.gz,2
who.gho.cm-02,CM_02:NPL:SEX_FMLE:AGEGROUP_MONTHS0-11,1966-01-01,2026-09-07T15:57:44Z,low,40166.0,,who.gho.cm-02,raw/who.gho.cm-02/2026/09/20260907T155744Z-e141b36e0a87.json.gz,2
who.gho.cm-02,CM_02:NPL:SEX_FMLE:AGEGROUP_MONTHS0-11,1966-01-01,2026-09-07T15:57:44Z,restated_at,2026-08-04,,who.gho.cm-02,raw/who.gho.cm-02/2026/09/20260907T155744Z-e141b36e0a87.json.gz,2
who.gho.cm-02,CM_02:NPL:SEX_FMLE:AGEGROUP_MONTHS0-11,1966-01-01,2026-09-07T15:57:44Z,value,44711.0,,who.gho.cm-02,raw/who.gho.cm-02/2026/09/20260907T155744Z-e141b36e0a87.json.gz,2
who.gho.cm-02,CM_02:NPL:SEX_MLE:AGEGROUP_MONTHS0-11,1966-01-01,2026-09-07T15:57:12Z,high,55868.0,,who.gho.cm-02,raw/who.gho.cm-02/2026/09/20260907T155712Z-98aa519eeacd.json.gz,2
who.gho.cm-02,CM_02:NPL:SEX_MLE:AGEGROUP_MONTHS0-11,1966-01-01,2026-09-07T15:57:12Z,low,45124.0,,who.gho.cm-02,raw/who.gho.cm-02/2026/09/20260907T155712Z-98aa519eeacd.json.gz,2
who.gho.cm-02,CM_02:NPL:SEX_MLE:AGEGROUP_MONTHS0-11,1966-01-01,2026-09-07T15:57:12Z,restated_at,2026-08-04,,who.gho.cm-02,raw/who.gho.cm-02/2026/09/20260907T155712Z-98aa519eeacd.json.gz,2
who.gho.cm-02,CM_02:NPL:SEX_MLE:AGEGROUP_MONTHS0-11,1966-01-01,2026-09-07T15:57:12Z,value,50173.0,,who.gho.cm-02,raw/who.gho.cm-02/2026/09/20260907T155712Z-98aa519eeacd.json.gz,2
who.gho.cm-02,CM_02:NZL:SEX_BTSX:AGEGROUP_MONTHS0-11,1966-01-01,2026-09-07T15:57:59Z,high,1116.0,,who.gho.cm-02,raw/who.gho.cm-02/2026/09/20260907T155759Z-531ca935f713.json.gz,2
who.gho.cm-02,CM_02:NZL:SEX_BTSX:AGEGROUP_MONTHS0-11,1966-01-01,2026-09-07T15:57:59Z,low,1073.0,,who.gho.cm-02,raw/who.gho.cm-02/2026/09/20260907T155759Z-531ca935f713.json.gz,2
who.gho.cm-02,CM_02:NZL:SEX_BTSX:AGEGROUP_MONTHS0-11,1966-01-01,2026-09-07T15:57:59Z,restated_at,2026-08-04,,who.gho.cm-02,raw/who.gho.cm-02/2026/09/20260907T155759Z-531ca935f713.json.gz,2
who.gho.cm-02,CM_02:NZL:SEX_BTSX:AGEGROUP_MONTHS0-11,1966-01-01,2026-09-07T15:57:59Z,value,1095.0,,who.gho.cm-02,raw/who.gho.cm-02/2026/09/20260907T155759Z-531ca935f713.json.gz,2
who.gho.cm-02,CM_02:NZL:SEX_FMLE:AGEGROUP_MONTHS0-11,1966-01-01,2026-09-07T15:56:27Z,high,470.0,,who.gho.cm-02,raw/who.gho.cm-02/2026/09/20260907T155627Z-19eb4e6c1215.json.gz,2
who.gho.cm-02,CM_02:NZL:SEX_FMLE:AGEGROUP_MONTHS0-11,1966-01-01,2026-09-07T15:56:27Z,low,444.0,,who.gho.cm-02,raw/who.gho.cm-02/2026/09/20260907T155627Z-19eb4e6c1215.json.gz,2
who.gho.cm-02,CM_02:NZL:SEX_FMLE:AGEGROUP_MONTHS0-11,1966-01-01,2026-09-07T15:56:27Z,restated_at,2025-04-15,,who.gho.cm-02,raw/who.gho.cm-02/2026/09/20260907T155627Z-19eb4e6c1215.json.gz,2
who.gho.cm-02,CM_02:NZL:SEX_FMLE:AGEGROUP_MONTHS0-11,1966-01-01,2026-09-07T15:56:27Z,value,457.0,,who.gho.cm-02,raw/who.gho.cm-02/2026/09/20260907T155627Z-19eb4e6c1215.json.gz,2
who.gho.cm-02,CM_02:NZL:SEX_MLE:AGEGROUP_MONTHS0-11,1966-01-01,2026-09-07T15:56:55Z,high,654.0,,who.gho.cm-02,raw/who.gho.cm-02/2026/09/20260907T155655Z-a5ea76265971.json.gz,2
who.gho.cm-02,CM_02:NZL:SEX_MLE:AGEGROUP_MONTHS0-11,1966-01-01,2026-09-07T15:56:55Z,low,623.0,,who.gho.cm-02,raw/who.gho.cm-02/2026/09/20260907T155655Z-a5ea76265971.json.gz,2
who.gho.cm-02,CM_02:NZL:SEX_MLE:AGEGROUP_MONTHS0-11,1966-01-01,2026-09-07T15:56:55Z,restated_at,2026-08-04,,who.gho.cm-02,raw/who.gho.cm-02/2026/09/20260907T155655Z-a5ea76265971.json.gz,2
who.gho.cm-02,CM_02:NZL:SEX_MLE:AGEGROUP_MONTHS0-11,1966-01-01,2026-09-07T15:56:55Z,value,638.0,,who.gho.cm-02,raw/who.gho.cm-02/2026/09/20260907T155655Z-a5ea76265971.json.gz,2
who.gho.cm-02,CM_02:OMN:SEX_BTSX:AGEGROUP_MONTHS0-11,1966-01-01,2026-09-07T15:52:26Z,high,6864.0,,who.gho.cm-02,raw/who.gho.cm-02/2026/09/20260907T155226Z-b536cc4a2b4c.json.gz,2
who.gho.cm-02,CM_02:OMN:SEX_BTSX:AGEGROUP_MONTHS0-11,1966-01-01,2026-09-07T15:52:26Z,low,4964.0,,who.gho.cm-02,raw/who.gho.cm-02/2026/09/20260907T155226Z-b536cc4a2b4c.json.gz,2
who.gho.cm-02,CM_02:OMN:SEX_BTSX:AGEGROUP_MONTHS0-11,1966-01-01,2026-09-07T15:52:26Z,restated_at,2026-08-04,,who.gho.cm-02,raw/who.gho.cm-02/2026/09/20260907T155226Z-b536cc4a2b4c.json.gz,2
who.gho.cm-02,CM_02:OMN:SEX_BTSX:AGEGROUP_MONTHS0-11,1966-01-01,2026-09-07T15:52:26Z,value,5852.0,,who.gho.cm-02,raw/who.gho.cm-02/2026/09/20260907T155226Z-b536cc4a2b4c.json.gz,2
who.gho.cm-02,CM_02:OMN:SEX_FMLE:AGEGROUP_MONTHS0-11,1966-01-01,2026-09-07T15:51:25Z,high,3183.0,,who.gho.cm-02,raw/who.gho.cm-02/2026/09/20260907T155125Z-b41e2575e826.json.gz,2
who.gho.cm-02,CM_02:OMN:SEX_FMLE:AGEGROUP_MONTHS0-11,1966-01-01,2026-09-07T15:51:25Z,low,2239.0,,who.gho.cm-02,raw/who.gho.cm-02/2026/09/20260907T155125Z-b41e2575e826.json.gz,2
who.gho.cm-02,CM_02:OMN:SEX_FMLE:AGEGROUP_MONTHS0-11,1966-01-01,2026-09-07T15:51:25Z,restated_at,2026-08-04,,who.gho.cm-02,raw/who.gho.cm-02/2026/09/20260907T155125Z-b41e2575e826.json.gz,2
who.gho.cm-02,CM_02:OMN:SEX_FMLE:AGEGROUP_MONTHS0-11,1966-01-01,2026-09-07T15:51:25Z,value,2682.0,,who.gho.cm-02,raw/who.gho.cm-02/2026/09/20260907T155125Z-b41e2575e826.json.gz,2
who.gho.cm-02,CM_02:OMN:SEX_MLE:AGEGROUP_MONTHS0-11,1966-01-01,2026-09-07T15:58:25Z,high,3734.0,,who.gho.cm-02,raw/who.gho.cm-02/2026/09/20260907T155825Z-6675ad1e3bc7.json.gz,2
who.gho.cm-02,CM_02:OMN:SEX_MLE:AGEGROUP_MONTHS0-11,1966-01-01,2026-09-07T15:58:25Z,low,2669.0,,who.gho.cm-02,raw/who.gho.cm-02/2026/09/20260907T155825Z-6675ad1e3bc7.json.gz,2
who.gho.cm-02,CM_02:OMN:SEX_MLE:AGEGROUP_MONTHS0-11,1966-01-01,2026-09-07T15:58:25Z,restated_at,2026-08-04,,who.gho.cm-02,raw/who.gho.cm-02/2026/09/20260907T155825Z-6675ad1e3bc7.json.gz,2
who.gho.cm-02,CM_02:OMN:SEX_MLE:AGEGROUP_MONTHS0-11,1966-01-01,2026-09-07T15:58:25Z,value,3170.0,,who.gho.cm-02,raw/who.gho.cm-02/2026/09/20260907T155825Z-6675ad1e3bc7.json.gz,2
who.gho.cm-02,CM_02:PAK:SEX_BTSX:AGEGROUP_MONTHS0-11,1966-01-01,2026-09-07T15:57:26Z,high,365864.0,,who.gho.cm-02,raw/who.gho.cm-02/2026/09/20260907T155726Z-31d0241a6d30.json.gz,2
who.gho.cm-02,CM_02:PAK:SEX_BTSX:AGEGROUP_MONTHS0-11,1966-01-01,2026-09-07T15:57:26Z,low,309740.0,,who.gho.cm-02,raw/who.gho.cm-02/2026/09/20260907T155726Z-31d0241a6d30.json.gz,2
who.gho.cm-02,CM_02:PAK:SEX_BTSX:AGEGROUP_MONTHS0-11,1966-01-01,2026-09-07T15:57:26Z,restated_at,2026-08-04,,who.gho.cm-02,raw/who.gho.cm-02/2026/09/20260907T155726Z-31d0241a6d30.json.gz,2
who.gho.cm-02,CM_02:PAK:SEX_BTSX:AGEGROUP_MONTHS0-11,1966-01-01,2026-09-07T15:57:26Z,value,337081.0,,who.gho.cm-02,raw/who.gho.cm-02/2026/09/20260907T155726Z-31d0241a6d30.json.gz,2
who.gho.cm-02,CM_02:PAK:SEX_FMLE:AGEGROUP_MONTHS0-11,1966-01-01,2026-09-07T15:51:11Z,high,170314.0,,who.gho.cm-02,raw/who.gho.cm-02/2026/09/20260907T155111Z-17577dbcf352.json.gz,2
who.gho.cm-02,CM_02:PAK:SEX_FMLE:AGEGROUP_MONTHS0-11,1966-01-01,2026-09-07T15:51:11Z,low,142776.0,,who.gho.cm-02,raw/who.gho.cm-02/2026/09/20260907T155111Z-17577dbcf352.json.gz,2
who.gho.cm-02,CM_02:PAK:SEX_FMLE:AGEGROUP_MONTHS0-11,1966-01-01,2026-09-07T15:51:11Z,restated_at,2026-08-04,,who.gho.cm-02,raw/who.gho.cm-02/2026/09/20260907T155111Z-17577dbcf352.json.gz,2
who.gho.cm-02,CM_02:PAK:SEX_FMLE:AGEGROUP_MONTHS0-11,1966-01-01,2026-09-07T15:51:11Z,value,156240.0,,who.gho.cm-02,raw/who.gho.cm-02/2026/09/20260907T155111Z-17577dbcf352.json.gz,2
who.gho.cm-02,CM_02:PAK:SEX_MLE:AGEGROUP_MONTHS0-11,1966-01-01,2026-09-07T15:53:02Z,high,197278.0,,who.gho.cm-02,raw/who.gho.cm-02/2026/09/20260907T155302Z-206bb5f6993f.json.gz,2
who.gho.cm-02,CM_02:PAK:SEX_MLE:AGEGROUP_MONTHS0-11,1966-01-01,2026-09-07T15:53:02Z,low,165797.0,,who.gho.cm-02,raw/who.gho.cm-02/2026/09/20260907T155302Z-206bb5f6993f.json.gz,2
who.gho.cm-02,CM_02:PAK:SEX_MLE:AGEGROUP_MONTHS0-11,1966-01-01,2026-09-07T15:53:02Z,restated_at,2026-08-04,,who.gho.cm-02,raw/who.gho.cm-02/2026/09/20260907T155302Z-206bb5f6993f.json.gz,2
who.gho.cm-02,CM_02:PAK:SEX_MLE:AGEGROUP_MONTHS0-11,1966-01-01,2026-09-07T15:53:02Z,value,180841.0,,who.gho.cm-02,raw/who.gho.cm-02/2026/09/20260907T155302Z-206bb5f6993f.json.gz,2
who.gho.cm-02,CM_02:PAN:SEX_BTSX:AGEGROUP_MONTHS0-11,1966-01-01,2026-09-07T15:57:59Z,high,3351.0,,who.gho.cm-02,raw/who.gho.cm-02/2026/09/20260907T155759Z-531ca935f713.json.gz,2
who.gho.cm-02,CM_02:PAN:SEX_BTSX:AGEGROUP_MONTHS0-11,1966-01-01,2026-09-07T15:57:59Z,low,2710.0,,who.gho.cm-02,raw/who.gho.cm-02/2026/09/20260907T155759Z-531ca935f713.json.gz,2
who.gho.cm-02,CM_02:PAN:SEX_BTSX:AGEGROUP_MONTHS0-11,1966-01-01,2026-09-07T15:57:59Z,restated_at,2026-08-04,,who.gho.cm-02,raw/who.gho.cm-02/2026/09/20260907T155759Z-531ca935f713.json.gz,2
who.gho.cm-02,CM_02:PAN:SEX_BTSX:AGEGROUP_MONTHS0-11,1966-01-01,2026-09-07T15:57:59Z,value,3027.0,,who.gho.cm-02,raw/who.gho.cm-02/2026/09/20260907T155759Z-531ca935f713.json.gz,2
who.gho.cm-02,CM_02:PAN:SEX_FMLE:AGEGROUP_MONTHS0-11,1966-01-01,2026-09-07T15:58:20Z,high,1518.0,,who.gho.cm-02,raw/who.gho.cm-02/2026/09/20260907T155820Z-bace8014f904.json.gz,2
who.gho.cm-02,CM_02:PAN:SEX_FMLE:AGEGROUP_MONTHS0-11,1966-01-01,2026-09-07T15:58:20Z,low,1201.0,,who.gho.cm-02,raw/who.gho.cm-02/2026/09/20260907T155820Z-bace8014f904.json.gz,2
who.gho.cm-02,CM_02:PAN:SEX_FMLE:AGEGROUP_MONTHS0-11,1966-01-01,2026-09-07T15:58:20Z,restated_at,2026-08-04,,who.gho.cm-02,raw/who.gho.cm-02/2026/09/20260907T155820Z-bace8014f904.json.gz,2
who.gho.cm-02,CM_02:PAN:SEX_FMLE:AGEGROUP_MONTHS0-11,1966-01-01,2026-09-07T15:58:20Z,value,1355.0,,who.gho.cm-02,raw/who.gho.cm-02/2026/09/20260907T155820Z-bace8014f904.json.gz,2
who.gho.cm-02,CM_02:PAN:SEX_MLE:AGEGROUP_MONTHS0-11,1966-01-01,2026-09-07T15:57:21Z,high,1859.0,,who.gho.cm-02,raw/who.gho.cm-02/2026/09/20260907T155721Z-a2b5c178c29b.json.gz,2
who.gho.cm-02,CM_02:PAN:SEX_MLE:AGEGROUP_MONTHS0-11,1966-01-01,2026-09-07T15:57:21Z,low,1485.0,,who.gho.cm-02,raw/who.gho.cm-02/2026/09/20260907T155721Z-a2b5c178c29b.json.gz,2
who.gho.cm-02,CM_02:PAN:SEX_MLE:AGEGROUP_MONTHS0-11,1966-01-01,2026-09-07T15:57:21Z,restated_at,2026-08-04,,who.gho.cm-02,raw/who.gho.cm-02/2026/09/20260907T155721Z-a2b5c178c29b.json.gz,2
who.gho.cm-02,CM_02:PAN:SEX_MLE:AGEGROUP_MONTHS0-11,1966-01-01,2026-09-07T15:57:21Z,value,1672.0,,who.gho.cm-02,raw/who.gho.cm-02/2026/09/20260907T155721Z-a2b5c178c29b.json.gz,2
who.gho.cm-02,CM_02:PER:SEX_BTSX:AGEGROUP_MONTHS0-11,1966-01-01,2026-09-07T15:56:37Z,high,71644.0,,who.gho.cm-02,raw/who.gho.cm-02/2026/09/20260907T155637Z-c7bda929b138.json.gz,2
who.gho.cm-02,CM_02:PER:SEX_BTSX:AGEGROUP_MONTHS0-11,1966-01-01,2026-09-07T15:56:37Z,low,62665.0,,who.gho.cm-02,raw/who.gho.cm-02/2026/09/20260907T155637Z-c7bda929b138.json.gz,2
who.gho.cm-02,CM_02:PER:SEX_BTSX:AGEGROUP_MONTHS0-11,1966-01-01,2026-09-07T15:56:37Z,restated_at,2026-08-04,,who.gho.cm-02,raw/who.gho.cm-02/2026/09/20260907T155637Z-c7bda929b138.json.gz,2
who.gho.cm-02,CM_02:PER:SEX_BTSX:AGEGROUP_MONTHS0-11,1966-01-01,2026-09-07T15:56:37Z,value,67050.0,,who.gho.cm-02,raw/who.gho.cm-02/2026/09/20260907T155637Z-c7bda929b138.json.gz,2
who.gho.cm-02,CM_02:PER:SEX_FMLE:AGEGROUP_MONTHS0-11,1966-01-01,2026-09-07T15:58:16Z,high,32496.0,,who.gho.cm-02,raw/who.gho.cm-02/2026/09/20260907T155816Z-99a1a16a015f.json.gz,2
who.gho.cm-02,CM_02:PER:SEX_FMLE:AGEGROUP_MONTHS0-11,1966-01-01,2026-09-07T15:58:16Z,low,28026.0,,who.gho.cm-02,raw/who.gho.cm-02/2026/09/20260907T155816Z-99a1a16a015f.json.gz,2
who.gho.cm-02,CM_02:PER:SEX_FMLE:AGEGROUP_MONTHS0-11,1966-01-01,2026-09-07T15:58:16Z,restated_at,2026-08-04,,who.gho.cm-02,raw/who.gho.cm-02/2026/09/20260907T155816Z-99a1a16a015f.json.gz,2
who.gho.cm-02,CM_02:PER:SEX_FMLE:AGEGROUP_MONTHS0-11,1966-01-01,2026-09-07T15:58:16Z,value,30220.0,,who.gho.cm-02,raw/who.gho.cm-02/2026/09/20260907T155816Z-99a1a16a015f.json.gz,2
who.gho.cm-02,CM_02:PER:SEX_MLE:AGEGROUP_MONTHS0-11,1966-01-01,2026-09-07T15:58:12Z,high,39527.0,,who.gho.cm-02,raw/who.gho.cm-02/2026/09/20260907T155812Z-02a2023435be.json.gz,2
who.gho.cm-02,CM_02:PER:SEX_MLE:AGEGROUP_MONTHS0-11,1966-01-01,2026-09-07T15:58:12Z,low,34216.0,,who.gho.cm-02,raw/who.gho.cm-02/2026/09/20260907T155812Z-02a2023435be.json.gz,2
who.gho.cm-02,CM_02:PER:SEX_MLE:AGEGROUP_MONTHS0-11,1966-01-01,2026-09-07T15:58:12Z,restated_at,2026-08-04,,who.gho.cm-02,raw/who.gho.cm-02/2026/09/20260907T155812Z-02a2023435be.json.gz,2
who.gho.cm-02,CM_02:PER:SEX_MLE:AGEGROUP_MONTHS0-11,1966-01-01,2026-09-07T15:58:12Z,value,36830.0,,who.gho.cm-02,raw/who.gho.cm-02/2026/09/20260907T155812Z-02a2023435be.json.gz,2
who.gho.cm-02,CM_02:PHL:SEX_BTSX:AGEGROUP_MONTHS0-11,1966-01-01,2026-09-07T15:57:00Z,high,88441.0,,who.gho.cm-02,raw/who.gho.cm-02/2026/09/20260907T155700Z-8ffcb12aceff.json.gz,2
who.gho.cm-02,CM_02:PHL:SEX_BTSX:AGEGROUP_MONTHS0-11,1966-01-01,2026-09-07T15:57:00Z,low,70992.0,,who.gho.cm-02,raw/who.gho.cm-02/2026/09/20260907T155700Z-8ffcb12aceff.json.gz,2
who.gho.cm-02,CM_02:PHL:SEX_BTSX:AGEGROUP_MONTHS0-11,1966-01-01,2026-09-07T15:57:00Z,restated_at,2026-08-04,,who.gho.cm-02,raw/who.gho.cm-02/2026/09/20260907T155700Z-8ffcb12aceff.json.gz,2
who.gho.cm-02,CM_02:PHL:SEX_BTSX:AGEGROUP_MONTHS0-11,1966-01-01,2026-09-07T15:57:00Z,value,79373.0,,who.gho.cm-02,raw/who.gho.cm-02/2026/09/20260907T155700Z-8ffcb12aceff.json.gz,2
who.gho.cm-02,CM_02:PHL:SEX_FMLE:AGEGROUP_MONTHS0-11,1966-01-01,2026-09-07T15:57:54Z,high,38455.0,,who.gho.cm-02,raw/who.gho.cm-02/2026/09/20260907T155754Z-3bea881db2b4.json.gz,2
who.gho.cm-02,CM_02:PHL:SEX_FMLE:AGEGROUP_MONTHS0-11,1966-01-01,2026-09-07T15:57:54Z,low,30458.0,,who.gho.cm-02,raw/who.gho.cm-02/2026/09/20260907T155754Z-3bea881db2b4.json.gz,2
who.gho.cm-02,CM_02:PHL:SEX_FMLE:AGEGROUP_MONTHS0-11,1966-01-01,2026-09-07T15:57:54Z,restated_at,2026-08-04,,who.gho.cm-02,raw/who.gho.cm-02/2026/09/20260907T155754Z-3bea881db2b4.json.gz,2
who.gho.cm-02,CM_02:PHL:SEX_FMLE:AGEGROUP_MONTHS0-11,1966-01-01,2026-09-07T15:57:54Z,value,34165.0,,who.gho.cm-02,raw/who.gho.cm-02/2026/09/20260907T155754Z-3bea881db2b4.json.gz,2
who.gho.cm-02,CM_02:PHL:SEX_MLE:AGEGROUP_MONTHS0-11,1966-01-01,2026-09-07T15:57:40Z,high,50645.0,,who.gho.cm-02,raw/who.gho.cm-02/2026/09/20260907T155740Z-31068700a25d.json.gz,2
who.gho.cm-02,CM_02:PHL:SEX_MLE:AGEGROUP_MONTHS0-11,1966-01-01,2026-09-07T15:57:40Z,low,40275.0,,who.gho.cm-02,raw/who.gho.cm-02/2026/09/20260907T155740Z-31068700a25d.json.gz,2
who.gho.cm-02,CM_02:PHL:SEX_MLE:AGEGROUP_MONTHS0-11,1966-01-01,2026-09-07T15:57:40Z,restated_at,2026-08-04,,who.gho.cm-02,raw/who.gho.cm-02/2026/09/20260907T155740Z-31068700a25d.json.gz,2
who.gho.cm-02,CM_02:PHL:SEX_MLE:AGEGROUP_MONTHS0-11,1966-01-01,2026-09-07T15:57:40Z,value,45208.0,,who.gho.cm-02,raw/who.gho.cm-02/2026/09/20260907T155740Z-31068700a25d.json.gz,2
who.gho.cm-02,CM_02:PLW:SEX_BTSX:AGEGROUP_MONTHS0-11,1966-01-01,2026-09-07T15:56:37Z,high,47.0,,who.gho.cm-02,raw/who.gho.cm-02/2026/09/20260907T155637Z-c7bda929b138.json.gz,2
who.gho.cm-02,CM_02:PLW:SEX_BTSX:AGEGROUP_MONTHS0-11,1966-01-01,2026-09-07T15:56:37Z,low,19.0,,who.gho.cm-02,raw/who.gho.cm-02/2026/09/20260907T155637Z-c7bda929b138.json.gz,2
who.gho.cm-02,CM_02:PLW:SEX_BTSX:AGEGROUP_MONTHS0-11,1966-01-01,2026-09-07T15:56:37Z,restated_at,2026-08-04,,who.gho.cm-02,raw/who.gho.cm-02/2026/09/20260907T155637Z-c7bda929b138.json.gz,2
who.gho.cm-02,CM_02:PLW:SEX_BTSX:AGEGROUP_MONTHS0-11,1966-01-01,2026-09-07T15:56:37Z,value,31.0,,who.gho.cm-02,raw/who.gho.cm-02/2026/09/20260907T155637Z-c7bda929b138.json.gz,2
who.gho.cm-02,CM_02:PLW:SEX_FMLE:AGEGROUP_MONTHS0-11,1966-01-01,2026-09-07T15:57:07Z,high,21.0,,who.gho.cm-02,raw/who.gho.cm-02/2026/09/20260907T155707Z-3cd3e5b56c9f.json.gz,2
who.gho.cm-02,CM_02:PLW:SEX_FMLE:AGEGROUP_MONTHS0-11,1966-01-01,2026-09-07T15:57:07Z,low,8.0,,who.gho.cm-02,raw/who.gho.cm-02/2026/09/20260907T155707Z-3cd3e5b56c9f.json.gz,2
who.gho.cm-02,CM_02:PLW:SEX_FMLE:AGEGROUP_MONTHS0-11,1966-01-01,2026-09-07T15:57:07Z,restated_at,2025-04-15,,who.gho.cm-02,raw/who.gho.cm-02/2026/09/20260907T155707Z-3cd3e5b56c9f.json.gz,2
who.gho.cm-02,CM_02:PLW:SEX_FMLE:AGEGROUP_MONTHS0-11,1966-01-01,2026-09-07T15:57:07Z,value,14.0,,who.gho.cm-02,raw/who.gho.cm-02/2026/09/20260907T155707Z-3cd3e5b56c9f.json.gz,2
who.gho.cm-02,CM_02:PLW:SEX_MLE:AGEGROUP_MONTHS0-11,1966-01-01,2026-09-07T15:56:37Z,high,27.0,,who.gho.cm-02,raw/who.gho.cm-02/2026/09/20260907T155637Z-c7bda929b138.json.gz,2
who.gho.cm-02,CM_02:PLW:SEX_MLE:AGEGROUP_MONTHS0-11,1966-01-01,2026-09-07T15:56:37Z,low,10.0,,who.gho.cm-02,raw/who.gho.cm-02/2026/09/20260907T155637Z-c7bda929b138.json.gz,2
who.gho.cm-02,CM_02:PLW:SEX_MLE:AGEGROUP_MONTHS0-11,1966-01-01,2026-09-07T15:56:37Z,restated_at,2025-04-15,,who.gho.cm-02,raw/who.gho.cm-02/2026/09/20260907T155637Z-c7bda929b138.json.gz,2
who.gho.cm-02,CM_02:PLW:SEX_MLE:AGEGROUP_MONTHS0-11,1966-01-01,2026-09-07T15:56:37Z,value,17.0,,who.gho.cm-02,raw/who.gho.cm-02/2026/09/20260907T155637Z-c7bda929b138.json.gz,2
who.gho.cm-02,CM_02:PNG:SEX_BTSX:AGEGROUP_MONTHS0-11,1966-01-01,2026-09-07T15:57:49Z,high,13514.0,,who.gho.cm-02,raw/who.gho.cm-02/2026/09/20260907T155749Z-8808ed0c9a07.json.gz,2
who.gho.cm-02,CM_02:PNG:SEX_BTSX:AGEGROUP_MONTHS0-11,1966-01-01,2026-09-07T15:57:49Z,low,10839.0,,who.gho.cm-02,raw/who.gho.cm-02/2026/09/20260907T155749Z-8808ed0c9a07.json.gz,2
who.gho.cm-02,CM_02:PNG:SEX_BTSX:AGEGROUP_MONTHS0-11,1966-01-01,2026-09-07T15:57:49Z,restated_at,2026-08-04,,who.gho.cm-02,raw/who.gho.cm-02/2026/09/20260907T155749Z-8808ed0c9a07.json.gz,2
who.gho.cm-02,CM_02:PNG:SEX_BTSX:AGEGROUP_MONTHS0-11,1966-01-01,2026-09-07T15:57:49Z,value,12052.0,,who.gho.cm-02,raw/who.gho.cm-02/2026/09/20260907T155749Z-8808ed0c9a07.json.gz,2
who.gho.cm-02,CM_02:PNG:SEX_FMLE:AGEGROUP_MONTHS0-11,1966-01-01,2026-09-07T15:58:20Z,high,6241.0,,who.gho.cm-02,raw/who.gho.cm-02/2026/09/20260907T155820Z-bace8014f904.json.gz,2
who.gho.cm-02,CM_02:PNG:SEX_FMLE:AGEGROUP_MONTHS0-11,1966-01-01,2026-09-07T15:58:20Z,low,4884.0,,who.gho.cm-02,raw/who.gho.cm-02/2026/09/20260907T155820Z-bace8014f904.json.gz,2
who.gho.cm-02,CM_02:PNG:SEX_FMLE:AGEGROUP_MONTHS0-11,1966-01-01,2026-09-07T15:58:20Z,restated_at,2026-08-04,,who.gho.cm-02,raw/who.gho.cm-02/2026/09/20260907T155820Z-bace8014f904.json.gz,2
who.gho.cm-02,CM_02:PNG:SEX_FMLE:AGEGROUP_MONTHS0-11,1966-01-01,2026-09-07T15:58:20Z,value,5502.0,,who.gho.cm-02,raw/who.gho.cm-02/2026/09/20260907T155820Z-bace8014f904.json.gz,2
who.gho.cm-02,CM_02:PNG:SEX_MLE:AGEGROUP_MONTHS0-11,1966-01-01,2026-09-07T15:51:50Z,high,7407.0,,who.gho.cm-02,raw/who.gho.cm-02/2026/09/20260907T155150Z-b2442ef3f6e6.json.gz,2
who.gho.cm-02,CM_02:PNG:SEX_MLE:AGEGROUP_MONTHS0-11,1966-01-01,2026-09-07T15:51:50Z,low,5822.0,,who.gho.cm-02,raw/who.gho.cm-02/2026/09/20260907T155150Z-b2442ef3f6e6.json.gz,2
who.gho.cm-02,CM_02:PNG:SEX_MLE:AGEGROUP_MONTHS0-11,1966-01-01,2026-09-07T15:51:50Z,restated_at,2026-08-04,,who.gho.cm-02,raw/who.gho.cm-02/2026/09/20260907T155150Z-b2442ef3f6e6.json.gz,2
who.gho.cm-02,CM_02:PNG:SEX_MLE:AGEGROUP_MONTHS0-11,1966-01-01,2026-09-07T15:51:50Z,value,6550.0,,who.gho.cm-02,raw/who.gho.cm-02/2026/09/20260907T155150Z-b2442ef3f6e6.json.gz,2
who.gho.cm-02,CM_02:POL:SEX_BTSX:AGEGROUP_MONTHS0-11,1966-01-01,2026-09-07T15:52:10Z,high,20639.0,,who.gho.cm-02,raw/who.gho.cm-02/2026/09/20260907T155210Z-c2e07328660e.json.gz,2
who.gho.cm-02,CM_02:POL:SEX_BTSX:AGEGROUP_MONTHS0-11,1966-01-01,2026-09-07T15:52:10Z,low,19802.0,,who.gho.cm-02,raw/who.gho.cm-02/2026/09/20260907T155210Z-c2e07328660e.json.gz,2
who.gho.cm-02,CM_02:POL:SEX_BTSX:AGEGROUP_MONTHS0-11,1966-01-01,2026-09-07T15:52:10Z,restated_at,2026-08-04,,who.gho.cm-02,raw/who.gho.cm-02/2026/09/20260907T155210Z-c2e07328660e.json.gz,2
who.gho.cm-02,CM_02:POL:SEX_BTSX:AGEGROUP_MONTHS0-11,1966-01-01,2026-09-07T15:52:10Z,value,20221.0,,who.gho.cm-02,raw/who.gho.cm-02/2026/09/20260907T155210Z-c2e07328660e.json.gz,2
who.gho.cm-02,CM_02:POL:SEX_FMLE:AGEGROUP_MONTHS0-11,1966-01-01,2026-09-07T15:57:07Z,high,8691.0,,who.gho.cm-02,raw/who.gho.cm-02/2026/09/20260907T155707Z-3cd3e5b56c9f.json.gz,2
who.gho.cm-02,CM_02:POL:SEX_FMLE:AGEGROUP_MONTHS0-11,1966-01-01,2026-09-07T15:57:07Z,low,8306.0,,who.gho.cm-02,raw/who.gho.cm-02/2026/09/20260907T155707Z-3cd3e5b56c9f.json.gz,2
who.gho.cm-02,CM_02:POL:SEX_FMLE:AGEGROUP_MONTHS0-11,1966-01-01,2026-09-07T15:57:07Z,restated_at,2026-08-04,,who.gho.cm-02,raw/who.gho.cm-02/2026/09/20260907T155707Z-3cd3e5b56c9f.json.gz,2
who.gho.cm-02,CM_02:POL:SEX_FMLE:AGEGROUP_MONTHS0-11,1966-01-01,2026-09-07T15:57:07Z,value,8492.0,,who.gho.cm-02,raw/who.gho.cm-02/2026/09/20260907T155707Z-3cd3e5b56c9f.json.gz,2
who.gho.cm-02,CM_02:POL:SEX_MLE:AGEGROUP_MONTHS0-11,1966-01-01,2026-09-07T15:51:11Z,high,11996.0,,who.gho.cm-02,raw/who.gho.cm-02/2026/09/20260907T155111Z-17577dbcf352.json.gz,2
who.gho.cm-02,CM_02:POL:SEX_MLE:AGEGROUP_MONTHS0-11,1966-01-01,2026-09-07T15:51:11Z,low,11483.0,,who.gho.cm-02,raw/who.gho.cm-02/2026/09/20260907T155111Z-17577dbcf352.json.gz,2
who.gho.cm-02,CM_02:POL:SEX_MLE:AGEGROUP_MONTHS0-11,1966-01-01,2026-09-07T15:51:11Z,restated_at,2026-08-04,,who.gho.cm-02,raw/who.gho.cm-02/2026/09/20260907T155111Z-17577dbcf352.json.gz,2
who.gho.cm-02,CM_02:POL:SEX_MLE:AGEGROUP_MONTHS0-11,1966-01-01,2026-09-07T15:51:11Z,value,11729.0,,who.gho.cm-02,raw/who.gho.cm-02/2026/09/20260907T155111Z-17577dbcf352.json.gz,2
who.gho.cm-02,CM_02:PRK:SEX_BTSX:AGEGROUP_MONTHS0-11,1966-01-01,2026-09-07T15:58:04Z,high,39932.0,,who.gho.cm-02,raw/who.gho.cm-02/2026/09/20260907T155804Z-3e19927fa86a.json.gz,2
who.gho.cm-02,CM_02:PRK:SEX_BTSX:AGEGROUP_MONTHS0-11,1966-01-01,2026-09-07T15:58:04Z,low,24561.0,,who.gho.cm-02,raw/who.gho.cm-02/2026/09/20260907T155804Z-3e19927fa86a.json.gz,2
who.gho.cm-02,CM_02:PRK:SEX_BTSX:AGEGROUP_MONTHS0-11,1966-01-01,2026-09-07T15:58:04Z,restated_at,2025-04-15,,who.gho.cm-02,raw/who.gho.cm-02/2026/09/20260907T155804Z-3e19927fa86a.json.gz,2
who.gho.cm-02,CM_02:PRK:SEX_BTSX:AGEGROUP_MONTHS0-11,1966-01-01,2026-09-07T15:58:04Z,value,31286.0,,who.gho.cm-02,raw/who.gho.cm-02/2026/09/20260907T155804Z-3e19927fa86a.json.gz,2
who.gho.cm-02,CM_02:PRK:SEX_FMLE:AGEGROUP_MONTHS0-11,1966-01-01,2026-09-07T15:56:37Z,high,17716.0,,who.gho.cm-02,raw/who.gho.cm-02/2026/09/20260907T155637Z-c7bda929b138.json.gz,2
who.gho.cm-02,CM_02:PRK:SEX_FMLE:AGEGROUP_MONTHS0-11,1966-01-01,2026-09-07T15:56:37Z,low,10736.0,,who.gho.cm-02,raw/who.gho.cm-02/2026/09/20260907T155637Z-c7bda929b138.json.gz,2
who.gho.cm-02,CM_02:PRK:SEX_FMLE:AGEGROUP_MONTHS0-11,1966-01-01,2026-09-07T15:56:37Z,restated_at,2026-08-04,,who.gho.cm-02,raw/who.gho.cm-02/2026/09/20260907T155637Z-c7bda929b138.json.gz,2
who.gho.cm-02,CM_02:PRK:SEX_FMLE:AGEGROUP_MONTHS0-11,1966-01-01,2026-09-07T15:56:37Z,value,13748.0,,who.gho.cm-02,raw/who.gho.cm-02/2026/09/20260907T155637Z-c7bda929b138.json.gz,2
who.gho.cm-02,CM_02:PRK:SEX_MLE:AGEGROUP_MONTHS0-11,1966-01-01,2026-09-07T15:58:12Z,high,22478.0,,who.gho.cm-02,raw/who.gho.cm-02/2026/09/20260907T155812Z-02a2023435be.json.gz,2
who.gho.cm-02,CM_02:PRK:SEX_MLE:AGEGROUP_MONTHS0-11,1966-01-01,2026-09-07T15:58:12Z,low,13681.0,,who.gho.cm-02,raw/who.gho.cm-02/2026/09/20260907T155812Z-02a2023435be.json.gz,2
who.gho.cm-02,CM_02:PRK:SEX_MLE:AGEGROUP_MONTHS0-11,1966-01-01,2026-09-07T15:58:12Z,restated_at,2026-08-04,,who.gho.cm-02,raw/who.gho.cm-02/2026/09/20260907T155812Z-02a2023435be.json.gz,2
who.gho.cm-02,CM_02:PRK:SEX_MLE:AGEGROUP_MONTHS0-11,1966-01-01,2026-09-07T15:58:12Z,value,17538.0,,who.gho.cm-02,raw/who.gho.cm-02/2026/09/20260907T155812Z-02a2023435be.json.gz,2
who.gho.cm-02,CM_02:PRT:SEX_BTSX:AGEGROUP_MONTHS0-11,1966-01-01,2026-09-07T15:57:26Z,high,13231.0,,who.gho.cm-02,raw/who.gho.cm-02/2026/09/20260907T155726Z-31d0241a6d30.json.gz,2
who.gho.cm-02,CM_02:PRT:SEX_BTSX:AGEGROUP_MONTHS0-11,1966-01-01,2026-09-07T15:57:26Z,low,12669.0,,who.gho.cm-02,raw/who.gho.cm-02/2026/09/20260907T155726Z-31d0241a6d30.json.gz,2
who.gho.cm-02,CM_02:PRT:SEX_BTSX:AGEGROUP_MONTHS0-11,1966-01-01,2026-09-07T15:57:26Z,restated_at,2026-08-04,,who.gho.cm-02,raw/who.gho.cm-02/2026/09/20260907T155726Z-31d0241a6d30.json.gz,2
who.gho.cm-02,CM_02:PRT:SEX_BTSX:AGEGROUP_MONTHS0-11,1966-01-01,2026-09-07T15:57:26Z,value,12944.0,,who.gho.cm-02,raw/who.gho.cm-02/2026/09/20260907T155726Z-31d0241a6d30.json.gz,2
who.gho.cm-02,CM_02:PRT:SEX_FMLE:AGEGROUP_MONTHS0-11,1966-01-01,2026-09-07T15:57:00Z,high,5824.0,,who.gho.cm-02,raw/who.gho.cm-02/2026/09/20260907T155700Z-8ffcb12aceff.json.gz,2
who.gho.cm-02,CM_02:PRT:SEX_FMLE:AGEGROUP_MONTHS0-11,1966-01-01,2026-09-07T15:57:00Z,low,5554.0,,who.gho.cm-02,raw/who.gho.cm-02/2026/09/20260907T155700Z-8ffcb12aceff.json.gz,2
who.gho.cm-02,CM_02:PRT:SEX_FMLE:AGEGROUP_MONTHS0-11,1966-01-01,2026-09-07T15:57:00Z,restated_at,2026-08-04,,who.gho.cm-02,raw/who.gho.cm-02/2026/09/20260907T155700Z-8ffcb12aceff.json.gz,2
who.gho.cm-02,CM_02:PRT:SEX_FMLE:AGEGROUP_MONTHS0-11,1966-01-01,2026-09-07T15:57:00Z,value,5682.0,,who.gho.cm-02,raw/who.gho.cm-02/2026/09/20260907T155700Z-8ffcb12aceff.json.gz,2
who.gho.cm-02,CM_02:PRT:SEX_MLE:AGEGROUP_MONTHS0-11,1966-01-01,2026-09-07T15:57:59Z,high,7442.0,,who.gho.cm-02,raw/who.gho.cm-02/2026/09/20260907T155759Z-531ca935f713.json.gz,2
who.gho.cm-02,CM_02:PRT:SEX_MLE:AGEGROUP_MONTHS0-11,1966-01-01,2026-09-07T15:57:59Z,low,7103.0,,who.gho.cm-02,raw/who.gho.cm-02/2026/09/20260907T155759Z-531ca935f713.json.gz,2
who.gho.cm-02,CM_02:PRT:SEX_MLE:AGEGROUP_MONTHS0-11,1966-01-01,2026-09-07T15:57:59Z,restated_at,2026-08-04,,who.gho.cm-02,raw/who.gho.cm-02/2026/09/20260907T155759Z-531ca935f713.json.gz,2
who.gho.cm-02,CM_02:PRT:SEX_MLE:AGEGROUP_MONTHS0-11,1966-01-01,2026-09-07T15:57:59Z,value,7262.0,,who.gho.cm-02,raw/who.gho.cm-02/2026/09/20260907T155759Z-531ca935f713.json.gz,2
who.gho.cm-02,CM_02:PRY:SEX_BTSX:AGEGROUP_MONTHS0-11,1966-01-01,2026-09-07T15:58:12Z,high,5857.0,,who.gho.cm-02,raw/who.gho.cm-02/2026/09/20260907T155812Z-02a2023435be.json.gz,2
who.gho.cm-02,CM_02:PRY:SEX_BTSX:AGEGROUP_MONTHS0-11,1966-01-01,2026-09-07T15:58:12Z,low,4905.0,,who.gho.cm-02,raw/who.gho.cm-02/2026/09/20260907T155812Z-02a2023435be.json.gz,2
who.gho.cm-02,CM_02:PRY:SEX_BTSX:AGEGROUP_MONTHS0-11,1966-01-01,2026-09-07T15:58:12Z,restated_at,2026-08-04,,who.gho.cm-02,raw/who.gho.cm-02/2026/09/20260907T155812Z-02a2023435be.json.gz,2
who.gho.cm-02,CM_02:PRY:SEX_BTSX:AGEGROUP_MONTHS0-11,1966-01-01,2026-09-07T15:58:12Z,value,5364.0,,who.gho.cm-02,raw/who.gho.cm-02/2026/09/20260907T155812Z-02a2023435be.json.gz,2
who.gho.cm-02,CM_02:PRY:SEX_FMLE:AGEGROUP_MONTHS0-11,1966-01-01,2026-09-07T15:51:44Z,high,2665.0,,who.gho.cm-02,raw/who.gho.cm-02/2026/09/20260907T155144Z-505d97ce9093.json.gz,2
who.gho.cm-02,CM_02:PRY:SEX_FMLE:AGEGROUP_MONTHS0-11,1966-01-01,2026-09-07T15:51:44Z,low,2174.0,,who.gho.cm-02,raw/who.gho.cm-02/2026/09/20260907T155144Z-505d97ce9093.json.gz,2
who.gho.cm-02,CM_02:PRY:SEX_FMLE:AGEGROUP_MONTHS0-11,1966-01-01,2026-09-07T15:51:44Z,restated_at,2026-08-04,,who.gho.cm-02,raw/who.gho.cm-02/2026/09/20260907T155144Z-505d97ce9093.json.gz,2
who.gho.cm-02,CM_02:PRY:SEX_FMLE:AGEGROUP_MONTHS0-11,1966-01-01,2026-09-07T15:51:44Z,value,2410.0,,who.gho.cm-02,raw/who.gho.cm-02/2026/09/20260907T155144Z-505d97ce9093.json.gz,2
who.gho.cm-02,CM_02:PRY:SEX_MLE:AGEGROUP_MONTHS0-11,1966-01-01,2026-09-07T15:57:07Z,high,3249.0,,who.gho.cm-02,raw/who.gho.cm-02/2026/09/20260907T155707Z-3cd3e5b56c9f.json.gz,2
who.gho.cm-02,CM_02:PRY:SEX_MLE:AGEGROUP_MONTHS0-11,1966-01-01,2026-09-07T15:57:07Z,low,2680.0,,who.gho.cm-02,raw/who.gho.cm-02/2026/09/20260907T155707Z-3cd3e5b56c9f.json.gz,2
who.gho.cm-02,CM_02:PRY:SEX_MLE:AGEGROUP_MONTHS0-11,1966-01-01,2026-09-07T15:57:07Z,restated_at,2026-08-04,,who.gho.cm-02,raw/who.gho.cm-02/2026/09/20260907T155707Z-3cd3e5b56c9f.json.gz,2
who.gho.cm-02,CM_02:PRY:SEX_MLE:AGEGROUP_MONTHS0-11,1966-01-01,2026-09-07T15:57:07Z,value,2954.0,,who.gho.cm-02,raw/who.gho.cm-02/2026/09/20260907T155707Z-3cd3e5b56c9f.json.gz,2
who.gho.cm-02,CM_02:ROU:SEX_BTSX:AGEGROUP_MONTHS0-11,1966-01-01,2026-09-07T15:57:44Z,high,13127.0,,who.gho.cm-02,raw/who.gho.cm-02/2026/09/20260907T155744Z-e141b36e0a87.json.gz,2
who.gho.cm-02,CM_02:ROU:SEX_BTSX:AGEGROUP_MONTHS0-11,1966-01-01,2026-09-07T15:57:44Z,low,12502.0,,who.gho.cm-02,raw/who.gho.cm-02/2026/09/20260907T155744Z-e141b36e0a87.json.gz,2
who.gho.cm-02,CM_02:ROU:SEX_BTSX:AGEGROUP_MONTHS0-11,1966-01-01,2026-09-07T15:57:44Z,restated_at,2026-08-04,,who.gho.cm-02,raw/who.gho.cm-02/2026/09/20260907T155744Z-e141b36e0a87.json.gz,2
who.gho.cm-02,CM_02:ROU:SEX_BTSX:AGEGROUP_MONTHS0-11,1966-01-01,2026-09-07T15:57:44Z,value,12806.0,,who.gho.cm-02,raw/who.gho.cm-02/2026/09/20260907T155744Z-e141b36e0a87.json.gz,2
who.gho.cm-02,CM_02:ROU:SEX_FMLE:AGEGROUP_MONTHS0-11,1966-01-01,2026-09-07T15:58:12Z,high,5756.0,,who.gho.cm-02,raw/who.gho.cm-02/2026/09/20260907T155812Z-02a2023435be.json.gz,2
who.gho.cm-02,CM_02:ROU:SEX_FMLE:AGEGROUP_MONTHS0-11,1966-01-01,2026-09-07T15:58:12Z,low,5464.0,,who.gho.cm-02,raw/who.gho.cm-02/2026/09/20260907T155812Z-02a2023435be.json.gz,2
who.gho.cm-02,CM_02:ROU:SEX_FMLE:AGEGROUP_MONTHS0-11,1966-01-01,2026-09-07T15:58:12Z,restated_at,2026-08-04,,who.gho.cm-02,raw/who.gho.cm-02/2026/09/20260907T155812Z-02a2023435be.json.gz,2
who.gho.cm-02,CM_02:ROU:SEX_FMLE:AGEGROUP_MONTHS0-11,1966-01-01,2026-09-07T15:58:12Z,value,5603.0,,who.gho.cm-02,raw/who.gho.cm-02/2026/09/20260907T155812Z-02a2023435be.json.gz,2
who.gho.cm-02,CM_02:ROU:SEX_MLE:AGEGROUP_MONTHS0-11,1966-01-01,2026-09-07T15:57:44Z,high,7396.0,,who.gho.cm-02,raw/who.gho.cm-02/2026/09/20260907T155744Z-e141b36e0a87.json.gz,2
who.gho.cm-02,CM_02:ROU:SEX_MLE:AGEGROUP_MONTHS0-11,1966-01-01,2026-09-07T15:57:44Z,low,7028.0,,who.gho.cm-02,raw/who.gho.cm-02/2026/09/20260907T155744Z-e141b36e0a87.json.gz,2
who.gho.cm-02,CM_02:ROU:SEX_MLE:AGEGROUP_MONTHS0-11,1966-01-01,2026-09-07T15:57:44Z,restated_at,2026-08-04,,who.gho.cm-02,raw/who.gho.cm-02/2026/09/20260907T155744Z-e141b36e0a87.json.gz,2
who.gho.cm-02,CM_02:ROU:SEX_MLE:AGEGROUP_MONTHS0-11,1966-01-01,2026-09-07T15:57:44Z,value,7203.0,,who.gho.cm-02,raw/who.gho.cm-02/2026/09/20260907T155744Z-e141b36e0a87.json.gz,2
who.gho.cm-02,CM_02:RUS:SEX_BTSX:AGEGROUP_MONTHS0-11,1966-01-01,2026-09-07T15:50:57Z,high,53932.0,,who.gho.cm-02,raw/who.gho.cm-02/2026/09/20260907T155057Z-e03fd9f60113.json.gz,2
who.gho.cm-02,CM_02:RUS:SEX_BTSX:AGEGROUP_MONTHS0-11,1966-01-01,2026-09-07T15:50:57Z,low,48030.0,,who.gho.cm-02,raw/who.gho.cm-02/2026/09/20260907T155057Z-e03fd9f60113.json.gz,2
who.gho.cm-02,CM_02:RUS:SEX_BTSX:AGEGROUP_MONTHS0-11,1966-01-01,2026-09-07T15:50:57Z,restated_at,2026-08-04,,who.gho.cm-02,raw/who.gho.cm-02/2026/09/20260907T155057Z-e03fd9f60113.json.gz,2
who.gho.cm-02,CM_02:RUS:SEX_BTSX:AGEGROUP_MONTHS0-11,1966-01-01,2026-09-07T15:50:57Z,value,50929.0,,who.gho.cm-02,raw/who.gho.cm-02/2026/09/20260907T155057Z-e03fd9f60113.json.gz,2
who.gho.cm-02,CM_02:RUS:SEX_FMLE:AGEGROUP_MONTHS0-11,1966-01-01,2026-09-07T15:56:55Z,high,23069.0,,who.gho.cm-02,raw/who.gho.cm-02/2026/09/20260907T155655Z-a5ea76265971.json.gz,2
who.gho.cm-02,CM_02:RUS:SEX_FMLE:AGEGROUP_MONTHS0-11,1966-01-01,2026-09-07T15:56:55Z,low,19896.0,,who.gho.cm-02,raw/who.gho.cm-02/2026/09/20260907T155655Z-a5ea76265971.json.gz,2
who.gho.cm-02,CM_02:RUS:SEX_FMLE:AGEGROUP_MONTHS0-11,1966-01-01,2026-09-07T15:56:55Z,restated_at,2026-08-04,,who.gho.cm-02,raw/who.gho.cm-02/2026/09/20260907T155655Z-a5ea76265971.json.gz,2
who.gho.cm-02,CM_02:RUS:SEX_FMLE:AGEGROUP_MONTHS0-11,1966-01-01,2026-09-07T15:56:55Z,value,21417.0,,who.gho.cm-02,raw/who.gho.cm-02/2026/09/20260907T155655Z-a5ea76265971.json.gz,2
who.gho.cm-02,CM_02:RUS:SEX_MLE:AGEGROUP_MONTHS0-11,1966-01-01,2026-09-07T15:51:11Z,high,31503.0,,who.gho.cm-02,raw/who.gho.cm-02/2026/09/20260907T155111Z-17577dbcf352.json.gz,2
who.gho.cm-02,CM_02:RUS:SEX_MLE:AGEGROUP_MONTHS0-11,1966-01-01,2026-09-07T15:51:11Z,low,27586.0,,who.gho.cm-02,raw/who.gho.cm-02/2026/09/20260907T155111Z-17577dbcf352.json.gz,2
who.gho.cm-02,CM_02:RUS:SEX_MLE:AGEGROUP_MONTHS0-11,1966-01-01,2026-09-07T15:51:11Z,restated_at,2026-08-04,,who.gho.cm-02,raw/who.gho.cm-02/2026/09/20260907T155111Z-17577dbcf352.json.gz,2
who.gho.cm-02,CM_02:RUS:SEX_MLE:AGEGROUP_MONTHS0-11,1966-01-01,2026-09-07T15:51:11Z,value,29512.0,,who.gho.cm-02,raw/who.gho.cm-02/2026/09/20260907T155111Z-17577dbcf352.json.gz,2
who.gho.cm-02,CM_02:RWA:SEX_BTSX:AGEGROUP_MONTHS0-11,1966-01-01,2026-09-07T15:51:50Z,high,20266.0,,who.gho.cm-02,raw/who.gho.cm-02/2026/09/20260907T155150Z-b2442ef3f6e6.json.gz,2
who.gho.cm-02,CM_02:RWA:SEX_BTSX:AGEGROUP_MONTHS0-11,1966-01-01,2026-09-07T15:51:50Z,low,16770.0,,who.gho.cm-02,raw/who.gho.cm-02/2026/09/20260907T155150Z-b2442ef3f6e6.json.gz,2
who.gho.cm-02,CM_02:RWA:SEX_BTSX:AGEGROUP_MONTHS0-11,1966-01-01,2026-09-07T15:51:50Z,restated_at,2026-08-04,,who.gho.cm-02,raw/who.gho.cm-02/2026/09/20260907T155150Z-b2442ef3f6e6.json.gz,2
who.gho.cm-02,CM_02:RWA:SEX_BTSX:AGEGROUP_MONTHS0-11,1966-01-01,2026-09-07T15:51:50Z,value,18422.0,,who.gho.cm-02,raw/who.gho.cm-02/2026/09/20260907T155150Z-b2442ef3f6e6.json.gz,2
who.gho.cm-02,CM_02:RWA:SEX_FMLE:AGEGROUP_MONTHS0-11,1966-01-01,2026-09-07T15:57:21Z,high,9471.0,,who.gho.cm-02,raw/who.gho.cm-02/2026/09/20260907T155721Z-a2b5c178c29b.json.gz,2
who.gho.cm-02,CM_02:RWA:SEX_FMLE:AGEGROUP_MONTHS0-11,1966-01-01,2026-09-07T15:57:21Z,low,7728.0,,who.gho.cm-02,raw/who.gho.cm-02/2026/09/20260907T155721Z-a2b5c178c29b.json.gz,2
who.gho.cm-02,CM_02:RWA:SEX_FMLE:AGEGROUP_MONTHS0-11,1966-01-01,2026-09-07T15:57:21Z,restated_at,2026-08-04,,who.gho.cm-02,raw/who.gho.cm-02/2026/09/20260907T155721Z-a2b5c178c29b.json.gz,2
who.gho.cm-02,CM_02:RWA:SEX_FMLE:AGEGROUP_MONTHS0-11,1966-01-01,2026-09-07T15:57:21Z,value,8562.0,,who.gho.cm-02,raw/who.gho.cm-02/2026/09/20260907T155721Z-a2b5c178c29b.json.gz,2
who.gho.cm-02,CM_02:RWA:SEX_MLE:AGEGROUP_MONTHS0-11,1966-01-01,2026-09-07T15:51:16Z,high,10887.0,,who.gho.cm-02,raw/who.gho.cm-02/2026/09/20260907T155116Z-bb01bf96bc15.json.gz,2
who.gho.cm-02,CM_02:RWA:SEX_MLE:AGEGROUP_MONTHS0-11,1966-01-01,2026-09-07T15:51:16Z,low,8907.0,,who.gho.cm-02,raw/who.gho.cm-02/2026/09/20260907T155116Z-bb01bf96bc15.json.gz,2
who.gho.cm-02,CM_02:RWA:SEX_MLE:AGEGROUP_MONTHS0-11,1966-01-01,2026-09-07T15:51:16Z,restated_at,2026-08-04,,who.gho.cm-02,raw/who.gho.cm-02/2026/09/20260907T155116Z-bb01bf96bc15.json.gz,2
who.gho.cm-02,CM_02:RWA:SEX_MLE:AGEGROUP_MONTHS0-11,1966-01-01,2026-09-07T15:51:16Z,value,9860.0,,who.gho.cm-02,raw/who.gho.cm-02/2026/09/20260907T155116Z-bb01bf96bc15.json.gz,2
who.gho.cm-02,CM_02:SDN:SEX_BTSX:AGEGROUP_MONTHS0-11,1966-01-01,2026-09-07T15:56:55Z,high,47449.0,,who.gho.cm-02,raw/who.gho.cm-02/2026/09/20260907T155655Z-a5ea76265971.json.gz,2
who.gho.cm-02,CM_02:SDN:SEX_BTSX:AGEGROUP_MONTHS0-11,1966-01-01,2026-09-07T15:56:55Z,low,40473.0,,who.gho.cm-02,raw/who.gho.cm-02/2026/09/20260907T155655Z-a5ea76265971.json.gz,2
who.gho.cm-02,CM_02:SDN:SEX_BTSX:AGEGROUP_MONTHS0-11,1966-01-01,2026-09-07T15:56:55Z,restated_at,2026-08-04,,who.gho.cm-02,raw/who.gho.cm-02/2026/09/20260907T155655Z-a5ea76265971.json.gz,2
who.gho.cm-02,CM_02:SDN:SEX_BTSX:AGEGROUP_MONTHS0-11,1966-01-01,2026-09-07T15:56:55Z,value,43819.0,,who.gho.cm-02,raw/who.gho.cm-02/2026/09/20260907T155655Z-a5ea76265971.json.gz,2
who.gho.cm-02,CM_02:SDN:SEX_FMLE:AGEGROUP_MONTHS0-11,1966-01-01,2026-09-07T15:57:26Z,high,21436.0,,who.gho.cm-02,raw/who.gho.cm-02/2026/09/20260907T155726Z-31d0241a6d30.json.gz,2
who.gho.cm-02,CM_02:SDN:SEX_FMLE:AGEGROUP_MONTHS0-11,1966-01-01,2026-09-07T15:57:26Z,low,17961.0,,who.gho.cm-02,raw/who.gho.cm-02/2026/09/20260907T155726Z-31d0241a6d30.json.gz,2
who.gho.cm-02,CM_02:SDN:SEX_FMLE:AGEGROUP_MONTHS0-11,1966-01-01,2026-09-07T15:57:26Z,restated_at,2026-08-04,,who.gho.cm-02,raw/who.gho.cm-02/2026/09/20260907T155726Z-31d0241a6d30.json.gz,2
who.gho.cm-02,CM_02:SDN:SEX_FMLE:AGEGROUP_MONTHS0-11,1966-01-01,2026-09-07T15:57:26Z,value,19652.0,,who.gho.cm-02,raw/who.gho.cm-02/2026/09/20260907T155726Z-31d0241a6d30.json.gz,2
who.gho.cm-02,CM_02:SDN:SEX_MLE:AGEGROUP_MONTHS0-11,1966-01-01,2026-09-07T15:57:54Z,high,26301.0,,who.gho.cm-02,raw/who.gho.cm-02/2026/09/20260907T155754Z-3bea881db2b4.json.gz,2
who.gho.cm-02,CM_02:SDN:SEX_MLE:AGEGROUP_MONTHS0-11,1966-01-01,2026-09-07T15:57:54Z,low,22110.0,,who.gho.cm-02,raw/who.gho.cm-02/2026/09/20260907T155754Z-3bea881db2b4.json.gz,2
who.gho.cm-02,CM_02:SDN:SEX_MLE:AGEGROUP_MONTHS0-11,1966-01-01,2026-09-07T15:57:54Z,restated_at,2026-08-04,,who.gho.cm-02,raw/who.gho.cm-02/2026/09/20260907T155754Z-3bea881db2b4.json.gz,2
who.gho.cm-02,CM_02:SDN:SEX_MLE:AGEGROUP_MONTHS0-11,1966-01-01,2026-09-07T15:57:54Z,value,24167.0,,who.gho.cm-02,raw/who.gho.cm-02/2026/09/20260907T155754Z-3bea881db2b4.json.gz,2
who.gho.cm-02,CM_02:SEN:SEX_BTSX:AGEGROUP_MONTHS0-11,1966-01-01,2026-09-07T15:56:37Z,high,25514.0,,who.gho.cm-02,raw/who.gho.cm-02/2026/09/20260907T155637Z-c7bda929b138.json.gz,2
who.gho.cm-02,CM_02:SEN:SEX_BTSX:AGEGROUP_MONTHS0-11,1966-01-01,2026-09-07T15:56:37Z,low,22136.0,,who.gho.cm-02,raw/who.gho.cm-02/2026/09/20260907T155637Z-c7bda929b138.json.gz,2
who.gho.cm-02,CM_02:SEN:SEX_BTSX:AGEGROUP_MONTHS0-11,1966-01-01,2026-09-07T15:56:37Z,restated_at,2026-08-04,,who.gho.cm-02,raw/who.gho.cm-02/2026/09/20260907T155637Z-c7bda929b138.json.gz,2
who.gho.cm-02,CM_02:SEN:SEX_BTSX:AGEGROUP_MONTHS0-11,1966-01-01,2026-09-07T15:56:37Z,value,23757.0,,who.gho.cm-02,raw/who.gho.cm-02/2026/09/20260907T155637Z-c7bda929b138.json.gz,2
who.gho.cm-02,CM_02:SEN:SEX_FMLE:AGEGROUP_MONTHS0-11,1966-01-01,2026-09-07T15:56:41Z,high,11799.0,,who.gho.cm-02,raw/who.gho.cm-02/2026/09/20260907T155641Z-022407e160ee.json.gz,2
who.gho.cm-02,CM_02:SEN:SEX_FMLE:AGEGROUP_MONTHS0-11,1966-01-01,2026-09-07T15:56:41Z,low,10094.0,,who.gho.cm-02,raw/who.gho.cm-02/2026/09/20260907T155641Z-022407e160ee.json.gz,2
who.gho.cm-02,CM_02:SEN:SEX_FMLE:AGEGROUP_MONTHS0-11,1966-01-01,2026-09-07T15:56:41Z,restated_at,2026-08-04,,who.gho.cm-02,raw/who.gho.cm-02/2026/09/20260907T155641Z-022407e160ee.json.gz,2
who.gho.cm-02,CM_02:SEN:SEX_FMLE:AGEGROUP_MONTHS0-11,1966-01-01,2026-09-07T15:56:41Z,value,10913.0,,who.gho.cm-02,raw/who.gho.cm-02/2026/09/20260907T155641Z-022407e160ee.json.gz,2
who.gho.cm-02,CM_02:SEN:SEX_MLE:AGEGROUP_MONTHS0-11,1966-01-01,2026-09-07T15:57:17Z,high,13849.0,,who.gho.cm-02,raw/who.gho.cm-02/2026/09/20260907T155717Z-89bc69b90b61.json.gz,2
who.gho.cm-02,CM_02:SEN:SEX_MLE:AGEGROUP_MONTHS0-11,1966-01-01,2026-09-07T15:57:17Z,low,11887.0,,who.gho.cm-02,raw/who.gho.cm-02/2026/09/20260907T155717Z-89bc69b90b61.json.gz,2
who.gho.cm-02,CM_02:SEN:SEX_MLE:AGEGROUP_MONTHS0-11,1966-01-01,2026-09-07T15:57:17Z,restated_at,2026-08-04,,who.gho.cm-02,raw/who.gho.cm-02/2026/09/20260907T155717Z-89bc69b90b61.json.gz,2
who.gho.cm-02,CM_02:SEN:SEX_MLE:AGEGROUP_MONTHS0-11,1966-01-01,2026-09-07T15:57:17Z,value,12844.0,,who.gho.cm-02,raw/who.gho.cm-02/2026/09/20260907T155717Z-89bc69b90b61.json.gz,2
who.gho.cm-02,CM_02:SGP:SEX_BTSX:AGEGROUP_MONTHS0-11,1966-01-01,2026-09-07T15:51:16Z,high,1467.0,,who.gho.cm-02,raw/who.gho.cm-02/2026/09/20260907T155116Z-bb01bf96bc15.json.gz,2
who.gho.cm-02,CM_02:SGP:SEX_BTSX:AGEGROUP_MONTHS0-11,1966-01-01,2026-09-07T15:51:16Z,low,1405.0,,who.gho.cm-02,raw/who.gho.cm-02/2026/09/20260907T155116Z-bb01bf96bc15.json.gz,2
who.gho.cm-02,CM_02:SGP:SEX_BTSX:AGEGROUP_MONTHS0-11,1966-01-01,2026-09-07T15:51:16Z,restated_at,2026-08-04,,who.gho.cm-02,raw/who.gho.cm-02/2026/09/20260907T155116Z-bb01bf96bc15.json.gz,2
who.gho.cm-02,CM_02:SGP:SEX_BTSX:AGEGROUP_MONTHS0-11,1966-01-01,2026-09-07T15:51:16Z,value,1435.0,,who.gho.cm-02,raw/who.gho.cm-02/2026/09/20260907T155116Z-bb01bf96bc15.json.gz,2
who.gho.cm-02,CM_02:SGP:SEX_FMLE:AGEGROUP_MONTHS0-11,1966-01-01,2026-09-07T15:52:10Z,high,627.0,,who.gho.cm-02,raw/who.gho.cm-02/2026/09/20260907T155210Z-c2e07328660e.json.gz,2
who.gho.cm-02,CM_02:SGP:SEX_FMLE:AGEGROUP_MONTHS0-11,1966-01-01,2026-09-07T15:52:10Z,low,592.0,,who.gho.cm-02,raw/who.gho.cm-02/2026/09/20260907T155210Z-c2e07328660e.json.gz,2
who.gho.cm-02,CM_02:SGP:SEX_FMLE:AGEGROUP_MONTHS0-11,1966-01-01,2026-09-07T15:52:10Z,restated_at,2026-08-04,,who.gho.cm-02,raw/who.gho.cm-02/2026/09/20260907T155210Z-c2e07328660e.json.gz,2
who.gho.cm-02,CM_02:SGP:SEX_FMLE:AGEGROUP_MONTHS0-11,1966-01-01,2026-09-07T15:52:10Z,value,609.0,,who.gho.cm-02,raw/who.gho.cm-02/2026/09/20260907T155210Z-c2e07328660e.json.gz,2
who.gho.cm-02,CM_02:SGP:SEX_MLE:AGEGROUP_MONTHS0-11,1966-01-01,2026-09-07T15:52:18Z,high,848.0,,who.gho.cm-02,raw/who.gho.cm-02/2026/09/20260907T155218Z-7dbb6db1a58a.json.gz,2
who.gho.cm-02,CM_02:SGP:SEX_MLE:AGEGROUP_MONTHS0-11,1966-01-01,2026-09-07T15:52:18Z,low,806.0,,who.gho.cm-02,raw/who.gho.cm-02/2026/09/20260907T155218Z-7dbb6db1a58a.json.gz,2
who.gho.cm-02,CM_02:SGP:SEX_MLE:AGEGROUP_MONTHS0-11,1966-01-01,2026-09-07T15:52:18Z,restated_at,2026-08-04,,who.gho.cm-02,raw/who.gho.cm-02/2026/09/20260907T155218Z-7dbb6db1a58a.json.gz,2
who.gho.cm-02,CM_02:SGP:SEX_MLE:AGEGROUP_MONTHS0-11,1966-01-01,2026-09-07T15:52:18Z,value,826.0,,who.gho.cm-02,raw/who.gho.cm-02/2026/09/20260907T155218Z-7dbb6db1a58a.json.gz,2
who.gho.cm-02,CM_02:SLB:SEX_BTSX:AGEGROUP_MONTHS0-11,1966-01-01,2026-09-07T15:58:07Z,high,750.0,,who.gho.cm-02,raw/who.gho.cm-02/2026/09/20260907T155807Z-33d1eb328c3d.json.gz,2
who.gho.cm-02,CM_02:SLB:SEX_BTSX:AGEGROUP_MONTHS0-11,1966-01-01,2026-09-07T15:58:07Z,low,575.0,,who.gho.cm-02,raw/who.gho.cm-02/2026/09/20260907T155807Z-33d1eb328c3d.json.gz,2
who.gho.cm-02,CM_02:SLB:SEX_BTSX:AGEGROUP_MONTHS0-11,1966-01-01,2026-09-07T15:58:07Z,restated_at,2026-08-04,,who.gho.cm-02,raw/who.gho.cm-02/2026/09/20260907T155807Z-33d1eb328c3d.json.gz,2
who.gho.cm-02,CM_02:SLB:SEX_BTSX:AGEGROUP_MONTHS0-11,1966-01-01,2026-09-07T15:58:07Z,value,657.0,,who.gho.cm-02,raw/who.gho.cm-02/2026/09/20260907T155807Z-33d1eb328c3d.json.gz,2
who.gho.cm-02,CM_02:SLB:SEX_FMLE:AGEGROUP_MONTHS0-11,1966-01-01,2026-09-07T15:57:17Z,high,343.0,,who.gho.cm-02,raw/who.gho.cm-02/2026/09/20260907T155717Z-89bc69b90b61.json.gz,2
who.gho.cm-02,CM_02:SLB:SEX_FMLE:AGEGROUP_MONTHS0-11,1966-01-01,2026-09-07T15:57:17Z,low,256.0,,who.gho.cm-02,raw/who.gho.cm-02/2026/09/20260907T155717Z-89bc69b90b61.json.gz,2
who.gho.cm-02,CM_02:SLB:SEX_FMLE:AGEGROUP_MONTHS0-11,1966-01-01,2026-09-07T15:57:17Z,restated_at,2026-08-04,,who.gho.cm-02,raw/who.gho.cm-02/2026/09/20260907T155717Z-89bc69b90b61.json.gz,2
who.gho.cm-02,CM_02:SLB:SEX_FMLE:AGEGROUP_MONTHS0-11,1966-01-01,2026-09-07T15:57:17Z,value,296.0,,who.gho.cm-02,raw/who.gho.cm-02/2026/09/20260907T155717Z-89bc69b90b61.json.gz,2
who.gho.cm-02,CM_02:SLB:SEX_MLE:AGEGROUP_MONTHS0-11,1966-01-01,2026-09-07T15:52:03Z,high,416.0,,who.gho.cm-02,raw/who.gho.cm-02/2026/09/20260907T155203Z-07dabadb5738.json.gz,2
who.gho.cm-02,CM_02:SLB:SEX_MLE:AGEGROUP_MONTHS0-11,1966-01-01,2026-09-07T15:52:03Z,low,313.0,,who.gho.cm-02,raw/who.gho.cm-02/2026/09/20260907T155203Z-07dabadb5738.json.gz,2
who.gho.cm-02,CM_02:SLB:SEX_MLE:AGEGROUP_MONTHS0-11,1966-01-01,2026-09-07T15:52:03Z,restated_at,2026-08-04,,who.gho.cm-02,raw/who.gho.cm-02/2026/09/20260907T155203Z-07dabadb5738.json.gz,2
who.gho.cm-02,CM_02:SLB:SEX_MLE:AGEGROUP_MONTHS0-11,1966-01-01,2026-09-07T15:52:03Z,value,361.0,,who.gho.cm-02,raw/who.gho.cm-02/2026/09/20260907T155203Z-07dabadb5738.json.gz,2
who.gho.cm-02,CM_02:SLE:SEX_BTSX:AGEGROUP_MONTHS0-11,1966-01-01,2026-09-07T15:52:10Z,high,20093.0,,who.gho.cm-02,raw/who.gho.cm-02/2026/09/20260907T155210Z-c2e07328660e.json.gz,2
who.gho.cm-02,CM_02:SLE:SEX_BTSX:AGEGROUP_MONTHS0-11,1966-01-01,2026-09-07T15:52:10Z,low,16891.0,,who.gho.cm-02,raw/who.gho.cm-02/2026/09/20260907T155210Z-c2e07328660e.json.gz,2
who.gho.cm-02,CM_02:SLE:SEX_BTSX:AGEGROUP_MONTHS0-11,1966-01-01,2026-09-07T15:52:10Z,restated_at,2026-08-04,,who.gho.cm-02,raw/who.gho.cm-02/2026/09/20260907T155210Z-c2e07328660e.json.gz,2
who.gho.cm-02,CM_02:SLE:SEX_BTSX:AGEGROUP_MONTHS0-11,1966-01-01,2026-09-07T15:52:10Z,value,18430.0,,who.gho.cm-02,raw/who.gho.cm-02/2026/09/20260907T155210Z-c2e07328660e.json.gz,2
who.gho.cm-02,CM_02:SLE:SEX_FMLE:AGEGROUP_MONTHS0-11,1966-01-01,2026-09-07T15:58:16Z,high,9302.0,,who.gho.cm-02,raw/who.gho.cm-02/2026/09/20260907T155816Z-99a1a16a015f.json.gz,2
who.gho.cm-02,CM_02:SLE:SEX_FMLE:AGEGROUP_MONTHS0-11,1966-01-01,2026-09-07T15:58:16Z,low,7591.0,,who.gho.cm-02,raw/who.gho.cm-02/2026/09/20260907T155816Z-99a1a16a015f.json.gz,2
who.gho.cm-02,CM_02:SLE:SEX_FMLE:AGEGROUP_MONTHS0-11,1966-01-01,2026-09-07T15:58:16Z,restated_at,2026-08-04,,who.gho.cm-02,raw/who.gho.cm-02/2026/09/20260907T155816Z-99a1a16a015f.json.gz,2
who.gho.cm-02,CM_02:SLE:SEX_FMLE:AGEGROUP_MONTHS0-11,1966-01-01,2026-09-07T15:58:16Z,value,8422.0,,who.gho.cm-02,raw/who.gho.cm-02/2026/09/20260907T155816Z-99a1a16a015f.json.gz,2
who.gho.cm-02,CM_02:SLE:SEX_MLE:AGEGROUP_MONTHS0-11,1966-01-01,2026-09-07T15:57:35Z,high,10998.0,,who.gho.cm-02,raw/who.gho.cm-02/2026/09/20260907T155735Z-be5ff4c5352d.json.gz,2
who.gho.cm-02,CM_02:SLE:SEX_MLE:AGEGROUP_MONTHS0-11,1966-01-01,2026-09-07T15:57:35Z,low,9079.0,,who.gho.cm-02,raw/who.gho.cm-02/2026/09/20260907T155735Z-be5ff4c5352d.json.gz,2
who.gho.cm-02,CM_02:SLE:SEX_MLE:AGEGROUP_MONTHS0-11,1966-01-01,2026-09-07T15:57:35Z,restated_at,2026-08-04,,who.gho.cm-02,raw/who.gho.cm-02/2026/09/20260907T155735Z-be5ff4c5352d.json.gz,2
who.gho.cm-02,CM_02:SLE:SEX_MLE:AGEGROUP_MONTHS0-11,1966-01-01,2026-09-07T15:57:35Z,value,10008.0,,who.gho.cm-02,raw/who.gho.cm-02/2026/09/20260907T155735Z-be5ff4c5352d.json.gz,2
who.gho.cm-02,CM_02:SLV:SEX_BTSX:AGEGROUP_MONTHS0-11,1966-01-01,2026-09-07T15:57:30Z,high,20729.0,,who.gho.cm-02,raw/who.gho.cm-02/2026/09/20260907T155730Z-1fe49c27b9ed.json.gz,2
who.gho.cm-02,CM_02:SLV:SEX_BTSX:AGEGROUP_MONTHS0-11,1966-01-01,2026-09-07T15:57:30Z,low,16065.0,,who.gho.cm-02,raw/who.gho.cm-02/2026/09/20260907T155730Z-1fe49c27b9ed.json.gz,2
who.gho.cm-02,CM_02:SLV:SEX_BTSX:AGEGROUP_MONTHS0-11,1966-01-01,2026-09-07T15:57:30Z,restated_at,2026-08-04,,who.gho.cm-02,raw/who.gho.cm-02/2026/09/20260907T155730Z-1fe49c27b9ed.json.gz,2
who.gho.cm-02,CM_02:SLV:SEX_BTSX:AGEGROUP_MONTHS0-11,1966-01-01,2026-09-07T15:57:30Z,value,18181.0,,who.gho.cm-02,raw/who.gho.cm-02/2026/09/20260907T155730Z-1fe49c27b9ed.json.gz,2
who.gho.cm-02,CM_02:SLV:SEX_FMLE:AGEGROUP_MONTHS0-11,1966-01-01,2026-09-07T15:52:18Z,high,9424.0,,who.gho.cm-02,raw/who.gho.cm-02/2026/09/20260907T155218Z-7dbb6db1a58a.json.gz,2
who.gho.cm-02,CM_02:SLV:SEX_FMLE:AGEGROUP_MONTHS0-11,1966-01-01,2026-09-07T15:52:18Z,low,7170.0,,who.gho.cm-02,raw/who.gho.cm-02/2026/09/20260907T155218Z-7dbb6db1a58a.json.gz,2
who.gho.cm-02,CM_02:SLV:SEX_FMLE:AGEGROUP_MONTHS0-11,1966-01-01,2026-09-07T15:52:18Z,restated_at,2026-08-04,,who.gho.cm-02,raw/who.gho.cm-02/2026/09/20260907T155218Z-7dbb6db1a58a.json.gz,2
who.gho.cm-02,CM_02:SLV:SEX_FMLE:AGEGROUP_MONTHS0-11,1966-01-01,2026-09-07T15:52:18Z,value,8199.0,,who.gho.cm-02,raw/who.gho.cm-02/2026/09/20260907T155218Z-7dbb6db1a58a.json.gz,2
who.gho.cm-02,CM_02:SLV:SEX_MLE:AGEGROUP_MONTHS0-11,1966-01-01,2026-09-07T15:51:25Z,high,11435.0,,who.gho.cm-02,raw/who.gho.cm-02/2026/09/20260907T155125Z-b41e2575e826.json.gz,2
who.gho.cm-02,CM_02:SLV:SEX_MLE:AGEGROUP_MONTHS0-11,1966-01-01,2026-09-07T15:51:25Z,low,8763.0,,who.gho.cm-02,raw/who.gho.cm-02/2026/09/20260907T155125Z-b41e2575e826.json.gz,2
who.gho.cm-02,CM_02:SLV:SEX_MLE:AGEGROUP_MONTHS0-11,1966-01-01,2026-09-07T15:51:25Z,restated_at,2026-08-04,,who.gho.cm-02,raw/who.gho.cm-02/2026/09/20260907T155125Z-b41e2575e826.json.gz,2
who.gho.cm-02,CM_02:SLV:SEX_MLE:AGEGROUP_MONTHS0-11,1966-01-01,2026-09-07T15:51:25Z,value,9982.0,,who.gho.cm-02,raw/who.gho.cm-02/2026/09/20260907T155125Z-b41e2575e826.json.gz,2
who.gho.cm-02,CM_02:SSD:SEX_BTSX:AGEGROUP_MONTHS0-11,1966-01-01,2026-09-07T15:58:16Z,high,50355.0,,who.gho.cm-02,raw/who.gho.cm-02/2026/09/20260907T155816Z-99a1a16a015f.json.gz,2
who.gho.cm-02,CM_02:SSD:SEX_BTSX:AGEGROUP_MONTHS0-11,1966-01-01,2026-09-07T15:58:16Z,low,25207.0,,who.gho.cm-02,raw/who.gho.cm-02/2026/09/20260907T155816Z-99a1a16a015f.json.gz,2
who.gho.cm-02,CM_02:SSD:SEX_BTSX:AGEGROUP_MONTHS0-11,1966-01-01,2026-09-07T15:58:16Z,restated_at,2026-08-04,,who.gho.cm-02,raw/who.gho.cm-02/2026/09/20260907T155816Z-99a1a16a015f.json.gz,2
who.gho.cm-02,CM_02:SSD:SEX_BTSX:AGEGROUP_MONTHS0-11,1966-01-01,2026-09-07T15:58:16Z,value,35440.0,,who.gho.cm-02,raw/who.gho.cm-02/2026/09/20260907T155816Z-99a1a16a015f.json.gz,2
who.gho.cm-02,CM_02:SSD:SEX_FMLE:AGEGROUP_MONTHS0-11,1966-01-01,2026-09-07T15:57:54Z,high,23512.0,,who.gho.cm-02,raw/who.gho.cm-02/2026/09/20260907T155754Z-3bea881db2b4.json.gz,2
who.gho.cm-02,CM_02:SSD:SEX_FMLE:AGEGROUP_MONTHS0-11,1966-01-01,2026-09-07T15:57:54Z,low,11592.0,,who.gho.cm-02,raw/who.gho.cm-02/2026/09/20260907T155754Z-3bea881db2b4.json.gz,2
who.gho.cm-02,CM_02:SSD:SEX_FMLE:AGEGROUP_MONTHS0-11,1966-01-01,2026-09-07T15:57:54Z,restated_at,2026-08-04,,who.gho.cm-02,raw/who.gho.cm-02/2026/09/20260907T155754Z-3bea881db2b4.json.gz,2
who.gho.cm-02,CM_02:SSD:SEX_FMLE:AGEGROUP_MONTHS0-11,1966-01-01,2026-09-07T15:57:54Z,value,16579.0,,who.gho.cm-02,raw/who.gho.cm-02/2026/09/20260907T155754Z-3bea881db2b4.json.gz,2
who.gho.cm-02,CM_02:SSD:SEX_MLE:AGEGROUP_MONTHS0-11,1966-01-01,2026-09-07T15:57:26Z,high,26925.0,,who.gho.cm-02,raw/who.gho.cm-02/2026/09/20260907T155726Z-31d0241a6d30.json.gz,2
who.gho.cm-02,CM_02:SSD:SEX_MLE:AGEGROUP_MONTHS0-11,1966-01-01,2026-09-07T15:57:26Z,low,13346.0,,who.gho.cm-02,raw/who.gho.cm-02/2026/09/20260907T155726Z-31d0241a6d30.json.gz,2
who.gho.cm-02,CM_02:SSD:SEX_MLE:AGEGROUP_MONTHS0-11,1966-01-01,2026-09-07T15:57:26Z,restated_at,2026-08-04,,who.gho.cm-02,raw/who.gho.cm-02/2026/09/20260907T155726Z-31d0241a6d30.json.gz,2
who.gho.cm-02,CM_02:SSD:SEX_MLE:AGEGROUP_MONTHS0-11,1966-01-01,2026-09-07T15:57:26Z,value,18861.0,,who.gho.cm-02,raw/who.gho.cm-02/2026/09/20260907T155726Z-31d0241a6d30.json.gz,2
who.gho.cm-02,CM_02:STP:SEX_BTSX:AGEGROUP_MONTHS0-11,1966-01-01,2026-09-07T15:56:55Z,high,199.0,,who.gho.cm-02,raw/who.gho.cm-02/2026/09/20260907T155655Z-a5ea76265971.json.gz,2
who.gho.cm-02,CM_02:STP:SEX_BTSX:AGEGROUP_MONTHS0-11,1966-01-01,2026-09-07T15:56:55Z,low,111.0,,who.gho.cm-02,raw/who.gho.cm-02/2026/09/20260907T155655Z-a5ea76265971.json.gz,2
who.gho.cm-02,CM_02:STP:SEX_BTSX:AGEGROUP_MONTHS0-11,1966-01-01,2026-09-07T15:56:55Z,restated_at,2026-08-04,,who.gho.cm-02,raw/who.gho.cm-02/2026/09/20260907T155655Z-a5ea76265971.json.gz,2
who.gho.cm-02,CM_02:STP:SEX_BTSX:AGEGROUP_MONTHS0-11,1966-01-01,2026-09-07T15:56:55Z,value,149.0,,who.gho.cm-02,raw/who.gho.cm-02/2026/09/20260907T155655Z-a5ea76265971.json.gz,2
who.gho.cm-02,CM_02:STP:SEX_FMLE:AGEGROUP_MONTHS0-11,1966-01-01,2026-09-07T15:51:21Z,high,89.0,,who.gho.cm-02,raw/who.gho.cm-02/2026/09/20260907T155121Z-1b14643329ca.json.gz,2
who.gho.cm-02,CM_02:STP:SEX_FMLE:AGEGROUP_MONTHS0-11,1966-01-01,2026-09-07T15:51:21Z,low,49.0,,who.gho.cm-02,raw/who.gho.cm-02/2026/09/20260907T155121Z-1b14643329ca.json.gz,2
who.gho.cm-02,CM_02:STP:SEX_FMLE:AGEGROUP_MONTHS0-11,1966-01-01,2026-09-07T15:51:21Z,restated_at,2026-08-04,,who.gho.cm-02,raw/who.gho.cm-02/2026/09/20260907T155121Z-1b14643329ca.json.gz,2
who.gho.cm-02,CM_02:STP:SEX_FMLE:AGEGROUP_MONTHS0-11,1966-01-01,2026-09-07T15:51:21Z,value,66.0,,who.gho.cm-02,raw/who.gho.cm-02/2026/09/20260907T155121Z-1b14643329ca.json.gz,2
who.gho.cm-02,CM_02:STP:SEX_MLE:AGEGROUP_MONTHS0-11,1966-01-01,2026-09-07T15:51:54Z,high,111.0,,who.gho.cm-02,raw/who.gho.cm-02/2026/09/20260907T155154Z-820134cf428b.json.gz,2
who.gho.cm-02,CM_02:STP:SEX_MLE:AGEGROUP_MONTHS0-11,1966-01-01,2026-09-07T15:51:54Z,low,61.0,,who.gho.cm-02,raw/who.gho.cm-02/2026/09/20260907T155154Z-820134cf428b.json.gz,2
who.gho.cm-02,CM_02:STP:SEX_MLE:AGEGROUP_MONTHS0-11,1966-01-01,2026-09-07T15:51:54Z,restated_at,2026-08-04,,who.gho.cm-02,raw/who.gho.cm-02/2026/09/20260907T155154Z-820134cf428b.json.gz,2
who.gho.cm-02,CM_02:STP:SEX_MLE:AGEGROUP_MONTHS0-11,1966-01-01,2026-09-07T15:51:54Z,value,83.0,,who.gho.cm-02,raw/who.gho.cm-02/2026/09/20260907T155154Z-820134cf428b.json.gz,2
who.gho.cm-02,CM_02:SVK:SEX_BTSX:AGEGROUP_MONTHS0-11,1966-01-01,2026-09-07T15:56:48Z,high,2258.0,,who.gho.cm-02,raw/who.gho.cm-02/2026/09/20260907T155648Z-e962102586d9.json.gz,2
who.gho.cm-02,CM_02:SVK:SEX_BTSX:AGEGROUP_MONTHS0-11,1966-01-01,2026-09-07T15:56:48Z,low,2009.0,,who.gho.cm-02,raw/who.gho.cm-02/2026/09/20260907T155648Z-e962102586d9.json.gz,2
who.gho.cm-02,CM_02:SVK:SEX_BTSX:AGEGROUP_MONTHS0-11,1966-01-01,2026-09-07T15:56:48Z,restated_at,2026-08-04,,who.gho.cm-02,raw/who.gho.cm-02/2026/09/20260907T155648Z-e962102586d9.json.gz,2
who.gho.cm-02,CM_02:SVK:SEX_BTSX:AGEGROUP_MONTHS0-11,1966-01-01,2026-09-07T15:56:48Z,value,2129.0,,who.gho.cm-02,raw/who.gho.cm-02/2026/09/20260907T155648Z-e962102586d9.json.gz,2
who.gho.cm-02,CM_02:SVK:SEX_FMLE:AGEGROUP_MONTHS0-11,1966-01-01,2026-09-07T15:57:21Z,high,970.0,,who.gho.cm-02,raw/who.gho.cm-02/2026/09/20260907T155721Z-a2b5c178c29b.json.gz,2
who.gho.cm-02,CM_02:SVK:SEX_FMLE:AGEGROUP_MONTHS0-11,1966-01-01,2026-09-07T15:57:21Z,low,833.0,,who.gho.cm-02,raw/who.gho.cm-02/2026/09/20260907T155721Z-a2b5c178c29b.json.gz,2
who.gho.cm-02,CM_02:SVK:SEX_FMLE:AGEGROUP_MONTHS0-11,1966-01-01,2026-09-07T15:57:21Z,restated_at,2026-08-04,,who.gho.cm-02,raw/who.gho.cm-02/2026/09/20260907T155721Z-a2b5c178c29b.json.gz,2
who.gho.cm-02,CM_02:SVK:SEX_FMLE:AGEGROUP_MONTHS0-11,1966-01-01,2026-09-07T15:57:21Z,value,899.0,,who.gho.cm-02,raw/who.gho.cm-02/2026/09/20260907T155721Z-a2b5c178c29b.json.gz,2
who.gho.cm-02,CM_02:SVK:SEX_MLE:AGEGROUP_MONTHS0-11,1966-01-01,2026-09-07T15:57:59Z,high,1322.0,,who.gho.cm-02,raw/who.gho.cm-02/2026/09/20260907T155759Z-531ca935f713.json.gz,2
who.gho.cm-02,CM_02:SVK:SEX_MLE:AGEGROUP_MONTHS0-11,1966-01-01,2026-09-07T15:57:59Z,low,1149.0,,who.gho.cm-02,raw/who.gho.cm-02/2026/09/20260907T155759Z-531ca935f713.json.gz,2
who.gho.cm-02,CM_02:SVK:SEX_MLE:AGEGROUP_MONTHS0-11,1966-01-01,2026-09-07T15:57:59Z,restated_at,2026-08-04,,who.gho.cm-02,raw/who.gho.cm-02/2026/09/20260907T155759Z-531ca935f713.json.gz,2
who.gho.cm-02,CM_02:SVK:SEX_MLE:AGEGROUP_MONTHS0-11,1966-01-01,2026-09-07T15:57:59Z,value,1230.0,,who.gho.cm-02,raw/who.gho.cm-02/2026/09/20260907T155759Z-531ca935f713.json.gz,2
who.gho.cm-02,CM_02:SWE:SEX_BTSX:AGEGROUP_MONTHS0-11,1966-01-01,2026-09-07T15:53:02Z,high,1630.0,,who.gho.cm-02,raw/who.gho.cm-02/2026/09/20260907T155302Z-206bb5f6993f.json.gz,2
who.gho.cm-02,CM_02:SWE:SEX_BTSX:AGEGROUP_MONTHS0-11,1966-01-01,2026-09-07T15:53:02Z,low,1565.0,,who.gho.cm-02,raw/who.gho.cm-02/2026/09/20260907T155302Z-206bb5f6993f.json.gz,2
who.gho.cm-02,CM_02:SWE:SEX_BTSX:AGEGROUP_MONTHS0-11,1966-01-01,2026-09-07T15:53:02Z,restated_at,2026-08-04,,who.gho.cm-02,raw/who.gho.cm-02/2026/09/20260907T155302Z-206bb5f6993f.json.gz,2
who.gho.cm-02,CM_02:SWE:SEX_BTSX:AGEGROUP_MONTHS0-11,1966-01-01,2026-09-07T15:53:02Z,value,1598.0,,who.gho.cm-02,raw/who.gho.cm-02/2026/09/20260907T155302Z-206bb5f6993f.json.gz,2
who.gho.cm-02,CM_02:SWE:SEX_FMLE:AGEGROUP_MONTHS0-11,1966-01-01,2026-09-07T15:52:03Z,high,686.0,,who.gho.cm-02,raw/who.gho.cm-02/2026/09/20260907T155203Z-07dabadb5738.json.gz,2
who.gho.cm-02,CM_02:SWE:SEX_FMLE:AGEGROUP_MONTHS0-11,1966-01-01,2026-09-07T15:52:03Z,low,650.0,,who.gho.cm-02,raw/who.gho.cm-02/2026/09/20260907T155203Z-07dabadb5738.json.gz,2
who.gho.cm-02,CM_02:SWE:SEX_FMLE:AGEGROUP_MONTHS0-11,1966-01-01,2026-09-07T15:52:03Z,restated_at,2026-08-04,,who.gho.cm-02,raw/who.gho.cm-02/2026/09/20260907T155203Z-07dabadb5738.json.gz,2
who.gho.cm-02,CM_02:SWE:SEX_FMLE:AGEGROUP_MONTHS0-11,1966-01-01,2026-09-07T15:52:03Z,value,668.0,,who.gho.cm-02,raw/who.gho.cm-02/2026/09/20260907T155203Z-07dabadb5738.json.gz,2
who.gho.cm-02,CM_02:SWE:SEX_MLE:AGEGROUP_MONTHS0-11,1966-01-01,2026-09-07T15:57:40Z,high,954.0,,who.gho.cm-02,raw/who.gho.cm-02/2026/09/20260907T155740Z-31068700a25d.json.gz,2
who.gho.cm-02,CM_02:SWE:SEX_MLE:AGEGROUP_MONTHS0-11,1966-01-01,2026-09-07T15:57:40Z,low,908.0,,who.gho.cm-02,raw/who.gho.cm-02/2026/09/20260907T155740Z-31068700a25d.json.gz,2
who.gho.cm-02,CM_02:SWE:SEX_MLE:AGEGROUP_MONTHS0-11,1966-01-01,2026-09-07T15:57:40Z,restated_at,2026-08-04,,who.gho.cm-02,raw/who.gho.cm-02/2026/09/20260907T155740Z-31068700a25d.json.gz,2
who.gho.cm-02,CM_02:SWE:SEX_MLE:AGEGROUP_MONTHS0-11,1966-01-01,2026-09-07T15:57:40Z,value,930.0,,who.gho.cm-02,raw/who.gho.cm-02/2026/09/20260907T155740Z-31068700a25d.json.gz,2
who.gho.cm-02,CM_02:SWZ:SEX_BTSX:AGEGROUP_MONTHS0-11,1966-01-01,2026-09-07T15:52:37Z,high,2746.0,,who.gho.cm-02,raw/who.gho.cm-02/2026/09/20260907T155237Z-35c7d31783eb.json.gz,2
who.gho.cm-02,CM_02:SWZ:SEX_BTSX:AGEGROUP_MONTHS0-11,1966-01-01,2026-09-07T15:52:37Z,low,2017.0,,who.gho.cm-02,raw/who.gho.cm-02/2026/09/20260907T155237Z-35c7d31783eb.json.gz,2
who.gho.cm-02,CM_02:SWZ:SEX_BTSX:AGEGROUP_MONTHS0-11,1966-01-01,2026-09-07T15:52:37Z,restated_at,2026-08-04,,who.gho.cm-02,raw/who.gho.cm-02/2026/09/20260907T155237Z-35c7d31783eb.json.gz,2
who.gho.cm-02,CM_02:SWZ:SEX_BTSX:AGEGROUP_MONTHS0-11,1966-01-01,2026-09-07T15:52:37Z,value,2348.0,,who.gho.cm-02,raw/who.gho.cm-02/2026/09/20260907T155237Z-35c7d31783eb.json.gz,2
who.gho.cm-02,CM_02:SWZ:SEX_FMLE:AGEGROUP_MONTHS0-11,1966-01-01,2026-09-07T15:54:17Z,high,1260.0,,who.gho.cm-02,raw/who.gho.cm-02/2026/09/20260907T155417Z-e87fb31944b5.json.gz,2
who.gho.cm-02,CM_02:SWZ:SEX_FMLE:AGEGROUP_MONTHS0-11,1966-01-01,2026-09-07T15:54:17Z,low,905.0,,who.gho.cm-02,raw/who.gho.cm-02/2026/09/20260907T155417Z-e87fb31944b5.json.gz,2
who.gho.cm-02,CM_02:SWZ:SEX_FMLE:AGEGROUP_MONTHS0-11,1966-01-01,2026-09-07T15:54:17Z,restated_at,2026-08-04,,who.gho.cm-02,raw/who.gho.cm-02/2026/09/20260907T155417Z-e87fb31944b5.json.gz,2
who.gho.cm-02,CM_02:SWZ:SEX_FMLE:AGEGROUP_MONTHS0-11,1966-01-01,2026-09-07T15:54:17Z,value,1066.0,,who.gho.cm-02,raw/who.gho.cm-02/2026/09/20260907T155417Z-e87fb31944b5.json.gz,2
who.gho.cm-02,CM_02:SWZ:SEX_MLE:AGEGROUP_MONTHS0-11,1966-01-01,2026-09-07T15:58:07Z,high,1510.0,,who.gho.cm-02,raw/who.gho.cm-02/2026/09/20260907T155807Z-33d1eb328c3d.json.gz,2
who.gho.cm-02,CM_02:SWZ:SEX_MLE:AGEGROUP_MONTHS0-11,1966-01-01,2026-09-07T15:58:07Z,low,1093.0,,who.gho.cm-02,raw/who.gho.cm-02/2026/09/20260907T155807Z-33d1eb328c3d.json.gz,2
who.gho.cm-02,CM_02:SWZ:SEX_MLE:AGEGROUP_MONTHS0-11,1966-01-01,2026-09-07T15:58:07Z,restated_at,2026-08-04,,who.gho.cm-02,raw/who.gho.cm-02/2026/09/20260907T155807Z-33d1eb328c3d.json.gz,2
who.gho.cm-02,CM_02:SWZ:SEX_MLE:AGEGROUP_MONTHS0-11,1966-01-01,2026-09-07T15:58:07Z,value,1282.0,,who.gho.cm-02,raw/who.gho.cm-02/2026/09/20260907T155807Z-33d1eb328c3d.json.gz,2
who.gho.cm-02,CM_02:SYC:SEX_BTSX:AGEGROUP_MONTHS0-11,1966-01-01,2026-09-07T15:58:07Z,high,121.0,,who.gho.cm-02,raw/who.gho.cm-02/2026/09/20260907T155807Z-33d1eb328c3d.json.gz,2
who.gho.cm-02,CM_02:SYC:SEX_BTSX:AGEGROUP_MONTHS0-11,1966-01-01,2026-09-07T15:58:07Z,low,101.0,,who.gho.cm-02,raw/who.gho.cm-02/2026/09/20260907T155807Z-33d1eb328c3d.json.gz,2
who.gho.cm-02,CM_02:SYC:SEX_BTSX:AGEGROUP_MONTHS0-11,1966-01-01,2026-09-07T15:58:07Z,restated_at,2026-08-04,,who.gho.cm-02,raw/who.gho.cm-02/2026/09/20260907T155807Z-33d1eb328c3d.json.gz,2
who.gho.cm-02,CM_02:SYC:SEX_BTSX:AGEGROUP_MONTHS0-11,1966-01-01,2026-09-07T15:58:07Z,value,111.0,,who.gho.cm-02,raw/who.gho.cm-02/2026/09/20260907T155807Z-33d1eb328c3d.json.gz,2
who.gho.cm-02,CM_02:SYC:SEX_FMLE:AGEGROUP_MONTHS0-11,1966-01-01,2026-09-07T15:57:30Z,high,57.0,,who.gho.cm-02,raw/who.gho.cm-02/2026/09/20260907T155730Z-1fe49c27b9ed.json.gz,2
who.gho.cm-02,CM_02:SYC:SEX_FMLE:AGEGROUP_MONTHS0-11,1966-01-01,2026-09-07T15:57:30Z,low,46.0,,who.gho.cm-02,raw/who.gho.cm-02/2026/09/20260907T155730Z-1fe49c27b9ed.json.gz,2
who.gho.cm-02,CM_02:SYC:SEX_FMLE:AGEGROUP_MONTHS0-11,1966-01-01,2026-09-07T15:57:30Z,restated_at,2025-04-15,,who.gho.cm-02,raw/who.gho.cm-02/2026/09/20260907T155730Z-1fe49c27b9ed.json.gz,2
who.gho.cm-02,CM_02:SYC:SEX_FMLE:AGEGROUP_MONTHS0-11,1966-01-01,2026-09-07T15:57:30Z,value,51.0,,who.gho.cm-02,raw/who.gho.cm-02/2026/09/20260907T155730Z-1fe49c27b9ed.json.gz,2
who.gho.cm-02,CM_02:SYC:SEX_MLE:AGEGROUP_MONTHS0-11,1966-01-01,2026-09-07T15:57:00Z,high,66.0,,who.gho.cm-02,raw/who.gho.cm-02/2026/09/20260907T155700Z-8ffcb12aceff.json.gz,2
who.gho.cm-02,CM_02:SYC:SEX_MLE:AGEGROUP_MONTHS0-11,1966-01-01,2026-09-07T15:57:00Z,low,54.0,,who.gho.cm-02,raw/who.gho.cm-02/2026/09/20260907T155700Z-8ffcb12aceff.json.gz,2
who.gho.cm-02,CM_02:SYC:SEX_MLE:AGEGROUP_MONTHS0-11,1966-01-01,2026-09-07T15:57:00Z,restated_at,2025-04-15,,who.gho.cm-02,raw/who.gho.cm-02/2026/09/20260907T155700Z-8ffcb12aceff.json.gz,2
who.gho.cm-02,CM_02:SYC:SEX_MLE:AGEGROUP_MONTHS0-11,1966-01-01,2026-09-07T15:57:00Z,value,60.0,,who.gho.cm-02,raw/who.gho.cm-02/2026/09/20260907T155700Z-8ffcb12aceff.json.gz,2
who.gho.cm-02,CM_02:SYR:SEX_BTSX:AGEGROUP_MONTHS0-11,1966-01-01,2026-09-07T15:57:00Z,high,24738.0,,who.gho.cm-02,raw/who.gho.cm-02/2026/09/20260907T155700Z-8ffcb12aceff.json.gz,2
who.gho.cm-02,CM_02:SYR:SEX_BTSX:AGEGROUP_MONTHS0-11,1966-01-01,2026-09-07T15:57:00Z,low,20703.0,,who.gho.cm-02,raw/who.gho.cm-02/2026/09/20260907T155700Z-8ffcb12aceff.json.gz,2
who.gho.cm-02,CM_02:SYR:SEX_BTSX:AGEGROUP_MONTHS0-11,1966-01-01,2026-09-07T15:57:00Z,restated_at,2026-08-04,,who.gho.cm-02,raw/who.gho.cm-02/2026/09/20260907T155700Z-8ffcb12aceff.json.gz,2
who.gho.cm-02,CM_02:SYR:SEX_BTSX:AGEGROUP_MONTHS0-11,1966-01-01,2026-09-07T15:57:00Z,value,22686.0,,who.gho.cm-02,raw/who.gho.cm-02/2026/09/20260907T155700Z-8ffcb12aceff.json.gz,2
who.gho.cm-02,CM_02:SYR:SEX_FMLE:AGEGROUP_MONTHS0-11,1966-01-01,2026-09-07T15:57:49Z,high,12012.0,,who.gho.cm-02,raw/who.gho.cm-02/2026/09/20260907T155749Z-8808ed0c9a07.json.gz,2
who.gho.cm-02,CM_02:SYR:SEX_FMLE:AGEGROUP_MONTHS0-11,1966-01-01,2026-09-07T15:57:49Z,low,9892.0,,who.gho.cm-02,raw/who.gho.cm-02/2026/09/20260907T155749Z-8808ed0c9a07.json.gz,2
who.gho.cm-02,CM_02:SYR:SEX_FMLE:AGEGROUP_MONTHS0-11,1966-01-01,2026-09-07T15:57:49Z,restated_at,2026-08-04,,who.gho.cm-02,raw/who.gho.cm-02/2026/09/20260907T155749Z-8808ed0c9a07.json.gz,2
who.gho.cm-02,CM_02:SYR:SEX_FMLE:AGEGROUP_MONTHS0-11,1966-01-01,2026-09-07T15:57:49Z,value,10911.0,,who.gho.cm-02,raw/who.gho.cm-02/2026/09/20260907T155749Z-8808ed0c9a07.json.gz,2
who.gho.cm-02,CM_02:SYR:SEX_MLE:AGEGROUP_MONTHS0-11,1966-01-01,2026-09-07T15:51:54Z,high,12921.0,,who.gho.cm-02,raw/who.gho.cm-02/2026/09/20260907T155154Z-820134cf428b.json.gz,2
who.gho.cm-02,CM_02:SYR:SEX_MLE:AGEGROUP_MONTHS0-11,1966-01-01,2026-09-07T15:51:54Z,low,10679.0,,who.gho.cm-02,raw/who.gho.cm-02/2026/09/20260907T155154Z-820134cf428b.json.gz,2
who.gho.cm-02,CM_02:SYR:SEX_MLE:AGEGROUP_MONTHS0-11,1966-01-01,2026-09-07T15:51:54Z,restated_at,2026-08-04,,who.gho.cm-02,raw/who.gho.cm-02/2026/09/20260907T155154Z-820134cf428b.json.gz,2
who.gho.cm-02,CM_02:SYR:SEX_MLE:AGEGROUP_MONTHS0-11,1966-01-01,2026-09-07T15:51:54Z,value,11775.0,,who.gho.cm-02,raw/who.gho.cm-02/2026/09/20260907T155154Z-820134cf428b.json.gz,2
who.gho.cm-02,CM_02:TCD:SEX_BTSX:AGEGROUP_MONTHS0-11,1966-01-01,2026-09-07T15:58:16Z,high,24170.0,,who.gho.cm-02,raw/who.gho.cm-02/2026/09/20260907T155816Z-99a1a16a015f.json.gz,2
who.gho.cm-02,CM_02:TCD:SEX_BTSX:AGEGROUP_MONTHS0-11,1966-01-01,2026-09-07T15:58:16Z,low,18731.0,,who.gho.cm-02,raw/who.gho.cm-02/2026/09/20260907T155816Z-99a1a16a015f.json.gz,2
who.gho.cm-02,CM_02:TCD:SEX_BTSX:AGEGROUP_MONTHS0-11,1966-01-01,2026-09-07T15:58:16Z,restated_at,2026-08-04,,who.gho.cm-02,raw/who.gho.cm-02/2026/09/20260907T155816Z-99a1a16a015f.json.gz,2
who.gho.cm-02,CM_02:TCD:SEX_BTSX:AGEGROUP_MONTHS0-11,1966-01-01,2026-09-07T15:58:16Z,value,21326.0,,who.gho.cm-02,raw/who.gho.cm-02/2026/09/20260907T155816Z-99a1a16a015f.json.gz,2
who.gho.cm-02,CM_02:TCD:SEX_FMLE:AGEGROUP_MONTHS0-11,1966-01-01,2026-09-07T15:51:05Z,high,11136.0,,who.gho.cm-02,raw/who.gho.cm-02/2026/09/20260907T155105Z-bd351d716a31.json.gz,2
who.gho.cm-02,CM_02:TCD:SEX_FMLE:AGEGROUP_MONTHS0-11,1966-01-01,2026-09-07T15:51:05Z,low,8500.0,,who.gho.cm-02,raw/who.gho.cm-02/2026/09/20260907T155105Z-bd351d716a31.json.gz,2
who.gho.cm-02,CM_02:TCD:SEX_FMLE:AGEGROUP_MONTHS0-11,1966-01-01,2026-09-07T15:51:05Z,restated_at,2026-08-04,,who.gho.cm-02,raw/who.gho.cm-02/2026/09/20260907T155105Z-bd351d716a31.json.gz,2
who.gho.cm-02,CM_02:TCD:SEX_FMLE:AGEGROUP_MONTHS0-11,1966-01-01,2026-09-07T15:51:05Z,value,9760.0,,who.gho.cm-02,raw/who.gho.cm-02/2026/09/20260907T155105Z-bd351d716a31.json.gz,2
who.gho.cm-02,CM_02:TCD:SEX_MLE:AGEGROUP_MONTHS0-11,1966-01-01,2026-09-07T15:57:44Z,high,13176.0,,who.gho.cm-02,raw/who.gho.cm-02/2026/09/20260907T155744Z-e141b36e0a87.json.gz,2
who.gho.cm-02,CM_02:TCD:SEX_MLE:AGEGROUP_MONTHS0-11,1966-01-01,2026-09-07T15:57:44Z,low,10078.0,,who.gho.cm-02,raw/who.gho.cm-02/2026/09/20260907T155744Z-e141b36e0a87.json.gz,2
who.gho.cm-02,CM_02:TCD:SEX_MLE:AGEGROUP_MONTHS0-11,1966-01-01,2026-09-07T15:57:44Z,restated_at,2026-08-04,,who.gho.cm-02,raw/who.gho.cm-02/2026/09/20260907T155744Z-e141b36e0a87.json.gz,2
who.gho.cm-02,CM_02:TCD:SEX_MLE:AGEGROUP_MONTHS0-11,1966-01-01,2026-09-07T15:57:44Z,value,11566.0,,who.gho.cm-02,raw/who.gho.cm-02/2026/09/20260907T155744Z-e141b36e0a87.json.gz,2
who.gho.cm-02,CM_02:TGO:SEX_BTSX:AGEGROUP_MONTHS0-11,1966-01-01,2026-09-07T15:51:11Z,high,12577.0,,who.gho.cm-02,raw/who.gho.cm-02/2026/09/20260907T155111Z-17577dbcf352.json.gz,2
who.gho.cm-02,CM_02:TGO:SEX_BTSX:AGEGROUP_MONTHS0-11,1966-01-01,2026-09-07T15:51:11Z,low,10383.0,,who.gho.cm-02,raw/who.gho.cm-02/2026/09/20260907T155111Z-17577dbcf352.json.gz,2
who.gho.cm-02,CM_02:TGO:SEX_BTSX:AGEGROUP_MONTHS0-11,1966-01-01,2026-09-07T15:51:11Z,restated_at,2026-08-04,,who.gho.cm-02,raw/who.gho.cm-02/2026/09/20260907T155111Z-17577dbcf352.json.gz,2
who.gho.cm-02,CM_02:TGO:SEX_BTSX:AGEGROUP_MONTHS0-11,1966-01-01,2026-09-07T15:51:11Z,value,11373.0,,who.gho.cm-02,raw/who.gho.cm-02/2026/09/20260907T155111Z-17577dbcf352.json.gz,2
who.gho.cm-02,CM_02:TGO:SEX_FMLE:AGEGROUP_MONTHS0-11,1966-01-01,2026-09-07T15:50:57Z,high,5740.0,,who.gho.cm-02,raw/who.gho.cm-02/2026/09/20260907T155057Z-e03fd9f60113.json.gz,2
who.gho.cm-02,CM_02:TGO:SEX_FMLE:AGEGROUP_MONTHS0-11,1966-01-01,2026-09-07T15:50:57Z,low,4639.0,,who.gho.cm-02,raw/who.gho.cm-02/2026/09/20260907T155057Z-e03fd9f60113.json.gz,2
who.gho.cm-02,CM_02:TGO:SEX_FMLE:AGEGROUP_MONTHS0-11,1966-01-01,2026-09-07T15:50:57Z,restated_at,2026-08-04,,who.gho.cm-02,raw/who.gho.cm-02/2026/09/20260907T155057Z-e03fd9f60113.json.gz,2
who.gho.cm-02,CM_02:TGO:SEX_FMLE:AGEGROUP_MONTHS0-11,1966-01-01,2026-09-07T15:50:57Z,value,5148.0,,who.gho.cm-02,raw/who.gho.cm-02/2026/09/20260907T155057Z-e03fd9f60113.json.gz,2
who.gho.cm-02,CM_02:TGO:SEX_MLE:AGEGROUP_MONTHS0-11,1966-01-01,2026-09-07T15:58:20Z,high,6914.0,,who.gho.cm-02,raw/who.gho.cm-02/2026/09/20260907T155820Z-bace8014f904.json.gz,2
who.gho.cm-02,CM_02:TGO:SEX_MLE:AGEGROUP_MONTHS0-11,1966-01-01,2026-09-07T15:58:20Z,low,5636.0,,who.gho.cm-02,raw/who.gho.cm-02/2026/09/20260907T155820Z-bace8014f904.json.gz,2
who.gho.cm-02,CM_02:TGO:SEX_MLE:AGEGROUP_MONTHS0-11,1966-01-01,2026-09-07T15:58:20Z,restated_at,2026-08-04,,who.gho.cm-02,raw/who.gho.cm-02/2026/09/20260907T155820Z-bace8014f904.json.gz,2
who.gho.cm-02,CM_02:TGO:SEX_MLE:AGEGROUP_MONTHS0-11,1966-01-01,2026-09-07T15:58:20Z,value,6225.0,,who.gho.cm-02,raw/who.gho.cm-02/2026/09/20260907T155820Z-bace8014f904.json.gz,2
who.gho.cm-02,CM_02:THA:SEX_BTSX:AGEGROUP_MONTHS0-11,1966-01-01,2026-09-07T15:51:54Z,high,130566.0,,who.gho.cm-02,raw/who.gho.cm-02/2026/09/20260907T155154Z-820134cf428b.json.gz,2
who.gho.cm-02,CM_02:THA:SEX_BTSX:AGEGROUP_MONTHS0-11,1966-01-01,2026-09-07T15:51:54Z,low,111785.0,,who.gho.cm-02,raw/who.gho.cm-02/2026/09/20260907T155154Z-820134cf428b.json.gz,2
who.gho.cm-02,CM_02:THA:SEX_BTSX:AGEGROUP_MONTHS0-11,1966-01-01,2026-09-07T15:51:54Z,restated_at,2026-08-04,,who.gho.cm-02,raw/who.gho.cm-02/2026/09/20260907T155154Z-820134cf428b.json.gz,2
who.gho.cm-02,CM_02:THA:SEX_BTSX:AGEGROUP_MONTHS0-11,1966-01-01,2026-09-07T15:51:54Z,value,120692.0,,who.gho.cm-02,raw/who.gho.cm-02/2026/09/20260907T155154Z-820134cf428b.json.gz,2
who.gho.cm-02,CM_02:THA:SEX_FMLE:AGEGROUP_MONTHS0-11,1966-01-01,2026-09-07T15:58:07Z,high,59082.0,,who.gho.cm-02,raw/who.gho.cm-02/2026/09/20260907T155807Z-33d1eb328c3d.json.gz,2
who.gho.cm-02,CM_02:THA:SEX_FMLE:AGEGROUP_MONTHS0-11,1966-01-01,2026-09-07T15:58:07Z,low,49571.0,,who.gho.cm-02,raw/who.gho.cm-02/2026/09/20260907T155807Z-33d1eb328c3d.json.gz,2
who.gho.cm-02,CM_02:THA:SEX_FMLE:AGEGROUP_MONTHS0-11,1966-01-01,2026-09-07T15:58:07Z,restated_at,2026-08-04,,who.gho.cm-02,raw/who.gho.cm-02/2026/09/20260907T155807Z-33d1eb328c3d.json.gz,2
who.gho.cm-02,CM_02:THA:SEX_FMLE:AGEGROUP_MONTHS0-11,1966-01-01,2026-09-07T15:58:07Z,value,54028.0,,who.gho.cm-02,raw/who.gho.cm-02/2026/09/20260907T155807Z-33d1eb328c3d.json.gz,2
who.gho.cm-02,CM_02:THA:SEX_MLE:AGEGROUP_MONTHS0-11,1966-01-01,2026-09-07T15:52:03Z,high,72588.0,,who.gho.cm-02,raw/who.gho.cm-02/2026/09/20260907T155203Z-07dabadb5738.json.gz,2
who.gho.cm-02,CM_02:THA:SEX_MLE:AGEGROUP_MONTHS0-11,1966-01-01,2026-09-07T15:52:03Z,low,61340.0,,who.gho.cm-02,raw/who.gho.cm-02/2026/09/20260907T155203Z-07dabadb5738.json.gz,2
who.gho.cm-02,CM_02:THA:SEX_MLE:AGEGROUP_MONTHS0-11,1966-01-01,2026-09-07T15:52:03Z,restated_at,2026-08-04,,who.gho.cm-02,raw/who.gho.cm-02/2026/09/20260907T155203Z-07dabadb5738.json.gz,2
who.gho.cm-02,CM_02:THA:SEX_MLE:AGEGROUP_MONTHS0-11,1966-01-01,2026-09-07T15:52:03Z,value,66664.0,,who.gho.cm-02,raw/who.gho.cm-02/2026/09/20260907T155203Z-07dabadb5738.json.gz,2
who.gho.cm-02,CM_02:TON:SEX_BTSX:AGEGROUP_MONTHS0-11,1966-01-01,2026-09-07T15:57:30Z,high,207.0,,who.gho.cm-02,raw/who.gho.cm-02/2026/09/20260907T155730Z-1fe49c27b9ed.json.gz,2
who.gho.cm-02,CM_02:TON:SEX_BTSX:AGEGROUP_MONTHS0-11,1966-01-01,2026-09-07T15:57:30Z,low,128.0,,who.gho.cm-02,raw/who.gho.cm-02/2026/09/20260907T155730Z-1fe49c27b9ed.json.gz,2
who.gho.cm-02,CM_02:TON:SEX_BTSX:AGEGROUP_MONTHS0-11,1966-01-01,2026-09-07T15:57:30Z,restated_at,2026-08-04,,who.gho.cm-02,raw/who.gho.cm-02/2026/09/20260907T155730Z-1fe49c27b9ed.json.gz,2
who.gho.cm-02,CM_02:TON:SEX_BTSX:AGEGROUP_MONTHS0-11,1966-01-01,2026-09-07T15:57:30Z,value,163.0,,who.gho.cm-02,raw/who.gho.cm-02/2026/09/20260907T155730Z-1fe49c27b9ed.json.gz,2
who.gho.cm-02,CM_02:TON:SEX_FMLE:AGEGROUP_MONTHS0-11,1966-01-01,2026-09-07T15:57:59Z,high,90.0,,who.gho.cm-02,raw/who.gho.cm-02/2026/09/20260907T155759Z-531ca935f713.json.gz,2
who.gho.cm-02,CM_02:TON:SEX_FMLE:AGEGROUP_MONTHS0-11,1966-01-01,2026-09-07T15:57:59Z,low,55.0,,who.gho.cm-02,raw/who.gho.cm-02/2026/09/20260907T155759Z-531ca935f713.json.gz,2
who.gho.cm-02,CM_02:TON:SEX_FMLE:AGEGROUP_MONTHS0-11,1966-01-01,2026-09-07T15:57:59Z,restated_at,2025-04-15,,who.gho.cm-02,raw/who.gho.cm-02/2026/09/20260907T155759Z-531ca935f713.json.gz,2
who.gho.cm-02,CM_02:TON:SEX_FMLE:AGEGROUP_MONTHS0-11,1966-01-01,2026-09-07T15:57:59Z,value,70.0,,who.gho.cm-02,raw/who.gho.cm-02/2026/09/20260907T155759Z-531ca935f713.json.gz,2
who.gho.cm-02,CM_02:TON:SEX_MLE:AGEGROUP_MONTHS0-11,1966-01-01,2026-09-07T15:52:03Z,high,119.0,,who.gho.cm-02,raw/who.gho.cm-02/2026/09/20260907T155203Z-07dabadb5738.json.gz,2
who.gho.cm-02,CM_02:TON:SEX_MLE:AGEGROUP_MONTHS0-11,1966-01-01,2026-09-07T15:52:03Z,low,73.0,,who.gho.cm-02,raw/who.gho.cm-02/2026/09/20260907T155203Z-07dabadb5738.json.gz,2
who.gho.cm-02,CM_02:TON:SEX_MLE:AGEGROUP_MONTHS0-11,1966-01-01,2026-09-07T15:52:03Z,restated_at,2025-04-15,,who.gho.cm-02,raw/who.gho.cm-02/2026/09/20260907T155203Z-07dabadb5738.json.gz,2
who.gho.cm-02,CM_02:TON:SEX_MLE:AGEGROUP_MONTHS0-11,1966-01-01,2026-09-07T15:52:03Z,value,93.0,,who.gho.cm-02,raw/who.gho.cm-02/2026/09/20260907T155203Z-07dabadb5738.json.gz,2
who.gho.cm-02,CM_02:TTO:SEX_BTSX:AGEGROUP_MONTHS0-11,1966-01-01,2026-09-07T15:56:27Z,high,1856.0,,who.gho.cm-02,raw/who.gho.cm-02/2026/09/20260907T155627Z-19eb4e6c1215.json.gz,2
who.gho.cm-02,CM_02:TTO:SEX_BTSX:AGEGROUP_MONTHS0-11,1966-01-01,2026-09-07T15:56:27Z,low,1401.0,,who.gho.cm-02,raw/who.gho.cm-02/2026/09/20260907T155627Z-19eb4e6c1215.json.gz,2
who.gho.cm-02,CM_02:TTO:SEX_BTSX:AGEGROUP_MONTHS0-11,1966-01-01,2026-09-07T15:56:27Z,restated_at,2026-08-04,,who.gho.cm-02,raw/who.gho.cm-02/2026/09/20260907T155627Z-19eb4e6c1215.json.gz,2
who.gho.cm-02,CM_02:TTO:SEX_BTSX:AGEGROUP_MONTHS0-11,1966-01-01,2026-09-07T15:56:27Z,value,1616.0,,who.gho.cm-02,raw/who.gho.cm-02/2026/09/20260907T155627Z-19eb4e6c1215.json.gz,2
who.gho.cm-02,CM_02:TTO:SEX_FMLE:AGEGROUP_MONTHS0-11,1966-01-01,2026-09-07T15:57:26Z,high,845.0,,who.gho.cm-02,raw/who.gho.cm-02/2026/09/20260907T155726Z-31d0241a6d30.json.gz,2
who.gho.cm-02,CM_02:TTO:SEX_FMLE:AGEGROUP_MONTHS0-11,1966-01-01,2026-09-07T15:57:26Z,low,629.0,,who.gho.cm-02,raw/who.gho.cm-02/2026/09/20260907T155726Z-31d0241a6d30.json.gz,2
who.gho.cm-02,CM_02:TTO:SEX_FMLE:AGEGROUP_MONTHS0-11,1966-01-01,2026-09-07T15:57:26Z,restated_at,2026-08-04,,who.gho.cm-02,raw/who.gho.cm-02/2026/09/20260907T155726Z-31d0241a6d30.json.gz,2
who.gho.cm-02,CM_02:TTO:SEX_FMLE:AGEGROUP_MONTHS0-11,1966-01-01,2026-09-07T15:57:26Z,value,731.0,,who.gho.cm-02,raw/who.gho.cm-02/2026/09/20260907T155726Z-31d0241a6d30.json.gz,2
who.gho.cm-02,CM_02:TTO:SEX_MLE:AGEGROUP_MONTHS0-11,1966-01-01,2026-09-07T15:56:55Z,high,1022.0,,who.gho.cm-02,raw/who.gho.cm-02/2026/09/20260907T155655Z-a5ea76265971.json.gz,2
who.gho.cm-02,CM_02:TTO:SEX_MLE:AGEGROUP_MONTHS0-11,1966-01-01,2026-09-07T15:56:55Z,low,761.0,,who.gho.cm-02,raw/who.gho.cm-02/2026/09/20260907T155655Z-a5ea76265971.json.gz,2
who.gho.cm-02,CM_02:TTO:SEX_MLE:AGEGROUP_MONTHS0-11,1966-01-01,2026-09-07T15:56:55Z,restated_at,2026-08-04,,who.gho.cm-02,raw/who.gho.cm-02/2026/09/20260907T155655Z-a5ea76265971.json.gz,2
who.gho.cm-02,CM_02:TTO:SEX_MLE:AGEGROUP_MONTHS0-11,1966-01-01,2026-09-07T15:56:55Z,value,885.0,,who.gho.cm-02,raw/who.gho.cm-02/2026/09/20260907T155655Z-a5ea76265971.json.gz,2
who.gho.cm-02,CM_02:TUN:SEX_BTSX:AGEGROUP_MONTHS0-11,1966-01-01,2026-09-07T15:58:07Z,high,32006.0,,who.gho.cm-02,raw/who.gho.cm-02/2026/09/20260907T155807Z-33d1eb328c3d.json.gz,2
who.gho.cm-02,CM_02:TUN:SEX_BTSX:AGEGROUP_MONTHS0-11,1966-01-01,2026-09-07T15:58:07Z,low,25522.0,,who.gho.cm-02,raw/who.gho.cm-02/2026/09/20260907T155807Z-33d1eb328c3d.json.gz,2
who.gho.cm-02,CM_02:TUN:SEX_BTSX:AGEGROUP_MONTHS0-11,1966-01-01,2026-09-07T15:58:07Z,restated_at,2026-08-04,,who.gho.cm-02,raw/who.gho.cm-02/2026/09/20260907T155807Z-33d1eb328c3d.json.gz,2
who.gho.cm-02,CM_02:TUN:SEX_BTSX:AGEGROUP_MONTHS0-11,1966-01-01,2026-09-07T15:58:07Z,value,28650.0,,who.gho.cm-02,raw/who.gho.cm-02/2026/09/20260907T155807Z-33d1eb328c3d.json.gz,2
who.gho.cm-02,CM_02:TUN:SEX_FMLE:AGEGROUP_MONTHS0-11,1966-01-01,2026-09-07T15:58:04Z,high,14654.0,,who.gho.cm-02,raw/who.gho.cm-02/2026/09/20260907T155804Z-3e19927fa86a.json.gz,2
who.gho.cm-02,CM_02:TUN:SEX_FMLE:AGEGROUP_MONTHS0-11,1966-01-01,2026-09-07T15:58:04Z,low,11508.0,,who.gho.cm-02,raw/who.gho.cm-02/2026/09/20260907T155804Z-3e19927fa86a.json.gz,2
who.gho.cm-02,CM_02:TUN:SEX_FMLE:AGEGROUP_MONTHS0-11,1966-01-01,2026-09-07T15:58:04Z,restated_at,2026-08-04,,who.gho.cm-02,raw/who.gho.cm-02/2026/09/20260907T155804Z-3e19927fa86a.json.gz,2
who.gho.cm-02,CM_02:TUN:SEX_FMLE:AGEGROUP_MONTHS0-11,1966-01-01,2026-09-07T15:58:04Z,value,13021.0,,who.gho.cm-02,raw/who.gho.cm-02/2026/09/20260907T155804Z-3e19927fa86a.json.gz,2
who.gho.cm-02,CM_02:TUN:SEX_MLE:AGEGROUP_MONTHS0-11,1966-01-01,2026-09-07T15:57:30Z,high,17542.0,,who.gho.cm-02,raw/who.gho.cm-02/2026/09/20260907T155730Z-1fe49c27b9ed.json.gz,2
who.gho.cm-02,CM_02:TUN:SEX_MLE:AGEGROUP_MONTHS0-11,1966-01-01,2026-09-07T15:57:30Z,low,13908.0,,who.gho.cm-02,raw/who.gho.cm-02/2026/09/20260907T155730Z-1fe49c27b9ed.json.gz,2
who.gho.cm-02,CM_02:TUN:SEX_MLE:AGEGROUP_MONTHS0-11,1966-01-01,2026-09-07T15:57:30Z,restated_at,2026-08-04,,who.gho.cm-02,raw/who.gho.cm-02/2026/09/20260907T155730Z-1fe49c27b9ed.json.gz,2
who.gho.cm-02,CM_02:TUN:SEX_MLE:AGEGROUP_MONTHS0-11,1966-01-01,2026-09-07T15:57:30Z,value,15629.0,,who.gho.cm-02,raw/who.gho.cm-02/2026/09/20260907T155730Z-1fe49c27b9ed.json.gz,2
who.gho.cm-02,CM_02:TUR:SEX_BTSX:AGEGROUP_MONTHS0-11,1966-01-01,2026-09-07T15:56:48Z,high,227271.0,,who.gho.cm-02,raw/who.gho.cm-02/2026/09/20260907T155648Z-e962102586d9.json.gz,2
who.gho.cm-02,CM_02:TUR:SEX_BTSX:AGEGROUP_MONTHS0-11,1966-01-01,2026-09-07T15:56:48Z,low,196311.0,,who.gho.cm-02,raw/who.gho.cm-02/2026/09/20260907T155648Z-e962102586d9.json.gz,2
who.gho.cm-02,CM_02:TUR:SEX_BTSX:AGEGROUP_MONTHS0-11,1966-01-01,2026-09-07T15:56:48Z,restated_at,2026-08-04,,who.gho.cm-02,raw/who.gho.cm-02/2026/09/20260907T155648Z-e962102586d9.json.gz,2
who.gho.cm-02,CM_02:TUR:SEX_BTSX:AGEGROUP_MONTHS0-11,1966-01-01,2026-09-07T15:56:48Z,value,211082.0,,who.gho.cm-02,raw/who.gho.cm-02/2026/09/20260907T155648Z-e962102586d9.json.gz,2
who.gho.cm-02,CM_02:TUR:SEX_FMLE:AGEGROUP_MONTHS0-11,1966-01-01,2026-09-07T15:51:50Z,high,105993.0,,who.gho.cm-02,raw/who.gho.cm-02/2026/09/20260907T155150Z-b2442ef3f6e6.json.gz,2
who.gho.cm-02,CM_02:TUR:SEX_FMLE:AGEGROUP_MONTHS0-11,1966-01-01,2026-09-07T15:51:50Z,low,90501.0,,who.gho.cm-02,raw/who.gho.cm-02/2026/09/20260907T155150Z-b2442ef3f6e6.json.gz,2
who.gho.cm-02,CM_02:TUR:SEX_FMLE:AGEGROUP_MONTHS0-11,1966-01-01,2026-09-07T15:51:50Z,restated_at,2026-08-04,,who.gho.cm-02,raw/who.gho.cm-02/2026/09/20260907T155150Z-b2442ef3f6e6.json.gz,2
who.gho.cm-02,CM_02:TUR:SEX_FMLE:AGEGROUP_MONTHS0-11,1966-01-01,2026-09-07T15:51:50Z,value,97955.0,,who.gho.cm-02,raw/who.gho.cm-02/2026/09/20260907T155150Z-b2442ef3f6e6.json.gz,2
who.gho.cm-02,CM_02:TUR:SEX_MLE:AGEGROUP_MONTHS0-11,1966-01-01,2026-09-07T15:52:03Z,high,122400.0,,who.gho.cm-02,raw/who.gho.cm-02/2026/09/20260907T155203Z-07dabadb5738.json.gz,2
who.gho.cm-02,CM_02:TUR:SEX_MLE:AGEGROUP_MONTHS0-11,1966-01-01,2026-09-07T15:52:03Z,low,104680.0,,who.gho.cm-02,raw/who.gho.cm-02/2026/09/20260907T155203Z-07dabadb5738.json.gz,2
who.gho.cm-02,CM_02:TUR:SEX_MLE:AGEGROUP_MONTHS0-11,1966-01-01,2026-09-07T15:52:03Z,restated_at,2026-08-04,,who.gho.cm-02,raw/who.gho.cm-02/2026/09/20260907T155203Z-07dabadb5738.json.gz,2
who.gho.cm-02,CM_02:TUR:SEX_MLE:AGEGROUP_MONTHS0-11,1966-01-01,2026-09-07T15:52:03Z,value,113127.0,,who.gho.cm-02,raw/who.gho.cm-02/2026/09/20260907T155203Z-07dabadb5738.json.gz,2
who.gho.cm-02,CM_02:TUV:SEX_BTSX:AGEGROUP_MONTHS0-11,1966-01-01,2026-09-07T15:52:10Z,high,20.0,,who.gho.cm-02,raw/who.gho.cm-02/2026/09/20260907T155210Z-c2e07328660e.json.gz,2
who.gho.cm-02,CM_02:TUV:SEX_BTSX:AGEGROUP_MONTHS0-11,1966-01-01,2026-09-07T15:52:10Z,low,16.0,,who.gho.cm-02,raw/who.gho.cm-02/2026/09/20260907T155210Z-c2e07328660e.json.gz,2
who.gho.cm-02,CM_02:TUV:SEX_BTSX:AGEGROUP_MONTHS0-11,1966-01-01,2026-09-07T15:52:10Z,restated_at,2026-08-04,,who.gho.cm-02,raw/who.gho.cm-02/2026/09/20260907T155210Z-c2e07328660e.json.gz,2
who.gho.cm-02,CM_02:TUV:SEX_BTSX:AGEGROUP_MONTHS0-11,1966-01-01,2026-09-07T15:52:10Z,value,18.0,,who.gho.cm-02,raw/who.gho.cm-02/2026/09/20260907T155210Z-c2e07328660e.json.gz,2
who.gho.cm-02,CM_02:TUV:SEX_FMLE:AGEGROUP_MONTHS0-11,1966-01-01,2026-09-07T15:57:49Z,high,9.0,,who.gho.cm-02,raw/who.gho.cm-02/2026/09/20260907T155749Z-8808ed0c9a07.json.gz,2
who.gho.cm-02,CM_02:TUV:SEX_FMLE:AGEGROUP_MONTHS0-11,1966-01-01,2026-09-07T15:57:49Z,low,7.0,,who.gho.cm-02,raw/who.gho.cm-02/2026/09/20260907T155749Z-8808ed0c9a07.json.gz,2
who.gho.cm-02,CM_02:TUV:SEX_FMLE:AGEGROUP_MONTHS0-11,1966-01-01,2026-09-07T15:57:49Z,restated_at,2025-04-15,,who.gho.cm-02,raw/who.gho.cm-02/2026/09/20260907T155749Z-8808ed0c9a07.json.gz,2
who.gho.cm-02,CM_02:TUV:SEX_FMLE:AGEGROUP_MONTHS0-11,1966-01-01,2026-09-07T15:57:49Z,value,8.0,,who.gho.cm-02,raw/who.gho.cm-02/2026/09/20260907T155749Z-8808ed0c9a07.json.gz,2
who.gho.cm-02,CM_02:TUV:SEX_MLE:AGEGROUP_MONTHS0-11,1966-01-01,2026-09-07T15:51:11Z,high,12.0,,who.gho.cm-02,raw/who.gho.cm-02/2026/09/20260907T155111Z-17577dbcf352.json.gz,2
who.gho.cm-02,CM_02:TUV:SEX_MLE:AGEGROUP_MONTHS0-11,1966-01-01,2026-09-07T15:51:11Z,low,9.0,,who.gho.cm-02,raw/who.gho.cm-02/2026/09/20260907T155111Z-17577dbcf352.json.gz,2
who.gho.cm-02,CM_02:TUV:SEX_MLE:AGEGROUP_MONTHS0-11,1966-01-01,2026-09-07T15:51:11Z,restated_at,2025-04-15,,who.gho.cm-02,raw/who.gho.cm-02/2026/09/20260907T155111Z-17577dbcf352.json.gz,2
who.gho.cm-02,CM_02:TUV:SEX_MLE:AGEGROUP_MONTHS0-11,1966-01-01,2026-09-07T15:51:11Z,value,10.0,,who.gho.cm-02,raw/who.gho.cm-02/2026/09/20260907T155111Z-17577dbcf352.json.gz,2
who.gho.cm-02,CM_02:TZA:SEX_BTSX:AGEGROUP_MONTHS0-11,1966-01-01,2026-09-07T15:57:35Z,high,75800.0,,who.gho.cm-02,raw/who.gho.cm-02/2026/09/20260907T155735Z-be5ff4c5352d.json.gz,2
who.gho.cm-02,CM_02:TZA:SEX_BTSX:AGEGROUP_MONTHS0-11,1966-01-01,2026-09-07T15:57:35Z,low,61278.0,,who.gho.cm-02,raw/who.gho.cm-02/2026/09/20260907T155735Z-be5ff4c5352d.json.gz,2
who.gho.cm-02,CM_02:TZA:SEX_BTSX:AGEGROUP_MONTHS0-11,1966-01-01,2026-09-07T15:57:35Z,restated_at,2026-08-04,,who.gho.cm-02,raw/who.gho.cm-02/2026/09/20260907T155735Z-be5ff4c5352d.json.gz,2
who.gho.cm-02,CM_02:TZA:SEX_BTSX:AGEGROUP_MONTHS0-11,1966-01-01,2026-09-07T15:57:35Z,value,68138.0,,who.gho.cm-02,raw/who.gho.cm-02/2026/09/20260907T155735Z-be5ff4c5352d.json.gz,2
who.gho.cm-02,CM_02:TZA:SEX_FMLE:AGEGROUP_MONTHS0-11,1966-01-01,2026-09-07T15:54:17Z,high,35379.0,,who.gho.cm-02,raw/who.gho.cm-02/2026/09/20260907T155417Z-e87fb31944b5.json.gz,2
who.gho.cm-02,CM_02:TZA:SEX_FMLE:AGEGROUP_MONTHS0-11,1966-01-01,2026-09-07T15:54:17Z,low,28112.0,,who.gho.cm-02,raw/who.gho.cm-02/2026/09/20260907T155417Z-e87fb31944b5.json.gz,2
who.gho.cm-02,CM_02:TZA:SEX_FMLE:AGEGROUP_MONTHS0-11,1966-01-01,2026-09-07T15:54:17Z,restated_at,2026-08-04,,who.gho.cm-02,raw/who.gho.cm-02/2026/09/20260907T155417Z-e87fb31944b5.json.gz,2
who.gho.cm-02,CM_02:TZA:SEX_FMLE:AGEGROUP_MONTHS0-11,1966-01-01,2026-09-07T15:54:17Z,value,31578.0,,who.gho.cm-02,raw/who.gho.cm-02/2026/09/20260907T155417Z-e87fb31944b5.json.gz,2
who.gho.cm-02,CM_02:TZA:SEX_MLE:AGEGROUP_MONTHS0-11,1966-01-01,2026-09-07T15:58:16Z,high,40928.0,,who.gho.cm-02,raw/who.gho.cm-02/2026/09/20260907T155816Z-99a1a16a015f.json.gz,2
who.gho.cm-02,CM_02:TZA:SEX_MLE:AGEGROUP_MONTHS0-11,1966-01-01,2026-09-07T15:58:16Z,low,32720.0,,who.gho.cm-02,raw/who.gho.cm-02/2026/09/20260907T155816Z-99a1a16a015f.json.gz,2
who.gho.cm-02,CM_02:TZA:SEX_MLE:AGEGROUP_MONTHS0-11,1966-01-01,2026-09-07T15:58:16Z,restated_at,2026-08-04,,who.gho.cm-02,raw/who.gho.cm-02/2026/09/20260907T155816Z-99a1a16a015f.json.gz,2
who.gho.cm-02,CM_02:TZA:SEX_MLE:AGEGROUP_MONTHS0-11,1966-01-01,2026-09-07T15:58:16Z,value,36560.0,,who.gho.cm-02,raw/who.gho.cm-02/2026/09/20260907T155816Z-99a1a16a015f.json.gz,2
who.gho.cm-02,CM_02:UGA:SEX_BTSX:AGEGROUP_MONTHS0-11,1966-01-01,2026-09-07T15:58:20Z,high,54576.0,,who.gho.cm-02,raw/who.gho.cm-02/2026/09/20260907T155820Z-bace8014f904.json.gz,2
who.gho.cm-02,CM_02:UGA:SEX_BTSX:AGEGROUP_MONTHS0-11,1966-01-01,2026-09-07T15:58:20Z,low,42344.0,,who.gho.cm-02,raw/who.gho.cm-02/2026/09/20260907T155820Z-bace8014f904.json.gz,2
who.gho.cm-02,CM_02:UGA:SEX_BTSX:AGEGROUP_MONTHS0-11,1966-01-01,2026-09-07T15:58:20Z,restated_at,2026-08-04,,who.gho.cm-02,raw/who.gho.cm-02/2026/09/20260907T155820Z-bace8014f904.json.gz,2
who.gho.cm-02,CM_02:UGA:SEX_BTSX:AGEGROUP_MONTHS0-11,1966-01-01,2026-09-07T15:58:20Z,value,48212.0,,who.gho.cm-02,raw/who.gho.cm-02/2026/09/20260907T155820Z-bace8014f904.json.gz,2
who.gho.cm-02,CM_02:UGA:SEX_FMLE:AGEGROUP_MONTHS0-11,1966-01-01,2026-09-07T15:51:30Z,high,25086.0,,who.gho.cm-02,raw/who.gho.cm-02/2026/09/20260907T155130Z-b74d44aee08e.json.gz,2
who.gho.cm-02,CM_02:UGA:SEX_FMLE:AGEGROUP_MONTHS0-11,1966-01-01,2026-09-07T15:51:30Z,low,19134.0,,who.gho.cm-02,raw/who.gho.cm-02/2026/09/20260907T155130Z-b74d44aee08e.json.gz,2
who.gho.cm-02,CM_02:UGA:SEX_FMLE:AGEGROUP_MONTHS0-11,1966-01-01,2026-09-07T15:51:30Z,restated_at,2026-08-04,,who.gho.cm-02,raw/who.gho.cm-02/2026/09/20260907T155130Z-b74d44aee08e.json.gz,2
who.gho.cm-02,CM_02:UGA:SEX_FMLE:AGEGROUP_MONTHS0-11,1966-01-01,2026-09-07T15:51:30Z,value,22025.0,,who.gho.cm-02,raw/who.gho.cm-02/2026/09/20260907T155130Z-b74d44aee08e.json.gz,2
who.gho.cm-02,CM_02:UGA:SEX_MLE:AGEGROUP_MONTHS0-11,1966-01-01,2026-09-07T15:57:54Z,high,29828.0,,who.gho.cm-02,raw/who.gho.cm-02/2026/09/20260907T155754Z-3bea881db2b4.json.gz,2
who.gho.cm-02,CM_02:UGA:SEX_MLE:AGEGROUP_MONTHS0-11,1966-01-01,2026-09-07T15:57:54Z,low,22848.0,,who.gho.cm-02,raw/who.gho.cm-02/2026/09/20260907T155754Z-3bea881db2b4.json.gz,2
who.gho.cm-02,CM_02:UGA:SEX_MLE:AGEGROUP_MONTHS0-11,1966-01-01,2026-09-07T15:57:54Z,restated_at,2026-08-04,,who.gho.cm-02,raw/who.gho.cm-02/2026/09/20260907T155754Z-3bea881db2b4.json.gz,2
who.gho.cm-02,CM_02:UGA:SEX_MLE:AGEGROUP_MONTHS0-11,1966-01-01,2026-09-07T15:57:54Z,value,26187.0,,who.gho.cm-02,raw/who.gho.cm-02/2026/09/20260907T155754Z-3bea881db2b4.json.gz,2
who.gho.cm-02,CM_02:URY:SEX_BTSX:AGEGROUP_MONTHS0-11,1966-01-01,2026-09-07T15:51:54Z,high,2956.0,,who.gho.cm-02,raw/who.gho.cm-02/2026/09/20260907T155154Z-820134cf428b.json.gz,2
who.gho.cm-02,CM_02:URY:SEX_BTSX:AGEGROUP_MONTHS0-11,1966-01-01,2026-09-07T15:51:54Z,low,2850.0,,who.gho.cm-02,raw/who.gho.cm-02/2026/09/20260907T155154Z-820134cf428b.json.gz,2
who.gho.cm-02,CM_02:URY:SEX_BTSX:AGEGROUP_MONTHS0-11,1966-01-01,2026-09-07T15:51:54Z,restated_at,2026-08-04,,who.gho.cm-02,raw/who.gho.cm-02/2026/09/20260907T155154Z-820134cf428b.json.gz,2
who.gho.cm-02,CM_02:URY:SEX_BTSX:AGEGROUP_MONTHS0-11,1966-01-01,2026-09-07T15:51:54Z,value,2901.0,,who.gho.cm-02,raw/who.gho.cm-02/2026/09/20260907T155154Z-820134cf428b.json.gz,2
who.gho.cm-02,CM_02:URY:SEX_FMLE:AGEGROUP_MONTHS0-11,1966-01-01,2026-09-07T15:51:50Z,high,1274.0,,who.gho.cm-02,raw/who.gho.cm-02/2026/09/20260907T155150Z-b2442ef3f6e6.json.gz,2
who.gho.cm-02,CM_02:URY:SEX_FMLE:AGEGROUP_MONTHS0-11,1966-01-01,2026-09-07T15:51:50Z,low,1213.0,,who.gho.cm-02,raw/who.gho.cm-02/2026/09/20260907T155150Z-b2442ef3f6e6.json.gz,2
who.gho.cm-02,CM_02:URY:SEX_FMLE:AGEGROUP_MONTHS0-11,1966-01-01,2026-09-07T15:51:50Z,restated_at,2026-08-04,,who.gho.cm-02,raw/who.gho.cm-02/2026/09/20260907T155150Z-b2442ef3f6e6.json.gz,2
who.gho.cm-02,CM_02:URY:SEX_FMLE:AGEGROUP_MONTHS0-11,1966-01-01,2026-09-07T15:51:50Z,value,1243.0,,who.gho.cm-02,raw/who.gho.cm-02/2026/09/20260907T155150Z-b2442ef3f6e6.json.gz,2
who.gho.cm-02,CM_02:URY:SEX_MLE:AGEGROUP_MONTHS0-11,1966-01-01,2026-09-07T15:52:18Z,high,1697.0,,who.gho.cm-02,raw/who.gho.cm-02/2026/09/20260907T155218Z-7dbb6db1a58a.json.gz,2
who.gho.cm-02,CM_02:URY:SEX_MLE:AGEGROUP_MONTHS0-11,1966-01-01,2026-09-07T15:52:18Z,low,1624.0,,who.gho.cm-02,raw/who.gho.cm-02/2026/09/20260907T155218Z-7dbb6db1a58a.json.gz,2
who.gho.cm-02,CM_02:URY:SEX_MLE:AGEGROUP_MONTHS0-11,1966-01-01,2026-09-07T15:52:18Z,restated_at,2026-08-04,,who.gho.cm-02,raw/who.gho.cm-02/2026/09/20260907T155218Z-7dbb6db1a58a.json.gz,2
who.gho.cm-02,CM_02:URY:SEX_MLE:AGEGROUP_MONTHS0-11,1966-01-01,2026-09-07T15:52:18Z,value,1658.0,,who.gho.cm-02,raw/who.gho.cm-02/2026/09/20260907T155218Z-7dbb6db1a58a.json.gz,2
who.gho.cm-02,CM_02:USA:SEX_BTSX:AGEGROUP_MONTHS0-11,1966-01-01,2026-09-07T15:58:12Z,high,87960.0,,who.gho.cm-02,raw/who.gho.cm-02/2026/09/20260907T155812Z-02a2023435be.json.gz,2
who.gho.cm-02,CM_02:USA:SEX_BTSX:AGEGROUP_MONTHS0-11,1966-01-01,2026-09-07T15:58:12Z,low,85130.0,,who.gho.cm-02,raw/who.gho.cm-02/2026/09/20260907T155812Z-02a2023435be.json.gz,2
who.gho.cm-02,CM_02:USA:SEX_BTSX:AGEGROUP_MONTHS0-11,1966-01-01,2026-09-07T15:58:12Z,restated_at,2026-08-04,,who.gho.cm-02,raw/who.gho.cm-02/2026/09/20260907T155812Z-02a2023435be.json.gz,2
who.gho.cm-02,CM_02:USA:SEX_BTSX:AGEGROUP_MONTHS0-11,1966-01-01,2026-09-07T15:58:12Z,value,86511.0,,who.gho.cm-02,raw/who.gho.cm-02/2026/09/20260907T155812Z-02a2023435be.json.gz,2
who.gho.cm-02,CM_02:USA:SEX_FMLE:AGEGROUP_MONTHS0-11,1966-01-01,2026-09-07T15:51:40Z,high,37423.0,,who.gho.cm-02,raw/who.gho.cm-02/2026/09/20260907T155140Z-2ccf90b4d287.json.gz,2
who.gho.cm-02,CM_02:USA:SEX_FMLE:AGEGROUP_MONTHS0-11,1966-01-01,2026-09-07T15:51:40Z,low,36147.0,,who.gho.cm-02,raw/who.gho.cm-02/2026/09/20260907T155140Z-2ccf90b4d287.json.gz,2
who.gho.cm-02,CM_02:USA:SEX_FMLE:AGEGROUP_MONTHS0-11,1966-01-01,2026-09-07T15:51:40Z,restated_at,2026-08-04,,who.gho.cm-02,raw/who.gho.cm-02/2026/09/20260907T155140Z-2ccf90b4d287.json.gz,2
who.gho.cm-02,CM_02:USA:SEX_FMLE:AGEGROUP_MONTHS0-11,1966-01-01,2026-09-07T15:51:40Z,value,36770.0,,who.gho.cm-02,raw/who.gho.cm-02/2026/09/20260907T155140Z-2ccf90b4d287.json.gz,2
who.gho.cm-02,CM_02:USA:SEX_MLE:AGEGROUP_MONTHS0-11,1966-01-01,2026-09-07T15:51:01Z,high,50587.0,,who.gho.cm-02,raw/who.gho.cm-02/2026/09/20260907T155101Z-65d1a3fa0413.json.gz,2
who.gho.cm-02,CM_02:USA:SEX_MLE:AGEGROUP_MONTHS0-11,1966-01-01,2026-09-07T15:51:01Z,low,48915.0,,who.gho.cm-02,raw/who.gho.cm-02/2026/09/20260907T155101Z-65d1a3fa0413.json.gz,2
who.gho.cm-02,CM_02:USA:SEX_MLE:AGEGROUP_MONTHS0-11,1966-01-01,2026-09-07T15:51:01Z,restated_at,2026-08-04,,who.gho.cm-02,raw/who.gho.cm-02/2026/09/20260907T155101Z-65d1a3fa0413.json.gz,2
who.gho.cm-02,CM_02:USA:SEX_MLE:AGEGROUP_MONTHS0-11,1966-01-01,2026-09-07T15:51:01Z,value,49741.0,,who.gho.cm-02,raw/who.gho.cm-02/2026/09/20260907T155101Z-65d1a3fa0413.json.gz,2
who.gho.cm-02,CM_02:VEN:SEX_BTSX:AGEGROUP_MONTHS0-11,1966-01-01,2026-09-07T15:51:01Z,high,23497.0,,who.gho.cm-02,raw/who.gho.cm-02/2026/09/20260907T155101Z-65d1a3fa0413.json.gz,2
who.gho.cm-02,CM_02:VEN:SEX_BTSX:AGEGROUP_MONTHS0-11,1966-01-01,2026-09-07T15:51:01Z,low,18624.0,,who.gho.cm-02,raw/who.gho.cm-02/2026/09/20260907T155101Z-65d1a3fa0413.json.gz,2
who.gho.cm-02,CM_02:VEN:SEX_BTSX:AGEGROUP_MONTHS0-11,1966-01-01,2026-09-07T15:51:01Z,restated_at,2026-08-04,,who.gho.cm-02,raw/who.gho.cm-02/2026/09/20260907T155101Z-65d1a3fa0413.json.gz,2
who.gho.cm-02,CM_02:VEN:SEX_BTSX:AGEGROUP_MONTHS0-11,1966-01-01,2026-09-07T15:51:01Z,value,21008.0,,who.gho.cm-02,raw/who.gho.cm-02/2026/09/20260907T155101Z-65d1a3fa0413.json.gz,2
who.gho.cm-02,CM_02:VEN:SEX_FMLE:AGEGROUP_MONTHS0-11,1966-01-01,2026-09-07T15:57:40Z,high,10287.0,,who.gho.cm-02,raw/who.gho.cm-02/2026/09/20260907T155740Z-31068700a25d.json.gz,2
who.gho.cm-02,CM_02:VEN:SEX_FMLE:AGEGROUP_MONTHS0-11,1966-01-01,2026-09-07T15:57:40Z,low,8019.0,,who.gho.cm-02,raw/who.gho.cm-02/2026/09/20260907T155740Z-31068700a25d.json.gz,2
who.gho.cm-02,CM_02:VEN:SEX_FMLE:AGEGROUP_MONTHS0-11,1966-01-01,2026-09-07T15:57:40Z,restated_at,2026-08-04,,who.gho.cm-02,raw/who.gho.cm-02/2026/09/20260907T155740Z-31068700a25d.json.gz,2
who.gho.cm-02,CM_02:VEN:SEX_FMLE:AGEGROUP_MONTHS0-11,1966-01-01,2026-09-07T15:57:40Z,value,9122.0,,who.gho.cm-02,raw/who.gho.cm-02/2026/09/20260907T155740Z-31068700a25d.json.gz,2
who.gho.cm-02,CM_02:VEN:SEX_MLE:AGEGROUP_MONTHS0-11,1966-01-01,2026-09-07T15:51:54Z,high,13355.0,,who.gho.cm-02,raw/who.gho.cm-02/2026/09/20260907T155154Z-820134cf428b.json.gz,2
who.gho.cm-02,CM_02:VEN:SEX_MLE:AGEGROUP_MONTHS0-11,1966-01-01,2026-09-07T15:51:54Z,low,10487.0,,who.gho.cm-02,raw/who.gho.cm-02/2026/09/20260907T155154Z-820134cf428b.json.gz,2
who.gho.cm-02,CM_02:VEN:SEX_MLE:AGEGROUP_MONTHS0-11,1966-01-01,2026-09-07T15:51:54Z,restated_at,2026-08-04,,who.gho.cm-02,raw/who.gho.cm-02/2026/09/20260907T155154Z-820134cf428b.json.gz,2
who.gho.cm-02,CM_02:VEN:SEX_MLE:AGEGROUP_MONTHS0-11,1966-01-01,2026-09-07T15:51:54Z,value,11886.0,,who.gho.cm-02,raw/who.gho.cm-02/2026/09/20260907T155154Z-820134cf428b.json.gz,2
who.gho.cm-02,CM_02:VGB:SEX_BTSX:AGEGROUP_MONTHS0-11,1966-01-01,2026-09-07T15:57:30Z,high,15.0,,who.gho.cm-02,raw/who.gho.cm-02/2026/09/20260907T155730Z-1fe49c27b9ed.json.gz,2
who.gho.cm-02,CM_02:VGB:SEX_BTSX:AGEGROUP_MONTHS0-11,1966-01-01,2026-09-07T15:57:30Z,low,10.0,,who.gho.cm-02,raw/who.gho.cm-02/2026/09/20260907T155730Z-1fe49c27b9ed.json.gz,2
who.gho.cm-02,CM_02:VGB:SEX_BTSX:AGEGROUP_MONTHS0-11,1966-01-01,2026-09-07T15:57:30Z,restated_at,2026-08-04,,who.gho.cm-02,raw/who.gho.cm-02/2026/09/20260907T155730Z-1fe49c27b9ed.json.gz,2
who.gho.cm-02,CM_02:VGB:SEX_BTSX:AGEGROUP_MONTHS0-11,1966-01-01,2026-09-07T15:57:30Z,value,13.0,,who.gho.cm-02,raw/who.gho.cm-02/2026/09/20260907T155730Z-1fe49c27b9ed.json.gz,2
who.gho.cm-02,CM_02:VGB:SEX_FMLE:AGEGROUP_MONTHS0-11,1966-01-01,2026-09-07T15:58:16Z,high,6.0,,who.gho.cm-02,raw/who.gho.cm-02/2026/09/20260907T155816Z-99a1a16a015f.json.gz,2
who.gho.cm-02,CM_02:VGB:SEX_FMLE:AGEGROUP_MONTHS0-11,1966-01-01,2026-09-07T15:58:16Z,low,4.0,,who.gho.cm-02,raw/who.gho.cm-02/2026/09/20260907T155816Z-99a1a16a015f.json.gz,2
who.gho.cm-02,CM_02:VGB:SEX_FMLE:AGEGROUP_MONTHS0-11,1966-01-01,2026-09-07T15:58:16Z,restated_at,2025-04-15,,who.gho.cm-02,raw/who.gho.cm-02/2026/09/20260907T155816Z-99a1a16a015f.json.gz,2
who.gho.cm-02,CM_02:VGB:SEX_FMLE:AGEGROUP_MONTHS0-11,1966-01-01,2026-09-07T15:58:16Z,value,5.0,,who.gho.cm-02,raw/who.gho.cm-02/2026/09/20260907T155816Z-99a1a16a015f.json.gz,2
who.gho.cm-02,CM_02:VGB:SEX_MLE:AGEGROUP_MONTHS0-11,1966-01-01,2026-09-07T15:52:03Z,high,9.0,,who.gho.cm-02,raw/who.gho.cm-02/2026/09/20260907T155203Z-07dabadb5738.json.gz,2
who.gho.cm-02,CM_02:VGB:SEX_MLE:AGEGROUP_MONTHS0-11,1966-01-01,2026-09-07T15:52:03Z,low,6.0,,who.gho.cm-02,raw/who.gho.cm-02/2026/09/20260907T155203Z-07dabadb5738.json.gz,2
who.gho.cm-02,CM_02:VGB:SEX_MLE:AGEGROUP_MONTHS0-11,1966-01-01,2026-09-07T15:52:03Z,restated_at,2025-04-15,,who.gho.cm-02,raw/who.gho.cm-02/2026/09/20260907T155203Z-07dabadb5738.json.gz,2
who.gho.cm-02,CM_02:VGB:SEX_MLE:AGEGROUP_MONTHS0-11,1966-01-01,2026-09-07T15:52:03Z,value,8.0,,who.gho.cm-02,raw/who.gho.cm-02/2026/09/20260907T155203Z-07dabadb5738.json.gz,2
who.gho.cm-02,CM_02:VNM:SEX_BTSX:AGEGROUP_MONTHS0-11,1966-01-01,2026-09-07T15:51:54Z,high,102639.0,,who.gho.cm-02,raw/who.gho.cm-02/2026/09/20260907T155154Z-820134cf428b.json.gz,2
who.gho.cm-02,CM_02:VNM:SEX_BTSX:AGEGROUP_MONTHS0-11,1966-01-01,2026-09-07T15:51:54Z,low,68292.0,,who.gho.cm-02,raw/who.gho.cm-02/2026/09/20260907T155154Z-820134cf428b.json.gz,2
who.gho.cm-02,CM_02:VNM:SEX_BTSX:AGEGROUP_MONTHS0-11,1966-01-01,2026-09-07T15:51:54Z,restated_at,2026-08-04,,who.gho.cm-02,raw/who.gho.cm-02/2026/09/20260907T155154Z-820134cf428b.json.gz,2
who.gho.cm-02,CM_02:VNM:SEX_BTSX:AGEGROUP_MONTHS0-11,1966-01-01,2026-09-07T15:51:54Z,value,84300.0,,who.gho.cm-02,raw/who.gho.cm-02/2026/09/20260907T155154Z-820134cf428b.json.gz,2
who.gho.cm-02,CM_02:VNM:SEX_FMLE:AGEGROUP_MONTHS0-11,1966-01-01,2026-09-07T15:51:40Z,high,44147.0,,who.gho.cm-02,raw/who.gho.cm-02/2026/09/20260907T155140Z-2ccf90b4d287.json.gz,2
who.gho.cm-02,CM_02:VNM:SEX_FMLE:AGEGROUP_MONTHS0-11,1966-01-01,2026-09-07T15:51:40Z,low,29081.0,,who.gho.cm-02,raw/who.gho.cm-02/2026/09/20260907T155140Z-2ccf90b4d287.json.gz,2
who.gho.cm-02,CM_02:VNM:SEX_FMLE:AGEGROUP_MONTHS0-11,1966-01-01,2026-09-07T15:51:40Z,restated_at,2026-08-04,,who.gho.cm-02,raw/who.gho.cm-02/2026/09/20260907T155140Z-2ccf90b4d287.json.gz,2
who.gho.cm-02,CM_02:VNM:SEX_FMLE:AGEGROUP_MONTHS0-11,1966-01-01,2026-09-07T15:51:40Z,value,35969.0,,who.gho.cm-02,raw/who.gho.cm-02/2026/09/20260907T155140Z-2ccf90b4d287.json.gz,2
who.gho.cm-02,CM_02:VNM:SEX_MLE:AGEGROUP_MONTHS0-11,1966-01-01,2026-09-07T15:57:59Z,high,59105.0,,who.gho.cm-02,raw/who.gho.cm-02/2026/09/20260907T155759Z-531ca935f713.json.gz,2
who.gho.cm-02,CM_02:VNM:SEX_MLE:AGEGROUP_MONTHS0-11,1966-01-01,2026-09-07T15:57:59Z,low,39094.0,,who.gho.cm-02,raw/who.gho.cm-02/2026/09/20260907T155759Z-531ca935f713.json.gz,2
who.gho.cm-02,CM_02:VNM:SEX_MLE:AGEGROUP_MONTHS0-11,1966-01-01,2026-09-07T15:57:59Z,restated_at,2026-08-04,,who.gho.cm-02,raw/who.gho.cm-02/2026/09/20260907T155759Z-531ca935f713.json.gz,2
who.gho.cm-02,CM_02:VNM:SEX_MLE:AGEGROUP_MONTHS0-11,1966-01-01,2026-09-07T15:57:59Z,value,48331.0,,who.gho.cm-02,raw/who.gho.cm-02/2026/09/20260907T155759Z-531ca935f713.json.gz,2
who.gho.cm-02,CM_02:VUT:SEX_BTSX:AGEGROUP_MONTHS0-11,1966-01-01,2026-09-07T15:51:50Z,high,380.0,,who.gho.cm-02,raw/who.gho.cm-02/2026/09/20260907T155150Z-b2442ef3f6e6.json.gz,2
who.gho.cm-02,CM_02:VUT:SEX_BTSX:AGEGROUP_MONTHS0-11,1966-01-01,2026-09-07T15:51:50Z,low,246.0,,who.gho.cm-02,raw/who.gho.cm-02/2026/09/20260907T155150Z-b2442ef3f6e6.json.gz,2
who.gho.cm-02,CM_02:VUT:SEX_BTSX:AGEGROUP_MONTHS0-11,1966-01-01,2026-09-07T15:51:50Z,restated_at,2026-08-04,,who.gho.cm-02,raw/who.gho.cm-02/2026/09/20260907T155150Z-b2442ef3f6e6.json.gz,2
who.gho.cm-02,CM_02:VUT:SEX_BTSX:AGEGROUP_MONTHS0-11,1966-01-01,2026-09-07T15:51:50Z,value,305.0,,who.gho.cm-02,raw/who.gho.cm-02/2026/09/20260907T155150Z-b2442ef3f6e6.json.gz,2
who.gho.cm-02,CM_02:VUT:SEX_FMLE:AGEGROUP_MONTHS0-11,1966-01-01,2026-09-07T15:52:26Z,high,175.0,,who.gho.cm-02,raw/who.gho.cm-02/2026/09/20260907T155226Z-b536cc4a2b4c.json.gz,2
who.gho.cm-02,CM_02:VUT:SEX_FMLE:AGEGROUP_MONTHS0-11,1966-01-01,2026-09-07T15:52:26Z,low,111.0,,who.gho.cm-02,raw/who.gho.cm-02/2026/09/20260907T155226Z-b536cc4a2b4c.json.gz,2
who.gho.cm-02,CM_02:VUT:SEX_FMLE:AGEGROUP_MONTHS0-11,1966-01-01,2026-09-07T15:52:26Z,restated_at,2026-08-04,,who.gho.cm-02,raw/who.gho.cm-02/2026/09/20260907T155226Z-b536cc4a2b4c.json.gz,2
who.gho.cm-02,CM_02:VUT:SEX_FMLE:AGEGROUP_MONTHS0-11,1966-01-01,2026-09-07T15:52:26Z,value,140.0,,who.gho.cm-02,raw/who.gho.cm-02/2026/09/20260907T155226Z-b536cc4a2b4c.json.gz,2
who.gho.cm-02,CM_02:VUT:SEX_MLE:AGEGROUP_MONTHS0-11,1966-01-01,2026-09-07T15:58:25Z,high,208.0,,who.gho.cm-02,raw/who.gho.cm-02/2026/09/20260907T155825Z-6675ad1e3bc7.json.gz,2
who.gho.cm-02,CM_02:VUT:SEX_MLE:AGEGROUP_MONTHS0-11,1966-01-01,2026-09-07T15:58:25Z,low,133.0,,who.gho.cm-02,raw/who.gho.cm-02/2026/09/20260907T155825Z-6675ad1e3bc7.json.gz,2
who.gho.cm-02,CM_02:VUT:SEX_MLE:AGEGROUP_MONTHS0-11,1966-01-01,2026-09-07T15:58:25Z,restated_at,2026-08-04,,who.gho.cm-02,raw/who.gho.cm-02/2026/09/20260907T155825Z-6675ad1e3bc7.json.gz,2
who.gho.cm-02,CM_02:VUT:SEX_MLE:AGEGROUP_MONTHS0-11,1966-01-01,2026-09-07T15:58:25Z,value,165.0,,who.gho.cm-02,raw/who.gho.cm-02/2026/09/20260907T155825Z-6675ad1e3bc7.json.gz,2
who.gho.cm-02,CM_02:WSM:SEX_BTSX:AGEGROUP_MONTHS0-11,1966-01-01,2026-09-07T15:52:26Z,high,438.0,,who.gho.cm-02,raw/who.gho.cm-02/2026/09/20260907T155226Z-b536cc4a2b4c.json.gz,2
who.gho.cm-02,CM_02:WSM:SEX_BTSX:AGEGROUP_MONTHS0-11,1966-01-01,2026-09-07T15:52:26Z,low,318.0,,who.gho.cm-02,raw/who.gho.cm-02/2026/09/20260907T155226Z-b536cc4a2b4c.json.gz,2
who.gho.cm-02,CM_02:WSM:SEX_BTSX:AGEGROUP_MONTHS0-11,1966-01-01,2026-09-07T15:52:26Z,restated_at,2026-08-04,,who.gho.cm-02,raw/who.gho.cm-02/2026/09/20260907T155226Z-b536cc4a2b4c.json.gz,2
who.gho.cm-02,CM_02:WSM:SEX_BTSX:AGEGROUP_MONTHS0-11,1966-01-01,2026-09-07T15:52:26Z,value,374.0,,who.gho.cm-02,raw/who.gho.cm-02/2026/09/20260907T155226Z-b536cc4a2b4c.json.gz,2
who.gho.cm-02,CM_02:WSM:SEX_FMLE:AGEGROUP_MONTHS0-11,1966-01-01,2026-09-07T15:57:54Z,high,194.0,,who.gho.cm-02,raw/who.gho.cm-02/2026/09/20260907T155754Z-3bea881db2b4.json.gz,2
who.gho.cm-02,CM_02:WSM:SEX_FMLE:AGEGROUP_MONTHS0-11,1966-01-01,2026-09-07T15:57:54Z,low,138.0,,who.gho.cm-02,raw/who.gho.cm-02/2026/09/20260907T155754Z-3bea881db2b4.json.gz,2
who.gho.cm-02,CM_02:WSM:SEX_FMLE:AGEGROUP_MONTHS0-11,1966-01-01,2026-09-07T15:57:54Z,restated_at,2026-08-04,,who.gho.cm-02,raw/who.gho.cm-02/2026/09/20260907T155754Z-3bea881db2b4.json.gz,2
who.gho.cm-02,CM_02:WSM:SEX_FMLE:AGEGROUP_MONTHS0-11,1966-01-01,2026-09-07T15:57:54Z,value,163.0,,who.gho.cm-02,raw/who.gho.cm-02/2026/09/20260907T155754Z-3bea881db2b4.json.gz,2
who.gho.cm-02,CM_02:WSM:SEX_MLE:AGEGROUP_MONTHS0-11,1966-01-01,2026-09-07T15:56:48Z,high,248.0,,who.gho.cm-02,raw/who.gho.cm-02/2026/09/20260907T155648Z-e962102586d9.json.gz,2
who.gho.cm-02,CM_02:WSM:SEX_MLE:AGEGROUP_MONTHS0-11,1966-01-01,2026-09-07T15:56:48Z,low,178.0,,who.gho.cm-02,raw/who.gho.cm-02/2026/09/20260907T155648Z-e962102586d9.json.gz,2
who.gho.cm-02,CM_02:WSM:SEX_MLE:AGEGROUP_MONTHS0-11,1966-01-01,2026-09-07T15:56:48Z,restated_at,2026-08-04,,who.gho.cm-02,raw/who.gho.cm-02/2026/09/20260907T155648Z-e962102586d9.json.gz,2
who.gho.cm-02,CM_02:WSM:SEX_MLE:AGEGROUP_MONTHS0-11,1966-01-01,2026-09-07T15:56:48Z,value,211.0,,who.gho.cm-02,raw/who.gho.cm-02/2026/09/20260907T155648Z-e962102586d9.json.gz,2
who.gho.cm-02,CM_02:YEM:SEX_BTSX:AGEGROUP_MONTHS0-11,1966-01-01,2026-09-07T15:52:18Z,high,95913.0,,who.gho.cm-02,raw/who.gho.cm-02/2026/09/20260907T155218Z-7dbb6db1a58a.json.gz,2
who.gho.cm-02,CM_02:YEM:SEX_BTSX:AGEGROUP_MONTHS0-11,1966-01-01,2026-09-07T15:52:18Z,low,78153.0,,who.gho.cm-02,raw/who.gho.cm-02/2026/09/20260907T155218Z-7dbb6db1a58a.json.gz,2
who.gho.cm-02,CM_02:YEM:SEX_BTSX:AGEGROUP_MONTHS0-11,1966-01-01,2026-09-07T15:52:18Z,restated_at,2026-08-04,,who.gho.cm-02,raw/who.gho.cm-02/2026/09/20260907T155218Z-7dbb6db1a58a.json.gz,2
who.gho.cm-02,CM_02:YEM:SEX_BTSX:AGEGROUP_MONTHS0-11,1966-01-01,2026-09-07T15:52:18Z,value,86671.0,,who.gho.cm-02,raw/who.gho.cm-02/2026/09/20260907T155218Z-7dbb6db1a58a.json.gz,2
who.gho.cm-02,CM_02:YEM:SEX_FMLE:AGEGROUP_MONTHS0-11,1966-01-01,2026-09-07T15:51:16Z,high,43888.0,,who.gho.cm-02,raw/who.gho.cm-02/2026/09/20260907T155116Z-bb01bf96bc15.json.gz,2
who.gho.cm-02,CM_02:YEM:SEX_FMLE:AGEGROUP_MONTHS0-11,1966-01-01,2026-09-07T15:51:16Z,low,35269.0,,who.gho.cm-02,raw/who.gho.cm-02/2026/09/20260907T155116Z-bb01bf96bc15.json.gz,2
who.gho.cm-02,CM_02:YEM:SEX_FMLE:AGEGROUP_MONTHS0-11,1966-01-01,2026-09-07T15:51:16Z,restated_at,2026-08-04,,who.gho.cm-02,raw/who.gho.cm-02/2026/09/20260907T155116Z-bb01bf96bc15.json.gz,2
who.gho.cm-02,CM_02:YEM:SEX_FMLE:AGEGROUP_MONTHS0-11,1966-01-01,2026-09-07T15:51:16Z,value,39436.0,,who.gho.cm-02,raw/who.gho.cm-02/2026/09/20260907T155116Z-bb01bf96bc15.json.gz,2
who.gho.cm-02,CM_02:YEM:SEX_MLE:AGEGROUP_MONTHS0-11,1966-01-01,2026-09-07T15:58:12Z,high,52519.0,,who.gho.cm-02,raw/who.gho.cm-02/2026/09/20260907T155812Z-02a2023435be.json.gz,2
who.gho.cm-02,CM_02:YEM:SEX_MLE:AGEGROUP_MONTHS0-11,1966-01-01,2026-09-07T15:58:12Z,low,42466.0,,who.gho.cm-02,raw/who.gho.cm-02/2026/09/20260907T155812Z-02a2023435be.json.gz,2
who.gho.cm-02,CM_02:YEM:SEX_MLE:AGEGROUP_MONTHS0-11,1966-01-01,2026-09-07T15:58:12Z,restated_at,2026-08-04,,who.gho.cm-02,raw/who.gho.cm-02/2026/09/20260907T155812Z-02a2023435be.json.gz,2
who.gho.cm-02,CM_02:YEM:SEX_MLE:AGEGROUP_MONTHS0-11,1966-01-01,2026-09-07T15:58:12Z,value,47235.0,,who.gho.cm-02,raw/who.gho.cm-02/2026/09/20260907T155812Z-02a2023435be.json.gz,2
who.gho.cm-02,CM_02:ZMB:SEX_BTSX:AGEGROUP_MONTHS0-11,1966-01-01,2026-09-07T15:57:49Z,high,18854.0,,who.gho.cm-02,raw/who.gho.cm-02/2026/09/20260907T155749Z-8808ed0c9a07.json.gz,2
who.gho.cm-02,CM_02:ZMB:SEX_BTSX:AGEGROUP_MONTHS0-11,1966-01-01,2026-09-07T15:57:49Z,low,15406.0,,who.gho.cm-02,raw/who.gho.cm-02/2026/09/20260907T155749Z-8808ed0c9a07.json.gz,2
who.gho.cm-02,CM_02:ZMB:SEX_BTSX:AGEGROUP_MONTHS0-11,1966-01-01,2026-09-07T15:57:49Z,restated_at,2026-08-04,,who.gho.cm-02,raw/who.gho.cm-02/2026/09/20260907T155749Z-8808ed0c9a07.json.gz,2
who.gho.cm-02,CM_02:ZMB:SEX_BTSX:AGEGROUP_MONTHS0-11,1966-01-01,2026-09-07T15:57:49Z,value,17061.0,,who.gho.cm-02,raw/who.gho.cm-02/2026/09/20260907T155749Z-8808ed0c9a07.json.gz,2
who.gho.cm-02,CM_02:ZMB:SEX_FMLE:AGEGROUP_MONTHS0-11,1966-01-01,2026-09-07T15:58:12Z,high,8882.0,,who.gho.cm-02,raw/who.gho.cm-02/2026/09/20260907T155812Z-02a2023435be.json.gz,2
who.gho.cm-02,CM_02:ZMB:SEX_FMLE:AGEGROUP_MONTHS0-11,1966-01-01,2026-09-07T15:58:12Z,low,7132.0,,who.gho.cm-02,raw/who.gho.cm-02/2026/09/20260907T155812Z-02a2023435be.json.gz,2
who.gho.cm-02,CM_02:ZMB:SEX_FMLE:AGEGROUP_MONTHS0-11,1966-01-01,2026-09-07T15:58:12Z,restated_at,2026-08-04,,who.gho.cm-02,raw/who.gho.cm-02/2026/09/20260907T155812Z-02a2023435be.json.gz,2
who.gho.cm-02,CM_02:ZMB:SEX_FMLE:AGEGROUP_MONTHS0-11,1966-01-01,2026-09-07T15:58:12Z,value,7978.0,,who.gho.cm-02,raw/who.gho.cm-02/2026/09/20260907T155812Z-02a2023435be.json.gz,2
who.gho.cm-02,CM_02:ZMB:SEX_MLE:AGEGROUP_MONTHS0-11,1966-01-01,2026-09-07T15:51:40Z,high,10071.0,,who.gho.cm-02,raw/who.gho.cm-02/2026/09/20260907T155140Z-2ccf90b4d287.json.gz,2
who.gho.cm-02,CM_02:ZMB:SEX_MLE:AGEGROUP_MONTHS0-11,1966-01-01,2026-09-07T15:51:40Z,low,8137.0,,who.gho.cm-02,raw/who.gho.cm-02/2026/09/20260907T155140Z-2ccf90b4d287.json.gz,2
who.gho.cm-02,CM_02:ZMB:SEX_MLE:AGEGROUP_MONTHS0-11,1966-01-01,2026-09-07T15:51:40Z,restated_at,2026-08-04,,who.gho.cm-02,raw/who.gho.cm-02/2026/09/20260907T155140Z-2ccf90b4d287.json.gz,2
who.gho.cm-02,CM_02:ZMB:SEX_MLE:AGEGROUP_MONTHS0-11,1966-01-01,2026-09-07T15:51:40Z,value,9083.0,,who.gho.cm-02,raw/who.gho.cm-02/2026/09/20260907T155140Z-2ccf90b4d287.json.gz,2
who.gho.cm-02,CM_02:ZWE:SEX_BTSX:AGEGROUP_MONTHS0-11,1966-01-01,2026-09-07T15:57:30Z,high,16899.0,,who.gho.cm-02,raw/who.gho.cm-02/2026/09/20260907T155730Z-1fe49c27b9ed.json.gz,2
who.gho.cm-02,CM_02:ZWE:SEX_BTSX:AGEGROUP_MONTHS0-11,1966-01-01,2026-09-07T15:57:30Z,low,12716.0,,who.gho.cm-02,raw/who.gho.cm-02/2026/09/20260907T155730Z-1fe49c27b9ed.json.gz,2
who.gho.cm-02,CM_02:ZWE:SEX_BTSX:AGEGROUP_MONTHS0-11,1966-01-01,2026-09-07T15:57:30Z,restated_at,2026-08-04,,who.gho.cm-02,raw/who.gho.cm-02/2026/09/20260907T155730Z-1fe49c27b9ed.json.gz,2
who.gho.cm-02,CM_02:ZWE:SEX_BTSX:AGEGROUP_MONTHS0-11,1966-01-01,2026-09-07T15:57:30Z,value,14667.0,,who.gho.cm-02,raw/who.gho.cm-02/2026/09/20260907T155730Z-1fe49c27b9ed.json.gz,2
who.gho.cm-02,CM_02:ZWE:SEX_FMLE:AGEGROUP_MONTHS0-11,1966-01-01,2026-09-07T15:57:49Z,high,7417.0,,who.gho.cm-02,raw/who.gho.cm-02/2026/09/20260907T155749Z-8808ed0c9a07.json.gz,2
who.gho.cm-02,CM_02:ZWE:SEX_FMLE:AGEGROUP_MONTHS0-11,1966-01-01,2026-09-07T15:57:49Z,low,5499.0,,who.gho.cm-02,raw/who.gho.cm-02/2026/09/20260907T155749Z-8808ed0c9a07.json.gz,2
who.gho.cm-02,CM_02:ZWE:SEX_FMLE:AGEGROUP_MONTHS0-11,1966-01-01,2026-09-07T15:57:49Z,restated_at,2026-08-04,,who.gho.cm-02,raw/who.gho.cm-02/2026/09/20260907T155749Z-8808ed0c9a07.json.gz,2
who.gho.cm-02,CM_02:ZWE:SEX_FMLE:AGEGROUP_MONTHS0-11,1966-01-01,2026-09-07T15:57:49Z,value,6398.0,,who.gho.cm-02,raw/who.gho.cm-02/2026/09/20260907T155749Z-8808ed0c9a07.json.gz,2
who.gho.cm-02,CM_02:ZWE:SEX_MLE:AGEGROUP_MONTHS0-11,1966-01-01,2026-09-07T15:57:30Z,high,9545.0,,who.gho.cm-02,raw/who.gho.cm-02/2026/09/20260907T155730Z-1fe49c27b9ed.json.gz,2
who.gho.cm-02,CM_02:ZWE:SEX_MLE:AGEGROUP_MONTHS0-11,1966-01-01,2026-09-07T15:57:30Z,low,7130.0,,who.gho.cm-02,raw/who.gho.cm-02/2026/09/20260907T155730Z-1fe49c27b9ed.json.gz,2
who.gho.cm-02,CM_02:ZWE:SEX_MLE:AGEGROUP_MONTHS0-11,1966-01-01,2026-09-07T15:57:30Z,restated_at,2026-08-04,,who.gho.cm-02,raw/who.gho.cm-02/2026/09/20260907T155730Z-1fe49c27b9ed.json.gz,2
who.gho.cm-02,CM_02:ZWE:SEX_MLE:AGEGROUP_MONTHS0-11,1966-01-01,2026-09-07T15:57:30Z,value,8269.0,,who.gho.cm-02,raw/who.gho.cm-02/2026/09/20260907T155730Z-1fe49c27b9ed.json.gz,2
who.gho.mdg-0000000007,MDG_0000000007:AFG:SEX_BTSX:AGEGROUP_YEARSUNDER5:WEALTHQUINTILE_TOTL,1966-01-01,2026-09-07T16:05:09Z,high,363.148005243,,who.gho.mdg-0000000007,raw/who.gho.mdg-0000000007/2026/09/20260907T160509Z-9066130499c7.json.gz,2
who.gho.mdg-0000000007,MDG_0000000007:AFG:SEX_BTSX:AGEGROUP_YEARSUNDER5:WEALTHQUINTILE_TOTL,1966-01-01,2026-09-07T16:05:09Z,low,281.887015338,,who.gho.mdg-0000000007,raw/who.gho.mdg-0000000007/2026/09/20260907T160509Z-9066130499c7.json.gz,2
who.gho.mdg-0000000007,MDG_0000000007:AFG:SEX_BTSX:AGEGROUP_YEARSUNDER5:WEALTHQUINTILE_TOTL,1966-01-01,2026-09-07T16:05:09Z,restated_at,2026-08-05,,who.gho.mdg-0000000007,raw/who.gho.mdg-0000000007/2026/09/20260907T160509Z-9066130499c7.json.gz,2
who.gho.mdg-0000000007,MDG_0000000007:AFG:SEX_BTSX:AGEGROUP_YEARSUNDER5:WEALTHQUINTILE_TOTL,1966-01-01,2026-09-07T16:05:09Z,value,319.532520546,,who.gho.mdg-0000000007,raw/who.gho.mdg-0000000007/2026/09/20260907T160509Z-9066130499c7.json.gz,2
who.gho.mdg-0000000007,MDG_0000000007:AFG:SEX_FMLE:AGEGROUP_YEARSUNDER5:WEALTHQUINTILE_TOTL,1966-01-01,2026-09-07T16:06:16Z,high,356.079612819,,who.gho.mdg-0000000007,raw/who.gho.mdg-0000000007/2026/09/20260907T160616Z-615f6bfccb87.json.gz,2
who.gho.mdg-0000000007,MDG_0000000007:AFG:SEX_FMLE:AGEGROUP_YEARSUNDER5:WEALTHQUINTILE_TOTL,1966-01-01,2026-09-07T16:06:16Z,low,273.717736854,,who.gho.mdg-0000000007,raw/who.gho.mdg-0000000007/2026/09/20260907T160616Z-615f6bfccb87.json.gz,2
who.gho.mdg-0000000007,MDG_0000000007:AFG:SEX_FMLE:AGEGROUP_YEARSUNDER5:WEALTHQUINTILE_TOTL,1966-01-01,2026-09-07T16:06:16Z,restated_at,2026-08-05,,who.gho.mdg-0000000007,raw/who.gho.mdg-0000000007/2026/09/20260907T160616Z-615f6bfccb87.json.gz,2
who.gho.mdg-0000000007,MDG_0000000007:AFG:SEX_FMLE:AGEGROUP_YEARSUNDER5:WEALTHQUINTILE_TOTL,1966-01-01,2026-09-07T16:06:16Z,value,312.201910503,,who.gho.mdg-0000000007,raw/who.gho.mdg-0000000007/2026/09/20260907T160616Z-615f6bfccb87.json.gz,2
who.gho.mdg-0000000007,MDG_0000000007:AFG:SEX_MLE:AGEGROUP_YEARSUNDER5:WEALTHQUINTILE_TOTL,1966-01-01,2026-09-07T16:09:41Z,high,371.959975117,,who.gho.mdg-0000000007,raw/who.gho.mdg-0000000007/2026/09/20260907T160941Z-845bd0fc2e92.json.gz,2
who.gho.mdg-0000000007,MDG_0000000007:AFG:SEX_MLE:AGEGROUP_YEARSUNDER5:WEALTHQUINTILE_TOTL,1966-01-01,2026-09-07T16:09:41Z,low,287.399111361,,who.gho.mdg-0000000007,raw/who.gho.mdg-0000000007/2026/09/20260907T160941Z-845bd0fc2e92.json.gz,2
who.gho.mdg-0000000007,MDG_0000000007:AFG:SEX_MLE:AGEGROUP_YEARSUNDER5:WEALTHQUINTILE_TOTL,1966-01-01,2026-09-07T16:09:41Z,restated_at,2026-08-05,,who.gho.mdg-0000000007,raw/who.gho.mdg-0000000007/2026/09/20260907T160941Z-845bd0fc2e92.json.gz,2
who.gho.mdg-0000000007,MDG_0000000007:AFG:SEX_MLE:AGEGROUP_YEARSUNDER5:WEALTHQUINTILE_TOTL,1966-01-01,2026-09-07T16:09:41Z,value,326.624223763,,who.gho.mdg-0000000007,raw/who.gho.mdg-0000000007/2026/09/20260907T160941Z-845bd0fc2e92.json.gz,2
who.gho.mdg-0000000007,MDG_0000000007:ARE:SEX_BTSX:AGEGROUP_YEARSUNDER5:WEALTHQUINTILE_TOTL,1966-01-01,2026-09-07T16:05:06Z,high,163.018775941,,who.gho.mdg-0000000007,raw/who.gho.mdg-0000000007/2026/09/20260907T160506Z-a219a21e2a4a.json.gz,2
who.gho.mdg-0000000007,MDG_0000000007:ARE:SEX_BTSX:AGEGROUP_YEARSUNDER5:WEALTHQUINTILE_TOTL,1966-01-01,2026-09-07T16:05:06Z,low,115.623525008,,who.gho.mdg-0000000007,raw/who.gho.mdg-0000000007/2026/09/20260907T160506Z-a219a21e2a4a.json.gz,2
who.gho.mdg-0000000007,MDG_0000000007:ARE:SEX_BTSX:AGEGROUP_YEARSUNDER5:WEALTHQUINTILE_TOTL,1966-01-01,2026-09-07T16:05:06Z,restated_at,2026-08-05,,who.gho.mdg-0000000007,raw/who.gho.mdg-0000000007/2026/09/20260907T160506Z-a219a21e2a4a.json.gz,2
who.gho.mdg-0000000007,MDG_0000000007:ARE:SEX_BTSX:AGEGROUP_YEARSUNDER5:WEALTHQUINTILE_TOTL,1966-01-01,2026-09-07T16:05:06Z,value,137.19893751,,who.gho.mdg-0000000007,raw/who.gho.mdg-0000000007/2026/09/20260907T160506Z-a219a21e2a4a.json.gz,2
who.gho.mdg-0000000007,MDG_0000000007:ARE:SEX_FMLE:AGEGROUP_YEARSUNDER5:WEALTHQUINTILE_TOTL,1966-01-01,2026-09-07T16:05:22Z,high,152.764233074,,who.gho.mdg-0000000007,raw/who.gho.mdg-0000000007/2026/09/20260907T160522Z-2bd49e664eea.json.gz,2
who.gho.mdg-0000000007,MDG_0000000007:ARE:SEX_FMLE:AGEGROUP_YEARSUNDER5:WEALTHQUINTILE_TOTL,1966-01-01,2026-09-07T16:05:22Z,low,107.560860296,,who.gho.mdg-0000000007,raw/who.gho.mdg-0000000007/2026/09/20260907T160522Z-2bd49e664eea.json.gz,2
who.gho.mdg-0000000007,MDG_0000000007:ARE:SEX_FMLE:AGEGROUP_YEARSUNDER5:WEALTHQUINTILE_TOTL,1966-01-01,2026-09-07T16:05:22Z,restated_at,2026-08-05,,who.gho.mdg-0000000007,raw/who.gho.mdg-0000000007/2026/09/20260907T160522Z-2bd49e664eea.json.gz,2
who.gho.mdg-0000000007,MDG_0000000007:ARE:SEX_FMLE:AGEGROUP_YEARSUNDER5:WEALTHQUINTILE_TOTL,1966-01-01,2026-09-07T16:05:22Z,value,128.14658639,,who.gho.mdg-0000000007,raw/who.gho.mdg-0000000007/2026/09/20260907T160522Z-2bd49e664eea.json.gz,2
who.gho.mdg-0000000007,MDG_0000000007:ARE:SEX_MLE:AGEGROUP_YEARSUNDER5:WEALTHQUINTILE_TOTL,1966-01-01,2026-09-07T16:05:06Z,high,174.226831151,,who.gho.mdg-0000000007,raw/who.gho.mdg-0000000007/2026/09/20260907T160506Z-a219a21e2a4a.json.gz,2
who.gho.mdg-0000000007,MDG_0000000007:ARE:SEX_MLE:AGEGROUP_YEARSUNDER5:WEALTHQUINTILE_TOTL,1966-01-01,2026-09-07T16:05:06Z,low,122.339934073,,who.gho.mdg-0000000007,raw/who.gho.mdg-0000000007/2026/09/20260907T160506Z-a219a21e2a4a.json.gz,2
who.gho.mdg-0000000007,MDG_0000000007:ARE:SEX_MLE:AGEGROUP_YEARSUNDER5:WEALTHQUINTILE_TOTL,1966-01-01,2026-09-07T16:05:06Z,restated_at,2026-08-05,,who.gho.mdg-0000000007,raw/who.gho.mdg-0000000007/2026/09/20260907T160506Z-a219a21e2a4a.json.gz,2
who.gho.mdg-0000000007,MDG_0000000007:ARE:SEX_MLE:AGEGROUP_YEARSUNDER5:WEALTHQUINTILE_TOTL,1966-01-01,2026-09-07T16:05:06Z,value,146.047609201,,who.gho.mdg-0000000007,raw/who.gho.mdg-0000000007/2026/09/20260907T160506Z-a219a21e2a4a.json.gz,2
who.gho.mdg-0000000007,MDG_0000000007:ATG:SEX_BTSX:AGEGROUP_YEARSUNDER5:WEALTHQUINTILE_TOTL,1966-01-01,2026-09-07T16:05:48Z,high,52.172322091,,who.gho.mdg-0000000007,raw/who.gho.mdg-0000000007/2026/09/20260907T160548Z-1609a76f5ecc.json.gz,2
who.gho.mdg-0000000007,MDG_0000000007:ATG:SEX_BTSX:AGEGROUP_YEARSUNDER5:WEALTHQUINTILE_TOTL,1966-01-01,2026-09-07T16:05:48Z,low,45.193064888,,who.gho.mdg-0000000007,raw/who.gho.mdg-0000000007/2026/09/20260907T160548Z-1609a76f5ecc.json.gz,2
who.gho.mdg-0000000007,MDG_0000000007:ATG:SEX_BTSX:AGEGROUP_YEARSUNDER5:WEALTHQUINTILE_TOTL,1966-01-01,2026-09-07T16:05:48Z,restated_at,2026-08-05,,who.gho.mdg-0000000007,raw/who.gho.mdg-0000000007/2026/09/20260907T160548Z-1609a76f5ecc.json.gz,2
who.gho.mdg-0000000007,MDG_0000000007:ATG:SEX_BTSX:AGEGROUP_YEARSUNDER5:WEALTHQUINTILE_TOTL,1966-01-01,2026-09-07T16:05:48Z,value,48.571591959,,who.gho.mdg-0000000007,raw/who.gho.mdg-0000000007/2026/09/20260907T160548Z-1609a76f5ecc.json.gz,2
who.gho.mdg-0000000007,MDG_0000000007:ATG:SEX_FMLE:AGEGROUP_YEARSUNDER5:WEALTHQUINTILE_TOTL,1966-01-01,2026-09-07T16:09:03Z,high,48.837537541,,who.gho.mdg-0000000007,raw/who.gho.mdg-0000000007/2026/09/20260907T160903Z-df09845b881e.json.gz,2
who.gho.mdg-0000000007,MDG_0000000007:ATG:SEX_FMLE:AGEGROUP_YEARSUNDER5:WEALTHQUINTILE_TOTL,1966-01-01,2026-09-07T16:09:03Z,low,41.65410967,,who.gho.mdg-0000000007,raw/who.gho.mdg-0000000007/2026/09/20260907T160903Z-df09845b881e.json.gz,2
who.gho.mdg-0000000007,MDG_0000000007:ATG:SEX_FMLE:AGEGROUP_YEARSUNDER5:WEALTHQUINTILE_TOTL,1966-01-01,2026-09-07T16:09:03Z,restated_at,2026-08-05,,who.gho.mdg-0000000007,raw/who.gho.mdg-0000000007/2026/09/20260907T160903Z-df09845b881e.json.gz,2
who.gho.mdg-0000000007,MDG_0000000007:ATG:SEX_FMLE:AGEGROUP_YEARSUNDER5:WEALTHQUINTILE_TOTL,1966-01-01,2026-09-07T16:09:03Z,value,45.190365235,,who.gho.mdg-0000000007,raw/who.gho.mdg-0000000007/2026/09/20260907T160903Z-df09845b881e.json.gz,2
who.gho.mdg-0000000007,MDG_0000000007:ATG:SEX_MLE:AGEGROUP_YEARSUNDER5:WEALTHQUINTILE_TOTL,1966-01-01,2026-09-07T16:06:34Z,high,55.917075528,,who.gho.mdg-0000000007,raw/who.gho.mdg-0000000007/2026/09/20260907T160634Z-2774fa4e213c.json.gz,2
who.gho.mdg-0000000007,MDG_0000000007:ATG:SEX_MLE:AGEGROUP_YEARSUNDER5:WEALTHQUINTILE_TOTL,1966-01-01,2026-09-07T16:06:34Z,low,47.959977577,,who.gho.mdg-0000000007,raw/who.gho.mdg-0000000007/2026/09/20260907T160634Z-2774fa4e213c.json.gz,2
who.gho.mdg-0000000007,MDG_0000000007:ATG:SEX_MLE:AGEGROUP_YEARSUNDER5:WEALTHQUINTILE_TOTL,1966-01-01,2026-09-07T16:06:34Z,restated_at,2026-08-05,,who.gho.mdg-0000000007,raw/who.gho.mdg-0000000007/2026/09/20260907T160634Z-2774fa4e213c.json.gz,2
who.gho.mdg-0000000007,MDG_0000000007:ATG:SEX_MLE:AGEGROUP_YEARSUNDER5:WEALTHQUINTILE_TOTL,1966-01-01,2026-09-07T16:06:34Z,value,51.763397817,,who.gho.mdg-0000000007,raw/who.gho.mdg-0000000007/2026/09/20260907T160634Z-2774fa4e213c.json.gz,2
who.gho.mdg-0000000007,MDG_0000000007:AUS:SEX_BTSX:AGEGROUP_YEARSUNDER5:WEALTHQUINTILE_TOTL,1966-01-01,2026-09-07T16:08:54Z,high,22.53358647,,who.gho.mdg-0000000007,raw/who.gho.mdg-0000000007/2026/09/20260907T160854Z-e3873ac72928.json.gz,2
who.gho.mdg-0000000007,MDG_0000000007:AUS:SEX_BTSX:AGEGROUP_YEARSUNDER5:WEALTHQUINTILE_TOTL,1966-01-01,2026-09-07T16:08:54Z,low,21.66835039,,who.gho.mdg-0000000007,raw/who.gho.mdg-0000000007/2026/09/20260907T160854Z-e3873ac72928.json.gz,2
who.gho.mdg-0000000007,MDG_0000000007:AUS:SEX_BTSX:AGEGROUP_YEARSUNDER5:WEALTHQUINTILE_TOTL,1966-01-01,2026-09-07T16:08:54Z,restated_at,2026-08-05,,who.gho.mdg-0000000007,raw/who.gho.mdg-0000000007/2026/09/20260907T160854Z-e3873ac72928.json.gz,2
who.gho.mdg-0000000007,MDG_0000000007:AUS:SEX_BTSX:AGEGROUP_YEARSUNDER5:WEALTHQUINTILE_TOTL,1966-01-01,2026-09-07T16:08:54Z,value,22.104781545,,who.gho.mdg-0000000007,raw/who.gho.mdg-0000000007/2026/09/20260907T160854Z-e3873ac72928.json.gz,2
who.gho.mdg-0000000007,MDG_0000000007:AUS:SEX_FMLE:AGEGROUP_YEARSUNDER5:WEALTHQUINTILE_TOTL,1966-01-01,2026-09-07T16:05:06Z,high,19.869776001,,who.gho.mdg-0000000007,raw/who.gho.mdg-0000000007/2026/09/20260907T160506Z-a219a21e2a4a.json.gz,2
who.gho.mdg-0000000007,MDG_0000000007:AUS:SEX_FMLE:AGEGROUP_YEARSUNDER5:WEALTHQUINTILE_TOTL,1966-01-01,2026-09-07T16:05:06Z,low,18.967881915,,who.gho.mdg-0000000007,raw/who.gho.mdg-0000000007/2026/09/20260907T160506Z-a219a21e2a4a.json.gz,2
who.gho.mdg-0000000007,MDG_0000000007:AUS:SEX_FMLE:AGEGROUP_YEARSUNDER5:WEALTHQUINTILE_TOTL,1966-01-01,2026-09-07T16:05:06Z,restated_at,2026-08-05,,who.gho.mdg-0000000007,raw/who.gho.mdg-0000000007/2026/09/20260907T160506Z-a219a21e2a4a.json.gz,2
who.gho.mdg-0000000007,MDG_0000000007:AUS:SEX_FMLE:AGEGROUP_YEARSUNDER5:WEALTHQUINTILE_TOTL,1966-01-01,2026-09-07T16:05:06Z,value,19.415995849,,who.gho.mdg-0000000007,raw/who.gho.mdg-0000000007/2026/09/20260907T160506Z-a219a21e2a4a.json.gz,2
who.gho.mdg-0000000007,MDG_0000000007:AUS:SEX_MLE:AGEGROUP_YEARSUNDER5:WEALTHQUINTILE_TOTL,1966-01-01,2026-09-07T16:06:34Z,high,25.198529259,,who.gho.mdg-0000000007,raw/who.gho.mdg-0000000007/2026/09/20260907T160634Z-2774fa4e213c.json.gz,2
who.gho.mdg-0000000007,MDG_0000000007:AUS:SEX_MLE:AGEGROUP_YEARSUNDER5:WEALTHQUINTILE_TOTL,1966-01-01,2026-09-07T16:06:34Z,low,24.124134555,,who.gho.mdg-0000000007,raw/who.gho.mdg-0000000007/2026/09/20260907T160634Z-2774fa4e213c.json.gz,2
who.gho.mdg-0000000007,MDG_0000000007:AUS:SEX_MLE:AGEGROUP_YEARSUNDER5:WEALTHQUINTILE_TOTL,1966-01-01,2026-09-07T16:06:34Z,restated_at,2026-08-05,,who.gho.mdg-0000000007,raw/who.gho.mdg-0000000007/2026/09/20260907T160634Z-2774fa4e213c.json.gz,2
who.gho.mdg-0000000007,MDG_0000000007:AUS:SEX_MLE:AGEGROUP_YEARSUNDER5:WEALTHQUINTILE_TOTL,1966-01-01,2026-09-07T16:06:34Z,value,24.659603366,,who.gho.mdg-0000000007,raw/who.gho.mdg-0000000007/2026/09/20260907T160634Z-2774fa4e213c.json.gz,2
who.gho.mdg-0000000007,MDG_0000000007:AUT:SEX_BTSX:AGEGROUP_YEARSUNDER5:WEALTHQUINTILE_TOTL,1966-01-01,2026-09-07T16:05:57Z,high,32.148376971,,who.gho.mdg-0000000007,raw/who.gho.mdg-0000000007/2026/09/20260907T160557Z-c8e786907d46.json.gz,2
who.gho.mdg-0000000007,MDG_0000000007:AUT:SEX_BTSX:AGEGROUP_YEARSUNDER5:WEALTHQUINTILE_TOTL,1966-01-01,2026-09-07T16:05:57Z,low,30.875219538,,who.gho.mdg-0000000007,raw/who.gho.mdg-0000000007/2026/09/20260907T160557Z-c8e786907d46.json.gz,2
who.gho.mdg-0000000007,MDG_0000000007:AUT:SEX_BTSX:AGEGROUP_YEARSUNDER5:WEALTHQUINTILE_TOTL,1966-01-01,2026-09-07T16:05:57Z,restated_at,2026-08-05,,who.gho.mdg-0000000007,raw/who.gho.mdg-0000000007/2026/09/20260907T160557Z-c8e786907d46.json.gz,2
who.gho.mdg-0000000007,MDG_0000000007:AUT:SEX_BTSX:AGEGROUP_YEARSUNDER5:WEALTHQUINTILE_TOTL,1966-01-01,2026-09-07T16:05:57Z,value,31.506417782,,who.gho.mdg-0000000007,raw/who.gho.mdg-0000000007/2026/09/20260907T160557Z-c8e786907d46.json.gz,2
who.gho.mdg-0000000007,MDG_0000000007:AUT:SEX_FMLE:AGEGROUP_YEARSUNDER5:WEALTHQUINTILE_TOTL,1966-01-01,2026-09-07T16:11:06Z,high,28.029784874,,who.gho.mdg-0000000007,raw/who.gho.mdg-0000000007/2026/09/20260907T161106Z-078c7101acce.json.gz,2
who.gho.mdg-0000000007,MDG_0000000007:AUT:SEX_FMLE:AGEGROUP_YEARSUNDER5:WEALTHQUINTILE_TOTL,1966-01-01,2026-09-07T16:11:06Z,low,26.707645329,,who.gho.mdg-0000000007,raw/who.gho.mdg-0000000007/2026/09/20260907T161106Z-078c7101acce.json.gz,2
who.gho.mdg-0000000007,MDG_0000000007:AUT:SEX_FMLE:AGEGROUP_YEARSUNDER5:WEALTHQUINTILE_TOTL,1966-01-01,2026-09-07T16:11:06Z,restated_at,2026-08-05,,who.gho.mdg-0000000007,raw/who.gho.mdg-0000000007/2026/09/20260907T161106Z-078c7101acce.json.gz,2
who.gho.mdg-0000000007,MDG_0000000007:AUT:SEX_FMLE:AGEGROUP_YEARSUNDER5:WEALTHQUINTILE_TOTL,1966-01-01,2026-09-07T16:11:06Z,value,27.354535564,,who.gho.mdg-0000000007,raw/who.gho.mdg-0000000007/2026/09/20260907T161106Z-078c7101acce.json.gz,2
who.gho.mdg-0000000007,MDG_0000000007:AUT:SEX_MLE:AGEGROUP_YEARSUNDER5:WEALTHQUINTILE_TOTL,1966-01-01,2026-09-07T16:09:51Z,high,36.244681994,,who.gho.mdg-0000000007,raw/who.gho.mdg-0000000007/2026/09/20260907T160951Z-f1aadb832125.json.gz,2
who.gho.mdg-0000000007,MDG_0000000007:AUT:SEX_MLE:AGEGROUP_YEARSUNDER5:WEALTHQUINTILE_TOTL,1966-01-01,2026-09-07T16:09:51Z,low,34.66560632,,who.gho.mdg-0000000007,raw/who.gho.mdg-0000000007/2026/09/20260907T160951Z-f1aadb832125.json.gz,2
who.gho.mdg-0000000007,MDG_0000000007:AUT:SEX_MLE:AGEGROUP_YEARSUNDER5:WEALTHQUINTILE_TOTL,1966-01-01,2026-09-07T16:09:51Z,restated_at,2026-08-05,,who.gho.mdg-0000000007,raw/who.gho.mdg-0000000007/2026/09/20260907T160951Z-f1aadb832125.json.gz,2
who.gho.mdg-0000000007,MDG_0000000007:AUT:SEX_MLE:AGEGROUP_YEARSUNDER5:WEALTHQUINTILE_TOTL,1966-01-01,2026-09-07T16:09:51Z,value,35.450686756,,who.gho.mdg-0000000007,raw/who.gho.mdg-0000000007/2026/09/20260907T160951Z-f1aadb832125.json.gz,2
who.gho.mdg-0000000007,MDG_0000000007:BDI:SEX_BTSX:AGEGROUP_YEARSUNDER5:WEALTHQUINTILE_TOTL,1966-01-01,2026-09-07T16:10:37Z,high,284.104247377,,who.gho.mdg-0000000007,raw/who.gho.mdg-0000000007/2026/09/20260907T161037Z-dfd3d6a5a745.json.gz,2
who.gho.mdg-0000000007,MDG_0000000007:BDI:SEX_BTSX:AGEGROUP_YEARSUNDER5:WEALTHQUINTILE_TOTL,1966-01-01,2026-09-07T16:10:37Z,low,209.569465877,,who.gho.mdg-0000000007,raw/who.gho.mdg-0000000007/2026/09/20260907T161037Z-dfd3d6a5a745.json.gz,2
who.gho.mdg-0000000007,MDG_0000000007:BDI:SEX_BTSX:AGEGROUP_YEARSUNDER5:WEALTHQUINTILE_TOTL,1966-01-01,2026-09-07T16:10:37Z,restated_at,2026-08-05,,who.gho.mdg-0000000007,raw/who.gho.mdg-0000000007/2026/09/20260907T161037Z-dfd3d6a5a745.json.gz,2
who.gho.mdg-0000000007,MDG_0000000007:BDI:SEX_BTSX:AGEGROUP_YEARSUNDER5:WEALTHQUINTILE_TOTL,1966-01-01,2026-09-07T16:10:37Z,value,244.224903113,,who.gho.mdg-0000000007,raw/who.gho.mdg-0000000007/2026/09/20260907T161037Z-dfd3d6a5a745.json.gz,2
who.gho.mdg-0000000007,MDG_0000000007:BDI:SEX_FMLE:AGEGROUP_YEARSUNDER5:WEALTHQUINTILE_TOTL,1966-01-01,2026-09-07T16:10:33Z,high,278.711533881,,who.gho.mdg-0000000007,raw/who.gho.mdg-0000000007/2026/09/20260907T161033Z-0396663e197a.json.gz,2
who.gho.mdg-0000000007,MDG_0000000007:BDI:SEX_FMLE:AGEGROUP_YEARSUNDER5:WEALTHQUINTILE_TOTL,1966-01-01,2026-09-07T16:10:33Z,low,204.063072262,,who.gho.mdg-0000000007,raw/who.gho.mdg-0000000007/2026/09/20260907T161033Z-0396663e197a.json.gz,2
who.gho.mdg-0000000007,MDG_0000000007:BDI:SEX_FMLE:AGEGROUP_YEARSUNDER5:WEALTHQUINTILE_TOTL,1966-01-01,2026-09-07T16:10:33Z,restated_at,2026-08-05,,who.gho.mdg-0000000007,raw/who.gho.mdg-0000000007/2026/09/20260907T161033Z-0396663e197a.json.gz,2
who.gho.mdg-0000000007,MDG_0000000007:BDI:SEX_FMLE:AGEGROUP_YEARSUNDER5:WEALTHQUINTILE_TOTL,1966-01-01,2026-09-07T16:10:33Z,value,238.812217683,,who.gho.mdg-0000000007,raw/who.gho.mdg-0000000007/2026/09/20260907T161033Z-0396663e197a.json.gz,2
who.gho.mdg-0000000007,MDG_0000000007:BDI:SEX_MLE:AGEGROUP_YEARSUNDER5:WEALTHQUINTILE_TOTL,1966-01-01,2026-09-07T16:10:21Z,high,290.58341269,,who.gho.mdg-0000000007,raw/who.gho.mdg-0000000007/2026/09/20260907T161021Z-3e9ba1677574.json.gz,2
who.gho.mdg-0000000007,MDG_0000000007:BDI:SEX_MLE:AGEGROUP_YEARSUNDER5:WEALTHQUINTILE_TOTL,1966-01-01,2026-09-07T16:10:21Z,low,213.0513064,,who.gho.mdg-0000000007,raw/who.gho.mdg-0000000007/2026/09/20260907T161021Z-3e9ba1677574.json.gz,2
who.gho.mdg-0000000007,MDG_0000000007:BDI:SEX_MLE:AGEGROUP_YEARSUNDER5:WEALTHQUINTILE_TOTL,1966-01-01,2026-09-07T16:10:21Z,restated_at,2026-08-05,,who.gho.mdg-0000000007,raw/who.gho.mdg-0000000007/2026/09/20260907T161021Z-3e9ba1677574.json.gz,2
who.gho.mdg-0000000007,MDG_0000000007:BDI:SEX_MLE:AGEGROUP_YEARSUNDER5:WEALTHQUINTILE_TOTL,1966-01-01,2026-09-07T16:10:21Z,value,249.378984414,,who.gho.mdg-0000000007,raw/who.gho.mdg-0000000007/2026/09/20260907T161021Z-3e9ba1677574.json.gz,2
who.gho.mdg-0000000007,MDG_0000000007:BEL:SEX_BTSX:AGEGROUP_YEARSUNDER5:WEALTHQUINTILE_TOTL,1966-01-01,2026-09-07T16:09:30Z,high,27.52879524,,who.gho.mdg-0000000007,raw/who.gho.mdg-0000000007/2026/09/20260907T160930Z-3a49f2d0e7d2.json.gz,2
who.gho.mdg-0000000007,MDG_0000000007:BEL:SEX_BTSX:AGEGROUP_YEARSUNDER5:WEALTHQUINTILE_TOTL,1966-01-01,2026-09-07T16:09:30Z,low,26.540534839,,who.gho.mdg-0000000007,raw/who.gho.mdg-0000000007/2026/09/20260907T160930Z-3a49f2d0e7d2.json.gz,2
who.gho.mdg-0000000007,MDG_0000000007:BEL:SEX_BTSX:AGEGROUP_YEARSUNDER5:WEALTHQUINTILE_TOTL,1966-01-01,2026-09-07T16:09:30Z,restated_at,2026-08-05,,who.gho.mdg-0000000007,raw/who.gho.mdg-0000000007/2026/09/20260907T160930Z-3a49f2d0e7d2.json.gz,2
who.gho.mdg-0000000007,MDG_0000000007:BEL:SEX_BTSX:AGEGROUP_YEARSUNDER5:WEALTHQUINTILE_TOTL,1966-01-01,2026-09-07T16:09:30Z,value,27.039199525,,who.gho.mdg-0000000007,raw/who.gho.mdg-0000000007/2026/09/20260907T160930Z-3a49f2d0e7d2.json.gz,2
who.gho.mdg-0000000007,MDG_0000000007:BEL:SEX_FMLE:AGEGROUP_YEARSUNDER5:WEALTHQUINTILE_TOTL,1966-01-01,2026-09-07T16:09:08Z,high,24.172962331,,who.gho.mdg-0000000007,raw/who.gho.mdg-0000000007/2026/09/20260907T160908Z-96acbc2bc7cb.json.gz,2
who.gho.mdg-0000000007,MDG_0000000007:BEL:SEX_FMLE:AGEGROUP_YEARSUNDER5:WEALTHQUINTILE_TOTL,1966-01-01,2026-09-07T16:09:08Z,low,23.109449432,,who.gho.mdg-0000000007,raw/who.gho.mdg-0000000007/2026/09/20260907T160908Z-96acbc2bc7cb.json.gz,2
who.gho.mdg-0000000007,MDG_0000000007:BEL:SEX_FMLE:AGEGROUP_YEARSUNDER5:WEALTHQUINTILE_TOTL,1966-01-01,2026-09-07T16:09:08Z,restated_at,2026-08-05,,who.gho.mdg-0000000007,raw/who.gho.mdg-0000000007/2026/09/20260907T160908Z-96acbc2bc7cb.json.gz,2
who.gho.mdg-0000000007,MDG_0000000007:BEL:SEX_FMLE:AGEGROUP_YEARSUNDER5:WEALTHQUINTILE_TOTL,1966-01-01,2026-09-07T16:09:08Z,value,23.633500517,,who.gho.mdg-0000000007,raw/who.gho.mdg-0000000007/2026/09/20260907T160908Z-96acbc2bc7cb.json.gz,2
who.gho.mdg-0000000007,MDG_0000000007:BEL:SEX_MLE:AGEGROUP_YEARSUNDER5:WEALTHQUINTILE_TOTL,1966-01-01,2026-09-07T16:09:34Z,high,30.893974098,,who.gho.mdg-0000000007,raw/who.gho.mdg-0000000007/2026/09/20260907T160934Z-f7f0902b1194.json.gz,2
who.gho.mdg-0000000007,MDG_0000000007:BEL:SEX_MLE:AGEGROUP_YEARSUNDER5:WEALTHQUINTILE_TOTL,1966-01-01,2026-09-07T16:09:34Z,low,29.640295958,,who.gho.mdg-0000000007,raw/who.gho.mdg-0000000007/2026/09/20260907T160934Z-f7f0902b1194.json.gz,2
who.gho.mdg-0000000007,MDG_0000000007:BEL:SEX_MLE:AGEGROUP_YEARSUNDER5:WEALTHQUINTILE_TOTL,1966-01-01,2026-09-07T16:09:34Z,restated_at,2026-08-05,,who.gho.mdg-0000000007,raw/who.gho.mdg-0000000007/2026/09/20260907T160934Z-f7f0902b1194.json.gz,2
who.gho.mdg-0000000007,MDG_0000000007:BEL:SEX_MLE:AGEGROUP_YEARSUNDER5:WEALTHQUINTILE_TOTL,1966-01-01,2026-09-07T16:09:34Z,value,30.273739297,,who.gho.mdg-0000000007,raw/who.gho.mdg-0000000007/2026/09/20260907T160934Z-f7f0902b1194.json.gz,2
who.gho.mdg-0000000007,MDG_0000000007:BEN:SEX_BTSX:AGEGROUP_YEARSUNDER5:WEALTHQUINTILE_TOTL,1966-01-01,2026-09-07T16:10:17Z,high,304.579440604,,who.gho.mdg-0000000007,raw/who.gho.mdg-0000000007/2026/09/20260907T161017Z-ca4dbf4e12d6.json.gz,2
who.gho.mdg-0000000007,MDG_0000000007:BEN:SEX_BTSX:AGEGROUP_YEARSUNDER5:WEALTHQUINTILE_TOTL,1966-01-01,2026-09-07T16:10:17Z,low,254.318958293,,who.gho.mdg-0000000007,raw/who.gho.mdg-0000000007/2026/09/20260907T161017Z-ca4dbf4e12d6.json.gz,2
who.gho.mdg-0000000007,MDG_0000000007:BEN:SEX_BTSX:AGEGROUP_YEARSUNDER5:WEALTHQUINTILE_TOTL,1966-01-01,2026-09-07T16:10:17Z,restated_at,2026-08-05,,who.gho.mdg-0000000007,raw/who.gho.mdg-0000000007/2026/09/20260907T161017Z-ca4dbf4e12d6.json.gz,2
who.gho.mdg-0000000007,MDG_0000000007:BEN:SEX_BTSX:AGEGROUP_YEARSUNDER5:WEALTHQUINTILE_TOTL,1966-01-01,2026-09-07T16:10:17Z,value,277.719212243,,who.gho.mdg-0000000007,raw/who.gho.mdg-0000000007/2026/09/20260907T161017Z-ca4dbf4e12d6.json.gz,2
who.gho.mdg-0000000007,MDG_0000000007:BEN:SEX_FMLE:AGEGROUP_YEARSUNDER5:WEALTHQUINTILE_TOTL,1966-01-01,2026-09-07T16:09:59Z,high,294.088348927,,who.gho.mdg-0000000007,raw/who.gho.mdg-0000000007/2026/09/20260907T160959Z-e41937f31aea.json.gz,2
who.gho.mdg-0000000007,MDG_0000000007:BEN:SEX_FMLE:AGEGROUP_YEARSUNDER5:WEALTHQUINTILE_TOTL,1966-01-01,2026-09-07T16:09:59Z,low,243.518871154,,who.gho.mdg-0000000007,raw/who.gho.mdg-0000000007/2026/09/20260907T160959Z-e41937f31aea.json.gz,2
who.gho.mdg-0000000007,MDG_0000000007:BEN:SEX_FMLE:AGEGROUP_YEARSUNDER5:WEALTHQUINTILE_TOTL,1966-01-01,2026-09-07T16:09:59Z,restated_at,2026-08-05,,who.gho.mdg-0000000007,raw/who.gho.mdg-0000000007/2026/09/20260907T160959Z-e41937f31aea.json.gz,2
who.gho.mdg-0000000007,MDG_0000000007:BEN:SEX_FMLE:AGEGROUP_YEARSUNDER5:WEALTHQUINTILE_TOTL,1966-01-01,2026-09-07T16:09:59Z,value,266.876490866,,who.gho.mdg-0000000007,raw/who.gho.mdg-0000000007/2026/09/20260907T160959Z-e41937f31aea.json.gz,2
who.gho.mdg-0000000007,MDG_0000000007:BEN:SEX_MLE:AGEGROUP_YEARSUNDER5:WEALTHQUINTILE_TOTL,1966-01-01,2026-09-07T16:09:22Z,high,316.54207253,,who.gho.mdg-0000000007,raw/who.gho.mdg-0000000007/2026/09/20260907T160922Z-b03be7779b07.json.gz,2
who.gho.mdg-0000000007,MDG_0000000007:BEN:SEX_MLE:AGEGROUP_YEARSUNDER5:WEALTHQUINTILE_TOTL,1966-01-01,2026-09-07T16:09:22Z,low,262.584940688,,who.gho.mdg-0000000007,raw/who.gho.mdg-0000000007/2026/09/20260907T160922Z-b03be7779b07.json.gz,2
who.gho.mdg-0000000007,MDG_0000000007:BEN:SEX_MLE:AGEGROUP_YEARSUNDER5:WEALTHQUINTILE_TOTL,1966-01-01,2026-09-07T16:09:22Z,restated_at,2026-08-05,,who.gho.mdg-0000000007,raw/who.gho.mdg-0000000007/2026/09/20260907T160922Z-b03be7779b07.json.gz,2
who.gho.mdg-0000000007,MDG_0000000007:BEN:SEX_MLE:AGEGROUP_YEARSUNDER5:WEALTHQUINTILE_TOTL,1966-01-01,2026-09-07T16:09:22Z,value,288.069357999,,who.gho.mdg-0000000007,raw/who.gho.mdg-0000000007/2026/09/20260907T160922Z-b03be7779b07.json.gz,2
who.gho.mdg-0000000007,MDG_0000000007:BFA:SEX_BTSX:AGEGROUP_YEARSUNDER5:WEALTHQUINTILE_TOTL,1966-01-01,2026-09-07T16:10:58Z,high,365.011864871,,who.gho.mdg-0000000007,raw/who.gho.mdg-0000000007/2026/09/20260907T161058Z-4d8f6ed35960.json.gz,2
who.gho.mdg-0000000007,MDG_0000000007:BFA:SEX_BTSX:AGEGROUP_YEARSUNDER5:WEALTHQUINTILE_TOTL,1966-01-01,2026-09-07T16:10:58Z,low,283.913099685,,who.gho.mdg-0000000007,raw/who.gho.mdg-0000000007/2026/09/20260907T161058Z-4d8f6ed35960.json.gz,2
who.gho.mdg-0000000007,MDG_0000000007:BFA:SEX_BTSX:AGEGROUP_YEARSUNDER5:WEALTHQUINTILE_TOTL,1966-01-01,2026-09-07T16:10:58Z,restated_at,2026-08-05,,who.gho.mdg-0000000007,raw/who.gho.mdg-0000000007/2026/09/20260907T161058Z-4d8f6ed35960.json.gz,2
who.gho.mdg-0000000007,MDG_0000000007:BFA:SEX_BTSX:AGEGROUP_YEARSUNDER5:WEALTHQUINTILE_TOTL,1966-01-01,2026-09-07T16:10:58Z,value,322.738079441,,who.gho.mdg-0000000007,raw/who.gho.mdg-0000000007/2026/09/20260907T161058Z-4d8f6ed35960.json.gz,2
who.gho.mdg-0000000007,MDG_0000000007:BFA:SEX_FMLE:AGEGROUP_YEARSUNDER5:WEALTHQUINTILE_TOTL,1966-01-01,2026-09-07T16:05:38Z,high,350.387514839,,who.gho.mdg-0000000007,raw/who.gho.mdg-0000000007/2026/09/20260907T160538Z-28a5f6808180.json.gz,2
who.gho.mdg-0000000007,MDG_0000000007:BFA:SEX_FMLE:AGEGROUP_YEARSUNDER5:WEALTHQUINTILE_TOTL,1966-01-01,2026-09-07T16:05:38Z,low,270.767594305,,who.gho.mdg-0000000007,raw/who.gho.mdg-0000000007/2026/09/20260907T160538Z-28a5f6808180.json.gz,2
who.gho.mdg-0000000007,MDG_0000000007:BFA:SEX_FMLE:AGEGROUP_YEARSUNDER5:WEALTHQUINTILE_TOTL,1966-01-01,2026-09-07T16:05:38Z,restated_at,2026-08-05,,who.gho.mdg-0000000007,raw/who.gho.mdg-0000000007/2026/09/20260907T160538Z-28a5f6808180.json.gz,2
who.gho.mdg-0000000007,MDG_0000000007:BFA:SEX_FMLE:AGEGROUP_YEARSUNDER5:WEALTHQUINTILE_TOTL,1966-01-01,2026-09-07T16:05:38Z,value,309.2674453,,who.gho.mdg-0000000007,raw/who.gho.mdg-0000000007/2026/09/20260907T160538Z-28a5f6808180.json.gz,2
who.gho.mdg-0000000007,MDG_0000000007:BFA:SEX_MLE:AGEGROUP_YEARSUNDER5:WEALTHQUINTILE_TOTL,1966-01-01,2026-09-07T16:10:41Z,high,380.513511739,,who.gho.mdg-0000000007,raw/who.gho.mdg-0000000007/2026/09/20260907T161041Z-4752b74784e1.json.gz,2
who.gho.mdg-0000000007,MDG_0000000007:BFA:SEX_MLE:AGEGROUP_YEARSUNDER5:WEALTHQUINTILE_TOTL,1966-01-01,2026-09-07T16:10:41Z,low,294.382094351,,who.gho.mdg-0000000007,raw/who.gho.mdg-0000000007/2026/09/20260907T161041Z-4752b74784e1.json.gz,2
who.gho.mdg-0000000007,MDG_0000000007:BFA:SEX_MLE:AGEGROUP_YEARSUNDER5:WEALTHQUINTILE_TOTL,1966-01-01,2026-09-07T16:10:41Z,restated_at,2026-08-05,,who.gho.mdg-0000000007,raw/who.gho.mdg-0000000007/2026/09/20260907T161041Z-4752b74784e1.json.gz,2
who.gho.mdg-0000000007,MDG_0000000007:BFA:SEX_MLE:AGEGROUP_YEARSUNDER5:WEALTHQUINTILE_TOTL,1966-01-01,2026-09-07T16:10:41Z,value,335.46347939,,who.gho.mdg-0000000007,raw/who.gho.mdg-0000000007/2026/09/20260907T161041Z-4752b74784e1.json.gz,2
who.gho.mdg-0000000007,MDG_0000000007:BGD:SEX_BTSX:AGEGROUP_YEARSUNDER5:WEALTHQUINTILE_TOTL,1966-01-01,2026-09-07T16:10:45Z,high,247.423309033,,who.gho.mdg-0000000007,raw/who.gho.mdg-0000000007/2026/09/20260907T161045Z-53a7d24c459b.json.gz,2
who.gho.mdg-0000000007,MDG_0000000007:BGD:SEX_BTSX:AGEGROUP_YEARSUNDER5:WEALTHQUINTILE_TOTL,1966-01-01,2026-09-07T16:10:45Z,low,215.083521359,,who.gho.mdg-0000000007,raw/who.gho.mdg-0000000007/2026/09/20260907T161045Z-53a7d24c459b.json.gz,2
who.gho.mdg-0000000007,MDG_0000000007:BGD:SEX_BTSX:AGEGROUP_YEARSUNDER5:WEALTHQUINTILE_TOTL,1966-01-01,2026-09-07T16:10:45Z,restated_at,2026-08-05,,who.gho.mdg-0000000007,raw/who.gho.mdg-0000000007/2026/09/20260907T161045Z-53a7d24c459b.json.gz,2
who.gho.mdg-0000000007,MDG_0000000007:BGD:SEX_BTSX:AGEGROUP_YEARSUNDER5:WEALTHQUINTILE_TOTL,1966-01-01,2026-09-07T16:10:45Z,value,230.854010341,,who.gho.mdg-0000000007,raw/who.gho.mdg-0000000007/2026/09/20260907T161045Z-53a7d24c459b.json.gz,2
who.gho.mdg-0000000007,MDG_0000000007:BGD:SEX_FMLE:AGEGROUP_YEARSUNDER5:WEALTHQUINTILE_TOTL,1966-01-01,2026-09-07T16:08:45Z,high,243.082922974,,who.gho.mdg-0000000007,raw/who.gho.mdg-0000000007/2026/09/20260907T160845Z-9b23f1f1b45b.json.gz,2
who.gho.mdg-0000000007,MDG_0000000007:BGD:SEX_FMLE:AGEGROUP_YEARSUNDER5:WEALTHQUINTILE_TOTL,1966-01-01,2026-09-07T16:08:45Z,low,209.744532221,,who.gho.mdg-0000000007,raw/who.gho.mdg-0000000007/2026/09/20260907T160845Z-9b23f1f1b45b.json.gz,2
who.gho.mdg-0000000007,MDG_0000000007:BGD:SEX_FMLE:AGEGROUP_YEARSUNDER5:WEALTHQUINTILE_TOTL,1966-01-01,2026-09-07T16:08:45Z,restated_at,2026-08-05,,who.gho.mdg-0000000007,raw/who.gho.mdg-0000000007/2026/09/20260907T160845Z-9b23f1f1b45b.json.gz,2
who.gho.mdg-0000000007,MDG_0000000007:BGD:SEX_FMLE:AGEGROUP_YEARSUNDER5:WEALTHQUINTILE_TOTL,1966-01-01,2026-09-07T16:08:45Z,value,225.915980634,,who.gho.mdg-0000000007,raw/who.gho.mdg-0000000007/2026/09/20260907T160845Z-9b23f1f1b45b.json.gz,2
who.gho.mdg-0000000007,MDG_0000000007:BGD:SEX_MLE:AGEGROUP_YEARSUNDER5:WEALTHQUINTILE_TOTL,1966-01-01,2026-09-07T16:09:30Z,high,253.299569544,,who.gho.mdg-0000000007,raw/who.gho.mdg-0000000007/2026/09/20260907T160930Z-3a49f2d0e7d2.json.gz,2
who.gho.mdg-0000000007,MDG_0000000007:BGD:SEX_MLE:AGEGROUP_YEARSUNDER5:WEALTHQUINTILE_TOTL,1966-01-01,2026-09-07T16:09:30Z,low,218.57957863,,who.gho.mdg-0000000007,raw/who.gho.mdg-0000000007/2026/09/20260907T160930Z-3a49f2d0e7d2.json.gz,2
who.gho.mdg-0000000007,MDG_0000000007:BGD:SEX_MLE:AGEGROUP_YEARSUNDER5:WEALTHQUINTILE_TOTL,1966-01-01,2026-09-07T16:09:30Z,restated_at,2026-08-05,,who.gho.mdg-0000000007,raw/who.gho.mdg-0000000007/2026/09/20260907T160930Z-3a49f2d0e7d2.json.gz,2
who.gho.mdg-0000000007,MDG_0000000007:BGD:SEX_MLE:AGEGROUP_YEARSUNDER5:WEALTHQUINTILE_TOTL,1966-01-01,2026-09-07T16:09:30Z,value,235.322160971,,who.gho.mdg-0000000007,raw/who.gho.mdg-0000000007/2026/09/20260907T160930Z-3a49f2d0e7d2.json.gz,2
who.gho.mdg-0000000007,MDG_0000000007:BGR:SEX_BTSX:AGEGROUP_YEARSUNDER5:WEALTHQUINTILE_TOTL,1966-01-01,2026-09-07T16:10:58Z,high,37.601872206,,who.gho.mdg-0000000007,raw/who.gho.mdg-0000000007/2026/09/20260907T161058Z-4d8f6ed35960.json.gz,2
who.gho.mdg-0000000007,MDG_0000000007:BGR:SEX_BTSX:AGEGROUP_YEARSUNDER5:WEALTHQUINTILE_TOTL,1966-01-01,2026-09-07T16:10:58Z,low,36.011935791,,who.gho.mdg-0000000007,raw/who.gho.mdg-0000000007/2026/09/20260907T161058Z-4d8f6ed35960.json.gz,2
who.gho.mdg-0000000007,MDG_0000000007:BGR:SEX_BTSX:AGEGROUP_YEARSUNDER5:WEALTHQUINTILE_TOTL,1966-01-01,2026-09-07T16:10:58Z,restated_at,2026-08-05,,who.gho.mdg-0000000007,raw/who.gho.mdg-0000000007/2026/09/20260907T161058Z-4d8f6ed35960.json.gz,2
who.gho.mdg-0000000007,MDG_0000000007:BGR:SEX_BTSX:AGEGROUP_YEARSUNDER5:WEALTHQUINTILE_TOTL,1966-01-01,2026-09-07T16:10:58Z,value,36.807205438,,who.gho.mdg-0000000007,raw/who.gho.mdg-0000000007/2026/09/20260907T161058Z-4d8f6ed35960.json.gz,2
who.gho.mdg-0000000007,MDG_0000000007:BGR:SEX_FMLE:AGEGROUP_YEARSUNDER5:WEALTHQUINTILE_TOTL,1966-01-01,2026-09-07T16:09:38Z,high,34.045550659,,who.gho.mdg-0000000007,raw/who.gho.mdg-0000000007/2026/09/20260907T160938Z-81612038db74.json.gz,2
who.gho.mdg-0000000007,MDG_0000000007:BGR:SEX_FMLE:AGEGROUP_YEARSUNDER5:WEALTHQUINTILE_TOTL,1966-01-01,2026-09-07T16:09:38Z,low,32.362677335,,who.gho.mdg-0000000007,raw/who.gho.mdg-0000000007/2026/09/20260907T160938Z-81612038db74.json.gz,2
who.gho.mdg-0000000007,MDG_0000000007:BGR:SEX_FMLE:AGEGROUP_YEARSUNDER5:WEALTHQUINTILE_TOTL,1966-01-01,2026-09-07T16:09:38Z,restated_at,2026-08-05,,who.gho.mdg-0000000007,raw/who.gho.mdg-0000000007/2026/09/20260907T160938Z-81612038db74.json.gz,2
who.gho.mdg-0000000007,MDG_0000000007:BGR:SEX_FMLE:AGEGROUP_YEARSUNDER5:WEALTHQUINTILE_TOTL,1966-01-01,2026-09-07T16:09:38Z,value,33.195355866,,who.gho.mdg-0000000007,raw/who.gho.mdg-0000000007/2026/09/20260907T160938Z-81612038db74.json.gz,2
who.gho.mdg-0000000007,MDG_0000000007:BGR:SEX_MLE:AGEGROUP_YEARSUNDER5:WEALTHQUINTILE_TOTL,1966-01-01,2026-09-07T16:10:58Z,high,41.217859954,,who.gho.mdg-0000000007,raw/who.gho.mdg-0000000007/2026/09/20260907T161058Z-4d8f6ed35960.json.gz,2
who.gho.mdg-0000000007,MDG_0000000007:BGR:SEX_MLE:AGEGROUP_YEARSUNDER5:WEALTHQUINTILE_TOTL,1966-01-01,2026-09-07T16:10:58Z,low,39.291138233,,who.gho.mdg-0000000007,raw/who.gho.mdg-0000000007/2026/09/20260907T161058Z-4d8f6ed35960.json.gz,2
who.gho.mdg-0000000007,MDG_0000000007:BGR:SEX_MLE:AGEGROUP_YEARSUNDER5:WEALTHQUINTILE_TOTL,1966-01-01,2026-09-07T16:10:58Z,restated_at,2026-08-05,,who.gho.mdg-0000000007,raw/who.gho.mdg-0000000007/2026/09/20260907T161058Z-4d8f6ed35960.json.gz,2
who.gho.mdg-0000000007,MDG_0000000007:BGR:SEX_MLE:AGEGROUP_YEARSUNDER5:WEALTHQUINTILE_TOTL,1966-01-01,2026-09-07T16:10:58Z,value,40.246577318,,who.gho.mdg-0000000007,raw/who.gho.mdg-0000000007/2026/09/20260907T161058Z-4d8f6ed35960.json.gz,2
who.gho.mdg-0000000007,MDG_0000000007:BHR:SEX_BTSX:AGEGROUP_YEARSUNDER5:WEALTHQUINTILE_TOTL,1966-01-01,2026-09-07T16:10:58Z,high,131.594314097,,who.gho.mdg-0000000007,raw/who.gho.mdg-0000000007/2026/09/20260907T161058Z-4d8f6ed35960.json.gz,2
who.gho.mdg-0000000007,MDG_0000000007:BHR:SEX_BTSX:AGEGROUP_YEARSUNDER5:WEALTHQUINTILE_TOTL,1966-01-01,2026-09-07T16:10:58Z,low,101.038683466,,who.gho.mdg-0000000007,raw/who.gho.mdg-0000000007/2026/09/20260907T161058Z-4d8f6ed35960.json.gz,2
who.gho.mdg-0000000007,MDG_0000000007:BHR:SEX_BTSX:AGEGROUP_YEARSUNDER5:WEALTHQUINTILE_TOTL,1966-01-01,2026-09-07T16:10:58Z,restated_at,2026-08-05,,who.gho.mdg-0000000007,raw/who.gho.mdg-0000000007/2026/09/20260907T161058Z-4d8f6ed35960.json.gz,2
who.gho.mdg-0000000007,MDG_0000000007:BHR:SEX_BTSX:AGEGROUP_YEARSUNDER5:WEALTHQUINTILE_TOTL,1966-01-01,2026-09-07T16:10:58Z,value,115.551090931,,who.gho.mdg-0000000007,raw/who.gho.mdg-0000000007/2026/09/20260907T161058Z-4d8f6ed35960.json.gz,2
who.gho.mdg-0000000007,MDG_0000000007:BHR:SEX_FMLE:AGEGROUP_YEARSUNDER5:WEALTHQUINTILE_TOTL,1966-01-01,2026-09-07T16:10:24Z,high,130.473365058,,who.gho.mdg-0000000007,raw/who.gho.mdg-0000000007/2026/09/20260907T161024Z-808a2a46070d.json.gz,2
who.gho.mdg-0000000007,MDG_0000000007:BHR:SEX_FMLE:AGEGROUP_YEARSUNDER5:WEALTHQUINTILE_TOTL,1966-01-01,2026-09-07T16:10:24Z,low,98.506882111,,who.gho.mdg-0000000007,raw/who.gho.mdg-0000000007/2026/09/20260907T161024Z-808a2a46070d.json.gz,2
who.gho.mdg-0000000007,MDG_0000000007:BHR:SEX_FMLE:AGEGROUP_YEARSUNDER5:WEALTHQUINTILE_TOTL,1966-01-01,2026-09-07T16:10:24Z,restated_at,2026-08-05,,who.gho.mdg-0000000007,raw/who.gho.mdg-0000000007/2026/09/20260907T161024Z-808a2a46070d.json.gz,2
who.gho.mdg-0000000007,MDG_0000000007:BHR:SEX_FMLE:AGEGROUP_YEARSUNDER5:WEALTHQUINTILE_TOTL,1966-01-01,2026-09-07T16:10:24Z,value,113.713251708,,who.gho.mdg-0000000007,raw/who.gho.mdg-0000000007/2026/09/20260907T161024Z-808a2a46070d.json.gz,2
who.gho.mdg-0000000007,MDG_0000000007:BHR:SEX_MLE:AGEGROUP_YEARSUNDER5:WEALTHQUINTILE_TOTL,1966-01-01,2026-09-07T16:06:26Z,high,133.941887385,,who.gho.mdg-0000000007,raw/who.gho.mdg-0000000007/2026/09/20260907T160626Z-083ef708c2ee.json.gz,2
who.gho.mdg-0000000007,MDG_0000000007:BHR:SEX_MLE:AGEGROUP_YEARSUNDER5:WEALTHQUINTILE_TOTL,1966-01-01,2026-09-07T16:06:26Z,low,101.868790882,,who.gho.mdg-0000000007,raw/who.gho.mdg-0000000007/2026/09/20260907T160626Z-083ef708c2ee.json.gz,2
who.gho.mdg-0000000007,MDG_0000000007:BHR:SEX_MLE:AGEGROUP_YEARSUNDER5:WEALTHQUINTILE_TOTL,1966-01-01,2026-09-07T16:06:26Z,restated_at,2026-08-05,,who.gho.mdg-0000000007,raw/who.gho.mdg-0000000007/2026/09/20260907T160626Z-083ef708c2ee.json.gz,2
who.gho.mdg-0000000007,MDG_0000000007:BHR:SEX_MLE:AGEGROUP_YEARSUNDER5:WEALTHQUINTILE_TOTL,1966-01-01,2026-09-07T16:06:26Z,value,117.199438359,,who.gho.mdg-0000000007,raw/who.gho.mdg-0000000007/2026/09/20260907T160626Z-083ef708c2ee.json.gz,2
who.gho.mdg-0000000007,MDG_0000000007:BLR:SEX_BTSX:AGEGROUP_YEARSUNDER5:WEALTHQUINTILE_TOTL,1966-01-01,2026-09-07T16:08:54Z,high,28.781435748,,who.gho.mdg-0000000007,raw/who.gho.mdg-0000000007/2026/09/20260907T160854Z-e3873ac72928.json.gz,2
who.gho.mdg-0000000007,MDG_0000000007:BLR:SEX_BTSX:AGEGROUP_YEARSUNDER5:WEALTHQUINTILE_TOTL,1966-01-01,2026-09-07T16:08:54Z,low,25.351970299,,who.gho.mdg-0000000007,raw/who.gho.mdg-0000000007/2026/09/20260907T160854Z-e3873ac72928.json.gz,2
who.gho.mdg-0000000007,MDG_0000000007:BLR:SEX_BTSX:AGEGROUP_YEARSUNDER5:WEALTHQUINTILE_TOTL,1966-01-01,2026-09-07T16:08:54Z,restated_at,2026-08-05,,who.gho.mdg-0000000007,raw/who.gho.mdg-0000000007/2026/09/20260907T160854Z-e3873ac72928.json.gz,2
who.gho.mdg-0000000007,MDG_0000000007:BLR:SEX_BTSX:AGEGROUP_YEARSUNDER5:WEALTHQUINTILE_TOTL,1966-01-01,2026-09-07T16:08:54Z,value,27.036250539,,who.gho.mdg-0000000007,raw/who.gho.mdg-0000000007/2026/09/20260907T160854Z-e3873ac72928.json.gz,2
who.gho.mdg-0000000007,MDG_0000000007:BLR:SEX_FMLE:AGEGROUP_YEARSUNDER5:WEALTHQUINTILE_TOTL,1966-01-01,2026-09-07T16:08:38Z,high,25.040038912,,who.gho.mdg-0000000007,raw/who.gho.mdg-0000000007/2026/09/20260907T160838Z-ad9f959b97c6.json.gz,2
who.gho.mdg-0000000007,MDG_0000000007:BLR:SEX_FMLE:AGEGROUP_YEARSUNDER5:WEALTHQUINTILE_TOTL,1966-01-01,2026-09-07T16:08:38Z,low,21.472916197,,who.gho.mdg-0000000007,raw/who.gho.mdg-0000000007/2026/09/20260907T160838Z-ad9f959b97c6.json.gz,2
who.gho.mdg-0000000007,MDG_0000000007:BLR:SEX_FMLE:AGEGROUP_YEARSUNDER5:WEALTHQUINTILE_TOTL,1966-01-01,2026-09-07T16:08:38Z,restated_at,2026-08-05,,who.gho.mdg-0000000007,raw/who.gho.mdg-0000000007/2026/09/20260907T160838Z-ad9f959b97c6.json.gz,2
who.gho.mdg-0000000007,MDG_0000000007:BLR:SEX_FMLE:AGEGROUP_YEARSUNDER5:WEALTHQUINTILE_TOTL,1966-01-01,2026-09-07T16:08:38Z,value,23.208825226,,who.gho.mdg-0000000007,raw/who.gho.mdg-0000000007/2026/09/20260907T160838Z-ad9f959b97c6.json.gz,2
who.gho.mdg-0000000007,MDG_0000000007:BLR:SEX_MLE:AGEGROUP_YEARSUNDER5:WEALTHQUINTILE_TOTL,1966-01-01,2026-09-07T16:09:34Z,high,32.876172311,,who.gho.mdg-0000000007,raw/who.gho.mdg-0000000007/2026/09/20260907T160934Z-f7f0902b1194.json.gz,2
who.gho.mdg-0000000007,MDG_0000000007:BLR:SEX_MLE:AGEGROUP_YEARSUNDER5:WEALTHQUINTILE_TOTL,1966-01-01,2026-09-07T16:09:34Z,low,28.555481836,,who.gho.mdg-0000000007,raw/who.gho.mdg-0000000007/2026/09/20260907T160934Z-f7f0902b1194.json.gz,2
who.gho.mdg-0000000007,MDG_0000000007:BLR:SEX_MLE:AGEGROUP_YEARSUNDER5:WEALTHQUINTILE_TOTL,1966-01-01,2026-09-07T16:09:34Z,restated_at,2026-08-05,,who.gho.mdg-0000000007,raw/who.gho.mdg-0000000007/2026/09/20260907T160934Z-f7f0902b1194.json.gz,2
who.gho.mdg-0000000007,MDG_0000000007:BLR:SEX_MLE:AGEGROUP_YEARSUNDER5:WEALTHQUINTILE_TOTL,1966-01-01,2026-09-07T16:09:34Z,value,30.669104758,,who.gho.mdg-0000000007,raw/who.gho.mdg-0000000007/2026/09/20260907T160934Z-f7f0902b1194.json.gz,2
who.gho.mdg-0000000007,MDG_0000000007:BOL:SEX_BTSX:AGEGROUP_YEARSUNDER5:WEALTHQUINTILE_TOTL,1966-01-01,2026-09-07T16:09:03Z,high,273.81190309,,who.gho.mdg-0000000007,raw/who.gho.mdg-0000000007/2026/09/20260907T160903Z-df09845b881e.json.gz,2
who.gho.mdg-0000000007,MDG_0000000007:BOL:SEX_BTSX:AGEGROUP_YEARSUNDER5:WEALTHQUINTILE_TOTL,1966-01-01,2026-09-07T16:09:03Z,low,227.791275421,,who.gho.mdg-0000000007,raw/who.gho.mdg-0000000007/2026/09/20260907T160903Z-df09845b881e.json.gz,2
who.gho.mdg-0000000007,MDG_0000000007:BOL:SEX_BTSX:AGEGROUP_YEARSUNDER5:WEALTHQUINTILE_TOTL,1966-01-01,2026-09-07T16:09:03Z,restated_at,2026-08-05,,who.gho.mdg-0000000007,raw/who.gho.mdg-0000000007/2026/09/20260907T160903Z-df09845b881e.json.gz,2
who.gho.mdg-0000000007,MDG_0000000007:BOL:SEX_BTSX:AGEGROUP_YEARSUNDER5:WEALTHQUINTILE_TOTL,1966-01-01,2026-09-07T16:09:03Z,value,249.812580421,,who.gho.mdg-0000000007,raw/who.gho.mdg-0000000007/2026/09/20260907T160903Z-df09845b881e.json.gz,2
who.gho.mdg-0000000007,MDG_0000000007:BOL:SEX_FMLE:AGEGROUP_YEARSUNDER5:WEALTHQUINTILE_TOTL,1966-01-01,2026-09-07T16:09:51Z,high,258.878441181,,who.gho.mdg-0000000007,raw/who.gho.mdg-0000000007/2026/09/20260907T160951Z-f1aadb832125.json.gz,2
who.gho.mdg-0000000007,MDG_0000000007:BOL:SEX_FMLE:AGEGROUP_YEARSUNDER5:WEALTHQUINTILE_TOTL,1966-01-01,2026-09-07T16:09:51Z,low,214.318590315,,who.gho.mdg-0000000007,raw/who.gho.mdg-0000000007/2026/09/20260907T160951Z-f1aadb832125.json.gz,2
who.gho.mdg-0000000007,MDG_0000000007:BOL:SEX_FMLE:AGEGROUP_YEARSUNDER5:WEALTHQUINTILE_TOTL,1966-01-01,2026-09-07T16:09:51Z,restated_at,2026-08-05,,who.gho.mdg-0000000007,raw/who.gho.mdg-0000000007/2026/09/20260907T160951Z-f1aadb832125.json.gz,2
who.gho.mdg-0000000007,MDG_0000000007:BOL:SEX_FMLE:AGEGROUP_YEARSUNDER5:WEALTHQUINTILE_TOTL,1966-01-01,2026-09-07T16:09:51Z,value,235.6246019,,who.gho.mdg-0000000007,raw/who.gho.mdg-0000000007/2026/09/20260907T160951Z-f1aadb832125.json.gz,2
who.gho.mdg-0000000007,MDG_0000000007:BOL:SEX_MLE:AGEGROUP_YEARSUNDER5:WEALTHQUINTILE_TOTL,1966-01-01,2026-09-07T16:10:45Z,high,289.256379324,,who.gho.mdg-0000000007,raw/who.gho.mdg-0000000007/2026/09/20260907T161045Z-53a7d24c459b.json.gz,2
who.gho.mdg-0000000007,MDG_0000000007:BOL:SEX_MLE:AGEGROUP_YEARSUNDER5:WEALTHQUINTILE_TOTL,1966-01-01,2026-09-07T16:10:45Z,low,239.507139227,,who.gho.mdg-0000000007,raw/who.gho.mdg-0000000007/2026/09/20260907T161045Z-53a7d24c459b.json.gz,2
who.gho.mdg-0000000007,MDG_0000000007:BOL:SEX_MLE:AGEGROUP_YEARSUNDER5:WEALTHQUINTILE_TOTL,1966-01-01,2026-09-07T16:10:45Z,restated_at,2026-08-05,,who.gho.mdg-0000000007,raw/who.gho.mdg-0000000007/2026/09/20260907T161045Z-53a7d24c459b.json.gz,2
who.gho.mdg-0000000007,MDG_0000000007:BOL:SEX_MLE:AGEGROUP_YEARSUNDER5:WEALTHQUINTILE_TOTL,1966-01-01,2026-09-07T16:10:45Z,value,263.232012283,,who.gho.mdg-0000000007,raw/who.gho.mdg-0000000007/2026/09/20260907T161045Z-53a7d24c459b.json.gz,2
who.gho.mdg-0000000007,MDG_0000000007:BRA:SEX_BTSX:AGEGROUP_YEARSUNDER5:WEALTHQUINTILE_TOTL,1966-01-01,2026-09-07T16:04:52Z,high,155.272023178,,who.gho.mdg-0000000007,raw/who.gho.mdg-0000000007/2026/09/20260907T160452Z-cad637d9cec2.json.gz,2
who.gho.mdg-0000000007,MDG_0000000007:BRA:SEX_BTSX:AGEGROUP_YEARSUNDER5:WEALTHQUINTILE_TOTL,1966-01-01,2026-09-07T16:04:52Z,low,135.036049371,,who.gho.mdg-0000000007,raw/who.gho.mdg-0000000007/2026/09/20260907T160452Z-cad637d9cec2.json.gz,2
who.gho.mdg-0000000007,MDG_0000000007:BRA:SEX_BTSX:AGEGROUP_YEARSUNDER5:WEALTHQUINTILE_TOTL,1966-01-01,2026-09-07T16:04:52Z,restated_at,2026-08-05,,who.gho.mdg-0000000007,raw/who.gho.mdg-0000000007/2026/09/20260907T160452Z-cad637d9cec2.json.gz,2
who.gho.mdg-0000000007,MDG_0000000007:BRA:SEX_BTSX:AGEGROUP_YEARSUNDER5:WEALTHQUINTILE_TOTL,1966-01-01,2026-09-07T16:04:52Z,value,144.995725868,,who.gho.mdg-0000000007,raw/who.gho.mdg-0000000007/2026/09/20260907T160452Z-cad637d9cec2.json.gz,2
who.gho.mdg-0000000007,MDG_0000000007:BRA:SEX_FMLE:AGEGROUP_YEARSUNDER5:WEALTHQUINTILE_TOTL,1966-01-01,2026-09-07T16:10:21Z,high,142.730014,,who.gho.mdg-0000000007,raw/who.gho.mdg-0000000007/2026/09/20260907T161021Z-3e9ba1677574.json.gz,2
who.gho.mdg-0000000007,MDG_0000000007:BRA:SEX_FMLE:AGEGROUP_YEARSUNDER5:WEALTHQUINTILE_TOTL,1966-01-01,2026-09-07T16:10:21Z,low,122.169052153,,who.gho.mdg-0000000007,raw/who.gho.mdg-0000000007/2026/09/20260907T161021Z-3e9ba1677574.json.gz,2
who.gho.mdg-0000000007,MDG_0000000007:BRA:SEX_FMLE:AGEGROUP_YEARSUNDER5:WEALTHQUINTILE_TOTL,1966-01-01,2026-09-07T16:10:21Z,restated_at,2026-08-05,,who.gho.mdg-0000000007,raw/who.gho.mdg-0000000007/2026/09/20260907T161021Z-3e9ba1677574.json.gz,2
who.gho.mdg-0000000007,MDG_0000000007:BRA:SEX_FMLE:AGEGROUP_YEARSUNDER5:WEALTHQUINTILE_TOTL,1966-01-01,2026-09-07T16:10:21Z,value,132.123467164,,who.gho.mdg-0000000007,raw/who.gho.mdg-0000000007/2026/09/20260907T161021Z-3e9ba1677574.json.gz,2
who.gho.mdg-0000000007,MDG_0000000007:BRA:SEX_MLE:AGEGROUP_YEARSUNDER5:WEALTHQUINTILE_TOTL,1966-01-01,2026-09-07T16:10:12Z,high,169.351802622,,who.gho.mdg-0000000007,raw/who.gho.mdg-0000000007/2026/09/20260907T161012Z-af10f639113a.json.gz,2
who.gho.mdg-0000000007,MDG_0000000007:BRA:SEX_MLE:AGEGROUP_YEARSUNDER5:WEALTHQUINTILE_TOTL,1966-01-01,2026-09-07T16:10:12Z,low,145.638959641,,who.gho.mdg-0000000007,raw/who.gho.mdg-0000000007/2026/09/20260907T161012Z-af10f639113a.json.gz,2
who.gho.mdg-0000000007,MDG_0000000007:BRA:SEX_MLE:AGEGROUP_YEARSUNDER5:WEALTHQUINTILE_TOTL,1966-01-01,2026-09-07T16:10:12Z,restated_at,2026-08-05,,who.gho.mdg-0000000007,raw/who.gho.mdg-0000000007/2026/09/20260907T161012Z-af10f639113a.json.gz,2
who.gho.mdg-0000000007,MDG_0000000007:BRA:SEX_MLE:AGEGROUP_YEARSUNDER5:WEALTHQUINTILE_TOTL,1966-01-01,2026-09-07T16:10:12Z,value,157.095476287,,who.gho.mdg-0000000007,raw/who.gho.mdg-0000000007/2026/09/20260907T161012Z-af10f639113a.json.gz,2
who.gho.mdg-0000000007,MDG_0000000007:BRB:SEX_BTSX:AGEGROUP_YEARSUNDER5:WEALTHQUINTILE_TOTL,1966-01-01,2026-09-07T16:09:41Z,high,59.831319563,,who.gho.mdg-0000000007,raw/who.gho.mdg-0000000007/2026/09/20260907T160941Z-845bd0fc2e92.json.gz,2
who.gho.mdg-0000000007,MDG_0000000007:BRB:SEX_BTSX:AGEGROUP_YEARSUNDER5:WEALTHQUINTILE_TOTL,1966-01-01,2026-09-07T16:09:41Z,low,56.010296541,,who.gho.mdg-0000000007,raw/who.gho.mdg-0000000007/2026/09/20260907T160941Z-845bd0fc2e92.json.gz,2
who.gho.mdg-0000000007,MDG_0000000007:BRB:SEX_BTSX:AGEGROUP_YEARSUNDER5:WEALTHQUINTILE_TOTL,1966-01-01,2026-09-07T16:09:41Z,restated_at,2026-08-05,,who.gho.mdg-0000000007,raw/who.gho.mdg-0000000007/2026/09/20260907T160941Z-845bd0fc2e92.json.gz,2
who.gho.mdg-0000000007,MDG_0000000007:BRB:SEX_BTSX:AGEGROUP_YEARSUNDER5:WEALTHQUINTILE_TOTL,1966-01-01,2026-09-07T16:09:41Z,value,57.917239565,,who.gho.mdg-0000000007,raw/who.gho.mdg-0000000007/2026/09/20260907T160941Z-845bd0fc2e92.json.gz,2
who.gho.mdg-0000000007,MDG_0000000007:BRB:SEX_FMLE:AGEGROUP_YEARSUNDER5:WEALTHQUINTILE_TOTL,1966-01-01,2026-09-07T16:09:38Z,high,54.842816705,,who.gho.mdg-0000000007,raw/who.gho.mdg-0000000007/2026/09/20260907T160938Z-81612038db74.json.gz,2
who.gho.mdg-0000000007,MDG_0000000007:BRB:SEX_FMLE:AGEGROUP_YEARSUNDER5:WEALTHQUINTILE_TOTL,1966-01-01,2026-09-07T16:09:38Z,low,50.502892243,,who.gho.mdg-0000000007,raw/who.gho.mdg-0000000007/2026/09/20260907T160938Z-81612038db74.json.gz,2
who.gho.mdg-0000000007,MDG_0000000007:BRB:SEX_FMLE:AGEGROUP_YEARSUNDER5:WEALTHQUINTILE_TOTL,1966-01-01,2026-09-07T16:09:38Z,restated_at,2026-08-05,,who.gho.mdg-0000000007,raw/who.gho.mdg-0000000007/2026/09/20260907T160938Z-81612038db74.json.gz,2
who.gho.mdg-0000000007,MDG_0000000007:BRB:SEX_FMLE:AGEGROUP_YEARSUNDER5:WEALTHQUINTILE_TOTL,1966-01-01,2026-09-07T16:09:38Z,value,52.69542789,,who.gho.mdg-0000000007,raw/who.gho.mdg-0000000007/2026/09/20260907T160938Z-81612038db74.json.gz,2
who.gho.mdg-0000000007,MDG_0000000007:BRB:SEX_MLE:AGEGROUP_YEARSUNDER5:WEALTHQUINTILE_TOTL,1966-01-01,2026-09-07T16:05:48Z,high,65.307251097,,who.gho.mdg-0000000007,raw/who.gho.mdg-0000000007/2026/09/20260907T160548Z-1609a76f5ecc.json.gz,2
who.gho.mdg-0000000007,MDG_0000000007:BRB:SEX_MLE:AGEGROUP_YEARSUNDER5:WEALTHQUINTILE_TOTL,1966-01-01,2026-09-07T16:05:48Z,low,60.513218257,,who.gho.mdg-0000000007,raw/who.gho.mdg-0000000007/2026/09/20260907T160548Z-1609a76f5ecc.json.gz,2
who.gho.mdg-0000000007,MDG_0000000007:BRB:SEX_MLE:AGEGROUP_YEARSUNDER5:WEALTHQUINTILE_TOTL,1966-01-01,2026-09-07T16:05:48Z,restated_at,2026-08-05,,who.gho.mdg-0000000007,raw/who.gho.mdg-0000000007/2026/09/20260907T160548Z-1609a76f5ecc.json.gz,2
who.gho.mdg-0000000007,MDG_0000000007:BRB:SEX_MLE:AGEGROUP_YEARSUNDER5:WEALTHQUINTILE_TOTL,1966-01-01,2026-09-07T16:05:48Z,value,62.842986119,,who.gho.mdg-0000000007,raw/who.gho.mdg-0000000007/2026/09/20260907T160548Z-1609a76f5ecc.json.gz,2
who.gho.mdg-0000000007,MDG_0000000007:BRN:SEX_BTSX:AGEGROUP_YEARSUNDER5:WEALTHQUINTILE_TOTL,1966-01-01,2026-09-07T16:09:59Z,high,64.273059786,,who.gho.mdg-0000000007,raw/who.gho.mdg-0000000007/2026/09/20260907T160959Z-e41937f31aea.json.gz,2
who.gho.mdg-0000000007,MDG_0000000007:BRN:SEX_BTSX:AGEGROUP_YEARSUNDER5:WEALTHQUINTILE_TOTL,1966-01-01,2026-09-07T16:09:59Z,low,55.830591448,,who.gho.mdg-0000000007,raw/who.gho.mdg-0000000007/2026/09/20260907T160959Z-e41937f31aea.json.gz,2
who.gho.mdg-0000000007,MDG_0000000007:BRN:SEX_BTSX:AGEGROUP_YEARSUNDER5:WEALTHQUINTILE_TOTL,1966-01-01,2026-09-07T16:09:59Z,restated_at,2026-08-05,,who.gho.mdg-0000000007,raw/who.gho.mdg-0000000007/2026/09/20260907T160959Z-e41937f31aea.json.gz,2
who.gho.mdg-0000000007,MDG_0000000007:BRN:SEX_BTSX:AGEGROUP_YEARSUNDER5:WEALTHQUINTILE_TOTL,1966-01-01,2026-09-07T16:09:59Z,value,59.898379314,,who.gho.mdg-0000000007,raw/who.gho.mdg-0000000007/2026/09/20260907T160959Z-e41937f31aea.json.gz,2
who.gho.mdg-0000000007,MDG_0000000007:BRN:SEX_FMLE:AGEGROUP_YEARSUNDER5:WEALTHQUINTILE_TOTL,1966-01-01,2026-09-07T16:11:22Z,high,59.95391309,,who.gho.mdg-0000000007,raw/who.gho.mdg-0000000007/2026/09/20260907T161122Z-4e9c288e3adb.json.gz,2
who.gho.mdg-0000000007,MDG_0000000007:BRN:SEX_FMLE:AGEGROUP_YEARSUNDER5:WEALTHQUINTILE_TOTL,1966-01-01,2026-09-07T16:11:22Z,low,51.566405134,,who.gho.mdg-0000000007,raw/who.gho.mdg-0000000007/2026/09/20260907T161122Z-4e9c288e3adb.json.gz,2
who.gho.mdg-0000000007,MDG_0000000007:BRN:SEX_FMLE:AGEGROUP_YEARSUNDER5:WEALTHQUINTILE_TOTL,1966-01-01,2026-09-07T16:11:22Z,restated_at,2026-08-05,,who.gho.mdg-0000000007,raw/who.gho.mdg-0000000007/2026/09/20260907T161122Z-4e9c288e3adb.json.gz,2
who.gho.mdg-0000000007,MDG_0000000007:BRN:SEX_FMLE:AGEGROUP_YEARSUNDER5:WEALTHQUINTILE_TOTL,1966-01-01,2026-09-07T16:11:22Z,value,55.59554219,,who.gho.mdg-0000000007,raw/who.gho.mdg-0000000007/2026/09/20260907T161122Z-4e9c288e3adb.json.gz,2
who.gho.mdg-0000000007,MDG_0000000007:BRN:SEX_MLE:AGEGROUP_YEARSUNDER5:WEALTHQUINTILE_TOTL,1966-01-01,2026-09-07T16:06:34Z,high,68.869535704,,who.gho.mdg-0000000007,raw/who.gho.mdg-0000000007/2026/09/20260907T160634Z-2774fa4e213c.json.gz,2
who.gho.mdg-0000000007,MDG_0000000007:BRN:SEX_MLE:AGEGROUP_YEARSUNDER5:WEALTHQUINTILE_TOTL,1966-01-01,2026-09-07T16:06:34Z,low,59.474979795,,who.gho.mdg-0000000007,raw/who.gho.mdg-0000000007/2026/09/20260907T160634Z-2774fa4e213c.json.gz,2
who.gho.mdg-0000000007,MDG_0000000007:BRN:SEX_MLE:AGEGROUP_YEARSUNDER5:WEALTHQUINTILE_TOTL,1966-01-01,2026-09-07T16:06:34Z,restated_at,2026-08-05,,who.gho.mdg-0000000007,raw/who.gho.mdg-0000000007/2026/09/20260907T160634Z-2774fa4e213c.json.gz,2
who.gho.mdg-0000000007,MDG_0000000007:BRN:SEX_MLE:AGEGROUP_YEARSUNDER5:WEALTHQUINTILE_TOTL,1966-01-01,2026-09-07T16:06:34Z,value,63.992167337,,who.gho.mdg-0000000007,raw/who.gho.mdg-0000000007/2026/09/20260907T160634Z-2774fa4e213c.json.gz,2
who.gho.mdg-0000000007,MDG_0000000007:BWA:SEX_BTSX:AGEGROUP_YEARSUNDER5:WEALTHQUINTILE_TOTL,1966-01-01,2026-09-07T16:09:03Z,high,163.933241497,,who.gho.mdg-0000000007,raw/who.gho.mdg-0000000007/2026/09/20260907T160903Z-df09845b881e.json.gz,2
who.gho.mdg-0000000007,MDG_0000000007:BWA:SEX_BTSX:AGEGROUP_YEARSUNDER5:WEALTHQUINTILE_TOTL,1966-01-01,2026-09-07T16:09:03Z,low,122.918843185,,who.gho.mdg-0000000007,raw/who.gho.mdg-0000000007/2026/09/20260907T160903Z-df09845b881e.json.gz,2
who.gho.mdg-0000000007,MDG_0000000007:BWA:SEX_BTSX:AGEGROUP_YEARSUNDER5:WEALTHQUINTILE_TOTL,1966-01-01,2026-09-07T16:09:03Z,restated_at,2026-08-05,,who.gho.mdg-0000000007,raw/who.gho.mdg-0000000007/2026/09/20260907T160903Z-df09845b881e.json.gz,2
who.gho.mdg-0000000007,MDG_0000000007:BWA:SEX_BTSX:AGEGROUP_YEARSUNDER5:WEALTHQUINTILE_TOTL,1966-01-01,2026-09-07T16:09:03Z,value,141.925823819,,who.gho.mdg-0000000007,raw/who.gho.mdg-0000000007/2026/09/20260907T160903Z-df09845b881e.json.gz,2
who.gho.mdg-0000000007,MDG_0000000007:BWA:SEX_FMLE:AGEGROUP_YEARSUNDER5:WEALTHQUINTILE_TOTL,1966-01-01,2026-09-07T16:09:13Z,high,154.615113009,,who.gho.mdg-0000000007,raw/who.gho.mdg-0000000007/2026/09/20260907T160913Z-86e8fac132bd.json.gz,2
who.gho.mdg-0000000007,MDG_0000000007:BWA:SEX_FMLE:AGEGROUP_YEARSUNDER5:WEALTHQUINTILE_TOTL,1966-01-01,2026-09-07T16:09:13Z,low,114.436613734,,who.gho.mdg-0000000007,raw/who.gho.mdg-0000000007/2026/09/20260907T160913Z-86e8fac132bd.json.gz,2
who.gho.mdg-0000000007,MDG_0000000007:BWA:SEX_FMLE:AGEGROUP_YEARSUNDER5:WEALTHQUINTILE_TOTL,1966-01-01,2026-09-07T16:09:13Z,restated_at,2026-08-05,,who.gho.mdg-0000000007,raw/who.gho.mdg-0000000007/2026/09/20260907T160913Z-86e8fac132bd.json.gz,2
who.gho.mdg-0000000007,MDG_0000000007:BWA:SEX_FMLE:AGEGROUP_YEARSUNDER5:WEALTHQUINTILE_TOTL,1966-01-01,2026-09-07T16:09:13Z,value,133.030092615,,who.gho.mdg-0000000007,raw/who.gho.mdg-0000000007/2026/09/20260907T160913Z-86e8fac132bd.json.gz,2
who.gho.mdg-0000000007,MDG_0000000007:BWA:SEX_MLE:AGEGROUP_YEARSUNDER5:WEALTHQUINTILE_TOTL,1966-01-01,2026-09-07T16:09:13Z,high,174.079403453,,who.gho.mdg-0000000007,raw/who.gho.mdg-0000000007/2026/09/20260907T160913Z-86e8fac132bd.json.gz,2
who.gho.mdg-0000000007,MDG_0000000007:BWA:SEX_MLE:AGEGROUP_YEARSUNDER5:WEALTHQUINTILE_TOTL,1966-01-01,2026-09-07T16:09:13Z,low,129.403946741,,who.gho.mdg-0000000007,raw/who.gho.mdg-0000000007/2026/09/20260907T160913Z-86e8fac132bd.json.gz,2
who.gho.mdg-0000000007,MDG_0000000007:BWA:SEX_MLE:AGEGROUP_YEARSUNDER5:WEALTHQUINTILE_TOTL,1966-01-01,2026-09-07T16:09:13Z,restated_at,2026-08-05,,who.gho.mdg-0000000007,raw/who.gho.mdg-0000000007/2026/09/20260907T160913Z-86e8fac132bd.json.gz,2
who.gho.mdg-0000000007,MDG_0000000007:BWA:SEX_MLE:AGEGROUP_YEARSUNDER5:WEALTHQUINTILE_TOTL,1966-01-01,2026-09-07T16:09:13Z,value,150.03453126,,who.gho.mdg-0000000007,raw/who.gho.mdg-0000000007/2026/09/20260907T160913Z-86e8fac132bd.json.gz,2
who.gho.mdg-0000000007,MDG_0000000007:CAF:SEX_BTSX:AGEGROUP_YEARSUNDER5:WEALTHQUINTILE_TOTL,1966-01-01,2026-09-07T16:10:07Z,high,300.434365639,,who.gho.mdg-0000000007,raw/who.gho.mdg-0000000007/2026/09/20260907T161007Z-28c6cde3082c.json.gz,2
who.gho.mdg-0000000007,MDG_0000000007:CAF:SEX_BTSX:AGEGROUP_YEARSUNDER5:WEALTHQUINTILE_TOTL,1966-01-01,2026-09-07T16:10:07Z,low,211.193412198,,who.gho.mdg-0000000007,raw/who.gho.mdg-0000000007/2026/09/20260907T161007Z-28c6cde3082c.json.gz,2
who.gho.mdg-0000000007,MDG_0000000007:CAF:SEX_BTSX:AGEGROUP_YEARSUNDER5:WEALTHQUINTILE_TOTL,1966-01-01,2026-09-07T16:10:07Z,restated_at,2026-08-05,,who.gho.mdg-0000000007,raw/who.gho.mdg-0000000007/2026/09/20260907T161007Z-28c6cde3082c.json.gz,2
who.gho.mdg-0000000007,MDG_0000000007:CAF:SEX_BTSX:AGEGROUP_YEARSUNDER5:WEALTHQUINTILE_TOTL,1966-01-01,2026-09-07T16:10:07Z,value,250.594429514,,who.gho.mdg-0000000007,raw/who.gho.mdg-0000000007/2026/09/20260907T161007Z-28c6cde3082c.json.gz,2
who.gho.mdg-0000000007,MDG_0000000007:CAF:SEX_FMLE:AGEGROUP_YEARSUNDER5:WEALTHQUINTILE_TOTL,1966-01-01,2026-09-07T16:09:59Z,high,294.743145785,,who.gho.mdg-0000000007,raw/who.gho.mdg-0000000007/2026/09/20260907T160959Z-e41937f31aea.json.gz,2
who.gho.mdg-0000000007,MDG_0000000007:CAF:SEX_FMLE:AGEGROUP_YEARSUNDER5:WEALTHQUINTILE_TOTL,1966-01-01,2026-09-07T16:09:59Z,low,205.367521391,,who.gho.mdg-0000000007,raw/who.gho.mdg-0000000007/2026/09/20260907T160959Z-e41937f31aea.json.gz,2
who.gho.mdg-0000000007,MDG_0000000007:CAF:SEX_FMLE:AGEGROUP_YEARSUNDER5:WEALTHQUINTILE_TOTL,1966-01-01,2026-09-07T16:09:59Z,restated_at,2026-08-05,,who.gho.mdg-0000000007,raw/who.gho.mdg-0000000007/2026/09/20260907T160959Z-e41937f31aea.json.gz,2
who.gho.mdg-0000000007,MDG_0000000007:CAF:SEX_FMLE:AGEGROUP_YEARSUNDER5:WEALTHQUINTILE_TOTL,1966-01-01,2026-09-07T16:09:59Z,value,245.421040889,,who.gho.mdg-0000000007,raw/who.gho.mdg-0000000007/2026/09/20260907T160959Z-e41937f31aea.json.gz,2
who.gho.mdg-0000000007,MDG_0000000007:CAF:SEX_MLE:AGEGROUP_YEARSUNDER5:WEALTHQUINTILE_TOTL,1966-01-01,2026-09-07T16:05:52Z,high,307.457947605,,who.gho.mdg-0000000007,raw/who.gho.mdg-0000000007/2026/09/20260907T160552Z-f44dce2e8a23.json.gz,2
who.gho.mdg-0000000007,MDG_0000000007:CAF:SEX_MLE:AGEGROUP_YEARSUNDER5:WEALTHQUINTILE_TOTL,1966-01-01,2026-09-07T16:05:52Z,low,215.361072436,,who.gho.mdg-0000000007,raw/who.gho.mdg-0000000007/2026/09/20260907T160552Z-f44dce2e8a23.json.gz,2
who.gho.mdg-0000000007,MDG_0000000007:CAF:SEX_MLE:AGEGROUP_YEARSUNDER5:WEALTHQUINTILE_TOTL,1966-01-01,2026-09-07T16:05:52Z,restated_at,2026-08-05,,who.gho.mdg-0000000007,raw/who.gho.mdg-0000000007/2026/09/20260907T160552Z-f44dce2e8a23.json.gz,2
who.gho.mdg-0000000007,MDG_0000000007:CAF:SEX_MLE:AGEGROUP_YEARSUNDER5:WEALTHQUINTILE_TOTL,1966-01-01,2026-09-07T16:05:52Z,value,255.695619662,,who.gho.mdg-0000000007,raw/who.gho.mdg-0000000007/2026/09/20260907T160552Z-f44dce2e8a23.json.gz,2
who.gho.mdg-0000000007,MDG_0000000007:CAN:SEX_BTSX:AGEGROUP_YEARSUNDER5:WEALTHQUINTILE_TOTL,1966-01-01,2026-09-07T16:09:34Z,high,26.473661506,,who.gho.mdg-0000000007,raw/who.gho.mdg-0000000007/2026/09/20260907T160934Z-f7f0902b1194.json.gz,2
who.gho.mdg-0000000007,MDG_0000000007:CAN:SEX_BTSX:AGEGROUP_YEARSUNDER5:WEALTHQUINTILE_TOTL,1966-01-01,2026-09-07T16:09:34Z,low,25.566244075,,who.gho.mdg-0000000007,raw/who.gho.mdg-0000000007/2026/09/20260907T160934Z-f7f0902b1194.json.gz,2
who.gho.mdg-0000000007,MDG_0000000007:CAN:SEX_BTSX:AGEGROUP_YEARSUNDER5:WEALTHQUINTILE_TOTL,1966-01-01,2026-09-07T16:09:34Z,restated_at,2026-08-05,,who.gho.mdg-0000000007,raw/who.gho.mdg-0000000007/2026/09/20260907T160934Z-f7f0902b1194.json.gz,2
who.gho.mdg-0000000007,MDG_0000000007:CAN:SEX_BTSX:AGEGROUP_YEARSUNDER5:WEALTHQUINTILE_TOTL,1966-01-01,2026-09-07T16:09:34Z,value,26.00541546,,who.gho.mdg-0000000007,raw/who.gho.mdg-0000000007/2026/09/20260907T160934Z-f7f0902b1194.json.gz,2
who.gho.mdg-0000000007,MDG_0000000007:CAN:SEX_FMLE:AGEGROUP_YEARSUNDER5:WEALTHQUINTILE_TOTL,1966-01-01,2026-09-07T16:06:16Z,high,23.404606531,,who.gho.mdg-0000000007,raw/who.gho.mdg-0000000007/2026/09/20260907T160616Z-615f6bfccb87.json.gz,2
who.gho.mdg-0000000007,MDG_0000000007:CAN:SEX_FMLE:AGEGROUP_YEARSUNDER5:WEALTHQUINTILE_TOTL,1966-01-01,2026-09-07T16:06:16Z,low,22.489023642,,who.gho.mdg-0000000007,raw/who.gho.mdg-0000000007/2026/09/20260907T160616Z-615f6bfccb87.json.gz,2
who.gho.mdg-0000000007,MDG_0000000007:CAN:SEX_FMLE:AGEGROUP_YEARSUNDER5:WEALTHQUINTILE_TOTL,1966-01-01,2026-09-07T16:06:16Z,restated_at,2026-08-05,,who.gho.mdg-0000000007,raw/who.gho.mdg-0000000007/2026/09/20260907T160616Z-615f6bfccb87.json.gz,2
who.gho.mdg-0000000007,MDG_0000000007:CAN:SEX_FMLE:AGEGROUP_YEARSUNDER5:WEALTHQUINTILE_TOTL,1966-01-01,2026-09-07T16:06:16Z,value,22.943746018,,who.gho.mdg-0000000007,raw/who.gho.mdg-0000000007/2026/09/20260907T160616Z-615f6bfccb87.json.gz,2
who.gho.mdg-0000000007,MDG_0000000007:CAN:SEX_MLE:AGEGROUP_YEARSUNDER5:WEALTHQUINTILE_TOTL,1966-01-01,2026-09-07T16:11:18Z,high,29.486384073,,who.gho.mdg-0000000007,raw/who.gho.mdg-0000000007/2026/09/20260907T161118Z-85c02b5f4e3c.json.gz,2
who.gho.mdg-0000000007,MDG_0000000007:CAN:SEX_MLE:AGEGROUP_YEARSUNDER5:WEALTHQUINTILE_TOTL,1966-01-01,2026-09-07T16:11:18Z,low,28.398626067,,who.gho.mdg-0000000007,raw/who.gho.mdg-0000000007/2026/09/20260907T161118Z-85c02b5f4e3c.json.gz,2
who.gho.mdg-0000000007,MDG_0000000007:CAN:SEX_MLE:AGEGROUP_YEARSUNDER5:WEALTHQUINTILE_TOTL,1966-01-01,2026-09-07T16:11:18Z,restated_at,2026-08-05,,who.gho.mdg-0000000007,raw/who.gho.mdg-0000000007/2026/09/20260907T161118Z-85c02b5f4e3c.json.gz,2
who.gho.mdg-0000000007,MDG_0000000007:CAN:SEX_MLE:AGEGROUP_YEARSUNDER5:WEALTHQUINTILE_TOTL,1966-01-01,2026-09-07T16:11:18Z,value,28.919545312,,who.gho.mdg-0000000007,raw/who.gho.mdg-0000000007/2026/09/20260907T161118Z-85c02b5f4e3c.json.gz,2
who.gho.mdg-0000000007,MDG_0000000007:CHE:SEX_BTSX:AGEGROUP_YEARSUNDER5:WEALTHQUINTILE_TOTL,1966-01-01,2026-09-07T16:06:07Z,high,22.013994673,,who.gho.mdg-0000000007,raw/who.gho.mdg-0000000007/2026/09/20260907T160607Z-9445f1b065fa.json.gz,2
who.gho.mdg-0000000007,MDG_0000000007:CHE:SEX_BTSX:AGEGROUP_YEARSUNDER5:WEALTHQUINTILE_TOTL,1966-01-01,2026-09-07T16:06:07Z,low,21.164148574,,who.gho.mdg-0000000007,raw/who.gho.mdg-0000000007/2026/09/20260907T160607Z-9445f1b065fa.json.gz,2
who.gho.mdg-0000000007,MDG_0000000007:CHE:SEX_BTSX:AGEGROUP_YEARSUNDER5:WEALTHQUINTILE_TOTL,1966-01-01,2026-09-07T16:06:07Z,restated_at,2026-08-05,,who.gho.mdg-0000000007,raw/who.gho.mdg-0000000007/2026/09/20260907T160607Z-9445f1b065fa.json.gz,2
who.gho.mdg-0000000007,MDG_0000000007:CHE:SEX_BTSX:AGEGROUP_YEARSUNDER5:WEALTHQUINTILE_TOTL,1966-01-01,2026-09-07T16:06:07Z,value,21.601123852,,who.gho.mdg-0000000007,raw/who.gho.mdg-0000000007/2026/09/20260907T160607Z-9445f1b065fa.json.gz,2
who.gho.mdg-0000000007,MDG_0000000007:CHE:SEX_FMLE:AGEGROUP_YEARSUNDER5:WEALTHQUINTILE_TOTL,1966-01-01,2026-09-07T16:09:03Z,high,19.105498861,,who.gho.mdg-0000000007,raw/who.gho.mdg-0000000007/2026/09/20260907T160903Z-df09845b881e.json.gz,2
who.gho.mdg-0000000007,MDG_0000000007:CHE:SEX_FMLE:AGEGROUP_YEARSUNDER5:WEALTHQUINTILE_TOTL,1966-01-01,2026-09-07T16:09:03Z,low,18.200381247,,who.gho.mdg-0000000007,raw/who.gho.mdg-0000000007/2026/09/20260907T160903Z-df09845b881e.json.gz,2
who.gho.mdg-0000000007,MDG_0000000007:CHE:SEX_FMLE:AGEGROUP_YEARSUNDER5:WEALTHQUINTILE_TOTL,1966-01-01,2026-09-07T16:09:03Z,restated_at,2026-08-05,,who.gho.mdg-0000000007,raw/who.gho.mdg-0000000007/2026/09/20260907T160903Z-df09845b881e.json.gz,2
who.gho.mdg-0000000007,MDG_0000000007:CHE:SEX_FMLE:AGEGROUP_YEARSUNDER5:WEALTHQUINTILE_TOTL,1966-01-01,2026-09-07T16:09:03Z,value,18.65635095,,who.gho.mdg-0000000007,raw/who.gho.mdg-0000000007/2026/09/20260907T160903Z-df09845b881e.json.gz,2
who.gho.mdg-0000000007,MDG_0000000007:CHE:SEX_MLE:AGEGROUP_YEARSUNDER5:WEALTHQUINTILE_TOTL,1966-01-01,2026-09-07T16:10:53Z,high,24.950914154,,who.gho.mdg-0000000007,raw/who.gho.mdg-0000000007/2026/09/20260907T161053Z-9a5808e2a757.json.gz,2
who.gho.mdg-0000000007,MDG_0000000007:CHE:SEX_MLE:AGEGROUP_YEARSUNDER5:WEALTHQUINTILE_TOTL,1966-01-01,2026-09-07T16:10:53Z,low,23.842200891,,who.gho.mdg-0000000007,raw/who.gho.mdg-0000000007/2026/09/20260907T161053Z-9a5808e2a757.json.gz,2
who.gho.mdg-0000000007,MDG_0000000007:CHE:SEX_MLE:AGEGROUP_YEARSUNDER5:WEALTHQUINTILE_TOTL,1966-01-01,2026-09-07T16:10:53Z,restated_at,2026-08-05,,who.gho.mdg-0000000007,raw/who.gho.mdg-0000000007/2026/09/20260907T161053Z-9a5808e2a757.json.gz,2
who.gho.mdg-0000000007,MDG_0000000007:CHE:SEX_MLE:AGEGROUP_YEARSUNDER5:WEALTHQUINTILE_TOTL,1966-01-01,2026-09-07T16:10:53Z,value,24.405985326,,who.gho.mdg-0000000007,raw/who.gho.mdg-0000000007/2026/09/20260907T161053Z-9a5808e2a757.json.gz,2
who.gho.mdg-0000000007,MDG_0000000007:CHL:SEX_BTSX:AGEGROUP_YEARSUNDER5:WEALTHQUINTILE_TOTL,1966-01-01,2026-09-07T16:05:43Z,high,106.530718128,,who.gho.mdg-0000000007,raw/who.gho.mdg-0000000007/2026/09/20260907T160543Z-0bdfcfeb6714.json.gz,2
who.gho.mdg-0000000007,MDG_0000000007:CHL:SEX_BTSX:AGEGROUP_YEARSUNDER5:WEALTHQUINTILE_TOTL,1966-01-01,2026-09-07T16:05:43Z,low,101.82384751,,who.gho.mdg-0000000007,raw/who.gho.mdg-0000000007/2026/09/20260907T160543Z-0bdfcfeb6714.json.gz,2
who.gho.mdg-0000000007,MDG_0000000007:CHL:SEX_BTSX:AGEGROUP_YEARSUNDER5:WEALTHQUINTILE_TOTL,1966-01-01,2026-09-07T16:05:43Z,restated_at,2026-08-05,,who.gho.mdg-0000000007,raw/who.gho.mdg-0000000007/2026/09/20260907T160543Z-0bdfcfeb6714.json.gz,2
who.gho.mdg-0000000007,MDG_0000000007:CHL:SEX_BTSX:AGEGROUP_YEARSUNDER5:WEALTHQUINTILE_TOTL,1966-01-01,2026-09-07T16:05:43Z,value,104.130789811,,who.gho.mdg-0000000007,raw/who.gho.mdg-0000000007/2026/09/20260907T160543Z-0bdfcfeb6714.json.gz,2
who.gho.mdg-0000000007,MDG_0000000007:CHL:SEX_FMLE:AGEGROUP_YEARSUNDER5:WEALTHQUINTILE_TOTL,1966-01-01,2026-09-07T16:05:09Z,high,99.314925513,,who.gho.mdg-0000000007,raw/who.gho.mdg-0000000007/2026/09/20260907T160509Z-9066130499c7.json.gz,2
who.gho.mdg-0000000007,MDG_0000000007:CHL:SEX_FMLE:AGEGROUP_YEARSUNDER5:WEALTHQUINTILE_TOTL,1966-01-01,2026-09-07T16:05:09Z,low,94.750589137,,who.gho.mdg-0000000007,raw/who.gho.mdg-0000000007/2026/09/20260907T160509Z-9066130499c7.json.gz,2
who.gho.mdg-0000000007,MDG_0000000007:CHL:SEX_FMLE:AGEGROUP_YEARSUNDER5:WEALTHQUINTILE_TOTL,1966-01-01,2026-09-07T16:05:09Z,restated_at,2026-08-05,,who.gho.mdg-0000000007,raw/who.gho.mdg-0000000007/2026/09/20260907T160509Z-9066130499c7.json.gz,2
who.gho.mdg-0000000007,MDG_0000000007:CHL:SEX_FMLE:AGEGROUP_YEARSUNDER5:WEALTHQUINTILE_TOTL,1966-01-01,2026-09-07T16:05:09Z,value,96.970541113,,who.gho.mdg-0000000007,raw/who.gho.mdg-0000000007/2026/09/20260907T160509Z-9066130499c7.json.gz,2
who.gho.mdg-0000000007,MDG_0000000007:CHL:SEX_MLE:AGEGROUP_YEARSUNDER5:WEALTHQUINTILE_TOTL,1966-01-01,2026-09-07T16:05:01Z,high,113.567850378,,who.gho.mdg-0000000007,raw/who.gho.mdg-0000000007/2026/09/20260907T160501Z-2d19e1a5feef.json.gz,2
who.gho.mdg-0000000007,MDG_0000000007:CHL:SEX_MLE:AGEGROUP_YEARSUNDER5:WEALTHQUINTILE_TOTL,1966-01-01,2026-09-07T16:05:01Z,low,108.386478675,,who.gho.mdg-0000000007,raw/who.gho.mdg-0000000007/2026/09/20260907T160501Z-2d19e1a5feef.json.gz,2
who.gho.mdg-0000000007,MDG_0000000007:CHL:SEX_MLE:AGEGROUP_YEARSUNDER5:WEALTHQUINTILE_TOTL,1966-01-01,2026-09-07T16:05:01Z,restated_at,2026-08-05,,who.gho.mdg-0000000007,raw/who.gho.mdg-0000000007/2026/09/20260907T160501Z-2d19e1a5feef.json.gz,2
who.gho.mdg-0000000007,MDG_0000000007:CHL:SEX_MLE:AGEGROUP_YEARSUNDER5:WEALTHQUINTILE_TOTL,1966-01-01,2026-09-07T16:05:01Z,value,110.949007961,,who.gho.mdg-0000000007,raw/who.gho.mdg-0000000007/2026/09/20260907T160501Z-2d19e1a5feef.json.gz,2
who.gho.mdg-0000000007,MDG_0000000007:CIV:SEX_BTSX:AGEGROUP_YEARSUNDER5:WEALTHQUINTILE_TOTL,1966-01-01,2026-09-07T16:08:54Z,high,306.778086934,,who.gho.mdg-0000000007,raw/who.gho.mdg-0000000007/2026/09/20260907T160854Z-e3873ac72928.json.gz,2
who.gho.mdg-0000000007,MDG_0000000007:CIV:SEX_BTSX:AGEGROUP_YEARSUNDER5:WEALTHQUINTILE_TOTL,1966-01-01,2026-09-07T16:08:54Z,low,244.237679008,,who.gho.mdg-0000000007,raw/who.gho.mdg-0000000007/2026/09/20260907T160854Z-e3873ac72928.json.gz,2
who.gho.mdg-0000000007,MDG_0000000007:CIV:SEX_BTSX:AGEGROUP_YEARSUNDER5:WEALTHQUINTILE_TOTL,1966-01-01,2026-09-07T16:08:54Z,restated_at,2026-08-05,,who.gho.mdg-0000000007,raw/who.gho.mdg-0000000007/2026/09/20260907T160854Z-e3873ac72928.json.gz,2
who.gho.mdg-0000000007,MDG_0000000007:CIV:SEX_BTSX:AGEGROUP_YEARSUNDER5:WEALTHQUINTILE_TOTL,1966-01-01,2026-09-07T16:08:54Z,value,274.005479949,,who.gho.mdg-0000000007,raw/who.gho.mdg-0000000007/2026/09/20260907T160854Z-e3873ac72928.json.gz,2
who.gho.mdg-0000000007,MDG_0000000007:CIV:SEX_FMLE:AGEGROUP_YEARSUNDER5:WEALTHQUINTILE_TOTL,1966-01-01,2026-09-07T16:08:59Z,high,285.416423072,,who.gho.mdg-0000000007,raw/who.gho.mdg-0000000007/2026/09/20260907T160859Z-81b3460c41a8.json.gz,2
who.gho.mdg-0000000007,MDG_0000000007:CIV:SEX_FMLE:AGEGROUP_YEARSUNDER5:WEALTHQUINTILE_TOTL,1966-01-01,2026-09-07T16:08:59Z,low,225.377444032,,who.gho.mdg-0000000007,raw/who.gho.mdg-0000000007/2026/09/20260907T160859Z-81b3460c41a8.json.gz,2
who.gho.mdg-0000000007,MDG_0000000007:CIV:SEX_FMLE:AGEGROUP_YEARSUNDER5:WEALTHQUINTILE_TOTL,1966-01-01,2026-09-07T16:08:59Z,restated_at,2026-08-05,,who.gho.mdg-0000000007,raw/who.gho.mdg-0000000007/2026/09/20260907T160859Z-81b3460c41a8.json.gz,2
who.gho.mdg-0000000007,MDG_0000000007:CIV:SEX_FMLE:AGEGROUP_YEARSUNDER5:WEALTHQUINTILE_TOTL,1966-01-01,2026-09-07T16:08:59Z,value,253.68650365,,who.gho.mdg-0000000007,raw/who.gho.mdg-0000000007/2026/09/20260907T160859Z-81b3460c41a8.json.gz,2
who.gho.mdg-0000000007,MDG_0000000007:CIV:SEX_MLE:AGEGROUP_YEARSUNDER5:WEALTHQUINTILE_TOTL,1966-01-01,2026-09-07T16:09:34Z,high,328.914741117,,who.gho.mdg-0000000007,raw/who.gho.mdg-0000000007/2026/09/20260907T160934Z-f7f0902b1194.json.gz,2
who.gho.mdg-0000000007,MDG_0000000007:CIV:SEX_MLE:AGEGROUP_YEARSUNDER5:WEALTHQUINTILE_TOTL,1966-01-01,2026-09-07T16:09:34Z,low,261.449399226,,who.gho.mdg-0000000007,raw/who.gho.mdg-0000000007/2026/09/20260907T160934Z-f7f0902b1194.json.gz,2
who.gho.mdg-0000000007,MDG_0000000007:CIV:SEX_MLE:AGEGROUP_YEARSUNDER5:WEALTHQUINTILE_TOTL,1966-01-01,2026-09-07T16:09:34Z,restated_at,2026-08-05,,who.gho.mdg-0000000007,raw/who.gho.mdg-0000000007/2026/09/20260907T160934Z-f7f0902b1194.json.gz,2
who.gho.mdg-0000000007,MDG_0000000007:CIV:SEX_MLE:AGEGROUP_YEARSUNDER5:WEALTHQUINTILE_TOTL,1966-01-01,2026-09-07T16:09:34Z,value,293.218836179,,who.gho.mdg-0000000007,raw/who.gho.mdg-0000000007/2026/09/20260907T160934Z-f7f0902b1194.json.gz,2
who.gho.mdg-0000000007,MDG_0000000007:CMR:SEX_BTSX:AGEGROUP_YEARSUNDER5:WEALTHQUINTILE_TOTL,1966-01-01,2026-09-07T16:09:18Z,high,278.169984311,,who.gho.mdg-0000000007,raw/who.gho.mdg-0000000007/2026/09/20260907T160918Z-1f3ac080847d.json.gz,2
who.gho.mdg-0000000007,MDG_0000000007:CMR:SEX_BTSX:AGEGROUP_YEARSUNDER5:WEALTHQUINTILE_TOTL,1966-01-01,2026-09-07T16:09:18Z,low,222.248269893,,who.gho.mdg-0000000007,raw/who.gho.mdg-0000000007/2026/09/20260907T160918Z-1f3ac080847d.json.gz,2
who.gho.mdg-0000000007,MDG_0000000007:CMR:SEX_BTSX:AGEGROUP_YEARSUNDER5:WEALTHQUINTILE_TOTL,1966-01-01,2026-09-07T16:09:18Z,restated_at,2026-08-05,,who.gho.mdg-0000000007,raw/who.gho.mdg-0000000007/2026/09/20260907T160918Z-1f3ac080847d.json.gz,2
who.gho.mdg-0000000007,MDG_0000000007:CMR:SEX_BTSX:AGEGROUP_YEARSUNDER5:WEALTHQUINTILE_TOTL,1966-01-01,2026-09-07T16:09:18Z,value,248.454766225,,who.gho.mdg-0000000007,raw/who.gho.mdg-0000000007/2026/09/20260907T160918Z-1f3ac080847d.json.gz,2
who.gho.mdg-0000000007,MDG_0000000007:CMR:SEX_FMLE:AGEGROUP_YEARSUNDER5:WEALTHQUINTILE_TOTL,1966-01-01,2026-09-07T16:06:21Z,high,267.990623181,,who.gho.mdg-0000000007,raw/who.gho.mdg-0000000007/2026/09/20260907T160621Z-1819ad2538c7.json.gz,2
who.gho.mdg-0000000007,MDG_0000000007:CMR:SEX_FMLE:AGEGROUP_YEARSUNDER5:WEALTHQUINTILE_TOTL,1966-01-01,2026-09-07T16:06:21Z,low,212.914236519,,who.gho.mdg-0000000007,raw/who.gho.mdg-0000000007/2026/09/20260907T160621Z-1819ad2538c7.json.gz,2
who.gho.mdg-0000000007,MDG_0000000007:CMR:SEX_FMLE:AGEGROUP_YEARSUNDER5:WEALTHQUINTILE_TOTL,1966-01-01,2026-09-07T16:06:21Z,restated_at,2026-08-05,,who.gho.mdg-0000000007,raw/who.gho.mdg-0000000007/2026/09/20260907T160621Z-1819ad2538c7.json.gz,2
who.gho.mdg-0000000007,MDG_0000000007:CMR:SEX_FMLE:AGEGROUP_YEARSUNDER5:WEALTHQUINTILE_TOTL,1966-01-01,2026-09-07T16:06:21Z,value,238.474048229,,who.gho.mdg-0000000007,raw/who.gho.mdg-0000000007/2026/09/20260907T160621Z-1819ad2538c7.json.gz,2
who.gho.mdg-0000000007,MDG_0000000007:CMR:SEX_MLE:AGEGROUP_YEARSUNDER5:WEALTHQUINTILE_TOTL,1966-01-01,2026-09-07T16:09:26Z,high,289.872912968,,who.gho.mdg-0000000007,raw/who.gho.mdg-0000000007/2026/09/20260907T160926Z-3ee37906b339.json.gz,2
who.gho.mdg-0000000007,MDG_0000000007:CMR:SEX_MLE:AGEGROUP_YEARSUNDER5:WEALTHQUINTILE_TOTL,1966-01-01,2026-09-07T16:09:26Z,low,229.682419065,,who.gho.mdg-0000000007,raw/who.gho.mdg-0000000007/2026/09/20260907T160926Z-3ee37906b339.json.gz,2
who.gho.mdg-0000000007,MDG_0000000007:CMR:SEX_MLE:AGEGROUP_YEARSUNDER5:WEALTHQUINTILE_TOTL,1966-01-01,2026-09-07T16:09:26Z,restated_at,2026-08-05,,who.gho.mdg-0000000007,raw/who.gho.mdg-0000000007/2026/09/20260907T160926Z-3ee37906b339.json.gz,2
who.gho.mdg-0000000007,MDG_0000000007:CMR:SEX_MLE:AGEGROUP_YEARSUNDER5:WEALTHQUINTILE_TOTL,1966-01-01,2026-09-07T16:09:26Z,value,257.978853868,,who.gho.mdg-0000000007,raw/who.gho.mdg-0000000007/2026/09/20260907T160926Z-3ee37906b339.json.gz,2
who.gho.mdg-0000000007,MDG_0000000007:COG:SEX_BTSX:AGEGROUP_YEARSUNDER5:WEALTHQUINTILE_TOTL,1966-01-01,2026-09-07T16:11:14Z,high,183.109757092,,who.gho.mdg-0000000007,raw/who.gho.mdg-0000000007/2026/09/20260907T161114Z-c1ae2408f442.json.gz,2
who.gho.mdg-0000000007,MDG_0000000007:COG:SEX_BTSX:AGEGROUP_YEARSUNDER5:WEALTHQUINTILE_TOTL,1966-01-01,2026-09-07T16:11:14Z,low,132.550980633,,who.gho.mdg-0000000007,raw/who.gho.mdg-0000000007/2026/09/20260907T161114Z-c1ae2408f442.json.gz,2
who.gho.mdg-0000000007,MDG_0000000007:COG:SEX_BTSX:AGEGROUP_YEARSUNDER5:WEALTHQUINTILE_TOTL,1966-01-01,2026-09-07T16:11:14Z,restated_at,2026-08-05,,who.gho.mdg-0000000007,raw/who.gho.mdg-0000000007/2026/09/20260907T161114Z-c1ae2408f442.json.gz,2
who.gho.mdg-0000000007,MDG_0000000007:COG:SEX_BTSX:AGEGROUP_YEARSUNDER5:WEALTHQUINTILE_TOTL,1966-01-01,2026-09-07T16:11:14Z,value,155.351860803,,who.gho.mdg-0000000007,raw/who.gho.mdg-0000000007/2026/09/20260907T161114Z-c1ae2408f442.json.gz,2
who.gho.mdg-0000000007,MDG_0000000007:COG:SEX_FMLE:AGEGROUP_YEARSUNDER5:WEALTHQUINTILE_TOTL,1966-01-01,2026-09-07T16:08:54Z,high,175.93775436,,who.gho.mdg-0000000007,raw/who.gho.mdg-0000000007/2026/09/20260907T160854Z-e3873ac72928.json.gz,2
who.gho.mdg-0000000007,MDG_0000000007:COG:SEX_FMLE:AGEGROUP_YEARSUNDER5:WEALTHQUINTILE_TOTL,1966-01-01,2026-09-07T16:08:54Z,low,126.249756412,,who.gho.mdg-0000000007,raw/who.gho.mdg-0000000007/2026/09/20260907T160854Z-e3873ac72928.json.gz,2
who.gho.mdg-0000000007,MDG_0000000007:COG:SEX_FMLE:AGEGROUP_YEARSUNDER5:WEALTHQUINTILE_TOTL,1966-01-01,2026-09-07T16:08:54Z,restated_at,2026-08-05,,who.gho.mdg-0000000007,raw/who.gho.mdg-0000000007/2026/09/20260907T160854Z-e3873ac72928.json.gz,2
who.gho.mdg-0000000007,MDG_0000000007:COG:SEX_FMLE:AGEGROUP_YEARSUNDER5:WEALTHQUINTILE_TOTL,1966-01-01,2026-09-07T16:08:54Z,value,149.010254805,,who.gho.mdg-0000000007,raw/who.gho.mdg-0000000007/2026/09/20260907T160854Z-e3873ac72928.json.gz,2
who.gho.mdg-0000000007,MDG_0000000007:COG:SEX_MLE:AGEGROUP_YEARSUNDER5:WEALTHQUINTILE_TOTL,1966-01-01,2026-09-07T16:05:52Z,high,191.104925404,,who.gho.mdg-0000000007,raw/who.gho.mdg-0000000007/2026/09/20260907T160552Z-f44dce2e8a23.json.gz,2
who.gho.mdg-0000000007,MDG_0000000007:COG:SEX_MLE:AGEGROUP_YEARSUNDER5:WEALTHQUINTILE_TOTL,1966-01-01,2026-09-07T16:05:52Z,low,137.052135713,,who.gho.mdg-0000000007,raw/who.gho.mdg-0000000007/2026/09/20260907T160552Z-f44dce2e8a23.json.gz,2
who.gho.mdg-0000000007,MDG_0000000007:COG:SEX_MLE:AGEGROUP_YEARSUNDER5:WEALTHQUINTILE_TOTL,1966-01-01,2026-09-07T16:05:52Z,restated_at,2026-08-05,,who.gho.mdg-0000000007,raw/who.gho.mdg-0000000007/2026/09/20260907T160552Z-f44dce2e8a23.json.gz,2
who.gho.mdg-0000000007,MDG_0000000007:COG:SEX_MLE:AGEGROUP_YEARSUNDER5:WEALTHQUINTILE_TOTL,1966-01-01,2026-09-07T16:05:52Z,value,161.333825902,,who.gho.mdg-0000000007,raw/who.gho.mdg-0000000007/2026/09/20260907T160552Z-f44dce2e8a23.json.gz,2
who.gho.mdg-0000000007,MDG_0000000007:COK:SEX_BTSX:AGEGROUP_YEARSUNDER5:WEALTHQUINTILE_TOTL,1966-01-01,2026-09-07T16:11:01Z,high,82.688404631,,who.gho.mdg-0000000007,raw/who.gho.mdg-0000000007/2026/09/20260907T161101Z-fc76d9a7e10d.json.gz,2
who.gho.mdg-0000000007,MDG_0000000007:COK:SEX_BTSX:AGEGROUP_YEARSUNDER5:WEALTHQUINTILE_TOTL,1966-01-01,2026-09-07T16:11:01Z,low,56.121328132,,who.gho.mdg-0000000007,raw/who.gho.mdg-0000000007/2026/09/20260907T161101Z-fc76d9a7e10d.json.gz,2
who.gho.mdg-0000000007,MDG_0000000007:COK:SEX_BTSX:AGEGROUP_YEARSUNDER5:WEALTHQUINTILE_TOTL,1966-01-01,2026-09-07T16:11:01Z,restated_at,2026-08-05,,who.gho.mdg-0000000007,raw/who.gho.mdg-0000000007/2026/09/20260907T161101Z-fc76d9a7e10d.json.gz,2
who.gho.mdg-0000000007,MDG_0000000007:COK:SEX_BTSX:AGEGROUP_YEARSUNDER5:WEALTHQUINTILE_TOTL,1966-01-01,2026-09-07T16:11:01Z,value,67.933486807,,who.gho.mdg-0000000007,raw/who.gho.mdg-0000000007/2026/09/20260907T161101Z-fc76d9a7e10d.json.gz,2
who.gho.mdg-0000000007,MDG_0000000007:COK:SEX_FMLE:AGEGROUP_YEARSUNDER5:WEALTHQUINTILE_TOTL,1966-01-01,2026-09-07T16:10:53Z,high,84.504150647,,who.gho.mdg-0000000007,raw/who.gho.mdg-0000000007/2026/09/20260907T161053Z-9a5808e2a757.json.gz,2
who.gho.mdg-0000000007,MDG_0000000007:COK:SEX_FMLE:AGEGROUP_YEARSUNDER5:WEALTHQUINTILE_TOTL,1966-01-01,2026-09-07T16:10:53Z,low,56.529753114,,who.gho.mdg-0000000007,raw/who.gho.mdg-0000000007/2026/09/20260907T161053Z-9a5808e2a757.json.gz,2
who.gho.mdg-0000000007,MDG_0000000007:COK:SEX_FMLE:AGEGROUP_YEARSUNDER5:WEALTHQUINTILE_TOTL,1966-01-01,2026-09-07T16:10:53Z,restated_at,2026-08-05,,who.gho.mdg-0000000007,raw/who.gho.mdg-0000000007/2026/09/20260907T161053Z-9a5808e2a757.json.gz,2
who.gho.mdg-0000000007,MDG_0000000007:COK:SEX_FMLE:AGEGROUP_YEARSUNDER5:WEALTHQUINTILE_TOTL,1966-01-01,2026-09-07T16:10:53Z,value,68.937361769,,who.gho.mdg-0000000007,raw/who.gho.mdg-0000000007/2026/09/20260907T161053Z-9a5808e2a757.json.gz,2
who.gho.mdg-0000000007,MDG_0000000007:COK:SEX_MLE:AGEGROUP_YEARSUNDER5:WEALTHQUINTILE_TOTL,1966-01-01,2026-09-07T16:09:41Z,high,82.068673243,,who.gho.mdg-0000000007,raw/who.gho.mdg-0000000007/2026/09/20260907T160941Z-845bd0fc2e92.json.gz,2
who.gho.mdg-0000000007,MDG_0000000007:COK:SEX_MLE:AGEGROUP_YEARSUNDER5:WEALTHQUINTILE_TOTL,1966-01-01,2026-09-07T16:09:41Z,low,54.773791555,,who.gho.mdg-0000000007,raw/who.gho.mdg-0000000007/2026/09/20260907T160941Z-845bd0fc2e92.json.gz,2
who.gho.mdg-0000000007,MDG_0000000007:COK:SEX_MLE:AGEGROUP_YEARSUNDER5:WEALTHQUINTILE_TOTL,1966-01-01,2026-09-07T16:09:41Z,restated_at,2026-08-05,,who.gho.mdg-0000000007,raw/who.gho.mdg-0000000007/2026/09/20260907T160941Z-845bd0fc2e92.json.gz,2
who.gho.mdg-0000000007,MDG_0000000007:COK:SEX_MLE:AGEGROUP_YEARSUNDER5:WEALTHQUINTILE_TOTL,1966-01-01,2026-09-07T16:09:41Z,value,66.891512804,,who.gho.mdg-0000000007,raw/who.gho.mdg-0000000007/2026/09/20260907T160941Z-845bd0fc2e92.json.gz,2
who.gho.mdg-0000000007,MDG_0000000007:COL:SEX_BTSX:AGEGROUP_YEARSUNDER5:WEALTHQUINTILE_TOTL,1966-01-01,2026-09-07T16:06:11Z,high,120.409923955,,who.gho.mdg-0000000007,raw/who.gho.mdg-0000000007/2026/09/20260907T160611Z-e868f3030ca5.json.gz,2
who.gho.mdg-0000000007,MDG_0000000007:COL:SEX_BTSX:AGEGROUP_YEARSUNDER5:WEALTHQUINTILE_TOTL,1966-01-01,2026-09-07T16:06:11Z,low,103.941750754,,who.gho.mdg-0000000007,raw/who.gho.mdg-0000000007/2026/09/20260907T160611Z-e868f3030ca5.json.gz,2
who.gho.mdg-0000000007,MDG_0000000007:COL:SEX_BTSX:AGEGROUP_YEARSUNDER5:WEALTHQUINTILE_TOTL,1966-01-01,2026-09-07T16:06:11Z,restated_at,2026-08-05,,who.gho.mdg-0000000007,raw/who.gho.mdg-0000000007/2026/09/20260907T160611Z-e868f3030ca5.json.gz,2
who.gho.mdg-0000000007,MDG_0000000007:COL:SEX_BTSX:AGEGROUP_YEARSUNDER5:WEALTHQUINTILE_TOTL,1966-01-01,2026-09-07T16:06:11Z,value,111.918112668,,who.gho.mdg-0000000007,raw/who.gho.mdg-0000000007/2026/09/20260907T160611Z-e868f3030ca5.json.gz,2
who.gho.mdg-0000000007,MDG_0000000007:COL:SEX_FMLE:AGEGROUP_YEARSUNDER5:WEALTHQUINTILE_TOTL,1966-01-01,2026-09-07T16:10:45Z,high,113.847668441,,who.gho.mdg-0000000007,raw/who.gho.mdg-0000000007/2026/09/20260907T161045Z-53a7d24c459b.json.gz,2
who.gho.mdg-0000000007,MDG_0000000007:COL:SEX_FMLE:AGEGROUP_YEARSUNDER5:WEALTHQUINTILE_TOTL,1966-01-01,2026-09-07T16:10:45Z,low,96.640815222,,who.gho.mdg-0000000007,raw/who.gho.mdg-0000000007/2026/09/20260907T161045Z-53a7d24c459b.json.gz,2
who.gho.mdg-0000000007,MDG_0000000007:COL:SEX_FMLE:AGEGROUP_YEARSUNDER5:WEALTHQUINTILE_TOTL,1966-01-01,2026-09-07T16:10:45Z,restated_at,2026-08-05,,who.gho.mdg-0000000007,raw/who.gho.mdg-0000000007/2026/09/20260907T161045Z-53a7d24c459b.json.gz,2
who.gho.mdg-0000000007,MDG_0000000007:COL:SEX_FMLE:AGEGROUP_YEARSUNDER5:WEALTHQUINTILE_TOTL,1966-01-01,2026-09-07T16:10:45Z,value,104.8939188,,who.gho.mdg-0000000007,raw/who.gho.mdg-0000000007/2026/09/20260907T161045Z-53a7d24c459b.json.gz,2
who.gho.mdg-0000000007,MDG_0000000007:COL:SEX_MLE:AGEGROUP_YEARSUNDER5:WEALTHQUINTILE_TOTL,1966-01-01,2026-09-07T16:08:41Z,high,128.241671832,,who.gho.mdg-0000000007,raw/who.gho.mdg-0000000007/2026/09/20260907T160841Z-d67f78e4b8d9.json.gz,2
who.gho.mdg-0000000007,MDG_0000000007:COL:SEX_MLE:AGEGROUP_YEARSUNDER5:WEALTHQUINTILE_TOTL,1966-01-01,2026-09-07T16:08:41Z,low,109.466530133,,who.gho.mdg-0000000007,raw/who.gho.mdg-0000000007/2026/09/20260907T160841Z-d67f78e4b8d9.json.gz,2
who.gho.mdg-0000000007,MDG_0000000007:COL:SEX_MLE:AGEGROUP_YEARSUNDER5:WEALTHQUINTILE_TOTL,1966-01-01,2026-09-07T16:08:41Z,restated_at,2026-08-05,,who.gho.mdg-0000000007,raw/who.gho.mdg-0000000007/2026/09/20260907T160841Z-d67f78e4b8d9.json.gz,2
who.gho.mdg-0000000007,MDG_0000000007:COL:SEX_MLE:AGEGROUP_YEARSUNDER5:WEALTHQUINTILE_TOTL,1966-01-01,2026-09-07T16:08:41Z,value,118.546954943,,who.gho.mdg-0000000007,raw/who.gho.mdg-0000000007/2026/09/20260907T160841Z-d67f78e4b8d9.json.gz,2
who.gho.mdg-0000000007,MDG_0000000007:CPV:SEX_BTSX:AGEGROUP_YEARSUNDER5:WEALTHQUINTILE_TOTL,1966-01-01,2026-09-07T16:05:01Z,high,196.422758638,,who.gho.mdg-0000000007,raw/who.gho.mdg-0000000007/2026/09/20260907T160501Z-2d19e1a5feef.json.gz,2
who.gho.mdg-0000000007,MDG_0000000007:CPV:SEX_BTSX:AGEGROUP_YEARSUNDER5:WEALTHQUINTILE_TOTL,1966-01-01,2026-09-07T16:05:01Z,low,106.201605038,,who.gho.mdg-0000000007,raw/who.gho.mdg-0000000007/2026/09/20260907T160501Z-2d19e1a5feef.json.gz,2
who.gho.mdg-0000000007,MDG_0000000007:CPV:SEX_BTSX:AGEGROUP_YEARSUNDER5:WEALTHQUINTILE_TOTL,1966-01-01,2026-09-07T16:05:01Z,restated_at,2026-08-05,,who.gho.mdg-0000000007,raw/who.gho.mdg-0000000007/2026/09/20260907T160501Z-2d19e1a5feef.json.gz,2
who.gho.mdg-0000000007,MDG_0000000007:CPV:SEX_BTSX:AGEGROUP_YEARSUNDER5:WEALTHQUINTILE_TOTL,1966-01-01,2026-09-07T16:05:01Z,value,149.121801623,,who.gho.mdg-0000000007,raw/who.gho.mdg-0000000007/2026/09/20260907T160501Z-2d19e1a5feef.json.gz,2
who.gho.mdg-0000000007,MDG_0000000007:CPV:SEX_FMLE:AGEGROUP_YEARSUNDER5:WEALTHQUINTILE_TOTL,1966-01-01,2026-09-07T16:09:54Z,high,189.643318715,,who.gho.mdg-0000000007,raw/who.gho.mdg-0000000007/2026/09/20260907T160954Z-3426e3999bb4.json.gz,2
who.gho.mdg-0000000007,MDG_0000000007:CPV:SEX_FMLE:AGEGROUP_YEARSUNDER5:WEALTHQUINTILE_TOTL,1966-01-01,2026-09-07T16:09:54Z,low,102.165746518,,who.gho.mdg-0000000007,raw/who.gho.mdg-0000000007/2026/09/20260907T160954Z-3426e3999bb4.json.gz,2
who.gho.mdg-0000000007,MDG_0000000007:CPV:SEX_FMLE:AGEGROUP_YEARSUNDER5:WEALTHQUINTILE_TOTL,1966-01-01,2026-09-07T16:09:54Z,restated_at,2026-08-05,,who.gho.mdg-0000000007,raw/who.gho.mdg-0000000007/2026/09/20260907T160954Z-3426e3999bb4.json.gz,2
who.gho.mdg-0000000007,MDG_0000000007:CPV:SEX_FMLE:AGEGROUP_YEARSUNDER5:WEALTHQUINTILE_TOTL,1966-01-01,2026-09-07T16:09:54Z,value,143.324505554,,who.gho.mdg-0000000007,raw/who.gho.mdg-0000000007/2026/09/20260907T160954Z-3426e3999bb4.json.gz,2
who.gho.mdg-0000000007,MDG_0000000007:CPV:SEX_MLE:AGEGROUP_YEARSUNDER5:WEALTHQUINTILE_TOTL,1966-01-01,2026-09-07T16:09:22Z,high,203.849909253,,who.gho.mdg-0000000007,raw/who.gho.mdg-0000000007/2026/09/20260907T160922Z-b03be7779b07.json.gz,2
who.gho.mdg-0000000007,MDG_0000000007:CPV:SEX_MLE:AGEGROUP_YEARSUNDER5:WEALTHQUINTILE_TOTL,1966-01-01,2026-09-07T16:09:22Z,low,109.672204551,,who.gho.mdg-0000000007,raw/who.gho.mdg-0000000007/2026/09/20260907T160922Z-b03be7779b07.json.gz,2
who.gho.mdg-0000000007,MDG_0000000007:CPV:SEX_MLE:AGEGROUP_YEARSUNDER5:WEALTHQUINTILE_TOTL,1966-01-01,2026-09-07T16:09:22Z,restated_at,2026-08-05,,who.gho.mdg-0000000007,raw/who.gho.mdg-0000000007/2026/09/20260907T160922Z-b03be7779b07.json.gz,2
who.gho.mdg-0000000007,MDG_0000000007:CPV:SEX_MLE:AGEGROUP_YEARSUNDER5:WEALTHQUINTILE_TOTL,1966-01-01,2026-09-07T16:09:22Z,value,154.279381441,,who.gho.mdg-0000000007,raw/who.gho.mdg-0000000007/2026/09/20260907T160922Z-b03be7779b07.json.gz,2
who.gho.mdg-0000000007,MDG_0000000007:CRI:SEX_BTSX:AGEGROUP_YEARSUNDER5:WEALTHQUINTILE_TOTL,1966-01-01,2026-09-07T16:09:26Z,high,89.51220354,,who.gho.mdg-0000000007,raw/who.gho.mdg-0000000007/2026/09/20260907T160926Z-3ee37906b339.json.gz,2
who.gho.mdg-0000000007,MDG_0000000007:CRI:SEX_BTSX:AGEGROUP_YEARSUNDER5:WEALTHQUINTILE_TOTL,1966-01-01,2026-09-07T16:09:26Z,low,86.235131327,,who.gho.mdg-0000000007,raw/who.gho.mdg-0000000007/2026/09/20260907T160926Z-3ee37906b339.json.gz,2
who.gho.mdg-0000000007,MDG_0000000007:CRI:SEX_BTSX:AGEGROUP_YEARSUNDER5:WEALTHQUINTILE_TOTL,1966-01-01,2026-09-07T16:09:26Z,restated_at,2026-08-05,,who.gho.mdg-0000000007,raw/who.gho.mdg-0000000007/2026/09/20260907T160926Z-3ee37906b339.json.gz,2
who.gho.mdg-0000000007,MDG_0000000007:CRI:SEX_BTSX:AGEGROUP_YEARSUNDER5:WEALTHQUINTILE_TOTL,1966-01-01,2026-09-07T16:09:26Z,value,87.850857094,,who.gho.mdg-0000000007,raw/who.gho.mdg-0000000007/2026/09/20260907T160926Z-3ee37906b339.json.gz,2
who.gho.mdg-0000000007,MDG_0000000007:CRI:SEX_FMLE:AGEGROUP_YEARSUNDER5:WEALTHQUINTILE_TOTL,1966-01-01,2026-09-07T16:09:41Z,high,84.577444494,,who.gho.mdg-0000000007,raw/who.gho.mdg-0000000007/2026/09/20260907T160941Z-845bd0fc2e92.json.gz,2
who.gho.mdg-0000000007,MDG_0000000007:CRI:SEX_FMLE:AGEGROUP_YEARSUNDER5:WEALTHQUINTILE_TOTL,1966-01-01,2026-09-07T16:09:41Z,low,80.956651598,,who.gho.mdg-0000000007,raw/who.gho.mdg-0000000007/2026/09/20260907T160941Z-845bd0fc2e92.json.gz,2
who.gho.mdg-0000000007,MDG_0000000007:CRI:SEX_FMLE:AGEGROUP_YEARSUNDER5:WEALTHQUINTILE_TOTL,1966-01-01,2026-09-07T16:09:41Z,restated_at,2026-08-05,,who.gho.mdg-0000000007,raw/who.gho.mdg-0000000007/2026/09/20260907T160941Z-845bd0fc2e92.json.gz,2
who.gho.mdg-0000000007,MDG_0000000007:CRI:SEX_FMLE:AGEGROUP_YEARSUNDER5:WEALTHQUINTILE_TOTL,1966-01-01,2026-09-07T16:09:41Z,value,82.737508244,,who.gho.mdg-0000000007,raw/who.gho.mdg-0000000007/2026/09/20260907T160941Z-845bd0fc2e92.json.gz,2
who.gho.mdg-0000000007,MDG_0000000007:CRI:SEX_MLE:AGEGROUP_YEARSUNDER5:WEALTHQUINTILE_TOTL,1966-01-01,2026-09-07T16:05:18Z,high,94.677330189,,who.gho.mdg-0000000007,raw/who.gho.mdg-0000000007/2026/09/20260907T160518Z-f66c8acba372.json.gz,2
who.gho.mdg-0000000007,MDG_0000000007:CRI:SEX_MLE:AGEGROUP_YEARSUNDER5:WEALTHQUINTILE_TOTL,1966-01-01,2026-09-07T16:05:18Z,low,90.832446298,,who.gho.mdg-0000000007,raw/who.gho.mdg-0000000007/2026/09/20260907T160518Z-f66c8acba372.json.gz,2
who.gho.mdg-0000000007,MDG_0000000007:CRI:SEX_MLE:AGEGROUP_YEARSUNDER5:WEALTHQUINTILE_TOTL,1966-01-01,2026-09-07T16:05:18Z,restated_at,2026-08-05,,who.gho.mdg-0000000007,raw/who.gho.mdg-0000000007/2026/09/20260907T160518Z-f66c8acba372.json.gz,2
who.gho.mdg-0000000007,MDG_0000000007:CRI:SEX_MLE:AGEGROUP_YEARSUNDER5:WEALTHQUINTILE_TOTL,1966-01-01,2026-09-07T16:05:18Z,value,92.719640729,,who.gho.mdg-0000000007,raw/who.gho.mdg-0000000007/2026/09/20260907T160518Z-f66c8acba372.json.gz,2
who.gho.mdg-0000000007,MDG_0000000007:CUB:SEX_BTSX:AGEGROUP_YEARSUNDER5:WEALTHQUINTILE_TOTL,1966-01-01,2026-09-07T16:11:06Z,high,48.62881793,,who.gho.mdg-0000000007,raw/who.gho.mdg-0000000007/2026/09/20260907T161106Z-078c7101acce.json.gz,2
who.gho.mdg-0000000007,MDG_0000000007:CUB:SEX_BTSX:AGEGROUP_YEARSUNDER5:WEALTHQUINTILE_TOTL,1966-01-01,2026-09-07T16:11:06Z,low,38.565069745,,who.gho.mdg-0000000007,raw/who.gho.mdg-0000000007/2026/09/20260907T161106Z-078c7101acce.json.gz,2
who.gho.mdg-0000000007,MDG_0000000007:CUB:SEX_BTSX:AGEGROUP_YEARSUNDER5:WEALTHQUINTILE_TOTL,1966-01-01,2026-09-07T16:11:06Z,restated_at,2026-08-05,,who.gho.mdg-0000000007,raw/who.gho.mdg-0000000007/2026/09/20260907T161106Z-078c7101acce.json.gz,2
who.gho.mdg-0000000007,MDG_0000000007:CUB:SEX_BTSX:AGEGROUP_YEARSUNDER5:WEALTHQUINTILE_TOTL,1966-01-01,2026-09-07T16:11:06Z,value,43.033684939,,who.gho.mdg-0000000007,raw/who.gho.mdg-0000000007/2026/09/20260907T161106Z-078c7101acce.json.gz,2
who.gho.mdg-0000000007,MDG_0000000007:CUB:SEX_FMLE:AGEGROUP_YEARSUNDER5:WEALTHQUINTILE_TOTL,1966-01-01,2026-09-07T16:05:14Z,high,44.766627622,,who.gho.mdg-0000000007,raw/who.gho.mdg-0000000007/2026/09/20260907T160514Z-6205b585146a.json.gz,2
who.gho.mdg-0000000007,MDG_0000000007:CUB:SEX_FMLE:AGEGROUP_YEARSUNDER5:WEALTHQUINTILE_TOTL,1966-01-01,2026-09-07T16:05:14Z,low,35.463538215,,who.gho.mdg-0000000007,raw/who.gho.mdg-0000000007/2026/09/20260907T160514Z-6205b585146a.json.gz,2
who.gho.mdg-0000000007,MDG_0000000007:CUB:SEX_FMLE:AGEGROUP_YEARSUNDER5:WEALTHQUINTILE_TOTL,1966-01-01,2026-09-07T16:05:14Z,restated_at,2026-08-05,,who.gho.mdg-0000000007,raw/who.gho.mdg-0000000007/2026/09/20260907T160514Z-6205b585146a.json.gz,2
who.gho.mdg-0000000007,MDG_0000000007:CUB:SEX_FMLE:AGEGROUP_YEARSUNDER5:WEALTHQUINTILE_TOTL,1966-01-01,2026-09-07T16:05:14Z,value,39.583899356,,who.gho.mdg-0000000007,raw/who.gho.mdg-0000000007/2026/09/20260907T160514Z-6205b585146a.json.gz,2
who.gho.mdg-0000000007,MDG_0000000007:CUB:SEX_MLE:AGEGROUP_YEARSUNDER5:WEALTHQUINTILE_TOTL,1966-01-01,2026-09-07T16:10:21Z,high,52.375674326,,who.gho.mdg-0000000007,raw/who.gho.mdg-0000000007/2026/09/20260907T161021Z-3e9ba1677574.json.gz,2
who.gho.mdg-0000000007,MDG_0000000007:CUB:SEX_MLE:AGEGROUP_YEARSUNDER5:WEALTHQUINTILE_TOTL,1966-01-01,2026-09-07T16:10:21Z,low,41.42839968,,who.gho.mdg-0000000007,raw/who.gho.mdg-0000000007/2026/09/20260907T161021Z-3e9ba1677574.json.gz,2
who.gho.mdg-0000000007,MDG_0000000007:CUB:SEX_MLE:AGEGROUP_YEARSUNDER5:WEALTHQUINTILE_TOTL,1966-01-01,2026-09-07T16:10:21Z,restated_at,2026-08-05,,who.gho.mdg-0000000007,raw/who.gho.mdg-0000000007/2026/09/20260907T161021Z-3e9ba1677574.json.gz,2
who.gho.mdg-0000000007,MDG_0000000007:CUB:SEX_MLE:AGEGROUP_YEARSUNDER5:WEALTHQUINTILE_TOTL,1966-01-01,2026-09-07T16:10:21Z,value,46.30484925,,who.gho.mdg-0000000007,raw/who.gho.mdg-0000000007/2026/09/20260907T161021Z-3e9ba1677574.json.gz,2
who.gho.mdg-0000000007,MDG_0000000007:CZE:SEX_BTSX:AGEGROUP_YEARSUNDER5:WEALTHQUINTILE_TOTL,1966-01-01,2026-09-07T16:11:26Z,high,26.459115327,,who.gho.mdg-0000000007,raw/who.gho.mdg-0000000007/2026/09/20260907T161126Z-f3f9061ab4f7.json.gz,2
who.gho.mdg-0000000007,MDG_0000000007:CZE:SEX_BTSX:AGEGROUP_YEARSUNDER5:WEALTHQUINTILE_TOTL,1966-01-01,2026-09-07T16:11:26Z,low,23.168089338,,who.gho.mdg-0000000007,raw/who.gho.mdg-0000000007/2026/09/20260907T161126Z-f3f9061ab4f7.json.gz,2
who.gho.mdg-0000000007,MDG_0000000007:CZE:SEX_BTSX:AGEGROUP_YEARSUNDER5:WEALTHQUINTILE_TOTL,1966-01-01,2026-09-07T16:11:26Z,restated_at,2026-08-05,,who.gho.mdg-0000000007,raw/who.gho.mdg-0000000007/2026/09/20260907T161126Z-f3f9061ab4f7.json.gz,2
who.gho.mdg-0000000007,MDG_0000000007:CZE:SEX_BTSX:AGEGROUP_YEARSUNDER5:WEALTHQUINTILE_TOTL,1966-01-01,2026-09-07T16:11:26Z,value,24.726384264,,who.gho.mdg-0000000007,raw/who.gho.mdg-0000000007/2026/09/20260907T161126Z-f3f9061ab4f7.json.gz,2
who.gho.mdg-0000000007,MDG_0000000007:CZE:SEX_FMLE:AGEGROUP_YEARSUNDER5:WEALTHQUINTILE_TOTL,1966-01-01,2026-09-07T16:10:30Z,high,22.828166931,,who.gho.mdg-0000000007,raw/who.gho.mdg-0000000007/2026/09/20260907T161030Z-d2101d8df79b.json.gz,2
who.gho.mdg-0000000007,MDG_0000000007:CZE:SEX_FMLE:AGEGROUP_YEARSUNDER5:WEALTHQUINTILE_TOTL,1966-01-01,2026-09-07T16:10:30Z,low,19.462559601,,who.gho.mdg-0000000007,raw/who.gho.mdg-0000000007/2026/09/20260907T161030Z-d2101d8df79b.json.gz,2
who.gho.mdg-0000000007,MDG_0000000007:CZE:SEX_FMLE:AGEGROUP_YEARSUNDER5:WEALTHQUINTILE_TOTL,1966-01-01,2026-09-07T16:10:30Z,restated_at,2026-08-05,,who.gho.mdg-0000000007,raw/who.gho.mdg-0000000007/2026/09/20260907T161030Z-d2101d8df79b.json.gz,2
who.gho.mdg-0000000007,MDG_0000000007:CZE:SEX_FMLE:AGEGROUP_YEARSUNDER5:WEALTHQUINTILE_TOTL,1966-01-01,2026-09-07T16:10:30Z,value,21.061100517,,who.gho.mdg-0000000007,raw/who.gho.mdg-0000000007/2026/09/20260907T161030Z-d2101d8df79b.json.gz,2
who.gho.mdg-0000000007,MDG_0000000007:CZE:SEX_MLE:AGEGROUP_YEARSUNDER5:WEALTHQUINTILE_TOTL,1966-01-01,2026-09-07T16:05:26Z,high,30.420532284,,who.gho.mdg-0000000007,raw/who.gho.mdg-0000000007/2026/09/20260907T160526Z-1363df2b3da0.json.gz,2
who.gho.mdg-0000000007,MDG_0000000007:CZE:SEX_MLE:AGEGROUP_YEARSUNDER5:WEALTHQUINTILE_TOTL,1966-01-01,2026-09-07T16:05:26Z,low,26.217772377,,who.gho.mdg-0000000007,raw/who.gho.mdg-0000000007/2026/09/20260907T160526Z-1363df2b3da0.json.gz,2
who.gho.mdg-0000000007,MDG_0000000007:CZE:SEX_MLE:AGEGROUP_YEARSUNDER5:WEALTHQUINTILE_TOTL,1966-01-01,2026-09-07T16:05:26Z,restated_at,2026-08-05,,who.gho.mdg-0000000007,raw/who.gho.mdg-0000000007/2026/09/20260907T160526Z-1363df2b3da0.json.gz,2
who.gho.mdg-0000000007,MDG_0000000007:CZE:SEX_MLE:AGEGROUP_YEARSUNDER5:WEALTHQUINTILE_TOTL,1966-01-01,2026-09-07T16:05:26Z,value,28.213103808,,who.gho.mdg-0000000007,raw/who.gho.mdg-0000000007/2026/09/20260907T160526Z-1363df2b3da0.json.gz,2
who.gho.mdg-0000000007,MDG_0000000007:DMA:SEX_BTSX:AGEGROUP_YEARSUNDER5:WEALTHQUINTILE_TOTL,1966-01-01,2026-09-07T16:05:26Z,high,81.695879654,,who.gho.mdg-0000000007,raw/who.gho.mdg-0000000007/2026/09/20260907T160526Z-1363df2b3da0.json.gz,2
who.gho.mdg-0000000007,MDG_0000000007:DMA:SEX_BTSX:AGEGROUP_YEARSUNDER5:WEALTHQUINTILE_TOTL,1966-01-01,2026-09-07T16:05:26Z,low,75.197246105,,who.gho.mdg-0000000007,raw/who.gho.mdg-0000000007/2026/09/20260907T160526Z-1363df2b3da0.json.gz,2
who.gho.mdg-0000000007,MDG_0000000007:DMA:SEX_BTSX:AGEGROUP_YEARSUNDER5:WEALTHQUINTILE_TOTL,1966-01-01,2026-09-07T16:05:26Z,restated_at,2026-08-05,,who.gho.mdg-0000000007,raw/who.gho.mdg-0000000007/2026/09/20260907T160526Z-1363df2b3da0.json.gz,2
who.gho.mdg-0000000007,MDG_0000000007:DMA:SEX_BTSX:AGEGROUP_YEARSUNDER5:WEALTHQUINTILE_TOTL,1966-01-01,2026-09-07T16:05:26Z,value,78.395571333,,who.gho.mdg-0000000007,raw/who.gho.mdg-0000000007/2026/09/20260907T160526Z-1363df2b3da0.json.gz,2
who.gho.mdg-0000000007,MDG_0000000007:DMA:SEX_FMLE:AGEGROUP_YEARSUNDER5:WEALTHQUINTILE_TOTL,1966-01-01,2026-09-07T16:09:18Z,high,79.337397354,,who.gho.mdg-0000000007,raw/who.gho.mdg-0000000007/2026/09/20260907T160918Z-1f3ac080847d.json.gz,2
who.gho.mdg-0000000007,MDG_0000000007:DMA:SEX_FMLE:AGEGROUP_YEARSUNDER5:WEALTHQUINTILE_TOTL,1966-01-01,2026-09-07T16:09:18Z,low,71.536280393,,who.gho.mdg-0000000007,raw/who.gho.mdg-0000000007/2026/09/20260907T160918Z-1f3ac080847d.json.gz,2
who.gho.mdg-0000000007,MDG_0000000007:DMA:SEX_FMLE:AGEGROUP_YEARSUNDER5:WEALTHQUINTILE_TOTL,1966-01-01,2026-09-07T16:09:18Z,restated_at,2026-08-05,,who.gho.mdg-0000000007,raw/who.gho.mdg-0000000007/2026/09/20260907T160918Z-1f3ac080847d.json.gz,2
who.gho.mdg-0000000007,MDG_0000000007:DMA:SEX_FMLE:AGEGROUP_YEARSUNDER5:WEALTHQUINTILE_TOTL,1966-01-01,2026-09-07T16:09:18Z,value,75.464879465,,who.gho.mdg-0000000007,raw/who.gho.mdg-0000000007/2026/09/20260907T160918Z-1f3ac080847d.json.gz,2
who.gho.mdg-0000000007,MDG_0000000007:DMA:SEX_MLE:AGEGROUP_YEARSUNDER5:WEALTHQUINTILE_TOTL,1966-01-01,2026-09-07T16:10:03Z,high,85.355969601,,who.gho.mdg-0000000007,raw/who.gho.mdg-0000000007/2026/09/20260907T161003Z-9bcc9b7e7da4.json.gz,2
who.gho.mdg-0000000007,MDG_0000000007:DMA:SEX_MLE:AGEGROUP_YEARSUNDER5:WEALTHQUINTILE_TOTL,1966-01-01,2026-09-07T16:10:03Z,low,77.2980885,,who.gho.mdg-0000000007,raw/who.gho.mdg-0000000007/2026/09/20260907T161003Z-9bcc9b7e7da4.json.gz,2
who.gho.mdg-0000000007,MDG_0000000007:DMA:SEX_MLE:AGEGROUP_YEARSUNDER5:WEALTHQUINTILE_TOTL,1966-01-01,2026-09-07T16:10:03Z,restated_at,2026-08-05,,who.gho.mdg-0000000007,raw/who.gho.mdg-0000000007/2026/09/20260907T161003Z-9bcc9b7e7da4.json.gz,2
who.gho.mdg-0000000007,MDG_0000000007:DMA:SEX_MLE:AGEGROUP_YEARSUNDER5:WEALTHQUINTILE_TOTL,1966-01-01,2026-09-07T16:10:03Z,value,81.253254047,,who.gho.mdg-0000000007,raw/who.gho.mdg-0000000007/2026/09/20260907T161003Z-9bcc9b7e7da4.json.gz,2
who.gho.mdg-0000000007,MDG_0000000007:DNK:SEX_BTSX:AGEGROUP_YEARSUNDER5:WEALTHQUINTILE_TOTL,1966-01-01,2026-09-07T16:05:01Z,high,20.46374509,,who.gho.mdg-0000000007,raw/who.gho.mdg-0000000007/2026/09/20260907T160501Z-2d19e1a5feef.json.gz,2
who.gho.mdg-0000000007,MDG_0000000007:DNK:SEX_BTSX:AGEGROUP_YEARSUNDER5:WEALTHQUINTILE_TOTL,1966-01-01,2026-09-07T16:05:01Z,low,19.637336413,,who.gho.mdg-0000000007,raw/who.gho.mdg-0000000007/2026/09/20260907T160501Z-2d19e1a5feef.json.gz,2
who.gho.mdg-0000000007,MDG_0000000007:DNK:SEX_BTSX:AGEGROUP_YEARSUNDER5:WEALTHQUINTILE_TOTL,1966-01-01,2026-09-07T16:05:01Z,restated_at,2026-08-05,,who.gho.mdg-0000000007,raw/who.gho.mdg-0000000007/2026/09/20260907T160501Z-2d19e1a5feef.json.gz,2
who.gho.mdg-0000000007,MDG_0000000007:DNK:SEX_BTSX:AGEGROUP_YEARSUNDER5:WEALTHQUINTILE_TOTL,1966-01-01,2026-09-07T16:05:01Z,value,20.049245889,,who.gho.mdg-0000000007,raw/who.gho.mdg-0000000007/2026/09/20260907T160501Z-2d19e1a5feef.json.gz,2
who.gho.mdg-0000000007,MDG_0000000007:DNK:SEX_FMLE:AGEGROUP_YEARSUNDER5:WEALTHQUINTILE_TOTL,1966-01-01,2026-09-07T16:11:22Z,high,17.278936197,,who.gho.mdg-0000000007,raw/who.gho.mdg-0000000007/2026/09/20260907T161122Z-4e9c288e3adb.json.gz,2
who.gho.mdg-0000000007,MDG_0000000007:DNK:SEX_FMLE:AGEGROUP_YEARSUNDER5:WEALTHQUINTILE_TOTL,1966-01-01,2026-09-07T16:11:22Z,low,16.391720405,,who.gho.mdg-0000000007,raw/who.gho.mdg-0000000007/2026/09/20260907T161122Z-4e9c288e3adb.json.gz,2
who.gho.mdg-0000000007,MDG_0000000007:DNK:SEX_FMLE:AGEGROUP_YEARSUNDER5:WEALTHQUINTILE_TOTL,1966-01-01,2026-09-07T16:11:22Z,restated_at,2026-08-05,,who.gho.mdg-0000000007,raw/who.gho.mdg-0000000007/2026/09/20260907T161122Z-4e9c288e3adb.json.gz,2
who.gho.mdg-0000000007,MDG_0000000007:DNK:SEX_FMLE:AGEGROUP_YEARSUNDER5:WEALTHQUINTILE_TOTL,1966-01-01,2026-09-07T16:11:22Z,value,16.836918439,,who.gho.mdg-0000000007,raw/who.gho.mdg-0000000007/2026/09/20260907T161122Z-4e9c288e3adb.json.gz,2
who.gho.mdg-0000000007,MDG_0000000007:DNK:SEX_MLE:AGEGROUP_YEARSUNDER5:WEALTHQUINTILE_TOTL,1966-01-01,2026-09-07T16:11:14Z,high,23.684092307,,who.gho.mdg-0000000007,raw/who.gho.mdg-0000000007/2026/09/20260907T161114Z-c1ae2408f442.json.gz,2
who.gho.mdg-0000000007,MDG_0000000007:DNK:SEX_MLE:AGEGROUP_YEARSUNDER5:WEALTHQUINTILE_TOTL,1966-01-01,2026-09-07T16:11:14Z,low,22.556956509,,who.gho.mdg-0000000007,raw/who.gho.mdg-0000000007/2026/09/20260907T161114Z-c1ae2408f442.json.gz,2
who.gho.mdg-0000000007,MDG_0000000007:DNK:SEX_MLE:AGEGROUP_YEARSUNDER5:WEALTHQUINTILE_TOTL,1966-01-01,2026-09-07T16:11:14Z,restated_at,2026-08-05,,who.gho.mdg-0000000007,raw/who.gho.mdg-0000000007/2026/09/20260907T161114Z-c1ae2408f442.json.gz,2
who.gho.mdg-0000000007,MDG_0000000007:DNK:SEX_MLE:AGEGROUP_YEARSUNDER5:WEALTHQUINTILE_TOTL,1966-01-01,2026-09-07T16:11:14Z,value,23.101950224,,who.gho.mdg-0000000007,raw/who.gho.mdg-0000000007/2026/09/20260907T161114Z-c1ae2408f442.json.gz,2
who.gho.mdg-0000000007,MDG_0000000007:DOM:SEX_BTSX:AGEGROUP_YEARSUNDER5:WEALTHQUINTILE_TOTL,1966-01-01,2026-09-07T16:06:26Z,high,145.489053492,,who.gho.mdg-0000000007,raw/who.gho.mdg-0000000007/2026/09/20260907T160626Z-083ef708c2ee.json.gz,2
who.gho.mdg-0000000007,MDG_0000000007:DOM:SEX_BTSX:AGEGROUP_YEARSUNDER5:WEALTHQUINTILE_TOTL,1966-01-01,2026-09-07T16:06:26Z,low,126.721285686,,who.gho.mdg-0000000007,raw/who.gho.mdg-0000000007/2026/09/20260907T160626Z-083ef708c2ee.json.gz,2
who.gho.mdg-0000000007,MDG_0000000007:DOM:SEX_BTSX:AGEGROUP_YEARSUNDER5:WEALTHQUINTILE_TOTL,1966-01-01,2026-09-07T16:06:26Z,restated_at,2026-08-05,,who.gho.mdg-0000000007,raw/who.gho.mdg-0000000007/2026/09/20260907T160626Z-083ef708c2ee.json.gz,2
who.gho.mdg-0000000007,MDG_0000000007:DOM:SEX_BTSX:AGEGROUP_YEARSUNDER5:WEALTHQUINTILE_TOTL,1966-01-01,2026-09-07T16:06:26Z,value,135.737391414,,who.gho.mdg-0000000007,raw/who.gho.mdg-0000000007/2026/09/20260907T160626Z-083ef708c2ee.json.gz,2
who.gho.mdg-0000000007,MDG_0000000007:DOM:SEX_FMLE:AGEGROUP_YEARSUNDER5:WEALTHQUINTILE_TOTL,1966-01-01,2026-09-07T16:10:30Z,high,142.313864953,,who.gho.mdg-0000000007,raw/who.gho.mdg-0000000007/2026/09/20260907T161030Z-d2101d8df79b.json.gz,2
who.gho.mdg-0000000007,MDG_0000000007:DOM:SEX_FMLE:AGEGROUP_YEARSUNDER5:WEALTHQUINTILE_TOTL,1966-01-01,2026-09-07T16:10:30Z,low,122.648671752,,who.gho.mdg-0000000007,raw/who.gho.mdg-0000000007/2026/09/20260907T161030Z-d2101d8df79b.json.gz,2
who.gho.mdg-0000000007,MDG_0000000007:DOM:SEX_FMLE:AGEGROUP_YEARSUNDER5:WEALTHQUINTILE_TOTL,1966-01-01,2026-09-07T16:10:30Z,restated_at,2026-08-05,,who.gho.mdg-0000000007,raw/who.gho.mdg-0000000007/2026/09/20260907T161030Z-d2101d8df79b.json.gz,2
who.gho.mdg-0000000007,MDG_0000000007:DOM:SEX_FMLE:AGEGROUP_YEARSUNDER5:WEALTHQUINTILE_TOTL,1966-01-01,2026-09-07T16:10:30Z,value,132.106851296,,who.gho.mdg-0000000007,raw/who.gho.mdg-0000000007/2026/09/20260907T161030Z-d2101d8df79b.json.gz,2
who.gho.mdg-0000000007,MDG_0000000007:DOM:SEX_MLE:AGEGROUP_YEARSUNDER5:WEALTHQUINTILE_TOTL,1966-01-01,2026-09-07T16:08:50Z,high,149.707287502,,who.gho.mdg-0000000007,raw/who.gho.mdg-0000000007/2026/09/20260907T160850Z-957169f3a50e.json.gz,2
who.gho.mdg-0000000007,MDG_0000000007:DOM:SEX_MLE:AGEGROUP_YEARSUNDER5:WEALTHQUINTILE_TOTL,1966-01-01,2026-09-07T16:08:50Z,low,129.334691895,,who.gho.mdg-0000000007,raw/who.gho.mdg-0000000007/2026/09/20260907T160850Z-957169f3a50e.json.gz,2
who.gho.mdg-0000000007,MDG_0000000007:DOM:SEX_MLE:AGEGROUP_YEARSUNDER5:WEALTHQUINTILE_TOTL,1966-01-01,2026-09-07T16:08:50Z,restated_at,2026-08-05,,who.gho.mdg-0000000007,raw/who.gho.mdg-0000000007/2026/09/20260907T160850Z-957169f3a50e.json.gz,2
who.gho.mdg-0000000007,MDG_0000000007:DOM:SEX_MLE:AGEGROUP_YEARSUNDER5:WEALTHQUINTILE_TOTL,1966-01-01,2026-09-07T16:08:50Z,value,139.198170249,,who.gho.mdg-0000000007,raw/who.gho.mdg-0000000007/2026/09/20260907T160850Z-957169f3a50e.json.gz,2
who.gho.mdg-0000000007,MDG_0000000007:DZA:SEX_BTSX:AGEGROUP_YEARSUNDER5:WEALTHQUINTILE_TOTL,1966-01-01,2026-09-07T16:09:54Z,high,279.430861945,,who.gho.mdg-0000000007,raw/who.gho.mdg-0000000007/2026/09/20260907T160954Z-3426e3999bb4.json.gz,2
who.gho.mdg-0000000007,MDG_0000000007:DZA:SEX_BTSX:AGEGROUP_YEARSUNDER5:WEALTHQUINTILE_TOTL,1966-01-01,2026-09-07T16:09:54Z,low,216.082987474,,who.gho.mdg-0000000007,raw/who.gho.mdg-0000000007/2026/09/20260907T160954Z-3426e3999bb4.json.gz,2
who.gho.mdg-0000000007,MDG_0000000007:DZA:SEX_BTSX:AGEGROUP_YEARSUNDER5:WEALTHQUINTILE_TOTL,1966-01-01,2026-09-07T16:09:54Z,restated_at,2026-08-05,,who.gho.mdg-0000000007,raw/who.gho.mdg-0000000007/2026/09/20260907T160954Z-3426e3999bb4.json.gz,2
who.gho.mdg-0000000007,MDG_0000000007:DZA:SEX_BTSX:AGEGROUP_YEARSUNDER5:WEALTHQUINTILE_TOTL,1966-01-01,2026-09-07T16:09:54Z,value,244.757053933,,who.gho.mdg-0000000007,raw/who.gho.mdg-0000000007/2026/09/20260907T160954Z-3426e3999bb4.json.gz,2
who.gho.mdg-0000000007,MDG_0000000007:DZA:SEX_FMLE:AGEGROUP_YEARSUNDER5:WEALTHQUINTILE_TOTL,1966-01-01,2026-09-07T16:06:26Z,high,275.060991685,,who.gho.mdg-0000000007,raw/who.gho.mdg-0000000007/2026/09/20260907T160626Z-083ef708c2ee.json.gz,2
who.gho.mdg-0000000007,MDG_0000000007:DZA:SEX_FMLE:AGEGROUP_YEARSUNDER5:WEALTHQUINTILE_TOTL,1966-01-01,2026-09-07T16:06:26Z,low,211.045899453,,who.gho.mdg-0000000007,raw/who.gho.mdg-0000000007/2026/09/20260907T160626Z-083ef708c2ee.json.gz,2
who.gho.mdg-0000000007,MDG_0000000007:DZA:SEX_FMLE:AGEGROUP_YEARSUNDER5:WEALTHQUINTILE_TOTL,1966-01-01,2026-09-07T16:06:26Z,restated_at,2026-08-05,,who.gho.mdg-0000000007,raw/who.gho.mdg-0000000007/2026/09/20260907T160626Z-083ef708c2ee.json.gz,2
who.gho.mdg-0000000007,MDG_0000000007:DZA:SEX_FMLE:AGEGROUP_YEARSUNDER5:WEALTHQUINTILE_TOTL,1966-01-01,2026-09-07T16:06:26Z,value,240.070626291,,who.gho.mdg-0000000007,raw/who.gho.mdg-0000000007/2026/09/20260907T160626Z-083ef708c2ee.json.gz,2
who.gho.mdg-0000000007,MDG_0000000007:DZA:SEX_MLE:AGEGROUP_YEARSUNDER5:WEALTHQUINTILE_TOTL,1966-01-01,2026-09-07T16:08:50Z,high,285.578655677,,who.gho.mdg-0000000007,raw/who.gho.mdg-0000000007/2026/09/20260907T160850Z-957169f3a50e.json.gz,2
who.gho.mdg-0000000007,MDG_0000000007:DZA:SEX_MLE:AGEGROUP_YEARSUNDER5:WEALTHQUINTILE_TOTL,1966-01-01,2026-09-07T16:08:50Z,low,218.966837967,,who.gho.mdg-0000000007,raw/who.gho.mdg-0000000007/2026/09/20260907T160850Z-957169f3a50e.json.gz,2
who.gho.mdg-0000000007,MDG_0000000007:DZA:SEX_MLE:AGEGROUP_YEARSUNDER5:WEALTHQUINTILE_TOTL,1966-01-01,2026-09-07T16:08:50Z,restated_at,2026-08-05,,who.gho.mdg-0000000007,raw/who.gho.mdg-0000000007/2026/09/20260907T160850Z-957169f3a50e.json.gz,2
who.gho.mdg-0000000007,MDG_0000000007:DZA:SEX_MLE:AGEGROUP_YEARSUNDER5:WEALTHQUINTILE_TOTL,1966-01-01,2026-09-07T16:08:50Z,value,248.992266521,,who.gho.mdg-0000000007,raw/who.gho.mdg-0000000007/2026/09/20260907T160850Z-957169f3a50e.json.gz,2
who.gho.mdg-0000000007,MDG_0000000007:ECU:SEX_BTSX:AGEGROUP_YEARSUNDER5:WEALTHQUINTILE_TOTL,1966-01-01,2026-09-07T16:05:18Z,high,164.186866198,,who.gho.mdg-0000000007,raw/who.gho.mdg-0000000007/2026/09/20260907T160518Z-f66c8acba372.json.gz,2
who.gho.mdg-0000000007,MDG_0000000007:ECU:SEX_BTSX:AGEGROUP_YEARSUNDER5:WEALTHQUINTILE_TOTL,1966-01-01,2026-09-07T16:05:18Z,low,134.323027961,,who.gho.mdg-0000000007,raw/who.gho.mdg-0000000007/2026/09/20260907T160518Z-f66c8acba372.json.gz,2
who.gho.mdg-0000000007,MDG_0000000007:ECU:SEX_BTSX:AGEGROUP_YEARSUNDER5:WEALTHQUINTILE_TOTL,1966-01-01,2026-09-07T16:05:18Z,restated_at,2026-08-05,,who.gho.mdg-0000000007,raw/who.gho.mdg-0000000007/2026/09/20260907T160518Z-f66c8acba372.json.gz,2
who.gho.mdg-0000000007,MDG_0000000007:ECU:SEX_BTSX:AGEGROUP_YEARSUNDER5:WEALTHQUINTILE_TOTL,1966-01-01,2026-09-07T16:05:18Z,value,148.623292534,,who.gho.mdg-0000000007,raw/who.gho.mdg-0000000007/2026/09/20260907T160518Z-f66c8acba372.json.gz,2
who.gho.mdg-0000000007,MDG_0000000007:ECU:SEX_FMLE:AGEGROUP_YEARSUNDER5:WEALTHQUINTILE_TOTL,1966-01-01,2026-09-07T16:05:18Z,high,153.16121923,,who.gho.mdg-0000000007,raw/who.gho.mdg-0000000007/2026/09/20260907T160518Z-f66c8acba372.json.gz,2
who.gho.mdg-0000000007,MDG_0000000007:ECU:SEX_FMLE:AGEGROUP_YEARSUNDER5:WEALTHQUINTILE_TOTL,1966-01-01,2026-09-07T16:05:18Z,low,123.951799545,,who.gho.mdg-0000000007,raw/who.gho.mdg-0000000007/2026/09/20260907T160518Z-f66c8acba372.json.gz,2
who.gho.mdg-0000000007,MDG_0000000007:ECU:SEX_FMLE:AGEGROUP_YEARSUNDER5:WEALTHQUINTILE_TOTL,1966-01-01,2026-09-07T16:05:18Z,restated_at,2026-08-05,,who.gho.mdg-0000000007,raw/who.gho.mdg-0000000007/2026/09/20260907T160518Z-f66c8acba372.json.gz,2
who.gho.mdg-0000000007,MDG_0000000007:ECU:SEX_FMLE:AGEGROUP_YEARSUNDER5:WEALTHQUINTILE_TOTL,1966-01-01,2026-09-07T16:05:18Z,value,138.009975865,,who.gho.mdg-0000000007,raw/who.gho.mdg-0000000007/2026/09/20260907T160518Z-f66c8acba372.json.gz,2
who.gho.mdg-0000000007,MDG_0000000007:ECU:SEX_MLE:AGEGROUP_YEARSUNDER5:WEALTHQUINTILE_TOTL,1966-01-01,2026-09-07T16:11:14Z,high,176.492008484,,who.gho.mdg-0000000007,raw/who.gho.mdg-0000000007/2026/09/20260907T161114Z-c1ae2408f442.json.gz,2
who.gho.mdg-0000000007,MDG_0000000007:ECU:SEX_MLE:AGEGROUP_YEARSUNDER5:WEALTHQUINTILE_TOTL,1966-01-01,2026-09-07T16:11:14Z,low,142.560368442,,who.gho.mdg-0000000007,raw/who.gho.mdg-0000000007/2026/09/20260907T161114Z-c1ae2408f442.json.gz,2
who.gho.mdg-0000000007,MDG_0000000007:ECU:SEX_MLE:AGEGROUP_YEARSUNDER5:WEALTHQUINTILE_TOTL,1966-01-01,2026-09-07T16:11:14Z,restated_at,2026-08-05,,who.gho.mdg-0000000007,raw/who.gho.mdg-0000000007/2026/09/20260907T161114Z-c1ae2408f442.json.gz,2
who.gho.mdg-0000000007,MDG_0000000007:ECU:SEX_MLE:AGEGROUP_YEARSUNDER5:WEALTHQUINTILE_TOTL,1966-01-01,2026-09-07T16:11:14Z,value,158.530657231,,who.gho.mdg-0000000007,raw/who.gho.mdg-0000000007/2026/09/20260907T161114Z-c1ae2408f442.json.gz,2
who.gho.mdg-0000000007,MDG_0000000007:EGY:SEX_BTSX:AGEGROUP_YEARSUNDER5:WEALTHQUINTILE_TOTL,1966-01-01,2026-09-07T16:09:34Z,high,288.542440868,,who.gho.mdg-0000000007,raw/who.gho.mdg-0000000007/2026/09/20260907T160934Z-f7f0902b1194.json.gz,2
who.gho.mdg-0000000007,MDG_0000000007:EGY:SEX_BTSX:AGEGROUP_YEARSUNDER5:WEALTHQUINTILE_TOTL,1966-01-01,2026-09-07T16:09:34Z,low,248.932184699,,who.gho.mdg-0000000007,raw/who.gho.mdg-0000000007/2026/09/20260907T160934Z-f7f0902b1194.json.gz,2
who.gho.mdg-0000000007,MDG_0000000007:EGY:SEX_BTSX:AGEGROUP_YEARSUNDER5:WEALTHQUINTILE_TOTL,1966-01-01,2026-09-07T16:09:34Z,restated_at,2026-08-05,,who.gho.mdg-0000000007,raw/who.gho.mdg-0000000007/2026/09/20260907T160934Z-f7f0902b1194.json.gz,2
who.gho.mdg-0000000007,MDG_0000000007:EGY:SEX_BTSX:AGEGROUP_YEARSUNDER5:WEALTHQUINTILE_TOTL,1966-01-01,2026-09-07T16:09:34Z,value,268.441990102,,who.gho.mdg-0000000007,raw/who.gho.mdg-0000000007/2026/09/20260907T160934Z-f7f0902b1194.json.gz,2
who.gho.mdg-0000000007,MDG_0000000007:EGY:SEX_FMLE:AGEGROUP_YEARSUNDER5:WEALTHQUINTILE_TOTL,1966-01-01,2026-09-07T16:06:34Z,high,296.328439847,,who.gho.mdg-0000000007,raw/who.gho.mdg-0000000007/2026/09/20260907T160634Z-2774fa4e213c.json.gz,2
who.gho.mdg-0000000007,MDG_0000000007:EGY:SEX_FMLE:AGEGROUP_YEARSUNDER5:WEALTHQUINTILE_TOTL,1966-01-01,2026-09-07T16:06:34Z,low,254.508717944,,who.gho.mdg-0000000007,raw/who.gho.mdg-0000000007/2026/09/20260907T160634Z-2774fa4e213c.json.gz,2
who.gho.mdg-0000000007,MDG_0000000007:EGY:SEX_FMLE:AGEGROUP_YEARSUNDER5:WEALTHQUINTILE_TOTL,1966-01-01,2026-09-07T16:06:34Z,restated_at,2026-08-05,,who.gho.mdg-0000000007,raw/who.gho.mdg-0000000007/2026/09/20260907T160634Z-2774fa4e213c.json.gz,2
who.gho.mdg-0000000007,MDG_0000000007:EGY:SEX_FMLE:AGEGROUP_YEARSUNDER5:WEALTHQUINTILE_TOTL,1966-01-01,2026-09-07T16:06:34Z,value,275.104287292,,who.gho.mdg-0000000007,raw/who.gho.mdg-0000000007/2026/09/20260907T160634Z-2774fa4e213c.json.gz,2
who.gho.mdg-0000000007,MDG_0000000007:EGY:SEX_MLE:AGEGROUP_YEARSUNDER5:WEALTHQUINTILE_TOTL,1966-01-01,2026-09-07T16:05:35Z,high,282.4431243,,who.gho.mdg-0000000007,raw/who.gho.mdg-0000000007/2026/09/20260907T160535Z-bcafb05f6fe8.json.gz,2
who.gho.mdg-0000000007,MDG_0000000007:EGY:SEX_MLE:AGEGROUP_YEARSUNDER5:WEALTHQUINTILE_TOTL,1966-01-01,2026-09-07T16:05:35Z,low,242.528269281,,who.gho.mdg-0000000007,raw/who.gho.mdg-0000000007/2026/09/20260907T160535Z-bcafb05f6fe8.json.gz,2
who.gho.mdg-0000000007,MDG_0000000007:EGY:SEX_MLE:AGEGROUP_YEARSUNDER5:WEALTHQUINTILE_TOTL,1966-01-01,2026-09-07T16:05:35Z,restated_at,2026-08-05,,who.gho.mdg-0000000007,raw/who.gho.mdg-0000000007/2026/09/20260907T160535Z-bcafb05f6fe8.json.gz,2
who.gho.mdg-0000000007,MDG_0000000007:EGY:SEX_MLE:AGEGROUP_YEARSUNDER5:WEALTHQUINTILE_TOTL,1966-01-01,2026-09-07T16:05:35Z,value,261.933689379,,who.gho.mdg-0000000007,raw/who.gho.mdg-0000000007/2026/09/20260907T160535Z-bcafb05f6fe8.json.gz,2
who.gho.mdg-0000000007,MDG_0000000007:ESP:SEX_BTSX:AGEGROUP_YEARSUNDER5:WEALTHQUINTILE_TOTL,1966-01-01,2026-09-07T16:05:35Z,high,41.044396546,,who.gho.mdg-0000000007,raw/who.gho.mdg-0000000007/2026/09/20260907T160535Z-bcafb05f6fe8.json.gz,2
who.gho.mdg-0000000007,MDG_0000000007:ESP:SEX_BTSX:AGEGROUP_YEARSUNDER5:WEALTHQUINTILE_TOTL,1966-01-01,2026-09-07T16:05:35Z,low,39.56381122,,who.gho.mdg-0000000007,raw/who.gho.mdg-0000000007/2026/09/20260907T160535Z-bcafb05f6fe8.json.gz,2
who.gho.mdg-0000000007,MDG_0000000007:ESP:SEX_BTSX:AGEGROUP_YEARSUNDER5:WEALTHQUINTILE_TOTL,1966-01-01,2026-09-07T16:05:35Z,restated_at,2026-08-05,,who.gho.mdg-0000000007,raw/who.gho.mdg-0000000007/2026/09/20260907T160535Z-bcafb05f6fe8.json.gz,2
who.gho.mdg-0000000007,MDG_0000000007:ESP:SEX_BTSX:AGEGROUP_YEARSUNDER5:WEALTHQUINTILE_TOTL,1966-01-01,2026-09-07T16:05:35Z,value,40.279011464,,who.gho.mdg-0000000007,raw/who.gho.mdg-0000000007/2026/09/20260907T160535Z-bcafb05f6fe8.json.gz,2
who.gho.mdg-0000000007,MDG_0000000007:ESP:SEX_FMLE:AGEGROUP_YEARSUNDER5:WEALTHQUINTILE_TOTL,1966-01-01,2026-09-07T16:09:41Z,high,36.64817881,,who.gho.mdg-0000000007,raw/who.gho.mdg-0000000007/2026/09/20260907T160941Z-845bd0fc2e92.json.gz,2
who.gho.mdg-0000000007,MDG_0000000007:ESP:SEX_FMLE:AGEGROUP_YEARSUNDER5:WEALTHQUINTILE_TOTL,1966-01-01,2026-09-07T16:09:41Z,low,35.195419909,,who.gho.mdg-0000000007,raw/who.gho.mdg-0000000007/2026/09/20260907T160941Z-845bd0fc2e92.json.gz,2
who.gho.mdg-0000000007,MDG_0000000007:ESP:SEX_FMLE:AGEGROUP_YEARSUNDER5:WEALTHQUINTILE_TOTL,1966-01-01,2026-09-07T16:09:41Z,restated_at,2026-08-05,,who.gho.mdg-0000000007,raw/who.gho.mdg-0000000007/2026/09/20260907T160941Z-845bd0fc2e92.json.gz,2
who.gho.mdg-0000000007,MDG_0000000007:ESP:SEX_FMLE:AGEGROUP_YEARSUNDER5:WEALTHQUINTILE_TOTL,1966-01-01,2026-09-07T16:09:41Z,value,35.912451959,,who.gho.mdg-0000000007,raw/who.gho.mdg-0000000007/2026/09/20260907T160941Z-845bd0fc2e92.json.gz,2
who.gho.mdg-0000000007,MDG_0000000007:ESP:SEX_MLE:AGEGROUP_YEARSUNDER5:WEALTHQUINTILE_TOTL,1966-01-01,2026-09-07T16:08:50Z,high,45.338252499,,who.gho.mdg-0000000007,raw/who.gho.mdg-0000000007/2026/09/20260907T160850Z-957169f3a50e.json.gz,2
who.gho.mdg-0000000007,MDG_0000000007:ESP:SEX_MLE:AGEGROUP_YEARSUNDER5:WEALTHQUINTILE_TOTL,1966-01-01,2026-09-07T16:08:50Z,low,43.599964533,,who.gho.mdg-0000000007,raw/who.gho.mdg-0000000007/2026/09/20260907T160850Z-957169f3a50e.json.gz,2
who.gho.mdg-0000000007,MDG_0000000007:ESP:SEX_MLE:AGEGROUP_YEARSUNDER5:WEALTHQUINTILE_TOTL,1966-01-01,2026-09-07T16:08:50Z,restated_at,2026-08-05,,who.gho.mdg-0000000007,raw/who.gho.mdg-0000000007/2026/09/20260907T160850Z-957169f3a50e.json.gz,2
who.gho.mdg-0000000007,MDG_0000000007:ESP:SEX_MLE:AGEGROUP_YEARSUNDER5:WEALTHQUINTILE_TOTL,1966-01-01,2026-09-07T16:08:50Z,value,44.442611273,,who.gho.mdg-0000000007,raw/who.gho.mdg-0000000007/2026/09/20260907T160850Z-957169f3a50e.json.gz,2
who.gho.mdg-0000000007,MDG_0000000007:EST:SEX_BTSX:AGEGROUP_YEARSUNDER5:WEALTHQUINTILE_TOTL,1966-01-01,2026-09-07T16:04:52Z,high,26.598416706,,who.gho.mdg-0000000007,raw/who.gho.mdg-0000000007/2026/09/20260907T160452Z-cad637d9cec2.json.gz,2
who.gho.mdg-0000000007,MDG_0000000007:EST:SEX_BTSX:AGEGROUP_YEARSUNDER5:WEALTHQUINTILE_TOTL,1966-01-01,2026-09-07T16:04:52Z,low,23.711462585,,who.gho.mdg-0000000007,raw/who.gho.mdg-0000000007/2026/09/20260907T160452Z-cad637d9cec2.json.gz,2
who.gho.mdg-0000000007,MDG_0000000007:EST:SEX_BTSX:AGEGROUP_YEARSUNDER5:WEALTHQUINTILE_TOTL,1966-01-01,2026-09-07T16:04:52Z,restated_at,2026-08-05,,who.gho.mdg-0000000007,raw/who.gho.mdg-0000000007/2026/09/20260907T160452Z-cad637d9cec2.json.gz,2
who.gho.mdg-0000000007,MDG_0000000007:EST:SEX_BTSX:AGEGROUP_YEARSUNDER5:WEALTHQUINTILE_TOTL,1966-01-01,2026-09-07T16:04:52Z,value,25.10112661,,who.gho.mdg-0000000007,raw/who.gho.mdg-0000000007/2026/09/20260907T160452Z-cad637d9cec2.json.gz,2
who.gho.mdg-0000000007,MDG_0000000007:EST:SEX_FMLE:AGEGROUP_YEARSUNDER5:WEALTHQUINTILE_TOTL,1966-01-01,2026-09-07T16:04:52Z,high,23.453386825,,who.gho.mdg-0000000007,raw/who.gho.mdg-0000000007/2026/09/20260907T160452Z-cad637d9cec2.json.gz,2
who.gho.mdg-0000000007,MDG_0000000007:EST:SEX_FMLE:AGEGROUP_YEARSUNDER5:WEALTHQUINTILE_TOTL,1966-01-01,2026-09-07T16:04:52Z,low,20.33625544,,who.gho.mdg-0000000007,raw/who.gho.mdg-0000000007/2026/09/20260907T160452Z-cad637d9cec2.json.gz,2
who.gho.mdg-0000000007,MDG_0000000007:EST:SEX_FMLE:AGEGROUP_YEARSUNDER5:WEALTHQUINTILE_TOTL,1966-01-01,2026-09-07T16:04:52Z,restated_at,2026-08-05,,who.gho.mdg-0000000007,raw/who.gho.mdg-0000000007/2026/09/20260907T160452Z-cad637d9cec2.json.gz,2
who.gho.mdg-0000000007,MDG_0000000007:EST:SEX_FMLE:AGEGROUP_YEARSUNDER5:WEALTHQUINTILE_TOTL,1966-01-01,2026-09-07T16:04:52Z,value,21.831085544,,who.gho.mdg-0000000007,raw/who.gho.mdg-0000000007/2026/09/20260907T160452Z-cad637d9cec2.json.gz,2
who.gho.mdg-0000000007,MDG_0000000007:EST:SEX_MLE:AGEGROUP_YEARSUNDER5:WEALTHQUINTILE_TOTL,1966-01-01,2026-09-07T16:04:52Z,high,30.14790881,,who.gho.mdg-0000000007,raw/who.gho.mdg-0000000007/2026/09/20260907T160452Z-cad637d9cec2.json.gz,2
who.gho.mdg-0000000007,MDG_0000000007:EST:SEX_MLE:AGEGROUP_YEARSUNDER5:WEALTHQUINTILE_TOTL,1966-01-01,2026-09-07T16:04:52Z,low,26.384838228,,who.gho.mdg-0000000007,raw/who.gho.mdg-0000000007/2026/09/20260907T160452Z-cad637d9cec2.json.gz,2
who.gho.mdg-0000000007,MDG_0000000007:EST:SEX_MLE:AGEGROUP_YEARSUNDER5:WEALTHQUINTILE_TOTL,1966-01-01,2026-09-07T16:04:52Z,restated_at,2026-08-05,,who.gho.mdg-0000000007,raw/who.gho.mdg-0000000007/2026/09/20260907T160452Z-cad637d9cec2.json.gz,2
who.gho.mdg-0000000007,MDG_0000000007:EST:SEX_MLE:AGEGROUP_YEARSUNDER5:WEALTHQUINTILE_TOTL,1966-01-01,2026-09-07T16:04:52Z,value,28.200406514,,who.gho.mdg-0000000007,raw/who.gho.mdg-0000000007/2026/09/20260907T160452Z-cad637d9cec2.json.gz,2
who.gho.mdg-0000000007,MDG_0000000007:ETH:SEX_BTSX:AGEGROUP_YEARSUNDER5:WEALTHQUINTILE_TOTL,1966-01-01,2026-09-07T16:08:38Z,high,316.549477065,,who.gho.mdg-0000000007,raw/who.gho.mdg-0000000007/2026/09/20260907T160838Z-ad9f959b97c6.json.gz,2
who.gho.mdg-0000000007,MDG_0000000007:ETH:SEX_BTSX:AGEGROUP_YEARSUNDER5:WEALTHQUINTILE_TOTL,1966-01-01,2026-09-07T16:08:38Z,low,196.50494028,,who.gho.mdg-0000000007,raw/who.gho.mdg-0000000007/2026/09/20260907T160838Z-ad9f959b97c6.json.gz,2
who.gho.mdg-0000000007,MDG_0000000007:ETH:SEX_BTSX:AGEGROUP_YEARSUNDER5:WEALTHQUINTILE_TOTL,1966-01-01,2026-09-07T16:08:38Z,restated_at,2026-08-05,,who.gho.mdg-0000000007,raw/who.gho.mdg-0000000007/2026/09/20260907T160838Z-ad9f959b97c6.json.gz,2
who.gho.mdg-0000000007,MDG_0000000007:ETH:SEX_BTSX:AGEGROUP_YEARSUNDER5:WEALTHQUINTILE_TOTL,1966-01-01,2026-09-07T16:08:38Z,value,251.419531243,,who.gho.mdg-0000000007,raw/who.gho.mdg-0000000007/2026/09/20260907T160838Z-ad9f959b97c6.json.gz,2
who.gho.mdg-0000000007,MDG_0000000007:ETH:SEX_FMLE:AGEGROUP_YEARSUNDER5:WEALTHQUINTILE_TOTL,1966-01-01,2026-09-07T16:10:49Z,high,299.011636398,,who.gho.mdg-0000000007,raw/who.gho.mdg-0000000007/2026/09/20260907T161049Z-6866f52a9543.json.gz,2
who.gho.mdg-0000000007,MDG_0000000007:ETH:SEX_FMLE:AGEGROUP_YEARSUNDER5:WEALTHQUINTILE_TOTL,1966-01-01,2026-09-07T16:10:49Z,low,184.912053625,,who.gho.mdg-0000000007,raw/who.gho.mdg-0000000007/2026/09/20260907T161049Z-6866f52a9543.json.gz,2
who.gho.mdg-0000000007,MDG_0000000007:ETH:SEX_FMLE:AGEGROUP_YEARSUNDER5:WEALTHQUINTILE_TOTL,1966-01-01,2026-09-07T16:10:49Z,restated_at,2026-08-05,,who.gho.mdg-0000000007,raw/who.gho.mdg-0000000007/2026/09/20260907T161049Z-6866f52a9543.json.gz,2
who.gho.mdg-0000000007,MDG_0000000007:ETH:SEX_FMLE:AGEGROUP_YEARSUNDER5:WEALTHQUINTILE_TOTL,1966-01-01,2026-09-07T16:10:49Z,value,236.6909067,,who.gho.mdg-0000000007,raw/who.gho.mdg-0000000007/2026/09/20260907T161049Z-6866f52a9543.json.gz,2
who.gho.mdg-0000000007,MDG_0000000007:ETH:SEX_MLE:AGEGROUP_YEARSUNDER5:WEALTHQUINTILE_TOTL,1966-01-01,2026-09-07T16:09:03Z,high,334.551317864,,who.gho.mdg-0000000007,raw/who.gho.mdg-0000000007/2026/09/20260907T160903Z-df09845b881e.json.gz,2
who.gho.mdg-0000000007,MDG_0000000007:ETH:SEX_MLE:AGEGROUP_YEARSUNDER5:WEALTHQUINTILE_TOTL,1966-01-01,2026-09-07T16:09:03Z,low,207.352584361,,who.gho.mdg-0000000007,raw/who.gho.mdg-0000000007/2026/09/20260907T160903Z-df09845b881e.json.gz,2
who.gho.mdg-0000000007,MDG_0000000007:ETH:SEX_MLE:AGEGROUP_YEARSUNDER5:WEALTHQUINTILE_TOTL,1966-01-01,2026-09-07T16:09:03Z,restated_at,2026-08-05,,who.gho.mdg-0000000007,raw/who.gho.mdg-0000000007/2026/09/20260907T160903Z-df09845b881e.json.gz,2
who.gho.mdg-0000000007,MDG_0000000007:ETH:SEX_MLE:AGEGROUP_YEARSUNDER5:WEALTHQUINTILE_TOTL,1966-01-01,2026-09-07T16:09:03Z,value,265.350786811,,who.gho.mdg-0000000007,raw/who.gho.mdg-0000000007/2026/09/20260907T160903Z-df09845b881e.json.gz,2
who.gho.mdg-0000000007,MDG_0000000007:FIN:SEX_BTSX:AGEGROUP_YEARSUNDER5:WEALTHQUINTILE_TOTL,1966-01-01,2026-09-07T16:10:33Z,high,19.627922445,,who.gho.mdg-0000000007,raw/who.gho.mdg-0000000007/2026/09/20260907T161033Z-0396663e197a.json.gz,2
who.gho.mdg-0000000007,MDG_0000000007:FIN:SEX_BTSX:AGEGROUP_YEARSUNDER5:WEALTHQUINTILE_TOTL,1966-01-01,2026-09-07T16:10:33Z,low,18.87362061,,who.gho.mdg-0000000007,raw/who.gho.mdg-0000000007/2026/09/20260907T161033Z-0396663e197a.json.gz,2
who.gho.mdg-0000000007,MDG_0000000007:FIN:SEX_BTSX:AGEGROUP_YEARSUNDER5:WEALTHQUINTILE_TOTL,1966-01-01,2026-09-07T16:10:33Z,restated_at,2026-08-05,,who.gho.mdg-0000000007,raw/who.gho.mdg-0000000007/2026/09/20260907T161033Z-0396663e197a.json.gz,2
who.gho.mdg-0000000007,MDG_0000000007:FIN:SEX_BTSX:AGEGROUP_YEARSUNDER5:WEALTHQUINTILE_TOTL,1966-01-01,2026-09-07T16:10:33Z,value,19.248323628,,who.gho.mdg-0000000007,raw/who.gho.mdg-0000000007/2026/09/20260907T161033Z-0396663e197a.json.gz,2
who.gho.mdg-0000000007,MDG_0000000007:FIN:SEX_FMLE:AGEGROUP_YEARSUNDER5:WEALTHQUINTILE_TOTL,1966-01-01,2026-09-07T16:09:41Z,high,17.186563771,,who.gho.mdg-0000000007,raw/who.gho.mdg-0000000007/2026/09/20260907T160941Z-845bd0fc2e92.json.gz,2
who.gho.mdg-0000000007,MDG_0000000007:FIN:SEX_FMLE:AGEGROUP_YEARSUNDER5:WEALTHQUINTILE_TOTL,1966-01-01,2026-09-07T16:09:41Z,low,16.315141048,,who.gho.mdg-0000000007,raw/who.gho.mdg-0000000007/2026/09/20260907T160941Z-845bd0fc2e92.json.gz,2
who.gho.mdg-0000000007,MDG_0000000007:FIN:SEX_FMLE:AGEGROUP_YEARSUNDER5:WEALTHQUINTILE_TOTL,1966-01-01,2026-09-07T16:09:41Z,restated_at,2026-08-05,,who.gho.mdg-0000000007,raw/who.gho.mdg-0000000007/2026/09/20260907T160941Z-845bd0fc2e92.json.gz,2
who.gho.mdg-0000000007,MDG_0000000007:FIN:SEX_FMLE:AGEGROUP_YEARSUNDER5:WEALTHQUINTILE_TOTL,1966-01-01,2026-09-07T16:09:41Z,value,16.749303852,,who.gho.mdg-0000000007,raw/who.gho.mdg-0000000007/2026/09/20260907T160941Z-845bd0fc2e92.json.gz,2
who.gho.mdg-0000000007,MDG_0000000007:FIN:SEX_MLE:AGEGROUP_YEARSUNDER5:WEALTHQUINTILE_TOTL,1966-01-01,2026-09-07T16:08:41Z,high,22.131220031,,who.gho.mdg-0000000007,raw/who.gho.mdg-0000000007/2026/09/20260907T160841Z-d67f78e4b8d9.json.gz,2
who.gho.mdg-0000000007,MDG_0000000007:FIN:SEX_MLE:AGEGROUP_YEARSUNDER5:WEALTHQUINTILE_TOTL,1966-01-01,2026-09-07T16:08:41Z,low,21.131975208,,who.gho.mdg-0000000007,raw/who.gho.mdg-0000000007/2026/09/20260907T160841Z-d67f78e4b8d9.json.gz,2
who.gho.mdg-0000000007,MDG_0000000007:FIN:SEX_MLE:AGEGROUP_YEARSUNDER5:WEALTHQUINTILE_TOTL,1966-01-01,2026-09-07T16:08:41Z,restated_at,2026-08-05,,who.gho.mdg-0000000007,raw/who.gho.mdg-0000000007/2026/09/20260907T160841Z-d67f78e4b8d9.json.gz,2
who.gho.mdg-0000000007,MDG_0000000007:FIN:SEX_MLE:AGEGROUP_YEARSUNDER5:WEALTHQUINTILE_TOTL,1966-01-01,2026-09-07T16:08:41Z,value,21.631866617,,who.gho.mdg-0000000007,raw/who.gho.mdg-0000000007/2026/09/20260907T160841Z-d67f78e4b8d9.json.gz,2
who.gho.mdg-0000000007,MDG_0000000007:FJI:SEX_BTSX:AGEGROUP_YEARSUNDER5:WEALTHQUINTILE_TOTL,1966-01-01,2026-09-07T16:11:18Z,high,68.549810415,,who.gho.mdg-0000000007,raw/who.gho.mdg-0000000007/2026/09/20260907T161118Z-85c02b5f4e3c.json.gz,2
who.gho.mdg-0000000007,MDG_0000000007:FJI:SEX_BTSX:AGEGROUP_YEARSUNDER5:WEALTHQUINTILE_TOTL,1966-01-01,2026-09-07T16:11:18Z,low,54.655523754,,who.gho.mdg-0000000007,raw/who.gho.mdg-0000000007/2026/09/20260907T161118Z-85c02b5f4e3c.json.gz,2
who.gho.mdg-0000000007,MDG_0000000007:FJI:SEX_BTSX:AGEGROUP_YEARSUNDER5:WEALTHQUINTILE_TOTL,1966-01-01,2026-09-07T16:11:18Z,restated_at,2026-08-05,,who.gho.mdg-0000000007,raw/who.gho.mdg-0000000007/2026/09/20260907T161118Z-85c02b5f4e3c.json.gz,2
who.gho.mdg-0000000007,MDG_0000000007:FJI:SEX_BTSX:AGEGROUP_YEARSUNDER5:WEALTHQUINTILE_TOTL,1966-01-01,2026-09-07T16:11:18Z,value,61.163432212,,who.gho.mdg-0000000007,raw/who.gho.mdg-0000000007/2026/09/20260907T161118Z-85c02b5f4e3c.json.gz,2
who.gho.mdg-0000000007,MDG_0000000007:FJI:SEX_FMLE:AGEGROUP_YEARSUNDER5:WEALTHQUINTILE_TOTL,1966-01-01,2026-09-07T16:09:46Z,high,64.138694633,,who.gho.mdg-0000000007,raw/who.gho.mdg-0000000007/2026/09/20260907T160946Z-716d23d235ed.json.gz,2
who.gho.mdg-0000000007,MDG_0000000007:FJI:SEX_FMLE:AGEGROUP_YEARSUNDER5:WEALTHQUINTILE_TOTL,1966-01-01,2026-09-07T16:09:46Z,low,50.733363882,,who.gho.mdg-0000000007,raw/who.gho.mdg-0000000007/2026/09/20260907T160946Z-716d23d235ed.json.gz,2
who.gho.mdg-0000000007,MDG_0000000007:FJI:SEX_FMLE:AGEGROUP_YEARSUNDER5:WEALTHQUINTILE_TOTL,1966-01-01,2026-09-07T16:09:46Z,restated_at,2026-08-05,,who.gho.mdg-0000000007,raw/who.gho.mdg-0000000007/2026/09/20260907T160946Z-716d23d235ed.json.gz,2
who.gho.mdg-0000000007,MDG_0000000007:FJI:SEX_FMLE:AGEGROUP_YEARSUNDER5:WEALTHQUINTILE_TOTL,1966-01-01,2026-09-07T16:09:46Z,value,56.998954025,,who.gho.mdg-0000000007,raw/who.gho.mdg-0000000007/2026/09/20260907T160946Z-716d23d235ed.json.gz,2
who.gho.mdg-0000000007,MDG_0000000007:FJI:SEX_MLE:AGEGROUP_YEARSUNDER5:WEALTHQUINTILE_TOTL,1966-01-01,2026-09-07T16:05:18Z,high,73.326072131,,who.gho.mdg-0000000007,raw/who.gho.mdg-0000000007/2026/09/20260907T160518Z-f66c8acba372.json.gz,2
who.gho.mdg-0000000007,MDG_0000000007:FJI:SEX_MLE:AGEGROUP_YEARSUNDER5:WEALTHQUINTILE_TOTL,1966-01-01,2026-09-07T16:05:18Z,low,58.151658473,,who.gho.mdg-0000000007,raw/who.gho.mdg-0000000007/2026/09/20260907T160518Z-f66c8acba372.json.gz,2
who.gho.mdg-0000000007,MDG_0000000007:FJI:SEX_MLE:AGEGROUP_YEARSUNDER5:WEALTHQUINTILE_TOTL,1966-01-01,2026-09-07T16:05:18Z,restated_at,2026-08-05,,who.gho.mdg-0000000007,raw/who.gho.mdg-0000000007/2026/09/20260907T160518Z-f66c8acba372.json.gz,2
who.gho.mdg-0000000007,MDG_0000000007:FJI:SEX_MLE:AGEGROUP_YEARSUNDER5:WEALTHQUINTILE_TOTL,1966-01-01,2026-09-07T16:05:18Z,value,65.240861491,,who.gho.mdg-0000000007,raw/who.gho.mdg-0000000007/2026/09/20260907T160518Z-f66c8acba372.json.gz,2
who.gho.mdg-0000000007,MDG_0000000007:FRA:SEX_BTSX:AGEGROUP_YEARSUNDER5:WEALTHQUINTILE_TOTL,1966-01-01,2026-09-07T16:08:41Z,high,21.854233932,,who.gho.mdg-0000000007,raw/who.gho.mdg-0000000007/2026/09/20260907T160841Z-d67f78e4b8d9.json.gz,2
who.gho.mdg-0000000007,MDG_0000000007:FRA:SEX_BTSX:AGEGROUP_YEARSUNDER5:WEALTHQUINTILE_TOTL,1966-01-01,2026-09-07T16:08:41Z,low,21.050022738,,who.gho.mdg-0000000007,raw/who.gho.mdg-0000000007/2026/09/20260907T160841Z-d67f78e4b8d9.json.gz,2
who.gho.mdg-0000000007,MDG_0000000007:FRA:SEX_BTSX:AGEGROUP_YEARSUNDER5:WEALTHQUINTILE_TOTL,1966-01-01,2026-09-07T16:08:41Z,restated_at,2026-08-05,,who.gho.mdg-0000000007,raw/who.gho.mdg-0000000007/2026/09/20260907T160841Z-d67f78e4b8d9.json.gz,2
who.gho.mdg-0000000007,MDG_0000000007:FRA:SEX_BTSX:AGEGROUP_YEARSUNDER5:WEALTHQUINTILE_TOTL,1966-01-01,2026-09-07T16:08:41Z,value,21.448548553,,who.gho.mdg-0000000007,raw/who.gho.mdg-0000000007/2026/09/20260907T160841Z-d67f78e4b8d9.json.gz,2
who.gho.mdg-0000000007,MDG_0000000007:FRA:SEX_FMLE:AGEGROUP_YEARSUNDER5:WEALTHQUINTILE_TOTL,1966-01-01,2026-09-07T16:05:31Z,high,19.025694979,,who.gho.mdg-0000000007,raw/who.gho.mdg-0000000007/2026/09/20260907T160531Z-a90a9bba0858.json.gz,2
who.gho.mdg-0000000007,MDG_0000000007:FRA:SEX_FMLE:AGEGROUP_YEARSUNDER5:WEALTHQUINTILE_TOTL,1966-01-01,2026-09-07T16:05:31Z,low,18.252893613,,who.gho.mdg-0000000007,raw/who.gho.mdg-0000000007/2026/09/20260907T160531Z-a90a9bba0858.json.gz,2
who.gho.mdg-0000000007,MDG_0000000007:FRA:SEX_FMLE:AGEGROUP_YEARSUNDER5:WEALTHQUINTILE_TOTL,1966-01-01,2026-09-07T16:05:31Z,restated_at,2026-08-05,,who.gho.mdg-0000000007,raw/who.gho.mdg-0000000007/2026/09/20260907T160531Z-a90a9bba0858.json.gz,2
who.gho.mdg-0000000007,MDG_0000000007:FRA:SEX_FMLE:AGEGROUP_YEARSUNDER5:WEALTHQUINTILE_TOTL,1966-01-01,2026-09-07T16:05:31Z,value,18.640695792,,who.gho.mdg-0000000007,raw/who.gho.mdg-0000000007/2026/09/20260907T160531Z-a90a9bba0858.json.gz,2
who.gho.mdg-0000000007,MDG_0000000007:FRA:SEX_MLE:AGEGROUP_YEARSUNDER5:WEALTHQUINTILE_TOTL,1966-01-01,2026-09-07T16:05:52Z,high,24.604829106,,who.gho.mdg-0000000007,raw/who.gho.mdg-0000000007/2026/09/20260907T160552Z-f44dce2e8a23.json.gz,2
who.gho.mdg-0000000007,MDG_0000000007:FRA:SEX_MLE:AGEGROUP_YEARSUNDER5:WEALTHQUINTILE_TOTL,1966-01-01,2026-09-07T16:05:52Z,low,23.647256768,,who.gho.mdg-0000000007,raw/who.gho.mdg-0000000007/2026/09/20260907T160552Z-f44dce2e8a23.json.gz,2
who.gho.mdg-0000000007,MDG_0000000007:FRA:SEX_MLE:AGEGROUP_YEARSUNDER5:WEALTHQUINTILE_TOTL,1966-01-01,2026-09-07T16:05:52Z,restated_at,2026-08-05,,who.gho.mdg-0000000007,raw/who.gho.mdg-0000000007/2026/09/20260907T160552Z-f44dce2e8a23.json.gz,2
who.gho.mdg-0000000007,MDG_0000000007:FRA:SEX_MLE:AGEGROUP_YEARSUNDER5:WEALTHQUINTILE_TOTL,1966-01-01,2026-09-07T16:05:52Z,value,24.123232393,,who.gho.mdg-0000000007,raw/who.gho.mdg-0000000007/2026/09/20260907T160552Z-f44dce2e8a23.json.gz,2
who.gho.mdg-0000000007,MDG_0000000007:FSM:SEX_BTSX:AGEGROUP_YEARSUNDER5:WEALTHQUINTILE_TOTL,1966-01-01,2026-09-07T16:09:03Z,high,114.110208445,,who.gho.mdg-0000000007,raw/who.gho.mdg-0000000007/2026/09/20260907T160903Z-df09845b881e.json.gz,2
who.gho.mdg-0000000007,MDG_0000000007:FSM:SEX_BTSX:AGEGROUP_YEARSUNDER5:WEALTHQUINTILE_TOTL,1966-01-01,2026-09-07T16:09:03Z,low,82.464354737,,who.gho.mdg-0000000007,raw/who.gho.mdg-0000000007/2026/09/20260907T160903Z-df09845b881e.json.gz,2
who.gho.mdg-0000000007,MDG_0000000007:FSM:SEX_BTSX:AGEGROUP_YEARSUNDER5:WEALTHQUINTILE_TOTL,1966-01-01,2026-09-07T16:09:03Z,restated_at,2026-08-05,,who.gho.mdg-0000000007,raw/who.gho.mdg-0000000007/2026/09/20260907T160903Z-df09845b881e.json.gz,2
who.gho.mdg-0000000007,MDG_0000000007:FSM:SEX_BTSX:AGEGROUP_YEARSUNDER5:WEALTHQUINTILE_TOTL,1966-01-01,2026-09-07T16:09:03Z,value,97.396991537,,who.gho.mdg-0000000007,raw/who.gho.mdg-0000000007/2026/09/20260907T160903Z-df09845b881e.json.gz,2
who.gho.mdg-0000000007,MDG_0000000007:FSM:SEX_FMLE:AGEGROUP_YEARSUNDER5:WEALTHQUINTILE_TOTL,1966-01-01,2026-09-07T16:05:52Z,high,105.26595069,,who.gho.mdg-0000000007,raw/who.gho.mdg-0000000007/2026/09/20260907T160552Z-f44dce2e8a23.json.gz,2
who.gho.mdg-0000000007,MDG_0000000007:FSM:SEX_FMLE:AGEGROUP_YEARSUNDER5:WEALTHQUINTILE_TOTL,1966-01-01,2026-09-07T16:05:52Z,low,74.635902595,,who.gho.mdg-0000000007,raw/who.gho.mdg-0000000007/2026/09/20260907T160552Z-f44dce2e8a23.json.gz,2
who.gho.mdg-0000000007,MDG_0000000007:FSM:SEX_FMLE:AGEGROUP_YEARSUNDER5:WEALTHQUINTILE_TOTL,1966-01-01,2026-09-07T16:05:52Z,restated_at,2026-08-05,,who.gho.mdg-0000000007,raw/who.gho.mdg-0000000007/2026/09/20260907T160552Z-f44dce2e8a23.json.gz,2
who.gho.mdg-0000000007,MDG_0000000007:FSM:SEX_FMLE:AGEGROUP_YEARSUNDER5:WEALTHQUINTILE_TOTL,1966-01-01,2026-09-07T16:05:52Z,value,88.940782183,,who.gho.mdg-0000000007,raw/who.gho.mdg-0000000007/2026/09/20260907T160552Z-f44dce2e8a23.json.gz,2
who.gho.mdg-0000000007,MDG_0000000007:FSM:SEX_MLE:AGEGROUP_YEARSUNDER5:WEALTHQUINTILE_TOTL,1966-01-01,2026-09-07T16:11:06Z,high,124.055151488,,who.gho.mdg-0000000007,raw/who.gho.mdg-0000000007/2026/09/20260907T161106Z-078c7101acce.json.gz,2
who.gho.mdg-0000000007,MDG_0000000007:FSM:SEX_MLE:AGEGROUP_YEARSUNDER5:WEALTHQUINTILE_TOTL,1966-01-01,2026-09-07T16:11:06Z,low,88.855348061,,who.gho.mdg-0000000007,raw/who.gho.mdg-0000000007/2026/09/20260907T161106Z-078c7101acce.json.gz,2
who.gho.mdg-0000000007,MDG_0000000007:FSM:SEX_MLE:AGEGROUP_YEARSUNDER5:WEALTHQUINTILE_TOTL,1966-01-01,2026-09-07T16:11:06Z,restated_at,2026-08-05,,who.gho.mdg-0000000007,raw/who.gho.mdg-0000000007/2026/09/20260907T161106Z-078c7101acce.json.gz,2
who.gho.mdg-0000000007,MDG_0000000007:FSM:SEX_MLE:AGEGROUP_YEARSUNDER5:WEALTHQUINTILE_TOTL,1966-01-01,2026-09-07T16:11:06Z,value,105.005188783,,who.gho.mdg-0000000007,raw/who.gho.mdg-0000000007/2026/09/20260907T161106Z-078c7101acce.json.gz,2
who.gho.mdg-0000000007,MDG_0000000007:GAB:SEX_BTSX:AGEGROUP_YEARSUNDER5:WEALTHQUINTILE_TOTL,1966-01-01,2026-09-07T16:10:12Z,high,232.426867695,,who.gho.mdg-0000000007,raw/who.gho.mdg-0000000007/2026/09/20260907T161012Z-af10f639113a.json.gz,2
who.gho.mdg-0000000007,MDG_0000000007:GAB:SEX_BTSX:AGEGROUP_YEARSUNDER5:WEALTHQUINTILE_TOTL,1966-01-01,2026-09-07T16:10:12Z,low,146.315329344,,who.gho.mdg-0000000007,raw/who.gho.mdg-0000000007/2026/09/20260907T161012Z-af10f639113a.json.gz,2
who.gho.mdg-0000000007,MDG_0000000007:GAB:SEX_BTSX:AGEGROUP_YEARSUNDER5:WEALTHQUINTILE_TOTL,1966-01-01,2026-09-07T16:10:12Z,restated_at,2026-08-05,,who.gho.mdg-0000000007,raw/who.gho.mdg-0000000007/2026/09/20260907T161012Z-af10f639113a.json.gz,2
who.gho.mdg-0000000007,MDG_0000000007:GAB:SEX_BTSX:AGEGROUP_YEARSUNDER5:WEALTHQUINTILE_TOTL,1966-01-01,2026-09-07T16:10:12Z,value,179.244413166,,who.gho.mdg-0000000007,raw/who.gho.mdg-0000000007/2026/09/20260907T161012Z-af10f639113a.json.gz,2
who.gho.mdg-0000000007,MDG_0000000007:GAB:SEX_FMLE:AGEGROUP_YEARSUNDER5:WEALTHQUINTILE_TOTL,1966-01-01,2026-09-07T16:09:38Z,high,220.2984276,,who.gho.mdg-0000000007,raw/who.gho.mdg-0000000007/2026/09/20260907T160938Z-81612038db74.json.gz,2
who.gho.mdg-0000000007,MDG_0000000007:GAB:SEX_FMLE:AGEGROUP_YEARSUNDER5:WEALTHQUINTILE_TOTL,1966-01-01,2026-09-07T16:09:38Z,low,138.507047771,,who.gho.mdg-0000000007,raw/who.gho.mdg-0000000007/2026/09/20260907T160938Z-81612038db74.json.gz,2
who.gho.mdg-0000000007,MDG_0000000007:GAB:SEX_FMLE:AGEGROUP_YEARSUNDER5:WEALTHQUINTILE_TOTL,1966-01-01,2026-09-07T16:09:38Z,restated_at,2026-08-05,,who.gho.mdg-0000000007,raw/who.gho.mdg-0000000007/2026/09/20260907T160938Z-81612038db74.json.gz,2
who.gho.mdg-0000000007,MDG_0000000007:GAB:SEX_FMLE:AGEGROUP_YEARSUNDER5:WEALTHQUINTILE_TOTL,1966-01-01,2026-09-07T16:09:38Z,value,170.131629689,,who.gho.mdg-0000000007,raw/who.gho.mdg-0000000007/2026/09/20260907T160938Z-81612038db74.json.gz,2
who.gho.mdg-0000000007,MDG_0000000007:GAB:SEX_MLE:AGEGROUP_YEARSUNDER5:WEALTHQUINTILE_TOTL,1966-01-01,2026-09-07T16:09:03Z,high,242.763167798,,who.gho.mdg-0000000007,raw/who.gho.mdg-0000000007/2026/09/20260907T160903Z-df09845b881e.json.gz,2
who.gho.mdg-0000000007,MDG_0000000007:GAB:SEX_MLE:AGEGROUP_YEARSUNDER5:WEALTHQUINTILE_TOTL,1966-01-01,2026-09-07T16:09:03Z,low,152.984577486,,who.gho.mdg-0000000007,raw/who.gho.mdg-0000000007/2026/09/20260907T160903Z-df09845b881e.json.gz,2
who.gho.mdg-0000000007,MDG_0000000007:GAB:SEX_MLE:AGEGROUP_YEARSUNDER5:WEALTHQUINTILE_TOTL,1966-01-01,2026-09-07T16:09:03Z,restated_at,2026-08-05,,who.gho.mdg-0000000007,raw/who.gho.mdg-0000000007/2026/09/20260907T160903Z-df09845b881e.json.gz,2
who.gho.mdg-0000000007,MDG_0000000007:GAB:SEX_MLE:AGEGROUP_YEARSUNDER5:WEALTHQUINTILE_TOTL,1966-01-01,2026-09-07T16:09:03Z,value,187.764973396,,who.gho.mdg-0000000007,raw/who.gho.mdg-0000000007/2026/09/20260907T160903Z-df09845b881e.json.gz,2
who.gho.mdg-0000000007,MDG_0000000007:GBR:SEX_BTSX:AGEGROUP_YEARSUNDER5:WEALTHQUINTILE_TOTL,1966-01-01,2026-09-07T16:10:45Z,high,23.211550085,,who.gho.mdg-0000000007,raw/who.gho.mdg-0000000007/2026/09/20260907T161045Z-53a7d24c459b.json.gz,2
who.gho.mdg-0000000007,MDG_0000000007:GBR:SEX_BTSX:AGEGROUP_YEARSUNDER5:WEALTHQUINTILE_TOTL,1966-01-01,2026-09-07T16:10:45Z,low,22.331747262,,who.gho.mdg-0000000007,raw/who.gho.mdg-0000000007/2026/09/20260907T161045Z-53a7d24c459b.json.gz,2
who.gho.mdg-0000000007,MDG_0000000007:GBR:SEX_BTSX:AGEGROUP_YEARSUNDER5:WEALTHQUINTILE_TOTL,1966-01-01,2026-09-07T16:10:45Z,restated_at,2026-08-05,,who.gho.mdg-0000000007,raw/who.gho.mdg-0000000007/2026/09/20260907T161045Z-53a7d24c459b.json.gz,2
who.gho.mdg-0000000007,MDG_0000000007:GBR:SEX_BTSX:AGEGROUP_YEARSUNDER5:WEALTHQUINTILE_TOTL,1966-01-01,2026-09-07T16:10:45Z,value,22.770692006,,who.gho.mdg-0000000007,raw/who.gho.mdg-0000000007/2026/09/20260907T161045Z-53a7d24c459b.json.gz,2
who.gho.mdg-0000000007,MDG_0000000007:GBR:SEX_FMLE:AGEGROUP_YEARSUNDER5:WEALTHQUINTILE_TOTL,1966-01-01,2026-09-07T16:09:18Z,high,20.426508361,,who.gho.mdg-0000000007,raw/who.gho.mdg-0000000007/2026/09/20260907T160918Z-1f3ac080847d.json.gz,2
who.gho.mdg-0000000007,MDG_0000000007:GBR:SEX_FMLE:AGEGROUP_YEARSUNDER5:WEALTHQUINTILE_TOTL,1966-01-01,2026-09-07T16:09:18Z,low,19.57401911,,who.gho.mdg-0000000007,raw/who.gho.mdg-0000000007/2026/09/20260907T160918Z-1f3ac080847d.json.gz,2
who.gho.mdg-0000000007,MDG_0000000007:GBR:SEX_FMLE:AGEGROUP_YEARSUNDER5:WEALTHQUINTILE_TOTL,1966-01-01,2026-09-07T16:09:18Z,restated_at,2026-08-05,,who.gho.mdg-0000000007,raw/who.gho.mdg-0000000007/2026/09/20260907T160918Z-1f3ac080847d.json.gz,2
who.gho.mdg-0000000007,MDG_0000000007:GBR:SEX_FMLE:AGEGROUP_YEARSUNDER5:WEALTHQUINTILE_TOTL,1966-01-01,2026-09-07T16:09:18Z,value,19.995557472,,who.gho.mdg-0000000007,raw/who.gho.mdg-0000000007/2026/09/20260907T160918Z-1f3ac080847d.json.gz,2
who.gho.mdg-0000000007,MDG_0000000007:GBR:SEX_MLE:AGEGROUP_YEARSUNDER5:WEALTHQUINTILE_TOTL,1966-01-01,2026-09-07T16:09:22Z,high,25.927201669,,who.gho.mdg-0000000007,raw/who.gho.mdg-0000000007/2026/09/20260907T160922Z-b03be7779b07.json.gz,2
who.gho.mdg-0000000007,MDG_0000000007:GBR:SEX_MLE:AGEGROUP_YEARSUNDER5:WEALTHQUINTILE_TOTL,1966-01-01,2026-09-07T16:09:22Z,low,24.902035509,,who.gho.mdg-0000000007,raw/who.gho.mdg-0000000007/2026/09/20260907T160922Z-b03be7779b07.json.gz,2
who.gho.mdg-0000000007,MDG_0000000007:GBR:SEX_MLE:AGEGROUP_YEARSUNDER5:WEALTHQUINTILE_TOTL,1966-01-01,2026-09-07T16:09:22Z,restated_at,2026-08-05,,who.gho.mdg-0000000007,raw/who.gho.mdg-0000000007/2026/09/20260907T160922Z-b03be7779b07.json.gz,2
who.gho.mdg-0000000007,MDG_0000000007:GBR:SEX_MLE:AGEGROUP_YEARSUNDER5:WEALTHQUINTILE_TOTL,1966-01-01,2026-09-07T16:09:22Z,value,25.413043211,,who.gho.mdg-0000000007,raw/who.gho.mdg-0000000007/2026/09/20260907T160922Z-b03be7779b07.json.gz,2
who.gho.mdg-0000000007,MDG_0000000007:GHA:SEX_BTSX:AGEGROUP_YEARSUNDER5:WEALTHQUINTILE_TOTL,1966-01-01,2026-09-07T16:09:22Z,high,215.998066541,,who.gho.mdg-0000000007,raw/who.gho.mdg-0000000007/2026/09/20260907T160922Z-b03be7779b07.json.gz,2
who.gho.mdg-0000000007,MDG_0000000007:GHA:SEX_BTSX:AGEGROUP_YEARSUNDER5:WEALTHQUINTILE_TOTL,1966-01-01,2026-09-07T16:09:22Z,low,190.619944895,,who.gho.mdg-0000000007,raw/who.gho.mdg-0000000007/2026/09/20260907T160922Z-b03be7779b07.json.gz,2
who.gho.mdg-0000000007,MDG_0000000007:GHA:SEX_BTSX:AGEGROUP_YEARSUNDER5:WEALTHQUINTILE_TOTL,1966-01-01,2026-09-07T16:09:22Z,restated_at,2026-08-05,,who.gho.mdg-0000000007,raw/who.gho.mdg-0000000007/2026/09/20260907T160922Z-b03be7779b07.json.gz,2
who.gho.mdg-0000000007,MDG_0000000007:GHA:SEX_BTSX:AGEGROUP_YEARSUNDER5:WEALTHQUINTILE_TOTL,1966-01-01,2026-09-07T16:09:22Z,value,202.747788659,,who.gho.mdg-0000000007,raw/who.gho.mdg-0000000007/2026/09/20260907T160922Z-b03be7779b07.json.gz,2
who.gho.mdg-0000000007,MDG_0000000007:GHA:SEX_FMLE:AGEGROUP_YEARSUNDER5:WEALTHQUINTILE_TOTL,1966-01-01,2026-09-07T16:10:12Z,high,206.720099996,,who.gho.mdg-0000000007,raw/who.gho.mdg-0000000007/2026/09/20260907T161012Z-af10f639113a.json.gz,2
who.gho.mdg-0000000007,MDG_0000000007:GHA:SEX_FMLE:AGEGROUP_YEARSUNDER5:WEALTHQUINTILE_TOTL,1966-01-01,2026-09-07T16:10:12Z,low,179.955298895,,who.gho.mdg-0000000007,raw/who.gho.mdg-0000000007/2026/09/20260907T161012Z-af10f639113a.json.gz,2
who.gho.mdg-0000000007,MDG_0000000007:GHA:SEX_FMLE:AGEGROUP_YEARSUNDER5:WEALTHQUINTILE_TOTL,1966-01-01,2026-09-07T16:10:12Z,restated_at,2026-08-05,,who.gho.mdg-0000000007,raw/who.gho.mdg-0000000007/2026/09/20260907T161012Z-af10f639113a.json.gz,2
who.gho.mdg-0000000007,MDG_0000000007:GHA:SEX_FMLE:AGEGROUP_YEARSUNDER5:WEALTHQUINTILE_TOTL,1966-01-01,2026-09-07T16:10:12Z,value,192.684487925,,who.gho.mdg-0000000007,raw/who.gho.mdg-0000000007/2026/09/20260907T161012Z-af10f639113a.json.gz,2
who.gho.mdg-0000000007,MDG_0000000007:GHA:SEX_MLE:AGEGROUP_YEARSUNDER5:WEALTHQUINTILE_TOTL,1966-01-01,2026-09-07T16:10:24Z,high,226.935516554,,who.gho.mdg-0000000007,raw/who.gho.mdg-0000000007/2026/09/20260907T161024Z-808a2a46070d.json.gz,2
who.gho.mdg-0000000007,MDG_0000000007:GHA:SEX_MLE:AGEGROUP_YEARSUNDER5:WEALTHQUINTILE_TOTL,1966-01-01,2026-09-07T16:10:24Z,low,198.342014165,,who.gho.mdg-0000000007,raw/who.gho.mdg-0000000007/2026/09/20260907T161024Z-808a2a46070d.json.gz,2
who.gho.mdg-0000000007,MDG_0000000007:GHA:SEX_MLE:AGEGROUP_YEARSUNDER5:WEALTHQUINTILE_TOTL,1966-01-01,2026-09-07T16:10:24Z,restated_at,2026-08-05,,who.gho.mdg-0000000007,raw/who.gho.mdg-0000000007/2026/09/20260907T161024Z-808a2a46070d.json.gz,2
who.gho.mdg-0000000007,MDG_0000000007:GHA:SEX_MLE:AGEGROUP_YEARSUNDER5:WEALTHQUINTILE_TOTL,1966-01-01,2026-09-07T16:10:24Z,value,212.238769854,,who.gho.mdg-0000000007,raw/who.gho.mdg-0000000007/2026/09/20260907T161024Z-808a2a46070d.json.gz,2
who.gho.mdg-0000000007,MDG_0000000007:GIN:SEX_BTSX:AGEGROUP_YEARSUNDER5:WEALTHQUINTILE_TOTL,1966-01-01,2026-09-07T16:09:38Z,high,384.782630596,,who.gho.mdg-0000000007,raw/who.gho.mdg-0000000007/2026/09/20260907T160938Z-81612038db74.json.gz,2
who.gho.mdg-0000000007,MDG_0000000007:GIN:SEX_BTSX:AGEGROUP_YEARSUNDER5:WEALTHQUINTILE_TOTL,1966-01-01,2026-09-07T16:09:38Z,low,287.874137009,,who.gho.mdg-0000000007,raw/who.gho.mdg-0000000007/2026/09/20260907T160938Z-81612038db74.json.gz,2
who.gho.mdg-0000000007,MDG_0000000007:GIN:SEX_BTSX:AGEGROUP_YEARSUNDER5:WEALTHQUINTILE_TOTL,1966-01-01,2026-09-07T16:09:38Z,restated_at,2026-08-05,,who.gho.mdg-0000000007,raw/who.gho.mdg-0000000007/2026/09/20260907T160938Z-81612038db74.json.gz,2
who.gho.mdg-0000000007,MDG_0000000007:GIN:SEX_BTSX:AGEGROUP_YEARSUNDER5:WEALTHQUINTILE_TOTL,1966-01-01,2026-09-07T16:09:38Z,value,332.131211415,,who.gho.mdg-0000000007,raw/who.gho.mdg-0000000007/2026/09/20260907T160938Z-81612038db74.json.gz,2
who.gho.mdg-0000000007,MDG_0000000007:GIN:SEX_FMLE:AGEGROUP_YEARSUNDER5:WEALTHQUINTILE_TOTL,1966-01-01,2026-09-07T16:05:22Z,high,376.119399666,,who.gho.mdg-0000000007,raw/who.gho.mdg-0000000007/2026/09/20260907T160522Z-2bd49e664eea.json.gz,2
who.gho.mdg-0000000007,MDG_0000000007:GIN:SEX_FMLE:AGEGROUP_YEARSUNDER5:WEALTHQUINTILE_TOTL,1966-01-01,2026-09-07T16:05:22Z,low,279.938979632,,who.gho.mdg-0000000007,raw/who.gho.mdg-0000000007/2026/09/20260907T160522Z-2bd49e664eea.json.gz,2
who.gho.mdg-0000000007,MDG_0000000007:GIN:SEX_FMLE:AGEGROUP_YEARSUNDER5:WEALTHQUINTILE_TOTL,1966-01-01,2026-09-07T16:05:22Z,restated_at,2026-08-05,,who.gho.mdg-0000000007,raw/who.gho.mdg-0000000007/2026/09/20260907T160522Z-2bd49e664eea.json.gz,2
who.gho.mdg-0000000007,MDG_0000000007:GIN:SEX_FMLE:AGEGROUP_YEARSUNDER5:WEALTHQUINTILE_TOTL,1966-01-01,2026-09-07T16:05:22Z,value,323.484908371,,who.gho.mdg-0000000007,raw/who.gho.mdg-0000000007/2026/09/20260907T160522Z-2bd49e664eea.json.gz,2
who.gho.mdg-0000000007,MDG_0000000007:GIN:SEX_MLE:AGEGROUP_YEARSUNDER5:WEALTHQUINTILE_TOTL,1966-01-01,2026-09-07T16:06:34Z,high,395.114656479,,who.gho.mdg-0000000007,raw/who.gho.mdg-0000000007/2026/09/20260907T160634Z-2774fa4e213c.json.gz,2
who.gho.mdg-0000000007,MDG_0000000007:GIN:SEX_MLE:AGEGROUP_YEARSUNDER5:WEALTHQUINTILE_TOTL,1966-01-01,2026-09-07T16:06:34Z,low,294.241664788,,who.gho.mdg-0000000007,raw/who.gho.mdg-0000000007/2026/09/20260907T160634Z-2774fa4e213c.json.gz,2
who.gho.mdg-0000000007,MDG_0000000007:GIN:SEX_MLE:AGEGROUP_YEARSUNDER5:WEALTHQUINTILE_TOTL,1966-01-01,2026-09-07T16:06:34Z,restated_at,2026-08-05,,who.gho.mdg-0000000007,raw/who.gho.mdg-0000000007/2026/09/20260907T160634Z-2774fa4e213c.json.gz,2
who.gho.mdg-0000000007,MDG_0000000007:GIN:SEX_MLE:AGEGROUP_YEARSUNDER5:WEALTHQUINTILE_TOTL,1966-01-01,2026-09-07T16:06:34Z,value,340.505523153,,who.gho.mdg-0000000007,raw/who.gho.mdg-0000000007/2026/09/20260907T160634Z-2774fa4e213c.json.gz,2
who.gho.mdg-0000000007,MDG_0000000007:GMB:SEX_BTSX:AGEGROUP_YEARSUNDER5:WEALTHQUINTILE_TOTL,1966-01-01,2026-09-07T16:05:38Z,high,360.324890776,,who.gho.mdg-0000000007,raw/who.gho.mdg-0000000007/2026/09/20260907T160538Z-28a5f6808180.json.gz,2
who.gho.mdg-0000000007,MDG_0000000007:GMB:SEX_BTSX:AGEGROUP_YEARSUNDER5:WEALTHQUINTILE_TOTL,1966-01-01,2026-09-07T16:05:38Z,low,284.249357536,,who.gho.mdg-0000000007,raw/who.gho.mdg-0000000007/2026/09/20260907T160538Z-28a5f6808180.json.gz,2
who.gho.mdg-0000000007,MDG_0000000007:GMB:SEX_BTSX:AGEGROUP_YEARSUNDER5:WEALTHQUINTILE_TOTL,1966-01-01,2026-09-07T16:05:38Z,restated_at,2026-08-05,,who.gho.mdg-0000000007,raw/who.gho.mdg-0000000007/2026/09/20260907T160538Z-28a5f6808180.json.gz,2
who.gho.mdg-0000000007,MDG_0000000007:GMB:SEX_BTSX:AGEGROUP_YEARSUNDER5:WEALTHQUINTILE_TOTL,1966-01-01,2026-09-07T16:05:38Z,value,320.363741948,,who.gho.mdg-0000000007,raw/who.gho.mdg-0000000007/2026/09/20260907T160538Z-28a5f6808180.json.gz,2
who.gho.mdg-0000000007,MDG_0000000007:GMB:SEX_FMLE:AGEGROUP_YEARSUNDER5:WEALTHQUINTILE_TOTL,1966-01-01,2026-09-07T16:05:52Z,high,349.912148107,,who.gho.mdg-0000000007,raw/who.gho.mdg-0000000007/2026/09/20260907T160552Z-f44dce2e8a23.json.gz,2
who.gho.mdg-0000000007,MDG_0000000007:GMB:SEX_FMLE:AGEGROUP_YEARSUNDER5:WEALTHQUINTILE_TOTL,1966-01-01,2026-09-07T16:05:52Z,low,272.235542587,,who.gho.mdg-0000000007,raw/who.gho.mdg-0000000007/2026/09/20260907T160552Z-f44dce2e8a23.json.gz,2
who.gho.mdg-0000000007,MDG_0000000007:GMB:SEX_FMLE:AGEGROUP_YEARSUNDER5:WEALTHQUINTILE_TOTL,1966-01-01,2026-09-07T16:05:52Z,restated_at,2026-08-05,,who.gho.mdg-0000000007,raw/who.gho.mdg-0000000007/2026/09/20260907T160552Z-f44dce2e8a23.json.gz,2
who.gho.mdg-0000000007,MDG_0000000007:GMB:SEX_FMLE:AGEGROUP_YEARSUNDER5:WEALTHQUINTILE_TOTL,1966-01-01,2026-09-07T16:05:52Z,value,308.803270609,,who.gho.mdg-0000000007,raw/who.gho.mdg-0000000007/2026/09/20260907T160552Z-f44dce2e8a23.json.gz,2
who.gho.mdg-0000000007,MDG_0000000007:GMB:SEX_MLE:AGEGROUP_YEARSUNDER5:WEALTHQUINTILE_TOTL,1966-01-01,2026-09-07T16:05:57Z,high,375.543060841,,who.gho.mdg-0000000007,raw/who.gho.mdg-0000000007/2026/09/20260907T160557Z-c8e786907d46.json.gz,2
who.gho.mdg-0000000007,MDG_0000000007:GMB:SEX_MLE:AGEGROUP_YEARSUNDER5:WEALTHQUINTILE_TOTL,1966-01-01,2026-09-07T16:05:57Z,low,292.121518845,,who.gho.mdg-0000000007,raw/who.gho.mdg-0000000007/2026/09/20260907T160557Z-c8e786907d46.json.gz,2
who.gho.mdg-0000000007,MDG_0000000007:GMB:SEX_MLE:AGEGROUP_YEARSUNDER5:WEALTHQUINTILE_TOTL,1966-01-01,2026-09-07T16:05:57Z,restated_at,2026-08-05,,who.gho.mdg-0000000007,raw/who.gho.mdg-0000000007/2026/09/20260907T160557Z-c8e786907d46.json.gz,2
who.gho.mdg-0000000007,MDG_0000000007:GMB:SEX_MLE:AGEGROUP_YEARSUNDER5:WEALTHQUINTILE_TOTL,1966-01-01,2026-09-07T16:05:57Z,value,331.617857276,,who.gho.mdg-0000000007,raw/who.gho.mdg-0000000007/2026/09/20260907T160557Z-c8e786907d46.json.gz,2
who.gho.mdg-0000000007,MDG_0000000007:GRC:SEX_BTSX:AGEGROUP_YEARSUNDER5:WEALTHQUINTILE_TOTL,1966-01-01,2026-09-07T16:05:52Z,high,39.394156995,,who.gho.mdg-0000000007,raw/who.gho.mdg-0000000007/2026/09/20260907T160552Z-f44dce2e8a23.json.gz,2
who.gho.mdg-0000000007,MDG_0000000007:GRC:SEX_BTSX:AGEGROUP_YEARSUNDER5:WEALTHQUINTILE_TOTL,1966-01-01,2026-09-07T16:05:52Z,low,37.831395233,,who.gho.mdg-0000000007,raw/who.gho.mdg-0000000007/2026/09/20260907T160552Z-f44dce2e8a23.json.gz,2
who.gho.mdg-0000000007,MDG_0000000007:GRC:SEX_BTSX:AGEGROUP_YEARSUNDER5:WEALTHQUINTILE_TOTL,1966-01-01,2026-09-07T16:05:52Z,restated_at,2026-08-05,,who.gho.mdg-0000000007,raw/who.gho.mdg-0000000007/2026/09/20260907T160552Z-f44dce2e8a23.json.gz,2
who.gho.mdg-0000000007,MDG_0000000007:GRC:SEX_BTSX:AGEGROUP_YEARSUNDER5:WEALTHQUINTILE_TOTL,1966-01-01,2026-09-07T16:05:52Z,value,38.59971745,,who.gho.mdg-0000000007,raw/who.gho.mdg-0000000007/2026/09/20260907T160552Z-f44dce2e8a23.json.gz,2
who.gho.mdg-0000000007,MDG_0000000007:GRC:SEX_FMLE:AGEGROUP_YEARSUNDER5:WEALTHQUINTILE_TOTL,1966-01-01,2026-09-07T16:05:31Z,high,37.000437923,,who.gho.mdg-0000000007,raw/who.gho.mdg-0000000007/2026/09/20260907T160531Z-a90a9bba0858.json.gz,2
who.gho.mdg-0000000007,MDG_0000000007:GRC:SEX_FMLE:AGEGROUP_YEARSUNDER5:WEALTHQUINTILE_TOTL,1966-01-01,2026-09-07T16:05:31Z,low,35.316050391,,who.gho.mdg-0000000007,raw/who.gho.mdg-0000000007/2026/09/20260907T160531Z-a90a9bba0858.json.gz,2
who.gho.mdg-0000000007,MDG_0000000007:GRC:SEX_FMLE:AGEGROUP_YEARSUNDER5:WEALTHQUINTILE_TOTL,1966-01-01,2026-09-07T16:05:31Z,restated_at,2026-08-05,,who.gho.mdg-0000000007,raw/who.gho.mdg-0000000007/2026/09/20260907T160531Z-a90a9bba0858.json.gz,2
who.gho.mdg-0000000007,MDG_0000000007:GRC:SEX_FMLE:AGEGROUP_YEARSUNDER5:WEALTHQUINTILE_TOTL,1966-01-01,2026-09-07T16:05:31Z,value,36.151615722,,who.gho.mdg-0000000007,raw/who.gho.mdg-0000000007/2026/09/20260907T160531Z-a90a9bba0858.json.gz,2
who.gho.mdg-0000000007,MDG_0000000007:GRC:SEX_MLE:AGEGROUP_YEARSUNDER5:WEALTHQUINTILE_TOTL,1966-01-01,2026-09-07T16:09:03Z,high,41.858009441,,who.gho.mdg-0000000007,raw/who.gho.mdg-0000000007/2026/09/20260907T160903Z-df09845b881e.json.gz,2
who.gho.mdg-0000000007,MDG_0000000007:GRC:SEX_MLE:AGEGROUP_YEARSUNDER5:WEALTHQUINTILE_TOTL,1966-01-01,2026-09-07T16:09:03Z,low,40.020438606,,who.gho.mdg-0000000007,raw/who.gho.mdg-0000000007/2026/09/20260907T160903Z-df09845b881e.json.gz,2
who.gho.mdg-0000000007,MDG_0000000007:GRC:SEX_MLE:AGEGROUP_YEARSUNDER5:WEALTHQUINTILE_TOTL,1966-01-01,2026-09-07T16:09:03Z,restated_at,2026-08-05,,who.gho.mdg-0000000007,raw/who.gho.mdg-0000000007/2026/09/20260907T160903Z-df09845b881e.json.gz,2
who.gho.mdg-0000000007,MDG_0000000007:GRC:SEX_MLE:AGEGROUP_YEARSUNDER5:WEALTHQUINTILE_TOTL,1966-01-01,2026-09-07T16:09:03Z,value,40.923335316,,who.gho.mdg-0000000007,raw/who.gho.mdg-0000000007/2026/09/20260907T160903Z-df09845b881e.json.gz,2
who.gho.mdg-0000000007,MDG_0000000007:GRD:SEX_BTSX:AGEGROUP_YEARSUNDER5:WEALTHQUINTILE_TOTL,1966-01-01,2026-09-07T16:10:45Z,high,63.351379104,,who.gho.mdg-0000000007,raw/who.gho.mdg-0000000007/2026/09/20260907T161045Z-53a7d24c459b.json.gz,2
who.gho.mdg-0000000007,MDG_0000000007:GRD:SEX_BTSX:AGEGROUP_YEARSUNDER5:WEALTHQUINTILE_TOTL,1966-01-01,2026-09-07T16:10:45Z,low,55.936468893,,who.gho.mdg-0000000007,raw/who.gho.mdg-0000000007/2026/09/20260907T161045Z-53a7d24c459b.json.gz,2
who.gho.mdg-0000000007,MDG_0000000007:GRD:SEX_BTSX:AGEGROUP_YEARSUNDER5:WEALTHQUINTILE_TOTL,1966-01-01,2026-09-07T16:10:45Z,restated_at,2026-08-05,,who.gho.mdg-0000000007,raw/who.gho.mdg-0000000007/2026/09/20260907T161045Z-53a7d24c459b.json.gz,2
who.gho.mdg-0000000007,MDG_0000000007:GRD:SEX_BTSX:AGEGROUP_YEARSUNDER5:WEALTHQUINTILE_TOTL,1966-01-01,2026-09-07T16:10:45Z,value,59.510454491,,who.gho.mdg-0000000007,raw/who.gho.mdg-0000000007/2026/09/20260907T161045Z-53a7d24c459b.json.gz,2
who.gho.mdg-0000000007,MDG_0000000007:GRD:SEX_FMLE:AGEGROUP_YEARSUNDER5:WEALTHQUINTILE_TOTL,1966-01-01,2026-09-07T16:10:07Z,high,60.60123508,,who.gho.mdg-0000000007,raw/who.gho.mdg-0000000007/2026/09/20260907T161007Z-28c6cde3082c.json.gz,2
who.gho.mdg-0000000007,MDG_0000000007:GRD:SEX_FMLE:AGEGROUP_YEARSUNDER5:WEALTHQUINTILE_TOTL,1966-01-01,2026-09-07T16:10:07Z,low,52.99127572,,who.gho.mdg-0000000007,raw/who.gho.mdg-0000000007/2026/09/20260907T161007Z-28c6cde3082c.json.gz,2
who.gho.mdg-0000000007,MDG_0000000007:GRD:SEX_FMLE:AGEGROUP_YEARSUNDER5:WEALTHQUINTILE_TOTL,1966-01-01,2026-09-07T16:10:07Z,restated_at,2026-08-05,,who.gho.mdg-0000000007,raw/who.gho.mdg-0000000007/2026/09/20260907T161007Z-28c6cde3082c.json.gz,2
who.gho.mdg-0000000007,MDG_0000000007:GRD:SEX_FMLE:AGEGROUP_YEARSUNDER5:WEALTHQUINTILE_TOTL,1966-01-01,2026-09-07T16:10:07Z,value,56.669496102,,who.gho.mdg-0000000007,raw/who.gho.mdg-0000000007/2026/09/20260907T161007Z-28c6cde3082c.json.gz,2
who.gho.mdg-0000000007,MDG_0000000007:GRD:SEX_MLE:AGEGROUP_YEARSUNDER5:WEALTHQUINTILE_TOTL,1966-01-01,2026-09-07T16:10:24Z,high,66.442709257,,who.gho.mdg-0000000007,raw/who.gho.mdg-0000000007/2026/09/20260907T161024Z-808a2a46070d.json.gz,2
who.gho.mdg-0000000007,MDG_0000000007:GRD:SEX_MLE:AGEGROUP_YEARSUNDER5:WEALTHQUINTILE_TOTL,1966-01-01,2026-09-07T16:10:24Z,low,58.228391421,,who.gho.mdg-0000000007,raw/who.gho.mdg-0000000007/2026/09/20260907T161024Z-808a2a46070d.json.gz,2
who.gho.mdg-0000000007,MDG_0000000007:GRD:SEX_MLE:AGEGROUP_YEARSUNDER5:WEALTHQUINTILE_TOTL,1966-01-01,2026-09-07T16:10:24Z,restated_at,2026-08-05,,who.gho.mdg-0000000007,raw/who.gho.mdg-0000000007/2026/09/20260907T161024Z-808a2a46070d.json.gz,2
who.gho.mdg-0000000007,MDG_0000000007:GRD:SEX_MLE:AGEGROUP_YEARSUNDER5:WEALTHQUINTILE_TOTL,1966-01-01,2026-09-07T16:10:24Z,value,62.224219432,,who.gho.mdg-0000000007,raw/who.gho.mdg-0000000007/2026/09/20260907T161024Z-808a2a46070d.json.gz,2
who.gho.mdg-0000000007,MDG_0000000007:GTM:SEX_BTSX:AGEGROUP_YEARSUNDER5:WEALTHQUINTILE_TOTL,1966-01-01,2026-09-07T16:05:26Z,high,206.351966795,,who.gho.mdg-0000000007,raw/who.gho.mdg-0000000007/2026/09/20260907T160526Z-1363df2b3da0.json.gz,2
who.gho.mdg-0000000007,MDG_0000000007:GTM:SEX_BTSX:AGEGROUP_YEARSUNDER5:WEALTHQUINTILE_TOTL,1966-01-01,2026-09-07T16:05:26Z,low,175.705967708,,who.gho.mdg-0000000007,raw/who.gho.mdg-0000000007/2026/09/20260907T160526Z-1363df2b3da0.json.gz,2
who.gho.mdg-0000000007,MDG_0000000007:GTM:SEX_BTSX:AGEGROUP_YEARSUNDER5:WEALTHQUINTILE_TOTL,1966-01-01,2026-09-07T16:05:26Z,restated_at,2026-08-05,,who.gho.mdg-0000000007,raw/who.gho.mdg-0000000007/2026/09/20260907T160526Z-1363df2b3da0.json.gz,2
who.gho.mdg-0000000007,MDG_0000000007:GTM:SEX_BTSX:AGEGROUP_YEARSUNDER5:WEALTHQUINTILE_TOTL,1966-01-01,2026-09-07T16:05:26Z,value,190.450202136,,who.gho.mdg-0000000007,raw/who.gho.mdg-0000000007/2026/09/20260907T160526Z-1363df2b3da0.json.gz,2
who.gho.mdg-0000000007,MDG_0000000007:GTM:SEX_FMLE:AGEGROUP_YEARSUNDER5:WEALTHQUINTILE_TOTL,1966-01-01,2026-09-07T16:09:51Z,high,200.374970275,,who.gho.mdg-0000000007,raw/who.gho.mdg-0000000007/2026/09/20260907T160951Z-f1aadb832125.json.gz,2
who.gho.mdg-0000000007,MDG_0000000007:GTM:SEX_FMLE:AGEGROUP_YEARSUNDER5:WEALTHQUINTILE_TOTL,1966-01-01,2026-09-07T16:09:51Z,low,168.986918924,,who.gho.mdg-0000000007,raw/who.gho.mdg-0000000007/2026/09/20260907T160951Z-f1aadb832125.json.gz,2
who.gho.mdg-0000000007,MDG_0000000007:GTM:SEX_FMLE:AGEGROUP_YEARSUNDER5:WEALTHQUINTILE_TOTL,1966-01-01,2026-09-07T16:09:51Z,restated_at,2026-08-05,,who.gho.mdg-0000000007,raw/who.gho.mdg-0000000007/2026/09/20260907T160951Z-f1aadb832125.json.gz,2
who.gho.mdg-0000000007,MDG_0000000007:GTM:SEX_FMLE:AGEGROUP_YEARSUNDER5:WEALTHQUINTILE_TOTL,1966-01-01,2026-09-07T16:09:51Z,value,183.895717896,,who.gho.mdg-0000000007,raw/who.gho.mdg-0000000007/2026/09/20260907T160951Z-f1aadb832125.json.gz,2
who.gho.mdg-0000000007,MDG_0000000007:GTM:SEX_MLE:AGEGROUP_YEARSUNDER5:WEALTHQUINTILE_TOTL,1966-01-01,2026-09-07T16:09:03Z,high,213.752993703,,who.gho.mdg-0000000007,raw/who.gho.mdg-0000000007/2026/09/20260907T160903Z-df09845b881e.json.gz,2
who.gho.mdg-0000000007,MDG_0000000007:GTM:SEX_MLE:AGEGROUP_YEARSUNDER5:WEALTHQUINTILE_TOTL,1966-01-01,2026-09-07T16:09:03Z,low,180.376278862,,who.gho.mdg-0000000007,raw/who.gho.mdg-0000000007/2026/09/20260907T160903Z-df09845b881e.json.gz,2
who.gho.mdg-0000000007,MDG_0000000007:GTM:SEX_MLE:AGEGROUP_YEARSUNDER5:WEALTHQUINTILE_TOTL,1966-01-01,2026-09-07T16:09:03Z,restated_at,2026-08-05,,who.gho.mdg-0000000007,raw/who.gho.mdg-0000000007/2026/09/20260907T160903Z-df09845b881e.json.gz,2
who.gho.mdg-0000000007,MDG_0000000007:GTM:SEX_MLE:AGEGROUP_YEARSUNDER5:WEALTHQUINTILE_TOTL,1966-01-01,2026-09-07T16:09:03Z,value,196.742828569,,who.gho.mdg-0000000007,raw/who.gho.mdg-0000000007/2026/09/20260907T160903Z-df09845b881e.json.gz,2
who.gho.mdg-0000000007,MDG_0000000007:GUY:SEX_BTSX:AGEGROUP_YEARSUNDER5:WEALTHQUINTILE_TOTL,1966-01-01,2026-09-07T16:11:10Z,high,90.641209533,,who.gho.mdg-0000000007,raw/who.gho.mdg-0000000007/2026/09/20260907T161110Z-9f3e1e4fe296.json.gz,2
who.gho.mdg-0000000007,MDG_0000000007:GUY:SEX_BTSX:AGEGROUP_YEARSUNDER5:WEALTHQUINTILE_TOTL,1966-01-01,2026-09-07T16:11:10Z,low,64.914916111,,who.gho.mdg-0000000007,raw/who.gho.mdg-0000000007/2026/09/20260907T161110Z-9f3e1e4fe296.json.gz,2
who.gho.mdg-0000000007,MDG_0000000007:GUY:SEX_BTSX:AGEGROUP_YEARSUNDER5:WEALTHQUINTILE_TOTL,1966-01-01,2026-09-07T16:11:10Z,restated_at,2026-08-05,,who.gho.mdg-0000000007,raw/who.gho.mdg-0000000007/2026/09/20260907T161110Z-9f3e1e4fe296.json.gz,2
who.gho.mdg-0000000007,MDG_0000000007:GUY:SEX_BTSX:AGEGROUP_YEARSUNDER5:WEALTHQUINTILE_TOTL,1966-01-01,2026-09-07T16:11:10Z,value,76.894395884,,who.gho.mdg-0000000007,raw/who.gho.mdg-0000000007/2026/09/20260907T161110Z-9f3e1e4fe296.json.gz,2
who.gho.mdg-0000000007,MDG_0000000007:GUY:SEX_FMLE:AGEGROUP_YEARSUNDER5:WEALTHQUINTILE_TOTL,1966-01-01,2026-09-07T16:10:12Z,high,80.325904226,,who.gho.mdg-0000000007,raw/who.gho.mdg-0000000007/2026/09/20260907T161012Z-af10f639113a.json.gz,2
who.gho.mdg-0000000007,MDG_0000000007:GUY:SEX_FMLE:AGEGROUP_YEARSUNDER5:WEALTHQUINTILE_TOTL,1966-01-01,2026-09-07T16:10:12Z,low,56.949097788,,who.gho.mdg-0000000007,raw/who.gho.mdg-0000000007/2026/09/20260907T161012Z-af10f639113a.json.gz,2
who.gho.mdg-0000000007,MDG_0000000007:GUY:SEX_FMLE:AGEGROUP_YEARSUNDER5:WEALTHQUINTILE_TOTL,1966-01-01,2026-09-07T16:10:12Z,restated_at,2026-08-05,,who.gho.mdg-0000000007,raw/who.gho.mdg-0000000007/2026/09/20260907T161012Z-af10f639113a.json.gz,2
who.gho.mdg-0000000007,MDG_0000000007:GUY:SEX_FMLE:AGEGROUP_YEARSUNDER5:WEALTHQUINTILE_TOTL,1966-01-01,2026-09-07T16:10:12Z,value,67.90156622,,who.gho.mdg-0000000007,raw/who.gho.mdg-0000000007/2026/09/20260907T161012Z-af10f639113a.json.gz,2
who.gho.mdg-0000000007,MDG_0000000007:GUY:SEX_MLE:AGEGROUP_YEARSUNDER5:WEALTHQUINTILE_TOTL,1966-01-01,2026-09-07T16:10:17Z,high,100.960615691,,who.gho.mdg-0000000007,raw/who.gho.mdg-0000000007/2026/09/20260907T161017Z-ca4dbf4e12d6.json.gz,2
who.gho.mdg-0000000007,MDG_0000000007:GUY:SEX_MLE:AGEGROUP_YEARSUNDER5:WEALTHQUINTILE_TOTL,1966-01-01,2026-09-07T16:10:17Z,low,72.108077148,,who.gho.mdg-0000000007,raw/who.gho.mdg-0000000007/2026/09/20260907T161017Z-ca4dbf4e12d6.json.gz,2
who.gho.mdg-0000000007,MDG_0000000007:GUY:SEX_MLE:AGEGROUP_YEARSUNDER5:WEALTHQUINTILE_TOTL,1966-01-01,2026-09-07T16:10:17Z,restated_at,2026-08-05,,who.gho.mdg-0000000007,raw/who.gho.mdg-0000000007/2026/09/20260907T161017Z-ca4dbf4e12d6.json.gz,2
who.gho.mdg-0000000007,MDG_0000000007:GUY:SEX_MLE:AGEGROUP_YEARSUNDER5:WEALTHQUINTILE_TOTL,1966-01-01,2026-09-07T16:10:17Z,value,85.522035419,,who.gho.mdg-0000000007,raw/who.gho.mdg-0000000007/2026/09/20260907T161017Z-ca4dbf4e12d6.json.gz,2
who.gho.mdg-0000000007,MDG_0000000007:HND:SEX_BTSX:AGEGROUP_YEARSUNDER5:WEALTHQUINTILE_TOTL,1966-01-01,2026-09-07T16:10:53Z,high,183.379208521,,who.gho.mdg-0000000007,raw/who.gho.mdg-0000000007/2026/09/20260907T161053Z-9a5808e2a757.json.gz,2
who.gho.mdg-0000000007,MDG_0000000007:HND:SEX_BTSX:AGEGROUP_YEARSUNDER5:WEALTHQUINTILE_TOTL,1966-01-01,2026-09-07T16:10:53Z,low,156.317359198,,who.gho.mdg-0000000007,raw/who.gho.mdg-0000000007/2026/09/20260907T161053Z-9a5808e2a757.json.gz,2
who.gho.mdg-0000000007,MDG_0000000007:HND:SEX_BTSX:AGEGROUP_YEARSUNDER5:WEALTHQUINTILE_TOTL,1966-01-01,2026-09-07T16:10:53Z,restated_at,2026-08-05,,who.gho.mdg-0000000007,raw/who.gho.mdg-0000000007/2026/09/20260907T161053Z-9a5808e2a757.json.gz,2
who.gho.mdg-0000000007,MDG_0000000007:HND:SEX_BTSX:AGEGROUP_YEARSUNDER5:WEALTHQUINTILE_TOTL,1966-01-01,2026-09-07T16:10:53Z,value,168.970960049,,who.gho.mdg-0000000007,raw/who.gho.mdg-0000000007/2026/09/20260907T161053Z-9a5808e2a757.json.gz,2
who.gho.mdg-0000000007,MDG_0000000007:HND:SEX_FMLE:AGEGROUP_YEARSUNDER5:WEALTHQUINTILE_TOTL,1966-01-01,2026-09-07T16:05:06Z,high,173.023539392,,who.gho.mdg-0000000007,raw/who.gho.mdg-0000000007/2026/09/20260907T160506Z-a219a21e2a4a.json.gz,2
who.gho.mdg-0000000007,MDG_0000000007:HND:SEX_FMLE:AGEGROUP_YEARSUNDER5:WEALTHQUINTILE_TOTL,1966-01-01,2026-09-07T16:05:06Z,low,145.073458289,,who.gho.mdg-0000000007,raw/who.gho.mdg-0000000007/2026/09/20260907T160506Z-a219a21e2a4a.json.gz,2
who.gho.mdg-0000000007,MDG_0000000007:HND:SEX_FMLE:AGEGROUP_YEARSUNDER5:WEALTHQUINTILE_TOTL,1966-01-01,2026-09-07T16:05:06Z,restated_at,2026-08-05,,who.gho.mdg-0000000007,raw/who.gho.mdg-0000000007/2026/09/20260907T160506Z-a219a21e2a4a.json.gz,2
who.gho.mdg-0000000007,MDG_0000000007:HND:SEX_FMLE:AGEGROUP_YEARSUNDER5:WEALTHQUINTILE_TOTL,1966-01-01,2026-09-07T16:05:06Z,value,158.328696444,,who.gho.mdg-0000000007,raw/who.gho.mdg-0000000007/2026/09/20260907T160506Z-a219a21e2a4a.json.gz,2
who.gho.mdg-0000000007,MDG_0000000007:HND:SEX_MLE:AGEGROUP_YEARSUNDER5:WEALTHQUINTILE_TOTL,1966-01-01,2026-09-07T16:06:29Z,high,195.617898701,,who.gho.mdg-0000000007,raw/who.gho.mdg-0000000007/2026/09/20260907T160629Z-f6ed87825938.json.gz,2
who.gho.mdg-0000000007,MDG_0000000007:HND:SEX_MLE:AGEGROUP_YEARSUNDER5:WEALTHQUINTILE_TOTL,1966-01-01,2026-09-07T16:06:29Z,low,164.673936136,,who.gho.mdg-0000000007,raw/who.gho.mdg-0000000007/2026/09/20260907T160629Z-f6ed87825938.json.gz,2
who.gho.mdg-0000000007,MDG_0000000007:HND:SEX_MLE:AGEGROUP_YEARSUNDER5:WEALTHQUINTILE_TOTL,1966-01-01,2026-09-07T16:06:29Z,restated_at,2026-08-05,,who.gho.mdg-0000000007,raw/who.gho.mdg-0000000007/2026/09/20260907T160629Z-f6ed87825938.json.gz,2
who.gho.mdg-0000000007,MDG_0000000007:HND:SEX_MLE:AGEGROUP_YEARSUNDER5:WEALTHQUINTILE_TOTL,1966-01-01,2026-09-07T16:06:29Z,value,179.076263618,,who.gho.mdg-0000000007,raw/who.gho.mdg-0000000007/2026/09/20260907T160629Z-f6ed87825938.json.gz,2
who.gho.mdg-0000000007,MDG_0000000007:HTI:SEX_BTSX:AGEGROUP_YEARSUNDER5:WEALTHQUINTILE_TOTL,1966-01-01,2026-09-07T16:05:48Z,high,295.624079127,,who.gho.mdg-0000000007,raw/who.gho.mdg-0000000007/2026/09/20260907T160548Z-1609a76f5ecc.json.gz,2
who.gho.mdg-0000000007,MDG_0000000007:HTI:SEX_BTSX:AGEGROUP_YEARSUNDER5:WEALTHQUINTILE_TOTL,1966-01-01,2026-09-07T16:05:48Z,low,239.29904585,,who.gho.mdg-0000000007,raw/who.gho.mdg-0000000007/2026/09/20260907T160548Z-1609a76f5ecc.json.gz,2
who.gho.mdg-0000000007,MDG_0000000007:HTI:SEX_BTSX:AGEGROUP_YEARSUNDER5:WEALTHQUINTILE_TOTL,1966-01-01,2026-09-07T16:05:48Z,restated_at,2026-08-05,,who.gho.mdg-0000000007,raw/who.gho.mdg-0000000007/2026/09/20260907T160548Z-1609a76f5ecc.json.gz,2
who.gho.mdg-0000000007,MDG_0000000007:HTI:SEX_BTSX:AGEGROUP_YEARSUNDER5:WEALTHQUINTILE_TOTL,1966-01-01,2026-09-07T16:05:48Z,value,265.852365512,,who.gho.mdg-0000000007,raw/who.gho.mdg-0000000007/2026/09/20260907T160548Z-1609a76f5ecc.json.gz,2
who.gho.mdg-0000000007,MDG_0000000007:HTI:SEX_FMLE:AGEGROUP_YEARSUNDER5:WEALTHQUINTILE_TOTL,1966-01-01,2026-09-07T16:09:03Z,high,280.266272246,,who.gho.mdg-0000000007,raw/who.gho.mdg-0000000007/2026/09/20260907T160903Z-df09845b881e.json.gz,2
who.gho.mdg-0000000007,MDG_0000000007:HTI:SEX_FMLE:AGEGROUP_YEARSUNDER5:WEALTHQUINTILE_TOTL,1966-01-01,2026-09-07T16:09:03Z,low,225.01130978,,who.gho.mdg-0000000007,raw/who.gho.mdg-0000000007/2026/09/20260907T160903Z-df09845b881e.json.gz,2
who.gho.mdg-0000000007,MDG_0000000007:HTI:SEX_FMLE:AGEGROUP_YEARSUNDER5:WEALTHQUINTILE_TOTL,1966-01-01,2026-09-07T16:09:03Z,restated_at,2026-08-05,,who.gho.mdg-0000000007,raw/who.gho.mdg-0000000007/2026/09/20260907T160903Z-df09845b881e.json.gz,2
who.gho.mdg-0000000007,MDG_0000000007:HTI:SEX_FMLE:AGEGROUP_YEARSUNDER5:WEALTHQUINTILE_TOTL,1966-01-01,2026-09-07T16:09:03Z,value,251.277186316,,who.gho.mdg-0000000007,raw/who.gho.mdg-0000000007/2026/09/20260907T160903Z-df09845b881e.json.gz,2
who.gho.mdg-0000000007,MDG_0000000007:HTI:SEX_MLE:AGEGROUP_YEARSUNDER5:WEALTHQUINTILE_TOTL,1966-01-01,2026-09-07T16:09:51Z,high,311.762479276,,who.gho.mdg-0000000007,raw/who.gho.mdg-0000000007/2026/09/20260907T160951Z-f1aadb832125.json.gz,2
who.gho.mdg-0000000007,MDG_0000000007:HTI:SEX_MLE:AGEGROUP_YEARSUNDER5:WEALTHQUINTILE_TOTL,1966-01-01,2026-09-07T16:09:51Z,low,251.284887545,,who.gho.mdg-0000000007,raw/who.gho.mdg-0000000007/2026/09/20260907T160951Z-f1aadb832125.json.gz,2
who.gho.mdg-0000000007,MDG_0000000007:HTI:SEX_MLE:AGEGROUP_YEARSUNDER5:WEALTHQUINTILE_TOTL,1966-01-01,2026-09-07T16:09:51Z,restated_at,2026-08-05,,who.gho.mdg-0000000007,raw/who.gho.mdg-0000000007/2026/09/20260907T160951Z-f1aadb832125.json.gz,2
who.gho.mdg-0000000007,MDG_0000000007:HTI:SEX_MLE:AGEGROUP_YEARSUNDER5:WEALTHQUINTILE_TOTL,1966-01-01,2026-09-07T16:09:51Z,value,279.844278177,,who.gho.mdg-0000000007,raw/who.gho.mdg-0000000007/2026/09/20260907T160951Z-f1aadb832125.json.gz,2
who.gho.mdg-0000000007,MDG_0000000007:HUN:SEX_BTSX:AGEGROUP_YEARSUNDER5:WEALTHQUINTILE_TOTL,1966-01-01,2026-09-07T16:11:06Z,high,44.200720058,,who.gho.mdg-0000000007,raw/who.gho.mdg-0000000007/2026/09/20260907T161106Z-078c7101acce.json.gz,2
who.gho.mdg-0000000007,MDG_0000000007:HUN:SEX_BTSX:AGEGROUP_YEARSUNDER5:WEALTHQUINTILE_TOTL,1966-01-01,2026-09-07T16:11:06Z,low,42.292930354,,who.gho.mdg-0000000007,raw/who.gho.mdg-0000000007/2026/09/20260907T161106Z-078c7101acce.json.gz,2
who.gho.mdg-0000000007,MDG_0000000007:HUN:SEX_BTSX:AGEGROUP_YEARSUNDER5:WEALTHQUINTILE_TOTL,1966-01-01,2026-09-07T16:11:06Z,restated_at,2026-08-05,,who.gho.mdg-0000000007,raw/who.gho.mdg-0000000007/2026/09/20260907T161106Z-078c7101acce.json.gz,2
who.gho.mdg-0000000007,MDG_0000000007:HUN:SEX_BTSX:AGEGROUP_YEARSUNDER5:WEALTHQUINTILE_TOTL,1966-01-01,2026-09-07T16:11:06Z,value,43.235217261,,who.gho.mdg-0000000007,raw/who.gho.mdg-0000000007/2026/09/20260907T161106Z-078c7101acce.json.gz,2
who.gho.mdg-0000000007,MDG_0000000007:HUN:SEX_FMLE:AGEGROUP_YEARSUNDER5:WEALTHQUINTILE_TOTL,1966-01-01,2026-09-07T16:10:41Z,high,39.719484433,,who.gho.mdg-0000000007,raw/who.gho.mdg-0000000007/2026/09/20260907T161041Z-4752b74784e1.json.gz,2
who.gho.mdg-0000000007,MDG_0000000007:HUN:SEX_FMLE:AGEGROUP_YEARSUNDER5:WEALTHQUINTILE_TOTL,1966-01-01,2026-09-07T16:10:41Z,low,37.760274647,,who.gho.mdg-0000000007,raw/who.gho.mdg-0000000007/2026/09/20260907T161041Z-4752b74784e1.json.gz,2
who.gho.mdg-0000000007,MDG_0000000007:HUN:SEX_FMLE:AGEGROUP_YEARSUNDER5:WEALTHQUINTILE_TOTL,1966-01-01,2026-09-07T16:10:41Z,restated_at,2026-08-05,,who.gho.mdg-0000000007,raw/who.gho.mdg-0000000007/2026/09/20260907T161041Z-4752b74784e1.json.gz,2
who.gho.mdg-0000000007,MDG_0000000007:HUN:SEX_FMLE:AGEGROUP_YEARSUNDER5:WEALTHQUINTILE_TOTL,1966-01-01,2026-09-07T16:10:41Z,value,38.72345303,,who.gho.mdg-0000000007,raw/who.gho.mdg-0000000007/2026/09/20260907T161041Z-4752b74784e1.json.gz,2
who.gho.mdg-0000000007,MDG_0000000007:HUN:SEX_MLE:AGEGROUP_YEARSUNDER5:WEALTHQUINTILE_TOTL,1966-01-01,2026-09-07T16:09:13Z,high,48.6988121,,who.gho.mdg-0000000007,raw/who.gho.mdg-0000000007/2026/09/20260907T160913Z-86e8fac132bd.json.gz,2
who.gho.mdg-0000000007,MDG_0000000007:HUN:SEX_MLE:AGEGROUP_YEARSUNDER5:WEALTHQUINTILE_TOTL,1966-01-01,2026-09-07T16:09:13Z,low,46.395991704,,who.gho.mdg-0000000007,raw/who.gho.mdg-0000000007/2026/09/20260907T160913Z-86e8fac132bd.json.gz,2
who.gho.mdg-0000000007,MDG_0000000007:HUN:SEX_MLE:AGEGROUP_YEARSUNDER5:WEALTHQUINTILE_TOTL,1966-01-01,2026-09-07T16:09:13Z,restated_at,2026-08-05,,who.gho.mdg-0000000007,raw/who.gho.mdg-0000000007/2026/09/20260907T160913Z-86e8fac132bd.json.gz,2
who.gho.mdg-0000000007,MDG_0000000007:HUN:SEX_MLE:AGEGROUP_YEARSUNDER5:WEALTHQUINTILE_TOTL,1966-01-01,2026-09-07T16:09:13Z,value,47.535890642,,who.gho.mdg-0000000007,raw/who.gho.mdg-0000000007/2026/09/20260907T160913Z-86e8fac132bd.json.gz,2
who.gho.mdg-0000000007,MDG_0000000007:IDN:SEX_BTSX:AGEGROUP_YEARSUNDER5:WEALTHQUINTILE_TOTL,1966-01-01,2026-09-07T16:10:45Z,high,202.177072173,,who.gho.mdg-0000000007,raw/who.gho.mdg-0000000007/2026/09/20260907T161045Z-53a7d24c459b.json.gz,2
who.gho.mdg-0000000007,MDG_0000000007:IDN:SEX_BTSX:AGEGROUP_YEARSUNDER5:WEALTHQUINTILE_TOTL,1966-01-01,2026-09-07T16:10:45Z,low,177.072289567,,who.gho.mdg-0000000007,raw/who.gho.mdg-0000000007/2026/09/20260907T161045Z-53a7d24c459b.json.gz,2
who.gho.mdg-0000000007,MDG_0000000007:IDN:SEX_BTSX:AGEGROUP_YEARSUNDER5:WEALTHQUINTILE_TOTL,1966-01-01,2026-09-07T16:10:45Z,restated_at,2026-08-05,,who.gho.mdg-0000000007,raw/who.gho.mdg-0000000007/2026/09/20260907T161045Z-53a7d24c459b.json.gz,2
who.gho.mdg-0000000007,MDG_0000000007:IDN:SEX_BTSX:AGEGROUP_YEARSUNDER5:WEALTHQUINTILE_TOTL,1966-01-01,2026-09-07T16:10:45Z,value,189.072979437,,who.gho.mdg-0000000007,raw/who.gho.mdg-0000000007/2026/09/20260907T161045Z-53a7d24c459b.json.gz,2
who.gho.mdg-0000000007,MDG_0000000007:IDN:SEX_FMLE:AGEGROUP_YEARSUNDER5:WEALTHQUINTILE_TOTL,1966-01-01,2026-09-07T16:05:14Z,high,188.305250224,,who.gho.mdg-0000000007,raw/who.gho.mdg-0000000007/2026/09/20260907T160514Z-6205b585146a.json.gz,2
who.gho.mdg-0000000007,MDG_0000000007:IDN:SEX_FMLE:AGEGROUP_YEARSUNDER5:WEALTHQUINTILE_TOTL,1966-01-01,2026-09-07T16:05:14Z,low,164.113802476,,who.gho.mdg-0000000007,raw/who.gho.mdg-0000000007/2026/09/20260907T160514Z-6205b585146a.json.gz,2
who.gho.mdg-0000000007,MDG_0000000007:IDN:SEX_FMLE:AGEGROUP_YEARSUNDER5:WEALTHQUINTILE_TOTL,1966-01-01,2026-09-07T16:05:14Z,restated_at,2026-08-05,,who.gho.mdg-0000000007,raw/who.gho.mdg-0000000007/2026/09/20260907T160514Z-6205b585146a.json.gz,2
who.gho.mdg-0000000007,MDG_0000000007:IDN:SEX_FMLE:AGEGROUP_YEARSUNDER5:WEALTHQUINTILE_TOTL,1966-01-01,2026-09-07T16:05:14Z,value,175.788313091,,who.gho.mdg-0000000007,raw/who.gho.mdg-0000000007/2026/09/20260907T160514Z-6205b585146a.json.gz,2
who.gho.mdg-0000000007,MDG_0000000007:IDN:SEX_MLE:AGEGROUP_YEARSUNDER5:WEALTHQUINTILE_TOTL,1966-01-01,2026-09-07T16:10:17Z,high,216.283892261,,who.gho.mdg-0000000007,raw/who.gho.mdg-0000000007/2026/09/20260907T161017Z-ca4dbf4e12d6.json.gz,2
who.gho.mdg-0000000007,MDG_0000000007:IDN:SEX_MLE:AGEGROUP_YEARSUNDER5:WEALTHQUINTILE_TOTL,1966-01-01,2026-09-07T16:10:17Z,low,188.587273684,,who.gho.mdg-0000000007,raw/who.gho.mdg-0000000007/2026/09/20260907T161017Z-ca4dbf4e12d6.json.gz,2
who.gho.mdg-0000000007,MDG_0000000007:IDN:SEX_MLE:AGEGROUP_YEARSUNDER5:WEALTHQUINTILE_TOTL,1966-01-01,2026-09-07T16:10:17Z,restated_at,2026-08-05,,who.gho.mdg-0000000007,raw/who.gho.mdg-0000000007/2026/09/20260907T161017Z-ca4dbf4e12d6.json.gz,2
who.gho.mdg-0000000007,MDG_0000000007:IDN:SEX_MLE:AGEGROUP_YEARSUNDER5:WEALTHQUINTILE_TOTL,1966-01-01,2026-09-07T16:10:17Z,value,201.74589863,,who.gho.mdg-0000000007,raw/who.gho.mdg-0000000007/2026/09/20260907T161017Z-ca4dbf4e12d6.json.gz,2
who.gho.mdg-0000000007,MDG_0000000007:IND:SEX_BTSX:AGEGROUP_YEARSUNDER5:WEALTHQUINTILE_TOTL,1966-01-01,2026-09-07T16:08:38Z,high,238.756803283,,who.gho.mdg-0000000007,raw/who.gho.mdg-0000000007/2026/09/20260907T160838Z-ad9f959b97c6.json.gz,2
who.gho.mdg-0000000007,MDG_0000000007:IND:SEX_BTSX:AGEGROUP_YEARSUNDER5:WEALTHQUINTILE_TOTL,1966-01-01,2026-09-07T16:08:38Z,low,210.625540343,,who.gho.mdg-0000000007,raw/who.gho.mdg-0000000007/2026/09/20260907T160838Z-ad9f959b97c6.json.gz,2
who.gho.mdg-0000000007,MDG_0000000007:IND:SEX_BTSX:AGEGROUP_YEARSUNDER5:WEALTHQUINTILE_TOTL,1966-01-01,2026-09-07T16:08:38Z,restated_at,2026-08-05,,who.gho.mdg-0000000007,raw/who.gho.mdg-0000000007/2026/09/20260907T160838Z-ad9f959b97c6.json.gz,2
who.gho.mdg-0000000007,MDG_0000000007:IND:SEX_BTSX:AGEGROUP_YEARSUNDER5:WEALTHQUINTILE_TOTL,1966-01-01,2026-09-07T16:08:38Z,value,224.480242891,,who.gho.mdg-0000000007,raw/who.gho.mdg-0000000007/2026/09/20260907T160838Z-ad9f959b97c6.json.gz,2
who.gho.mdg-0000000007,MDG_0000000007:IND:SEX_FMLE:AGEGROUP_YEARSUNDER5:WEALTHQUINTILE_TOTL,1966-01-01,2026-09-07T16:10:12Z,high,245.726402825,,who.gho.mdg-0000000007,raw/who.gho.mdg-0000000007/2026/09/20260907T161012Z-af10f639113a.json.gz,2
who.gho.mdg-0000000007,MDG_0000000007:IND:SEX_FMLE:AGEGROUP_YEARSUNDER5:WEALTHQUINTILE_TOTL,1966-01-01,2026-09-07T16:10:12Z,low,215.276134114,,who.gho.mdg-0000000007,raw/who.gho.mdg-0000000007/2026/09/20260907T161012Z-af10f639113a.json.gz,2
who.gho.mdg-0000000007,MDG_0000000007:IND:SEX_FMLE:AGEGROUP_YEARSUNDER5:WEALTHQUINTILE_TOTL,1966-01-01,2026-09-07T16:10:12Z,restated_at,2026-08-05,,who.gho.mdg-0000000007,raw/who.gho.mdg-0000000007/2026/09/20260907T161012Z-af10f639113a.json.gz,2
who.gho.mdg-0000000007,MDG_0000000007:IND:SEX_FMLE:AGEGROUP_YEARSUNDER5:WEALTHQUINTILE_TOTL,1966-01-01,2026-09-07T16:10:12Z,value,229.938374162,,who.gho.mdg-0000000007,raw/who.gho.mdg-0000000007/2026/09/20260907T161012Z-af10f639113a.json.gz,2
who.gho.mdg-0000000007,MDG_0000000007:IND:SEX_MLE:AGEGROUP_YEARSUNDER5:WEALTHQUINTILE_TOTL,1966-01-01,2026-09-07T16:06:07Z,high,234.187429154,,who.gho.mdg-0000000007,raw/who.gho.mdg-0000000007/2026/09/20260907T160607Z-9445f1b065fa.json.gz,2
who.gho.mdg-0000000007,MDG_0000000007:IND:SEX_MLE:AGEGROUP_YEARSUNDER5:WEALTHQUINTILE_TOTL,1966-01-01,2026-09-07T16:06:07Z,low,204.719407118,,who.gho.mdg-0000000007,raw/who.gho.mdg-0000000007/2026/09/20260907T160607Z-9445f1b065fa.json.gz,2
who.gho.mdg-0000000007,MDG_0000000007:IND:SEX_MLE:AGEGROUP_YEARSUNDER5:WEALTHQUINTILE_TOTL,1966-01-01,2026-09-07T16:06:07Z,restated_at,2026-08-05,,who.gho.mdg-0000000007,raw/who.gho.mdg-0000000007/2026/09/20260907T160607Z-9445f1b065fa.json.gz,2
who.gho.mdg-0000000007,MDG_0000000007:IND:SEX_MLE:AGEGROUP_YEARSUNDER5:WEALTHQUINTILE_TOTL,1966-01-01,2026-09-07T16:06:07Z,value,219.137953742,,who.gho.mdg-0000000007,raw/who.gho.mdg-0000000007/2026/09/20260907T160607Z-9445f1b065fa.json.gz,2
who.gho.mdg-0000000007,MDG_0000000007:IRL:SEX_BTSX:AGEGROUP_YEARSUNDER5:WEALTHQUINTILE_TOTL,1966-01-01,2026-09-07T16:08:41Z,high,27.740869044,,who.gho.mdg-0000000007,raw/who.gho.mdg-0000000007/2026/09/20260907T160841Z-d67f78e4b8d9.json.gz,2
who.gho.mdg-0000000007,MDG_0000000007:IRL:SEX_BTSX:AGEGROUP_YEARSUNDER5:WEALTHQUINTILE_TOTL,1966-01-01,2026-09-07T16:08:41Z,low,26.528714265,,who.gho.mdg-0000000007,raw/who.gho.mdg-0000000007/2026/09/20260907T160841Z-d67f78e4b8d9.json.gz,2
who.gho.mdg-0000000007,MDG_0000000007:IRL:SEX_BTSX:AGEGROUP_YEARSUNDER5:WEALTHQUINTILE_TOTL,1966-01-01,2026-09-07T16:08:41Z,restated_at,2026-08-05,,who.gho.mdg-0000000007,raw/who.gho.mdg-0000000007/2026/09/20260907T160841Z-d67f78e4b8d9.json.gz,2
who.gho.mdg-0000000007,MDG_0000000007:IRL:SEX_BTSX:AGEGROUP_YEARSUNDER5:WEALTHQUINTILE_TOTL,1966-01-01,2026-09-07T16:08:41Z,value,27.131613949,,who.gho.mdg-0000000007,raw/who.gho.mdg-0000000007/2026/09/20260907T160841Z-d67f78e4b8d9.json.gz,2
who.gho.mdg-0000000007,MDG_0000000007:IRL:SEX_FMLE:AGEGROUP_YEARSUNDER5:WEALTHQUINTILE_TOTL,1966-01-01,2026-09-07T16:10:58Z,high,24.712008124,,who.gho.mdg-0000000007,raw/who.gho.mdg-0000000007/2026/09/20260907T161058Z-4d8f6ed35960.json.gz,2
who.gho.mdg-0000000007,MDG_0000000007:IRL:SEX_FMLE:AGEGROUP_YEARSUNDER5:WEALTHQUINTILE_TOTL,1966-01-01,2026-09-07T16:10:58Z,low,23.376284002,,who.gho.mdg-0000000007,raw/who.gho.mdg-0000000007/2026/09/20260907T161058Z-4d8f6ed35960.json.gz,2
who.gho.mdg-0000000007,MDG_0000000007:IRL:SEX_FMLE:AGEGROUP_YEARSUNDER5:WEALTHQUINTILE_TOTL,1966-01-01,2026-09-07T16:10:58Z,restated_at,2026-08-05,,who.gho.mdg-0000000007,raw/who.gho.mdg-0000000007/2026/09/20260907T161058Z-4d8f6ed35960.json.gz,2
who.gho.mdg-0000000007,MDG_0000000007:IRL:SEX_FMLE:AGEGROUP_YEARSUNDER5:WEALTHQUINTILE_TOTL,1966-01-01,2026-09-07T16:10:58Z,value,24.043146962,,who.gho.mdg-0000000007,raw/who.gho.mdg-0000000007/2026/09/20260907T161058Z-4d8f6ed35960.json.gz,2
who.gho.mdg-0000000007,MDG_0000000007:IRL:SEX_MLE:AGEGROUP_YEARSUNDER5:WEALTHQUINTILE_TOTL,1966-01-01,2026-09-07T16:08:54Z,high,30.854895309,,who.gho.mdg-0000000007,raw/who.gho.mdg-0000000007/2026/09/20260907T160854Z-e3873ac72928.json.gz,2
who.gho.mdg-0000000007,MDG_0000000007:IRL:SEX_MLE:AGEGROUP_YEARSUNDER5:WEALTHQUINTILE_TOTL,1966-01-01,2026-09-07T16:08:54Z,low,29.321101126,,who.gho.mdg-0000000007,raw/who.gho.mdg-0000000007/2026/09/20260907T160854Z-e3873ac72928.json.gz,2
who.gho.mdg-0000000007,MDG_0000000007:IRL:SEX_MLE:AGEGROUP_YEARSUNDER5:WEALTHQUINTILE_TOTL,1966-01-01,2026-09-07T16:08:54Z,restated_at,2026-08-05,,who.gho.mdg-0000000007,raw/who.gho.mdg-0000000007/2026/09/20260907T160854Z-e3873ac72928.json.gz,2
who.gho.mdg-0000000007,MDG_0000000007:IRL:SEX_MLE:AGEGROUP_YEARSUNDER5:WEALTHQUINTILE_TOTL,1966-01-01,2026-09-07T16:08:54Z,value,30.068682265,,who.gho.mdg-0000000007,raw/who.gho.mdg-0000000007/2026/09/20260907T160854Z-e3873ac72928.json.gz,2
who.gho.mdg-0000000007,MDG_0000000007:IRQ:SEX_BTSX:AGEGROUP_YEARSUNDER5:WEALTHQUINTILE_TOTL,1966-01-01,2026-09-07T16:10:53Z,high,152.103660897,,who.gho.mdg-0000000007,raw/who.gho.mdg-0000000007/2026/09/20260907T161053Z-9a5808e2a757.json.gz,2
who.gho.mdg-0000000007,MDG_0000000007:IRQ:SEX_BTSX:AGEGROUP_YEARSUNDER5:WEALTHQUINTILE_TOTL,1966-01-01,2026-09-07T16:10:53Z,low,121.689884973,,who.gho.mdg-0000000007,raw/who.gho.mdg-0000000007/2026/09/20260907T161053Z-9a5808e2a757.json.gz,2
who.gho.mdg-0000000007,MDG_0000000007:IRQ:SEX_BTSX:AGEGROUP_YEARSUNDER5:WEALTHQUINTILE_TOTL,1966-01-01,2026-09-07T16:10:53Z,restated_at,2026-08-05,,who.gho.mdg-0000000007,raw/who.gho.mdg-0000000007/2026/09/20260907T161053Z-9a5808e2a757.json.gz,2
who.gho.mdg-0000000007,MDG_0000000007:IRQ:SEX_BTSX:AGEGROUP_YEARSUNDER5:WEALTHQUINTILE_TOTL,1966-01-01,2026-09-07T16:10:53Z,value,136.173334276,,who.gho.mdg-0000000007,raw/who.gho.mdg-0000000007/2026/09/20260907T161053Z-9a5808e2a757.json.gz,2
who.gho.mdg-0000000007,MDG_0000000007:IRQ:SEX_FMLE:AGEGROUP_YEARSUNDER5:WEALTHQUINTILE_TOTL,1966-01-01,2026-09-07T16:11:01Z,high,146.36561057,,who.gho.mdg-0000000007,raw/who.gho.mdg-0000000007/2026/09/20260907T161101Z-fc76d9a7e10d.json.gz,2
who.gho.mdg-0000000007,MDG_0000000007:IRQ:SEX_FMLE:AGEGROUP_YEARSUNDER5:WEALTHQUINTILE_TOTL,1966-01-01,2026-09-07T16:11:01Z,low,115.164738245,,who.gho.mdg-0000000007,raw/who.gho.mdg-0000000007/2026/09/20260907T161101Z-fc76d9a7e10d.json.gz,2
who.gho.mdg-0000000007,MDG_0000000007:IRQ:SEX_FMLE:AGEGROUP_YEARSUNDER5:WEALTHQUINTILE_TOTL,1966-01-01,2026-09-07T16:11:01Z,restated_at,2026-08-05,,who.gho.mdg-0000000007,raw/who.gho.mdg-0000000007/2026/09/20260907T161101Z-fc76d9a7e10d.json.gz,2
who.gho.mdg-0000000007,MDG_0000000007:IRQ:SEX_FMLE:AGEGROUP_YEARSUNDER5:WEALTHQUINTILE_TOTL,1966-01-01,2026-09-07T16:11:01Z,value,129.915275824,,who.gho.mdg-0000000007,raw/who.gho.mdg-0000000007/2026/09/20260907T161101Z-fc76d9a7e10d.json.gz,2
who.gho.mdg-0000000007,MDG_0000000007:IRQ:SEX_MLE:AGEGROUP_YEARSUNDER5:WEALTHQUINTILE_TOTL,1966-01-01,2026-09-07T16:06:21Z,high,159.649632778,,who.gho.mdg-0000000007,raw/who.gho.mdg-0000000007/2026/09/20260907T160621Z-1819ad2538c7.json.gz,2
who.gho.mdg-0000000007,MDG_0000000007:IRQ:SEX_MLE:AGEGROUP_YEARSUNDER5:WEALTHQUINTILE_TOTL,1966-01-01,2026-09-07T16:06:21Z,low,126.423160424,,who.gho.mdg-0000000007,raw/who.gho.mdg-0000000007/2026/09/20260907T160621Z-1819ad2538c7.json.gz,2
who.gho.mdg-0000000007,MDG_0000000007:IRQ:SEX_MLE:AGEGROUP_YEARSUNDER5:WEALTHQUINTILE_TOTL,1966-01-01,2026-09-07T16:06:21Z,restated_at,2026-08-05,,who.gho.mdg-0000000007,raw/who.gho.mdg-0000000007/2026/09/20260907T160621Z-1819ad2538c7.json.gz,2
who.gho.mdg-0000000007,MDG_0000000007:IRQ:SEX_MLE:AGEGROUP_YEARSUNDER5:WEALTHQUINTILE_TOTL,1966-01-01,2026-09-07T16:06:21Z,value,142.163760733,,who.gho.mdg-0000000007,raw/who.gho.mdg-0000000007/2026/09/20260907T160621Z-1819ad2538c7.json.gz,2
who.gho.mdg-0000000007,MDG_0000000007:ISL:SEX_BTSX:AGEGROUP_YEARSUNDER5:WEALTHQUINTILE_TOTL,1966-01-01,2026-09-07T16:11:18Z,high,19.6940349,,who.gho.mdg-0000000007,raw/who.gho.mdg-0000000007/2026/09/20260907T161118Z-85c02b5f4e3c.json.gz,2
who.gho.mdg-0000000007,MDG_0000000007:ISL:SEX_BTSX:AGEGROUP_YEARSUNDER5:WEALTHQUINTILE_TOTL,1966-01-01,2026-09-07T16:11:18Z,low,17.413814027,,who.gho.mdg-0000000007,raw/who.gho.mdg-0000000007/2026/09/20260907T161118Z-85c02b5f4e3c.json.gz,2
who.gho.mdg-0000000007,MDG_0000000007:ISL:SEX_BTSX:AGEGROUP_YEARSUNDER5:WEALTHQUINTILE_TOTL,1966-01-01,2026-09-07T16:11:18Z,restated_at,2026-08-05,,who.gho.mdg-0000000007,raw/who.gho.mdg-0000000007/2026/09/20260907T161118Z-85c02b5f4e3c.json.gz,2
who.gho.mdg-0000000007,MDG_0000000007:ISL:SEX_BTSX:AGEGROUP_YEARSUNDER5:WEALTHQUINTILE_TOTL,1966-01-01,2026-09-07T16:11:18Z,value,18.512828734,,who.gho.mdg-0000000007,raw/who.gho.mdg-0000000007/2026/09/20260907T161118Z-85c02b5f4e3c.json.gz,2
who.gho.mdg-0000000007,MDG_0000000007:ISL:SEX_FMLE:AGEGROUP_YEARSUNDER5:WEALTHQUINTILE_TOTL,1966-01-01,2026-09-07T16:05:01Z,high,17.690690045,,who.gho.mdg-0000000007,raw/who.gho.mdg-0000000007/2026/09/20260907T160501Z-2d19e1a5feef.json.gz,2
who.gho.mdg-0000000007,MDG_0000000007:ISL:SEX_FMLE:AGEGROUP_YEARSUNDER5:WEALTHQUINTILE_TOTL,1966-01-01,2026-09-07T16:05:01Z,low,15.387755779,,who.gho.mdg-0000000007,raw/who.gho.mdg-0000000007/2026/09/20260907T160501Z-2d19e1a5feef.json.gz,2
who.gho.mdg-0000000007,MDG_0000000007:ISL:SEX_FMLE:AGEGROUP_YEARSUNDER5:WEALTHQUINTILE_TOTL,1966-01-01,2026-09-07T16:05:01Z,restated_at,2026-08-05,,who.gho.mdg-0000000007,raw/who.gho.mdg-0000000007/2026/09/20260907T160501Z-2d19e1a5feef.json.gz,2
who.gho.mdg-0000000007,MDG_0000000007:ISL:SEX_FMLE:AGEGROUP_YEARSUNDER5:WEALTHQUINTILE_TOTL,1966-01-01,2026-09-07T16:05:01Z,value,16.496072278,,who.gho.mdg-0000000007,raw/who.gho.mdg-0000000007/2026/09/20260907T160501Z-2d19e1a5feef.json.gz,2
who.gho.mdg-0000000007,MDG_0000000007:ISL:SEX_MLE:AGEGROUP_YEARSUNDER5:WEALTHQUINTILE_TOTL,1966-01-01,2026-09-07T16:11:01Z,high,21.880506708,,who.gho.mdg-0000000007,raw/who.gho.mdg-0000000007/2026/09/20260907T161101Z-fc76d9a7e10d.json.gz,2
who.gho.mdg-0000000007,MDG_0000000007:ISL:SEX_MLE:AGEGROUP_YEARSUNDER5:WEALTHQUINTILE_TOTL,1966-01-01,2026-09-07T16:11:01Z,low,19.101399196,,who.gho.mdg-0000000007,raw/who.gho.mdg-0000000007/2026/09/20260907T161101Z-fc76d9a7e10d.json.gz,2
who.gho.mdg-0000000007,MDG_0000000007:ISL:SEX_MLE:AGEGROUP_YEARSUNDER5:WEALTHQUINTILE_TOTL,1966-01-01,2026-09-07T16:11:01Z,restated_at,2026-08-05,,who.gho.mdg-0000000007,raw/who.gho.mdg-0000000007/2026/09/20260907T161101Z-fc76d9a7e10d.json.gz,2
who.gho.mdg-0000000007,MDG_0000000007:ISL:SEX_MLE:AGEGROUP_YEARSUNDER5:WEALTHQUINTILE_TOTL,1966-01-01,2026-09-07T16:11:01Z,value,20.422655085,,who.gho.mdg-0000000007,raw/who.gho.mdg-0000000007/2026/09/20260907T161101Z-fc76d9a7e10d.json.gz,2
who.gho.mdg-0000000007,MDG_0000000007:ISR:SEX_BTSX:AGEGROUP_YEARSUNDER5:WEALTHQUINTILE_TOTL,1966-01-01,2026-09-07T16:10:24Z,high,37.097643034,,who.gho.mdg-0000000007,raw/who.gho.mdg-0000000007/2026/09/20260907T161024Z-808a2a46070d.json.gz,2
who.gho.mdg-0000000007,MDG_0000000007:ISR:SEX_BTSX:AGEGROUP_YEARSUNDER5:WEALTHQUINTILE_TOTL,1966-01-01,2026-09-07T16:10:24Z,low,32.919645279,,who.gho.mdg-0000000007,raw/who.gho.mdg-0000000007/2026/09/20260907T161024Z-808a2a46070d.json.gz,2
who.gho.mdg-0000000007,MDG_0000000007:ISR:SEX_BTSX:AGEGROUP_YEARSUNDER5:WEALTHQUINTILE_TOTL,1966-01-01,2026-09-07T16:10:24Z,restated_at,2026-08-05,,who.gho.mdg-0000000007,raw/who.gho.mdg-0000000007/2026/09/20260907T161024Z-808a2a46070d.json.gz,2
who.gho.mdg-0000000007,MDG_0000000007:ISR:SEX_BTSX:AGEGROUP_YEARSUNDER5:WEALTHQUINTILE_TOTL,1966-01-01,2026-09-07T16:10:24Z,value,35.100922301,,who.gho.mdg-0000000007,raw/who.gho.mdg-0000000007/2026/09/20260907T161024Z-808a2a46070d.json.gz,2
who.gho.mdg-0000000007,MDG_0000000007:ISR:SEX_FMLE:AGEGROUP_YEARSUNDER5:WEALTHQUINTILE_TOTL,1966-01-01,2026-09-07T16:08:45Z,high,34.805745381,,who.gho.mdg-0000000007,raw/who.gho.mdg-0000000007/2026/09/20260907T160845Z-9b23f1f1b45b.json.gz,2
who.gho.mdg-0000000007,MDG_0000000007:ISR:SEX_FMLE:AGEGROUP_YEARSUNDER5:WEALTHQUINTILE_TOTL,1966-01-01,2026-09-07T16:08:45Z,low,30.568586784,,who.gho.mdg-0000000007,raw/who.gho.mdg-0000000007/2026/09/20260907T160845Z-9b23f1f1b45b.json.gz,2
who.gho.mdg-0000000007,MDG_0000000007:ISR:SEX_FMLE:AGEGROUP_YEARSUNDER5:WEALTHQUINTILE_TOTL,1966-01-01,2026-09-07T16:08:45Z,restated_at,2026-08-05,,who.gho.mdg-0000000007,raw/who.gho.mdg-0000000007/2026/09/20260907T160845Z-9b23f1f1b45b.json.gz,2
who.gho.mdg-0000000007,MDG_0000000007:ISR:SEX_FMLE:AGEGROUP_YEARSUNDER5:WEALTHQUINTILE_TOTL,1966-01-01,2026-09-07T16:08:45Z,value,32.734619456,,who.gho.mdg-0000000007,raw/who.gho.mdg-0000000007/2026/09/20260907T160845Z-9b23f1f1b45b.json.gz,2
who.gho.mdg-0000000007,MDG_0000000007:ISR:SEX_MLE:AGEGROUP_YEARSUNDER5:WEALTHQUINTILE_TOTL,1966-01-01,2026-09-07T16:10:03Z,high,39.593862187,,who.gho.mdg-0000000007,raw/who.gho.mdg-0000000007/2026/09/20260907T161003Z-9bcc9b7e7da4.json.gz,2
who.gho.mdg-0000000007,MDG_0000000007:ISR:SEX_MLE:AGEGROUP_YEARSUNDER5:WEALTHQUINTILE_TOTL,1966-01-01,2026-09-07T16:10:03Z,low,34.892344482,,who.gho.mdg-0000000007,raw/who.gho.mdg-0000000007/2026/09/20260907T161003Z-9bcc9b7e7da4.json.gz,2
who.gho.mdg-0000000007,MDG_0000000007:ISR:SEX_MLE:AGEGROUP_YEARSUNDER5:WEALTHQUINTILE_TOTL,1966-01-01,2026-09-07T16:10:03Z,restated_at,2026-08-05,,who.gho.mdg-0000000007,raw/who.gho.mdg-0000000007/2026/09/20260907T161003Z-9bcc9b7e7da4.json.gz,2
who.gho.mdg-0000000007,MDG_0000000007:ISR:SEX_MLE:AGEGROUP_YEARSUNDER5:WEALTHQUINTILE_TOTL,1966-01-01,2026-09-07T16:10:03Z,value,37.324986095,,who.gho.mdg-0000000007,raw/who.gho.mdg-0000000007/2026/09/20260907T161003Z-9bcc9b7e7da4.json.gz,2
who.gho.mdg-0000000007,MDG_0000000007:ITA:SEX_BTSX:AGEGROUP_YEARSUNDER5:WEALTHQUINTILE_TOTL,1966-01-01,2026-09-07T16:05:06Z,high,40.150506365,,who.gho.mdg-0000000007,raw/who.gho.mdg-0000000007/2026/09/20260907T160506Z-a219a21e2a4a.json.gz,2
who.gho.mdg-0000000007,MDG_0000000007:ITA:SEX_BTSX:AGEGROUP_YEARSUNDER5:WEALTHQUINTILE_TOTL,1966-01-01,2026-09-07T16:05:06Z,low,38.543649843,,who.gho.mdg-0000000007,raw/who.gho.mdg-0000000007/2026/09/20260907T160506Z-a219a21e2a4a.json.gz,2
who.gho.mdg-0000000007,MDG_0000000007:ITA:SEX_BTSX:AGEGROUP_YEARSUNDER5:WEALTHQUINTILE_TOTL,1966-01-01,2026-09-07T16:05:06Z,restated_at,2026-08-05,,who.gho.mdg-0000000007,raw/who.gho.mdg-0000000007/2026/09/20260907T160506Z-a219a21e2a4a.json.gz,2
who.gho.mdg-0000000007,MDG_0000000007:ITA:SEX_BTSX:AGEGROUP_YEARSUNDER5:WEALTHQUINTILE_TOTL,1966-01-01,2026-09-07T16:05:06Z,value,39.34104907,,who.gho.mdg-0000000007,raw/who.gho.mdg-0000000007/2026/09/20260907T160506Z-a219a21e2a4a.json.gz,2
who.gho.mdg-0000000007,MDG_0000000007:ITA:SEX_FMLE:AGEGROUP_YEARSUNDER5:WEALTHQUINTILE_TOTL,1966-01-01,2026-09-07T16:09:08Z,high,35.982080017,,who.gho.mdg-0000000007,raw/who.gho.mdg-0000000007/2026/09/20260907T160908Z-96acbc2bc7cb.json.gz,2
who.gho.mdg-0000000007,MDG_0000000007:ITA:SEX_FMLE:AGEGROUP_YEARSUNDER5:WEALTHQUINTILE_TOTL,1966-01-01,2026-09-07T16:09:08Z,low,34.456769269,,who.gho.mdg-0000000007,raw/who.gho.mdg-0000000007/2026/09/20260907T160908Z-96acbc2bc7cb.json.gz,2
who.gho.mdg-0000000007,MDG_0000000007:ITA:SEX_FMLE:AGEGROUP_YEARSUNDER5:WEALTHQUINTILE_TOTL,1966-01-01,2026-09-07T16:09:08Z,restated_at,2026-08-05,,who.gho.mdg-0000000007,raw/who.gho.mdg-0000000007/2026/09/20260907T160908Z-96acbc2bc7cb.json.gz,2
who.gho.mdg-0000000007,MDG_0000000007:ITA:SEX_FMLE:AGEGROUP_YEARSUNDER5:WEALTHQUINTILE_TOTL,1966-01-01,2026-09-07T16:09:08Z,value,35.215780019,,who.gho.mdg-0000000007,raw/who.gho.mdg-0000000007/2026/09/20260907T160908Z-96acbc2bc7cb.json.gz,2
who.gho.mdg-0000000007,MDG_0000000007:ITA:SEX_MLE:AGEGROUP_YEARSUNDER5:WEALTHQUINTILE_TOTL,1966-01-01,2026-09-07T16:04:52Z,high,44.170262267,,who.gho.mdg-0000000007,raw/who.gho.mdg-0000000007/2026/09/20260907T160452Z-cad637d9cec2.json.gz,2
who.gho.mdg-0000000007,MDG_0000000007:ITA:SEX_MLE:AGEGROUP_YEARSUNDER5:WEALTHQUINTILE_TOTL,1966-01-01,2026-09-07T16:04:52Z,low,42.360366458,,who.gho.mdg-0000000007,raw/who.gho.mdg-0000000007/2026/09/20260907T160452Z-cad637d9cec2.json.gz,2
who.gho.mdg-0000000007,MDG_0000000007:ITA:SEX_MLE:AGEGROUP_YEARSUNDER5:WEALTHQUINTILE_TOTL,1966-01-01,2026-09-07T16:04:52Z,restated_at,2026-08-05,,who.gho.mdg-0000000007,raw/who.gho.mdg-0000000007/2026/09/20260907T160452Z-cad637d9cec2.json.gz,2
who.gho.mdg-0000000007,MDG_0000000007:ITA:SEX_MLE:AGEGROUP_YEARSUNDER5:WEALTHQUINTILE_TOTL,1966-01-01,2026-09-07T16:04:52Z,value,43.269917565,,who.gho.mdg-0000000007,raw/who.gho.mdg-0000000007/2026/09/20260907T160452Z-cad637d9cec2.json.gz,2
who.gho.mdg-0000000007,MDG_0000000007:JAM:SEX_BTSX:AGEGROUP_YEARSUNDER5:WEALTHQUINTILE_TOTL,1966-01-01,2026-09-07T16:05:38Z,high,75.147935607,,who.gho.mdg-0000000007,raw/who.gho.mdg-0000000007/2026/09/20260907T160538Z-28a5f6808180.json.gz,2
who.gho.mdg-0000000007,MDG_0000000007:JAM:SEX_BTSX:AGEGROUP_YEARSUNDER5:WEALTHQUINTILE_TOTL,1966-01-01,2026-09-07T16:05:38Z,low,56.185450611,,who.gho.mdg-0000000007,raw/who.gho.mdg-0000000007/2026/09/20260907T160538Z-28a5f6808180.json.gz,2
who.gho.mdg-0000000007,MDG_0000000007:JAM:SEX_BTSX:AGEGROUP_YEARSUNDER5:WEALTHQUINTILE_TOTL,1966-01-01,2026-09-07T16:05:38Z,restated_at,2026-08-05,,who.gho.mdg-0000000007,raw/who.gho.mdg-0000000007/2026/09/20260907T160538Z-28a5f6808180.json.gz,2
who.gho.mdg-0000000007,MDG_0000000007:JAM:SEX_BTSX:AGEGROUP_YEARSUNDER5:WEALTHQUINTILE_TOTL,1966-01-01,2026-09-07T16:05:38Z,value,64.772486896,,who.gho.mdg-0000000007,raw/who.gho.mdg-0000000007/2026/09/20260907T160538Z-28a5f6808180.json.gz,2
who.gho.mdg-0000000007,MDG_0000000007:JAM:SEX_FMLE:AGEGROUP_YEARSUNDER5:WEALTHQUINTILE_TOTL,1966-01-01,2026-09-07T16:11:18Z,high,68.735672262,,who.gho.mdg-0000000007,raw/who.gho.mdg-0000000007/2026/09/20260907T161118Z-85c02b5f4e3c.json.gz,2
who.gho.mdg-0000000007,MDG_0000000007:JAM:SEX_FMLE:AGEGROUP_YEARSUNDER5:WEALTHQUINTILE_TOTL,1966-01-01,2026-09-07T16:11:18Z,low,50.839939238,,who.gho.mdg-0000000007,raw/who.gho.mdg-0000000007/2026/09/20260907T161118Z-85c02b5f4e3c.json.gz,2
who.gho.mdg-0000000007,MDG_0000000007:JAM:SEX_FMLE:AGEGROUP_YEARSUNDER5:WEALTHQUINTILE_TOTL,1966-01-01,2026-09-07T16:11:18Z,restated_at,2026-08-05,,who.gho.mdg-0000000007,raw/who.gho.mdg-0000000007/2026/09/20260907T161118Z-85c02b5f4e3c.json.gz,2
who.gho.mdg-0000000007,MDG_0000000007:JAM:SEX_FMLE:AGEGROUP_YEARSUNDER5:WEALTHQUINTILE_TOTL,1966-01-01,2026-09-07T16:11:18Z,value,58.9189252,,who.gho.mdg-0000000007,raw/who.gho.mdg-0000000007/2026/09/20260907T161118Z-85c02b5f4e3c.json.gz,2
who.gho.mdg-0000000007,MDG_0000000007:JAM:SEX_MLE:AGEGROUP_YEARSUNDER5:WEALTHQUINTILE_TOTL,1966-01-01,2026-09-07T16:09:03Z,high,81.677929219,,who.gho.mdg-0000000007,raw/who.gho.mdg-0000000007/2026/09/20260907T160903Z-df09845b881e.json.gz,2
who.gho.mdg-0000000007,MDG_0000000007:JAM:SEX_MLE:AGEGROUP_YEARSUNDER5:WEALTHQUINTILE_TOTL,1966-01-01,2026-09-07T16:09:03Z,low,60.596293106,,who.gho.mdg-0000000007,raw/who.gho.mdg-0000000007/2026/09/20260907T160903Z-df09845b881e.json.gz,2
who.gho.mdg-0000000007,MDG_0000000007:JAM:SEX_MLE:AGEGROUP_YEARSUNDER5:WEALTHQUINTILE_TOTL,1966-01-01,2026-09-07T16:09:03Z,restated_at,2026-08-05,,who.gho.mdg-0000000007,raw/who.gho.mdg-0000000007/2026/09/20260907T160903Z-df09845b881e.json.gz,2
who.gho.mdg-0000000007,MDG_0000000007:JAM:SEX_MLE:AGEGROUP_YEARSUNDER5:WEALTHQUINTILE_TOTL,1966-01-01,2026-09-07T16:09:03Z,value,70.38272048,,who.gho.mdg-0000000007,raw/who.gho.mdg-0000000007/2026/09/20260907T160903Z-df09845b881e.json.gz,2
who.gho.mdg-0000000007,MDG_0000000007:JOR:SEX_BTSX:AGEGROUP_YEARSUNDER5:WEALTHQUINTILE_TOTL,1966-01-01,2026-09-07T16:09:51Z,high,118.851391223,,who.gho.mdg-0000000007,raw/who.gho.mdg-0000000007/2026/09/20260907T160951Z-f1aadb832125.json.gz,2
who.gho.mdg-0000000007,MDG_0000000007:JOR:SEX_BTSX:AGEGROUP_YEARSUNDER5:WEALTHQUINTILE_TOTL,1966-01-01,2026-09-07T16:09:51Z,low,102.686817379,,who.gho.mdg-0000000007,raw/who.gho.mdg-0000000007/2026/09/20260907T160951Z-f1aadb832125.json.gz,2
who.gho.mdg-0000000007,MDG_0000000007:JOR:SEX_BTSX:AGEGROUP_YEARSUNDER5:WEALTHQUINTILE_TOTL,1966-01-01,2026-09-07T16:09:51Z,restated_at,2026-08-05,,who.gho.mdg-0000000007,raw/who.gho.mdg-0000000007/2026/09/20260907T160951Z-f1aadb832125.json.gz,2
who.gho.mdg-0000000007,MDG_0000000007:JOR:SEX_BTSX:AGEGROUP_YEARSUNDER5:WEALTHQUINTILE_TOTL,1966-01-01,2026-09-07T16:09:51Z,value,110.43349837,,who.gho.mdg-0000000007,raw/who.gho.mdg-0000000007/2026/09/20260907T160951Z-f1aadb832125.json.gz,2
who.gho.mdg-0000000007,MDG_0000000007:JOR:SEX_FMLE:AGEGROUP_YEARSUNDER5:WEALTHQUINTILE_TOTL,1966-01-01,2026-09-07T16:09:30Z,high,120.409198609,,who.gho.mdg-0000000007,raw/who.gho.mdg-0000000007/2026/09/20260907T160930Z-3a49f2d0e7d2.json.gz,2
who.gho.mdg-0000000007,MDG_0000000007:JOR:SEX_FMLE:AGEGROUP_YEARSUNDER5:WEALTHQUINTILE_TOTL,1966-01-01,2026-09-07T16:09:30Z,low,103.069996479,,who.gho.mdg-0000000007,raw/who.gho.mdg-0000000007/2026/09/20260907T160930Z-3a49f2d0e7d2.json.gz,2
who.gho.mdg-0000000007,MDG_0000000007:JOR:SEX_FMLE:AGEGROUP_YEARSUNDER5:WEALTHQUINTILE_TOTL,1966-01-01,2026-09-07T16:09:30Z,restated_at,2026-08-05,,who.gho.mdg-0000000007,raw/who.gho.mdg-0000000007/2026/09/20260907T160930Z-3a49f2d0e7d2.json.gz,2
who.gho.mdg-0000000007,MDG_0000000007:JOR:SEX_FMLE:AGEGROUP_YEARSUNDER5:WEALTHQUINTILE_TOTL,1966-01-01,2026-09-07T16:09:30Z,value,111.417889645,,who.gho.mdg-0000000007,raw/who.gho.mdg-0000000007/2026/09/20260907T160930Z-3a49f2d0e7d2.json.gz,2
who.gho.mdg-0000000007,MDG_0000000007:JOR:SEX_MLE:AGEGROUP_YEARSUNDER5:WEALTHQUINTILE_TOTL,1966-01-01,2026-09-07T16:09:03Z,high,118.203244787,,who.gho.mdg-0000000007,raw/who.gho.mdg-0000000007/2026/09/20260907T160903Z-df09845b881e.json.gz,2
who.gho.mdg-0000000007,MDG_0000000007:JOR:SEX_MLE:AGEGROUP_YEARSUNDER5:WEALTHQUINTILE_TOTL,1966-01-01,2026-09-07T16:09:03Z,low,101.402435095,,who.gho.mdg-0000000007,raw/who.gho.mdg-0000000007/2026/09/20260907T160903Z-df09845b881e.json.gz,2
who.gho.mdg-0000000007,MDG_0000000007:JOR:SEX_MLE:AGEGROUP_YEARSUNDER5:WEALTHQUINTILE_TOTL,1966-01-01,2026-09-07T16:09:03Z,restated_at,2026-08-05,,who.gho.mdg-0000000007,raw/who.gho.mdg-0000000007/2026/09/20260907T160903Z-df09845b881e.json.gz,2
who.gho.mdg-0000000007,MDG_0000000007:JOR:SEX_MLE:AGEGROUP_YEARSUNDER5:WEALTHQUINTILE_TOTL,1966-01-01,2026-09-07T16:09:03Z,value,109.522642031,,who.gho.mdg-0000000007,raw/who.gho.mdg-0000000007/2026/09/20260907T160903Z-df09845b881e.json.gz,2
who.gho.mdg-0000000007,MDG_0000000007:JPN:SEX_BTSX:AGEGROUP_YEARSUNDER5:WEALTHQUINTILE_TOTL,1966-01-01,2026-09-07T16:09:08Z,high,23.045007323,,who.gho.mdg-0000000007,raw/who.gho.mdg-0000000007/2026/09/20260907T160908Z-96acbc2bc7cb.json.gz,2
who.gho.mdg-0000000007,MDG_0000000007:JPN:SEX_BTSX:AGEGROUP_YEARSUNDER5:WEALTHQUINTILE_TOTL,1966-01-01,2026-09-07T16:09:08Z,low,22.182093023,,who.gho.mdg-0000000007,raw/who.gho.mdg-0000000007/2026/09/20260907T160908Z-96acbc2bc7cb.json.gz,2
who.gho.mdg-0000000007,MDG_0000000007:JPN:SEX_BTSX:AGEGROUP_YEARSUNDER5:WEALTHQUINTILE_TOTL,1966-01-01,2026-09-07T16:09:08Z,restated_at,2026-08-05,,who.gho.mdg-0000000007,raw/who.gho.mdg-0000000007/2026/09/20260907T160908Z-96acbc2bc7cb.json.gz,2
who.gho.mdg-0000000007,MDG_0000000007:JPN:SEX_BTSX:AGEGROUP_YEARSUNDER5:WEALTHQUINTILE_TOTL,1966-01-01,2026-09-07T16:09:08Z,value,22.618892661,,who.gho.mdg-0000000007,raw/who.gho.mdg-0000000007/2026/09/20260907T160908Z-96acbc2bc7cb.json.gz,2
who.gho.mdg-0000000007,MDG_0000000007:JPN:SEX_FMLE:AGEGROUP_YEARSUNDER5:WEALTHQUINTILE_TOTL,1966-01-01,2026-09-07T16:09:30Z,high,20.243538746,,who.gho.mdg-0000000007,raw/who.gho.mdg-0000000007/2026/09/20260907T160930Z-3a49f2d0e7d2.json.gz,2
who.gho.mdg-0000000007,MDG_0000000007:JPN:SEX_FMLE:AGEGROUP_YEARSUNDER5:WEALTHQUINTILE_TOTL,1966-01-01,2026-09-07T16:09:30Z,low,19.439447785,,who.gho.mdg-0000000007,raw/who.gho.mdg-0000000007/2026/09/20260907T160930Z-3a49f2d0e7d2.json.gz,2
who.gho.mdg-0000000007,MDG_0000000007:JPN:SEX_FMLE:AGEGROUP_YEARSUNDER5:WEALTHQUINTILE_TOTL,1966-01-01,2026-09-07T16:09:30Z,restated_at,2026-08-05,,who.gho.mdg-0000000007,raw/who.gho.mdg-0000000007/2026/09/20260907T160930Z-3a49f2d0e7d2.json.gz,2
who.gho.mdg-0000000007,MDG_0000000007:JPN:SEX_FMLE:AGEGROUP_YEARSUNDER5:WEALTHQUINTILE_TOTL,1966-01-01,2026-09-07T16:09:30Z,value,19.841146541,,who.gho.mdg-0000000007,raw/who.gho.mdg-0000000007/2026/09/20260907T160930Z-3a49f2d0e7d2.json.gz,2
who.gho.mdg-0000000007,MDG_0000000007:JPN:SEX_MLE:AGEGROUP_YEARSUNDER5:WEALTHQUINTILE_TOTL,1966-01-01,2026-09-07T16:06:34Z,high,25.75469702,,who.gho.mdg-0000000007,raw/who.gho.mdg-0000000007/2026/09/20260907T160634Z-2774fa4e213c.json.gz,2
who.gho.mdg-0000000007,MDG_0000000007:JPN:SEX_MLE:AGEGROUP_YEARSUNDER5:WEALTHQUINTILE_TOTL,1966-01-01,2026-09-07T16:06:34Z,low,24.754912421,,who.gho.mdg-0000000007,raw/who.gho.mdg-0000000007/2026/09/20260907T160634Z-2774fa4e213c.json.gz,2
who.gho.mdg-0000000007,MDG_0000000007:JPN:SEX_MLE:AGEGROUP_YEARSUNDER5:WEALTHQUINTILE_TOTL,1966-01-01,2026-09-07T16:06:34Z,restated_at,2026-08-05,,who.gho.mdg-0000000007,raw/who.gho.mdg-0000000007/2026/09/20260907T160634Z-2774fa4e213c.json.gz,2
who.gho.mdg-0000000007,MDG_0000000007:JPN:SEX_MLE:AGEGROUP_YEARSUNDER5:WEALTHQUINTILE_TOTL,1966-01-01,2026-09-07T16:06:34Z,value,25.26208457,,who.gho.mdg-0000000007,raw/who.gho.mdg-0000000007/2026/09/20260907T160634Z-2774fa4e213c.json.gz,2
who.gho.mdg-0000000007,MDG_0000000007:KEN:SEX_BTSX:AGEGROUP_YEARSUNDER5:WEALTHQUINTILE_TOTL,1966-01-01,2026-09-07T16:09:46Z,high,175.627535886,,who.gho.mdg-0000000007,raw/who.gho.mdg-0000000007/2026/09/20260907T160946Z-716d23d235ed.json.gz,2
who.gho.mdg-0000000007,MDG_0000000007:KEN:SEX_BTSX:AGEGROUP_YEARSUNDER5:WEALTHQUINTILE_TOTL,1966-01-01,2026-09-07T16:09:46Z,low,151.655238474,,who.gho.mdg-0000000007,raw/who.gho.mdg-0000000007/2026/09/20260907T160946Z-716d23d235ed.json.gz,2
who.gho.mdg-0000000007,MDG_0000000007:KEN:SEX_BTSX:AGEGROUP_YEARSUNDER5:WEALTHQUINTILE_TOTL,1966-01-01,2026-09-07T16:09:46Z,restated_at,2026-08-05,,who.gho.mdg-0000000007,raw/who.gho.mdg-0000000007/2026/09/20260907T160946Z-716d23d235ed.json.gz,2
who.gho.mdg-0000000007,MDG_0000000007:KEN:SEX_BTSX:AGEGROUP_YEARSUNDER5:WEALTHQUINTILE_TOTL,1966-01-01,2026-09-07T16:09:46Z,value,163.18899934,,who.gho.mdg-0000000007,raw/who.gho.mdg-0000000007/2026/09/20260907T160946Z-716d23d235ed.json.gz,2
who.gho.mdg-0000000007,MDG_0000000007:KEN:SEX_FMLE:AGEGROUP_YEARSUNDER5:WEALTHQUINTILE_TOTL,1966-01-01,2026-09-07T16:11:18Z,high,168.20174515,,who.gho.mdg-0000000007,raw/who.gho.mdg-0000000007/2026/09/20260907T161118Z-85c02b5f4e3c.json.gz,2
who.gho.mdg-0000000007,MDG_0000000007:KEN:SEX_FMLE:AGEGROUP_YEARSUNDER5:WEALTHQUINTILE_TOTL,1966-01-01,2026-09-07T16:11:18Z,low,143.900385138,,who.gho.mdg-0000000007,raw/who.gho.mdg-0000000007/2026/09/20260907T161118Z-85c02b5f4e3c.json.gz,2
who.gho.mdg-0000000007,MDG_0000000007:KEN:SEX_FMLE:AGEGROUP_YEARSUNDER5:WEALTHQUINTILE_TOTL,1966-01-01,2026-09-07T16:11:18Z,restated_at,2026-08-05,,who.gho.mdg-0000000007,raw/who.gho.mdg-0000000007/2026/09/20260907T161118Z-85c02b5f4e3c.json.gz,2
who.gho.mdg-0000000007,MDG_0000000007:KEN:SEX_FMLE:AGEGROUP_YEARSUNDER5:WEALTHQUINTILE_TOTL,1966-01-01,2026-09-07T16:11:18Z,value,155.733996786,,who.gho.mdg-0000000007,raw/who.gho.mdg-0000000007/2026/09/20260907T161118Z-85c02b5f4e3c.json.gz,2
who.gho.mdg-0000000007,MDG_0000000007:KEN:SEX_MLE:AGEGROUP_YEARSUNDER5:WEALTHQUINTILE_TOTL,1966-01-01,2026-09-07T16:05:35Z,high,184.013988795,,who.gho.mdg-0000000007,raw/who.gho.mdg-0000000007/2026/09/20260907T160535Z-bcafb05f6fe8.json.gz,2
who.gho.mdg-0000000007,MDG_0000000007:KEN:SEX_MLE:AGEGROUP_YEARSUNDER5:WEALTHQUINTILE_TOTL,1966-01-01,2026-09-07T16:05:35Z,low,157.807703163,,who.gho.mdg-0000000007,raw/who.gho.mdg-0000000007/2026/09/20260907T160535Z-bcafb05f6fe8.json.gz,2
who.gho.mdg-0000000007,MDG_0000000007:KEN:SEX_MLE:AGEGROUP_YEARSUNDER5:WEALTHQUINTILE_TOTL,1966-01-01,2026-09-07T16:05:35Z,restated_at,2026-08-05,,who.gho.mdg-0000000007,raw/who.gho.mdg-0000000007/2026/09/20260907T160535Z-bcafb05f6fe8.json.gz,2
who.gho.mdg-0000000007,MDG_0000000007:KEN:SEX_MLE:AGEGROUP_YEARSUNDER5:WEALTHQUINTILE_TOTL,1966-01-01,2026-09-07T16:05:35Z,value,170.229978555,,who.gho.mdg-0000000007,raw/who.gho.mdg-0000000007/2026/09/20260907T160535Z-bcafb05f6fe8.json.gz,2
who.gho.mdg-0000000007,MDG_0000000007:KIR:SEX_BTSX:AGEGROUP_YEARSUNDER5:WEALTHQUINTILE_TOTL,1966-01-01,2026-09-07T16:05:09Z,high,181.463797815,,who.gho.mdg-0000000007,raw/who.gho.mdg-0000000007/2026/09/20260907T160509Z-9066130499c7.json.gz,2
who.gho.mdg-0000000007,MDG_0000000007:KIR:SEX_BTSX:AGEGROUP_YEARSUNDER5:WEALTHQUINTILE_TOTL,1966-01-01,2026-09-07T16:05:09Z,low,147.027244555,,who.gho.mdg-0000000007,raw/who.gho.mdg-0000000007/2026/09/20260907T160509Z-9066130499c7.json.gz,2
who.gho.mdg-0000000007,MDG_0000000007:KIR:SEX_BTSX:AGEGROUP_YEARSUNDER5:WEALTHQUINTILE_TOTL,1966-01-01,2026-09-07T16:05:09Z,restated_at,2026-08-05,,who.gho.mdg-0000000007,raw/who.gho.mdg-0000000007/2026/09/20260907T160509Z-9066130499c7.json.gz,2
who.gho.mdg-0000000007,MDG_0000000007:KIR:SEX_BTSX:AGEGROUP_YEARSUNDER5:WEALTHQUINTILE_TOTL,1966-01-01,2026-09-07T16:05:09Z,value,163.645341954,,who.gho.mdg-0000000007,raw/who.gho.mdg-0000000007/2026/09/20260907T160509Z-9066130499c7.json.gz,2
who.gho.mdg-0000000007,MDG_0000000007:KIR:SEX_FMLE:AGEGROUP_YEARSUNDER5:WEALTHQUINTILE_TOTL,1966-01-01,2026-09-07T16:11:01Z,high,173.587027362,,who.gho.mdg-0000000007,raw/who.gho.mdg-0000000007/2026/09/20260907T161101Z-fc76d9a7e10d.json.gz,2
who.gho.mdg-0000000007,MDG_0000000007:KIR:SEX_FMLE:AGEGROUP_YEARSUNDER5:WEALTHQUINTILE_TOTL,1966-01-01,2026-09-07T16:11:01Z,low,138.789871282,,who.gho.mdg-0000000007,raw/who.gho.mdg-0000000007/2026/09/20260907T161101Z-fc76d9a7e10d.json.gz,2
who.gho.mdg-0000000007,MDG_0000000007:KIR:SEX_FMLE:AGEGROUP_YEARSUNDER5:WEALTHQUINTILE_TOTL,1966-01-01,2026-09-07T16:11:01Z,restated_at,2026-08-05,,who.gho.mdg-0000000007,raw/who.gho.mdg-0000000007/2026/09/20260907T161101Z-fc76d9a7e10d.json.gz,2
who.gho.mdg-0000000007,MDG_0000000007:KIR:SEX_FMLE:AGEGROUP_YEARSUNDER5:WEALTHQUINTILE_TOTL,1966-01-01,2026-09-07T16:11:01Z,value,155.031366744,,who.gho.mdg-0000000007,raw/who.gho.mdg-0000000007/2026/09/20260907T161101Z-fc76d9a7e10d.json.gz,2
who.gho.mdg-0000000007,MDG_0000000007:KIR:SEX_MLE:AGEGROUP_YEARSUNDER5:WEALTHQUINTILE_TOTL,1966-01-01,2026-09-07T16:05:22Z,high,191.168225036,,who.gho.mdg-0000000007,raw/who.gho.mdg-0000000007/2026/09/20260907T160522Z-2bd49e664eea.json.gz,2
who.gho.mdg-0000000007,MDG_0000000007:KIR:SEX_MLE:AGEGROUP_YEARSUNDER5:WEALTHQUINTILE_TOTL,1966-01-01,2026-09-07T16:05:22Z,low,153.392357291,,who.gho.mdg-0000000007,raw/who.gho.mdg-0000000007/2026/09/20260907T160522Z-2bd49e664eea.json.gz,2
who.gho.mdg-0000000007,MDG_0000000007:KIR:SEX_MLE:AGEGROUP_YEARSUNDER5:WEALTHQUINTILE_TOTL,1966-01-01,2026-09-07T16:05:22Z,restated_at,2026-08-05,,who.gho.mdg-0000000007,raw/who.gho.mdg-0000000007/2026/09/20260907T160522Z-2bd49e664eea.json.gz,2
who.gho.mdg-0000000007,MDG_0000000007:KIR:SEX_MLE:AGEGROUP_YEARSUNDER5:WEALTHQUINTILE_TOTL,1966-01-01,2026-09-07T16:05:22Z,value,171.588902052,,who.gho.mdg-0000000007,raw/who.gho.mdg-0000000007/2026/09/20260907T160522Z-2bd49e664eea.json.gz,2
who.gho.mdg-0000000007,MDG_0000000007:KOR:SEX_BTSX:AGEGROUP_YEARSUNDER5:WEALTHQUINTILE_TOTL,1966-01-01,2026-09-07T16:10:45Z,high,89.629338995,,who.gho.mdg-0000000007,raw/who.gho.mdg-0000000007/2026/09/20260907T161045Z-53a7d24c459b.json.gz,2
who.gho.mdg-0000000007,MDG_0000000007:KOR:SEX_BTSX:AGEGROUP_YEARSUNDER5:WEALTHQUINTILE_TOTL,1966-01-01,2026-09-07T16:10:45Z,low,75.123790253,,who.gho.mdg-0000000007,raw/who.gho.mdg-0000000007/2026/09/20260907T161045Z-53a7d24c459b.json.gz,2
who.gho.mdg-0000000007,MDG_0000000007:KOR:SEX_BTSX:AGEGROUP_YEARSUNDER5:WEALTHQUINTILE_TOTL,1966-01-01,2026-09-07T16:10:45Z,restated_at,2026-08-05,,who.gho.mdg-0000000007,raw/who.gho.mdg-0000000007/2026/09/20260907T161045Z-53a7d24c459b.json.gz,2
who.gho.mdg-0000000007,MDG_0000000007:KOR:SEX_BTSX:AGEGROUP_YEARSUNDER5:WEALTHQUINTILE_TOTL,1966-01-01,2026-09-07T16:10:45Z,value,81.94261478,,who.gho.mdg-0000000007,raw/who.gho.mdg-0000000007/2026/09/20260907T161045Z-53a7d24c459b.json.gz,2
who.gho.mdg-0000000007,MDG_0000000007:KOR:SEX_FMLE:AGEGROUP_YEARSUNDER5:WEALTHQUINTILE_TOTL,1966-01-01,2026-09-07T16:05:26Z,high,85.600076716,,who.gho.mdg-0000000007,raw/who.gho.mdg-0000000007/2026/09/20260907T160526Z-1363df2b3da0.json.gz,2
who.gho.mdg-0000000007,MDG_0000000007:KOR:SEX_FMLE:AGEGROUP_YEARSUNDER5:WEALTHQUINTILE_TOTL,1966-01-01,2026-09-07T16:05:26Z,low,70.882184789,,who.gho.mdg-0000000007,raw/who.gho.mdg-0000000007/2026/09/20260907T160526Z-1363df2b3da0.json.gz,2
who.gho.mdg-0000000007,MDG_0000000007:KOR:SEX_FMLE:AGEGROUP_YEARSUNDER5:WEALTHQUINTILE_TOTL,1966-01-01,2026-09-07T16:05:26Z,restated_at,2026-08-05,,who.gho.mdg-0000000007,raw/who.gho.mdg-0000000007/2026/09/20260907T160526Z-1363df2b3da0.json.gz,2
who.gho.mdg-0000000007,MDG_0000000007:KOR:SEX_FMLE:AGEGROUP_YEARSUNDER5:WEALTHQUINTILE_TOTL,1966-01-01,2026-09-07T16:05:26Z,value,77.707281928,,who.gho.mdg-0000000007,raw/who.gho.mdg-0000000007/2026/09/20260907T160526Z-1363df2b3da0.json.gz,2
who.gho.mdg-0000000007,MDG_0000000007:KOR:SEX_MLE:AGEGROUP_YEARSUNDER5:WEALTHQUINTILE_TOTL,1966-01-01,2026-09-07T16:09:51Z,high,94.433531743,,who.gho.mdg-0000000007,raw/who.gho.mdg-0000000007/2026/09/20260907T160951Z-f1aadb832125.json.gz,2
who.gho.mdg-0000000007,MDG_0000000007:KOR:SEX_MLE:AGEGROUP_YEARSUNDER5:WEALTHQUINTILE_TOTL,1966-01-01,2026-09-07T16:09:51Z,low,78.363943721,,who.gho.mdg-0000000007,raw/who.gho.mdg-0000000007/2026/09/20260907T160951Z-f1aadb832125.json.gz,2
who.gho.mdg-0000000007,MDG_0000000007:KOR:SEX_MLE:AGEGROUP_YEARSUNDER5:WEALTHQUINTILE_TOTL,1966-01-01,2026-09-07T16:09:51Z,restated_at,2026-08-05,,who.gho.mdg-0000000007,raw/who.gho.mdg-0000000007/2026/09/20260907T160951Z-f1aadb832125.json.gz,2
who.gho.mdg-0000000007,MDG_0000000007:KOR:SEX_MLE:AGEGROUP_YEARSUNDER5:WEALTHQUINTILE_TOTL,1966-01-01,2026-09-07T16:09:51Z,value,85.839544147,,who.gho.mdg-0000000007,raw/who.gho.mdg-0000000007/2026/09/20260907T160951Z-f1aadb832125.json.gz,2
who.gho.mdg-0000000007,MDG_0000000007:KWT:SEX_BTSX:AGEGROUP_YEARSUNDER5:WEALTHQUINTILE_TOTL,1966-01-01,2026-09-07T16:10:03Z,high,105.342351074,,who.gho.mdg-0000000007,raw/who.gho.mdg-0000000007/2026/09/20260907T161003Z-9bcc9b7e7da4.json.gz,2
who.gho.mdg-0000000007,MDG_0000000007:KWT:SEX_BTSX:AGEGROUP_YEARSUNDER5:WEALTHQUINTILE_TOTL,1966-01-01,2026-09-07T16:10:03Z,low,79.376363542,,who.gho.mdg-0000000007,raw/who.gho.mdg-0000000007/2026/09/20260907T161003Z-9bcc9b7e7da4.json.gz,2
who.gho.mdg-0000000007,MDG_0000000007:KWT:SEX_BTSX:AGEGROUP_YEARSUNDER5:WEALTHQUINTILE_TOTL,1966-01-01,2026-09-07T16:10:03Z,restated_at,2026-08-05,,who.gho.mdg-0000000007,raw/who.gho.mdg-0000000007/2026/09/20260907T161003Z-9bcc9b7e7da4.json.gz,2
who.gho.mdg-0000000007,MDG_0000000007:KWT:SEX_BTSX:AGEGROUP_YEARSUNDER5:WEALTHQUINTILE_TOTL,1966-01-01,2026-09-07T16:10:03Z,value,91.872720114,,who.gho.mdg-0000000007,raw/who.gho.mdg-0000000007/2026/09/20260907T161003Z-9bcc9b7e7da4.json.gz,2
who.gho.mdg-0000000007,MDG_0000000007:KWT:SEX_FMLE:AGEGROUP_YEARSUNDER5:WEALTHQUINTILE_TOTL,1966-01-01,2026-09-07T16:10:41Z,high,99.798182567,,who.gho.mdg-0000000007,raw/who.gho.mdg-0000000007/2026/09/20260907T161041Z-4752b74784e1.json.gz,2
who.gho.mdg-0000000007,MDG_0000000007:KWT:SEX_FMLE:AGEGROUP_YEARSUNDER5:WEALTHQUINTILE_TOTL,1966-01-01,2026-09-07T16:10:41Z,low,74.549255569,,who.gho.mdg-0000000007,raw/who.gho.mdg-0000000007/2026/09/20260907T161041Z-4752b74784e1.json.gz,2
who.gho.mdg-0000000007,MDG_0000000007:KWT:SEX_FMLE:AGEGROUP_YEARSUNDER5:WEALTHQUINTILE_TOTL,1966-01-01,2026-09-07T16:10:41Z,restated_at,2026-08-05,,who.gho.mdg-0000000007,raw/who.gho.mdg-0000000007/2026/09/20260907T161041Z-4752b74784e1.json.gz,2
who.gho.mdg-0000000007,MDG_0000000007:KWT:SEX_FMLE:AGEGROUP_YEARSUNDER5:WEALTHQUINTILE_TOTL,1966-01-01,2026-09-07T16:10:41Z,value,86.66748966,,who.gho.mdg-0000000007,raw/who.gho.mdg-0000000007/2026/09/20260907T161041Z-4752b74784e1.json.gz,2
who.gho.mdg-0000000007,MDG_0000000007:KWT:SEX_MLE:AGEGROUP_YEARSUNDER5:WEALTHQUINTILE_TOTL,1966-01-01,2026-09-07T16:06:16Z,high,111.301566059,,who.gho.mdg-0000000007,raw/who.gho.mdg-0000000007/2026/09/20260907T160616Z-615f6bfccb87.json.gz,2
who.gho.mdg-0000000007,MDG_0000000007:KWT:SEX_MLE:AGEGROUP_YEARSUNDER5:WEALTHQUINTILE_TOTL,1966-01-01,2026-09-07T16:06:16Z,low,83.572771166,,who.gho.mdg-0000000007,raw/who.gho.mdg-0000000007/2026/09/20260907T160616Z-615f6bfccb87.json.gz,2
who.gho.mdg-0000000007,MDG_0000000007:KWT:SEX_MLE:AGEGROUP_YEARSUNDER5:WEALTHQUINTILE_TOTL,1966-01-01,2026-09-07T16:06:16Z,restated_at,2026-08-05,,who.gho.mdg-0000000007,raw/who.gho.mdg-0000000007/2026/09/20260907T160616Z-615f6bfccb87.json.gz,2
who.gho.mdg-0000000007,MDG_0000000007:KWT:SEX_MLE:AGEGROUP_YEARSUNDER5:WEALTHQUINTILE_TOTL,1966-01-01,2026-09-07T16:06:16Z,value,96.882925897,,who.gho.mdg-0000000007,raw/who.gho.mdg-0000000007/2026/09/20260907T160616Z-615f6bfccb87.json.gz,2
who.gho.mdg-0000000007,MDG_0000000007:LBN:SEX_BTSX:AGEGROUP_YEARSUNDER5:WEALTHQUINTILE_TOTL,1966-01-01,2026-09-07T16:06:16Z,high,75.57565743,,who.gho.mdg-0000000007,raw/who.gho.mdg-0000000007/2026/09/20260907T160616Z-615f6bfccb87.json.gz,2
who.gho.mdg-0000000007,MDG_0000000007:LBN:SEX_BTSX:AGEGROUP_YEARSUNDER5:WEALTHQUINTILE_TOTL,1966-01-01,2026-09-07T16:06:16Z,low,53.111491791,,who.gho.mdg-0000000007,raw/who.gho.mdg-0000000007/2026/09/20260907T160616Z-615f6bfccb87.json.gz,2
who.gho.mdg-0000000007,MDG_0000000007:LBN:SEX_BTSX:AGEGROUP_YEARSUNDER5:WEALTHQUINTILE_TOTL,1966-01-01,2026-09-07T16:06:16Z,restated_at,2026-08-05,,who.gho.mdg-0000000007,raw/who.gho.mdg-0000000007/2026/09/20260907T160616Z-615f6bfccb87.json.gz,2
who.gho.mdg-0000000007,MDG_0000000007:LBN:SEX_BTSX:AGEGROUP_YEARSUNDER5:WEALTHQUINTILE_TOTL,1966-01-01,2026-09-07T16:06:16Z,value,63.191437468,,who.gho.mdg-0000000007,raw/who.gho.mdg-0000000007/2026/09/20260907T160616Z-615f6bfccb87.json.gz,2
who.gho.mdg-0000000007,MDG_0000000007:LBN:SEX_FMLE:AGEGROUP_YEARSUNDER5:WEALTHQUINTILE_TOTL,1966-01-01,2026-09-07T16:10:03Z,high,70.760795952,,who.gho.mdg-0000000007,raw/who.gho.mdg-0000000007/2026/09/20260907T161003Z-9bcc9b7e7da4.json.gz,2
who.gho.mdg-0000000007,MDG_0000000007:LBN:SEX_FMLE:AGEGROUP_YEARSUNDER5:WEALTHQUINTILE_TOTL,1966-01-01,2026-09-07T16:10:03Z,low,48.959023619,,who.gho.mdg-0000000007,raw/who.gho.mdg-0000000007/2026/09/20260907T161003Z-9bcc9b7e7da4.json.gz,2
who.gho.mdg-0000000007,MDG_0000000007:LBN:SEX_FMLE:AGEGROUP_YEARSUNDER5:WEALTHQUINTILE_TOTL,1966-01-01,2026-09-07T16:10:03Z,restated_at,2026-08-05,,who.gho.mdg-0000000007,raw/who.gho.mdg-0000000007/2026/09/20260907T161003Z-9bcc9b7e7da4.json.gz,2
who.gho.mdg-0000000007,MDG_0000000007:LBN:SEX_FMLE:AGEGROUP_YEARSUNDER5:WEALTHQUINTILE_TOTL,1966-01-01,2026-09-07T16:10:03Z,value,58.787243459,,who.gho.mdg-0000000007,raw/who.gho.mdg-0000000007/2026/09/20260907T161003Z-9bcc9b7e7da4.json.gz,2
who.gho.mdg-0000000007,MDG_0000000007:LBN:SEX_MLE:AGEGROUP_YEARSUNDER5:WEALTHQUINTILE_TOTL,1966-01-01,2026-09-07T16:08:50Z,high,80.954762225,,who.gho.mdg-0000000007,raw/who.gho.mdg-0000000007/2026/09/20260907T160850Z-957169f3a50e.json.gz,2
who.gho.mdg-0000000007,MDG_0000000007:LBN:SEX_MLE:AGEGROUP_YEARSUNDER5:WEALTHQUINTILE_TOTL,1966-01-01,2026-09-07T16:08:50Z,low,56.538199355,,who.gho.mdg-0000000007,raw/who.gho.mdg-0000000007/2026/09/20260907T160850Z-957169f3a50e.json.gz,2
who.gho.mdg-0000000007,MDG_0000000007:LBN:SEX_MLE:AGEGROUP_YEARSUNDER5:WEALTHQUINTILE_TOTL,1966-01-01,2026-09-07T16:08:50Z,restated_at,2026-08-05,,who.gho.mdg-0000000007,raw/who.gho.mdg-0000000007/2026/09/20260907T160850Z-957169f3a50e.json.gz,2
who.gho.mdg-0000000007,MDG_0000000007:LBN:SEX_MLE:AGEGROUP_YEARSUNDER5:WEALTHQUINTILE_TOTL,1966-01-01,2026-09-07T16:08:50Z,value,67.308029254,,who.gho.mdg-0000000007,raw/who.gho.mdg-0000000007/2026/09/20260907T160850Z-957169f3a50e.json.gz,2
who.gho.mdg-0000000007,MDG_0000000007:LBR:SEX_BTSX:AGEGROUP_YEARSUNDER5:WEALTHQUINTILE_TOTL,1966-01-01,2026-09-07T16:05:48Z,high,341.029707028,,who.gho.mdg-0000000007,raw/who.gho.mdg-0000000007/2026/09/20260907T160548Z-1609a76f5ecc.json.gz,2
who.gho.mdg-0000000007,MDG_0000000007:LBR:SEX_BTSX:AGEGROUP_YEARSUNDER5:WEALTHQUINTILE_TOTL,1966-01-01,2026-09-07T16:05:48Z,low,270.279714047,,who.gho.mdg-0000000007,raw/who.gho.mdg-0000000007/2026/09/20260907T160548Z-1609a76f5ecc.json.gz,2
who.gho.mdg-0000000007,MDG_0000000007:LBR:SEX_BTSX:AGEGROUP_YEARSUNDER5:WEALTHQUINTILE_TOTL,1966-01-01,2026-09-07T16:05:48Z,restated_at,2026-08-05,,who.gho.mdg-0000000007,raw/who.gho.mdg-0000000007/2026/09/20260907T160548Z-1609a76f5ecc.json.gz,2
who.gho.mdg-0000000007,MDG_0000000007:LBR:SEX_BTSX:AGEGROUP_YEARSUNDER5:WEALTHQUINTILE_TOTL,1966-01-01,2026-09-07T16:05:48Z,value,302.537555288,,who.gho.mdg-0000000007,raw/who.gho.mdg-0000000007/2026/09/20260907T160548Z-1609a76f5ecc.json.gz,2
who.gho.mdg-0000000007,MDG_0000000007:LBR:SEX_FMLE:AGEGROUP_YEARSUNDER5:WEALTHQUINTILE_TOTL,1966-01-01,2026-09-07T16:06:21Z,high,321.613679322,,who.gho.mdg-0000000007,raw/who.gho.mdg-0000000007/2026/09/20260907T160621Z-1819ad2538c7.json.gz,2
who.gho.mdg-0000000007,MDG_0000000007:LBR:SEX_FMLE:AGEGROUP_YEARSUNDER5:WEALTHQUINTILE_TOTL,1966-01-01,2026-09-07T16:06:21Z,low,253.136588496,,who.gho.mdg-0000000007,raw/who.gho.mdg-0000000007/2026/09/20260907T160621Z-1819ad2538c7.json.gz,2
who.gho.mdg-0000000007,MDG_0000000007:LBR:SEX_FMLE:AGEGROUP_YEARSUNDER5:WEALTHQUINTILE_TOTL,1966-01-01,2026-09-07T16:06:21Z,restated_at,2026-08-05,,who.gho.mdg-0000000007,raw/who.gho.mdg-0000000007/2026/09/20260907T160621Z-1819ad2538c7.json.gz,2
who.gho.mdg-0000000007,MDG_0000000007:LBR:SEX_FMLE:AGEGROUP_YEARSUNDER5:WEALTHQUINTILE_TOTL,1966-01-01,2026-09-07T16:06:21Z,value,284.64376986,,who.gho.mdg-0000000007,raw/who.gho.mdg-0000000007/2026/09/20260907T160621Z-1819ad2538c7.json.gz,2
who.gho.mdg-0000000007,MDG_0000000007:LBR:SEX_MLE:AGEGROUP_YEARSUNDER5:WEALTHQUINTILE_TOTL,1966-01-01,2026-09-07T16:10:58Z,high,361.013777607,,who.gho.mdg-0000000007,raw/who.gho.mdg-0000000007/2026/09/20260907T161058Z-4d8f6ed35960.json.gz,2
who.gho.mdg-0000000007,MDG_0000000007:LBR:SEX_MLE:AGEGROUP_YEARSUNDER5:WEALTHQUINTILE_TOTL,1966-01-01,2026-09-07T16:10:58Z,low,285.309855149,,who.gho.mdg-0000000007,raw/who.gho.mdg-0000000007/2026/09/20260907T161058Z-4d8f6ed35960.json.gz,2
who.gho.mdg-0000000007,MDG_0000000007:LBR:SEX_MLE:AGEGROUP_YEARSUNDER5:WEALTHQUINTILE_TOTL,1966-01-01,2026-09-07T16:10:58Z,restated_at,2026-08-05,,who.gho.mdg-0000000007,raw/who.gho.mdg-0000000007/2026/09/20260907T161058Z-4d8f6ed35960.json.gz,2
who.gho.mdg-0000000007,MDG_0000000007:LBR:SEX_MLE:AGEGROUP_YEARSUNDER5:WEALTHQUINTILE_TOTL,1966-01-01,2026-09-07T16:10:58Z,value,319.636937616,,who.gho.mdg-0000000007,raw/who.gho.mdg-0000000007/2026/09/20260907T161058Z-4d8f6ed35960.json.gz,2
who.gho.mdg-0000000007,MDG_0000000007:LBY:SEX_BTSX:AGEGROUP_YEARSUNDER5:WEALTHQUINTILE_TOTL,1966-01-01,2026-09-07T16:11:14Z,high,212.219165294,,who.gho.mdg-0000000007,raw/who.gho.mdg-0000000007/2026/09/20260907T161114Z-c1ae2408f442.json.gz,2
who.gho.mdg-0000000007,MDG_0000000007:LBY:SEX_BTSX:AGEGROUP_YEARSUNDER5:WEALTHQUINTILE_TOTL,1966-01-01,2026-09-07T16:11:14Z,low,158.473332753,,who.gho.mdg-0000000007,raw/who.gho.mdg-0000000007/2026/09/20260907T161114Z-c1ae2408f442.json.gz,2
who.gho.mdg-0000000007,MDG_0000000007:LBY:SEX_BTSX:AGEGROUP_YEARSUNDER5:WEALTHQUINTILE_TOTL,1966-01-01,2026-09-07T16:11:14Z,restated_at,2026-08-05,,who.gho.mdg-0000000007,raw/who.gho.mdg-0000000007/2026/09/20260907T161114Z-c1ae2408f442.json.gz,2
who.gho.mdg-0000000007,MDG_0000000007:LBY:SEX_BTSX:AGEGROUP_YEARSUNDER5:WEALTHQUINTILE_TOTL,1966-01-01,2026-09-07T16:11:14Z,value,183.688307583,,who.gho.mdg-0000000007,raw/who.gho.mdg-0000000007/2026/09/20260907T161114Z-c1ae2408f442.json.gz,2
who.gho.mdg-0000000007,MDG_0000000007:LBY:SEX_FMLE:AGEGROUP_YEARSUNDER5:WEALTHQUINTILE_TOTL,1966-01-01,2026-09-07T16:05:06Z,high,206.398057342,,who.gho.mdg-0000000007,raw/who.gho.mdg-0000000007/2026/09/20260907T160506Z-a219a21e2a4a.json.gz,2
who.gho.mdg-0000000007,MDG_0000000007:LBY:SEX_FMLE:AGEGROUP_YEARSUNDER5:WEALTHQUINTILE_TOTL,1966-01-01,2026-09-07T16:05:06Z,low,152.488252419,,who.gho.mdg-0000000007,raw/who.gho.mdg-0000000007/2026/09/20260907T160506Z-a219a21e2a4a.json.gz,2
who.gho.mdg-0000000007,MDG_0000000007:LBY:SEX_FMLE:AGEGROUP_YEARSUNDER5:WEALTHQUINTILE_TOTL,1966-01-01,2026-09-07T16:05:06Z,restated_at,2026-08-05,,who.gho.mdg-0000000007,raw/who.gho.mdg-0000000007/2026/09/20260907T160506Z-a219a21e2a4a.json.gz,2
who.gho.mdg-0000000007,MDG_0000000007:LBY:SEX_FMLE:AGEGROUP_YEARSUNDER5:WEALTHQUINTILE_TOTL,1966-01-01,2026-09-07T16:05:06Z,value,177.492376044,,who.gho.mdg-0000000007,raw/who.gho.mdg-0000000007/2026/09/20260907T160506Z-a219a21e2a4a.json.gz,2
who.gho.mdg-0000000007,MDG_0000000007:LBY:SEX_MLE:AGEGROUP_YEARSUNDER5:WEALTHQUINTILE_TOTL,1966-01-01,2026-09-07T16:09:08Z,high,220.13497925,,who.gho.mdg-0000000007,raw/who.gho.mdg-0000000007/2026/09/20260907T160908Z-96acbc2bc7cb.json.gz,2
who.gho.mdg-0000000007,MDG_0000000007:LBY:SEX_MLE:AGEGROUP_YEARSUNDER5:WEALTHQUINTILE_TOTL,1966-01-01,2026-09-07T16:09:08Z,low,162.837942409,,who.gho.mdg-0000000007,raw/who.gho.mdg-0000000007/2026/09/20260907T160908Z-96acbc2bc7cb.json.gz,2
who.gho.mdg-0000000007,MDG_0000000007:LBY:SEX_MLE:AGEGROUP_YEARSUNDER5:WEALTHQUINTILE_TOTL,1966-01-01,2026-09-07T16:09:08Z,restated_at,2026-08-05,,who.gho.mdg-0000000007,raw/who.gho.mdg-0000000007/2026/09/20260907T160908Z-96acbc2bc7cb.json.gz,2
who.gho.mdg-0000000007,MDG_0000000007:LBY:SEX_MLE:AGEGROUP_YEARSUNDER5:WEALTHQUINTILE_TOTL,1966-01-01,2026-09-07T16:09:08Z,value,189.551332562,,who.gho.mdg-0000000007,raw/who.gho.mdg-0000000007/2026/09/20260907T160908Z-96acbc2bc7cb.json.gz,2
who.gho.mdg-0000000007,MDG_0000000007:LCA:SEX_BTSX:AGEGROUP_YEARSUNDER5:WEALTHQUINTILE_TOTL,1966-01-01,2026-09-07T16:10:53Z,high,101.482259516,,who.gho.mdg-0000000007,raw/who.gho.mdg-0000000007/2026/09/20260907T161053Z-9a5808e2a757.json.gz,2
who.gho.mdg-0000000007,MDG_0000000007:LCA:SEX_BTSX:AGEGROUP_YEARSUNDER5:WEALTHQUINTILE_TOTL,1966-01-01,2026-09-07T16:10:53Z,low,91.220662308,,who.gho.mdg-0000000007,raw/who.gho.mdg-0000000007/2026/09/20260907T161053Z-9a5808e2a757.json.gz,2
who.gho.mdg-0000000007,MDG_0000000007:LCA:SEX_BTSX:AGEGROUP_YEARSUNDER5:WEALTHQUINTILE_TOTL,1966-01-01,2026-09-07T16:10:53Z,restated_at,2026-08-05,,who.gho.mdg-0000000007,raw/who.gho.mdg-0000000007/2026/09/20260907T161053Z-9a5808e2a757.json.gz,2
who.gho.mdg-0000000007,MDG_0000000007:LCA:SEX_BTSX:AGEGROUP_YEARSUNDER5:WEALTHQUINTILE_TOTL,1966-01-01,2026-09-07T16:10:53Z,value,96.228667689,,who.gho.mdg-0000000007,raw/who.gho.mdg-0000000007/2026/09/20260907T161053Z-9a5808e2a757.json.gz,2
who.gho.mdg-0000000007,MDG_0000000007:LCA:SEX_FMLE:AGEGROUP_YEARSUNDER5:WEALTHQUINTILE_TOTL,1966-01-01,2026-09-07T16:06:07Z,high,96.349891514,,who.gho.mdg-0000000007,raw/who.gho.mdg-0000000007/2026/09/20260907T160607Z-9445f1b065fa.json.gz,2
who.gho.mdg-0000000007,MDG_0000000007:LCA:SEX_FMLE:AGEGROUP_YEARSUNDER5:WEALTHQUINTILE_TOTL,1966-01-01,2026-09-07T16:06:07Z,low,85.511160116,,who.gho.mdg-0000000007,raw/who.gho.mdg-0000000007/2026/09/20260907T160607Z-9445f1b065fa.json.gz,2
who.gho.mdg-0000000007,MDG_0000000007:LCA:SEX_FMLE:AGEGROUP_YEARSUNDER5:WEALTHQUINTILE_TOTL,1966-01-01,2026-09-07T16:06:07Z,restated_at,2026-08-05,,who.gho.mdg-0000000007,raw/who.gho.mdg-0000000007/2026/09/20260907T160607Z-9445f1b065fa.json.gz,2
who.gho.mdg-0000000007,MDG_0000000007:LCA:SEX_FMLE:AGEGROUP_YEARSUNDER5:WEALTHQUINTILE_TOTL,1966-01-01,2026-09-07T16:06:07Z,value,90.784961232,,who.gho.mdg-0000000007,raw/who.gho.mdg-0000000007/2026/09/20260907T160607Z-9445f1b065fa.json.gz,2
who.gho.mdg-0000000007,MDG_0000000007:LCA:SEX_MLE:AGEGROUP_YEARSUNDER5:WEALTHQUINTILE_TOTL,1966-01-01,2026-09-07T16:05:31Z,high,107.489306673,,who.gho.mdg-0000000007,raw/who.gho.mdg-0000000007/2026/09/20260907T160531Z-a90a9bba0858.json.gz,2
who.gho.mdg-0000000007,MDG_0000000007:LCA:SEX_MLE:AGEGROUP_YEARSUNDER5:WEALTHQUINTILE_TOTL,1966-01-01,2026-09-07T16:05:31Z,low,95.771068419,,who.gho.mdg-0000000007,raw/who.gho.mdg-0000000007/2026/09/20260907T160531Z-a90a9bba0858.json.gz,2
who.gho.mdg-0000000007,MDG_0000000007:LCA:SEX_MLE:AGEGROUP_YEARSUNDER5:WEALTHQUINTILE_TOTL,1966-01-01,2026-09-07T16:05:31Z,restated_at,2026-08-05,,who.gho.mdg-0000000007,raw/who.gho.mdg-0000000007/2026/09/20260907T160531Z-a90a9bba0858.json.gz,2
who.gho.mdg-0000000007,MDG_0000000007:LCA:SEX_MLE:AGEGROUP_YEARSUNDER5:WEALTHQUINTILE_TOTL,1966-01-01,2026-09-07T16:05:31Z,value,101.418978871,,who.gho.mdg-0000000007,raw/who.gho.mdg-0000000007/2026/09/20260907T160531Z-a90a9bba0858.json.gz,2
who.gho.mdg-0000000007,MDG_0000000007:LKA:SEX_BTSX:AGEGROUP_YEARSUNDER5:WEALTHQUINTILE_TOTL,1966-01-01,2026-09-07T16:10:17Z,high,79.58861522,,who.gho.mdg-0000000007,raw/who.gho.mdg-0000000007/2026/09/20260907T161017Z-ca4dbf4e12d6.json.gz,2
who.gho.mdg-0000000007,MDG_0000000007:LKA:SEX_BTSX:AGEGROUP_YEARSUNDER5:WEALTHQUINTILE_TOTL,1966-01-01,2026-09-07T16:10:17Z,low,76.621764538,,who.gho.mdg-0000000007,raw/who.gho.mdg-0000000007/2026/09/20260907T161017Z-ca4dbf4e12d6.json.gz,2
who.gho.mdg-0000000007,MDG_0000000007:LKA:SEX_BTSX:AGEGROUP_YEARSUNDER5:WEALTHQUINTILE_TOTL,1966-01-01,2026-09-07T16:10:17Z,restated_at,2026-08-05,,who.gho.mdg-0000000007,raw/who.gho.mdg-0000000007/2026/09/20260907T161017Z-ca4dbf4e12d6.json.gz,2
who.gho.mdg-0000000007,MDG_0000000007:LKA:SEX_BTSX:AGEGROUP_YEARSUNDER5:WEALTHQUINTILE_TOTL,1966-01-01,2026-09-07T16:10:17Z,value,78.087080667,,who.gho.mdg-0000000007,raw/who.gho.mdg-0000000007/2026/09/20260907T161017Z-ca4dbf4e12d6.json.gz,2
who.gho.mdg-0000000007,MDG_0000000007:LKA:SEX_FMLE:AGEGROUP_YEARSUNDER5:WEALTHQUINTILE_TOTL,1966-01-01,2026-09-07T16:11:14Z,high,76.771930638,,who.gho.mdg-0000000007,raw/who.gho.mdg-0000000007/2026/09/20260907T161114Z-c1ae2408f442.json.gz,2
who.gho.mdg-0000000007,MDG_0000000007:LKA:SEX_FMLE:AGEGROUP_YEARSUNDER5:WEALTHQUINTILE_TOTL,1966-01-01,2026-09-07T16:11:14Z,low,73.719805575,,who.gho.mdg-0000000007,raw/who.gho.mdg-0000000007/2026/09/20260907T161114Z-c1ae2408f442.json.gz,2
who.gho.mdg-0000000007,MDG_0000000007:LKA:SEX_FMLE:AGEGROUP_YEARSUNDER5:WEALTHQUINTILE_TOTL,1966-01-01,2026-09-07T16:11:14Z,restated_at,2026-08-05,,who.gho.mdg-0000000007,raw/who.gho.mdg-0000000007/2026/09/20260907T161114Z-c1ae2408f442.json.gz,2
who.gho.mdg-0000000007,MDG_0000000007:LKA:SEX_FMLE:AGEGROUP_YEARSUNDER5:WEALTHQUINTILE_TOTL,1966-01-01,2026-09-07T16:11:14Z,value,75.227232921,,who.gho.mdg-0000000007,raw/who.gho.mdg-0000000007/2026/09/20260907T161114Z-c1ae2408f442.json.gz,2
who.gho.mdg-0000000007,MDG_0000000007:LKA:SEX_MLE:AGEGROUP_YEARSUNDER5:WEALTHQUINTILE_TOTL,1966-01-01,2026-09-07T16:10:03Z,high,82.432763323,,who.gho.mdg-0000000007,raw/who.gho.mdg-0000000007/2026/09/20260907T161003Z-9bcc9b7e7da4.json.gz,2
who.gho.mdg-0000000007,MDG_0000000007:LKA:SEX_MLE:AGEGROUP_YEARSUNDER5:WEALTHQUINTILE_TOTL,1966-01-01,2026-09-07T16:10:03Z,low,79.209081457,,who.gho.mdg-0000000007,raw/who.gho.mdg-0000000007/2026/09/20260907T161003Z-9bcc9b7e7da4.json.gz,2
who.gho.mdg-0000000007,MDG_0000000007:LKA:SEX_MLE:AGEGROUP_YEARSUNDER5:WEALTHQUINTILE_TOTL,1966-01-01,2026-09-07T16:10:03Z,restated_at,2026-08-05,,who.gho.mdg-0000000007,raw/who.gho.mdg-0000000007/2026/09/20260907T161003Z-9bcc9b7e7da4.json.gz,2
who.gho.mdg-0000000007,MDG_0000000007:LKA:SEX_MLE:AGEGROUP_YEARSUNDER5:WEALTHQUINTILE_TOTL,1966-01-01,2026-09-07T16:10:03Z,value,80.816107471,,who.gho.mdg-0000000007,raw/who.gho.mdg-0000000007/2026/09/20260907T161003Z-9bcc9b7e7da4.json.gz,2
who.gho.mdg-0000000007,MDG_0000000007:LSO:SEX_BTSX:AGEGROUP_YEARSUNDER5:WEALTHQUINTILE_TOTL,1966-01-01,2026-09-07T16:11:14Z,high,202.357516612,,who.gho.mdg-0000000007,raw/who.gho.mdg-0000000007/2026/09/20260907T161114Z-c1ae2408f442.json.gz,2
who.gho.mdg-0000000007,MDG_0000000007:LSO:SEX_BTSX:AGEGROUP_YEARSUNDER5:WEALTHQUINTILE_TOTL,1966-01-01,2026-09-07T16:11:14Z,low,170.821968418,,who.gho.mdg-0000000007,raw/who.gho.mdg-0000000007/2026/09/20260907T161114Z-c1ae2408f442.json.gz,2
who.gho.mdg-0000000007,MDG_0000000007:LSO:SEX_BTSX:AGEGROUP_YEARSUNDER5:WEALTHQUINTILE_TOTL,1966-01-01,2026-09-07T16:11:14Z,restated_at,2026-08-05,,who.gho.mdg-0000000007,raw/who.gho.mdg-0000000007/2026/09/20260907T161114Z-c1ae2408f442.json.gz,2
who.gho.mdg-0000000007,MDG_0000000007:LSO:SEX_BTSX:AGEGROUP_YEARSUNDER5:WEALTHQUINTILE_TOTL,1966-01-01,2026-09-07T16:11:14Z,value,185.811014058,,who.gho.mdg-0000000007,raw/who.gho.mdg-0000000007/2026/09/20260907T161114Z-c1ae2408f442.json.gz,2
who.gho.mdg-0000000007,MDG_0000000007:LSO:SEX_FMLE:AGEGROUP_YEARSUNDER5:WEALTHQUINTILE_TOTL,1966-01-01,2026-09-07T16:08:41Z,high,194.245632346,,who.gho.mdg-0000000007,raw/who.gho.mdg-0000000007/2026/09/20260907T160841Z-d67f78e4b8d9.json.gz,2
who.gho.mdg-0000000007,MDG_0000000007:LSO:SEX_FMLE:AGEGROUP_YEARSUNDER5:WEALTHQUINTILE_TOTL,1966-01-01,2026-09-07T16:08:41Z,low,162.024237862,,who.gho.mdg-0000000007,raw/who.gho.mdg-0000000007/2026/09/20260907T160841Z-d67f78e4b8d9.json.gz,2
who.gho.mdg-0000000007,MDG_0000000007:LSO:SEX_FMLE:AGEGROUP_YEARSUNDER5:WEALTHQUINTILE_TOTL,1966-01-01,2026-09-07T16:08:41Z,restated_at,2026-08-05,,who.gho.mdg-0000000007,raw/who.gho.mdg-0000000007/2026/09/20260907T160841Z-d67f78e4b8d9.json.gz,2
who.gho.mdg-0000000007,MDG_0000000007:LSO:SEX_FMLE:AGEGROUP_YEARSUNDER5:WEALTHQUINTILE_TOTL,1966-01-01,2026-09-07T16:08:41Z,value,177.352924792,,who.gho.mdg-0000000007,raw/who.gho.mdg-0000000007/2026/09/20260907T160841Z-d67f78e4b8d9.json.gz,2
who.gho.mdg-0000000007,MDG_0000000007:LSO:SEX_MLE:AGEGROUP_YEARSUNDER5:WEALTHQUINTILE_TOTL,1966-01-01,2026-09-07T16:10:12Z,high,212.021959593,,who.gho.mdg-0000000007,raw/who.gho.mdg-0000000007/2026/09/20260907T161012Z-af10f639113a.json.gz,2
who.gho.mdg-0000000007,MDG_0000000007:LSO:SEX_MLE:AGEGROUP_YEARSUNDER5:WEALTHQUINTILE_TOTL,1966-01-01,2026-09-07T16:10:12Z,low,177.435518072,,who.gho.mdg-0000000007,raw/who.gho.mdg-0000000007/2026/09/20260907T161012Z-af10f639113a.json.gz,2
who.gho.mdg-0000000007,MDG_0000000007:LSO:SEX_MLE:AGEGROUP_YEARSUNDER5:WEALTHQUINTILE_TOTL,1966-01-01,2026-09-07T16:10:12Z,restated_at,2026-08-05,,who.gho.mdg-0000000007,raw/who.gho.mdg-0000000007/2026/09/20260907T161012Z-af10f639113a.json.gz,2
who.gho.mdg-0000000007,MDG_0000000007:LSO:SEX_MLE:AGEGROUP_YEARSUNDER5:WEALTHQUINTILE_TOTL,1966-01-01,2026-09-07T16:10:12Z,value,194.00379291,,who.gho.mdg-0000000007,raw/who.gho.mdg-0000000007/2026/09/20260907T161012Z-af10f639113a.json.gz,2
who.gho.mdg-0000000007,MDG_0000000007:LTU:SEX_BTSX:AGEGROUP_YEARSUNDER5:WEALTHQUINTILE_TOTL,1966-01-01,2026-09-07T16:04:56Z,high,31.2438286,,who.gho.mdg-0000000007,raw/who.gho.mdg-0000000007/2026/09/20260907T160456Z-9369d1ec1a28.json.gz,2
who.gho.mdg-0000000007,MDG_0000000007:LTU:SEX_BTSX:AGEGROUP_YEARSUNDER5:WEALTHQUINTILE_TOTL,1966-01-01,2026-09-07T16:04:56Z,low,27.643156222,,who.gho.mdg-0000000007,raw/who.gho.mdg-0000000007/2026/09/20260907T160456Z-9369d1ec1a28.json.gz,2
who.gho.mdg-0000000007,MDG_0000000007:LTU:SEX_BTSX:AGEGROUP_YEARSUNDER5:WEALTHQUINTILE_TOTL,1966-01-01,2026-09-07T16:04:56Z,restated_at,2026-08-05,,who.gho.mdg-0000000007,raw/who.gho.mdg-0000000007/2026/09/20260907T160456Z-9369d1ec1a28.json.gz,2
who.gho.mdg-0000000007,MDG_0000000007:LTU:SEX_BTSX:AGEGROUP_YEARSUNDER5:WEALTHQUINTILE_TOTL,1966-01-01,2026-09-07T16:04:56Z,value,29.419957473,,who.gho.mdg-0000000007,raw/who.gho.mdg-0000000007/2026/09/20260907T160456Z-9369d1ec1a28.json.gz,2
who.gho.mdg-0000000007,MDG_0000000007:LTU:SEX_FMLE:AGEGROUP_YEARSUNDER5:WEALTHQUINTILE_TOTL,1966-01-01,2026-09-07T16:04:56Z,high,27.410879859,,who.gho.mdg-0000000007,raw/who.gho.mdg-0000000007/2026/09/20260907T160456Z-9369d1ec1a28.json.gz,2
who.gho.mdg-0000000007,MDG_0000000007:LTU:SEX_FMLE:AGEGROUP_YEARSUNDER5:WEALTHQUINTILE_TOTL,1966-01-01,2026-09-07T16:04:56Z,low,24.022236548,,who.gho.mdg-0000000007,raw/who.gho.mdg-0000000007/2026/09/20260907T160456Z-9369d1ec1a28.json.gz,2
who.gho.mdg-0000000007,MDG_0000000007:LTU:SEX_FMLE:AGEGROUP_YEARSUNDER5:WEALTHQUINTILE_TOTL,1966-01-01,2026-09-07T16:04:56Z,restated_at,2026-08-05,,who.gho.mdg-0000000007,raw/who.gho.mdg-0000000007/2026/09/20260907T160456Z-9369d1ec1a28.json.gz,2
who.gho.mdg-0000000007,MDG_0000000007:LTU:SEX_FMLE:AGEGROUP_YEARSUNDER5:WEALTHQUINTILE_TOTL,1966-01-01,2026-09-07T16:04:56Z,value,25.714100397,,who.gho.mdg-0000000007,raw/who.gho.mdg-0000000007/2026/09/20260907T160456Z-9369d1ec1a28.json.gz,2
who.gho.mdg-0000000007,MDG_0000000007:LTU:SEX_MLE:AGEGROUP_YEARSUNDER5:WEALTHQUINTILE_TOTL,1966-01-01,2026-09-07T16:04:56Z,high,35.083219839,,who.gho.mdg-0000000007,raw/who.gho.mdg-0000000007/2026/09/20260907T160456Z-9369d1ec1a28.json.gz,2
who.gho.mdg-0000000007,MDG_0000000007:LTU:SEX_MLE:AGEGROUP_YEARSUNDER5:WEALTHQUINTILE_TOTL,1966-01-01,2026-09-07T16:04:56Z,low,30.843448504,,who.gho.mdg-0000000007,raw/who.gho.mdg-0000000007/2026/09/20260907T160456Z-9369d1ec1a28.json.gz,2
who.gho.mdg-0000000007,MDG_0000000007:LTU:SEX_MLE:AGEGROUP_YEARSUNDER5:WEALTHQUINTILE_TOTL,1966-01-01,2026-09-07T16:04:56Z,restated_at,2026-08-05,,who.gho.mdg-0000000007,raw/who.gho.mdg-0000000007/2026/09/20260907T160456Z-9369d1ec1a28.json.gz,2
who.gho.mdg-0000000007,MDG_0000000007:LTU:SEX_MLE:AGEGROUP_YEARSUNDER5:WEALTHQUINTILE_TOTL,1966-01-01,2026-09-07T16:04:56Z,value,32.936676661,,who.gho.mdg-0000000007,raw/who.gho.mdg-0000000007/2026/09/20260907T160456Z-9369d1ec1a28.json.gz,2
who.gho.mdg-0000000007,MDG_0000000007:LUX:SEX_BTSX:AGEGROUP_YEARSUNDER5:WEALTHQUINTILE_TOTL,1966-01-01,2026-09-07T16:05:26Z,high,29.177045883,,who.gho.mdg-0000000007,raw/who.gho.mdg-0000000007/2026/09/20260907T160526Z-1363df2b3da0.json.gz,2
who.gho.mdg-0000000007,MDG_0000000007:LUX:SEX_BTSX:AGEGROUP_YEARSUNDER5:WEALTHQUINTILE_TOTL,1966-01-01,2026-09-07T16:05:26Z,low,25.862933263,,who.gho.mdg-0000000007,raw/who.gho.mdg-0000000007/2026/09/20260907T160526Z-1363df2b3da0.json.gz,2
who.gho.mdg-0000000007,MDG_0000000007:LUX:SEX_BTSX:AGEGROUP_YEARSUNDER5:WEALTHQUINTILE_TOTL,1966-01-01,2026-09-07T16:05:26Z,restated_at,2026-08-05,,who.gho.mdg-0000000007,raw/who.gho.mdg-0000000007/2026/09/20260907T160526Z-1363df2b3da0.json.gz,2
who.gho.mdg-0000000007,MDG_0000000007:LUX:SEX_BTSX:AGEGROUP_YEARSUNDER5:WEALTHQUINTILE_TOTL,1966-01-01,2026-09-07T16:05:26Z,value,27.462461085,,who.gho.mdg-0000000007,raw/who.gho.mdg-0000000007/2026/09/20260907T160526Z-1363df2b3da0.json.gz,2
who.gho.mdg-0000000007,MDG_0000000007:LUX:SEX_FMLE:AGEGROUP_YEARSUNDER5:WEALTHQUINTILE_TOTL,1966-01-01,2026-09-07T16:10:37Z,high,25.490399091,,who.gho.mdg-0000000007,raw/who.gho.mdg-0000000007/2026/09/20260907T161037Z-dfd3d6a5a745.json.gz,2
who.gho.mdg-0000000007,MDG_0000000007:LUX:SEX_FMLE:AGEGROUP_YEARSUNDER5:WEALTHQUINTILE_TOTL,1966-01-01,2026-09-07T16:10:37Z,low,22.211137037,,who.gho.mdg-0000000007,raw/who.gho.mdg-0000000007/2026/09/20260907T161037Z-dfd3d6a5a745.json.gz,2
who.gho.mdg-0000000007,MDG_0000000007:LUX:SEX_FMLE:AGEGROUP_YEARSUNDER5:WEALTHQUINTILE_TOTL,1966-01-01,2026-09-07T16:10:37Z,restated_at,2026-08-05,,who.gho.mdg-0000000007,raw/who.gho.mdg-0000000007/2026/09/20260907T161037Z-dfd3d6a5a745.json.gz,2
who.gho.mdg-0000000007,MDG_0000000007:LUX:SEX_FMLE:AGEGROUP_YEARSUNDER5:WEALTHQUINTILE_TOTL,1966-01-01,2026-09-07T16:10:37Z,value,23.802108116,,who.gho.mdg-0000000007,raw/who.gho.mdg-0000000007/2026/09/20260907T161037Z-dfd3d6a5a745.json.gz,2
who.gho.mdg-0000000007,MDG_0000000007:LUX:SEX_MLE:AGEGROUP_YEARSUNDER5:WEALTHQUINTILE_TOTL,1966-01-01,2026-09-07T16:06:34Z,high,33.055146346,,who.gho.mdg-0000000007,raw/who.gho.mdg-0000000007/2026/09/20260907T160634Z-2774fa4e213c.json.gz,2
who.gho.mdg-0000000007,MDG_0000000007:LUX:SEX_MLE:AGEGROUP_YEARSUNDER5:WEALTHQUINTILE_TOTL,1966-01-01,2026-09-07T16:06:34Z,low,28.977649486,,who.gho.mdg-0000000007,raw/who.gho.mdg-0000000007/2026/09/20260907T160634Z-2774fa4e213c.json.gz,2
who.gho.mdg-0000000007,MDG_0000000007:LUX:SEX_MLE:AGEGROUP_YEARSUNDER5:WEALTHQUINTILE_TOTL,1966-01-01,2026-09-07T16:06:34Z,restated_at,2026-08-05,,who.gho.mdg-0000000007,raw/who.gho.mdg-0000000007/2026/09/20260907T160634Z-2774fa4e213c.json.gz,2
who.gho.mdg-0000000007,MDG_0000000007:LUX:SEX_MLE:AGEGROUP_YEARSUNDER5:WEALTHQUINTILE_TOTL,1966-01-01,2026-09-07T16:06:34Z,value,30.93809972,,who.gho.mdg-0000000007,raw/who.gho.mdg-0000000007/2026/09/20260907T160634Z-2774fa4e213c.json.gz,2
who.gho.mdg-0000000007,MDG_0000000007:LVA:SEX_BTSX:AGEGROUP_YEARSUNDER5:WEALTHQUINTILE_TOTL,1966-01-01,2026-09-07T16:04:56Z,high,25.727428748,,who.gho.mdg-0000000007,raw/who.gho.mdg-0000000007/2026/09/20260907T160456Z-9369d1ec1a28.json.gz,2
who.gho.mdg-0000000007,MDG_0000000007:LVA:SEX_BTSX:AGEGROUP_YEARSUNDER5:WEALTHQUINTILE_TOTL,1966-01-01,2026-09-07T16:04:56Z,low,22.429594568,,who.gho.mdg-0000000007,raw/who.gho.mdg-0000000007/2026/09/20260907T160456Z-9369d1ec1a28.json.gz,2
who.gho.mdg-0000000007,MDG_0000000007:LVA:SEX_BTSX:AGEGROUP_YEARSUNDER5:WEALTHQUINTILE_TOTL,1966-01-01,2026-09-07T16:04:56Z,restated_at,2026-08-05,,who.gho.mdg-0000000007,raw/who.gho.mdg-0000000007/2026/09/20260907T160456Z-9369d1ec1a28.json.gz,2
who.gho.mdg-0000000007,MDG_0000000007:LVA:SEX_BTSX:AGEGROUP_YEARSUNDER5:WEALTHQUINTILE_TOTL,1966-01-01,2026-09-07T16:04:56Z,value,24.030391045,,who.gho.mdg-0000000007,raw/who.gho.mdg-0000000007/2026/09/20260907T160456Z-9369d1ec1a28.json.gz,2
who.gho.mdg-0000000007,MDG_0000000007:LVA:SEX_FMLE:AGEGROUP_YEARSUNDER5:WEALTHQUINTILE_TOTL,1966-01-01,2026-09-07T16:04:56Z,high,22.5910791,,who.gho.mdg-0000000007,raw/who.gho.mdg-0000000007/2026/09/20260907T160456Z-9369d1ec1a28.json.gz,2
who.gho.mdg-0000000007,MDG_0000000007:LVA:SEX_FMLE:AGEGROUP_YEARSUNDER5:WEALTHQUINTILE_TOTL,1966-01-01,2026-09-07T16:04:56Z,low,19.256733428,,who.gho.mdg-0000000007,raw/who.gho.mdg-0000000007/2026/09/20260907T160456Z-9369d1ec1a28.json.gz,2
who.gho.mdg-0000000007,MDG_0000000007:LVA:SEX_FMLE:AGEGROUP_YEARSUNDER5:WEALTHQUINTILE_TOTL,1966-01-01,2026-09-07T16:04:56Z,restated_at,2026-08-05,,who.gho.mdg-0000000007,raw/who.gho.mdg-0000000007/2026/09/20260907T160456Z-9369d1ec1a28.json.gz,2
who.gho.mdg-0000000007,MDG_0000000007:LVA:SEX_FMLE:AGEGROUP_YEARSUNDER5:WEALTHQUINTILE_TOTL,1966-01-01,2026-09-07T16:04:56Z,value,20.870391328,,who.gho.mdg-0000000007,raw/who.gho.mdg-0000000007/2026/09/20260907T160456Z-9369d1ec1a28.json.gz,2
who.gho.mdg-0000000007,MDG_0000000007:LVA:SEX_MLE:AGEGROUP_YEARSUNDER5:WEALTHQUINTILE_TOTL,1966-01-01,2026-09-07T16:04:56Z,high,29.156406037,,who.gho.mdg-0000000007,raw/who.gho.mdg-0000000007/2026/09/20260907T160456Z-9369d1ec1a28.json.gz,2
who.gho.mdg-0000000007,MDG_0000000007:LVA:SEX_MLE:AGEGROUP_YEARSUNDER5:WEALTHQUINTILE_TOTL,1966-01-01,2026-09-07T16:04:56Z,low,25.054180945,,who.gho.mdg-0000000007,raw/who.gho.mdg-0000000007/2026/09/20260907T160456Z-9369d1ec1a28.json.gz,2
who.gho.mdg-0000000007,MDG_0000000007:LVA:SEX_MLE:AGEGROUP_YEARSUNDER5:WEALTHQUINTILE_TOTL,1966-01-01,2026-09-07T16:04:56Z,restated_at,2026-08-05,,who.gho.mdg-0000000007,raw/who.gho.mdg-0000000007/2026/09/20260907T160456Z-9369d1ec1a28.json.gz,2
who.gho.mdg-0000000007,MDG_0000000007:LVA:SEX_MLE:AGEGROUP_YEARSUNDER5:WEALTHQUINTILE_TOTL,1966-01-01,2026-09-07T16:04:56Z,value,27.029997629,,who.gho.mdg-0000000007,raw/who.gho.mdg-0000000007/2026/09/20260907T160456Z-9369d1ec1a28.json.gz,2
who.gho.mdg-0000000007,MDG_0000000007:MAR:SEX_BTSX:AGEGROUP_YEARSUNDER5:WEALTHQUINTILE_TOTL,1966-01-01,2026-09-07T16:09:34Z,high,231.769310017,,who.gho.mdg-0000000007,raw/who.gho.mdg-0000000007/2026/09/20260907T160934Z-f7f0902b1194.json.gz,2
who.gho.mdg-0000000007,MDG_0000000007:MAR:SEX_BTSX:AGEGROUP_YEARSUNDER5:WEALTHQUINTILE_TOTL,1966-01-01,2026-09-07T16:09:34Z,low,196.293354859,,who.gho.mdg-0000000007,raw/who.gho.mdg-0000000007/2026/09/20260907T160934Z-f7f0902b1194.json.gz,2
who.gho.mdg-0000000007,MDG_0000000007:MAR:SEX_BTSX:AGEGROUP_YEARSUNDER5:WEALTHQUINTILE_TOTL,1966-01-01,2026-09-07T16:09:34Z,restated_at,2026-08-05,,who.gho.mdg-0000000007,raw/who.gho.mdg-0000000007/2026/09/20260907T160934Z-f7f0902b1194.json.gz,2
who.gho.mdg-0000000007,MDG_0000000007:MAR:SEX_BTSX:AGEGROUP_YEARSUNDER5:WEALTHQUINTILE_TOTL,1966-01-01,2026-09-07T16:09:34Z,value,213.01426051,,who.gho.mdg-0000000007,raw/who.gho.mdg-0000000007/2026/09/20260907T160934Z-f7f0902b1194.json.gz,2
who.gho.mdg-0000000007,MDG_0000000007:MAR:SEX_FMLE:AGEGROUP_YEARSUNDER5:WEALTHQUINTILE_TOTL,1966-01-01,2026-09-07T16:05:48Z,high,225.946011814,,who.gho.mdg-0000000007,raw/who.gho.mdg-0000000007/2026/09/20260907T160548Z-1609a76f5ecc.json.gz,2
who.gho.mdg-0000000007,MDG_0000000007:MAR:SEX_FMLE:AGEGROUP_YEARSUNDER5:WEALTHQUINTILE_TOTL,1966-01-01,2026-09-07T16:05:48Z,low,189.955018732,,who.gho.mdg-0000000007,raw/who.gho.mdg-0000000007/2026/09/20260907T160548Z-1609a76f5ecc.json.gz,2
who.gho.mdg-0000000007,MDG_0000000007:MAR:SEX_FMLE:AGEGROUP_YEARSUNDER5:WEALTHQUINTILE_TOTL,1966-01-01,2026-09-07T16:05:48Z,restated_at,2026-08-05,,who.gho.mdg-0000000007,raw/who.gho.mdg-0000000007/2026/09/20260907T160548Z-1609a76f5ecc.json.gz,2
who.gho.mdg-0000000007,MDG_0000000007:MAR:SEX_FMLE:AGEGROUP_YEARSUNDER5:WEALTHQUINTILE_TOTL,1966-01-01,2026-09-07T16:05:48Z,value,206.922167094,,who.gho.mdg-0000000007,raw/who.gho.mdg-0000000007/2026/09/20260907T160548Z-1609a76f5ecc.json.gz,2
who.gho.mdg-0000000007,MDG_0000000007:MAR:SEX_MLE:AGEGROUP_YEARSUNDER5:WEALTHQUINTILE_TOTL,1966-01-01,2026-09-07T16:10:03Z,high,238.847068244,,who.gho.mdg-0000000007,raw/who.gho.mdg-0000000007/2026/09/20260907T161003Z-9bcc9b7e7da4.json.gz,2
who.gho.mdg-0000000007,MDG_0000000007:MAR:SEX_MLE:AGEGROUP_YEARSUNDER5:WEALTHQUINTILE_TOTL,1966-01-01,2026-09-07T16:10:03Z,low,200.865716788,,who.gho.mdg-0000000007,raw/who.gho.mdg-0000000007/2026/09/20260907T161003Z-9bcc9b7e7da4.json.gz,2
who.gho.mdg-0000000007,MDG_0000000007:MAR:SEX_MLE:AGEGROUP_YEARSUNDER5:WEALTHQUINTILE_TOTL,1966-01-01,2026-09-07T16:10:03Z,restated_at,2026-08-05,,who.gho.mdg-0000000007,raw/who.gho.mdg-0000000007/2026/09/20260907T161003Z-9bcc9b7e7da4.json.gz,2
who.gho.mdg-0000000007,MDG_0000000007:MAR:SEX_MLE:AGEGROUP_YEARSUNDER5:WEALTHQUINTILE_TOTL,1966-01-01,2026-09-07T16:10:03Z,value,218.827861622,,who.gho.mdg-0000000007,raw/who.gho.mdg-0000000007/2026/09/20260907T161003Z-9bcc9b7e7da4.json.gz,2
who.gho.mdg-0000000007,MDG_0000000007:MDV:SEX_BTSX:AGEGROUP_YEARSUNDER5:WEALTHQUINTILE_TOTL,1966-01-01,2026-09-07T16:09:03Z,high,363.081033706,,who.gho.mdg-0000000007,raw/who.gho.mdg-0000000007/2026/09/20260907T160903Z-df09845b881e.json.gz,2
who.gho.mdg-0000000007,MDG_0000000007:MDV:SEX_BTSX:AGEGROUP_YEARSUNDER5:WEALTHQUINTILE_TOTL,1966-01-01,2026-09-07T16:09:03Z,low,242.502484792,,who.gho.mdg-0000000007,raw/who.gho.mdg-0000000007/2026/09/20260907T160903Z-df09845b881e.json.gz,2
who.gho.mdg-0000000007,MDG_0000000007:MDV:SEX_BTSX:AGEGROUP_YEARSUNDER5:WEALTHQUINTILE_TOTL,1966-01-01,2026-09-07T16:09:03Z,restated_at,2026-08-05,,who.gho.mdg-0000000007,raw/who.gho.mdg-0000000007/2026/09/20260907T160903Z-df09845b881e.json.gz,2
who.gho.mdg-0000000007,MDG_0000000007:MDV:SEX_BTSX:AGEGROUP_YEARSUNDER5:WEALTHQUINTILE_TOTL,1966-01-01,2026-09-07T16:09:03Z,value,297.445595306,,who.gho.mdg-0000000007,raw/who.gho.mdg-0000000007/2026/09/20260907T160903Z-df09845b881e.json.gz,2
who.gho.mdg-0000000007,MDG_0000000007:MDV:SEX_FMLE:AGEGROUP_YEARSUNDER5:WEALTHQUINTILE_TOTL,1966-01-01,2026-09-07T16:06:11Z,high,347.930697556,,who.gho.mdg-0000000007,raw/who.gho.mdg-0000000007/2026/09/20260907T160611Z-e868f3030ca5.json.gz,2
who.gho.mdg-0000000007,MDG_0000000007:MDV:SEX_FMLE:AGEGROUP_YEARSUNDER5:WEALTHQUINTILE_TOTL,1966-01-01,2026-09-07T16:06:11Z,low,230.971940179,,who.gho.mdg-0000000007,raw/who.gho.mdg-0000000007/2026/09/20260907T160611Z-e868f3030ca5.json.gz,2
who.gho.mdg-0000000007,MDG_0000000007:MDV:SEX_FMLE:AGEGROUP_YEARSUNDER5:WEALTHQUINTILE_TOTL,1966-01-01,2026-09-07T16:06:11Z,restated_at,2026-08-05,,who.gho.mdg-0000000007,raw/who.gho.mdg-0000000007/2026/09/20260907T160611Z-e868f3030ca5.json.gz,2
who.gho.mdg-0000000007,MDG_0000000007:MDV:SEX_FMLE:AGEGROUP_YEARSUNDER5:WEALTHQUINTILE_TOTL,1966-01-01,2026-09-07T16:06:11Z,value,283.703170669,,who.gho.mdg-0000000007,raw/who.gho.mdg-0000000007/2026/09/20260907T160611Z-e868f3030ca5.json.gz,2
who.gho.mdg-0000000007,MDG_0000000007:MDV:SEX_MLE:AGEGROUP_YEARSUNDER5:WEALTHQUINTILE_TOTL,1966-01-01,2026-09-07T16:08:45Z,high,379.898038059,,who.gho.mdg-0000000007,raw/who.gho.mdg-0000000007/2026/09/20260907T160845Z-9b23f1f1b45b.json.gz,2
who.gho.mdg-0000000007,MDG_0000000007:MDV:SEX_MLE:AGEGROUP_YEARSUNDER5:WEALTHQUINTILE_TOTL,1966-01-01,2026-09-07T16:08:45Z,low,253.153995603,,who.gho.mdg-0000000007,raw/who.gho.mdg-0000000007/2026/09/20260907T160845Z-9b23f1f1b45b.json.gz,2
who.gho.mdg-0000000007,MDG_0000000007:MDV:SEX_MLE:AGEGROUP_YEARSUNDER5:WEALTHQUINTILE_TOTL,1966-01-01,2026-09-07T16:08:45Z,restated_at,2026-08-05,,who.gho.mdg-0000000007,raw/who.gho.mdg-0000000007/2026/09/20260907T160845Z-9b23f1f1b45b.json.gz,2
who.gho.mdg-0000000007,MDG_0000000007:MDV:SEX_MLE:AGEGROUP_YEARSUNDER5:WEALTHQUINTILE_TOTL,1966-01-01,2026-09-07T16:08:45Z,value,310.323766505,,who.gho.mdg-0000000007,raw/who.gho.mdg-0000000007/2026/09/20260907T160845Z-9b23f1f1b45b.json.gz,2
who.gho.mdg-0000000007,MDG_0000000007:MEX:SEX_BTSX:AGEGROUP_YEARSUNDER5:WEALTHQUINTILE_TOTL,1966-01-01,2026-09-07T16:09:51Z,high,134.816171982,,who.gho.mdg-0000000007,raw/who.gho.mdg-0000000007/2026/09/20260907T160951Z-f1aadb832125.json.gz,2
who.gho.mdg-0000000007,MDG_0000000007:MEX:SEX_BTSX:AGEGROUP_YEARSUNDER5:WEALTHQUINTILE_TOTL,1966-01-01,2026-09-07T16:09:51Z,low,111.908035817,,who.gho.mdg-0000000007,raw/who.gho.mdg-0000000007/2026/09/20260907T160951Z-f1aadb832125.json.gz,2
who.gho.mdg-0000000007,MDG_0000000007:MEX:SEX_BTSX:AGEGROUP_YEARSUNDER5:WEALTHQUINTILE_TOTL,1966-01-01,2026-09-07T16:09:51Z,restated_at,2026-08-05,,who.gho.mdg-0000000007,raw/who.gho.mdg-0000000007/2026/09/20260907T160951Z-f1aadb832125.json.gz,2
who.gho.mdg-0000000007,MDG_0000000007:MEX:SEX_BTSX:AGEGROUP_YEARSUNDER5:WEALTHQUINTILE_TOTL,1966-01-01,2026-09-07T16:09:51Z,value,122.767514444,,who.gho.mdg-0000000007,raw/who.gho.mdg-0000000007/2026/09/20260907T160951Z-f1aadb832125.json.gz,2
who.gho.mdg-0000000007,MDG_0000000007:MEX:SEX_FMLE:AGEGROUP_YEARSUNDER5:WEALTHQUINTILE_TOTL,1966-01-01,2026-09-07T16:09:13Z,high,128.192510495,,who.gho.mdg-0000000007,raw/who.gho.mdg-0000000007/2026/09/20260907T160913Z-86e8fac132bd.json.gz,2
who.gho.mdg-0000000007,MDG_0000000007:MEX:SEX_FMLE:AGEGROUP_YEARSUNDER5:WEALTHQUINTILE_TOTL,1966-01-01,2026-09-07T16:09:13Z,low,104.996617805,,who.gho.mdg-0000000007,raw/who.gho.mdg-0000000007/2026/09/20260907T160913Z-86e8fac132bd.json.gz,2
who.gho.mdg-0000000007,MDG_0000000007:MEX:SEX_FMLE:AGEGROUP_YEARSUNDER5:WEALTHQUINTILE_TOTL,1966-01-01,2026-09-07T16:09:13Z,restated_at,2026-08-05,,who.gho.mdg-0000000007,raw/who.gho.mdg-0000000007/2026/09/20260907T160913Z-86e8fac132bd.json.gz,2
who.gho.mdg-0000000007,MDG_0000000007:MEX:SEX_FMLE:AGEGROUP_YEARSUNDER5:WEALTHQUINTILE_TOTL,1966-01-01,2026-09-07T16:09:13Z,value,116.034889973,,who.gho.mdg-0000000007,raw/who.gho.mdg-0000000007/2026/09/20260907T160913Z-86e8fac132bd.json.gz,2
who.gho.mdg-0000000007,MDG_0000000007:MEX:SEX_MLE:AGEGROUP_YEARSUNDER5:WEALTHQUINTILE_TOTL,1966-01-01,2026-09-07T16:09:13Z,high,142.467115506,,who.gho.mdg-0000000007,raw/who.gho.mdg-0000000007/2026/09/20260907T160913Z-86e8fac132bd.json.gz,2
who.gho.mdg-0000000007,MDG_0000000007:MEX:SEX_MLE:AGEGROUP_YEARSUNDER5:WEALTHQUINTILE_TOTL,1966-01-01,2026-09-07T16:09:13Z,low,117.275548043,,who.gho.mdg-0000000007,raw/who.gho.mdg-0000000007/2026/09/20260907T160913Z-86e8fac132bd.json.gz,2
who.gho.mdg-0000000007,MDG_0000000007:MEX:SEX_MLE:AGEGROUP_YEARSUNDER5:WEALTHQUINTILE_TOTL,1966-01-01,2026-09-07T16:09:13Z,restated_at,2026-08-05,,who.gho.mdg-0000000007,raw/who.gho.mdg-0000000007/2026/09/20260907T160913Z-86e8fac132bd.json.gz,2
who.gho.mdg-0000000007,MDG_0000000007:MEX:SEX_MLE:AGEGROUP_YEARSUNDER5:WEALTHQUINTILE_TOTL,1966-01-01,2026-09-07T16:09:13Z,value,129.149392012,,who.gho.mdg-0000000007,raw/who.gho.mdg-0000000007/2026/09/20260907T160913Z-86e8fac132bd.json.gz,2
who.gho.mdg-0000000007,MDG_0000000007:MHL:SEX_BTSX:AGEGROUP_YEARSUNDER5:WEALTHQUINTILE_TOTL,1966-01-01,2026-09-07T16:05:22Z,high,105.187837969,,who.gho.mdg-0000000007,raw/who.gho.mdg-0000000007/2026/09/20260907T160522Z-2bd49e664eea.json.gz,2
who.gho.mdg-0000000007,MDG_0000000007:MHL:SEX_BTSX:AGEGROUP_YEARSUNDER5:WEALTHQUINTILE_TOTL,1966-01-01,2026-09-07T16:05:22Z,low,80.553925788,,who.gho.mdg-0000000007,raw/who.gho.mdg-0000000007/2026/09/20260907T160522Z-2bd49e664eea.json.gz,2
who.gho.mdg-0000000007,MDG_0000000007:MHL:SEX_BTSX:AGEGROUP_YEARSUNDER5:WEALTHQUINTILE_TOTL,1966-01-01,2026-09-07T16:05:22Z,restated_at,2026-08-05,,who.gho.mdg-0000000007,raw/who.gho.mdg-0000000007/2026/09/20260907T160522Z-2bd49e664eea.json.gz,2
who.gho.mdg-0000000007,MDG_0000000007:MHL:SEX_BTSX:AGEGROUP_YEARSUNDER5:WEALTHQUINTILE_TOTL,1966-01-01,2026-09-07T16:05:22Z,value,92.18318101,,who.gho.mdg-0000000007,raw/who.gho.mdg-0000000007/2026/09/20260907T160522Z-2bd49e664eea.json.gz,2
who.gho.mdg-0000000007,MDG_0000000007:MHL:SEX_FMLE:AGEGROUP_YEARSUNDER5:WEALTHQUINTILE_TOTL,1966-01-01,2026-09-07T16:10:49Z,high,99.203092933,,who.gho.mdg-0000000007,raw/who.gho.mdg-0000000007/2026/09/20260907T161049Z-6866f52a9543.json.gz,2
who.gho.mdg-0000000007,MDG_0000000007:MHL:SEX_FMLE:AGEGROUP_YEARSUNDER5:WEALTHQUINTILE_TOTL,1966-01-01,2026-09-07T16:10:49Z,low,74.686916984,,who.gho.mdg-0000000007,raw/who.gho.mdg-0000000007/2026/09/20260907T161049Z-6866f52a9543.json.gz,2
who.gho.mdg-0000000007,MDG_0000000007:MHL:SEX_FMLE:AGEGROUP_YEARSUNDER5:WEALTHQUINTILE_TOTL,1966-01-01,2026-09-07T16:10:49Z,restated_at,2026-08-05,,who.gho.mdg-0000000007,raw/who.gho.mdg-0000000007/2026/09/20260907T161049Z-6866f52a9543.json.gz,2
who.gho.mdg-0000000007,MDG_0000000007:MHL:SEX_FMLE:AGEGROUP_YEARSUNDER5:WEALTHQUINTILE_TOTL,1966-01-01,2026-09-07T16:10:49Z,value,86.048730676,,who.gho.mdg-0000000007,raw/who.gho.mdg-0000000007/2026/09/20260907T161049Z-6866f52a9543.json.gz,2
who.gho.mdg-0000000007,MDG_0000000007:MHL:SEX_MLE:AGEGROUP_YEARSUNDER5:WEALTHQUINTILE_TOTL,1966-01-01,2026-09-07T16:10:30Z,high,112.206040164,,who.gho.mdg-0000000007,raw/who.gho.mdg-0000000007/2026/09/20260907T161030Z-d2101d8df79b.json.gz,2
who.gho.mdg-0000000007,MDG_0000000007:MHL:SEX_MLE:AGEGROUP_YEARSUNDER5:WEALTHQUINTILE_TOTL,1966-01-01,2026-09-07T16:10:30Z,low,85.18105358,,who.gho.mdg-0000000007,raw/who.gho.mdg-0000000007/2026/09/20260907T161030Z-d2101d8df79b.json.gz,2
who.gho.mdg-0000000007,MDG_0000000007:MHL:SEX_MLE:AGEGROUP_YEARSUNDER5:WEALTHQUINTILE_TOTL,1966-01-01,2026-09-07T16:10:30Z,restated_at,2026-08-05,,who.gho.mdg-0000000007,raw/who.gho.mdg-0000000007/2026/09/20260907T161030Z-d2101d8df79b.json.gz,2
who.gho.mdg-0000000007,MDG_0000000007:MHL:SEX_MLE:AGEGROUP_YEARSUNDER5:WEALTHQUINTILE_TOTL,1966-01-01,2026-09-07T16:10:30Z,value,98.019494025,,who.gho.mdg-0000000007,raw/who.gho.mdg-0000000007/2026/09/20260907T161030Z-d2101d8df79b.json.gz,2
who.gho.mdg-0000000007,MDG_0000000007:MLI:SEX_BTSX:AGEGROUP_YEARSUNDER5:WEALTHQUINTILE_TOTL,1966-01-01,2026-09-07T16:05:35Z,high,466.309699545,,who.gho.mdg-0000000007,raw/who.gho.mdg-0000000007/2026/09/20260907T160535Z-bcafb05f6fe8.json.gz,2
who.gho.mdg-0000000007,MDG_0000000007:MLI:SEX_BTSX:AGEGROUP_YEARSUNDER5:WEALTHQUINTILE_TOTL,1966-01-01,2026-09-07T16:05:35Z,low,361.243430745,,who.gho.mdg-0000000007,raw/who.gho.mdg-0000000007/2026/09/20260907T160535Z-bcafb05f6fe8.json.gz,2
who.gho.mdg-0000000007,MDG_0000000007:MLI:SEX_BTSX:AGEGROUP_YEARSUNDER5:WEALTHQUINTILE_TOTL,1966-01-01,2026-09-07T16:05:35Z,restated_at,2026-08-05,,who.gho.mdg-0000000007,raw/who.gho.mdg-0000000007/2026/09/20260907T160535Z-bcafb05f6fe8.json.gz,2
who.gho.mdg-0000000007,MDG_0000000007:MLI:SEX_BTSX:AGEGROUP_YEARSUNDER5:WEALTHQUINTILE_TOTL,1966-01-01,2026-09-07T16:05:35Z,value,411.041916236,,who.gho.mdg-0000000007,raw/who.gho.mdg-0000000007/2026/09/20260907T160535Z-bcafb05f6fe8.json.gz,2
who.gho.mdg-0000000007,MDG_0000000007:MLI:SEX_FMLE:AGEGROUP_YEARSUNDER5:WEALTHQUINTILE_TOTL,1966-01-01,2026-09-07T16:09:59Z,high,457.302924249,,who.gho.mdg-0000000007,raw/who.gho.mdg-0000000007/2026/09/20260907T160959Z-e41937f31aea.json.gz,2
who.gho.mdg-0000000007,MDG_0000000007:MLI:SEX_FMLE:AGEGROUP_YEARSUNDER5:WEALTHQUINTILE_TOTL,1966-01-01,2026-09-07T16:09:59Z,low,352.556083867,,who.gho.mdg-0000000007,raw/who.gho.mdg-0000000007/2026/09/20260907T160959Z-e41937f31aea.json.gz,2
who.gho.mdg-0000000007,MDG_0000000007:MLI:SEX_FMLE:AGEGROUP_YEARSUNDER5:WEALTHQUINTILE_TOTL,1966-01-01,2026-09-07T16:09:59Z,restated_at,2026-08-05,,who.gho.mdg-0000000007,raw/who.gho.mdg-0000000007/2026/09/20260907T160959Z-e41937f31aea.json.gz,2
who.gho.mdg-0000000007,MDG_0000000007:MLI:SEX_FMLE:AGEGROUP_YEARSUNDER5:WEALTHQUINTILE_TOTL,1966-01-01,2026-09-07T16:09:59Z,value,401.398862636,,who.gho.mdg-0000000007,raw/who.gho.mdg-0000000007/2026/09/20260907T160959Z-e41937f31aea.json.gz,2
who.gho.mdg-0000000007,MDG_0000000007:MLI:SEX_MLE:AGEGROUP_YEARSUNDER5:WEALTHQUINTILE_TOTL,1966-01-01,2026-09-07T16:05:18Z,high,477.398377835,,who.gho.mdg-0000000007,raw/who.gho.mdg-0000000007/2026/09/20260907T160518Z-f66c8acba372.json.gz,2
who.gho.mdg-0000000007,MDG_0000000007:MLI:SEX_MLE:AGEGROUP_YEARSUNDER5:WEALTHQUINTILE_TOTL,1966-01-01,2026-09-07T16:05:18Z,low,367.776657466,,who.gho.mdg-0000000007,raw/who.gho.mdg-0000000007/2026/09/20260907T160518Z-f66c8acba372.json.gz,2
who.gho.mdg-0000000007,MDG_0000000007:MLI:SEX_MLE:AGEGROUP_YEARSUNDER5:WEALTHQUINTILE_TOTL,1966-01-01,2026-09-07T16:05:18Z,restated_at,2026-08-05,,who.gho.mdg-0000000007,raw/who.gho.mdg-0000000007/2026/09/20260907T160518Z-f66c8acba372.json.gz,2
who.gho.mdg-0000000007,MDG_0000000007:MLI:SEX_MLE:AGEGROUP_YEARSUNDER5:WEALTHQUINTILE_TOTL,1966-01-01,2026-09-07T16:05:18Z,value,419.914567651,,who.gho.mdg-0000000007,raw/who.gho.mdg-0000000007/2026/09/20260907T160518Z-f66c8acba372.json.gz,2
who.gho.mdg-0000000007,MDG_0000000007:MLT:SEX_BTSX:AGEGROUP_YEARSUNDER5:WEALTHQUINTILE_TOTL,1966-01-01,2026-09-07T16:09:38Z,high,34.658679669,,who.gho.mdg-0000000007,raw/who.gho.mdg-0000000007/2026/09/20260907T160938Z-81612038db74.json.gz,2
who.gho.mdg-0000000007,MDG_0000000007:MLT:SEX_BTSX:AGEGROUP_YEARSUNDER5:WEALTHQUINTILE_TOTL,1966-01-01,2026-09-07T16:09:38Z,low,31.71796953,,who.gho.mdg-0000000007,raw/who.gho.mdg-0000000007/2026/09/20260907T160938Z-81612038db74.json.gz,2
who.gho.mdg-0000000007,MDG_0000000007:MLT:SEX_BTSX:AGEGROUP_YEARSUNDER5:WEALTHQUINTILE_TOTL,1966-01-01,2026-09-07T16:09:38Z,restated_at,2026-08-05,,who.gho.mdg-0000000007,raw/who.gho.mdg-0000000007/2026/09/20260907T160938Z-81612038db74.json.gz,2
who.gho.mdg-0000000007,MDG_0000000007:MLT:SEX_BTSX:AGEGROUP_YEARSUNDER5:WEALTHQUINTILE_TOTL,1966-01-01,2026-09-07T16:09:38Z,value,33.132990208,,who.gho.mdg-0000000007,raw/who.gho.mdg-0000000007/2026/09/20260907T160938Z-81612038db74.json.gz,2
who.gho.mdg-0000000007,MDG_0000000007:MLT:SEX_FMLE:AGEGROUP_YEARSUNDER5:WEALTHQUINTILE_TOTL,1966-01-01,2026-09-07T16:11:18Z,high,31.56074038,,who.gho.mdg-0000000007,raw/who.gho.mdg-0000000007/2026/09/20260907T161118Z-85c02b5f4e3c.json.gz,2
who.gho.mdg-0000000007,MDG_0000000007:MLT:SEX_FMLE:AGEGROUP_YEARSUNDER5:WEALTHQUINTILE_TOTL,1966-01-01,2026-09-07T16:11:18Z,low,28.409935673,,who.gho.mdg-0000000007,raw/who.gho.mdg-0000000007/2026/09/20260907T161118Z-85c02b5f4e3c.json.gz,2
who.gho.mdg-0000000007,MDG_0000000007:MLT:SEX_FMLE:AGEGROUP_YEARSUNDER5:WEALTHQUINTILE_TOTL,1966-01-01,2026-09-07T16:11:18Z,restated_at,2026-08-05,,who.gho.mdg-0000000007,raw/who.gho.mdg-0000000007/2026/09/20260907T161118Z-85c02b5f4e3c.json.gz,2
who.gho.mdg-0000000007,MDG_0000000007:MLT:SEX_FMLE:AGEGROUP_YEARSUNDER5:WEALTHQUINTILE_TOTL,1966-01-01,2026-09-07T16:11:18Z,value,29.965429752,,who.gho.mdg-0000000007,raw/who.gho.mdg-0000000007/2026/09/20260907T161118Z-85c02b5f4e3c.json.gz,2
who.gho.mdg-0000000007,MDG_0000000007:MLT:SEX_MLE:AGEGROUP_YEARSUNDER5:WEALTHQUINTILE_TOTL,1966-01-01,2026-09-07T16:08:45Z,high,38.042101376,,who.gho.mdg-0000000007,raw/who.gho.mdg-0000000007/2026/09/20260907T160845Z-9b23f1f1b45b.json.gz,2
who.gho.mdg-0000000007,MDG_0000000007:MLT:SEX_MLE:AGEGROUP_YEARSUNDER5:WEALTHQUINTILE_TOTL,1966-01-01,2026-09-07T16:08:45Z,low,34.389326059,,who.gho.mdg-0000000007,raw/who.gho.mdg-0000000007/2026/09/20260907T160845Z-9b23f1f1b45b.json.gz,2
who.gho.mdg-0000000007,MDG_0000000007:MLT:SEX_MLE:AGEGROUP_YEARSUNDER5:WEALTHQUINTILE_TOTL,1966-01-01,2026-09-07T16:08:45Z,restated_at,2026-08-05,,who.gho.mdg-0000000007,raw/who.gho.mdg-0000000007/2026/09/20260907T160845Z-9b23f1f1b45b.json.gz,2
who.gho.mdg-0000000007,MDG_0000000007:MLT:SEX_MLE:AGEGROUP_YEARSUNDER5:WEALTHQUINTILE_TOTL,1966-01-01,2026-09-07T16:08:45Z,value,36.161401914,,who.gho.mdg-0000000007,raw/who.gho.mdg-0000000007/2026/09/20260907T160845Z-9b23f1f1b45b.json.gz,2
who.gho.mdg-0000000007,MDG_0000000007:MOZ:SEX_BTSX:AGEGROUP_YEARSUNDER5:WEALTHQUINTILE_TOTL,1966-01-01,2026-09-07T16:10:53Z,high,357.029956769,,who.gho.mdg-0000000007,raw/who.gho.mdg-0000000007/2026/09/20260907T161053Z-9a5808e2a757.json.gz,2
who.gho.mdg-0000000007,MDG_0000000007:MOZ:SEX_BTSX:AGEGROUP_YEARSUNDER5:WEALTHQUINTILE_TOTL,1966-01-01,2026-09-07T16:10:53Z,low,207.499724481,,who.gho.mdg-0000000007,raw/who.gho.mdg-0000000007/2026/09/20260907T161053Z-9a5808e2a757.json.gz,2
who.gho.mdg-0000000007,MDG_0000000007:MOZ:SEX_BTSX:AGEGROUP_YEARSUNDER5:WEALTHQUINTILE_TOTL,1966-01-01,2026-09-07T16:10:53Z,restated_at,2026-08-05,,who.gho.mdg-0000000007,raw/who.gho.mdg-0000000007/2026/09/20260907T161053Z-9a5808e2a757.json.gz,2
who.gho.mdg-0000000007,MDG_0000000007:MOZ:SEX_BTSX:AGEGROUP_YEARSUNDER5:WEALTHQUINTILE_TOTL,1966-01-01,2026-09-07T16:10:53Z,value,273.255403499,,who.gho.mdg-0000000007,raw/who.gho.mdg-0000000007/2026/09/20260907T161053Z-9a5808e2a757.json.gz,2
who.gho.mdg-0000000007,MDG_0000000007:MOZ:SEX_FMLE:AGEGROUP_YEARSUNDER5:WEALTHQUINTILE_TOTL,1966-01-01,2026-09-07T16:10:58Z,high,345.215237581,,who.gho.mdg-0000000007,raw/who.gho.mdg-0000000007/2026/09/20260907T161058Z-4d8f6ed35960.json.gz,2
who.gho.mdg-0000000007,MDG_0000000007:MOZ:SEX_FMLE:AGEGROUP_YEARSUNDER5:WEALTHQUINTILE_TOTL,1966-01-01,2026-09-07T16:10:58Z,low,199.344869004,,who.gho.mdg-0000000007,raw/who.gho.mdg-0000000007/2026/09/20260907T161058Z-4d8f6ed35960.json.gz,2
who.gho.mdg-0000000007,MDG_0000000007:MOZ:SEX_FMLE:AGEGROUP_YEARSUNDER5:WEALTHQUINTILE_TOTL,1966-01-01,2026-09-07T16:10:58Z,restated_at,2026-08-05,,who.gho.mdg-0000000007,raw/who.gho.mdg-0000000007/2026/09/20260907T161058Z-4d8f6ed35960.json.gz,2
who.gho.mdg-0000000007,MDG_0000000007:MOZ:SEX_FMLE:AGEGROUP_YEARSUNDER5:WEALTHQUINTILE_TOTL,1966-01-01,2026-09-07T16:10:58Z,value,262.795999813,,who.gho.mdg-0000000007,raw/who.gho.mdg-0000000007/2026/09/20260907T161058Z-4d8f6ed35960.json.gz,2
who.gho.mdg-0000000007,MDG_0000000007:MOZ:SEX_MLE:AGEGROUP_YEARSUNDER5:WEALTHQUINTILE_TOTL,1966-01-01,2026-09-07T16:11:06Z,high,370.476254191,,who.gho.mdg-0000000007,raw/who.gho.mdg-0000000007/2026/09/20260907T161106Z-078c7101acce.json.gz,2
who.gho.mdg-0000000007,MDG_0000000007:MOZ:SEX_MLE:AGEGROUP_YEARSUNDER5:WEALTHQUINTILE_TOTL,1966-01-01,2026-09-07T16:11:06Z,low,214.117222871,,who.gho.mdg-0000000007,raw/who.gho.mdg-0000000007/2026/09/20260907T161106Z-078c7101acce.json.gz,2
who.gho.mdg-0000000007,MDG_0000000007:MOZ:SEX_MLE:AGEGROUP_YEARSUNDER5:WEALTHQUINTILE_TOTL,1966-01-01,2026-09-07T16:11:06Z,restated_at,2026-08-05,,who.gho.mdg-0000000007,raw/who.gho.mdg-0000000007/2026/09/20260907T161106Z-078c7101acce.json.gz,2
who.gho.mdg-0000000007,MDG_0000000007:MOZ:SEX_MLE:AGEGROUP_YEARSUNDER5:WEALTHQUINTILE_TOTL,1966-01-01,2026-09-07T16:11:06Z,value,282.675508405,,who.gho.mdg-0000000007,raw/who.gho.mdg-0000000007/2026/09/20260907T161106Z-078c7101acce.json.gz,2
who.gho.mdg-0000000007,MDG_0000000007:MRT:SEX_BTSX:AGEGROUP_YEARSUNDER5:WEALTHQUINTILE_TOTL,1966-01-01,2026-09-07T16:04:52Z,high,242.778582001,,who.gho.mdg-0000000007,raw/who.gho.mdg-0000000007/2026/09/20260907T160452Z-cad637d9cec2.json.gz,2
who.gho.mdg-0000000007,MDG_0000000007:MRT:SEX_BTSX:AGEGROUP_YEARSUNDER5:WEALTHQUINTILE_TOTL,1966-01-01,2026-09-07T16:04:52Z,low,193.660429874,,who.gho.mdg-0000000007,raw/who.gho.mdg-0000000007/2026/09/20260907T160452Z-cad637d9cec2.json.gz,2
who.gho.mdg-0000000007,MDG_0000000007:MRT:SEX_BTSX:AGEGROUP_YEARSUNDER5:WEALTHQUINTILE_TOTL,1966-01-01,2026-09-07T16:04:52Z,restated_at,2026-08-05,,who.gho.mdg-0000000007,raw/who.gho.mdg-0000000007/2026/09/20260907T160452Z-cad637d9cec2.json.gz,2
who.gho.mdg-0000000007,MDG_0000000007:MRT:SEX_BTSX:AGEGROUP_YEARSUNDER5:WEALTHQUINTILE_TOTL,1966-01-01,2026-09-07T16:04:52Z,value,216.762442197,,who.gho.mdg-0000000007,raw/who.gho.mdg-0000000007/2026/09/20260907T160452Z-cad637d9cec2.json.gz,2
who.gho.mdg-0000000007,MDG_0000000007:MRT:SEX_FMLE:AGEGROUP_YEARSUNDER5:WEALTHQUINTILE_TOTL,1966-01-01,2026-09-07T16:06:16Z,high,231.275648675,,who.gho.mdg-0000000007,raw/who.gho.mdg-0000000007/2026/09/20260907T160616Z-615f6bfccb87.json.gz,2
who.gho.mdg-0000000007,MDG_0000000007:MRT:SEX_FMLE:AGEGROUP_YEARSUNDER5:WEALTHQUINTILE_TOTL,1966-01-01,2026-09-07T16:06:16Z,low,182.946093631,,who.gho.mdg-0000000007,raw/who.gho.mdg-0000000007/2026/09/20260907T160616Z-615f6bfccb87.json.gz,2
who.gho.mdg-0000000007,MDG_0000000007:MRT:SEX_FMLE:AGEGROUP_YEARSUNDER5:WEALTHQUINTILE_TOTL,1966-01-01,2026-09-07T16:06:16Z,restated_at,2026-08-05,,who.gho.mdg-0000000007,raw/who.gho.mdg-0000000007/2026/09/20260907T160616Z-615f6bfccb87.json.gz,2
who.gho.mdg-0000000007,MDG_0000000007:MRT:SEX_FMLE:AGEGROUP_YEARSUNDER5:WEALTHQUINTILE_TOTL,1966-01-01,2026-09-07T16:06:16Z,value,205.487426573,,who.gho.mdg-0000000007,raw/who.gho.mdg-0000000007/2026/09/20260907T160616Z-615f6bfccb87.json.gz,2
who.gho.mdg-0000000007,MDG_0000000007:MRT:SEX_MLE:AGEGROUP_YEARSUNDER5:WEALTHQUINTILE_TOTL,1966-01-01,2026-09-07T16:10:45Z,high,255.671487324,,who.gho.mdg-0000000007,raw/who.gho.mdg-0000000007/2026/09/20260907T161045Z-53a7d24c459b.json.gz,2
who.gho.mdg-0000000007,MDG_0000000007:MRT:SEX_MLE:AGEGROUP_YEARSUNDER5:WEALTHQUINTILE_TOTL,1966-01-01,2026-09-07T16:10:45Z,low,202.331371911,,who.gho.mdg-0000000007,raw/who.gho.mdg-0000000007/2026/09/20260907T161045Z-53a7d24c459b.json.gz,2
who.gho.mdg-0000000007,MDG_0000000007:MRT:SEX_MLE:AGEGROUP_YEARSUNDER5:WEALTHQUINTILE_TOTL,1966-01-01,2026-09-07T16:10:45Z,restated_at,2026-08-05,,who.gho.mdg-0000000007,raw/who.gho.mdg-0000000007/2026/09/20260907T161045Z-53a7d24c459b.json.gz,2
who.gho.mdg-0000000007,MDG_0000000007:MRT:SEX_MLE:AGEGROUP_YEARSUNDER5:WEALTHQUINTILE_TOTL,1966-01-01,2026-09-07T16:10:45Z,value,227.815290964,,who.gho.mdg-0000000007,raw/who.gho.mdg-0000000007/2026/09/20260907T161045Z-53a7d24c459b.json.gz,2
who.gho.mdg-0000000007,MDG_0000000007:MSR:SEX_BTSX:AGEGROUP_YEARSUNDER5:WEALTHQUINTILE_TOTL,1966-01-01,2026-09-07T16:06:07Z,high,82.575269417,,who.gho.mdg-0000000007,raw/who.gho.mdg-0000000007/2026/09/20260907T160607Z-9445f1b065fa.json.gz,2
who.gho.mdg-0000000007,MDG_0000000007:MSR:SEX_BTSX:AGEGROUP_YEARSUNDER5:WEALTHQUINTILE_TOTL,1966-01-01,2026-09-07T16:06:07Z,low,67.509744488,,who.gho.mdg-0000000007,raw/who.gho.mdg-0000000007/2026/09/20260907T160607Z-9445f1b065fa.json.gz,2
who.gho.mdg-0000000007,MDG_0000000007:MSR:SEX_BTSX:AGEGROUP_YEARSUNDER5:WEALTHQUINTILE_TOTL,1966-01-01,2026-09-07T16:06:07Z,restated_at,2026-08-05,,who.gho.mdg-0000000007,raw/who.gho.mdg-0000000007/2026/09/20260907T160607Z-9445f1b065fa.json.gz,2
who.gho.mdg-0000000007,MDG_0000000007:MSR:SEX_BTSX:AGEGROUP_YEARSUNDER5:WEALTHQUINTILE_TOTL,1966-01-01,2026-09-07T16:06:07Z,value,74.71500247,,who.gho.mdg-0000000007,raw/who.gho.mdg-0000000007/2026/09/20260907T160607Z-9445f1b065fa.json.gz,2
who.gho.mdg-0000000007,MDG_0000000007:MSR:SEX_FMLE:AGEGROUP_YEARSUNDER5:WEALTHQUINTILE_TOTL,1966-01-01,2026-09-07T16:06:21Z,high,81.150099788,,who.gho.mdg-0000000007,raw/who.gho.mdg-0000000007/2026/09/20260907T160621Z-1819ad2538c7.json.gz,2
who.gho.mdg-0000000007,MDG_0000000007:MSR:SEX_FMLE:AGEGROUP_YEARSUNDER5:WEALTHQUINTILE_TOTL,1966-01-01,2026-09-07T16:06:21Z,low,65.687983721,,who.gho.mdg-0000000007,raw/who.gho.mdg-0000000007/2026/09/20260907T160621Z-1819ad2538c7.json.gz,2
who.gho.mdg-0000000007,MDG_0000000007:MSR:SEX_FMLE:AGEGROUP_YEARSUNDER5:WEALTHQUINTILE_TOTL,1966-01-01,2026-09-07T16:06:21Z,restated_at,2026-08-05,,who.gho.mdg-0000000007,raw/who.gho.mdg-0000000007/2026/09/20260907T160621Z-1819ad2538c7.json.gz,2
who.gho.mdg-0000000007,MDG_0000000007:MSR:SEX_FMLE:AGEGROUP_YEARSUNDER5:WEALTHQUINTILE_TOTL,1966-01-01,2026-09-07T16:06:21Z,value,72.994203128,,who.gho.mdg-0000000007,raw/who.gho.mdg-0000000007/2026/09/20260907T160621Z-1819ad2538c7.json.gz,2
who.gho.mdg-0000000007,MDG_0000000007:MSR:SEX_MLE:AGEGROUP_YEARSUNDER5:WEALTHQUINTILE_TOTL,1966-01-01,2026-09-07T16:06:16Z,high,84.493105828,,who.gho.mdg-0000000007,raw/who.gho.mdg-0000000007/2026/09/20260907T160616Z-615f6bfccb87.json.gz,2
who.gho.mdg-0000000007,MDG_0000000007:MSR:SEX_MLE:AGEGROUP_YEARSUNDER5:WEALTHQUINTILE_TOTL,1966-01-01,2026-09-07T16:06:16Z,low,68.831163808,,who.gho.mdg-0000000007,raw/who.gho.mdg-0000000007/2026/09/20260907T160616Z-615f6bfccb87.json.gz,2
who.gho.mdg-0000000007,MDG_0000000007:MSR:SEX_MLE:AGEGROUP_YEARSUNDER5:WEALTHQUINTILE_TOTL,1966-01-01,2026-09-07T16:06:16Z,restated_at,2026-08-05,,who.gho.mdg-0000000007,raw/who.gho.mdg-0000000007/2026/09/20260907T160616Z-615f6bfccb87.json.gz,2
who.gho.mdg-0000000007,MDG_0000000007:MSR:SEX_MLE:AGEGROUP_YEARSUNDER5:WEALTHQUINTILE_TOTL,1966-01-01,2026-09-07T16:06:16Z,value,76.343697215,,who.gho.mdg-0000000007,raw/who.gho.mdg-0000000007/2026/09/20260907T160616Z-615f6bfccb87.json.gz,2
who.gho.mdg-0000000007,MDG_0000000007:MUS:SEX_BTSX:AGEGROUP_YEARSUNDER5:WEALTHQUINTILE_TOTL,1966-01-01,2026-09-07T16:11:26Z,high,93.226849198,,who.gho.mdg-0000000007,raw/who.gho.mdg-0000000007/2026/09/20260907T161126Z-f3f9061ab4f7.json.gz,2
who.gho.mdg-0000000007,MDG_0000000007:MUS:SEX_BTSX:AGEGROUP_YEARSUNDER5:WEALTHQUINTILE_TOTL,1966-01-01,2026-09-07T16:11:26Z,low,88.826429768,,who.gho.mdg-0000000007,raw/who.gho.mdg-0000000007/2026/09/20260907T161126Z-f3f9061ab4f7.json.gz,2
who.gho.mdg-0000000007,MDG_0000000007:MUS:SEX_BTSX:AGEGROUP_YEARSUNDER5:WEALTHQUINTILE_TOTL,1966-01-01,2026-09-07T16:11:26Z,restated_at,2026-08-05,,who.gho.mdg-0000000007,raw/who.gho.mdg-0000000007/2026/09/20260907T161126Z-f3f9061ab4f7.json.gz,2
who.gho.mdg-0000000007,MDG_0000000007:MUS:SEX_BTSX:AGEGROUP_YEARSUNDER5:WEALTHQUINTILE_TOTL,1966-01-01,2026-09-07T16:11:26Z,value,91.007023851,,who.gho.mdg-0000000007,raw/who.gho.mdg-0000000007/2026/09/20260907T161126Z-f3f9061ab4f7.json.gz,2
who.gho.mdg-0000000007,MDG_0000000007:MUS:SEX_FMLE:AGEGROUP_YEARSUNDER5:WEALTHQUINTILE_TOTL,1966-01-01,2026-09-07T16:09:38Z,high,88.229692472,,who.gho.mdg-0000000007,raw/who.gho.mdg-0000000007/2026/09/20260907T160938Z-81612038db74.json.gz,2
who.gho.mdg-0000000007,MDG_0000000007:MUS:SEX_FMLE:AGEGROUP_YEARSUNDER5:WEALTHQUINTILE_TOTL,1966-01-01,2026-09-07T16:09:38Z,low,83.563567271,,who.gho.mdg-0000000007,raw/who.gho.mdg-0000000007/2026/09/20260907T160938Z-81612038db74.json.gz,2
who.gho.mdg-0000000007,MDG_0000000007:MUS:SEX_FMLE:AGEGROUP_YEARSUNDER5:WEALTHQUINTILE_TOTL,1966-01-01,2026-09-07T16:09:38Z,restated_at,2026-08-05,,who.gho.mdg-0000000007,raw/who.gho.mdg-0000000007/2026/09/20260907T160938Z-81612038db74.json.gz,2
who.gho.mdg-0000000007,MDG_0000000007:MUS:SEX_FMLE:AGEGROUP_YEARSUNDER5:WEALTHQUINTILE_TOTL,1966-01-01,2026-09-07T16:09:38Z,value,85.872049437,,who.gho.mdg-0000000007,raw/who.gho.mdg-0000000007/2026/09/20260907T160938Z-81612038db74.json.gz,2
who.gho.mdg-0000000007,MDG_0000000007:MUS:SEX_MLE:AGEGROUP_YEARSUNDER5:WEALTHQUINTILE_TOTL,1966-01-01,2026-09-07T16:11:18Z,high,98.457680177,,who.gho.mdg-0000000007,raw/who.gho.mdg-0000000007/2026/09/20260907T161118Z-85c02b5f4e3c.json.gz,2
who.gho.mdg-0000000007,MDG_0000000007:MUS:SEX_MLE:AGEGROUP_YEARSUNDER5:WEALTHQUINTILE_TOTL,1966-01-01,2026-09-07T16:11:18Z,low,93.327692015,,who.gho.mdg-0000000007,raw/who.gho.mdg-0000000007/2026/09/20260907T161118Z-85c02b5f4e3c.json.gz,2
who.gho.mdg-0000000007,MDG_0000000007:MUS:SEX_MLE:AGEGROUP_YEARSUNDER5:WEALTHQUINTILE_TOTL,1966-01-01,2026-09-07T16:11:18Z,restated_at,2026-08-05,,who.gho.mdg-0000000007,raw/who.gho.mdg-0000000007/2026/09/20260907T161118Z-85c02b5f4e3c.json.gz,2
who.gho.mdg-0000000007,MDG_0000000007:MUS:SEX_MLE:AGEGROUP_YEARSUNDER5:WEALTHQUINTILE_TOTL,1966-01-01,2026-09-07T16:11:18Z,value,95.873453932,,who.gho.mdg-0000000007,raw/who.gho.mdg-0000000007/2026/09/20260907T161118Z-85c02b5f4e3c.json.gz,2
who.gho.mdg-0000000007,MDG_0000000007:MWI:SEX_BTSX:AGEGROUP_YEARSUNDER5:WEALTHQUINTILE_TOTL,1966-01-01,2026-09-07T16:08:54Z,high,404.301019536,,who.gho.mdg-0000000007,raw/who.gho.mdg-0000000007/2026/09/20260907T160854Z-e3873ac72928.json.gz,2
who.gho.mdg-0000000007,MDG_0000000007:MWI:SEX_BTSX:AGEGROUP_YEARSUNDER5:WEALTHQUINTILE_TOTL,1966-01-01,2026-09-07T16:08:54Z,low,304.163927915,,who.gho.mdg-0000000007,raw/who.gho.mdg-0000000007/2026/09/20260907T160854Z-e3873ac72928.json.gz,2
who.gho.mdg-0000000007,MDG_0000000007:MWI:SEX_BTSX:AGEGROUP_YEARSUNDER5:WEALTHQUINTILE_TOTL,1966-01-01,2026-09-07T16:08:54Z,restated_at,2026-08-05,,who.gho.mdg-0000000007,raw/who.gho.mdg-0000000007/2026/09/20260907T160854Z-e3873ac72928.json.gz,2
who.gho.mdg-0000000007,MDG_0000000007:MWI:SEX_BTSX:AGEGROUP_YEARSUNDER5:WEALTHQUINTILE_TOTL,1966-01-01,2026-09-07T16:08:54Z,value,350.634674336,,who.gho.mdg-0000000007,raw/who.gho.mdg-0000000007/2026/09/20260907T160854Z-e3873ac72928.json.gz,2
who.gho.mdg-0000000007,MDG_0000000007:MWI:SEX_FMLE:AGEGROUP_YEARSUNDER5:WEALTHQUINTILE_TOTL,1966-01-01,2026-09-07T16:05:14Z,high,387.998594011,,who.gho.mdg-0000000007,raw/who.gho.mdg-0000000007/2026/09/20260907T160514Z-6205b585146a.json.gz,2
who.gho.mdg-0000000007,MDG_0000000007:MWI:SEX_FMLE:AGEGROUP_YEARSUNDER5:WEALTHQUINTILE_TOTL,1966-01-01,2026-09-07T16:05:14Z,low,290.239294725,,who.gho.mdg-0000000007,raw/who.gho.mdg-0000000007/2026/09/20260907T160514Z-6205b585146a.json.gz,2
who.gho.mdg-0000000007,MDG_0000000007:MWI:SEX_FMLE:AGEGROUP_YEARSUNDER5:WEALTHQUINTILE_TOTL,1966-01-01,2026-09-07T16:05:14Z,restated_at,2026-08-05,,who.gho.mdg-0000000007,raw/who.gho.mdg-0000000007/2026/09/20260907T160514Z-6205b585146a.json.gz,2
who.gho.mdg-0000000007,MDG_0000000007:MWI:SEX_FMLE:AGEGROUP_YEARSUNDER5:WEALTHQUINTILE_TOTL,1966-01-01,2026-09-07T16:05:14Z,value,335.375732391,,who.gho.mdg-0000000007,raw/who.gho.mdg-0000000007/2026/09/20260907T160514Z-6205b585146a.json.gz,2
who.gho.mdg-0000000007,MDG_0000000007:MWI:SEX_MLE:AGEGROUP_YEARSUNDER5:WEALTHQUINTILE_TOTL,1966-01-01,2026-09-07T16:09:59Z,high,422.827236022,,who.gho.mdg-0000000007,raw/who.gho.mdg-0000000007/2026/09/20260907T160959Z-e41937f31aea.json.gz,2
who.gho.mdg-0000000007,MDG_0000000007:MWI:SEX_MLE:AGEGROUP_YEARSUNDER5:WEALTHQUINTILE_TOTL,1966-01-01,2026-09-07T16:09:59Z,low,315.14995776,,who.gho.mdg-0000000007,raw/who.gho.mdg-0000000007/2026/09/20260907T160959Z-e41937f31aea.json.gz,2
who.gho.mdg-0000000007,MDG_0000000007:MWI:SEX_MLE:AGEGROUP_YEARSUNDER5:WEALTHQUINTILE_TOTL,1966-01-01,2026-09-07T16:09:59Z,restated_at,2026-08-05,,who.gho.mdg-0000000007,raw/who.gho.mdg-0000000007/2026/09/20260907T160959Z-e41937f31aea.json.gz,2
who.gho.mdg-0000000007,MDG_0000000007:MWI:SEX_MLE:AGEGROUP_YEARSUNDER5:WEALTHQUINTILE_TOTL,1966-01-01,2026-09-07T16:09:59Z,value,364.728097886,,who.gho.mdg-0000000007,raw/who.gho.mdg-0000000007/2026/09/20260907T160959Z-e41937f31aea.json.gz,2
who.gho.mdg-0000000007,MDG_0000000007:MYS:SEX_BTSX:AGEGROUP_YEARSUNDER5:WEALTHQUINTILE_TOTL,1966-01-01,2026-09-07T16:08:45Z,high,71.516543553,,who.gho.mdg-0000000007,raw/who.gho.mdg-0000000007/2026/09/20260907T160845Z-9b23f1f1b45b.json.gz,2
who.gho.mdg-0000000007,MDG_0000000007:MYS:SEX_BTSX:AGEGROUP_YEARSUNDER5:WEALTHQUINTILE_TOTL,1966-01-01,2026-09-07T16:08:45Z,low,60.620476708,,who.gho.mdg-0000000007,raw/who.gho.mdg-0000000007/2026/09/20260907T160845Z-9b23f1f1b45b.json.gz,2
who.gho.mdg-0000000007,MDG_0000000007:MYS:SEX_BTSX:AGEGROUP_YEARSUNDER5:WEALTHQUINTILE_TOTL,1966-01-01,2026-09-07T16:08:45Z,restated_at,2026-08-05,,who.gho.mdg-0000000007,raw/who.gho.mdg-0000000007/2026/09/20260907T160845Z-9b23f1f1b45b.json.gz,2
who.gho.mdg-0000000007,MDG_0000000007:MYS:SEX_BTSX:AGEGROUP_YEARSUNDER5:WEALTHQUINTILE_TOTL,1966-01-01,2026-09-07T16:08:45Z,value,65.802572629,,who.gho.mdg-0000000007,raw/who.gho.mdg-0000000007/2026/09/20260907T160845Z-9b23f1f1b45b.json.gz,2
who.gho.mdg-0000000007,MDG_0000000007:MYS:SEX_FMLE:AGEGROUP_YEARSUNDER5:WEALTHQUINTILE_TOTL,1966-01-01,2026-09-07T16:10:49Z,high,66.866271656,,who.gho.mdg-0000000007,raw/who.gho.mdg-0000000007/2026/09/20260907T161049Z-6866f52a9543.json.gz,2
who.gho.mdg-0000000007,MDG_0000000007:MYS:SEX_FMLE:AGEGROUP_YEARSUNDER5:WEALTHQUINTILE_TOTL,1966-01-01,2026-09-07T16:10:49Z,low,55.346335562,,who.gho.mdg-0000000007,raw/who.gho.mdg-0000000007/2026/09/20260907T161049Z-6866f52a9543.json.gz,2
who.gho.mdg-0000000007,MDG_0000000007:MYS:SEX_FMLE:AGEGROUP_YEARSUNDER5:WEALTHQUINTILE_TOTL,1966-01-01,2026-09-07T16:10:49Z,restated_at,2026-08-05,,who.gho.mdg-0000000007,raw/who.gho.mdg-0000000007/2026/09/20260907T161049Z-6866f52a9543.json.gz,2
who.gho.mdg-0000000007,MDG_0000000007:MYS:SEX_FMLE:AGEGROUP_YEARSUNDER5:WEALTHQUINTILE_TOTL,1966-01-01,2026-09-07T16:10:49Z,value,60.807645219,,who.gho.mdg-0000000007,raw/who.gho.mdg-0000000007/2026/09/20260907T161049Z-6866f52a9543.json.gz,2
who.gho.mdg-0000000007,MDG_0000000007:MYS:SEX_MLE:AGEGROUP_YEARSUNDER5:WEALTHQUINTILE_TOTL,1966-01-01,2026-09-07T16:10:33Z,high,77.168853086,,who.gho.mdg-0000000007,raw/who.gho.mdg-0000000007/2026/09/20260907T161033Z-0396663e197a.json.gz,2
who.gho.mdg-0000000007,MDG_0000000007:MYS:SEX_MLE:AGEGROUP_YEARSUNDER5:WEALTHQUINTILE_TOTL,1966-01-01,2026-09-07T16:10:33Z,low,64.41920819,,who.gho.mdg-0000000007,raw/who.gho.mdg-0000000007/2026/09/20260907T161033Z-0396663e197a.json.gz,2
who.gho.mdg-0000000007,MDG_0000000007:MYS:SEX_MLE:AGEGROUP_YEARSUNDER5:WEALTHQUINTILE_TOTL,1966-01-01,2026-09-07T16:10:33Z,restated_at,2026-08-05,,who.gho.mdg-0000000007,raw/who.gho.mdg-0000000007/2026/09/20260907T161033Z-0396663e197a.json.gz,2
who.gho.mdg-0000000007,MDG_0000000007:MYS:SEX_MLE:AGEGROUP_YEARSUNDER5:WEALTHQUINTILE_TOTL,1966-01-01,2026-09-07T16:10:33Z,value,70.463420646,,who.gho.mdg-0000000007,raw/who.gho.mdg-0000000007/2026/09/20260907T161033Z-0396663e197a.json.gz,2
who.gho.mdg-0000000007,MDG_0000000007:NGA:SEX_BTSX:AGEGROUP_YEARSUNDER5:WEALTHQUINTILE_TOTL,1966-01-01,2026-09-07T16:11:14Z,high,357.123789564,,who.gho.mdg-0000000007,raw/who.gho.mdg-0000000007/2026/09/20260907T161114Z-c1ae2408f442.json.gz,2
who.gho.mdg-0000000007,MDG_0000000007:NGA:SEX_BTSX:AGEGROUP_YEARSUNDER5:WEALTHQUINTILE_TOTL,1966-01-01,2026-09-07T16:11:14Z,low,274.344449476,,who.gho.mdg-0000000007,raw/who.gho.mdg-0000000007/2026/09/20260907T161114Z-c1ae2408f442.json.gz,2
who.gho.mdg-0000000007,MDG_0000000007:NGA:SEX_BTSX:AGEGROUP_YEARSUNDER5:WEALTHQUINTILE_TOTL,1966-01-01,2026-09-07T16:11:14Z,restated_at,2026-08-05,,who.gho.mdg-0000000007,raw/who.gho.mdg-0000000007/2026/09/20260907T161114Z-c1ae2408f442.json.gz,2
who.gho.mdg-0000000007,MDG_0000000007:NGA:SEX_BTSX:AGEGROUP_YEARSUNDER5:WEALTHQUINTILE_TOTL,1966-01-01,2026-09-07T16:11:14Z,value,312.117715848,,who.gho.mdg-0000000007,raw/who.gho.mdg-0000000007/2026/09/20260907T161114Z-c1ae2408f442.json.gz,2
who.gho.mdg-0000000007,MDG_0000000007:NGA:SEX_FMLE:AGEGROUP_YEARSUNDER5:WEALTHQUINTILE_TOTL,1966-01-01,2026-09-07T16:05:26Z,high,345.271625854,,who.gho.mdg-0000000007,raw/who.gho.mdg-0000000007/2026/09/20260907T160526Z-1363df2b3da0.json.gz,2
who.gho.mdg-0000000007,MDG_0000000007:NGA:SEX_FMLE:AGEGROUP_YEARSUNDER5:WEALTHQUINTILE_TOTL,1966-01-01,2026-09-07T16:05:26Z,low,264.228511304,,who.gho.mdg-0000000007,raw/who.gho.mdg-0000000007/2026/09/20260907T160526Z-1363df2b3da0.json.gz,2
who.gho.mdg-0000000007,MDG_0000000007:NGA:SEX_FMLE:AGEGROUP_YEARSUNDER5:WEALTHQUINTILE_TOTL,1966-01-01,2026-09-07T16:05:26Z,restated_at,2026-08-05,,who.gho.mdg-0000000007,raw/who.gho.mdg-0000000007/2026/09/20260907T160526Z-1363df2b3da0.json.gz,2
who.gho.mdg-0000000007,MDG_0000000007:NGA:SEX_FMLE:AGEGROUP_YEARSUNDER5:WEALTHQUINTILE_TOTL,1966-01-01,2026-09-07T16:05:26Z,value,301.123146862,,who.gho.mdg-0000000007,raw/who.gho.mdg-0000000007/2026/09/20260907T160526Z-1363df2b3da0.json.gz,2
who.gho.mdg-0000000007,MDG_0000000007:NGA:SEX_MLE:AGEGROUP_YEARSUNDER5:WEALTHQUINTILE_TOTL,1966-01-01,2026-09-07T16:11:22Z,high,370.198253381,,who.gho.mdg-0000000007,raw/who.gho.mdg-0000000007/2026/09/20260907T161122Z-4e9c288e3adb.json.gz,2
who.gho.mdg-0000000007,MDG_0000000007:NGA:SEX_MLE:AGEGROUP_YEARSUNDER5:WEALTHQUINTILE_TOTL,1966-01-01,2026-09-07T16:11:22Z,low,282.702888338,,who.gho.mdg-0000000007,raw/who.gho.mdg-0000000007/2026/09/20260907T161122Z-4e9c288e3adb.json.gz,2
who.gho.mdg-0000000007,MDG_0000000007:NGA:SEX_MLE:AGEGROUP_YEARSUNDER5:WEALTHQUINTILE_TOTL,1966-01-01,2026-09-07T16:11:22Z,restated_at,2026-08-05,,who.gho.mdg-0000000007,raw/who.gho.mdg-0000000007/2026/09/20260907T161122Z-4e9c288e3adb.json.gz,2
who.gho.mdg-0000000007,MDG_0000000007:NGA:SEX_MLE:AGEGROUP_YEARSUNDER5:WEALTHQUINTILE_TOTL,1966-01-01,2026-09-07T16:11:22Z,value,322.30326394,,who.gho.mdg-0000000007,raw/who.gho.mdg-0000000007/2026/09/20260907T161122Z-4e9c288e3adb.json.gz,2
who.gho.mdg-0000000007,MDG_0000000007:NIC:SEX_BTSX:AGEGROUP_YEARSUNDER5:WEALTHQUINTILE_TOTL,1966-01-01,2026-09-07T16:09:30Z,high,211.34167248,,who.gho.mdg-0000000007,raw/who.gho.mdg-0000000007/2026/09/20260907T160930Z-3a49f2d0e7d2.json.gz,2
who.gho.mdg-0000000007,MDG_0000000007:NIC:SEX_BTSX:AGEGROUP_YEARSUNDER5:WEALTHQUINTILE_TOTL,1966-01-01,2026-09-07T16:09:30Z,low,157.525650209,,who.gho.mdg-0000000007,raw/who.gho.mdg-0000000007/2026/09/20260907T160930Z-3a49f2d0e7d2.json.gz,2
who.gho.mdg-0000000007,MDG_0000000007:NIC:SEX_BTSX:AGEGROUP_YEARSUNDER5:WEALTHQUINTILE_TOTL,1966-01-01,2026-09-07T16:09:30Z,restated_at,2026-08-05,,who.gho.mdg-0000000007,raw/who.gho.mdg-0000000007/2026/09/20260907T160930Z-3a49f2d0e7d2.json.gz,2
who.gho.mdg-0000000007,MDG_0000000007:NIC:SEX_BTSX:AGEGROUP_YEARSUNDER5:WEALTHQUINTILE_TOTL,1966-01-01,2026-09-07T16:09:30Z,value,182.849522511,,who.gho.mdg-0000000007,raw/who.gho.mdg-0000000007/2026/09/20260907T160930Z-3a49f2d0e7d2.json.gz,2
who.gho.mdg-0000000007,MDG_0000000007:NIC:SEX_FMLE:AGEGROUP_YEARSUNDER5:WEALTHQUINTILE_TOTL,1966-01-01,2026-09-07T16:09:41Z,high,199.128559546,,who.gho.mdg-0000000007,raw/who.gho.mdg-0000000007/2026/09/20260907T160941Z-845bd0fc2e92.json.gz,2
who.gho.mdg-0000000007,MDG_0000000007:NIC:SEX_FMLE:AGEGROUP_YEARSUNDER5:WEALTHQUINTILE_TOTL,1966-01-01,2026-09-07T16:09:41Z,low,147.178318504,,who.gho.mdg-0000000007,raw/who.gho.mdg-0000000007/2026/09/20260907T160941Z-845bd0fc2e92.json.gz,2
who.gho.mdg-0000000007,MDG_0000000007:NIC:SEX_FMLE:AGEGROUP_YEARSUNDER5:WEALTHQUINTILE_TOTL,1966-01-01,2026-09-07T16:09:41Z,restated_at,2026-08-05,,who.gho.mdg-0000000007,raw/who.gho.mdg-0000000007/2026/09/20260907T160941Z-845bd0fc2e92.json.gz,2
who.gho.mdg-0000000007,MDG_0000000007:NIC:SEX_FMLE:AGEGROUP_YEARSUNDER5:WEALTHQUINTILE_TOTL,1966-01-01,2026-09-07T16:09:41Z,value,171.651370511,,who.gho.mdg-0000000007,raw/who.gho.mdg-0000000007/2026/09/20260907T160941Z-845bd0fc2e92.json.gz,2
who.gho.mdg-0000000007,MDG_0000000007:NIC:SEX_MLE:AGEGROUP_YEARSUNDER5:WEALTHQUINTILE_TOTL,1966-01-01,2026-09-07T16:11:14Z,high,224.189979097,,who.gho.mdg-0000000007,raw/who.gho.mdg-0000000007/2026/09/20260907T161114Z-c1ae2408f442.json.gz,2
who.gho.mdg-0000000007,MDG_0000000007:NIC:SEX_MLE:AGEGROUP_YEARSUNDER5:WEALTHQUINTILE_TOTL,1966-01-01,2026-09-07T16:11:14Z,low,166.452775449,,who.gho.mdg-0000000007,raw/who.gho.mdg-0000000007/2026/09/20260907T161114Z-c1ae2408f442.json.gz,2
who.gho.mdg-0000000007,MDG_0000000007:NIC:SEX_MLE:AGEGROUP_YEARSUNDER5:WEALTHQUINTILE_TOTL,1966-01-01,2026-09-07T16:11:14Z,restated_at,2026-08-05,,who.gho.mdg-0000000007,raw/who.gho.mdg-0000000007/2026/09/20260907T161114Z-c1ae2408f442.json.gz,2
who.gho.mdg-0000000007,MDG_0000000007:NIC:SEX_MLE:AGEGROUP_YEARSUNDER5:WEALTHQUINTILE_TOTL,1966-01-01,2026-09-07T16:11:14Z,value,193.425923353,,who.gho.mdg-0000000007,raw/who.gho.mdg-0000000007/2026/09/20260907T161114Z-c1ae2408f442.json.gz,2
who.gho.mdg-0000000007,MDG_0000000007:NIU:SEX_BTSX:AGEGROUP_YEARSUNDER5:WEALTHQUINTILE_TOTL,1966-01-01,2026-09-07T16:06:07Z,high,95.940308436,,who.gho.mdg-0000000007,raw/who.gho.mdg-0000000007/2026/09/20260907T160607Z-9445f1b065fa.json.gz,2
who.gho.mdg-0000000007,MDG_0000000007:NIU:SEX_BTSX:AGEGROUP_YEARSUNDER5:WEALTHQUINTILE_TOTL,1966-01-01,2026-09-07T16:06:07Z,low,55.647349493,,who.gho.mdg-0000000007,raw/who.gho.mdg-0000000007/2026/09/20260907T160607Z-9445f1b065fa.json.gz,2
who.gho.mdg-0000000007,MDG_0000000007:NIU:SEX_BTSX:AGEGROUP_YEARSUNDER5:WEALTHQUINTILE_TOTL,1966-01-01,2026-09-07T16:06:07Z,restated_at,2026-08-05,,who.gho.mdg-0000000007,raw/who.gho.mdg-0000000007/2026/09/20260907T160607Z-9445f1b065fa.json.gz,2
who.gho.mdg-0000000007,MDG_0000000007:NIU:SEX_BTSX:AGEGROUP_YEARSUNDER5:WEALTHQUINTILE_TOTL,1966-01-01,2026-09-07T16:06:07Z,value,73.329973884,,who.gho.mdg-0000000007,raw/who.gho.mdg-0000000007/2026/09/20260907T160607Z-9445f1b065fa.json.gz,2
who.gho.mdg-0000000007,MDG_0000000007:NIU:SEX_FMLE:AGEGROUP_YEARSUNDER5:WEALTHQUINTILE_TOTL,1966-01-01,2026-09-07T16:11:14Z,high,88.874997339,,who.gho.mdg-0000000007,raw/who.gho.mdg-0000000007/2026/09/20260907T161114Z-c1ae2408f442.json.gz,2
who.gho.mdg-0000000007,MDG_0000000007:NIU:SEX_FMLE:AGEGROUP_YEARSUNDER5:WEALTHQUINTILE_TOTL,1966-01-01,2026-09-07T16:11:14Z,low,50.852757463,,who.gho.mdg-0000000007,raw/who.gho.mdg-0000000007/2026/09/20260907T161114Z-c1ae2408f442.json.gz,2
who.gho.mdg-0000000007,MDG_0000000007:NIU:SEX_FMLE:AGEGROUP_YEARSUNDER5:WEALTHQUINTILE_TOTL,1966-01-01,2026-09-07T16:11:14Z,restated_at,2026-08-05,,who.gho.mdg-0000000007,raw/who.gho.mdg-0000000007/2026/09/20260907T161114Z-c1ae2408f442.json.gz,2
who.gho.mdg-0000000007,MDG_0000000007:NIU:SEX_FMLE:AGEGROUP_YEARSUNDER5:WEALTHQUINTILE_TOTL,1966-01-01,2026-09-07T16:11:14Z,value,67.28938929,,who.gho.mdg-0000000007,raw/who.gho.mdg-0000000007/2026/09/20260907T161114Z-c1ae2408f442.json.gz,2
who.gho.mdg-0000000007,MDG_0000000007:NIU:SEX_MLE:AGEGROUP_YEARSUNDER5:WEALTHQUINTILE_TOTL,1966-01-01,2026-09-07T16:11:22Z,high,104.357597403,,who.gho.mdg-0000000007,raw/who.gho.mdg-0000000007/2026/09/20260907T161122Z-4e9c288e3adb.json.gz,2
who.gho.mdg-0000000007,MDG_0000000007:NIU:SEX_MLE:AGEGROUP_YEARSUNDER5:WEALTHQUINTILE_TOTL,1966-01-01,2026-09-07T16:11:22Z,low,59.988061178,,who.gho.mdg-0000000007,raw/who.gho.mdg-0000000007/2026/09/20260907T161122Z-4e9c288e3adb.json.gz,2
who.gho.mdg-0000000007,MDG_0000000007:NIU:SEX_MLE:AGEGROUP_YEARSUNDER5:WEALTHQUINTILE_TOTL,1966-01-01,2026-09-07T16:11:22Z,restated_at,2026-08-05,,who.gho.mdg-0000000007,raw/who.gho.mdg-0000000007/2026/09/20260907T161122Z-4e9c288e3adb.json.gz,2
who.gho.mdg-0000000007,MDG_0000000007:NIU:SEX_MLE:AGEGROUP_YEARSUNDER5:WEALTHQUINTILE_TOTL,1966-01-01,2026-09-07T16:11:22Z,value,79.175453831,,who.gho.mdg-0000000007,raw/who.gho.mdg-0000000007/2026/09/20260907T161122Z-4e9c288e3adb.json.gz,2
who.gho.mdg-0000000007,MDG_0000000007:NLD:SEX_BTSX:AGEGROUP_YEARSUNDER5:WEALTHQUINTILE_TOTL,1966-01-01,2026-09-07T16:10:17Z,high,18.180158983,,who.gho.mdg-0000000007,raw/who.gho.mdg-0000000007/2026/09/20260907T161017Z-ca4dbf4e12d6.json.gz,2
who.gho.mdg-0000000007,MDG_0000000007:NLD:SEX_BTSX:AGEGROUP_YEARSUNDER5:WEALTHQUINTILE_TOTL,1966-01-01,2026-09-07T16:10:17Z,low,17.572342637,,who.gho.mdg-0000000007,raw/who.gho.mdg-0000000007/2026/09/20260907T161017Z-ca4dbf4e12d6.json.gz,2
who.gho.mdg-0000000007,MDG_0000000007:NLD:SEX_BTSX:AGEGROUP_YEARSUNDER5:WEALTHQUINTILE_TOTL,1966-01-01,2026-09-07T16:10:17Z,restated_at,2026-08-05,,who.gho.mdg-0000000007,raw/who.gho.mdg-0000000007/2026/09/20260907T161017Z-ca4dbf4e12d6.json.gz,2
who.gho.mdg-0000000007,MDG_0000000007:NLD:SEX_BTSX:AGEGROUP_YEARSUNDER5:WEALTHQUINTILE_TOTL,1966-01-01,2026-09-07T16:10:17Z,value,17.867702925,,who.gho.mdg-0000000007,raw/who.gho.mdg-0000000007/2026/09/20260907T161017Z-ca4dbf4e12d6.json.gz,2
who.gho.mdg-0000000007,MDG_0000000007:NLD:SEX_FMLE:AGEGROUP_YEARSUNDER5:WEALTHQUINTILE_TOTL,1966-01-01,2026-09-07T16:09:08Z,high,15.723283726,,who.gho.mdg-0000000007,raw/who.gho.mdg-0000000007/2026/09/20260907T160908Z-96acbc2bc7cb.json.gz,2
who.gho.mdg-0000000007,MDG_0000000007:NLD:SEX_FMLE:AGEGROUP_YEARSUNDER5:WEALTHQUINTILE_TOTL,1966-01-01,2026-09-07T16:09:08Z,low,15.073547688,,who.gho.mdg-0000000007,raw/who.gho.mdg-0000000007/2026/09/20260907T160908Z-96acbc2bc7cb.json.gz,2
who.gho.mdg-0000000007,MDG_0000000007:NLD:SEX_FMLE:AGEGROUP_YEARSUNDER5:WEALTHQUINTILE_TOTL,1966-01-01,2026-09-07T16:09:08Z,restated_at,2026-08-05,,who.gho.mdg-0000000007,raw/who.gho.mdg-0000000007/2026/09/20260907T160908Z-96acbc2bc7cb.json.gz,2
who.gho.mdg-0000000007,MDG_0000000007:NLD:SEX_FMLE:AGEGROUP_YEARSUNDER5:WEALTHQUINTILE_TOTL,1966-01-01,2026-09-07T16:09:08Z,value,15.38907361,,who.gho.mdg-0000000007,raw/who.gho.mdg-0000000007/2026/09/20260907T160908Z-96acbc2bc7cb.json.gz,2
who.gho.mdg-0000000007,MDG_0000000007:NLD:SEX_MLE:AGEGROUP_YEARSUNDER5:WEALTHQUINTILE_TOTL,1966-01-01,2026-09-07T16:05:31Z,high,20.628856376,,who.gho.mdg-0000000007,raw/who.gho.mdg-0000000007/2026/09/20260907T160531Z-a90a9bba0858.json.gz,2
who.gho.mdg-0000000007,MDG_0000000007:NLD:SEX_MLE:AGEGROUP_YEARSUNDER5:WEALTHQUINTILE_TOTL,1966-01-01,2026-09-07T16:05:31Z,low,19.840996742,,who.gho.mdg-0000000007,raw/who.gho.mdg-0000000007/2026/09/20260907T160531Z-a90a9bba0858.json.gz,2
who.gho.mdg-0000000007,MDG_0000000007:NLD:SEX_MLE:AGEGROUP_YEARSUNDER5:WEALTHQUINTILE_TOTL,1966-01-01,2026-09-07T16:05:31Z,restated_at,2026-08-05,,who.gho.mdg-0000000007,raw/who.gho.mdg-0000000007/2026/09/20260907T160531Z-a90a9bba0858.json.gz,2
who.gho.mdg-0000000007,MDG_0000000007:NLD:SEX_MLE:AGEGROUP_YEARSUNDER5:WEALTHQUINTILE_TOTL,1966-01-01,2026-09-07T16:05:31Z,value,20.233183656,,who.gho.mdg-0000000007,raw/who.gho.mdg-0000000007/2026/09/20260907T160531Z-a90a9bba0858.json.gz,2
who.gho.mdg-0000000007,MDG_0000000007:NOR:SEX_BTSX:AGEGROUP_YEARSUNDER5:WEALTHQUINTILE_TOTL,1966-01-01,2026-09-07T16:06:34Z,high,19.426616196,,who.gho.mdg-0000000007,raw/who.gho.mdg-0000000007/2026/09/20260907T160634Z-2774fa4e213c.json.gz,2
who.gho.mdg-0000000007,MDG_0000000007:NOR:SEX_BTSX:AGEGROUP_YEARSUNDER5:WEALTHQUINTILE_TOTL,1966-01-01,2026-09-07T16:06:34Z,low,18.567794419,,who.gho.mdg-0000000007,raw/who.gho.mdg-0000000007/2026/09/20260907T160634Z-2774fa4e213c.json.gz,2
who.gho.mdg-0000000007,MDG_0000000007:NOR:SEX_BTSX:AGEGROUP_YEARSUNDER5:WEALTHQUINTILE_TOTL,1966-01-01,2026-09-07T16:06:34Z,restated_at,2026-08-05,,who.gho.mdg-0000000007,raw/who.gho.mdg-0000000007/2026/09/20260907T160634Z-2774fa4e213c.json.gz,2
who.gho.mdg-0000000007,MDG_0000000007:NOR:SEX_BTSX:AGEGROUP_YEARSUNDER5:WEALTHQUINTILE_TOTL,1966-01-01,2026-09-07T16:06:34Z,value,18.991276952,,who.gho.mdg-0000000007,raw/who.gho.mdg-0000000007/2026/09/20260907T160634Z-2774fa4e213c.json.gz,2
who.gho.mdg-0000000007,MDG_0000000007:NOR:SEX_FMLE:AGEGROUP_YEARSUNDER5:WEALTHQUINTILE_TOTL,1966-01-01,2026-09-07T16:10:12Z,high,16.888327316,,who.gho.mdg-0000000007,raw/who.gho.mdg-0000000007/2026/09/20260907T161012Z-af10f639113a.json.gz,2
who.gho.mdg-0000000007,MDG_0000000007:NOR:SEX_FMLE:AGEGROUP_YEARSUNDER5:WEALTHQUINTILE_TOTL,1966-01-01,2026-09-07T16:10:12Z,low,15.928615104,,who.gho.mdg-0000000007,raw/who.gho.mdg-0000000007/2026/09/20260907T161012Z-af10f639113a.json.gz,2
who.gho.mdg-0000000007,MDG_0000000007:NOR:SEX_FMLE:AGEGROUP_YEARSUNDER5:WEALTHQUINTILE_TOTL,1966-01-01,2026-09-07T16:10:12Z,restated_at,2026-08-05,,who.gho.mdg-0000000007,raw/who.gho.mdg-0000000007/2026/09/20260907T161012Z-af10f639113a.json.gz,2
who.gho.mdg-0000000007,MDG_0000000007:NOR:SEX_FMLE:AGEGROUP_YEARSUNDER5:WEALTHQUINTILE_TOTL,1966-01-01,2026-09-07T16:10:12Z,value,16.407840458,,who.gho.mdg-0000000007,raw/who.gho.mdg-0000000007/2026/09/20260907T161012Z-af10f639113a.json.gz,2
who.gho.mdg-0000000007,MDG_0000000007:NOR:SEX_MLE:AGEGROUP_YEARSUNDER5:WEALTHQUINTILE_TOTL,1966-01-01,2026-09-07T16:08:54Z,high,22.020028579,,who.gho.mdg-0000000007,raw/who.gho.mdg-0000000007/2026/09/20260907T160854Z-e3873ac72928.json.gz,2
who.gho.mdg-0000000007,MDG_0000000007:NOR:SEX_MLE:AGEGROUP_YEARSUNDER5:WEALTHQUINTILE_TOTL,1966-01-01,2026-09-07T16:08:54Z,low,20.902883479,,who.gho.mdg-0000000007,raw/who.gho.mdg-0000000007/2026/09/20260907T160854Z-e3873ac72928.json.gz,2
who.gho.mdg-0000000007,MDG_0000000007:NOR:SEX_MLE:AGEGROUP_YEARSUNDER5:WEALTHQUINTILE_TOTL,1966-01-01,2026-09-07T16:08:54Z,restated_at,2026-08-05,,who.gho.mdg-0000000007,raw/who.gho.mdg-0000000007/2026/09/20260907T160854Z-e3873ac72928.json.gz,2
who.gho.mdg-0000000007,MDG_0000000007:NOR:SEX_MLE:AGEGROUP_YEARSUNDER5:WEALTHQUINTILE_TOTL,1966-01-01,2026-09-07T16:08:54Z,value,21.456976719,,who.gho.mdg-0000000007,raw/who.gho.mdg-0000000007/2026/09/20260907T160854Z-e3873ac72928.json.gz,2
who.gho.mdg-0000000007,MDG_0000000007:NPL:SEX_BTSX:AGEGROUP_YEARSUNDER5:WEALTHQUINTILE_TOTL,1966-01-01,2026-09-07T16:08:38Z,high,327.746816719,,who.gho.mdg-0000000007,raw/who.gho.mdg-0000000007/2026/09/20260907T160838Z-ad9f959b97c6.json.gz,2
who.gho.mdg-0000000007,MDG_0000000007:NPL:SEX_BTSX:AGEGROUP_YEARSUNDER5:WEALTHQUINTILE_TOTL,1966-01-01,2026-09-07T16:08:38Z,low,264.67316215,,who.gho.mdg-0000000007,raw/who.gho.mdg-0000000007/2026/09/20260907T160838Z-ad9f959b97c6.json.gz,2
who.gho.mdg-0000000007,MDG_0000000007:NPL:SEX_BTSX:AGEGROUP_YEARSUNDER5:WEALTHQUINTILE_TOTL,1966-01-01,2026-09-07T16:08:38Z,restated_at,2026-08-05,,who.gho.mdg-0000000007,raw/who.gho.mdg-0000000007/2026/09/20260907T160838Z-ad9f959b97c6.json.gz,2
who.gho.mdg-0000000007,MDG_0000000007:NPL:SEX_BTSX:AGEGROUP_YEARSUNDER5:WEALTHQUINTILE_TOTL,1966-01-01,2026-09-07T16:08:38Z,value,294.326315581,,who.gho.mdg-0000000007,raw/who.gho.mdg-0000000007/2026/09/20260907T160838Z-ad9f959b97c6.json.gz,2
who.gho.mdg-0000000007,MDG_0000000007:NPL:SEX_FMLE:AGEGROUP_YEARSUNDER5:WEALTHQUINTILE_TOTL,1966-01-01,2026-09-07T16:10:30Z,high,329.395336834,,who.gho.mdg-0000000007,raw/who.gho.mdg-0000000007/2026/09/20260907T161030Z-d2101d8df79b.json.gz,2
who.gho.mdg-0000000007,MDG_0000000007:NPL:SEX_FMLE:AGEGROUP_YEARSUNDER5:WEALTHQUINTILE_TOTL,1966-01-01,2026-09-07T16:10:30Z,low,264.468994598,,who.gho.mdg-0000000007,raw/who.gho.mdg-0000000007/2026/09/20260907T161030Z-d2101d8df79b.json.gz,2
who.gho.mdg-0000000007,MDG_0000000007:NPL:SEX_FMLE:AGEGROUP_YEARSUNDER5:WEALTHQUINTILE_TOTL,1966-01-01,2026-09-07T16:10:30Z,restated_at,2026-08-05,,who.gho.mdg-0000000007,raw/who.gho.mdg-0000000007/2026/09/20260907T161030Z-d2101d8df79b.json.gz,2
who.gho.mdg-0000000007,MDG_0000000007:NPL:SEX_FMLE:AGEGROUP_YEARSUNDER5:WEALTHQUINTILE_TOTL,1966-01-01,2026-09-07T16:10:30Z,value,295.141705239,,who.gho.mdg-0000000007,raw/who.gho.mdg-0000000007/2026/09/20260907T161030Z-d2101d8df79b.json.gz,2
who.gho.mdg-0000000007,MDG_0000000007:NPL:SEX_MLE:AGEGROUP_YEARSUNDER5:WEALTHQUINTILE_TOTL,1966-01-01,2026-09-07T16:10:37Z,high,327.84011505,,who.gho.mdg-0000000007,raw/who.gho.mdg-0000000007/2026/09/20260907T161037Z-dfd3d6a5a745.json.gz,2
who.gho.mdg-0000000007,MDG_0000000007:NPL:SEX_MLE:AGEGROUP_YEARSUNDER5:WEALTHQUINTILE_TOTL,1966-01-01,2026-09-07T16:10:37Z,low,263.317135637,,who.gho.mdg-0000000007,raw/who.gho.mdg-0000000007/2026/09/20260907T161037Z-dfd3d6a5a745.json.gz,2
who.gho.mdg-0000000007,MDG_0000000007:NPL:SEX_MLE:AGEGROUP_YEARSUNDER5:WEALTHQUINTILE_TOTL,1966-01-01,2026-09-07T16:10:37Z,restated_at,2026-08-05,,who.gho.mdg-0000000007,raw/who.gho.mdg-0000000007/2026/09/20260907T161037Z-dfd3d6a5a745.json.gz,2
who.gho.mdg-0000000007,MDG_0000000007:NPL:SEX_MLE:AGEGROUP_YEARSUNDER5:WEALTHQUINTILE_TOTL,1966-01-01,2026-09-07T16:10:37Z,value,293.369683889,,who.gho.mdg-0000000007,raw/who.gho.mdg-0000000007/2026/09/20260907T161037Z-dfd3d6a5a745.json.gz,2
who.gho.mdg-0000000007,MDG_0000000007:NZL:SEX_BTSX:AGEGROUP_YEARSUNDER5:WEALTHQUINTILE_TOTL,1966-01-01,2026-09-07T16:09:26Z,high,22.968979972,,who.gho.mdg-0000000007,raw/who.gho.mdg-0000000007/2026/09/20260907T160926Z-3ee37906b339.json.gz,2
who.gho.mdg-0000000007,MDG_0000000007:NZL:SEX_BTSX:AGEGROUP_YEARSUNDER5:WEALTHQUINTILE_TOTL,1966-01-01,2026-09-07T16:09:26Z,low,22.063726809,,who.gho.mdg-0000000007,raw/who.gho.mdg-0000000007/2026/09/20260907T160926Z-3ee37906b339.json.gz,2
who.gho.mdg-0000000007,MDG_0000000007:NZL:SEX_BTSX:AGEGROUP_YEARSUNDER5:WEALTHQUINTILE_TOTL,1966-01-01,2026-09-07T16:09:26Z,restated_at,2026-08-05,,who.gho.mdg-0000000007,raw/who.gho.mdg-0000000007/2026/09/20260907T160926Z-3ee37906b339.json.gz,2
who.gho.mdg-0000000007,MDG_0000000007:NZL:SEX_BTSX:AGEGROUP_YEARSUNDER5:WEALTHQUINTILE_TOTL,1966-01-01,2026-09-07T16:09:26Z,value,22.522180886,,who.gho.mdg-0000000007,raw/who.gho.mdg-0000000007/2026/09/20260907T160926Z-3ee37906b339.json.gz,2
who.gho.mdg-0000000007,MDG_0000000007:NZL:SEX_FMLE:AGEGROUP_YEARSUNDER5:WEALTHQUINTILE_TOTL,1966-01-01,2026-09-07T16:10:17Z,high,19.997432255,,who.gho.mdg-0000000007,raw/who.gho.mdg-0000000007/2026/09/20260907T161017Z-ca4dbf4e12d6.json.gz,2
who.gho.mdg-0000000007,MDG_0000000007:NZL:SEX_FMLE:AGEGROUP_YEARSUNDER5:WEALTHQUINTILE_TOTL,1966-01-01,2026-09-07T16:10:17Z,low,18.976442168,,who.gho.mdg-0000000007,raw/who.gho.mdg-0000000007/2026/09/20260907T161017Z-ca4dbf4e12d6.json.gz,2
who.gho.mdg-0000000007,MDG_0000000007:NZL:SEX_FMLE:AGEGROUP_YEARSUNDER5:WEALTHQUINTILE_TOTL,1966-01-01,2026-09-07T16:10:17Z,restated_at,2026-08-05,,who.gho.mdg-0000000007,raw/who.gho.mdg-0000000007/2026/09/20260907T161017Z-ca4dbf4e12d6.json.gz,2
who.gho.mdg-0000000007,MDG_0000000007:NZL:SEX_FMLE:AGEGROUP_YEARSUNDER5:WEALTHQUINTILE_TOTL,1966-01-01,2026-09-07T16:10:17Z,value,19.492982781,,who.gho.mdg-0000000007,raw/who.gho.mdg-0000000007/2026/09/20260907T161017Z-ca4dbf4e12d6.json.gz,2
who.gho.mdg-0000000007,MDG_0000000007:NZL:SEX_MLE:AGEGROUP_YEARSUNDER5:WEALTHQUINTILE_TOTL,1966-01-01,2026-09-07T16:10:53Z,high,26.012277032,,who.gho.mdg-0000000007,raw/who.gho.mdg-0000000007/2026/09/20260907T161053Z-9a5808e2a757.json.gz,2
who.gho.mdg-0000000007,MDG_0000000007:NZL:SEX_MLE:AGEGROUP_YEARSUNDER5:WEALTHQUINTILE_TOTL,1966-01-01,2026-09-07T16:10:53Z,low,24.809614652,,who.gho.mdg-0000000007,raw/who.gho.mdg-0000000007/2026/09/20260907T161053Z-9a5808e2a757.json.gz,2
who.gho.mdg-0000000007,MDG_0000000007:NZL:SEX_MLE:AGEGROUP_YEARSUNDER5:WEALTHQUINTILE_TOTL,1966-01-01,2026-09-07T16:10:53Z,restated_at,2026-08-05,,who.gho.mdg-0000000007,raw/who.gho.mdg-0000000007/2026/09/20260907T161053Z-9a5808e2a757.json.gz,2
who.gho.mdg-0000000007,MDG_0000000007:NZL:SEX_MLE:AGEGROUP_YEARSUNDER5:WEALTHQUINTILE_TOTL,1966-01-01,2026-09-07T16:10:53Z,value,25.407383493,,who.gho.mdg-0000000007,raw/who.gho.mdg-0000000007/2026/09/20260907T161053Z-9a5808e2a757.json.gz,2
who.gho.mdg-0000000007,MDG_0000000007:OMN:SEX_BTSX:AGEGROUP_YEARSUNDER5:WEALTHQUINTILE_TOTL,1966-01-01,2026-09-07T16:06:29Z,high,333.842047046,,who.gho.mdg-0000000007,raw/who.gho.mdg-0000000007/2026/09/20260907T160629Z-f6ed87825938.json.gz,2
who.gho.mdg-0000000007,MDG_0000000007:OMN:SEX_BTSX:AGEGROUP_YEARSUNDER5:WEALTHQUINTILE_TOTL,1966-01-01,2026-09-07T16:06:29Z,low,238.593312712,,who.gho.mdg-0000000007,raw/who.gho.mdg-0000000007/2026/09/20260907T160629Z-f6ed87825938.json.gz,2
who.gho.mdg-0000000007,MDG_0000000007:OMN:SEX_BTSX:AGEGROUP_YEARSUNDER5:WEALTHQUINTILE_TOTL,1966-01-01,2026-09-07T16:06:29Z,restated_at,2026-08-05,,who.gho.mdg-0000000007,raw/who.gho.mdg-0000000007/2026/09/20260907T160629Z-f6ed87825938.json.gz,2
who.gho.mdg-0000000007,MDG_0000000007:OMN:SEX_BTSX:AGEGROUP_YEARSUNDER5:WEALTHQUINTILE_TOTL,1966-01-01,2026-09-07T16:06:29Z,value,282.804979966,,who.gho.mdg-0000000007,raw/who.gho.mdg-0000000007/2026/09/20260907T160629Z-f6ed87825938.json.gz,2
who.gho.mdg-0000000007,MDG_0000000007:OMN:SEX_FMLE:AGEGROUP_YEARSUNDER5:WEALTHQUINTILE_TOTL,1966-01-01,2026-09-07T16:05:14Z,high,327.106901527,,who.gho.mdg-0000000007,raw/who.gho.mdg-0000000007/2026/09/20260907T160514Z-6205b585146a.json.gz,2
who.gho.mdg-0000000007,MDG_0000000007:OMN:SEX_FMLE:AGEGROUP_YEARSUNDER5:WEALTHQUINTILE_TOTL,1966-01-01,2026-09-07T16:05:14Z,low,230.269045249,,who.gho.mdg-0000000007,raw/who.gho.mdg-0000000007/2026/09/20260907T160514Z-6205b585146a.json.gz,2
who.gho.mdg-0000000007,MDG_0000000007:OMN:SEX_FMLE:AGEGROUP_YEARSUNDER5:WEALTHQUINTILE_TOTL,1966-01-01,2026-09-07T16:05:14Z,restated_at,2026-08-05,,who.gho.mdg-0000000007,raw/who.gho.mdg-0000000007/2026/09/20260907T160514Z-6205b585146a.json.gz,2
who.gho.mdg-0000000007,MDG_0000000007:OMN:SEX_FMLE:AGEGROUP_YEARSUNDER5:WEALTHQUINTILE_TOTL,1966-01-01,2026-09-07T16:05:14Z,value,275.008114578,,who.gho.mdg-0000000007,raw/who.gho.mdg-0000000007/2026/09/20260907T160514Z-6205b585146a.json.gz,2
who.gho.mdg-0000000007,MDG_0000000007:OMN:SEX_MLE:AGEGROUP_YEARSUNDER5:WEALTHQUINTILE_TOTL,1966-01-01,2026-09-07T16:10:37Z,high,342.69809706,,who.gho.mdg-0000000007,raw/who.gho.mdg-0000000007/2026/09/20260907T161037Z-dfd3d6a5a745.json.gz,2
who.gho.mdg-0000000007,MDG_0000000007:OMN:SEX_MLE:AGEGROUP_YEARSUNDER5:WEALTHQUINTILE_TOTL,1966-01-01,2026-09-07T16:10:37Z,low,243.958087801,,who.gho.mdg-0000000007,raw/who.gho.mdg-0000000007/2026/09/20260907T161037Z-dfd3d6a5a745.json.gz,2
who.gho.mdg-0000000007,MDG_0000000007:OMN:SEX_MLE:AGEGROUP_YEARSUNDER5:WEALTHQUINTILE_TOTL,1966-01-01,2026-09-07T16:10:37Z,restated_at,2026-08-05,,who.gho.mdg-0000000007,raw/who.gho.mdg-0000000007/2026/09/20260907T161037Z-dfd3d6a5a745.json.gz,2
who.gho.mdg-0000000007,MDG_0000000007:OMN:SEX_MLE:AGEGROUP_YEARSUNDER5:WEALTHQUINTILE_TOTL,1966-01-01,2026-09-07T16:10:37Z,value,289.944223467,,who.gho.mdg-0000000007,raw/who.gho.mdg-0000000007/2026/09/20260907T161037Z-dfd3d6a5a745.json.gz,2
who.gho.mdg-0000000007,MDG_0000000007:PAK:SEX_BTSX:AGEGROUP_YEARSUNDER5:WEALTHQUINTILE_TOTL,1966-01-01,2026-09-07T16:09:54Z,high,225.473516081,,who.gho.mdg-0000000007,raw/who.gho.mdg-0000000007/2026/09/20260907T160954Z-3426e3999bb4.json.gz,2
who.gho.mdg-0000000007,MDG_0000000007:PAK:SEX_BTSX:AGEGROUP_YEARSUNDER5:WEALTHQUINTILE_TOTL,1966-01-01,2026-09-07T16:09:54Z,low,190.052536935,,who.gho.mdg-0000000007,raw/who.gho.mdg-0000000007/2026/09/20260907T160954Z-3426e3999bb4.json.gz,2
who.gho.mdg-0000000007,MDG_0000000007:PAK:SEX_BTSX:AGEGROUP_YEARSUNDER5:WEALTHQUINTILE_TOTL,1966-01-01,2026-09-07T16:09:54Z,restated_at,2026-08-05,,who.gho.mdg-0000000007,raw/who.gho.mdg-0000000007/2026/09/20260907T160954Z-3426e3999bb4.json.gz,2
who.gho.mdg-0000000007,MDG_0000000007:PAK:SEX_BTSX:AGEGROUP_YEARSUNDER5:WEALTHQUINTILE_TOTL,1966-01-01,2026-09-07T16:09:54Z,value,207.283817486,,who.gho.mdg-0000000007,raw/who.gho.mdg-0000000007/2026/09/20260907T160954Z-3426e3999bb4.json.gz,2
who.gho.mdg-0000000007,MDG_0000000007:PAK:SEX_FMLE:AGEGROUP_YEARSUNDER5:WEALTHQUINTILE_TOTL,1966-01-01,2026-09-07T16:09:03Z,high,226.625888497,,who.gho.mdg-0000000007,raw/who.gho.mdg-0000000007/2026/09/20260907T160903Z-df09845b881e.json.gz,2
who.gho.mdg-0000000007,MDG_0000000007:PAK:SEX_FMLE:AGEGROUP_YEARSUNDER5:WEALTHQUINTILE_TOTL,1966-01-01,2026-09-07T16:09:03Z,low,189.968416186,,who.gho.mdg-0000000007,raw/who.gho.mdg-0000000007/2026/09/20260907T160903Z-df09845b881e.json.gz,2
who.gho.mdg-0000000007,MDG_0000000007:PAK:SEX_FMLE:AGEGROUP_YEARSUNDER5:WEALTHQUINTILE_TOTL,1966-01-01,2026-09-07T16:09:03Z,restated_at,2026-08-05,,who.gho.mdg-0000000007,raw/who.gho.mdg-0000000007/2026/09/20260907T160903Z-df09845b881e.json.gz,2
who.gho.mdg-0000000007,MDG_0000000007:PAK:SEX_FMLE:AGEGROUP_YEARSUNDER5:WEALTHQUINTILE_TOTL,1966-01-01,2026-09-07T16:09:03Z,value,207.875074821,,who.gho.mdg-0000000007,raw/who.gho.mdg-0000000007/2026/09/20260907T160903Z-df09845b881e.json.gz,2
who.gho.mdg-0000000007,MDG_0000000007:PAK:SEX_MLE:AGEGROUP_YEARSUNDER5:WEALTHQUINTILE_TOTL,1966-01-01,2026-09-07T16:11:18Z,high,225.612310694,,who.gho.mdg-0000000007,raw/who.gho.mdg-0000000007/2026/09/20260907T161118Z-85c02b5f4e3c.json.gz,2
who.gho.mdg-0000000007,MDG_0000000007:PAK:SEX_MLE:AGEGROUP_YEARSUNDER5:WEALTHQUINTILE_TOTL,1966-01-01,2026-09-07T16:11:18Z,low,189.141344083,,who.gho.mdg-0000000007,raw/who.gho.mdg-0000000007/2026/09/20260907T161118Z-85c02b5f4e3c.json.gz,2
who.gho.mdg-0000000007,MDG_0000000007:PAK:SEX_MLE:AGEGROUP_YEARSUNDER5:WEALTHQUINTILE_TOTL,1966-01-01,2026-09-07T16:11:18Z,restated_at,2026-08-05,,who.gho.mdg-0000000007,raw/who.gho.mdg-0000000007/2026/09/20260907T161118Z-85c02b5f4e3c.json.gz,2
who.gho.mdg-0000000007,MDG_0000000007:PAK:SEX_MLE:AGEGROUP_YEARSUNDER5:WEALTHQUINTILE_TOTL,1966-01-01,2026-09-07T16:11:18Z,value,206.808219926,,who.gho.mdg-0000000007,raw/who.gho.mdg-0000000007/2026/09/20260907T161118Z-85c02b5f4e3c.json.gz,2
who.gho.mdg-0000000007,MDG_0000000007:PAN:SEX_BTSX:AGEGROUP_YEARSUNDER5:WEALTHQUINTILE_TOTL,1966-01-01,2026-09-07T16:09:46Z,high,87.770243564,,who.gho.mdg-0000000007,raw/who.gho.mdg-0000000007/2026/09/20260907T160946Z-716d23d235ed.json.gz,2
who.gho.mdg-0000000007,MDG_0000000007:PAN:SEX_BTSX:AGEGROUP_YEARSUNDER5:WEALTHQUINTILE_TOTL,1966-01-01,2026-09-07T16:09:46Z,low,70.817812046,,who.gho.mdg-0000000007,raw/who.gho.mdg-0000000007/2026/09/20260907T160946Z-716d23d235ed.json.gz,2
who.gho.mdg-0000000007,MDG_0000000007:PAN:SEX_BTSX:AGEGROUP_YEARSUNDER5:WEALTHQUINTILE_TOTL,1966-01-01,2026-09-07T16:09:46Z,restated_at,2026-08-05,,who.gho.mdg-0000000007,raw/who.gho.mdg-0000000007/2026/09/20260907T160946Z-716d23d235ed.json.gz,2
who.gho.mdg-0000000007,MDG_0000000007:PAN:SEX_BTSX:AGEGROUP_YEARSUNDER5:WEALTHQUINTILE_TOTL,1966-01-01,2026-09-07T16:09:46Z,value,79.193215353,,who.gho.mdg-0000000007,raw/who.gho.mdg-0000000007/2026/09/20260907T160946Z-716d23d235ed.json.gz,2
who.gho.mdg-0000000007,MDG_0000000007:PAN:SEX_FMLE:AGEGROUP_YEARSUNDER5:WEALTHQUINTILE_TOTL,1966-01-01,2026-09-07T16:11:22Z,high,82.744693376,,who.gho.mdg-0000000007,raw/who.gho.mdg-0000000007/2026/09/20260907T161122Z-4e9c288e3adb.json.gz,2
who.gho.mdg-0000000007,MDG_0000000007:PAN:SEX_FMLE:AGEGROUP_YEARSUNDER5:WEALTHQUINTILE_TOTL,1966-01-01,2026-09-07T16:11:22Z,low,65.918588095,,who.gho.mdg-0000000007,raw/who.gho.mdg-0000000007/2026/09/20260907T161122Z-4e9c288e3adb.json.gz,2
who.gho.mdg-0000000007,MDG_0000000007:PAN:SEX_FMLE:AGEGROUP_YEARSUNDER5:WEALTHQUINTILE_TOTL,1966-01-01,2026-09-07T16:11:22Z,restated_at,2026-08-05,,who.gho.mdg-0000000007,raw/who.gho.mdg-0000000007/2026/09/20260907T161122Z-4e9c288e3adb.json.gz,2
who.gho.mdg-0000000007,MDG_0000000007:PAN:SEX_FMLE:AGEGROUP_YEARSUNDER5:WEALTHQUINTILE_TOTL,1966-01-01,2026-09-07T16:11:22Z,value,74.098388629,,who.gho.mdg-0000000007,raw/who.gho.mdg-0000000007/2026/09/20260907T161122Z-4e9c288e3adb.json.gz,2
who.gho.mdg-0000000007,MDG_0000000007:PAN:SEX_MLE:AGEGROUP_YEARSUNDER5:WEALTHQUINTILE_TOTL,1966-01-01,2026-09-07T16:10:07Z,high,93.407278138,,who.gho.mdg-0000000007,raw/who.gho.mdg-0000000007/2026/09/20260907T161007Z-28c6cde3082c.json.gz,2
who.gho.mdg-0000000007,MDG_0000000007:PAN:SEX_MLE:AGEGROUP_YEARSUNDER5:WEALTHQUINTILE_TOTL,1966-01-01,2026-09-07T16:10:07Z,low,74.86866534,,who.gho.mdg-0000000007,raw/who.gho.mdg-0000000007/2026/09/20260907T161007Z-28c6cde3082c.json.gz,2
who.gho.mdg-0000000007,MDG_0000000007:PAN:SEX_MLE:AGEGROUP_YEARSUNDER5:WEALTHQUINTILE_TOTL,1966-01-01,2026-09-07T16:10:07Z,restated_at,2026-08-05,,who.gho.mdg-0000000007,raw/who.gho.mdg-0000000007/2026/09/20260907T161007Z-28c6cde3082c.json.gz,2
who.gho.mdg-0000000007,MDG_0000000007:PAN:SEX_MLE:AGEGROUP_YEARSUNDER5:WEALTHQUINTILE_TOTL,1966-01-01,2026-09-07T16:10:07Z,value,84.09127624,,who.gho.mdg-0000000007,raw/who.gho.mdg-0000000007/2026/09/20260907T161007Z-28c6cde3082c.json.gz,2
who.gho.mdg-0000000007,MDG_0000000007:PER:SEX_BTSX:AGEGROUP_YEARSUNDER5:WEALTHQUINTILE_TOTL,1966-01-01,2026-09-07T16:10:45Z,high,203.223034815,,who.gho.mdg-0000000007,raw/who.gho.mdg-0000000007/2026/09/20260907T161045Z-53a7d24c459b.json.gz,2
who.gho.mdg-0000000007,MDG_0000000007:PER:SEX_BTSX:AGEGROUP_YEARSUNDER5:WEALTHQUINTILE_TOTL,1966-01-01,2026-09-07T16:10:45Z,low,177.205220712,,who.gho.mdg-0000000007,raw/who.gho.mdg-0000000007/2026/09/20260907T161045Z-53a7d24c459b.json.gz,2
who.gho.mdg-0000000007,MDG_0000000007:PER:SEX_BTSX:AGEGROUP_YEARSUNDER5:WEALTHQUINTILE_TOTL,1966-01-01,2026-09-07T16:10:45Z,restated_at,2026-08-05,,who.gho.mdg-0000000007,raw/who.gho.mdg-0000000007/2026/09/20260907T161045Z-53a7d24c459b.json.gz,2
who.gho.mdg-0000000007,MDG_0000000007:PER:SEX_BTSX:AGEGROUP_YEARSUNDER5:WEALTHQUINTILE_TOTL,1966-01-01,2026-09-07T16:10:45Z,value,189.88036133,,who.gho.mdg-0000000007,raw/who.gho.mdg-0000000007/2026/09/20260907T161045Z-53a7d24c459b.json.gz,2
who.gho.mdg-0000000007,MDG_0000000007:PER:SEX_FMLE:AGEGROUP_YEARSUNDER5:WEALTHQUINTILE_TOTL,1966-01-01,2026-09-07T16:05:57Z,high,193.794503942,,who.gho.mdg-0000000007,raw/who.gho.mdg-0000000007/2026/09/20260907T160557Z-c8e786907d46.json.gz,2
who.gho.mdg-0000000007,MDG_0000000007:PER:SEX_FMLE:AGEGROUP_YEARSUNDER5:WEALTHQUINTILE_TOTL,1966-01-01,2026-09-07T16:05:57Z,low,167.831158964,,who.gho.mdg-0000000007,raw/who.gho.mdg-0000000007/2026/09/20260907T160557Z-c8e786907d46.json.gz,2
who.gho.mdg-0000000007,MDG_0000000007:PER:SEX_FMLE:AGEGROUP_YEARSUNDER5:WEALTHQUINTILE_TOTL,1966-01-01,2026-09-07T16:05:57Z,restated_at,2026-08-05,,who.gho.mdg-0000000007,raw/who.gho.mdg-0000000007/2026/09/20260907T160557Z-c8e786907d46.json.gz,2
who.gho.mdg-0000000007,MDG_0000000007:PER:SEX_FMLE:AGEGROUP_YEARSUNDER5:WEALTHQUINTILE_TOTL,1966-01-01,2026-09-07T16:05:57Z,value,180.465176787,,who.gho.mdg-0000000007,raw/who.gho.mdg-0000000007/2026/09/20260907T160557Z-c8e786907d46.json.gz,2
who.gho.mdg-0000000007,MDG_0000000007:PER:SEX_MLE:AGEGROUP_YEARSUNDER5:WEALTHQUINTILE_TOTL,1966-01-01,2026-09-07T16:11:01Z,high,213.424706314,,who.gho.mdg-0000000007,raw/who.gho.mdg-0000000007/2026/09/20260907T161101Z-fc76d9a7e10d.json.gz,2
who.gho.mdg-0000000007,MDG_0000000007:PER:SEX_MLE:AGEGROUP_YEARSUNDER5:WEALTHQUINTILE_TOTL,1966-01-01,2026-09-07T16:11:01Z,low,184.918602325,,who.gho.mdg-0000000007,raw/who.gho.mdg-0000000007/2026/09/20260907T161101Z-fc76d9a7e10d.json.gz,2
who.gho.mdg-0000000007,MDG_0000000007:PER:SEX_MLE:AGEGROUP_YEARSUNDER5:WEALTHQUINTILE_TOTL,1966-01-01,2026-09-07T16:11:01Z,restated_at,2026-08-05,,who.gho.mdg-0000000007,raw/who.gho.mdg-0000000007/2026/09/20260907T161101Z-fc76d9a7e10d.json.gz,2
who.gho.mdg-0000000007,MDG_0000000007:PER:SEX_MLE:AGEGROUP_YEARSUNDER5:WEALTHQUINTILE_TOTL,1966-01-01,2026-09-07T16:11:01Z,value,198.778326853,,who.gho.mdg-0000000007,raw/who.gho.mdg-0000000007/2026/09/20260907T161101Z-fc76d9a7e10d.json.gz,2
who.gho.mdg-0000000007,MDG_0000000007:PHL:SEX_BTSX:AGEGROUP_YEARSUNDER5:WEALTHQUINTILE_TOTL,1966-01-01,2026-09-07T16:10:24Z,high,99.044832158,,who.gho.mdg-0000000007,raw/who.gho.mdg-0000000007/2026/09/20260907T161024Z-808a2a46070d.json.gz,2
who.gho.mdg-0000000007,MDG_0000000007:PHL:SEX_BTSX:AGEGROUP_YEARSUNDER5:WEALTHQUINTILE_TOTL,1966-01-01,2026-09-07T16:10:24Z,low,79.330471606,,who.gho.mdg-0000000007,raw/who.gho.mdg-0000000007/2026/09/20260907T161024Z-808a2a46070d.json.gz,2
who.gho.mdg-0000000007,MDG_0000000007:PHL:SEX_BTSX:AGEGROUP_YEARSUNDER5:WEALTHQUINTILE_TOTL,1966-01-01,2026-09-07T16:10:24Z,restated_at,2026-08-05,,who.gho.mdg-0000000007,raw/who.gho.mdg-0000000007/2026/09/20260907T161024Z-808a2a46070d.json.gz,2
who.gho.mdg-0000000007,MDG_0000000007:PHL:SEX_BTSX:AGEGROUP_YEARSUNDER5:WEALTHQUINTILE_TOTL,1966-01-01,2026-09-07T16:10:24Z,value,88.791220284,,who.gho.mdg-0000000007,raw/who.gho.mdg-0000000007/2026/09/20260907T161024Z-808a2a46070d.json.gz,2
who.gho.mdg-0000000007,MDG_0000000007:PHL:SEX_FMLE:AGEGROUP_YEARSUNDER5:WEALTHQUINTILE_TOTL,1966-01-01,2026-09-07T16:05:09Z,high,93.005816524,,who.gho.mdg-0000000007,raw/who.gho.mdg-0000000007/2026/09/20260907T160509Z-9066130499c7.json.gz,2
who.gho.mdg-0000000007,MDG_0000000007:PHL:SEX_FMLE:AGEGROUP_YEARSUNDER5:WEALTHQUINTILE_TOTL,1966-01-01,2026-09-07T16:05:09Z,low,73.854681884,,who.gho.mdg-0000000007,raw/who.gho.mdg-0000000007/2026/09/20260907T160509Z-9066130499c7.json.gz,2
who.gho.mdg-0000000007,MDG_0000000007:PHL:SEX_FMLE:AGEGROUP_YEARSUNDER5:WEALTHQUINTILE_TOTL,1966-01-01,2026-09-07T16:05:09Z,restated_at,2026-08-05,,who.gho.mdg-0000000007,raw/who.gho.mdg-0000000007/2026/09/20260907T160509Z-9066130499c7.json.gz,2
who.gho.mdg-0000000007,MDG_0000000007:PHL:SEX_FMLE:AGEGROUP_YEARSUNDER5:WEALTHQUINTILE_TOTL,1966-01-01,2026-09-07T16:05:09Z,value,82.86325418,,who.gho.mdg-0000000007,raw/who.gho.mdg-0000000007/2026/09/20260907T160509Z-9066130499c7.json.gz,2
who.gho.mdg-0000000007,MDG_0000000007:PHL:SEX_MLE:AGEGROUP_YEARSUNDER5:WEALTHQUINTILE_TOTL,1966-01-01,2026-09-07T16:06:02Z,high,105.682475359,,who.gho.mdg-0000000007,raw/who.gho.mdg-0000000007/2026/09/20260907T160602Z-1adff4f5f376.json.gz,2
who.gho.mdg-0000000007,MDG_0000000007:PHL:SEX_MLE:AGEGROUP_YEARSUNDER5:WEALTHQUINTILE_TOTL,1966-01-01,2026-09-07T16:06:02Z,low,83.986411734,,who.gho.mdg-0000000007,raw/who.gho.mdg-0000000007/2026/09/20260907T160602Z-1adff4f5f376.json.gz,2
who.gho.mdg-0000000007,MDG_0000000007:PHL:SEX_MLE:AGEGROUP_YEARSUNDER5:WEALTHQUINTILE_TOTL,1966-01-01,2026-09-07T16:06:02Z,restated_at,2026-08-05,,who.gho.mdg-0000000007,raw/who.gho.mdg-0000000007/2026/09/20260907T160602Z-1adff4f5f376.json.gz,2
who.gho.mdg-0000000007,MDG_0000000007:PHL:SEX_MLE:AGEGROUP_YEARSUNDER5:WEALTHQUINTILE_TOTL,1966-01-01,2026-09-07T16:06:02Z,value,94.422654235,,who.gho.mdg-0000000007,raw/who.gho.mdg-0000000007/2026/09/20260907T160602Z-1adff4f5f376.json.gz,2
who.gho.mdg-0000000007,MDG_0000000007:PLW:SEX_BTSX:AGEGROUP_YEARSUNDER5:WEALTHQUINTILE_TOTL,1966-01-01,2026-09-07T16:05:57Z,high,142.147837462,,who.gho.mdg-0000000007,raw/who.gho.mdg-0000000007/2026/09/20260907T160557Z-c8e786907d46.json.gz,2
who.gho.mdg-0000000007,MDG_0000000007:PLW:SEX_BTSX:AGEGROUP_YEARSUNDER5:WEALTHQUINTILE_TOTL,1966-01-01,2026-09-07T16:05:57Z,low,55.316927483,,who.gho.mdg-0000000007,raw/who.gho.mdg-0000000007/2026/09/20260907T160557Z-c8e786907d46.json.gz,2
who.gho.mdg-0000000007,MDG_0000000007:PLW:SEX_BTSX:AGEGROUP_YEARSUNDER5:WEALTHQUINTILE_TOTL,1966-01-01,2026-09-07T16:05:57Z,restated_at,2026-08-05,,who.gho.mdg-0000000007,raw/who.gho.mdg-0000000007/2026/09/20260907T160557Z-c8e786907d46.json.gz,2
who.gho.mdg-0000000007,MDG_0000000007:PLW:SEX_BTSX:AGEGROUP_YEARSUNDER5:WEALTHQUINTILE_TOTL,1966-01-01,2026-09-07T16:05:57Z,value,93.891127914,,who.gho.mdg-0000000007,raw/who.gho.mdg-0000000007/2026/09/20260907T160557Z-c8e786907d46.json.gz,2
who.gho.mdg-0000000007,MDG_0000000007:PLW:SEX_FMLE:AGEGROUP_YEARSUNDER5:WEALTHQUINTILE_TOTL,1966-01-01,2026-09-07T16:10:30Z,high,131.981194458,,who.gho.mdg-0000000007,raw/who.gho.mdg-0000000007/2026/09/20260907T161030Z-d2101d8df79b.json.gz,2
who.gho.mdg-0000000007,MDG_0000000007:PLW:SEX_FMLE:AGEGROUP_YEARSUNDER5:WEALTHQUINTILE_TOTL,1966-01-01,2026-09-07T16:10:30Z,low,50.987241924,,who.gho.mdg-0000000007,raw/who.gho.mdg-0000000007/2026/09/20260907T161030Z-d2101d8df79b.json.gz,2
who.gho.mdg-0000000007,MDG_0000000007:PLW:SEX_FMLE:AGEGROUP_YEARSUNDER5:WEALTHQUINTILE_TOTL,1966-01-01,2026-09-07T16:10:30Z,restated_at,2026-08-05,,who.gho.mdg-0000000007,raw/who.gho.mdg-0000000007/2026/09/20260907T161030Z-d2101d8df79b.json.gz,2
who.gho.mdg-0000000007,MDG_0000000007:PLW:SEX_FMLE:AGEGROUP_YEARSUNDER5:WEALTHQUINTILE_TOTL,1966-01-01,2026-09-07T16:10:30Z,value,86.538993554,,who.gho.mdg-0000000007,raw/who.gho.mdg-0000000007/2026/09/20260907T161030Z-d2101d8df79b.json.gz,2
who.gho.mdg-0000000007,MDG_0000000007:PLW:SEX_MLE:AGEGROUP_YEARSUNDER5:WEALTHQUINTILE_TOTL,1966-01-01,2026-09-07T16:09:22Z,high,152.924041782,,who.gho.mdg-0000000007,raw/who.gho.mdg-0000000007/2026/09/20260907T160922Z-b03be7779b07.json.gz,2
who.gho.mdg-0000000007,MDG_0000000007:PLW:SEX_MLE:AGEGROUP_YEARSUNDER5:WEALTHQUINTILE_TOTL,1966-01-01,2026-09-07T16:09:22Z,low,59.363527503,,who.gho.mdg-0000000007,raw/who.gho.mdg-0000000007/2026/09/20260907T160922Z-b03be7779b07.json.gz,2
who.gho.mdg-0000000007,MDG_0000000007:PLW:SEX_MLE:AGEGROUP_YEARSUNDER5:WEALTHQUINTILE_TOTL,1966-01-01,2026-09-07T16:09:22Z,restated_at,2026-08-05,,who.gho.mdg-0000000007,raw/who.gho.mdg-0000000007/2026/09/20260907T160922Z-b03be7779b07.json.gz,2
who.gho.mdg-0000000007,MDG_0000000007:PLW:SEX_MLE:AGEGROUP_YEARSUNDER5:WEALTHQUINTILE_TOTL,1966-01-01,2026-09-07T16:09:22Z,value,100.658070591,,who.gho.mdg-0000000007,raw/who.gho.mdg-0000000007/2026/09/20260907T160922Z-b03be7779b07.json.gz,2
who.gho.mdg-0000000007,MDG_0000000007:PNG:SEX_BTSX:AGEGROUP_YEARSUNDER5:WEALTHQUINTILE_TOTL,1966-01-01,2026-09-07T16:08:50Z,high,184.104665678,,who.gho.mdg-0000000007,raw/who.gho.mdg-0000000007/2026/09/20260907T160850Z-957169f3a50e.json.gz,2
who.gho.mdg-0000000007,MDG_0000000007:PNG:SEX_BTSX:AGEGROUP_YEARSUNDER5:WEALTHQUINTILE_TOTL,1966-01-01,2026-09-07T16:08:50Z,low,146.971507034,,who.gho.mdg-0000000007,raw/who.gho.mdg-0000000007/2026/09/20260907T160850Z-957169f3a50e.json.gz,2
who.gho.mdg-0000000007,MDG_0000000007:PNG:SEX_BTSX:AGEGROUP_YEARSUNDER5:WEALTHQUINTILE_TOTL,1966-01-01,2026-09-07T16:08:50Z,restated_at,2026-08-05,,who.gho.mdg-0000000007,raw/who.gho.mdg-0000000007/2026/09/20260907T160850Z-957169f3a50e.json.gz,2
who.gho.mdg-0000000007,MDG_0000000007:PNG:SEX_BTSX:AGEGROUP_YEARSUNDER5:WEALTHQUINTILE_TOTL,1966-01-01,2026-09-07T16:08:50Z,value,163.765286052,,who.gho.mdg-0000000007,raw/who.gho.mdg-0000000007/2026/09/20260907T160850Z-957169f3a50e.json.gz,2
who.gho.mdg-0000000007,MDG_0000000007:PNG:SEX_FMLE:AGEGROUP_YEARSUNDER5:WEALTHQUINTILE_TOTL,1966-01-01,2026-09-07T16:10:17Z,high,178.005555826,,who.gho.mdg-0000000007,raw/who.gho.mdg-0000000007/2026/09/20260907T161017Z-ca4dbf4e12d6.json.gz,2
who.gho.mdg-0000000007,MDG_0000000007:PNG:SEX_FMLE:AGEGROUP_YEARSUNDER5:WEALTHQUINTILE_TOTL,1966-01-01,2026-09-07T16:10:17Z,low,140.274728411,,who.gho.mdg-0000000007,raw/who.gho.mdg-0000000007/2026/09/20260907T161017Z-ca4dbf4e12d6.json.gz,2
who.gho.mdg-0000000007,MDG_0000000007:PNG:SEX_FMLE:AGEGROUP_YEARSUNDER5:WEALTHQUINTILE_TOTL,1966-01-01,2026-09-07T16:10:17Z,restated_at,2026-08-05,,who.gho.mdg-0000000007,raw/who.gho.mdg-0000000007/2026/09/20260907T161017Z-ca4dbf4e12d6.json.gz,2
who.gho.mdg-0000000007,MDG_0000000007:PNG:SEX_FMLE:AGEGROUP_YEARSUNDER5:WEALTHQUINTILE_TOTL,1966-01-01,2026-09-07T16:10:17Z,value,157.170339694,,who.gho.mdg-0000000007,raw/who.gho.mdg-0000000007/2026/09/20260907T161017Z-ca4dbf4e12d6.json.gz,2
who.gho.mdg-0000000007,MDG_0000000007:PNG:SEX_MLE:AGEGROUP_YEARSUNDER5:WEALTHQUINTILE_TOTL,1966-01-01,2026-09-07T16:08:45Z,high,192.166416259,,who.gho.mdg-0000000007,raw/who.gho.mdg-0000000007/2026/09/20260907T160845Z-9b23f1f1b45b.json.gz,2
who.gho.mdg-0000000007,MDG_0000000007:PNG:SEX_MLE:AGEGROUP_YEARSUNDER5:WEALTHQUINTILE_TOTL,1966-01-01,2026-09-07T16:08:45Z,low,151.262827663,,who.gho.mdg-0000000007,raw/who.gho.mdg-0000000007/2026/09/20260907T160845Z-9b23f1f1b45b.json.gz,2
who.gho.mdg-0000000007,MDG_0000000007:PNG:SEX_MLE:AGEGROUP_YEARSUNDER5:WEALTHQUINTILE_TOTL,1966-01-01,2026-09-07T16:08:45Z,restated_at,2026-08-05,,who.gho.mdg-0000000007,raw/who.gho.mdg-0000000007/2026/09/20260907T160845Z-9b23f1f1b45b.json.gz,2
who.gho.mdg-0000000007,MDG_0000000007:PNG:SEX_MLE:AGEGROUP_YEARSUNDER5:WEALTHQUINTILE_TOTL,1966-01-01,2026-09-07T16:08:45Z,value,169.844510996,,who.gho.mdg-0000000007,raw/who.gho.mdg-0000000007/2026/09/20260907T160845Z-9b23f1f1b45b.json.gz,2
who.gho.mdg-0000000007,MDG_0000000007:POL:SEX_BTSX:AGEGROUP_YEARSUNDER5:WEALTHQUINTILE_TOTL,1966-01-01,2026-09-07T16:05:14Z,high,43.76994533,,who.gho.mdg-0000000007,raw/who.gho.mdg-0000000007/2026/09/20260907T160514Z-6205b585146a.json.gz,2
who.gho.mdg-0000000007,MDG_0000000007:POL:SEX_BTSX:AGEGROUP_YEARSUNDER5:WEALTHQUINTILE_TOTL,1966-01-01,2026-09-07T16:05:14Z,low,41.986100998,,who.gho.mdg-0000000007,raw/who.gho.mdg-0000000007/2026/09/20260907T160514Z-6205b585146a.json.gz,2
who.gho.mdg-0000000007,MDG_0000000007:POL:SEX_BTSX:AGEGROUP_YEARSUNDER5:WEALTHQUINTILE_TOTL,1966-01-01,2026-09-07T16:05:14Z,restated_at,2026-08-05,,who.gho.mdg-0000000007,raw/who.gho.mdg-0000000007/2026/09/20260907T160514Z-6205b585146a.json.gz,2
who.gho.mdg-0000000007,MDG_0000000007:POL:SEX_BTSX:AGEGROUP_YEARSUNDER5:WEALTHQUINTILE_TOTL,1966-01-01,2026-09-07T16:05:14Z,value,42.877701687,,who.gho.mdg-0000000007,raw/who.gho.mdg-0000000007/2026/09/20260907T160514Z-6205b585146a.json.gz,2
who.gho.mdg-0000000007,MDG_0000000007:POL:SEX_FMLE:AGEGROUP_YEARSUNDER5:WEALTHQUINTILE_TOTL,1966-01-01,2026-09-07T16:10:30Z,high,38.275020325,,who.gho.mdg-0000000007,raw/who.gho.mdg-0000000007/2026/09/20260907T161030Z-d2101d8df79b.json.gz,2
who.gho.mdg-0000000007,MDG_0000000007:POL:SEX_FMLE:AGEGROUP_YEARSUNDER5:WEALTHQUINTILE_TOTL,1966-01-01,2026-09-07T16:10:30Z,low,36.603879084,,who.gho.mdg-0000000007,raw/who.gho.mdg-0000000007/2026/09/20260907T161030Z-d2101d8df79b.json.gz,2
who.gho.mdg-0000000007,MDG_0000000007:POL:SEX_FMLE:AGEGROUP_YEARSUNDER5:WEALTHQUINTILE_TOTL,1966-01-01,2026-09-07T16:10:30Z,restated_at,2026-08-05,,who.gho.mdg-0000000007,raw/who.gho.mdg-0000000007/2026/09/20260907T161030Z-d2101d8df79b.json.gz,2
who.gho.mdg-0000000007,MDG_0000000007:POL:SEX_FMLE:AGEGROUP_YEARSUNDER5:WEALTHQUINTILE_TOTL,1966-01-01,2026-09-07T16:10:30Z,value,37.438291377,,who.gho.mdg-0000000007,raw/who.gho.mdg-0000000007/2026/09/20260907T161030Z-d2101d8df79b.json.gz,2
who.gho.mdg-0000000007,MDG_0000000007:POL:SEX_MLE:AGEGROUP_YEARSUNDER5:WEALTHQUINTILE_TOTL,1966-01-01,2026-09-07T16:06:16Z,high,49.097732126,,who.gho.mdg-0000000007,raw/who.gho.mdg-0000000007/2026/09/20260907T160616Z-615f6bfccb87.json.gz,2
who.gho.mdg-0000000007,MDG_0000000007:POL:SEX_MLE:AGEGROUP_YEARSUNDER5:WEALTHQUINTILE_TOTL,1966-01-01,2026-09-07T16:06:16Z,low,47.008087715,,who.gho.mdg-0000000007,raw/who.gho.mdg-0000000007/2026/09/20260907T160616Z-615f6bfccb87.json.gz,2
who.gho.mdg-0000000007,MDG_0000000007:POL:SEX_MLE:AGEGROUP_YEARSUNDER5:WEALTHQUINTILE_TOTL,1966-01-01,2026-09-07T16:06:16Z,restated_at,2026-08-05,,who.gho.mdg-0000000007,raw/who.gho.mdg-0000000007/2026/09/20260907T160616Z-615f6bfccb87.json.gz,2
who.gho.mdg-0000000007,MDG_0000000007:POL:SEX_MLE:AGEGROUP_YEARSUNDER5:WEALTHQUINTILE_TOTL,1966-01-01,2026-09-07T16:06:16Z,value,48.059076465,,who.gho.mdg-0000000007,raw/who.gho.mdg-0000000007/2026/09/20260907T160616Z-615f6bfccb87.json.gz,2
who.gho.mdg-0000000007,MDG_0000000007:PRK:SEX_BTSX:AGEGROUP_YEARSUNDER5:WEALTHQUINTILE_TOTL,1966-01-01,2026-09-07T16:11:26Z,high,114.733579023,,who.gho.mdg-0000000007,raw/who.gho.mdg-0000000007/2026/09/20260907T161126Z-f3f9061ab4f7.json.gz,2
who.gho.mdg-0000000007,MDG_0000000007:PRK:SEX_BTSX:AGEGROUP_YEARSUNDER5:WEALTHQUINTILE_TOTL,1966-01-01,2026-09-07T16:11:26Z,low,70.176515941,,who.gho.mdg-0000000007,raw/who.gho.mdg-0000000007/2026/09/20260907T161126Z-f3f9061ab4f7.json.gz,2
who.gho.mdg-0000000007,MDG_0000000007:PRK:SEX_BTSX:AGEGROUP_YEARSUNDER5:WEALTHQUINTILE_TOTL,1966-01-01,2026-09-07T16:11:26Z,restated_at,2025-04-15,,who.gho.mdg-0000000007,raw/who.gho.mdg-0000000007/2026/09/20260907T161126Z-f3f9061ab4f7.json.gz,2
who.gho.mdg-0000000007,MDG_0000000007:PRK:SEX_BTSX:AGEGROUP_YEARSUNDER5:WEALTHQUINTILE_TOTL,1966-01-01,2026-09-07T16:11:26Z,value,89.610539667,,who.gho.mdg-0000000007,raw/who.gho.mdg-0000000007/2026/09/20260907T161126Z-f3f9061ab4f7.json.gz,2
who.gho.mdg-0000000007,MDG_0000000007:PRK:SEX_FMLE:AGEGROUP_YEARSUNDER5:WEALTHQUINTILE_TOTL,1966-01-01,2026-09-07T16:05:57Z,high,107.118385611,,who.gho.mdg-0000000007,raw/who.gho.mdg-0000000007/2026/09/20260907T160557Z-c8e786907d46.json.gz,2
who.gho.mdg-0000000007,MDG_0000000007:PRK:SEX_FMLE:AGEGROUP_YEARSUNDER5:WEALTHQUINTILE_TOTL,1966-01-01,2026-09-07T16:05:57Z,low,65.089212867,,who.gho.mdg-0000000007,raw/who.gho.mdg-0000000007/2026/09/20260907T160557Z-c8e786907d46.json.gz,2
who.gho.mdg-0000000007,MDG_0000000007:PRK:SEX_FMLE:AGEGROUP_YEARSUNDER5:WEALTHQUINTILE_TOTL,1966-01-01,2026-09-07T16:05:57Z,restated_at,2026-08-05,,who.gho.mdg-0000000007,raw/who.gho.mdg-0000000007/2026/09/20260907T160557Z-c8e786907d46.json.gz,2
who.gho.mdg-0000000007,MDG_0000000007:PRK:SEX_FMLE:AGEGROUP_YEARSUNDER5:WEALTHQUINTILE_TOTL,1966-01-01,2026-09-07T16:05:57Z,value,83.235038881,,who.gho.mdg-0000000007,raw/who.gho.mdg-0000000007/2026/09/20260907T160557Z-c8e786907d46.json.gz,2
who.gho.mdg-0000000007,MDG_0000000007:PRK:SEX_MLE:AGEGROUP_YEARSUNDER5:WEALTHQUINTILE_TOTL,1966-01-01,2026-09-07T16:09:59Z,high,122.913954604,,who.gho.mdg-0000000007,raw/who.gho.mdg-0000000007/2026/09/20260907T160959Z-e41937f31aea.json.gz,2
who.gho.mdg-0000000007,MDG_0000000007:PRK:SEX_MLE:AGEGROUP_YEARSUNDER5:WEALTHQUINTILE_TOTL,1966-01-01,2026-09-07T16:09:59Z,low,74.566161452,,who.gho.mdg-0000000007,raw/who.gho.mdg-0000000007/2026/09/20260907T160959Z-e41937f31aea.json.gz,2
who.gho.mdg-0000000007,MDG_0000000007:PRK:SEX_MLE:AGEGROUP_YEARSUNDER5:WEALTHQUINTILE_TOTL,1966-01-01,2026-09-07T16:09:59Z,restated_at,2026-08-05,,who.gho.mdg-0000000007,raw/who.gho.mdg-0000000007/2026/09/20260907T160959Z-e41937f31aea.json.gz,2
who.gho.mdg-0000000007,MDG_0000000007:PRK:SEX_MLE:AGEGROUP_YEARSUNDER5:WEALTHQUINTILE_TOTL,1966-01-01,2026-09-07T16:09:59Z,value,95.668133462,,who.gho.mdg-0000000007,raw/who.gho.mdg-0000000007/2026/09/20260907T160959Z-e41937f31aea.json.gz,2
who.gho.mdg-0000000007,MDG_0000000007:PRT:SEX_BTSX:AGEGROUP_YEARSUNDER5:WEALTHQUINTILE_TOTL,1966-01-01,2026-09-07T16:09:59Z,high,82.778180152,,who.gho.mdg-0000000007,raw/who.gho.mdg-0000000007/2026/09/20260907T160959Z-e41937f31aea.json.gz,2
who.gho.mdg-0000000007,MDG_0000000007:PRT:SEX_BTSX:AGEGROUP_YEARSUNDER5:WEALTHQUINTILE_TOTL,1966-01-01,2026-09-07T16:09:59Z,low,79.221556893,,who.gho.mdg-0000000007,raw/who.gho.mdg-0000000007/2026/09/20260907T160959Z-e41937f31aea.json.gz,2
who.gho.mdg-0000000007,MDG_0000000007:PRT:SEX_BTSX:AGEGROUP_YEARSUNDER5:WEALTHQUINTILE_TOTL,1966-01-01,2026-09-07T16:09:59Z,restated_at,2026-08-05,,who.gho.mdg-0000000007,raw/who.gho.mdg-0000000007/2026/09/20260907T160959Z-e41937f31aea.json.gz,2
who.gho.mdg-0000000007,MDG_0000000007:PRT:SEX_BTSX:AGEGROUP_YEARSUNDER5:WEALTHQUINTILE_TOTL,1966-01-01,2026-09-07T16:09:59Z,value,80.963249541,,who.gho.mdg-0000000007,raw/who.gho.mdg-0000000007/2026/09/20260907T160959Z-e41937f31aea.json.gz,2
who.gho.mdg-0000000007,MDG_0000000007:PRT:SEX_FMLE:AGEGROUP_YEARSUNDER5:WEALTHQUINTILE_TOTL,1966-01-01,2026-09-07T16:09:18Z,high,76.313295968,,who.gho.mdg-0000000007,raw/who.gho.mdg-0000000007/2026/09/20260907T160918Z-1f3ac080847d.json.gz,2
who.gho.mdg-0000000007,MDG_0000000007:PRT:SEX_FMLE:AGEGROUP_YEARSUNDER5:WEALTHQUINTILE_TOTL,1966-01-01,2026-09-07T16:09:18Z,low,72.811788271,,who.gho.mdg-0000000007,raw/who.gho.mdg-0000000007/2026/09/20260907T160918Z-1f3ac080847d.json.gz,2
who.gho.mdg-0000000007,MDG_0000000007:PRT:SEX_FMLE:AGEGROUP_YEARSUNDER5:WEALTHQUINTILE_TOTL,1966-01-01,2026-09-07T16:09:18Z,restated_at,2026-08-05,,who.gho.mdg-0000000007,raw/who.gho.mdg-0000000007/2026/09/20260907T160918Z-1f3ac080847d.json.gz,2
who.gho.mdg-0000000007,MDG_0000000007:PRT:SEX_FMLE:AGEGROUP_YEARSUNDER5:WEALTHQUINTILE_TOTL,1966-01-01,2026-09-07T16:09:18Z,value,74.55480457,,who.gho.mdg-0000000007,raw/who.gho.mdg-0000000007/2026/09/20260907T160918Z-1f3ac080847d.json.gz,2
who.gho.mdg-0000000007,MDG_0000000007:PRT:SEX_MLE:AGEGROUP_YEARSUNDER5:WEALTHQUINTILE_TOTL,1966-01-01,2026-09-07T16:05:43Z,high,89.11946414,,who.gho.mdg-0000000007,raw/who.gho.mdg-0000000007/2026/09/20260907T160543Z-0bdfcfeb6714.json.gz,2
who.gho.mdg-0000000007,MDG_0000000007:PRT:SEX_MLE:AGEGROUP_YEARSUNDER5:WEALTHQUINTILE_TOTL,1966-01-01,2026-09-07T16:05:43Z,low,85.101715029,,who.gho.mdg-0000000007,raw/who.gho.mdg-0000000007/2026/09/20260907T160543Z-0bdfcfeb6714.json.gz,2
who.gho.mdg-0000000007,MDG_0000000007:PRT:SEX_MLE:AGEGROUP_YEARSUNDER5:WEALTHQUINTILE_TOTL,1966-01-01,2026-09-07T16:05:43Z,restated_at,2026-08-05,,who.gho.mdg-0000000007,raw/who.gho.mdg-0000000007/2026/09/20260907T160543Z-0bdfcfeb6714.json.gz,2
who.gho.mdg-0000000007,MDG_0000000007:PRT:SEX_MLE:AGEGROUP_YEARSUNDER5:WEALTHQUINTILE_TOTL,1966-01-01,2026-09-07T16:05:43Z,value,87.086531074,,who.gho.mdg-0000000007,raw/who.gho.mdg-0000000007/2026/09/20260907T160543Z-0bdfcfeb6714.json.gz,2
who.gho.mdg-0000000007,MDG_0000000007:PRY:SEX_BTSX:AGEGROUP_YEARSUNDER5:WEALTHQUINTILE_TOTL,1966-01-01,2026-09-07T16:05:31Z,high,87.091239409,,who.gho.mdg-0000000007,raw/who.gho.mdg-0000000007/2026/09/20260907T160531Z-a90a9bba0858.json.gz,2
who.gho.mdg-0000000007,MDG_0000000007:PRY:SEX_BTSX:AGEGROUP_YEARSUNDER5:WEALTHQUINTILE_TOTL,1966-01-01,2026-09-07T16:05:31Z,low,72.798145697,,who.gho.mdg-0000000007,raw/who.gho.mdg-0000000007/2026/09/20260907T160531Z-a90a9bba0858.json.gz,2
who.gho.mdg-0000000007,MDG_0000000007:PRY:SEX_BTSX:AGEGROUP_YEARSUNDER5:WEALTHQUINTILE_TOTL,1966-01-01,2026-09-07T16:05:31Z,restated_at,2026-08-05,,who.gho.mdg-0000000007,raw/who.gho.mdg-0000000007/2026/09/20260907T160531Z-a90a9bba0858.json.gz,2
who.gho.mdg-0000000007,MDG_0000000007:PRY:SEX_BTSX:AGEGROUP_YEARSUNDER5:WEALTHQUINTILE_TOTL,1966-01-01,2026-09-07T16:05:31Z,value,79.682603774,,who.gho.mdg-0000000007,raw/who.gho.mdg-0000000007/2026/09/20260907T160531Z-a90a9bba0858.json.gz,2
who.gho.mdg-0000000007,MDG_0000000007:PRY:SEX_FMLE:AGEGROUP_YEARSUNDER5:WEALTHQUINTILE_TOTL,1966-01-01,2026-09-07T16:09:26Z,high,81.843944894,,who.gho.mdg-0000000007,raw/who.gho.mdg-0000000007/2026/09/20260907T160926Z-3ee37906b339.json.gz,2
who.gho.mdg-0000000007,MDG_0000000007:PRY:SEX_FMLE:AGEGROUP_YEARSUNDER5:WEALTHQUINTILE_TOTL,1966-01-01,2026-09-07T16:09:26Z,low,67.206876549,,who.gho.mdg-0000000007,raw/who.gho.mdg-0000000007/2026/09/20260907T160926Z-3ee37906b339.json.gz,2
who.gho.mdg-0000000007,MDG_0000000007:PRY:SEX_FMLE:AGEGROUP_YEARSUNDER5:WEALTHQUINTILE_TOTL,1966-01-01,2026-09-07T16:09:26Z,restated_at,2026-08-05,,who.gho.mdg-0000000007,raw/who.gho.mdg-0000000007/2026/09/20260907T160926Z-3ee37906b339.json.gz,2
who.gho.mdg-0000000007,MDG_0000000007:PRY:SEX_FMLE:AGEGROUP_YEARSUNDER5:WEALTHQUINTILE_TOTL,1966-01-01,2026-09-07T16:09:26Z,value,74.204076225,,who.gho.mdg-0000000007,raw/who.gho.mdg-0000000007/2026/09/20260907T160926Z-3ee37906b339.json.gz,2
who.gho.mdg-0000000007,MDG_0000000007:PRY:SEX_MLE:AGEGROUP_YEARSUNDER5:WEALTHQUINTILE_TOTL,1966-01-01,2026-09-07T16:09:03Z,high,93.340786668,,who.gho.mdg-0000000007,raw/who.gho.mdg-0000000007/2026/09/20260907T160903Z-df09845b881e.json.gz,2
who.gho.mdg-0000000007,MDG_0000000007:PRY:SEX_MLE:AGEGROUP_YEARSUNDER5:WEALTHQUINTILE_TOTL,1966-01-01,2026-09-07T16:09:03Z,low,77.107084752,,who.gho.mdg-0000000007,raw/who.gho.mdg-0000000007/2026/09/20260907T160903Z-df09845b881e.json.gz,2
who.gho.mdg-0000000007,MDG_0000000007:PRY:SEX_MLE:AGEGROUP_YEARSUNDER5:WEALTHQUINTILE_TOTL,1966-01-01,2026-09-07T16:09:03Z,restated_at,2026-08-05,,who.gho.mdg-0000000007,raw/who.gho.mdg-0000000007/2026/09/20260907T160903Z-df09845b881e.json.gz,2
who.gho.mdg-0000000007,MDG_0000000007:PRY:SEX_MLE:AGEGROUP_YEARSUNDER5:WEALTHQUINTILE_TOTL,1966-01-01,2026-09-07T16:09:03Z,value,84.874651336,,who.gho.mdg-0000000007,raw/who.gho.mdg-0000000007/2026/09/20260907T160903Z-df09845b881e.json.gz,2
who.gho.mdg-0000000007,MDG_0000000007:ROU:SEX_BTSX:AGEGROUP_YEARSUNDER5:WEALTHQUINTILE_TOTL,1966-01-01,2026-09-07T16:10:12Z,high,58.154673159,,who.gho.mdg-0000000007,raw/who.gho.mdg-0000000007/2026/09/20260907T161012Z-af10f639113a.json.gz,2
who.gho.mdg-0000000007,MDG_0000000007:ROU:SEX_BTSX:AGEGROUP_YEARSUNDER5:WEALTHQUINTILE_TOTL,1966-01-01,2026-09-07T16:10:12Z,low,55.370162598,,who.gho.mdg-0000000007,raw/who.gho.mdg-0000000007/2026/09/20260907T161012Z-af10f639113a.json.gz,2
who.gho.mdg-0000000007,MDG_0000000007:ROU:SEX_BTSX:AGEGROUP_YEARSUNDER5:WEALTHQUINTILE_TOTL,1966-01-01,2026-09-07T16:10:12Z,restated_at,2026-08-05,,who.gho.mdg-0000000007,raw/who.gho.mdg-0000000007/2026/09/20260907T161012Z-af10f639113a.json.gz,2
who.gho.mdg-0000000007,MDG_0000000007:ROU:SEX_BTSX:AGEGROUP_YEARSUNDER5:WEALTHQUINTILE_TOTL,1966-01-01,2026-09-07T16:10:12Z,value,56.725449848,,who.gho.mdg-0000000007,raw/who.gho.mdg-0000000007/2026/09/20260907T161012Z-af10f639113a.json.gz,2
who.gho.mdg-0000000007,MDG_0000000007:ROU:SEX_FMLE:AGEGROUP_YEARSUNDER5:WEALTHQUINTILE_TOTL,1966-01-01,2026-09-07T16:08:59Z,high,53.07240071,,who.gho.mdg-0000000007,raw/who.gho.mdg-0000000007/2026/09/20260907T160859Z-81b3460c41a8.json.gz,2
who.gho.mdg-0000000007,MDG_0000000007:ROU:SEX_FMLE:AGEGROUP_YEARSUNDER5:WEALTHQUINTILE_TOTL,1966-01-01,2026-09-07T16:08:59Z,low,50.414146911,,who.gho.mdg-0000000007,raw/who.gho.mdg-0000000007/2026/09/20260907T160859Z-81b3460c41a8.json.gz,2
who.gho.mdg-0000000007,MDG_0000000007:ROU:SEX_FMLE:AGEGROUP_YEARSUNDER5:WEALTHQUINTILE_TOTL,1966-01-01,2026-09-07T16:08:59Z,restated_at,2026-08-05,,who.gho.mdg-0000000007,raw/who.gho.mdg-0000000007/2026/09/20260907T160859Z-81b3460c41a8.json.gz,2
who.gho.mdg-0000000007,MDG_0000000007:ROU:SEX_FMLE:AGEGROUP_YEARSUNDER5:WEALTHQUINTILE_TOTL,1966-01-01,2026-09-07T16:08:59Z,value,51.709268943,,who.gho.mdg-0000000007,raw/who.gho.mdg-0000000007/2026/09/20260907T160859Z-81b3460c41a8.json.gz,2
who.gho.mdg-0000000007,MDG_0000000007:ROU:SEX_MLE:AGEGROUP_YEARSUNDER5:WEALTHQUINTILE_TOTL,1966-01-01,2026-09-07T16:10:41Z,high,63.111235442,,who.gho.mdg-0000000007,raw/who.gho.mdg-0000000007/2026/09/20260907T161041Z-4752b74784e1.json.gz,2
who.gho.mdg-0000000007,MDG_0000000007:ROU:SEX_MLE:AGEGROUP_YEARSUNDER5:WEALTHQUINTILE_TOTL,1966-01-01,2026-09-07T16:10:41Z,low,59.955447099,,who.gho.mdg-0000000007,raw/who.gho.mdg-0000000007/2026/09/20260907T161041Z-4752b74784e1.json.gz,2
who.gho.mdg-0000000007,MDG_0000000007:ROU:SEX_MLE:AGEGROUP_YEARSUNDER5:WEALTHQUINTILE_TOTL,1966-01-01,2026-09-07T16:10:41Z,restated_at,2026-08-05,,who.gho.mdg-0000000007,raw/who.gho.mdg-0000000007/2026/09/20260907T161041Z-4752b74784e1.json.gz,2
who.gho.mdg-0000000007,MDG_0000000007:ROU:SEX_MLE:AGEGROUP_YEARSUNDER5:WEALTHQUINTILE_TOTL,1966-01-01,2026-09-07T16:10:41Z,value,61.506145213,,who.gho.mdg-0000000007,raw/who.gho.mdg-0000000007/2026/09/20260907T161041Z-4752b74784e1.json.gz,2
who.gho.mdg-0000000007,MDG_0000000007:RUS:SEX_BTSX:AGEGROUP_YEARSUNDER5:WEALTHQUINTILE_TOTL,1966-01-01,2026-09-07T16:11:10Z,high,34.279381698,,who.gho.mdg-0000000007,raw/who.gho.mdg-0000000007/2026/09/20260907T161110Z-9f3e1e4fe296.json.gz,2
who.gho.mdg-0000000007,MDG_0000000007:RUS:SEX_BTSX:AGEGROUP_YEARSUNDER5:WEALTHQUINTILE_TOTL,1966-01-01,2026-09-07T16:11:10Z,low,30.511246379,,who.gho.mdg-0000000007,raw/who.gho.mdg-0000000007/2026/09/20260907T161110Z-9f3e1e4fe296.json.gz,2
who.gho.mdg-0000000007,MDG_0000000007:RUS:SEX_BTSX:AGEGROUP_YEARSUNDER5:WEALTHQUINTILE_TOTL,1966-01-01,2026-09-07T16:11:10Z,restated_at,2026-08-05,,who.gho.mdg-0000000007,raw/who.gho.mdg-0000000007/2026/09/20260907T161110Z-9f3e1e4fe296.json.gz,2
who.gho.mdg-0000000007,MDG_0000000007:RUS:SEX_BTSX:AGEGROUP_YEARSUNDER5:WEALTHQUINTILE_TOTL,1966-01-01,2026-09-07T16:11:10Z,value,32.361685041,,who.gho.mdg-0000000007,raw/who.gho.mdg-0000000007/2026/09/20260907T161110Z-9f3e1e4fe296.json.gz,2
who.gho.mdg-0000000007,MDG_0000000007:RUS:SEX_FMLE:AGEGROUP_YEARSUNDER5:WEALTHQUINTILE_TOTL,1966-01-01,2026-09-07T16:05:22Z,high,30.20231742,,who.gho.mdg-0000000007,raw/who.gho.mdg-0000000007/2026/09/20260907T160522Z-2bd49e664eea.json.gz,2
who.gho.mdg-0000000007,MDG_0000000007:RUS:SEX_FMLE:AGEGROUP_YEARSUNDER5:WEALTHQUINTILE_TOTL,1966-01-01,2026-09-07T16:05:22Z,low,26.301769584,,who.gho.mdg-0000000007,raw/who.gho.mdg-0000000007/2026/09/20260907T160522Z-2bd49e664eea.json.gz,2
who.gho.mdg-0000000007,MDG_0000000007:RUS:SEX_FMLE:AGEGROUP_YEARSUNDER5:WEALTHQUINTILE_TOTL,1966-01-01,2026-09-07T16:05:22Z,restated_at,2026-08-05,,who.gho.mdg-0000000007,raw/who.gho.mdg-0000000007/2026/09/20260907T160522Z-2bd49e664eea.json.gz,2
who.gho.mdg-0000000007,MDG_0000000007:RUS:SEX_FMLE:AGEGROUP_YEARSUNDER5:WEALTHQUINTILE_TOTL,1966-01-01,2026-09-07T16:05:22Z,value,28.187106002,,who.gho.mdg-0000000007,raw/who.gho.mdg-0000000007/2026/09/20260907T160522Z-2bd49e664eea.json.gz,2
who.gho.mdg-0000000007,MDG_0000000007:RUS:SEX_MLE:AGEGROUP_YEARSUNDER5:WEALTHQUINTILE_TOTL,1966-01-01,2026-09-07T16:06:07Z,high,38.691912374,,who.gho.mdg-0000000007,raw/who.gho.mdg-0000000007/2026/09/20260907T160607Z-9445f1b065fa.json.gz,2
who.gho.mdg-0000000007,MDG_0000000007:RUS:SEX_MLE:AGEGROUP_YEARSUNDER5:WEALTHQUINTILE_TOTL,1966-01-01,2026-09-07T16:06:07Z,low,34.037173248,,who.gho.mdg-0000000007,raw/who.gho.mdg-0000000007/2026/09/20260907T160607Z-9445f1b065fa.json.gz,2
who.gho.mdg-0000000007,MDG_0000000007:RUS:SEX_MLE:AGEGROUP_YEARSUNDER5:WEALTHQUINTILE_TOTL,1966-01-01,2026-09-07T16:06:07Z,restated_at,2026-08-05,,who.gho.mdg-0000000007,raw/who.gho.mdg-0000000007/2026/09/20260907T160607Z-9445f1b065fa.json.gz,2
who.gho.mdg-0000000007,MDG_0000000007:RUS:SEX_MLE:AGEGROUP_YEARSUNDER5:WEALTHQUINTILE_TOTL,1966-01-01,2026-09-07T16:06:07Z,value,36.343870593,,who.gho.mdg-0000000007,raw/who.gho.mdg-0000000007/2026/09/20260907T160607Z-9445f1b065fa.json.gz,2
who.gho.mdg-0000000007,MDG_0000000007:RWA:SEX_BTSX:AGEGROUP_YEARSUNDER5:WEALTHQUINTILE_TOTL,1966-01-01,2026-09-07T16:10:58Z,high,230.124708781,,who.gho.mdg-0000000007,raw/who.gho.mdg-0000000007/2026/09/20260907T161058Z-4d8f6ed35960.json.gz,2
who.gho.mdg-0000000007,MDG_0000000007:RWA:SEX_BTSX:AGEGROUP_YEARSUNDER5:WEALTHQUINTILE_TOTL,1966-01-01,2026-09-07T16:10:58Z,low,189.699813912,,who.gho.mdg-0000000007,raw/who.gho.mdg-0000000007/2026/09/20260907T161058Z-4d8f6ed35960.json.gz,2
who.gho.mdg-0000000007,MDG_0000000007:RWA:SEX_BTSX:AGEGROUP_YEARSUNDER5:WEALTHQUINTILE_TOTL,1966-01-01,2026-09-07T16:10:58Z,restated_at,2026-08-05,,who.gho.mdg-0000000007,raw/who.gho.mdg-0000000007/2026/09/20260907T161058Z-4d8f6ed35960.json.gz,2
who.gho.mdg-0000000007,MDG_0000000007:RWA:SEX_BTSX:AGEGROUP_YEARSUNDER5:WEALTHQUINTILE_TOTL,1966-01-01,2026-09-07T16:10:58Z,value,208.77081122,,who.gho.mdg-0000000007,raw/who.gho.mdg-0000000007/2026/09/20260907T161058Z-4d8f6ed35960.json.gz,2
who.gho.mdg-0000000007,MDG_0000000007:RWA:SEX_FMLE:AGEGROUP_YEARSUNDER5:WEALTHQUINTILE_TOTL,1966-01-01,2026-09-07T16:09:30Z,high,221.131844392,,who.gho.mdg-0000000007,raw/who.gho.mdg-0000000007/2026/09/20260907T160930Z-3a49f2d0e7d2.json.gz,2
who.gho.mdg-0000000007,MDG_0000000007:RWA:SEX_FMLE:AGEGROUP_YEARSUNDER5:WEALTHQUINTILE_TOTL,1966-01-01,2026-09-07T16:09:30Z,low,181.118190507,,who.gho.mdg-0000000007,raw/who.gho.mdg-0000000007/2026/09/20260907T160930Z-3a49f2d0e7d2.json.gz,2
who.gho.mdg-0000000007,MDG_0000000007:RWA:SEX_FMLE:AGEGROUP_YEARSUNDER5:WEALTHQUINTILE_TOTL,1966-01-01,2026-09-07T16:09:30Z,restated_at,2026-08-05,,who.gho.mdg-0000000007,raw/who.gho.mdg-0000000007/2026/09/20260907T160930Z-3a49f2d0e7d2.json.gz,2
who.gho.mdg-0000000007,MDG_0000000007:RWA:SEX_FMLE:AGEGROUP_YEARSUNDER5:WEALTHQUINTILE_TOTL,1966-01-01,2026-09-07T16:09:30Z,value,199.839637467,,who.gho.mdg-0000000007,raw/who.gho.mdg-0000000007/2026/09/20260907T160930Z-3a49f2d0e7d2.json.gz,2
who.gho.mdg-0000000007,MDG_0000000007:RWA:SEX_MLE:AGEGROUP_YEARSUNDER5:WEALTHQUINTILE_TOTL,1966-01-01,2026-09-07T16:05:35Z,high,240.094587868,,who.gho.mdg-0000000007,raw/who.gho.mdg-0000000007/2026/09/20260907T160535Z-bcafb05f6fe8.json.gz,2
who.gho.mdg-0000000007,MDG_0000000007:RWA:SEX_MLE:AGEGROUP_YEARSUNDER5:WEALTHQUINTILE_TOTL,1966-01-01,2026-09-07T16:05:35Z,low,196.567409501,,who.gho.mdg-0000000007,raw/who.gho.mdg-0000000007/2026/09/20260907T160535Z-bcafb05f6fe8.json.gz,2
who.gho.mdg-0000000007,MDG_0000000007:RWA:SEX_MLE:AGEGROUP_YEARSUNDER5:WEALTHQUINTILE_TOTL,1966-01-01,2026-09-07T16:05:35Z,restated_at,2026-08-05,,who.gho.mdg-0000000007,raw/who.gho.mdg-0000000007/2026/09/20260907T160535Z-bcafb05f6fe8.json.gz,2
who.gho.mdg-0000000007,MDG_0000000007:RWA:SEX_MLE:AGEGROUP_YEARSUNDER5:WEALTHQUINTILE_TOTL,1966-01-01,2026-09-07T16:05:35Z,value,217.083196002,,who.gho.mdg-0000000007,raw/who.gho.mdg-0000000007/2026/09/20260907T160535Z-bcafb05f6fe8.json.gz,2
who.gho.mdg-0000000007,MDG_0000000007:SDN:SEX_BTSX:AGEGROUP_YEARSUNDER5:WEALTHQUINTILE_TOTL,1966-01-01,2026-09-07T16:09:30Z,high,178.48193646,,who.gho.mdg-0000000007,raw/who.gho.mdg-0000000007/2026/09/20260907T160930Z-3a49f2d0e7d2.json.gz,2
who.gho.mdg-0000000007,MDG_0000000007:SDN:SEX_BTSX:AGEGROUP_YEARSUNDER5:WEALTHQUINTILE_TOTL,1966-01-01,2026-09-07T16:09:30Z,low,151.865392659,,who.gho.mdg-0000000007,raw/who.gho.mdg-0000000007/2026/09/20260907T160930Z-3a49f2d0e7d2.json.gz,2
who.gho.mdg-0000000007,MDG_0000000007:SDN:SEX_BTSX:AGEGROUP_YEARSUNDER5:WEALTHQUINTILE_TOTL,1966-01-01,2026-09-07T16:09:30Z,restated_at,2026-08-05,,who.gho.mdg-0000000007,raw/who.gho.mdg-0000000007/2026/09/20260907T160930Z-3a49f2d0e7d2.json.gz,2
who.gho.mdg-0000000007,MDG_0000000007:SDN:SEX_BTSX:AGEGROUP_YEARSUNDER5:WEALTHQUINTILE_TOTL,1966-01-01,2026-09-07T16:09:30Z,value,164.621995837,,who.gho.mdg-0000000007,raw/who.gho.mdg-0000000007/2026/09/20260907T160930Z-3a49f2d0e7d2.json.gz,2
who.gho.mdg-0000000007,MDG_0000000007:SDN:SEX_FMLE:AGEGROUP_YEARSUNDER5:WEALTHQUINTILE_TOTL,1966-01-01,2026-09-07T16:11:10Z,high,170.752982205,,who.gho.mdg-0000000007,raw/who.gho.mdg-0000000007/2026/09/20260907T161110Z-9f3e1e4fe296.json.gz,2
who.gho.mdg-0000000007,MDG_0000000007:SDN:SEX_FMLE:AGEGROUP_YEARSUNDER5:WEALTHQUINTILE_TOTL,1966-01-01,2026-09-07T16:11:10Z,low,144.189589988,,who.gho.mdg-0000000007,raw/who.gho.mdg-0000000007/2026/09/20260907T161110Z-9f3e1e4fe296.json.gz,2
who.gho.mdg-0000000007,MDG_0000000007:SDN:SEX_FMLE:AGEGROUP_YEARSUNDER5:WEALTHQUINTILE_TOTL,1966-01-01,2026-09-07T16:11:10Z,restated_at,2026-08-05,,who.gho.mdg-0000000007,raw/who.gho.mdg-0000000007/2026/09/20260907T161110Z-9f3e1e4fe296.json.gz,2
who.gho.mdg-0000000007,MDG_0000000007:SDN:SEX_FMLE:AGEGROUP_YEARSUNDER5:WEALTHQUINTILE_TOTL,1966-01-01,2026-09-07T16:11:10Z,value,157.089536207,,who.gho.mdg-0000000007,raw/who.gho.mdg-0000000007/2026/09/20260907T161110Z-9f3e1e4fe296.json.gz,2
who.gho.mdg-0000000007,MDG_0000000007:SDN:SEX_MLE:AGEGROUP_YEARSUNDER5:WEALTHQUINTILE_TOTL,1966-01-01,2026-09-07T16:11:10Z,high,186.71738502,,who.gho.mdg-0000000007,raw/who.gho.mdg-0000000007/2026/09/20260907T161110Z-9f3e1e4fe296.json.gz,2
who.gho.mdg-0000000007,MDG_0000000007:SDN:SEX_MLE:AGEGROUP_YEARSUNDER5:WEALTHQUINTILE_TOTL,1966-01-01,2026-09-07T16:11:10Z,low,157.769178485,,who.gho.mdg-0000000007,raw/who.gho.mdg-0000000007/2026/09/20260907T161110Z-9f3e1e4fe296.json.gz,2
who.gho.mdg-0000000007,MDG_0000000007:SDN:SEX_MLE:AGEGROUP_YEARSUNDER5:WEALTHQUINTILE_TOTL,1966-01-01,2026-09-07T16:11:10Z,restated_at,2026-08-05,,who.gho.mdg-0000000007,raw/who.gho.mdg-0000000007/2026/09/20260907T161110Z-9f3e1e4fe296.json.gz,2
who.gho.mdg-0000000007,MDG_0000000007:SDN:SEX_MLE:AGEGROUP_YEARSUNDER5:WEALTHQUINTILE_TOTL,1966-01-01,2026-09-07T16:11:10Z,value,171.763642874,,who.gho.mdg-0000000007,raw/who.gho.mdg-0000000007/2026/09/20260907T161110Z-9f3e1e4fe296.json.gz,2
who.gho.mdg-0000000007,MDG_0000000007:SEN:SEX_BTSX:AGEGROUP_YEARSUNDER5:WEALTHQUINTILE_TOTL,1966-01-01,2026-09-07T16:05:57Z,high,319.359216397,,who.gho.mdg-0000000007,raw/who.gho.mdg-0000000007/2026/09/20260907T160557Z-c8e786907d46.json.gz,2
who.gho.mdg-0000000007,MDG_0000000007:SEN:SEX_BTSX:AGEGROUP_YEARSUNDER5:WEALTHQUINTILE_TOTL,1966-01-01,2026-09-07T16:05:57Z,low,276.24011657,,who.gho.mdg-0000000007,raw/who.gho.mdg-0000000007/2026/09/20260907T160557Z-c8e786907d46.json.gz,2
who.gho.mdg-0000000007,MDG_0000000007:SEN:SEX_BTSX:AGEGROUP_YEARSUNDER5:WEALTHQUINTILE_TOTL,1966-01-01,2026-09-07T16:05:57Z,restated_at,2026-08-05,,who.gho.mdg-0000000007,raw/who.gho.mdg-0000000007/2026/09/20260907T160557Z-c8e786907d46.json.gz,2
who.gho.mdg-0000000007,MDG_0000000007:SEN:SEX_BTSX:AGEGROUP_YEARSUNDER5:WEALTHQUINTILE_TOTL,1966-01-01,2026-09-07T16:05:57Z,value,296.912555132,,who.gho.mdg-0000000007,raw/who.gho.mdg-0000000007/2026/09/20260907T160557Z-c8e786907d46.json.gz,2
who.gho.mdg-0000000007,MDG_0000000007:SEN:SEX_FMLE:AGEGROUP_YEARSUNDER5:WEALTHQUINTILE_TOTL,1966-01-01,2026-09-07T16:08:38Z,high,316.257139506,,who.gho.mdg-0000000007,raw/who.gho.mdg-0000000007/2026/09/20260907T160838Z-ad9f959b97c6.json.gz,2
who.gho.mdg-0000000007,MDG_0000000007:SEN:SEX_FMLE:AGEGROUP_YEARSUNDER5:WEALTHQUINTILE_TOTL,1966-01-01,2026-09-07T16:08:38Z,low,271.280005102,,who.gho.mdg-0000000007,raw/who.gho.mdg-0000000007/2026/09/20260907T160838Z-ad9f959b97c6.json.gz,2
who.gho.mdg-0000000007,MDG_0000000007:SEN:SEX_FMLE:AGEGROUP_YEARSUNDER5:WEALTHQUINTILE_TOTL,1966-01-01,2026-09-07T16:08:38Z,restated_at,2026-08-05,,who.gho.mdg-0000000007,raw/who.gho.mdg-0000000007/2026/09/20260907T160838Z-ad9f959b97c6.json.gz,2
who.gho.mdg-0000000007,MDG_0000000007:SEN:SEX_FMLE:AGEGROUP_YEARSUNDER5:WEALTHQUINTILE_TOTL,1966-01-01,2026-09-07T16:08:38Z,value,292.513657215,,who.gho.mdg-0000000007,raw/who.gho.mdg-0000000007/2026/09/20260907T160838Z-ad9f959b97c6.json.gz,2
who.gho.mdg-0000000007,MDG_0000000007:SEN:SEX_MLE:AGEGROUP_YEARSUNDER5:WEALTHQUINTILE_TOTL,1966-01-01,2026-09-07T16:05:48Z,high,324.593273196,,who.gho.mdg-0000000007,raw/who.gho.mdg-0000000007/2026/09/20260907T160548Z-1609a76f5ecc.json.gz,2
who.gho.mdg-0000000007,MDG_0000000007:SEN:SEX_MLE:AGEGROUP_YEARSUNDER5:WEALTHQUINTILE_TOTL,1966-01-01,2026-09-07T16:05:48Z,low,279.381808909,,who.gho.mdg-0000000007,raw/who.gho.mdg-0000000007/2026/09/20260907T160548Z-1609a76f5ecc.json.gz,2
who.gho.mdg-0000000007,MDG_0000000007:SEN:SEX_MLE:AGEGROUP_YEARSUNDER5:WEALTHQUINTILE_TOTL,1966-01-01,2026-09-07T16:05:48Z,restated_at,2026-08-05,,who.gho.mdg-0000000007,raw/who.gho.mdg-0000000007/2026/09/20260907T160548Z-1609a76f5ecc.json.gz,2
who.gho.mdg-0000000007,MDG_0000000007:SEN:SEX_MLE:AGEGROUP_YEARSUNDER5:WEALTHQUINTILE_TOTL,1966-01-01,2026-09-07T16:05:48Z,value,301.035426119,,who.gho.mdg-0000000007,raw/who.gho.mdg-0000000007/2026/09/20260907T160548Z-1609a76f5ecc.json.gz,2
who.gho.mdg-0000000007,MDG_0000000007:SGP:SEX_BTSX:AGEGROUP_YEARSUNDER5:WEALTHQUINTILE_TOTL,1966-01-01,2026-09-07T16:05:22Z,high,34.128795552,,who.gho.mdg-0000000007,raw/who.gho.mdg-0000000007/2026/09/20260907T160522Z-2bd49e664eea.json.gz,2
who.gho.mdg-0000000007,MDG_0000000007:SGP:SEX_BTSX:AGEGROUP_YEARSUNDER5:WEALTHQUINTILE_TOTL,1966-01-01,2026-09-07T16:05:22Z,low,32.675107206,,who.gho.mdg-0000000007,raw/who.gho.mdg-0000000007/2026/09/20260907T160522Z-2bd49e664eea.json.gz,2
who.gho.mdg-0000000007,MDG_0000000007:SGP:SEX_BTSX:AGEGROUP_YEARSUNDER5:WEALTHQUINTILE_TOTL,1966-01-01,2026-09-07T16:05:22Z,restated_at,2026-08-05,,who.gho.mdg-0000000007,raw/who.gho.mdg-0000000007/2026/09/20260907T160522Z-2bd49e664eea.json.gz,2
who.gho.mdg-0000000007,MDG_0000000007:SGP:SEX_BTSX:AGEGROUP_YEARSUNDER5:WEALTHQUINTILE_TOTL,1966-01-01,2026-09-07T16:05:22Z,value,33.37702923,,who.gho.mdg-0000000007,raw/who.gho.mdg-0000000007/2026/09/20260907T160522Z-2bd49e664eea.json.gz,2
who.gho.mdg-0000000007,MDG_0000000007:SGP:SEX_FMLE:AGEGROUP_YEARSUNDER5:WEALTHQUINTILE_TOTL,1966-01-01,2026-09-07T16:10:33Z,high,30.579845524,,who.gho.mdg-0000000007,raw/who.gho.mdg-0000000007/2026/09/20260907T161033Z-0396663e197a.json.gz,2
who.gho.mdg-0000000007,MDG_0000000007:SGP:SEX_FMLE:AGEGROUP_YEARSUNDER5:WEALTHQUINTILE_TOTL,1966-01-01,2026-09-07T16:10:33Z,low,28.994438688,,who.gho.mdg-0000000007,raw/who.gho.mdg-0000000007/2026/09/20260907T161033Z-0396663e197a.json.gz,2
who.gho.mdg-0000000007,MDG_0000000007:SGP:SEX_FMLE:AGEGROUP_YEARSUNDER5:WEALTHQUINTILE_TOTL,1966-01-01,2026-09-07T16:10:33Z,restated_at,2026-08-05,,who.gho.mdg-0000000007,raw/who.gho.mdg-0000000007/2026/09/20260907T161033Z-0396663e197a.json.gz,2
who.gho.mdg-0000000007,MDG_0000000007:SGP:SEX_FMLE:AGEGROUP_YEARSUNDER5:WEALTHQUINTILE_TOTL,1966-01-01,2026-09-07T16:10:33Z,value,29.773843899,,who.gho.mdg-0000000007,raw/who.gho.mdg-0000000007/2026/09/20260907T161033Z-0396663e197a.json.gz,2
who.gho.mdg-0000000007,MDG_0000000007:SGP:SEX_MLE:AGEGROUP_YEARSUNDER5:WEALTHQUINTILE_TOTL,1966-01-01,2026-09-07T16:10:58Z,high,37.755068399,,who.gho.mdg-0000000007,raw/who.gho.mdg-0000000007/2026/09/20260907T161058Z-4d8f6ed35960.json.gz,2
who.gho.mdg-0000000007,MDG_0000000007:SGP:SEX_MLE:AGEGROUP_YEARSUNDER5:WEALTHQUINTILE_TOTL,1966-01-01,2026-09-07T16:10:58Z,low,35.932977121,,who.gho.mdg-0000000007,raw/who.gho.mdg-0000000007/2026/09/20260907T161058Z-4d8f6ed35960.json.gz,2
who.gho.mdg-0000000007,MDG_0000000007:SGP:SEX_MLE:AGEGROUP_YEARSUNDER5:WEALTHQUINTILE_TOTL,1966-01-01,2026-09-07T16:10:58Z,restated_at,2026-08-05,,who.gho.mdg-0000000007,raw/who.gho.mdg-0000000007/2026/09/20260907T161058Z-4d8f6ed35960.json.gz,2
who.gho.mdg-0000000007,MDG_0000000007:SGP:SEX_MLE:AGEGROUP_YEARSUNDER5:WEALTHQUINTILE_TOTL,1966-01-01,2026-09-07T16:10:58Z,value,36.810040573,,who.gho.mdg-0000000007,raw/who.gho.mdg-0000000007/2026/09/20260907T161058Z-4d8f6ed35960.json.gz,2
who.gho.mdg-0000000007,MDG_0000000007:SLB:SEX_BTSX:AGEGROUP_YEARSUNDER5:WEALTHQUINTILE_TOTL,1966-01-01,2026-09-07T16:09:13Z,high,145.488236469,,who.gho.mdg-0000000007,raw/who.gho.mdg-0000000007/2026/09/20260907T160913Z-86e8fac132bd.json.gz,2
who.gho.mdg-0000000007,MDG_0000000007:SLB:SEX_BTSX:AGEGROUP_YEARSUNDER5:WEALTHQUINTILE_TOTL,1966-01-01,2026-09-07T16:09:13Z,low,111.111754952,,who.gho.mdg-0000000007,raw/who.gho.mdg-0000000007/2026/09/20260907T160913Z-86e8fac132bd.json.gz,2
who.gho.mdg-0000000007,MDG_0000000007:SLB:SEX_BTSX:AGEGROUP_YEARSUNDER5:WEALTHQUINTILE_TOTL,1966-01-01,2026-09-07T16:09:13Z,restated_at,2026-08-05,,who.gho.mdg-0000000007,raw/who.gho.mdg-0000000007/2026/09/20260907T160913Z-86e8fac132bd.json.gz,2
who.gho.mdg-0000000007,MDG_0000000007:SLB:SEX_BTSX:AGEGROUP_YEARSUNDER5:WEALTHQUINTILE_TOTL,1966-01-01,2026-09-07T16:09:13Z,value,127.075376294,,who.gho.mdg-0000000007,raw/who.gho.mdg-0000000007/2026/09/20260907T160913Z-86e8fac132bd.json.gz,2
who.gho.mdg-0000000007,MDG_0000000007:SLB:SEX_FMLE:AGEGROUP_YEARSUNDER5:WEALTHQUINTILE_TOTL,1966-01-01,2026-09-07T16:08:38Z,high,139.915646029,,who.gho.mdg-0000000007,raw/who.gho.mdg-0000000007/2026/09/20260907T160838Z-ad9f959b97c6.json.gz,2
who.gho.mdg-0000000007,MDG_0000000007:SLB:SEX_FMLE:AGEGROUP_YEARSUNDER5:WEALTHQUINTILE_TOTL,1966-01-01,2026-09-07T16:08:38Z,low,105.320613667,,who.gho.mdg-0000000007,raw/who.gho.mdg-0000000007/2026/09/20260907T160838Z-ad9f959b97c6.json.gz,2
who.gho.mdg-0000000007,MDG_0000000007:SLB:SEX_FMLE:AGEGROUP_YEARSUNDER5:WEALTHQUINTILE_TOTL,1966-01-01,2026-09-07T16:08:38Z,restated_at,2026-08-05,,who.gho.mdg-0000000007,raw/who.gho.mdg-0000000007/2026/09/20260907T160838Z-ad9f959b97c6.json.gz,2
who.gho.mdg-0000000007,MDG_0000000007:SLB:SEX_FMLE:AGEGROUP_YEARSUNDER5:WEALTHQUINTILE_TOTL,1966-01-01,2026-09-07T16:08:38Z,value,121.268712143,,who.gho.mdg-0000000007,raw/who.gho.mdg-0000000007/2026/09/20260907T160838Z-ad9f959b97c6.json.gz,2
who.gho.mdg-0000000007,MDG_0000000007:SLB:SEX_MLE:AGEGROUP_YEARSUNDER5:WEALTHQUINTILE_TOTL,1966-01-01,2026-09-07T16:09:08Z,high,152.87432117,,who.gho.mdg-0000000007,raw/who.gho.mdg-0000000007/2026/09/20260907T160908Z-96acbc2bc7cb.json.gz,2
who.gho.mdg-0000000007,MDG_0000000007:SLB:SEX_MLE:AGEGROUP_YEARSUNDER5:WEALTHQUINTILE_TOTL,1966-01-01,2026-09-07T16:09:08Z,low,115.37476306,,who.gho.mdg-0000000007,raw/who.gho.mdg-0000000007/2026/09/20260907T160908Z-96acbc2bc7cb.json.gz,2
who.gho.mdg-0000000007,MDG_0000000007:SLB:SEX_MLE:AGEGROUP_YEARSUNDER5:WEALTHQUINTILE_TOTL,1966-01-01,2026-09-07T16:09:08Z,restated_at,2026-08-05,,who.gho.mdg-0000000007,raw/who.gho.mdg-0000000007/2026/09/20260907T160908Z-96acbc2bc7cb.json.gz,2
who.gho.mdg-0000000007,MDG_0000000007:SLB:SEX_MLE:AGEGROUP_YEARSUNDER5:WEALTHQUINTILE_TOTL,1966-01-01,2026-09-07T16:09:08Z,value,132.523141282,,who.gho.mdg-0000000007,raw/who.gho.mdg-0000000007/2026/09/20260907T160908Z-96acbc2bc7cb.json.gz,2
who.gho.mdg-0000000007,MDG_0000000007:SLE:SEX_BTSX:AGEGROUP_YEARSUNDER5:WEALTHQUINTILE_TOTL,1966-01-01,2026-09-07T16:10:03Z,high,387.95964295,,who.gho.mdg-0000000007,raw/who.gho.mdg-0000000007/2026/09/20260907T161003Z-9bcc9b7e7da4.json.gz,2
who.gho.mdg-0000000007,MDG_0000000007:SLE:SEX_BTSX:AGEGROUP_YEARSUNDER5:WEALTHQUINTILE_TOTL,1966-01-01,2026-09-07T16:10:03Z,low,324.635103563,,who.gho.mdg-0000000007,raw/who.gho.mdg-0000000007/2026/09/20260907T161003Z-9bcc9b7e7da4.json.gz,2
who.gho.mdg-0000000007,MDG_0000000007:SLE:SEX_BTSX:AGEGROUP_YEARSUNDER5:WEALTHQUINTILE_TOTL,1966-01-01,2026-09-07T16:10:03Z,restated_at,2026-08-05,,who.gho.mdg-0000000007,raw/who.gho.mdg-0000000007/2026/09/20260907T161003Z-9bcc9b7e7da4.json.gz,2
who.gho.mdg-0000000007,MDG_0000000007:SLE:SEX_BTSX:AGEGROUP_YEARSUNDER5:WEALTHQUINTILE_TOTL,1966-01-01,2026-09-07T16:10:03Z,value,355.061800917,,who.gho.mdg-0000000007,raw/who.gho.mdg-0000000007/2026/09/20260907T161003Z-9bcc9b7e7da4.json.gz,2
who.gho.mdg-0000000007,MDG_0000000007:SLE:SEX_FMLE:AGEGROUP_YEARSUNDER5:WEALTHQUINTILE_TOTL,1966-01-01,2026-09-07T16:10:12Z,high,376.048573923,,who.gho.mdg-0000000007,raw/who.gho.mdg-0000000007/2026/09/20260907T161012Z-af10f639113a.json.gz,2
who.gho.mdg-0000000007,MDG_0000000007:SLE:SEX_FMLE:AGEGROUP_YEARSUNDER5:WEALTHQUINTILE_TOTL,1966-01-01,2026-09-07T16:10:12Z,low,310.668992083,,who.gho.mdg-0000000007,raw/who.gho.mdg-0000000007/2026/09/20260907T161012Z-af10f639113a.json.gz,2
who.gho.mdg-0000000007,MDG_0000000007:SLE:SEX_FMLE:AGEGROUP_YEARSUNDER5:WEALTHQUINTILE_TOTL,1966-01-01,2026-09-07T16:10:12Z,restated_at,2026-08-05,,who.gho.mdg-0000000007,raw/who.gho.mdg-0000000007/2026/09/20260907T161012Z-af10f639113a.json.gz,2
who.gho.mdg-0000000007,MDG_0000000007:SLE:SEX_FMLE:AGEGROUP_YEARSUNDER5:WEALTHQUINTILE_TOTL,1966-01-01,2026-09-07T16:10:12Z,value,342.247218169,,who.gho.mdg-0000000007,raw/who.gho.mdg-0000000007/2026/09/20260907T161012Z-af10f639113a.json.gz,2
who.gho.mdg-0000000007,MDG_0000000007:SLE:SEX_MLE:AGEGROUP_YEARSUNDER5:WEALTHQUINTILE_TOTL,1966-01-01,2026-09-07T16:05:48Z,high,403.251367981,,who.gho.mdg-0000000007,raw/who.gho.mdg-0000000007/2026/09/20260907T160548Z-1609a76f5ecc.json.gz,2
who.gho.mdg-0000000007,MDG_0000000007:SLE:SEX_MLE:AGEGROUP_YEARSUNDER5:WEALTHQUINTILE_TOTL,1966-01-01,2026-09-07T16:05:48Z,low,334.554430254,,who.gho.mdg-0000000007,raw/who.gho.mdg-0000000007/2026/09/20260907T160548Z-1609a76f5ecc.json.gz,2
who.gho.mdg-0000000007,MDG_0000000007:SLE:SEX_MLE:AGEGROUP_YEARSUNDER5:WEALTHQUINTILE_TOTL,1966-01-01,2026-09-07T16:05:48Z,restated_at,2026-08-05,,who.gho.mdg-0000000007,raw/who.gho.mdg-0000000007/2026/09/20260907T160548Z-1609a76f5ecc.json.gz,2
who.gho.mdg-0000000007,MDG_0000000007:SLE:SEX_MLE:AGEGROUP_YEARSUNDER5:WEALTHQUINTILE_TOTL,1966-01-01,2026-09-07T16:05:48Z,value,367.206124066,,who.gho.mdg-0000000007,raw/who.gho.mdg-0000000007/2026/09/20260907T160548Z-1609a76f5ecc.json.gz,2
who.gho.mdg-0000000007,MDG_0000000007:SLV:SEX_BTSX:AGEGROUP_YEARSUNDER5:WEALTHQUINTILE_TOTL,1966-01-01,2026-09-07T16:10:07Z,high,200.773774259,,who.gho.mdg-0000000007,raw/who.gho.mdg-0000000007/2026/09/20260907T161007Z-28c6cde3082c.json.gz,2
who.gho.mdg-0000000007,MDG_0000000007:SLV:SEX_BTSX:AGEGROUP_YEARSUNDER5:WEALTHQUINTILE_TOTL,1966-01-01,2026-09-07T16:10:07Z,low,154.736932858,,who.gho.mdg-0000000007,raw/who.gho.mdg-0000000007/2026/09/20260907T161007Z-28c6cde3082c.json.gz,2
who.gho.mdg-0000000007,MDG_0000000007:SLV:SEX_BTSX:AGEGROUP_YEARSUNDER5:WEALTHQUINTILE_TOTL,1966-01-01,2026-09-07T16:10:07Z,restated_at,2026-08-05,,who.gho.mdg-0000000007,raw/who.gho.mdg-0000000007/2026/09/20260907T161007Z-28c6cde3082c.json.gz,2
who.gho.mdg-0000000007,MDG_0000000007:SLV:SEX_BTSX:AGEGROUP_YEARSUNDER5:WEALTHQUINTILE_TOTL,1966-01-01,2026-09-07T16:10:07Z,value,175.53891455,,who.gho.mdg-0000000007,raw/who.gho.mdg-0000000007/2026/09/20260907T161007Z-28c6cde3082c.json.gz,2
who.gho.mdg-0000000007,MDG_0000000007:SLV:SEX_FMLE:AGEGROUP_YEARSUNDER5:WEALTHQUINTILE_TOTL,1966-01-01,2026-09-07T16:11:14Z,high,189.876077835,,who.gho.mdg-0000000007,raw/who.gho.mdg-0000000007/2026/09/20260907T161114Z-c1ae2408f442.json.gz,2
who.gho.mdg-0000000007,MDG_0000000007:SLV:SEX_FMLE:AGEGROUP_YEARSUNDER5:WEALTHQUINTILE_TOTL,1966-01-01,2026-09-07T16:11:14Z,low,144.774628531,,who.gho.mdg-0000000007,raw/who.gho.mdg-0000000007/2026/09/20260907T161114Z-c1ae2408f442.json.gz,2
who.gho.mdg-0000000007,MDG_0000000007:SLV:SEX_FMLE:AGEGROUP_YEARSUNDER5:WEALTHQUINTILE_TOTL,1966-01-01,2026-09-07T16:11:14Z,restated_at,2026-08-05,,who.gho.mdg-0000000007,raw/who.gho.mdg-0000000007/2026/09/20260907T161114Z-c1ae2408f442.json.gz,2
who.gho.mdg-0000000007,MDG_0000000007:SLV:SEX_FMLE:AGEGROUP_YEARSUNDER5:WEALTHQUINTILE_TOTL,1966-01-01,2026-09-07T16:11:14Z,value,165.365311108,,who.gho.mdg-0000000007,raw/who.gho.mdg-0000000007/2026/09/20260907T161114Z-c1ae2408f442.json.gz,2
who.gho.mdg-0000000007,MDG_0000000007:SLV:SEX_MLE:AGEGROUP_YEARSUNDER5:WEALTHQUINTILE_TOTL,1966-01-01,2026-09-07T16:10:53Z,high,212.575211383,,who.gho.mdg-0000000007,raw/who.gho.mdg-0000000007/2026/09/20260907T161053Z-9a5808e2a757.json.gz,2
who.gho.mdg-0000000007,MDG_0000000007:SLV:SEX_MLE:AGEGROUP_YEARSUNDER5:WEALTHQUINTILE_TOTL,1966-01-01,2026-09-07T16:10:53Z,low,162.673288414,,who.gho.mdg-0000000007,raw/who.gho.mdg-0000000007/2026/09/20260907T161053Z-9a5808e2a757.json.gz,2
who.gho.mdg-0000000007,MDG_0000000007:SLV:SEX_MLE:AGEGROUP_YEARSUNDER5:WEALTHQUINTILE_TOTL,1966-01-01,2026-09-07T16:10:53Z,restated_at,2026-08-05,,who.gho.mdg-0000000007,raw/who.gho.mdg-0000000007/2026/09/20260907T161053Z-9a5808e2a757.json.gz,2
who.gho.mdg-0000000007,MDG_0000000007:SLV:SEX_MLE:AGEGROUP_YEARSUNDER5:WEALTHQUINTILE_TOTL,1966-01-01,2026-09-07T16:10:53Z,value,185.346632075,,who.gho.mdg-0000000007,raw/who.gho.mdg-0000000007/2026/09/20260907T161053Z-9a5808e2a757.json.gz,2
who.gho.mdg-0000000007,MDG_0000000007:SSD:SEX_BTSX:AGEGROUP_YEARSUNDER5:WEALTHQUINTILE_TOTL,1966-01-01,2026-09-07T16:09:08Z,high,591.306634505,,who.gho.mdg-0000000007,raw/who.gho.mdg-0000000007/2026/09/20260907T160908Z-96acbc2bc7cb.json.gz,2
who.gho.mdg-0000000007,MDG_0000000007:SSD:SEX_BTSX:AGEGROUP_YEARSUNDER5:WEALTHQUINTILE_TOTL,1966-01-01,2026-09-07T16:09:08Z,low,289.6373509,,who.gho.mdg-0000000007,raw/who.gho.mdg-0000000007/2026/09/20260907T160908Z-96acbc2bc7cb.json.gz,2
who.gho.mdg-0000000007,MDG_0000000007:SSD:SEX_BTSX:AGEGROUP_YEARSUNDER5:WEALTHQUINTILE_TOTL,1966-01-01,2026-09-07T16:09:08Z,restated_at,2026-08-05,,who.gho.mdg-0000000007,raw/who.gho.mdg-0000000007/2026/09/20260907T160908Z-96acbc2bc7cb.json.gz,2
who.gho.mdg-0000000007,MDG_0000000007:SSD:SEX_BTSX:AGEGROUP_YEARSUNDER5:WEALTHQUINTILE_TOTL,1966-01-01,2026-09-07T16:09:08Z,value,410.861189765,,who.gho.mdg-0000000007,raw/who.gho.mdg-0000000007/2026/09/20260907T160908Z-96acbc2bc7cb.json.gz,2
who.gho.mdg-0000000007,MDG_0000000007:SSD:SEX_FMLE:AGEGROUP_YEARSUNDER5:WEALTHQUINTILE_TOTL,1966-01-01,2026-09-07T16:09:30Z,high,581.243266013,,who.gho.mdg-0000000007,raw/who.gho.mdg-0000000007/2026/09/20260907T160930Z-3a49f2d0e7d2.json.gz,2
who.gho.mdg-0000000007,MDG_0000000007:SSD:SEX_FMLE:AGEGROUP_YEARSUNDER5:WEALTHQUINTILE_TOTL,1966-01-01,2026-09-07T16:09:30Z,low,282.347446818,,who.gho.mdg-0000000007,raw/who.gho.mdg-0000000007/2026/09/20260907T160930Z-3a49f2d0e7d2.json.gz,2
who.gho.mdg-0000000007,MDG_0000000007:SSD:SEX_FMLE:AGEGROUP_YEARSUNDER5:WEALTHQUINTILE_TOTL,1966-01-01,2026-09-07T16:09:30Z,restated_at,2026-08-05,,who.gho.mdg-0000000007,raw/who.gho.mdg-0000000007/2026/09/20260907T160930Z-3a49f2d0e7d2.json.gz,2
who.gho.mdg-0000000007,MDG_0000000007:SSD:SEX_FMLE:AGEGROUP_YEARSUNDER5:WEALTHQUINTILE_TOTL,1966-01-01,2026-09-07T16:09:30Z,value,403.195008446,,who.gho.mdg-0000000007,raw/who.gho.mdg-0000000007/2026/09/20260907T160930Z-3a49f2d0e7d2.json.gz,2
who.gho.mdg-0000000007,MDG_0000000007:SSD:SEX_MLE:AGEGROUP_YEARSUNDER5:WEALTHQUINTILE_TOTL,1966-01-01,2026-09-07T16:05:09Z,high,604.064502989,,who.gho.mdg-0000000007,raw/who.gho.mdg-0000000007/2026/09/20260907T160509Z-9066130499c7.json.gz,2
who.gho.mdg-0000000007,MDG_0000000007:SSD:SEX_MLE:AGEGROUP_YEARSUNDER5:WEALTHQUINTILE_TOTL,1966-01-01,2026-09-07T16:05:09Z,low,292.878731913,,who.gho.mdg-0000000007,raw/who.gho.mdg-0000000007/2026/09/20260907T160509Z-9066130499c7.json.gz,2
who.gho.mdg-0000000007,MDG_0000000007:SSD:SEX_MLE:AGEGROUP_YEARSUNDER5:WEALTHQUINTILE_TOTL,1966-01-01,2026-09-07T16:05:09Z,restated_at,2026-08-05,,who.gho.mdg-0000000007,raw/who.gho.mdg-0000000007/2026/09/20260907T160509Z-9066130499c7.json.gz,2
who.gho.mdg-0000000007,MDG_0000000007:SSD:SEX_MLE:AGEGROUP_YEARSUNDER5:WEALTHQUINTILE_TOTL,1966-01-01,2026-09-07T16:05:09Z,value,418.077326217,,who.gho.mdg-0000000007,raw/who.gho.mdg-0000000007/2026/09/20260907T160509Z-9066130499c7.json.gz,2
who.gho.mdg-0000000007,MDG_0000000007:STP:SEX_BTSX:AGEGROUP_YEARSUNDER5:WEALTHQUINTILE_TOTL,1966-01-01,2026-09-07T16:09:03Z,high,124.511115603,,who.gho.mdg-0000000007,raw/who.gho.mdg-0000000007/2026/09/20260907T160903Z-df09845b881e.json.gz,2
who.gho.mdg-0000000007,MDG_0000000007:STP:SEX_BTSX:AGEGROUP_YEARSUNDER5:WEALTHQUINTILE_TOTL,1966-01-01,2026-09-07T16:09:03Z,low,68.755932858,,who.gho.mdg-0000000007,raw/who.gho.mdg-0000000007/2026/09/20260907T160903Z-df09845b881e.json.gz,2
who.gho.mdg-0000000007,MDG_0000000007:STP:SEX_BTSX:AGEGROUP_YEARSUNDER5:WEALTHQUINTILE_TOTL,1966-01-01,2026-09-07T16:09:03Z,restated_at,2026-08-05,,who.gho.mdg-0000000007,raw/who.gho.mdg-0000000007/2026/09/20260907T160903Z-df09845b881e.json.gz,2
who.gho.mdg-0000000007,MDG_0000000007:STP:SEX_BTSX:AGEGROUP_YEARSUNDER5:WEALTHQUINTILE_TOTL,1966-01-01,2026-09-07T16:09:03Z,value,92.559287256,,who.gho.mdg-0000000007,raw/who.gho.mdg-0000000007/2026/09/20260907T160903Z-df09845b881e.json.gz,2
who.gho.mdg-0000000007,MDG_0000000007:STP:SEX_FMLE:AGEGROUP_YEARSUNDER5:WEALTHQUINTILE_TOTL,1966-01-01,2026-09-07T16:06:21Z,high,117.767961905,,who.gho.mdg-0000000007,raw/who.gho.mdg-0000000007/2026/09/20260907T160621Z-1819ad2538c7.json.gz,2
who.gho.mdg-0000000007,MDG_0000000007:STP:SEX_FMLE:AGEGROUP_YEARSUNDER5:WEALTHQUINTILE_TOTL,1966-01-01,2026-09-07T16:06:21Z,low,64.383138405,,who.gho.mdg-0000000007,raw/who.gho.mdg-0000000007/2026/09/20260907T160621Z-1819ad2538c7.json.gz,2
who.gho.mdg-0000000007,MDG_0000000007:STP:SEX_FMLE:AGEGROUP_YEARSUNDER5:WEALTHQUINTILE_TOTL,1966-01-01,2026-09-07T16:06:21Z,restated_at,2026-08-05,,who.gho.mdg-0000000007,raw/who.gho.mdg-0000000007/2026/09/20260907T160621Z-1819ad2538c7.json.gz,2
who.gho.mdg-0000000007,MDG_0000000007:STP:SEX_FMLE:AGEGROUP_YEARSUNDER5:WEALTHQUINTILE_TOTL,1966-01-01,2026-09-07T16:06:21Z,value,87.149004579,,who.gho.mdg-0000000007,raw/who.gho.mdg-0000000007/2026/09/20260907T160621Z-1819ad2538c7.json.gz,2
who.gho.mdg-0000000007,MDG_0000000007:STP:SEX_MLE:AGEGROUP_YEARSUNDER5:WEALTHQUINTILE_TOTL,1966-01-01,2026-09-07T16:09:46Z,high,131.88249756,,who.gho.mdg-0000000007,raw/who.gho.mdg-0000000007/2026/09/20260907T160946Z-716d23d235ed.json.gz,2
who.gho.mdg-0000000007,MDG_0000000007:STP:SEX_MLE:AGEGROUP_YEARSUNDER5:WEALTHQUINTILE_TOTL,1966-01-01,2026-09-07T16:09:46Z,low,72.286042313,,who.gho.mdg-0000000007,raw/who.gho.mdg-0000000007/2026/09/20260907T160946Z-716d23d235ed.json.gz,2
who.gho.mdg-0000000007,MDG_0000000007:STP:SEX_MLE:AGEGROUP_YEARSUNDER5:WEALTHQUINTILE_TOTL,1966-01-01,2026-09-07T16:09:46Z,restated_at,2026-08-05,,who.gho.mdg-0000000007,raw/who.gho.mdg-0000000007/2026/09/20260907T160946Z-716d23d235ed.json.gz,2
who.gho.mdg-0000000007,MDG_0000000007:STP:SEX_MLE:AGEGROUP_YEARSUNDER5:WEALTHQUINTILE_TOTL,1966-01-01,2026-09-07T16:09:46Z,value,97.64614429,,who.gho.mdg-0000000007,raw/who.gho.mdg-0000000007/2026/09/20260907T160946Z-716d23d235ed.json.gz,2
who.gho.mdg-0000000007,MDG_0000000007:SVK:SEX_BTSX:AGEGROUP_YEARSUNDER5:WEALTHQUINTILE_TOTL,1966-01-01,2026-09-07T16:11:10Z,high,32.329728066,,who.gho.mdg-0000000007,raw/who.gho.mdg-0000000007/2026/09/20260907T161110Z-9f3e1e4fe296.json.gz,2
who.gho.mdg-0000000007,MDG_0000000007:SVK:SEX_BTSX:AGEGROUP_YEARSUNDER5:WEALTHQUINTILE_TOTL,1966-01-01,2026-09-07T16:11:10Z,low,28.758447264,,who.gho.mdg-0000000007,raw/who.gho.mdg-0000000007/2026/09/20260907T161110Z-9f3e1e4fe296.json.gz,2
who.gho.mdg-0000000007,MDG_0000000007:SVK:SEX_BTSX:AGEGROUP_YEARSUNDER5:WEALTHQUINTILE_TOTL,1966-01-01,2026-09-07T16:11:10Z,restated_at,2026-08-05,,who.gho.mdg-0000000007,raw/who.gho.mdg-0000000007/2026/09/20260907T161110Z-9f3e1e4fe296.json.gz,2
who.gho.mdg-0000000007,MDG_0000000007:SVK:SEX_BTSX:AGEGROUP_YEARSUNDER5:WEALTHQUINTILE_TOTL,1966-01-01,2026-09-07T16:11:10Z,value,30.477404153,,who.gho.mdg-0000000007,raw/who.gho.mdg-0000000007/2026/09/20260907T161110Z-9f3e1e4fe296.json.gz,2
who.gho.mdg-0000000007,MDG_0000000007:SVK:SEX_FMLE:AGEGROUP_YEARSUNDER5:WEALTHQUINTILE_TOTL,1966-01-01,2026-09-07T16:06:21Z,high,28.741397561,,who.gho.mdg-0000000007,raw/who.gho.mdg-0000000007/2026/09/20260907T160621Z-1819ad2538c7.json.gz,2
who.gho.mdg-0000000007,MDG_0000000007:SVK:SEX_FMLE:AGEGROUP_YEARSUNDER5:WEALTHQUINTILE_TOTL,1966-01-01,2026-09-07T16:06:21Z,low,24.897831148,,who.gho.mdg-0000000007,raw/who.gho.mdg-0000000007/2026/09/20260907T160621Z-1819ad2538c7.json.gz,2
who.gho.mdg-0000000007,MDG_0000000007:SVK:SEX_FMLE:AGEGROUP_YEARSUNDER5:WEALTHQUINTILE_TOTL,1966-01-01,2026-09-07T16:06:21Z,restated_at,2026-08-05,,who.gho.mdg-0000000007,raw/who.gho.mdg-0000000007/2026/09/20260907T160621Z-1819ad2538c7.json.gz,2
who.gho.mdg-0000000007,MDG_0000000007:SVK:SEX_FMLE:AGEGROUP_YEARSUNDER5:WEALTHQUINTILE_TOTL,1966-01-01,2026-09-07T16:06:21Z,value,26.742026516,,who.gho.mdg-0000000007,raw/who.gho.mdg-0000000007/2026/09/20260907T160621Z-1819ad2538c7.json.gz,2
who.gho.mdg-0000000007,MDG_0000000007:SVK:SEX_MLE:AGEGROUP_YEARSUNDER5:WEALTHQUINTILE_TOTL,1966-01-01,2026-09-07T16:10:03Z,high,36.444244071,,who.gho.mdg-0000000007,raw/who.gho.mdg-0000000007/2026/09/20260907T161003Z-9bcc9b7e7da4.json.gz,2
who.gho.mdg-0000000007,MDG_0000000007:SVK:SEX_MLE:AGEGROUP_YEARSUNDER5:WEALTHQUINTILE_TOTL,1966-01-01,2026-09-07T16:10:03Z,low,31.823276111,,who.gho.mdg-0000000007,raw/who.gho.mdg-0000000007/2026/09/20260907T161003Z-9bcc9b7e7da4.json.gz,2
who.gho.mdg-0000000007,MDG_0000000007:SVK:SEX_MLE:AGEGROUP_YEARSUNDER5:WEALTHQUINTILE_TOTL,1966-01-01,2026-09-07T16:10:03Z,restated_at,2026-08-05,,who.gho.mdg-0000000007,raw/who.gho.mdg-0000000007/2026/09/20260907T161003Z-9bcc9b7e7da4.json.gz,2
who.gho.mdg-0000000007,MDG_0000000007:SVK:SEX_MLE:AGEGROUP_YEARSUNDER5:WEALTHQUINTILE_TOTL,1966-01-01,2026-09-07T16:10:03Z,value,34.017942962,,who.gho.mdg-0000000007,raw/who.gho.mdg-0000000007/2026/09/20260907T161003Z-9bcc9b7e7da4.json.gz,2
who.gho.mdg-0000000007,MDG_0000000007:SWE:SEX_BTSX:AGEGROUP_YEARSUNDER5:WEALTHQUINTILE_TOTL,1966-01-01,2026-09-07T16:09:46Z,high,15.861339056,,who.gho.mdg-0000000007,raw/who.gho.mdg-0000000007/2026/09/20260907T160946Z-716d23d235ed.json.gz,2
who.gho.mdg-0000000007,MDG_0000000007:SWE:SEX_BTSX:AGEGROUP_YEARSUNDER5:WEALTHQUINTILE_TOTL,1966-01-01,2026-09-07T16:09:46Z,low,15.229466314,,who.gho.mdg-0000000007,raw/who.gho.mdg-0000000007/2026/09/20260907T160946Z-716d23d235ed.json.gz,2
who.gho.mdg-0000000007,MDG_0000000007:SWE:SEX_BTSX:AGEGROUP_YEARSUNDER5:WEALTHQUINTILE_TOTL,1966-01-01,2026-09-07T16:09:46Z,restated_at,2026-08-05,,who.gho.mdg-0000000007,raw/who.gho.mdg-0000000007/2026/09/20260907T160946Z-716d23d235ed.json.gz,2
who.gho.mdg-0000000007,MDG_0000000007:SWE:SEX_BTSX:AGEGROUP_YEARSUNDER5:WEALTHQUINTILE_TOTL,1966-01-01,2026-09-07T16:09:46Z,value,15.546227743,,who.gho.mdg-0000000007,raw/who.gho.mdg-0000000007/2026/09/20260907T160946Z-716d23d235ed.json.gz,2
who.gho.mdg-0000000007,MDG_0000000007:SWE:SEX_FMLE:AGEGROUP_YEARSUNDER5:WEALTHQUINTILE_TOTL,1966-01-01,2026-09-07T16:06:02Z,high,13.733744017,,who.gho.mdg-0000000007,raw/who.gho.mdg-0000000007/2026/09/20260907T160602Z-1adff4f5f376.json.gz,2
who.gho.mdg-0000000007,MDG_0000000007:SWE:SEX_FMLE:AGEGROUP_YEARSUNDER5:WEALTHQUINTILE_TOTL,1966-01-01,2026-09-07T16:06:02Z,low,13.034065846,,who.gho.mdg-0000000007,raw/who.gho.mdg-0000000007/2026/09/20260907T160602Z-1adff4f5f376.json.gz,2
who.gho.mdg-0000000007,MDG_0000000007:SWE:SEX_FMLE:AGEGROUP_YEARSUNDER5:WEALTHQUINTILE_TOTL,1966-01-01,2026-09-07T16:06:02Z,restated_at,2026-08-05,,who.gho.mdg-0000000007,raw/who.gho.mdg-0000000007/2026/09/20260907T160602Z-1adff4f5f376.json.gz,2
who.gho.mdg-0000000007,MDG_0000000007:SWE:SEX_FMLE:AGEGROUP_YEARSUNDER5:WEALTHQUINTILE_TOTL,1966-01-01,2026-09-07T16:06:02Z,value,13.383930549,,who.gho.mdg-0000000007,raw/who.gho.mdg-0000000007/2026/09/20260907T160602Z-1adff4f5f376.json.gz,2
who.gho.mdg-0000000007,MDG_0000000007:SWE:SEX_MLE:AGEGROUP_YEARSUNDER5:WEALTHQUINTILE_TOTL,1966-01-01,2026-09-07T16:11:06Z,high,18.024108926,,who.gho.mdg-0000000007,raw/who.gho.mdg-0000000007/2026/09/20260907T161106Z-078c7101acce.json.gz,2
who.gho.mdg-0000000007,MDG_0000000007:SWE:SEX_MLE:AGEGROUP_YEARSUNDER5:WEALTHQUINTILE_TOTL,1966-01-01,2026-09-07T16:11:06Z,low,17.188097081,,who.gho.mdg-0000000007,raw/who.gho.mdg-0000000007/2026/09/20260907T161106Z-078c7101acce.json.gz,2
who.gho.mdg-0000000007,MDG_0000000007:SWE:SEX_MLE:AGEGROUP_YEARSUNDER5:WEALTHQUINTILE_TOTL,1966-01-01,2026-09-07T16:11:06Z,restated_at,2026-08-05,,who.gho.mdg-0000000007,raw/who.gho.mdg-0000000007/2026/09/20260907T161106Z-078c7101acce.json.gz,2
who.gho.mdg-0000000007,MDG_0000000007:SWE:SEX_MLE:AGEGROUP_YEARSUNDER5:WEALTHQUINTILE_TOTL,1966-01-01,2026-09-07T16:11:06Z,value,17.607176642,,who.gho.mdg-0000000007,raw/who.gho.mdg-0000000007/2026/09/20260907T161106Z-078c7101acce.json.gz,2
who.gho.mdg-0000000007,MDG_0000000007:SWZ:SEX_BTSX:AGEGROUP_YEARSUNDER5:WEALTHQUINTILE_TOTL,1966-01-01,2026-09-07T16:05:52Z,high,219.435288068,,who.gho.mdg-0000000007,raw/who.gho.mdg-0000000007/2026/09/20260907T160552Z-f44dce2e8a23.json.gz,2
who.gho.mdg-0000000007,MDG_0000000007:SWZ:SEX_BTSX:AGEGROUP_YEARSUNDER5:WEALTHQUINTILE_TOTL,1966-01-01,2026-09-07T16:05:52Z,low,160.105035962,,who.gho.mdg-0000000007,raw/who.gho.mdg-0000000007/2026/09/20260907T160552Z-f44dce2e8a23.json.gz,2
who.gho.mdg-0000000007,MDG_0000000007:SWZ:SEX_BTSX:AGEGROUP_YEARSUNDER5:WEALTHQUINTILE_TOTL,1966-01-01,2026-09-07T16:05:52Z,restated_at,2026-08-05,,who.gho.mdg-0000000007,raw/who.gho.mdg-0000000007/2026/09/20260907T160552Z-f44dce2e8a23.json.gz,2
who.gho.mdg-0000000007,MDG_0000000007:SWZ:SEX_BTSX:AGEGROUP_YEARSUNDER5:WEALTHQUINTILE_TOTL,1966-01-01,2026-09-07T16:05:52Z,value,186.934501255,,who.gho.mdg-0000000007,raw/who.gho.mdg-0000000007/2026/09/20260907T160552Z-f44dce2e8a23.json.gz,2
who.gho.mdg-0000000007,MDG_0000000007:SWZ:SEX_FMLE:AGEGROUP_YEARSUNDER5:WEALTHQUINTILE_TOTL,1966-01-01,2026-09-07T16:06:07Z,high,209.10261232,,who.gho.mdg-0000000007,raw/who.gho.mdg-0000000007/2026/09/20260907T160607Z-9445f1b065fa.json.gz,2
who.gho.mdg-0000000007,MDG_0000000007:SWZ:SEX_FMLE:AGEGROUP_YEARSUNDER5:WEALTHQUINTILE_TOTL,1966-01-01,2026-09-07T16:06:07Z,low,150.725149184,,who.gho.mdg-0000000007,raw/who.gho.mdg-0000000007/2026/09/20260907T160607Z-9445f1b065fa.json.gz,2
who.gho.mdg-0000000007,MDG_0000000007:SWZ:SEX_FMLE:AGEGROUP_YEARSUNDER5:WEALTHQUINTILE_TOTL,1966-01-01,2026-09-07T16:06:07Z,restated_at,2026-08-05,,who.gho.mdg-0000000007,raw/who.gho.mdg-0000000007/2026/09/20260907T160607Z-9445f1b065fa.json.gz,2
who.gho.mdg-0000000007,MDG_0000000007:SWZ:SEX_FMLE:AGEGROUP_YEARSUNDER5:WEALTHQUINTILE_TOTL,1966-01-01,2026-09-07T16:06:07Z,value,176.954815977,,who.gho.mdg-0000000007,raw/who.gho.mdg-0000000007/2026/09/20260907T160607Z-9445f1b065fa.json.gz,2
who.gho.mdg-0000000007,MDG_0000000007:SWZ:SEX_MLE:AGEGROUP_YEARSUNDER5:WEALTHQUINTILE_TOTL,1966-01-01,2026-09-07T16:05:35Z,high,231.481246417,,who.gho.mdg-0000000007,raw/who.gho.mdg-0000000007/2026/09/20260907T160535Z-bcafb05f6fe8.json.gz,2
who.gho.mdg-0000000007,MDG_0000000007:SWZ:SEX_MLE:AGEGROUP_YEARSUNDER5:WEALTHQUINTILE_TOTL,1966-01-01,2026-09-07T16:05:35Z,low,167.333262648,,who.gho.mdg-0000000007,raw/who.gho.mdg-0000000007/2026/09/20260907T160535Z-bcafb05f6fe8.json.gz,2
who.gho.mdg-0000000007,MDG_0000000007:SWZ:SEX_MLE:AGEGROUP_YEARSUNDER5:WEALTHQUINTILE_TOTL,1966-01-01,2026-09-07T16:05:35Z,restated_at,2026-08-05,,who.gho.mdg-0000000007,raw/who.gho.mdg-0000000007/2026/09/20260907T160535Z-bcafb05f6fe8.json.gz,2
who.gho.mdg-0000000007,MDG_0000000007:SWZ:SEX_MLE:AGEGROUP_YEARSUNDER5:WEALTHQUINTILE_TOTL,1966-01-01,2026-09-07T16:05:35Z,value,196.150160756,,who.gho.mdg-0000000007,raw/who.gho.mdg-0000000007/2026/09/20260907T160535Z-bcafb05f6fe8.json.gz,2
who.gho.mdg-0000000007,MDG_0000000007:SYC:SEX_BTSX:AGEGROUP_YEARSUNDER5:WEALTHQUINTILE_TOTL,1966-01-01,2026-09-07T16:05:52Z,high,101.102906991,,who.gho.mdg-0000000007,raw/who.gho.mdg-0000000007/2026/09/20260907T160552Z-f44dce2e8a23.json.gz,2
who.gho.mdg-0000000007,MDG_0000000007:SYC:SEX_BTSX:AGEGROUP_YEARSUNDER5:WEALTHQUINTILE_TOTL,1966-01-01,2026-09-07T16:05:52Z,low,84.442275557,,who.gho.mdg-0000000007,raw/who.gho.mdg-0000000007/2026/09/20260907T160552Z-f44dce2e8a23.json.gz,2
who.gho.mdg-0000000007,MDG_0000000007:SYC:SEX_BTSX:AGEGROUP_YEARSUNDER5:WEALTHQUINTILE_TOTL,1966-01-01,2026-09-07T16:05:52Z,restated_at,2026-08-05,,who.gho.mdg-0000000007,raw/who.gho.mdg-0000000007/2026/09/20260907T160552Z-f44dce2e8a23.json.gz,2
who.gho.mdg-0000000007,MDG_0000000007:SYC:SEX_BTSX:AGEGROUP_YEARSUNDER5:WEALTHQUINTILE_TOTL,1966-01-01,2026-09-07T16:05:52Z,value,92.403201801,,who.gho.mdg-0000000007,raw/who.gho.mdg-0000000007/2026/09/20260907T160552Z-f44dce2e8a23.json.gz,2
who.gho.mdg-0000000007,MDG_0000000007:SYC:SEX_FMLE:AGEGROUP_YEARSUNDER5:WEALTHQUINTILE_TOTL,1966-01-01,2026-09-07T16:08:59Z,high,98.038023619,,who.gho.mdg-0000000007,raw/who.gho.mdg-0000000007/2026/09/20260907T160859Z-81b3460c41a8.json.gz,2
who.gho.mdg-0000000007,MDG_0000000007:SYC:SEX_FMLE:AGEGROUP_YEARSUNDER5:WEALTHQUINTILE_TOTL,1966-01-01,2026-09-07T16:08:59Z,low,80.571934935,,who.gho.mdg-0000000007,raw/who.gho.mdg-0000000007/2026/09/20260907T160859Z-81b3460c41a8.json.gz,2
who.gho.mdg-0000000007,MDG_0000000007:SYC:SEX_FMLE:AGEGROUP_YEARSUNDER5:WEALTHQUINTILE_TOTL,1966-01-01,2026-09-07T16:08:59Z,restated_at,2026-08-05,,who.gho.mdg-0000000007,raw/who.gho.mdg-0000000007/2026/09/20260907T160859Z-81b3460c41a8.json.gz,2
who.gho.mdg-0000000007,MDG_0000000007:SYC:SEX_FMLE:AGEGROUP_YEARSUNDER5:WEALTHQUINTILE_TOTL,1966-01-01,2026-09-07T16:08:59Z,value,88.862227474,,who.gho.mdg-0000000007,raw/who.gho.mdg-0000000007/2026/09/20260907T160859Z-81b3460c41a8.json.gz,2
who.gho.mdg-0000000007,MDG_0000000007:SYC:SEX_MLE:AGEGROUP_YEARSUNDER5:WEALTHQUINTILE_TOTL,1966-01-01,2026-09-07T16:10:24Z,high,105.405457866,,who.gho.mdg-0000000007,raw/who.gho.mdg-0000000007/2026/09/20260907T161024Z-808a2a46070d.json.gz,2
who.gho.mdg-0000000007,MDG_0000000007:SYC:SEX_MLE:AGEGROUP_YEARSUNDER5:WEALTHQUINTILE_TOTL,1966-01-01,2026-09-07T16:10:24Z,low,86.949167156,,who.gho.mdg-0000000007,raw/who.gho.mdg-0000000007/2026/09/20260907T161024Z-808a2a46070d.json.gz,2
who.gho.mdg-0000000007,MDG_0000000007:SYC:SEX_MLE:AGEGROUP_YEARSUNDER5:WEALTHQUINTILE_TOTL,1966-01-01,2026-09-07T16:10:24Z,restated_at,2026-08-05,,who.gho.mdg-0000000007,raw/who.gho.mdg-0000000007/2026/09/20260907T161024Z-808a2a46070d.json.gz,2
who.gho.mdg-0000000007,MDG_0000000007:SYC:SEX_MLE:AGEGROUP_YEARSUNDER5:WEALTHQUINTILE_TOTL,1966-01-01,2026-09-07T16:10:24Z,value,95.728023598,,who.gho.mdg-0000000007,raw/who.gho.mdg-0000000007/2026/09/20260907T161024Z-808a2a46070d.json.gz,2
who.gho.mdg-0000000007,MDG_0000000007:SYR:SEX_BTSX:AGEGROUP_YEARSUNDER5:WEALTHQUINTILE_TOTL,1966-01-01,2026-09-07T16:06:16Z,high,141.455197584,,who.gho.mdg-0000000007,raw/who.gho.mdg-0000000007/2026/09/20260907T160616Z-615f6bfccb87.json.gz,2
who.gho.mdg-0000000007,MDG_0000000007:SYR:SEX_BTSX:AGEGROUP_YEARSUNDER5:WEALTHQUINTILE_TOTL,1966-01-01,2026-09-07T16:06:16Z,low,118.063861266,,who.gho.mdg-0000000007,raw/who.gho.mdg-0000000007/2026/09/20260907T160616Z-615f6bfccb87.json.gz,2
who.gho.mdg-0000000007,MDG_0000000007:SYR:SEX_BTSX:AGEGROUP_YEARSUNDER5:WEALTHQUINTILE_TOTL,1966-01-01,2026-09-07T16:06:16Z,restated_at,2026-08-05,,who.gho.mdg-0000000007,raw/who.gho.mdg-0000000007/2026/09/20260907T160616Z-615f6bfccb87.json.gz,2
who.gho.mdg-0000000007,MDG_0000000007:SYR:SEX_BTSX:AGEGROUP_YEARSUNDER5:WEALTHQUINTILE_TOTL,1966-01-01,2026-09-07T16:06:16Z,value,129.547094035,,who.gho.mdg-0000000007,raw/who.gho.mdg-0000000007/2026/09/20260907T160616Z-615f6bfccb87.json.gz,2
who.gho.mdg-0000000007,MDG_0000000007:SYR:SEX_FMLE:AGEGROUP_YEARSUNDER5:WEALTHQUINTILE_TOTL,1966-01-01,2026-09-07T16:05:43Z,high,142.851462308,,who.gho.mdg-0000000007,raw/who.gho.mdg-0000000007/2026/09/20260907T160543Z-0bdfcfeb6714.json.gz,2
who.gho.mdg-0000000007,MDG_0000000007:SYR:SEX_FMLE:AGEGROUP_YEARSUNDER5:WEALTHQUINTILE_TOTL,1966-01-01,2026-09-07T16:05:43Z,low,117.957948439,,who.gho.mdg-0000000007,raw/who.gho.mdg-0000000007/2026/09/20260907T160543Z-0bdfcfeb6714.json.gz,2
who.gho.mdg-0000000007,MDG_0000000007:SYR:SEX_FMLE:AGEGROUP_YEARSUNDER5:WEALTHQUINTILE_TOTL,1966-01-01,2026-09-07T16:05:43Z,restated_at,2026-08-05,,who.gho.mdg-0000000007,raw/who.gho.mdg-0000000007/2026/09/20260907T160543Z-0bdfcfeb6714.json.gz,2
who.gho.mdg-0000000007,MDG_0000000007:SYR:SEX_FMLE:AGEGROUP_YEARSUNDER5:WEALTHQUINTILE_TOTL,1966-01-01,2026-09-07T16:05:43Z,value,130.13890306,,who.gho.mdg-0000000007,raw/who.gho.mdg-0000000007/2026/09/20260907T160543Z-0bdfcfeb6714.json.gz,2
who.gho.mdg-0000000007,MDG_0000000007:SYR:SEX_MLE:AGEGROUP_YEARSUNDER5:WEALTHQUINTILE_TOTL,1966-01-01,2026-09-07T16:10:45Z,high,141.65335196,,who.gho.mdg-0000000007,raw/who.gho.mdg-0000000007/2026/09/20260907T161045Z-53a7d24c459b.json.gz,2
who.gho.mdg-0000000007,MDG_0000000007:SYR:SEX_MLE:AGEGROUP_YEARSUNDER5:WEALTHQUINTILE_TOTL,1966-01-01,2026-09-07T16:10:45Z,low,117.051905158,,who.gho.mdg-0000000007,raw/who.gho.mdg-0000000007/2026/09/20260907T161045Z-53a7d24c459b.json.gz,2
who.gho.mdg-0000000007,MDG_0000000007:SYR:SEX_MLE:AGEGROUP_YEARSUNDER5:WEALTHQUINTILE_TOTL,1966-01-01,2026-09-07T16:10:45Z,restated_at,2026-08-05,,who.gho.mdg-0000000007,raw/who.gho.mdg-0000000007/2026/09/20260907T161045Z-53a7d24c459b.json.gz,2
who.gho.mdg-0000000007,MDG_0000000007:SYR:SEX_MLE:AGEGROUP_YEARSUNDER5:WEALTHQUINTILE_TOTL,1966-01-01,2026-09-07T16:10:45Z,value,128.958658472,,who.gho.mdg-0000000007,raw/who.gho.mdg-0000000007/2026/09/20260907T161045Z-53a7d24c459b.json.gz,2
who.gho.mdg-0000000007,MDG_0000000007:TCA:SEX_BTSX:AGEGROUP_YEARSUNDER5:WEALTHQUINTILE_TOTL,1966-01-01,2026-09-07T16:10:33Z,high,111.099629274,,who.gho.mdg-0000000007,raw/who.gho.mdg-0000000007/2026/09/20260907T161033Z-0396663e197a.json.gz,2
who.gho.mdg-0000000007,MDG_0000000007:TCA:SEX_BTSX:AGEGROUP_YEARSUNDER5:WEALTHQUINTILE_TOTL,1966-01-01,2026-09-07T16:10:33Z,low,74.072442551,,who.gho.mdg-0000000007,raw/who.gho.mdg-0000000007/2026/09/20260907T161033Z-0396663e197a.json.gz,2
who.gho.mdg-0000000007,MDG_0000000007:TCA:SEX_BTSX:AGEGROUP_YEARSUNDER5:WEALTHQUINTILE_TOTL,1966-01-01,2026-09-07T16:10:33Z,restated_at,2026-08-05,,who.gho.mdg-0000000007,raw/who.gho.mdg-0000000007/2026/09/20260907T161033Z-0396663e197a.json.gz,2
who.gho.mdg-0000000007,MDG_0000000007:TCA:SEX_BTSX:AGEGROUP_YEARSUNDER5:WEALTHQUINTILE_TOTL,1966-01-01,2026-09-07T16:10:33Z,value,90.599321712,,who.gho.mdg-0000000007,raw/who.gho.mdg-0000000007/2026/09/20260907T161033Z-0396663e197a.json.gz,2
who.gho.mdg-0000000007,MDG_0000000007:TCA:SEX_FMLE:AGEGROUP_YEARSUNDER5:WEALTHQUINTILE_TOTL,1966-01-01,2026-09-07T16:09:22Z,high,94.710913897,,who.gho.mdg-0000000007,raw/who.gho.mdg-0000000007/2026/09/20260907T160922Z-b03be7779b07.json.gz,2
who.gho.mdg-0000000007,MDG_0000000007:TCA:SEX_FMLE:AGEGROUP_YEARSUNDER5:WEALTHQUINTILE_TOTL,1966-01-01,2026-09-07T16:09:22Z,low,62.666179649,,who.gho.mdg-0000000007,raw/who.gho.mdg-0000000007/2026/09/20260907T160922Z-b03be7779b07.json.gz,2
who.gho.mdg-0000000007,MDG_0000000007:TCA:SEX_FMLE:AGEGROUP_YEARSUNDER5:WEALTHQUINTILE_TOTL,1966-01-01,2026-09-07T16:09:22Z,restated_at,2026-08-05,,who.gho.mdg-0000000007,raw/who.gho.mdg-0000000007/2026/09/20260907T160922Z-b03be7779b07.json.gz,2
who.gho.mdg-0000000007,MDG_0000000007:TCA:SEX_FMLE:AGEGROUP_YEARSUNDER5:WEALTHQUINTILE_TOTL,1966-01-01,2026-09-07T16:09:22Z,value,77.040036419,,who.gho.mdg-0000000007,raw/who.gho.mdg-0000000007/2026/09/20260907T160922Z-b03be7779b07.json.gz,2
who.gho.mdg-0000000007,MDG_0000000007:TCA:SEX_MLE:AGEGROUP_YEARSUNDER5:WEALTHQUINTILE_TOTL,1966-01-01,2026-09-07T16:09:22Z,high,127.142514529,,who.gho.mdg-0000000007,raw/who.gho.mdg-0000000007/2026/09/20260907T160922Z-b03be7779b07.json.gz,2
who.gho.mdg-0000000007,MDG_0000000007:TCA:SEX_MLE:AGEGROUP_YEARSUNDER5:WEALTHQUINTILE_TOTL,1966-01-01,2026-09-07T16:09:22Z,low,84.282403538,,who.gho.mdg-0000000007,raw/who.gho.mdg-0000000007/2026/09/20260907T160922Z-b03be7779b07.json.gz,2
who.gho.mdg-0000000007,MDG_0000000007:TCA:SEX_MLE:AGEGROUP_YEARSUNDER5:WEALTHQUINTILE_TOTL,1966-01-01,2026-09-07T16:09:22Z,restated_at,2026-08-05,,who.gho.mdg-0000000007,raw/who.gho.mdg-0000000007/2026/09/20260907T160922Z-b03be7779b07.json.gz,2
who.gho.mdg-0000000007,MDG_0000000007:TCA:SEX_MLE:AGEGROUP_YEARSUNDER5:WEALTHQUINTILE_TOTL,1966-01-01,2026-09-07T16:09:22Z,value,103.343175406,,who.gho.mdg-0000000007,raw/who.gho.mdg-0000000007/2026/09/20260907T160922Z-b03be7779b07.json.gz,2
who.gho.mdg-0000000007,MDG_0000000007:TCD:SEX_BTSX:AGEGROUP_YEARSUNDER5:WEALTHQUINTILE_TOTL,1966-01-01,2026-09-07T16:05:57Z,high,296.1837589,,who.gho.mdg-0000000007,raw/who.gho.mdg-0000000007/2026/09/20260907T160557Z-c8e786907d46.json.gz,2
who.gho.mdg-0000000007,MDG_0000000007:TCD:SEX_BTSX:AGEGROUP_YEARSUNDER5:WEALTHQUINTILE_TOTL,1966-01-01,2026-09-07T16:05:57Z,low,228.131175314,,who.gho.mdg-0000000007,raw/who.gho.mdg-0000000007/2026/09/20260907T160557Z-c8e786907d46.json.gz,2
who.gho.mdg-0000000007,MDG_0000000007:TCD:SEX_BTSX:AGEGROUP_YEARSUNDER5:WEALTHQUINTILE_TOTL,1966-01-01,2026-09-07T16:05:57Z,restated_at,2026-08-05,,who.gho.mdg-0000000007,raw/who.gho.mdg-0000000007/2026/09/20260907T160557Z-c8e786907d46.json.gz,2
who.gho.mdg-0000000007,MDG_0000000007:TCD:SEX_BTSX:AGEGROUP_YEARSUNDER5:WEALTHQUINTILE_TOTL,1966-01-01,2026-09-07T16:05:57Z,value,260.489107939,,who.gho.mdg-0000000007,raw/who.gho.mdg-0000000007/2026/09/20260907T160557Z-c8e786907d46.json.gz,2
who.gho.mdg-0000000007,MDG_0000000007:TCD:SEX_FMLE:AGEGROUP_YEARSUNDER5:WEALTHQUINTILE_TOTL,1966-01-01,2026-09-07T16:05:14Z,high,285.176462623,,who.gho.mdg-0000000007,raw/who.gho.mdg-0000000007/2026/09/20260907T160514Z-6205b585146a.json.gz,2
who.gho.mdg-0000000007,MDG_0000000007:TCD:SEX_FMLE:AGEGROUP_YEARSUNDER5:WEALTHQUINTILE_TOTL,1966-01-01,2026-09-07T16:05:14Z,low,218.042256748,,who.gho.mdg-0000000007,raw/who.gho.mdg-0000000007/2026/09/20260907T160514Z-6205b585146a.json.gz,2
who.gho.mdg-0000000007,MDG_0000000007:TCD:SEX_FMLE:AGEGROUP_YEARSUNDER5:WEALTHQUINTILE_TOTL,1966-01-01,2026-09-07T16:05:14Z,restated_at,2026-08-05,,who.gho.mdg-0000000007,raw/who.gho.mdg-0000000007/2026/09/20260907T160514Z-6205b585146a.json.gz,2
who.gho.mdg-0000000007,MDG_0000000007:TCD:SEX_FMLE:AGEGROUP_YEARSUNDER5:WEALTHQUINTILE_TOTL,1966-01-01,2026-09-07T16:05:14Z,value,249.980085166,,who.gho.mdg-0000000007,raw/who.gho.mdg-0000000007/2026/09/20260907T160514Z-6205b585146a.json.gz,2
who.gho.mdg-0000000007,MDG_0000000007:TCD:SEX_MLE:AGEGROUP_YEARSUNDER5:WEALTHQUINTILE_TOTL,1966-01-01,2026-09-07T16:09:26Z,high,308.353466931,,who.gho.mdg-0000000007,raw/who.gho.mdg-0000000007/2026/09/20260907T160926Z-3ee37906b339.json.gz,2
who.gho.mdg-0000000007,MDG_0000000007:TCD:SEX_MLE:AGEGROUP_YEARSUNDER5:WEALTHQUINTILE_TOTL,1966-01-01,2026-09-07T16:09:26Z,low,236.202789318,,who.gho.mdg-0000000007,raw/who.gho.mdg-0000000007/2026/09/20260907T160926Z-3ee37906b339.json.gz,2
who.gho.mdg-0000000007,MDG_0000000007:TCD:SEX_MLE:AGEGROUP_YEARSUNDER5:WEALTHQUINTILE_TOTL,1966-01-01,2026-09-07T16:09:26Z,restated_at,2026-08-05,,who.gho.mdg-0000000007,raw/who.gho.mdg-0000000007/2026/09/20260907T160926Z-3ee37906b339.json.gz,2
who.gho.mdg-0000000007,MDG_0000000007:TCD:SEX_MLE:AGEGROUP_YEARSUNDER5:WEALTHQUINTILE_TOTL,1966-01-01,2026-09-07T16:09:26Z,value,270.630782719,,who.gho.mdg-0000000007,raw/who.gho.mdg-0000000007/2026/09/20260907T160926Z-3ee37906b339.json.gz,2
who.gho.mdg-0000000007,MDG_0000000007:TGO:SEX_BTSX:AGEGROUP_YEARSUNDER5:WEALTHQUINTILE_TOTL,1966-01-01,2026-09-07T16:10:07Z,high,267.550371584,,who.gho.mdg-0000000007,raw/who.gho.mdg-0000000007/2026/09/20260907T161007Z-28c6cde3082c.json.gz,2
who.gho.mdg-0000000007,MDG_0000000007:TGO:SEX_BTSX:AGEGROUP_YEARSUNDER5:WEALTHQUINTILE_TOTL,1966-01-01,2026-09-07T16:10:07Z,low,219.941060049,,who.gho.mdg-0000000007,raw/who.gho.mdg-0000000007/2026/09/20260907T161007Z-28c6cde3082c.json.gz,2
who.gho.mdg-0000000007,MDG_0000000007:TGO:SEX_BTSX:AGEGROUP_YEARSUNDER5:WEALTHQUINTILE_TOTL,1966-01-01,2026-09-07T16:10:07Z,restated_at,2026-08-05,,who.gho.mdg-0000000007,raw/who.gho.mdg-0000000007/2026/09/20260907T161007Z-28c6cde3082c.json.gz,2
who.gho.mdg-0000000007,MDG_0000000007:TGO:SEX_BTSX:AGEGROUP_YEARSUNDER5:WEALTHQUINTILE_TOTL,1966-01-01,2026-09-07T16:10:07Z,value,241.348349466,,who.gho.mdg-0000000007,raw/who.gho.mdg-0000000007/2026/09/20260907T161007Z-28c6cde3082c.json.gz,2
who.gho.mdg-0000000007,MDG_0000000007:TGO:SEX_FMLE:AGEGROUP_YEARSUNDER5:WEALTHQUINTILE_TOTL,1966-01-01,2026-09-07T16:05:06Z,high,254.342808815,,who.gho.mdg-0000000007,raw/who.gho.mdg-0000000007/2026/09/20260907T160506Z-a219a21e2a4a.json.gz,2
who.gho.mdg-0000000007,MDG_0000000007:TGO:SEX_FMLE:AGEGROUP_YEARSUNDER5:WEALTHQUINTILE_TOTL,1966-01-01,2026-09-07T16:05:06Z,low,207.444491456,,who.gho.mdg-0000000007,raw/who.gho.mdg-0000000007/2026/09/20260907T160506Z-a219a21e2a4a.json.gz,2
who.gho.mdg-0000000007,MDG_0000000007:TGO:SEX_FMLE:AGEGROUP_YEARSUNDER5:WEALTHQUINTILE_TOTL,1966-01-01,2026-09-07T16:05:06Z,restated_at,2026-08-05,,who.gho.mdg-0000000007,raw/who.gho.mdg-0000000007/2026/09/20260907T160506Z-a219a21e2a4a.json.gz,2
who.gho.mdg-0000000007,MDG_0000000007:TGO:SEX_FMLE:AGEGROUP_YEARSUNDER5:WEALTHQUINTILE_TOTL,1966-01-01,2026-09-07T16:05:06Z,value,228.673868936,,who.gho.mdg-0000000007,raw/who.gho.mdg-0000000007/2026/09/20260907T160506Z-a219a21e2a4a.json.gz,2
who.gho.mdg-0000000007,MDG_0000000007:TGO:SEX_MLE:AGEGROUP_YEARSUNDER5:WEALTHQUINTILE_TOTL,1966-01-01,2026-09-07T16:05:01Z,high,281.597689401,,who.gho.mdg-0000000007,raw/who.gho.mdg-0000000007/2026/09/20260907T160501Z-2d19e1a5feef.json.gz,2
who.gho.mdg-0000000007,MDG_0000000007:TGO:SEX_MLE:AGEGROUP_YEARSUNDER5:WEALTHQUINTILE_TOTL,1966-01-01,2026-09-07T16:05:01Z,low,229.802338154,,who.gho.mdg-0000000007,raw/who.gho.mdg-0000000007/2026/09/20260907T160501Z-2d19e1a5feef.json.gz,2
who.gho.mdg-0000000007,MDG_0000000007:TGO:SEX_MLE:AGEGROUP_YEARSUNDER5:WEALTHQUINTILE_TOTL,1966-01-01,2026-09-07T16:05:01Z,restated_at,2026-08-05,,who.gho.mdg-0000000007,raw/who.gho.mdg-0000000007/2026/09/20260907T160501Z-2d19e1a5feef.json.gz,2
who.gho.mdg-0000000007,MDG_0000000007:TGO:SEX_MLE:AGEGROUP_YEARSUNDER5:WEALTHQUINTILE_TOTL,1966-01-01,2026-09-07T16:05:01Z,value,253.555148315,,who.gho.mdg-0000000007,raw/who.gho.mdg-0000000007/2026/09/20260907T160501Z-2d19e1a5feef.json.gz,2
who.gho.mdg-0000000007,MDG_0000000007:THA:SEX_BTSX:AGEGROUP_YEARSUNDER5:WEALTHQUINTILE_TOTL,1966-01-01,2026-09-07T16:05:38Z,high,128.635497903,,who.gho.mdg-0000000007,raw/who.gho.mdg-0000000007/2026/09/20260907T160538Z-28a5f6808180.json.gz,2
who.gho.mdg-0000000007,MDG_0000000007:THA:SEX_BTSX:AGEGROUP_YEARSUNDER5:WEALTHQUINTILE_TOTL,1966-01-01,2026-09-07T16:05:38Z,low,109.866356183,,who.gho.mdg-0000000007,raw/who.gho.mdg-0000000007/2026/09/20260907T160538Z-28a5f6808180.json.gz,2
who.gho.mdg-0000000007,MDG_0000000007:THA:SEX_BTSX:AGEGROUP_YEARSUNDER5:WEALTHQUINTILE_TOTL,1966-01-01,2026-09-07T16:05:38Z,restated_at,2026-08-05,,who.gho.mdg-0000000007,raw/who.gho.mdg-0000000007/2026/09/20260907T160538Z-28a5f6808180.json.gz,2
who.gho.mdg-0000000007,MDG_0000000007:THA:SEX_BTSX:AGEGROUP_YEARSUNDER5:WEALTHQUINTILE_TOTL,1966-01-01,2026-09-07T16:05:38Z,value,118.751677896,,who.gho.mdg-0000000007,raw/who.gho.mdg-0000000007/2026/09/20260907T160538Z-28a5f6808180.json.gz,2
who.gho.mdg-0000000007,MDG_0000000007:THA:SEX_FMLE:AGEGROUP_YEARSUNDER5:WEALTHQUINTILE_TOTL,1966-01-01,2026-09-07T16:11:22Z,high,122.370398852,,who.gho.mdg-0000000007,raw/who.gho.mdg-0000000007/2026/09/20260907T161122Z-4e9c288e3adb.json.gz,2
who.gho.mdg-0000000007,MDG_0000000007:THA:SEX_FMLE:AGEGROUP_YEARSUNDER5:WEALTHQUINTILE_TOTL,1966-01-01,2026-09-07T16:11:22Z,low,103.20596572,,who.gho.mdg-0000000007,raw/who.gho.mdg-0000000007/2026/09/20260907T161122Z-4e9c288e3adb.json.gz,2
who.gho.mdg-0000000007,MDG_0000000007:THA:SEX_FMLE:AGEGROUP_YEARSUNDER5:WEALTHQUINTILE_TOTL,1966-01-01,2026-09-07T16:11:22Z,restated_at,2026-08-05,,who.gho.mdg-0000000007,raw/who.gho.mdg-0000000007/2026/09/20260907T161122Z-4e9c288e3adb.json.gz,2
who.gho.mdg-0000000007,MDG_0000000007:THA:SEX_FMLE:AGEGROUP_YEARSUNDER5:WEALTHQUINTILE_TOTL,1966-01-01,2026-09-07T16:11:22Z,value,112.12312375,,who.gho.mdg-0000000007,raw/who.gho.mdg-0000000007/2026/09/20260907T161122Z-4e9c288e3adb.json.gz,2
who.gho.mdg-0000000007,MDG_0000000007:THA:SEX_MLE:AGEGROUP_YEARSUNDER5:WEALTHQUINTILE_TOTL,1966-01-01,2026-09-07T16:06:11Z,high,135.931037787,,who.gho.mdg-0000000007,raw/who.gho.mdg-0000000007/2026/09/20260907T160611Z-e868f3030ca5.json.gz,2
who.gho.mdg-0000000007,MDG_0000000007:THA:SEX_MLE:AGEGROUP_YEARSUNDER5:WEALTHQUINTILE_TOTL,1966-01-01,2026-09-07T16:06:11Z,low,115.069966119,,who.gho.mdg-0000000007,raw/who.gho.mdg-0000000007/2026/09/20260907T160611Z-e868f3030ca5.json.gz,2
who.gho.mdg-0000000007,MDG_0000000007:THA:SEX_MLE:AGEGROUP_YEARSUNDER5:WEALTHQUINTILE_TOTL,1966-01-01,2026-09-07T16:06:11Z,restated_at,2026-08-05,,who.gho.mdg-0000000007,raw/who.gho.mdg-0000000007/2026/09/20260907T160611Z-e868f3030ca5.json.gz,2
who.gho.mdg-0000000007,MDG_0000000007:THA:SEX_MLE:AGEGROUP_YEARSUNDER5:WEALTHQUINTILE_TOTL,1966-01-01,2026-09-07T16:06:11Z,value,124.990411006,,who.gho.mdg-0000000007,raw/who.gho.mdg-0000000007/2026/09/20260907T160611Z-e868f3030ca5.json.gz,2
who.gho.mdg-0000000007,MDG_0000000007:TON:SEX_BTSX:AGEGROUP_YEARSUNDER5:WEALTHQUINTILE_TOTL,1966-01-01,2026-09-07T16:06:02Z,high,82.643292412,,who.gho.mdg-0000000007,raw/who.gho.mdg-0000000007/2026/09/20260907T160602Z-1adff4f5f376.json.gz,2
who.gho.mdg-0000000007,MDG_0000000007:TON:SEX_BTSX:AGEGROUP_YEARSUNDER5:WEALTHQUINTILE_TOTL,1966-01-01,2026-09-07T16:06:02Z,low,50.861215764,,who.gho.mdg-0000000007,raw/who.gho.mdg-0000000007/2026/09/20260907T160602Z-1adff4f5f376.json.gz,2
who.gho.mdg-0000000007,MDG_0000000007:TON:SEX_BTSX:AGEGROUP_YEARSUNDER5:WEALTHQUINTILE_TOTL,1966-01-01,2026-09-07T16:06:02Z,restated_at,2026-08-05,,who.gho.mdg-0000000007,raw/who.gho.mdg-0000000007/2026/09/20260907T160602Z-1adff4f5f376.json.gz,2
who.gho.mdg-0000000007,MDG_0000000007:TON:SEX_BTSX:AGEGROUP_YEARSUNDER5:WEALTHQUINTILE_TOTL,1966-01-01,2026-09-07T16:06:02Z,value,64.678298152,,who.gho.mdg-0000000007,raw/who.gho.mdg-0000000007/2026/09/20260907T160602Z-1adff4f5f376.json.gz,2
who.gho.mdg-0000000007,MDG_0000000007:TON:SEX_FMLE:AGEGROUP_YEARSUNDER5:WEALTHQUINTILE_TOTL,1966-01-01,2026-09-07T16:06:34Z,high,74.763837958,,who.gho.mdg-0000000007,raw/who.gho.mdg-0000000007/2026/09/20260907T160634Z-2774fa4e213c.json.gz,2
who.gho.mdg-0000000007,MDG_0000000007:TON:SEX_FMLE:AGEGROUP_YEARSUNDER5:WEALTHQUINTILE_TOTL,1966-01-01,2026-09-07T16:06:34Z,low,45.692400742,,who.gho.mdg-0000000007,raw/who.gho.mdg-0000000007/2026/09/20260907T160634Z-2774fa4e213c.json.gz,2
who.gho.mdg-0000000007,MDG_0000000007:TON:SEX_FMLE:AGEGROUP_YEARSUNDER5:WEALTHQUINTILE_TOTL,1966-01-01,2026-09-07T16:06:34Z,restated_at,2026-08-05,,who.gho.mdg-0000000007,raw/who.gho.mdg-0000000007/2026/09/20260907T160634Z-2774fa4e213c.json.gz,2
who.gho.mdg-0000000007,MDG_0000000007:TON:SEX_FMLE:AGEGROUP_YEARSUNDER5:WEALTHQUINTILE_TOTL,1966-01-01,2026-09-07T16:06:34Z,value,58.316652322,,who.gho.mdg-0000000007,raw/who.gho.mdg-0000000007/2026/09/20260907T160634Z-2774fa4e213c.json.gz,2
who.gho.mdg-0000000007,MDG_0000000007:TON:SEX_MLE:AGEGROUP_YEARSUNDER5:WEALTHQUINTILE_TOTL,1966-01-01,2026-09-07T16:09:18Z,high,90.310658284,,who.gho.mdg-0000000007,raw/who.gho.mdg-0000000007/2026/09/20260907T160918Z-1f3ac080847d.json.gz,2
who.gho.mdg-0000000007,MDG_0000000007:TON:SEX_MLE:AGEGROUP_YEARSUNDER5:WEALTHQUINTILE_TOTL,1966-01-01,2026-09-07T16:09:18Z,low,55.400336966,,who.gho.mdg-0000000007,raw/who.gho.mdg-0000000007/2026/09/20260907T160918Z-1f3ac080847d.json.gz,2
who.gho.mdg-0000000007,MDG_0000000007:TON:SEX_MLE:AGEGROUP_YEARSUNDER5:WEALTHQUINTILE_TOTL,1966-01-01,2026-09-07T16:09:18Z,restated_at,2026-08-05,,who.gho.mdg-0000000007,raw/who.gho.mdg-0000000007/2026/09/20260907T160918Z-1f3ac080847d.json.gz,2
who.gho.mdg-0000000007,MDG_0000000007:TON:SEX_MLE:AGEGROUP_YEARSUNDER5:WEALTHQUINTILE_TOTL,1966-01-01,2026-09-07T16:09:18Z,value,70.576920691,,who.gho.mdg-0000000007,raw/who.gho.mdg-0000000007/2026/09/20260907T160918Z-1f3ac080847d.json.gz,2
who.gho.mdg-0000000007,MDG_0000000007:TTO:SEX_BTSX:AGEGROUP_YEARSUNDER5:WEALTHQUINTILE_TOTL,1966-01-01,2026-09-07T16:11:22Z,high,65.44976708,,who.gho.mdg-0000000007,raw/who.gho.mdg-0000000007/2026/09/20260907T161122Z-4e9c288e3adb.json.gz,2
who.gho.mdg-0000000007,MDG_0000000007:TTO:SEX_BTSX:AGEGROUP_YEARSUNDER5:WEALTHQUINTILE_TOTL,1966-01-01,2026-09-07T16:11:22Z,low,49.272393017,,who.gho.mdg-0000000007,raw/who.gho.mdg-0000000007/2026/09/20260907T161122Z-4e9c288e3adb.json.gz,2
who.gho.mdg-0000000007,MDG_0000000007:TTO:SEX_BTSX:AGEGROUP_YEARSUNDER5:WEALTHQUINTILE_TOTL,1966-01-01,2026-09-07T16:11:22Z,restated_at,2026-08-05,,who.gho.mdg-0000000007,raw/who.gho.mdg-0000000007/2026/09/20260907T161122Z-4e9c288e3adb.json.gz,2
who.gho.mdg-0000000007,MDG_0000000007:TTO:SEX_BTSX:AGEGROUP_YEARSUNDER5:WEALTHQUINTILE_TOTL,1966-01-01,2026-09-07T16:11:22Z,value,56.904262481,,who.gho.mdg-0000000007,raw/who.gho.mdg-0000000007/2026/09/20260907T161122Z-4e9c288e3adb.json.gz,2
who.gho.mdg-0000000007,MDG_0000000007:TTO:SEX_FMLE:AGEGROUP_YEARSUNDER5:WEALTHQUINTILE_TOTL,1966-01-01,2026-09-07T16:09:54Z,high,60.873264057,,who.gho.mdg-0000000007,raw/who.gho.mdg-0000000007/2026/09/20260907T160954Z-3426e3999bb4.json.gz,2
who.gho.mdg-0000000007,MDG_0000000007:TTO:SEX_FMLE:AGEGROUP_YEARSUNDER5:WEALTHQUINTILE_TOTL,1966-01-01,2026-09-07T16:09:54Z,low,45.295187222,,who.gho.mdg-0000000007,raw/who.gho.mdg-0000000007/2026/09/20260907T160954Z-3426e3999bb4.json.gz,2
who.gho.mdg-0000000007,MDG_0000000007:TTO:SEX_FMLE:AGEGROUP_YEARSUNDER5:WEALTHQUINTILE_TOTL,1966-01-01,2026-09-07T16:09:54Z,restated_at,2026-08-05,,who.gho.mdg-0000000007,raw/who.gho.mdg-0000000007/2026/09/20260907T160954Z-3426e3999bb4.json.gz,2
who.gho.mdg-0000000007,MDG_0000000007:TTO:SEX_FMLE:AGEGROUP_YEARSUNDER5:WEALTHQUINTILE_TOTL,1966-01-01,2026-09-07T16:09:54Z,value,52.570097916,,who.gho.mdg-0000000007,raw/who.gho.mdg-0000000007/2026/09/20260907T160954Z-3426e3999bb4.json.gz,2
who.gho.mdg-0000000007,MDG_0000000007:TTO:SEX_MLE:AGEGROUP_YEARSUNDER5:WEALTHQUINTILE_TOTL,1966-01-01,2026-09-07T16:09:54Z,high,70.540465415,,who.gho.mdg-0000000007,raw/who.gho.mdg-0000000007/2026/09/20260907T160954Z-3426e3999bb4.json.gz,2
who.gho.mdg-0000000007,MDG_0000000007:TTO:SEX_MLE:AGEGROUP_YEARSUNDER5:WEALTHQUINTILE_TOTL,1966-01-01,2026-09-07T16:09:54Z,low,52.478857879,,who.gho.mdg-0000000007,raw/who.gho.mdg-0000000007/2026/09/20260907T160954Z-3426e3999bb4.json.gz,2
who.gho.mdg-0000000007,MDG_0000000007:TTO:SEX_MLE:AGEGROUP_YEARSUNDER5:WEALTHQUINTILE_TOTL,1966-01-01,2026-09-07T16:09:54Z,restated_at,2026-08-05,,who.gho.mdg-0000000007,raw/who.gho.mdg-0000000007/2026/09/20260907T160954Z-3426e3999bb4.json.gz,2
who.gho.mdg-0000000007,MDG_0000000007:TTO:SEX_MLE:AGEGROUP_YEARSUNDER5:WEALTHQUINTILE_TOTL,1966-01-01,2026-09-07T16:09:54Z,value,60.974975479,,who.gho.mdg-0000000007,raw/who.gho.mdg-0000000007/2026/09/20260907T160954Z-3426e3999bb4.json.gz,2
who.gho.mdg-0000000007,MDG_0000000007:TUN:SEX_BTSX:AGEGROUP_YEARSUNDER5:WEALTHQUINTILE_TOTL,1966-01-01,2026-09-07T16:08:54Z,high,251.68045638,,who.gho.mdg-0000000007,raw/who.gho.mdg-0000000007/2026/09/20260907T160854Z-e3873ac72928.json.gz,2
who.gho.mdg-0000000007,MDG_0000000007:TUN:SEX_BTSX:AGEGROUP_YEARSUNDER5:WEALTHQUINTILE_TOTL,1966-01-01,2026-09-07T16:08:54Z,low,199.476014259,,who.gho.mdg-0000000007,raw/who.gho.mdg-0000000007/2026/09/20260907T160854Z-e3873ac72928.json.gz,2
who.gho.mdg-0000000007,MDG_0000000007:TUN:SEX_BTSX:AGEGROUP_YEARSUNDER5:WEALTHQUINTILE_TOTL,1966-01-01,2026-09-07T16:08:54Z,restated_at,2026-08-05,,who.gho.mdg-0000000007,raw/who.gho.mdg-0000000007/2026/09/20260907T160854Z-e3873ac72928.json.gz,2
who.gho.mdg-0000000007,MDG_0000000007:TUN:SEX_BTSX:AGEGROUP_YEARSUNDER5:WEALTHQUINTILE_TOTL,1966-01-01,2026-09-07T16:08:54Z,value,224.577950465,,who.gho.mdg-0000000007,raw/who.gho.mdg-0000000007/2026/09/20260907T160854Z-e3873ac72928.json.gz,2
who.gho.mdg-0000000007,MDG_0000000007:TUN:SEX_FMLE:AGEGROUP_YEARSUNDER5:WEALTHQUINTILE_TOTL,1966-01-01,2026-09-07T16:05:26Z,high,248.70065898,,who.gho.mdg-0000000007,raw/who.gho.mdg-0000000007/2026/09/20260907T160526Z-1363df2b3da0.json.gz,2
who.gho.mdg-0000000007,MDG_0000000007:TUN:SEX_FMLE:AGEGROUP_YEARSUNDER5:WEALTHQUINTILE_TOTL,1966-01-01,2026-09-07T16:05:26Z,low,195.583608209,,who.gho.mdg-0000000007,raw/who.gho.mdg-0000000007/2026/09/20260907T160526Z-1363df2b3da0.json.gz,2
who.gho.mdg-0000000007,MDG_0000000007:TUN:SEX_FMLE:AGEGROUP_YEARSUNDER5:WEALTHQUINTILE_TOTL,1966-01-01,2026-09-07T16:05:26Z,restated_at,2026-08-05,,who.gho.mdg-0000000007,raw/who.gho.mdg-0000000007/2026/09/20260907T160526Z-1363df2b3da0.json.gz,2
who.gho.mdg-0000000007,MDG_0000000007:TUN:SEX_FMLE:AGEGROUP_YEARSUNDER5:WEALTHQUINTILE_TOTL,1966-01-01,2026-09-07T16:05:26Z,value,220.977744133,,who.gho.mdg-0000000007,raw/who.gho.mdg-0000000007/2026/09/20260907T160526Z-1363df2b3da0.json.gz,2
who.gho.mdg-0000000007,MDG_0000000007:TUN:SEX_MLE:AGEGROUP_YEARSUNDER5:WEALTHQUINTILE_TOTL,1966-01-01,2026-09-07T16:06:26Z,high,255.976172416,,who.gho.mdg-0000000007,raw/who.gho.mdg-0000000007/2026/09/20260907T160626Z-083ef708c2ee.json.gz,2
who.gho.mdg-0000000007,MDG_0000000007:TUN:SEX_MLE:AGEGROUP_YEARSUNDER5:WEALTHQUINTILE_TOTL,1966-01-01,2026-09-07T16:06:26Z,low,202.1401587,,who.gho.mdg-0000000007,raw/who.gho.mdg-0000000007/2026/09/20260907T160626Z-083ef708c2ee.json.gz,2
who.gho.mdg-0000000007,MDG_0000000007:TUN:SEX_MLE:AGEGROUP_YEARSUNDER5:WEALTHQUINTILE_TOTL,1966-01-01,2026-09-07T16:06:26Z,restated_at,2026-08-05,,who.gho.mdg-0000000007,raw/who.gho.mdg-0000000007/2026/09/20260907T160626Z-083ef708c2ee.json.gz,2
who.gho.mdg-0000000007,MDG_0000000007:TUN:SEX_MLE:AGEGROUP_YEARSUNDER5:WEALTHQUINTILE_TOTL,1966-01-01,2026-09-07T16:06:26Z,value,227.653187926,,who.gho.mdg-0000000007,raw/who.gho.mdg-0000000007/2026/09/20260907T160626Z-083ef708c2ee.json.gz,2
who.gho.mdg-0000000007,MDG_0000000007:TUR:SEX_BTSX:AGEGROUP_YEARSUNDER5:WEALTHQUINTILE_TOTL,1966-01-01,2026-09-07T16:06:16Z,high,224.994205212,,who.gho.mdg-0000000007,raw/who.gho.mdg-0000000007/2026/09/20260907T160616Z-615f6bfccb87.json.gz,2
who.gho.mdg-0000000007,MDG_0000000007:TUR:SEX_BTSX:AGEGROUP_YEARSUNDER5:WEALTHQUINTILE_TOTL,1966-01-01,2026-09-07T16:06:16Z,low,193.504749351,,who.gho.mdg-0000000007,raw/who.gho.mdg-0000000007/2026/09/20260907T160616Z-615f6bfccb87.json.gz,2
who.gho.mdg-0000000007,MDG_0000000007:TUR:SEX_BTSX:AGEGROUP_YEARSUNDER5:WEALTHQUINTILE_TOTL,1966-01-01,2026-09-07T16:06:16Z,restated_at,2026-08-05,,who.gho.mdg-0000000007,raw/who.gho.mdg-0000000007/2026/09/20260907T160616Z-615f6bfccb87.json.gz,2
who.gho.mdg-0000000007,MDG_0000000007:TUR:SEX_BTSX:AGEGROUP_YEARSUNDER5:WEALTHQUINTILE_TOTL,1966-01-01,2026-09-07T16:06:16Z,value,208.488540901,,who.gho.mdg-0000000007,raw/who.gho.mdg-0000000007/2026/09/20260907T160616Z-615f6bfccb87.json.gz,2
who.gho.mdg-0000000007,MDG_0000000007:TUR:SEX_FMLE:AGEGROUP_YEARSUNDER5:WEALTHQUINTILE_TOTL,1966-01-01,2026-09-07T16:05:18Z,high,220.10681652,,who.gho.mdg-0000000007,raw/who.gho.mdg-0000000007/2026/09/20260907T160518Z-f66c8acba372.json.gz,2
who.gho.mdg-0000000007,MDG_0000000007:TUR:SEX_FMLE:AGEGROUP_YEARSUNDER5:WEALTHQUINTILE_TOTL,1966-01-01,2026-09-07T16:05:18Z,low,188.111236584,,who.gho.mdg-0000000007,raw/who.gho.mdg-0000000007/2026/09/20260907T160518Z-f66c8acba372.json.gz,2
who.gho.mdg-0000000007,MDG_0000000007:TUR:SEX_FMLE:AGEGROUP_YEARSUNDER5:WEALTHQUINTILE_TOTL,1966-01-01,2026-09-07T16:05:18Z,restated_at,2026-08-05,,who.gho.mdg-0000000007,raw/who.gho.mdg-0000000007/2026/09/20260907T160518Z-f66c8acba372.json.gz,2
who.gho.mdg-0000000007,MDG_0000000007:TUR:SEX_FMLE:AGEGROUP_YEARSUNDER5:WEALTHQUINTILE_TOTL,1966-01-01,2026-09-07T16:05:18Z,value,203.389854508,,who.gho.mdg-0000000007,raw/who.gho.mdg-0000000007/2026/09/20260907T160518Z-f66c8acba372.json.gz,2
who.gho.mdg-0000000007,MDG_0000000007:TUR:SEX_MLE:AGEGROUP_YEARSUNDER5:WEALTHQUINTILE_TOTL,1966-01-01,2026-09-07T16:10:33Z,high,230.950727191,,who.gho.mdg-0000000007,raw/who.gho.mdg-0000000007/2026/09/20260907T161033Z-0396663e197a.json.gz,2
who.gho.mdg-0000000007,MDG_0000000007:TUR:SEX_MLE:AGEGROUP_YEARSUNDER5:WEALTHQUINTILE_TOTL,1966-01-01,2026-09-07T16:10:33Z,low,197.217426241,,who.gho.mdg-0000000007,raw/who.gho.mdg-0000000007/2026/09/20260907T161033Z-0396663e197a.json.gz,2
who.gho.mdg-0000000007,MDG_0000000007:TUR:SEX_MLE:AGEGROUP_YEARSUNDER5:WEALTHQUINTILE_TOTL,1966-01-01,2026-09-07T16:10:33Z,restated_at,2026-08-05,,who.gho.mdg-0000000007,raw/who.gho.mdg-0000000007/2026/09/20260907T161033Z-0396663e197a.json.gz,2
who.gho.mdg-0000000007,MDG_0000000007:TUR:SEX_MLE:AGEGROUP_YEARSUNDER5:WEALTHQUINTILE_TOTL,1966-01-01,2026-09-07T16:10:33Z,value,213.274851078,,who.gho.mdg-0000000007,raw/who.gho.mdg-0000000007/2026/09/20260907T161033Z-0396663e197a.json.gz,2
who.gho.mdg-0000000007,MDG_0000000007:TUV:SEX_BTSX:AGEGROUP_YEARSUNDER5:WEALTHQUINTILE_TOTL,1966-01-01,2026-09-07T16:05:09Z,high,151.951654488,,who.gho.mdg-0000000007,raw/who.gho.mdg-0000000007/2026/09/20260907T160509Z-9066130499c7.json.gz,2
who.gho.mdg-0000000007,MDG_0000000007:TUV:SEX_BTSX:AGEGROUP_YEARSUNDER5:WEALTHQUINTILE_TOTL,1966-01-01,2026-09-07T16:05:09Z,low,119.470734273,,who.gho.mdg-0000000007,raw/who.gho.mdg-0000000007/2026/09/20260907T160509Z-9066130499c7.json.gz,2
who.gho.mdg-0000000007,MDG_0000000007:TUV:SEX_BTSX:AGEGROUP_YEARSUNDER5:WEALTHQUINTILE_TOTL,1966-01-01,2026-09-07T16:05:09Z,restated_at,2026-08-05,,who.gho.mdg-0000000007,raw/who.gho.mdg-0000000007/2026/09/20260907T160509Z-9066130499c7.json.gz,2
who.gho.mdg-0000000007,MDG_0000000007:TUV:SEX_BTSX:AGEGROUP_YEARSUNDER5:WEALTHQUINTILE_TOTL,1966-01-01,2026-09-07T16:05:09Z,value,135.204248025,,who.gho.mdg-0000000007,raw/who.gho.mdg-0000000007/2026/09/20260907T160509Z-9066130499c7.json.gz,2
who.gho.mdg-0000000007,MDG_0000000007:TUV:SEX_FMLE:AGEGROUP_YEARSUNDER5:WEALTHQUINTILE_TOTL,1966-01-01,2026-09-07T16:06:21Z,high,141.282865763,,who.gho.mdg-0000000007,raw/who.gho.mdg-0000000007/2026/09/20260907T160621Z-1819ad2538c7.json.gz,2
who.gho.mdg-0000000007,MDG_0000000007:TUV:SEX_FMLE:AGEGROUP_YEARSUNDER5:WEALTHQUINTILE_TOTL,1966-01-01,2026-09-07T16:06:21Z,low,108.903088528,,who.gho.mdg-0000000007,raw/who.gho.mdg-0000000007/2026/09/20260907T160621Z-1819ad2538c7.json.gz,2
who.gho.mdg-0000000007,MDG_0000000007:TUV:SEX_FMLE:AGEGROUP_YEARSUNDER5:WEALTHQUINTILE_TOTL,1966-01-01,2026-09-07T16:06:21Z,restated_at,2026-08-05,,who.gho.mdg-0000000007,raw/who.gho.mdg-0000000007/2026/09/20260907T160621Z-1819ad2538c7.json.gz,2
who.gho.mdg-0000000007,MDG_0000000007:TUV:SEX_FMLE:AGEGROUP_YEARSUNDER5:WEALTHQUINTILE_TOTL,1966-01-01,2026-09-07T16:06:21Z,value,124.342368634,,who.gho.mdg-0000000007,raw/who.gho.mdg-0000000007/2026/09/20260907T160621Z-1819ad2538c7.json.gz,2
who.gho.mdg-0000000007,MDG_0000000007:TUV:SEX_MLE:AGEGROUP_YEARSUNDER5:WEALTHQUINTILE_TOTL,1966-01-01,2026-09-07T16:08:59Z,high,164.627489242,,who.gho.mdg-0000000007,raw/who.gho.mdg-0000000007/2026/09/20260907T160859Z-81b3460c41a8.json.gz,2
who.gho.mdg-0000000007,MDG_0000000007:TUV:SEX_MLE:AGEGROUP_YEARSUNDER5:WEALTHQUINTILE_TOTL,1966-01-01,2026-09-07T16:08:59Z,low,127.788945469,,who.gho.mdg-0000000007,raw/who.gho.mdg-0000000007/2026/09/20260907T160859Z-81b3460c41a8.json.gz,2
who.gho.mdg-0000000007,MDG_0000000007:TUV:SEX_MLE:AGEGROUP_YEARSUNDER5:WEALTHQUINTILE_TOTL,1966-01-01,2026-09-07T16:08:59Z,restated_at,2026-08-05,,who.gho.mdg-0000000007,raw/who.gho.mdg-0000000007/2026/09/20260907T160859Z-81b3460c41a8.json.gz,2
who.gho.mdg-0000000007,MDG_0000000007:TUV:SEX_MLE:AGEGROUP_YEARSUNDER5:WEALTHQUINTILE_TOTL,1966-01-01,2026-09-07T16:08:59Z,value,145.458534665,,who.gho.mdg-0000000007,raw/who.gho.mdg-0000000007/2026/09/20260907T160859Z-81b3460c41a8.json.gz,2
who.gho.mdg-0000000007,MDG_0000000007:TZA:SEX_BTSX:AGEGROUP_YEARSUNDER5:WEALTHQUINTILE_TOTL,1966-01-01,2026-09-07T16:05:26Z,high,253.35896608,,who.gho.mdg-0000000007,raw/who.gho.mdg-0000000007/2026/09/20260907T160526Z-1363df2b3da0.json.gz,2
who.gho.mdg-0000000007,MDG_0000000007:TZA:SEX_BTSX:AGEGROUP_YEARSUNDER5:WEALTHQUINTILE_TOTL,1966-01-01,2026-09-07T16:05:26Z,low,203.915398108,,who.gho.mdg-0000000007,raw/who.gho.mdg-0000000007/2026/09/20260907T160526Z-1363df2b3da0.json.gz,2
who.gho.mdg-0000000007,MDG_0000000007:TZA:SEX_BTSX:AGEGROUP_YEARSUNDER5:WEALTHQUINTILE_TOTL,1966-01-01,2026-09-07T16:05:26Z,restated_at,2026-08-05,,who.gho.mdg-0000000007,raw/who.gho.mdg-0000000007/2026/09/20260907T160526Z-1363df2b3da0.json.gz,2
who.gho.mdg-0000000007,MDG_0000000007:TZA:SEX_BTSX:AGEGROUP_YEARSUNDER5:WEALTHQUINTILE_TOTL,1966-01-01,2026-09-07T16:05:26Z,value,227.203903127,,who.gho.mdg-0000000007,raw/who.gho.mdg-0000000007/2026/09/20260907T160526Z-1363df2b3da0.json.gz,2
who.gho.mdg-0000000007,MDG_0000000007:TZA:SEX_FMLE:AGEGROUP_YEARSUNDER5:WEALTHQUINTILE_TOTL,1966-01-01,2026-09-07T16:05:18Z,high,244.593940318,,who.gho.mdg-0000000007,raw/who.gho.mdg-0000000007/2026/09/20260907T160518Z-f66c8acba372.json.gz,2
who.gho.mdg-0000000007,MDG_0000000007:TZA:SEX_FMLE:AGEGROUP_YEARSUNDER5:WEALTHQUINTILE_TOTL,1966-01-01,2026-09-07T16:05:18Z,low,195.236162797,,who.gho.mdg-0000000007,raw/who.gho.mdg-0000000007/2026/09/20260907T160518Z-f66c8acba372.json.gz,2
who.gho.mdg-0000000007,MDG_0000000007:TZA:SEX_FMLE:AGEGROUP_YEARSUNDER5:WEALTHQUINTILE_TOTL,1966-01-01,2026-09-07T16:05:18Z,restated_at,2026-08-05,,who.gho.mdg-0000000007,raw/who.gho.mdg-0000000007/2026/09/20260907T160518Z-f66c8acba372.json.gz,2
who.gho.mdg-0000000007,MDG_0000000007:TZA:SEX_FMLE:AGEGROUP_YEARSUNDER5:WEALTHQUINTILE_TOTL,1966-01-01,2026-09-07T16:05:18Z,value,218.663941772,,who.gho.mdg-0000000007,raw/who.gho.mdg-0000000007/2026/09/20260907T160518Z-f66c8acba372.json.gz,2
who.gho.mdg-0000000007,MDG_0000000007:TZA:SEX_MLE:AGEGROUP_YEARSUNDER5:WEALTHQUINTILE_TOTL,1966-01-01,2026-09-07T16:05:57Z,high,263.133382485,,who.gho.mdg-0000000007,raw/who.gho.mdg-0000000007/2026/09/20260907T160557Z-c8e786907d46.json.gz,2
who.gho.mdg-0000000007,MDG_0000000007:TZA:SEX_MLE:AGEGROUP_YEARSUNDER5:WEALTHQUINTILE_TOTL,1966-01-01,2026-09-07T16:05:57Z,low,210.661093908,,who.gho.mdg-0000000007,raw/who.gho.mdg-0000000007/2026/09/20260907T160557Z-c8e786907d46.json.gz,2
who.gho.mdg-0000000007,MDG_0000000007:TZA:SEX_MLE:AGEGROUP_YEARSUNDER5:WEALTHQUINTILE_TOTL,1966-01-01,2026-09-07T16:05:57Z,restated_at,2026-08-05,,who.gho.mdg-0000000007,raw/who.gho.mdg-0000000007/2026/09/20260907T160557Z-c8e786907d46.json.gz,2
who.gho.mdg-0000000007,MDG_0000000007:TZA:SEX_MLE:AGEGROUP_YEARSUNDER5:WEALTHQUINTILE_TOTL,1966-01-01,2026-09-07T16:05:57Z,value,235.527813311,,who.gho.mdg-0000000007,raw/who.gho.mdg-0000000007/2026/09/20260907T160557Z-c8e786907d46.json.gz,2
who.gho.mdg-0000000007,MDG_0000000007:UGA:SEX_BTSX:AGEGROUP_YEARSUNDER5:WEALTHQUINTILE_TOTL,1966-01-01,2026-09-07T16:05:18Z,high,231.192260308,,who.gho.mdg-0000000007,raw/who.gho.mdg-0000000007/2026/09/20260907T160518Z-f66c8acba372.json.gz,2
who.gho.mdg-0000000007,MDG_0000000007:UGA:SEX_BTSX:AGEGROUP_YEARSUNDER5:WEALTHQUINTILE_TOTL,1966-01-01,2026-09-07T16:05:18Z,low,178.423559266,,who.gho.mdg-0000000007,raw/who.gho.mdg-0000000007/2026/09/20260907T160518Z-f66c8acba372.json.gz,2
who.gho.mdg-0000000007,MDG_0000000007:UGA:SEX_BTSX:AGEGROUP_YEARSUNDER5:WEALTHQUINTILE_TOTL,1966-01-01,2026-09-07T16:05:18Z,restated_at,2026-08-05,,who.gho.mdg-0000000007,raw/who.gho.mdg-0000000007/2026/09/20260907T160518Z-f66c8acba372.json.gz,2
who.gho.mdg-0000000007,MDG_0000000007:UGA:SEX_BTSX:AGEGROUP_YEARSUNDER5:WEALTHQUINTILE_TOTL,1966-01-01,2026-09-07T16:05:18Z,value,203.659966144,,who.gho.mdg-0000000007,raw/who.gho.mdg-0000000007/2026/09/20260907T160518Z-f66c8acba372.json.gz,2
who.gho.mdg-0000000007,MDG_0000000007:UGA:SEX_FMLE:AGEGROUP_YEARSUNDER5:WEALTHQUINTILE_TOTL,1966-01-01,2026-09-07T16:11:01Z,high,217.031625769,,who.gho.mdg-0000000007,raw/who.gho.mdg-0000000007/2026/09/20260907T161101Z-fc76d9a7e10d.json.gz,2
who.gho.mdg-0000000007,MDG_0000000007:UGA:SEX_FMLE:AGEGROUP_YEARSUNDER5:WEALTHQUINTILE_TOTL,1966-01-01,2026-09-07T16:11:01Z,low,166.041292071,,who.gho.mdg-0000000007,raw/who.gho.mdg-0000000007/2026/09/20260907T161101Z-fc76d9a7e10d.json.gz,2
who.gho.mdg-0000000007,MDG_0000000007:UGA:SEX_FMLE:AGEGROUP_YEARSUNDER5:WEALTHQUINTILE_TOTL,1966-01-01,2026-09-07T16:11:01Z,restated_at,2026-08-05,,who.gho.mdg-0000000007,raw/who.gho.mdg-0000000007/2026/09/20260907T161101Z-fc76d9a7e10d.json.gz,2
who.gho.mdg-0000000007,MDG_0000000007:UGA:SEX_FMLE:AGEGROUP_YEARSUNDER5:WEALTHQUINTILE_TOTL,1966-01-01,2026-09-07T16:11:01Z,value,190.445445825,,who.gho.mdg-0000000007,raw/who.gho.mdg-0000000007/2026/09/20260907T161101Z-fc76d9a7e10d.json.gz,2
who.gho.mdg-0000000007,MDG_0000000007:UGA:SEX_MLE:AGEGROUP_YEARSUNDER5:WEALTHQUINTILE_TOTL,1966-01-01,2026-09-07T16:10:37Z,high,246.112132287,,who.gho.mdg-0000000007,raw/who.gho.mdg-0000000007/2026/09/20260907T161037Z-dfd3d6a5a745.json.gz,2
who.gho.mdg-0000000007,MDG_0000000007:UGA:SEX_MLE:AGEGROUP_YEARSUNDER5:WEALTHQUINTILE_TOTL,1966-01-01,2026-09-07T16:10:37Z,low,188.554689292,,who.gho.mdg-0000000007,raw/who.gho.mdg-0000000007/2026/09/20260907T161037Z-dfd3d6a5a745.json.gz,2
who.gho.mdg-0000000007,MDG_0000000007:UGA:SEX_MLE:AGEGROUP_YEARSUNDER5:WEALTHQUINTILE_TOTL,1966-01-01,2026-09-07T16:10:37Z,restated_at,2026-08-05,,who.gho.mdg-0000000007,raw/who.gho.mdg-0000000007/2026/09/20260907T161037Z-dfd3d6a5a745.json.gz,2
who.gho.mdg-0000000007,MDG_0000000007:UGA:SEX_MLE:AGEGROUP_YEARSUNDER5:WEALTHQUINTILE_TOTL,1966-01-01,2026-09-07T16:10:37Z,value,216.130688461,,who.gho.mdg-0000000007,raw/who.gho.mdg-0000000007/2026/09/20260907T161037Z-dfd3d6a5a745.json.gz,2
who.gho.mdg-0000000007,MDG_0000000007:URY:SEX_BTSX:AGEGROUP_YEARSUNDER5:WEALTHQUINTILE_TOTL,1966-01-01,2026-09-07T16:05:14Z,high,58.521827195,,who.gho.mdg-0000000007,raw/who.gho.mdg-0000000007/2026/09/20260907T160514Z-6205b585146a.json.gz,2
who.gho.mdg-0000000007,MDG_0000000007:URY:SEX_BTSX:AGEGROUP_YEARSUNDER5:WEALTHQUINTILE_TOTL,1966-01-01,2026-09-07T16:05:14Z,low,56.397727824,,who.gho.mdg-0000000007,raw/who.gho.mdg-0000000007/2026/09/20260907T160514Z-6205b585146a.json.gz,2
who.gho.mdg-0000000007,MDG_0000000007:URY:SEX_BTSX:AGEGROUP_YEARSUNDER5:WEALTHQUINTILE_TOTL,1966-01-01,2026-09-07T16:05:14Z,restated_at,2026-08-05,,who.gho.mdg-0000000007,raw/who.gho.mdg-0000000007/2026/09/20260907T160514Z-6205b585146a.json.gz,2
who.gho.mdg-0000000007,MDG_0000000007:URY:SEX_BTSX:AGEGROUP_YEARSUNDER5:WEALTHQUINTILE_TOTL,1966-01-01,2026-09-07T16:05:14Z,value,57.434213953,,who.gho.mdg-0000000007,raw/who.gho.mdg-0000000007/2026/09/20260907T160514Z-6205b585146a.json.gz,2
who.gho.mdg-0000000007,MDG_0000000007:URY:SEX_FMLE:AGEGROUP_YEARSUNDER5:WEALTHQUINTILE_TOTL,1966-01-01,2026-09-07T16:09:30Z,high,52.379825053,,who.gho.mdg-0000000007,raw/who.gho.mdg-0000000007/2026/09/20260907T160930Z-3a49f2d0e7d2.json.gz,2
who.gho.mdg-0000000007,MDG_0000000007:URY:SEX_FMLE:AGEGROUP_YEARSUNDER5:WEALTHQUINTILE_TOTL,1966-01-01,2026-09-07T16:09:30Z,low,49.993185237,,who.gho.mdg-0000000007,raw/who.gho.mdg-0000000007/2026/09/20260907T160930Z-3a49f2d0e7d2.json.gz,2
who.gho.mdg-0000000007,MDG_0000000007:URY:SEX_FMLE:AGEGROUP_YEARSUNDER5:WEALTHQUINTILE_TOTL,1966-01-01,2026-09-07T16:09:30Z,restated_at,2026-08-05,,who.gho.mdg-0000000007,raw/who.gho.mdg-0000000007/2026/09/20260907T160930Z-3a49f2d0e7d2.json.gz,2
who.gho.mdg-0000000007,MDG_0000000007:URY:SEX_FMLE:AGEGROUP_YEARSUNDER5:WEALTHQUINTILE_TOTL,1966-01-01,2026-09-07T16:09:30Z,value,51.180381876,,who.gho.mdg-0000000007,raw/who.gho.mdg-0000000007/2026/09/20260907T160930Z-3a49f2d0e7d2.json.gz,2
who.gho.mdg-0000000007,MDG_0000000007:URY:SEX_MLE:AGEGROUP_YEARSUNDER5:WEALTHQUINTILE_TOTL,1966-01-01,2026-09-07T16:05:38Z,high,64.785205462,,who.gho.mdg-0000000007,raw/who.gho.mdg-0000000007/2026/09/20260907T160538Z-28a5f6808180.json.gz,2
who.gho.mdg-0000000007,MDG_0000000007:URY:SEX_MLE:AGEGROUP_YEARSUNDER5:WEALTHQUINTILE_TOTL,1966-01-01,2026-09-07T16:05:38Z,low,62.077033198,,who.gho.mdg-0000000007,raw/who.gho.mdg-0000000007/2026/09/20260907T160538Z-28a5f6808180.json.gz,2
who.gho.mdg-0000000007,MDG_0000000007:URY:SEX_MLE:AGEGROUP_YEARSUNDER5:WEALTHQUINTILE_TOTL,1966-01-01,2026-09-07T16:05:38Z,restated_at,2026-08-05,,who.gho.mdg-0000000007,raw/who.gho.mdg-0000000007/2026/09/20260907T160538Z-28a5f6808180.json.gz,2
who.gho.mdg-0000000007,MDG_0000000007:URY:SEX_MLE:AGEGROUP_YEARSUNDER5:WEALTHQUINTILE_TOTL,1966-01-01,2026-09-07T16:05:38Z,value,63.396282119,,who.gho.mdg-0000000007,raw/who.gho.mdg-0000000007/2026/09/20260907T160538Z-28a5f6808180.json.gz,2
who.gho.mdg-0000000007,MDG_0000000007:USA:SEX_BTSX:AGEGROUP_YEARSUNDER5:WEALTHQUINTILE_TOTL,1966-01-01,2026-09-07T16:08:41Z,high,26.84457262,,who.gho.mdg-0000000007,raw/who.gho.mdg-0000000007/2026/09/20260907T160841Z-d67f78e4b8d9.json.gz,2
who.gho.mdg-0000000007,MDG_0000000007:USA:SEX_BTSX:AGEGROUP_YEARSUNDER5:WEALTHQUINTILE_TOTL,1966-01-01,2026-09-07T16:08:41Z,low,25.977391688,,who.gho.mdg-0000000007,raw/who.gho.mdg-0000000007/2026/09/20260907T160841Z-d67f78e4b8d9.json.gz,2
who.gho.mdg-0000000007,MDG_0000000007:USA:SEX_BTSX:AGEGROUP_YEARSUNDER5:WEALTHQUINTILE_TOTL,1966-01-01,2026-09-07T16:08:41Z,restated_at,2026-08-05,,who.gho.mdg-0000000007,raw/who.gho.mdg-0000000007/2026/09/20260907T160841Z-d67f78e4b8d9.json.gz,2
who.gho.mdg-0000000007,MDG_0000000007:USA:SEX_BTSX:AGEGROUP_YEARSUNDER5:WEALTHQUINTILE_TOTL,1966-01-01,2026-09-07T16:08:41Z,value,26.400727933,,who.gho.mdg-0000000007,raw/who.gho.mdg-0000000007/2026/09/20260907T160841Z-d67f78e4b8d9.json.gz,2
who.gho.mdg-0000000007,MDG_0000000007:USA:SEX_FMLE:AGEGROUP_YEARSUNDER5:WEALTHQUINTILE_TOTL,1966-01-01,2026-09-07T16:11:22Z,high,23.52621383,,who.gho.mdg-0000000007,raw/who.gho.mdg-0000000007/2026/09/20260907T161122Z-4e9c288e3adb.json.gz,2
who.gho.mdg-0000000007,MDG_0000000007:USA:SEX_FMLE:AGEGROUP_YEARSUNDER5:WEALTHQUINTILE_TOTL,1966-01-01,2026-09-07T16:11:22Z,low,22.736596407,,who.gho.mdg-0000000007,raw/who.gho.mdg-0000000007/2026/09/20260907T161122Z-4e9c288e3adb.json.gz,2
who.gho.mdg-0000000007,MDG_0000000007:USA:SEX_FMLE:AGEGROUP_YEARSUNDER5:WEALTHQUINTILE_TOTL,1966-01-01,2026-09-07T16:11:22Z,restated_at,2026-08-05,,who.gho.mdg-0000000007,raw/who.gho.mdg-0000000007/2026/09/20260907T161122Z-4e9c288e3adb.json.gz,2
who.gho.mdg-0000000007,MDG_0000000007:USA:SEX_FMLE:AGEGROUP_YEARSUNDER5:WEALTHQUINTILE_TOTL,1966-01-01,2026-09-07T16:11:22Z,value,23.121991666,,who.gho.mdg-0000000007,raw/who.gho.mdg-0000000007/2026/09/20260907T161122Z-4e9c288e3adb.json.gz,2
who.gho.mdg-0000000007,MDG_0000000007:USA:SEX_MLE:AGEGROUP_YEARSUNDER5:WEALTHQUINTILE_TOTL,1966-01-01,2026-09-07T16:09:22Z,high,30.025094923,,who.gho.mdg-0000000007,raw/who.gho.mdg-0000000007/2026/09/20260907T160922Z-b03be7779b07.json.gz,2
who.gho.mdg-0000000007,MDG_0000000007:USA:SEX_MLE:AGEGROUP_YEARSUNDER5:WEALTHQUINTILE_TOTL,1966-01-01,2026-09-07T16:09:22Z,low,29.038228827,,who.gho.mdg-0000000007,raw/who.gho.mdg-0000000007/2026/09/20260907T160922Z-b03be7779b07.json.gz,2
who.gho.mdg-0000000007,MDG_0000000007:USA:SEX_MLE:AGEGROUP_YEARSUNDER5:WEALTHQUINTILE_TOTL,1966-01-01,2026-09-07T16:09:22Z,restated_at,2026-08-05,,who.gho.mdg-0000000007,raw/who.gho.mdg-0000000007/2026/09/20260907T160922Z-b03be7779b07.json.gz,2
who.gho.mdg-0000000007,MDG_0000000007:USA:SEX_MLE:AGEGROUP_YEARSUNDER5:WEALTHQUINTILE_TOTL,1966-01-01,2026-09-07T16:09:22Z,value,29.522090344,,who.gho.mdg-0000000007,raw/who.gho.mdg-0000000007/2026/09/20260907T160922Z-b03be7779b07.json.gz,2
who.gho.mdg-0000000007,MDG_0000000007:VEN:SEX_BTSX:AGEGROUP_YEARSUNDER5:WEALTHQUINTILE_TOTL,1966-01-01,2026-09-07T16:06:07Z,high,77.050640623,,who.gho.mdg-0000000007,raw/who.gho.mdg-0000000007/2026/09/20260907T160607Z-9445f1b065fa.json.gz,2
who.gho.mdg-0000000007,MDG_0000000007:VEN:SEX_BTSX:AGEGROUP_YEARSUNDER5:WEALTHQUINTILE_TOTL,1966-01-01,2026-09-07T16:06:07Z,low,60.949862509,,who.gho.mdg-0000000007,raw/who.gho.mdg-0000000007/2026/09/20260907T160607Z-9445f1b065fa.json.gz,2
who.gho.mdg-0000000007,MDG_0000000007:VEN:SEX_BTSX:AGEGROUP_YEARSUNDER5:WEALTHQUINTILE_TOTL,1966-01-01,2026-09-07T16:06:07Z,restated_at,2026-08-05,,who.gho.mdg-0000000007,raw/who.gho.mdg-0000000007/2026/09/20260907T160607Z-9445f1b065fa.json.gz,2
who.gho.mdg-0000000007,MDG_0000000007:VEN:SEX_BTSX:AGEGROUP_YEARSUNDER5:WEALTHQUINTILE_TOTL,1966-01-01,2026-09-07T16:06:07Z,value,68.820014781,,who.gho.mdg-0000000007,raw/who.gho.mdg-0000000007/2026/09/20260907T160607Z-9445f1b065fa.json.gz,2
who.gho.mdg-0000000007,MDG_0000000007:VEN:SEX_FMLE:AGEGROUP_YEARSUNDER5:WEALTHQUINTILE_TOTL,1966-01-01,2026-09-07T16:06:11Z,high,70.937784166,,who.gho.mdg-0000000007,raw/who.gho.mdg-0000000007/2026/09/20260907T160611Z-e868f3030ca5.json.gz,2
who.gho.mdg-0000000007,MDG_0000000007:VEN:SEX_FMLE:AGEGROUP_YEARSUNDER5:WEALTHQUINTILE_TOTL,1966-01-01,2026-09-07T16:06:11Z,low,55.358774341,,who.gho.mdg-0000000007,raw/who.gho.mdg-0000000007/2026/09/20260907T160611Z-e868f3030ca5.json.gz,2
who.gho.mdg-0000000007,MDG_0000000007:VEN:SEX_FMLE:AGEGROUP_YEARSUNDER5:WEALTHQUINTILE_TOTL,1966-01-01,2026-09-07T16:06:11Z,restated_at,2026-08-05,,who.gho.mdg-0000000007,raw/who.gho.mdg-0000000007/2026/09/20260907T160611Z-e868f3030ca5.json.gz,2
who.gho.mdg-0000000007,MDG_0000000007:VEN:SEX_FMLE:AGEGROUP_YEARSUNDER5:WEALTHQUINTILE_TOTL,1966-01-01,2026-09-07T16:06:11Z,value,62.911159869,,who.gho.mdg-0000000007,raw/who.gho.mdg-0000000007/2026/09/20260907T160611Z-e868f3030ca5.json.gz,2
who.gho.mdg-0000000007,MDG_0000000007:VEN:SEX_MLE:AGEGROUP_YEARSUNDER5:WEALTHQUINTILE_TOTL,1966-01-01,2026-09-07T16:10:07Z,high,83.64924443,,who.gho.mdg-0000000007,raw/who.gho.mdg-0000000007/2026/09/20260907T161007Z-28c6cde3082c.json.gz,2
who.gho.mdg-0000000007,MDG_0000000007:VEN:SEX_MLE:AGEGROUP_YEARSUNDER5:WEALTHQUINTILE_TOTL,1966-01-01,2026-09-07T16:10:07Z,low,65.770242175,,who.gho.mdg-0000000007,raw/who.gho.mdg-0000000007/2026/09/20260907T161007Z-28c6cde3082c.json.gz,2
who.gho.mdg-0000000007,MDG_0000000007:VEN:SEX_MLE:AGEGROUP_YEARSUNDER5:WEALTHQUINTILE_TOTL,1966-01-01,2026-09-07T16:10:07Z,restated_at,2026-08-05,,who.gho.mdg-0000000007,raw/who.gho.mdg-0000000007/2026/09/20260907T161007Z-28c6cde3082c.json.gz,2
who.gho.mdg-0000000007,MDG_0000000007:VEN:SEX_MLE:AGEGROUP_YEARSUNDER5:WEALTHQUINTILE_TOTL,1966-01-01,2026-09-07T16:10:07Z,value,74.428389074,,who.gho.mdg-0000000007,raw/who.gho.mdg-0000000007/2026/09/20260907T161007Z-28c6cde3082c.json.gz,2
who.gho.mdg-0000000007,MDG_0000000007:VGB:SEX_BTSX:AGEGROUP_YEARSUNDER5:WEALTHQUINTILE_TOTL,1966-01-01,2026-09-07T16:05:38Z,high,74.350794496,,who.gho.mdg-0000000007,raw/who.gho.mdg-0000000007/2026/09/20260907T160538Z-28a5f6808180.json.gz,2
who.gho.mdg-0000000007,MDG_0000000007:VGB:SEX_BTSX:AGEGROUP_YEARSUNDER5:WEALTHQUINTILE_TOTL,1966-01-01,2026-09-07T16:05:38Z,low,51.470269571,,who.gho.mdg-0000000007,raw/who.gho.mdg-0000000007/2026/09/20260907T160538Z-28a5f6808180.json.gz,2
who.gho.mdg-0000000007,MDG_0000000007:VGB:SEX_BTSX:AGEGROUP_YEARSUNDER5:WEALTHQUINTILE_TOTL,1966-01-01,2026-09-07T16:05:38Z,restated_at,2026-08-05,,who.gho.mdg-0000000007,raw/who.gho.mdg-0000000007/2026/09/20260907T160538Z-28a5f6808180.json.gz,2
who.gho.mdg-0000000007,MDG_0000000007:VGB:SEX_BTSX:AGEGROUP_YEARSUNDER5:WEALTHQUINTILE_TOTL,1966-01-01,2026-09-07T16:05:38Z,value,61.907985019,,who.gho.mdg-0000000007,raw/who.gho.mdg-0000000007/2026/09/20260907T160538Z-28a5f6808180.json.gz,2
who.gho.mdg-0000000007,MDG_0000000007:VGB:SEX_FMLE:AGEGROUP_YEARSUNDER5:WEALTHQUINTILE_TOTL,1966-01-01,2026-09-07T16:05:18Z,high,60.746992384,,who.gho.mdg-0000000007,raw/who.gho.mdg-0000000007/2026/09/20260907T160518Z-f66c8acba372.json.gz,2
who.gho.mdg-0000000007,MDG_0000000007:VGB:SEX_FMLE:AGEGROUP_YEARSUNDER5:WEALTHQUINTILE_TOTL,1966-01-01,2026-09-07T16:05:18Z,low,41.785791964,,who.gho.mdg-0000000007,raw/who.gho.mdg-0000000007/2026/09/20260907T160518Z-f66c8acba372.json.gz,2
who.gho.mdg-0000000007,MDG_0000000007:VGB:SEX_FMLE:AGEGROUP_YEARSUNDER5:WEALTHQUINTILE_TOTL,1966-01-01,2026-09-07T16:05:18Z,restated_at,2026-08-05,,who.gho.mdg-0000000007,raw/who.gho.mdg-0000000007/2026/09/20260907T160518Z-f66c8acba372.json.gz,2
who.gho.mdg-0000000007,MDG_0000000007:VGB:SEX_FMLE:AGEGROUP_YEARSUNDER5:WEALTHQUINTILE_TOTL,1966-01-01,2026-09-07T16:05:18Z,value,50.443481059,,who.gho.mdg-0000000007,raw/who.gho.mdg-0000000007/2026/09/20260907T160518Z-f66c8acba372.json.gz,2
who.gho.mdg-0000000007,MDG_0000000007:VGB:SEX_MLE:AGEGROUP_YEARSUNDER5:WEALTHQUINTILE_TOTL,1966-01-01,2026-09-07T16:09:59Z,high,87.563782847,,who.gho.mdg-0000000007,raw/who.gho.mdg-0000000007/2026/09/20260907T160959Z-e41937f31aea.json.gz,2
who.gho.mdg-0000000007,MDG_0000000007:VGB:SEX_MLE:AGEGROUP_YEARSUNDER5:WEALTHQUINTILE_TOTL,1966-01-01,2026-09-07T16:09:59Z,low,60.522601331,,who.gho.mdg-0000000007,raw/who.gho.mdg-0000000007/2026/09/20260907T160959Z-e41937f31aea.json.gz,2
who.gho.mdg-0000000007,MDG_0000000007:VGB:SEX_MLE:AGEGROUP_YEARSUNDER5:WEALTHQUINTILE_TOTL,1966-01-01,2026-09-07T16:09:59Z,restated_at,2026-08-05,,who.gho.mdg-0000000007,raw/who.gho.mdg-0000000007/2026/09/20260907T160959Z-e41937f31aea.json.gz,2
who.gho.mdg-0000000007,MDG_0000000007:VGB:SEX_MLE:AGEGROUP_YEARSUNDER5:WEALTHQUINTILE_TOTL,1966-01-01,2026-09-07T16:09:59Z,value,72.813618052,,who.gho.mdg-0000000007,raw/who.gho.mdg-0000000007/2026/09/20260907T160959Z-e41937f31aea.json.gz,2
who.gho.mdg-0000000007,MDG_0000000007:VNM:SEX_BTSX:AGEGROUP_YEARSUNDER5:WEALTHQUINTILE_TOTL,1966-01-01,2026-09-07T16:10:37Z,high,126.077160395,,who.gho.mdg-0000000007,raw/who.gho.mdg-0000000007/2026/09/20260907T161037Z-dfd3d6a5a745.json.gz,2
who.gho.mdg-0000000007,MDG_0000000007:VNM:SEX_BTSX:AGEGROUP_YEARSUNDER5:WEALTHQUINTILE_TOTL,1966-01-01,2026-09-07T16:10:37Z,low,83.489749065,,who.gho.mdg-0000000007,raw/who.gho.mdg-0000000007/2026/09/20260907T161037Z-dfd3d6a5a745.json.gz,2
who.gho.mdg-0000000007,MDG_0000000007:VNM:SEX_BTSX:AGEGROUP_YEARSUNDER5:WEALTHQUINTILE_TOTL,1966-01-01,2026-09-07T16:10:37Z,restated_at,2026-08-05,,who.gho.mdg-0000000007,raw/who.gho.mdg-0000000007/2026/09/20260907T161037Z-dfd3d6a5a745.json.gz,2
who.gho.mdg-0000000007,MDG_0000000007:VNM:SEX_BTSX:AGEGROUP_YEARSUNDER5:WEALTHQUINTILE_TOTL,1966-01-01,2026-09-07T16:10:37Z,value,103.281804663,,who.gho.mdg-0000000007,raw/who.gho.mdg-0000000007/2026/09/20260907T161037Z-dfd3d6a5a745.json.gz,2
who.gho.mdg-0000000007,MDG_0000000007:VNM:SEX_FMLE:AGEGROUP_YEARSUNDER5:WEALTHQUINTILE_TOTL,1966-01-01,2026-09-07T16:08:38Z,high,110.286363164,,who.gho.mdg-0000000007,raw/who.gho.mdg-0000000007/2026/09/20260907T160838Z-ad9f959b97c6.json.gz,2
who.gho.mdg-0000000007,MDG_0000000007:VNM:SEX_FMLE:AGEGROUP_YEARSUNDER5:WEALTHQUINTILE_TOTL,1966-01-01,2026-09-07T16:08:38Z,low,72.561402721,,who.gho.mdg-0000000007,raw/who.gho.mdg-0000000007/2026/09/20260907T160838Z-ad9f959b97c6.json.gz,2
who.gho.mdg-0000000007,MDG_0000000007:VNM:SEX_FMLE:AGEGROUP_YEARSUNDER5:WEALTHQUINTILE_TOTL,1966-01-01,2026-09-07T16:08:38Z,restated_at,2026-08-05,,who.gho.mdg-0000000007,raw/who.gho.mdg-0000000007/2026/09/20260907T160838Z-ad9f959b97c6.json.gz,2
who.gho.mdg-0000000007,MDG_0000000007:VNM:SEX_FMLE:AGEGROUP_YEARSUNDER5:WEALTHQUINTILE_TOTL,1966-01-01,2026-09-07T16:08:38Z,value,89.931476617,,who.gho.mdg-0000000007,raw/who.gho.mdg-0000000007/2026/09/20260907T160838Z-ad9f959b97c6.json.gz,2
who.gho.mdg-0000000007,MDG_0000000007:VNM:SEX_MLE:AGEGROUP_YEARSUNDER5:WEALTHQUINTILE_TOTL,1966-01-01,2026-09-07T16:05:26Z,high,142.277407266,,who.gho.mdg-0000000007,raw/who.gho.mdg-0000000007/2026/09/20260907T160526Z-1363df2b3da0.json.gz,2
who.gho.mdg-0000000007,MDG_0000000007:VNM:SEX_MLE:AGEGROUP_YEARSUNDER5:WEALTHQUINTILE_TOTL,1966-01-01,2026-09-07T16:05:26Z,low,93.615773208,,who.gho.mdg-0000000007,raw/who.gho.mdg-0000000007/2026/09/20260907T160526Z-1363df2b3da0.json.gz,2
who.gho.mdg-0000000007,MDG_0000000007:VNM:SEX_MLE:AGEGROUP_YEARSUNDER5:WEALTHQUINTILE_TOTL,1966-01-01,2026-09-07T16:05:26Z,restated_at,2026-08-05,,who.gho.mdg-0000000007,raw/who.gho.mdg-0000000007/2026/09/20260907T160526Z-1363df2b3da0.json.gz,2
who.gho.mdg-0000000007,MDG_0000000007:VNM:SEX_MLE:AGEGROUP_YEARSUNDER5:WEALTHQUINTILE_TOTL,1966-01-01,2026-09-07T16:05:26Z,value,116.082928272,,who.gho.mdg-0000000007,raw/who.gho.mdg-0000000007/2026/09/20260907T160526Z-1363df2b3da0.json.gz,2
who.gho.mdg-0000000007,MDG_0000000007:VUT:SEX_BTSX:AGEGROUP_YEARSUNDER5:WEALTHQUINTILE_TOTL,1966-01-01,2026-09-07T16:05:18Z,high,158.335108003,,who.gho.mdg-0000000007,raw/who.gho.mdg-0000000007/2026/09/20260907T160518Z-f66c8acba372.json.gz,2
who.gho.mdg-0000000007,MDG_0000000007:VUT:SEX_BTSX:AGEGROUP_YEARSUNDER5:WEALTHQUINTILE_TOTL,1966-01-01,2026-09-07T16:05:18Z,low,101.638446763,,who.gho.mdg-0000000007,raw/who.gho.mdg-0000000007/2026/09/20260907T160518Z-f66c8acba372.json.gz,2
who.gho.mdg-0000000007,MDG_0000000007:VUT:SEX_BTSX:AGEGROUP_YEARSUNDER5:WEALTHQUINTILE_TOTL,1966-01-01,2026-09-07T16:05:18Z,restated_at,2026-08-05,,who.gho.mdg-0000000007,raw/who.gho.mdg-0000000007/2026/09/20260907T160518Z-f66c8acba372.json.gz,2
who.gho.mdg-0000000007,MDG_0000000007:VUT:SEX_BTSX:AGEGROUP_YEARSUNDER5:WEALTHQUINTILE_TOTL,1966-01-01,2026-09-07T16:05:18Z,value,126.72326401,,who.gho.mdg-0000000007,raw/who.gho.mdg-0000000007/2026/09/20260907T160518Z-f66c8acba372.json.gz,2
who.gho.mdg-0000000007,MDG_0000000007:VUT:SEX_FMLE:AGEGROUP_YEARSUNDER5:WEALTHQUINTILE_TOTL,1966-01-01,2026-09-07T16:06:02Z,high,153.122429649,,who.gho.mdg-0000000007,raw/who.gho.mdg-0000000007/2026/09/20260907T160602Z-1adff4f5f376.json.gz,2
who.gho.mdg-0000000007,MDG_0000000007:VUT:SEX_FMLE:AGEGROUP_YEARSUNDER5:WEALTHQUINTILE_TOTL,1966-01-01,2026-09-07T16:06:02Z,low,97.480920322,,who.gho.mdg-0000000007,raw/who.gho.mdg-0000000007/2026/09/20260907T160602Z-1adff4f5f376.json.gz,2
who.gho.mdg-0000000007,MDG_0000000007:VUT:SEX_FMLE:AGEGROUP_YEARSUNDER5:WEALTHQUINTILE_TOTL,1966-01-01,2026-09-07T16:06:02Z,restated_at,2026-08-05,,who.gho.mdg-0000000007,raw/who.gho.mdg-0000000007/2026/09/20260907T160602Z-1adff4f5f376.json.gz,2
who.gho.mdg-0000000007,MDG_0000000007:VUT:SEX_FMLE:AGEGROUP_YEARSUNDER5:WEALTHQUINTILE_TOTL,1966-01-01,2026-09-07T16:06:02Z,value,122.265889341,,who.gho.mdg-0000000007,raw/who.gho.mdg-0000000007/2026/09/20260907T160602Z-1adff4f5f376.json.gz,2
who.gho.mdg-0000000007,MDG_0000000007:VUT:SEX_MLE:AGEGROUP_YEARSUNDER5:WEALTHQUINTILE_TOTL,1966-01-01,2026-09-07T16:05:31Z,high,164.257307817,,who.gho.mdg-0000000007,raw/who.gho.mdg-0000000007/2026/09/20260907T160531Z-a90a9bba0858.json.gz,2
who.gho.mdg-0000000007,MDG_0000000007:VUT:SEX_MLE:AGEGROUP_YEARSUNDER5:WEALTHQUINTILE_TOTL,1966-01-01,2026-09-07T16:05:31Z,low,104.604931594,,who.gho.mdg-0000000007,raw/who.gho.mdg-0000000007/2026/09/20260907T160531Z-a90a9bba0858.json.gz,2
who.gho.mdg-0000000007,MDG_0000000007:VUT:SEX_MLE:AGEGROUP_YEARSUNDER5:WEALTHQUINTILE_TOTL,1966-01-01,2026-09-07T16:05:31Z,restated_at,2026-08-05,,who.gho.mdg-0000000007,raw/who.gho.mdg-0000000007/2026/09/20260907T160531Z-a90a9bba0858.json.gz,2
who.gho.mdg-0000000007,MDG_0000000007:VUT:SEX_MLE:AGEGROUP_YEARSUNDER5:WEALTHQUINTILE_TOTL,1966-01-01,2026-09-07T16:05:31Z,value,131.116980832,,who.gho.mdg-0000000007,raw/who.gho.mdg-0000000007/2026/09/20260907T160531Z-a90a9bba0858.json.gz,2
who.gho.mdg-0000000007,MDG_0000000007:WSM:SEX_BTSX:AGEGROUP_YEARSUNDER5:WEALTHQUINTILE_TOTL,1966-01-01,2026-09-07T16:06:07Z,high,100.006432051,,who.gho.mdg-0000000007,raw/who.gho.mdg-0000000007/2026/09/20260907T160607Z-9445f1b065fa.json.gz,2
who.gho.mdg-0000000007,MDG_0000000007:WSM:SEX_BTSX:AGEGROUP_YEARSUNDER5:WEALTHQUINTILE_TOTL,1966-01-01,2026-09-07T16:06:07Z,low,72.453625414,,who.gho.mdg-0000000007,raw/who.gho.mdg-0000000007/2026/09/20260907T160607Z-9445f1b065fa.json.gz,2
who.gho.mdg-0000000007,MDG_0000000007:WSM:SEX_BTSX:AGEGROUP_YEARSUNDER5:WEALTHQUINTILE_TOTL,1966-01-01,2026-09-07T16:06:07Z,restated_at,2026-08-05,,who.gho.mdg-0000000007,raw/who.gho.mdg-0000000007/2026/09/20260907T160607Z-9445f1b065fa.json.gz,2
who.gho.mdg-0000000007,MDG_0000000007:WSM:SEX_BTSX:AGEGROUP_YEARSUNDER5:WEALTHQUINTILE_TOTL,1966-01-01,2026-09-07T16:06:07Z,value,85.232805797,,who.gho.mdg-0000000007,raw/who.gho.mdg-0000000007/2026/09/20260907T160607Z-9445f1b065fa.json.gz,2
who.gho.mdg-0000000007,MDG_0000000007:WSM:SEX_FMLE:AGEGROUP_YEARSUNDER5:WEALTHQUINTILE_TOTL,1966-01-01,2026-09-07T16:08:50Z,high,93.911959049,,who.gho.mdg-0000000007,raw/who.gho.mdg-0000000007/2026/09/20260907T160850Z-957169f3a50e.json.gz,2
who.gho.mdg-0000000007,MDG_0000000007:WSM:SEX_FMLE:AGEGROUP_YEARSUNDER5:WEALTHQUINTILE_TOTL,1966-01-01,2026-09-07T16:08:50Z,low,67.044439357,,who.gho.mdg-0000000007,raw/who.gho.mdg-0000000007/2026/09/20260907T160850Z-957169f3a50e.json.gz,2
who.gho.mdg-0000000007,MDG_0000000007:WSM:SEX_FMLE:AGEGROUP_YEARSUNDER5:WEALTHQUINTILE_TOTL,1966-01-01,2026-09-07T16:08:50Z,restated_at,2026-08-05,,who.gho.mdg-0000000007,raw/who.gho.mdg-0000000007/2026/09/20260907T160850Z-957169f3a50e.json.gz,2
who.gho.mdg-0000000007,MDG_0000000007:WSM:SEX_FMLE:AGEGROUP_YEARSUNDER5:WEALTHQUINTILE_TOTL,1966-01-01,2026-09-07T16:08:50Z,value,79.365988323,,who.gho.mdg-0000000007,raw/who.gho.mdg-0000000007/2026/09/20260907T160850Z-957169f3a50e.json.gz,2
who.gho.mdg-0000000007,MDG_0000000007:WSM:SEX_MLE:AGEGROUP_YEARSUNDER5:WEALTHQUINTILE_TOTL,1966-01-01,2026-09-07T16:10:24Z,high,107.099331264,,who.gho.mdg-0000000007,raw/who.gho.mdg-0000000007/2026/09/20260907T161024Z-808a2a46070d.json.gz,2
who.gho.mdg-0000000007,MDG_0000000007:WSM:SEX_MLE:AGEGROUP_YEARSUNDER5:WEALTHQUINTILE_TOTL,1966-01-01,2026-09-07T16:10:24Z,low,76.689124304,,who.gho.mdg-0000000007,raw/who.gho.mdg-0000000007/2026/09/20260907T161024Z-808a2a46070d.json.gz,2
who.gho.mdg-0000000007,MDG_0000000007:WSM:SEX_MLE:AGEGROUP_YEARSUNDER5:WEALTHQUINTILE_TOTL,1966-01-01,2026-09-07T16:10:24Z,restated_at,2026-08-05,,who.gho.mdg-0000000007,raw/who.gho.mdg-0000000007/2026/09/20260907T161024Z-808a2a46070d.json.gz,2
who.gho.mdg-0000000007,MDG_0000000007:WSM:SEX_MLE:AGEGROUP_YEARSUNDER5:WEALTHQUINTILE_TOTL,1966-01-01,2026-09-07T16:10:24Z,value,90.642697967,,who.gho.mdg-0000000007,raw/who.gho.mdg-0000000007/2026/09/20260907T161024Z-808a2a46070d.json.gz,2
who.gho.mdg-0000000007,MDG_0000000007:YEM:SEX_BTSX:AGEGROUP_YEARSUNDER5:WEALTHQUINTILE_TOTL,1966-01-01,2026-09-07T16:10:53Z,high,426.749220315,,who.gho.mdg-0000000007,raw/who.gho.mdg-0000000007/2026/09/20260907T161053Z-9a5808e2a757.json.gz,2
who.gho.mdg-0000000007,MDG_0000000007:YEM:SEX_BTSX:AGEGROUP_YEARSUNDER5:WEALTHQUINTILE_TOTL,1966-01-01,2026-09-07T16:10:53Z,low,344.330884596,,who.gho.mdg-0000000007,raw/who.gho.mdg-0000000007/2026/09/20260907T161053Z-9a5808e2a757.json.gz,2
who.gho.mdg-0000000007,MDG_0000000007:YEM:SEX_BTSX:AGEGROUP_YEARSUNDER5:WEALTHQUINTILE_TOTL,1966-01-01,2026-09-07T16:10:53Z,restated_at,2026-08-05,,who.gho.mdg-0000000007,raw/who.gho.mdg-0000000007/2026/09/20260907T161053Z-9a5808e2a757.json.gz,2
who.gho.mdg-0000000007,MDG_0000000007:YEM:SEX_BTSX:AGEGROUP_YEARSUNDER5:WEALTHQUINTILE_TOTL,1966-01-01,2026-09-07T16:10:53Z,value,383.674545622,,who.gho.mdg-0000000007,raw/who.gho.mdg-0000000007/2026/09/20260907T161053Z-9a5808e2a757.json.gz,2
who.gho.mdg-0000000007,MDG_0000000007:YEM:SEX_FMLE:AGEGROUP_YEARSUNDER5:WEALTHQUINTILE_TOTL,1966-01-01,2026-09-07T16:08:45Z,high,415.289485025,,who.gho.mdg-0000000007,raw/who.gho.mdg-0000000007/2026/09/20260907T160845Z-9b23f1f1b45b.json.gz,2
who.gho.mdg-0000000007,MDG_0000000007:YEM:SEX_FMLE:AGEGROUP_YEARSUNDER5:WEALTHQUINTILE_TOTL,1966-01-01,2026-09-07T16:08:45Z,low,333.144767277,,who.gho.mdg-0000000007,raw/who.gho.mdg-0000000007/2026/09/20260907T160845Z-9b23f1f1b45b.json.gz,2
who.gho.mdg-0000000007,MDG_0000000007:YEM:SEX_FMLE:AGEGROUP_YEARSUNDER5:WEALTHQUINTILE_TOTL,1966-01-01,2026-09-07T16:08:45Z,restated_at,2026-08-05,,who.gho.mdg-0000000007,raw/who.gho.mdg-0000000007/2026/09/20260907T160845Z-9b23f1f1b45b.json.gz,2
who.gho.mdg-0000000007,MDG_0000000007:YEM:SEX_FMLE:AGEGROUP_YEARSUNDER5:WEALTHQUINTILE_TOTL,1966-01-01,2026-09-07T16:08:45Z,value,372.371198137,,who.gho.mdg-0000000007,raw/who.gho.mdg-0000000007/2026/09/20260907T160845Z-9b23f1f1b45b.json.gz,2
who.gho.mdg-0000000007,MDG_0000000007:YEM:SEX_MLE:AGEGROUP_YEARSUNDER5:WEALTHQUINTILE_TOTL,1966-01-01,2026-09-07T16:05:48Z,high,439.972908703,,who.gho.mdg-0000000007,raw/who.gho.mdg-0000000007/2026/09/20260907T160548Z-1609a76f5ecc.json.gz,2
who.gho.mdg-0000000007,MDG_0000000007:YEM:SEX_MLE:AGEGROUP_YEARSUNDER5:WEALTHQUINTILE_TOTL,1966-01-01,2026-09-07T16:05:48Z,low,352.98979433,,who.gho.mdg-0000000007,raw/who.gho.mdg-0000000007/2026/09/20260907T160548Z-1609a76f5ecc.json.gz,2
who.gho.mdg-0000000007,MDG_0000000007:YEM:SEX_MLE:AGEGROUP_YEARSUNDER5:WEALTHQUINTILE_TOTL,1966-01-01,2026-09-07T16:05:48Z,restated_at,2026-08-05,,who.gho.mdg-0000000007,raw/who.gho.mdg-0000000007/2026/09/20260907T160548Z-1609a76f5ecc.json.gz,2
who.gho.mdg-0000000007,MDG_0000000007:YEM:SEX_MLE:AGEGROUP_YEARSUNDER5:WEALTHQUINTILE_TOTL,1966-01-01,2026-09-07T16:05:48Z,value,394.464618327,,who.gho.mdg-0000000007,raw/who.gho.mdg-0000000007/2026/09/20260907T160548Z-1609a76f5ecc.json.gz,2
who.gho.mdg-0000000007,MDG_0000000007:ZMB:SEX_BTSX:AGEGROUP_YEARSUNDER5:WEALTHQUINTILE_TOTL,1966-01-01,2026-09-07T16:10:30Z,high,209.035089235,,who.gho.mdg-0000000007,raw/who.gho.mdg-0000000007/2026/09/20260907T161030Z-d2101d8df79b.json.gz,2
who.gho.mdg-0000000007,MDG_0000000007:ZMB:SEX_BTSX:AGEGROUP_YEARSUNDER5:WEALTHQUINTILE_TOTL,1966-01-01,2026-09-07T16:10:30Z,low,170.27158251,,who.gho.mdg-0000000007,raw/who.gho.mdg-0000000007/2026/09/20260907T161030Z-d2101d8df79b.json.gz,2
who.gho.mdg-0000000007,MDG_0000000007:ZMB:SEX_BTSX:AGEGROUP_YEARSUNDER5:WEALTHQUINTILE_TOTL,1966-01-01,2026-09-07T16:10:30Z,restated_at,2026-08-05,,who.gho.mdg-0000000007,raw/who.gho.mdg-0000000007/2026/09/20260907T161030Z-d2101d8df79b.json.gz,2
who.gho.mdg-0000000007,MDG_0000000007:ZMB:SEX_BTSX:AGEGROUP_YEARSUNDER5:WEALTHQUINTILE_TOTL,1966-01-01,2026-09-07T16:10:30Z,value,188.849198646,,who.gho.mdg-0000000007,raw/who.gho.mdg-0000000007/2026/09/20260907T161030Z-d2101d8df79b.json.gz,2
who.gho.mdg-0000000007,MDG_0000000007:ZMB:SEX_FMLE:AGEGROUP_YEARSUNDER5:WEALTHQUINTILE_TOTL,1966-01-01,2026-09-07T16:11:18Z,high,202.393861426,,who.gho.mdg-0000000007,raw/who.gho.mdg-0000000007/2026/09/20260907T161118Z-85c02b5f4e3c.json.gz,2
who.gho.mdg-0000000007,MDG_0000000007:ZMB:SEX_FMLE:AGEGROUP_YEARSUNDER5:WEALTHQUINTILE_TOTL,1966-01-01,2026-09-07T16:11:18Z,low,163.247788088,,who.gho.mdg-0000000007,raw/who.gho.mdg-0000000007/2026/09/20260907T161118Z-85c02b5f4e3c.json.gz,2
who.gho.mdg-0000000007,MDG_0000000007:ZMB:SEX_FMLE:AGEGROUP_YEARSUNDER5:WEALTHQUINTILE_TOTL,1966-01-01,2026-09-07T16:11:18Z,restated_at,2026-08-05,,who.gho.mdg-0000000007,raw/who.gho.mdg-0000000007/2026/09/20260907T161118Z-85c02b5f4e3c.json.gz,2
who.gho.mdg-0000000007,MDG_0000000007:ZMB:SEX_FMLE:AGEGROUP_YEARSUNDER5:WEALTHQUINTILE_TOTL,1966-01-01,2026-09-07T16:11:18Z,value,181.83389447,,who.gho.mdg-0000000007,raw/who.gho.mdg-0000000007/2026/09/20260907T161118Z-85c02b5f4e3c.json.gz,2
who.gho.mdg-0000000007,MDG_0000000007:ZMB:SEX_MLE:AGEGROUP_YEARSUNDER5:WEALTHQUINTILE_TOTL,1966-01-01,2026-09-07T16:11:18Z,high,216.767172163,,who.gho.mdg-0000000007,raw/who.gho.mdg-0000000007/2026/09/20260907T161118Z-85c02b5f4e3c.json.gz,2
who.gho.mdg-0000000007,MDG_0000000007:ZMB:SEX_MLE:AGEGROUP_YEARSUNDER5:WEALTHQUINTILE_TOTL,1966-01-01,2026-09-07T16:11:18Z,low,175.595961744,,who.gho.mdg-0000000007,raw/who.gho.mdg-0000000007/2026/09/20260907T161118Z-85c02b5f4e3c.json.gz,2
who.gho.mdg-0000000007,MDG_0000000007:ZMB:SEX_MLE:AGEGROUP_YEARSUNDER5:WEALTHQUINTILE_TOTL,1966-01-01,2026-09-07T16:11:18Z,restated_at,2026-08-05,,who.gho.mdg-0000000007,raw/who.gho.mdg-0000000007/2026/09/20260907T161118Z-85c02b5f4e3c.json.gz,2
who.gho.mdg-0000000007,MDG_0000000007:ZMB:SEX_MLE:AGEGROUP_YEARSUNDER5:WEALTHQUINTILE_TOTL,1966-01-01,2026-09-07T16:11:18Z,value,195.401694561,,who.gho.mdg-0000000007,raw/who.gho.mdg-0000000007/2026/09/20260907T161118Z-85c02b5f4e3c.json.gz,2
who.gho.mdg-0000000007,MDG_0000000007:ZWE:SEX_BTSX:AGEGROUP_YEARSUNDER5:WEALTHQUINTILE_TOTL,1966-01-01,2026-09-07T16:09:54Z,high,152.505568275,,who.gho.mdg-0000000007,raw/who.gho.mdg-0000000007/2026/09/20260907T160954Z-3426e3999bb4.json.gz,2
who.gho.mdg-0000000007,MDG_0000000007:ZWE:SEX_BTSX:AGEGROUP_YEARSUNDER5:WEALTHQUINTILE_TOTL,1966-01-01,2026-09-07T16:09:54Z,low,114.343710632,,who.gho.mdg-0000000007,raw/who.gho.mdg-0000000007/2026/09/20260907T160954Z-3426e3999bb4.json.gz,2
who.gho.mdg-0000000007,MDG_0000000007:ZWE:SEX_BTSX:AGEGROUP_YEARSUNDER5:WEALTHQUINTILE_TOTL,1966-01-01,2026-09-07T16:09:54Z,restated_at,2026-08-05,,who.gho.mdg-0000000007,raw/who.gho.mdg-0000000007/2026/09/20260907T160954Z-3426e3999bb4.json.gz,2
who.gho.mdg-0000000007,MDG_0000000007:ZWE:SEX_BTSX:AGEGROUP_YEARSUNDER5:WEALTHQUINTILE_TOTL,1966-01-01,2026-09-07T16:09:54Z,value,132.066554267,,who.gho.mdg-0000000007,raw/who.gho.mdg-0000000007/2026/09/20260907T160954Z-3426e3999bb4.json.gz,2
who.gho.mdg-0000000007,MDG_0000000007:ZWE:SEX_FMLE:AGEGROUP_YEARSUNDER5:WEALTHQUINTILE_TOTL,1966-01-01,2026-09-07T16:08:41Z,high,143.238786264,,who.gho.mdg-0000000007,raw/who.gho.mdg-0000000007/2026/09/20260907T160841Z-d67f78e4b8d9.json.gz,2
who.gho.mdg-0000000007,MDG_0000000007:ZWE:SEX_FMLE:AGEGROUP_YEARSUNDER5:WEALTHQUINTILE_TOTL,1966-01-01,2026-09-07T16:08:41Z,low,106.797961465,,who.gho.mdg-0000000007,raw/who.gho.mdg-0000000007/2026/09/20260907T160841Z-d67f78e4b8d9.json.gz,2
who.gho.mdg-0000000007,MDG_0000000007:ZWE:SEX_FMLE:AGEGROUP_YEARSUNDER5:WEALTHQUINTILE_TOTL,1966-01-01,2026-09-07T16:08:41Z,restated_at,2026-08-05,,who.gho.mdg-0000000007,raw/who.gho.mdg-0000000007/2026/09/20260907T160841Z-d67f78e4b8d9.json.gz,2
who.gho.mdg-0000000007,MDG_0000000007:ZWE:SEX_FMLE:AGEGROUP_YEARSUNDER5:WEALTHQUINTILE_TOTL,1966-01-01,2026-09-07T16:08:41Z,value,123.681376919,,who.gho.mdg-0000000007,raw/who.gho.mdg-0000000007/2026/09/20260907T160841Z-d67f78e4b8d9.json.gz,2
who.gho.mdg-0000000007,MDG_0000000007:ZWE:SEX_MLE:AGEGROUP_YEARSUNDER5:WEALTHQUINTILE_TOTL,1966-01-01,2026-09-07T16:09:26Z,high,162.052174679,,who.gho.mdg-0000000007,raw/who.gho.mdg-0000000007/2026/09/20260907T160926Z-3ee37906b339.json.gz,2
who.gho.mdg-0000000007,MDG_0000000007:ZWE:SEX_MLE:AGEGROUP_YEARSUNDER5:WEALTHQUINTILE_TOTL,1966-01-01,2026-09-07T16:09:26Z,low,121.109071194,,who.gho.mdg-0000000007,raw/who.gho.mdg-0000000007/2026/09/20260907T160926Z-3ee37906b339.json.gz,2
who.gho.mdg-0000000007,MDG_0000000007:ZWE:SEX_MLE:AGEGROUP_YEARSUNDER5:WEALTHQUINTILE_TOTL,1966-01-01,2026-09-07T16:09:26Z,restated_at,2026-08-05,,who.gho.mdg-0000000007,raw/who.gho.mdg-0000000007/2026/09/20260907T160926Z-3ee37906b339.json.gz,2
who.gho.mdg-0000000007,MDG_0000000007:ZWE:SEX_MLE:AGEGROUP_YEARSUNDER5:WEALTHQUINTILE_TOTL,1966-01-01,2026-09-07T16:09:26Z,value,139.945965453,,who.gho.mdg-0000000007,raw/who.gho.mdg-0000000007/2026/09/20260907T160926Z-3ee37906b339.json.gz,2
