series_id,entity_id,observed_at,captured_at,metric,value,unit,source_id,raw_ref,parser_version
who.gho.cm-02,CM_02:AFG:SEX_BTSX:AGEGROUP_MONTHS0-11,1970-01-01,2026-09-07T15:51:40Z,high,139465.0,,who.gho.cm-02,raw/who.gho.cm-02/2026/09/20260907T155140Z-2ccf90b4d287.json.gz,2
who.gho.cm-02,CM_02:AFG:SEX_BTSX:AGEGROUP_MONTHS0-11,1970-01-01,2026-09-07T15:51:40Z,low,108950.0,,who.gho.cm-02,raw/who.gho.cm-02/2026/09/20260907T155140Z-2ccf90b4d287.json.gz,2
who.gho.cm-02,CM_02:AFG:SEX_BTSX:AGEGROUP_MONTHS0-11,1970-01-01,2026-09-07T15:51:40Z,restated_at,2026-08-04,,who.gho.cm-02,raw/who.gho.cm-02/2026/09/20260907T155140Z-2ccf90b4d287.json.gz,2
who.gho.cm-02,CM_02:AFG:SEX_BTSX:AGEGROUP_MONTHS0-11,1970-01-01,2026-09-07T15:51:40Z,value,123182.0,,who.gho.cm-02,raw/who.gho.cm-02/2026/09/20260907T155140Z-2ccf90b4d287.json.gz,2
who.gho.cm-02,CM_02:AFG:SEX_FMLE:AGEGROUP_MONTHS0-11,1970-01-01,2026-09-07T15:58:07Z,high,65451.0,,who.gho.cm-02,raw/who.gho.cm-02/2026/09/20260907T155807Z-33d1eb328c3d.json.gz,2
who.gho.cm-02,CM_02:AFG:SEX_FMLE:AGEGROUP_MONTHS0-11,1970-01-01,2026-09-07T15:58:07Z,low,50358.0,,who.gho.cm-02,raw/who.gho.cm-02/2026/09/20260907T155807Z-33d1eb328c3d.json.gz,2
who.gho.cm-02,CM_02:AFG:SEX_FMLE:AGEGROUP_MONTHS0-11,1970-01-01,2026-09-07T15:58:07Z,restated_at,2026-08-04,,who.gho.cm-02,raw/who.gho.cm-02/2026/09/20260907T155807Z-33d1eb328c3d.json.gz,2
who.gho.cm-02,CM_02:AFG:SEX_FMLE:AGEGROUP_MONTHS0-11,1970-01-01,2026-09-07T15:58:07Z,value,57462.0,,who.gho.cm-02,raw/who.gho.cm-02/2026/09/20260907T155807Z-33d1eb328c3d.json.gz,2
who.gho.cm-02,CM_02:AFG:SEX_MLE:AGEGROUP_MONTHS0-11,1970-01-01,2026-09-07T15:51:05Z,high,74797.0,,who.gho.cm-02,raw/who.gho.cm-02/2026/09/20260907T155105Z-bd351d716a31.json.gz,2
who.gho.cm-02,CM_02:AFG:SEX_MLE:AGEGROUP_MONTHS0-11,1970-01-01,2026-09-07T15:51:05Z,low,57785.0,,who.gho.cm-02,raw/who.gho.cm-02/2026/09/20260907T155105Z-bd351d716a31.json.gz,2
who.gho.cm-02,CM_02:AFG:SEX_MLE:AGEGROUP_MONTHS0-11,1970-01-01,2026-09-07T15:51:05Z,restated_at,2026-08-04,,who.gho.cm-02,raw/who.gho.cm-02/2026/09/20260907T155105Z-bd351d716a31.json.gz,2
who.gho.cm-02,CM_02:AFG:SEX_MLE:AGEGROUP_MONTHS0-11,1970-01-01,2026-09-07T15:51:05Z,value,65720.0,,who.gho.cm-02,raw/who.gho.cm-02/2026/09/20260907T155105Z-bd351d716a31.json.gz,2
who.gho.cm-02,CM_02:ARE:SEX_BTSX:AGEGROUP_MONTHS0-11,1970-01-01,2026-09-07T15:58:07Z,high,700.0,,who.gho.cm-02,raw/who.gho.cm-02/2026/09/20260907T155807Z-33d1eb328c3d.json.gz,2
who.gho.cm-02,CM_02:ARE:SEX_BTSX:AGEGROUP_MONTHS0-11,1970-01-01,2026-09-07T15:58:07Z,low,524.0,,who.gho.cm-02,raw/who.gho.cm-02/2026/09/20260907T155807Z-33d1eb328c3d.json.gz,2
who.gho.cm-02,CM_02:ARE:SEX_BTSX:AGEGROUP_MONTHS0-11,1970-01-01,2026-09-07T15:58:07Z,restated_at,2026-08-04,,who.gho.cm-02,raw/who.gho.cm-02/2026/09/20260907T155807Z-33d1eb328c3d.json.gz,2
who.gho.cm-02,CM_02:ARE:SEX_BTSX:AGEGROUP_MONTHS0-11,1970-01-01,2026-09-07T15:58:07Z,value,606.0,,who.gho.cm-02,raw/who.gho.cm-02/2026/09/20260907T155807Z-33d1eb328c3d.json.gz,2
who.gho.cm-02,CM_02:ARE:SEX_FMLE:AGEGROUP_MONTHS0-11,1970-01-01,2026-09-07T15:58:25Z,high,310.0,,who.gho.cm-02,raw/who.gho.cm-02/2026/09/20260907T155825Z-6675ad1e3bc7.json.gz,2
who.gho.cm-02,CM_02:ARE:SEX_FMLE:AGEGROUP_MONTHS0-11,1970-01-01,2026-09-07T15:58:25Z,low,227.0,,who.gho.cm-02,raw/who.gho.cm-02/2026/09/20260907T155825Z-6675ad1e3bc7.json.gz,2
who.gho.cm-02,CM_02:ARE:SEX_FMLE:AGEGROUP_MONTHS0-11,1970-01-01,2026-09-07T15:58:25Z,restated_at,2026-08-04,,who.gho.cm-02,raw/who.gho.cm-02/2026/09/20260907T155825Z-6675ad1e3bc7.json.gz,2
who.gho.cm-02,CM_02:ARE:SEX_FMLE:AGEGROUP_MONTHS0-11,1970-01-01,2026-09-07T15:58:25Z,value,266.0,,who.gho.cm-02,raw/who.gho.cm-02/2026/09/20260907T155825Z-6675ad1e3bc7.json.gz,2
who.gho.cm-02,CM_02:ARE:SEX_MLE:AGEGROUP_MONTHS0-11,1970-01-01,2026-09-07T15:57:54Z,high,395.0,,who.gho.cm-02,raw/who.gho.cm-02/2026/09/20260907T155754Z-3bea881db2b4.json.gz,2
who.gho.cm-02,CM_02:ARE:SEX_MLE:AGEGROUP_MONTHS0-11,1970-01-01,2026-09-07T15:57:54Z,low,292.0,,who.gho.cm-02,raw/who.gho.cm-02/2026/09/20260907T155754Z-3bea881db2b4.json.gz,2
who.gho.cm-02,CM_02:ARE:SEX_MLE:AGEGROUP_MONTHS0-11,1970-01-01,2026-09-07T15:57:54Z,restated_at,2026-08-04,,who.gho.cm-02,raw/who.gho.cm-02/2026/09/20260907T155754Z-3bea881db2b4.json.gz,2
who.gho.cm-02,CM_02:ARE:SEX_MLE:AGEGROUP_MONTHS0-11,1970-01-01,2026-09-07T15:57:54Z,value,340.0,,who.gho.cm-02,raw/who.gho.cm-02/2026/09/20260907T155754Z-3bea881db2b4.json.gz,2
who.gho.cm-02,CM_02:ARG:SEX_BTSX:AGEGROUP_MONTHS0-11,1970-01-01,2026-09-07T15:58:16Z,high,33606.0,,who.gho.cm-02,raw/who.gho.cm-02/2026/09/20260907T155816Z-99a1a16a015f.json.gz,2
who.gho.cm-02,CM_02:ARG:SEX_BTSX:AGEGROUP_MONTHS0-11,1970-01-01,2026-09-07T15:58:16Z,low,31015.0,,who.gho.cm-02,raw/who.gho.cm-02/2026/09/20260907T155816Z-99a1a16a015f.json.gz,2
who.gho.cm-02,CM_02:ARG:SEX_BTSX:AGEGROUP_MONTHS0-11,1970-01-01,2026-09-07T15:58:16Z,restated_at,2026-08-04,,who.gho.cm-02,raw/who.gho.cm-02/2026/09/20260907T155816Z-99a1a16a015f.json.gz,2
who.gho.cm-02,CM_02:ARG:SEX_BTSX:AGEGROUP_MONTHS0-11,1970-01-01,2026-09-07T15:58:16Z,value,32293.0,,who.gho.cm-02,raw/who.gho.cm-02/2026/09/20260907T155816Z-99a1a16a015f.json.gz,2
who.gho.cm-02,CM_02:ARG:SEX_FMLE:AGEGROUP_MONTHS0-11,1970-01-01,2026-09-07T15:52:26Z,high,15482.0,,who.gho.cm-02,raw/who.gho.cm-02/2026/09/20260907T155226Z-b536cc4a2b4c.json.gz,2
who.gho.cm-02,CM_02:ARG:SEX_FMLE:AGEGROUP_MONTHS0-11,1970-01-01,2026-09-07T15:52:26Z,low,14263.0,,who.gho.cm-02,raw/who.gho.cm-02/2026/09/20260907T155226Z-b536cc4a2b4c.json.gz,2
who.gho.cm-02,CM_02:ARG:SEX_FMLE:AGEGROUP_MONTHS0-11,1970-01-01,2026-09-07T15:52:26Z,restated_at,2026-08-04,,who.gho.cm-02,raw/who.gho.cm-02/2026/09/20260907T155226Z-b536cc4a2b4c.json.gz,2
who.gho.cm-02,CM_02:ARG:SEX_FMLE:AGEGROUP_MONTHS0-11,1970-01-01,2026-09-07T15:52:26Z,value,14881.0,,who.gho.cm-02,raw/who.gho.cm-02/2026/09/20260907T155226Z-b536cc4a2b4c.json.gz,2
who.gho.cm-02,CM_02:ARG:SEX_MLE:AGEGROUP_MONTHS0-11,1970-01-01,2026-09-07T15:58:07Z,high,18129.0,,who.gho.cm-02,raw/who.gho.cm-02/2026/09/20260907T155807Z-33d1eb328c3d.json.gz,2
who.gho.cm-02,CM_02:ARG:SEX_MLE:AGEGROUP_MONTHS0-11,1970-01-01,2026-09-07T15:58:07Z,low,16712.0,,who.gho.cm-02,raw/who.gho.cm-02/2026/09/20260907T155807Z-33d1eb328c3d.json.gz,2
who.gho.cm-02,CM_02:ARG:SEX_MLE:AGEGROUP_MONTHS0-11,1970-01-01,2026-09-07T15:58:07Z,restated_at,2026-08-04,,who.gho.cm-02,raw/who.gho.cm-02/2026/09/20260907T155807Z-33d1eb328c3d.json.gz,2
who.gho.cm-02,CM_02:ARG:SEX_MLE:AGEGROUP_MONTHS0-11,1970-01-01,2026-09-07T15:58:07Z,value,17412.0,,who.gho.cm-02,raw/who.gho.cm-02/2026/09/20260907T155807Z-33d1eb328c3d.json.gz,2
who.gho.cm-02,CM_02:ATG:SEX_BTSX:AGEGROUP_MONTHS0-11,1970-01-01,2026-09-07T15:57:44Z,high,46.0,,who.gho.cm-02,raw/who.gho.cm-02/2026/09/20260907T155744Z-e141b36e0a87.json.gz,2
who.gho.cm-02,CM_02:ATG:SEX_BTSX:AGEGROUP_MONTHS0-11,1970-01-01,2026-09-07T15:57:44Z,low,39.0,,who.gho.cm-02,raw/who.gho.cm-02/2026/09/20260907T155744Z-e141b36e0a87.json.gz,2
who.gho.cm-02,CM_02:ATG:SEX_BTSX:AGEGROUP_MONTHS0-11,1970-01-01,2026-09-07T15:57:44Z,restated_at,2025-04-15,,who.gho.cm-02,raw/who.gho.cm-02/2026/09/20260907T155744Z-e141b36e0a87.json.gz,2
who.gho.cm-02,CM_02:ATG:SEX_BTSX:AGEGROUP_MONTHS0-11,1970-01-01,2026-09-07T15:57:44Z,value,43.0,,who.gho.cm-02,raw/who.gho.cm-02/2026/09/20260907T155744Z-e141b36e0a87.json.gz,2
who.gho.cm-02,CM_02:ATG:SEX_FMLE:AGEGROUP_MONTHS0-11,1970-01-01,2026-09-07T15:52:03Z,high,21.0,,who.gho.cm-02,raw/who.gho.cm-02/2026/09/20260907T155203Z-07dabadb5738.json.gz,2
who.gho.cm-02,CM_02:ATG:SEX_FMLE:AGEGROUP_MONTHS0-11,1970-01-01,2026-09-07T15:52:03Z,low,18.0,,who.gho.cm-02,raw/who.gho.cm-02/2026/09/20260907T155203Z-07dabadb5738.json.gz,2
who.gho.cm-02,CM_02:ATG:SEX_FMLE:AGEGROUP_MONTHS0-11,1970-01-01,2026-09-07T15:52:03Z,restated_at,2025-04-15,,who.gho.cm-02,raw/who.gho.cm-02/2026/09/20260907T155203Z-07dabadb5738.json.gz,2
who.gho.cm-02,CM_02:ATG:SEX_FMLE:AGEGROUP_MONTHS0-11,1970-01-01,2026-09-07T15:52:03Z,value,19.0,,who.gho.cm-02,raw/who.gho.cm-02/2026/09/20260907T155203Z-07dabadb5738.json.gz,2
who.gho.cm-02,CM_02:ATG:SEX_MLE:AGEGROUP_MONTHS0-11,1970-01-01,2026-09-07T15:58:04Z,high,25.0,,who.gho.cm-02,raw/who.gho.cm-02/2026/09/20260907T155804Z-3e19927fa86a.json.gz,2
who.gho.cm-02,CM_02:ATG:SEX_MLE:AGEGROUP_MONTHS0-11,1970-01-01,2026-09-07T15:58:04Z,low,21.0,,who.gho.cm-02,raw/who.gho.cm-02/2026/09/20260907T155804Z-3e19927fa86a.json.gz,2
who.gho.cm-02,CM_02:ATG:SEX_MLE:AGEGROUP_MONTHS0-11,1970-01-01,2026-09-07T15:58:04Z,restated_at,2025-04-15,,who.gho.cm-02,raw/who.gho.cm-02/2026/09/20260907T155804Z-3e19927fa86a.json.gz,2
who.gho.cm-02,CM_02:ATG:SEX_MLE:AGEGROUP_MONTHS0-11,1970-01-01,2026-09-07T15:58:04Z,value,24.0,,who.gho.cm-02,raw/who.gho.cm-02/2026/09/20260907T155804Z-3e19927fa86a.json.gz,2
who.gho.cm-02,CM_02:AUS:SEX_BTSX:AGEGROUP_MONTHS0-11,1970-01-01,2026-09-07T15:51:30Z,high,4601.0,,who.gho.cm-02,raw/who.gho.cm-02/2026/09/20260907T155130Z-b74d44aee08e.json.gz,2
who.gho.cm-02,CM_02:AUS:SEX_BTSX:AGEGROUP_MONTHS0-11,1970-01-01,2026-09-07T15:51:30Z,low,4428.0,,who.gho.cm-02,raw/who.gho.cm-02/2026/09/20260907T155130Z-b74d44aee08e.json.gz,2
who.gho.cm-02,CM_02:AUS:SEX_BTSX:AGEGROUP_MONTHS0-11,1970-01-01,2026-09-07T15:51:30Z,restated_at,2026-08-04,,who.gho.cm-02,raw/who.gho.cm-02/2026/09/20260907T155130Z-b74d44aee08e.json.gz,2
who.gho.cm-02,CM_02:AUS:SEX_BTSX:AGEGROUP_MONTHS0-11,1970-01-01,2026-09-07T15:51:30Z,value,4512.0,,who.gho.cm-02,raw/who.gho.cm-02/2026/09/20260907T155130Z-b74d44aee08e.json.gz,2
who.gho.cm-02,CM_02:AUS:SEX_FMLE:AGEGROUP_MONTHS0-11,1970-01-01,2026-09-07T15:51:21Z,high,1951.0,,who.gho.cm-02,raw/who.gho.cm-02/2026/09/20260907T155121Z-1b14643329ca.json.gz,2
who.gho.cm-02,CM_02:AUS:SEX_FMLE:AGEGROUP_MONTHS0-11,1970-01-01,2026-09-07T15:51:21Z,low,1861.0,,who.gho.cm-02,raw/who.gho.cm-02/2026/09/20260907T155121Z-1b14643329ca.json.gz,2
who.gho.cm-02,CM_02:AUS:SEX_FMLE:AGEGROUP_MONTHS0-11,1970-01-01,2026-09-07T15:51:21Z,restated_at,2026-08-04,,who.gho.cm-02,raw/who.gho.cm-02/2026/09/20260907T155121Z-1b14643329ca.json.gz,2
who.gho.cm-02,CM_02:AUS:SEX_FMLE:AGEGROUP_MONTHS0-11,1970-01-01,2026-09-07T15:51:21Z,value,1905.0,,who.gho.cm-02,raw/who.gho.cm-02/2026/09/20260907T155121Z-1b14643329ca.json.gz,2
who.gho.cm-02,CM_02:AUS:SEX_MLE:AGEGROUP_MONTHS0-11,1970-01-01,2026-09-07T15:52:18Z,high,2664.0,,who.gho.cm-02,raw/who.gho.cm-02/2026/09/20260907T155218Z-7dbb6db1a58a.json.gz,2
who.gho.cm-02,CM_02:AUS:SEX_MLE:AGEGROUP_MONTHS0-11,1970-01-01,2026-09-07T15:52:18Z,low,2552.0,,who.gho.cm-02,raw/who.gho.cm-02/2026/09/20260907T155218Z-7dbb6db1a58a.json.gz,2
who.gho.cm-02,CM_02:AUS:SEX_MLE:AGEGROUP_MONTHS0-11,1970-01-01,2026-09-07T15:52:18Z,restated_at,2026-08-04,,who.gho.cm-02,raw/who.gho.cm-02/2026/09/20260907T155218Z-7dbb6db1a58a.json.gz,2
who.gho.cm-02,CM_02:AUS:SEX_MLE:AGEGROUP_MONTHS0-11,1970-01-01,2026-09-07T15:52:18Z,value,2607.0,,who.gho.cm-02,raw/who.gho.cm-02/2026/09/20260907T155218Z-7dbb6db1a58a.json.gz,2
who.gho.cm-02,CM_02:AUT:SEX_BTSX:AGEGROUP_MONTHS0-11,1970-01-01,2026-09-07T15:51:25Z,high,2980.0,,who.gho.cm-02,raw/who.gho.cm-02/2026/09/20260907T155125Z-b41e2575e826.json.gz,2
who.gho.cm-02,CM_02:AUT:SEX_BTSX:AGEGROUP_MONTHS0-11,1970-01-01,2026-09-07T15:51:25Z,low,2858.0,,who.gho.cm-02,raw/who.gho.cm-02/2026/09/20260907T155125Z-b41e2575e826.json.gz,2
who.gho.cm-02,CM_02:AUT:SEX_BTSX:AGEGROUP_MONTHS0-11,1970-01-01,2026-09-07T15:51:25Z,restated_at,2026-08-04,,who.gho.cm-02,raw/who.gho.cm-02/2026/09/20260907T155125Z-b41e2575e826.json.gz,2
who.gho.cm-02,CM_02:AUT:SEX_BTSX:AGEGROUP_MONTHS0-11,1970-01-01,2026-09-07T15:51:25Z,value,2920.0,,who.gho.cm-02,raw/who.gho.cm-02/2026/09/20260907T155125Z-b41e2575e826.json.gz,2
who.gho.cm-02,CM_02:AUT:SEX_FMLE:AGEGROUP_MONTHS0-11,1970-01-01,2026-09-07T15:57:12Z,high,1251.0,,who.gho.cm-02,raw/who.gho.cm-02/2026/09/20260907T155712Z-98aa519eeacd.json.gz,2
who.gho.cm-02,CM_02:AUT:SEX_FMLE:AGEGROUP_MONTHS0-11,1970-01-01,2026-09-07T15:57:12Z,low,1187.0,,who.gho.cm-02,raw/who.gho.cm-02/2026/09/20260907T155712Z-98aa519eeacd.json.gz,2
who.gho.cm-02,CM_02:AUT:SEX_FMLE:AGEGROUP_MONTHS0-11,1970-01-01,2026-09-07T15:57:12Z,restated_at,2026-08-04,,who.gho.cm-02,raw/who.gho.cm-02/2026/09/20260907T155712Z-98aa519eeacd.json.gz,2
who.gho.cm-02,CM_02:AUT:SEX_FMLE:AGEGROUP_MONTHS0-11,1970-01-01,2026-09-07T15:57:12Z,value,1219.0,,who.gho.cm-02,raw/who.gho.cm-02/2026/09/20260907T155712Z-98aa519eeacd.json.gz,2
who.gho.cm-02,CM_02:AUT:SEX_MLE:AGEGROUP_MONTHS0-11,1970-01-01,2026-09-07T15:51:50Z,high,1742.0,,who.gho.cm-02,raw/who.gho.cm-02/2026/09/20260907T155150Z-b2442ef3f6e6.json.gz,2
who.gho.cm-02,CM_02:AUT:SEX_MLE:AGEGROUP_MONTHS0-11,1970-01-01,2026-09-07T15:51:50Z,low,1661.0,,who.gho.cm-02,raw/who.gho.cm-02/2026/09/20260907T155150Z-b2442ef3f6e6.json.gz,2
who.gho.cm-02,CM_02:AUT:SEX_MLE:AGEGROUP_MONTHS0-11,1970-01-01,2026-09-07T15:51:50Z,restated_at,2026-08-04,,who.gho.cm-02,raw/who.gho.cm-02/2026/09/20260907T155150Z-b2442ef3f6e6.json.gz,2
who.gho.cm-02,CM_02:AUT:SEX_MLE:AGEGROUP_MONTHS0-11,1970-01-01,2026-09-07T15:51:50Z,value,1701.0,,who.gho.cm-02,raw/who.gho.cm-02/2026/09/20260907T155150Z-b2442ef3f6e6.json.gz,2
who.gho.cm-02,CM_02:BDI:SEX_BTSX:AGEGROUP_MONTHS0-11,1970-01-01,2026-09-07T15:56:48Z,high,22150.0,,who.gho.cm-02,raw/who.gho.cm-02/2026/09/20260907T155648Z-e962102586d9.json.gz,2
who.gho.cm-02,CM_02:BDI:SEX_BTSX:AGEGROUP_MONTHS0-11,1970-01-01,2026-09-07T15:56:48Z,low,17376.0,,who.gho.cm-02,raw/who.gho.cm-02/2026/09/20260907T155648Z-e962102586d9.json.gz,2
who.gho.cm-02,CM_02:BDI:SEX_BTSX:AGEGROUP_MONTHS0-11,1970-01-01,2026-09-07T15:56:48Z,restated_at,2026-08-04,,who.gho.cm-02,raw/who.gho.cm-02/2026/09/20260907T155648Z-e962102586d9.json.gz,2
who.gho.cm-02,CM_02:BDI:SEX_BTSX:AGEGROUP_MONTHS0-11,1970-01-01,2026-09-07T15:56:48Z,value,19657.0,,who.gho.cm-02,raw/who.gho.cm-02/2026/09/20260907T155648Z-e962102586d9.json.gz,2
who.gho.cm-02,CM_02:BDI:SEX_FMLE:AGEGROUP_MONTHS0-11,1970-01-01,2026-09-07T15:51:01Z,high,10129.0,,who.gho.cm-02,raw/who.gho.cm-02/2026/09/20260907T155101Z-65d1a3fa0413.json.gz,2
who.gho.cm-02,CM_02:BDI:SEX_FMLE:AGEGROUP_MONTHS0-11,1970-01-01,2026-09-07T15:51:01Z,low,7807.0,,who.gho.cm-02,raw/who.gho.cm-02/2026/09/20260907T155101Z-65d1a3fa0413.json.gz,2
who.gho.cm-02,CM_02:BDI:SEX_FMLE:AGEGROUP_MONTHS0-11,1970-01-01,2026-09-07T15:51:01Z,restated_at,2026-08-04,,who.gho.cm-02,raw/who.gho.cm-02/2026/09/20260907T155101Z-65d1a3fa0413.json.gz,2
who.gho.cm-02,CM_02:BDI:SEX_FMLE:AGEGROUP_MONTHS0-11,1970-01-01,2026-09-07T15:51:01Z,value,8932.0,,who.gho.cm-02,raw/who.gho.cm-02/2026/09/20260907T155101Z-65d1a3fa0413.json.gz,2
who.gho.cm-02,CM_02:BDI:SEX_MLE:AGEGROUP_MONTHS0-11,1970-01-01,2026-09-07T15:57:26Z,high,12111.0,,who.gho.cm-02,raw/who.gho.cm-02/2026/09/20260907T155726Z-31d0241a6d30.json.gz,2
who.gho.cm-02,CM_02:BDI:SEX_MLE:AGEGROUP_MONTHS0-11,1970-01-01,2026-09-07T15:57:26Z,low,9420.0,,who.gho.cm-02,raw/who.gho.cm-02/2026/09/20260907T155726Z-31d0241a6d30.json.gz,2
who.gho.cm-02,CM_02:BDI:SEX_MLE:AGEGROUP_MONTHS0-11,1970-01-01,2026-09-07T15:57:26Z,restated_at,2026-08-04,,who.gho.cm-02,raw/who.gho.cm-02/2026/09/20260907T155726Z-31d0241a6d30.json.gz,2
who.gho.cm-02,CM_02:BDI:SEX_MLE:AGEGROUP_MONTHS0-11,1970-01-01,2026-09-07T15:57:26Z,value,10725.0,,who.gho.cm-02,raw/who.gho.cm-02/2026/09/20260907T155726Z-31d0241a6d30.json.gz,2
who.gho.cm-02,CM_02:BEL:SEX_BTSX:AGEGROUP_MONTHS0-11,1970-01-01,2026-09-07T15:56:55Z,high,2935.0,,who.gho.cm-02,raw/who.gho.cm-02/2026/09/20260907T155655Z-a5ea76265971.json.gz,2
who.gho.cm-02,CM_02:BEL:SEX_BTSX:AGEGROUP_MONTHS0-11,1970-01-01,2026-09-07T15:56:55Z,low,2824.0,,who.gho.cm-02,raw/who.gho.cm-02/2026/09/20260907T155655Z-a5ea76265971.json.gz,2
who.gho.cm-02,CM_02:BEL:SEX_BTSX:AGEGROUP_MONTHS0-11,1970-01-01,2026-09-07T15:56:55Z,restated_at,2026-08-04,,who.gho.cm-02,raw/who.gho.cm-02/2026/09/20260907T155655Z-a5ea76265971.json.gz,2
who.gho.cm-02,CM_02:BEL:SEX_BTSX:AGEGROUP_MONTHS0-11,1970-01-01,2026-09-07T15:56:55Z,value,2877.0,,who.gho.cm-02,raw/who.gho.cm-02/2026/09/20260907T155655Z-a5ea76265971.json.gz,2
who.gho.cm-02,CM_02:BEL:SEX_FMLE:AGEGROUP_MONTHS0-11,1970-01-01,2026-09-07T15:52:10Z,high,1228.0,,who.gho.cm-02,raw/who.gho.cm-02/2026/09/20260907T155210Z-c2e07328660e.json.gz,2
who.gho.cm-02,CM_02:BEL:SEX_FMLE:AGEGROUP_MONTHS0-11,1970-01-01,2026-09-07T15:52:10Z,low,1168.0,,who.gho.cm-02,raw/who.gho.cm-02/2026/09/20260907T155210Z-c2e07328660e.json.gz,2
who.gho.cm-02,CM_02:BEL:SEX_FMLE:AGEGROUP_MONTHS0-11,1970-01-01,2026-09-07T15:52:10Z,restated_at,2026-08-04,,who.gho.cm-02,raw/who.gho.cm-02/2026/09/20260907T155210Z-c2e07328660e.json.gz,2
who.gho.cm-02,CM_02:BEL:SEX_FMLE:AGEGROUP_MONTHS0-11,1970-01-01,2026-09-07T15:52:10Z,value,1197.0,,who.gho.cm-02,raw/who.gho.cm-02/2026/09/20260907T155210Z-c2e07328660e.json.gz,2
who.gho.cm-02,CM_02:BEL:SEX_MLE:AGEGROUP_MONTHS0-11,1970-01-01,2026-09-07T15:56:48Z,high,1720.0,,who.gho.cm-02,raw/who.gho.cm-02/2026/09/20260907T155648Z-e962102586d9.json.gz,2
who.gho.cm-02,CM_02:BEL:SEX_MLE:AGEGROUP_MONTHS0-11,1970-01-01,2026-09-07T15:56:48Z,low,1645.0,,who.gho.cm-02,raw/who.gho.cm-02/2026/09/20260907T155648Z-e962102586d9.json.gz,2
who.gho.cm-02,CM_02:BEL:SEX_MLE:AGEGROUP_MONTHS0-11,1970-01-01,2026-09-07T15:56:48Z,restated_at,2026-08-04,,who.gho.cm-02,raw/who.gho.cm-02/2026/09/20260907T155648Z-e962102586d9.json.gz,2
who.gho.cm-02,CM_02:BEL:SEX_MLE:AGEGROUP_MONTHS0-11,1970-01-01,2026-09-07T15:56:48Z,value,1680.0,,who.gho.cm-02,raw/who.gho.cm-02/2026/09/20260907T155648Z-e962102586d9.json.gz,2
who.gho.cm-02,CM_02:BEN:SEX_BTSX:AGEGROUP_MONTHS0-11,1970-01-01,2026-09-07T15:51:05Z,high,21113.0,,who.gho.cm-02,raw/who.gho.cm-02/2026/09/20260907T155105Z-bd351d716a31.json.gz,2
who.gho.cm-02,CM_02:BEN:SEX_BTSX:AGEGROUP_MONTHS0-11,1970-01-01,2026-09-07T15:51:05Z,low,17918.0,,who.gho.cm-02,raw/who.gho.cm-02/2026/09/20260907T155105Z-bd351d716a31.json.gz,2
who.gho.cm-02,CM_02:BEN:SEX_BTSX:AGEGROUP_MONTHS0-11,1970-01-01,2026-09-07T15:51:05Z,restated_at,2026-08-04,,who.gho.cm-02,raw/who.gho.cm-02/2026/09/20260907T155105Z-bd351d716a31.json.gz,2
who.gho.cm-02,CM_02:BEN:SEX_BTSX:AGEGROUP_MONTHS0-11,1970-01-01,2026-09-07T15:51:05Z,value,19430.0,,who.gho.cm-02,raw/who.gho.cm-02/2026/09/20260907T155105Z-bd351d716a31.json.gz,2
who.gho.cm-02,CM_02:BEN:SEX_FMLE:AGEGROUP_MONTHS0-11,1970-01-01,2026-09-07T15:51:16Z,high,9653.0,,who.gho.cm-02,raw/who.gho.cm-02/2026/09/20260907T155116Z-bb01bf96bc15.json.gz,2
who.gho.cm-02,CM_02:BEN:SEX_FMLE:AGEGROUP_MONTHS0-11,1970-01-01,2026-09-07T15:51:16Z,low,8059.0,,who.gho.cm-02,raw/who.gho.cm-02/2026/09/20260907T155116Z-bb01bf96bc15.json.gz,2
who.gho.cm-02,CM_02:BEN:SEX_FMLE:AGEGROUP_MONTHS0-11,1970-01-01,2026-09-07T15:51:16Z,restated_at,2026-08-04,,who.gho.cm-02,raw/who.gho.cm-02/2026/09/20260907T155116Z-bb01bf96bc15.json.gz,2
who.gho.cm-02,CM_02:BEN:SEX_FMLE:AGEGROUP_MONTHS0-11,1970-01-01,2026-09-07T15:51:16Z,value,8818.0,,who.gho.cm-02,raw/who.gho.cm-02/2026/09/20260907T155116Z-bb01bf96bc15.json.gz,2
who.gho.cm-02,CM_02:BEN:SEX_MLE:AGEGROUP_MONTHS0-11,1970-01-01,2026-09-07T15:57:12Z,high,11561.0,,who.gho.cm-02,raw/who.gho.cm-02/2026/09/20260907T155712Z-98aa519eeacd.json.gz,2
who.gho.cm-02,CM_02:BEN:SEX_MLE:AGEGROUP_MONTHS0-11,1970-01-01,2026-09-07T15:57:12Z,low,9718.0,,who.gho.cm-02,raw/who.gho.cm-02/2026/09/20260907T155712Z-98aa519eeacd.json.gz,2
who.gho.cm-02,CM_02:BEN:SEX_MLE:AGEGROUP_MONTHS0-11,1970-01-01,2026-09-07T15:57:12Z,restated_at,2026-08-04,,who.gho.cm-02,raw/who.gho.cm-02/2026/09/20260907T155712Z-98aa519eeacd.json.gz,2
who.gho.cm-02,CM_02:BEN:SEX_MLE:AGEGROUP_MONTHS0-11,1970-01-01,2026-09-07T15:57:12Z,value,10612.0,,who.gho.cm-02,raw/who.gho.cm-02/2026/09/20260907T155712Z-98aa519eeacd.json.gz,2
who.gho.cm-02,CM_02:BFA:SEX_BTSX:AGEGROUP_MONTHS0-11,1970-01-01,2026-09-07T15:51:30Z,high,45831.0,,who.gho.cm-02,raw/who.gho.cm-02/2026/09/20260907T155130Z-b74d44aee08e.json.gz,2
who.gho.cm-02,CM_02:BFA:SEX_BTSX:AGEGROUP_MONTHS0-11,1970-01-01,2026-09-07T15:51:30Z,low,37389.0,,who.gho.cm-02,raw/who.gho.cm-02/2026/09/20260907T155130Z-b74d44aee08e.json.gz,2
who.gho.cm-02,CM_02:BFA:SEX_BTSX:AGEGROUP_MONTHS0-11,1970-01-01,2026-09-07T15:51:30Z,restated_at,2026-08-04,,who.gho.cm-02,raw/who.gho.cm-02/2026/09/20260907T155130Z-b74d44aee08e.json.gz,2
who.gho.cm-02,CM_02:BFA:SEX_BTSX:AGEGROUP_MONTHS0-11,1970-01-01,2026-09-07T15:51:30Z,value,41372.0,,who.gho.cm-02,raw/who.gho.cm-02/2026/09/20260907T155130Z-b74d44aee08e.json.gz,2
who.gho.cm-02,CM_02:BFA:SEX_FMLE:AGEGROUP_MONTHS0-11,1970-01-01,2026-09-07T15:58:04Z,high,20965.0,,who.gho.cm-02,raw/who.gho.cm-02/2026/09/20260907T155804Z-3e19927fa86a.json.gz,2
who.gho.cm-02,CM_02:BFA:SEX_FMLE:AGEGROUP_MONTHS0-11,1970-01-01,2026-09-07T15:58:04Z,low,16834.0,,who.gho.cm-02,raw/who.gho.cm-02/2026/09/20260907T155804Z-3e19927fa86a.json.gz,2
who.gho.cm-02,CM_02:BFA:SEX_FMLE:AGEGROUP_MONTHS0-11,1970-01-01,2026-09-07T15:58:04Z,restated_at,2026-08-04,,who.gho.cm-02,raw/who.gho.cm-02/2026/09/20260907T155804Z-3e19927fa86a.json.gz,2
who.gho.cm-02,CM_02:BFA:SEX_FMLE:AGEGROUP_MONTHS0-11,1970-01-01,2026-09-07T15:58:04Z,value,18819.0,,who.gho.cm-02,raw/who.gho.cm-02/2026/09/20260907T155804Z-3e19927fa86a.json.gz,2
who.gho.cm-02,CM_02:BFA:SEX_MLE:AGEGROUP_MONTHS0-11,1970-01-01,2026-09-07T15:51:40Z,high,25095.0,,who.gho.cm-02,raw/who.gho.cm-02/2026/09/20260907T155140Z-2ccf90b4d287.json.gz,2
who.gho.cm-02,CM_02:BFA:SEX_MLE:AGEGROUP_MONTHS0-11,1970-01-01,2026-09-07T15:51:40Z,low,20277.0,,who.gho.cm-02,raw/who.gho.cm-02/2026/09/20260907T155140Z-2ccf90b4d287.json.gz,2
who.gho.cm-02,CM_02:BFA:SEX_MLE:AGEGROUP_MONTHS0-11,1970-01-01,2026-09-07T15:51:40Z,restated_at,2026-08-04,,who.gho.cm-02,raw/who.gho.cm-02/2026/09/20260907T155140Z-2ccf90b4d287.json.gz,2
who.gho.cm-02,CM_02:BFA:SEX_MLE:AGEGROUP_MONTHS0-11,1970-01-01,2026-09-07T15:51:40Z,value,22553.0,,who.gho.cm-02,raw/who.gho.cm-02/2026/09/20260907T155140Z-2ccf90b4d287.json.gz,2
who.gho.cm-02,CM_02:BGD:SEX_BTSX:AGEGROUP_MONTHS0-11,1970-01-01,2026-09-07T15:51:30Z,high,550834.0,,who.gho.cm-02,raw/who.gho.cm-02/2026/09/20260907T155130Z-b74d44aee08e.json.gz,2
who.gho.cm-02,CM_02:BGD:SEX_BTSX:AGEGROUP_MONTHS0-11,1970-01-01,2026-09-07T15:51:30Z,low,486687.0,,who.gho.cm-02,raw/who.gho.cm-02/2026/09/20260907T155130Z-b74d44aee08e.json.gz,2
who.gho.cm-02,CM_02:BGD:SEX_BTSX:AGEGROUP_MONTHS0-11,1970-01-01,2026-09-07T15:51:30Z,restated_at,2026-08-04,,who.gho.cm-02,raw/who.gho.cm-02/2026/09/20260907T155130Z-b74d44aee08e.json.gz,2
who.gho.cm-02,CM_02:BGD:SEX_BTSX:AGEGROUP_MONTHS0-11,1970-01-01,2026-09-07T15:51:30Z,value,518006.0,,who.gho.cm-02,raw/who.gho.cm-02/2026/09/20260907T155130Z-b74d44aee08e.json.gz,2
who.gho.cm-02,CM_02:BGD:SEX_FMLE:AGEGROUP_MONTHS0-11,1970-01-01,2026-09-07T15:51:40Z,high,251902.0,,who.gho.cm-02,raw/who.gho.cm-02/2026/09/20260907T155140Z-2ccf90b4d287.json.gz,2
who.gho.cm-02,CM_02:BGD:SEX_FMLE:AGEGROUP_MONTHS0-11,1970-01-01,2026-09-07T15:51:40Z,low,219864.0,,who.gho.cm-02,raw/who.gho.cm-02/2026/09/20260907T155140Z-2ccf90b4d287.json.gz,2
who.gho.cm-02,CM_02:BGD:SEX_FMLE:AGEGROUP_MONTHS0-11,1970-01-01,2026-09-07T15:51:40Z,restated_at,2026-08-04,,who.gho.cm-02,raw/who.gho.cm-02/2026/09/20260907T155140Z-2ccf90b4d287.json.gz,2
who.gho.cm-02,CM_02:BGD:SEX_FMLE:AGEGROUP_MONTHS0-11,1970-01-01,2026-09-07T15:51:40Z,value,235436.0,,who.gho.cm-02,raw/who.gho.cm-02/2026/09/20260907T155140Z-2ccf90b4d287.json.gz,2
who.gho.cm-02,CM_02:BGD:SEX_MLE:AGEGROUP_MONTHS0-11,1970-01-01,2026-09-07T15:57:59Z,high,301789.0,,who.gho.cm-02,raw/who.gho.cm-02/2026/09/20260907T155759Z-531ca935f713.json.gz,2
who.gho.cm-02,CM_02:BGD:SEX_MLE:AGEGROUP_MONTHS0-11,1970-01-01,2026-09-07T15:57:59Z,low,264177.0,,who.gho.cm-02,raw/who.gho.cm-02/2026/09/20260907T155759Z-531ca935f713.json.gz,2
who.gho.cm-02,CM_02:BGD:SEX_MLE:AGEGROUP_MONTHS0-11,1970-01-01,2026-09-07T15:57:59Z,restated_at,2026-08-04,,who.gho.cm-02,raw/who.gho.cm-02/2026/09/20260907T155759Z-531ca935f713.json.gz,2
who.gho.cm-02,CM_02:BGD:SEX_MLE:AGEGROUP_MONTHS0-11,1970-01-01,2026-09-07T15:57:59Z,value,282570.0,,who.gho.cm-02,raw/who.gho.cm-02/2026/09/20260907T155759Z-531ca935f713.json.gz,2
who.gho.cm-02,CM_02:BGR:SEX_BTSX:AGEGROUP_MONTHS0-11,1970-01-01,2026-09-07T15:58:20Z,high,3954.0,,who.gho.cm-02,raw/who.gho.cm-02/2026/09/20260907T155820Z-bace8014f904.json.gz,2
who.gho.cm-02,CM_02:BGR:SEX_BTSX:AGEGROUP_MONTHS0-11,1970-01-01,2026-09-07T15:58:20Z,low,3778.0,,who.gho.cm-02,raw/who.gho.cm-02/2026/09/20260907T155820Z-bace8014f904.json.gz,2
who.gho.cm-02,CM_02:BGR:SEX_BTSX:AGEGROUP_MONTHS0-11,1970-01-01,2026-09-07T15:58:20Z,restated_at,2026-08-04,,who.gho.cm-02,raw/who.gho.cm-02/2026/09/20260907T155820Z-bace8014f904.json.gz,2
who.gho.cm-02,CM_02:BGR:SEX_BTSX:AGEGROUP_MONTHS0-11,1970-01-01,2026-09-07T15:58:20Z,value,3867.0,,who.gho.cm-02,raw/who.gho.cm-02/2026/09/20260907T155820Z-bace8014f904.json.gz,2
who.gho.cm-02,CM_02:BGR:SEX_FMLE:AGEGROUP_MONTHS0-11,1970-01-01,2026-09-07T15:51:05Z,high,1680.0,,who.gho.cm-02,raw/who.gho.cm-02/2026/09/20260907T155105Z-bd351d716a31.json.gz,2
who.gho.cm-02,CM_02:BGR:SEX_FMLE:AGEGROUP_MONTHS0-11,1970-01-01,2026-09-07T15:51:05Z,low,1591.0,,who.gho.cm-02,raw/who.gho.cm-02/2026/09/20260907T155105Z-bd351d716a31.json.gz,2
who.gho.cm-02,CM_02:BGR:SEX_FMLE:AGEGROUP_MONTHS0-11,1970-01-01,2026-09-07T15:51:05Z,restated_at,2026-08-04,,who.gho.cm-02,raw/who.gho.cm-02/2026/09/20260907T155105Z-bd351d716a31.json.gz,2
who.gho.cm-02,CM_02:BGR:SEX_FMLE:AGEGROUP_MONTHS0-11,1970-01-01,2026-09-07T15:51:05Z,value,1634.0,,who.gho.cm-02,raw/who.gho.cm-02/2026/09/20260907T155105Z-bd351d716a31.json.gz,2
who.gho.cm-02,CM_02:BGR:SEX_MLE:AGEGROUP_MONTHS0-11,1970-01-01,2026-09-07T15:58:07Z,high,2290.0,,who.gho.cm-02,raw/who.gho.cm-02/2026/09/20260907T155807Z-33d1eb328c3d.json.gz,2
who.gho.cm-02,CM_02:BGR:SEX_MLE:AGEGROUP_MONTHS0-11,1970-01-01,2026-09-07T15:58:07Z,low,2178.0,,who.gho.cm-02,raw/who.gho.cm-02/2026/09/20260907T155807Z-33d1eb328c3d.json.gz,2
who.gho.cm-02,CM_02:BGR:SEX_MLE:AGEGROUP_MONTHS0-11,1970-01-01,2026-09-07T15:58:07Z,restated_at,2026-08-04,,who.gho.cm-02,raw/who.gho.cm-02/2026/09/20260907T155807Z-33d1eb328c3d.json.gz,2
who.gho.cm-02,CM_02:BGR:SEX_MLE:AGEGROUP_MONTHS0-11,1970-01-01,2026-09-07T15:58:07Z,value,2233.0,,who.gho.cm-02,raw/who.gho.cm-02/2026/09/20260907T155807Z-33d1eb328c3d.json.gz,2
who.gho.cm-02,CM_02:BHR:SEX_BTSX:AGEGROUP_MONTHS0-11,1970-01-01,2026-09-07T15:58:20Z,high,656.0,,who.gho.cm-02,raw/who.gho.cm-02/2026/09/20260907T155820Z-bace8014f904.json.gz,2
who.gho.cm-02,CM_02:BHR:SEX_BTSX:AGEGROUP_MONTHS0-11,1970-01-01,2026-09-07T15:58:20Z,low,507.0,,who.gho.cm-02,raw/who.gho.cm-02/2026/09/20260907T155820Z-bace8014f904.json.gz,2
who.gho.cm-02,CM_02:BHR:SEX_BTSX:AGEGROUP_MONTHS0-11,1970-01-01,2026-09-07T15:58:20Z,restated_at,2026-08-04,,who.gho.cm-02,raw/who.gho.cm-02/2026/09/20260907T155820Z-bace8014f904.json.gz,2
who.gho.cm-02,CM_02:BHR:SEX_BTSX:AGEGROUP_MONTHS0-11,1970-01-01,2026-09-07T15:58:20Z,value,577.0,,who.gho.cm-02,raw/who.gho.cm-02/2026/09/20260907T155820Z-bace8014f904.json.gz,2
who.gho.cm-02,CM_02:BHR:SEX_FMLE:AGEGROUP_MONTHS0-11,1970-01-01,2026-09-07T15:57:12Z,high,316.0,,who.gho.cm-02,raw/who.gho.cm-02/2026/09/20260907T155712Z-98aa519eeacd.json.gz,2
who.gho.cm-02,CM_02:BHR:SEX_FMLE:AGEGROUP_MONTHS0-11,1970-01-01,2026-09-07T15:57:12Z,low,239.0,,who.gho.cm-02,raw/who.gho.cm-02/2026/09/20260907T155712Z-98aa519eeacd.json.gz,2
who.gho.cm-02,CM_02:BHR:SEX_FMLE:AGEGROUP_MONTHS0-11,1970-01-01,2026-09-07T15:57:12Z,restated_at,2026-08-04,,who.gho.cm-02,raw/who.gho.cm-02/2026/09/20260907T155712Z-98aa519eeacd.json.gz,2
who.gho.cm-02,CM_02:BHR:SEX_FMLE:AGEGROUP_MONTHS0-11,1970-01-01,2026-09-07T15:57:12Z,value,275.0,,who.gho.cm-02,raw/who.gho.cm-02/2026/09/20260907T155712Z-98aa519eeacd.json.gz,2
who.gho.cm-02,CM_02:BHR:SEX_MLE:AGEGROUP_MONTHS0-11,1970-01-01,2026-09-07T15:52:10Z,high,344.0,,who.gho.cm-02,raw/who.gho.cm-02/2026/09/20260907T155210Z-c2e07328660e.json.gz,2
who.gho.cm-02,CM_02:BHR:SEX_MLE:AGEGROUP_MONTHS0-11,1970-01-01,2026-09-07T15:52:10Z,low,263.0,,who.gho.cm-02,raw/who.gho.cm-02/2026/09/20260907T155210Z-c2e07328660e.json.gz,2
who.gho.cm-02,CM_02:BHR:SEX_MLE:AGEGROUP_MONTHS0-11,1970-01-01,2026-09-07T15:52:10Z,restated_at,2026-08-04,,who.gho.cm-02,raw/who.gho.cm-02/2026/09/20260907T155210Z-c2e07328660e.json.gz,2
who.gho.cm-02,CM_02:BHR:SEX_MLE:AGEGROUP_MONTHS0-11,1970-01-01,2026-09-07T15:52:10Z,value,302.0,,who.gho.cm-02,raw/who.gho.cm-02/2026/09/20260907T155210Z-c2e07328660e.json.gz,2
who.gho.cm-02,CM_02:BHS:SEX_BTSX:AGEGROUP_MONTHS0-11,1970-01-01,2026-09-07T15:51:50Z,high,166.0,,who.gho.cm-02,raw/who.gho.cm-02/2026/09/20260907T155150Z-b2442ef3f6e6.json.gz,2
who.gho.cm-02,CM_02:BHS:SEX_BTSX:AGEGROUP_MONTHS0-11,1970-01-01,2026-09-07T15:51:50Z,low,140.0,,who.gho.cm-02,raw/who.gho.cm-02/2026/09/20260907T155150Z-b2442ef3f6e6.json.gz,2
who.gho.cm-02,CM_02:BHS:SEX_BTSX:AGEGROUP_MONTHS0-11,1970-01-01,2026-09-07T15:51:50Z,restated_at,2025-04-15,,who.gho.cm-02,raw/who.gho.cm-02/2026/09/20260907T155150Z-b2442ef3f6e6.json.gz,2
who.gho.cm-02,CM_02:BHS:SEX_BTSX:AGEGROUP_MONTHS0-11,1970-01-01,2026-09-07T15:51:50Z,value,153.0,,who.gho.cm-02,raw/who.gho.cm-02/2026/09/20260907T155150Z-b2442ef3f6e6.json.gz,2
who.gho.cm-02,CM_02:BHS:SEX_FMLE:AGEGROUP_MONTHS0-11,1970-01-01,2026-09-07T15:52:18Z,high,78.0,,who.gho.cm-02,raw/who.gho.cm-02/2026/09/20260907T155218Z-7dbb6db1a58a.json.gz,2
who.gho.cm-02,CM_02:BHS:SEX_FMLE:AGEGROUP_MONTHS0-11,1970-01-01,2026-09-07T15:52:18Z,low,64.0,,who.gho.cm-02,raw/who.gho.cm-02/2026/09/20260907T155218Z-7dbb6db1a58a.json.gz,2
who.gho.cm-02,CM_02:BHS:SEX_FMLE:AGEGROUP_MONTHS0-11,1970-01-01,2026-09-07T15:52:18Z,restated_at,2025-04-15,,who.gho.cm-02,raw/who.gho.cm-02/2026/09/20260907T155218Z-7dbb6db1a58a.json.gz,2
who.gho.cm-02,CM_02:BHS:SEX_FMLE:AGEGROUP_MONTHS0-11,1970-01-01,2026-09-07T15:52:18Z,value,71.0,,who.gho.cm-02,raw/who.gho.cm-02/2026/09/20260907T155218Z-7dbb6db1a58a.json.gz,2
who.gho.cm-02,CM_02:BHS:SEX_MLE:AGEGROUP_MONTHS0-11,1970-01-01,2026-09-07T15:52:26Z,high,90.0,,who.gho.cm-02,raw/who.gho.cm-02/2026/09/20260907T155226Z-b536cc4a2b4c.json.gz,2
who.gho.cm-02,CM_02:BHS:SEX_MLE:AGEGROUP_MONTHS0-11,1970-01-01,2026-09-07T15:52:26Z,low,75.0,,who.gho.cm-02,raw/who.gho.cm-02/2026/09/20260907T155226Z-b536cc4a2b4c.json.gz,2
who.gho.cm-02,CM_02:BHS:SEX_MLE:AGEGROUP_MONTHS0-11,1970-01-01,2026-09-07T15:52:26Z,restated_at,2025-04-15,,who.gho.cm-02,raw/who.gho.cm-02/2026/09/20260907T155226Z-b536cc4a2b4c.json.gz,2
who.gho.cm-02,CM_02:BHS:SEX_MLE:AGEGROUP_MONTHS0-11,1970-01-01,2026-09-07T15:52:26Z,value,82.0,,who.gho.cm-02,raw/who.gho.cm-02/2026/09/20260907T155226Z-b536cc4a2b4c.json.gz,2
who.gho.cm-02,CM_02:BLR:SEX_BTSX:AGEGROUP_MONTHS0-11,1970-01-01,2026-09-07T15:57:54Z,high,2819.0,,who.gho.cm-02,raw/who.gho.cm-02/2026/09/20260907T155754Z-3bea881db2b4.json.gz,2
who.gho.cm-02,CM_02:BLR:SEX_BTSX:AGEGROUP_MONTHS0-11,1970-01-01,2026-09-07T15:57:54Z,low,2489.0,,who.gho.cm-02,raw/who.gho.cm-02/2026/09/20260907T155754Z-3bea881db2b4.json.gz,2
who.gho.cm-02,CM_02:BLR:SEX_BTSX:AGEGROUP_MONTHS0-11,1970-01-01,2026-09-07T15:57:54Z,restated_at,2026-08-04,,who.gho.cm-02,raw/who.gho.cm-02/2026/09/20260907T155754Z-3bea881db2b4.json.gz,2
who.gho.cm-02,CM_02:BLR:SEX_BTSX:AGEGROUP_MONTHS0-11,1970-01-01,2026-09-07T15:57:54Z,value,2652.0,,who.gho.cm-02,raw/who.gho.cm-02/2026/09/20260907T155754Z-3bea881db2b4.json.gz,2
who.gho.cm-02,CM_02:BLR:SEX_FMLE:AGEGROUP_MONTHS0-11,1970-01-01,2026-09-07T15:58:16Z,high,1180.0,,who.gho.cm-02,raw/who.gho.cm-02/2026/09/20260907T155816Z-99a1a16a015f.json.gz,2
who.gho.cm-02,CM_02:BLR:SEX_FMLE:AGEGROUP_MONTHS0-11,1970-01-01,2026-09-07T15:58:16Z,low,1010.0,,who.gho.cm-02,raw/who.gho.cm-02/2026/09/20260907T155816Z-99a1a16a015f.json.gz,2
who.gho.cm-02,CM_02:BLR:SEX_FMLE:AGEGROUP_MONTHS0-11,1970-01-01,2026-09-07T15:58:16Z,restated_at,2026-08-04,,who.gho.cm-02,raw/who.gho.cm-02/2026/09/20260907T155816Z-99a1a16a015f.json.gz,2
who.gho.cm-02,CM_02:BLR:SEX_FMLE:AGEGROUP_MONTHS0-11,1970-01-01,2026-09-07T15:58:16Z,value,1092.0,,who.gho.cm-02,raw/who.gho.cm-02/2026/09/20260907T155816Z-99a1a16a015f.json.gz,2
who.gho.cm-02,CM_02:BLR:SEX_MLE:AGEGROUP_MONTHS0-11,1970-01-01,2026-09-07T15:57:54Z,high,1671.0,,who.gho.cm-02,raw/who.gho.cm-02/2026/09/20260907T155754Z-3bea881db2b4.json.gz,2
who.gho.cm-02,CM_02:BLR:SEX_MLE:AGEGROUP_MONTHS0-11,1970-01-01,2026-09-07T15:57:54Z,low,1454.0,,who.gho.cm-02,raw/who.gho.cm-02/2026/09/20260907T155754Z-3bea881db2b4.json.gz,2
who.gho.cm-02,CM_02:BLR:SEX_MLE:AGEGROUP_MONTHS0-11,1970-01-01,2026-09-07T15:57:54Z,restated_at,2026-08-04,,who.gho.cm-02,raw/who.gho.cm-02/2026/09/20260907T155754Z-3bea881db2b4.json.gz,2
who.gho.cm-02,CM_02:BLR:SEX_MLE:AGEGROUP_MONTHS0-11,1970-01-01,2026-09-07T15:57:54Z,value,1560.0,,who.gho.cm-02,raw/who.gho.cm-02/2026/09/20260907T155754Z-3bea881db2b4.json.gz,2
who.gho.cm-02,CM_02:BLZ:SEX_BTSX:AGEGROUP_MONTHS0-11,1970-01-01,2026-09-07T15:56:55Z,high,439.0,,who.gho.cm-02,raw/who.gho.cm-02/2026/09/20260907T155655Z-a5ea76265971.json.gz,2
who.gho.cm-02,CM_02:BLZ:SEX_BTSX:AGEGROUP_MONTHS0-11,1970-01-01,2026-09-07T15:56:55Z,low,251.0,,who.gho.cm-02,raw/who.gho.cm-02/2026/09/20260907T155655Z-a5ea76265971.json.gz,2
who.gho.cm-02,CM_02:BLZ:SEX_BTSX:AGEGROUP_MONTHS0-11,1970-01-01,2026-09-07T15:56:55Z,restated_at,2026-08-04,,who.gho.cm-02,raw/who.gho.cm-02/2026/09/20260907T155655Z-a5ea76265971.json.gz,2
who.gho.cm-02,CM_02:BLZ:SEX_BTSX:AGEGROUP_MONTHS0-11,1970-01-01,2026-09-07T15:56:55Z,value,332.0,,who.gho.cm-02,raw/who.gho.cm-02/2026/09/20260907T155655Z-a5ea76265971.json.gz,2
who.gho.cm-02,CM_02:BLZ:SEX_FMLE:AGEGROUP_MONTHS0-11,1970-01-01,2026-09-07T15:57:40Z,high,196.0,,who.gho.cm-02,raw/who.gho.cm-02/2026/09/20260907T155740Z-31068700a25d.json.gz,2
who.gho.cm-02,CM_02:BLZ:SEX_FMLE:AGEGROUP_MONTHS0-11,1970-01-01,2026-09-07T15:57:40Z,low,111.0,,who.gho.cm-02,raw/who.gho.cm-02/2026/09/20260907T155740Z-31068700a25d.json.gz,2
who.gho.cm-02,CM_02:BLZ:SEX_FMLE:AGEGROUP_MONTHS0-11,1970-01-01,2026-09-07T15:57:40Z,restated_at,2026-08-04,,who.gho.cm-02,raw/who.gho.cm-02/2026/09/20260907T155740Z-31068700a25d.json.gz,2
who.gho.cm-02,CM_02:BLZ:SEX_FMLE:AGEGROUP_MONTHS0-11,1970-01-01,2026-09-07T15:57:40Z,value,148.0,,who.gho.cm-02,raw/who.gho.cm-02/2026/09/20260907T155740Z-31068700a25d.json.gz,2
who.gho.cm-02,CM_02:BLZ:SEX_MLE:AGEGROUP_MONTHS0-11,1970-01-01,2026-09-07T15:57:44Z,high,245.0,,who.gho.cm-02,raw/who.gho.cm-02/2026/09/20260907T155744Z-e141b36e0a87.json.gz,2
who.gho.cm-02,CM_02:BLZ:SEX_MLE:AGEGROUP_MONTHS0-11,1970-01-01,2026-09-07T15:57:44Z,low,139.0,,who.gho.cm-02,raw/who.gho.cm-02/2026/09/20260907T155744Z-e141b36e0a87.json.gz,2
who.gho.cm-02,CM_02:BLZ:SEX_MLE:AGEGROUP_MONTHS0-11,1970-01-01,2026-09-07T15:57:44Z,restated_at,2026-08-04,,who.gho.cm-02,raw/who.gho.cm-02/2026/09/20260907T155744Z-e141b36e0a87.json.gz,2
who.gho.cm-02,CM_02:BLZ:SEX_MLE:AGEGROUP_MONTHS0-11,1970-01-01,2026-09-07T15:57:44Z,value,184.0,,who.gho.cm-02,raw/who.gho.cm-02/2026/09/20260907T155744Z-e141b36e0a87.json.gz,2
who.gho.cm-02,CM_02:BOL:SEX_BTSX:AGEGROUP_MONTHS0-11,1970-01-01,2026-09-07T15:58:16Z,high,31720.0,,who.gho.cm-02,raw/who.gho.cm-02/2026/09/20260907T155816Z-99a1a16a015f.json.gz,2
who.gho.cm-02,CM_02:BOL:SEX_BTSX:AGEGROUP_MONTHS0-11,1970-01-01,2026-09-07T15:58:16Z,low,27335.0,,who.gho.cm-02,raw/who.gho.cm-02/2026/09/20260907T155816Z-99a1a16a015f.json.gz,2
who.gho.cm-02,CM_02:BOL:SEX_BTSX:AGEGROUP_MONTHS0-11,1970-01-01,2026-09-07T15:58:16Z,restated_at,2026-08-04,,who.gho.cm-02,raw/who.gho.cm-02/2026/09/20260907T155816Z-99a1a16a015f.json.gz,2
who.gho.cm-02,CM_02:BOL:SEX_BTSX:AGEGROUP_MONTHS0-11,1970-01-01,2026-09-07T15:58:16Z,value,29426.0,,who.gho.cm-02,raw/who.gho.cm-02/2026/09/20260907T155816Z-99a1a16a015f.json.gz,2
who.gho.cm-02,CM_02:BOL:SEX_FMLE:AGEGROUP_MONTHS0-11,1970-01-01,2026-09-07T15:56:48Z,high,13978.0,,who.gho.cm-02,raw/who.gho.cm-02/2026/09/20260907T155648Z-e962102586d9.json.gz,2
who.gho.cm-02,CM_02:BOL:SEX_FMLE:AGEGROUP_MONTHS0-11,1970-01-01,2026-09-07T15:56:48Z,low,11879.0,,who.gho.cm-02,raw/who.gho.cm-02/2026/09/20260907T155648Z-e962102586d9.json.gz,2
who.gho.cm-02,CM_02:BOL:SEX_FMLE:AGEGROUP_MONTHS0-11,1970-01-01,2026-09-07T15:56:48Z,restated_at,2026-08-04,,who.gho.cm-02,raw/who.gho.cm-02/2026/09/20260907T155648Z-e962102586d9.json.gz,2
who.gho.cm-02,CM_02:BOL:SEX_FMLE:AGEGROUP_MONTHS0-11,1970-01-01,2026-09-07T15:56:48Z,value,12901.0,,who.gho.cm-02,raw/who.gho.cm-02/2026/09/20260907T155648Z-e962102586d9.json.gz,2
who.gho.cm-02,CM_02:BOL:SEX_MLE:AGEGROUP_MONTHS0-11,1970-01-01,2026-09-07T15:57:17Z,high,17892.0,,who.gho.cm-02,raw/who.gho.cm-02/2026/09/20260907T155717Z-89bc69b90b61.json.gz,2
who.gho.cm-02,CM_02:BOL:SEX_MLE:AGEGROUP_MONTHS0-11,1970-01-01,2026-09-07T15:57:17Z,low,15287.0,,who.gho.cm-02,raw/who.gho.cm-02/2026/09/20260907T155717Z-89bc69b90b61.json.gz,2
who.gho.cm-02,CM_02:BOL:SEX_MLE:AGEGROUP_MONTHS0-11,1970-01-01,2026-09-07T15:57:17Z,restated_at,2026-08-04,,who.gho.cm-02,raw/who.gho.cm-02/2026/09/20260907T155717Z-89bc69b90b61.json.gz,2
who.gho.cm-02,CM_02:BOL:SEX_MLE:AGEGROUP_MONTHS0-11,1970-01-01,2026-09-07T15:57:17Z,value,16525.0,,who.gho.cm-02,raw/who.gho.cm-02/2026/09/20260907T155717Z-89bc69b90b61.json.gz,2
who.gho.cm-02,CM_02:BRA:SEX_BTSX:AGEGROUP_MONTHS0-11,1970-01-01,2026-09-07T15:51:25Z,high,358624.0,,who.gho.cm-02,raw/who.gho.cm-02/2026/09/20260907T155125Z-b41e2575e826.json.gz,2
who.gho.cm-02,CM_02:BRA:SEX_BTSX:AGEGROUP_MONTHS0-11,1970-01-01,2026-09-07T15:51:25Z,low,314681.0,,who.gho.cm-02,raw/who.gho.cm-02/2026/09/20260907T155125Z-b41e2575e826.json.gz,2
who.gho.cm-02,CM_02:BRA:SEX_BTSX:AGEGROUP_MONTHS0-11,1970-01-01,2026-09-07T15:51:25Z,restated_at,2026-08-04,,who.gho.cm-02,raw/who.gho.cm-02/2026/09/20260907T155125Z-b41e2575e826.json.gz,2
who.gho.cm-02,CM_02:BRA:SEX_BTSX:AGEGROUP_MONTHS0-11,1970-01-01,2026-09-07T15:51:25Z,value,335613.0,,who.gho.cm-02,raw/who.gho.cm-02/2026/09/20260907T155125Z-b41e2575e826.json.gz,2
who.gho.cm-02,CM_02:BRA:SEX_FMLE:AGEGROUP_MONTHS0-11,1970-01-01,2026-09-07T15:51:54Z,high,156942.0,,who.gho.cm-02,raw/who.gho.cm-02/2026/09/20260907T155154Z-820134cf428b.json.gz,2
who.gho.cm-02,CM_02:BRA:SEX_FMLE:AGEGROUP_MONTHS0-11,1970-01-01,2026-09-07T15:51:54Z,low,134261.0,,who.gho.cm-02,raw/who.gho.cm-02/2026/09/20260907T155154Z-820134cf428b.json.gz,2
who.gho.cm-02,CM_02:BRA:SEX_FMLE:AGEGROUP_MONTHS0-11,1970-01-01,2026-09-07T15:51:54Z,restated_at,2026-08-04,,who.gho.cm-02,raw/who.gho.cm-02/2026/09/20260907T155154Z-820134cf428b.json.gz,2
who.gho.cm-02,CM_02:BRA:SEX_FMLE:AGEGROUP_MONTHS0-11,1970-01-01,2026-09-07T15:51:54Z,value,145218.0,,who.gho.cm-02,raw/who.gho.cm-02/2026/09/20260907T155154Z-820134cf428b.json.gz,2
who.gho.cm-02,CM_02:BRA:SEX_MLE:AGEGROUP_MONTHS0-11,1970-01-01,2026-09-07T15:51:05Z,high,204644.0,,who.gho.cm-02,raw/who.gho.cm-02/2026/09/20260907T155105Z-bd351d716a31.json.gz,2
who.gho.cm-02,CM_02:BRA:SEX_MLE:AGEGROUP_MONTHS0-11,1970-01-01,2026-09-07T15:51:05Z,low,177098.0,,who.gho.cm-02,raw/who.gho.cm-02/2026/09/20260907T155105Z-bd351d716a31.json.gz,2
who.gho.cm-02,CM_02:BRA:SEX_MLE:AGEGROUP_MONTHS0-11,1970-01-01,2026-09-07T15:51:05Z,restated_at,2026-08-04,,who.gho.cm-02,raw/who.gho.cm-02/2026/09/20260907T155105Z-bd351d716a31.json.gz,2
who.gho.cm-02,CM_02:BRA:SEX_MLE:AGEGROUP_MONTHS0-11,1970-01-01,2026-09-07T15:51:05Z,value,190395.0,,who.gho.cm-02,raw/who.gho.cm-02/2026/09/20260907T155105Z-bd351d716a31.json.gz,2
who.gho.cm-02,CM_02:BRB:SEX_BTSX:AGEGROUP_MONTHS0-11,1970-01-01,2026-09-07T15:57:44Z,high,264.0,,who.gho.cm-02,raw/who.gho.cm-02/2026/09/20260907T155744Z-e141b36e0a87.json.gz,2
who.gho.cm-02,CM_02:BRB:SEX_BTSX:AGEGROUP_MONTHS0-11,1970-01-01,2026-09-07T15:57:44Z,low,244.0,,who.gho.cm-02,raw/who.gho.cm-02/2026/09/20260907T155744Z-e141b36e0a87.json.gz,2
who.gho.cm-02,CM_02:BRB:SEX_BTSX:AGEGROUP_MONTHS0-11,1970-01-01,2026-09-07T15:57:44Z,restated_at,2025-04-15,,who.gho.cm-02,raw/who.gho.cm-02/2026/09/20260907T155744Z-e141b36e0a87.json.gz,2
who.gho.cm-02,CM_02:BRB:SEX_BTSX:AGEGROUP_MONTHS0-11,1970-01-01,2026-09-07T15:57:44Z,value,254.0,,who.gho.cm-02,raw/who.gho.cm-02/2026/09/20260907T155744Z-e141b36e0a87.json.gz,2
who.gho.cm-02,CM_02:BRB:SEX_FMLE:AGEGROUP_MONTHS0-11,1970-01-01,2026-09-07T15:57:21Z,high,118.0,,who.gho.cm-02,raw/who.gho.cm-02/2026/09/20260907T155721Z-a2b5c178c29b.json.gz,2
who.gho.cm-02,CM_02:BRB:SEX_FMLE:AGEGROUP_MONTHS0-11,1970-01-01,2026-09-07T15:57:21Z,low,107.0,,who.gho.cm-02,raw/who.gho.cm-02/2026/09/20260907T155721Z-a2b5c178c29b.json.gz,2
who.gho.cm-02,CM_02:BRB:SEX_FMLE:AGEGROUP_MONTHS0-11,1970-01-01,2026-09-07T15:57:21Z,restated_at,2025-04-15,,who.gho.cm-02,raw/who.gho.cm-02/2026/09/20260907T155721Z-a2b5c178c29b.json.gz,2
who.gho.cm-02,CM_02:BRB:SEX_FMLE:AGEGROUP_MONTHS0-11,1970-01-01,2026-09-07T15:57:21Z,value,112.0,,who.gho.cm-02,raw/who.gho.cm-02/2026/09/20260907T155721Z-a2b5c178c29b.json.gz,2
who.gho.cm-02,CM_02:BRB:SEX_MLE:AGEGROUP_MONTHS0-11,1970-01-01,2026-09-07T15:58:12Z,high,148.0,,who.gho.cm-02,raw/who.gho.cm-02/2026/09/20260907T155812Z-02a2023435be.json.gz,2
who.gho.cm-02,CM_02:BRB:SEX_MLE:AGEGROUP_MONTHS0-11,1970-01-01,2026-09-07T15:58:12Z,low,135.0,,who.gho.cm-02,raw/who.gho.cm-02/2026/09/20260907T155812Z-02a2023435be.json.gz,2
who.gho.cm-02,CM_02:BRB:SEX_MLE:AGEGROUP_MONTHS0-11,1970-01-01,2026-09-07T15:58:12Z,restated_at,2025-04-15,,who.gho.cm-02,raw/who.gho.cm-02/2026/09/20260907T155812Z-02a2023435be.json.gz,2
who.gho.cm-02,CM_02:BRB:SEX_MLE:AGEGROUP_MONTHS0-11,1970-01-01,2026-09-07T15:58:12Z,value,142.0,,who.gho.cm-02,raw/who.gho.cm-02/2026/09/20260907T155812Z-02a2023435be.json.gz,2
who.gho.cm-02,CM_02:BRN:SEX_BTSX:AGEGROUP_MONTHS0-11,1970-01-01,2026-09-07T15:57:07Z,high,166.0,,who.gho.cm-02,raw/who.gho.cm-02/2026/09/20260907T155707Z-3cd3e5b56c9f.json.gz,2
who.gho.cm-02,CM_02:BRN:SEX_BTSX:AGEGROUP_MONTHS0-11,1970-01-01,2026-09-07T15:57:07Z,low,147.0,,who.gho.cm-02,raw/who.gho.cm-02/2026/09/20260907T155707Z-3cd3e5b56c9f.json.gz,2
who.gho.cm-02,CM_02:BRN:SEX_BTSX:AGEGROUP_MONTHS0-11,1970-01-01,2026-09-07T15:57:07Z,restated_at,2025-04-15,,who.gho.cm-02,raw/who.gho.cm-02/2026/09/20260907T155707Z-3cd3e5b56c9f.json.gz,2
who.gho.cm-02,CM_02:BRN:SEX_BTSX:AGEGROUP_MONTHS0-11,1970-01-01,2026-09-07T15:57:07Z,value,156.0,,who.gho.cm-02,raw/who.gho.cm-02/2026/09/20260907T155707Z-3cd3e5b56c9f.json.gz,2
who.gho.cm-02,CM_02:BRN:SEX_FMLE:AGEGROUP_MONTHS0-11,1970-01-01,2026-09-07T15:51:25Z,high,74.0,,who.gho.cm-02,raw/who.gho.cm-02/2026/09/20260907T155125Z-b41e2575e826.json.gz,2
who.gho.cm-02,CM_02:BRN:SEX_FMLE:AGEGROUP_MONTHS0-11,1970-01-01,2026-09-07T15:51:25Z,low,65.0,,who.gho.cm-02,raw/who.gho.cm-02/2026/09/20260907T155125Z-b41e2575e826.json.gz,2
who.gho.cm-02,CM_02:BRN:SEX_FMLE:AGEGROUP_MONTHS0-11,1970-01-01,2026-09-07T15:51:25Z,restated_at,2025-04-15,,who.gho.cm-02,raw/who.gho.cm-02/2026/09/20260907T155125Z-b41e2575e826.json.gz,2
who.gho.cm-02,CM_02:BRN:SEX_FMLE:AGEGROUP_MONTHS0-11,1970-01-01,2026-09-07T15:51:25Z,value,69.0,,who.gho.cm-02,raw/who.gho.cm-02/2026/09/20260907T155125Z-b41e2575e826.json.gz,2
who.gho.cm-02,CM_02:BRN:SEX_MLE:AGEGROUP_MONTHS0-11,1970-01-01,2026-09-07T15:51:50Z,high,93.0,,who.gho.cm-02,raw/who.gho.cm-02/2026/09/20260907T155150Z-b2442ef3f6e6.json.gz,2
who.gho.cm-02,CM_02:BRN:SEX_MLE:AGEGROUP_MONTHS0-11,1970-01-01,2026-09-07T15:51:50Z,low,81.0,,who.gho.cm-02,raw/who.gho.cm-02/2026/09/20260907T155150Z-b2442ef3f6e6.json.gz,2
who.gho.cm-02,CM_02:BRN:SEX_MLE:AGEGROUP_MONTHS0-11,1970-01-01,2026-09-07T15:51:50Z,restated_at,2025-04-15,,who.gho.cm-02,raw/who.gho.cm-02/2026/09/20260907T155150Z-b2442ef3f6e6.json.gz,2
who.gho.cm-02,CM_02:BRN:SEX_MLE:AGEGROUP_MONTHS0-11,1970-01-01,2026-09-07T15:51:50Z,value,87.0,,who.gho.cm-02,raw/who.gho.cm-02/2026/09/20260907T155150Z-b2442ef3f6e6.json.gz,2
who.gho.cm-02,CM_02:BTN:SEX_BTSX:AGEGROUP_MONTHS0-11,1970-01-01,2026-09-07T15:51:40Z,high,3325.0,,who.gho.cm-02,raw/who.gho.cm-02/2026/09/20260907T155140Z-2ccf90b4d287.json.gz,2
who.gho.cm-02,CM_02:BTN:SEX_BTSX:AGEGROUP_MONTHS0-11,1970-01-01,2026-09-07T15:51:40Z,low,2025.0,,who.gho.cm-02,raw/who.gho.cm-02/2026/09/20260907T155140Z-2ccf90b4d287.json.gz,2
who.gho.cm-02,CM_02:BTN:SEX_BTSX:AGEGROUP_MONTHS0-11,1970-01-01,2026-09-07T15:51:40Z,restated_at,2026-08-04,,who.gho.cm-02,raw/who.gho.cm-02/2026/09/20260907T155140Z-2ccf90b4d287.json.gz,2
who.gho.cm-02,CM_02:BTN:SEX_BTSX:AGEGROUP_MONTHS0-11,1970-01-01,2026-09-07T15:51:40Z,value,2599.0,,who.gho.cm-02,raw/who.gho.cm-02/2026/09/20260907T155140Z-2ccf90b4d287.json.gz,2
who.gho.cm-02,CM_02:BTN:SEX_FMLE:AGEGROUP_MONTHS0-11,1970-01-01,2026-09-07T15:58:07Z,high,1547.0,,who.gho.cm-02,raw/who.gho.cm-02/2026/09/20260907T155807Z-33d1eb328c3d.json.gz,2
who.gho.cm-02,CM_02:BTN:SEX_FMLE:AGEGROUP_MONTHS0-11,1970-01-01,2026-09-07T15:58:07Z,low,933.0,,who.gho.cm-02,raw/who.gho.cm-02/2026/09/20260907T155807Z-33d1eb328c3d.json.gz,2
who.gho.cm-02,CM_02:BTN:SEX_FMLE:AGEGROUP_MONTHS0-11,1970-01-01,2026-09-07T15:58:07Z,restated_at,2026-08-04,,who.gho.cm-02,raw/who.gho.cm-02/2026/09/20260907T155807Z-33d1eb328c3d.json.gz,2
who.gho.cm-02,CM_02:BTN:SEX_FMLE:AGEGROUP_MONTHS0-11,1970-01-01,2026-09-07T15:58:07Z,value,1200.0,,who.gho.cm-02,raw/who.gho.cm-02/2026/09/20260907T155807Z-33d1eb328c3d.json.gz,2
who.gho.cm-02,CM_02:BTN:SEX_MLE:AGEGROUP_MONTHS0-11,1970-01-01,2026-09-07T15:57:44Z,high,1792.0,,who.gho.cm-02,raw/who.gho.cm-02/2026/09/20260907T155744Z-e141b36e0a87.json.gz,2
who.gho.cm-02,CM_02:BTN:SEX_MLE:AGEGROUP_MONTHS0-11,1970-01-01,2026-09-07T15:57:44Z,low,1085.0,,who.gho.cm-02,raw/who.gho.cm-02/2026/09/20260907T155744Z-e141b36e0a87.json.gz,2
who.gho.cm-02,CM_02:BTN:SEX_MLE:AGEGROUP_MONTHS0-11,1970-01-01,2026-09-07T15:57:44Z,restated_at,2026-08-04,,who.gho.cm-02,raw/who.gho.cm-02/2026/09/20260907T155744Z-e141b36e0a87.json.gz,2
who.gho.cm-02,CM_02:BTN:SEX_MLE:AGEGROUP_MONTHS0-11,1970-01-01,2026-09-07T15:57:44Z,value,1399.0,,who.gho.cm-02,raw/who.gho.cm-02/2026/09/20260907T155744Z-e141b36e0a87.json.gz,2
who.gho.cm-02,CM_02:BWA:SEX_BTSX:AGEGROUP_MONTHS0-11,1970-01-01,2026-09-07T15:56:55Z,high,2844.0,,who.gho.cm-02,raw/who.gho.cm-02/2026/09/20260907T155655Z-a5ea76265971.json.gz,2
who.gho.cm-02,CM_02:BWA:SEX_BTSX:AGEGROUP_MONTHS0-11,1970-01-01,2026-09-07T15:56:55Z,low,2216.0,,who.gho.cm-02,raw/who.gho.cm-02/2026/09/20260907T155655Z-a5ea76265971.json.gz,2
who.gho.cm-02,CM_02:BWA:SEX_BTSX:AGEGROUP_MONTHS0-11,1970-01-01,2026-09-07T15:56:55Z,restated_at,2026-08-04,,who.gho.cm-02,raw/who.gho.cm-02/2026/09/20260907T155655Z-a5ea76265971.json.gz,2
who.gho.cm-02,CM_02:BWA:SEX_BTSX:AGEGROUP_MONTHS0-11,1970-01-01,2026-09-07T15:56:55Z,value,2515.0,,who.gho.cm-02,raw/who.gho.cm-02/2026/09/20260907T155655Z-a5ea76265971.json.gz,2
who.gho.cm-02,CM_02:BWA:SEX_FMLE:AGEGROUP_MONTHS0-11,1970-01-01,2026-09-07T15:54:17Z,high,1278.0,,who.gho.cm-02,raw/who.gho.cm-02/2026/09/20260907T155417Z-e87fb31944b5.json.gz,2
who.gho.cm-02,CM_02:BWA:SEX_FMLE:AGEGROUP_MONTHS0-11,1970-01-01,2026-09-07T15:54:17Z,low,976.0,,who.gho.cm-02,raw/who.gho.cm-02/2026/09/20260907T155417Z-e87fb31944b5.json.gz,2
who.gho.cm-02,CM_02:BWA:SEX_FMLE:AGEGROUP_MONTHS0-11,1970-01-01,2026-09-07T15:54:17Z,restated_at,2026-08-04,,who.gho.cm-02,raw/who.gho.cm-02/2026/09/20260907T155417Z-e87fb31944b5.json.gz,2
who.gho.cm-02,CM_02:BWA:SEX_FMLE:AGEGROUP_MONTHS0-11,1970-01-01,2026-09-07T15:54:17Z,value,1122.0,,who.gho.cm-02,raw/who.gho.cm-02/2026/09/20260907T155417Z-e87fb31944b5.json.gz,2
who.gho.cm-02,CM_02:BWA:SEX_MLE:AGEGROUP_MONTHS0-11,1970-01-01,2026-09-07T15:57:30Z,high,1584.0,,who.gho.cm-02,raw/who.gho.cm-02/2026/09/20260907T155730Z-1fe49c27b9ed.json.gz,2
who.gho.cm-02,CM_02:BWA:SEX_MLE:AGEGROUP_MONTHS0-11,1970-01-01,2026-09-07T15:57:30Z,low,1219.0,,who.gho.cm-02,raw/who.gho.cm-02/2026/09/20260907T155730Z-1fe49c27b9ed.json.gz,2
who.gho.cm-02,CM_02:BWA:SEX_MLE:AGEGROUP_MONTHS0-11,1970-01-01,2026-09-07T15:57:30Z,restated_at,2026-08-04,,who.gho.cm-02,raw/who.gho.cm-02/2026/09/20260907T155730Z-1fe49c27b9ed.json.gz,2
who.gho.cm-02,CM_02:BWA:SEX_MLE:AGEGROUP_MONTHS0-11,1970-01-01,2026-09-07T15:57:30Z,value,1393.0,,who.gho.cm-02,raw/who.gho.cm-02/2026/09/20260907T155730Z-1fe49c27b9ed.json.gz,2
who.gho.cm-02,CM_02:CAF:SEX_BTSX:AGEGROUP_MONTHS0-11,1970-01-01,2026-09-07T15:51:16Z,high,13480.0,,who.gho.cm-02,raw/who.gho.cm-02/2026/09/20260907T155116Z-bb01bf96bc15.json.gz,2
who.gho.cm-02,CM_02:CAF:SEX_BTSX:AGEGROUP_MONTHS0-11,1970-01-01,2026-09-07T15:51:16Z,low,10143.0,,who.gho.cm-02,raw/who.gho.cm-02/2026/09/20260907T155116Z-bb01bf96bc15.json.gz,2
who.gho.cm-02,CM_02:CAF:SEX_BTSX:AGEGROUP_MONTHS0-11,1970-01-01,2026-09-07T15:51:16Z,restated_at,2026-08-04,,who.gho.cm-02,raw/who.gho.cm-02/2026/09/20260907T155116Z-bb01bf96bc15.json.gz,2
who.gho.cm-02,CM_02:CAF:SEX_BTSX:AGEGROUP_MONTHS0-11,1970-01-01,2026-09-07T15:51:16Z,value,11662.0,,who.gho.cm-02,raw/who.gho.cm-02/2026/09/20260907T155116Z-bb01bf96bc15.json.gz,2
who.gho.cm-02,CM_02:CAF:SEX_FMLE:AGEGROUP_MONTHS0-11,1970-01-01,2026-09-07T15:57:00Z,high,6301.0,,who.gho.cm-02,raw/who.gho.cm-02/2026/09/20260907T155700Z-8ffcb12aceff.json.gz,2
who.gho.cm-02,CM_02:CAF:SEX_FMLE:AGEGROUP_MONTHS0-11,1970-01-01,2026-09-07T15:57:00Z,low,4673.0,,who.gho.cm-02,raw/who.gho.cm-02/2026/09/20260907T155700Z-8ffcb12aceff.json.gz,2
who.gho.cm-02,CM_02:CAF:SEX_FMLE:AGEGROUP_MONTHS0-11,1970-01-01,2026-09-07T15:57:00Z,restated_at,2026-08-04,,who.gho.cm-02,raw/who.gho.cm-02/2026/09/20260907T155700Z-8ffcb12aceff.json.gz,2
who.gho.cm-02,CM_02:CAF:SEX_FMLE:AGEGROUP_MONTHS0-11,1970-01-01,2026-09-07T15:57:00Z,value,5412.0,,who.gho.cm-02,raw/who.gho.cm-02/2026/09/20260907T155700Z-8ffcb12aceff.json.gz,2
who.gho.cm-02,CM_02:CAF:SEX_MLE:AGEGROUP_MONTHS0-11,1970-01-01,2026-09-07T15:51:25Z,high,7272.0,,who.gho.cm-02,raw/who.gho.cm-02/2026/09/20260907T155125Z-b41e2575e826.json.gz,2
who.gho.cm-02,CM_02:CAF:SEX_MLE:AGEGROUP_MONTHS0-11,1970-01-01,2026-09-07T15:51:25Z,low,5396.0,,who.gho.cm-02,raw/who.gho.cm-02/2026/09/20260907T155125Z-b41e2575e826.json.gz,2
who.gho.cm-02,CM_02:CAF:SEX_MLE:AGEGROUP_MONTHS0-11,1970-01-01,2026-09-07T15:51:25Z,restated_at,2026-08-04,,who.gho.cm-02,raw/who.gho.cm-02/2026/09/20260907T155125Z-b41e2575e826.json.gz,2
who.gho.cm-02,CM_02:CAF:SEX_MLE:AGEGROUP_MONTHS0-11,1970-01-01,2026-09-07T15:51:25Z,value,6250.0,,who.gho.cm-02,raw/who.gho.cm-02/2026/09/20260907T155125Z-b41e2575e826.json.gz,2
who.gho.cm-02,CM_02:CAN:SEX_BTSX:AGEGROUP_MONTHS0-11,1970-01-01,2026-09-07T15:52:37Z,high,6693.0,,who.gho.cm-02,raw/who.gho.cm-02/2026/09/20260907T155237Z-35c7d31783eb.json.gz,2
who.gho.cm-02,CM_02:CAN:SEX_BTSX:AGEGROUP_MONTHS0-11,1970-01-01,2026-09-07T15:52:37Z,low,6470.0,,who.gho.cm-02,raw/who.gho.cm-02/2026/09/20260907T155237Z-35c7d31783eb.json.gz,2
who.gho.cm-02,CM_02:CAN:SEX_BTSX:AGEGROUP_MONTHS0-11,1970-01-01,2026-09-07T15:52:37Z,restated_at,2026-08-04,,who.gho.cm-02,raw/who.gho.cm-02/2026/09/20260907T155237Z-35c7d31783eb.json.gz,2
who.gho.cm-02,CM_02:CAN:SEX_BTSX:AGEGROUP_MONTHS0-11,1970-01-01,2026-09-07T15:52:37Z,value,6579.0,,who.gho.cm-02,raw/who.gho.cm-02/2026/09/20260907T155237Z-35c7d31783eb.json.gz,2
who.gho.cm-02,CM_02:CAN:SEX_FMLE:AGEGROUP_MONTHS0-11,1970-01-01,2026-09-07T15:58:04Z,high,2852.0,,who.gho.cm-02,raw/who.gho.cm-02/2026/09/20260907T155804Z-3e19927fa86a.json.gz,2
who.gho.cm-02,CM_02:CAN:SEX_FMLE:AGEGROUP_MONTHS0-11,1970-01-01,2026-09-07T15:58:04Z,low,2733.0,,who.gho.cm-02,raw/who.gho.cm-02/2026/09/20260907T155804Z-3e19927fa86a.json.gz,2
who.gho.cm-02,CM_02:CAN:SEX_FMLE:AGEGROUP_MONTHS0-11,1970-01-01,2026-09-07T15:58:04Z,restated_at,2026-08-04,,who.gho.cm-02,raw/who.gho.cm-02/2026/09/20260907T155804Z-3e19927fa86a.json.gz,2
who.gho.cm-02,CM_02:CAN:SEX_FMLE:AGEGROUP_MONTHS0-11,1970-01-01,2026-09-07T15:58:04Z,value,2789.0,,who.gho.cm-02,raw/who.gho.cm-02/2026/09/20260907T155804Z-3e19927fa86a.json.gz,2
who.gho.cm-02,CM_02:CAN:SEX_MLE:AGEGROUP_MONTHS0-11,1970-01-01,2026-09-07T15:51:44Z,high,3864.0,,who.gho.cm-02,raw/who.gho.cm-02/2026/09/20260907T155144Z-505d97ce9093.json.gz,2
who.gho.cm-02,CM_02:CAN:SEX_MLE:AGEGROUP_MONTHS0-11,1970-01-01,2026-09-07T15:51:44Z,low,3718.0,,who.gho.cm-02,raw/who.gho.cm-02/2026/09/20260907T155144Z-505d97ce9093.json.gz,2
who.gho.cm-02,CM_02:CAN:SEX_MLE:AGEGROUP_MONTHS0-11,1970-01-01,2026-09-07T15:51:44Z,restated_at,2026-08-04,,who.gho.cm-02,raw/who.gho.cm-02/2026/09/20260907T155144Z-505d97ce9093.json.gz,2
who.gho.cm-02,CM_02:CAN:SEX_MLE:AGEGROUP_MONTHS0-11,1970-01-01,2026-09-07T15:51:44Z,value,3790.0,,who.gho.cm-02,raw/who.gho.cm-02/2026/09/20260907T155144Z-505d97ce9093.json.gz,2
who.gho.cm-02,CM_02:CHE:SEX_BTSX:AGEGROUP_MONTHS0-11,1970-01-01,2026-09-07T15:51:54Z,high,1535.0,,who.gho.cm-02,raw/who.gho.cm-02/2026/09/20260907T155154Z-820134cf428b.json.gz,2
who.gho.cm-02,CM_02:CHE:SEX_BTSX:AGEGROUP_MONTHS0-11,1970-01-01,2026-09-07T15:51:54Z,low,1477.0,,who.gho.cm-02,raw/who.gho.cm-02/2026/09/20260907T155154Z-820134cf428b.json.gz,2
who.gho.cm-02,CM_02:CHE:SEX_BTSX:AGEGROUP_MONTHS0-11,1970-01-01,2026-09-07T15:51:54Z,restated_at,2026-08-04,,who.gho.cm-02,raw/who.gho.cm-02/2026/09/20260907T155154Z-820134cf428b.json.gz,2
who.gho.cm-02,CM_02:CHE:SEX_BTSX:AGEGROUP_MONTHS0-11,1970-01-01,2026-09-07T15:51:54Z,value,1505.0,,who.gho.cm-02,raw/who.gho.cm-02/2026/09/20260907T155154Z-820134cf428b.json.gz,2
who.gho.cm-02,CM_02:CHE:SEX_FMLE:AGEGROUP_MONTHS0-11,1970-01-01,2026-09-07T15:57:59Z,high,645.0,,who.gho.cm-02,raw/who.gho.cm-02/2026/09/20260907T155759Z-531ca935f713.json.gz,2
who.gho.cm-02,CM_02:CHE:SEX_FMLE:AGEGROUP_MONTHS0-11,1970-01-01,2026-09-07T15:57:59Z,low,612.0,,who.gho.cm-02,raw/who.gho.cm-02/2026/09/20260907T155759Z-531ca935f713.json.gz,2
who.gho.cm-02,CM_02:CHE:SEX_FMLE:AGEGROUP_MONTHS0-11,1970-01-01,2026-09-07T15:57:59Z,restated_at,2026-08-04,,who.gho.cm-02,raw/who.gho.cm-02/2026/09/20260907T155759Z-531ca935f713.json.gz,2
who.gho.cm-02,CM_02:CHE:SEX_FMLE:AGEGROUP_MONTHS0-11,1970-01-01,2026-09-07T15:57:59Z,value,628.0,,who.gho.cm-02,raw/who.gho.cm-02/2026/09/20260907T155759Z-531ca935f713.json.gz,2
who.gho.cm-02,CM_02:CHE:SEX_MLE:AGEGROUP_MONTHS0-11,1970-01-01,2026-09-07T15:54:17Z,high,899.0,,who.gho.cm-02,raw/who.gho.cm-02/2026/09/20260907T155417Z-e87fb31944b5.json.gz,2
who.gho.cm-02,CM_02:CHE:SEX_MLE:AGEGROUP_MONTHS0-11,1970-01-01,2026-09-07T15:54:17Z,low,858.0,,who.gho.cm-02,raw/who.gho.cm-02/2026/09/20260907T155417Z-e87fb31944b5.json.gz,2
who.gho.cm-02,CM_02:CHE:SEX_MLE:AGEGROUP_MONTHS0-11,1970-01-01,2026-09-07T15:54:17Z,restated_at,2025-04-15,,who.gho.cm-02,raw/who.gho.cm-02/2026/09/20260907T155417Z-e87fb31944b5.json.gz,2
who.gho.cm-02,CM_02:CHE:SEX_MLE:AGEGROUP_MONTHS0-11,1970-01-01,2026-09-07T15:54:17Z,value,877.0,,who.gho.cm-02,raw/who.gho.cm-02/2026/09/20260907T155417Z-e87fb31944b5.json.gz,2
who.gho.cm-02,CM_02:CHL:SEX_BTSX:AGEGROUP_MONTHS0-11,1970-01-01,2026-09-07T15:58:07Z,high,19700.0,,who.gho.cm-02,raw/who.gho.cm-02/2026/09/20260907T155807Z-33d1eb328c3d.json.gz,2
who.gho.cm-02,CM_02:CHL:SEX_BTSX:AGEGROUP_MONTHS0-11,1970-01-01,2026-09-07T15:58:07Z,low,18764.0,,who.gho.cm-02,raw/who.gho.cm-02/2026/09/20260907T155807Z-33d1eb328c3d.json.gz,2
who.gho.cm-02,CM_02:CHL:SEX_BTSX:AGEGROUP_MONTHS0-11,1970-01-01,2026-09-07T15:58:07Z,restated_at,2026-08-04,,who.gho.cm-02,raw/who.gho.cm-02/2026/09/20260907T155807Z-33d1eb328c3d.json.gz,2
who.gho.cm-02,CM_02:CHL:SEX_BTSX:AGEGROUP_MONTHS0-11,1970-01-01,2026-09-07T15:58:07Z,value,19228.0,,who.gho.cm-02,raw/who.gho.cm-02/2026/09/20260907T155807Z-33d1eb328c3d.json.gz,2
who.gho.cm-02,CM_02:CHL:SEX_FMLE:AGEGROUP_MONTHS0-11,1970-01-01,2026-09-07T15:56:37Z,high,8891.0,,who.gho.cm-02,raw/who.gho.cm-02/2026/09/20260907T155637Z-c7bda929b138.json.gz,2
who.gho.cm-02,CM_02:CHL:SEX_FMLE:AGEGROUP_MONTHS0-11,1970-01-01,2026-09-07T15:56:37Z,low,8448.0,,who.gho.cm-02,raw/who.gho.cm-02/2026/09/20260907T155637Z-c7bda929b138.json.gz,2
who.gho.cm-02,CM_02:CHL:SEX_FMLE:AGEGROUP_MONTHS0-11,1970-01-01,2026-09-07T15:56:37Z,restated_at,2026-08-04,,who.gho.cm-02,raw/who.gho.cm-02/2026/09/20260907T155637Z-c7bda929b138.json.gz,2
who.gho.cm-02,CM_02:CHL:SEX_FMLE:AGEGROUP_MONTHS0-11,1970-01-01,2026-09-07T15:56:37Z,value,8675.0,,who.gho.cm-02,raw/who.gho.cm-02/2026/09/20260907T155637Z-c7bda929b138.json.gz,2
who.gho.cm-02,CM_02:CHL:SEX_MLE:AGEGROUP_MONTHS0-11,1970-01-01,2026-09-07T15:52:26Z,high,10819.0,,who.gho.cm-02,raw/who.gho.cm-02/2026/09/20260907T155226Z-b536cc4a2b4c.json.gz,2
who.gho.cm-02,CM_02:CHL:SEX_MLE:AGEGROUP_MONTHS0-11,1970-01-01,2026-09-07T15:52:26Z,low,10282.0,,who.gho.cm-02,raw/who.gho.cm-02/2026/09/20260907T155226Z-b536cc4a2b4c.json.gz,2
who.gho.cm-02,CM_02:CHL:SEX_MLE:AGEGROUP_MONTHS0-11,1970-01-01,2026-09-07T15:52:26Z,restated_at,2026-08-04,,who.gho.cm-02,raw/who.gho.cm-02/2026/09/20260907T155226Z-b536cc4a2b4c.json.gz,2
who.gho.cm-02,CM_02:CHL:SEX_MLE:AGEGROUP_MONTHS0-11,1970-01-01,2026-09-07T15:52:26Z,value,10553.0,,who.gho.cm-02,raw/who.gho.cm-02/2026/09/20260907T155226Z-b536cc4a2b4c.json.gz,2
who.gho.cm-02,CM_02:CHN:SEX_BTSX:AGEGROUP_MONTHS0-11,1970-01-01,2026-09-07T15:51:30Z,high,2969411.0,,who.gho.cm-02,raw/who.gho.cm-02/2026/09/20260907T155130Z-b74d44aee08e.json.gz,2
who.gho.cm-02,CM_02:CHN:SEX_BTSX:AGEGROUP_MONTHS0-11,1970-01-01,2026-09-07T15:51:30Z,low,2245440.0,,who.gho.cm-02,raw/who.gho.cm-02/2026/09/20260907T155130Z-b74d44aee08e.json.gz,2
who.gho.cm-02,CM_02:CHN:SEX_BTSX:AGEGROUP_MONTHS0-11,1970-01-01,2026-09-07T15:51:30Z,restated_at,2026-08-04,,who.gho.cm-02,raw/who.gho.cm-02/2026/09/20260907T155130Z-b74d44aee08e.json.gz,2
who.gho.cm-02,CM_02:CHN:SEX_BTSX:AGEGROUP_MONTHS0-11,1970-01-01,2026-09-07T15:51:30Z,value,2601273.0,,who.gho.cm-02,raw/who.gho.cm-02/2026/09/20260907T155130Z-b74d44aee08e.json.gz,2
who.gho.cm-02,CM_02:CHN:SEX_FMLE:AGEGROUP_MONTHS0-11,1970-01-01,2026-09-07T15:58:20Z,high,1381534.0,,who.gho.cm-02,raw/who.gho.cm-02/2026/09/20260907T155820Z-bace8014f904.json.gz,2
who.gho.cm-02,CM_02:CHN:SEX_FMLE:AGEGROUP_MONTHS0-11,1970-01-01,2026-09-07T15:58:20Z,low,1022536.0,,who.gho.cm-02,raw/who.gho.cm-02/2026/09/20260907T155820Z-bace8014f904.json.gz,2
who.gho.cm-02,CM_02:CHN:SEX_FMLE:AGEGROUP_MONTHS0-11,1970-01-01,2026-09-07T15:58:20Z,restated_at,2026-08-04,,who.gho.cm-02,raw/who.gho.cm-02/2026/09/20260907T155820Z-bace8014f904.json.gz,2
who.gho.cm-02,CM_02:CHN:SEX_FMLE:AGEGROUP_MONTHS0-11,1970-01-01,2026-09-07T15:58:20Z,value,1196949.0,,who.gho.cm-02,raw/who.gho.cm-02/2026/09/20260907T155820Z-bace8014f904.json.gz,2
who.gho.cm-02,CM_02:CHN:SEX_MLE:AGEGROUP_MONTHS0-11,1970-01-01,2026-09-07T15:57:12Z,high,1613889.0,,who.gho.cm-02,raw/who.gho.cm-02/2026/09/20260907T155712Z-98aa519eeacd.json.gz,2
who.gho.cm-02,CM_02:CHN:SEX_MLE:AGEGROUP_MONTHS0-11,1970-01-01,2026-09-07T15:57:12Z,low,1202085.0,,who.gho.cm-02,raw/who.gho.cm-02/2026/09/20260907T155712Z-98aa519eeacd.json.gz,2
who.gho.cm-02,CM_02:CHN:SEX_MLE:AGEGROUP_MONTHS0-11,1970-01-01,2026-09-07T15:57:12Z,restated_at,2026-08-04,,who.gho.cm-02,raw/who.gho.cm-02/2026/09/20260907T155712Z-98aa519eeacd.json.gz,2
who.gho.cm-02,CM_02:CHN:SEX_MLE:AGEGROUP_MONTHS0-11,1970-01-01,2026-09-07T15:57:12Z,value,1404324.0,,who.gho.cm-02,raw/who.gho.cm-02/2026/09/20260907T155712Z-98aa519eeacd.json.gz,2
who.gho.cm-02,CM_02:CIV:SEX_BTSX:AGEGROUP_MONTHS0-11,1970-01-01,2026-09-07T15:51:54Z,high,48794.0,,who.gho.cm-02,raw/who.gho.cm-02/2026/09/20260907T155154Z-820134cf428b.json.gz,2
who.gho.cm-02,CM_02:CIV:SEX_BTSX:AGEGROUP_MONTHS0-11,1970-01-01,2026-09-07T15:51:54Z,low,40116.0,,who.gho.cm-02,raw/who.gho.cm-02/2026/09/20260907T155154Z-820134cf428b.json.gz,2
who.gho.cm-02,CM_02:CIV:SEX_BTSX:AGEGROUP_MONTHS0-11,1970-01-01,2026-09-07T15:51:54Z,restated_at,2026-08-04,,who.gho.cm-02,raw/who.gho.cm-02/2026/09/20260907T155154Z-820134cf428b.json.gz,2
who.gho.cm-02,CM_02:CIV:SEX_BTSX:AGEGROUP_MONTHS0-11,1970-01-01,2026-09-07T15:51:54Z,value,44262.0,,who.gho.cm-02,raw/who.gho.cm-02/2026/09/20260907T155154Z-820134cf428b.json.gz,2
who.gho.cm-02,CM_02:CIV:SEX_FMLE:AGEGROUP_MONTHS0-11,1970-01-01,2026-09-07T15:50:57Z,high,21953.0,,who.gho.cm-02,raw/who.gho.cm-02/2026/09/20260907T155057Z-e03fd9f60113.json.gz,2
who.gho.cm-02,CM_02:CIV:SEX_FMLE:AGEGROUP_MONTHS0-11,1970-01-01,2026-09-07T15:50:57Z,low,17881.0,,who.gho.cm-02,raw/who.gho.cm-02/2026/09/20260907T155057Z-e03fd9f60113.json.gz,2
who.gho.cm-02,CM_02:CIV:SEX_FMLE:AGEGROUP_MONTHS0-11,1970-01-01,2026-09-07T15:50:57Z,restated_at,2026-08-04,,who.gho.cm-02,raw/who.gho.cm-02/2026/09/20260907T155057Z-e03fd9f60113.json.gz,2
who.gho.cm-02,CM_02:CIV:SEX_FMLE:AGEGROUP_MONTHS0-11,1970-01-01,2026-09-07T15:50:57Z,value,19863.0,,who.gho.cm-02,raw/who.gho.cm-02/2026/09/20260907T155057Z-e03fd9f60113.json.gz,2
who.gho.cm-02,CM_02:CIV:SEX_MLE:AGEGROUP_MONTHS0-11,1970-01-01,2026-09-07T15:51:54Z,high,26950.0,,who.gho.cm-02,raw/who.gho.cm-02/2026/09/20260907T155154Z-820134cf428b.json.gz,2
who.gho.cm-02,CM_02:CIV:SEX_MLE:AGEGROUP_MONTHS0-11,1970-01-01,2026-09-07T15:51:54Z,low,22009.0,,who.gho.cm-02,raw/who.gho.cm-02/2026/09/20260907T155154Z-820134cf428b.json.gz,2
who.gho.cm-02,CM_02:CIV:SEX_MLE:AGEGROUP_MONTHS0-11,1970-01-01,2026-09-07T15:51:54Z,restated_at,2026-08-04,,who.gho.cm-02,raw/who.gho.cm-02/2026/09/20260907T155154Z-820134cf428b.json.gz,2
who.gho.cm-02,CM_02:CIV:SEX_MLE:AGEGROUP_MONTHS0-11,1970-01-01,2026-09-07T15:51:54Z,value,24399.0,,who.gho.cm-02,raw/who.gho.cm-02/2026/09/20260907T155154Z-820134cf428b.json.gz,2
who.gho.cm-02,CM_02:CMR:SEX_BTSX:AGEGROUP_MONTHS0-11,1970-01-01,2026-09-07T15:51:40Z,high,39592.0,,who.gho.cm-02,raw/who.gho.cm-02/2026/09/20260907T155140Z-2ccf90b4d287.json.gz,2
who.gho.cm-02,CM_02:CMR:SEX_BTSX:AGEGROUP_MONTHS0-11,1970-01-01,2026-09-07T15:51:40Z,low,32259.0,,who.gho.cm-02,raw/who.gho.cm-02/2026/09/20260907T155140Z-2ccf90b4d287.json.gz,2
who.gho.cm-02,CM_02:CMR:SEX_BTSX:AGEGROUP_MONTHS0-11,1970-01-01,2026-09-07T15:51:40Z,restated_at,2026-08-04,,who.gho.cm-02,raw/who.gho.cm-02/2026/09/20260907T155140Z-2ccf90b4d287.json.gz,2
who.gho.cm-02,CM_02:CMR:SEX_BTSX:AGEGROUP_MONTHS0-11,1970-01-01,2026-09-07T15:51:40Z,value,35798.0,,who.gho.cm-02,raw/who.gho.cm-02/2026/09/20260907T155140Z-2ccf90b4d287.json.gz,2
who.gho.cm-02,CM_02:CMR:SEX_FMLE:AGEGROUP_MONTHS0-11,1970-01-01,2026-09-07T15:57:07Z,high,18362.0,,who.gho.cm-02,raw/who.gho.cm-02/2026/09/20260907T155707Z-3cd3e5b56c9f.json.gz,2
who.gho.cm-02,CM_02:CMR:SEX_FMLE:AGEGROUP_MONTHS0-11,1970-01-01,2026-09-07T15:57:07Z,low,14771.0,,who.gho.cm-02,raw/who.gho.cm-02/2026/09/20260907T155707Z-3cd3e5b56c9f.json.gz,2
who.gho.cm-02,CM_02:CMR:SEX_FMLE:AGEGROUP_MONTHS0-11,1970-01-01,2026-09-07T15:57:07Z,restated_at,2026-08-04,,who.gho.cm-02,raw/who.gho.cm-02/2026/09/20260907T155707Z-3cd3e5b56c9f.json.gz,2
who.gho.cm-02,CM_02:CMR:SEX_FMLE:AGEGROUP_MONTHS0-11,1970-01-01,2026-09-07T15:57:07Z,value,16500.0,,who.gho.cm-02,raw/who.gho.cm-02/2026/09/20260907T155707Z-3cd3e5b56c9f.json.gz,2
who.gho.cm-02,CM_02:CMR:SEX_MLE:AGEGROUP_MONTHS0-11,1970-01-01,2026-09-07T15:51:40Z,high,21398.0,,who.gho.cm-02,raw/who.gho.cm-02/2026/09/20260907T155140Z-2ccf90b4d287.json.gz,2
who.gho.cm-02,CM_02:CMR:SEX_MLE:AGEGROUP_MONTHS0-11,1970-01-01,2026-09-07T15:51:40Z,low,17291.0,,who.gho.cm-02,raw/who.gho.cm-02/2026/09/20260907T155140Z-2ccf90b4d287.json.gz,2
who.gho.cm-02,CM_02:CMR:SEX_MLE:AGEGROUP_MONTHS0-11,1970-01-01,2026-09-07T15:51:40Z,restated_at,2026-08-04,,who.gho.cm-02,raw/who.gho.cm-02/2026/09/20260907T155140Z-2ccf90b4d287.json.gz,2
who.gho.cm-02,CM_02:CMR:SEX_MLE:AGEGROUP_MONTHS0-11,1970-01-01,2026-09-07T15:51:40Z,value,19298.0,,who.gho.cm-02,raw/who.gho.cm-02/2026/09/20260907T155140Z-2ccf90b4d287.json.gz,2
who.gho.cm-02,CM_02:COD:SEX_BTSX:AGEGROUP_MONTHS0-11,1970-01-01,2026-09-07T15:51:01Z,high,152861.0,,who.gho.cm-02,raw/who.gho.cm-02/2026/09/20260907T155101Z-65d1a3fa0413.json.gz,2
who.gho.cm-02,CM_02:COD:SEX_BTSX:AGEGROUP_MONTHS0-11,1970-01-01,2026-09-07T15:51:01Z,low,89677.0,,who.gho.cm-02,raw/who.gho.cm-02/2026/09/20260907T155101Z-65d1a3fa0413.json.gz,2
who.gho.cm-02,CM_02:COD:SEX_BTSX:AGEGROUP_MONTHS0-11,1970-01-01,2026-09-07T15:51:01Z,restated_at,2026-08-04,,who.gho.cm-02,raw/who.gho.cm-02/2026/09/20260907T155101Z-65d1a3fa0413.json.gz,2
who.gho.cm-02,CM_02:COD:SEX_BTSX:AGEGROUP_MONTHS0-11,1970-01-01,2026-09-07T15:51:01Z,value,117757.0,,who.gho.cm-02,raw/who.gho.cm-02/2026/09/20260907T155101Z-65d1a3fa0413.json.gz,2
who.gho.cm-02,CM_02:COD:SEX_FMLE:AGEGROUP_MONTHS0-11,1970-01-01,2026-09-07T15:58:20Z,high,71151.0,,who.gho.cm-02,raw/who.gho.cm-02/2026/09/20260907T155820Z-bace8014f904.json.gz,2
who.gho.cm-02,CM_02:COD:SEX_FMLE:AGEGROUP_MONTHS0-11,1970-01-01,2026-09-07T15:58:20Z,low,41576.0,,who.gho.cm-02,raw/who.gho.cm-02/2026/09/20260907T155820Z-bace8014f904.json.gz,2
who.gho.cm-02,CM_02:COD:SEX_FMLE:AGEGROUP_MONTHS0-11,1970-01-01,2026-09-07T15:58:20Z,restated_at,2026-08-04,,who.gho.cm-02,raw/who.gho.cm-02/2026/09/20260907T155820Z-bace8014f904.json.gz,2
who.gho.cm-02,CM_02:COD:SEX_FMLE:AGEGROUP_MONTHS0-11,1970-01-01,2026-09-07T15:58:20Z,value,54811.0,,who.gho.cm-02,raw/who.gho.cm-02/2026/09/20260907T155820Z-bace8014f904.json.gz,2
who.gho.cm-02,CM_02:COD:SEX_MLE:AGEGROUP_MONTHS0-11,1970-01-01,2026-09-07T15:58:07Z,high,81672.0,,who.gho.cm-02,raw/who.gho.cm-02/2026/09/20260907T155807Z-33d1eb328c3d.json.gz,2
who.gho.cm-02,CM_02:COD:SEX_MLE:AGEGROUP_MONTHS0-11,1970-01-01,2026-09-07T15:58:07Z,low,47728.0,,who.gho.cm-02,raw/who.gho.cm-02/2026/09/20260907T155807Z-33d1eb328c3d.json.gz,2
who.gho.cm-02,CM_02:COD:SEX_MLE:AGEGROUP_MONTHS0-11,1970-01-01,2026-09-07T15:58:07Z,restated_at,2026-08-04,,who.gho.cm-02,raw/who.gho.cm-02/2026/09/20260907T155807Z-33d1eb328c3d.json.gz,2
who.gho.cm-02,CM_02:COD:SEX_MLE:AGEGROUP_MONTHS0-11,1970-01-01,2026-09-07T15:58:07Z,value,62946.0,,who.gho.cm-02,raw/who.gho.cm-02/2026/09/20260907T155807Z-33d1eb328c3d.json.gz,2
who.gho.cm-02,CM_02:COG:SEX_BTSX:AGEGROUP_MONTHS0-11,1970-01-01,2026-09-07T15:57:40Z,high,5614.0,,who.gho.cm-02,raw/who.gho.cm-02/2026/09/20260907T155740Z-31068700a25d.json.gz,2
who.gho.cm-02,CM_02:COG:SEX_BTSX:AGEGROUP_MONTHS0-11,1970-01-01,2026-09-07T15:57:40Z,low,3639.0,,who.gho.cm-02,raw/who.gho.cm-02/2026/09/20260907T155740Z-31068700a25d.json.gz,2
who.gho.cm-02,CM_02:COG:SEX_BTSX:AGEGROUP_MONTHS0-11,1970-01-01,2026-09-07T15:57:40Z,restated_at,2026-08-04,,who.gho.cm-02,raw/who.gho.cm-02/2026/09/20260907T155740Z-31068700a25d.json.gz,2
who.gho.cm-02,CM_02:COG:SEX_BTSX:AGEGROUP_MONTHS0-11,1970-01-01,2026-09-07T15:57:40Z,value,4488.0,,who.gho.cm-02,raw/who.gho.cm-02/2026/09/20260907T155740Z-31068700a25d.json.gz,2
who.gho.cm-02,CM_02:COG:SEX_FMLE:AGEGROUP_MONTHS0-11,1970-01-01,2026-09-07T15:51:40Z,high,2528.0,,who.gho.cm-02,raw/who.gho.cm-02/2026/09/20260907T155140Z-2ccf90b4d287.json.gz,2
who.gho.cm-02,CM_02:COG:SEX_FMLE:AGEGROUP_MONTHS0-11,1970-01-01,2026-09-07T15:51:40Z,low,1619.0,,who.gho.cm-02,raw/who.gho.cm-02/2026/09/20260907T155140Z-2ccf90b4d287.json.gz,2
who.gho.cm-02,CM_02:COG:SEX_FMLE:AGEGROUP_MONTHS0-11,1970-01-01,2026-09-07T15:51:40Z,restated_at,2026-08-04,,who.gho.cm-02,raw/who.gho.cm-02/2026/09/20260907T155140Z-2ccf90b4d287.json.gz,2
who.gho.cm-02,CM_02:COG:SEX_FMLE:AGEGROUP_MONTHS0-11,1970-01-01,2026-09-07T15:51:40Z,value,2020.0,,who.gho.cm-02,raw/who.gho.cm-02/2026/09/20260907T155140Z-2ccf90b4d287.json.gz,2
who.gho.cm-02,CM_02:COG:SEX_MLE:AGEGROUP_MONTHS0-11,1970-01-01,2026-09-07T15:51:05Z,high,3092.0,,who.gho.cm-02,raw/who.gho.cm-02/2026/09/20260907T155105Z-bd351d716a31.json.gz,2
who.gho.cm-02,CM_02:COG:SEX_MLE:AGEGROUP_MONTHS0-11,1970-01-01,2026-09-07T15:51:05Z,low,1992.0,,who.gho.cm-02,raw/who.gho.cm-02/2026/09/20260907T155105Z-bd351d716a31.json.gz,2
who.gho.cm-02,CM_02:COG:SEX_MLE:AGEGROUP_MONTHS0-11,1970-01-01,2026-09-07T15:51:05Z,restated_at,2026-08-04,,who.gho.cm-02,raw/who.gho.cm-02/2026/09/20260907T155105Z-bd351d716a31.json.gz,2
who.gho.cm-02,CM_02:COG:SEX_MLE:AGEGROUP_MONTHS0-11,1970-01-01,2026-09-07T15:51:05Z,value,2468.0,,who.gho.cm-02,raw/who.gho.cm-02/2026/09/20260907T155105Z-bd351d716a31.json.gz,2
who.gho.cm-02,CM_02:COK:SEX_BTSX:AGEGROUP_MONTHS0-11,1970-01-01,2026-09-07T15:57:44Z,high,37.0,,who.gho.cm-02,raw/who.gho.cm-02/2026/09/20260907T155744Z-e141b36e0a87.json.gz,2
who.gho.cm-02,CM_02:COK:SEX_BTSX:AGEGROUP_MONTHS0-11,1970-01-01,2026-09-07T15:57:44Z,low,25.0,,who.gho.cm-02,raw/who.gho.cm-02/2026/09/20260907T155744Z-e141b36e0a87.json.gz,2
who.gho.cm-02,CM_02:COK:SEX_BTSX:AGEGROUP_MONTHS0-11,1970-01-01,2026-09-07T15:57:44Z,restated_at,2025-04-15,,who.gho.cm-02,raw/who.gho.cm-02/2026/09/20260907T155744Z-e141b36e0a87.json.gz,2
who.gho.cm-02,CM_02:COK:SEX_BTSX:AGEGROUP_MONTHS0-11,1970-01-01,2026-09-07T15:57:44Z,value,30.0,,who.gho.cm-02,raw/who.gho.cm-02/2026/09/20260907T155744Z-e141b36e0a87.json.gz,2
who.gho.cm-02,CM_02:COK:SEX_FMLE:AGEGROUP_MONTHS0-11,1970-01-01,2026-09-07T15:57:40Z,high,16.0,,who.gho.cm-02,raw/who.gho.cm-02/2026/09/20260907T155740Z-31068700a25d.json.gz,2
who.gho.cm-02,CM_02:COK:SEX_FMLE:AGEGROUP_MONTHS0-11,1970-01-01,2026-09-07T15:57:40Z,low,10.0,,who.gho.cm-02,raw/who.gho.cm-02/2026/09/20260907T155740Z-31068700a25d.json.gz,2
who.gho.cm-02,CM_02:COK:SEX_FMLE:AGEGROUP_MONTHS0-11,1970-01-01,2026-09-07T15:57:40Z,restated_at,2025-04-15,,who.gho.cm-02,raw/who.gho.cm-02/2026/09/20260907T155740Z-31068700a25d.json.gz,2
who.gho.cm-02,CM_02:COK:SEX_FMLE:AGEGROUP_MONTHS0-11,1970-01-01,2026-09-07T15:57:40Z,value,13.0,,who.gho.cm-02,raw/who.gho.cm-02/2026/09/20260907T155740Z-31068700a25d.json.gz,2
who.gho.cm-02,CM_02:COK:SEX_MLE:AGEGROUP_MONTHS0-11,1970-01-01,2026-09-07T15:56:55Z,high,22.0,,who.gho.cm-02,raw/who.gho.cm-02/2026/09/20260907T155655Z-a5ea76265971.json.gz,2
who.gho.cm-02,CM_02:COK:SEX_MLE:AGEGROUP_MONTHS0-11,1970-01-01,2026-09-07T15:56:55Z,low,14.0,,who.gho.cm-02,raw/who.gho.cm-02/2026/09/20260907T155655Z-a5ea76265971.json.gz,2
who.gho.cm-02,CM_02:COK:SEX_MLE:AGEGROUP_MONTHS0-11,1970-01-01,2026-09-07T15:56:55Z,restated_at,2026-08-04,,who.gho.cm-02,raw/who.gho.cm-02/2026/09/20260907T155655Z-a5ea76265971.json.gz,2
who.gho.cm-02,CM_02:COK:SEX_MLE:AGEGROUP_MONTHS0-11,1970-01-01,2026-09-07T15:56:55Z,value,17.0,,who.gho.cm-02,raw/who.gho.cm-02/2026/09/20260907T155655Z-a5ea76265971.json.gz,2
who.gho.cm-02,CM_02:COL:SEX_BTSX:AGEGROUP_MONTHS0-11,1970-01-01,2026-09-07T15:51:21Z,high,59172.0,,who.gho.cm-02,raw/who.gho.cm-02/2026/09/20260907T155121Z-1b14643329ca.json.gz,2
who.gho.cm-02,CM_02:COL:SEX_BTSX:AGEGROUP_MONTHS0-11,1970-01-01,2026-09-07T15:51:21Z,low,51442.0,,who.gho.cm-02,raw/who.gho.cm-02/2026/09/20260907T155121Z-1b14643329ca.json.gz,2
who.gho.cm-02,CM_02:COL:SEX_BTSX:AGEGROUP_MONTHS0-11,1970-01-01,2026-09-07T15:51:21Z,restated_at,2026-08-04,,who.gho.cm-02,raw/who.gho.cm-02/2026/09/20260907T155121Z-1b14643329ca.json.gz,2
who.gho.cm-02,CM_02:COL:SEX_BTSX:AGEGROUP_MONTHS0-11,1970-01-01,2026-09-07T15:51:21Z,value,55134.0,,who.gho.cm-02,raw/who.gho.cm-02/2026/09/20260907T155121Z-1b14643329ca.json.gz,2
who.gho.cm-02,CM_02:COL:SEX_FMLE:AGEGROUP_MONTHS0-11,1970-01-01,2026-09-07T15:51:01Z,high,26412.0,,who.gho.cm-02,raw/who.gho.cm-02/2026/09/20260907T155101Z-65d1a3fa0413.json.gz,2
who.gho.cm-02,CM_02:COL:SEX_FMLE:AGEGROUP_MONTHS0-11,1970-01-01,2026-09-07T15:51:01Z,low,22453.0,,who.gho.cm-02,raw/who.gho.cm-02/2026/09/20260907T155101Z-65d1a3fa0413.json.gz,2
who.gho.cm-02,CM_02:COL:SEX_FMLE:AGEGROUP_MONTHS0-11,1970-01-01,2026-09-07T15:51:01Z,restated_at,2026-08-04,,who.gho.cm-02,raw/who.gho.cm-02/2026/09/20260907T155101Z-65d1a3fa0413.json.gz,2
who.gho.cm-02,CM_02:COL:SEX_FMLE:AGEGROUP_MONTHS0-11,1970-01-01,2026-09-07T15:51:01Z,value,24354.0,,who.gho.cm-02,raw/who.gho.cm-02/2026/09/20260907T155101Z-65d1a3fa0413.json.gz,2
who.gho.cm-02,CM_02:COL:SEX_MLE:AGEGROUP_MONTHS0-11,1970-01-01,2026-09-07T15:58:16Z,high,33297.0,,who.gho.cm-02,raw/who.gho.cm-02/2026/09/20260907T155816Z-99a1a16a015f.json.gz,2
who.gho.cm-02,CM_02:COL:SEX_MLE:AGEGROUP_MONTHS0-11,1970-01-01,2026-09-07T15:58:16Z,low,28485.0,,who.gho.cm-02,raw/who.gho.cm-02/2026/09/20260907T155816Z-99a1a16a015f.json.gz,2
who.gho.cm-02,CM_02:COL:SEX_MLE:AGEGROUP_MONTHS0-11,1970-01-01,2026-09-07T15:58:16Z,restated_at,2026-08-04,,who.gho.cm-02,raw/who.gho.cm-02/2026/09/20260907T155816Z-99a1a16a015f.json.gz,2
who.gho.cm-02,CM_02:COL:SEX_MLE:AGEGROUP_MONTHS0-11,1970-01-01,2026-09-07T15:58:16Z,value,30780.0,,who.gho.cm-02,raw/who.gho.cm-02/2026/09/20260907T155816Z-99a1a16a015f.json.gz,2
who.gho.cm-02,CM_02:CPV:SEX_BTSX:AGEGROUP_MONTHS0-11,1970-01-01,2026-09-07T15:57:12Z,high,1218.0,,who.gho.cm-02,raw/who.gho.cm-02/2026/09/20260907T155712Z-98aa519eeacd.json.gz,2
who.gho.cm-02,CM_02:CPV:SEX_BTSX:AGEGROUP_MONTHS0-11,1970-01-01,2026-09-07T15:57:12Z,low,729.0,,who.gho.cm-02,raw/who.gho.cm-02/2026/09/20260907T155712Z-98aa519eeacd.json.gz,2
who.gho.cm-02,CM_02:CPV:SEX_BTSX:AGEGROUP_MONTHS0-11,1970-01-01,2026-09-07T15:57:12Z,restated_at,2026-08-04,,who.gho.cm-02,raw/who.gho.cm-02/2026/09/20260907T155712Z-98aa519eeacd.json.gz,2
who.gho.cm-02,CM_02:CPV:SEX_BTSX:AGEGROUP_MONTHS0-11,1970-01-01,2026-09-07T15:57:12Z,value,973.0,,who.gho.cm-02,raw/who.gho.cm-02/2026/09/20260907T155712Z-98aa519eeacd.json.gz,2
who.gho.cm-02,CM_02:CPV:SEX_FMLE:AGEGROUP_MONTHS0-11,1970-01-01,2026-09-07T15:56:48Z,high,562.0,,who.gho.cm-02,raw/who.gho.cm-02/2026/09/20260907T155648Z-e962102586d9.json.gz,2
who.gho.cm-02,CM_02:CPV:SEX_FMLE:AGEGROUP_MONTHS0-11,1970-01-01,2026-09-07T15:56:48Z,low,334.0,,who.gho.cm-02,raw/who.gho.cm-02/2026/09/20260907T155648Z-e962102586d9.json.gz,2
who.gho.cm-02,CM_02:CPV:SEX_FMLE:AGEGROUP_MONTHS0-11,1970-01-01,2026-09-07T15:56:48Z,restated_at,2026-08-04,,who.gho.cm-02,raw/who.gho.cm-02/2026/09/20260907T155648Z-e962102586d9.json.gz,2
who.gho.cm-02,CM_02:CPV:SEX_FMLE:AGEGROUP_MONTHS0-11,1970-01-01,2026-09-07T15:56:48Z,value,446.0,,who.gho.cm-02,raw/who.gho.cm-02/2026/09/20260907T155648Z-e962102586d9.json.gz,2
who.gho.cm-02,CM_02:CPV:SEX_MLE:AGEGROUP_MONTHS0-11,1970-01-01,2026-09-07T15:53:02Z,high,661.0,,who.gho.cm-02,raw/who.gho.cm-02/2026/09/20260907T155302Z-206bb5f6993f.json.gz,2
who.gho.cm-02,CM_02:CPV:SEX_MLE:AGEGROUP_MONTHS0-11,1970-01-01,2026-09-07T15:53:02Z,low,393.0,,who.gho.cm-02,raw/who.gho.cm-02/2026/09/20260907T155302Z-206bb5f6993f.json.gz,2
who.gho.cm-02,CM_02:CPV:SEX_MLE:AGEGROUP_MONTHS0-11,1970-01-01,2026-09-07T15:53:02Z,restated_at,2026-08-04,,who.gho.cm-02,raw/who.gho.cm-02/2026/09/20260907T155302Z-206bb5f6993f.json.gz,2
who.gho.cm-02,CM_02:CPV:SEX_MLE:AGEGROUP_MONTHS0-11,1970-01-01,2026-09-07T15:53:02Z,value,527.0,,who.gho.cm-02,raw/who.gho.cm-02/2026/09/20260907T155302Z-206bb5f6993f.json.gz,2
who.gho.cm-02,CM_02:CRI:SEX_BTSX:AGEGROUP_MONTHS0-11,1970-01-01,2026-09-07T15:58:07Z,high,3617.0,,who.gho.cm-02,raw/who.gho.cm-02/2026/09/20260907T155807Z-33d1eb328c3d.json.gz,2
who.gho.cm-02,CM_02:CRI:SEX_BTSX:AGEGROUP_MONTHS0-11,1970-01-01,2026-09-07T15:58:07Z,low,3483.0,,who.gho.cm-02,raw/who.gho.cm-02/2026/09/20260907T155807Z-33d1eb328c3d.json.gz,2
who.gho.cm-02,CM_02:CRI:SEX_BTSX:AGEGROUP_MONTHS0-11,1970-01-01,2026-09-07T15:58:07Z,restated_at,2026-08-04,,who.gho.cm-02,raw/who.gho.cm-02/2026/09/20260907T155807Z-33d1eb328c3d.json.gz,2
who.gho.cm-02,CM_02:CRI:SEX_BTSX:AGEGROUP_MONTHS0-11,1970-01-01,2026-09-07T15:58:07Z,value,3549.0,,who.gho.cm-02,raw/who.gho.cm-02/2026/09/20260907T155807Z-33d1eb328c3d.json.gz,2
who.gho.cm-02,CM_02:CRI:SEX_FMLE:AGEGROUP_MONTHS0-11,1970-01-01,2026-09-07T15:56:37Z,high,1611.0,,who.gho.cm-02,raw/who.gho.cm-02/2026/09/20260907T155637Z-c7bda929b138.json.gz,2
who.gho.cm-02,CM_02:CRI:SEX_FMLE:AGEGROUP_MONTHS0-11,1970-01-01,2026-09-07T15:56:37Z,low,1537.0,,who.gho.cm-02,raw/who.gho.cm-02/2026/09/20260907T155637Z-c7bda929b138.json.gz,2
who.gho.cm-02,CM_02:CRI:SEX_FMLE:AGEGROUP_MONTHS0-11,1970-01-01,2026-09-07T15:56:37Z,restated_at,2026-08-04,,who.gho.cm-02,raw/who.gho.cm-02/2026/09/20260907T155637Z-c7bda929b138.json.gz,2
who.gho.cm-02,CM_02:CRI:SEX_FMLE:AGEGROUP_MONTHS0-11,1970-01-01,2026-09-07T15:56:37Z,value,1573.0,,who.gho.cm-02,raw/who.gho.cm-02/2026/09/20260907T155637Z-c7bda929b138.json.gz,2
who.gho.cm-02,CM_02:CRI:SEX_MLE:AGEGROUP_MONTHS0-11,1970-01-01,2026-09-07T15:57:54Z,high,2020.0,,who.gho.cm-02,raw/who.gho.cm-02/2026/09/20260907T155754Z-3bea881db2b4.json.gz,2
who.gho.cm-02,CM_02:CRI:SEX_MLE:AGEGROUP_MONTHS0-11,1970-01-01,2026-09-07T15:57:54Z,low,1932.0,,who.gho.cm-02,raw/who.gho.cm-02/2026/09/20260907T155754Z-3bea881db2b4.json.gz,2
who.gho.cm-02,CM_02:CRI:SEX_MLE:AGEGROUP_MONTHS0-11,1970-01-01,2026-09-07T15:57:54Z,restated_at,2026-08-04,,who.gho.cm-02,raw/who.gho.cm-02/2026/09/20260907T155754Z-3bea881db2b4.json.gz,2
who.gho.cm-02,CM_02:CRI:SEX_MLE:AGEGROUP_MONTHS0-11,1970-01-01,2026-09-07T15:57:54Z,value,1976.0,,who.gho.cm-02,raw/who.gho.cm-02/2026/09/20260907T155754Z-3bea881db2b4.json.gz,2
who.gho.cm-02,CM_02:CUB:SEX_BTSX:AGEGROUP_MONTHS0-11,1970-01-01,2026-09-07T15:57:07Z,high,9557.0,,who.gho.cm-02,raw/who.gho.cm-02/2026/09/20260907T155707Z-3cd3e5b56c9f.json.gz,2
who.gho.cm-02,CM_02:CUB:SEX_BTSX:AGEGROUP_MONTHS0-11,1970-01-01,2026-09-07T15:57:07Z,low,7420.0,,who.gho.cm-02,raw/who.gho.cm-02/2026/09/20260907T155707Z-3cd3e5b56c9f.json.gz,2
who.gho.cm-02,CM_02:CUB:SEX_BTSX:AGEGROUP_MONTHS0-11,1970-01-01,2026-09-07T15:57:07Z,restated_at,2026-08-04,,who.gho.cm-02,raw/who.gho.cm-02/2026/09/20260907T155707Z-3cd3e5b56c9f.json.gz,2
who.gho.cm-02,CM_02:CUB:SEX_BTSX:AGEGROUP_MONTHS0-11,1970-01-01,2026-09-07T15:57:07Z,value,8388.0,,who.gho.cm-02,raw/who.gho.cm-02/2026/09/20260907T155707Z-3cd3e5b56c9f.json.gz,2
who.gho.cm-02,CM_02:CUB:SEX_FMLE:AGEGROUP_MONTHS0-11,1970-01-01,2026-09-07T15:51:40Z,high,4124.0,,who.gho.cm-02,raw/who.gho.cm-02/2026/09/20260907T155140Z-2ccf90b4d287.json.gz,2
who.gho.cm-02,CM_02:CUB:SEX_FMLE:AGEGROUP_MONTHS0-11,1970-01-01,2026-09-07T15:51:40Z,low,3201.0,,who.gho.cm-02,raw/who.gho.cm-02/2026/09/20260907T155140Z-2ccf90b4d287.json.gz,2
who.gho.cm-02,CM_02:CUB:SEX_FMLE:AGEGROUP_MONTHS0-11,1970-01-01,2026-09-07T15:51:40Z,restated_at,2026-08-04,,who.gho.cm-02,raw/who.gho.cm-02/2026/09/20260907T155140Z-2ccf90b4d287.json.gz,2
who.gho.cm-02,CM_02:CUB:SEX_FMLE:AGEGROUP_MONTHS0-11,1970-01-01,2026-09-07T15:51:40Z,value,3618.0,,who.gho.cm-02,raw/who.gho.cm-02/2026/09/20260907T155140Z-2ccf90b4d287.json.gz,2
who.gho.cm-02,CM_02:CUB:SEX_MLE:AGEGROUP_MONTHS0-11,1970-01-01,2026-09-07T15:51:16Z,high,5434.0,,who.gho.cm-02,raw/who.gho.cm-02/2026/09/20260907T155116Z-bb01bf96bc15.json.gz,2
who.gho.cm-02,CM_02:CUB:SEX_MLE:AGEGROUP_MONTHS0-11,1970-01-01,2026-09-07T15:51:16Z,low,4219.0,,who.gho.cm-02,raw/who.gho.cm-02/2026/09/20260907T155116Z-bb01bf96bc15.json.gz,2
who.gho.cm-02,CM_02:CUB:SEX_MLE:AGEGROUP_MONTHS0-11,1970-01-01,2026-09-07T15:51:16Z,restated_at,2026-08-04,,who.gho.cm-02,raw/who.gho.cm-02/2026/09/20260907T155116Z-bb01bf96bc15.json.gz,2
who.gho.cm-02,CM_02:CUB:SEX_MLE:AGEGROUP_MONTHS0-11,1970-01-01,2026-09-07T15:51:16Z,value,4770.0,,who.gho.cm-02,raw/who.gho.cm-02/2026/09/20260907T155116Z-bb01bf96bc15.json.gz,2
who.gho.cm-02,CM_02:CZE:SEX_BTSX:AGEGROUP_MONTHS0-11,1970-01-01,2026-09-07T15:52:26Z,high,3248.0,,who.gho.cm-02,raw/who.gho.cm-02/2026/09/20260907T155226Z-b536cc4a2b4c.json.gz,2
who.gho.cm-02,CM_02:CZE:SEX_BTSX:AGEGROUP_MONTHS0-11,1970-01-01,2026-09-07T15:52:26Z,low,2853.0,,who.gho.cm-02,raw/who.gho.cm-02/2026/09/20260907T155226Z-b536cc4a2b4c.json.gz,2
who.gho.cm-02,CM_02:CZE:SEX_BTSX:AGEGROUP_MONTHS0-11,1970-01-01,2026-09-07T15:52:26Z,restated_at,2026-08-04,,who.gho.cm-02,raw/who.gho.cm-02/2026/09/20260907T155226Z-b536cc4a2b4c.json.gz,2
who.gho.cm-02,CM_02:CZE:SEX_BTSX:AGEGROUP_MONTHS0-11,1970-01-01,2026-09-07T15:52:26Z,value,3041.0,,who.gho.cm-02,raw/who.gho.cm-02/2026/09/20260907T155226Z-b536cc4a2b4c.json.gz,2
who.gho.cm-02,CM_02:CZE:SEX_FMLE:AGEGROUP_MONTHS0-11,1970-01-01,2026-09-07T15:57:17Z,high,1350.0,,who.gho.cm-02,raw/who.gho.cm-02/2026/09/20260907T155717Z-89bc69b90b61.json.gz,2
who.gho.cm-02,CM_02:CZE:SEX_FMLE:AGEGROUP_MONTHS0-11,1970-01-01,2026-09-07T15:57:17Z,low,1149.0,,who.gho.cm-02,raw/who.gho.cm-02/2026/09/20260907T155717Z-89bc69b90b61.json.gz,2
who.gho.cm-02,CM_02:CZE:SEX_FMLE:AGEGROUP_MONTHS0-11,1970-01-01,2026-09-07T15:57:17Z,restated_at,2026-08-04,,who.gho.cm-02,raw/who.gho.cm-02/2026/09/20260907T155717Z-89bc69b90b61.json.gz,2
who.gho.cm-02,CM_02:CZE:SEX_FMLE:AGEGROUP_MONTHS0-11,1970-01-01,2026-09-07T15:57:17Z,value,1245.0,,who.gho.cm-02,raw/who.gho.cm-02/2026/09/20260907T155717Z-89bc69b90b61.json.gz,2
who.gho.cm-02,CM_02:CZE:SEX_MLE:AGEGROUP_MONTHS0-11,1970-01-01,2026-09-07T15:52:03Z,high,1934.0,,who.gho.cm-02,raw/who.gho.cm-02/2026/09/20260907T155203Z-07dabadb5738.json.gz,2
who.gho.cm-02,CM_02:CZE:SEX_MLE:AGEGROUP_MONTHS0-11,1970-01-01,2026-09-07T15:52:03Z,low,1672.0,,who.gho.cm-02,raw/who.gho.cm-02/2026/09/20260907T155203Z-07dabadb5738.json.gz,2
who.gho.cm-02,CM_02:CZE:SEX_MLE:AGEGROUP_MONTHS0-11,1970-01-01,2026-09-07T15:52:03Z,restated_at,2026-08-04,,who.gho.cm-02,raw/who.gho.cm-02/2026/09/20260907T155203Z-07dabadb5738.json.gz,2
who.gho.cm-02,CM_02:CZE:SEX_MLE:AGEGROUP_MONTHS0-11,1970-01-01,2026-09-07T15:52:03Z,value,1796.0,,who.gho.cm-02,raw/who.gho.cm-02/2026/09/20260907T155203Z-07dabadb5738.json.gz,2
who.gho.cm-02,CM_02:DEU:SEX_BTSX:AGEGROUP_MONTHS0-11,1970-01-01,2026-09-07T15:51:50Z,high,24383.0,,who.gho.cm-02,raw/who.gho.cm-02/2026/09/20260907T155150Z-b2442ef3f6e6.json.gz,2
who.gho.cm-02,CM_02:DEU:SEX_BTSX:AGEGROUP_MONTHS0-11,1970-01-01,2026-09-07T15:51:50Z,low,23342.0,,who.gho.cm-02,raw/who.gho.cm-02/2026/09/20260907T155150Z-b2442ef3f6e6.json.gz,2
who.gho.cm-02,CM_02:DEU:SEX_BTSX:AGEGROUP_MONTHS0-11,1970-01-01,2026-09-07T15:51:50Z,restated_at,2026-08-04,,who.gho.cm-02,raw/who.gho.cm-02/2026/09/20260907T155150Z-b2442ef3f6e6.json.gz,2
who.gho.cm-02,CM_02:DEU:SEX_BTSX:AGEGROUP_MONTHS0-11,1970-01-01,2026-09-07T15:51:50Z,value,23858.0,,who.gho.cm-02,raw/who.gho.cm-02/2026/09/20260907T155150Z-b2442ef3f6e6.json.gz,2
who.gho.cm-02,CM_02:DEU:SEX_FMLE:AGEGROUP_MONTHS0-11,1970-01-01,2026-09-07T15:51:54Z,high,10241.0,,who.gho.cm-02,raw/who.gho.cm-02/2026/09/20260907T155154Z-820134cf428b.json.gz,2
who.gho.cm-02,CM_02:DEU:SEX_FMLE:AGEGROUP_MONTHS0-11,1970-01-01,2026-09-07T15:51:54Z,low,9765.0,,who.gho.cm-02,raw/who.gho.cm-02/2026/09/20260907T155154Z-820134cf428b.json.gz,2
who.gho.cm-02,CM_02:DEU:SEX_FMLE:AGEGROUP_MONTHS0-11,1970-01-01,2026-09-07T15:51:54Z,restated_at,2026-08-04,,who.gho.cm-02,raw/who.gho.cm-02/2026/09/20260907T155154Z-820134cf428b.json.gz,2
who.gho.cm-02,CM_02:DEU:SEX_FMLE:AGEGROUP_MONTHS0-11,1970-01-01,2026-09-07T15:51:54Z,value,9996.0,,who.gho.cm-02,raw/who.gho.cm-02/2026/09/20260907T155154Z-820134cf428b.json.gz,2
who.gho.cm-02,CM_02:DEU:SEX_MLE:AGEGROUP_MONTHS0-11,1970-01-01,2026-09-07T15:56:55Z,high,14184.0,,who.gho.cm-02,raw/who.gho.cm-02/2026/09/20260907T155655Z-a5ea76265971.json.gz,2
who.gho.cm-02,CM_02:DEU:SEX_MLE:AGEGROUP_MONTHS0-11,1970-01-01,2026-09-07T15:56:55Z,low,13553.0,,who.gho.cm-02,raw/who.gho.cm-02/2026/09/20260907T155655Z-a5ea76265971.json.gz,2
who.gho.cm-02,CM_02:DEU:SEX_MLE:AGEGROUP_MONTHS0-11,1970-01-01,2026-09-07T15:56:55Z,restated_at,2026-08-04,,who.gho.cm-02,raw/who.gho.cm-02/2026/09/20260907T155655Z-a5ea76265971.json.gz,2
who.gho.cm-02,CM_02:DEU:SEX_MLE:AGEGROUP_MONTHS0-11,1970-01-01,2026-09-07T15:56:55Z,value,13862.0,,who.gho.cm-02,raw/who.gho.cm-02/2026/09/20260907T155655Z-a5ea76265971.json.gz,2
who.gho.cm-02,CM_02:DMA:SEX_BTSX:AGEGROUP_MONTHS0-11,1970-01-01,2026-09-07T15:54:17Z,high,85.0,,who.gho.cm-02,raw/who.gho.cm-02/2026/09/20260907T155417Z-e87fb31944b5.json.gz,2
who.gho.cm-02,CM_02:DMA:SEX_BTSX:AGEGROUP_MONTHS0-11,1970-01-01,2026-09-07T15:54:17Z,low,79.0,,who.gho.cm-02,raw/who.gho.cm-02/2026/09/20260907T155417Z-e87fb31944b5.json.gz,2
who.gho.cm-02,CM_02:DMA:SEX_BTSX:AGEGROUP_MONTHS0-11,1970-01-01,2026-09-07T15:54:17Z,restated_at,2025-04-15,,who.gho.cm-02,raw/who.gho.cm-02/2026/09/20260907T155417Z-e87fb31944b5.json.gz,2
who.gho.cm-02,CM_02:DMA:SEX_BTSX:AGEGROUP_MONTHS0-11,1970-01-01,2026-09-07T15:54:17Z,value,82.0,,who.gho.cm-02,raw/who.gho.cm-02/2026/09/20260907T155417Z-e87fb31944b5.json.gz,2
who.gho.cm-02,CM_02:DMA:SEX_FMLE:AGEGROUP_MONTHS0-11,1970-01-01,2026-09-07T15:52:37Z,high,40.0,,who.gho.cm-02,raw/who.gho.cm-02/2026/09/20260907T155237Z-35c7d31783eb.json.gz,2
who.gho.cm-02,CM_02:DMA:SEX_FMLE:AGEGROUP_MONTHS0-11,1970-01-01,2026-09-07T15:52:37Z,low,36.0,,who.gho.cm-02,raw/who.gho.cm-02/2026/09/20260907T155237Z-35c7d31783eb.json.gz,2
who.gho.cm-02,CM_02:DMA:SEX_FMLE:AGEGROUP_MONTHS0-11,1970-01-01,2026-09-07T15:52:37Z,restated_at,2025-04-15,,who.gho.cm-02,raw/who.gho.cm-02/2026/09/20260907T155237Z-35c7d31783eb.json.gz,2
who.gho.cm-02,CM_02:DMA:SEX_FMLE:AGEGROUP_MONTHS0-11,1970-01-01,2026-09-07T15:52:37Z,value,38.0,,who.gho.cm-02,raw/who.gho.cm-02/2026/09/20260907T155237Z-35c7d31783eb.json.gz,2
who.gho.cm-02,CM_02:DMA:SEX_MLE:AGEGROUP_MONTHS0-11,1970-01-01,2026-09-07T15:51:21Z,high,46.0,,who.gho.cm-02,raw/who.gho.cm-02/2026/09/20260907T155121Z-1b14643329ca.json.gz,2
who.gho.cm-02,CM_02:DMA:SEX_MLE:AGEGROUP_MONTHS0-11,1970-01-01,2026-09-07T15:51:21Z,low,42.0,,who.gho.cm-02,raw/who.gho.cm-02/2026/09/20260907T155121Z-1b14643329ca.json.gz,2
who.gho.cm-02,CM_02:DMA:SEX_MLE:AGEGROUP_MONTHS0-11,1970-01-01,2026-09-07T15:51:21Z,restated_at,2026-08-04,,who.gho.cm-02,raw/who.gho.cm-02/2026/09/20260907T155121Z-1b14643329ca.json.gz,2
who.gho.cm-02,CM_02:DMA:SEX_MLE:AGEGROUP_MONTHS0-11,1970-01-01,2026-09-07T15:51:21Z,value,44.0,,who.gho.cm-02,raw/who.gho.cm-02/2026/09/20260907T155121Z-1b14643329ca.json.gz,2
who.gho.cm-02,CM_02:DNK:SEX_BTSX:AGEGROUP_MONTHS0-11,1970-01-01,2026-09-07T15:57:30Z,high,1014.0,,who.gho.cm-02,raw/who.gho.cm-02/2026/09/20260907T155730Z-1fe49c27b9ed.json.gz,2
who.gho.cm-02,CM_02:DNK:SEX_BTSX:AGEGROUP_MONTHS0-11,1970-01-01,2026-09-07T15:57:30Z,low,967.0,,who.gho.cm-02,raw/who.gho.cm-02/2026/09/20260907T155730Z-1fe49c27b9ed.json.gz,2
who.gho.cm-02,CM_02:DNK:SEX_BTSX:AGEGROUP_MONTHS0-11,1970-01-01,2026-09-07T15:57:30Z,restated_at,2026-08-04,,who.gho.cm-02,raw/who.gho.cm-02/2026/09/20260907T155730Z-1fe49c27b9ed.json.gz,2
who.gho.cm-02,CM_02:DNK:SEX_BTSX:AGEGROUP_MONTHS0-11,1970-01-01,2026-09-07T15:57:30Z,value,990.0,,who.gho.cm-02,raw/who.gho.cm-02/2026/09/20260907T155730Z-1fe49c27b9ed.json.gz,2
who.gho.cm-02,CM_02:DNK:SEX_FMLE:AGEGROUP_MONTHS0-11,1970-01-01,2026-09-07T15:52:03Z,high,411.0,,who.gho.cm-02,raw/who.gho.cm-02/2026/09/20260907T155203Z-07dabadb5738.json.gz,2
who.gho.cm-02,CM_02:DNK:SEX_FMLE:AGEGROUP_MONTHS0-11,1970-01-01,2026-09-07T15:52:03Z,low,386.0,,who.gho.cm-02,raw/who.gho.cm-02/2026/09/20260907T155203Z-07dabadb5738.json.gz,2
who.gho.cm-02,CM_02:DNK:SEX_FMLE:AGEGROUP_MONTHS0-11,1970-01-01,2026-09-07T15:52:03Z,restated_at,2026-08-04,,who.gho.cm-02,raw/who.gho.cm-02/2026/09/20260907T155203Z-07dabadb5738.json.gz,2
who.gho.cm-02,CM_02:DNK:SEX_FMLE:AGEGROUP_MONTHS0-11,1970-01-01,2026-09-07T15:52:03Z,value,398.0,,who.gho.cm-02,raw/who.gho.cm-02/2026/09/20260907T155203Z-07dabadb5738.json.gz,2
who.gho.cm-02,CM_02:DNK:SEX_MLE:AGEGROUP_MONTHS0-11,1970-01-01,2026-09-07T15:57:35Z,high,609.0,,who.gho.cm-02,raw/who.gho.cm-02/2026/09/20260907T155735Z-be5ff4c5352d.json.gz,2
who.gho.cm-02,CM_02:DNK:SEX_MLE:AGEGROUP_MONTHS0-11,1970-01-01,2026-09-07T15:57:35Z,low,577.0,,who.gho.cm-02,raw/who.gho.cm-02/2026/09/20260907T155735Z-be5ff4c5352d.json.gz,2
who.gho.cm-02,CM_02:DNK:SEX_MLE:AGEGROUP_MONTHS0-11,1970-01-01,2026-09-07T15:57:35Z,restated_at,2026-08-04,,who.gho.cm-02,raw/who.gho.cm-02/2026/09/20260907T155735Z-be5ff4c5352d.json.gz,2
who.gho.cm-02,CM_02:DNK:SEX_MLE:AGEGROUP_MONTHS0-11,1970-01-01,2026-09-07T15:57:35Z,value,592.0,,who.gho.cm-02,raw/who.gho.cm-02/2026/09/20260907T155735Z-be5ff4c5352d.json.gz,2
who.gho.cm-02,CM_02:DOM:SEX_BTSX:AGEGROUP_MONTHS0-11,1970-01-01,2026-09-07T15:56:27Z,high,17439.0,,who.gho.cm-02,raw/who.gho.cm-02/2026/09/20260907T155627Z-19eb4e6c1215.json.gz,2
who.gho.cm-02,CM_02:DOM:SEX_BTSX:AGEGROUP_MONTHS0-11,1970-01-01,2026-09-07T15:56:27Z,low,15303.0,,who.gho.cm-02,raw/who.gho.cm-02/2026/09/20260907T155627Z-19eb4e6c1215.json.gz,2
who.gho.cm-02,CM_02:DOM:SEX_BTSX:AGEGROUP_MONTHS0-11,1970-01-01,2026-09-07T15:56:27Z,restated_at,2026-08-04,,who.gho.cm-02,raw/who.gho.cm-02/2026/09/20260907T155627Z-19eb4e6c1215.json.gz,2
who.gho.cm-02,CM_02:DOM:SEX_BTSX:AGEGROUP_MONTHS0-11,1970-01-01,2026-09-07T15:56:27Z,value,16322.0,,who.gho.cm-02,raw/who.gho.cm-02/2026/09/20260907T155627Z-19eb4e6c1215.json.gz,2
who.gho.cm-02,CM_02:DOM:SEX_FMLE:AGEGROUP_MONTHS0-11,1970-01-01,2026-09-07T15:54:17Z,high,8234.0,,who.gho.cm-02,raw/who.gho.cm-02/2026/09/20260907T155417Z-e87fb31944b5.json.gz,2
who.gho.cm-02,CM_02:DOM:SEX_FMLE:AGEGROUP_MONTHS0-11,1970-01-01,2026-09-07T15:54:17Z,low,7118.0,,who.gho.cm-02,raw/who.gho.cm-02/2026/09/20260907T155417Z-e87fb31944b5.json.gz,2
who.gho.cm-02,CM_02:DOM:SEX_FMLE:AGEGROUP_MONTHS0-11,1970-01-01,2026-09-07T15:54:17Z,restated_at,2026-08-04,,who.gho.cm-02,raw/who.gho.cm-02/2026/09/20260907T155417Z-e87fb31944b5.json.gz,2
who.gho.cm-02,CM_02:DOM:SEX_FMLE:AGEGROUP_MONTHS0-11,1970-01-01,2026-09-07T15:54:17Z,value,7645.0,,who.gho.cm-02,raw/who.gho.cm-02/2026/09/20260907T155417Z-e87fb31944b5.json.gz,2
who.gho.cm-02,CM_02:DOM:SEX_MLE:AGEGROUP_MONTHS0-11,1970-01-01,2026-09-07T15:51:16Z,high,9321.0,,who.gho.cm-02,raw/who.gho.cm-02/2026/09/20260907T155116Z-bb01bf96bc15.json.gz,2
who.gho.cm-02,CM_02:DOM:SEX_MLE:AGEGROUP_MONTHS0-11,1970-01-01,2026-09-07T15:51:16Z,low,8078.0,,who.gho.cm-02,raw/who.gho.cm-02/2026/09/20260907T155116Z-bb01bf96bc15.json.gz,2
who.gho.cm-02,CM_02:DOM:SEX_MLE:AGEGROUP_MONTHS0-11,1970-01-01,2026-09-07T15:51:16Z,restated_at,2026-08-04,,who.gho.cm-02,raw/who.gho.cm-02/2026/09/20260907T155116Z-bb01bf96bc15.json.gz,2
who.gho.cm-02,CM_02:DOM:SEX_MLE:AGEGROUP_MONTHS0-11,1970-01-01,2026-09-07T15:51:16Z,value,8677.0,,who.gho.cm-02,raw/who.gho.cm-02/2026/09/20260907T155116Z-bb01bf96bc15.json.gz,2
who.gho.cm-02,CM_02:DZA:SEX_BTSX:AGEGROUP_MONTHS0-11,1970-01-01,2026-09-07T15:57:59Z,high,110362.0,,who.gho.cm-02,raw/who.gho.cm-02/2026/09/20260907T155759Z-531ca935f713.json.gz,2
who.gho.cm-02,CM_02:DZA:SEX_BTSX:AGEGROUP_MONTHS0-11,1970-01-01,2026-09-07T15:57:59Z,low,88130.0,,who.gho.cm-02,raw/who.gho.cm-02/2026/09/20260907T155759Z-531ca935f713.json.gz,2
who.gho.cm-02,CM_02:DZA:SEX_BTSX:AGEGROUP_MONTHS0-11,1970-01-01,2026-09-07T15:57:59Z,restated_at,2026-08-04,,who.gho.cm-02,raw/who.gho.cm-02/2026/09/20260907T155759Z-531ca935f713.json.gz,2
who.gho.cm-02,CM_02:DZA:SEX_BTSX:AGEGROUP_MONTHS0-11,1970-01-01,2026-09-07T15:57:59Z,value,98470.0,,who.gho.cm-02,raw/who.gho.cm-02/2026/09/20260907T155759Z-531ca935f713.json.gz,2
who.gho.cm-02,CM_02:DZA:SEX_FMLE:AGEGROUP_MONTHS0-11,1970-01-01,2026-09-07T15:58:07Z,high,52190.0,,who.gho.cm-02,raw/who.gho.cm-02/2026/09/20260907T155807Z-33d1eb328c3d.json.gz,2
who.gho.cm-02,CM_02:DZA:SEX_FMLE:AGEGROUP_MONTHS0-11,1970-01-01,2026-09-07T15:58:07Z,low,41072.0,,who.gho.cm-02,raw/who.gho.cm-02/2026/09/20260907T155807Z-33d1eb328c3d.json.gz,2
who.gho.cm-02,CM_02:DZA:SEX_FMLE:AGEGROUP_MONTHS0-11,1970-01-01,2026-09-07T15:58:07Z,restated_at,2026-08-04,,who.gho.cm-02,raw/who.gho.cm-02/2026/09/20260907T155807Z-33d1eb328c3d.json.gz,2
who.gho.cm-02,CM_02:DZA:SEX_FMLE:AGEGROUP_MONTHS0-11,1970-01-01,2026-09-07T15:58:07Z,value,46280.0,,who.gho.cm-02,raw/who.gho.cm-02/2026/09/20260907T155807Z-33d1eb328c3d.json.gz,2
who.gho.cm-02,CM_02:DZA:SEX_MLE:AGEGROUP_MONTHS0-11,1970-01-01,2026-09-07T15:56:27Z,high,58587.0,,who.gho.cm-02,raw/who.gho.cm-02/2026/09/20260907T155627Z-19eb4e6c1215.json.gz,2
who.gho.cm-02,CM_02:DZA:SEX_MLE:AGEGROUP_MONTHS0-11,1970-01-01,2026-09-07T15:56:27Z,low,46474.0,,who.gho.cm-02,raw/who.gho.cm-02/2026/09/20260907T155627Z-19eb4e6c1215.json.gz,2
who.gho.cm-02,CM_02:DZA:SEX_MLE:AGEGROUP_MONTHS0-11,1970-01-01,2026-09-07T15:56:27Z,restated_at,2026-08-04,,who.gho.cm-02,raw/who.gho.cm-02/2026/09/20260907T155627Z-19eb4e6c1215.json.gz,2
who.gho.cm-02,CM_02:DZA:SEX_MLE:AGEGROUP_MONTHS0-11,1970-01-01,2026-09-07T15:56:27Z,value,52190.0,,who.gho.cm-02,raw/who.gho.cm-02/2026/09/20260907T155627Z-19eb4e6c1215.json.gz,2
who.gho.cm-02,CM_02:ECU:SEX_BTSX:AGEGROUP_MONTHS0-11,1970-01-01,2026-09-07T15:52:18Z,high,27975.0,,who.gho.cm-02,raw/who.gho.cm-02/2026/09/20260907T155218Z-7dbb6db1a58a.json.gz,2
who.gho.cm-02,CM_02:ECU:SEX_BTSX:AGEGROUP_MONTHS0-11,1970-01-01,2026-09-07T15:52:18Z,low,23118.0,,who.gho.cm-02,raw/who.gho.cm-02/2026/09/20260907T155218Z-7dbb6db1a58a.json.gz,2
who.gho.cm-02,CM_02:ECU:SEX_BTSX:AGEGROUP_MONTHS0-11,1970-01-01,2026-09-07T15:52:18Z,restated_at,2026-08-04,,who.gho.cm-02,raw/who.gho.cm-02/2026/09/20260907T155218Z-7dbb6db1a58a.json.gz,2
who.gho.cm-02,CM_02:ECU:SEX_BTSX:AGEGROUP_MONTHS0-11,1970-01-01,2026-09-07T15:52:18Z,value,25415.0,,who.gho.cm-02,raw/who.gho.cm-02/2026/09/20260907T155218Z-7dbb6db1a58a.json.gz,2
who.gho.cm-02,CM_02:ECU:SEX_FMLE:AGEGROUP_MONTHS0-11,1970-01-01,2026-09-07T15:52:18Z,high,12272.0,,who.gho.cm-02,raw/who.gho.cm-02/2026/09/20260907T155218Z-7dbb6db1a58a.json.gz,2
who.gho.cm-02,CM_02:ECU:SEX_FMLE:AGEGROUP_MONTHS0-11,1970-01-01,2026-09-07T15:52:18Z,low,9955.0,,who.gho.cm-02,raw/who.gho.cm-02/2026/09/20260907T155218Z-7dbb6db1a58a.json.gz,2
who.gho.cm-02,CM_02:ECU:SEX_FMLE:AGEGROUP_MONTHS0-11,1970-01-01,2026-09-07T15:52:18Z,restated_at,2026-08-04,,who.gho.cm-02,raw/who.gho.cm-02/2026/09/20260907T155218Z-7dbb6db1a58a.json.gz,2
who.gho.cm-02,CM_02:ECU:SEX_FMLE:AGEGROUP_MONTHS0-11,1970-01-01,2026-09-07T15:52:18Z,value,11064.0,,who.gho.cm-02,raw/who.gho.cm-02/2026/09/20260907T155218Z-7dbb6db1a58a.json.gz,2
who.gho.cm-02,CM_02:ECU:SEX_MLE:AGEGROUP_MONTHS0-11,1970-01-01,2026-09-07T15:51:16Z,high,15874.0,,who.gho.cm-02,raw/who.gho.cm-02/2026/09/20260907T155116Z-bb01bf96bc15.json.gz,2
who.gho.cm-02,CM_02:ECU:SEX_MLE:AGEGROUP_MONTHS0-11,1970-01-01,2026-09-07T15:51:16Z,low,12957.0,,who.gho.cm-02,raw/who.gho.cm-02/2026/09/20260907T155116Z-bb01bf96bc15.json.gz,2
who.gho.cm-02,CM_02:ECU:SEX_MLE:AGEGROUP_MONTHS0-11,1970-01-01,2026-09-07T15:51:16Z,restated_at,2026-08-04,,who.gho.cm-02,raw/who.gho.cm-02/2026/09/20260907T155116Z-bb01bf96bc15.json.gz,2
who.gho.cm-02,CM_02:ECU:SEX_MLE:AGEGROUP_MONTHS0-11,1970-01-01,2026-09-07T15:51:16Z,value,14351.0,,who.gho.cm-02,raw/who.gho.cm-02/2026/09/20260907T155116Z-bb01bf96bc15.json.gz,2
who.gho.cm-02,CM_02:EGY:SEX_BTSX:AGEGROUP_MONTHS0-11,1970-01-01,2026-09-07T15:51:05Z,high,224155.0,,who.gho.cm-02,raw/who.gho.cm-02/2026/09/20260907T155105Z-bd351d716a31.json.gz,2
who.gho.cm-02,CM_02:EGY:SEX_BTSX:AGEGROUP_MONTHS0-11,1970-01-01,2026-09-07T15:51:05Z,low,197653.0,,who.gho.cm-02,raw/who.gho.cm-02/2026/09/20260907T155105Z-bd351d716a31.json.gz,2
who.gho.cm-02,CM_02:EGY:SEX_BTSX:AGEGROUP_MONTHS0-11,1970-01-01,2026-09-07T15:51:05Z,restated_at,2026-08-04,,who.gho.cm-02,raw/who.gho.cm-02/2026/09/20260907T155105Z-bd351d716a31.json.gz,2
who.gho.cm-02,CM_02:EGY:SEX_BTSX:AGEGROUP_MONTHS0-11,1970-01-01,2026-09-07T15:51:05Z,value,210611.0,,who.gho.cm-02,raw/who.gho.cm-02/2026/09/20260907T155105Z-bd351d716a31.json.gz,2
who.gho.cm-02,CM_02:EGY:SEX_FMLE:AGEGROUP_MONTHS0-11,1970-01-01,2026-09-07T15:51:05Z,high,106895.0,,who.gho.cm-02,raw/who.gho.cm-02/2026/09/20260907T155105Z-bd351d716a31.json.gz,2
who.gho.cm-02,CM_02:EGY:SEX_FMLE:AGEGROUP_MONTHS0-11,1970-01-01,2026-09-07T15:51:05Z,low,93564.0,,who.gho.cm-02,raw/who.gho.cm-02/2026/09/20260907T155105Z-bd351d716a31.json.gz,2
who.gho.cm-02,CM_02:EGY:SEX_FMLE:AGEGROUP_MONTHS0-11,1970-01-01,2026-09-07T15:51:05Z,restated_at,2026-08-04,,who.gho.cm-02,raw/who.gho.cm-02/2026/09/20260907T155105Z-bd351d716a31.json.gz,2
who.gho.cm-02,CM_02:EGY:SEX_FMLE:AGEGROUP_MONTHS0-11,1970-01-01,2026-09-07T15:51:05Z,value,100068.0,,who.gho.cm-02,raw/who.gho.cm-02/2026/09/20260907T155105Z-bd351d716a31.json.gz,2
who.gho.cm-02,CM_02:EGY:SEX_MLE:AGEGROUP_MONTHS0-11,1970-01-01,2026-09-07T15:58:12Z,high,118084.0,,who.gho.cm-02,raw/who.gho.cm-02/2026/09/20260907T155812Z-02a2023435be.json.gz,2
who.gho.cm-02,CM_02:EGY:SEX_MLE:AGEGROUP_MONTHS0-11,1970-01-01,2026-09-07T15:58:12Z,low,103440.0,,who.gho.cm-02,raw/who.gho.cm-02/2026/09/20260907T155812Z-02a2023435be.json.gz,2
who.gho.cm-02,CM_02:EGY:SEX_MLE:AGEGROUP_MONTHS0-11,1970-01-01,2026-09-07T15:58:12Z,restated_at,2026-08-04,,who.gho.cm-02,raw/who.gho.cm-02/2026/09/20260907T155812Z-02a2023435be.json.gz,2
who.gho.cm-02,CM_02:EGY:SEX_MLE:AGEGROUP_MONTHS0-11,1970-01-01,2026-09-07T15:58:12Z,value,110543.0,,who.gho.cm-02,raw/who.gho.cm-02/2026/09/20260907T155812Z-02a2023435be.json.gz,2
who.gho.cm-02,CM_02:ESP:SEX_BTSX:AGEGROUP_MONTHS0-11,1970-01-01,2026-09-07T15:57:49Z,high,18633.0,,who.gho.cm-02,raw/who.gho.cm-02/2026/09/20260907T155749Z-8808ed0c9a07.json.gz,2
who.gho.cm-02,CM_02:ESP:SEX_BTSX:AGEGROUP_MONTHS0-11,1970-01-01,2026-09-07T15:57:49Z,low,17945.0,,who.gho.cm-02,raw/who.gho.cm-02/2026/09/20260907T155749Z-8808ed0c9a07.json.gz,2
who.gho.cm-02,CM_02:ESP:SEX_BTSX:AGEGROUP_MONTHS0-11,1970-01-01,2026-09-07T15:57:49Z,restated_at,2026-08-04,,who.gho.cm-02,raw/who.gho.cm-02/2026/09/20260907T155749Z-8808ed0c9a07.json.gz,2
who.gho.cm-02,CM_02:ESP:SEX_BTSX:AGEGROUP_MONTHS0-11,1970-01-01,2026-09-07T15:57:49Z,value,18283.0,,who.gho.cm-02,raw/who.gho.cm-02/2026/09/20260907T155749Z-8808ed0c9a07.json.gz,2
who.gho.cm-02,CM_02:ESP:SEX_FMLE:AGEGROUP_MONTHS0-11,1970-01-01,2026-09-07T15:57:00Z,high,7981.0,,who.gho.cm-02,raw/who.gho.cm-02/2026/09/20260907T155700Z-8ffcb12aceff.json.gz,2
who.gho.cm-02,CM_02:ESP:SEX_FMLE:AGEGROUP_MONTHS0-11,1970-01-01,2026-09-07T15:57:00Z,low,7651.0,,who.gho.cm-02,raw/who.gho.cm-02/2026/09/20260907T155700Z-8ffcb12aceff.json.gz,2
who.gho.cm-02,CM_02:ESP:SEX_FMLE:AGEGROUP_MONTHS0-11,1970-01-01,2026-09-07T15:57:00Z,restated_at,2026-08-04,,who.gho.cm-02,raw/who.gho.cm-02/2026/09/20260907T155700Z-8ffcb12aceff.json.gz,2
who.gho.cm-02,CM_02:ESP:SEX_FMLE:AGEGROUP_MONTHS0-11,1970-01-01,2026-09-07T15:57:00Z,value,7809.0,,who.gho.cm-02,raw/who.gho.cm-02/2026/09/20260907T155700Z-8ffcb12aceff.json.gz,2
who.gho.cm-02,CM_02:ESP:SEX_MLE:AGEGROUP_MONTHS0-11,1970-01-01,2026-09-07T15:58:12Z,high,10690.0,,who.gho.cm-02,raw/who.gho.cm-02/2026/09/20260907T155812Z-02a2023435be.json.gz,2
who.gho.cm-02,CM_02:ESP:SEX_MLE:AGEGROUP_MONTHS0-11,1970-01-01,2026-09-07T15:58:12Z,low,10269.0,,who.gho.cm-02,raw/who.gho.cm-02/2026/09/20260907T155812Z-02a2023435be.json.gz,2
who.gho.cm-02,CM_02:ESP:SEX_MLE:AGEGROUP_MONTHS0-11,1970-01-01,2026-09-07T15:58:12Z,restated_at,2026-08-04,,who.gho.cm-02,raw/who.gho.cm-02/2026/09/20260907T155812Z-02a2023435be.json.gz,2
who.gho.cm-02,CM_02:ESP:SEX_MLE:AGEGROUP_MONTHS0-11,1970-01-01,2026-09-07T15:58:12Z,value,10474.0,,who.gho.cm-02,raw/who.gho.cm-02/2026/09/20260907T155812Z-02a2023435be.json.gz,2
who.gho.cm-02,CM_02:EST:SEX_BTSX:AGEGROUP_MONTHS0-11,1970-01-01,2026-09-07T15:50:57Z,high,394.0,,who.gho.cm-02,raw/who.gho.cm-02/2026/09/20260907T155057Z-e03fd9f60113.json.gz,2
who.gho.cm-02,CM_02:EST:SEX_BTSX:AGEGROUP_MONTHS0-11,1970-01-01,2026-09-07T15:50:57Z,low,352.0,,who.gho.cm-02,raw/who.gho.cm-02/2026/09/20260907T155057Z-e03fd9f60113.json.gz,2
who.gho.cm-02,CM_02:EST:SEX_BTSX:AGEGROUP_MONTHS0-11,1970-01-01,2026-09-07T15:50:57Z,restated_at,2026-08-04,,who.gho.cm-02,raw/who.gho.cm-02/2026/09/20260907T155057Z-e03fd9f60113.json.gz,2
who.gho.cm-02,CM_02:EST:SEX_BTSX:AGEGROUP_MONTHS0-11,1970-01-01,2026-09-07T15:50:57Z,value,372.0,,who.gho.cm-02,raw/who.gho.cm-02/2026/09/20260907T155057Z-e03fd9f60113.json.gz,2
who.gho.cm-02,CM_02:EST:SEX_FMLE:AGEGROUP_MONTHS0-11,1970-01-01,2026-09-07T15:50:57Z,high,169.0,,who.gho.cm-02,raw/who.gho.cm-02/2026/09/20260907T155057Z-e03fd9f60113.json.gz,2
who.gho.cm-02,CM_02:EST:SEX_FMLE:AGEGROUP_MONTHS0-11,1970-01-01,2026-09-07T15:50:57Z,low,145.0,,who.gho.cm-02,raw/who.gho.cm-02/2026/09/20260907T155057Z-e03fd9f60113.json.gz,2
who.gho.cm-02,CM_02:EST:SEX_FMLE:AGEGROUP_MONTHS0-11,1970-01-01,2026-09-07T15:50:57Z,restated_at,2026-08-04,,who.gho.cm-02,raw/who.gho.cm-02/2026/09/20260907T155057Z-e03fd9f60113.json.gz,2
who.gho.cm-02,CM_02:EST:SEX_FMLE:AGEGROUP_MONTHS0-11,1970-01-01,2026-09-07T15:50:57Z,value,157.0,,who.gho.cm-02,raw/who.gho.cm-02/2026/09/20260907T155057Z-e03fd9f60113.json.gz,2
who.gho.cm-02,CM_02:EST:SEX_MLE:AGEGROUP_MONTHS0-11,1970-01-01,2026-09-07T15:50:57Z,high,231.0,,who.gho.cm-02,raw/who.gho.cm-02/2026/09/20260907T155057Z-e03fd9f60113.json.gz,2
who.gho.cm-02,CM_02:EST:SEX_MLE:AGEGROUP_MONTHS0-11,1970-01-01,2026-09-07T15:50:57Z,low,202.0,,who.gho.cm-02,raw/who.gho.cm-02/2026/09/20260907T155057Z-e03fd9f60113.json.gz,2
who.gho.cm-02,CM_02:EST:SEX_MLE:AGEGROUP_MONTHS0-11,1970-01-01,2026-09-07T15:50:57Z,restated_at,2026-08-04,,who.gho.cm-02,raw/who.gho.cm-02/2026/09/20260907T155057Z-e03fd9f60113.json.gz,2
who.gho.cm-02,CM_02:EST:SEX_MLE:AGEGROUP_MONTHS0-11,1970-01-01,2026-09-07T15:50:57Z,value,215.0,,who.gho.cm-02,raw/who.gho.cm-02/2026/09/20260907T155057Z-e03fd9f60113.json.gz,2
who.gho.cm-02,CM_02:ETH:SEX_BTSX:AGEGROUP_MONTHS0-11,1970-01-01,2026-09-07T15:58:16Z,high,225282.0,,who.gho.cm-02,raw/who.gho.cm-02/2026/09/20260907T155816Z-99a1a16a015f.json.gz,2
who.gho.cm-02,CM_02:ETH:SEX_BTSX:AGEGROUP_MONTHS0-11,1970-01-01,2026-09-07T15:58:16Z,low,163193.0,,who.gho.cm-02,raw/who.gho.cm-02/2026/09/20260907T155816Z-99a1a16a015f.json.gz,2
who.gho.cm-02,CM_02:ETH:SEX_BTSX:AGEGROUP_MONTHS0-11,1970-01-01,2026-09-07T15:58:16Z,restated_at,2026-08-04,,who.gho.cm-02,raw/who.gho.cm-02/2026/09/20260907T155816Z-99a1a16a015f.json.gz,2
who.gho.cm-02,CM_02:ETH:SEX_BTSX:AGEGROUP_MONTHS0-11,1970-01-01,2026-09-07T15:58:16Z,value,192643.0,,who.gho.cm-02,raw/who.gho.cm-02/2026/09/20260907T155816Z-99a1a16a015f.json.gz,2
who.gho.cm-02,CM_02:ETH:SEX_FMLE:AGEGROUP_MONTHS0-11,1970-01-01,2026-09-07T15:51:40Z,high,99857.0,,who.gho.cm-02,raw/who.gho.cm-02/2026/09/20260907T155140Z-2ccf90b4d287.json.gz,2
who.gho.cm-02,CM_02:ETH:SEX_FMLE:AGEGROUP_MONTHS0-11,1970-01-01,2026-09-07T15:51:40Z,low,71491.0,,who.gho.cm-02,raw/who.gho.cm-02/2026/09/20260907T155140Z-2ccf90b4d287.json.gz,2
who.gho.cm-02,CM_02:ETH:SEX_FMLE:AGEGROUP_MONTHS0-11,1970-01-01,2026-09-07T15:51:40Z,restated_at,2026-08-04,,who.gho.cm-02,raw/who.gho.cm-02/2026/09/20260907T155140Z-2ccf90b4d287.json.gz,2
who.gho.cm-02,CM_02:ETH:SEX_FMLE:AGEGROUP_MONTHS0-11,1970-01-01,2026-09-07T15:51:40Z,value,84775.0,,who.gho.cm-02,raw/who.gho.cm-02/2026/09/20260907T155140Z-2ccf90b4d287.json.gz,2
who.gho.cm-02,CM_02:ETH:SEX_MLE:AGEGROUP_MONTHS0-11,1970-01-01,2026-09-07T15:58:16Z,high,126564.0,,who.gho.cm-02,raw/who.gho.cm-02/2026/09/20260907T155816Z-99a1a16a015f.json.gz,2
who.gho.cm-02,CM_02:ETH:SEX_MLE:AGEGROUP_MONTHS0-11,1970-01-01,2026-09-07T15:58:16Z,low,90883.0,,who.gho.cm-02,raw/who.gho.cm-02/2026/09/20260907T155816Z-99a1a16a015f.json.gz,2
who.gho.cm-02,CM_02:ETH:SEX_MLE:AGEGROUP_MONTHS0-11,1970-01-01,2026-09-07T15:58:16Z,restated_at,2026-08-04,,who.gho.cm-02,raw/who.gho.cm-02/2026/09/20260907T155816Z-99a1a16a015f.json.gz,2
who.gho.cm-02,CM_02:ETH:SEX_MLE:AGEGROUP_MONTHS0-11,1970-01-01,2026-09-07T15:58:16Z,value,107868.0,,who.gho.cm-02,raw/who.gho.cm-02/2026/09/20260907T155816Z-99a1a16a015f.json.gz,2
who.gho.cm-02,CM_02:FIN:SEX_BTSX:AGEGROUP_MONTHS0-11,1970-01-01,2026-09-07T15:56:27Z,high,900.0,,who.gho.cm-02,raw/who.gho.cm-02/2026/09/20260907T155627Z-19eb4e6c1215.json.gz,2
who.gho.cm-02,CM_02:FIN:SEX_BTSX:AGEGROUP_MONTHS0-11,1970-01-01,2026-09-07T15:56:27Z,low,859.0,,who.gho.cm-02,raw/who.gho.cm-02/2026/09/20260907T155627Z-19eb4e6c1215.json.gz,2
who.gho.cm-02,CM_02:FIN:SEX_BTSX:AGEGROUP_MONTHS0-11,1970-01-01,2026-09-07T15:56:27Z,restated_at,2026-08-04,,who.gho.cm-02,raw/who.gho.cm-02/2026/09/20260907T155627Z-19eb4e6c1215.json.gz,2
who.gho.cm-02,CM_02:FIN:SEX_BTSX:AGEGROUP_MONTHS0-11,1970-01-01,2026-09-07T15:56:27Z,value,879.0,,who.gho.cm-02,raw/who.gho.cm-02/2026/09/20260907T155627Z-19eb4e6c1215.json.gz,2
who.gho.cm-02,CM_02:FIN:SEX_FMLE:AGEGROUP_MONTHS0-11,1970-01-01,2026-09-07T15:56:37Z,high,385.0,,who.gho.cm-02,raw/who.gho.cm-02/2026/09/20260907T155637Z-c7bda929b138.json.gz,2
who.gho.cm-02,CM_02:FIN:SEX_FMLE:AGEGROUP_MONTHS0-11,1970-01-01,2026-09-07T15:56:37Z,low,361.0,,who.gho.cm-02,raw/who.gho.cm-02/2026/09/20260907T155637Z-c7bda929b138.json.gz,2
who.gho.cm-02,CM_02:FIN:SEX_FMLE:AGEGROUP_MONTHS0-11,1970-01-01,2026-09-07T15:56:37Z,restated_at,2026-08-04,,who.gho.cm-02,raw/who.gho.cm-02/2026/09/20260907T155637Z-c7bda929b138.json.gz,2
who.gho.cm-02,CM_02:FIN:SEX_FMLE:AGEGROUP_MONTHS0-11,1970-01-01,2026-09-07T15:56:37Z,value,373.0,,who.gho.cm-02,raw/who.gho.cm-02/2026/09/20260907T155637Z-c7bda929b138.json.gz,2
who.gho.cm-02,CM_02:FIN:SEX_MLE:AGEGROUP_MONTHS0-11,1970-01-01,2026-09-07T15:52:03Z,high,521.0,,who.gho.cm-02,raw/who.gho.cm-02/2026/09/20260907T155203Z-07dabadb5738.json.gz,2
who.gho.cm-02,CM_02:FIN:SEX_MLE:AGEGROUP_MONTHS0-11,1970-01-01,2026-09-07T15:52:03Z,low,492.0,,who.gho.cm-02,raw/who.gho.cm-02/2026/09/20260907T155203Z-07dabadb5738.json.gz,2
who.gho.cm-02,CM_02:FIN:SEX_MLE:AGEGROUP_MONTHS0-11,1970-01-01,2026-09-07T15:52:03Z,restated_at,2026-08-04,,who.gho.cm-02,raw/who.gho.cm-02/2026/09/20260907T155203Z-07dabadb5738.json.gz,2
who.gho.cm-02,CM_02:FIN:SEX_MLE:AGEGROUP_MONTHS0-11,1970-01-01,2026-09-07T15:52:03Z,value,506.0,,who.gho.cm-02,raw/who.gho.cm-02/2026/09/20260907T155203Z-07dabadb5738.json.gz,2
who.gho.cm-02,CM_02:FJI:SEX_BTSX:AGEGROUP_MONTHS0-11,1970-01-01,2026-09-07T15:51:01Z,high,924.0,,who.gho.cm-02,raw/who.gho.cm-02/2026/09/20260907T155101Z-65d1a3fa0413.json.gz,2
who.gho.cm-02,CM_02:FJI:SEX_BTSX:AGEGROUP_MONTHS0-11,1970-01-01,2026-09-07T15:51:01Z,low,729.0,,who.gho.cm-02,raw/who.gho.cm-02/2026/09/20260907T155101Z-65d1a3fa0413.json.gz,2
who.gho.cm-02,CM_02:FJI:SEX_BTSX:AGEGROUP_MONTHS0-11,1970-01-01,2026-09-07T15:51:01Z,restated_at,2026-08-04,,who.gho.cm-02,raw/who.gho.cm-02/2026/09/20260907T155101Z-65d1a3fa0413.json.gz,2
who.gho.cm-02,CM_02:FJI:SEX_BTSX:AGEGROUP_MONTHS0-11,1970-01-01,2026-09-07T15:51:01Z,value,820.0,,who.gho.cm-02,raw/who.gho.cm-02/2026/09/20260907T155101Z-65d1a3fa0413.json.gz,2
who.gho.cm-02,CM_02:FJI:SEX_FMLE:AGEGROUP_MONTHS0-11,1970-01-01,2026-09-07T15:52:26Z,high,412.0,,who.gho.cm-02,raw/who.gho.cm-02/2026/09/20260907T155226Z-b536cc4a2b4c.json.gz,2
who.gho.cm-02,CM_02:FJI:SEX_FMLE:AGEGROUP_MONTHS0-11,1970-01-01,2026-09-07T15:52:26Z,low,320.0,,who.gho.cm-02,raw/who.gho.cm-02/2026/09/20260907T155226Z-b536cc4a2b4c.json.gz,2
who.gho.cm-02,CM_02:FJI:SEX_FMLE:AGEGROUP_MONTHS0-11,1970-01-01,2026-09-07T15:52:26Z,restated_at,2026-08-04,,who.gho.cm-02,raw/who.gho.cm-02/2026/09/20260907T155226Z-b536cc4a2b4c.json.gz,2
who.gho.cm-02,CM_02:FJI:SEX_FMLE:AGEGROUP_MONTHS0-11,1970-01-01,2026-09-07T15:52:26Z,value,363.0,,who.gho.cm-02,raw/who.gho.cm-02/2026/09/20260907T155226Z-b536cc4a2b4c.json.gz,2
who.gho.cm-02,CM_02:FJI:SEX_MLE:AGEGROUP_MONTHS0-11,1970-01-01,2026-09-07T15:57:07Z,high,518.0,,who.gho.cm-02,raw/who.gho.cm-02/2026/09/20260907T155707Z-3cd3e5b56c9f.json.gz,2
who.gho.cm-02,CM_02:FJI:SEX_MLE:AGEGROUP_MONTHS0-11,1970-01-01,2026-09-07T15:57:07Z,low,406.0,,who.gho.cm-02,raw/who.gho.cm-02/2026/09/20260907T155707Z-3cd3e5b56c9f.json.gz,2
who.gho.cm-02,CM_02:FJI:SEX_MLE:AGEGROUP_MONTHS0-11,1970-01-01,2026-09-07T15:57:07Z,restated_at,2026-08-04,,who.gho.cm-02,raw/who.gho.cm-02/2026/09/20260907T155707Z-3cd3e5b56c9f.json.gz,2
who.gho.cm-02,CM_02:FJI:SEX_MLE:AGEGROUP_MONTHS0-11,1970-01-01,2026-09-07T15:57:07Z,value,457.0,,who.gho.cm-02,raw/who.gho.cm-02/2026/09/20260907T155707Z-3cd3e5b56c9f.json.gz,2
who.gho.cm-02,CM_02:FRA:SEX_BTSX:AGEGROUP_MONTHS0-11,1970-01-01,2026-09-07T15:58:12Z,high,12920.0,,who.gho.cm-02,raw/who.gho.cm-02/2026/09/20260907T155812Z-02a2023435be.json.gz,2
who.gho.cm-02,CM_02:FRA:SEX_BTSX:AGEGROUP_MONTHS0-11,1970-01-01,2026-09-07T15:58:12Z,low,12441.0,,who.gho.cm-02,raw/who.gho.cm-02/2026/09/20260907T155812Z-02a2023435be.json.gz,2
who.gho.cm-02,CM_02:FRA:SEX_BTSX:AGEGROUP_MONTHS0-11,1970-01-01,2026-09-07T15:58:12Z,restated_at,2026-08-04,,who.gho.cm-02,raw/who.gho.cm-02/2026/09/20260907T155812Z-02a2023435be.json.gz,2
who.gho.cm-02,CM_02:FRA:SEX_BTSX:AGEGROUP_MONTHS0-11,1970-01-01,2026-09-07T15:58:12Z,value,12676.0,,who.gho.cm-02,raw/who.gho.cm-02/2026/09/20260907T155812Z-02a2023435be.json.gz,2
who.gho.cm-02,CM_02:FRA:SEX_FMLE:AGEGROUP_MONTHS0-11,1970-01-01,2026-09-07T15:53:02Z,high,5481.0,,who.gho.cm-02,raw/who.gho.cm-02/2026/09/20260907T155302Z-206bb5f6993f.json.gz,2
who.gho.cm-02,CM_02:FRA:SEX_FMLE:AGEGROUP_MONTHS0-11,1970-01-01,2026-09-07T15:53:02Z,low,5249.0,,who.gho.cm-02,raw/who.gho.cm-02/2026/09/20260907T155302Z-206bb5f6993f.json.gz,2
who.gho.cm-02,CM_02:FRA:SEX_FMLE:AGEGROUP_MONTHS0-11,1970-01-01,2026-09-07T15:53:02Z,restated_at,2026-08-04,,who.gho.cm-02,raw/who.gho.cm-02/2026/09/20260907T155302Z-206bb5f6993f.json.gz,2
who.gho.cm-02,CM_02:FRA:SEX_FMLE:AGEGROUP_MONTHS0-11,1970-01-01,2026-09-07T15:53:02Z,value,5364.0,,who.gho.cm-02,raw/who.gho.cm-02/2026/09/20260907T155302Z-206bb5f6993f.json.gz,2
who.gho.cm-02,CM_02:FRA:SEX_MLE:AGEGROUP_MONTHS0-11,1970-01-01,2026-09-07T15:58:25Z,high,7464.0,,who.gho.cm-02,raw/who.gho.cm-02/2026/09/20260907T155825Z-6675ad1e3bc7.json.gz,2
who.gho.cm-02,CM_02:FRA:SEX_MLE:AGEGROUP_MONTHS0-11,1970-01-01,2026-09-07T15:58:25Z,low,7167.0,,who.gho.cm-02,raw/who.gho.cm-02/2026/09/20260907T155825Z-6675ad1e3bc7.json.gz,2
who.gho.cm-02,CM_02:FRA:SEX_MLE:AGEGROUP_MONTHS0-11,1970-01-01,2026-09-07T15:58:25Z,restated_at,2026-08-04,,who.gho.cm-02,raw/who.gho.cm-02/2026/09/20260907T155825Z-6675ad1e3bc7.json.gz,2
who.gho.cm-02,CM_02:FRA:SEX_MLE:AGEGROUP_MONTHS0-11,1970-01-01,2026-09-07T15:58:25Z,value,7312.0,,who.gho.cm-02,raw/who.gho.cm-02/2026/09/20260907T155825Z-6675ad1e3bc7.json.gz,2
who.gho.cm-02,CM_02:FSM:SEX_BTSX:AGEGROUP_MONTHS0-11,1970-01-01,2026-09-07T15:52:03Z,high,204.0,,who.gho.cm-02,raw/who.gho.cm-02/2026/09/20260907T155203Z-07dabadb5738.json.gz,2
who.gho.cm-02,CM_02:FSM:SEX_BTSX:AGEGROUP_MONTHS0-11,1970-01-01,2026-09-07T15:52:03Z,low,136.0,,who.gho.cm-02,raw/who.gho.cm-02/2026/09/20260907T155203Z-07dabadb5738.json.gz,2
who.gho.cm-02,CM_02:FSM:SEX_BTSX:AGEGROUP_MONTHS0-11,1970-01-01,2026-09-07T15:52:03Z,restated_at,2026-08-04,,who.gho.cm-02,raw/who.gho.cm-02/2026/09/20260907T155203Z-07dabadb5738.json.gz,2
who.gho.cm-02,CM_02:FSM:SEX_BTSX:AGEGROUP_MONTHS0-11,1970-01-01,2026-09-07T15:52:03Z,value,167.0,,who.gho.cm-02,raw/who.gho.cm-02/2026/09/20260907T155203Z-07dabadb5738.json.gz,2
who.gho.cm-02,CM_02:FSM:SEX_FMLE:AGEGROUP_MONTHS0-11,1970-01-01,2026-09-07T15:56:55Z,high,88.0,,who.gho.cm-02,raw/who.gho.cm-02/2026/09/20260907T155655Z-a5ea76265971.json.gz,2
who.gho.cm-02,CM_02:FSM:SEX_FMLE:AGEGROUP_MONTHS0-11,1970-01-01,2026-09-07T15:56:55Z,low,58.0,,who.gho.cm-02,raw/who.gho.cm-02/2026/09/20260907T155655Z-a5ea76265971.json.gz,2
who.gho.cm-02,CM_02:FSM:SEX_FMLE:AGEGROUP_MONTHS0-11,1970-01-01,2026-09-07T15:56:55Z,restated_at,2025-04-15,,who.gho.cm-02,raw/who.gho.cm-02/2026/09/20260907T155655Z-a5ea76265971.json.gz,2
who.gho.cm-02,CM_02:FSM:SEX_FMLE:AGEGROUP_MONTHS0-11,1970-01-01,2026-09-07T15:56:55Z,value,72.0,,who.gho.cm-02,raw/who.gho.cm-02/2026/09/20260907T155655Z-a5ea76265971.json.gz,2
who.gho.cm-02,CM_02:FSM:SEX_MLE:AGEGROUP_MONTHS0-11,1970-01-01,2026-09-07T15:57:35Z,high,117.0,,who.gho.cm-02,raw/who.gho.cm-02/2026/09/20260907T155735Z-be5ff4c5352d.json.gz,2
who.gho.cm-02,CM_02:FSM:SEX_MLE:AGEGROUP_MONTHS0-11,1970-01-01,2026-09-07T15:57:35Z,low,77.0,,who.gho.cm-02,raw/who.gho.cm-02/2026/09/20260907T155735Z-be5ff4c5352d.json.gz,2
who.gho.cm-02,CM_02:FSM:SEX_MLE:AGEGROUP_MONTHS0-11,1970-01-01,2026-09-07T15:57:35Z,restated_at,2026-08-04,,who.gho.cm-02,raw/who.gho.cm-02/2026/09/20260907T155735Z-be5ff4c5352d.json.gz,2
who.gho.cm-02,CM_02:FSM:SEX_MLE:AGEGROUP_MONTHS0-11,1970-01-01,2026-09-07T15:57:35Z,value,95.0,,who.gho.cm-02,raw/who.gho.cm-02/2026/09/20260907T155735Z-be5ff4c5352d.json.gz,2
who.gho.cm-02,CM_02:GAB:SEX_BTSX:AGEGROUP_MONTHS0-11,1970-01-01,2026-09-07T15:56:55Z,high,2376.0,,who.gho.cm-02,raw/who.gho.cm-02/2026/09/20260907T155655Z-a5ea76265971.json.gz,2
who.gho.cm-02,CM_02:GAB:SEX_BTSX:AGEGROUP_MONTHS0-11,1970-01-01,2026-09-07T15:56:55Z,low,1521.0,,who.gho.cm-02,raw/who.gho.cm-02/2026/09/20260907T155655Z-a5ea76265971.json.gz,2
who.gho.cm-02,CM_02:GAB:SEX_BTSX:AGEGROUP_MONTHS0-11,1970-01-01,2026-09-07T15:56:55Z,restated_at,2026-08-04,,who.gho.cm-02,raw/who.gho.cm-02/2026/09/20260907T155655Z-a5ea76265971.json.gz,2
who.gho.cm-02,CM_02:GAB:SEX_BTSX:AGEGROUP_MONTHS0-11,1970-01-01,2026-09-07T15:56:55Z,value,1861.0,,who.gho.cm-02,raw/who.gho.cm-02/2026/09/20260907T155655Z-a5ea76265971.json.gz,2
who.gho.cm-02,CM_02:GAB:SEX_FMLE:AGEGROUP_MONTHS0-11,1970-01-01,2026-09-07T15:51:05Z,high,1065.0,,who.gho.cm-02,raw/who.gho.cm-02/2026/09/20260907T155105Z-bd351d716a31.json.gz,2
who.gho.cm-02,CM_02:GAB:SEX_FMLE:AGEGROUP_MONTHS0-11,1970-01-01,2026-09-07T15:51:05Z,low,674.0,,who.gho.cm-02,raw/who.gho.cm-02/2026/09/20260907T155105Z-bd351d716a31.json.gz,2
who.gho.cm-02,CM_02:GAB:SEX_FMLE:AGEGROUP_MONTHS0-11,1970-01-01,2026-09-07T15:51:05Z,restated_at,2026-08-04,,who.gho.cm-02,raw/who.gho.cm-02/2026/09/20260907T155105Z-bd351d716a31.json.gz,2
who.gho.cm-02,CM_02:GAB:SEX_FMLE:AGEGROUP_MONTHS0-11,1970-01-01,2026-09-07T15:51:05Z,value,831.0,,who.gho.cm-02,raw/who.gho.cm-02/2026/09/20260907T155105Z-bd351d716a31.json.gz,2
who.gho.cm-02,CM_02:GAB:SEX_MLE:AGEGROUP_MONTHS0-11,1970-01-01,2026-09-07T15:56:41Z,high,1315.0,,who.gho.cm-02,raw/who.gho.cm-02/2026/09/20260907T155641Z-022407e160ee.json.gz,2
who.gho.cm-02,CM_02:GAB:SEX_MLE:AGEGROUP_MONTHS0-11,1970-01-01,2026-09-07T15:56:41Z,low,836.0,,who.gho.cm-02,raw/who.gho.cm-02/2026/09/20260907T155641Z-022407e160ee.json.gz,2
who.gho.cm-02,CM_02:GAB:SEX_MLE:AGEGROUP_MONTHS0-11,1970-01-01,2026-09-07T15:56:41Z,restated_at,2026-08-04,,who.gho.cm-02,raw/who.gho.cm-02/2026/09/20260907T155641Z-022407e160ee.json.gz,2
who.gho.cm-02,CM_02:GAB:SEX_MLE:AGEGROUP_MONTHS0-11,1970-01-01,2026-09-07T15:56:41Z,value,1030.0,,who.gho.cm-02,raw/who.gho.cm-02/2026/09/20260907T155641Z-022407e160ee.json.gz,2
who.gho.cm-02,CM_02:GBR:SEX_BTSX:AGEGROUP_MONTHS0-11,1970-01-01,2026-09-07T15:57:17Z,high,16646.0,,who.gho.cm-02,raw/who.gho.cm-02/2026/09/20260907T155717Z-89bc69b90b61.json.gz,2
who.gho.cm-02,CM_02:GBR:SEX_BTSX:AGEGROUP_MONTHS0-11,1970-01-01,2026-09-07T15:57:17Z,low,16027.0,,who.gho.cm-02,raw/who.gho.cm-02/2026/09/20260907T155717Z-89bc69b90b61.json.gz,2
who.gho.cm-02,CM_02:GBR:SEX_BTSX:AGEGROUP_MONTHS0-11,1970-01-01,2026-09-07T15:57:17Z,restated_at,2026-08-04,,who.gho.cm-02,raw/who.gho.cm-02/2026/09/20260907T155717Z-89bc69b90b61.json.gz,2
who.gho.cm-02,CM_02:GBR:SEX_BTSX:AGEGROUP_MONTHS0-11,1970-01-01,2026-09-07T15:57:17Z,value,16331.0,,who.gho.cm-02,raw/who.gho.cm-02/2026/09/20260907T155717Z-89bc69b90b61.json.gz,2
who.gho.cm-02,CM_02:GBR:SEX_FMLE:AGEGROUP_MONTHS0-11,1970-01-01,2026-09-07T15:56:55Z,high,7024.0,,who.gho.cm-02,raw/who.gho.cm-02/2026/09/20260907T155655Z-a5ea76265971.json.gz,2
who.gho.cm-02,CM_02:GBR:SEX_FMLE:AGEGROUP_MONTHS0-11,1970-01-01,2026-09-07T15:56:55Z,low,6730.0,,who.gho.cm-02,raw/who.gho.cm-02/2026/09/20260907T155655Z-a5ea76265971.json.gz,2
who.gho.cm-02,CM_02:GBR:SEX_FMLE:AGEGROUP_MONTHS0-11,1970-01-01,2026-09-07T15:56:55Z,restated_at,2026-08-04,,who.gho.cm-02,raw/who.gho.cm-02/2026/09/20260907T155655Z-a5ea76265971.json.gz,2
who.gho.cm-02,CM_02:GBR:SEX_FMLE:AGEGROUP_MONTHS0-11,1970-01-01,2026-09-07T15:56:55Z,value,6871.0,,who.gho.cm-02,raw/who.gho.cm-02/2026/09/20260907T155655Z-a5ea76265971.json.gz,2
who.gho.cm-02,CM_02:GBR:SEX_MLE:AGEGROUP_MONTHS0-11,1970-01-01,2026-09-07T15:51:54Z,high,9655.0,,who.gho.cm-02,raw/who.gho.cm-02/2026/09/20260907T155154Z-820134cf428b.json.gz,2
who.gho.cm-02,CM_02:GBR:SEX_MLE:AGEGROUP_MONTHS0-11,1970-01-01,2026-09-07T15:51:54Z,low,9273.0,,who.gho.cm-02,raw/who.gho.cm-02/2026/09/20260907T155154Z-820134cf428b.json.gz,2
who.gho.cm-02,CM_02:GBR:SEX_MLE:AGEGROUP_MONTHS0-11,1970-01-01,2026-09-07T15:51:54Z,restated_at,2026-08-04,,who.gho.cm-02,raw/who.gho.cm-02/2026/09/20260907T155154Z-820134cf428b.json.gz,2
who.gho.cm-02,CM_02:GBR:SEX_MLE:AGEGROUP_MONTHS0-11,1970-01-01,2026-09-07T15:51:54Z,value,9460.0,,who.gho.cm-02,raw/who.gho.cm-02/2026/09/20260907T155154Z-820134cf428b.json.gz,2
who.gho.cm-02,CM_02:GHA:SEX_BTSX:AGEGROUP_MONTHS0-11,1970-01-01,2026-09-07T15:51:44Z,high,49129.0,,who.gho.cm-02,raw/who.gho.cm-02/2026/09/20260907T155144Z-505d97ce9093.json.gz,2
who.gho.cm-02,CM_02:GHA:SEX_BTSX:AGEGROUP_MONTHS0-11,1970-01-01,2026-09-07T15:51:44Z,low,45704.0,,who.gho.cm-02,raw/who.gho.cm-02/2026/09/20260907T155144Z-505d97ce9093.json.gz,2
who.gho.cm-02,CM_02:GHA:SEX_BTSX:AGEGROUP_MONTHS0-11,1970-01-01,2026-09-07T15:51:44Z,restated_at,2026-08-04,,who.gho.cm-02,raw/who.gho.cm-02/2026/09/20260907T155144Z-505d97ce9093.json.gz,2
who.gho.cm-02,CM_02:GHA:SEX_BTSX:AGEGROUP_MONTHS0-11,1970-01-01,2026-09-07T15:51:44Z,value,47417.0,,who.gho.cm-02,raw/who.gho.cm-02/2026/09/20260907T155144Z-505d97ce9093.json.gz,2
who.gho.cm-02,CM_02:GHA:SEX_FMLE:AGEGROUP_MONTHS0-11,1970-01-01,2026-09-07T15:58:12Z,high,22733.0,,who.gho.cm-02,raw/who.gho.cm-02/2026/09/20260907T155812Z-02a2023435be.json.gz,2
who.gho.cm-02,CM_02:GHA:SEX_FMLE:AGEGROUP_MONTHS0-11,1970-01-01,2026-09-07T15:58:12Z,low,20440.0,,who.gho.cm-02,raw/who.gho.cm-02/2026/09/20260907T155812Z-02a2023435be.json.gz,2
who.gho.cm-02,CM_02:GHA:SEX_FMLE:AGEGROUP_MONTHS0-11,1970-01-01,2026-09-07T15:58:12Z,restated_at,2026-08-04,,who.gho.cm-02,raw/who.gho.cm-02/2026/09/20260907T155812Z-02a2023435be.json.gz,2
who.gho.cm-02,CM_02:GHA:SEX_FMLE:AGEGROUP_MONTHS0-11,1970-01-01,2026-09-07T15:58:12Z,value,21596.0,,who.gho.cm-02,raw/who.gho.cm-02/2026/09/20260907T155812Z-02a2023435be.json.gz,2
who.gho.cm-02,CM_02:GHA:SEX_MLE:AGEGROUP_MONTHS0-11,1970-01-01,2026-09-07T15:57:30Z,high,27091.0,,who.gho.cm-02,raw/who.gho.cm-02/2026/09/20260907T155730Z-1fe49c27b9ed.json.gz,2
who.gho.cm-02,CM_02:GHA:SEX_MLE:AGEGROUP_MONTHS0-11,1970-01-01,2026-09-07T15:57:30Z,low,24570.0,,who.gho.cm-02,raw/who.gho.cm-02/2026/09/20260907T155730Z-1fe49c27b9ed.json.gz,2
who.gho.cm-02,CM_02:GHA:SEX_MLE:AGEGROUP_MONTHS0-11,1970-01-01,2026-09-07T15:57:30Z,restated_at,2026-08-04,,who.gho.cm-02,raw/who.gho.cm-02/2026/09/20260907T155730Z-1fe49c27b9ed.json.gz,2
who.gho.cm-02,CM_02:GHA:SEX_MLE:AGEGROUP_MONTHS0-11,1970-01-01,2026-09-07T15:57:30Z,value,25821.0,,who.gho.cm-02,raw/who.gho.cm-02/2026/09/20260907T155730Z-1fe49c27b9ed.json.gz,2
who.gho.cm-02,CM_02:GIN:SEX_BTSX:AGEGROUP_MONTHS0-11,1970-01-01,2026-09-07T15:57:35Z,high,38215.0,,who.gho.cm-02,raw/who.gho.cm-02/2026/09/20260907T155735Z-be5ff4c5352d.json.gz,2
who.gho.cm-02,CM_02:GIN:SEX_BTSX:AGEGROUP_MONTHS0-11,1970-01-01,2026-09-07T15:57:35Z,low,29986.0,,who.gho.cm-02,raw/who.gho.cm-02/2026/09/20260907T155735Z-be5ff4c5352d.json.gz,2
who.gho.cm-02,CM_02:GIN:SEX_BTSX:AGEGROUP_MONTHS0-11,1970-01-01,2026-09-07T15:57:35Z,restated_at,2026-08-04,,who.gho.cm-02,raw/who.gho.cm-02/2026/09/20260907T155735Z-be5ff4c5352d.json.gz,2
who.gho.cm-02,CM_02:GIN:SEX_BTSX:AGEGROUP_MONTHS0-11,1970-01-01,2026-09-07T15:57:35Z,value,33813.0,,who.gho.cm-02,raw/who.gho.cm-02/2026/09/20260907T155735Z-be5ff4c5352d.json.gz,2
who.gho.cm-02,CM_02:GIN:SEX_FMLE:AGEGROUP_MONTHS0-11,1970-01-01,2026-09-07T15:51:44Z,high,17640.0,,who.gho.cm-02,raw/who.gho.cm-02/2026/09/20260907T155144Z-505d97ce9093.json.gz,2
who.gho.cm-02,CM_02:GIN:SEX_FMLE:AGEGROUP_MONTHS0-11,1970-01-01,2026-09-07T15:51:44Z,low,13631.0,,who.gho.cm-02,raw/who.gho.cm-02/2026/09/20260907T155144Z-505d97ce9093.json.gz,2
who.gho.cm-02,CM_02:GIN:SEX_FMLE:AGEGROUP_MONTHS0-11,1970-01-01,2026-09-07T15:51:44Z,restated_at,2026-08-04,,who.gho.cm-02,raw/who.gho.cm-02/2026/09/20260907T155144Z-505d97ce9093.json.gz,2
who.gho.cm-02,CM_02:GIN:SEX_FMLE:AGEGROUP_MONTHS0-11,1970-01-01,2026-09-07T15:51:44Z,value,15510.0,,who.gho.cm-02,raw/who.gho.cm-02/2026/09/20260907T155144Z-505d97ce9093.json.gz,2
who.gho.cm-02,CM_02:GIN:SEX_MLE:AGEGROUP_MONTHS0-11,1970-01-01,2026-09-07T15:56:55Z,high,20771.0,,who.gho.cm-02,raw/who.gho.cm-02/2026/09/20260907T155655Z-a5ea76265971.json.gz,2
who.gho.cm-02,CM_02:GIN:SEX_MLE:AGEGROUP_MONTHS0-11,1970-01-01,2026-09-07T15:56:55Z,low,16112.0,,who.gho.cm-02,raw/who.gho.cm-02/2026/09/20260907T155655Z-a5ea76265971.json.gz,2
who.gho.cm-02,CM_02:GIN:SEX_MLE:AGEGROUP_MONTHS0-11,1970-01-01,2026-09-07T15:56:55Z,restated_at,2026-08-04,,who.gho.cm-02,raw/who.gho.cm-02/2026/09/20260907T155655Z-a5ea76265971.json.gz,2
who.gho.cm-02,CM_02:GIN:SEX_MLE:AGEGROUP_MONTHS0-11,1970-01-01,2026-09-07T15:56:55Z,value,18303.0,,who.gho.cm-02,raw/who.gho.cm-02/2026/09/20260907T155655Z-a5ea76265971.json.gz,2
who.gho.cm-02,CM_02:GMB:SEX_BTSX:AGEGROUP_MONTHS0-11,1970-01-01,2026-09-07T15:56:37Z,high,3941.0,,who.gho.cm-02,raw/who.gho.cm-02/2026/09/20260907T155637Z-c7bda929b138.json.gz,2
who.gho.cm-02,CM_02:GMB:SEX_BTSX:AGEGROUP_MONTHS0-11,1970-01-01,2026-09-07T15:56:37Z,low,3088.0,,who.gho.cm-02,raw/who.gho.cm-02/2026/09/20260907T155637Z-c7bda929b138.json.gz,2
who.gho.cm-02,CM_02:GMB:SEX_BTSX:AGEGROUP_MONTHS0-11,1970-01-01,2026-09-07T15:56:37Z,restated_at,2026-08-04,,who.gho.cm-02,raw/who.gho.cm-02/2026/09/20260907T155637Z-c7bda929b138.json.gz,2
who.gho.cm-02,CM_02:GMB:SEX_BTSX:AGEGROUP_MONTHS0-11,1970-01-01,2026-09-07T15:56:37Z,value,3490.0,,who.gho.cm-02,raw/who.gho.cm-02/2026/09/20260907T155637Z-c7bda929b138.json.gz,2
who.gho.cm-02,CM_02:GMB:SEX_FMLE:AGEGROUP_MONTHS0-11,1970-01-01,2026-09-07T15:51:44Z,high,1804.0,,who.gho.cm-02,raw/who.gho.cm-02/2026/09/20260907T155144Z-505d97ce9093.json.gz,2
who.gho.cm-02,CM_02:GMB:SEX_FMLE:AGEGROUP_MONTHS0-11,1970-01-01,2026-09-07T15:51:44Z,low,1378.0,,who.gho.cm-02,raw/who.gho.cm-02/2026/09/20260907T155144Z-505d97ce9093.json.gz,2
who.gho.cm-02,CM_02:GMB:SEX_FMLE:AGEGROUP_MONTHS0-11,1970-01-01,2026-09-07T15:51:44Z,restated_at,2026-08-04,,who.gho.cm-02,raw/who.gho.cm-02/2026/09/20260907T155144Z-505d97ce9093.json.gz,2
who.gho.cm-02,CM_02:GMB:SEX_FMLE:AGEGROUP_MONTHS0-11,1970-01-01,2026-09-07T15:51:44Z,value,1579.0,,who.gho.cm-02,raw/who.gho.cm-02/2026/09/20260907T155144Z-505d97ce9093.json.gz,2
who.gho.cm-02,CM_02:GMB:SEX_MLE:AGEGROUP_MONTHS0-11,1970-01-01,2026-09-07T15:58:25Z,high,2170.0,,who.gho.cm-02,raw/who.gho.cm-02/2026/09/20260907T155825Z-6675ad1e3bc7.json.gz,2
who.gho.cm-02,CM_02:GMB:SEX_MLE:AGEGROUP_MONTHS0-11,1970-01-01,2026-09-07T15:58:25Z,low,1673.0,,who.gho.cm-02,raw/who.gho.cm-02/2026/09/20260907T155825Z-6675ad1e3bc7.json.gz,2
who.gho.cm-02,CM_02:GMB:SEX_MLE:AGEGROUP_MONTHS0-11,1970-01-01,2026-09-07T15:58:25Z,restated_at,2026-08-04,,who.gho.cm-02,raw/who.gho.cm-02/2026/09/20260907T155825Z-6675ad1e3bc7.json.gz,2
who.gho.cm-02,CM_02:GMB:SEX_MLE:AGEGROUP_MONTHS0-11,1970-01-01,2026-09-07T15:58:25Z,value,1911.0,,who.gho.cm-02,raw/who.gho.cm-02/2026/09/20260907T155825Z-6675ad1e3bc7.json.gz,2
who.gho.cm-02,CM_02:GRC:SEX_BTSX:AGEGROUP_MONTHS0-11,1970-01-01,2026-09-07T15:53:02Z,high,4457.0,,who.gho.cm-02,raw/who.gho.cm-02/2026/09/20260907T155302Z-206bb5f6993f.json.gz,2
who.gho.cm-02,CM_02:GRC:SEX_BTSX:AGEGROUP_MONTHS0-11,1970-01-01,2026-09-07T15:53:02Z,low,4279.0,,who.gho.cm-02,raw/who.gho.cm-02/2026/09/20260907T155302Z-206bb5f6993f.json.gz,2
who.gho.cm-02,CM_02:GRC:SEX_BTSX:AGEGROUP_MONTHS0-11,1970-01-01,2026-09-07T15:53:02Z,restated_at,2026-08-04,,who.gho.cm-02,raw/who.gho.cm-02/2026/09/20260907T155302Z-206bb5f6993f.json.gz,2
who.gho.cm-02,CM_02:GRC:SEX_BTSX:AGEGROUP_MONTHS0-11,1970-01-01,2026-09-07T15:53:02Z,value,4368.0,,who.gho.cm-02,raw/who.gho.cm-02/2026/09/20260907T155302Z-206bb5f6993f.json.gz,2
who.gho.cm-02,CM_02:GRC:SEX_FMLE:AGEGROUP_MONTHS0-11,1970-01-01,2026-09-07T15:51:30Z,high,1974.0,,who.gho.cm-02,raw/who.gho.cm-02/2026/09/20260907T155130Z-b74d44aee08e.json.gz,2
who.gho.cm-02,CM_02:GRC:SEX_FMLE:AGEGROUP_MONTHS0-11,1970-01-01,2026-09-07T15:51:30Z,low,1880.0,,who.gho.cm-02,raw/who.gho.cm-02/2026/09/20260907T155130Z-b74d44aee08e.json.gz,2
who.gho.cm-02,CM_02:GRC:SEX_FMLE:AGEGROUP_MONTHS0-11,1970-01-01,2026-09-07T15:51:30Z,restated_at,2026-08-04,,who.gho.cm-02,raw/who.gho.cm-02/2026/09/20260907T155130Z-b74d44aee08e.json.gz,2
who.gho.cm-02,CM_02:GRC:SEX_FMLE:AGEGROUP_MONTHS0-11,1970-01-01,2026-09-07T15:51:30Z,value,1925.0,,who.gho.cm-02,raw/who.gho.cm-02/2026/09/20260907T155130Z-b74d44aee08e.json.gz,2
who.gho.cm-02,CM_02:GRC:SEX_MLE:AGEGROUP_MONTHS0-11,1970-01-01,2026-09-07T15:56:27Z,high,2501.0,,who.gho.cm-02,raw/who.gho.cm-02/2026/09/20260907T155627Z-19eb4e6c1215.json.gz,2
who.gho.cm-02,CM_02:GRC:SEX_MLE:AGEGROUP_MONTHS0-11,1970-01-01,2026-09-07T15:56:27Z,low,2388.0,,who.gho.cm-02,raw/who.gho.cm-02/2026/09/20260907T155627Z-19eb4e6c1215.json.gz,2
who.gho.cm-02,CM_02:GRC:SEX_MLE:AGEGROUP_MONTHS0-11,1970-01-01,2026-09-07T15:56:27Z,restated_at,2026-08-04,,who.gho.cm-02,raw/who.gho.cm-02/2026/09/20260907T155627Z-19eb4e6c1215.json.gz,2
who.gho.cm-02,CM_02:GRC:SEX_MLE:AGEGROUP_MONTHS0-11,1970-01-01,2026-09-07T15:56:27Z,value,2443.0,,who.gho.cm-02,raw/who.gho.cm-02/2026/09/20260907T155627Z-19eb4e6c1215.json.gz,2
who.gho.cm-02,CM_02:GRD:SEX_BTSX:AGEGROUP_MONTHS0-11,1970-01-01,2026-09-07T15:58:25Z,high,131.0,,who.gho.cm-02,raw/who.gho.cm-02/2026/09/20260907T155825Z-6675ad1e3bc7.json.gz,2
who.gho.cm-02,CM_02:GRD:SEX_BTSX:AGEGROUP_MONTHS0-11,1970-01-01,2026-09-07T15:58:25Z,low,109.0,,who.gho.cm-02,raw/who.gho.cm-02/2026/09/20260907T155825Z-6675ad1e3bc7.json.gz,2
who.gho.cm-02,CM_02:GRD:SEX_BTSX:AGEGROUP_MONTHS0-11,1970-01-01,2026-09-07T15:58:25Z,restated_at,2026-08-04,,who.gho.cm-02,raw/who.gho.cm-02/2026/09/20260907T155825Z-6675ad1e3bc7.json.gz,2
who.gho.cm-02,CM_02:GRD:SEX_BTSX:AGEGROUP_MONTHS0-11,1970-01-01,2026-09-07T15:58:25Z,value,120.0,,who.gho.cm-02,raw/who.gho.cm-02/2026/09/20260907T155825Z-6675ad1e3bc7.json.gz,2
who.gho.cm-02,CM_02:GRD:SEX_FMLE:AGEGROUP_MONTHS0-11,1970-01-01,2026-09-07T15:57:12Z,high,60.0,,who.gho.cm-02,raw/who.gho.cm-02/2026/09/20260907T155712Z-98aa519eeacd.json.gz,2
who.gho.cm-02,CM_02:GRD:SEX_FMLE:AGEGROUP_MONTHS0-11,1970-01-01,2026-09-07T15:57:12Z,low,49.0,,who.gho.cm-02,raw/who.gho.cm-02/2026/09/20260907T155712Z-98aa519eeacd.json.gz,2
who.gho.cm-02,CM_02:GRD:SEX_FMLE:AGEGROUP_MONTHS0-11,1970-01-01,2026-09-07T15:57:12Z,restated_at,2025-04-15,,who.gho.cm-02,raw/who.gho.cm-02/2026/09/20260907T155712Z-98aa519eeacd.json.gz,2
who.gho.cm-02,CM_02:GRD:SEX_FMLE:AGEGROUP_MONTHS0-11,1970-01-01,2026-09-07T15:57:12Z,value,54.0,,who.gho.cm-02,raw/who.gho.cm-02/2026/09/20260907T155712Z-98aa519eeacd.json.gz,2
who.gho.cm-02,CM_02:GRD:SEX_MLE:AGEGROUP_MONTHS0-11,1970-01-01,2026-09-07T15:57:21Z,high,72.0,,who.gho.cm-02,raw/who.gho.cm-02/2026/09/20260907T155721Z-a2b5c178c29b.json.gz,2
who.gho.cm-02,CM_02:GRD:SEX_MLE:AGEGROUP_MONTHS0-11,1970-01-01,2026-09-07T15:57:21Z,low,59.0,,who.gho.cm-02,raw/who.gho.cm-02/2026/09/20260907T155721Z-a2b5c178c29b.json.gz,2
who.gho.cm-02,CM_02:GRD:SEX_MLE:AGEGROUP_MONTHS0-11,1970-01-01,2026-09-07T15:57:21Z,restated_at,2026-08-04,,who.gho.cm-02,raw/who.gho.cm-02/2026/09/20260907T155721Z-a2b5c178c29b.json.gz,2
who.gho.cm-02,CM_02:GRD:SEX_MLE:AGEGROUP_MONTHS0-11,1970-01-01,2026-09-07T15:57:21Z,value,66.0,,who.gho.cm-02,raw/who.gho.cm-02/2026/09/20260907T155721Z-a2b5c178c29b.json.gz,2
who.gho.cm-02,CM_02:GTM:SEX_BTSX:AGEGROUP_MONTHS0-11,1970-01-01,2026-09-07T15:57:12Z,high,30987.0,,who.gho.cm-02,raw/who.gho.cm-02/2026/09/20260907T155712Z-98aa519eeacd.json.gz,2
who.gho.cm-02,CM_02:GTM:SEX_BTSX:AGEGROUP_MONTHS0-11,1970-01-01,2026-09-07T15:57:12Z,low,26840.0,,who.gho.cm-02,raw/who.gho.cm-02/2026/09/20260907T155712Z-98aa519eeacd.json.gz,2
who.gho.cm-02,CM_02:GTM:SEX_BTSX:AGEGROUP_MONTHS0-11,1970-01-01,2026-09-07T15:57:12Z,restated_at,2026-08-04,,who.gho.cm-02,raw/who.gho.cm-02/2026/09/20260907T155712Z-98aa519eeacd.json.gz,2
who.gho.cm-02,CM_02:GTM:SEX_BTSX:AGEGROUP_MONTHS0-11,1970-01-01,2026-09-07T15:57:12Z,value,28849.0,,who.gho.cm-02,raw/who.gho.cm-02/2026/09/20260907T155712Z-98aa519eeacd.json.gz,2
who.gho.cm-02,CM_02:GTM:SEX_FMLE:AGEGROUP_MONTHS0-11,1970-01-01,2026-09-07T15:57:49Z,high,14267.0,,who.gho.cm-02,raw/who.gho.cm-02/2026/09/20260907T155749Z-8808ed0c9a07.json.gz,2
who.gho.cm-02,CM_02:GTM:SEX_FMLE:AGEGROUP_MONTHS0-11,1970-01-01,2026-09-07T15:57:49Z,low,12140.0,,who.gho.cm-02,raw/who.gho.cm-02/2026/09/20260907T155749Z-8808ed0c9a07.json.gz,2
who.gho.cm-02,CM_02:GTM:SEX_FMLE:AGEGROUP_MONTHS0-11,1970-01-01,2026-09-07T15:57:49Z,restated_at,2026-08-04,,who.gho.cm-02,raw/who.gho.cm-02/2026/09/20260907T155749Z-8808ed0c9a07.json.gz,2
who.gho.cm-02,CM_02:GTM:SEX_FMLE:AGEGROUP_MONTHS0-11,1970-01-01,2026-09-07T15:57:49Z,value,13174.0,,who.gho.cm-02,raw/who.gho.cm-02/2026/09/20260907T155749Z-8808ed0c9a07.json.gz,2
who.gho.cm-02,CM_02:GTM:SEX_MLE:AGEGROUP_MONTHS0-11,1970-01-01,2026-09-07T15:58:12Z,high,16929.0,,who.gho.cm-02,raw/who.gho.cm-02/2026/09/20260907T155812Z-02a2023435be.json.gz,2
who.gho.cm-02,CM_02:GTM:SEX_MLE:AGEGROUP_MONTHS0-11,1970-01-01,2026-09-07T15:58:12Z,low,14520.0,,who.gho.cm-02,raw/who.gho.cm-02/2026/09/20260907T155812Z-02a2023435be.json.gz,2
who.gho.cm-02,CM_02:GTM:SEX_MLE:AGEGROUP_MONTHS0-11,1970-01-01,2026-09-07T15:58:12Z,restated_at,2026-08-04,,who.gho.cm-02,raw/who.gho.cm-02/2026/09/20260907T155812Z-02a2023435be.json.gz,2
who.gho.cm-02,CM_02:GTM:SEX_MLE:AGEGROUP_MONTHS0-11,1970-01-01,2026-09-07T15:58:12Z,value,15675.0,,who.gho.cm-02,raw/who.gho.cm-02/2026/09/20260907T155812Z-02a2023435be.json.gz,2
who.gho.cm-02,CM_02:GUY:SEX_BTSX:AGEGROUP_MONTHS0-11,1970-01-01,2026-09-07T15:51:16Z,high,1806.0,,who.gho.cm-02,raw/who.gho.cm-02/2026/09/20260907T155116Z-bb01bf96bc15.json.gz,2
who.gho.cm-02,CM_02:GUY:SEX_BTSX:AGEGROUP_MONTHS0-11,1970-01-01,2026-09-07T15:51:16Z,low,1321.0,,who.gho.cm-02,raw/who.gho.cm-02/2026/09/20260907T155116Z-bb01bf96bc15.json.gz,2
who.gho.cm-02,CM_02:GUY:SEX_BTSX:AGEGROUP_MONTHS0-11,1970-01-01,2026-09-07T15:51:16Z,restated_at,2026-08-04,,who.gho.cm-02,raw/who.gho.cm-02/2026/09/20260907T155116Z-bb01bf96bc15.json.gz,2
who.gho.cm-02,CM_02:GUY:SEX_BTSX:AGEGROUP_MONTHS0-11,1970-01-01,2026-09-07T15:51:16Z,value,1545.0,,who.gho.cm-02,raw/who.gho.cm-02/2026/09/20260907T155116Z-bb01bf96bc15.json.gz,2
who.gho.cm-02,CM_02:GUY:SEX_FMLE:AGEGROUP_MONTHS0-11,1970-01-01,2026-09-07T15:57:17Z,high,774.0,,who.gho.cm-02,raw/who.gho.cm-02/2026/09/20260907T155717Z-89bc69b90b61.json.gz,2
who.gho.cm-02,CM_02:GUY:SEX_FMLE:AGEGROUP_MONTHS0-11,1970-01-01,2026-09-07T15:57:17Z,low,559.0,,who.gho.cm-02,raw/who.gho.cm-02/2026/09/20260907T155717Z-89bc69b90b61.json.gz,2
who.gho.cm-02,CM_02:GUY:SEX_FMLE:AGEGROUP_MONTHS0-11,1970-01-01,2026-09-07T15:57:17Z,restated_at,2026-08-04,,who.gho.cm-02,raw/who.gho.cm-02/2026/09/20260907T155717Z-89bc69b90b61.json.gz,2
who.gho.cm-02,CM_02:GUY:SEX_FMLE:AGEGROUP_MONTHS0-11,1970-01-01,2026-09-07T15:57:17Z,value,659.0,,who.gho.cm-02,raw/who.gho.cm-02/2026/09/20260907T155717Z-89bc69b90b61.json.gz,2
who.gho.cm-02,CM_02:GUY:SEX_MLE:AGEGROUP_MONTHS0-11,1970-01-01,2026-09-07T15:52:37Z,high,1039.0,,who.gho.cm-02,raw/who.gho.cm-02/2026/09/20260907T155237Z-35c7d31783eb.json.gz,2
who.gho.cm-02,CM_02:GUY:SEX_MLE:AGEGROUP_MONTHS0-11,1970-01-01,2026-09-07T15:52:37Z,low,754.0,,who.gho.cm-02,raw/who.gho.cm-02/2026/09/20260907T155237Z-35c7d31783eb.json.gz,2
who.gho.cm-02,CM_02:GUY:SEX_MLE:AGEGROUP_MONTHS0-11,1970-01-01,2026-09-07T15:52:37Z,restated_at,2026-08-04,,who.gho.cm-02,raw/who.gho.cm-02/2026/09/20260907T155237Z-35c7d31783eb.json.gz,2
who.gho.cm-02,CM_02:GUY:SEX_MLE:AGEGROUP_MONTHS0-11,1970-01-01,2026-09-07T15:52:37Z,value,886.0,,who.gho.cm-02,raw/who.gho.cm-02/2026/09/20260907T155237Z-35c7d31783eb.json.gz,2
who.gho.cm-02,CM_02:HND:SEX_BTSX:AGEGROUP_MONTHS0-11,1970-01-01,2026-09-07T15:51:30Z,high,14206.0,,who.gho.cm-02,raw/who.gho.cm-02/2026/09/20260907T155130Z-b74d44aee08e.json.gz,2
who.gho.cm-02,CM_02:HND:SEX_BTSX:AGEGROUP_MONTHS0-11,1970-01-01,2026-09-07T15:51:30Z,low,11983.0,,who.gho.cm-02,raw/who.gho.cm-02/2026/09/20260907T155130Z-b74d44aee08e.json.gz,2
who.gho.cm-02,CM_02:HND:SEX_BTSX:AGEGROUP_MONTHS0-11,1970-01-01,2026-09-07T15:51:30Z,restated_at,2026-08-04,,who.gho.cm-02,raw/who.gho.cm-02/2026/09/20260907T155130Z-b74d44aee08e.json.gz,2
who.gho.cm-02,CM_02:HND:SEX_BTSX:AGEGROUP_MONTHS0-11,1970-01-01,2026-09-07T15:51:30Z,value,12979.0,,who.gho.cm-02,raw/who.gho.cm-02/2026/09/20260907T155130Z-b74d44aee08e.json.gz,2
who.gho.cm-02,CM_02:HND:SEX_FMLE:AGEGROUP_MONTHS0-11,1970-01-01,2026-09-07T15:51:05Z,high,6329.0,,who.gho.cm-02,raw/who.gho.cm-02/2026/09/20260907T155105Z-bd351d716a31.json.gz,2
who.gho.cm-02,CM_02:HND:SEX_FMLE:AGEGROUP_MONTHS0-11,1970-01-01,2026-09-07T15:51:05Z,low,5210.0,,who.gho.cm-02,raw/who.gho.cm-02/2026/09/20260907T155105Z-bd351d716a31.json.gz,2
who.gho.cm-02,CM_02:HND:SEX_FMLE:AGEGROUP_MONTHS0-11,1970-01-01,2026-09-07T15:51:05Z,restated_at,2026-08-04,,who.gho.cm-02,raw/who.gho.cm-02/2026/09/20260907T155105Z-bd351d716a31.json.gz,2
who.gho.cm-02,CM_02:HND:SEX_FMLE:AGEGROUP_MONTHS0-11,1970-01-01,2026-09-07T15:51:05Z,value,5718.0,,who.gho.cm-02,raw/who.gho.cm-02/2026/09/20260907T155105Z-bd351d716a31.json.gz,2
who.gho.cm-02,CM_02:HND:SEX_MLE:AGEGROUP_MONTHS0-11,1970-01-01,2026-09-07T15:57:00Z,high,8005.0,,who.gho.cm-02,raw/who.gho.cm-02/2026/09/20260907T155700Z-8ffcb12aceff.json.gz,2
who.gho.cm-02,CM_02:HND:SEX_MLE:AGEGROUP_MONTHS0-11,1970-01-01,2026-09-07T15:57:00Z,low,6646.0,,who.gho.cm-02,raw/who.gho.cm-02/2026/09/20260907T155700Z-8ffcb12aceff.json.gz,2
who.gho.cm-02,CM_02:HND:SEX_MLE:AGEGROUP_MONTHS0-11,1970-01-01,2026-09-07T15:57:00Z,restated_at,2026-08-04,,who.gho.cm-02,raw/who.gho.cm-02/2026/09/20260907T155700Z-8ffcb12aceff.json.gz,2
who.gho.cm-02,CM_02:HND:SEX_MLE:AGEGROUP_MONTHS0-11,1970-01-01,2026-09-07T15:57:00Z,value,7261.0,,who.gho.cm-02,raw/who.gho.cm-02/2026/09/20260907T155700Z-8ffcb12aceff.json.gz,2
who.gho.cm-02,CM_02:HTI:SEX_BTSX:AGEGROUP_MONTHS0-11,1970-01-01,2026-09-07T15:52:10Z,high,33607.0,,who.gho.cm-02,raw/who.gho.cm-02/2026/09/20260907T155210Z-c2e07328660e.json.gz,2
who.gho.cm-02,CM_02:HTI:SEX_BTSX:AGEGROUP_MONTHS0-11,1970-01-01,2026-09-07T15:52:10Z,low,28085.0,,who.gho.cm-02,raw/who.gho.cm-02/2026/09/20260907T155210Z-c2e07328660e.json.gz,2
who.gho.cm-02,CM_02:HTI:SEX_BTSX:AGEGROUP_MONTHS0-11,1970-01-01,2026-09-07T15:52:10Z,restated_at,2026-08-04,,who.gho.cm-02,raw/who.gho.cm-02/2026/09/20260907T155210Z-c2e07328660e.json.gz,2
who.gho.cm-02,CM_02:HTI:SEX_BTSX:AGEGROUP_MONTHS0-11,1970-01-01,2026-09-07T15:52:10Z,value,30708.0,,who.gho.cm-02,raw/who.gho.cm-02/2026/09/20260907T155210Z-c2e07328660e.json.gz,2
who.gho.cm-02,CM_02:HTI:SEX_FMLE:AGEGROUP_MONTHS0-11,1970-01-01,2026-09-07T15:58:04Z,high,15388.0,,who.gho.cm-02,raw/who.gho.cm-02/2026/09/20260907T155804Z-3e19927fa86a.json.gz,2
who.gho.cm-02,CM_02:HTI:SEX_FMLE:AGEGROUP_MONTHS0-11,1970-01-01,2026-09-07T15:58:04Z,low,12677.0,,who.gho.cm-02,raw/who.gho.cm-02/2026/09/20260907T155804Z-3e19927fa86a.json.gz,2
who.gho.cm-02,CM_02:HTI:SEX_FMLE:AGEGROUP_MONTHS0-11,1970-01-01,2026-09-07T15:58:04Z,restated_at,2026-08-04,,who.gho.cm-02,raw/who.gho.cm-02/2026/09/20260907T155804Z-3e19927fa86a.json.gz,2
who.gho.cm-02,CM_02:HTI:SEX_FMLE:AGEGROUP_MONTHS0-11,1970-01-01,2026-09-07T15:58:04Z,value,14004.0,,who.gho.cm-02,raw/who.gho.cm-02/2026/09/20260907T155804Z-3e19927fa86a.json.gz,2
who.gho.cm-02,CM_02:HTI:SEX_MLE:AGEGROUP_MONTHS0-11,1970-01-01,2026-09-07T15:54:17Z,high,18338.0,,who.gho.cm-02,raw/who.gho.cm-02/2026/09/20260907T155417Z-e87fb31944b5.json.gz,2
who.gho.cm-02,CM_02:HTI:SEX_MLE:AGEGROUP_MONTHS0-11,1970-01-01,2026-09-07T15:54:17Z,low,15217.0,,who.gho.cm-02,raw/who.gho.cm-02/2026/09/20260907T155417Z-e87fb31944b5.json.gz,2
who.gho.cm-02,CM_02:HTI:SEX_MLE:AGEGROUP_MONTHS0-11,1970-01-01,2026-09-07T15:54:17Z,restated_at,2026-08-04,,who.gho.cm-02,raw/who.gho.cm-02/2026/09/20260907T155417Z-e87fb31944b5.json.gz,2
who.gho.cm-02,CM_02:HTI:SEX_MLE:AGEGROUP_MONTHS0-11,1970-01-01,2026-09-07T15:54:17Z,value,16704.0,,who.gho.cm-02,raw/who.gho.cm-02/2026/09/20260907T155417Z-e87fb31944b5.json.gz,2
who.gho.cm-02,CM_02:HUN:SEX_BTSX:AGEGROUP_MONTHS0-11,1970-01-01,2026-09-07T15:57:00Z,high,5438.0,,who.gho.cm-02,raw/who.gho.cm-02/2026/09/20260907T155700Z-8ffcb12aceff.json.gz,2
who.gho.cm-02,CM_02:HUN:SEX_BTSX:AGEGROUP_MONTHS0-11,1970-01-01,2026-09-07T15:57:00Z,low,5204.0,,who.gho.cm-02,raw/who.gho.cm-02/2026/09/20260907T155700Z-8ffcb12aceff.json.gz,2
who.gho.cm-02,CM_02:HUN:SEX_BTSX:AGEGROUP_MONTHS0-11,1970-01-01,2026-09-07T15:57:00Z,restated_at,2026-08-04,,who.gho.cm-02,raw/who.gho.cm-02/2026/09/20260907T155700Z-8ffcb12aceff.json.gz,2
who.gho.cm-02,CM_02:HUN:SEX_BTSX:AGEGROUP_MONTHS0-11,1970-01-01,2026-09-07T15:57:00Z,value,5321.0,,who.gho.cm-02,raw/who.gho.cm-02/2026/09/20260907T155700Z-8ffcb12aceff.json.gz,2
who.gho.cm-02,CM_02:HUN:SEX_FMLE:AGEGROUP_MONTHS0-11,1970-01-01,2026-09-07T15:58:07Z,high,2340.0,,who.gho.cm-02,raw/who.gho.cm-02/2026/09/20260907T155807Z-33d1eb328c3d.json.gz,2
who.gho.cm-02,CM_02:HUN:SEX_FMLE:AGEGROUP_MONTHS0-11,1970-01-01,2026-09-07T15:58:07Z,low,2224.0,,who.gho.cm-02,raw/who.gho.cm-02/2026/09/20260907T155807Z-33d1eb328c3d.json.gz,2
who.gho.cm-02,CM_02:HUN:SEX_FMLE:AGEGROUP_MONTHS0-11,1970-01-01,2026-09-07T15:58:07Z,restated_at,2026-08-04,,who.gho.cm-02,raw/who.gho.cm-02/2026/09/20260907T155807Z-33d1eb328c3d.json.gz,2
who.gho.cm-02,CM_02:HUN:SEX_FMLE:AGEGROUP_MONTHS0-11,1970-01-01,2026-09-07T15:58:07Z,value,2281.0,,who.gho.cm-02,raw/who.gho.cm-02/2026/09/20260907T155807Z-33d1eb328c3d.json.gz,2
who.gho.cm-02,CM_02:HUN:SEX_MLE:AGEGROUP_MONTHS0-11,1970-01-01,2026-09-07T15:51:40Z,high,3116.0,,who.gho.cm-02,raw/who.gho.cm-02/2026/09/20260907T155140Z-2ccf90b4d287.json.gz,2
who.gho.cm-02,CM_02:HUN:SEX_MLE:AGEGROUP_MONTHS0-11,1970-01-01,2026-09-07T15:51:40Z,low,2970.0,,who.gho.cm-02,raw/who.gho.cm-02/2026/09/20260907T155140Z-2ccf90b4d287.json.gz,2
who.gho.cm-02,CM_02:HUN:SEX_MLE:AGEGROUP_MONTHS0-11,1970-01-01,2026-09-07T15:51:40Z,restated_at,2026-08-04,,who.gho.cm-02,raw/who.gho.cm-02/2026/09/20260907T155140Z-2ccf90b4d287.json.gz,2
who.gho.cm-02,CM_02:HUN:SEX_MLE:AGEGROUP_MONTHS0-11,1970-01-01,2026-09-07T15:51:40Z,value,3040.0,,who.gho.cm-02,raw/who.gho.cm-02/2026/09/20260907T155140Z-2ccf90b4d287.json.gz,2
who.gho.cm-02,CM_02:IDN:SEX_BTSX:AGEGROUP_MONTHS0-11,1970-01-01,2026-09-07T15:51:21Z,high,540486.0,,who.gho.cm-02,raw/who.gho.cm-02/2026/09/20260907T155121Z-1b14643329ca.json.gz,2
who.gho.cm-02,CM_02:IDN:SEX_BTSX:AGEGROUP_MONTHS0-11,1970-01-01,2026-09-07T15:51:21Z,low,480053.0,,who.gho.cm-02,raw/who.gho.cm-02/2026/09/20260907T155121Z-1b14643329ca.json.gz,2
who.gho.cm-02,CM_02:IDN:SEX_BTSX:AGEGROUP_MONTHS0-11,1970-01-01,2026-09-07T15:51:21Z,restated_at,2026-08-04,,who.gho.cm-02,raw/who.gho.cm-02/2026/09/20260907T155121Z-1b14643329ca.json.gz,2
who.gho.cm-02,CM_02:IDN:SEX_BTSX:AGEGROUP_MONTHS0-11,1970-01-01,2026-09-07T15:51:21Z,value,509642.0,,who.gho.cm-02,raw/who.gho.cm-02/2026/09/20260907T155121Z-1b14643329ca.json.gz,2
who.gho.cm-02,CM_02:IDN:SEX_FMLE:AGEGROUP_MONTHS0-11,1970-01-01,2026-09-07T15:57:44Z,high,233615.0,,who.gho.cm-02,raw/who.gho.cm-02/2026/09/20260907T155744Z-e141b36e0a87.json.gz,2
who.gho.cm-02,CM_02:IDN:SEX_FMLE:AGEGROUP_MONTHS0-11,1970-01-01,2026-09-07T15:57:44Z,low,204803.0,,who.gho.cm-02,raw/who.gho.cm-02/2026/09/20260907T155744Z-e141b36e0a87.json.gz,2
who.gho.cm-02,CM_02:IDN:SEX_FMLE:AGEGROUP_MONTHS0-11,1970-01-01,2026-09-07T15:57:44Z,restated_at,2026-08-04,,who.gho.cm-02,raw/who.gho.cm-02/2026/09/20260907T155744Z-e141b36e0a87.json.gz,2
who.gho.cm-02,CM_02:IDN:SEX_FMLE:AGEGROUP_MONTHS0-11,1970-01-01,2026-09-07T15:57:44Z,value,218974.0,,who.gho.cm-02,raw/who.gho.cm-02/2026/09/20260907T155744Z-e141b36e0a87.json.gz,2
who.gho.cm-02,CM_02:IDN:SEX_MLE:AGEGROUP_MONTHS0-11,1970-01-01,2026-09-07T15:51:54Z,high,309738.0,,who.gho.cm-02,raw/who.gho.cm-02/2026/09/20260907T155154Z-820134cf428b.json.gz,2
who.gho.cm-02,CM_02:IDN:SEX_MLE:AGEGROUP_MONTHS0-11,1970-01-01,2026-09-07T15:51:54Z,low,272994.0,,who.gho.cm-02,raw/who.gho.cm-02/2026/09/20260907T155154Z-820134cf428b.json.gz,2
who.gho.cm-02,CM_02:IDN:SEX_MLE:AGEGROUP_MONTHS0-11,1970-01-01,2026-09-07T15:51:54Z,restated_at,2026-08-04,,who.gho.cm-02,raw/who.gho.cm-02/2026/09/20260907T155154Z-820134cf428b.json.gz,2
who.gho.cm-02,CM_02:IDN:SEX_MLE:AGEGROUP_MONTHS0-11,1970-01-01,2026-09-07T15:51:54Z,value,290668.0,,who.gho.cm-02,raw/who.gho.cm-02/2026/09/20260907T155154Z-820134cf428b.json.gz,2
who.gho.cm-02,CM_02:IND:SEX_BTSX:AGEGROUP_MONTHS0-11,1970-01-01,2026-09-07T15:51:25Z,high,2985702.0,,who.gho.cm-02,raw/who.gho.cm-02/2026/09/20260907T155125Z-b41e2575e826.json.gz,2
who.gho.cm-02,CM_02:IND:SEX_BTSX:AGEGROUP_MONTHS0-11,1970-01-01,2026-09-07T15:51:25Z,low,2705460.0,,who.gho.cm-02,raw/who.gho.cm-02/2026/09/20260907T155125Z-b41e2575e826.json.gz,2
who.gho.cm-02,CM_02:IND:SEX_BTSX:AGEGROUP_MONTHS0-11,1970-01-01,2026-09-07T15:51:25Z,restated_at,2026-08-04,,who.gho.cm-02,raw/who.gho.cm-02/2026/09/20260907T155125Z-b41e2575e826.json.gz,2
who.gho.cm-02,CM_02:IND:SEX_BTSX:AGEGROUP_MONTHS0-11,1970-01-01,2026-09-07T15:51:25Z,value,2839719.0,,who.gho.cm-02,raw/who.gho.cm-02/2026/09/20260907T155125Z-b41e2575e826.json.gz,2
who.gho.cm-02,CM_02:IND:SEX_FMLE:AGEGROUP_MONTHS0-11,1970-01-01,2026-09-07T15:57:21Z,high,1411668.0,,who.gho.cm-02,raw/who.gho.cm-02/2026/09/20260907T155721Z-a2b5c178c29b.json.gz,2
who.gho.cm-02,CM_02:IND:SEX_FMLE:AGEGROUP_MONTHS0-11,1970-01-01,2026-09-07T15:57:21Z,low,1265491.0,,who.gho.cm-02,raw/who.gho.cm-02/2026/09/20260907T155721Z-a2b5c178c29b.json.gz,2
who.gho.cm-02,CM_02:IND:SEX_FMLE:AGEGROUP_MONTHS0-11,1970-01-01,2026-09-07T15:57:21Z,restated_at,2026-08-04,,who.gho.cm-02,raw/who.gho.cm-02/2026/09/20260907T155721Z-a2b5c178c29b.json.gz,2
who.gho.cm-02,CM_02:IND:SEX_FMLE:AGEGROUP_MONTHS0-11,1970-01-01,2026-09-07T15:57:21Z,value,1335473.0,,who.gho.cm-02,raw/who.gho.cm-02/2026/09/20260907T155721Z-a2b5c178c29b.json.gz,2
who.gho.cm-02,CM_02:IND:SEX_MLE:AGEGROUP_MONTHS0-11,1970-01-01,2026-09-07T15:50:57Z,high,1587659.0,,who.gho.cm-02,raw/who.gho.cm-02/2026/09/20260907T155057Z-e03fd9f60113.json.gz,2
who.gho.cm-02,CM_02:IND:SEX_MLE:AGEGROUP_MONTHS0-11,1970-01-01,2026-09-07T15:50:57Z,low,1427199.0,,who.gho.cm-02,raw/who.gho.cm-02/2026/09/20260907T155057Z-e03fd9f60113.json.gz,2
who.gho.cm-02,CM_02:IND:SEX_MLE:AGEGROUP_MONTHS0-11,1970-01-01,2026-09-07T15:50:57Z,restated_at,2026-08-04,,who.gho.cm-02,raw/who.gho.cm-02/2026/09/20260907T155057Z-e03fd9f60113.json.gz,2
who.gho.cm-02,CM_02:IND:SEX_MLE:AGEGROUP_MONTHS0-11,1970-01-01,2026-09-07T15:50:57Z,value,1504246.0,,who.gho.cm-02,raw/who.gho.cm-02/2026/09/20260907T155057Z-e03fd9f60113.json.gz,2
who.gho.cm-02,CM_02:IRL:SEX_BTSX:AGEGROUP_MONTHS0-11,1970-01-01,2026-09-07T15:51:44Z,high,1237.0,,who.gho.cm-02,raw/who.gho.cm-02/2026/09/20260907T155144Z-505d97ce9093.json.gz,2
who.gho.cm-02,CM_02:IRL:SEX_BTSX:AGEGROUP_MONTHS0-11,1970-01-01,2026-09-07T15:51:44Z,low,1184.0,,who.gho.cm-02,raw/who.gho.cm-02/2026/09/20260907T155144Z-505d97ce9093.json.gz,2
who.gho.cm-02,CM_02:IRL:SEX_BTSX:AGEGROUP_MONTHS0-11,1970-01-01,2026-09-07T15:51:44Z,restated_at,2026-08-04,,who.gho.cm-02,raw/who.gho.cm-02/2026/09/20260907T155144Z-505d97ce9093.json.gz,2
who.gho.cm-02,CM_02:IRL:SEX_BTSX:AGEGROUP_MONTHS0-11,1970-01-01,2026-09-07T15:51:44Z,value,1210.0,,who.gho.cm-02,raw/who.gho.cm-02/2026/09/20260907T155144Z-505d97ce9093.json.gz,2
who.gho.cm-02,CM_02:IRL:SEX_FMLE:AGEGROUP_MONTHS0-11,1970-01-01,2026-09-07T15:56:55Z,high,539.0,,who.gho.cm-02,raw/who.gho.cm-02/2026/09/20260907T155655Z-a5ea76265971.json.gz,2
who.gho.cm-02,CM_02:IRL:SEX_FMLE:AGEGROUP_MONTHS0-11,1970-01-01,2026-09-07T15:56:55Z,low,507.0,,who.gho.cm-02,raw/who.gho.cm-02/2026/09/20260907T155655Z-a5ea76265971.json.gz,2
who.gho.cm-02,CM_02:IRL:SEX_FMLE:AGEGROUP_MONTHS0-11,1970-01-01,2026-09-07T15:56:55Z,restated_at,2026-08-04,,who.gho.cm-02,raw/who.gho.cm-02/2026/09/20260907T155655Z-a5ea76265971.json.gz,2
who.gho.cm-02,CM_02:IRL:SEX_FMLE:AGEGROUP_MONTHS0-11,1970-01-01,2026-09-07T15:56:55Z,value,523.0,,who.gho.cm-02,raw/who.gho.cm-02/2026/09/20260907T155655Z-a5ea76265971.json.gz,2
who.gho.cm-02,CM_02:IRL:SEX_MLE:AGEGROUP_MONTHS0-11,1970-01-01,2026-09-07T15:51:54Z,high,706.0,,who.gho.cm-02,raw/who.gho.cm-02/2026/09/20260907T155154Z-820134cf428b.json.gz,2
who.gho.cm-02,CM_02:IRL:SEX_MLE:AGEGROUP_MONTHS0-11,1970-01-01,2026-09-07T15:51:54Z,low,670.0,,who.gho.cm-02,raw/who.gho.cm-02/2026/09/20260907T155154Z-820134cf428b.json.gz,2
who.gho.cm-02,CM_02:IRL:SEX_MLE:AGEGROUP_MONTHS0-11,1970-01-01,2026-09-07T15:51:54Z,restated_at,2026-08-04,,who.gho.cm-02,raw/who.gho.cm-02/2026/09/20260907T155154Z-820134cf428b.json.gz,2
who.gho.cm-02,CM_02:IRL:SEX_MLE:AGEGROUP_MONTHS0-11,1970-01-01,2026-09-07T15:51:54Z,value,687.0,,who.gho.cm-02,raw/who.gho.cm-02/2026/09/20260907T155154Z-820134cf428b.json.gz,2
who.gho.cm-02,CM_02:IRQ:SEX_BTSX:AGEGROUP_MONTHS0-11,1970-01-01,2026-09-07T15:52:26Z,high,40839.0,,who.gho.cm-02,raw/who.gho.cm-02/2026/09/20260907T155226Z-b536cc4a2b4c.json.gz,2
who.gho.cm-02,CM_02:IRQ:SEX_BTSX:AGEGROUP_MONTHS0-11,1970-01-01,2026-09-07T15:52:26Z,low,33205.0,,who.gho.cm-02,raw/who.gho.cm-02/2026/09/20260907T155226Z-b536cc4a2b4c.json.gz,2
who.gho.cm-02,CM_02:IRQ:SEX_BTSX:AGEGROUP_MONTHS0-11,1970-01-01,2026-09-07T15:52:26Z,restated_at,2026-08-04,,who.gho.cm-02,raw/who.gho.cm-02/2026/09/20260907T155226Z-b536cc4a2b4c.json.gz,2
who.gho.cm-02,CM_02:IRQ:SEX_BTSX:AGEGROUP_MONTHS0-11,1970-01-01,2026-09-07T15:52:26Z,value,36826.0,,who.gho.cm-02,raw/who.gho.cm-02/2026/09/20260907T155226Z-b536cc4a2b4c.json.gz,2
who.gho.cm-02,CM_02:IRQ:SEX_FMLE:AGEGROUP_MONTHS0-11,1970-01-01,2026-09-07T15:56:27Z,high,18720.0,,who.gho.cm-02,raw/who.gho.cm-02/2026/09/20260907T155627Z-19eb4e6c1215.json.gz,2
who.gho.cm-02,CM_02:IRQ:SEX_FMLE:AGEGROUP_MONTHS0-11,1970-01-01,2026-09-07T15:56:27Z,low,14850.0,,who.gho.cm-02,raw/who.gho.cm-02/2026/09/20260907T155627Z-19eb4e6c1215.json.gz,2
who.gho.cm-02,CM_02:IRQ:SEX_FMLE:AGEGROUP_MONTHS0-11,1970-01-01,2026-09-07T15:56:27Z,restated_at,2026-08-04,,who.gho.cm-02,raw/who.gho.cm-02/2026/09/20260907T155627Z-19eb4e6c1215.json.gz,2
who.gho.cm-02,CM_02:IRQ:SEX_FMLE:AGEGROUP_MONTHS0-11,1970-01-01,2026-09-07T15:56:27Z,value,16681.0,,who.gho.cm-02,raw/who.gho.cm-02/2026/09/20260907T155627Z-19eb4e6c1215.json.gz,2
who.gho.cm-02,CM_02:IRQ:SEX_MLE:AGEGROUP_MONTHS0-11,1970-01-01,2026-09-07T15:50:57Z,high,22443.0,,who.gho.cm-02,raw/who.gho.cm-02/2026/09/20260907T155057Z-e03fd9f60113.json.gz,2
who.gho.cm-02,CM_02:IRQ:SEX_MLE:AGEGROUP_MONTHS0-11,1970-01-01,2026-09-07T15:50:57Z,low,18034.0,,who.gho.cm-02,raw/who.gho.cm-02/2026/09/20260907T155057Z-e03fd9f60113.json.gz,2
who.gho.cm-02,CM_02:IRQ:SEX_MLE:AGEGROUP_MONTHS0-11,1970-01-01,2026-09-07T15:50:57Z,restated_at,2026-08-04,,who.gho.cm-02,raw/who.gho.cm-02/2026/09/20260907T155057Z-e03fd9f60113.json.gz,2
who.gho.cm-02,CM_02:IRQ:SEX_MLE:AGEGROUP_MONTHS0-11,1970-01-01,2026-09-07T15:50:57Z,value,20145.0,,who.gho.cm-02,raw/who.gho.cm-02/2026/09/20260907T155057Z-e03fd9f60113.json.gz,2
who.gho.cm-02,CM_02:ISL:SEX_BTSX:AGEGROUP_MONTHS0-11,1970-01-01,2026-09-07T15:56:41Z,high,57.0,,who.gho.cm-02,raw/who.gho.cm-02/2026/09/20260907T155641Z-022407e160ee.json.gz,2
who.gho.cm-02,CM_02:ISL:SEX_BTSX:AGEGROUP_MONTHS0-11,1970-01-01,2026-09-07T15:56:41Z,low,50.0,,who.gho.cm-02,raw/who.gho.cm-02/2026/09/20260907T155641Z-022407e160ee.json.gz,2
who.gho.cm-02,CM_02:ISL:SEX_BTSX:AGEGROUP_MONTHS0-11,1970-01-01,2026-09-07T15:56:41Z,restated_at,2026-08-04,,who.gho.cm-02,raw/who.gho.cm-02/2026/09/20260907T155641Z-022407e160ee.json.gz,2
who.gho.cm-02,CM_02:ISL:SEX_BTSX:AGEGROUP_MONTHS0-11,1970-01-01,2026-09-07T15:56:41Z,value,53.0,,who.gho.cm-02,raw/who.gho.cm-02/2026/09/20260907T155641Z-022407e160ee.json.gz,2
who.gho.cm-02,CM_02:ISL:SEX_FMLE:AGEGROUP_MONTHS0-11,1970-01-01,2026-09-07T15:51:25Z,high,25.0,,who.gho.cm-02,raw/who.gho.cm-02/2026/09/20260907T155125Z-b41e2575e826.json.gz,2
who.gho.cm-02,CM_02:ISL:SEX_FMLE:AGEGROUP_MONTHS0-11,1970-01-01,2026-09-07T15:51:25Z,low,21.0,,who.gho.cm-02,raw/who.gho.cm-02/2026/09/20260907T155125Z-b41e2575e826.json.gz,2
who.gho.cm-02,CM_02:ISL:SEX_FMLE:AGEGROUP_MONTHS0-11,1970-01-01,2026-09-07T15:51:25Z,restated_at,2025-04-15,,who.gho.cm-02,raw/who.gho.cm-02/2026/09/20260907T155125Z-b41e2575e826.json.gz,2
who.gho.cm-02,CM_02:ISL:SEX_FMLE:AGEGROUP_MONTHS0-11,1970-01-01,2026-09-07T15:51:25Z,value,23.0,,who.gho.cm-02,raw/who.gho.cm-02/2026/09/20260907T155125Z-b41e2575e826.json.gz,2
who.gho.cm-02,CM_02:ISL:SEX_MLE:AGEGROUP_MONTHS0-11,1970-01-01,2026-09-07T15:58:07Z,high,33.0,,who.gho.cm-02,raw/who.gho.cm-02/2026/09/20260907T155807Z-33d1eb328c3d.json.gz,2
who.gho.cm-02,CM_02:ISL:SEX_MLE:AGEGROUP_MONTHS0-11,1970-01-01,2026-09-07T15:58:07Z,low,28.0,,who.gho.cm-02,raw/who.gho.cm-02/2026/09/20260907T155807Z-33d1eb328c3d.json.gz,2
who.gho.cm-02,CM_02:ISL:SEX_MLE:AGEGROUP_MONTHS0-11,1970-01-01,2026-09-07T15:58:07Z,restated_at,2026-08-04,,who.gho.cm-02,raw/who.gho.cm-02/2026/09/20260907T155807Z-33d1eb328c3d.json.gz,2
who.gho.cm-02,CM_02:ISL:SEX_MLE:AGEGROUP_MONTHS0-11,1970-01-01,2026-09-07T15:58:07Z,value,30.0,,who.gho.cm-02,raw/who.gho.cm-02/2026/09/20260907T155807Z-33d1eb328c3d.json.gz,2
who.gho.cm-02,CM_02:ISR:SEX_BTSX:AGEGROUP_MONTHS0-11,1970-01-01,2026-09-07T15:57:21Z,high,1904.0,,who.gho.cm-02,raw/who.gho.cm-02/2026/09/20260907T155721Z-a2b5c178c29b.json.gz,2
who.gho.cm-02,CM_02:ISR:SEX_BTSX:AGEGROUP_MONTHS0-11,1970-01-01,2026-09-07T15:57:21Z,low,1702.0,,who.gho.cm-02,raw/who.gho.cm-02/2026/09/20260907T155721Z-a2b5c178c29b.json.gz,2
who.gho.cm-02,CM_02:ISR:SEX_BTSX:AGEGROUP_MONTHS0-11,1970-01-01,2026-09-07T15:57:21Z,restated_at,2026-08-04,,who.gho.cm-02,raw/who.gho.cm-02/2026/09/20260907T155721Z-a2b5c178c29b.json.gz,2
who.gho.cm-02,CM_02:ISR:SEX_BTSX:AGEGROUP_MONTHS0-11,1970-01-01,2026-09-07T15:57:21Z,value,1813.0,,who.gho.cm-02,raw/who.gho.cm-02/2026/09/20260907T155721Z-a2b5c178c29b.json.gz,2
who.gho.cm-02,CM_02:ISR:SEX_FMLE:AGEGROUP_MONTHS0-11,1970-01-01,2026-09-07T15:56:37Z,high,852.0,,who.gho.cm-02,raw/who.gho.cm-02/2026/09/20260907T155637Z-c7bda929b138.json.gz,2
who.gho.cm-02,CM_02:ISR:SEX_FMLE:AGEGROUP_MONTHS0-11,1970-01-01,2026-09-07T15:56:37Z,low,754.0,,who.gho.cm-02,raw/who.gho.cm-02/2026/09/20260907T155637Z-c7bda929b138.json.gz,2
who.gho.cm-02,CM_02:ISR:SEX_FMLE:AGEGROUP_MONTHS0-11,1970-01-01,2026-09-07T15:56:37Z,restated_at,2026-08-04,,who.gho.cm-02,raw/who.gho.cm-02/2026/09/20260907T155637Z-c7bda929b138.json.gz,2
who.gho.cm-02,CM_02:ISR:SEX_FMLE:AGEGROUP_MONTHS0-11,1970-01-01,2026-09-07T15:56:37Z,value,807.0,,who.gho.cm-02,raw/who.gho.cm-02/2026/09/20260907T155637Z-c7bda929b138.json.gz,2
who.gho.cm-02,CM_02:ISR:SEX_MLE:AGEGROUP_MONTHS0-11,1970-01-01,2026-09-07T15:52:26Z,high,1062.0,,who.gho.cm-02,raw/who.gho.cm-02/2026/09/20260907T155226Z-b536cc4a2b4c.json.gz,2
who.gho.cm-02,CM_02:ISR:SEX_MLE:AGEGROUP_MONTHS0-11,1970-01-01,2026-09-07T15:52:26Z,low,941.0,,who.gho.cm-02,raw/who.gho.cm-02/2026/09/20260907T155226Z-b536cc4a2b4c.json.gz,2
who.gho.cm-02,CM_02:ISR:SEX_MLE:AGEGROUP_MONTHS0-11,1970-01-01,2026-09-07T15:52:26Z,restated_at,2026-08-04,,who.gho.cm-02,raw/who.gho.cm-02/2026/09/20260907T155226Z-b536cc4a2b4c.json.gz,2
who.gho.cm-02,CM_02:ISR:SEX_MLE:AGEGROUP_MONTHS0-11,1970-01-01,2026-09-07T15:52:26Z,value,1006.0,,who.gho.cm-02,raw/who.gho.cm-02/2026/09/20260907T155226Z-b536cc4a2b4c.json.gz,2
who.gho.cm-02,CM_02:ITA:SEX_BTSX:AGEGROUP_MONTHS0-11,1970-01-01,2026-09-07T15:58:12Z,high,27501.0,,who.gho.cm-02,raw/who.gho.cm-02/2026/09/20260907T155812Z-02a2023435be.json.gz,2
who.gho.cm-02,CM_02:ITA:SEX_BTSX:AGEGROUP_MONTHS0-11,1970-01-01,2026-09-07T15:58:12Z,low,26443.0,,who.gho.cm-02,raw/who.gho.cm-02/2026/09/20260907T155812Z-02a2023435be.json.gz,2
who.gho.cm-02,CM_02:ITA:SEX_BTSX:AGEGROUP_MONTHS0-11,1970-01-01,2026-09-07T15:58:12Z,restated_at,2026-08-04,,who.gho.cm-02,raw/who.gho.cm-02/2026/09/20260907T155812Z-02a2023435be.json.gz,2
who.gho.cm-02,CM_02:ITA:SEX_BTSX:AGEGROUP_MONTHS0-11,1970-01-01,2026-09-07T15:58:12Z,value,26968.0,,who.gho.cm-02,raw/who.gho.cm-02/2026/09/20260907T155812Z-02a2023435be.json.gz,2
who.gho.cm-02,CM_02:ITA:SEX_FMLE:AGEGROUP_MONTHS0-11,1970-01-01,2026-09-07T15:52:26Z,high,11924.0,,who.gho.cm-02,raw/who.gho.cm-02/2026/09/20260907T155226Z-b536cc4a2b4c.json.gz,2
who.gho.cm-02,CM_02:ITA:SEX_FMLE:AGEGROUP_MONTHS0-11,1970-01-01,2026-09-07T15:52:26Z,low,11427.0,,who.gho.cm-02,raw/who.gho.cm-02/2026/09/20260907T155226Z-b536cc4a2b4c.json.gz,2
who.gho.cm-02,CM_02:ITA:SEX_FMLE:AGEGROUP_MONTHS0-11,1970-01-01,2026-09-07T15:52:26Z,restated_at,2026-08-04,,who.gho.cm-02,raw/who.gho.cm-02/2026/09/20260907T155226Z-b536cc4a2b4c.json.gz,2
who.gho.cm-02,CM_02:ITA:SEX_FMLE:AGEGROUP_MONTHS0-11,1970-01-01,2026-09-07T15:52:26Z,value,11667.0,,who.gho.cm-02,raw/who.gho.cm-02/2026/09/20260907T155226Z-b536cc4a2b4c.json.gz,2
who.gho.cm-02,CM_02:ITA:SEX_MLE:AGEGROUP_MONTHS0-11,1970-01-01,2026-09-07T15:57:40Z,high,15622.0,,who.gho.cm-02,raw/who.gho.cm-02/2026/09/20260907T155740Z-31068700a25d.json.gz,2
who.gho.cm-02,CM_02:ITA:SEX_MLE:AGEGROUP_MONTHS0-11,1970-01-01,2026-09-07T15:57:40Z,low,14993.0,,who.gho.cm-02,raw/who.gho.cm-02/2026/09/20260907T155740Z-31068700a25d.json.gz,2
who.gho.cm-02,CM_02:ITA:SEX_MLE:AGEGROUP_MONTHS0-11,1970-01-01,2026-09-07T15:57:40Z,restated_at,2026-08-04,,who.gho.cm-02,raw/who.gho.cm-02/2026/09/20260907T155740Z-31068700a25d.json.gz,2
who.gho.cm-02,CM_02:ITA:SEX_MLE:AGEGROUP_MONTHS0-11,1970-01-01,2026-09-07T15:57:40Z,value,15301.0,,who.gho.cm-02,raw/who.gho.cm-02/2026/09/20260907T155740Z-31068700a25d.json.gz,2
who.gho.cm-02,CM_02:JAM:SEX_BTSX:AGEGROUP_MONTHS0-11,1970-01-01,2026-09-07T15:58:04Z,high,3393.0,,who.gho.cm-02,raw/who.gho.cm-02/2026/09/20260907T155804Z-3e19927fa86a.json.gz,2
who.gho.cm-02,CM_02:JAM:SEX_BTSX:AGEGROUP_MONTHS0-11,1970-01-01,2026-09-07T15:58:04Z,low,2549.0,,who.gho.cm-02,raw/who.gho.cm-02/2026/09/20260907T155804Z-3e19927fa86a.json.gz,2
who.gho.cm-02,CM_02:JAM:SEX_BTSX:AGEGROUP_MONTHS0-11,1970-01-01,2026-09-07T15:58:04Z,restated_at,2026-08-04,,who.gho.cm-02,raw/who.gho.cm-02/2026/09/20260907T155804Z-3e19927fa86a.json.gz,2
who.gho.cm-02,CM_02:JAM:SEX_BTSX:AGEGROUP_MONTHS0-11,1970-01-01,2026-09-07T15:58:04Z,value,2947.0,,who.gho.cm-02,raw/who.gho.cm-02/2026/09/20260907T155804Z-3e19927fa86a.json.gz,2
who.gho.cm-02,CM_02:JAM:SEX_FMLE:AGEGROUP_MONTHS0-11,1970-01-01,2026-09-07T15:56:48Z,high,1503.0,,who.gho.cm-02,raw/who.gho.cm-02/2026/09/20260907T155648Z-e962102586d9.json.gz,2
who.gho.cm-02,CM_02:JAM:SEX_FMLE:AGEGROUP_MONTHS0-11,1970-01-01,2026-09-07T15:56:48Z,low,1109.0,,who.gho.cm-02,raw/who.gho.cm-02/2026/09/20260907T155648Z-e962102586d9.json.gz,2
who.gho.cm-02,CM_02:JAM:SEX_FMLE:AGEGROUP_MONTHS0-11,1970-01-01,2026-09-07T15:56:48Z,restated_at,2026-08-04,,who.gho.cm-02,raw/who.gho.cm-02/2026/09/20260907T155648Z-e962102586d9.json.gz,2
who.gho.cm-02,CM_02:JAM:SEX_FMLE:AGEGROUP_MONTHS0-11,1970-01-01,2026-09-07T15:56:48Z,value,1296.0,,who.gho.cm-02,raw/who.gho.cm-02/2026/09/20260907T155648Z-e962102586d9.json.gz,2
who.gho.cm-02,CM_02:JAM:SEX_MLE:AGEGROUP_MONTHS0-11,1970-01-01,2026-09-07T15:50:57Z,high,1910.0,,who.gho.cm-02,raw/who.gho.cm-02/2026/09/20260907T155057Z-e03fd9f60113.json.gz,2
who.gho.cm-02,CM_02:JAM:SEX_MLE:AGEGROUP_MONTHS0-11,1970-01-01,2026-09-07T15:50:57Z,low,1422.0,,who.gho.cm-02,raw/who.gho.cm-02/2026/09/20260907T155057Z-e03fd9f60113.json.gz,2
who.gho.cm-02,CM_02:JAM:SEX_MLE:AGEGROUP_MONTHS0-11,1970-01-01,2026-09-07T15:50:57Z,restated_at,2026-08-04,,who.gho.cm-02,raw/who.gho.cm-02/2026/09/20260907T155057Z-e03fd9f60113.json.gz,2
who.gho.cm-02,CM_02:JAM:SEX_MLE:AGEGROUP_MONTHS0-11,1970-01-01,2026-09-07T15:50:57Z,value,1651.0,,who.gho.cm-02,raw/who.gho.cm-02/2026/09/20260907T155057Z-e03fd9f60113.json.gz,2
who.gho.cm-02,CM_02:JOR:SEX_BTSX:AGEGROUP_MONTHS0-11,1970-01-01,2026-09-07T15:52:26Z,high,5575.0,,who.gho.cm-02,raw/who.gho.cm-02/2026/09/20260907T155226Z-b536cc4a2b4c.json.gz,2
who.gho.cm-02,CM_02:JOR:SEX_BTSX:AGEGROUP_MONTHS0-11,1970-01-01,2026-09-07T15:52:26Z,low,4857.0,,who.gho.cm-02,raw/who.gho.cm-02/2026/09/20260907T155226Z-b536cc4a2b4c.json.gz,2
who.gho.cm-02,CM_02:JOR:SEX_BTSX:AGEGROUP_MONTHS0-11,1970-01-01,2026-09-07T15:52:26Z,restated_at,2026-08-04,,who.gho.cm-02,raw/who.gho.cm-02/2026/09/20260907T155226Z-b536cc4a2b4c.json.gz,2
who.gho.cm-02,CM_02:JOR:SEX_BTSX:AGEGROUP_MONTHS0-11,1970-01-01,2026-09-07T15:52:26Z,value,5203.0,,who.gho.cm-02,raw/who.gho.cm-02/2026/09/20260907T155226Z-b536cc4a2b4c.json.gz,2
who.gho.cm-02,CM_02:JOR:SEX_FMLE:AGEGROUP_MONTHS0-11,1970-01-01,2026-09-07T15:58:20Z,high,2717.0,,who.gho.cm-02,raw/who.gho.cm-02/2026/09/20260907T155820Z-bace8014f904.json.gz,2
who.gho.cm-02,CM_02:JOR:SEX_FMLE:AGEGROUP_MONTHS0-11,1970-01-01,2026-09-07T15:58:20Z,low,2341.0,,who.gho.cm-02,raw/who.gho.cm-02/2026/09/20260907T155820Z-bace8014f904.json.gz,2
who.gho.cm-02,CM_02:JOR:SEX_FMLE:AGEGROUP_MONTHS0-11,1970-01-01,2026-09-07T15:58:20Z,restated_at,2026-08-04,,who.gho.cm-02,raw/who.gho.cm-02/2026/09/20260907T155820Z-bace8014f904.json.gz,2
who.gho.cm-02,CM_02:JOR:SEX_FMLE:AGEGROUP_MONTHS0-11,1970-01-01,2026-09-07T15:58:20Z,value,2521.0,,who.gho.cm-02,raw/who.gho.cm-02/2026/09/20260907T155820Z-bace8014f904.json.gz,2
who.gho.cm-02,CM_02:JOR:SEX_MLE:AGEGROUP_MONTHS0-11,1970-01-01,2026-09-07T15:52:10Z,high,2891.0,,who.gho.cm-02,raw/who.gho.cm-02/2026/09/20260907T155210Z-c2e07328660e.json.gz,2
who.gho.cm-02,CM_02:JOR:SEX_MLE:AGEGROUP_MONTHS0-11,1970-01-01,2026-09-07T15:52:10Z,low,2486.0,,who.gho.cm-02,raw/who.gho.cm-02/2026/09/20260907T155210Z-c2e07328660e.json.gz,2
who.gho.cm-02,CM_02:JOR:SEX_MLE:AGEGROUP_MONTHS0-11,1970-01-01,2026-09-07T15:52:10Z,restated_at,2026-08-04,,who.gho.cm-02,raw/who.gho.cm-02/2026/09/20260907T155210Z-c2e07328660e.json.gz,2
who.gho.cm-02,CM_02:JOR:SEX_MLE:AGEGROUP_MONTHS0-11,1970-01-01,2026-09-07T15:52:10Z,value,2682.0,,who.gho.cm-02,raw/who.gho.cm-02/2026/09/20260907T155210Z-c2e07328660e.json.gz,2
who.gho.cm-02,CM_02:JPN:SEX_BTSX:AGEGROUP_MONTHS0-11,1970-01-01,2026-09-07T15:53:02Z,high,26224.0,,who.gho.cm-02,raw/who.gho.cm-02/2026/09/20260907T155302Z-206bb5f6993f.json.gz,2
who.gho.cm-02,CM_02:JPN:SEX_BTSX:AGEGROUP_MONTHS0-11,1970-01-01,2026-09-07T15:53:02Z,low,25263.0,,who.gho.cm-02,raw/who.gho.cm-02/2026/09/20260907T155302Z-206bb5f6993f.json.gz,2
who.gho.cm-02,CM_02:JPN:SEX_BTSX:AGEGROUP_MONTHS0-11,1970-01-01,2026-09-07T15:53:02Z,restated_at,2026-08-04,,who.gho.cm-02,raw/who.gho.cm-02/2026/09/20260907T155302Z-206bb5f6993f.json.gz,2
who.gho.cm-02,CM_02:JPN:SEX_BTSX:AGEGROUP_MONTHS0-11,1970-01-01,2026-09-07T15:53:02Z,value,25732.0,,who.gho.cm-02,raw/who.gho.cm-02/2026/09/20260907T155302Z-206bb5f6993f.json.gz,2
who.gho.cm-02,CM_02:JPN:SEX_FMLE:AGEGROUP_MONTHS0-11,1970-01-01,2026-09-07T15:56:41Z,high,11031.0,,who.gho.cm-02,raw/who.gho.cm-02/2026/09/20260907T155641Z-022407e160ee.json.gz,2
who.gho.cm-02,CM_02:JPN:SEX_FMLE:AGEGROUP_MONTHS0-11,1970-01-01,2026-09-07T15:56:41Z,low,10579.0,,who.gho.cm-02,raw/who.gho.cm-02/2026/09/20260907T155641Z-022407e160ee.json.gz,2
who.gho.cm-02,CM_02:JPN:SEX_FMLE:AGEGROUP_MONTHS0-11,1970-01-01,2026-09-07T15:56:41Z,restated_at,2026-08-04,,who.gho.cm-02,raw/who.gho.cm-02/2026/09/20260907T155641Z-022407e160ee.json.gz,2
who.gho.cm-02,CM_02:JPN:SEX_FMLE:AGEGROUP_MONTHS0-11,1970-01-01,2026-09-07T15:56:41Z,value,10785.0,,who.gho.cm-02,raw/who.gho.cm-02/2026/09/20260907T155641Z-022407e160ee.json.gz,2
who.gho.cm-02,CM_02:JPN:SEX_MLE:AGEGROUP_MONTHS0-11,1970-01-01,2026-09-07T15:51:40Z,high,15268.0,,who.gho.cm-02,raw/who.gho.cm-02/2026/09/20260907T155140Z-2ccf90b4d287.json.gz,2
who.gho.cm-02,CM_02:JPN:SEX_MLE:AGEGROUP_MONTHS0-11,1970-01-01,2026-09-07T15:51:40Z,low,14677.0,,who.gho.cm-02,raw/who.gho.cm-02/2026/09/20260907T155140Z-2ccf90b4d287.json.gz,2
who.gho.cm-02,CM_02:JPN:SEX_MLE:AGEGROUP_MONTHS0-11,1970-01-01,2026-09-07T15:51:40Z,restated_at,2026-08-04,,who.gho.cm-02,raw/who.gho.cm-02/2026/09/20260907T155140Z-2ccf90b4d287.json.gz,2
who.gho.cm-02,CM_02:JPN:SEX_MLE:AGEGROUP_MONTHS0-11,1970-01-01,2026-09-07T15:51:40Z,value,14947.0,,who.gho.cm-02,raw/who.gho.cm-02/2026/09/20260907T155140Z-2ccf90b4d287.json.gz,2
who.gho.cm-02,CM_02:KEN:SEX_BTSX:AGEGROUP_MONTHS0-11,1970-01-01,2026-09-07T15:51:05Z,high,54559.0,,who.gho.cm-02,raw/who.gho.cm-02/2026/09/20260907T155105Z-bd351d716a31.json.gz,2
who.gho.cm-02,CM_02:KEN:SEX_BTSX:AGEGROUP_MONTHS0-11,1970-01-01,2026-09-07T15:51:05Z,low,47465.0,,who.gho.cm-02,raw/who.gho.cm-02/2026/09/20260907T155105Z-bd351d716a31.json.gz,2
who.gho.cm-02,CM_02:KEN:SEX_BTSX:AGEGROUP_MONTHS0-11,1970-01-01,2026-09-07T15:51:05Z,restated_at,2026-08-04,,who.gho.cm-02,raw/who.gho.cm-02/2026/09/20260907T155105Z-bd351d716a31.json.gz,2
who.gho.cm-02,CM_02:KEN:SEX_BTSX:AGEGROUP_MONTHS0-11,1970-01-01,2026-09-07T15:51:05Z,value,50858.0,,who.gho.cm-02,raw/who.gho.cm-02/2026/09/20260907T155105Z-bd351d716a31.json.gz,2
who.gho.cm-02,CM_02:KEN:SEX_FMLE:AGEGROUP_MONTHS0-11,1970-01-01,2026-09-07T15:51:11Z,high,25589.0,,who.gho.cm-02,raw/who.gho.cm-02/2026/09/20260907T155111Z-17577dbcf352.json.gz,2
who.gho.cm-02,CM_02:KEN:SEX_FMLE:AGEGROUP_MONTHS0-11,1970-01-01,2026-09-07T15:51:11Z,low,22049.0,,who.gho.cm-02,raw/who.gho.cm-02/2026/09/20260907T155111Z-17577dbcf352.json.gz,2
who.gho.cm-02,CM_02:KEN:SEX_FMLE:AGEGROUP_MONTHS0-11,1970-01-01,2026-09-07T15:51:11Z,restated_at,2026-08-04,,who.gho.cm-02,raw/who.gho.cm-02/2026/09/20260907T155111Z-17577dbcf352.json.gz,2
who.gho.cm-02,CM_02:KEN:SEX_FMLE:AGEGROUP_MONTHS0-11,1970-01-01,2026-09-07T15:51:11Z,value,23772.0,,who.gho.cm-02,raw/who.gho.cm-02/2026/09/20260907T155111Z-17577dbcf352.json.gz,2
who.gho.cm-02,CM_02:KEN:SEX_MLE:AGEGROUP_MONTHS0-11,1970-01-01,2026-09-07T15:57:59Z,high,29177.0,,who.gho.cm-02,raw/who.gho.cm-02/2026/09/20260907T155759Z-531ca935f713.json.gz,2
who.gho.cm-02,CM_02:KEN:SEX_MLE:AGEGROUP_MONTHS0-11,1970-01-01,2026-09-07T15:57:59Z,low,25088.0,,who.gho.cm-02,raw/who.gho.cm-02/2026/09/20260907T155759Z-531ca935f713.json.gz,2
who.gho.cm-02,CM_02:KEN:SEX_MLE:AGEGROUP_MONTHS0-11,1970-01-01,2026-09-07T15:57:59Z,restated_at,2026-08-04,,who.gho.cm-02,raw/who.gho.cm-02/2026/09/20260907T155759Z-531ca935f713.json.gz,2
who.gho.cm-02,CM_02:KEN:SEX_MLE:AGEGROUP_MONTHS0-11,1970-01-01,2026-09-07T15:57:59Z,value,27086.0,,who.gho.cm-02,raw/who.gho.cm-02/2026/09/20260907T155759Z-531ca935f713.json.gz,2
who.gho.cm-02,CM_02:KIR:SEX_BTSX:AGEGROUP_MONTHS0-11,1970-01-01,2026-09-07T15:56:48Z,high,252.0,,who.gho.cm-02,raw/who.gho.cm-02/2026/09/20260907T155648Z-e962102586d9.json.gz,2
who.gho.cm-02,CM_02:KIR:SEX_BTSX:AGEGROUP_MONTHS0-11,1970-01-01,2026-09-07T15:56:48Z,low,200.0,,who.gho.cm-02,raw/who.gho.cm-02/2026/09/20260907T155648Z-e962102586d9.json.gz,2
who.gho.cm-02,CM_02:KIR:SEX_BTSX:AGEGROUP_MONTHS0-11,1970-01-01,2026-09-07T15:56:48Z,restated_at,2026-08-04,,who.gho.cm-02,raw/who.gho.cm-02/2026/09/20260907T155648Z-e962102586d9.json.gz,2
who.gho.cm-02,CM_02:KIR:SEX_BTSX:AGEGROUP_MONTHS0-11,1970-01-01,2026-09-07T15:56:48Z,value,225.0,,who.gho.cm-02,raw/who.gho.cm-02/2026/09/20260907T155648Z-e962102586d9.json.gz,2
who.gho.cm-02,CM_02:KIR:SEX_FMLE:AGEGROUP_MONTHS0-11,1970-01-01,2026-09-07T15:52:26Z,high,114.0,,who.gho.cm-02,raw/who.gho.cm-02/2026/09/20260907T155226Z-b536cc4a2b4c.json.gz,2
who.gho.cm-02,CM_02:KIR:SEX_FMLE:AGEGROUP_MONTHS0-11,1970-01-01,2026-09-07T15:52:26Z,low,89.0,,who.gho.cm-02,raw/who.gho.cm-02/2026/09/20260907T155226Z-b536cc4a2b4c.json.gz,2
who.gho.cm-02,CM_02:KIR:SEX_FMLE:AGEGROUP_MONTHS0-11,1970-01-01,2026-09-07T15:52:26Z,restated_at,2026-08-04,,who.gho.cm-02,raw/who.gho.cm-02/2026/09/20260907T155226Z-b536cc4a2b4c.json.gz,2
who.gho.cm-02,CM_02:KIR:SEX_FMLE:AGEGROUP_MONTHS0-11,1970-01-01,2026-09-07T15:52:26Z,value,100.0,,who.gho.cm-02,raw/who.gho.cm-02/2026/09/20260907T155226Z-b536cc4a2b4c.json.gz,2
who.gho.cm-02,CM_02:KIR:SEX_MLE:AGEGROUP_MONTHS0-11,1970-01-01,2026-09-07T15:57:40Z,high,141.0,,who.gho.cm-02,raw/who.gho.cm-02/2026/09/20260907T155740Z-31068700a25d.json.gz,2
who.gho.cm-02,CM_02:KIR:SEX_MLE:AGEGROUP_MONTHS0-11,1970-01-01,2026-09-07T15:57:40Z,low,110.0,,who.gho.cm-02,raw/who.gho.cm-02/2026/09/20260907T155740Z-31068700a25d.json.gz,2
who.gho.cm-02,CM_02:KIR:SEX_MLE:AGEGROUP_MONTHS0-11,1970-01-01,2026-09-07T15:57:40Z,restated_at,2026-08-04,,who.gho.cm-02,raw/who.gho.cm-02/2026/09/20260907T155740Z-31068700a25d.json.gz,2
who.gho.cm-02,CM_02:KIR:SEX_MLE:AGEGROUP_MONTHS0-11,1970-01-01,2026-09-07T15:57:40Z,value,125.0,,who.gho.cm-02,raw/who.gho.cm-02/2026/09/20260907T155740Z-31068700a25d.json.gz,2
who.gho.cm-02,CM_02:KOR:SEX_BTSX:AGEGROUP_MONTHS0-11,1970-01-01,2026-09-07T15:51:16Z,high,47331.0,,who.gho.cm-02,raw/who.gho.cm-02/2026/09/20260907T155116Z-bb01bf96bc15.json.gz,2
who.gho.cm-02,CM_02:KOR:SEX_BTSX:AGEGROUP_MONTHS0-11,1970-01-01,2026-09-07T15:51:16Z,low,40944.0,,who.gho.cm-02,raw/who.gho.cm-02/2026/09/20260907T155116Z-bb01bf96bc15.json.gz,2
who.gho.cm-02,CM_02:KOR:SEX_BTSX:AGEGROUP_MONTHS0-11,1970-01-01,2026-09-07T15:51:16Z,restated_at,2026-08-04,,who.gho.cm-02,raw/who.gho.cm-02/2026/09/20260907T155116Z-bb01bf96bc15.json.gz,2
who.gho.cm-02,CM_02:KOR:SEX_BTSX:AGEGROUP_MONTHS0-11,1970-01-01,2026-09-07T15:51:16Z,value,43896.0,,who.gho.cm-02,raw/who.gho.cm-02/2026/09/20260907T155116Z-bb01bf96bc15.json.gz,2
who.gho.cm-02,CM_02:KOR:SEX_FMLE:AGEGROUP_MONTHS0-11,1970-01-01,2026-09-07T15:58:20Z,high,21397.0,,who.gho.cm-02,raw/who.gho.cm-02/2026/09/20260907T155820Z-bace8014f904.json.gz,2
who.gho.cm-02,CM_02:KOR:SEX_FMLE:AGEGROUP_MONTHS0-11,1970-01-01,2026-09-07T15:58:20Z,low,18036.0,,who.gho.cm-02,raw/who.gho.cm-02/2026/09/20260907T155820Z-bace8014f904.json.gz,2
who.gho.cm-02,CM_02:KOR:SEX_FMLE:AGEGROUP_MONTHS0-11,1970-01-01,2026-09-07T15:58:20Z,restated_at,2026-08-04,,who.gho.cm-02,raw/who.gho.cm-02/2026/09/20260907T155820Z-bace8014f904.json.gz,2
who.gho.cm-02,CM_02:KOR:SEX_FMLE:AGEGROUP_MONTHS0-11,1970-01-01,2026-09-07T15:58:20Z,value,19601.0,,who.gho.cm-02,raw/who.gho.cm-02/2026/09/20260907T155820Z-bace8014f904.json.gz,2
who.gho.cm-02,CM_02:KOR:SEX_MLE:AGEGROUP_MONTHS0-11,1970-01-01,2026-09-07T15:52:26Z,high,26405.0,,who.gho.cm-02,raw/who.gho.cm-02/2026/09/20260907T155226Z-b536cc4a2b4c.json.gz,2
who.gho.cm-02,CM_02:KOR:SEX_MLE:AGEGROUP_MONTHS0-11,1970-01-01,2026-09-07T15:52:26Z,low,22461.0,,who.gho.cm-02,raw/who.gho.cm-02/2026/09/20260907T155226Z-b536cc4a2b4c.json.gz,2
who.gho.cm-02,CM_02:KOR:SEX_MLE:AGEGROUP_MONTHS0-11,1970-01-01,2026-09-07T15:52:26Z,restated_at,2026-08-04,,who.gho.cm-02,raw/who.gho.cm-02/2026/09/20260907T155226Z-b536cc4a2b4c.json.gz,2
who.gho.cm-02,CM_02:KOR:SEX_MLE:AGEGROUP_MONTHS0-11,1970-01-01,2026-09-07T15:52:26Z,value,24295.0,,who.gho.cm-02,raw/who.gho.cm-02/2026/09/20260907T155226Z-b536cc4a2b4c.json.gz,2
who.gho.cm-02,CM_02:KWT:SEX_BTSX:AGEGROUP_MONTHS0-11,1970-01-01,2026-09-07T15:58:25Z,high,2173.0,,who.gho.cm-02,raw/who.gho.cm-02/2026/09/20260907T155825Z-6675ad1e3bc7.json.gz,2
who.gho.cm-02,CM_02:KWT:SEX_BTSX:AGEGROUP_MONTHS0-11,1970-01-01,2026-09-07T15:58:25Z,low,1806.0,,who.gho.cm-02,raw/who.gho.cm-02/2026/09/20260907T155825Z-6675ad1e3bc7.json.gz,2
who.gho.cm-02,CM_02:KWT:SEX_BTSX:AGEGROUP_MONTHS0-11,1970-01-01,2026-09-07T15:58:25Z,restated_at,2026-08-04,,who.gho.cm-02,raw/who.gho.cm-02/2026/09/20260907T155825Z-6675ad1e3bc7.json.gz,2
who.gho.cm-02,CM_02:KWT:SEX_BTSX:AGEGROUP_MONTHS0-11,1970-01-01,2026-09-07T15:58:25Z,value,1986.0,,who.gho.cm-02,raw/who.gho.cm-02/2026/09/20260907T155825Z-6675ad1e3bc7.json.gz,2
who.gho.cm-02,CM_02:KWT:SEX_FMLE:AGEGROUP_MONTHS0-11,1970-01-01,2026-09-07T15:56:27Z,high,995.0,,who.gho.cm-02,raw/who.gho.cm-02/2026/09/20260907T155627Z-19eb4e6c1215.json.gz,2
who.gho.cm-02,CM_02:KWT:SEX_FMLE:AGEGROUP_MONTHS0-11,1970-01-01,2026-09-07T15:56:27Z,low,816.0,,who.gho.cm-02,raw/who.gho.cm-02/2026/09/20260907T155627Z-19eb4e6c1215.json.gz,2
who.gho.cm-02,CM_02:KWT:SEX_FMLE:AGEGROUP_MONTHS0-11,1970-01-01,2026-09-07T15:56:27Z,restated_at,2026-08-04,,who.gho.cm-02,raw/who.gho.cm-02/2026/09/20260907T155627Z-19eb4e6c1215.json.gz,2
who.gho.cm-02,CM_02:KWT:SEX_FMLE:AGEGROUP_MONTHS0-11,1970-01-01,2026-09-07T15:56:27Z,value,907.0,,who.gho.cm-02,raw/who.gho.cm-02/2026/09/20260907T155627Z-19eb4e6c1215.json.gz,2
who.gho.cm-02,CM_02:KWT:SEX_MLE:AGEGROUP_MONTHS0-11,1970-01-01,2026-09-07T15:56:27Z,high,1183.0,,who.gho.cm-02,raw/who.gho.cm-02/2026/09/20260907T155627Z-19eb4e6c1215.json.gz,2
who.gho.cm-02,CM_02:KWT:SEX_MLE:AGEGROUP_MONTHS0-11,1970-01-01,2026-09-07T15:56:27Z,low,979.0,,who.gho.cm-02,raw/who.gho.cm-02/2026/09/20260907T155627Z-19eb4e6c1215.json.gz,2
who.gho.cm-02,CM_02:KWT:SEX_MLE:AGEGROUP_MONTHS0-11,1970-01-01,2026-09-07T15:56:27Z,restated_at,2026-08-04,,who.gho.cm-02,raw/who.gho.cm-02/2026/09/20260907T155627Z-19eb4e6c1215.json.gz,2
who.gho.cm-02,CM_02:KWT:SEX_MLE:AGEGROUP_MONTHS0-11,1970-01-01,2026-09-07T15:56:27Z,value,1079.0,,who.gho.cm-02,raw/who.gho.cm-02/2026/09/20260907T155627Z-19eb4e6c1215.json.gz,2
who.gho.cm-02,CM_02:LBN:SEX_BTSX:AGEGROUP_MONTHS0-11,1970-01-01,2026-09-07T15:57:21Z,high,5039.0,,who.gho.cm-02,raw/who.gho.cm-02/2026/09/20260907T155721Z-a2b5c178c29b.json.gz,2
who.gho.cm-02,CM_02:LBN:SEX_BTSX:AGEGROUP_MONTHS0-11,1970-01-01,2026-09-07T15:57:21Z,low,3486.0,,who.gho.cm-02,raw/who.gho.cm-02/2026/09/20260907T155721Z-a2b5c178c29b.json.gz,2
who.gho.cm-02,CM_02:LBN:SEX_BTSX:AGEGROUP_MONTHS0-11,1970-01-01,2026-09-07T15:57:21Z,restated_at,2026-08-04,,who.gho.cm-02,raw/who.gho.cm-02/2026/09/20260907T155721Z-a2b5c178c29b.json.gz,2
who.gho.cm-02,CM_02:LBN:SEX_BTSX:AGEGROUP_MONTHS0-11,1970-01-01,2026-09-07T15:57:21Z,value,4179.0,,who.gho.cm-02,raw/who.gho.cm-02/2026/09/20260907T155721Z-a2b5c178c29b.json.gz,2
who.gho.cm-02,CM_02:LBN:SEX_FMLE:AGEGROUP_MONTHS0-11,1970-01-01,2026-09-07T15:54:17Z,high,2298.0,,who.gho.cm-02,raw/who.gho.cm-02/2026/09/20260907T155417Z-e87fb31944b5.json.gz,2
who.gho.cm-02,CM_02:LBN:SEX_FMLE:AGEGROUP_MONTHS0-11,1970-01-01,2026-09-07T15:54:17Z,low,1562.0,,who.gho.cm-02,raw/who.gho.cm-02/2026/09/20260907T155417Z-e87fb31944b5.json.gz,2
who.gho.cm-02,CM_02:LBN:SEX_FMLE:AGEGROUP_MONTHS0-11,1970-01-01,2026-09-07T15:54:17Z,restated_at,2026-08-04,,who.gho.cm-02,raw/who.gho.cm-02/2026/09/20260907T155417Z-e87fb31944b5.json.gz,2
who.gho.cm-02,CM_02:LBN:SEX_FMLE:AGEGROUP_MONTHS0-11,1970-01-01,2026-09-07T15:54:17Z,value,1888.0,,who.gho.cm-02,raw/who.gho.cm-02/2026/09/20260907T155417Z-e87fb31944b5.json.gz,2
who.gho.cm-02,CM_02:LBN:SEX_MLE:AGEGROUP_MONTHS0-11,1970-01-01,2026-09-07T15:51:01Z,high,2779.0,,who.gho.cm-02,raw/who.gho.cm-02/2026/09/20260907T155101Z-65d1a3fa0413.json.gz,2
who.gho.cm-02,CM_02:LBN:SEX_MLE:AGEGROUP_MONTHS0-11,1970-01-01,2026-09-07T15:51:01Z,low,1903.0,,who.gho.cm-02,raw/who.gho.cm-02/2026/09/20260907T155101Z-65d1a3fa0413.json.gz,2
who.gho.cm-02,CM_02:LBN:SEX_MLE:AGEGROUP_MONTHS0-11,1970-01-01,2026-09-07T15:51:01Z,restated_at,2026-08-04,,who.gho.cm-02,raw/who.gho.cm-02/2026/09/20260907T155101Z-65d1a3fa0413.json.gz,2
who.gho.cm-02,CM_02:LBN:SEX_MLE:AGEGROUP_MONTHS0-11,1970-01-01,2026-09-07T15:51:01Z,value,2291.0,,who.gho.cm-02,raw/who.gho.cm-02/2026/09/20260907T155101Z-65d1a3fa0413.json.gz,2
who.gho.cm-02,CM_02:LBR:SEX_BTSX:AGEGROUP_MONTHS0-11,1970-01-01,2026-09-07T15:58:04Z,high,13884.0,,who.gho.cm-02,raw/who.gho.cm-02/2026/09/20260907T155804Z-3e19927fa86a.json.gz,2
who.gho.cm-02,CM_02:LBR:SEX_BTSX:AGEGROUP_MONTHS0-11,1970-01-01,2026-09-07T15:58:04Z,low,11224.0,,who.gho.cm-02,raw/who.gho.cm-02/2026/09/20260907T155804Z-3e19927fa86a.json.gz,2
who.gho.cm-02,CM_02:LBR:SEX_BTSX:AGEGROUP_MONTHS0-11,1970-01-01,2026-09-07T15:58:04Z,restated_at,2026-08-04,,who.gho.cm-02,raw/who.gho.cm-02/2026/09/20260907T155804Z-3e19927fa86a.json.gz,2
who.gho.cm-02,CM_02:LBR:SEX_BTSX:AGEGROUP_MONTHS0-11,1970-01-01,2026-09-07T15:58:04Z,value,12487.0,,who.gho.cm-02,raw/who.gho.cm-02/2026/09/20260907T155804Z-3e19927fa86a.json.gz,2
who.gho.cm-02,CM_02:LBR:SEX_FMLE:AGEGROUP_MONTHS0-11,1970-01-01,2026-09-07T15:54:17Z,high,6238.0,,who.gho.cm-02,raw/who.gho.cm-02/2026/09/20260907T155417Z-e87fb31944b5.json.gz,2
who.gho.cm-02,CM_02:LBR:SEX_FMLE:AGEGROUP_MONTHS0-11,1970-01-01,2026-09-07T15:54:17Z,low,4971.0,,who.gho.cm-02,raw/who.gho.cm-02/2026/09/20260907T155417Z-e87fb31944b5.json.gz,2
who.gho.cm-02,CM_02:LBR:SEX_FMLE:AGEGROUP_MONTHS0-11,1970-01-01,2026-09-07T15:54:17Z,restated_at,2026-08-04,,who.gho.cm-02,raw/who.gho.cm-02/2026/09/20260907T155417Z-e87fb31944b5.json.gz,2
who.gho.cm-02,CM_02:LBR:SEX_FMLE:AGEGROUP_MONTHS0-11,1970-01-01,2026-09-07T15:54:17Z,value,5576.0,,who.gho.cm-02,raw/who.gho.cm-02/2026/09/20260907T155417Z-e87fb31944b5.json.gz,2
who.gho.cm-02,CM_02:LBR:SEX_MLE:AGEGROUP_MONTHS0-11,1970-01-01,2026-09-07T15:51:44Z,high,7698.0,,who.gho.cm-02,raw/who.gho.cm-02/2026/09/20260907T155144Z-505d97ce9093.json.gz,2
who.gho.cm-02,CM_02:LBR:SEX_MLE:AGEGROUP_MONTHS0-11,1970-01-01,2026-09-07T15:51:44Z,low,6186.0,,who.gho.cm-02,raw/who.gho.cm-02/2026/09/20260907T155144Z-505d97ce9093.json.gz,2
who.gho.cm-02,CM_02:LBR:SEX_MLE:AGEGROUP_MONTHS0-11,1970-01-01,2026-09-07T15:51:44Z,restated_at,2026-08-04,,who.gho.cm-02,raw/who.gho.cm-02/2026/09/20260907T155144Z-505d97ce9093.json.gz,2
who.gho.cm-02,CM_02:LBR:SEX_MLE:AGEGROUP_MONTHS0-11,1970-01-01,2026-09-07T15:51:44Z,value,6911.0,,who.gho.cm-02,raw/who.gho.cm-02/2026/09/20260907T155144Z-505d97ce9093.json.gz,2
who.gho.cm-02,CM_02:LBY:SEX_BTSX:AGEGROUP_MONTHS0-11,1970-01-01,2026-09-07T15:57:00Z,high,10901.0,,who.gho.cm-02,raw/who.gho.cm-02/2026/09/20260907T155700Z-8ffcb12aceff.json.gz,2
who.gho.cm-02,CM_02:LBY:SEX_BTSX:AGEGROUP_MONTHS0-11,1970-01-01,2026-09-07T15:57:00Z,low,7897.0,,who.gho.cm-02,raw/who.gho.cm-02/2026/09/20260907T155700Z-8ffcb12aceff.json.gz,2
who.gho.cm-02,CM_02:LBY:SEX_BTSX:AGEGROUP_MONTHS0-11,1970-01-01,2026-09-07T15:57:00Z,restated_at,2026-08-04,,who.gho.cm-02,raw/who.gho.cm-02/2026/09/20260907T155700Z-8ffcb12aceff.json.gz,2
who.gho.cm-02,CM_02:LBY:SEX_BTSX:AGEGROUP_MONTHS0-11,1970-01-01,2026-09-07T15:57:00Z,value,9289.0,,who.gho.cm-02,raw/who.gho.cm-02/2026/09/20260907T155700Z-8ffcb12aceff.json.gz,2
who.gho.cm-02,CM_02:LBY:SEX_FMLE:AGEGROUP_MONTHS0-11,1970-01-01,2026-09-07T15:57:49Z,high,4983.0,,who.gho.cm-02,raw/who.gho.cm-02/2026/09/20260907T155749Z-8808ed0c9a07.json.gz,2
who.gho.cm-02,CM_02:LBY:SEX_FMLE:AGEGROUP_MONTHS0-11,1970-01-01,2026-09-07T15:57:49Z,low,3552.0,,who.gho.cm-02,raw/who.gho.cm-02/2026/09/20260907T155749Z-8808ed0c9a07.json.gz,2
who.gho.cm-02,CM_02:LBY:SEX_FMLE:AGEGROUP_MONTHS0-11,1970-01-01,2026-09-07T15:57:49Z,restated_at,2026-08-04,,who.gho.cm-02,raw/who.gho.cm-02/2026/09/20260907T155749Z-8808ed0c9a07.json.gz,2
who.gho.cm-02,CM_02:LBY:SEX_FMLE:AGEGROUP_MONTHS0-11,1970-01-01,2026-09-07T15:57:49Z,value,4208.0,,who.gho.cm-02,raw/who.gho.cm-02/2026/09/20260907T155749Z-8808ed0c9a07.json.gz,2
who.gho.cm-02,CM_02:LBY:SEX_MLE:AGEGROUP_MONTHS0-11,1970-01-01,2026-09-07T15:51:25Z,high,6005.0,,who.gho.cm-02,raw/who.gho.cm-02/2026/09/20260907T155125Z-b41e2575e826.json.gz,2
who.gho.cm-02,CM_02:LBY:SEX_MLE:AGEGROUP_MONTHS0-11,1970-01-01,2026-09-07T15:51:25Z,low,4297.0,,who.gho.cm-02,raw/who.gho.cm-02/2026/09/20260907T155125Z-b41e2575e826.json.gz,2
who.gho.cm-02,CM_02:LBY:SEX_MLE:AGEGROUP_MONTHS0-11,1970-01-01,2026-09-07T15:51:25Z,restated_at,2026-08-04,,who.gho.cm-02,raw/who.gho.cm-02/2026/09/20260907T155125Z-b41e2575e826.json.gz,2
who.gho.cm-02,CM_02:LBY:SEX_MLE:AGEGROUP_MONTHS0-11,1970-01-01,2026-09-07T15:51:25Z,value,5081.0,,who.gho.cm-02,raw/who.gho.cm-02/2026/09/20260907T155125Z-b41e2575e826.json.gz,2
who.gho.cm-02,CM_02:LCA:SEX_BTSX:AGEGROUP_MONTHS0-11,1970-01-01,2026-09-07T15:51:21Z,high,216.0,,who.gho.cm-02,raw/who.gho.cm-02/2026/09/20260907T155121Z-1b14643329ca.json.gz,2
who.gho.cm-02,CM_02:LCA:SEX_BTSX:AGEGROUP_MONTHS0-11,1970-01-01,2026-09-07T15:51:21Z,low,198.0,,who.gho.cm-02,raw/who.gho.cm-02/2026/09/20260907T155121Z-1b14643329ca.json.gz,2
who.gho.cm-02,CM_02:LCA:SEX_BTSX:AGEGROUP_MONTHS0-11,1970-01-01,2026-09-07T15:51:21Z,restated_at,2025-04-15,,who.gho.cm-02,raw/who.gho.cm-02/2026/09/20260907T155121Z-1b14643329ca.json.gz,2
who.gho.cm-02,CM_02:LCA:SEX_BTSX:AGEGROUP_MONTHS0-11,1970-01-01,2026-09-07T15:51:21Z,value,207.0,,who.gho.cm-02,raw/who.gho.cm-02/2026/09/20260907T155121Z-1b14643329ca.json.gz,2
who.gho.cm-02,CM_02:LCA:SEX_FMLE:AGEGROUP_MONTHS0-11,1970-01-01,2026-09-07T15:58:25Z,high,98.0,,who.gho.cm-02,raw/who.gho.cm-02/2026/09/20260907T155825Z-6675ad1e3bc7.json.gz,2
who.gho.cm-02,CM_02:LCA:SEX_FMLE:AGEGROUP_MONTHS0-11,1970-01-01,2026-09-07T15:58:25Z,low,87.0,,who.gho.cm-02,raw/who.gho.cm-02/2026/09/20260907T155825Z-6675ad1e3bc7.json.gz,2
who.gho.cm-02,CM_02:LCA:SEX_FMLE:AGEGROUP_MONTHS0-11,1970-01-01,2026-09-07T15:58:25Z,restated_at,2026-08-04,,who.gho.cm-02,raw/who.gho.cm-02/2026/09/20260907T155825Z-6675ad1e3bc7.json.gz,2
who.gho.cm-02,CM_02:LCA:SEX_FMLE:AGEGROUP_MONTHS0-11,1970-01-01,2026-09-07T15:58:25Z,value,93.0,,who.gho.cm-02,raw/who.gho.cm-02/2026/09/20260907T155825Z-6675ad1e3bc7.json.gz,2
who.gho.cm-02,CM_02:LCA:SEX_MLE:AGEGROUP_MONTHS0-11,1970-01-01,2026-09-07T15:56:48Z,high,120.0,,who.gho.cm-02,raw/who.gho.cm-02/2026/09/20260907T155648Z-e962102586d9.json.gz,2
who.gho.cm-02,CM_02:LCA:SEX_MLE:AGEGROUP_MONTHS0-11,1970-01-01,2026-09-07T15:56:48Z,low,108.0,,who.gho.cm-02,raw/who.gho.cm-02/2026/09/20260907T155648Z-e962102586d9.json.gz,2
who.gho.cm-02,CM_02:LCA:SEX_MLE:AGEGROUP_MONTHS0-11,1970-01-01,2026-09-07T15:56:48Z,restated_at,2025-04-15,,who.gho.cm-02,raw/who.gho.cm-02/2026/09/20260907T155648Z-e962102586d9.json.gz,2
who.gho.cm-02,CM_02:LCA:SEX_MLE:AGEGROUP_MONTHS0-11,1970-01-01,2026-09-07T15:56:48Z,value,114.0,,who.gho.cm-02,raw/who.gho.cm-02/2026/09/20260907T155648Z-e962102586d9.json.gz,2
who.gho.cm-02,CM_02:LKA:SEX_BTSX:AGEGROUP_MONTHS0-11,1970-01-01,2026-09-07T15:51:30Z,high,19062.0,,who.gho.cm-02,raw/who.gho.cm-02/2026/09/20260907T155130Z-b74d44aee08e.json.gz,2
who.gho.cm-02,CM_02:LKA:SEX_BTSX:AGEGROUP_MONTHS0-11,1970-01-01,2026-09-07T15:51:30Z,low,17616.0,,who.gho.cm-02,raw/who.gho.cm-02/2026/09/20260907T155130Z-b74d44aee08e.json.gz,2
who.gho.cm-02,CM_02:LKA:SEX_BTSX:AGEGROUP_MONTHS0-11,1970-01-01,2026-09-07T15:51:30Z,restated_at,2026-08-04,,who.gho.cm-02,raw/who.gho.cm-02/2026/09/20260907T155130Z-b74d44aee08e.json.gz,2
who.gho.cm-02,CM_02:LKA:SEX_BTSX:AGEGROUP_MONTHS0-11,1970-01-01,2026-09-07T15:51:30Z,value,18329.0,,who.gho.cm-02,raw/who.gho.cm-02/2026/09/20260907T155130Z-b74d44aee08e.json.gz,2
who.gho.cm-02,CM_02:LKA:SEX_FMLE:AGEGROUP_MONTHS0-11,1970-01-01,2026-09-07T15:58:20Z,high,8491.0,,who.gho.cm-02,raw/who.gho.cm-02/2026/09/20260907T155820Z-bace8014f904.json.gz,2
who.gho.cm-02,CM_02:LKA:SEX_FMLE:AGEGROUP_MONTHS0-11,1970-01-01,2026-09-07T15:58:20Z,low,7775.0,,who.gho.cm-02,raw/who.gho.cm-02/2026/09/20260907T155820Z-bace8014f904.json.gz,2
who.gho.cm-02,CM_02:LKA:SEX_FMLE:AGEGROUP_MONTHS0-11,1970-01-01,2026-09-07T15:58:20Z,restated_at,2026-08-04,,who.gho.cm-02,raw/who.gho.cm-02/2026/09/20260907T155820Z-bace8014f904.json.gz,2
who.gho.cm-02,CM_02:LKA:SEX_FMLE:AGEGROUP_MONTHS0-11,1970-01-01,2026-09-07T15:58:20Z,value,8130.0,,who.gho.cm-02,raw/who.gho.cm-02/2026/09/20260907T155820Z-bace8014f904.json.gz,2
who.gho.cm-02,CM_02:LKA:SEX_MLE:AGEGROUP_MONTHS0-11,1970-01-01,2026-09-07T15:51:44Z,high,10621.0,,who.gho.cm-02,raw/who.gho.cm-02/2026/09/20260907T155144Z-505d97ce9093.json.gz,2
who.gho.cm-02,CM_02:LKA:SEX_MLE:AGEGROUP_MONTHS0-11,1970-01-01,2026-09-07T15:51:44Z,low,9773.0,,who.gho.cm-02,raw/who.gho.cm-02/2026/09/20260907T155144Z-505d97ce9093.json.gz,2
who.gho.cm-02,CM_02:LKA:SEX_MLE:AGEGROUP_MONTHS0-11,1970-01-01,2026-09-07T15:51:44Z,restated_at,2026-08-04,,who.gho.cm-02,raw/who.gho.cm-02/2026/09/20260907T155144Z-505d97ce9093.json.gz,2
who.gho.cm-02,CM_02:LKA:SEX_MLE:AGEGROUP_MONTHS0-11,1970-01-01,2026-09-07T15:51:44Z,value,10199.0,,who.gho.cm-02,raw/who.gho.cm-02/2026/09/20260907T155144Z-505d97ce9093.json.gz,2
who.gho.cm-02,CM_02:LSO:SEX_BTSX:AGEGROUP_MONTHS0-11,1970-01-01,2026-09-07T15:57:54Z,high,6261.0,,who.gho.cm-02,raw/who.gho.cm-02/2026/09/20260907T155754Z-3bea881db2b4.json.gz,2
who.gho.cm-02,CM_02:LSO:SEX_BTSX:AGEGROUP_MONTHS0-11,1970-01-01,2026-09-07T15:57:54Z,low,5175.0,,who.gho.cm-02,raw/who.gho.cm-02/2026/09/20260907T155754Z-3bea881db2b4.json.gz,2
who.gho.cm-02,CM_02:LSO:SEX_BTSX:AGEGROUP_MONTHS0-11,1970-01-01,2026-09-07T15:57:54Z,restated_at,2026-08-04,,who.gho.cm-02,raw/who.gho.cm-02/2026/09/20260907T155754Z-3bea881db2b4.json.gz,2
who.gho.cm-02,CM_02:LSO:SEX_BTSX:AGEGROUP_MONTHS0-11,1970-01-01,2026-09-07T15:57:54Z,value,5689.0,,who.gho.cm-02,raw/who.gho.cm-02/2026/09/20260907T155754Z-3bea881db2b4.json.gz,2
who.gho.cm-02,CM_02:LSO:SEX_FMLE:AGEGROUP_MONTHS0-11,1970-01-01,2026-09-07T15:51:30Z,high,2946.0,,who.gho.cm-02,raw/who.gho.cm-02/2026/09/20260907T155130Z-b74d44aee08e.json.gz,2
who.gho.cm-02,CM_02:LSO:SEX_FMLE:AGEGROUP_MONTHS0-11,1970-01-01,2026-09-07T15:51:30Z,low,2403.0,,who.gho.cm-02,raw/who.gho.cm-02/2026/09/20260907T155130Z-b74d44aee08e.json.gz,2
who.gho.cm-02,CM_02:LSO:SEX_FMLE:AGEGROUP_MONTHS0-11,1970-01-01,2026-09-07T15:51:30Z,restated_at,2026-08-04,,who.gho.cm-02,raw/who.gho.cm-02/2026/09/20260907T155130Z-b74d44aee08e.json.gz,2
who.gho.cm-02,CM_02:LSO:SEX_FMLE:AGEGROUP_MONTHS0-11,1970-01-01,2026-09-07T15:51:30Z,value,2662.0,,who.gho.cm-02,raw/who.gho.cm-02/2026/09/20260907T155130Z-b74d44aee08e.json.gz,2
who.gho.cm-02,CM_02:LSO:SEX_MLE:AGEGROUP_MONTHS0-11,1970-01-01,2026-09-07T15:57:35Z,high,3344.0,,who.gho.cm-02,raw/who.gho.cm-02/2026/09/20260907T155735Z-be5ff4c5352d.json.gz,2
who.gho.cm-02,CM_02:LSO:SEX_MLE:AGEGROUP_MONTHS0-11,1970-01-01,2026-09-07T15:57:35Z,low,2738.0,,who.gho.cm-02,raw/who.gho.cm-02/2026/09/20260907T155735Z-be5ff4c5352d.json.gz,2
who.gho.cm-02,CM_02:LSO:SEX_MLE:AGEGROUP_MONTHS0-11,1970-01-01,2026-09-07T15:57:35Z,restated_at,2026-08-04,,who.gho.cm-02,raw/who.gho.cm-02/2026/09/20260907T155735Z-be5ff4c5352d.json.gz,2
who.gho.cm-02,CM_02:LSO:SEX_MLE:AGEGROUP_MONTHS0-11,1970-01-01,2026-09-07T15:57:35Z,value,3027.0,,who.gho.cm-02,raw/who.gho.cm-02/2026/09/20260907T155735Z-be5ff4c5352d.json.gz,2
who.gho.cm-02,CM_02:LTU:SEX_BTSX:AGEGROUP_MONTHS0-11,1970-01-01,2026-09-07T15:58:20Z,high,1024.0,,who.gho.cm-02,raw/who.gho.cm-02/2026/09/20260907T155820Z-bace8014f904.json.gz,2
who.gho.cm-02,CM_02:LTU:SEX_BTSX:AGEGROUP_MONTHS0-11,1970-01-01,2026-09-07T15:58:20Z,low,968.0,,who.gho.cm-02,raw/who.gho.cm-02/2026/09/20260907T155820Z-bace8014f904.json.gz,2
who.gho.cm-02,CM_02:LTU:SEX_BTSX:AGEGROUP_MONTHS0-11,1970-01-01,2026-09-07T15:58:20Z,restated_at,2026-08-04,,who.gho.cm-02,raw/who.gho.cm-02/2026/09/20260907T155820Z-bace8014f904.json.gz,2
who.gho.cm-02,CM_02:LTU:SEX_BTSX:AGEGROUP_MONTHS0-11,1970-01-01,2026-09-07T15:58:20Z,value,996.0,,who.gho.cm-02,raw/who.gho.cm-02/2026/09/20260907T155820Z-bace8014f904.json.gz,2
who.gho.cm-02,CM_02:LTU:SEX_FMLE:AGEGROUP_MONTHS0-11,1970-01-01,2026-09-07T15:52:37Z,high,434.0,,who.gho.cm-02,raw/who.gho.cm-02/2026/09/20260907T155237Z-35c7d31783eb.json.gz,2
who.gho.cm-02,CM_02:LTU:SEX_FMLE:AGEGROUP_MONTHS0-11,1970-01-01,2026-09-07T15:52:37Z,low,404.0,,who.gho.cm-02,raw/who.gho.cm-02/2026/09/20260907T155237Z-35c7d31783eb.json.gz,2
who.gho.cm-02,CM_02:LTU:SEX_FMLE:AGEGROUP_MONTHS0-11,1970-01-01,2026-09-07T15:52:37Z,restated_at,2026-08-04,,who.gho.cm-02,raw/who.gho.cm-02/2026/09/20260907T155237Z-35c7d31783eb.json.gz,2
who.gho.cm-02,CM_02:LTU:SEX_FMLE:AGEGROUP_MONTHS0-11,1970-01-01,2026-09-07T15:52:37Z,value,419.0,,who.gho.cm-02,raw/who.gho.cm-02/2026/09/20260907T155237Z-35c7d31783eb.json.gz,2
who.gho.cm-02,CM_02:LTU:SEX_MLE:AGEGROUP_MONTHS0-11,1970-01-01,2026-09-07T15:51:25Z,high,596.0,,who.gho.cm-02,raw/who.gho.cm-02/2026/09/20260907T155125Z-b41e2575e826.json.gz,2
who.gho.cm-02,CM_02:LTU:SEX_MLE:AGEGROUP_MONTHS0-11,1970-01-01,2026-09-07T15:51:25Z,low,558.0,,who.gho.cm-02,raw/who.gho.cm-02/2026/09/20260907T155125Z-b41e2575e826.json.gz,2
who.gho.cm-02,CM_02:LTU:SEX_MLE:AGEGROUP_MONTHS0-11,1970-01-01,2026-09-07T15:51:25Z,restated_at,2026-08-04,,who.gho.cm-02,raw/who.gho.cm-02/2026/09/20260907T155125Z-b41e2575e826.json.gz,2
who.gho.cm-02,CM_02:LTU:SEX_MLE:AGEGROUP_MONTHS0-11,1970-01-01,2026-09-07T15:51:25Z,value,577.0,,who.gho.cm-02,raw/who.gho.cm-02/2026/09/20260907T155125Z-b41e2575e826.json.gz,2
who.gho.cm-02,CM_02:LUX:SEX_BTSX:AGEGROUP_MONTHS0-11,1970-01-01,2026-09-07T15:57:07Z,high,89.0,,who.gho.cm-02,raw/who.gho.cm-02/2026/09/20260907T155707Z-3cd3e5b56c9f.json.gz,2
who.gho.cm-02,CM_02:LUX:SEX_BTSX:AGEGROUP_MONTHS0-11,1970-01-01,2026-09-07T15:57:07Z,low,79.0,,who.gho.cm-02,raw/who.gho.cm-02/2026/09/20260907T155707Z-3cd3e5b56c9f.json.gz,2
who.gho.cm-02,CM_02:LUX:SEX_BTSX:AGEGROUP_MONTHS0-11,1970-01-01,2026-09-07T15:57:07Z,restated_at,2025-04-15,,who.gho.cm-02,raw/who.gho.cm-02/2026/09/20260907T155707Z-3cd3e5b56c9f.json.gz,2
who.gho.cm-02,CM_02:LUX:SEX_BTSX:AGEGROUP_MONTHS0-11,1970-01-01,2026-09-07T15:57:07Z,value,84.0,,who.gho.cm-02,raw/who.gho.cm-02/2026/09/20260907T155707Z-3cd3e5b56c9f.json.gz,2
who.gho.cm-02,CM_02:LUX:SEX_FMLE:AGEGROUP_MONTHS0-11,1970-01-01,2026-09-07T15:57:00Z,high,38.0,,who.gho.cm-02,raw/who.gho.cm-02/2026/09/20260907T155700Z-8ffcb12aceff.json.gz,2
who.gho.cm-02,CM_02:LUX:SEX_FMLE:AGEGROUP_MONTHS0-11,1970-01-01,2026-09-07T15:57:00Z,low,33.0,,who.gho.cm-02,raw/who.gho.cm-02/2026/09/20260907T155700Z-8ffcb12aceff.json.gz,2
who.gho.cm-02,CM_02:LUX:SEX_FMLE:AGEGROUP_MONTHS0-11,1970-01-01,2026-09-07T15:57:00Z,restated_at,2025-04-15,,who.gho.cm-02,raw/who.gho.cm-02/2026/09/20260907T155700Z-8ffcb12aceff.json.gz,2
who.gho.cm-02,CM_02:LUX:SEX_FMLE:AGEGROUP_MONTHS0-11,1970-01-01,2026-09-07T15:57:00Z,value,35.0,,who.gho.cm-02,raw/who.gho.cm-02/2026/09/20260907T155700Z-8ffcb12aceff.json.gz,2
who.gho.cm-02,CM_02:LUX:SEX_MLE:AGEGROUP_MONTHS0-11,1970-01-01,2026-09-07T15:57:07Z,high,52.0,,who.gho.cm-02,raw/who.gho.cm-02/2026/09/20260907T155707Z-3cd3e5b56c9f.json.gz,2
who.gho.cm-02,CM_02:LUX:SEX_MLE:AGEGROUP_MONTHS0-11,1970-01-01,2026-09-07T15:57:07Z,low,46.0,,who.gho.cm-02,raw/who.gho.cm-02/2026/09/20260907T155707Z-3cd3e5b56c9f.json.gz,2
who.gho.cm-02,CM_02:LUX:SEX_MLE:AGEGROUP_MONTHS0-11,1970-01-01,2026-09-07T15:57:07Z,restated_at,2025-04-15,,who.gho.cm-02,raw/who.gho.cm-02/2026/09/20260907T155707Z-3cd3e5b56c9f.json.gz,2
who.gho.cm-02,CM_02:LUX:SEX_MLE:AGEGROUP_MONTHS0-11,1970-01-01,2026-09-07T15:57:07Z,value,49.0,,who.gho.cm-02,raw/who.gho.cm-02/2026/09/20260907T155707Z-3cd3e5b56c9f.json.gz,2
who.gho.cm-02,CM_02:LVA:SEX_BTSX:AGEGROUP_MONTHS0-11,1970-01-01,2026-09-07T15:50:57Z,high,585.0,,who.gho.cm-02,raw/who.gho.cm-02/2026/09/20260907T155057Z-e03fd9f60113.json.gz,2
who.gho.cm-02,CM_02:LVA:SEX_BTSX:AGEGROUP_MONTHS0-11,1970-01-01,2026-09-07T15:50:57Z,low,510.0,,who.gho.cm-02,raw/who.gho.cm-02/2026/09/20260907T155057Z-e03fd9f60113.json.gz,2
who.gho.cm-02,CM_02:LVA:SEX_BTSX:AGEGROUP_MONTHS0-11,1970-01-01,2026-09-07T15:50:57Z,restated_at,2026-08-04,,who.gho.cm-02,raw/who.gho.cm-02/2026/09/20260907T155057Z-e03fd9f60113.json.gz,2
who.gho.cm-02,CM_02:LVA:SEX_BTSX:AGEGROUP_MONTHS0-11,1970-01-01,2026-09-07T15:50:57Z,value,547.0,,who.gho.cm-02,raw/who.gho.cm-02/2026/09/20260907T155057Z-e03fd9f60113.json.gz,2
who.gho.cm-02,CM_02:LVA:SEX_FMLE:AGEGROUP_MONTHS0-11,1970-01-01,2026-09-07T15:50:57Z,high,249.0,,who.gho.cm-02,raw/who.gho.cm-02/2026/09/20260907T155057Z-e03fd9f60113.json.gz,2
who.gho.cm-02,CM_02:LVA:SEX_FMLE:AGEGROUP_MONTHS0-11,1970-01-01,2026-09-07T15:50:57Z,low,211.0,,who.gho.cm-02,raw/who.gho.cm-02/2026/09/20260907T155057Z-e03fd9f60113.json.gz,2
who.gho.cm-02,CM_02:LVA:SEX_FMLE:AGEGROUP_MONTHS0-11,1970-01-01,2026-09-07T15:50:57Z,restated_at,2026-08-04,,who.gho.cm-02,raw/who.gho.cm-02/2026/09/20260907T155057Z-e03fd9f60113.json.gz,2
who.gho.cm-02,CM_02:LVA:SEX_FMLE:AGEGROUP_MONTHS0-11,1970-01-01,2026-09-07T15:50:57Z,value,229.0,,who.gho.cm-02,raw/who.gho.cm-02/2026/09/20260907T155057Z-e03fd9f60113.json.gz,2
who.gho.cm-02,CM_02:LVA:SEX_MLE:AGEGROUP_MONTHS0-11,1970-01-01,2026-09-07T15:50:57Z,high,343.0,,who.gho.cm-02,raw/who.gho.cm-02/2026/09/20260907T155057Z-e03fd9f60113.json.gz,2
who.gho.cm-02,CM_02:LVA:SEX_MLE:AGEGROUP_MONTHS0-11,1970-01-01,2026-09-07T15:50:57Z,low,294.0,,who.gho.cm-02,raw/who.gho.cm-02/2026/09/20260907T155057Z-e03fd9f60113.json.gz,2
who.gho.cm-02,CM_02:LVA:SEX_MLE:AGEGROUP_MONTHS0-11,1970-01-01,2026-09-07T15:50:57Z,restated_at,2026-08-04,,who.gho.cm-02,raw/who.gho.cm-02/2026/09/20260907T155057Z-e03fd9f60113.json.gz,2
who.gho.cm-02,CM_02:LVA:SEX_MLE:AGEGROUP_MONTHS0-11,1970-01-01,2026-09-07T15:50:57Z,value,318.0,,who.gho.cm-02,raw/who.gho.cm-02/2026/09/20260907T155057Z-e03fd9f60113.json.gz,2
who.gho.cm-02,CM_02:MAR:SEX_BTSX:AGEGROUP_MONTHS0-11,1970-01-01,2026-09-07T15:52:18Z,high,90612.0,,who.gho.cm-02,raw/who.gho.cm-02/2026/09/20260907T155218Z-7dbb6db1a58a.json.gz,2
who.gho.cm-02,CM_02:MAR:SEX_BTSX:AGEGROUP_MONTHS0-11,1970-01-01,2026-09-07T15:52:18Z,low,78322.0,,who.gho.cm-02,raw/who.gho.cm-02/2026/09/20260907T155218Z-7dbb6db1a58a.json.gz,2
who.gho.cm-02,CM_02:MAR:SEX_BTSX:AGEGROUP_MONTHS0-11,1970-01-01,2026-09-07T15:52:18Z,restated_at,2026-08-04,,who.gho.cm-02,raw/who.gho.cm-02/2026/09/20260907T155218Z-7dbb6db1a58a.json.gz,2
who.gho.cm-02,CM_02:MAR:SEX_BTSX:AGEGROUP_MONTHS0-11,1970-01-01,2026-09-07T15:52:18Z,value,84189.0,,who.gho.cm-02,raw/who.gho.cm-02/2026/09/20260907T155218Z-7dbb6db1a58a.json.gz,2
who.gho.cm-02,CM_02:MAR:SEX_FMLE:AGEGROUP_MONTHS0-11,1970-01-01,2026-09-07T15:57:49Z,high,41402.0,,who.gho.cm-02,raw/who.gho.cm-02/2026/09/20260907T155749Z-8808ed0c9a07.json.gz,2
who.gho.cm-02,CM_02:MAR:SEX_FMLE:AGEGROUP_MONTHS0-11,1970-01-01,2026-09-07T15:57:49Z,low,35360.0,,who.gho.cm-02,raw/who.gho.cm-02/2026/09/20260907T155749Z-8808ed0c9a07.json.gz,2
who.gho.cm-02,CM_02:MAR:SEX_FMLE:AGEGROUP_MONTHS0-11,1970-01-01,2026-09-07T15:57:49Z,restated_at,2026-08-04,,who.gho.cm-02,raw/who.gho.cm-02/2026/09/20260907T155749Z-8808ed0c9a07.json.gz,2
who.gho.cm-02,CM_02:MAR:SEX_FMLE:AGEGROUP_MONTHS0-11,1970-01-01,2026-09-07T15:57:49Z,value,38213.0,,who.gho.cm-02,raw/who.gho.cm-02/2026/09/20260907T155749Z-8808ed0c9a07.json.gz,2
who.gho.cm-02,CM_02:MAR:SEX_MLE:AGEGROUP_MONTHS0-11,1970-01-01,2026-09-07T15:50:57Z,high,49626.0,,who.gho.cm-02,raw/who.gho.cm-02/2026/09/20260907T155057Z-e03fd9f60113.json.gz,2
who.gho.cm-02,CM_02:MAR:SEX_MLE:AGEGROUP_MONTHS0-11,1970-01-01,2026-09-07T15:50:57Z,low,42581.0,,who.gho.cm-02,raw/who.gho.cm-02/2026/09/20260907T155057Z-e03fd9f60113.json.gz,2
who.gho.cm-02,CM_02:MAR:SEX_MLE:AGEGROUP_MONTHS0-11,1970-01-01,2026-09-07T15:50:57Z,restated_at,2026-08-04,,who.gho.cm-02,raw/who.gho.cm-02/2026/09/20260907T155057Z-e03fd9f60113.json.gz,2
who.gho.cm-02,CM_02:MAR:SEX_MLE:AGEGROUP_MONTHS0-11,1970-01-01,2026-09-07T15:50:57Z,value,45976.0,,who.gho.cm-02,raw/who.gho.cm-02/2026/09/20260907T155057Z-e03fd9f60113.json.gz,2
who.gho.cm-02,CM_02:MDV:SEX_BTSX:AGEGROUP_MONTHS0-11,1970-01-01,2026-09-07T15:51:21Z,high,1299.0,,who.gho.cm-02,raw/who.gho.cm-02/2026/09/20260907T155121Z-1b14643329ca.json.gz,2
who.gho.cm-02,CM_02:MDV:SEX_BTSX:AGEGROUP_MONTHS0-11,1970-01-01,2026-09-07T15:51:21Z,low,946.0,,who.gho.cm-02,raw/who.gho.cm-02/2026/09/20260907T155121Z-1b14643329ca.json.gz,2
who.gho.cm-02,CM_02:MDV:SEX_BTSX:AGEGROUP_MONTHS0-11,1970-01-01,2026-09-07T15:51:21Z,restated_at,2026-08-04,,who.gho.cm-02,raw/who.gho.cm-02/2026/09/20260907T155121Z-1b14643329ca.json.gz,2
who.gho.cm-02,CM_02:MDV:SEX_BTSX:AGEGROUP_MONTHS0-11,1970-01-01,2026-09-07T15:51:21Z,value,1110.0,,who.gho.cm-02,raw/who.gho.cm-02/2026/09/20260907T155121Z-1b14643329ca.json.gz,2
who.gho.cm-02,CM_02:MDV:SEX_FMLE:AGEGROUP_MONTHS0-11,1970-01-01,2026-09-07T15:51:30Z,high,595.0,,who.gho.cm-02,raw/who.gho.cm-02/2026/09/20260907T155130Z-b74d44aee08e.json.gz,2
who.gho.cm-02,CM_02:MDV:SEX_FMLE:AGEGROUP_MONTHS0-11,1970-01-01,2026-09-07T15:51:30Z,low,424.0,,who.gho.cm-02,raw/who.gho.cm-02/2026/09/20260907T155130Z-b74d44aee08e.json.gz,2
who.gho.cm-02,CM_02:MDV:SEX_FMLE:AGEGROUP_MONTHS0-11,1970-01-01,2026-09-07T15:51:30Z,restated_at,2026-08-04,,who.gho.cm-02,raw/who.gho.cm-02/2026/09/20260907T155130Z-b74d44aee08e.json.gz,2
who.gho.cm-02,CM_02:MDV:SEX_FMLE:AGEGROUP_MONTHS0-11,1970-01-01,2026-09-07T15:51:30Z,value,504.0,,who.gho.cm-02,raw/who.gho.cm-02/2026/09/20260907T155130Z-b74d44aee08e.json.gz,2
who.gho.cm-02,CM_02:MDV:SEX_MLE:AGEGROUP_MONTHS0-11,1970-01-01,2026-09-07T15:57:26Z,high,714.0,,who.gho.cm-02,raw/who.gho.cm-02/2026/09/20260907T155726Z-31d0241a6d30.json.gz,2
who.gho.cm-02,CM_02:MDV:SEX_MLE:AGEGROUP_MONTHS0-11,1970-01-01,2026-09-07T15:57:26Z,low,514.0,,who.gho.cm-02,raw/who.gho.cm-02/2026/09/20260907T155726Z-31d0241a6d30.json.gz,2
who.gho.cm-02,CM_02:MDV:SEX_MLE:AGEGROUP_MONTHS0-11,1970-01-01,2026-09-07T15:57:26Z,restated_at,2026-08-04,,who.gho.cm-02,raw/who.gho.cm-02/2026/09/20260907T155726Z-31d0241a6d30.json.gz,2
who.gho.cm-02,CM_02:MDV:SEX_MLE:AGEGROUP_MONTHS0-11,1970-01-01,2026-09-07T15:57:26Z,value,606.0,,who.gho.cm-02,raw/who.gho.cm-02/2026/09/20260907T155726Z-31d0241a6d30.json.gz,2
who.gho.cm-02,CM_02:MEX:SEX_BTSX:AGEGROUP_MONTHS0-11,1970-01-01,2026-09-07T15:51:44Z,high,197185.0,,who.gho.cm-02,raw/who.gho.cm-02/2026/09/20260907T155144Z-505d97ce9093.json.gz,2
who.gho.cm-02,CM_02:MEX:SEX_BTSX:AGEGROUP_MONTHS0-11,1970-01-01,2026-09-07T15:51:44Z,low,166378.0,,who.gho.cm-02,raw/who.gho.cm-02/2026/09/20260907T155144Z-505d97ce9093.json.gz,2
who.gho.cm-02,CM_02:MEX:SEX_BTSX:AGEGROUP_MONTHS0-11,1970-01-01,2026-09-07T15:51:44Z,restated_at,2026-08-04,,who.gho.cm-02,raw/who.gho.cm-02/2026/09/20260907T155144Z-505d97ce9093.json.gz,2
who.gho.cm-02,CM_02:MEX:SEX_BTSX:AGEGROUP_MONTHS0-11,1970-01-01,2026-09-07T15:51:44Z,value,181262.0,,who.gho.cm-02,raw/who.gho.cm-02/2026/09/20260907T155144Z-505d97ce9093.json.gz,2
who.gho.cm-02,CM_02:MEX:SEX_FMLE:AGEGROUP_MONTHS0-11,1970-01-01,2026-09-07T15:51:01Z,high,89422.0,,who.gho.cm-02,raw/who.gho.cm-02/2026/09/20260907T155101Z-65d1a3fa0413.json.gz,2
who.gho.cm-02,CM_02:MEX:SEX_FMLE:AGEGROUP_MONTHS0-11,1970-01-01,2026-09-07T15:51:01Z,low,73805.0,,who.gho.cm-02,raw/who.gho.cm-02/2026/09/20260907T155101Z-65d1a3fa0413.json.gz,2
who.gho.cm-02,CM_02:MEX:SEX_FMLE:AGEGROUP_MONTHS0-11,1970-01-01,2026-09-07T15:51:01Z,restated_at,2026-08-04,,who.gho.cm-02,raw/who.gho.cm-02/2026/09/20260907T155101Z-65d1a3fa0413.json.gz,2
who.gho.cm-02,CM_02:MEX:SEX_FMLE:AGEGROUP_MONTHS0-11,1970-01-01,2026-09-07T15:51:01Z,value,81388.0,,who.gho.cm-02,raw/who.gho.cm-02/2026/09/20260907T155101Z-65d1a3fa0413.json.gz,2
who.gho.cm-02,CM_02:MEX:SEX_MLE:AGEGROUP_MONTHS0-11,1970-01-01,2026-09-07T15:52:18Z,high,109244.0,,who.gho.cm-02,raw/who.gho.cm-02/2026/09/20260907T155218Z-7dbb6db1a58a.json.gz,2
who.gho.cm-02,CM_02:MEX:SEX_MLE:AGEGROUP_MONTHS0-11,1970-01-01,2026-09-07T15:52:18Z,low,90915.0,,who.gho.cm-02,raw/who.gho.cm-02/2026/09/20260907T155218Z-7dbb6db1a58a.json.gz,2
who.gho.cm-02,CM_02:MEX:SEX_MLE:AGEGROUP_MONTHS0-11,1970-01-01,2026-09-07T15:52:18Z,restated_at,2026-08-04,,who.gho.cm-02,raw/who.gho.cm-02/2026/09/20260907T155218Z-7dbb6db1a58a.json.gz,2
who.gho.cm-02,CM_02:MEX:SEX_MLE:AGEGROUP_MONTHS0-11,1970-01-01,2026-09-07T15:52:18Z,value,99874.0,,who.gho.cm-02,raw/who.gho.cm-02/2026/09/20260907T155218Z-7dbb6db1a58a.json.gz,2
who.gho.cm-02,CM_02:MHL:SEX_BTSX:AGEGROUP_MONTHS0-11,1970-01-01,2026-09-07T15:51:30Z,high,69.0,,who.gho.cm-02,raw/who.gho.cm-02/2026/09/20260907T155130Z-b74d44aee08e.json.gz,2
who.gho.cm-02,CM_02:MHL:SEX_BTSX:AGEGROUP_MONTHS0-11,1970-01-01,2026-09-07T15:51:30Z,low,53.0,,who.gho.cm-02,raw/who.gho.cm-02/2026/09/20260907T155130Z-b74d44aee08e.json.gz,2
who.gho.cm-02,CM_02:MHL:SEX_BTSX:AGEGROUP_MONTHS0-11,1970-01-01,2026-09-07T15:51:30Z,restated_at,2026-08-04,,who.gho.cm-02,raw/who.gho.cm-02/2026/09/20260907T155130Z-b74d44aee08e.json.gz,2
who.gho.cm-02,CM_02:MHL:SEX_BTSX:AGEGROUP_MONTHS0-11,1970-01-01,2026-09-07T15:51:30Z,value,61.0,,who.gho.cm-02,raw/who.gho.cm-02/2026/09/20260907T155130Z-b74d44aee08e.json.gz,2
who.gho.cm-02,CM_02:MHL:SEX_FMLE:AGEGROUP_MONTHS0-11,1970-01-01,2026-09-07T15:51:54Z,high,31.0,,who.gho.cm-02,raw/who.gho.cm-02/2026/09/20260907T155154Z-820134cf428b.json.gz,2
who.gho.cm-02,CM_02:MHL:SEX_FMLE:AGEGROUP_MONTHS0-11,1970-01-01,2026-09-07T15:51:54Z,low,23.0,,who.gho.cm-02,raw/who.gho.cm-02/2026/09/20260907T155154Z-820134cf428b.json.gz,2
who.gho.cm-02,CM_02:MHL:SEX_FMLE:AGEGROUP_MONTHS0-11,1970-01-01,2026-09-07T15:51:54Z,restated_at,2026-08-04,,who.gho.cm-02,raw/who.gho.cm-02/2026/09/20260907T155154Z-820134cf428b.json.gz,2
who.gho.cm-02,CM_02:MHL:SEX_FMLE:AGEGROUP_MONTHS0-11,1970-01-01,2026-09-07T15:51:54Z,value,27.0,,who.gho.cm-02,raw/who.gho.cm-02/2026/09/20260907T155154Z-820134cf428b.json.gz,2
who.gho.cm-02,CM_02:MHL:SEX_MLE:AGEGROUP_MONTHS0-11,1970-01-01,2026-09-07T15:51:54Z,high,39.0,,who.gho.cm-02,raw/who.gho.cm-02/2026/09/20260907T155154Z-820134cf428b.json.gz,2
who.gho.cm-02,CM_02:MHL:SEX_MLE:AGEGROUP_MONTHS0-11,1970-01-01,2026-09-07T15:51:54Z,low,30.0,,who.gho.cm-02,raw/who.gho.cm-02/2026/09/20260907T155154Z-820134cf428b.json.gz,2
who.gho.cm-02,CM_02:MHL:SEX_MLE:AGEGROUP_MONTHS0-11,1970-01-01,2026-09-07T15:51:54Z,restated_at,2025-04-15,,who.gho.cm-02,raw/who.gho.cm-02/2026/09/20260907T155154Z-820134cf428b.json.gz,2
who.gho.cm-02,CM_02:MHL:SEX_MLE:AGEGROUP_MONTHS0-11,1970-01-01,2026-09-07T15:51:54Z,value,34.0,,who.gho.cm-02,raw/who.gho.cm-02/2026/09/20260907T155154Z-820134cf428b.json.gz,2
who.gho.cm-02,CM_02:MLI:SEX_BTSX:AGEGROUP_MONTHS0-11,1970-01-01,2026-09-07T15:57:40Z,high,64917.0,,who.gho.cm-02,raw/who.gho.cm-02/2026/09/20260907T155740Z-31068700a25d.json.gz,2
who.gho.cm-02,CM_02:MLI:SEX_BTSX:AGEGROUP_MONTHS0-11,1970-01-01,2026-09-07T15:57:40Z,low,53414.0,,who.gho.cm-02,raw/who.gho.cm-02/2026/09/20260907T155740Z-31068700a25d.json.gz,2
who.gho.cm-02,CM_02:MLI:SEX_BTSX:AGEGROUP_MONTHS0-11,1970-01-01,2026-09-07T15:57:40Z,restated_at,2026-08-04,,who.gho.cm-02,raw/who.gho.cm-02/2026/09/20260907T155740Z-31068700a25d.json.gz,2
who.gho.cm-02,CM_02:MLI:SEX_BTSX:AGEGROUP_MONTHS0-11,1970-01-01,2026-09-07T15:57:40Z,value,58945.0,,who.gho.cm-02,raw/who.gho.cm-02/2026/09/20260907T155740Z-31068700a25d.json.gz,2
who.gho.cm-02,CM_02:MLI:SEX_FMLE:AGEGROUP_MONTHS0-11,1970-01-01,2026-09-07T15:56:27Z,high,29658.0,,who.gho.cm-02,raw/who.gho.cm-02/2026/09/20260907T155627Z-19eb4e6c1215.json.gz,2
who.gho.cm-02,CM_02:MLI:SEX_FMLE:AGEGROUP_MONTHS0-11,1970-01-01,2026-09-07T15:56:27Z,low,24038.0,,who.gho.cm-02,raw/who.gho.cm-02/2026/09/20260907T155627Z-19eb4e6c1215.json.gz,2
who.gho.cm-02,CM_02:MLI:SEX_FMLE:AGEGROUP_MONTHS0-11,1970-01-01,2026-09-07T15:56:27Z,restated_at,2026-08-04,,who.gho.cm-02,raw/who.gho.cm-02/2026/09/20260907T155627Z-19eb4e6c1215.json.gz,2
who.gho.cm-02,CM_02:MLI:SEX_FMLE:AGEGROUP_MONTHS0-11,1970-01-01,2026-09-07T15:56:27Z,value,26769.0,,who.gho.cm-02,raw/who.gho.cm-02/2026/09/20260907T155627Z-19eb4e6c1215.json.gz,2
who.gho.cm-02,CM_02:MLI:SEX_MLE:AGEGROUP_MONTHS0-11,1970-01-01,2026-09-07T15:56:48Z,high,35455.0,,who.gho.cm-02,raw/who.gho.cm-02/2026/09/20260907T155648Z-e962102586d9.json.gz,2
who.gho.cm-02,CM_02:MLI:SEX_MLE:AGEGROUP_MONTHS0-11,1970-01-01,2026-09-07T15:56:48Z,low,29032.0,,who.gho.cm-02,raw/who.gho.cm-02/2026/09/20260907T155648Z-e962102586d9.json.gz,2
who.gho.cm-02,CM_02:MLI:SEX_MLE:AGEGROUP_MONTHS0-11,1970-01-01,2026-09-07T15:56:48Z,restated_at,2026-08-04,,who.gho.cm-02,raw/who.gho.cm-02/2026/09/20260907T155648Z-e962102586d9.json.gz,2
who.gho.cm-02,CM_02:MLI:SEX_MLE:AGEGROUP_MONTHS0-11,1970-01-01,2026-09-07T15:56:48Z,value,32176.0,,who.gho.cm-02,raw/who.gho.cm-02/2026/09/20260907T155648Z-e962102586d9.json.gz,2
who.gho.cm-02,CM_02:MLT:SEX_BTSX:AGEGROUP_MONTHS0-11,1970-01-01,2026-09-07T15:51:01Z,high,141.0,,who.gho.cm-02,raw/who.gho.cm-02/2026/09/20260907T155101Z-65d1a3fa0413.json.gz,2
who.gho.cm-02,CM_02:MLT:SEX_BTSX:AGEGROUP_MONTHS0-11,1970-01-01,2026-09-07T15:51:01Z,low,127.0,,who.gho.cm-02,raw/who.gho.cm-02/2026/09/20260907T155101Z-65d1a3fa0413.json.gz,2
who.gho.cm-02,CM_02:MLT:SEX_BTSX:AGEGROUP_MONTHS0-11,1970-01-01,2026-09-07T15:51:01Z,restated_at,2026-08-04,,who.gho.cm-02,raw/who.gho.cm-02/2026/09/20260907T155101Z-65d1a3fa0413.json.gz,2
who.gho.cm-02,CM_02:MLT:SEX_BTSX:AGEGROUP_MONTHS0-11,1970-01-01,2026-09-07T15:51:01Z,value,134.0,,who.gho.cm-02,raw/who.gho.cm-02/2026/09/20260907T155101Z-65d1a3fa0413.json.gz,2
who.gho.cm-02,CM_02:MLT:SEX_FMLE:AGEGROUP_MONTHS0-11,1970-01-01,2026-09-07T15:58:12Z,high,62.0,,who.gho.cm-02,raw/who.gho.cm-02/2026/09/20260907T155812Z-02a2023435be.json.gz,2
who.gho.cm-02,CM_02:MLT:SEX_FMLE:AGEGROUP_MONTHS0-11,1970-01-01,2026-09-07T15:58:12Z,low,55.0,,who.gho.cm-02,raw/who.gho.cm-02/2026/09/20260907T155812Z-02a2023435be.json.gz,2
who.gho.cm-02,CM_02:MLT:SEX_FMLE:AGEGROUP_MONTHS0-11,1970-01-01,2026-09-07T15:58:12Z,restated_at,2025-04-15,,who.gho.cm-02,raw/who.gho.cm-02/2026/09/20260907T155812Z-02a2023435be.json.gz,2
who.gho.cm-02,CM_02:MLT:SEX_FMLE:AGEGROUP_MONTHS0-11,1970-01-01,2026-09-07T15:58:12Z,value,58.0,,who.gho.cm-02,raw/who.gho.cm-02/2026/09/20260907T155812Z-02a2023435be.json.gz,2
who.gho.cm-02,CM_02:MLT:SEX_MLE:AGEGROUP_MONTHS0-11,1970-01-01,2026-09-07T15:51:16Z,high,80.0,,who.gho.cm-02,raw/who.gho.cm-02/2026/09/20260907T155116Z-bb01bf96bc15.json.gz,2
who.gho.cm-02,CM_02:MLT:SEX_MLE:AGEGROUP_MONTHS0-11,1970-01-01,2026-09-07T15:51:16Z,low,72.0,,who.gho.cm-02,raw/who.gho.cm-02/2026/09/20260907T155116Z-bb01bf96bc15.json.gz,2
who.gho.cm-02,CM_02:MLT:SEX_MLE:AGEGROUP_MONTHS0-11,1970-01-01,2026-09-07T15:51:16Z,restated_at,2025-04-15,,who.gho.cm-02,raw/who.gho.cm-02/2026/09/20260907T155116Z-bb01bf96bc15.json.gz,2
who.gho.cm-02,CM_02:MLT:SEX_MLE:AGEGROUP_MONTHS0-11,1970-01-01,2026-09-07T15:51:16Z,value,76.0,,who.gho.cm-02,raw/who.gho.cm-02/2026/09/20260907T155116Z-bb01bf96bc15.json.gz,2
who.gho.cm-02,CM_02:MMR:SEX_BTSX:AGEGROUP_MONTHS0-11,1970-01-01,2026-09-07T15:51:40Z,high,153487.0,,who.gho.cm-02,raw/who.gho.cm-02/2026/09/20260907T155140Z-2ccf90b4d287.json.gz,2
who.gho.cm-02,CM_02:MMR:SEX_BTSX:AGEGROUP_MONTHS0-11,1970-01-01,2026-09-07T15:51:40Z,low,97966.0,,who.gho.cm-02,raw/who.gho.cm-02/2026/09/20260907T155140Z-2ccf90b4d287.json.gz,2
who.gho.cm-02,CM_02:MMR:SEX_BTSX:AGEGROUP_MONTHS0-11,1970-01-01,2026-09-07T15:51:40Z,restated_at,2026-08-04,,who.gho.cm-02,raw/who.gho.cm-02/2026/09/20260907T155140Z-2ccf90b4d287.json.gz,2
who.gho.cm-02,CM_02:MMR:SEX_BTSX:AGEGROUP_MONTHS0-11,1970-01-01,2026-09-07T15:51:40Z,value,122524.0,,who.gho.cm-02,raw/who.gho.cm-02/2026/09/20260907T155140Z-2ccf90b4d287.json.gz,2
who.gho.cm-02,CM_02:MMR:SEX_FMLE:AGEGROUP_MONTHS0-11,1970-01-01,2026-09-07T15:57:35Z,high,68985.0,,who.gho.cm-02,raw/who.gho.cm-02/2026/09/20260907T155735Z-be5ff4c5352d.json.gz,2
who.gho.cm-02,CM_02:MMR:SEX_FMLE:AGEGROUP_MONTHS0-11,1970-01-01,2026-09-07T15:57:35Z,low,43533.0,,who.gho.cm-02,raw/who.gho.cm-02/2026/09/20260907T155735Z-be5ff4c5352d.json.gz,2
who.gho.cm-02,CM_02:MMR:SEX_FMLE:AGEGROUP_MONTHS0-11,1970-01-01,2026-09-07T15:57:35Z,restated_at,2026-08-04,,who.gho.cm-02,raw/who.gho.cm-02/2026/09/20260907T155735Z-be5ff4c5352d.json.gz,2
who.gho.cm-02,CM_02:MMR:SEX_FMLE:AGEGROUP_MONTHS0-11,1970-01-01,2026-09-07T15:57:35Z,value,54635.0,,who.gho.cm-02,raw/who.gho.cm-02/2026/09/20260907T155735Z-be5ff4c5352d.json.gz,2
who.gho.cm-02,CM_02:MMR:SEX_MLE:AGEGROUP_MONTHS0-11,1970-01-01,2026-09-07T15:57:07Z,high,85736.0,,who.gho.cm-02,raw/who.gho.cm-02/2026/09/20260907T155707Z-3cd3e5b56c9f.json.gz,2
who.gho.cm-02,CM_02:MMR:SEX_MLE:AGEGROUP_MONTHS0-11,1970-01-01,2026-09-07T15:57:07Z,low,54154.0,,who.gho.cm-02,raw/who.gho.cm-02/2026/09/20260907T155707Z-3cd3e5b56c9f.json.gz,2
who.gho.cm-02,CM_02:MMR:SEX_MLE:AGEGROUP_MONTHS0-11,1970-01-01,2026-09-07T15:57:07Z,restated_at,2026-08-04,,who.gho.cm-02,raw/who.gho.cm-02/2026/09/20260907T155707Z-3cd3e5b56c9f.json.gz,2
who.gho.cm-02,CM_02:MMR:SEX_MLE:AGEGROUP_MONTHS0-11,1970-01-01,2026-09-07T15:57:07Z,value,67889.0,,who.gho.cm-02,raw/who.gho.cm-02/2026/09/20260907T155707Z-3cd3e5b56c9f.json.gz,2
who.gho.cm-02,CM_02:MOZ:SEX_BTSX:AGEGROUP_MONTHS0-11,1970-01-01,2026-09-07T15:54:17Z,high,70868.0,,who.gho.cm-02,raw/who.gho.cm-02/2026/09/20260907T155417Z-e87fb31944b5.json.gz,2
who.gho.cm-02,CM_02:MOZ:SEX_BTSX:AGEGROUP_MONTHS0-11,1970-01-01,2026-09-07T15:54:17Z,low,46768.0,,who.gho.cm-02,raw/who.gho.cm-02/2026/09/20260907T155417Z-e87fb31944b5.json.gz,2
who.gho.cm-02,CM_02:MOZ:SEX_BTSX:AGEGROUP_MONTHS0-11,1970-01-01,2026-09-07T15:54:17Z,restated_at,2026-08-04,,who.gho.cm-02,raw/who.gho.cm-02/2026/09/20260907T155417Z-e87fb31944b5.json.gz,2
who.gho.cm-02,CM_02:MOZ:SEX_BTSX:AGEGROUP_MONTHS0-11,1970-01-01,2026-09-07T15:54:17Z,value,57442.0,,who.gho.cm-02,raw/who.gho.cm-02/2026/09/20260907T155417Z-e87fb31944b5.json.gz,2
who.gho.cm-02,CM_02:MOZ:SEX_FMLE:AGEGROUP_MONTHS0-11,1970-01-01,2026-09-07T15:51:05Z,high,33303.0,,who.gho.cm-02,raw/who.gho.cm-02/2026/09/20260907T155105Z-bd351d716a31.json.gz,2
who.gho.cm-02,CM_02:MOZ:SEX_FMLE:AGEGROUP_MONTHS0-11,1970-01-01,2026-09-07T15:51:05Z,low,21718.0,,who.gho.cm-02,raw/who.gho.cm-02/2026/09/20260907T155105Z-bd351d716a31.json.gz,2
who.gho.cm-02,CM_02:MOZ:SEX_FMLE:AGEGROUP_MONTHS0-11,1970-01-01,2026-09-07T15:51:05Z,restated_at,2026-08-04,,who.gho.cm-02,raw/who.gho.cm-02/2026/09/20260907T155105Z-bd351d716a31.json.gz,2
who.gho.cm-02,CM_02:MOZ:SEX_FMLE:AGEGROUP_MONTHS0-11,1970-01-01,2026-09-07T15:51:05Z,value,26882.0,,who.gho.cm-02,raw/who.gho.cm-02/2026/09/20260907T155105Z-bd351d716a31.json.gz,2
who.gho.cm-02,CM_02:MOZ:SEX_MLE:AGEGROUP_MONTHS0-11,1970-01-01,2026-09-07T15:58:16Z,high,37678.0,,who.gho.cm-02,raw/who.gho.cm-02/2026/09/20260907T155816Z-99a1a16a015f.json.gz,2
who.gho.cm-02,CM_02:MOZ:SEX_MLE:AGEGROUP_MONTHS0-11,1970-01-01,2026-09-07T15:58:16Z,low,24754.0,,who.gho.cm-02,raw/who.gho.cm-02/2026/09/20260907T155816Z-99a1a16a015f.json.gz,2
who.gho.cm-02,CM_02:MOZ:SEX_MLE:AGEGROUP_MONTHS0-11,1970-01-01,2026-09-07T15:58:16Z,restated_at,2026-08-04,,who.gho.cm-02,raw/who.gho.cm-02/2026/09/20260907T155816Z-99a1a16a015f.json.gz,2
who.gho.cm-02,CM_02:MOZ:SEX_MLE:AGEGROUP_MONTHS0-11,1970-01-01,2026-09-07T15:58:16Z,value,30560.0,,who.gho.cm-02,raw/who.gho.cm-02/2026/09/20260907T155816Z-99a1a16a015f.json.gz,2
who.gho.cm-02,CM_02:MRT:SEX_BTSX:AGEGROUP_MONTHS0-11,1970-01-01,2026-09-07T15:51:30Z,high,7171.0,,who.gho.cm-02,raw/who.gho.cm-02/2026/09/20260907T155130Z-b74d44aee08e.json.gz,2
who.gho.cm-02,CM_02:MRT:SEX_BTSX:AGEGROUP_MONTHS0-11,1970-01-01,2026-09-07T15:51:30Z,low,5863.0,,who.gho.cm-02,raw/who.gho.cm-02/2026/09/20260907T155130Z-b74d44aee08e.json.gz,2
who.gho.cm-02,CM_02:MRT:SEX_BTSX:AGEGROUP_MONTHS0-11,1970-01-01,2026-09-07T15:51:30Z,restated_at,2026-08-04,,who.gho.cm-02,raw/who.gho.cm-02/2026/09/20260907T155130Z-b74d44aee08e.json.gz,2
who.gho.cm-02,CM_02:MRT:SEX_BTSX:AGEGROUP_MONTHS0-11,1970-01-01,2026-09-07T15:51:30Z,value,6486.0,,who.gho.cm-02,raw/who.gho.cm-02/2026/09/20260907T155130Z-b74d44aee08e.json.gz,2
who.gho.cm-02,CM_02:MRT:SEX_FMLE:AGEGROUP_MONTHS0-11,1970-01-01,2026-09-07T15:57:54Z,high,3268.0,,who.gho.cm-02,raw/who.gho.cm-02/2026/09/20260907T155754Z-3bea881db2b4.json.gz,2
who.gho.cm-02,CM_02:MRT:SEX_FMLE:AGEGROUP_MONTHS0-11,1970-01-01,2026-09-07T15:57:54Z,low,2630.0,,who.gho.cm-02,raw/who.gho.cm-02/2026/09/20260907T155754Z-3bea881db2b4.json.gz,2
who.gho.cm-02,CM_02:MRT:SEX_FMLE:AGEGROUP_MONTHS0-11,1970-01-01,2026-09-07T15:57:54Z,restated_at,2026-08-04,,who.gho.cm-02,raw/who.gho.cm-02/2026/09/20260907T155754Z-3bea881db2b4.json.gz,2
who.gho.cm-02,CM_02:MRT:SEX_FMLE:AGEGROUP_MONTHS0-11,1970-01-01,2026-09-07T15:57:54Z,value,2930.0,,who.gho.cm-02,raw/who.gho.cm-02/2026/09/20260907T155754Z-3bea881db2b4.json.gz,2
who.gho.cm-02,CM_02:MRT:SEX_MLE:AGEGROUP_MONTHS0-11,1970-01-01,2026-09-07T15:58:25Z,high,3945.0,,who.gho.cm-02,raw/who.gho.cm-02/2026/09/20260907T155825Z-6675ad1e3bc7.json.gz,2
who.gho.cm-02,CM_02:MRT:SEX_MLE:AGEGROUP_MONTHS0-11,1970-01-01,2026-09-07T15:58:25Z,low,3190.0,,who.gho.cm-02,raw/who.gho.cm-02/2026/09/20260907T155825Z-6675ad1e3bc7.json.gz,2
who.gho.cm-02,CM_02:MRT:SEX_MLE:AGEGROUP_MONTHS0-11,1970-01-01,2026-09-07T15:58:25Z,restated_at,2026-08-04,,who.gho.cm-02,raw/who.gho.cm-02/2026/09/20260907T155825Z-6675ad1e3bc7.json.gz,2
who.gho.cm-02,CM_02:MRT:SEX_MLE:AGEGROUP_MONTHS0-11,1970-01-01,2026-09-07T15:58:25Z,value,3556.0,,who.gho.cm-02,raw/who.gho.cm-02/2026/09/20260907T155825Z-6675ad1e3bc7.json.gz,2
who.gho.cm-02,CM_02:MSR:SEX_BTSX:AGEGROUP_MONTHS0-11,1970-01-01,2026-09-07T15:51:40Z,high,15.0,,who.gho.cm-02,raw/who.gho.cm-02/2026/09/20260907T155140Z-2ccf90b4d287.json.gz,2
who.gho.cm-02,CM_02:MSR:SEX_BTSX:AGEGROUP_MONTHS0-11,1970-01-01,2026-09-07T15:51:40Z,low,12.0,,who.gho.cm-02,raw/who.gho.cm-02/2026/09/20260907T155140Z-2ccf90b4d287.json.gz,2
who.gho.cm-02,CM_02:MSR:SEX_BTSX:AGEGROUP_MONTHS0-11,1970-01-01,2026-09-07T15:51:40Z,restated_at,2025-04-15,,who.gho.cm-02,raw/who.gho.cm-02/2026/09/20260907T155140Z-2ccf90b4d287.json.gz,2
who.gho.cm-02,CM_02:MSR:SEX_BTSX:AGEGROUP_MONTHS0-11,1970-01-01,2026-09-07T15:51:40Z,value,13.0,,who.gho.cm-02,raw/who.gho.cm-02/2026/09/20260907T155140Z-2ccf90b4d287.json.gz,2
who.gho.cm-02,CM_02:MSR:SEX_FMLE:AGEGROUP_MONTHS0-11,1970-01-01,2026-09-07T15:57:21Z,high,7.0,,who.gho.cm-02,raw/who.gho.cm-02/2026/09/20260907T155721Z-a2b5c178c29b.json.gz,2
who.gho.cm-02,CM_02:MSR:SEX_FMLE:AGEGROUP_MONTHS0-11,1970-01-01,2026-09-07T15:57:21Z,low,6.0,,who.gho.cm-02,raw/who.gho.cm-02/2026/09/20260907T155721Z-a2b5c178c29b.json.gz,2
who.gho.cm-02,CM_02:MSR:SEX_FMLE:AGEGROUP_MONTHS0-11,1970-01-01,2026-09-07T15:57:21Z,restated_at,2025-04-15,,who.gho.cm-02,raw/who.gho.cm-02/2026/09/20260907T155721Z-a2b5c178c29b.json.gz,2
who.gho.cm-02,CM_02:MSR:SEX_FMLE:AGEGROUP_MONTHS0-11,1970-01-01,2026-09-07T15:57:21Z,value,6.0,,who.gho.cm-02,raw/who.gho.cm-02/2026/09/20260907T155721Z-a2b5c178c29b.json.gz,2
who.gho.cm-02,CM_02:MSR:SEX_MLE:AGEGROUP_MONTHS0-11,1970-01-01,2026-09-07T15:57:54Z,high,8.0,,who.gho.cm-02,raw/who.gho.cm-02/2026/09/20260907T155754Z-3bea881db2b4.json.gz,2
who.gho.cm-02,CM_02:MSR:SEX_MLE:AGEGROUP_MONTHS0-11,1970-01-01,2026-09-07T15:57:54Z,low,6.0,,who.gho.cm-02,raw/who.gho.cm-02/2026/09/20260907T155754Z-3bea881db2b4.json.gz,2
who.gho.cm-02,CM_02:MSR:SEX_MLE:AGEGROUP_MONTHS0-11,1970-01-01,2026-09-07T15:57:54Z,restated_at,2025-04-15,,who.gho.cm-02,raw/who.gho.cm-02/2026/09/20260907T155754Z-3bea881db2b4.json.gz,2
who.gho.cm-02,CM_02:MSR:SEX_MLE:AGEGROUP_MONTHS0-11,1970-01-01,2026-09-07T15:57:54Z,value,7.0,,who.gho.cm-02,raw/who.gho.cm-02/2026/09/20260907T155754Z-3bea881db2b4.json.gz,2
who.gho.cm-02,CM_02:MUS:SEX_BTSX:AGEGROUP_MONTHS0-11,1970-01-01,2026-09-07T15:57:17Z,high,1240.0,,who.gho.cm-02,raw/who.gho.cm-02/2026/09/20260907T155717Z-89bc69b90b61.json.gz,2
who.gho.cm-02,CM_02:MUS:SEX_BTSX:AGEGROUP_MONTHS0-11,1970-01-01,2026-09-07T15:57:17Z,low,1169.0,,who.gho.cm-02,raw/who.gho.cm-02/2026/09/20260907T155717Z-89bc69b90b61.json.gz,2
who.gho.cm-02,CM_02:MUS:SEX_BTSX:AGEGROUP_MONTHS0-11,1970-01-01,2026-09-07T15:57:17Z,restated_at,2026-08-04,,who.gho.cm-02,raw/who.gho.cm-02/2026/09/20260907T155717Z-89bc69b90b61.json.gz,2
who.gho.cm-02,CM_02:MUS:SEX_BTSX:AGEGROUP_MONTHS0-11,1970-01-01,2026-09-07T15:57:17Z,value,1204.0,,who.gho.cm-02,raw/who.gho.cm-02/2026/09/20260907T155717Z-89bc69b90b61.json.gz,2
who.gho.cm-02,CM_02:MUS:SEX_FMLE:AGEGROUP_MONTHS0-11,1970-01-01,2026-09-07T15:51:30Z,high,549.0,,who.gho.cm-02,raw/who.gho.cm-02/2026/09/20260907T155130Z-b74d44aee08e.json.gz,2
who.gho.cm-02,CM_02:MUS:SEX_FMLE:AGEGROUP_MONTHS0-11,1970-01-01,2026-09-07T15:51:30Z,low,512.0,,who.gho.cm-02,raw/who.gho.cm-02/2026/09/20260907T155130Z-b74d44aee08e.json.gz,2
who.gho.cm-02,CM_02:MUS:SEX_FMLE:AGEGROUP_MONTHS0-11,1970-01-01,2026-09-07T15:51:30Z,restated_at,2026-08-04,,who.gho.cm-02,raw/who.gho.cm-02/2026/09/20260907T155130Z-b74d44aee08e.json.gz,2
who.gho.cm-02,CM_02:MUS:SEX_FMLE:AGEGROUP_MONTHS0-11,1970-01-01,2026-09-07T15:51:30Z,value,531.0,,who.gho.cm-02,raw/who.gho.cm-02/2026/09/20260907T155130Z-b74d44aee08e.json.gz,2
who.gho.cm-02,CM_02:MUS:SEX_MLE:AGEGROUP_MONTHS0-11,1970-01-01,2026-09-07T15:56:37Z,high,695.0,,who.gho.cm-02,raw/who.gho.cm-02/2026/09/20260907T155637Z-c7bda929b138.json.gz,2
who.gho.cm-02,CM_02:MUS:SEX_MLE:AGEGROUP_MONTHS0-11,1970-01-01,2026-09-07T15:56:37Z,low,650.0,,who.gho.cm-02,raw/who.gho.cm-02/2026/09/20260907T155637Z-c7bda929b138.json.gz,2
who.gho.cm-02,CM_02:MUS:SEX_MLE:AGEGROUP_MONTHS0-11,1970-01-01,2026-09-07T15:56:37Z,restated_at,2026-08-04,,who.gho.cm-02,raw/who.gho.cm-02/2026/09/20260907T155637Z-c7bda929b138.json.gz,2
who.gho.cm-02,CM_02:MUS:SEX_MLE:AGEGROUP_MONTHS0-11,1970-01-01,2026-09-07T15:56:37Z,value,673.0,,who.gho.cm-02,raw/who.gho.cm-02/2026/09/20260907T155637Z-c7bda929b138.json.gz,2
who.gho.cm-02,CM_02:MWI:SEX_BTSX:AGEGROUP_MONTHS0-11,1970-01-01,2026-09-07T15:56:27Z,high,43567.0,,who.gho.cm-02,raw/who.gho.cm-02/2026/09/20260907T155627Z-19eb4e6c1215.json.gz,2
who.gho.cm-02,CM_02:MWI:SEX_BTSX:AGEGROUP_MONTHS0-11,1970-01-01,2026-09-07T15:56:27Z,low,36333.0,,who.gho.cm-02,raw/who.gho.cm-02/2026/09/20260907T155627Z-19eb4e6c1215.json.gz,2
who.gho.cm-02,CM_02:MWI:SEX_BTSX:AGEGROUP_MONTHS0-11,1970-01-01,2026-09-07T15:56:27Z,restated_at,2026-08-04,,who.gho.cm-02,raw/who.gho.cm-02/2026/09/20260907T155627Z-19eb4e6c1215.json.gz,2
who.gho.cm-02,CM_02:MWI:SEX_BTSX:AGEGROUP_MONTHS0-11,1970-01-01,2026-09-07T15:56:27Z,value,39742.0,,who.gho.cm-02,raw/who.gho.cm-02/2026/09/20260907T155627Z-19eb4e6c1215.json.gz,2
who.gho.cm-02,CM_02:MWI:SEX_FMLE:AGEGROUP_MONTHS0-11,1970-01-01,2026-09-07T15:52:37Z,high,20637.0,,who.gho.cm-02,raw/who.gho.cm-02/2026/09/20260907T155237Z-35c7d31783eb.json.gz,2
who.gho.cm-02,CM_02:MWI:SEX_FMLE:AGEGROUP_MONTHS0-11,1970-01-01,2026-09-07T15:52:37Z,low,16908.0,,who.gho.cm-02,raw/who.gho.cm-02/2026/09/20260907T155237Z-35c7d31783eb.json.gz,2
who.gho.cm-02,CM_02:MWI:SEX_FMLE:AGEGROUP_MONTHS0-11,1970-01-01,2026-09-07T15:52:37Z,restated_at,2026-08-04,,who.gho.cm-02,raw/who.gho.cm-02/2026/09/20260907T155237Z-35c7d31783eb.json.gz,2
who.gho.cm-02,CM_02:MWI:SEX_FMLE:AGEGROUP_MONTHS0-11,1970-01-01,2026-09-07T15:52:37Z,value,18690.0,,who.gho.cm-02,raw/who.gho.cm-02/2026/09/20260907T155237Z-35c7d31783eb.json.gz,2
who.gho.cm-02,CM_02:MWI:SEX_MLE:AGEGROUP_MONTHS0-11,1970-01-01,2026-09-07T15:51:44Z,high,23223.0,,who.gho.cm-02,raw/who.gho.cm-02/2026/09/20260907T155144Z-505d97ce9093.json.gz,2
who.gho.cm-02,CM_02:MWI:SEX_MLE:AGEGROUP_MONTHS0-11,1970-01-01,2026-09-07T15:51:44Z,low,19118.0,,who.gho.cm-02,raw/who.gho.cm-02/2026/09/20260907T155144Z-505d97ce9093.json.gz,2
who.gho.cm-02,CM_02:MWI:SEX_MLE:AGEGROUP_MONTHS0-11,1970-01-01,2026-09-07T15:51:44Z,restated_at,2026-08-04,,who.gho.cm-02,raw/who.gho.cm-02/2026/09/20260907T155144Z-505d97ce9093.json.gz,2
who.gho.cm-02,CM_02:MWI:SEX_MLE:AGEGROUP_MONTHS0-11,1970-01-01,2026-09-07T15:51:44Z,value,21052.0,,who.gho.cm-02,raw/who.gho.cm-02/2026/09/20260907T155144Z-505d97ce9093.json.gz,2
who.gho.cm-02,CM_02:MYS:SEX_BTSX:AGEGROUP_MONTHS0-11,1970-01-01,2026-09-07T15:57:21Z,high,14782.0,,who.gho.cm-02,raw/who.gho.cm-02/2026/09/20260907T155721Z-a2b5c178c29b.json.gz,2
who.gho.cm-02,CM_02:MYS:SEX_BTSX:AGEGROUP_MONTHS0-11,1970-01-01,2026-09-07T15:57:21Z,low,12957.0,,who.gho.cm-02,raw/who.gho.cm-02/2026/09/20260907T155721Z-a2b5c178c29b.json.gz,2
who.gho.cm-02,CM_02:MYS:SEX_BTSX:AGEGROUP_MONTHS0-11,1970-01-01,2026-09-07T15:57:21Z,restated_at,2026-08-04,,who.gho.cm-02,raw/who.gho.cm-02/2026/09/20260907T155721Z-a2b5c178c29b.json.gz,2
who.gho.cm-02,CM_02:MYS:SEX_BTSX:AGEGROUP_MONTHS0-11,1970-01-01,2026-09-07T15:57:21Z,value,13835.0,,who.gho.cm-02,raw/who.gho.cm-02/2026/09/20260907T155721Z-a2b5c178c29b.json.gz,2
who.gho.cm-02,CM_02:MYS:SEX_FMLE:AGEGROUP_MONTHS0-11,1970-01-01,2026-09-07T15:57:07Z,high,6585.0,,who.gho.cm-02,raw/who.gho.cm-02/2026/09/20260907T155707Z-3cd3e5b56c9f.json.gz,2
who.gho.cm-02,CM_02:MYS:SEX_FMLE:AGEGROUP_MONTHS0-11,1970-01-01,2026-09-07T15:57:07Z,low,5510.0,,who.gho.cm-02,raw/who.gho.cm-02/2026/09/20260907T155707Z-3cd3e5b56c9f.json.gz,2
who.gho.cm-02,CM_02:MYS:SEX_FMLE:AGEGROUP_MONTHS0-11,1970-01-01,2026-09-07T15:57:07Z,restated_at,2026-08-04,,who.gho.cm-02,raw/who.gho.cm-02/2026/09/20260907T155707Z-3cd3e5b56c9f.json.gz,2
who.gho.cm-02,CM_02:MYS:SEX_FMLE:AGEGROUP_MONTHS0-11,1970-01-01,2026-09-07T15:57:07Z,value,6024.0,,who.gho.cm-02,raw/who.gho.cm-02/2026/09/20260907T155707Z-3cd3e5b56c9f.json.gz,2
who.gho.cm-02,CM_02:MYS:SEX_MLE:AGEGROUP_MONTHS0-11,1970-01-01,2026-09-07T15:57:26Z,high,8465.0,,who.gho.cm-02,raw/who.gho.cm-02/2026/09/20260907T155726Z-31d0241a6d30.json.gz,2
who.gho.cm-02,CM_02:MYS:SEX_MLE:AGEGROUP_MONTHS0-11,1970-01-01,2026-09-07T15:57:26Z,low,7197.0,,who.gho.cm-02,raw/who.gho.cm-02/2026/09/20260907T155726Z-31d0241a6d30.json.gz,2
who.gho.cm-02,CM_02:MYS:SEX_MLE:AGEGROUP_MONTHS0-11,1970-01-01,2026-09-07T15:57:26Z,restated_at,2026-08-04,,who.gho.cm-02,raw/who.gho.cm-02/2026/09/20260907T155726Z-31d0241a6d30.json.gz,2
who.gho.cm-02,CM_02:MYS:SEX_MLE:AGEGROUP_MONTHS0-11,1970-01-01,2026-09-07T15:57:26Z,value,7811.0,,who.gho.cm-02,raw/who.gho.cm-02/2026/09/20260907T155726Z-31d0241a6d30.json.gz,2
who.gho.cm-02,CM_02:NAM:SEX_BTSX:AGEGROUP_MONTHS0-11,1970-01-01,2026-09-07T15:57:59Z,high,2434.0,,who.gho.cm-02,raw/who.gho.cm-02/2026/09/20260907T155759Z-531ca935f713.json.gz,2
who.gho.cm-02,CM_02:NAM:SEX_BTSX:AGEGROUP_MONTHS0-11,1970-01-01,2026-09-07T15:57:59Z,low,1616.0,,who.gho.cm-02,raw/who.gho.cm-02/2026/09/20260907T155759Z-531ca935f713.json.gz,2
who.gho.cm-02,CM_02:NAM:SEX_BTSX:AGEGROUP_MONTHS0-11,1970-01-01,2026-09-07T15:57:59Z,restated_at,2026-08-04,,who.gho.cm-02,raw/who.gho.cm-02/2026/09/20260907T155759Z-531ca935f713.json.gz,2
who.gho.cm-02,CM_02:NAM:SEX_BTSX:AGEGROUP_MONTHS0-11,1970-01-01,2026-09-07T15:57:59Z,value,1981.0,,who.gho.cm-02,raw/who.gho.cm-02/2026/09/20260907T155759Z-531ca935f713.json.gz,2
who.gho.cm-02,CM_02:NAM:SEX_FMLE:AGEGROUP_MONTHS0-11,1970-01-01,2026-09-07T15:57:40Z,high,1116.0,,who.gho.cm-02,raw/who.gho.cm-02/2026/09/20260907T155740Z-31068700a25d.json.gz,2
who.gho.cm-02,CM_02:NAM:SEX_FMLE:AGEGROUP_MONTHS0-11,1970-01-01,2026-09-07T15:57:40Z,low,735.0,,who.gho.cm-02,raw/who.gho.cm-02/2026/09/20260907T155740Z-31068700a25d.json.gz,2
who.gho.cm-02,CM_02:NAM:SEX_FMLE:AGEGROUP_MONTHS0-11,1970-01-01,2026-09-07T15:57:40Z,restated_at,2026-08-04,,who.gho.cm-02,raw/who.gho.cm-02/2026/09/20260907T155740Z-31068700a25d.json.gz,2
who.gho.cm-02,CM_02:NAM:SEX_FMLE:AGEGROUP_MONTHS0-11,1970-01-01,2026-09-07T15:57:40Z,value,908.0,,who.gho.cm-02,raw/who.gho.cm-02/2026/09/20260907T155740Z-31068700a25d.json.gz,2
who.gho.cm-02,CM_02:NAM:SEX_MLE:AGEGROUP_MONTHS0-11,1970-01-01,2026-09-07T15:51:50Z,high,1320.0,,who.gho.cm-02,raw/who.gho.cm-02/2026/09/20260907T155150Z-b2442ef3f6e6.json.gz,2
who.gho.cm-02,CM_02:NAM:SEX_MLE:AGEGROUP_MONTHS0-11,1970-01-01,2026-09-07T15:51:50Z,low,869.0,,who.gho.cm-02,raw/who.gho.cm-02/2026/09/20260907T155150Z-b2442ef3f6e6.json.gz,2
who.gho.cm-02,CM_02:NAM:SEX_MLE:AGEGROUP_MONTHS0-11,1970-01-01,2026-09-07T15:51:50Z,restated_at,2026-08-04,,who.gho.cm-02,raw/who.gho.cm-02/2026/09/20260907T155150Z-b2442ef3f6e6.json.gz,2
who.gho.cm-02,CM_02:NAM:SEX_MLE:AGEGROUP_MONTHS0-11,1970-01-01,2026-09-07T15:51:50Z,value,1073.0,,who.gho.cm-02,raw/who.gho.cm-02/2026/09/20260907T155150Z-b2442ef3f6e6.json.gz,2
who.gho.cm-02,CM_02:NER:SEX_BTSX:AGEGROUP_MONTHS0-11,1970-01-01,2026-09-07T15:57:12Z,high,42292.0,,who.gho.cm-02,raw/who.gho.cm-02/2026/09/20260907T155712Z-98aa519eeacd.json.gz,2
who.gho.cm-02,CM_02:NER:SEX_BTSX:AGEGROUP_MONTHS0-11,1970-01-01,2026-09-07T15:57:12Z,low,33075.0,,who.gho.cm-02,raw/who.gho.cm-02/2026/09/20260907T155712Z-98aa519eeacd.json.gz,2
who.gho.cm-02,CM_02:NER:SEX_BTSX:AGEGROUP_MONTHS0-11,1970-01-01,2026-09-07T15:57:12Z,restated_at,2026-08-04,,who.gho.cm-02,raw/who.gho.cm-02/2026/09/20260907T155712Z-98aa519eeacd.json.gz,2
who.gho.cm-02,CM_02:NER:SEX_BTSX:AGEGROUP_MONTHS0-11,1970-01-01,2026-09-07T15:57:12Z,value,37413.0,,who.gho.cm-02,raw/who.gho.cm-02/2026/09/20260907T155712Z-98aa519eeacd.json.gz,2
who.gho.cm-02,CM_02:NER:SEX_FMLE:AGEGROUP_MONTHS0-11,1970-01-01,2026-09-07T15:58:20Z,high,19543.0,,who.gho.cm-02,raw/who.gho.cm-02/2026/09/20260907T155820Z-bace8014f904.json.gz,2
who.gho.cm-02,CM_02:NER:SEX_FMLE:AGEGROUP_MONTHS0-11,1970-01-01,2026-09-07T15:58:20Z,low,15077.0,,who.gho.cm-02,raw/who.gho.cm-02/2026/09/20260907T155820Z-bace8014f904.json.gz,2
who.gho.cm-02,CM_02:NER:SEX_FMLE:AGEGROUP_MONTHS0-11,1970-01-01,2026-09-07T15:58:20Z,restated_at,2026-08-04,,who.gho.cm-02,raw/who.gho.cm-02/2026/09/20260907T155820Z-bace8014f904.json.gz,2
who.gho.cm-02,CM_02:NER:SEX_FMLE:AGEGROUP_MONTHS0-11,1970-01-01,2026-09-07T15:58:20Z,value,17181.0,,who.gho.cm-02,raw/who.gho.cm-02/2026/09/20260907T155820Z-bace8014f904.json.gz,2
who.gho.cm-02,CM_02:NER:SEX_MLE:AGEGROUP_MONTHS0-11,1970-01-01,2026-09-07T15:52:10Z,high,22972.0,,who.gho.cm-02,raw/who.gho.cm-02/2026/09/20260907T155210Z-c2e07328660e.json.gz,2
who.gho.cm-02,CM_02:NER:SEX_MLE:AGEGROUP_MONTHS0-11,1970-01-01,2026-09-07T15:52:10Z,low,17835.0,,who.gho.cm-02,raw/who.gho.cm-02/2026/09/20260907T155210Z-c2e07328660e.json.gz,2
who.gho.cm-02,CM_02:NER:SEX_MLE:AGEGROUP_MONTHS0-11,1970-01-01,2026-09-07T15:52:10Z,restated_at,2026-08-04,,who.gho.cm-02,raw/who.gho.cm-02/2026/09/20260907T155210Z-c2e07328660e.json.gz,2
who.gho.cm-02,CM_02:NER:SEX_MLE:AGEGROUP_MONTHS0-11,1970-01-01,2026-09-07T15:52:10Z,value,20232.0,,who.gho.cm-02,raw/who.gho.cm-02/2026/09/20260907T155210Z-c2e07328660e.json.gz,2
who.gho.cm-02,CM_02:NGA:SEX_BTSX:AGEGROUP_MONTHS0-11,1970-01-01,2026-09-07T15:56:41Z,high,584217.0,,who.gho.cm-02,raw/who.gho.cm-02/2026/09/20260907T155641Z-022407e160ee.json.gz,2
who.gho.cm-02,CM_02:NGA:SEX_BTSX:AGEGROUP_MONTHS0-11,1970-01-01,2026-09-07T15:56:41Z,low,466471.0,,who.gho.cm-02,raw/who.gho.cm-02/2026/09/20260907T155641Z-022407e160ee.json.gz,2
who.gho.cm-02,CM_02:NGA:SEX_BTSX:AGEGROUP_MONTHS0-11,1970-01-01,2026-09-07T15:56:41Z,restated_at,2026-08-04,,who.gho.cm-02,raw/who.gho.cm-02/2026/09/20260907T155641Z-022407e160ee.json.gz,2
who.gho.cm-02,CM_02:NGA:SEX_BTSX:AGEGROUP_MONTHS0-11,1970-01-01,2026-09-07T15:56:41Z,value,521516.0,,who.gho.cm-02,raw/who.gho.cm-02/2026/09/20260907T155641Z-022407e160ee.json.gz,2
who.gho.cm-02,CM_02:NGA:SEX_FMLE:AGEGROUP_MONTHS0-11,1970-01-01,2026-09-07T15:51:50Z,high,273546.0,,who.gho.cm-02,raw/who.gho.cm-02/2026/09/20260907T155150Z-b2442ef3f6e6.json.gz,2
who.gho.cm-02,CM_02:NGA:SEX_FMLE:AGEGROUP_MONTHS0-11,1970-01-01,2026-09-07T15:51:50Z,low,214960.0,,who.gho.cm-02,raw/who.gho.cm-02/2026/09/20260907T155150Z-b2442ef3f6e6.json.gz,2
who.gho.cm-02,CM_02:NGA:SEX_FMLE:AGEGROUP_MONTHS0-11,1970-01-01,2026-09-07T15:51:50Z,restated_at,2026-08-04,,who.gho.cm-02,raw/who.gho.cm-02/2026/09/20260907T155150Z-b2442ef3f6e6.json.gz,2
who.gho.cm-02,CM_02:NGA:SEX_FMLE:AGEGROUP_MONTHS0-11,1970-01-01,2026-09-07T15:51:50Z,value,242667.0,,who.gho.cm-02,raw/who.gho.cm-02/2026/09/20260907T155150Z-b2442ef3f6e6.json.gz,2
who.gho.cm-02,CM_02:NGA:SEX_MLE:AGEGROUP_MONTHS0-11,1970-01-01,2026-09-07T15:54:17Z,high,314416.0,,who.gho.cm-02,raw/who.gho.cm-02/2026/09/20260907T155417Z-e87fb31944b5.json.gz,2
who.gho.cm-02,CM_02:NGA:SEX_MLE:AGEGROUP_MONTHS0-11,1970-01-01,2026-09-07T15:54:17Z,low,248393.0,,who.gho.cm-02,raw/who.gho.cm-02/2026/09/20260907T155417Z-e87fb31944b5.json.gz,2
who.gho.cm-02,CM_02:NGA:SEX_MLE:AGEGROUP_MONTHS0-11,1970-01-01,2026-09-07T15:54:17Z,restated_at,2026-08-04,,who.gho.cm-02,raw/who.gho.cm-02/2026/09/20260907T155417Z-e87fb31944b5.json.gz,2
who.gho.cm-02,CM_02:NGA:SEX_MLE:AGEGROUP_MONTHS0-11,1970-01-01,2026-09-07T15:54:17Z,value,278849.0,,who.gho.cm-02,raw/who.gho.cm-02/2026/09/20260907T155417Z-e87fb31944b5.json.gz,2
who.gho.cm-02,CM_02:NIC:SEX_BTSX:AGEGROUP_MONTHS0-11,1970-01-01,2026-09-07T15:56:37Z,high,15436.0,,who.gho.cm-02,raw/who.gho.cm-02/2026/09/20260907T155637Z-c7bda929b138.json.gz,2
who.gho.cm-02,CM_02:NIC:SEX_BTSX:AGEGROUP_MONTHS0-11,1970-01-01,2026-09-07T15:56:37Z,low,11822.0,,who.gho.cm-02,raw/who.gho.cm-02/2026/09/20260907T155637Z-c7bda929b138.json.gz,2
who.gho.cm-02,CM_02:NIC:SEX_BTSX:AGEGROUP_MONTHS0-11,1970-01-01,2026-09-07T15:56:37Z,restated_at,2026-08-04,,who.gho.cm-02,raw/who.gho.cm-02/2026/09/20260907T155637Z-c7bda929b138.json.gz,2
who.gho.cm-02,CM_02:NIC:SEX_BTSX:AGEGROUP_MONTHS0-11,1970-01-01,2026-09-07T15:56:37Z,value,13513.0,,who.gho.cm-02,raw/who.gho.cm-02/2026/09/20260907T155637Z-c7bda929b138.json.gz,2
who.gho.cm-02,CM_02:NIC:SEX_FMLE:AGEGROUP_MONTHS0-11,1970-01-01,2026-09-07T15:58:20Z,high,6949.0,,who.gho.cm-02,raw/who.gho.cm-02/2026/09/20260907T155820Z-bace8014f904.json.gz,2
who.gho.cm-02,CM_02:NIC:SEX_FMLE:AGEGROUP_MONTHS0-11,1970-01-01,2026-09-07T15:58:20Z,low,5256.0,,who.gho.cm-02,raw/who.gho.cm-02/2026/09/20260907T155820Z-bace8014f904.json.gz,2
who.gho.cm-02,CM_02:NIC:SEX_FMLE:AGEGROUP_MONTHS0-11,1970-01-01,2026-09-07T15:58:20Z,restated_at,2026-08-04,,who.gho.cm-02,raw/who.gho.cm-02/2026/09/20260907T155820Z-bace8014f904.json.gz,2
who.gho.cm-02,CM_02:NIC:SEX_FMLE:AGEGROUP_MONTHS0-11,1970-01-01,2026-09-07T15:58:20Z,value,6047.0,,who.gho.cm-02,raw/who.gho.cm-02/2026/09/20260907T155820Z-bace8014f904.json.gz,2
who.gho.cm-02,CM_02:NIC:SEX_MLE:AGEGROUP_MONTHS0-11,1970-01-01,2026-09-07T15:57:35Z,high,8538.0,,who.gho.cm-02,raw/who.gho.cm-02/2026/09/20260907T155735Z-be5ff4c5352d.json.gz,2
who.gho.cm-02,CM_02:NIC:SEX_MLE:AGEGROUP_MONTHS0-11,1970-01-01,2026-09-07T15:57:35Z,low,6491.0,,who.gho.cm-02,raw/who.gho.cm-02/2026/09/20260907T155735Z-be5ff4c5352d.json.gz,2
who.gho.cm-02,CM_02:NIC:SEX_MLE:AGEGROUP_MONTHS0-11,1970-01-01,2026-09-07T15:57:35Z,restated_at,2026-08-04,,who.gho.cm-02,raw/who.gho.cm-02/2026/09/20260907T155735Z-be5ff4c5352d.json.gz,2
who.gho.cm-02,CM_02:NIC:SEX_MLE:AGEGROUP_MONTHS0-11,1970-01-01,2026-09-07T15:57:35Z,value,7466.0,,who.gho.cm-02,raw/who.gho.cm-02/2026/09/20260907T155735Z-be5ff4c5352d.json.gz,2
who.gho.cm-02,CM_02:NIU:SEX_BTSX:AGEGROUP_MONTHS0-11,1970-01-01,2026-09-07T15:51:25Z,high,13.0,,who.gho.cm-02,raw/who.gho.cm-02/2026/09/20260907T155125Z-b41e2575e826.json.gz,2
who.gho.cm-02,CM_02:NIU:SEX_BTSX:AGEGROUP_MONTHS0-11,1970-01-01,2026-09-07T15:51:25Z,low,8.0,,who.gho.cm-02,raw/who.gho.cm-02/2026/09/20260907T155125Z-b41e2575e826.json.gz,2
who.gho.cm-02,CM_02:NIU:SEX_BTSX:AGEGROUP_MONTHS0-11,1970-01-01,2026-09-07T15:51:25Z,restated_at,2025-04-15,,who.gho.cm-02,raw/who.gho.cm-02/2026/09/20260907T155125Z-b41e2575e826.json.gz,2
who.gho.cm-02,CM_02:NIU:SEX_BTSX:AGEGROUP_MONTHS0-11,1970-01-01,2026-09-07T15:51:25Z,value,10.0,,who.gho.cm-02,raw/who.gho.cm-02/2026/09/20260907T155125Z-b41e2575e826.json.gz,2
who.gho.cm-02,CM_02:NIU:SEX_FMLE:AGEGROUP_MONTHS0-11,1970-01-01,2026-09-07T15:58:07Z,high,6.0,,who.gho.cm-02,raw/who.gho.cm-02/2026/09/20260907T155807Z-33d1eb328c3d.json.gz,2
who.gho.cm-02,CM_02:NIU:SEX_FMLE:AGEGROUP_MONTHS0-11,1970-01-01,2026-09-07T15:58:07Z,low,3.0,,who.gho.cm-02,raw/who.gho.cm-02/2026/09/20260907T155807Z-33d1eb328c3d.json.gz,2
who.gho.cm-02,CM_02:NIU:SEX_FMLE:AGEGROUP_MONTHS0-11,1970-01-01,2026-09-07T15:58:07Z,restated_at,2025-04-15,,who.gho.cm-02,raw/who.gho.cm-02/2026/09/20260907T155807Z-33d1eb328c3d.json.gz,2
who.gho.cm-02,CM_02:NIU:SEX_FMLE:AGEGROUP_MONTHS0-11,1970-01-01,2026-09-07T15:58:07Z,value,4.0,,who.gho.cm-02,raw/who.gho.cm-02/2026/09/20260907T155807Z-33d1eb328c3d.json.gz,2
who.gho.cm-02,CM_02:NIU:SEX_MLE:AGEGROUP_MONTHS0-11,1970-01-01,2026-09-07T15:58:20Z,high,7.0,,who.gho.cm-02,raw/who.gho.cm-02/2026/09/20260907T155820Z-bace8014f904.json.gz,2
who.gho.cm-02,CM_02:NIU:SEX_MLE:AGEGROUP_MONTHS0-11,1970-01-01,2026-09-07T15:58:20Z,low,4.0,,who.gho.cm-02,raw/who.gho.cm-02/2026/09/20260907T155820Z-bace8014f904.json.gz,2
who.gho.cm-02,CM_02:NIU:SEX_MLE:AGEGROUP_MONTHS0-11,1970-01-01,2026-09-07T15:58:20Z,restated_at,2025-04-15,,who.gho.cm-02,raw/who.gho.cm-02/2026/09/20260907T155820Z-bace8014f904.json.gz,2
who.gho.cm-02,CM_02:NIU:SEX_MLE:AGEGROUP_MONTHS0-11,1970-01-01,2026-09-07T15:58:20Z,value,6.0,,who.gho.cm-02,raw/who.gho.cm-02/2026/09/20260907T155820Z-bace8014f904.json.gz,2
who.gho.cm-02,CM_02:NLD:SEX_BTSX:AGEGROUP_MONTHS0-11,1970-01-01,2026-09-07T15:51:01Z,high,3096.0,,who.gho.cm-02,raw/who.gho.cm-02/2026/09/20260907T155101Z-65d1a3fa0413.json.gz,2
who.gho.cm-02,CM_02:NLD:SEX_BTSX:AGEGROUP_MONTHS0-11,1970-01-01,2026-09-07T15:51:01Z,low,2990.0,,who.gho.cm-02,raw/who.gho.cm-02/2026/09/20260907T155101Z-65d1a3fa0413.json.gz,2
who.gho.cm-02,CM_02:NLD:SEX_BTSX:AGEGROUP_MONTHS0-11,1970-01-01,2026-09-07T15:51:01Z,restated_at,2026-08-04,,who.gho.cm-02,raw/who.gho.cm-02/2026/09/20260907T155101Z-65d1a3fa0413.json.gz,2
who.gho.cm-02,CM_02:NLD:SEX_BTSX:AGEGROUP_MONTHS0-11,1970-01-01,2026-09-07T15:51:01Z,value,3042.0,,who.gho.cm-02,raw/who.gho.cm-02/2026/09/20260907T155101Z-65d1a3fa0413.json.gz,2
who.gho.cm-02,CM_02:NLD:SEX_FMLE:AGEGROUP_MONTHS0-11,1970-01-01,2026-09-07T15:51:44Z,high,1308.0,,who.gho.cm-02,raw/who.gho.cm-02/2026/09/20260907T155144Z-505d97ce9093.json.gz,2
who.gho.cm-02,CM_02:NLD:SEX_FMLE:AGEGROUP_MONTHS0-11,1970-01-01,2026-09-07T15:51:44Z,low,1247.0,,who.gho.cm-02,raw/who.gho.cm-02/2026/09/20260907T155144Z-505d97ce9093.json.gz,2
who.gho.cm-02,CM_02:NLD:SEX_FMLE:AGEGROUP_MONTHS0-11,1970-01-01,2026-09-07T15:51:44Z,restated_at,2026-08-04,,who.gho.cm-02,raw/who.gho.cm-02/2026/09/20260907T155144Z-505d97ce9093.json.gz,2
who.gho.cm-02,CM_02:NLD:SEX_FMLE:AGEGROUP_MONTHS0-11,1970-01-01,2026-09-07T15:51:44Z,value,1277.0,,who.gho.cm-02,raw/who.gho.cm-02/2026/09/20260907T155144Z-505d97ce9093.json.gz,2
who.gho.cm-02,CM_02:NLD:SEX_MLE:AGEGROUP_MONTHS0-11,1970-01-01,2026-09-07T15:53:02Z,high,1802.0,,who.gho.cm-02,raw/who.gho.cm-02/2026/09/20260907T155302Z-206bb5f6993f.json.gz,2
who.gho.cm-02,CM_02:NLD:SEX_MLE:AGEGROUP_MONTHS0-11,1970-01-01,2026-09-07T15:53:02Z,low,1728.0,,who.gho.cm-02,raw/who.gho.cm-02/2026/09/20260907T155302Z-206bb5f6993f.json.gz,2
who.gho.cm-02,CM_02:NLD:SEX_MLE:AGEGROUP_MONTHS0-11,1970-01-01,2026-09-07T15:53:02Z,restated_at,2026-08-04,,who.gho.cm-02,raw/who.gho.cm-02/2026/09/20260907T155302Z-206bb5f6993f.json.gz,2
who.gho.cm-02,CM_02:NLD:SEX_MLE:AGEGROUP_MONTHS0-11,1970-01-01,2026-09-07T15:53:02Z,value,1765.0,,who.gho.cm-02,raw/who.gho.cm-02/2026/09/20260907T155302Z-206bb5f6993f.json.gz,2
who.gho.cm-02,CM_02:NOR:SEX_BTSX:AGEGROUP_MONTHS0-11,1970-01-01,2026-09-07T15:58:16Z,high,888.0,,who.gho.cm-02,raw/who.gho.cm-02/2026/09/20260907T155816Z-99a1a16a015f.json.gz,2
who.gho.cm-02,CM_02:NOR:SEX_BTSX:AGEGROUP_MONTHS0-11,1970-01-01,2026-09-07T15:58:16Z,low,845.0,,who.gho.cm-02,raw/who.gho.cm-02/2026/09/20260907T155816Z-99a1a16a015f.json.gz,2
who.gho.cm-02,CM_02:NOR:SEX_BTSX:AGEGROUP_MONTHS0-11,1970-01-01,2026-09-07T15:58:16Z,restated_at,2026-08-04,,who.gho.cm-02,raw/who.gho.cm-02/2026/09/20260907T155816Z-99a1a16a015f.json.gz,2
who.gho.cm-02,CM_02:NOR:SEX_BTSX:AGEGROUP_MONTHS0-11,1970-01-01,2026-09-07T15:58:16Z,value,866.0,,who.gho.cm-02,raw/who.gho.cm-02/2026/09/20260907T155816Z-99a1a16a015f.json.gz,2
who.gho.cm-02,CM_02:NOR:SEX_FMLE:AGEGROUP_MONTHS0-11,1970-01-01,2026-09-07T15:51:50Z,high,373.0,,who.gho.cm-02,raw/who.gho.cm-02/2026/09/20260907T155150Z-b2442ef3f6e6.json.gz,2
who.gho.cm-02,CM_02:NOR:SEX_FMLE:AGEGROUP_MONTHS0-11,1970-01-01,2026-09-07T15:51:50Z,low,349.0,,who.gho.cm-02,raw/who.gho.cm-02/2026/09/20260907T155150Z-b2442ef3f6e6.json.gz,2
who.gho.cm-02,CM_02:NOR:SEX_FMLE:AGEGROUP_MONTHS0-11,1970-01-01,2026-09-07T15:51:50Z,restated_at,2025-04-15,,who.gho.cm-02,raw/who.gho.cm-02/2026/09/20260907T155150Z-b2442ef3f6e6.json.gz,2
who.gho.cm-02,CM_02:NOR:SEX_FMLE:AGEGROUP_MONTHS0-11,1970-01-01,2026-09-07T15:51:50Z,value,361.0,,who.gho.cm-02,raw/who.gho.cm-02/2026/09/20260907T155150Z-b2442ef3f6e6.json.gz,2
who.gho.cm-02,CM_02:NOR:SEX_MLE:AGEGROUP_MONTHS0-11,1970-01-01,2026-09-07T15:52:18Z,high,521.0,,who.gho.cm-02,raw/who.gho.cm-02/2026/09/20260907T155218Z-7dbb6db1a58a.json.gz,2
who.gho.cm-02,CM_02:NOR:SEX_MLE:AGEGROUP_MONTHS0-11,1970-01-01,2026-09-07T15:52:18Z,low,491.0,,who.gho.cm-02,raw/who.gho.cm-02/2026/09/20260907T155218Z-7dbb6db1a58a.json.gz,2
who.gho.cm-02,CM_02:NOR:SEX_MLE:AGEGROUP_MONTHS0-11,1970-01-01,2026-09-07T15:52:18Z,restated_at,2026-08-04,,who.gho.cm-02,raw/who.gho.cm-02/2026/09/20260907T155218Z-7dbb6db1a58a.json.gz,2
who.gho.cm-02,CM_02:NOR:SEX_MLE:AGEGROUP_MONTHS0-11,1970-01-01,2026-09-07T15:52:18Z,value,505.0,,who.gho.cm-02,raw/who.gho.cm-02/2026/09/20260907T155218Z-7dbb6db1a58a.json.gz,2
who.gho.cm-02,CM_02:NPL:SEX_BTSX:AGEGROUP_MONTHS0-11,1970-01-01,2026-09-07T15:57:07Z,high,102398.0,,who.gho.cm-02,raw/who.gho.cm-02/2026/09/20260907T155707Z-3cd3e5b56c9f.json.gz,2
who.gho.cm-02,CM_02:NPL:SEX_BTSX:AGEGROUP_MONTHS0-11,1970-01-01,2026-09-07T15:57:07Z,low,84587.0,,who.gho.cm-02,raw/who.gho.cm-02/2026/09/20260907T155707Z-3cd3e5b56c9f.json.gz,2
who.gho.cm-02,CM_02:NPL:SEX_BTSX:AGEGROUP_MONTHS0-11,1970-01-01,2026-09-07T15:57:07Z,restated_at,2026-08-04,,who.gho.cm-02,raw/who.gho.cm-02/2026/09/20260907T155707Z-3cd3e5b56c9f.json.gz,2
who.gho.cm-02,CM_02:NPL:SEX_BTSX:AGEGROUP_MONTHS0-11,1970-01-01,2026-09-07T15:57:07Z,value,93110.0,,who.gho.cm-02,raw/who.gho.cm-02/2026/09/20260907T155707Z-3cd3e5b56c9f.json.gz,2
who.gho.cm-02,CM_02:NPL:SEX_FMLE:AGEGROUP_MONTHS0-11,1970-01-01,2026-09-07T15:51:21Z,high,48302.0,,who.gho.cm-02,raw/who.gho.cm-02/2026/09/20260907T155121Z-1b14643329ca.json.gz,2
who.gho.cm-02,CM_02:NPL:SEX_FMLE:AGEGROUP_MONTHS0-11,1970-01-01,2026-09-07T15:51:21Z,low,39623.0,,who.gho.cm-02,raw/who.gho.cm-02/2026/09/20260907T155121Z-1b14643329ca.json.gz,2
who.gho.cm-02,CM_02:NPL:SEX_FMLE:AGEGROUP_MONTHS0-11,1970-01-01,2026-09-07T15:51:21Z,restated_at,2026-08-04,,who.gho.cm-02,raw/who.gho.cm-02/2026/09/20260907T155121Z-1b14643329ca.json.gz,2
who.gho.cm-02,CM_02:NPL:SEX_FMLE:AGEGROUP_MONTHS0-11,1970-01-01,2026-09-07T15:51:21Z,value,43721.0,,who.gho.cm-02,raw/who.gho.cm-02/2026/09/20260907T155121Z-1b14643329ca.json.gz,2
who.gho.cm-02,CM_02:NPL:SEX_MLE:AGEGROUP_MONTHS0-11,1970-01-01,2026-09-07T15:52:10Z,high,54455.0,,who.gho.cm-02,raw/who.gho.cm-02/2026/09/20260907T155210Z-c2e07328660e.json.gz,2
who.gho.cm-02,CM_02:NPL:SEX_MLE:AGEGROUP_MONTHS0-11,1970-01-01,2026-09-07T15:52:10Z,low,44737.0,,who.gho.cm-02,raw/who.gho.cm-02/2026/09/20260907T155210Z-c2e07328660e.json.gz,2
who.gho.cm-02,CM_02:NPL:SEX_MLE:AGEGROUP_MONTHS0-11,1970-01-01,2026-09-07T15:52:10Z,restated_at,2026-08-04,,who.gho.cm-02,raw/who.gho.cm-02/2026/09/20260907T155210Z-c2e07328660e.json.gz,2
who.gho.cm-02,CM_02:NPL:SEX_MLE:AGEGROUP_MONTHS0-11,1970-01-01,2026-09-07T15:52:10Z,value,49389.0,,who.gho.cm-02,raw/who.gho.cm-02/2026/09/20260907T155210Z-c2e07328660e.json.gz,2
who.gho.cm-02,CM_02:NZL:SEX_BTSX:AGEGROUP_MONTHS0-11,1970-01-01,2026-09-07T15:57:30Z,high,1072.0,,who.gho.cm-02,raw/who.gho.cm-02/2026/09/20260907T155730Z-1fe49c27b9ed.json.gz,2
who.gho.cm-02,CM_02:NZL:SEX_BTSX:AGEGROUP_MONTHS0-11,1970-01-01,2026-09-07T15:57:30Z,low,1032.0,,who.gho.cm-02,raw/who.gho.cm-02/2026/09/20260907T155730Z-1fe49c27b9ed.json.gz,2
who.gho.cm-02,CM_02:NZL:SEX_BTSX:AGEGROUP_MONTHS0-11,1970-01-01,2026-09-07T15:57:30Z,restated_at,2026-08-04,,who.gho.cm-02,raw/who.gho.cm-02/2026/09/20260907T155730Z-1fe49c27b9ed.json.gz,2
who.gho.cm-02,CM_02:NZL:SEX_BTSX:AGEGROUP_MONTHS0-11,1970-01-01,2026-09-07T15:57:30Z,value,1052.0,,who.gho.cm-02,raw/who.gho.cm-02/2026/09/20260907T155730Z-1fe49c27b9ed.json.gz,2
who.gho.cm-02,CM_02:NZL:SEX_FMLE:AGEGROUP_MONTHS0-11,1970-01-01,2026-09-07T15:52:26Z,high,455.0,,who.gho.cm-02,raw/who.gho.cm-02/2026/09/20260907T155226Z-b536cc4a2b4c.json.gz,2
who.gho.cm-02,CM_02:NZL:SEX_FMLE:AGEGROUP_MONTHS0-11,1970-01-01,2026-09-07T15:52:26Z,low,430.0,,who.gho.cm-02,raw/who.gho.cm-02/2026/09/20260907T155226Z-b536cc4a2b4c.json.gz,2
who.gho.cm-02,CM_02:NZL:SEX_FMLE:AGEGROUP_MONTHS0-11,1970-01-01,2026-09-07T15:52:26Z,restated_at,2025-04-15,,who.gho.cm-02,raw/who.gho.cm-02/2026/09/20260907T155226Z-b536cc4a2b4c.json.gz,2
who.gho.cm-02,CM_02:NZL:SEX_FMLE:AGEGROUP_MONTHS0-11,1970-01-01,2026-09-07T15:52:26Z,value,442.0,,who.gho.cm-02,raw/who.gho.cm-02/2026/09/20260907T155226Z-b536cc4a2b4c.json.gz,2
who.gho.cm-02,CM_02:NZL:SEX_MLE:AGEGROUP_MONTHS0-11,1970-01-01,2026-09-07T15:58:20Z,high,625.0,,who.gho.cm-02,raw/who.gho.cm-02/2026/09/20260907T155820Z-bace8014f904.json.gz,2
who.gho.cm-02,CM_02:NZL:SEX_MLE:AGEGROUP_MONTHS0-11,1970-01-01,2026-09-07T15:58:20Z,low,595.0,,who.gho.cm-02,raw/who.gho.cm-02/2026/09/20260907T155820Z-bace8014f904.json.gz,2
who.gho.cm-02,CM_02:NZL:SEX_MLE:AGEGROUP_MONTHS0-11,1970-01-01,2026-09-07T15:58:20Z,restated_at,2026-08-04,,who.gho.cm-02,raw/who.gho.cm-02/2026/09/20260907T155820Z-bace8014f904.json.gz,2
who.gho.cm-02,CM_02:NZL:SEX_MLE:AGEGROUP_MONTHS0-11,1970-01-01,2026-09-07T15:58:20Z,value,610.0,,who.gho.cm-02,raw/who.gho.cm-02/2026/09/20260907T155820Z-bace8014f904.json.gz,2
who.gho.cm-02,CM_02:OMN:SEX_BTSX:AGEGROUP_MONTHS0-11,1970-01-01,2026-09-07T15:57:26Z,high,6234.0,,who.gho.cm-02,raw/who.gho.cm-02/2026/09/20260907T155726Z-31d0241a6d30.json.gz,2
who.gho.cm-02,CM_02:OMN:SEX_BTSX:AGEGROUP_MONTHS0-11,1970-01-01,2026-09-07T15:57:26Z,low,4646.0,,who.gho.cm-02,raw/who.gho.cm-02/2026/09/20260907T155726Z-31d0241a6d30.json.gz,2
who.gho.cm-02,CM_02:OMN:SEX_BTSX:AGEGROUP_MONTHS0-11,1970-01-01,2026-09-07T15:57:26Z,restated_at,2026-08-04,,who.gho.cm-02,raw/who.gho.cm-02/2026/09/20260907T155726Z-31d0241a6d30.json.gz,2
who.gho.cm-02,CM_02:OMN:SEX_BTSX:AGEGROUP_MONTHS0-11,1970-01-01,2026-09-07T15:57:26Z,value,5407.0,,who.gho.cm-02,raw/who.gho.cm-02/2026/09/20260907T155726Z-31d0241a6d30.json.gz,2
who.gho.cm-02,CM_02:OMN:SEX_FMLE:AGEGROUP_MONTHS0-11,1970-01-01,2026-09-07T15:51:44Z,high,2888.0,,who.gho.cm-02,raw/who.gho.cm-02/2026/09/20260907T155144Z-505d97ce9093.json.gz,2
who.gho.cm-02,CM_02:OMN:SEX_FMLE:AGEGROUP_MONTHS0-11,1970-01-01,2026-09-07T15:51:44Z,low,2096.0,,who.gho.cm-02,raw/who.gho.cm-02/2026/09/20260907T155144Z-505d97ce9093.json.gz,2
who.gho.cm-02,CM_02:OMN:SEX_FMLE:AGEGROUP_MONTHS0-11,1970-01-01,2026-09-07T15:51:44Z,restated_at,2026-08-04,,who.gho.cm-02,raw/who.gho.cm-02/2026/09/20260907T155144Z-505d97ce9093.json.gz,2
who.gho.cm-02,CM_02:OMN:SEX_FMLE:AGEGROUP_MONTHS0-11,1970-01-01,2026-09-07T15:51:44Z,value,2477.0,,who.gho.cm-02,raw/who.gho.cm-02/2026/09/20260907T155144Z-505d97ce9093.json.gz,2
who.gho.cm-02,CM_02:OMN:SEX_MLE:AGEGROUP_MONTHS0-11,1970-01-01,2026-09-07T15:58:20Z,high,3400.0,,who.gho.cm-02,raw/who.gho.cm-02/2026/09/20260907T155820Z-bace8014f904.json.gz,2
who.gho.cm-02,CM_02:OMN:SEX_MLE:AGEGROUP_MONTHS0-11,1970-01-01,2026-09-07T15:58:20Z,low,2497.0,,who.gho.cm-02,raw/who.gho.cm-02/2026/09/20260907T155820Z-bace8014f904.json.gz,2
who.gho.cm-02,CM_02:OMN:SEX_MLE:AGEGROUP_MONTHS0-11,1970-01-01,2026-09-07T15:58:20Z,restated_at,2026-08-04,,who.gho.cm-02,raw/who.gho.cm-02/2026/09/20260907T155820Z-bace8014f904.json.gz,2
who.gho.cm-02,CM_02:OMN:SEX_MLE:AGEGROUP_MONTHS0-11,1970-01-01,2026-09-07T15:58:20Z,value,2930.0,,who.gho.cm-02,raw/who.gho.cm-02/2026/09/20260907T155820Z-bace8014f904.json.gz,2
who.gho.cm-02,CM_02:PAK:SEX_BTSX:AGEGROUP_MONTHS0-11,1970-01-01,2026-09-07T15:58:16Z,high,374258.0,,who.gho.cm-02,raw/who.gho.cm-02/2026/09/20260907T155816Z-99a1a16a015f.json.gz,2
who.gho.cm-02,CM_02:PAK:SEX_BTSX:AGEGROUP_MONTHS0-11,1970-01-01,2026-09-07T15:58:16Z,low,322341.0,,who.gho.cm-02,raw/who.gho.cm-02/2026/09/20260907T155816Z-99a1a16a015f.json.gz,2
who.gho.cm-02,CM_02:PAK:SEX_BTSX:AGEGROUP_MONTHS0-11,1970-01-01,2026-09-07T15:58:16Z,restated_at,2026-08-04,,who.gho.cm-02,raw/who.gho.cm-02/2026/09/20260907T155816Z-99a1a16a015f.json.gz,2
who.gho.cm-02,CM_02:PAK:SEX_BTSX:AGEGROUP_MONTHS0-11,1970-01-01,2026-09-07T15:58:16Z,value,347758.0,,who.gho.cm-02,raw/who.gho.cm-02/2026/09/20260907T155816Z-99a1a16a015f.json.gz,2
who.gho.cm-02,CM_02:PAK:SEX_FMLE:AGEGROUP_MONTHS0-11,1970-01-01,2026-09-07T15:50:52Z,high,175292.0,,who.gho.cm-02,raw/who.gho.cm-02/2026/09/20260907T155052Z-3109a96dcee3.json.gz,2
who.gho.cm-02,CM_02:PAK:SEX_FMLE:AGEGROUP_MONTHS0-11,1970-01-01,2026-09-07T15:50:52Z,low,149244.0,,who.gho.cm-02,raw/who.gho.cm-02/2026/09/20260907T155052Z-3109a96dcee3.json.gz,2
who.gho.cm-02,CM_02:PAK:SEX_FMLE:AGEGROUP_MONTHS0-11,1970-01-01,2026-09-07T15:50:52Z,restated_at,2026-08-04,,who.gho.cm-02,raw/who.gho.cm-02/2026/09/20260907T155052Z-3109a96dcee3.json.gz,2
who.gho.cm-02,CM_02:PAK:SEX_FMLE:AGEGROUP_MONTHS0-11,1970-01-01,2026-09-07T15:50:52Z,value,161867.0,,who.gho.cm-02,raw/who.gho.cm-02/2026/09/20260907T155052Z-3109a96dcee3.json.gz,2
who.gho.cm-02,CM_02:PAK:SEX_MLE:AGEGROUP_MONTHS0-11,1970-01-01,2026-09-07T15:52:37Z,high,200776.0,,who.gho.cm-02,raw/who.gho.cm-02/2026/09/20260907T155237Z-35c7d31783eb.json.gz,2
who.gho.cm-02,CM_02:PAK:SEX_MLE:AGEGROUP_MONTHS0-11,1970-01-01,2026-09-07T15:52:37Z,low,171697.0,,who.gho.cm-02,raw/who.gho.cm-02/2026/09/20260907T155237Z-35c7d31783eb.json.gz,2
who.gho.cm-02,CM_02:PAK:SEX_MLE:AGEGROUP_MONTHS0-11,1970-01-01,2026-09-07T15:52:37Z,restated_at,2026-08-04,,who.gho.cm-02,raw/who.gho.cm-02/2026/09/20260907T155237Z-35c7d31783eb.json.gz,2
who.gho.cm-02,CM_02:PAK:SEX_MLE:AGEGROUP_MONTHS0-11,1970-01-01,2026-09-07T15:52:37Z,value,185891.0,,who.gho.cm-02,raw/who.gho.cm-02/2026/09/20260907T155237Z-35c7d31783eb.json.gz,2
who.gho.cm-02,CM_02:PAN:SEX_BTSX:AGEGROUP_MONTHS0-11,1970-01-01,2026-09-07T15:58:12Z,high,3123.0,,who.gho.cm-02,raw/who.gho.cm-02/2026/09/20260907T155812Z-02a2023435be.json.gz,2
who.gho.cm-02,CM_02:PAN:SEX_BTSX:AGEGROUP_MONTHS0-11,1970-01-01,2026-09-07T15:58:12Z,low,2553.0,,who.gho.cm-02,raw/who.gho.cm-02/2026/09/20260907T155812Z-02a2023435be.json.gz,2
who.gho.cm-02,CM_02:PAN:SEX_BTSX:AGEGROUP_MONTHS0-11,1970-01-01,2026-09-07T15:58:12Z,restated_at,2026-08-04,,who.gho.cm-02,raw/who.gho.cm-02/2026/09/20260907T155812Z-02a2023435be.json.gz,2
who.gho.cm-02,CM_02:PAN:SEX_BTSX:AGEGROUP_MONTHS0-11,1970-01-01,2026-09-07T15:58:12Z,value,2833.0,,who.gho.cm-02,raw/who.gho.cm-02/2026/09/20260907T155812Z-02a2023435be.json.gz,2
who.gho.cm-02,CM_02:PAN:SEX_FMLE:AGEGROUP_MONTHS0-11,1970-01-01,2026-09-07T15:51:05Z,high,1406.0,,who.gho.cm-02,raw/who.gho.cm-02/2026/09/20260907T155105Z-bd351d716a31.json.gz,2
who.gho.cm-02,CM_02:PAN:SEX_FMLE:AGEGROUP_MONTHS0-11,1970-01-01,2026-09-07T15:51:05Z,low,1121.0,,who.gho.cm-02,raw/who.gho.cm-02/2026/09/20260907T155105Z-bd351d716a31.json.gz,2
who.gho.cm-02,CM_02:PAN:SEX_FMLE:AGEGROUP_MONTHS0-11,1970-01-01,2026-09-07T15:51:05Z,restated_at,2026-08-04,,who.gho.cm-02,raw/who.gho.cm-02/2026/09/20260907T155105Z-bd351d716a31.json.gz,2
who.gho.cm-02,CM_02:PAN:SEX_FMLE:AGEGROUP_MONTHS0-11,1970-01-01,2026-09-07T15:51:05Z,value,1261.0,,who.gho.cm-02,raw/who.gho.cm-02/2026/09/20260907T155105Z-bd351d716a31.json.gz,2
who.gho.cm-02,CM_02:PAN:SEX_MLE:AGEGROUP_MONTHS0-11,1970-01-01,2026-09-07T15:57:00Z,high,1746.0,,who.gho.cm-02,raw/who.gho.cm-02/2026/09/20260907T155700Z-8ffcb12aceff.json.gz,2
who.gho.cm-02,CM_02:PAN:SEX_MLE:AGEGROUP_MONTHS0-11,1970-01-01,2026-09-07T15:57:00Z,low,1406.0,,who.gho.cm-02,raw/who.gho.cm-02/2026/09/20260907T155700Z-8ffcb12aceff.json.gz,2
who.gho.cm-02,CM_02:PAN:SEX_MLE:AGEGROUP_MONTHS0-11,1970-01-01,2026-09-07T15:57:00Z,restated_at,2026-08-04,,who.gho.cm-02,raw/who.gho.cm-02/2026/09/20260907T155700Z-8ffcb12aceff.json.gz,2
who.gho.cm-02,CM_02:PAN:SEX_MLE:AGEGROUP_MONTHS0-11,1970-01-01,2026-09-07T15:57:00Z,value,1572.0,,who.gho.cm-02,raw/who.gho.cm-02/2026/09/20260907T155700Z-8ffcb12aceff.json.gz,2
who.gho.cm-02,CM_02:PER:SEX_BTSX:AGEGROUP_MONTHS0-11,1970-01-01,2026-09-07T15:51:05Z,high,75606.0,,who.gho.cm-02,raw/who.gho.cm-02/2026/09/20260907T155105Z-bd351d716a31.json.gz,2
who.gho.cm-02,CM_02:PER:SEX_BTSX:AGEGROUP_MONTHS0-11,1970-01-01,2026-09-07T15:51:05Z,low,66517.0,,who.gho.cm-02,raw/who.gho.cm-02/2026/09/20260907T155105Z-bd351d716a31.json.gz,2
who.gho.cm-02,CM_02:PER:SEX_BTSX:AGEGROUP_MONTHS0-11,1970-01-01,2026-09-07T15:51:05Z,restated_at,2026-08-04,,who.gho.cm-02,raw/who.gho.cm-02/2026/09/20260907T155105Z-bd351d716a31.json.gz,2
who.gho.cm-02,CM_02:PER:SEX_BTSX:AGEGROUP_MONTHS0-11,1970-01-01,2026-09-07T15:51:05Z,value,70971.0,,who.gho.cm-02,raw/who.gho.cm-02/2026/09/20260907T155105Z-bd351d716a31.json.gz,2
who.gho.cm-02,CM_02:PER:SEX_FMLE:AGEGROUP_MONTHS0-11,1970-01-01,2026-09-07T15:57:17Z,high,34602.0,,who.gho.cm-02,raw/who.gho.cm-02/2026/09/20260907T155717Z-89bc69b90b61.json.gz,2
who.gho.cm-02,CM_02:PER:SEX_FMLE:AGEGROUP_MONTHS0-11,1970-01-01,2026-09-07T15:57:17Z,low,30058.0,,who.gho.cm-02,raw/who.gho.cm-02/2026/09/20260907T155717Z-89bc69b90b61.json.gz,2
who.gho.cm-02,CM_02:PER:SEX_FMLE:AGEGROUP_MONTHS0-11,1970-01-01,2026-09-07T15:57:17Z,restated_at,2026-08-04,,who.gho.cm-02,raw/who.gho.cm-02/2026/09/20260907T155717Z-89bc69b90b61.json.gz,2
who.gho.cm-02,CM_02:PER:SEX_FMLE:AGEGROUP_MONTHS0-11,1970-01-01,2026-09-07T15:57:17Z,value,32264.0,,who.gho.cm-02,raw/who.gho.cm-02/2026/09/20260907T155717Z-89bc69b90b61.json.gz,2
who.gho.cm-02,CM_02:PER:SEX_MLE:AGEGROUP_MONTHS0-11,1970-01-01,2026-09-07T15:57:30Z,high,41391.0,,who.gho.cm-02,raw/who.gho.cm-02/2026/09/20260907T155730Z-1fe49c27b9ed.json.gz,2
who.gho.cm-02,CM_02:PER:SEX_MLE:AGEGROUP_MONTHS0-11,1970-01-01,2026-09-07T15:57:30Z,low,36086.0,,who.gho.cm-02,raw/who.gho.cm-02/2026/09/20260907T155730Z-1fe49c27b9ed.json.gz,2
who.gho.cm-02,CM_02:PER:SEX_MLE:AGEGROUP_MONTHS0-11,1970-01-01,2026-09-07T15:57:30Z,restated_at,2026-08-04,,who.gho.cm-02,raw/who.gho.cm-02/2026/09/20260907T155730Z-1fe49c27b9ed.json.gz,2
who.gho.cm-02,CM_02:PER:SEX_MLE:AGEGROUP_MONTHS0-11,1970-01-01,2026-09-07T15:57:30Z,value,38707.0,,who.gho.cm-02,raw/who.gho.cm-02/2026/09/20260907T155730Z-1fe49c27b9ed.json.gz,2
who.gho.cm-02,CM_02:PHL:SEX_BTSX:AGEGROUP_MONTHS0-11,1970-01-01,2026-09-07T15:57:12Z,high,87060.0,,who.gho.cm-02,raw/who.gho.cm-02/2026/09/20260907T155712Z-98aa519eeacd.json.gz,2
who.gho.cm-02,CM_02:PHL:SEX_BTSX:AGEGROUP_MONTHS0-11,1970-01-01,2026-09-07T15:57:12Z,low,71353.0,,who.gho.cm-02,raw/who.gho.cm-02/2026/09/20260907T155712Z-98aa519eeacd.json.gz,2
who.gho.cm-02,CM_02:PHL:SEX_BTSX:AGEGROUP_MONTHS0-11,1970-01-01,2026-09-07T15:57:12Z,restated_at,2026-08-04,,who.gho.cm-02,raw/who.gho.cm-02/2026/09/20260907T155712Z-98aa519eeacd.json.gz,2
who.gho.cm-02,CM_02:PHL:SEX_BTSX:AGEGROUP_MONTHS0-11,1970-01-01,2026-09-07T15:57:12Z,value,78886.0,,who.gho.cm-02,raw/who.gho.cm-02/2026/09/20260907T155712Z-98aa519eeacd.json.gz,2
who.gho.cm-02,CM_02:PHL:SEX_FMLE:AGEGROUP_MONTHS0-11,1970-01-01,2026-09-07T15:58:12Z,high,37527.0,,who.gho.cm-02,raw/who.gho.cm-02/2026/09/20260907T155812Z-02a2023435be.json.gz,2
who.gho.cm-02,CM_02:PHL:SEX_FMLE:AGEGROUP_MONTHS0-11,1970-01-01,2026-09-07T15:58:12Z,low,30428.0,,who.gho.cm-02,raw/who.gho.cm-02/2026/09/20260907T155812Z-02a2023435be.json.gz,2
who.gho.cm-02,CM_02:PHL:SEX_FMLE:AGEGROUP_MONTHS0-11,1970-01-01,2026-09-07T15:58:12Z,restated_at,2026-08-04,,who.gho.cm-02,raw/who.gho.cm-02/2026/09/20260907T155812Z-02a2023435be.json.gz,2
who.gho.cm-02,CM_02:PHL:SEX_FMLE:AGEGROUP_MONTHS0-11,1970-01-01,2026-09-07T15:58:12Z,value,33724.0,,who.gho.cm-02,raw/who.gho.cm-02/2026/09/20260907T155812Z-02a2023435be.json.gz,2
who.gho.cm-02,CM_02:PHL:SEX_MLE:AGEGROUP_MONTHS0-11,1970-01-01,2026-09-07T15:58:07Z,high,50068.0,,who.gho.cm-02,raw/who.gho.cm-02/2026/09/20260907T155807Z-33d1eb328c3d.json.gz,2
who.gho.cm-02,CM_02:PHL:SEX_MLE:AGEGROUP_MONTHS0-11,1970-01-01,2026-09-07T15:58:07Z,low,40715.0,,who.gho.cm-02,raw/who.gho.cm-02/2026/09/20260907T155807Z-33d1eb328c3d.json.gz,2
who.gho.cm-02,CM_02:PHL:SEX_MLE:AGEGROUP_MONTHS0-11,1970-01-01,2026-09-07T15:58:07Z,restated_at,2026-08-04,,who.gho.cm-02,raw/who.gho.cm-02/2026/09/20260907T155807Z-33d1eb328c3d.json.gz,2
who.gho.cm-02,CM_02:PHL:SEX_MLE:AGEGROUP_MONTHS0-11,1970-01-01,2026-09-07T15:58:07Z,value,45162.0,,who.gho.cm-02,raw/who.gho.cm-02/2026/09/20260907T155807Z-33d1eb328c3d.json.gz,2
who.gho.cm-02,CM_02:PLW:SEX_BTSX:AGEGROUP_MONTHS0-11,1970-01-01,2026-09-07T15:56:48Z,high,37.0,,who.gho.cm-02,raw/who.gho.cm-02/2026/09/20260907T155648Z-e962102586d9.json.gz,2
who.gho.cm-02,CM_02:PLW:SEX_BTSX:AGEGROUP_MONTHS0-11,1970-01-01,2026-09-07T15:56:48Z,low,20.0,,who.gho.cm-02,raw/who.gho.cm-02/2026/09/20260907T155648Z-e962102586d9.json.gz,2
who.gho.cm-02,CM_02:PLW:SEX_BTSX:AGEGROUP_MONTHS0-11,1970-01-01,2026-09-07T15:56:48Z,restated_at,2026-08-04,,who.gho.cm-02,raw/who.gho.cm-02/2026/09/20260907T155648Z-e962102586d9.json.gz,2
who.gho.cm-02,CM_02:PLW:SEX_BTSX:AGEGROUP_MONTHS0-11,1970-01-01,2026-09-07T15:56:48Z,value,28.0,,who.gho.cm-02,raw/who.gho.cm-02/2026/09/20260907T155648Z-e962102586d9.json.gz,2
who.gho.cm-02,CM_02:PLW:SEX_FMLE:AGEGROUP_MONTHS0-11,1970-01-01,2026-09-07T15:58:07Z,high,17.0,,who.gho.cm-02,raw/who.gho.cm-02/2026/09/20260907T155807Z-33d1eb328c3d.json.gz,2
who.gho.cm-02,CM_02:PLW:SEX_FMLE:AGEGROUP_MONTHS0-11,1970-01-01,2026-09-07T15:58:07Z,low,9.0,,who.gho.cm-02,raw/who.gho.cm-02/2026/09/20260907T155807Z-33d1eb328c3d.json.gz,2
who.gho.cm-02,CM_02:PLW:SEX_FMLE:AGEGROUP_MONTHS0-11,1970-01-01,2026-09-07T15:58:07Z,restated_at,2025-04-15,,who.gho.cm-02,raw/who.gho.cm-02/2026/09/20260907T155807Z-33d1eb328c3d.json.gz,2
who.gho.cm-02,CM_02:PLW:SEX_FMLE:AGEGROUP_MONTHS0-11,1970-01-01,2026-09-07T15:58:07Z,value,12.0,,who.gho.cm-02,raw/who.gho.cm-02/2026/09/20260907T155807Z-33d1eb328c3d.json.gz,2
who.gho.cm-02,CM_02:PLW:SEX_MLE:AGEGROUP_MONTHS0-11,1970-01-01,2026-09-07T15:57:21Z,high,21.0,,who.gho.cm-02,raw/who.gho.cm-02/2026/09/20260907T155721Z-a2b5c178c29b.json.gz,2
who.gho.cm-02,CM_02:PLW:SEX_MLE:AGEGROUP_MONTHS0-11,1970-01-01,2026-09-07T15:57:21Z,low,11.0,,who.gho.cm-02,raw/who.gho.cm-02/2026/09/20260907T155721Z-a2b5c178c29b.json.gz,2
who.gho.cm-02,CM_02:PLW:SEX_MLE:AGEGROUP_MONTHS0-11,1970-01-01,2026-09-07T15:57:21Z,restated_at,2025-04-15,,who.gho.cm-02,raw/who.gho.cm-02/2026/09/20260907T155721Z-a2b5c178c29b.json.gz,2
who.gho.cm-02,CM_02:PLW:SEX_MLE:AGEGROUP_MONTHS0-11,1970-01-01,2026-09-07T15:57:21Z,value,16.0,,who.gho.cm-02,raw/who.gho.cm-02/2026/09/20260907T155721Z-a2b5c178c29b.json.gz,2
who.gho.cm-02,CM_02:PNG:SEX_BTSX:AGEGROUP_MONTHS0-11,1970-01-01,2026-09-07T15:54:17Z,high,12887.0,,who.gho.cm-02,raw/who.gho.cm-02/2026/09/20260907T155417Z-e87fb31944b5.json.gz,2
who.gho.cm-02,CM_02:PNG:SEX_BTSX:AGEGROUP_MONTHS0-11,1970-01-01,2026-09-07T15:54:17Z,low,10209.0,,who.gho.cm-02,raw/who.gho.cm-02/2026/09/20260907T155417Z-e87fb31944b5.json.gz,2
who.gho.cm-02,CM_02:PNG:SEX_BTSX:AGEGROUP_MONTHS0-11,1970-01-01,2026-09-07T15:54:17Z,restated_at,2026-08-04,,who.gho.cm-02,raw/who.gho.cm-02/2026/09/20260907T155417Z-e87fb31944b5.json.gz,2
who.gho.cm-02,CM_02:PNG:SEX_BTSX:AGEGROUP_MONTHS0-11,1970-01-01,2026-09-07T15:54:17Z,value,11502.0,,who.gho.cm-02,raw/who.gho.cm-02/2026/09/20260907T155417Z-e87fb31944b5.json.gz,2
who.gho.cm-02,CM_02:PNG:SEX_FMLE:AGEGROUP_MONTHS0-11,1970-01-01,2026-09-07T15:57:26Z,high,5928.0,,who.gho.cm-02,raw/who.gho.cm-02/2026/09/20260907T155726Z-31d0241a6d30.json.gz,2
who.gho.cm-02,CM_02:PNG:SEX_FMLE:AGEGROUP_MONTHS0-11,1970-01-01,2026-09-07T15:57:26Z,low,4609.0,,who.gho.cm-02,raw/who.gho.cm-02/2026/09/20260907T155726Z-31d0241a6d30.json.gz,2
who.gho.cm-02,CM_02:PNG:SEX_FMLE:AGEGROUP_MONTHS0-11,1970-01-01,2026-09-07T15:57:26Z,restated_at,2026-08-04,,who.gho.cm-02,raw/who.gho.cm-02/2026/09/20260907T155726Z-31d0241a6d30.json.gz,2
who.gho.cm-02,CM_02:PNG:SEX_FMLE:AGEGROUP_MONTHS0-11,1970-01-01,2026-09-07T15:57:26Z,value,5238.0,,who.gho.cm-02,raw/who.gho.cm-02/2026/09/20260907T155726Z-31d0241a6d30.json.gz,2
who.gho.cm-02,CM_02:PNG:SEX_MLE:AGEGROUP_MONTHS0-11,1970-01-01,2026-09-07T15:51:44Z,high,7068.0,,who.gho.cm-02,raw/who.gho.cm-02/2026/09/20260907T155144Z-505d97ce9093.json.gz,2
who.gho.cm-02,CM_02:PNG:SEX_MLE:AGEGROUP_MONTHS0-11,1970-01-01,2026-09-07T15:51:44Z,low,5512.0,,who.gho.cm-02,raw/who.gho.cm-02/2026/09/20260907T155144Z-505d97ce9093.json.gz,2
who.gho.cm-02,CM_02:PNG:SEX_MLE:AGEGROUP_MONTHS0-11,1970-01-01,2026-09-07T15:51:44Z,restated_at,2026-08-04,,who.gho.cm-02,raw/who.gho.cm-02/2026/09/20260907T155144Z-505d97ce9093.json.gz,2
who.gho.cm-02,CM_02:PNG:SEX_MLE:AGEGROUP_MONTHS0-11,1970-01-01,2026-09-07T15:51:44Z,value,6264.0,,who.gho.cm-02,raw/who.gho.cm-02/2026/09/20260907T155144Z-505d97ce9093.json.gz,2
who.gho.cm-02,CM_02:POL:SEX_BTSX:AGEGROUP_MONTHS0-11,1970-01-01,2026-09-07T15:56:27Z,high,17341.0,,who.gho.cm-02,raw/who.gho.cm-02/2026/09/20260907T155627Z-19eb4e6c1215.json.gz,2
who.gho.cm-02,CM_02:POL:SEX_BTSX:AGEGROUP_MONTHS0-11,1970-01-01,2026-09-07T15:56:27Z,low,16546.0,,who.gho.cm-02,raw/who.gho.cm-02/2026/09/20260907T155627Z-19eb4e6c1215.json.gz,2
who.gho.cm-02,CM_02:POL:SEX_BTSX:AGEGROUP_MONTHS0-11,1970-01-01,2026-09-07T15:56:27Z,restated_at,2026-08-04,,who.gho.cm-02,raw/who.gho.cm-02/2026/09/20260907T155627Z-19eb4e6c1215.json.gz,2
who.gho.cm-02,CM_02:POL:SEX_BTSX:AGEGROUP_MONTHS0-11,1970-01-01,2026-09-07T15:56:27Z,value,16921.0,,who.gho.cm-02,raw/who.gho.cm-02/2026/09/20260907T155627Z-19eb4e6c1215.json.gz,2
who.gho.cm-02,CM_02:POL:SEX_FMLE:AGEGROUP_MONTHS0-11,1970-01-01,2026-09-07T15:50:52Z,high,7310.0,,who.gho.cm-02,raw/who.gho.cm-02/2026/09/20260907T155052Z-3109a96dcee3.json.gz,2
who.gho.cm-02,CM_02:POL:SEX_FMLE:AGEGROUP_MONTHS0-11,1970-01-01,2026-09-07T15:50:52Z,low,6951.0,,who.gho.cm-02,raw/who.gho.cm-02/2026/09/20260907T155052Z-3109a96dcee3.json.gz,2
who.gho.cm-02,CM_02:POL:SEX_FMLE:AGEGROUP_MONTHS0-11,1970-01-01,2026-09-07T15:50:52Z,restated_at,2026-08-04,,who.gho.cm-02,raw/who.gho.cm-02/2026/09/20260907T155052Z-3109a96dcee3.json.gz,2
who.gho.cm-02,CM_02:POL:SEX_FMLE:AGEGROUP_MONTHS0-11,1970-01-01,2026-09-07T15:50:52Z,value,7115.0,,who.gho.cm-02,raw/who.gho.cm-02/2026/09/20260907T155052Z-3109a96dcee3.json.gz,2
who.gho.cm-02,CM_02:POL:SEX_MLE:AGEGROUP_MONTHS0-11,1970-01-01,2026-09-07T15:56:41Z,high,10064.0,,who.gho.cm-02,raw/who.gho.cm-02/2026/09/20260907T155641Z-022407e160ee.json.gz,2
who.gho.cm-02,CM_02:POL:SEX_MLE:AGEGROUP_MONTHS0-11,1970-01-01,2026-09-07T15:56:41Z,low,9585.0,,who.gho.cm-02,raw/who.gho.cm-02/2026/09/20260907T155641Z-022407e160ee.json.gz,2
who.gho.cm-02,CM_02:POL:SEX_MLE:AGEGROUP_MONTHS0-11,1970-01-01,2026-09-07T15:56:41Z,restated_at,2026-08-04,,who.gho.cm-02,raw/who.gho.cm-02/2026/09/20260907T155641Z-022407e160ee.json.gz,2
who.gho.cm-02,CM_02:POL:SEX_MLE:AGEGROUP_MONTHS0-11,1970-01-01,2026-09-07T15:56:41Z,value,9806.0,,who.gho.cm-02,raw/who.gho.cm-02/2026/09/20260907T155641Z-022407e160ee.json.gz,2
who.gho.cm-02,CM_02:PRK:SEX_BTSX:AGEGROUP_MONTHS0-11,1970-01-01,2026-09-07T15:51:25Z,high,35618.0,,who.gho.cm-02,raw/who.gho.cm-02/2026/09/20260907T155125Z-b41e2575e826.json.gz,2
who.gho.cm-02,CM_02:PRK:SEX_BTSX:AGEGROUP_MONTHS0-11,1970-01-01,2026-09-07T15:51:25Z,low,21887.0,,who.gho.cm-02,raw/who.gho.cm-02/2026/09/20260907T155125Z-b41e2575e826.json.gz,2
who.gho.cm-02,CM_02:PRK:SEX_BTSX:AGEGROUP_MONTHS0-11,1970-01-01,2026-09-07T15:51:25Z,restated_at,2025-04-15,,who.gho.cm-02,raw/who.gho.cm-02/2026/09/20260907T155125Z-b41e2575e826.json.gz,2
who.gho.cm-02,CM_02:PRK:SEX_BTSX:AGEGROUP_MONTHS0-11,1970-01-01,2026-09-07T15:51:25Z,value,27892.0,,who.gho.cm-02,raw/who.gho.cm-02/2026/09/20260907T155125Z-b41e2575e826.json.gz,2
who.gho.cm-02,CM_02:PRK:SEX_FMLE:AGEGROUP_MONTHS0-11,1970-01-01,2026-09-07T15:54:17Z,high,15681.0,,who.gho.cm-02,raw/who.gho.cm-02/2026/09/20260907T155417Z-e87fb31944b5.json.gz,2
who.gho.cm-02,CM_02:PRK:SEX_FMLE:AGEGROUP_MONTHS0-11,1970-01-01,2026-09-07T15:54:17Z,low,9469.0,,who.gho.cm-02,raw/who.gho.cm-02/2026/09/20260907T155417Z-e87fb31944b5.json.gz,2
who.gho.cm-02,CM_02:PRK:SEX_FMLE:AGEGROUP_MONTHS0-11,1970-01-01,2026-09-07T15:54:17Z,restated_at,2026-08-04,,who.gho.cm-02,raw/who.gho.cm-02/2026/09/20260907T155417Z-e87fb31944b5.json.gz,2
who.gho.cm-02,CM_02:PRK:SEX_FMLE:AGEGROUP_MONTHS0-11,1970-01-01,2026-09-07T15:54:17Z,value,12160.0,,who.gho.cm-02,raw/who.gho.cm-02/2026/09/20260907T155417Z-e87fb31944b5.json.gz,2
who.gho.cm-02,CM_02:PRK:SEX_MLE:AGEGROUP_MONTHS0-11,1970-01-01,2026-09-07T15:57:35Z,high,20139.0,,who.gho.cm-02,raw/who.gho.cm-02/2026/09/20260907T155735Z-be5ff4c5352d.json.gz,2
who.gho.cm-02,CM_02:PRK:SEX_MLE:AGEGROUP_MONTHS0-11,1970-01-01,2026-09-07T15:57:35Z,low,12275.0,,who.gho.cm-02,raw/who.gho.cm-02/2026/09/20260907T155735Z-be5ff4c5352d.json.gz,2
who.gho.cm-02,CM_02:PRK:SEX_MLE:AGEGROUP_MONTHS0-11,1970-01-01,2026-09-07T15:57:35Z,restated_at,2026-08-04,,who.gho.cm-02,raw/who.gho.cm-02/2026/09/20260907T155735Z-be5ff4c5352d.json.gz,2
who.gho.cm-02,CM_02:PRK:SEX_MLE:AGEGROUP_MONTHS0-11,1970-01-01,2026-09-07T15:57:35Z,value,15732.0,,who.gho.cm-02,raw/who.gho.cm-02/2026/09/20260907T155735Z-be5ff4c5352d.json.gz,2
who.gho.cm-02,CM_02:PRT:SEX_BTSX:AGEGROUP_MONTHS0-11,1970-01-01,2026-09-07T15:56:55Z,high,10533.0,,who.gho.cm-02,raw/who.gho.cm-02/2026/09/20260907T155655Z-a5ea76265971.json.gz,2
who.gho.cm-02,CM_02:PRT:SEX_BTSX:AGEGROUP_MONTHS0-11,1970-01-01,2026-09-07T15:56:55Z,low,10070.0,,who.gho.cm-02,raw/who.gho.cm-02/2026/09/20260907T155655Z-a5ea76265971.json.gz,2
who.gho.cm-02,CM_02:PRT:SEX_BTSX:AGEGROUP_MONTHS0-11,1970-01-01,2026-09-07T15:56:55Z,restated_at,2026-08-04,,who.gho.cm-02,raw/who.gho.cm-02/2026/09/20260907T155655Z-a5ea76265971.json.gz,2
who.gho.cm-02,CM_02:PRT:SEX_BTSX:AGEGROUP_MONTHS0-11,1970-01-01,2026-09-07T15:56:55Z,value,10289.0,,who.gho.cm-02,raw/who.gho.cm-02/2026/09/20260907T155655Z-a5ea76265971.json.gz,2
who.gho.cm-02,CM_02:PRT:SEX_FMLE:AGEGROUP_MONTHS0-11,1970-01-01,2026-09-07T15:57:26Z,high,4624.0,,who.gho.cm-02,raw/who.gho.cm-02/2026/09/20260907T155726Z-31d0241a6d30.json.gz,2
who.gho.cm-02,CM_02:PRT:SEX_FMLE:AGEGROUP_MONTHS0-11,1970-01-01,2026-09-07T15:57:26Z,low,4400.0,,who.gho.cm-02,raw/who.gho.cm-02/2026/09/20260907T155726Z-31d0241a6d30.json.gz,2
who.gho.cm-02,CM_02:PRT:SEX_FMLE:AGEGROUP_MONTHS0-11,1970-01-01,2026-09-07T15:57:26Z,restated_at,2026-08-04,,who.gho.cm-02,raw/who.gho.cm-02/2026/09/20260907T155726Z-31d0241a6d30.json.gz,2
who.gho.cm-02,CM_02:PRT:SEX_FMLE:AGEGROUP_MONTHS0-11,1970-01-01,2026-09-07T15:57:26Z,value,4503.0,,who.gho.cm-02,raw/who.gho.cm-02/2026/09/20260907T155726Z-31d0241a6d30.json.gz,2
who.gho.cm-02,CM_02:PRT:SEX_MLE:AGEGROUP_MONTHS0-11,1970-01-01,2026-09-07T15:51:54Z,high,5937.0,,who.gho.cm-02,raw/who.gho.cm-02/2026/09/20260907T155154Z-820134cf428b.json.gz,2
who.gho.cm-02,CM_02:PRT:SEX_MLE:AGEGROUP_MONTHS0-11,1970-01-01,2026-09-07T15:51:54Z,low,5656.0,,who.gho.cm-02,raw/who.gho.cm-02/2026/09/20260907T155154Z-820134cf428b.json.gz,2
who.gho.cm-02,CM_02:PRT:SEX_MLE:AGEGROUP_MONTHS0-11,1970-01-01,2026-09-07T15:51:54Z,restated_at,2026-08-04,,who.gho.cm-02,raw/who.gho.cm-02/2026/09/20260907T155154Z-820134cf428b.json.gz,2
who.gho.cm-02,CM_02:PRT:SEX_MLE:AGEGROUP_MONTHS0-11,1970-01-01,2026-09-07T15:51:54Z,value,5786.0,,who.gho.cm-02,raw/who.gho.cm-02/2026/09/20260907T155154Z-820134cf428b.json.gz,2
who.gho.cm-02,CM_02:PRY:SEX_BTSX:AGEGROUP_MONTHS0-11,1970-01-01,2026-09-07T15:52:37Z,high,5844.0,,who.gho.cm-02,raw/who.gho.cm-02/2026/09/20260907T155237Z-35c7d31783eb.json.gz,2
who.gho.cm-02,CM_02:PRY:SEX_BTSX:AGEGROUP_MONTHS0-11,1970-01-01,2026-09-07T15:52:37Z,low,4905.0,,who.gho.cm-02,raw/who.gho.cm-02/2026/09/20260907T155237Z-35c7d31783eb.json.gz,2
who.gho.cm-02,CM_02:PRY:SEX_BTSX:AGEGROUP_MONTHS0-11,1970-01-01,2026-09-07T15:52:37Z,restated_at,2026-08-04,,who.gho.cm-02,raw/who.gho.cm-02/2026/09/20260907T155237Z-35c7d31783eb.json.gz,2
who.gho.cm-02,CM_02:PRY:SEX_BTSX:AGEGROUP_MONTHS0-11,1970-01-01,2026-09-07T15:52:37Z,value,5350.0,,who.gho.cm-02,raw/who.gho.cm-02/2026/09/20260907T155237Z-35c7d31783eb.json.gz,2
who.gho.cm-02,CM_02:PRY:SEX_FMLE:AGEGROUP_MONTHS0-11,1970-01-01,2026-09-07T15:57:35Z,high,2669.0,,who.gho.cm-02,raw/who.gho.cm-02/2026/09/20260907T155735Z-be5ff4c5352d.json.gz,2
who.gho.cm-02,CM_02:PRY:SEX_FMLE:AGEGROUP_MONTHS0-11,1970-01-01,2026-09-07T15:57:35Z,low,2185.0,,who.gho.cm-02,raw/who.gho.cm-02/2026/09/20260907T155735Z-be5ff4c5352d.json.gz,2
who.gho.cm-02,CM_02:PRY:SEX_FMLE:AGEGROUP_MONTHS0-11,1970-01-01,2026-09-07T15:57:35Z,restated_at,2026-08-04,,who.gho.cm-02,raw/who.gho.cm-02/2026/09/20260907T155735Z-be5ff4c5352d.json.gz,2
who.gho.cm-02,CM_02:PRY:SEX_FMLE:AGEGROUP_MONTHS0-11,1970-01-01,2026-09-07T15:57:35Z,value,2411.0,,who.gho.cm-02,raw/who.gho.cm-02/2026/09/20260907T155735Z-be5ff4c5352d.json.gz,2
who.gho.cm-02,CM_02:PRY:SEX_MLE:AGEGROUP_MONTHS0-11,1970-01-01,2026-09-07T15:57:54Z,high,3230.0,,who.gho.cm-02,raw/who.gho.cm-02/2026/09/20260907T155754Z-3bea881db2b4.json.gz,2
who.gho.cm-02,CM_02:PRY:SEX_MLE:AGEGROUP_MONTHS0-11,1970-01-01,2026-09-07T15:57:54Z,low,2672.0,,who.gho.cm-02,raw/who.gho.cm-02/2026/09/20260907T155754Z-3bea881db2b4.json.gz,2
who.gho.cm-02,CM_02:PRY:SEX_MLE:AGEGROUP_MONTHS0-11,1970-01-01,2026-09-07T15:57:54Z,restated_at,2026-08-04,,who.gho.cm-02,raw/who.gho.cm-02/2026/09/20260907T155754Z-3bea881db2b4.json.gz,2
who.gho.cm-02,CM_02:PRY:SEX_MLE:AGEGROUP_MONTHS0-11,1970-01-01,2026-09-07T15:57:54Z,value,2939.0,,who.gho.cm-02,raw/who.gho.cm-02/2026/09/20260907T155754Z-3bea881db2b4.json.gz,2
who.gho.cm-02,CM_02:QAT:SEX_BTSX:AGEGROUP_MONTHS0-11,1970-01-01,2026-09-07T15:51:30Z,high,332.0,,who.gho.cm-02,raw/who.gho.cm-02/2026/09/20260907T155130Z-b74d44aee08e.json.gz,2
who.gho.cm-02,CM_02:QAT:SEX_BTSX:AGEGROUP_MONTHS0-11,1970-01-01,2026-09-07T15:51:30Z,low,200.0,,who.gho.cm-02,raw/who.gho.cm-02/2026/09/20260907T155130Z-b74d44aee08e.json.gz,2
who.gho.cm-02,CM_02:QAT:SEX_BTSX:AGEGROUP_MONTHS0-11,1970-01-01,2026-09-07T15:51:30Z,restated_at,2026-08-04,,who.gho.cm-02,raw/who.gho.cm-02/2026/09/20260907T155130Z-b74d44aee08e.json.gz,2
who.gho.cm-02,CM_02:QAT:SEX_BTSX:AGEGROUP_MONTHS0-11,1970-01-01,2026-09-07T15:51:30Z,value,259.0,,who.gho.cm-02,raw/who.gho.cm-02/2026/09/20260907T155130Z-b74d44aee08e.json.gz,2
who.gho.cm-02,CM_02:QAT:SEX_FMLE:AGEGROUP_MONTHS0-11,1970-01-01,2026-09-07T15:57:49Z,high,151.0,,who.gho.cm-02,raw/who.gho.cm-02/2026/09/20260907T155749Z-8808ed0c9a07.json.gz,2
who.gho.cm-02,CM_02:QAT:SEX_FMLE:AGEGROUP_MONTHS0-11,1970-01-01,2026-09-07T15:57:49Z,low,90.0,,who.gho.cm-02,raw/who.gho.cm-02/2026/09/20260907T155749Z-8808ed0c9a07.json.gz,2
who.gho.cm-02,CM_02:QAT:SEX_FMLE:AGEGROUP_MONTHS0-11,1970-01-01,2026-09-07T15:57:49Z,restated_at,2026-08-04,,who.gho.cm-02,raw/who.gho.cm-02/2026/09/20260907T155749Z-8808ed0c9a07.json.gz,2
who.gho.cm-02,CM_02:QAT:SEX_FMLE:AGEGROUP_MONTHS0-11,1970-01-01,2026-09-07T15:57:49Z,value,117.0,,who.gho.cm-02,raw/who.gho.cm-02/2026/09/20260907T155749Z-8808ed0c9a07.json.gz,2
who.gho.cm-02,CM_02:QAT:SEX_MLE:AGEGROUP_MONTHS0-11,1970-01-01,2026-09-07T15:57:12Z,high,183.0,,who.gho.cm-02,raw/who.gho.cm-02/2026/09/20260907T155712Z-98aa519eeacd.json.gz,2
who.gho.cm-02,CM_02:QAT:SEX_MLE:AGEGROUP_MONTHS0-11,1970-01-01,2026-09-07T15:57:12Z,low,110.0,,who.gho.cm-02,raw/who.gho.cm-02/2026/09/20260907T155712Z-98aa519eeacd.json.gz,2
who.gho.cm-02,CM_02:QAT:SEX_MLE:AGEGROUP_MONTHS0-11,1970-01-01,2026-09-07T15:57:12Z,restated_at,2026-08-04,,who.gho.cm-02,raw/who.gho.cm-02/2026/09/20260907T155712Z-98aa519eeacd.json.gz,2
who.gho.cm-02,CM_02:QAT:SEX_MLE:AGEGROUP_MONTHS0-11,1970-01-01,2026-09-07T15:57:12Z,value,142.0,,who.gho.cm-02,raw/who.gho.cm-02/2026/09/20260907T155712Z-98aa519eeacd.json.gz,2
who.gho.cm-02,CM_02:ROU:SEX_BTSX:AGEGROUP_MONTHS0-11,1970-01-01,2026-09-07T15:51:21Z,high,20664.0,,who.gho.cm-02,raw/who.gho.cm-02/2026/09/20260907T155121Z-1b14643329ca.json.gz,2
who.gho.cm-02,CM_02:ROU:SEX_BTSX:AGEGROUP_MONTHS0-11,1970-01-01,2026-09-07T15:51:21Z,low,19604.0,,who.gho.cm-02,raw/who.gho.cm-02/2026/09/20260907T155121Z-1b14643329ca.json.gz,2
who.gho.cm-02,CM_02:ROU:SEX_BTSX:AGEGROUP_MONTHS0-11,1970-01-01,2026-09-07T15:51:21Z,restated_at,2026-08-04,,who.gho.cm-02,raw/who.gho.cm-02/2026/09/20260907T155121Z-1b14643329ca.json.gz,2
who.gho.cm-02,CM_02:ROU:SEX_BTSX:AGEGROUP_MONTHS0-11,1970-01-01,2026-09-07T15:51:21Z,value,20140.0,,who.gho.cm-02,raw/who.gho.cm-02/2026/09/20260907T155121Z-1b14643329ca.json.gz,2
who.gho.cm-02,CM_02:ROU:SEX_FMLE:AGEGROUP_MONTHS0-11,1970-01-01,2026-09-07T15:58:04Z,high,9105.0,,who.gho.cm-02,raw/who.gho.cm-02/2026/09/20260907T155804Z-3e19927fa86a.json.gz,2
who.gho.cm-02,CM_02:ROU:SEX_FMLE:AGEGROUP_MONTHS0-11,1970-01-01,2026-09-07T15:58:04Z,low,8607.0,,who.gho.cm-02,raw/who.gho.cm-02/2026/09/20260907T155804Z-3e19927fa86a.json.gz,2
who.gho.cm-02,CM_02:ROU:SEX_FMLE:AGEGROUP_MONTHS0-11,1970-01-01,2026-09-07T15:58:04Z,restated_at,2026-08-04,,who.gho.cm-02,raw/who.gho.cm-02/2026/09/20260907T155804Z-3e19927fa86a.json.gz,2
who.gho.cm-02,CM_02:ROU:SEX_FMLE:AGEGROUP_MONTHS0-11,1970-01-01,2026-09-07T15:58:04Z,value,8857.0,,who.gho.cm-02,raw/who.gho.cm-02/2026/09/20260907T155804Z-3e19927fa86a.json.gz,2
who.gho.cm-02,CM_02:ROU:SEX_MLE:AGEGROUP_MONTHS0-11,1970-01-01,2026-09-07T15:57:17Z,high,11589.0,,who.gho.cm-02,raw/who.gho.cm-02/2026/09/20260907T155717Z-89bc69b90b61.json.gz,2
who.gho.cm-02,CM_02:ROU:SEX_MLE:AGEGROUP_MONTHS0-11,1970-01-01,2026-09-07T15:57:17Z,low,10976.0,,who.gho.cm-02,raw/who.gho.cm-02/2026/09/20260907T155717Z-89bc69b90b61.json.gz,2
who.gho.cm-02,CM_02:ROU:SEX_MLE:AGEGROUP_MONTHS0-11,1970-01-01,2026-09-07T15:57:17Z,restated_at,2026-08-04,,who.gho.cm-02,raw/who.gho.cm-02/2026/09/20260907T155717Z-89bc69b90b61.json.gz,2
who.gho.cm-02,CM_02:ROU:SEX_MLE:AGEGROUP_MONTHS0-11,1970-01-01,2026-09-07T15:57:17Z,value,11283.0,,who.gho.cm-02,raw/who.gho.cm-02/2026/09/20260907T155717Z-89bc69b90b61.json.gz,2
who.gho.cm-02,CM_02:RUS:SEX_BTSX:AGEGROUP_MONTHS0-11,1970-01-01,2026-09-07T15:57:21Z,high,45457.0,,who.gho.cm-02,raw/who.gho.cm-02/2026/09/20260907T155721Z-a2b5c178c29b.json.gz,2
who.gho.cm-02,CM_02:RUS:SEX_BTSX:AGEGROUP_MONTHS0-11,1970-01-01,2026-09-07T15:57:21Z,low,40545.0,,who.gho.cm-02,raw/who.gho.cm-02/2026/09/20260907T155721Z-a2b5c178c29b.json.gz,2
who.gho.cm-02,CM_02:RUS:SEX_BTSX:AGEGROUP_MONTHS0-11,1970-01-01,2026-09-07T15:57:21Z,restated_at,2026-08-04,,who.gho.cm-02,raw/who.gho.cm-02/2026/09/20260907T155721Z-a2b5c178c29b.json.gz,2
who.gho.cm-02,CM_02:RUS:SEX_BTSX:AGEGROUP_MONTHS0-11,1970-01-01,2026-09-07T15:57:21Z,value,43054.0,,who.gho.cm-02,raw/who.gho.cm-02/2026/09/20260907T155721Z-a2b5c178c29b.json.gz,2
who.gho.cm-02,CM_02:RUS:SEX_FMLE:AGEGROUP_MONTHS0-11,1970-01-01,2026-09-07T15:52:37Z,high,19336.0,,who.gho.cm-02,raw/who.gho.cm-02/2026/09/20260907T155237Z-35c7d31783eb.json.gz,2
who.gho.cm-02,CM_02:RUS:SEX_FMLE:AGEGROUP_MONTHS0-11,1970-01-01,2026-09-07T15:52:37Z,low,16794.0,,who.gho.cm-02,raw/who.gho.cm-02/2026/09/20260907T155237Z-35c7d31783eb.json.gz,2
who.gho.cm-02,CM_02:RUS:SEX_FMLE:AGEGROUP_MONTHS0-11,1970-01-01,2026-09-07T15:52:37Z,restated_at,2026-08-04,,who.gho.cm-02,raw/who.gho.cm-02/2026/09/20260907T155237Z-35c7d31783eb.json.gz,2
who.gho.cm-02,CM_02:RUS:SEX_FMLE:AGEGROUP_MONTHS0-11,1970-01-01,2026-09-07T15:52:37Z,value,18072.0,,who.gho.cm-02,raw/who.gho.cm-02/2026/09/20260907T155237Z-35c7d31783eb.json.gz,2
who.gho.cm-02,CM_02:RUS:SEX_MLE:AGEGROUP_MONTHS0-11,1970-01-01,2026-09-07T15:53:02Z,high,26548.0,,who.gho.cm-02,raw/who.gho.cm-02/2026/09/20260907T155302Z-206bb5f6993f.json.gz,2
who.gho.cm-02,CM_02:RUS:SEX_MLE:AGEGROUP_MONTHS0-11,1970-01-01,2026-09-07T15:53:02Z,low,23389.0,,who.gho.cm-02,raw/who.gho.cm-02/2026/09/20260907T155302Z-206bb5f6993f.json.gz,2
who.gho.cm-02,CM_02:RUS:SEX_MLE:AGEGROUP_MONTHS0-11,1970-01-01,2026-09-07T15:53:02Z,restated_at,2026-08-04,,who.gho.cm-02,raw/who.gho.cm-02/2026/09/20260907T155302Z-206bb5f6993f.json.gz,2
who.gho.cm-02,CM_02:RUS:SEX_MLE:AGEGROUP_MONTHS0-11,1970-01-01,2026-09-07T15:53:02Z,value,24982.0,,who.gho.cm-02,raw/who.gho.cm-02/2026/09/20260907T155302Z-206bb5f6993f.json.gz,2
who.gho.cm-02,CM_02:RWA:SEX_BTSX:AGEGROUP_MONTHS0-11,1970-01-01,2026-09-07T15:57:35Z,high,23475.0,,who.gho.cm-02,raw/who.gho.cm-02/2026/09/20260907T155735Z-be5ff4c5352d.json.gz,2
who.gho.cm-02,CM_02:RWA:SEX_BTSX:AGEGROUP_MONTHS0-11,1970-01-01,2026-09-07T15:57:35Z,low,19839.0,,who.gho.cm-02,raw/who.gho.cm-02/2026/09/20260907T155735Z-be5ff4c5352d.json.gz,2
who.gho.cm-02,CM_02:RWA:SEX_BTSX:AGEGROUP_MONTHS0-11,1970-01-01,2026-09-07T15:57:35Z,restated_at,2026-08-04,,who.gho.cm-02,raw/who.gho.cm-02/2026/09/20260907T155735Z-be5ff4c5352d.json.gz,2
who.gho.cm-02,CM_02:RWA:SEX_BTSX:AGEGROUP_MONTHS0-11,1970-01-01,2026-09-07T15:57:35Z,value,21531.0,,who.gho.cm-02,raw/who.gho.cm-02/2026/09/20260907T155735Z-be5ff4c5352d.json.gz,2
who.gho.cm-02,CM_02:RWA:SEX_FMLE:AGEGROUP_MONTHS0-11,1970-01-01,2026-09-07T15:57:21Z,high,10949.0,,who.gho.cm-02,raw/who.gho.cm-02/2026/09/20260907T155721Z-a2b5c178c29b.json.gz,2
who.gho.cm-02,CM_02:RWA:SEX_FMLE:AGEGROUP_MONTHS0-11,1970-01-01,2026-09-07T15:57:21Z,low,9119.0,,who.gho.cm-02,raw/who.gho.cm-02/2026/09/20260907T155721Z-a2b5c178c29b.json.gz,2
who.gho.cm-02,CM_02:RWA:SEX_FMLE:AGEGROUP_MONTHS0-11,1970-01-01,2026-09-07T15:57:21Z,restated_at,2026-08-04,,who.gho.cm-02,raw/who.gho.cm-02/2026/09/20260907T155721Z-a2b5c178c29b.json.gz,2
who.gho.cm-02,CM_02:RWA:SEX_FMLE:AGEGROUP_MONTHS0-11,1970-01-01,2026-09-07T15:57:21Z,value,9982.0,,who.gho.cm-02,raw/who.gho.cm-02/2026/09/20260907T155721Z-a2b5c178c29b.json.gz,2
who.gho.cm-02,CM_02:RWA:SEX_MLE:AGEGROUP_MONTHS0-11,1970-01-01,2026-09-07T15:57:21Z,high,12642.0,,who.gho.cm-02,raw/who.gho.cm-02/2026/09/20260907T155721Z-a2b5c178c29b.json.gz,2
who.gho.cm-02,CM_02:RWA:SEX_MLE:AGEGROUP_MONTHS0-11,1970-01-01,2026-09-07T15:57:21Z,low,10565.0,,who.gho.cm-02,raw/who.gho.cm-02/2026/09/20260907T155721Z-a2b5c178c29b.json.gz,2
who.gho.cm-02,CM_02:RWA:SEX_MLE:AGEGROUP_MONTHS0-11,1970-01-01,2026-09-07T15:57:21Z,restated_at,2026-08-04,,who.gho.cm-02,raw/who.gho.cm-02/2026/09/20260907T155721Z-a2b5c178c29b.json.gz,2
who.gho.cm-02,CM_02:RWA:SEX_MLE:AGEGROUP_MONTHS0-11,1970-01-01,2026-09-07T15:57:21Z,value,11549.0,,who.gho.cm-02,raw/who.gho.cm-02/2026/09/20260907T155721Z-a2b5c178c29b.json.gz,2
who.gho.cm-02,CM_02:SDN:SEX_BTSX:AGEGROUP_MONTHS0-11,1970-01-01,2026-09-07T15:51:30Z,high,54274.0,,who.gho.cm-02,raw/who.gho.cm-02/2026/09/20260907T155130Z-b74d44aee08e.json.gz,2
who.gho.cm-02,CM_02:SDN:SEX_BTSX:AGEGROUP_MONTHS0-11,1970-01-01,2026-09-07T15:51:30Z,low,46558.0,,who.gho.cm-02,raw/who.gho.cm-02/2026/09/20260907T155130Z-b74d44aee08e.json.gz,2
who.gho.cm-02,CM_02:SDN:SEX_BTSX:AGEGROUP_MONTHS0-11,1970-01-01,2026-09-07T15:51:30Z,restated_at,2026-08-04,,who.gho.cm-02,raw/who.gho.cm-02/2026/09/20260907T155130Z-b74d44aee08e.json.gz,2
who.gho.cm-02,CM_02:SDN:SEX_BTSX:AGEGROUP_MONTHS0-11,1970-01-01,2026-09-07T15:51:30Z,value,50315.0,,who.gho.cm-02,raw/who.gho.cm-02/2026/09/20260907T155130Z-b74d44aee08e.json.gz,2
who.gho.cm-02,CM_02:SDN:SEX_FMLE:AGEGROUP_MONTHS0-11,1970-01-01,2026-09-07T15:50:57Z,high,24495.0,,who.gho.cm-02,raw/who.gho.cm-02/2026/09/20260907T155057Z-e03fd9f60113.json.gz,2
who.gho.cm-02,CM_02:SDN:SEX_FMLE:AGEGROUP_MONTHS0-11,1970-01-01,2026-09-07T15:50:57Z,low,20678.0,,who.gho.cm-02,raw/who.gho.cm-02/2026/09/20260907T155057Z-e03fd9f60113.json.gz,2
who.gho.cm-02,CM_02:SDN:SEX_FMLE:AGEGROUP_MONTHS0-11,1970-01-01,2026-09-07T15:50:57Z,restated_at,2026-08-04,,who.gho.cm-02,raw/who.gho.cm-02/2026/09/20260907T155057Z-e03fd9f60113.json.gz,2
who.gho.cm-02,CM_02:SDN:SEX_FMLE:AGEGROUP_MONTHS0-11,1970-01-01,2026-09-07T15:50:57Z,value,22567.0,,who.gho.cm-02,raw/who.gho.cm-02/2026/09/20260907T155057Z-e03fd9f60113.json.gz,2
who.gho.cm-02,CM_02:SDN:SEX_MLE:AGEGROUP_MONTHS0-11,1970-01-01,2026-09-07T15:52:10Z,high,30091.0,,who.gho.cm-02,raw/who.gho.cm-02/2026/09/20260907T155210Z-c2e07328660e.json.gz,2
who.gho.cm-02,CM_02:SDN:SEX_MLE:AGEGROUP_MONTHS0-11,1970-01-01,2026-09-07T15:52:10Z,low,25523.0,,who.gho.cm-02,raw/who.gho.cm-02/2026/09/20260907T155210Z-c2e07328660e.json.gz,2
who.gho.cm-02,CM_02:SDN:SEX_MLE:AGEGROUP_MONTHS0-11,1970-01-01,2026-09-07T15:52:10Z,restated_at,2026-08-04,,who.gho.cm-02,raw/who.gho.cm-02/2026/09/20260907T155210Z-c2e07328660e.json.gz,2
who.gho.cm-02,CM_02:SDN:SEX_MLE:AGEGROUP_MONTHS0-11,1970-01-01,2026-09-07T15:52:10Z,value,27748.0,,who.gho.cm-02,raw/who.gho.cm-02/2026/09/20260907T155210Z-c2e07328660e.json.gz,2
who.gho.cm-02,CM_02:SEN:SEX_BTSX:AGEGROUP_MONTHS0-11,1970-01-01,2026-09-07T15:51:30Z,high,27989.0,,who.gho.cm-02,raw/who.gho.cm-02/2026/09/20260907T155130Z-b74d44aee08e.json.gz,2
who.gho.cm-02,CM_02:SEN:SEX_BTSX:AGEGROUP_MONTHS0-11,1970-01-01,2026-09-07T15:51:30Z,low,24677.0,,who.gho.cm-02,raw/who.gho.cm-02/2026/09/20260907T155130Z-b74d44aee08e.json.gz,2
who.gho.cm-02,CM_02:SEN:SEX_BTSX:AGEGROUP_MONTHS0-11,1970-01-01,2026-09-07T15:51:30Z,restated_at,2026-08-04,,who.gho.cm-02,raw/who.gho.cm-02/2026/09/20260907T155130Z-b74d44aee08e.json.gz,2
who.gho.cm-02,CM_02:SEN:SEX_BTSX:AGEGROUP_MONTHS0-11,1970-01-01,2026-09-07T15:51:30Z,value,26294.0,,who.gho.cm-02,raw/who.gho.cm-02/2026/09/20260907T155130Z-b74d44aee08e.json.gz,2
who.gho.cm-02,CM_02:SEN:SEX_FMLE:AGEGROUP_MONTHS0-11,1970-01-01,2026-09-07T15:57:40Z,high,12924.0,,who.gho.cm-02,raw/who.gho.cm-02/2026/09/20260907T155740Z-31068700a25d.json.gz,2
who.gho.cm-02,CM_02:SEN:SEX_FMLE:AGEGROUP_MONTHS0-11,1970-01-01,2026-09-07T15:57:40Z,low,11247.0,,who.gho.cm-02,raw/who.gho.cm-02/2026/09/20260907T155740Z-31068700a25d.json.gz,2
who.gho.cm-02,CM_02:SEN:SEX_FMLE:AGEGROUP_MONTHS0-11,1970-01-01,2026-09-07T15:57:40Z,restated_at,2026-08-04,,who.gho.cm-02,raw/who.gho.cm-02/2026/09/20260907T155740Z-31068700a25d.json.gz,2
who.gho.cm-02,CM_02:SEN:SEX_FMLE:AGEGROUP_MONTHS0-11,1970-01-01,2026-09-07T15:57:40Z,value,12075.0,,who.gho.cm-02,raw/who.gho.cm-02/2026/09/20260907T155740Z-31068700a25d.json.gz,2
who.gho.cm-02,CM_02:SEN:SEX_MLE:AGEGROUP_MONTHS0-11,1970-01-01,2026-09-07T15:51:30Z,high,15205.0,,who.gho.cm-02,raw/who.gho.cm-02/2026/09/20260907T155130Z-b74d44aee08e.json.gz,2
who.gho.cm-02,CM_02:SEN:SEX_MLE:AGEGROUP_MONTHS0-11,1970-01-01,2026-09-07T15:51:30Z,low,13274.0,,who.gho.cm-02,raw/who.gho.cm-02/2026/09/20260907T155130Z-b74d44aee08e.json.gz,2
who.gho.cm-02,CM_02:SEN:SEX_MLE:AGEGROUP_MONTHS0-11,1970-01-01,2026-09-07T15:51:30Z,restated_at,2026-08-04,,who.gho.cm-02,raw/who.gho.cm-02/2026/09/20260907T155130Z-b74d44aee08e.json.gz,2
who.gho.cm-02,CM_02:SEN:SEX_MLE:AGEGROUP_MONTHS0-11,1970-01-01,2026-09-07T15:51:30Z,value,14219.0,,who.gho.cm-02,raw/who.gho.cm-02/2026/09/20260907T155130Z-b74d44aee08e.json.gz,2
who.gho.cm-02,CM_02:SGP:SEX_BTSX:AGEGROUP_MONTHS0-11,1970-01-01,2026-09-07T15:52:37Z,high,1000.0,,who.gho.cm-02,raw/who.gho.cm-02/2026/09/20260907T155237Z-35c7d31783eb.json.gz,2
who.gho.cm-02,CM_02:SGP:SEX_BTSX:AGEGROUP_MONTHS0-11,1970-01-01,2026-09-07T15:52:37Z,low,951.0,,who.gho.cm-02,raw/who.gho.cm-02/2026/09/20260907T155237Z-35c7d31783eb.json.gz,2
who.gho.cm-02,CM_02:SGP:SEX_BTSX:AGEGROUP_MONTHS0-11,1970-01-01,2026-09-07T15:52:37Z,restated_at,2026-08-04,,who.gho.cm-02,raw/who.gho.cm-02/2026/09/20260907T155237Z-35c7d31783eb.json.gz,2
who.gho.cm-02,CM_02:SGP:SEX_BTSX:AGEGROUP_MONTHS0-11,1970-01-01,2026-09-07T15:52:37Z,value,975.0,,who.gho.cm-02,raw/who.gho.cm-02/2026/09/20260907T155237Z-35c7d31783eb.json.gz,2
who.gho.cm-02,CM_02:SGP:SEX_FMLE:AGEGROUP_MONTHS0-11,1970-01-01,2026-09-07T15:52:18Z,high,426.0,,who.gho.cm-02,raw/who.gho.cm-02/2026/09/20260907T155218Z-7dbb6db1a58a.json.gz,2
who.gho.cm-02,CM_02:SGP:SEX_FMLE:AGEGROUP_MONTHS0-11,1970-01-01,2026-09-07T15:52:18Z,low,399.0,,who.gho.cm-02,raw/who.gho.cm-02/2026/09/20260907T155218Z-7dbb6db1a58a.json.gz,2
who.gho.cm-02,CM_02:SGP:SEX_FMLE:AGEGROUP_MONTHS0-11,1970-01-01,2026-09-07T15:52:18Z,restated_at,2025-04-15,,who.gho.cm-02,raw/who.gho.cm-02/2026/09/20260907T155218Z-7dbb6db1a58a.json.gz,2
who.gho.cm-02,CM_02:SGP:SEX_FMLE:AGEGROUP_MONTHS0-11,1970-01-01,2026-09-07T15:52:18Z,value,412.0,,who.gho.cm-02,raw/who.gho.cm-02/2026/09/20260907T155218Z-7dbb6db1a58a.json.gz,2
who.gho.cm-02,CM_02:SGP:SEX_MLE:AGEGROUP_MONTHS0-11,1970-01-01,2026-09-07T15:52:26Z,high,581.0,,who.gho.cm-02,raw/who.gho.cm-02/2026/09/20260907T155226Z-b536cc4a2b4c.json.gz,2
who.gho.cm-02,CM_02:SGP:SEX_MLE:AGEGROUP_MONTHS0-11,1970-01-01,2026-09-07T15:52:26Z,low,547.0,,who.gho.cm-02,raw/who.gho.cm-02/2026/09/20260907T155226Z-b536cc4a2b4c.json.gz,2
who.gho.cm-02,CM_02:SGP:SEX_MLE:AGEGROUP_MONTHS0-11,1970-01-01,2026-09-07T15:52:26Z,restated_at,2026-08-04,,who.gho.cm-02,raw/who.gho.cm-02/2026/09/20260907T155226Z-b536cc4a2b4c.json.gz,2
who.gho.cm-02,CM_02:SGP:SEX_MLE:AGEGROUP_MONTHS0-11,1970-01-01,2026-09-07T15:52:26Z,value,563.0,,who.gho.cm-02,raw/who.gho.cm-02/2026/09/20260907T155226Z-b536cc4a2b4c.json.gz,2
who.gho.cm-02,CM_02:SLB:SEX_BTSX:AGEGROUP_MONTHS0-11,1970-01-01,2026-09-07T15:58:07Z,high,641.0,,who.gho.cm-02,raw/who.gho.cm-02/2026/09/20260907T155807Z-33d1eb328c3d.json.gz,2
who.gho.cm-02,CM_02:SLB:SEX_BTSX:AGEGROUP_MONTHS0-11,1970-01-01,2026-09-07T15:58:07Z,low,480.0,,who.gho.cm-02,raw/who.gho.cm-02/2026/09/20260907T155807Z-33d1eb328c3d.json.gz,2
who.gho.cm-02,CM_02:SLB:SEX_BTSX:AGEGROUP_MONTHS0-11,1970-01-01,2026-09-07T15:58:07Z,restated_at,2026-08-04,,who.gho.cm-02,raw/who.gho.cm-02/2026/09/20260907T155807Z-33d1eb328c3d.json.gz,2
who.gho.cm-02,CM_02:SLB:SEX_BTSX:AGEGROUP_MONTHS0-11,1970-01-01,2026-09-07T15:58:07Z,value,554.0,,who.gho.cm-02,raw/who.gho.cm-02/2026/09/20260907T155807Z-33d1eb328c3d.json.gz,2
who.gho.cm-02,CM_02:SLB:SEX_FMLE:AGEGROUP_MONTHS0-11,1970-01-01,2026-09-07T15:56:37Z,high,290.0,,who.gho.cm-02,raw/who.gho.cm-02/2026/09/20260907T155637Z-c7bda929b138.json.gz,2
who.gho.cm-02,CM_02:SLB:SEX_FMLE:AGEGROUP_MONTHS0-11,1970-01-01,2026-09-07T15:56:37Z,low,212.0,,who.gho.cm-02,raw/who.gho.cm-02/2026/09/20260907T155637Z-c7bda929b138.json.gz,2
who.gho.cm-02,CM_02:SLB:SEX_FMLE:AGEGROUP_MONTHS0-11,1970-01-01,2026-09-07T15:56:37Z,restated_at,2026-08-04,,who.gho.cm-02,raw/who.gho.cm-02/2026/09/20260907T155637Z-c7bda929b138.json.gz,2
who.gho.cm-02,CM_02:SLB:SEX_FMLE:AGEGROUP_MONTHS0-11,1970-01-01,2026-09-07T15:56:37Z,value,248.0,,who.gho.cm-02,raw/who.gho.cm-02/2026/09/20260907T155637Z-c7bda929b138.json.gz,2
who.gho.cm-02,CM_02:SLB:SEX_MLE:AGEGROUP_MONTHS0-11,1970-01-01,2026-09-07T15:57:07Z,high,356.0,,who.gho.cm-02,raw/who.gho.cm-02/2026/09/20260907T155707Z-3cd3e5b56c9f.json.gz,2
who.gho.cm-02,CM_02:SLB:SEX_MLE:AGEGROUP_MONTHS0-11,1970-01-01,2026-09-07T15:57:07Z,low,263.0,,who.gho.cm-02,raw/who.gho.cm-02/2026/09/20260907T155707Z-3cd3e5b56c9f.json.gz,2
who.gho.cm-02,CM_02:SLB:SEX_MLE:AGEGROUP_MONTHS0-11,1970-01-01,2026-09-07T15:57:07Z,restated_at,2026-08-04,,who.gho.cm-02,raw/who.gho.cm-02/2026/09/20260907T155707Z-3cd3e5b56c9f.json.gz,2
who.gho.cm-02,CM_02:SLB:SEX_MLE:AGEGROUP_MONTHS0-11,1970-01-01,2026-09-07T15:57:07Z,value,306.0,,who.gho.cm-02,raw/who.gho.cm-02/2026/09/20260907T155707Z-3cd3e5b56c9f.json.gz,2
who.gho.cm-02,CM_02:SLE:SEX_BTSX:AGEGROUP_MONTHS0-11,1970-01-01,2026-09-07T15:52:03Z,high,20796.0,,who.gho.cm-02,raw/who.gho.cm-02/2026/09/20260907T155203Z-07dabadb5738.json.gz,2
who.gho.cm-02,CM_02:SLE:SEX_BTSX:AGEGROUP_MONTHS0-11,1970-01-01,2026-09-07T15:52:03Z,low,17216.0,,who.gho.cm-02,raw/who.gho.cm-02/2026/09/20260907T155203Z-07dabadb5738.json.gz,2
who.gho.cm-02,CM_02:SLE:SEX_BTSX:AGEGROUP_MONTHS0-11,1970-01-01,2026-09-07T15:52:03Z,restated_at,2026-08-04,,who.gho.cm-02,raw/who.gho.cm-02/2026/09/20260907T155203Z-07dabadb5738.json.gz,2
who.gho.cm-02,CM_02:SLE:SEX_BTSX:AGEGROUP_MONTHS0-11,1970-01-01,2026-09-07T15:52:03Z,value,18939.0,,who.gho.cm-02,raw/who.gho.cm-02/2026/09/20260907T155203Z-07dabadb5738.json.gz,2
who.gho.cm-02,CM_02:SLE:SEX_FMLE:AGEGROUP_MONTHS0-11,1970-01-01,2026-09-07T15:58:12Z,high,9593.0,,who.gho.cm-02,raw/who.gho.cm-02/2026/09/20260907T155812Z-02a2023435be.json.gz,2
who.gho.cm-02,CM_02:SLE:SEX_FMLE:AGEGROUP_MONTHS0-11,1970-01-01,2026-09-07T15:58:12Z,low,7756.0,,who.gho.cm-02,raw/who.gho.cm-02/2026/09/20260907T155812Z-02a2023435be.json.gz,2
who.gho.cm-02,CM_02:SLE:SEX_FMLE:AGEGROUP_MONTHS0-11,1970-01-01,2026-09-07T15:58:12Z,restated_at,2026-08-04,,who.gho.cm-02,raw/who.gho.cm-02/2026/09/20260907T155812Z-02a2023435be.json.gz,2
who.gho.cm-02,CM_02:SLE:SEX_FMLE:AGEGROUP_MONTHS0-11,1970-01-01,2026-09-07T15:58:12Z,value,8654.0,,who.gho.cm-02,raw/who.gho.cm-02/2026/09/20260907T155812Z-02a2023435be.json.gz,2
who.gho.cm-02,CM_02:SLE:SEX_MLE:AGEGROUP_MONTHS0-11,1970-01-01,2026-09-07T15:51:44Z,high,11392.0,,who.gho.cm-02,raw/who.gho.cm-02/2026/09/20260907T155144Z-505d97ce9093.json.gz,2
who.gho.cm-02,CM_02:SLE:SEX_MLE:AGEGROUP_MONTHS0-11,1970-01-01,2026-09-07T15:51:44Z,low,9259.0,,who.gho.cm-02,raw/who.gho.cm-02/2026/09/20260907T155144Z-505d97ce9093.json.gz,2
who.gho.cm-02,CM_02:SLE:SEX_MLE:AGEGROUP_MONTHS0-11,1970-01-01,2026-09-07T15:51:44Z,restated_at,2026-08-04,,who.gho.cm-02,raw/who.gho.cm-02/2026/09/20260907T155144Z-505d97ce9093.json.gz,2
who.gho.cm-02,CM_02:SLE:SEX_MLE:AGEGROUP_MONTHS0-11,1970-01-01,2026-09-07T15:51:44Z,value,10285.0,,who.gho.cm-02,raw/who.gho.cm-02/2026/09/20260907T155144Z-505d97ce9093.json.gz,2
who.gho.cm-02,CM_02:SLV:SEX_BTSX:AGEGROUP_MONTHS0-11,1970-01-01,2026-09-07T15:52:10Z,high,20273.0,,who.gho.cm-02,raw/who.gho.cm-02/2026/09/20260907T155210Z-c2e07328660e.json.gz,2
who.gho.cm-02,CM_02:SLV:SEX_BTSX:AGEGROUP_MONTHS0-11,1970-01-01,2026-09-07T15:52:10Z,low,15592.0,,who.gho.cm-02,raw/who.gho.cm-02/2026/09/20260907T155210Z-c2e07328660e.json.gz,2
who.gho.cm-02,CM_02:SLV:SEX_BTSX:AGEGROUP_MONTHS0-11,1970-01-01,2026-09-07T15:52:10Z,restated_at,2026-08-04,,who.gho.cm-02,raw/who.gho.cm-02/2026/09/20260907T155210Z-c2e07328660e.json.gz,2
who.gho.cm-02,CM_02:SLV:SEX_BTSX:AGEGROUP_MONTHS0-11,1970-01-01,2026-09-07T15:52:10Z,value,17663.0,,who.gho.cm-02,raw/who.gho.cm-02/2026/09/20260907T155210Z-c2e07328660e.json.gz,2
who.gho.cm-02,CM_02:SLV:SEX_FMLE:AGEGROUP_MONTHS0-11,1970-01-01,2026-09-07T15:52:18Z,high,9193.0,,who.gho.cm-02,raw/who.gho.cm-02/2026/09/20260907T155218Z-7dbb6db1a58a.json.gz,2
who.gho.cm-02,CM_02:SLV:SEX_FMLE:AGEGROUP_MONTHS0-11,1970-01-01,2026-09-07T15:52:18Z,low,6947.0,,who.gho.cm-02,raw/who.gho.cm-02/2026/09/20260907T155218Z-7dbb6db1a58a.json.gz,2
who.gho.cm-02,CM_02:SLV:SEX_FMLE:AGEGROUP_MONTHS0-11,1970-01-01,2026-09-07T15:52:18Z,restated_at,2026-08-04,,who.gho.cm-02,raw/who.gho.cm-02/2026/09/20260907T155218Z-7dbb6db1a58a.json.gz,2
who.gho.cm-02,CM_02:SLV:SEX_FMLE:AGEGROUP_MONTHS0-11,1970-01-01,2026-09-07T15:52:18Z,value,7961.0,,who.gho.cm-02,raw/who.gho.cm-02/2026/09/20260907T155218Z-7dbb6db1a58a.json.gz,2
who.gho.cm-02,CM_02:SLV:SEX_MLE:AGEGROUP_MONTHS0-11,1970-01-01,2026-09-07T15:51:11Z,high,11186.0,,who.gho.cm-02,raw/who.gho.cm-02/2026/09/20260907T155111Z-17577dbcf352.json.gz,2
who.gho.cm-02,CM_02:SLV:SEX_MLE:AGEGROUP_MONTHS0-11,1970-01-01,2026-09-07T15:51:11Z,low,8510.0,,who.gho.cm-02,raw/who.gho.cm-02/2026/09/20260907T155111Z-17577dbcf352.json.gz,2
who.gho.cm-02,CM_02:SLV:SEX_MLE:AGEGROUP_MONTHS0-11,1970-01-01,2026-09-07T15:51:11Z,restated_at,2026-08-04,,who.gho.cm-02,raw/who.gho.cm-02/2026/09/20260907T155111Z-17577dbcf352.json.gz,2
who.gho.cm-02,CM_02:SLV:SEX_MLE:AGEGROUP_MONTHS0-11,1970-01-01,2026-09-07T15:51:11Z,value,9702.0,,who.gho.cm-02,raw/who.gho.cm-02/2026/09/20260907T155111Z-17577dbcf352.json.gz,2
who.gho.cm-02,CM_02:SSD:SEX_BTSX:AGEGROUP_MONTHS0-11,1970-01-01,2026-09-07T15:58:16Z,high,51902.0,,who.gho.cm-02,raw/who.gho.cm-02/2026/09/20260907T155816Z-99a1a16a015f.json.gz,2
who.gho.cm-02,CM_02:SSD:SEX_BTSX:AGEGROUP_MONTHS0-11,1970-01-01,2026-09-07T15:58:16Z,low,26389.0,,who.gho.cm-02,raw/who.gho.cm-02/2026/09/20260907T155816Z-99a1a16a015f.json.gz,2
who.gho.cm-02,CM_02:SSD:SEX_BTSX:AGEGROUP_MONTHS0-11,1970-01-01,2026-09-07T15:58:16Z,restated_at,2026-08-04,,who.gho.cm-02,raw/who.gho.cm-02/2026/09/20260907T155816Z-99a1a16a015f.json.gz,2
who.gho.cm-02,CM_02:SSD:SEX_BTSX:AGEGROUP_MONTHS0-11,1970-01-01,2026-09-07T15:58:16Z,value,37060.0,,who.gho.cm-02,raw/who.gho.cm-02/2026/09/20260907T155816Z-99a1a16a015f.json.gz,2
who.gho.cm-02,CM_02:SSD:SEX_FMLE:AGEGROUP_MONTHS0-11,1970-01-01,2026-09-07T15:56:48Z,high,24357.0,,who.gho.cm-02,raw/who.gho.cm-02/2026/09/20260907T155648Z-e962102586d9.json.gz,2
who.gho.cm-02,CM_02:SSD:SEX_FMLE:AGEGROUP_MONTHS0-11,1970-01-01,2026-09-07T15:56:48Z,low,12279.0,,who.gho.cm-02,raw/who.gho.cm-02/2026/09/20260907T155648Z-e962102586d9.json.gz,2
who.gho.cm-02,CM_02:SSD:SEX_FMLE:AGEGROUP_MONTHS0-11,1970-01-01,2026-09-07T15:56:48Z,restated_at,2026-08-04,,who.gho.cm-02,raw/who.gho.cm-02/2026/09/20260907T155648Z-e962102586d9.json.gz,2
who.gho.cm-02,CM_02:SSD:SEX_FMLE:AGEGROUP_MONTHS0-11,1970-01-01,2026-09-07T15:56:48Z,value,17349.0,,who.gho.cm-02,raw/who.gho.cm-02/2026/09/20260907T155648Z-e962102586d9.json.gz,2
who.gho.cm-02,CM_02:SSD:SEX_MLE:AGEGROUP_MONTHS0-11,1970-01-01,2026-09-07T15:56:27Z,high,27772.0,,who.gho.cm-02,raw/who.gho.cm-02/2026/09/20260907T155627Z-19eb4e6c1215.json.gz,2
who.gho.cm-02,CM_02:SSD:SEX_MLE:AGEGROUP_MONTHS0-11,1970-01-01,2026-09-07T15:56:27Z,low,14017.0,,who.gho.cm-02,raw/who.gho.cm-02/2026/09/20260907T155627Z-19eb4e6c1215.json.gz,2
who.gho.cm-02,CM_02:SSD:SEX_MLE:AGEGROUP_MONTHS0-11,1970-01-01,2026-09-07T15:56:27Z,restated_at,2026-08-04,,who.gho.cm-02,raw/who.gho.cm-02/2026/09/20260907T155627Z-19eb4e6c1215.json.gz,2
who.gho.cm-02,CM_02:SSD:SEX_MLE:AGEGROUP_MONTHS0-11,1970-01-01,2026-09-07T15:56:27Z,value,19711.0,,who.gho.cm-02,raw/who.gho.cm-02/2026/09/20260907T155627Z-19eb4e6c1215.json.gz,2
who.gho.cm-02,CM_02:STP:SEX_BTSX:AGEGROUP_MONTHS0-11,1970-01-01,2026-09-07T15:57:26Z,high,187.0,,who.gho.cm-02,raw/who.gho.cm-02/2026/09/20260907T155726Z-31d0241a6d30.json.gz,2
who.gho.cm-02,CM_02:STP:SEX_BTSX:AGEGROUP_MONTHS0-11,1970-01-01,2026-09-07T15:57:26Z,low,118.0,,who.gho.cm-02,raw/who.gho.cm-02/2026/09/20260907T155726Z-31d0241a6d30.json.gz,2
who.gho.cm-02,CM_02:STP:SEX_BTSX:AGEGROUP_MONTHS0-11,1970-01-01,2026-09-07T15:57:26Z,restated_at,2026-08-04,,who.gho.cm-02,raw/who.gho.cm-02/2026/09/20260907T155726Z-31d0241a6d30.json.gz,2
who.gho.cm-02,CM_02:STP:SEX_BTSX:AGEGROUP_MONTHS0-11,1970-01-01,2026-09-07T15:57:26Z,value,148.0,,who.gho.cm-02,raw/who.gho.cm-02/2026/09/20260907T155726Z-31d0241a6d30.json.gz,2
who.gho.cm-02,CM_02:STP:SEX_FMLE:AGEGROUP_MONTHS0-11,1970-01-01,2026-09-07T15:57:40Z,high,83.0,,who.gho.cm-02,raw/who.gho.cm-02/2026/09/20260907T155740Z-31068700a25d.json.gz,2
who.gho.cm-02,CM_02:STP:SEX_FMLE:AGEGROUP_MONTHS0-11,1970-01-01,2026-09-07T15:57:40Z,low,52.0,,who.gho.cm-02,raw/who.gho.cm-02/2026/09/20260907T155740Z-31068700a25d.json.gz,2
who.gho.cm-02,CM_02:STP:SEX_FMLE:AGEGROUP_MONTHS0-11,1970-01-01,2026-09-07T15:57:40Z,restated_at,2026-08-04,,who.gho.cm-02,raw/who.gho.cm-02/2026/09/20260907T155740Z-31068700a25d.json.gz,2
who.gho.cm-02,CM_02:STP:SEX_FMLE:AGEGROUP_MONTHS0-11,1970-01-01,2026-09-07T15:57:40Z,value,66.0,,who.gho.cm-02,raw/who.gho.cm-02/2026/09/20260907T155740Z-31068700a25d.json.gz,2
who.gho.cm-02,CM_02:STP:SEX_MLE:AGEGROUP_MONTHS0-11,1970-01-01,2026-09-07T15:58:12Z,high,105.0,,who.gho.cm-02,raw/who.gho.cm-02/2026/09/20260907T155812Z-02a2023435be.json.gz,2
who.gho.cm-02,CM_02:STP:SEX_MLE:AGEGROUP_MONTHS0-11,1970-01-01,2026-09-07T15:58:12Z,low,66.0,,who.gho.cm-02,raw/who.gho.cm-02/2026/09/20260907T155812Z-02a2023435be.json.gz,2
who.gho.cm-02,CM_02:STP:SEX_MLE:AGEGROUP_MONTHS0-11,1970-01-01,2026-09-07T15:58:12Z,restated_at,2026-08-04,,who.gho.cm-02,raw/who.gho.cm-02/2026/09/20260907T155812Z-02a2023435be.json.gz,2
who.gho.cm-02,CM_02:STP:SEX_MLE:AGEGROUP_MONTHS0-11,1970-01-01,2026-09-07T15:58:12Z,value,82.0,,who.gho.cm-02,raw/who.gho.cm-02/2026/09/20260907T155812Z-02a2023435be.json.gz,2
who.gho.cm-02,CM_02:SVK:SEX_BTSX:AGEGROUP_MONTHS0-11,1970-01-01,2026-09-07T15:56:55Z,high,2133.0,,who.gho.cm-02,raw/who.gho.cm-02/2026/09/20260907T155655Z-a5ea76265971.json.gz,2
who.gho.cm-02,CM_02:SVK:SEX_BTSX:AGEGROUP_MONTHS0-11,1970-01-01,2026-09-07T15:56:55Z,low,1895.0,,who.gho.cm-02,raw/who.gho.cm-02/2026/09/20260907T155655Z-a5ea76265971.json.gz,2
who.gho.cm-02,CM_02:SVK:SEX_BTSX:AGEGROUP_MONTHS0-11,1970-01-01,2026-09-07T15:56:55Z,restated_at,2026-08-04,,who.gho.cm-02,raw/who.gho.cm-02/2026/09/20260907T155655Z-a5ea76265971.json.gz,2
who.gho.cm-02,CM_02:SVK:SEX_BTSX:AGEGROUP_MONTHS0-11,1970-01-01,2026-09-07T15:56:55Z,value,2010.0,,who.gho.cm-02,raw/who.gho.cm-02/2026/09/20260907T155655Z-a5ea76265971.json.gz,2
who.gho.cm-02,CM_02:SVK:SEX_FMLE:AGEGROUP_MONTHS0-11,1970-01-01,2026-09-07T15:57:49Z,high,915.0,,who.gho.cm-02,raw/who.gho.cm-02/2026/09/20260907T155749Z-8808ed0c9a07.json.gz,2
who.gho.cm-02,CM_02:SVK:SEX_FMLE:AGEGROUP_MONTHS0-11,1970-01-01,2026-09-07T15:57:49Z,low,789.0,,who.gho.cm-02,raw/who.gho.cm-02/2026/09/20260907T155749Z-8808ed0c9a07.json.gz,2
who.gho.cm-02,CM_02:SVK:SEX_FMLE:AGEGROUP_MONTHS0-11,1970-01-01,2026-09-07T15:57:49Z,restated_at,2026-08-04,,who.gho.cm-02,raw/who.gho.cm-02/2026/09/20260907T155749Z-8808ed0c9a07.json.gz,2
who.gho.cm-02,CM_02:SVK:SEX_FMLE:AGEGROUP_MONTHS0-11,1970-01-01,2026-09-07T15:57:49Z,value,849.0,,who.gho.cm-02,raw/who.gho.cm-02/2026/09/20260907T155749Z-8808ed0c9a07.json.gz,2
who.gho.cm-02,CM_02:SVK:SEX_MLE:AGEGROUP_MONTHS0-11,1970-01-01,2026-09-07T15:58:12Z,high,1242.0,,who.gho.cm-02,raw/who.gho.cm-02/2026/09/20260907T155812Z-02a2023435be.json.gz,2
who.gho.cm-02,CM_02:SVK:SEX_MLE:AGEGROUP_MONTHS0-11,1970-01-01,2026-09-07T15:58:12Z,low,1084.0,,who.gho.cm-02,raw/who.gho.cm-02/2026/09/20260907T155812Z-02a2023435be.json.gz,2
who.gho.cm-02,CM_02:SVK:SEX_MLE:AGEGROUP_MONTHS0-11,1970-01-01,2026-09-07T15:58:12Z,restated_at,2026-08-04,,who.gho.cm-02,raw/who.gho.cm-02/2026/09/20260907T155812Z-02a2023435be.json.gz,2
who.gho.cm-02,CM_02:SVK:SEX_MLE:AGEGROUP_MONTHS0-11,1970-01-01,2026-09-07T15:58:12Z,value,1161.0,,who.gho.cm-02,raw/who.gho.cm-02/2026/09/20260907T155812Z-02a2023435be.json.gz,2
who.gho.cm-02,CM_02:SWE:SEX_BTSX:AGEGROUP_MONTHS0-11,1970-01-01,2026-09-07T15:58:07Z,high,1253.0,,who.gho.cm-02,raw/who.gho.cm-02/2026/09/20260907T155807Z-33d1eb328c3d.json.gz,2
who.gho.cm-02,CM_02:SWE:SEX_BTSX:AGEGROUP_MONTHS0-11,1970-01-01,2026-09-07T15:58:07Z,low,1201.0,,who.gho.cm-02,raw/who.gho.cm-02/2026/09/20260907T155807Z-33d1eb328c3d.json.gz,2
who.gho.cm-02,CM_02:SWE:SEX_BTSX:AGEGROUP_MONTHS0-11,1970-01-01,2026-09-07T15:58:07Z,restated_at,2026-08-04,,who.gho.cm-02,raw/who.gho.cm-02/2026/09/20260907T155807Z-33d1eb328c3d.json.gz,2
who.gho.cm-02,CM_02:SWE:SEX_BTSX:AGEGROUP_MONTHS0-11,1970-01-01,2026-09-07T15:58:07Z,value,1227.0,,who.gho.cm-02,raw/who.gho.cm-02/2026/09/20260907T155807Z-33d1eb328c3d.json.gz,2
who.gho.cm-02,CM_02:SWE:SEX_FMLE:AGEGROUP_MONTHS0-11,1970-01-01,2026-09-07T15:57:07Z,high,525.0,,who.gho.cm-02,raw/who.gho.cm-02/2026/09/20260907T155707Z-3cd3e5b56c9f.json.gz,2
who.gho.cm-02,CM_02:SWE:SEX_FMLE:AGEGROUP_MONTHS0-11,1970-01-01,2026-09-07T15:57:07Z,low,496.0,,who.gho.cm-02,raw/who.gho.cm-02/2026/09/20260907T155707Z-3cd3e5b56c9f.json.gz,2
who.gho.cm-02,CM_02:SWE:SEX_FMLE:AGEGROUP_MONTHS0-11,1970-01-01,2026-09-07T15:57:07Z,restated_at,2026-08-04,,who.gho.cm-02,raw/who.gho.cm-02/2026/09/20260907T155707Z-3cd3e5b56c9f.json.gz,2
who.gho.cm-02,CM_02:SWE:SEX_FMLE:AGEGROUP_MONTHS0-11,1970-01-01,2026-09-07T15:57:07Z,value,510.0,,who.gho.cm-02,raw/who.gho.cm-02/2026/09/20260907T155707Z-3cd3e5b56c9f.json.gz,2
who.gho.cm-02,CM_02:SWE:SEX_MLE:AGEGROUP_MONTHS0-11,1970-01-01,2026-09-07T15:57:30Z,high,735.0,,who.gho.cm-02,raw/who.gho.cm-02/2026/09/20260907T155730Z-1fe49c27b9ed.json.gz,2
who.gho.cm-02,CM_02:SWE:SEX_MLE:AGEGROUP_MONTHS0-11,1970-01-01,2026-09-07T15:57:30Z,low,699.0,,who.gho.cm-02,raw/who.gho.cm-02/2026/09/20260907T155730Z-1fe49c27b9ed.json.gz,2
who.gho.cm-02,CM_02:SWE:SEX_MLE:AGEGROUP_MONTHS0-11,1970-01-01,2026-09-07T15:57:30Z,restated_at,2026-08-04,,who.gho.cm-02,raw/who.gho.cm-02/2026/09/20260907T155730Z-1fe49c27b9ed.json.gz,2
who.gho.cm-02,CM_02:SWE:SEX_MLE:AGEGROUP_MONTHS0-11,1970-01-01,2026-09-07T15:57:30Z,value,717.0,,who.gho.cm-02,raw/who.gho.cm-02/2026/09/20260907T155730Z-1fe49c27b9ed.json.gz,2
who.gho.cm-02,CM_02:SWZ:SEX_BTSX:AGEGROUP_MONTHS0-11,1970-01-01,2026-09-07T15:51:01Z,high,3005.0,,who.gho.cm-02,raw/who.gho.cm-02/2026/09/20260907T155101Z-65d1a3fa0413.json.gz,2
who.gho.cm-02,CM_02:SWZ:SEX_BTSX:AGEGROUP_MONTHS0-11,1970-01-01,2026-09-07T15:51:01Z,low,2146.0,,who.gho.cm-02,raw/who.gho.cm-02/2026/09/20260907T155101Z-65d1a3fa0413.json.gz,2
who.gho.cm-02,CM_02:SWZ:SEX_BTSX:AGEGROUP_MONTHS0-11,1970-01-01,2026-09-07T15:51:01Z,restated_at,2026-08-04,,who.gho.cm-02,raw/who.gho.cm-02/2026/09/20260907T155101Z-65d1a3fa0413.json.gz,2
who.gho.cm-02,CM_02:SWZ:SEX_BTSX:AGEGROUP_MONTHS0-11,1970-01-01,2026-09-07T15:51:01Z,value,2525.0,,who.gho.cm-02,raw/who.gho.cm-02/2026/09/20260907T155101Z-65d1a3fa0413.json.gz,2
who.gho.cm-02,CM_02:SWZ:SEX_FMLE:AGEGROUP_MONTHS0-11,1970-01-01,2026-09-07T15:57:26Z,high,1368.0,,who.gho.cm-02,raw/who.gho.cm-02/2026/09/20260907T155726Z-31d0241a6d30.json.gz,2
who.gho.cm-02,CM_02:SWZ:SEX_FMLE:AGEGROUP_MONTHS0-11,1970-01-01,2026-09-07T15:57:26Z,low,962.0,,who.gho.cm-02,raw/who.gho.cm-02/2026/09/20260907T155726Z-31d0241a6d30.json.gz,2
who.gho.cm-02,CM_02:SWZ:SEX_FMLE:AGEGROUP_MONTHS0-11,1970-01-01,2026-09-07T15:57:26Z,restated_at,2026-08-04,,who.gho.cm-02,raw/who.gho.cm-02/2026/09/20260907T155726Z-31d0241a6d30.json.gz,2
who.gho.cm-02,CM_02:SWZ:SEX_FMLE:AGEGROUP_MONTHS0-11,1970-01-01,2026-09-07T15:57:26Z,value,1142.0,,who.gho.cm-02,raw/who.gho.cm-02/2026/09/20260907T155726Z-31d0241a6d30.json.gz,2
who.gho.cm-02,CM_02:SWZ:SEX_MLE:AGEGROUP_MONTHS0-11,1970-01-01,2026-09-07T15:51:44Z,high,1649.0,,who.gho.cm-02,raw/who.gho.cm-02/2026/09/20260907T155144Z-505d97ce9093.json.gz,2
who.gho.cm-02,CM_02:SWZ:SEX_MLE:AGEGROUP_MONTHS0-11,1970-01-01,2026-09-07T15:51:44Z,low,1164.0,,who.gho.cm-02,raw/who.gho.cm-02/2026/09/20260907T155144Z-505d97ce9093.json.gz,2
who.gho.cm-02,CM_02:SWZ:SEX_MLE:AGEGROUP_MONTHS0-11,1970-01-01,2026-09-07T15:51:44Z,restated_at,2026-08-04,,who.gho.cm-02,raw/who.gho.cm-02/2026/09/20260907T155144Z-505d97ce9093.json.gz,2
who.gho.cm-02,CM_02:SWZ:SEX_MLE:AGEGROUP_MONTHS0-11,1970-01-01,2026-09-07T15:51:44Z,value,1383.0,,who.gho.cm-02,raw/who.gho.cm-02/2026/09/20260907T155144Z-505d97ce9093.json.gz,2
who.gho.cm-02,CM_02:SYC:SEX_BTSX:AGEGROUP_MONTHS0-11,1970-01-01,2026-09-07T15:58:04Z,high,89.0,,who.gho.cm-02,raw/who.gho.cm-02/2026/09/20260907T155804Z-3e19927fa86a.json.gz,2
who.gho.cm-02,CM_02:SYC:SEX_BTSX:AGEGROUP_MONTHS0-11,1970-01-01,2026-09-07T15:58:04Z,low,79.0,,who.gho.cm-02,raw/who.gho.cm-02/2026/09/20260907T155804Z-3e19927fa86a.json.gz,2
who.gho.cm-02,CM_02:SYC:SEX_BTSX:AGEGROUP_MONTHS0-11,1970-01-01,2026-09-07T15:58:04Z,restated_at,2025-04-15,,who.gho.cm-02,raw/who.gho.cm-02/2026/09/20260907T155804Z-3e19927fa86a.json.gz,2
who.gho.cm-02,CM_02:SYC:SEX_BTSX:AGEGROUP_MONTHS0-11,1970-01-01,2026-09-07T15:58:04Z,value,84.0,,who.gho.cm-02,raw/who.gho.cm-02/2026/09/20260907T155804Z-3e19927fa86a.json.gz,2
who.gho.cm-02,CM_02:SYC:SEX_FMLE:AGEGROUP_MONTHS0-11,1970-01-01,2026-09-07T15:51:25Z,high,42.0,,who.gho.cm-02,raw/who.gho.cm-02/2026/09/20260907T155125Z-b41e2575e826.json.gz,2
who.gho.cm-02,CM_02:SYC:SEX_FMLE:AGEGROUP_MONTHS0-11,1970-01-01,2026-09-07T15:51:25Z,low,36.0,,who.gho.cm-02,raw/who.gho.cm-02/2026/09/20260907T155125Z-b41e2575e826.json.gz,2
who.gho.cm-02,CM_02:SYC:SEX_FMLE:AGEGROUP_MONTHS0-11,1970-01-01,2026-09-07T15:51:25Z,restated_at,2026-08-04,,who.gho.cm-02,raw/who.gho.cm-02/2026/09/20260907T155125Z-b41e2575e826.json.gz,2
who.gho.cm-02,CM_02:SYC:SEX_FMLE:AGEGROUP_MONTHS0-11,1970-01-01,2026-09-07T15:51:25Z,value,39.0,,who.gho.cm-02,raw/who.gho.cm-02/2026/09/20260907T155125Z-b41e2575e826.json.gz,2
who.gho.cm-02,CM_02:SYC:SEX_MLE:AGEGROUP_MONTHS0-11,1970-01-01,2026-09-07T15:57:21Z,high,48.0,,who.gho.cm-02,raw/who.gho.cm-02/2026/09/20260907T155721Z-a2b5c178c29b.json.gz,2
who.gho.cm-02,CM_02:SYC:SEX_MLE:AGEGROUP_MONTHS0-11,1970-01-01,2026-09-07T15:57:21Z,low,42.0,,who.gho.cm-02,raw/who.gho.cm-02/2026/09/20260907T155721Z-a2b5c178c29b.json.gz,2
who.gho.cm-02,CM_02:SYC:SEX_MLE:AGEGROUP_MONTHS0-11,1970-01-01,2026-09-07T15:57:21Z,restated_at,2025-04-15,,who.gho.cm-02,raw/who.gho.cm-02/2026/09/20260907T155721Z-a2b5c178c29b.json.gz,2
who.gho.cm-02,CM_02:SYC:SEX_MLE:AGEGROUP_MONTHS0-11,1970-01-01,2026-09-07T15:57:21Z,value,45.0,,who.gho.cm-02,raw/who.gho.cm-02/2026/09/20260907T155721Z-a2b5c178c29b.json.gz,2
who.gho.cm-02,CM_02:SYR:SEX_BTSX:AGEGROUP_MONTHS0-11,1970-01-01,2026-09-07T15:56:41Z,high,23891.0,,who.gho.cm-02,raw/who.gho.cm-02/2026/09/20260907T155641Z-022407e160ee.json.gz,2
who.gho.cm-02,CM_02:SYR:SEX_BTSX:AGEGROUP_MONTHS0-11,1970-01-01,2026-09-07T15:56:41Z,low,20023.0,,who.gho.cm-02,raw/who.gho.cm-02/2026/09/20260907T155641Z-022407e160ee.json.gz,2
who.gho.cm-02,CM_02:SYR:SEX_BTSX:AGEGROUP_MONTHS0-11,1970-01-01,2026-09-07T15:56:41Z,restated_at,2026-08-04,,who.gho.cm-02,raw/who.gho.cm-02/2026/09/20260907T155641Z-022407e160ee.json.gz,2
who.gho.cm-02,CM_02:SYR:SEX_BTSX:AGEGROUP_MONTHS0-11,1970-01-01,2026-09-07T15:56:41Z,value,21921.0,,who.gho.cm-02,raw/who.gho.cm-02/2026/09/20260907T155641Z-022407e160ee.json.gz,2
who.gho.cm-02,CM_02:SYR:SEX_FMLE:AGEGROUP_MONTHS0-11,1970-01-01,2026-09-07T15:56:37Z,high,11515.0,,who.gho.cm-02,raw/who.gho.cm-02/2026/09/20260907T155637Z-c7bda929b138.json.gz,2
who.gho.cm-02,CM_02:SYR:SEX_FMLE:AGEGROUP_MONTHS0-11,1970-01-01,2026-09-07T15:56:37Z,low,9511.0,,who.gho.cm-02,raw/who.gho.cm-02/2026/09/20260907T155637Z-c7bda929b138.json.gz,2
who.gho.cm-02,CM_02:SYR:SEX_FMLE:AGEGROUP_MONTHS0-11,1970-01-01,2026-09-07T15:56:37Z,restated_at,2026-08-04,,who.gho.cm-02,raw/who.gho.cm-02/2026/09/20260907T155637Z-c7bda929b138.json.gz,2
who.gho.cm-02,CM_02:SYR:SEX_FMLE:AGEGROUP_MONTHS0-11,1970-01-01,2026-09-07T15:56:37Z,value,10479.0,,who.gho.cm-02,raw/who.gho.cm-02/2026/09/20260907T155637Z-c7bda929b138.json.gz,2
who.gho.cm-02,CM_02:SYR:SEX_MLE:AGEGROUP_MONTHS0-11,1970-01-01,2026-09-07T15:51:25Z,high,12559.0,,who.gho.cm-02,raw/who.gho.cm-02/2026/09/20260907T155125Z-b41e2575e826.json.gz,2
who.gho.cm-02,CM_02:SYR:SEX_MLE:AGEGROUP_MONTHS0-11,1970-01-01,2026-09-07T15:51:25Z,low,10399.0,,who.gho.cm-02,raw/who.gho.cm-02/2026/09/20260907T155125Z-b41e2575e826.json.gz,2
who.gho.cm-02,CM_02:SYR:SEX_MLE:AGEGROUP_MONTHS0-11,1970-01-01,2026-09-07T15:51:25Z,restated_at,2026-08-04,,who.gho.cm-02,raw/who.gho.cm-02/2026/09/20260907T155125Z-b41e2575e826.json.gz,2
who.gho.cm-02,CM_02:SYR:SEX_MLE:AGEGROUP_MONTHS0-11,1970-01-01,2026-09-07T15:51:25Z,value,11442.0,,who.gho.cm-02,raw/who.gho.cm-02/2026/09/20260907T155125Z-b41e2575e826.json.gz,2
who.gho.cm-02,CM_02:TCA:SEX_BTSX:AGEGROUP_MONTHS0-11,1970-01-01,2026-09-07T15:57:54Z,high,12.0,,who.gho.cm-02,raw/who.gho.cm-02/2026/09/20260907T155754Z-3bea881db2b4.json.gz,2
who.gho.cm-02,CM_02:TCA:SEX_BTSX:AGEGROUP_MONTHS0-11,1970-01-01,2026-09-07T15:57:54Z,low,8.0,,who.gho.cm-02,raw/who.gho.cm-02/2026/09/20260907T155754Z-3bea881db2b4.json.gz,2
who.gho.cm-02,CM_02:TCA:SEX_BTSX:AGEGROUP_MONTHS0-11,1970-01-01,2026-09-07T15:57:54Z,restated_at,2025-04-15,,who.gho.cm-02,raw/who.gho.cm-02/2026/09/20260907T155754Z-3bea881db2b4.json.gz,2
who.gho.cm-02,CM_02:TCA:SEX_BTSX:AGEGROUP_MONTHS0-11,1970-01-01,2026-09-07T15:57:54Z,value,10.0,,who.gho.cm-02,raw/who.gho.cm-02/2026/09/20260907T155754Z-3bea881db2b4.json.gz,2
who.gho.cm-02,CM_02:TCA:SEX_FMLE:AGEGROUP_MONTHS0-11,1970-01-01,2026-09-07T15:56:27Z,high,5.0,,who.gho.cm-02,raw/who.gho.cm-02/2026/09/20260907T155627Z-19eb4e6c1215.json.gz,2
who.gho.cm-02,CM_02:TCA:SEX_FMLE:AGEGROUP_MONTHS0-11,1970-01-01,2026-09-07T15:56:27Z,low,3.0,,who.gho.cm-02,raw/who.gho.cm-02/2026/09/20260907T155627Z-19eb4e6c1215.json.gz,2
who.gho.cm-02,CM_02:TCA:SEX_FMLE:AGEGROUP_MONTHS0-11,1970-01-01,2026-09-07T15:56:27Z,restated_at,2025-04-15,,who.gho.cm-02,raw/who.gho.cm-02/2026/09/20260907T155627Z-19eb4e6c1215.json.gz,2
who.gho.cm-02,CM_02:TCA:SEX_FMLE:AGEGROUP_MONTHS0-11,1970-01-01,2026-09-07T15:56:27Z,value,4.0,,who.gho.cm-02,raw/who.gho.cm-02/2026/09/20260907T155627Z-19eb4e6c1215.json.gz,2
who.gho.cm-02,CM_02:TCA:SEX_MLE:AGEGROUP_MONTHS0-11,1970-01-01,2026-09-07T15:52:37Z,high,7.0,,who.gho.cm-02,raw/who.gho.cm-02/2026/09/20260907T155237Z-35c7d31783eb.json.gz,2
who.gho.cm-02,CM_02:TCA:SEX_MLE:AGEGROUP_MONTHS0-11,1970-01-01,2026-09-07T15:52:37Z,low,5.0,,who.gho.cm-02,raw/who.gho.cm-02/2026/09/20260907T155237Z-35c7d31783eb.json.gz,2
who.gho.cm-02,CM_02:TCA:SEX_MLE:AGEGROUP_MONTHS0-11,1970-01-01,2026-09-07T15:52:37Z,restated_at,2025-04-15,,who.gho.cm-02,raw/who.gho.cm-02/2026/09/20260907T155237Z-35c7d31783eb.json.gz,2
who.gho.cm-02,CM_02:TCA:SEX_MLE:AGEGROUP_MONTHS0-11,1970-01-01,2026-09-07T15:52:37Z,value,6.0,,who.gho.cm-02,raw/who.gho.cm-02/2026/09/20260907T155237Z-35c7d31783eb.json.gz,2
who.gho.cm-02,CM_02:TCD:SEX_BTSX:AGEGROUP_MONTHS0-11,1970-01-01,2026-09-07T15:52:03Z,high,26215.0,,who.gho.cm-02,raw/who.gho.cm-02/2026/09/20260907T155203Z-07dabadb5738.json.gz,2
who.gho.cm-02,CM_02:TCD:SEX_BTSX:AGEGROUP_MONTHS0-11,1970-01-01,2026-09-07T15:52:03Z,low,20622.0,,who.gho.cm-02,raw/who.gho.cm-02/2026/09/20260907T155203Z-07dabadb5738.json.gz,2
who.gho.cm-02,CM_02:TCD:SEX_BTSX:AGEGROUP_MONTHS0-11,1970-01-01,2026-09-07T15:52:03Z,restated_at,2026-08-04,,who.gho.cm-02,raw/who.gho.cm-02/2026/09/20260907T155203Z-07dabadb5738.json.gz,2
who.gho.cm-02,CM_02:TCD:SEX_BTSX:AGEGROUP_MONTHS0-11,1970-01-01,2026-09-07T15:52:03Z,value,23301.0,,who.gho.cm-02,raw/who.gho.cm-02/2026/09/20260907T155203Z-07dabadb5738.json.gz,2
who.gho.cm-02,CM_02:TCD:SEX_FMLE:AGEGROUP_MONTHS0-11,1970-01-01,2026-09-07T15:57:21Z,high,12094.0,,who.gho.cm-02,raw/who.gho.cm-02/2026/09/20260907T155721Z-a2b5c178c29b.json.gz,2
who.gho.cm-02,CM_02:TCD:SEX_FMLE:AGEGROUP_MONTHS0-11,1970-01-01,2026-09-07T15:57:21Z,low,9361.0,,who.gho.cm-02,raw/who.gho.cm-02/2026/09/20260907T155721Z-a2b5c178c29b.json.gz,2
who.gho.cm-02,CM_02:TCD:SEX_FMLE:AGEGROUP_MONTHS0-11,1970-01-01,2026-09-07T15:57:21Z,restated_at,2026-08-04,,who.gho.cm-02,raw/who.gho.cm-02/2026/09/20260907T155721Z-a2b5c178c29b.json.gz,2
who.gho.cm-02,CM_02:TCD:SEX_FMLE:AGEGROUP_MONTHS0-11,1970-01-01,2026-09-07T15:57:21Z,value,10663.0,,who.gho.cm-02,raw/who.gho.cm-02/2026/09/20260907T155721Z-a2b5c178c29b.json.gz,2
who.gho.cm-02,CM_02:TCD:SEX_MLE:AGEGROUP_MONTHS0-11,1970-01-01,2026-09-07T15:51:40Z,high,14261.0,,who.gho.cm-02,raw/who.gho.cm-02/2026/09/20260907T155140Z-2ccf90b4d287.json.gz,2
who.gho.cm-02,CM_02:TCD:SEX_MLE:AGEGROUP_MONTHS0-11,1970-01-01,2026-09-07T15:51:40Z,low,11096.0,,who.gho.cm-02,raw/who.gho.cm-02/2026/09/20260907T155140Z-2ccf90b4d287.json.gz,2
who.gho.cm-02,CM_02:TCD:SEX_MLE:AGEGROUP_MONTHS0-11,1970-01-01,2026-09-07T15:51:40Z,restated_at,2026-08-04,,who.gho.cm-02,raw/who.gho.cm-02/2026/09/20260907T155140Z-2ccf90b4d287.json.gz,2
who.gho.cm-02,CM_02:TCD:SEX_MLE:AGEGROUP_MONTHS0-11,1970-01-01,2026-09-07T15:51:40Z,value,12638.0,,who.gho.cm-02,raw/who.gho.cm-02/2026/09/20260907T155140Z-2ccf90b4d287.json.gz,2
who.gho.cm-02,CM_02:TGO:SEX_BTSX:AGEGROUP_MONTHS0-11,1970-01-01,2026-09-07T15:58:07Z,high,13892.0,,who.gho.cm-02,raw/who.gho.cm-02/2026/09/20260907T155807Z-33d1eb328c3d.json.gz,2
who.gho.cm-02,CM_02:TGO:SEX_BTSX:AGEGROUP_MONTHS0-11,1970-01-01,2026-09-07T15:58:07Z,low,11468.0,,who.gho.cm-02,raw/who.gho.cm-02/2026/09/20260907T155807Z-33d1eb328c3d.json.gz,2
who.gho.cm-02,CM_02:TGO:SEX_BTSX:AGEGROUP_MONTHS0-11,1970-01-01,2026-09-07T15:58:07Z,restated_at,2026-08-04,,who.gho.cm-02,raw/who.gho.cm-02/2026/09/20260907T155807Z-33d1eb328c3d.json.gz,2
who.gho.cm-02,CM_02:TGO:SEX_BTSX:AGEGROUP_MONTHS0-11,1970-01-01,2026-09-07T15:58:07Z,value,12597.0,,who.gho.cm-02,raw/who.gho.cm-02/2026/09/20260907T155807Z-33d1eb328c3d.json.gz,2
who.gho.cm-02,CM_02:TGO:SEX_FMLE:AGEGROUP_MONTHS0-11,1970-01-01,2026-09-07T15:52:10Z,high,6359.0,,who.gho.cm-02,raw/who.gho.cm-02/2026/09/20260907T155210Z-c2e07328660e.json.gz,2
who.gho.cm-02,CM_02:TGO:SEX_FMLE:AGEGROUP_MONTHS0-11,1970-01-01,2026-09-07T15:52:10Z,low,5139.0,,who.gho.cm-02,raw/who.gho.cm-02/2026/09/20260907T155210Z-c2e07328660e.json.gz,2
who.gho.cm-02,CM_02:TGO:SEX_FMLE:AGEGROUP_MONTHS0-11,1970-01-01,2026-09-07T15:52:10Z,restated_at,2026-08-04,,who.gho.cm-02,raw/who.gho.cm-02/2026/09/20260907T155210Z-c2e07328660e.json.gz,2
who.gho.cm-02,CM_02:TGO:SEX_FMLE:AGEGROUP_MONTHS0-11,1970-01-01,2026-09-07T15:52:10Z,value,5707.0,,who.gho.cm-02,raw/who.gho.cm-02/2026/09/20260907T155210Z-c2e07328660e.json.gz,2
who.gho.cm-02,CM_02:TGO:SEX_MLE:AGEGROUP_MONTHS0-11,1970-01-01,2026-09-07T15:52:18Z,high,7647.0,,who.gho.cm-02,raw/who.gho.cm-02/2026/09/20260907T155218Z-7dbb6db1a58a.json.gz,2
who.gho.cm-02,CM_02:TGO:SEX_MLE:AGEGROUP_MONTHS0-11,1970-01-01,2026-09-07T15:52:18Z,low,6215.0,,who.gho.cm-02,raw/who.gho.cm-02/2026/09/20260907T155218Z-7dbb6db1a58a.json.gz,2
who.gho.cm-02,CM_02:TGO:SEX_MLE:AGEGROUP_MONTHS0-11,1970-01-01,2026-09-07T15:52:18Z,restated_at,2026-08-04,,who.gho.cm-02,raw/who.gho.cm-02/2026/09/20260907T155218Z-7dbb6db1a58a.json.gz,2
who.gho.cm-02,CM_02:TGO:SEX_MLE:AGEGROUP_MONTHS0-11,1970-01-01,2026-09-07T15:52:18Z,value,6890.0,,who.gho.cm-02,raw/who.gho.cm-02/2026/09/20260907T155218Z-7dbb6db1a58a.json.gz,2
who.gho.cm-02,CM_02:THA:SEX_BTSX:AGEGROUP_MONTHS0-11,1970-01-01,2026-09-07T15:57:00Z,high,111147.0,,who.gho.cm-02,raw/who.gho.cm-02/2026/09/20260907T155700Z-8ffcb12aceff.json.gz,2
who.gho.cm-02,CM_02:THA:SEX_BTSX:AGEGROUP_MONTHS0-11,1970-01-01,2026-09-07T15:57:00Z,low,96293.0,,who.gho.cm-02,raw/who.gho.cm-02/2026/09/20260907T155700Z-8ffcb12aceff.json.gz,2
who.gho.cm-02,CM_02:THA:SEX_BTSX:AGEGROUP_MONTHS0-11,1970-01-01,2026-09-07T15:57:00Z,restated_at,2026-08-04,,who.gho.cm-02,raw/who.gho.cm-02/2026/09/20260907T155700Z-8ffcb12aceff.json.gz,2
who.gho.cm-02,CM_02:THA:SEX_BTSX:AGEGROUP_MONTHS0-11,1970-01-01,2026-09-07T15:57:00Z,value,103194.0,,who.gho.cm-02,raw/who.gho.cm-02/2026/09/20260907T155700Z-8ffcb12aceff.json.gz,2
who.gho.cm-02,CM_02:THA:SEX_FMLE:AGEGROUP_MONTHS0-11,1970-01-01,2026-09-07T15:52:37Z,high,49779.0,,who.gho.cm-02,raw/who.gho.cm-02/2026/09/20260907T155237Z-35c7d31783eb.json.gz,2
who.gho.cm-02,CM_02:THA:SEX_FMLE:AGEGROUP_MONTHS0-11,1970-01-01,2026-09-07T15:52:37Z,low,42124.0,,who.gho.cm-02,raw/who.gho.cm-02/2026/09/20260907T155237Z-35c7d31783eb.json.gz,2
who.gho.cm-02,CM_02:THA:SEX_FMLE:AGEGROUP_MONTHS0-11,1970-01-01,2026-09-07T15:52:37Z,restated_at,2026-08-04,,who.gho.cm-02,raw/who.gho.cm-02/2026/09/20260907T155237Z-35c7d31783eb.json.gz,2
who.gho.cm-02,CM_02:THA:SEX_FMLE:AGEGROUP_MONTHS0-11,1970-01-01,2026-09-07T15:52:37Z,value,45696.0,,who.gho.cm-02,raw/who.gho.cm-02/2026/09/20260907T155237Z-35c7d31783eb.json.gz,2
who.gho.cm-02,CM_02:THA:SEX_MLE:AGEGROUP_MONTHS0-11,1970-01-01,2026-09-07T15:57:12Z,high,62376.0,,who.gho.cm-02,raw/who.gho.cm-02/2026/09/20260907T155712Z-98aa519eeacd.json.gz,2
who.gho.cm-02,CM_02:THA:SEX_MLE:AGEGROUP_MONTHS0-11,1970-01-01,2026-09-07T15:57:12Z,low,53225.0,,who.gho.cm-02,raw/who.gho.cm-02/2026/09/20260907T155712Z-98aa519eeacd.json.gz,2
who.gho.cm-02,CM_02:THA:SEX_MLE:AGEGROUP_MONTHS0-11,1970-01-01,2026-09-07T15:57:12Z,restated_at,2026-08-04,,who.gho.cm-02,raw/who.gho.cm-02/2026/09/20260907T155712Z-98aa519eeacd.json.gz,2
who.gho.cm-02,CM_02:THA:SEX_MLE:AGEGROUP_MONTHS0-11,1970-01-01,2026-09-07T15:57:12Z,value,57498.0,,who.gho.cm-02,raw/who.gho.cm-02/2026/09/20260907T155712Z-98aa519eeacd.json.gz,2
who.gho.cm-02,CM_02:TON:SEX_BTSX:AGEGROUP_MONTHS0-11,1970-01-01,2026-09-07T15:57:35Z,high,158.0,,who.gho.cm-02,raw/who.gho.cm-02/2026/09/20260907T155735Z-be5ff4c5352d.json.gz,2
who.gho.cm-02,CM_02:TON:SEX_BTSX:AGEGROUP_MONTHS0-11,1970-01-01,2026-09-07T15:57:35Z,low,104.0,,who.gho.cm-02,raw/who.gho.cm-02/2026/09/20260907T155735Z-be5ff4c5352d.json.gz,2
who.gho.cm-02,CM_02:TON:SEX_BTSX:AGEGROUP_MONTHS0-11,1970-01-01,2026-09-07T15:57:35Z,restated_at,2025-04-15,,who.gho.cm-02,raw/who.gho.cm-02/2026/09/20260907T155735Z-be5ff4c5352d.json.gz,2
who.gho.cm-02,CM_02:TON:SEX_BTSX:AGEGROUP_MONTHS0-11,1970-01-01,2026-09-07T15:57:35Z,value,128.0,,who.gho.cm-02,raw/who.gho.cm-02/2026/09/20260907T155735Z-be5ff4c5352d.json.gz,2
who.gho.cm-02,CM_02:TON:SEX_FMLE:AGEGROUP_MONTHS0-11,1970-01-01,2026-09-07T15:51:21Z,high,68.0,,who.gho.cm-02,raw/who.gho.cm-02/2026/09/20260907T155121Z-1b14643329ca.json.gz,2
who.gho.cm-02,CM_02:TON:SEX_FMLE:AGEGROUP_MONTHS0-11,1970-01-01,2026-09-07T15:51:21Z,low,44.0,,who.gho.cm-02,raw/who.gho.cm-02/2026/09/20260907T155121Z-1b14643329ca.json.gz,2
who.gho.cm-02,CM_02:TON:SEX_FMLE:AGEGROUP_MONTHS0-11,1970-01-01,2026-09-07T15:51:21Z,restated_at,2026-08-04,,who.gho.cm-02,raw/who.gho.cm-02/2026/09/20260907T155121Z-1b14643329ca.json.gz,2
who.gho.cm-02,CM_02:TON:SEX_FMLE:AGEGROUP_MONTHS0-11,1970-01-01,2026-09-07T15:51:21Z,value,54.0,,who.gho.cm-02,raw/who.gho.cm-02/2026/09/20260907T155121Z-1b14643329ca.json.gz,2
who.gho.cm-02,CM_02:TON:SEX_MLE:AGEGROUP_MONTHS0-11,1970-01-01,2026-09-07T15:52:37Z,high,91.0,,who.gho.cm-02,raw/who.gho.cm-02/2026/09/20260907T155237Z-35c7d31783eb.json.gz,2
who.gho.cm-02,CM_02:TON:SEX_MLE:AGEGROUP_MONTHS0-11,1970-01-01,2026-09-07T15:52:37Z,low,60.0,,who.gho.cm-02,raw/who.gho.cm-02/2026/09/20260907T155237Z-35c7d31783eb.json.gz,2
who.gho.cm-02,CM_02:TON:SEX_MLE:AGEGROUP_MONTHS0-11,1970-01-01,2026-09-07T15:52:37Z,restated_at,2026-08-04,,who.gho.cm-02,raw/who.gho.cm-02/2026/09/20260907T155237Z-35c7d31783eb.json.gz,2
who.gho.cm-02,CM_02:TON:SEX_MLE:AGEGROUP_MONTHS0-11,1970-01-01,2026-09-07T15:52:37Z,value,74.0,,who.gho.cm-02,raw/who.gho.cm-02/2026/09/20260907T155237Z-35c7d31783eb.json.gz,2
who.gho.cm-02,CM_02:TTO:SEX_BTSX:AGEGROUP_MONTHS0-11,1970-01-01,2026-09-07T15:57:00Z,high,1472.0,,who.gho.cm-02,raw/who.gho.cm-02/2026/09/20260907T155700Z-8ffcb12aceff.json.gz,2
who.gho.cm-02,CM_02:TTO:SEX_BTSX:AGEGROUP_MONTHS0-11,1970-01-01,2026-09-07T15:57:00Z,low,1126.0,,who.gho.cm-02,raw/who.gho.cm-02/2026/09/20260907T155700Z-8ffcb12aceff.json.gz,2
who.gho.cm-02,CM_02:TTO:SEX_BTSX:AGEGROUP_MONTHS0-11,1970-01-01,2026-09-07T15:57:00Z,restated_at,2026-08-04,,who.gho.cm-02,raw/who.gho.cm-02/2026/09/20260907T155700Z-8ffcb12aceff.json.gz,2
who.gho.cm-02,CM_02:TTO:SEX_BTSX:AGEGROUP_MONTHS0-11,1970-01-01,2026-09-07T15:57:00Z,value,1287.0,,who.gho.cm-02,raw/who.gho.cm-02/2026/09/20260907T155700Z-8ffcb12aceff.json.gz,2
who.gho.cm-02,CM_02:TTO:SEX_FMLE:AGEGROUP_MONTHS0-11,1970-01-01,2026-09-07T15:51:44Z,high,670.0,,who.gho.cm-02,raw/who.gho.cm-02/2026/09/20260907T155144Z-505d97ce9093.json.gz,2
who.gho.cm-02,CM_02:TTO:SEX_FMLE:AGEGROUP_MONTHS0-11,1970-01-01,2026-09-07T15:51:44Z,low,504.0,,who.gho.cm-02,raw/who.gho.cm-02/2026/09/20260907T155144Z-505d97ce9093.json.gz,2
who.gho.cm-02,CM_02:TTO:SEX_FMLE:AGEGROUP_MONTHS0-11,1970-01-01,2026-09-07T15:51:44Z,restated_at,2026-08-04,,who.gho.cm-02,raw/who.gho.cm-02/2026/09/20260907T155144Z-505d97ce9093.json.gz,2
who.gho.cm-02,CM_02:TTO:SEX_FMLE:AGEGROUP_MONTHS0-11,1970-01-01,2026-09-07T15:51:44Z,value,582.0,,who.gho.cm-02,raw/who.gho.cm-02/2026/09/20260907T155144Z-505d97ce9093.json.gz,2
who.gho.cm-02,CM_02:TTO:SEX_MLE:AGEGROUP_MONTHS0-11,1970-01-01,2026-09-07T15:58:12Z,high,809.0,,who.gho.cm-02,raw/who.gho.cm-02/2026/09/20260907T155812Z-02a2023435be.json.gz,2
who.gho.cm-02,CM_02:TTO:SEX_MLE:AGEGROUP_MONTHS0-11,1970-01-01,2026-09-07T15:58:12Z,low,614.0,,who.gho.cm-02,raw/who.gho.cm-02/2026/09/20260907T155812Z-02a2023435be.json.gz,2
who.gho.cm-02,CM_02:TTO:SEX_MLE:AGEGROUP_MONTHS0-11,1970-01-01,2026-09-07T15:58:12Z,restated_at,2026-08-04,,who.gho.cm-02,raw/who.gho.cm-02/2026/09/20260907T155812Z-02a2023435be.json.gz,2
who.gho.cm-02,CM_02:TTO:SEX_MLE:AGEGROUP_MONTHS0-11,1970-01-01,2026-09-07T15:58:12Z,value,705.0,,who.gho.cm-02,raw/who.gho.cm-02/2026/09/20260907T155812Z-02a2023435be.json.gz,2
who.gho.cm-02,CM_02:TUN:SEX_BTSX:AGEGROUP_MONTHS0-11,1970-01-01,2026-09-07T15:51:16Z,high,25663.0,,who.gho.cm-02,raw/who.gho.cm-02/2026/09/20260907T155116Z-bb01bf96bc15.json.gz,2
who.gho.cm-02,CM_02:TUN:SEX_BTSX:AGEGROUP_MONTHS0-11,1970-01-01,2026-09-07T15:51:16Z,low,21125.0,,who.gho.cm-02,raw/who.gho.cm-02/2026/09/20260907T155116Z-bb01bf96bc15.json.gz,2
who.gho.cm-02,CM_02:TUN:SEX_BTSX:AGEGROUP_MONTHS0-11,1970-01-01,2026-09-07T15:51:16Z,restated_at,2026-08-04,,who.gho.cm-02,raw/who.gho.cm-02/2026/09/20260907T155116Z-bb01bf96bc15.json.gz,2
who.gho.cm-02,CM_02:TUN:SEX_BTSX:AGEGROUP_MONTHS0-11,1970-01-01,2026-09-07T15:51:16Z,value,23299.0,,who.gho.cm-02,raw/who.gho.cm-02/2026/09/20260907T155116Z-bb01bf96bc15.json.gz,2
who.gho.cm-02,CM_02:TUN:SEX_FMLE:AGEGROUP_MONTHS0-11,1970-01-01,2026-09-07T15:57:59Z,high,11709.0,,who.gho.cm-02,raw/who.gho.cm-02/2026/09/20260907T155759Z-531ca935f713.json.gz,2
who.gho.cm-02,CM_02:TUN:SEX_FMLE:AGEGROUP_MONTHS0-11,1970-01-01,2026-09-07T15:57:59Z,low,9503.0,,who.gho.cm-02,raw/who.gho.cm-02/2026/09/20260907T155759Z-531ca935f713.json.gz,2
who.gho.cm-02,CM_02:TUN:SEX_FMLE:AGEGROUP_MONTHS0-11,1970-01-01,2026-09-07T15:57:59Z,restated_at,2026-08-04,,who.gho.cm-02,raw/who.gho.cm-02/2026/09/20260907T155759Z-531ca935f713.json.gz,2
who.gho.cm-02,CM_02:TUN:SEX_FMLE:AGEGROUP_MONTHS0-11,1970-01-01,2026-09-07T15:57:59Z,value,10561.0,,who.gho.cm-02,raw/who.gho.cm-02/2026/09/20260907T155759Z-531ca935f713.json.gz,2
who.gho.cm-02,CM_02:TUN:SEX_MLE:AGEGROUP_MONTHS0-11,1970-01-01,2026-09-07T15:57:49Z,high,14100.0,,who.gho.cm-02,raw/who.gho.cm-02/2026/09/20260907T155749Z-8808ed0c9a07.json.gz,2
who.gho.cm-02,CM_02:TUN:SEX_MLE:AGEGROUP_MONTHS0-11,1970-01-01,2026-09-07T15:57:49Z,low,11496.0,,who.gho.cm-02,raw/who.gho.cm-02/2026/09/20260907T155749Z-8808ed0c9a07.json.gz,2
who.gho.cm-02,CM_02:TUN:SEX_MLE:AGEGROUP_MONTHS0-11,1970-01-01,2026-09-07T15:57:49Z,restated_at,2026-08-04,,who.gho.cm-02,raw/who.gho.cm-02/2026/09/20260907T155749Z-8808ed0c9a07.json.gz,2
who.gho.cm-02,CM_02:TUN:SEX_MLE:AGEGROUP_MONTHS0-11,1970-01-01,2026-09-07T15:57:49Z,value,12738.0,,who.gho.cm-02,raw/who.gho.cm-02/2026/09/20260907T155749Z-8808ed0c9a07.json.gz,2
who.gho.cm-02,CM_02:TUR:SEX_BTSX:AGEGROUP_MONTHS0-11,1970-01-01,2026-09-07T15:57:07Z,high,217359.0,,who.gho.cm-02,raw/who.gho.cm-02/2026/09/20260907T155707Z-3cd3e5b56c9f.json.gz,2
who.gho.cm-02,CM_02:TUR:SEX_BTSX:AGEGROUP_MONTHS0-11,1970-01-01,2026-09-07T15:57:07Z,low,190365.0,,who.gho.cm-02,raw/who.gho.cm-02/2026/09/20260907T155707Z-3cd3e5b56c9f.json.gz,2
who.gho.cm-02,CM_02:TUR:SEX_BTSX:AGEGROUP_MONTHS0-11,1970-01-01,2026-09-07T15:57:07Z,restated_at,2026-08-04,,who.gho.cm-02,raw/who.gho.cm-02/2026/09/20260907T155707Z-3cd3e5b56c9f.json.gz,2
who.gho.cm-02,CM_02:TUR:SEX_BTSX:AGEGROUP_MONTHS0-11,1970-01-01,2026-09-07T15:57:07Z,value,203350.0,,who.gho.cm-02,raw/who.gho.cm-02/2026/09/20260907T155707Z-3cd3e5b56c9f.json.gz,2
who.gho.cm-02,CM_02:TUR:SEX_FMLE:AGEGROUP_MONTHS0-11,1970-01-01,2026-09-07T15:57:59Z,high,101798.0,,who.gho.cm-02,raw/who.gho.cm-02/2026/09/20260907T155759Z-531ca935f713.json.gz,2
who.gho.cm-02,CM_02:TUR:SEX_FMLE:AGEGROUP_MONTHS0-11,1970-01-01,2026-09-07T15:57:59Z,low,88034.0,,who.gho.cm-02,raw/who.gho.cm-02/2026/09/20260907T155759Z-531ca935f713.json.gz,2
who.gho.cm-02,CM_02:TUR:SEX_FMLE:AGEGROUP_MONTHS0-11,1970-01-01,2026-09-07T15:57:59Z,restated_at,2026-08-04,,who.gho.cm-02,raw/who.gho.cm-02/2026/09/20260907T155759Z-531ca935f713.json.gz,2
who.gho.cm-02,CM_02:TUR:SEX_FMLE:AGEGROUP_MONTHS0-11,1970-01-01,2026-09-07T15:57:59Z,value,94617.0,,who.gho.cm-02,raw/who.gho.cm-02/2026/09/20260907T155759Z-531ca935f713.json.gz,2
who.gho.cm-02,CM_02:TUR:SEX_MLE:AGEGROUP_MONTHS0-11,1970-01-01,2026-09-07T15:57:59Z,high,116647.0,,who.gho.cm-02,raw/who.gho.cm-02/2026/09/20260907T155759Z-531ca935f713.json.gz,2
who.gho.cm-02,CM_02:TUR:SEX_MLE:AGEGROUP_MONTHS0-11,1970-01-01,2026-09-07T15:57:59Z,low,101319.0,,who.gho.cm-02,raw/who.gho.cm-02/2026/09/20260907T155759Z-531ca935f713.json.gz,2
who.gho.cm-02,CM_02:TUR:SEX_MLE:AGEGROUP_MONTHS0-11,1970-01-01,2026-09-07T15:57:59Z,restated_at,2026-08-04,,who.gho.cm-02,raw/who.gho.cm-02/2026/09/20260907T155759Z-531ca935f713.json.gz,2
who.gho.cm-02,CM_02:TUR:SEX_MLE:AGEGROUP_MONTHS0-11,1970-01-01,2026-09-07T15:57:59Z,value,108733.0,,who.gho.cm-02,raw/who.gho.cm-02/2026/09/20260907T155759Z-531ca935f713.json.gz,2
who.gho.cm-02,CM_02:TUV:SEX_BTSX:AGEGROUP_MONTHS0-11,1970-01-01,2026-09-07T15:52:26Z,high,17.0,,who.gho.cm-02,raw/who.gho.cm-02/2026/09/20260907T155226Z-b536cc4a2b4c.json.gz,2
who.gho.cm-02,CM_02:TUV:SEX_BTSX:AGEGROUP_MONTHS0-11,1970-01-01,2026-09-07T15:52:26Z,low,13.0,,who.gho.cm-02,raw/who.gho.cm-02/2026/09/20260907T155226Z-b536cc4a2b4c.json.gz,2
who.gho.cm-02,CM_02:TUV:SEX_BTSX:AGEGROUP_MONTHS0-11,1970-01-01,2026-09-07T15:52:26Z,restated_at,2025-04-15,,who.gho.cm-02,raw/who.gho.cm-02/2026/09/20260907T155226Z-b536cc4a2b4c.json.gz,2
who.gho.cm-02,CM_02:TUV:SEX_BTSX:AGEGROUP_MONTHS0-11,1970-01-01,2026-09-07T15:52:26Z,value,15.0,,who.gho.cm-02,raw/who.gho.cm-02/2026/09/20260907T155226Z-b536cc4a2b4c.json.gz,2
who.gho.cm-02,CM_02:TUV:SEX_FMLE:AGEGROUP_MONTHS0-11,1970-01-01,2026-09-07T15:57:40Z,high,7.0,,who.gho.cm-02,raw/who.gho.cm-02/2026/09/20260907T155740Z-31068700a25d.json.gz,2
who.gho.cm-02,CM_02:TUV:SEX_FMLE:AGEGROUP_MONTHS0-11,1970-01-01,2026-09-07T15:57:40Z,low,5.0,,who.gho.cm-02,raw/who.gho.cm-02/2026/09/20260907T155740Z-31068700a25d.json.gz,2
who.gho.cm-02,CM_02:TUV:SEX_FMLE:AGEGROUP_MONTHS0-11,1970-01-01,2026-09-07T15:57:40Z,restated_at,2025-04-15,,who.gho.cm-02,raw/who.gho.cm-02/2026/09/20260907T155740Z-31068700a25d.json.gz,2
who.gho.cm-02,CM_02:TUV:SEX_FMLE:AGEGROUP_MONTHS0-11,1970-01-01,2026-09-07T15:57:40Z,value,6.0,,who.gho.cm-02,raw/who.gho.cm-02/2026/09/20260907T155740Z-31068700a25d.json.gz,2
who.gho.cm-02,CM_02:TUV:SEX_MLE:AGEGROUP_MONTHS0-11,1970-01-01,2026-09-07T15:57:35Z,high,10.0,,who.gho.cm-02,raw/who.gho.cm-02/2026/09/20260907T155735Z-be5ff4c5352d.json.gz,2
who.gho.cm-02,CM_02:TUV:SEX_MLE:AGEGROUP_MONTHS0-11,1970-01-01,2026-09-07T15:57:35Z,low,8.0,,who.gho.cm-02,raw/who.gho.cm-02/2026/09/20260907T155735Z-be5ff4c5352d.json.gz,2
who.gho.cm-02,CM_02:TUV:SEX_MLE:AGEGROUP_MONTHS0-11,1970-01-01,2026-09-07T15:57:35Z,restated_at,2026-08-04,,who.gho.cm-02,raw/who.gho.cm-02/2026/09/20260907T155735Z-be5ff4c5352d.json.gz,2
who.gho.cm-02,CM_02:TUV:SEX_MLE:AGEGROUP_MONTHS0-11,1970-01-01,2026-09-07T15:57:35Z,value,9.0,,who.gho.cm-02,raw/who.gho.cm-02/2026/09/20260907T155735Z-be5ff4c5352d.json.gz,2
who.gho.cm-02,CM_02:TZA:SEX_BTSX:AGEGROUP_MONTHS0-11,1970-01-01,2026-09-07T15:51:01Z,high,83119.0,,who.gho.cm-02,raw/who.gho.cm-02/2026/09/20260907T155101Z-65d1a3fa0413.json.gz,2
who.gho.cm-02,CM_02:TZA:SEX_BTSX:AGEGROUP_MONTHS0-11,1970-01-01,2026-09-07T15:51:01Z,low,69028.0,,who.gho.cm-02,raw/who.gho.cm-02/2026/09/20260907T155101Z-65d1a3fa0413.json.gz,2
who.gho.cm-02,CM_02:TZA:SEX_BTSX:AGEGROUP_MONTHS0-11,1970-01-01,2026-09-07T15:51:01Z,restated_at,2026-08-04,,who.gho.cm-02,raw/who.gho.cm-02/2026/09/20260907T155101Z-65d1a3fa0413.json.gz,2
who.gho.cm-02,CM_02:TZA:SEX_BTSX:AGEGROUP_MONTHS0-11,1970-01-01,2026-09-07T15:51:01Z,value,75673.0,,who.gho.cm-02,raw/who.gho.cm-02/2026/09/20260907T155101Z-65d1a3fa0413.json.gz,2
who.gho.cm-02,CM_02:TZA:SEX_FMLE:AGEGROUP_MONTHS0-11,1970-01-01,2026-09-07T15:57:49Z,high,38694.0,,who.gho.cm-02,raw/who.gho.cm-02/2026/09/20260907T155749Z-8808ed0c9a07.json.gz,2
who.gho.cm-02,CM_02:TZA:SEX_FMLE:AGEGROUP_MONTHS0-11,1970-01-01,2026-09-07T15:57:49Z,low,31636.0,,who.gho.cm-02,raw/who.gho.cm-02/2026/09/20260907T155749Z-8808ed0c9a07.json.gz,2
who.gho.cm-02,CM_02:TZA:SEX_FMLE:AGEGROUP_MONTHS0-11,1970-01-01,2026-09-07T15:57:49Z,restated_at,2026-08-04,,who.gho.cm-02,raw/who.gho.cm-02/2026/09/20260907T155749Z-8808ed0c9a07.json.gz,2
who.gho.cm-02,CM_02:TZA:SEX_FMLE:AGEGROUP_MONTHS0-11,1970-01-01,2026-09-07T15:57:49Z,value,35009.0,,who.gho.cm-02,raw/who.gho.cm-02/2026/09/20260907T155749Z-8808ed0c9a07.json.gz,2
who.gho.cm-02,CM_02:TZA:SEX_MLE:AGEGROUP_MONTHS0-11,1970-01-01,2026-09-07T15:57:59Z,high,44851.0,,who.gho.cm-02,raw/who.gho.cm-02/2026/09/20260907T155759Z-531ca935f713.json.gz,2
who.gho.cm-02,CM_02:TZA:SEX_MLE:AGEGROUP_MONTHS0-11,1970-01-01,2026-09-07T15:57:59Z,low,36881.0,,who.gho.cm-02,raw/who.gho.cm-02/2026/09/20260907T155759Z-531ca935f713.json.gz,2
who.gho.cm-02,CM_02:TZA:SEX_MLE:AGEGROUP_MONTHS0-11,1970-01-01,2026-09-07T15:57:59Z,restated_at,2026-08-04,,who.gho.cm-02,raw/who.gho.cm-02/2026/09/20260907T155759Z-531ca935f713.json.gz,2
who.gho.cm-02,CM_02:TZA:SEX_MLE:AGEGROUP_MONTHS0-11,1970-01-01,2026-09-07T15:57:59Z,value,40664.0,,who.gho.cm-02,raw/who.gho.cm-02/2026/09/20260907T155759Z-531ca935f713.json.gz,2
who.gho.cm-02,CM_02:UGA:SEX_BTSX:AGEGROUP_MONTHS0-11,1970-01-01,2026-09-07T15:51:50Z,high,59591.0,,who.gho.cm-02,raw/who.gho.cm-02/2026/09/20260907T155150Z-b2442ef3f6e6.json.gz,2
who.gho.cm-02,CM_02:UGA:SEX_BTSX:AGEGROUP_MONTHS0-11,1970-01-01,2026-09-07T15:51:50Z,low,47098.0,,who.gho.cm-02,raw/who.gho.cm-02/2026/09/20260907T155150Z-b2442ef3f6e6.json.gz,2
who.gho.cm-02,CM_02:UGA:SEX_BTSX:AGEGROUP_MONTHS0-11,1970-01-01,2026-09-07T15:51:50Z,restated_at,2026-08-04,,who.gho.cm-02,raw/who.gho.cm-02/2026/09/20260907T155150Z-b2442ef3f6e6.json.gz,2
who.gho.cm-02,CM_02:UGA:SEX_BTSX:AGEGROUP_MONTHS0-11,1970-01-01,2026-09-07T15:51:50Z,value,53072.0,,who.gho.cm-02,raw/who.gho.cm-02/2026/09/20260907T155150Z-b2442ef3f6e6.json.gz,2
who.gho.cm-02,CM_02:UGA:SEX_FMLE:AGEGROUP_MONTHS0-11,1970-01-01,2026-09-07T15:57:44Z,high,27198.0,,who.gho.cm-02,raw/who.gho.cm-02/2026/09/20260907T155744Z-e141b36e0a87.json.gz,2
who.gho.cm-02,CM_02:UGA:SEX_FMLE:AGEGROUP_MONTHS0-11,1970-01-01,2026-09-07T15:57:44Z,low,21249.0,,who.gho.cm-02,raw/who.gho.cm-02/2026/09/20260907T155744Z-e141b36e0a87.json.gz,2
who.gho.cm-02,CM_02:UGA:SEX_FMLE:AGEGROUP_MONTHS0-11,1970-01-01,2026-09-07T15:57:44Z,restated_at,2026-08-04,,who.gho.cm-02,raw/who.gho.cm-02/2026/09/20260907T155744Z-e141b36e0a87.json.gz,2
who.gho.cm-02,CM_02:UGA:SEX_FMLE:AGEGROUP_MONTHS0-11,1970-01-01,2026-09-07T15:57:44Z,value,24136.0,,who.gho.cm-02,raw/who.gho.cm-02/2026/09/20260907T155744Z-e141b36e0a87.json.gz,2
who.gho.cm-02,CM_02:UGA:SEX_MLE:AGEGROUP_MONTHS0-11,1970-01-01,2026-09-07T15:50:57Z,high,32600.0,,who.gho.cm-02,raw/who.gho.cm-02/2026/09/20260907T155057Z-e03fd9f60113.json.gz,2
who.gho.cm-02,CM_02:UGA:SEX_MLE:AGEGROUP_MONTHS0-11,1970-01-01,2026-09-07T15:50:57Z,low,25494.0,,who.gho.cm-02,raw/who.gho.cm-02/2026/09/20260907T155057Z-e03fd9f60113.json.gz,2
who.gho.cm-02,CM_02:UGA:SEX_MLE:AGEGROUP_MONTHS0-11,1970-01-01,2026-09-07T15:50:57Z,restated_at,2026-08-04,,who.gho.cm-02,raw/who.gho.cm-02/2026/09/20260907T155057Z-e03fd9f60113.json.gz,2
who.gho.cm-02,CM_02:UGA:SEX_MLE:AGEGROUP_MONTHS0-11,1970-01-01,2026-09-07T15:50:57Z,value,28936.0,,who.gho.cm-02,raw/who.gho.cm-02/2026/09/20260907T155057Z-e03fd9f60113.json.gz,2
who.gho.cm-02,CM_02:URY:SEX_BTSX:AGEGROUP_MONTHS0-11,1970-01-01,2026-09-07T15:57:59Z,high,2757.0,,who.gho.cm-02,raw/who.gho.cm-02/2026/09/20260907T155759Z-531ca935f713.json.gz,2
who.gho.cm-02,CM_02:URY:SEX_BTSX:AGEGROUP_MONTHS0-11,1970-01-01,2026-09-07T15:57:59Z,low,2659.0,,who.gho.cm-02,raw/who.gho.cm-02/2026/09/20260907T155759Z-531ca935f713.json.gz,2
who.gho.cm-02,CM_02:URY:SEX_BTSX:AGEGROUP_MONTHS0-11,1970-01-01,2026-09-07T15:57:59Z,restated_at,2026-08-04,,who.gho.cm-02,raw/who.gho.cm-02/2026/09/20260907T155759Z-531ca935f713.json.gz,2
who.gho.cm-02,CM_02:URY:SEX_BTSX:AGEGROUP_MONTHS0-11,1970-01-01,2026-09-07T15:57:59Z,value,2707.0,,who.gho.cm-02,raw/who.gho.cm-02/2026/09/20260907T155759Z-531ca935f713.json.gz,2
who.gho.cm-02,CM_02:URY:SEX_FMLE:AGEGROUP_MONTHS0-11,1970-01-01,2026-09-07T15:57:40Z,high,1179.0,,who.gho.cm-02,raw/who.gho.cm-02/2026/09/20260907T155740Z-31068700a25d.json.gz,2
who.gho.cm-02,CM_02:URY:SEX_FMLE:AGEGROUP_MONTHS0-11,1970-01-01,2026-09-07T15:57:40Z,low,1122.0,,who.gho.cm-02,raw/who.gho.cm-02/2026/09/20260907T155740Z-31068700a25d.json.gz,2
who.gho.cm-02,CM_02:URY:SEX_FMLE:AGEGROUP_MONTHS0-11,1970-01-01,2026-09-07T15:57:40Z,restated_at,2026-08-04,,who.gho.cm-02,raw/who.gho.cm-02/2026/09/20260907T155740Z-31068700a25d.json.gz,2
who.gho.cm-02,CM_02:URY:SEX_FMLE:AGEGROUP_MONTHS0-11,1970-01-01,2026-09-07T15:57:40Z,value,1149.0,,who.gho.cm-02,raw/who.gho.cm-02/2026/09/20260907T155740Z-31068700a25d.json.gz,2
who.gho.cm-02,CM_02:URY:SEX_MLE:AGEGROUP_MONTHS0-11,1970-01-01,2026-09-07T15:57:49Z,high,1594.0,,who.gho.cm-02,raw/who.gho.cm-02/2026/09/20260907T155749Z-8808ed0c9a07.json.gz,2
who.gho.cm-02,CM_02:URY:SEX_MLE:AGEGROUP_MONTHS0-11,1970-01-01,2026-09-07T15:57:49Z,low,1527.0,,who.gho.cm-02,raw/who.gho.cm-02/2026/09/20260907T155749Z-8808ed0c9a07.json.gz,2
who.gho.cm-02,CM_02:URY:SEX_MLE:AGEGROUP_MONTHS0-11,1970-01-01,2026-09-07T15:57:49Z,restated_at,2026-08-04,,who.gho.cm-02,raw/who.gho.cm-02/2026/09/20260907T155749Z-8808ed0c9a07.json.gz,2
who.gho.cm-02,CM_02:URY:SEX_MLE:AGEGROUP_MONTHS0-11,1970-01-01,2026-09-07T15:57:49Z,value,1558.0,,who.gho.cm-02,raw/who.gho.cm-02/2026/09/20260907T155749Z-8808ed0c9a07.json.gz,2
who.gho.cm-02,CM_02:USA:SEX_BTSX:AGEGROUP_MONTHS0-11,1970-01-01,2026-09-07T15:51:21Z,high,77161.0,,who.gho.cm-02,raw/who.gho.cm-02/2026/09/20260907T155121Z-1b14643329ca.json.gz,2
who.gho.cm-02,CM_02:USA:SEX_BTSX:AGEGROUP_MONTHS0-11,1970-01-01,2026-09-07T15:51:21Z,low,74697.0,,who.gho.cm-02,raw/who.gho.cm-02/2026/09/20260907T155121Z-1b14643329ca.json.gz,2
who.gho.cm-02,CM_02:USA:SEX_BTSX:AGEGROUP_MONTHS0-11,1970-01-01,2026-09-07T15:51:21Z,restated_at,2026-08-04,,who.gho.cm-02,raw/who.gho.cm-02/2026/09/20260907T155121Z-1b14643329ca.json.gz,2
who.gho.cm-02,CM_02:USA:SEX_BTSX:AGEGROUP_MONTHS0-11,1970-01-01,2026-09-07T15:51:21Z,value,75911.0,,who.gho.cm-02,raw/who.gho.cm-02/2026/09/20260907T155121Z-1b14643329ca.json.gz,2
who.gho.cm-02,CM_02:USA:SEX_FMLE:AGEGROUP_MONTHS0-11,1970-01-01,2026-09-07T15:57:12Z,high,32836.0,,who.gho.cm-02,raw/who.gho.cm-02/2026/09/20260907T155712Z-98aa519eeacd.json.gz,2
who.gho.cm-02,CM_02:USA:SEX_FMLE:AGEGROUP_MONTHS0-11,1970-01-01,2026-09-07T15:57:12Z,low,31724.0,,who.gho.cm-02,raw/who.gho.cm-02/2026/09/20260907T155712Z-98aa519eeacd.json.gz,2
who.gho.cm-02,CM_02:USA:SEX_FMLE:AGEGROUP_MONTHS0-11,1970-01-01,2026-09-07T15:57:12Z,restated_at,2026-08-04,,who.gho.cm-02,raw/who.gho.cm-02/2026/09/20260907T155712Z-98aa519eeacd.json.gz,2
who.gho.cm-02,CM_02:USA:SEX_FMLE:AGEGROUP_MONTHS0-11,1970-01-01,2026-09-07T15:57:12Z,value,32263.0,,who.gho.cm-02,raw/who.gho.cm-02/2026/09/20260907T155712Z-98aa519eeacd.json.gz,2
who.gho.cm-02,CM_02:USA:SEX_MLE:AGEGROUP_MONTHS0-11,1970-01-01,2026-09-07T15:58:16Z,high,44386.0,,who.gho.cm-02,raw/who.gho.cm-02/2026/09/20260907T155816Z-99a1a16a015f.json.gz,2
who.gho.cm-02,CM_02:USA:SEX_MLE:AGEGROUP_MONTHS0-11,1970-01-01,2026-09-07T15:58:16Z,low,42936.0,,who.gho.cm-02,raw/who.gho.cm-02/2026/09/20260907T155816Z-99a1a16a015f.json.gz,2
who.gho.cm-02,CM_02:USA:SEX_MLE:AGEGROUP_MONTHS0-11,1970-01-01,2026-09-07T15:58:16Z,restated_at,2026-08-04,,who.gho.cm-02,raw/who.gho.cm-02/2026/09/20260907T155816Z-99a1a16a015f.json.gz,2
who.gho.cm-02,CM_02:USA:SEX_MLE:AGEGROUP_MONTHS0-11,1970-01-01,2026-09-07T15:58:16Z,value,43648.0,,who.gho.cm-02,raw/who.gho.cm-02/2026/09/20260907T155816Z-99a1a16a015f.json.gz,2
who.gho.cm-02,CM_02:VCT:SEX_BTSX:AGEGROUP_MONTHS0-11,1970-01-01,2026-09-07T15:57:00Z,high,200.0,,who.gho.cm-02,raw/who.gho.cm-02/2026/09/20260907T155700Z-8ffcb12aceff.json.gz,2
who.gho.cm-02,CM_02:VCT:SEX_BTSX:AGEGROUP_MONTHS0-11,1970-01-01,2026-09-07T15:57:00Z,low,173.0,,who.gho.cm-02,raw/who.gho.cm-02/2026/09/20260907T155700Z-8ffcb12aceff.json.gz,2
who.gho.cm-02,CM_02:VCT:SEX_BTSX:AGEGROUP_MONTHS0-11,1970-01-01,2026-09-07T15:57:00Z,restated_at,2026-08-04,,who.gho.cm-02,raw/who.gho.cm-02/2026/09/20260907T155700Z-8ffcb12aceff.json.gz,2
who.gho.cm-02,CM_02:VCT:SEX_BTSX:AGEGROUP_MONTHS0-11,1970-01-01,2026-09-07T15:57:00Z,value,186.0,,who.gho.cm-02,raw/who.gho.cm-02/2026/09/20260907T155700Z-8ffcb12aceff.json.gz,2
who.gho.cm-02,CM_02:VCT:SEX_FMLE:AGEGROUP_MONTHS0-11,1970-01-01,2026-09-07T15:52:18Z,high,92.0,,who.gho.cm-02,raw/who.gho.cm-02/2026/09/20260907T155218Z-7dbb6db1a58a.json.gz,2
who.gho.cm-02,CM_02:VCT:SEX_FMLE:AGEGROUP_MONTHS0-11,1970-01-01,2026-09-07T15:52:18Z,low,77.0,,who.gho.cm-02,raw/who.gho.cm-02/2026/09/20260907T155218Z-7dbb6db1a58a.json.gz,2
who.gho.cm-02,CM_02:VCT:SEX_FMLE:AGEGROUP_MONTHS0-11,1970-01-01,2026-09-07T15:52:18Z,restated_at,2026-08-04,,who.gho.cm-02,raw/who.gho.cm-02/2026/09/20260907T155218Z-7dbb6db1a58a.json.gz,2
who.gho.cm-02,CM_02:VCT:SEX_FMLE:AGEGROUP_MONTHS0-11,1970-01-01,2026-09-07T15:52:18Z,value,84.0,,who.gho.cm-02,raw/who.gho.cm-02/2026/09/20260907T155218Z-7dbb6db1a58a.json.gz,2
who.gho.cm-02,CM_02:VCT:SEX_MLE:AGEGROUP_MONTHS0-11,1970-01-01,2026-09-07T15:51:40Z,high,110.0,,who.gho.cm-02,raw/who.gho.cm-02/2026/09/20260907T155140Z-2ccf90b4d287.json.gz,2
who.gho.cm-02,CM_02:VCT:SEX_MLE:AGEGROUP_MONTHS0-11,1970-01-01,2026-09-07T15:51:40Z,low,94.0,,who.gho.cm-02,raw/who.gho.cm-02/2026/09/20260907T155140Z-2ccf90b4d287.json.gz,2
who.gho.cm-02,CM_02:VCT:SEX_MLE:AGEGROUP_MONTHS0-11,1970-01-01,2026-09-07T15:51:40Z,restated_at,2025-04-15,,who.gho.cm-02,raw/who.gho.cm-02/2026/09/20260907T155140Z-2ccf90b4d287.json.gz,2
who.gho.cm-02,CM_02:VCT:SEX_MLE:AGEGROUP_MONTHS0-11,1970-01-01,2026-09-07T15:51:40Z,value,102.0,,who.gho.cm-02,raw/who.gho.cm-02/2026/09/20260907T155140Z-2ccf90b4d287.json.gz,2
who.gho.cm-02,CM_02:VEN:SEX_BTSX:AGEGROUP_MONTHS0-11,1970-01-01,2026-09-07T15:52:37Z,high,22920.0,,who.gho.cm-02,raw/who.gho.cm-02/2026/09/20260907T155237Z-35c7d31783eb.json.gz,2
who.gho.cm-02,CM_02:VEN:SEX_BTSX:AGEGROUP_MONTHS0-11,1970-01-01,2026-09-07T15:52:37Z,low,18541.0,,who.gho.cm-02,raw/who.gho.cm-02/2026/09/20260907T155237Z-35c7d31783eb.json.gz,2
who.gho.cm-02,CM_02:VEN:SEX_BTSX:AGEGROUP_MONTHS0-11,1970-01-01,2026-09-07T15:52:37Z,restated_at,2026-08-04,,who.gho.cm-02,raw/who.gho.cm-02/2026/09/20260907T155237Z-35c7d31783eb.json.gz,2
who.gho.cm-02,CM_02:VEN:SEX_BTSX:AGEGROUP_MONTHS0-11,1970-01-01,2026-09-07T15:52:37Z,value,20759.0,,who.gho.cm-02,raw/who.gho.cm-02/2026/09/20260907T155237Z-35c7d31783eb.json.gz,2
who.gho.cm-02,CM_02:VEN:SEX_FMLE:AGEGROUP_MONTHS0-11,1970-01-01,2026-09-07T15:58:07Z,high,10057.0,,who.gho.cm-02,raw/who.gho.cm-02/2026/09/20260907T155807Z-33d1eb328c3d.json.gz,2
who.gho.cm-02,CM_02:VEN:SEX_FMLE:AGEGROUP_MONTHS0-11,1970-01-01,2026-09-07T15:58:07Z,low,7980.0,,who.gho.cm-02,raw/who.gho.cm-02/2026/09/20260907T155807Z-33d1eb328c3d.json.gz,2
who.gho.cm-02,CM_02:VEN:SEX_FMLE:AGEGROUP_MONTHS0-11,1970-01-01,2026-09-07T15:58:07Z,restated_at,2026-08-04,,who.gho.cm-02,raw/who.gho.cm-02/2026/09/20260907T155807Z-33d1eb328c3d.json.gz,2
who.gho.cm-02,CM_02:VEN:SEX_FMLE:AGEGROUP_MONTHS0-11,1970-01-01,2026-09-07T15:58:07Z,value,9021.0,,who.gho.cm-02,raw/who.gho.cm-02/2026/09/20260907T155807Z-33d1eb328c3d.json.gz,2
who.gho.cm-02,CM_02:VEN:SEX_MLE:AGEGROUP_MONTHS0-11,1970-01-01,2026-09-07T15:57:54Z,high,13013.0,,who.gho.cm-02,raw/who.gho.cm-02/2026/09/20260907T155754Z-3bea881db2b4.json.gz,2
who.gho.cm-02,CM_02:VEN:SEX_MLE:AGEGROUP_MONTHS0-11,1970-01-01,2026-09-07T15:57:54Z,low,10417.0,,who.gho.cm-02,raw/who.gho.cm-02/2026/09/20260907T155754Z-3bea881db2b4.json.gz,2
who.gho.cm-02,CM_02:VEN:SEX_MLE:AGEGROUP_MONTHS0-11,1970-01-01,2026-09-07T15:57:54Z,restated_at,2026-08-04,,who.gho.cm-02,raw/who.gho.cm-02/2026/09/20260907T155754Z-3bea881db2b4.json.gz,2
who.gho.cm-02,CM_02:VEN:SEX_MLE:AGEGROUP_MONTHS0-11,1970-01-01,2026-09-07T15:57:54Z,value,11738.0,,who.gho.cm-02,raw/who.gho.cm-02/2026/09/20260907T155754Z-3bea881db2b4.json.gz,2
who.gho.cm-02,CM_02:VGB:SEX_BTSX:AGEGROUP_MONTHS0-11,1970-01-01,2026-09-07T15:57:59Z,high,15.0,,who.gho.cm-02,raw/who.gho.cm-02/2026/09/20260907T155759Z-531ca935f713.json.gz,2
who.gho.cm-02,CM_02:VGB:SEX_BTSX:AGEGROUP_MONTHS0-11,1970-01-01,2026-09-07T15:57:59Z,low,10.0,,who.gho.cm-02,raw/who.gho.cm-02/2026/09/20260907T155759Z-531ca935f713.json.gz,2
who.gho.cm-02,CM_02:VGB:SEX_BTSX:AGEGROUP_MONTHS0-11,1970-01-01,2026-09-07T15:57:59Z,restated_at,2025-04-15,,who.gho.cm-02,raw/who.gho.cm-02/2026/09/20260907T155759Z-531ca935f713.json.gz,2
who.gho.cm-02,CM_02:VGB:SEX_BTSX:AGEGROUP_MONTHS0-11,1970-01-01,2026-09-07T15:57:59Z,value,12.0,,who.gho.cm-02,raw/who.gho.cm-02/2026/09/20260907T155759Z-531ca935f713.json.gz,2
who.gho.cm-02,CM_02:VGB:SEX_FMLE:AGEGROUP_MONTHS0-11,1970-01-01,2026-09-07T15:57:26Z,high,6.0,,who.gho.cm-02,raw/who.gho.cm-02/2026/09/20260907T155726Z-31d0241a6d30.json.gz,2
who.gho.cm-02,CM_02:VGB:SEX_FMLE:AGEGROUP_MONTHS0-11,1970-01-01,2026-09-07T15:57:26Z,low,4.0,,who.gho.cm-02,raw/who.gho.cm-02/2026/09/20260907T155726Z-31d0241a6d30.json.gz,2
who.gho.cm-02,CM_02:VGB:SEX_FMLE:AGEGROUP_MONTHS0-11,1970-01-01,2026-09-07T15:57:26Z,restated_at,2025-04-15,,who.gho.cm-02,raw/who.gho.cm-02/2026/09/20260907T155726Z-31d0241a6d30.json.gz,2
who.gho.cm-02,CM_02:VGB:SEX_FMLE:AGEGROUP_MONTHS0-11,1970-01-01,2026-09-07T15:57:26Z,value,5.0,,who.gho.cm-02,raw/who.gho.cm-02/2026/09/20260907T155726Z-31d0241a6d30.json.gz,2
who.gho.cm-02,CM_02:VGB:SEX_MLE:AGEGROUP_MONTHS0-11,1970-01-01,2026-09-07T15:50:57Z,high,9.0,,who.gho.cm-02,raw/who.gho.cm-02/2026/09/20260907T155057Z-e03fd9f60113.json.gz,2
who.gho.cm-02,CM_02:VGB:SEX_MLE:AGEGROUP_MONTHS0-11,1970-01-01,2026-09-07T15:50:57Z,low,6.0,,who.gho.cm-02,raw/who.gho.cm-02/2026/09/20260907T155057Z-e03fd9f60113.json.gz,2
who.gho.cm-02,CM_02:VGB:SEX_MLE:AGEGROUP_MONTHS0-11,1970-01-01,2026-09-07T15:50:57Z,restated_at,2025-04-15,,who.gho.cm-02,raw/who.gho.cm-02/2026/09/20260907T155057Z-e03fd9f60113.json.gz,2
who.gho.cm-02,CM_02:VGB:SEX_MLE:AGEGROUP_MONTHS0-11,1970-01-01,2026-09-07T15:50:57Z,value,7.0,,who.gho.cm-02,raw/who.gho.cm-02/2026/09/20260907T155057Z-e03fd9f60113.json.gz,2
who.gho.cm-02,CM_02:VNM:SEX_BTSX:AGEGROUP_MONTHS0-11,1970-01-01,2026-09-07T15:52:37Z,high,107759.0,,who.gho.cm-02,raw/who.gho.cm-02/2026/09/20260907T155237Z-35c7d31783eb.json.gz,2
who.gho.cm-02,CM_02:VNM:SEX_BTSX:AGEGROUP_MONTHS0-11,1970-01-01,2026-09-07T15:52:37Z,low,81542.0,,who.gho.cm-02,raw/who.gho.cm-02/2026/09/20260907T155237Z-35c7d31783eb.json.gz,2
who.gho.cm-02,CM_02:VNM:SEX_BTSX:AGEGROUP_MONTHS0-11,1970-01-01,2026-09-07T15:52:37Z,restated_at,2026-08-04,,who.gho.cm-02,raw/who.gho.cm-02/2026/09/20260907T155237Z-35c7d31783eb.json.gz,2
who.gho.cm-02,CM_02:VNM:SEX_BTSX:AGEGROUP_MONTHS0-11,1970-01-01,2026-09-07T15:52:37Z,value,93764.0,,who.gho.cm-02,raw/who.gho.cm-02/2026/09/20260907T155237Z-35c7d31783eb.json.gz,2
who.gho.cm-02,CM_02:VNM:SEX_FMLE:AGEGROUP_MONTHS0-11,1970-01-01,2026-09-07T15:57:12Z,high,47023.0,,who.gho.cm-02,raw/who.gho.cm-02/2026/09/20260907T155712Z-98aa519eeacd.json.gz,2
who.gho.cm-02,CM_02:VNM:SEX_FMLE:AGEGROUP_MONTHS0-11,1970-01-01,2026-09-07T15:57:12Z,low,35079.0,,who.gho.cm-02,raw/who.gho.cm-02/2026/09/20260907T155712Z-98aa519eeacd.json.gz,2
who.gho.cm-02,CM_02:VNM:SEX_FMLE:AGEGROUP_MONTHS0-11,1970-01-01,2026-09-07T15:57:12Z,restated_at,2026-08-04,,who.gho.cm-02,raw/who.gho.cm-02/2026/09/20260907T155712Z-98aa519eeacd.json.gz,2
who.gho.cm-02,CM_02:VNM:SEX_FMLE:AGEGROUP_MONTHS0-11,1970-01-01,2026-09-07T15:57:12Z,value,40596.0,,who.gho.cm-02,raw/who.gho.cm-02/2026/09/20260907T155712Z-98aa519eeacd.json.gz,2
who.gho.cm-02,CM_02:VNM:SEX_MLE:AGEGROUP_MONTHS0-11,1970-01-01,2026-09-07T15:51:25Z,high,61275.0,,who.gho.cm-02,raw/who.gho.cm-02/2026/09/20260907T155125Z-b41e2575e826.json.gz,2
who.gho.cm-02,CM_02:VNM:SEX_MLE:AGEGROUP_MONTHS0-11,1970-01-01,2026-09-07T15:51:25Z,low,46074.0,,who.gho.cm-02,raw/who.gho.cm-02/2026/09/20260907T155125Z-b41e2575e826.json.gz,2
who.gho.cm-02,CM_02:VNM:SEX_MLE:AGEGROUP_MONTHS0-11,1970-01-01,2026-09-07T15:51:25Z,restated_at,2026-08-04,,who.gho.cm-02,raw/who.gho.cm-02/2026/09/20260907T155125Z-b41e2575e826.json.gz,2
who.gho.cm-02,CM_02:VNM:SEX_MLE:AGEGROUP_MONTHS0-11,1970-01-01,2026-09-07T15:51:25Z,value,53168.0,,who.gho.cm-02,raw/who.gho.cm-02/2026/09/20260907T155125Z-b41e2575e826.json.gz,2
who.gho.cm-02,CM_02:VUT:SEX_BTSX:AGEGROUP_MONTHS0-11,1970-01-01,2026-09-07T15:57:30Z,high,368.0,,who.gho.cm-02,raw/who.gho.cm-02/2026/09/20260907T155730Z-1fe49c27b9ed.json.gz,2
who.gho.cm-02,CM_02:VUT:SEX_BTSX:AGEGROUP_MONTHS0-11,1970-01-01,2026-09-07T15:57:30Z,low,231.0,,who.gho.cm-02,raw/who.gho.cm-02/2026/09/20260907T155730Z-1fe49c27b9ed.json.gz,2
who.gho.cm-02,CM_02:VUT:SEX_BTSX:AGEGROUP_MONTHS0-11,1970-01-01,2026-09-07T15:57:30Z,restated_at,2026-08-04,,who.gho.cm-02,raw/who.gho.cm-02/2026/09/20260907T155730Z-1fe49c27b9ed.json.gz,2
who.gho.cm-02,CM_02:VUT:SEX_BTSX:AGEGROUP_MONTHS0-11,1970-01-01,2026-09-07T15:57:30Z,value,291.0,,who.gho.cm-02,raw/who.gho.cm-02/2026/09/20260907T155730Z-1fe49c27b9ed.json.gz,2
who.gho.cm-02,CM_02:VUT:SEX_FMLE:AGEGROUP_MONTHS0-11,1970-01-01,2026-09-07T15:54:17Z,high,169.0,,who.gho.cm-02,raw/who.gho.cm-02/2026/09/20260907T155417Z-e87fb31944b5.json.gz,2
who.gho.cm-02,CM_02:VUT:SEX_FMLE:AGEGROUP_MONTHS0-11,1970-01-01,2026-09-07T15:54:17Z,low,104.0,,who.gho.cm-02,raw/who.gho.cm-02/2026/09/20260907T155417Z-e87fb31944b5.json.gz,2
who.gho.cm-02,CM_02:VUT:SEX_FMLE:AGEGROUP_MONTHS0-11,1970-01-01,2026-09-07T15:54:17Z,restated_at,2026-08-04,,who.gho.cm-02,raw/who.gho.cm-02/2026/09/20260907T155417Z-e87fb31944b5.json.gz,2
who.gho.cm-02,CM_02:VUT:SEX_FMLE:AGEGROUP_MONTHS0-11,1970-01-01,2026-09-07T15:54:17Z,value,133.0,,who.gho.cm-02,raw/who.gho.cm-02/2026/09/20260907T155417Z-e87fb31944b5.json.gz,2
who.gho.cm-02,CM_02:VUT:SEX_MLE:AGEGROUP_MONTHS0-11,1970-01-01,2026-09-07T15:50:52Z,high,201.0,,who.gho.cm-02,raw/who.gho.cm-02/2026/09/20260907T155052Z-3109a96dcee3.json.gz,2
who.gho.cm-02,CM_02:VUT:SEX_MLE:AGEGROUP_MONTHS0-11,1970-01-01,2026-09-07T15:50:52Z,low,125.0,,who.gho.cm-02,raw/who.gho.cm-02/2026/09/20260907T155052Z-3109a96dcee3.json.gz,2
who.gho.cm-02,CM_02:VUT:SEX_MLE:AGEGROUP_MONTHS0-11,1970-01-01,2026-09-07T15:50:52Z,restated_at,2026-08-04,,who.gho.cm-02,raw/who.gho.cm-02/2026/09/20260907T155052Z-3109a96dcee3.json.gz,2
who.gho.cm-02,CM_02:VUT:SEX_MLE:AGEGROUP_MONTHS0-11,1970-01-01,2026-09-07T15:50:52Z,value,158.0,,who.gho.cm-02,raw/who.gho.cm-02/2026/09/20260907T155052Z-3109a96dcee3.json.gz,2
who.gho.cm-02,CM_02:WSM:SEX_BTSX:AGEGROUP_MONTHS0-11,1970-01-01,2026-09-07T15:51:30Z,high,369.0,,who.gho.cm-02,raw/who.gho.cm-02/2026/09/20260907T155130Z-b74d44aee08e.json.gz,2
who.gho.cm-02,CM_02:WSM:SEX_BTSX:AGEGROUP_MONTHS0-11,1970-01-01,2026-09-07T15:51:30Z,low,260.0,,who.gho.cm-02,raw/who.gho.cm-02/2026/09/20260907T155130Z-b74d44aee08e.json.gz,2
who.gho.cm-02,CM_02:WSM:SEX_BTSX:AGEGROUP_MONTHS0-11,1970-01-01,2026-09-07T15:51:30Z,restated_at,2026-08-04,,who.gho.cm-02,raw/who.gho.cm-02/2026/09/20260907T155130Z-b74d44aee08e.json.gz,2
who.gho.cm-02,CM_02:WSM:SEX_BTSX:AGEGROUP_MONTHS0-11,1970-01-01,2026-09-07T15:51:30Z,value,311.0,,who.gho.cm-02,raw/who.gho.cm-02/2026/09/20260907T155130Z-b74d44aee08e.json.gz,2
who.gho.cm-02,CM_02:WSM:SEX_FMLE:AGEGROUP_MONTHS0-11,1970-01-01,2026-09-07T15:58:25Z,high,162.0,,who.gho.cm-02,raw/who.gho.cm-02/2026/09/20260907T155825Z-6675ad1e3bc7.json.gz,2
who.gho.cm-02,CM_02:WSM:SEX_FMLE:AGEGROUP_MONTHS0-11,1970-01-01,2026-09-07T15:58:25Z,low,112.0,,who.gho.cm-02,raw/who.gho.cm-02/2026/09/20260907T155825Z-6675ad1e3bc7.json.gz,2
who.gho.cm-02,CM_02:WSM:SEX_FMLE:AGEGROUP_MONTHS0-11,1970-01-01,2026-09-07T15:58:25Z,restated_at,2026-08-04,,who.gho.cm-02,raw/who.gho.cm-02/2026/09/20260907T155825Z-6675ad1e3bc7.json.gz,2
who.gho.cm-02,CM_02:WSM:SEX_FMLE:AGEGROUP_MONTHS0-11,1970-01-01,2026-09-07T15:58:25Z,value,135.0,,who.gho.cm-02,raw/who.gho.cm-02/2026/09/20260907T155825Z-6675ad1e3bc7.json.gz,2
who.gho.cm-02,CM_02:WSM:SEX_MLE:AGEGROUP_MONTHS0-11,1970-01-01,2026-09-07T15:57:30Z,high,210.0,,who.gho.cm-02,raw/who.gho.cm-02/2026/09/20260907T155730Z-1fe49c27b9ed.json.gz,2
who.gho.cm-02,CM_02:WSM:SEX_MLE:AGEGROUP_MONTHS0-11,1970-01-01,2026-09-07T15:57:30Z,low,147.0,,who.gho.cm-02,raw/who.gho.cm-02/2026/09/20260907T155730Z-1fe49c27b9ed.json.gz,2
who.gho.cm-02,CM_02:WSM:SEX_MLE:AGEGROUP_MONTHS0-11,1970-01-01,2026-09-07T15:57:30Z,restated_at,2026-08-04,,who.gho.cm-02,raw/who.gho.cm-02/2026/09/20260907T155730Z-1fe49c27b9ed.json.gz,2
who.gho.cm-02,CM_02:WSM:SEX_MLE:AGEGROUP_MONTHS0-11,1970-01-01,2026-09-07T15:57:30Z,value,176.0,,who.gho.cm-02,raw/who.gho.cm-02/2026/09/20260907T155730Z-1fe49c27b9ed.json.gz,2
who.gho.cm-02,CM_02:YEM:SEX_BTSX:AGEGROUP_MONTHS0-11,1970-01-01,2026-09-07T15:57:17Z,high,92928.0,,who.gho.cm-02,raw/who.gho.cm-02/2026/09/20260907T155717Z-89bc69b90b61.json.gz,2
who.gho.cm-02,CM_02:YEM:SEX_BTSX:AGEGROUP_MONTHS0-11,1970-01-01,2026-09-07T15:57:17Z,low,77658.0,,who.gho.cm-02,raw/who.gho.cm-02/2026/09/20260907T155717Z-89bc69b90b61.json.gz,2
who.gho.cm-02,CM_02:YEM:SEX_BTSX:AGEGROUP_MONTHS0-11,1970-01-01,2026-09-07T15:57:17Z,restated_at,2026-08-04,,who.gho.cm-02,raw/who.gho.cm-02/2026/09/20260907T155717Z-89bc69b90b61.json.gz,2
who.gho.cm-02,CM_02:YEM:SEX_BTSX:AGEGROUP_MONTHS0-11,1970-01-01,2026-09-07T15:57:17Z,value,84996.0,,who.gho.cm-02,raw/who.gho.cm-02/2026/09/20260907T155717Z-89bc69b90b61.json.gz,2
who.gho.cm-02,CM_02:YEM:SEX_FMLE:AGEGROUP_MONTHS0-11,1970-01-01,2026-09-07T15:56:48Z,high,42412.0,,who.gho.cm-02,raw/who.gho.cm-02/2026/09/20260907T155648Z-e962102586d9.json.gz,2
who.gho.cm-02,CM_02:YEM:SEX_FMLE:AGEGROUP_MONTHS0-11,1970-01-01,2026-09-07T15:56:48Z,low,35044.0,,who.gho.cm-02,raw/who.gho.cm-02/2026/09/20260907T155648Z-e962102586d9.json.gz,2
who.gho.cm-02,CM_02:YEM:SEX_FMLE:AGEGROUP_MONTHS0-11,1970-01-01,2026-09-07T15:56:48Z,restated_at,2026-08-04,,who.gho.cm-02,raw/who.gho.cm-02/2026/09/20260907T155648Z-e962102586d9.json.gz,2
who.gho.cm-02,CM_02:YEM:SEX_FMLE:AGEGROUP_MONTHS0-11,1970-01-01,2026-09-07T15:56:48Z,value,38592.0,,who.gho.cm-02,raw/who.gho.cm-02/2026/09/20260907T155648Z-e962102586d9.json.gz,2
who.gho.cm-02,CM_02:YEM:SEX_MLE:AGEGROUP_MONTHS0-11,1970-01-01,2026-09-07T15:56:37Z,high,50962.0,,who.gho.cm-02,raw/who.gho.cm-02/2026/09/20260907T155637Z-c7bda929b138.json.gz,2
who.gho.cm-02,CM_02:YEM:SEX_MLE:AGEGROUP_MONTHS0-11,1970-01-01,2026-09-07T15:56:37Z,low,42250.0,,who.gho.cm-02,raw/who.gho.cm-02/2026/09/20260907T155637Z-c7bda929b138.json.gz,2
who.gho.cm-02,CM_02:YEM:SEX_MLE:AGEGROUP_MONTHS0-11,1970-01-01,2026-09-07T15:56:37Z,restated_at,2026-08-04,,who.gho.cm-02,raw/who.gho.cm-02/2026/09/20260907T155637Z-c7bda929b138.json.gz,2
who.gho.cm-02,CM_02:YEM:SEX_MLE:AGEGROUP_MONTHS0-11,1970-01-01,2026-09-07T15:56:37Z,value,46404.0,,who.gho.cm-02,raw/who.gho.cm-02/2026/09/20260907T155637Z-c7bda929b138.json.gz,2
who.gho.cm-02,CM_02:ZMB:SEX_BTSX:AGEGROUP_MONTHS0-11,1970-01-01,2026-09-07T15:51:50Z,high,20698.0,,who.gho.cm-02,raw/who.gho.cm-02/2026/09/20260907T155150Z-b2442ef3f6e6.json.gz,2
who.gho.cm-02,CM_02:ZMB:SEX_BTSX:AGEGROUP_MONTHS0-11,1970-01-01,2026-09-07T15:51:50Z,low,17318.0,,who.gho.cm-02,raw/who.gho.cm-02/2026/09/20260907T155150Z-b2442ef3f6e6.json.gz,2
who.gho.cm-02,CM_02:ZMB:SEX_BTSX:AGEGROUP_MONTHS0-11,1970-01-01,2026-09-07T15:51:50Z,restated_at,2026-08-04,,who.gho.cm-02,raw/who.gho.cm-02/2026/09/20260907T155150Z-b2442ef3f6e6.json.gz,2
who.gho.cm-02,CM_02:ZMB:SEX_BTSX:AGEGROUP_MONTHS0-11,1970-01-01,2026-09-07T15:51:50Z,value,18971.0,,who.gho.cm-02,raw/who.gho.cm-02/2026/09/20260907T155150Z-b2442ef3f6e6.json.gz,2
who.gho.cm-02,CM_02:ZMB:SEX_FMLE:AGEGROUP_MONTHS0-11,1970-01-01,2026-09-07T15:57:35Z,high,9770.0,,who.gho.cm-02,raw/who.gho.cm-02/2026/09/20260907T155735Z-be5ff4c5352d.json.gz,2
who.gho.cm-02,CM_02:ZMB:SEX_FMLE:AGEGROUP_MONTHS0-11,1970-01-01,2026-09-07T15:57:35Z,low,8019.0,,who.gho.cm-02,raw/who.gho.cm-02/2026/09/20260907T155735Z-be5ff4c5352d.json.gz,2
who.gho.cm-02,CM_02:ZMB:SEX_FMLE:AGEGROUP_MONTHS0-11,1970-01-01,2026-09-07T15:57:35Z,restated_at,2026-08-04,,who.gho.cm-02,raw/who.gho.cm-02/2026/09/20260907T155735Z-be5ff4c5352d.json.gz,2
who.gho.cm-02,CM_02:ZMB:SEX_FMLE:AGEGROUP_MONTHS0-11,1970-01-01,2026-09-07T15:57:35Z,value,8883.0,,who.gho.cm-02,raw/who.gho.cm-02/2026/09/20260907T155735Z-be5ff4c5352d.json.gz,2
who.gho.cm-02,CM_02:ZMB:SEX_MLE:AGEGROUP_MONTHS0-11,1970-01-01,2026-09-07T15:51:11Z,high,11070.0,,who.gho.cm-02,raw/who.gho.cm-02/2026/09/20260907T155111Z-17577dbcf352.json.gz,2
who.gho.cm-02,CM_02:ZMB:SEX_MLE:AGEGROUP_MONTHS0-11,1970-01-01,2026-09-07T15:51:11Z,low,9144.0,,who.gho.cm-02,raw/who.gho.cm-02/2026/09/20260907T155111Z-17577dbcf352.json.gz,2
who.gho.cm-02,CM_02:ZMB:SEX_MLE:AGEGROUP_MONTHS0-11,1970-01-01,2026-09-07T15:51:11Z,restated_at,2026-08-04,,who.gho.cm-02,raw/who.gho.cm-02/2026/09/20260907T155111Z-17577dbcf352.json.gz,2
who.gho.cm-02,CM_02:ZMB:SEX_MLE:AGEGROUP_MONTHS0-11,1970-01-01,2026-09-07T15:51:11Z,value,10088.0,,who.gho.cm-02,raw/who.gho.cm-02/2026/09/20260907T155111Z-17577dbcf352.json.gz,2
who.gho.cm-02,CM_02:ZWE:SEX_BTSX:AGEGROUP_MONTHS0-11,1970-01-01,2026-09-07T15:51:05Z,high,17649.0,,who.gho.cm-02,raw/who.gho.cm-02/2026/09/20260907T155105Z-bd351d716a31.json.gz,2
who.gho.cm-02,CM_02:ZWE:SEX_BTSX:AGEGROUP_MONTHS0-11,1970-01-01,2026-09-07T15:51:05Z,low,14011.0,,who.gho.cm-02,raw/who.gho.cm-02/2026/09/20260907T155105Z-bd351d716a31.json.gz,2
who.gho.cm-02,CM_02:ZWE:SEX_BTSX:AGEGROUP_MONTHS0-11,1970-01-01,2026-09-07T15:51:05Z,restated_at,2026-08-04,,who.gho.cm-02,raw/who.gho.cm-02/2026/09/20260907T155105Z-bd351d716a31.json.gz,2
who.gho.cm-02,CM_02:ZWE:SEX_BTSX:AGEGROUP_MONTHS0-11,1970-01-01,2026-09-07T15:51:05Z,value,15702.0,,who.gho.cm-02,raw/who.gho.cm-02/2026/09/20260907T155105Z-bd351d716a31.json.gz,2
who.gho.cm-02,CM_02:ZWE:SEX_FMLE:AGEGROUP_MONTHS0-11,1970-01-01,2026-09-07T15:51:01Z,high,7674.0,,who.gho.cm-02,raw/who.gho.cm-02/2026/09/20260907T155101Z-65d1a3fa0413.json.gz,2
who.gho.cm-02,CM_02:ZWE:SEX_FMLE:AGEGROUP_MONTHS0-11,1970-01-01,2026-09-07T15:51:01Z,low,6001.0,,who.gho.cm-02,raw/who.gho.cm-02/2026/09/20260907T155101Z-65d1a3fa0413.json.gz,2
who.gho.cm-02,CM_02:ZWE:SEX_FMLE:AGEGROUP_MONTHS0-11,1970-01-01,2026-09-07T15:51:01Z,restated_at,2026-08-04,,who.gho.cm-02,raw/who.gho.cm-02/2026/09/20260907T155101Z-65d1a3fa0413.json.gz,2
who.gho.cm-02,CM_02:ZWE:SEX_FMLE:AGEGROUP_MONTHS0-11,1970-01-01,2026-09-07T15:51:01Z,value,6786.0,,who.gho.cm-02,raw/who.gho.cm-02/2026/09/20260907T155101Z-65d1a3fa0413.json.gz,2
who.gho.cm-02,CM_02:ZWE:SEX_MLE:AGEGROUP_MONTHS0-11,1970-01-01,2026-09-07T15:57:59Z,high,10029.0,,who.gho.cm-02,raw/who.gho.cm-02/2026/09/20260907T155759Z-531ca935f713.json.gz,2
who.gho.cm-02,CM_02:ZWE:SEX_MLE:AGEGROUP_MONTHS0-11,1970-01-01,2026-09-07T15:57:59Z,low,7892.0,,who.gho.cm-02,raw/who.gho.cm-02/2026/09/20260907T155759Z-531ca935f713.json.gz,2
who.gho.cm-02,CM_02:ZWE:SEX_MLE:AGEGROUP_MONTHS0-11,1970-01-01,2026-09-07T15:57:59Z,restated_at,2026-08-04,,who.gho.cm-02,raw/who.gho.cm-02/2026/09/20260907T155759Z-531ca935f713.json.gz,2
who.gho.cm-02,CM_02:ZWE:SEX_MLE:AGEGROUP_MONTHS0-11,1970-01-01,2026-09-07T15:57:59Z,value,8916.0,,who.gho.cm-02,raw/who.gho.cm-02/2026/09/20260907T155759Z-531ca935f713.json.gz,2
who.gho.mdg-0000000007,MDG_0000000007:AFG:SEX_BTSX:AGEGROUP_YEARSUNDER5:WEALTHQUINTILE_TOTL,1970-01-01,2026-09-07T16:09:46Z,high,341.439593695,,who.gho.mdg-0000000007,raw/who.gho.mdg-0000000007/2026/09/20260907T160946Z-716d23d235ed.json.gz,2
who.gho.mdg-0000000007,MDG_0000000007:AFG:SEX_BTSX:AGEGROUP_YEARSUNDER5:WEALTHQUINTILE_TOTL,1970-01-01,2026-09-07T16:09:46Z,low,264.15818981,,who.gho.mdg-0000000007,raw/who.gho.mdg-0000000007/2026/09/20260907T160946Z-716d23d235ed.json.gz,2
who.gho.mdg-0000000007,MDG_0000000007:AFG:SEX_BTSX:AGEGROUP_YEARSUNDER5:WEALTHQUINTILE_TOTL,1970-01-01,2026-09-07T16:09:46Z,restated_at,2026-08-05,,who.gho.mdg-0000000007,raw/who.gho.mdg-0000000007/2026/09/20260907T160946Z-716d23d235ed.json.gz,2
who.gho.mdg-0000000007,MDG_0000000007:AFG:SEX_BTSX:AGEGROUP_YEARSUNDER5:WEALTHQUINTILE_TOTL,1970-01-01,2026-09-07T16:09:46Z,value,300.047739631,,who.gho.mdg-0000000007,raw/who.gho.mdg-0000000007/2026/09/20260907T160946Z-716d23d235ed.json.gz,2
who.gho.mdg-0000000007,MDG_0000000007:AFG:SEX_FMLE:AGEGROUP_YEARSUNDER5:WEALTHQUINTILE_TOTL,1970-01-01,2026-09-07T16:06:21Z,high,334.797051332,,who.gho.mdg-0000000007,raw/who.gho.mdg-0000000007/2026/09/20260907T160621Z-1819ad2538c7.json.gz,2
who.gho.mdg-0000000007,MDG_0000000007:AFG:SEX_FMLE:AGEGROUP_YEARSUNDER5:WEALTHQUINTILE_TOTL,1970-01-01,2026-09-07T16:06:21Z,low,256.575512942,,who.gho.mdg-0000000007,raw/who.gho.mdg-0000000007/2026/09/20260907T160621Z-1819ad2538c7.json.gz,2
who.gho.mdg-0000000007,MDG_0000000007:AFG:SEX_FMLE:AGEGROUP_YEARSUNDER5:WEALTHQUINTILE_TOTL,1970-01-01,2026-09-07T16:06:21Z,restated_at,2026-08-05,,who.gho.mdg-0000000007,raw/who.gho.mdg-0000000007/2026/09/20260907T160621Z-1819ad2538c7.json.gz,2
who.gho.mdg-0000000007,MDG_0000000007:AFG:SEX_FMLE:AGEGROUP_YEARSUNDER5:WEALTHQUINTILE_TOTL,1970-01-01,2026-09-07T16:06:21Z,value,293.077653861,,who.gho.mdg-0000000007,raw/who.gho.mdg-0000000007/2026/09/20260907T160621Z-1819ad2538c7.json.gz,2
who.gho.mdg-0000000007,MDG_0000000007:AFG:SEX_MLE:AGEGROUP_YEARSUNDER5:WEALTHQUINTILE_TOTL,1970-01-01,2026-09-07T16:05:35Z,high,350.308210558,,who.gho.mdg-0000000007,raw/who.gho.mdg-0000000007/2026/09/20260907T160535Z-bcafb05f6fe8.json.gz,2
who.gho.mdg-0000000007,MDG_0000000007:AFG:SEX_MLE:AGEGROUP_YEARSUNDER5:WEALTHQUINTILE_TOTL,1970-01-01,2026-09-07T16:05:35Z,low,269.128395438,,who.gho.mdg-0000000007,raw/who.gho.mdg-0000000007/2026/09/20260907T160535Z-bcafb05f6fe8.json.gz,2
who.gho.mdg-0000000007,MDG_0000000007:AFG:SEX_MLE:AGEGROUP_YEARSUNDER5:WEALTHQUINTILE_TOTL,1970-01-01,2026-09-07T16:05:35Z,restated_at,2026-08-05,,who.gho.mdg-0000000007,raw/who.gho.mdg-0000000007/2026/09/20260907T160535Z-bcafb05f6fe8.json.gz,2
who.gho.mdg-0000000007,MDG_0000000007:AFG:SEX_MLE:AGEGROUP_YEARSUNDER5:WEALTHQUINTILE_TOTL,1970-01-01,2026-09-07T16:05:35Z,value,306.36977599,,who.gho.mdg-0000000007,raw/who.gho.mdg-0000000007/2026/09/20260907T160535Z-bcafb05f6fe8.json.gz,2
who.gho.mdg-0000000007,MDG_0000000007:ARE:SEX_BTSX:AGEGROUP_YEARSUNDER5:WEALTHQUINTILE_TOTL,1970-01-01,2026-09-07T16:09:13Z,high,111.789199704,,who.gho.mdg-0000000007,raw/who.gho.mdg-0000000007/2026/09/20260907T160913Z-86e8fac132bd.json.gz,2
who.gho.mdg-0000000007,MDG_0000000007:ARE:SEX_BTSX:AGEGROUP_YEARSUNDER5:WEALTHQUINTILE_TOTL,1970-01-01,2026-09-07T16:09:13Z,low,83.251190161,,who.gho.mdg-0000000007,raw/who.gho.mdg-0000000007/2026/09/20260907T160913Z-86e8fac132bd.json.gz,2
who.gho.mdg-0000000007,MDG_0000000007:ARE:SEX_BTSX:AGEGROUP_YEARSUNDER5:WEALTHQUINTILE_TOTL,1970-01-01,2026-09-07T16:09:13Z,restated_at,2026-08-05,,who.gho.mdg-0000000007,raw/who.gho.mdg-0000000007/2026/09/20260907T160913Z-86e8fac132bd.json.gz,2
who.gho.mdg-0000000007,MDG_0000000007:ARE:SEX_BTSX:AGEGROUP_YEARSUNDER5:WEALTHQUINTILE_TOTL,1970-01-01,2026-09-07T16:09:13Z,value,96.480703346,,who.gho.mdg-0000000007,raw/who.gho.mdg-0000000007/2026/09/20260907T160913Z-86e8fac132bd.json.gz,2
who.gho.mdg-0000000007,MDG_0000000007:ARE:SEX_FMLE:AGEGROUP_YEARSUNDER5:WEALTHQUINTILE_TOTL,1970-01-01,2026-09-07T16:08:54Z,high,103.237976967,,who.gho.mdg-0000000007,raw/who.gho.mdg-0000000007/2026/09/20260907T160854Z-e3873ac72928.json.gz,2
who.gho.mdg-0000000007,MDG_0000000007:ARE:SEX_FMLE:AGEGROUP_YEARSUNDER5:WEALTHQUINTILE_TOTL,1970-01-01,2026-09-07T16:08:54Z,low,76.070283699,,who.gho.mdg-0000000007,raw/who.gho.mdg-0000000007/2026/09/20260907T160854Z-e3873ac72928.json.gz,2
who.gho.mdg-0000000007,MDG_0000000007:ARE:SEX_FMLE:AGEGROUP_YEARSUNDER5:WEALTHQUINTILE_TOTL,1970-01-01,2026-09-07T16:08:54Z,restated_at,2026-08-05,,who.gho.mdg-0000000007,raw/who.gho.mdg-0000000007/2026/09/20260907T160854Z-e3873ac72928.json.gz,2
who.gho.mdg-0000000007,MDG_0000000007:ARE:SEX_FMLE:AGEGROUP_YEARSUNDER5:WEALTHQUINTILE_TOTL,1970-01-01,2026-09-07T16:08:54Z,value,88.727926357,,who.gho.mdg-0000000007,raw/who.gho.mdg-0000000007/2026/09/20260907T160854Z-e3873ac72928.json.gz,2
who.gho.mdg-0000000007,MDG_0000000007:ARE:SEX_MLE:AGEGROUP_YEARSUNDER5:WEALTHQUINTILE_TOTL,1970-01-01,2026-09-07T16:04:52Z,high,120.958918349,,who.gho.mdg-0000000007,raw/who.gho.mdg-0000000007/2026/09/20260907T160452Z-cad637d9cec2.json.gz,2
who.gho.mdg-0000000007,MDG_0000000007:ARE:SEX_MLE:AGEGROUP_YEARSUNDER5:WEALTHQUINTILE_TOTL,1970-01-01,2026-09-07T16:04:52Z,low,89.263936992,,who.gho.mdg-0000000007,raw/who.gho.mdg-0000000007/2026/09/20260907T160452Z-cad637d9cec2.json.gz,2
who.gho.mdg-0000000007,MDG_0000000007:ARE:SEX_MLE:AGEGROUP_YEARSUNDER5:WEALTHQUINTILE_TOTL,1970-01-01,2026-09-07T16:04:52Z,restated_at,2026-08-05,,who.gho.mdg-0000000007,raw/who.gho.mdg-0000000007/2026/09/20260907T160452Z-cad637d9cec2.json.gz,2
who.gho.mdg-0000000007,MDG_0000000007:ARE:SEX_MLE:AGEGROUP_YEARSUNDER5:WEALTHQUINTILE_TOTL,1970-01-01,2026-09-07T16:04:52Z,value,103.805802929,,who.gho.mdg-0000000007,raw/who.gho.mdg-0000000007/2026/09/20260907T160452Z-cad637d9cec2.json.gz,2
who.gho.mdg-0000000007,MDG_0000000007:ARG:SEX_BTSX:AGEGROUP_YEARSUNDER5:WEALTHQUINTILE_TOTL,1970-01-01,2026-09-07T16:06:16Z,high,74.720878692,,who.gho.mdg-0000000007,raw/who.gho.mdg-0000000007/2026/09/20260907T160616Z-615f6bfccb87.json.gz,2
who.gho.mdg-0000000007,MDG_0000000007:ARG:SEX_BTSX:AGEGROUP_YEARSUNDER5:WEALTHQUINTILE_TOTL,1970-01-01,2026-09-07T16:06:16Z,low,68.89058408,,who.gho.mdg-0000000007,raw/who.gho.mdg-0000000007/2026/09/20260907T160616Z-615f6bfccb87.json.gz,2
who.gho.mdg-0000000007,MDG_0000000007:ARG:SEX_BTSX:AGEGROUP_YEARSUNDER5:WEALTHQUINTILE_TOTL,1970-01-01,2026-09-07T16:06:16Z,restated_at,2026-08-05,,who.gho.mdg-0000000007,raw/who.gho.mdg-0000000007/2026/09/20260907T160616Z-615f6bfccb87.json.gz,2
who.gho.mdg-0000000007,MDG_0000000007:ARG:SEX_BTSX:AGEGROUP_YEARSUNDER5:WEALTHQUINTILE_TOTL,1970-01-01,2026-09-07T16:06:16Z,value,71.769267667,,who.gho.mdg-0000000007,raw/who.gho.mdg-0000000007/2026/09/20260907T160616Z-615f6bfccb87.json.gz,2
who.gho.mdg-0000000007,MDG_0000000007:ARG:SEX_FMLE:AGEGROUP_YEARSUNDER5:WEALTHQUINTILE_TOTL,1970-01-01,2026-09-07T16:09:22Z,high,70.761344036,,who.gho.mdg-0000000007,raw/who.gho.mdg-0000000007/2026/09/20260907T160922Z-b03be7779b07.json.gz,2
who.gho.mdg-0000000007,MDG_0000000007:ARG:SEX_FMLE:AGEGROUP_YEARSUNDER5:WEALTHQUINTILE_TOTL,1970-01-01,2026-09-07T16:09:22Z,low,65.165388081,,who.gho.mdg-0000000007,raw/who.gho.mdg-0000000007/2026/09/20260907T160922Z-b03be7779b07.json.gz,2
who.gho.mdg-0000000007,MDG_0000000007:ARG:SEX_FMLE:AGEGROUP_YEARSUNDER5:WEALTHQUINTILE_TOTL,1970-01-01,2026-09-07T16:09:22Z,restated_at,2026-08-05,,who.gho.mdg-0000000007,raw/who.gho.mdg-0000000007/2026/09/20260907T160922Z-b03be7779b07.json.gz,2
who.gho.mdg-0000000007,MDG_0000000007:ARG:SEX_FMLE:AGEGROUP_YEARSUNDER5:WEALTHQUINTILE_TOTL,1970-01-01,2026-09-07T16:09:22Z,value,67.970922097,,who.gho.mdg-0000000007,raw/who.gho.mdg-0000000007/2026/09/20260907T160922Z-b03be7779b07.json.gz,2
who.gho.mdg-0000000007,MDG_0000000007:ARG:SEX_MLE:AGEGROUP_YEARSUNDER5:WEALTHQUINTILE_TOTL,1970-01-01,2026-09-07T16:10:33Z,high,78.560730071,,who.gho.mdg-0000000007,raw/who.gho.mdg-0000000007/2026/09/20260907T161033Z-0396663e197a.json.gz,2
who.gho.mdg-0000000007,MDG_0000000007:ARG:SEX_MLE:AGEGROUP_YEARSUNDER5:WEALTHQUINTILE_TOTL,1970-01-01,2026-09-07T16:10:33Z,low,72.35222877,,who.gho.mdg-0000000007,raw/who.gho.mdg-0000000007/2026/09/20260907T161033Z-0396663e197a.json.gz,2
who.gho.mdg-0000000007,MDG_0000000007:ARG:SEX_MLE:AGEGROUP_YEARSUNDER5:WEALTHQUINTILE_TOTL,1970-01-01,2026-09-07T16:10:33Z,restated_at,2026-08-05,,who.gho.mdg-0000000007,raw/who.gho.mdg-0000000007/2026/09/20260907T161033Z-0396663e197a.json.gz,2
who.gho.mdg-0000000007,MDG_0000000007:ARG:SEX_MLE:AGEGROUP_YEARSUNDER5:WEALTHQUINTILE_TOTL,1970-01-01,2026-09-07T16:10:33Z,value,75.402233892,,who.gho.mdg-0000000007,raw/who.gho.mdg-0000000007/2026/09/20260907T161033Z-0396663e197a.json.gz,2
who.gho.mdg-0000000007,MDG_0000000007:ATG:SEX_BTSX:AGEGROUP_YEARSUNDER5:WEALTHQUINTILE_TOTL,1970-01-01,2026-09-07T16:05:38Z,high,35.115873812,,who.gho.mdg-0000000007,raw/who.gho.mdg-0000000007/2026/09/20260907T160538Z-28a5f6808180.json.gz,2
who.gho.mdg-0000000007,MDG_0000000007:ATG:SEX_BTSX:AGEGROUP_YEARSUNDER5:WEALTHQUINTILE_TOTL,1970-01-01,2026-09-07T16:05:38Z,low,29.649155594,,who.gho.mdg-0000000007,raw/who.gho.mdg-0000000007/2026/09/20260907T160538Z-28a5f6808180.json.gz,2
who.gho.mdg-0000000007,MDG_0000000007:ATG:SEX_BTSX:AGEGROUP_YEARSUNDER5:WEALTHQUINTILE_TOTL,1970-01-01,2026-09-07T16:05:38Z,restated_at,2026-08-05,,who.gho.mdg-0000000007,raw/who.gho.mdg-0000000007/2026/09/20260907T160538Z-28a5f6808180.json.gz,2
who.gho.mdg-0000000007,MDG_0000000007:ATG:SEX_BTSX:AGEGROUP_YEARSUNDER5:WEALTHQUINTILE_TOTL,1970-01-01,2026-09-07T16:05:38Z,value,32.245209882,,who.gho.mdg-0000000007,raw/who.gho.mdg-0000000007/2026/09/20260907T160538Z-28a5f6808180.json.gz,2
who.gho.mdg-0000000007,MDG_0000000007:ATG:SEX_FMLE:AGEGROUP_YEARSUNDER5:WEALTHQUINTILE_TOTL,1970-01-01,2026-09-07T16:11:01Z,high,32.726345304,,who.gho.mdg-0000000007,raw/who.gho.mdg-0000000007/2026/09/20260907T161101Z-fc76d9a7e10d.json.gz,2
who.gho.mdg-0000000007,MDG_0000000007:ATG:SEX_FMLE:AGEGROUP_YEARSUNDER5:WEALTHQUINTILE_TOTL,1970-01-01,2026-09-07T16:11:01Z,low,27.167970222,,who.gho.mdg-0000000007,raw/who.gho.mdg-0000000007/2026/09/20260907T161101Z-fc76d9a7e10d.json.gz,2
who.gho.mdg-0000000007,MDG_0000000007:ATG:SEX_FMLE:AGEGROUP_YEARSUNDER5:WEALTHQUINTILE_TOTL,1970-01-01,2026-09-07T16:11:01Z,restated_at,2026-08-05,,who.gho.mdg-0000000007,raw/who.gho.mdg-0000000007/2026/09/20260907T161101Z-fc76d9a7e10d.json.gz,2
who.gho.mdg-0000000007,MDG_0000000007:ATG:SEX_FMLE:AGEGROUP_YEARSUNDER5:WEALTHQUINTILE_TOTL,1970-01-01,2026-09-07T16:11:01Z,value,29.783468557,,who.gho.mdg-0000000007,raw/who.gho.mdg-0000000007/2026/09/20260907T161101Z-fc76d9a7e10d.json.gz,2
who.gho.mdg-0000000007,MDG_0000000007:ATG:SEX_MLE:AGEGROUP_YEARSUNDER5:WEALTHQUINTILE_TOTL,1970-01-01,2026-09-07T16:05:22Z,high,37.900952454,,who.gho.mdg-0000000007,raw/who.gho.mdg-0000000007/2026/09/20260907T160522Z-2bd49e664eea.json.gz,2
who.gho.mdg-0000000007,MDG_0000000007:ATG:SEX_MLE:AGEGROUP_YEARSUNDER5:WEALTHQUINTILE_TOTL,1970-01-01,2026-09-07T16:05:22Z,low,31.691598427,,who.gho.mdg-0000000007,raw/who.gho.mdg-0000000007/2026/09/20260907T160522Z-2bd49e664eea.json.gz,2
who.gho.mdg-0000000007,MDG_0000000007:ATG:SEX_MLE:AGEGROUP_YEARSUNDER5:WEALTHQUINTILE_TOTL,1970-01-01,2026-09-07T16:05:22Z,restated_at,2026-08-05,,who.gho.mdg-0000000007,raw/who.gho.mdg-0000000007/2026/09/20260907T160522Z-2bd49e664eea.json.gz,2
who.gho.mdg-0000000007,MDG_0000000007:ATG:SEX_MLE:AGEGROUP_YEARSUNDER5:WEALTHQUINTILE_TOTL,1970-01-01,2026-09-07T16:05:22Z,value,34.583864663,,who.gho.mdg-0000000007,raw/who.gho.mdg-0000000007/2026/09/20260907T160522Z-2bd49e664eea.json.gz,2
who.gho.mdg-0000000007,MDG_0000000007:AUS:SEX_BTSX:AGEGROUP_YEARSUNDER5:WEALTHQUINTILE_TOTL,1970-01-01,2026-09-07T16:09:03Z,high,21.883816444,,who.gho.mdg-0000000007,raw/who.gho.mdg-0000000007/2026/09/20260907T160903Z-df09845b881e.json.gz,2
who.gho.mdg-0000000007,MDG_0000000007:AUS:SEX_BTSX:AGEGROUP_YEARSUNDER5:WEALTHQUINTILE_TOTL,1970-01-01,2026-09-07T16:09:03Z,low,21.061106383,,who.gho.mdg-0000000007,raw/who.gho.mdg-0000000007/2026/09/20260907T160903Z-df09845b881e.json.gz,2
who.gho.mdg-0000000007,MDG_0000000007:AUS:SEX_BTSX:AGEGROUP_YEARSUNDER5:WEALTHQUINTILE_TOTL,1970-01-01,2026-09-07T16:09:03Z,restated_at,2026-08-05,,who.gho.mdg-0000000007,raw/who.gho.mdg-0000000007/2026/09/20260907T160903Z-df09845b881e.json.gz,2
who.gho.mdg-0000000007,MDG_0000000007:AUS:SEX_BTSX:AGEGROUP_YEARSUNDER5:WEALTHQUINTILE_TOTL,1970-01-01,2026-09-07T16:09:03Z,value,21.457849692,,who.gho.mdg-0000000007,raw/who.gho.mdg-0000000007/2026/09/20260907T160903Z-df09845b881e.json.gz,2
who.gho.mdg-0000000007,MDG_0000000007:AUS:SEX_FMLE:AGEGROUP_YEARSUNDER5:WEALTHQUINTILE_TOTL,1970-01-01,2026-09-07T16:10:58Z,high,19.12065893,,who.gho.mdg-0000000007,raw/who.gho.mdg-0000000007/2026/09/20260907T161058Z-4d8f6ed35960.json.gz,2
who.gho.mdg-0000000007,MDG_0000000007:AUS:SEX_FMLE:AGEGROUP_YEARSUNDER5:WEALTHQUINTILE_TOTL,1970-01-01,2026-09-07T16:10:58Z,low,18.274138122,,who.gho.mdg-0000000007,raw/who.gho.mdg-0000000007/2026/09/20260907T161058Z-4d8f6ed35960.json.gz,2
who.gho.mdg-0000000007,MDG_0000000007:AUS:SEX_FMLE:AGEGROUP_YEARSUNDER5:WEALTHQUINTILE_TOTL,1970-01-01,2026-09-07T16:10:58Z,restated_at,2026-08-05,,who.gho.mdg-0000000007,raw/who.gho.mdg-0000000007/2026/09/20260907T161058Z-4d8f6ed35960.json.gz,2
who.gho.mdg-0000000007,MDG_0000000007:AUS:SEX_FMLE:AGEGROUP_YEARSUNDER5:WEALTHQUINTILE_TOTL,1970-01-01,2026-09-07T16:10:58Z,value,18.68400545,,who.gho.mdg-0000000007,raw/who.gho.mdg-0000000007/2026/09/20260907T161058Z-4d8f6ed35960.json.gz,2
who.gho.mdg-0000000007,MDG_0000000007:AUS:SEX_MLE:AGEGROUP_YEARSUNDER5:WEALTHQUINTILE_TOTL,1970-01-01,2026-09-07T16:05:22Z,high,24.625906544,,who.gho.mdg-0000000007,raw/who.gho.mdg-0000000007/2026/09/20260907T160522Z-2bd49e664eea.json.gz,2
who.gho.mdg-0000000007,MDG_0000000007:AUS:SEX_MLE:AGEGROUP_YEARSUNDER5:WEALTHQUINTILE_TOTL,1970-01-01,2026-09-07T16:05:22Z,low,23.60355239,,who.gho.mdg-0000000007,raw/who.gho.mdg-0000000007/2026/09/20260907T160522Z-2bd49e664eea.json.gz,2
who.gho.mdg-0000000007,MDG_0000000007:AUS:SEX_MLE:AGEGROUP_YEARSUNDER5:WEALTHQUINTILE_TOTL,1970-01-01,2026-09-07T16:05:22Z,restated_at,2026-08-05,,who.gho.mdg-0000000007,raw/who.gho.mdg-0000000007/2026/09/20260907T160522Z-2bd49e664eea.json.gz,2
who.gho.mdg-0000000007,MDG_0000000007:AUS:SEX_MLE:AGEGROUP_YEARSUNDER5:WEALTHQUINTILE_TOTL,1970-01-01,2026-09-07T16:05:22Z,value,24.10481351,,who.gho.mdg-0000000007,raw/who.gho.mdg-0000000007/2026/09/20260907T160522Z-2bd49e664eea.json.gz,2
who.gho.mdg-0000000007,MDG_0000000007:AUT:SEX_BTSX:AGEGROUP_YEARSUNDER5:WEALTHQUINTILE_TOTL,1970-01-01,2026-09-07T16:09:08Z,high,29.685302896,,who.gho.mdg-0000000007,raw/who.gho.mdg-0000000007/2026/09/20260907T160908Z-96acbc2bc7cb.json.gz,2
who.gho.mdg-0000000007,MDG_0000000007:AUT:SEX_BTSX:AGEGROUP_YEARSUNDER5:WEALTHQUINTILE_TOTL,1970-01-01,2026-09-07T16:09:08Z,low,28.463352002,,who.gho.mdg-0000000007,raw/who.gho.mdg-0000000007/2026/09/20260907T160908Z-96acbc2bc7cb.json.gz,2
who.gho.mdg-0000000007,MDG_0000000007:AUT:SEX_BTSX:AGEGROUP_YEARSUNDER5:WEALTHQUINTILE_TOTL,1970-01-01,2026-09-07T16:09:08Z,restated_at,2026-08-05,,who.gho.mdg-0000000007,raw/who.gho.mdg-0000000007/2026/09/20260907T160908Z-96acbc2bc7cb.json.gz,2
who.gho.mdg-0000000007,MDG_0000000007:AUT:SEX_BTSX:AGEGROUP_YEARSUNDER5:WEALTHQUINTILE_TOTL,1970-01-01,2026-09-07T16:09:08Z,value,29.077761893,,who.gho.mdg-0000000007,raw/who.gho.mdg-0000000007/2026/09/20260907T160908Z-96acbc2bc7cb.json.gz,2
who.gho.mdg-0000000007,MDG_0000000007:AUT:SEX_FMLE:AGEGROUP_YEARSUNDER5:WEALTHQUINTILE_TOTL,1970-01-01,2026-09-07T16:05:52Z,high,25.689131119,,who.gho.mdg-0000000007,raw/who.gho.mdg-0000000007/2026/09/20260907T160552Z-f44dce2e8a23.json.gz,2
who.gho.mdg-0000000007,MDG_0000000007:AUT:SEX_FMLE:AGEGROUP_YEARSUNDER5:WEALTHQUINTILE_TOTL,1970-01-01,2026-09-07T16:05:52Z,low,24.431729092,,who.gho.mdg-0000000007,raw/who.gho.mdg-0000000007/2026/09/20260907T160552Z-f44dce2e8a23.json.gz,2
who.gho.mdg-0000000007,MDG_0000000007:AUT:SEX_FMLE:AGEGROUP_YEARSUNDER5:WEALTHQUINTILE_TOTL,1970-01-01,2026-09-07T16:05:52Z,restated_at,2026-08-05,,who.gho.mdg-0000000007,raw/who.gho.mdg-0000000007/2026/09/20260907T160552Z-f44dce2e8a23.json.gz,2
who.gho.mdg-0000000007,MDG_0000000007:AUT:SEX_FMLE:AGEGROUP_YEARSUNDER5:WEALTHQUINTILE_TOTL,1970-01-01,2026-09-07T16:05:52Z,value,25.061276251,,who.gho.mdg-0000000007,raw/who.gho.mdg-0000000007/2026/09/20260907T160552Z-f44dce2e8a23.json.gz,2
who.gho.mdg-0000000007,MDG_0000000007:AUT:SEX_MLE:AGEGROUP_YEARSUNDER5:WEALTHQUINTILE_TOTL,1970-01-01,2026-09-07T16:11:06Z,high,33.668911265,,who.gho.mdg-0000000007,raw/who.gho.mdg-0000000007/2026/09/20260907T161106Z-078c7101acce.json.gz,2
who.gho.mdg-0000000007,MDG_0000000007:AUT:SEX_MLE:AGEGROUP_YEARSUNDER5:WEALTHQUINTILE_TOTL,1970-01-01,2026-09-07T16:11:06Z,low,32.141617175,,who.gho.mdg-0000000007,raw/who.gho.mdg-0000000007/2026/09/20260907T161106Z-078c7101acce.json.gz,2
who.gho.mdg-0000000007,MDG_0000000007:AUT:SEX_MLE:AGEGROUP_YEARSUNDER5:WEALTHQUINTILE_TOTL,1970-01-01,2026-09-07T16:11:06Z,restated_at,2026-08-05,,who.gho.mdg-0000000007,raw/who.gho.mdg-0000000007/2026/09/20260907T161106Z-078c7101acce.json.gz,2
who.gho.mdg-0000000007,MDG_0000000007:AUT:SEX_MLE:AGEGROUP_YEARSUNDER5:WEALTHQUINTILE_TOTL,1970-01-01,2026-09-07T16:11:06Z,value,32.903540949,,who.gho.mdg-0000000007,raw/who.gho.mdg-0000000007/2026/09/20260907T161106Z-078c7101acce.json.gz,2
who.gho.mdg-0000000007,MDG_0000000007:BDI:SEX_BTSX:AGEGROUP_YEARSUNDER5:WEALTHQUINTILE_TOTL,1970-01-01,2026-09-07T16:05:26Z,high,282.152807018,,who.gho.mdg-0000000007,raw/who.gho.mdg-0000000007/2026/09/20260907T160526Z-1363df2b3da0.json.gz,2
who.gho.mdg-0000000007,MDG_0000000007:BDI:SEX_BTSX:AGEGROUP_YEARSUNDER5:WEALTHQUINTILE_TOTL,1970-01-01,2026-09-07T16:05:26Z,low,220.257593025,,who.gho.mdg-0000000007,raw/who.gho.mdg-0000000007/2026/09/20260907T160526Z-1363df2b3da0.json.gz,2
who.gho.mdg-0000000007,MDG_0000000007:BDI:SEX_BTSX:AGEGROUP_YEARSUNDER5:WEALTHQUINTILE_TOTL,1970-01-01,2026-09-07T16:05:26Z,restated_at,2026-08-05,,who.gho.mdg-0000000007,raw/who.gho.mdg-0000000007/2026/09/20260907T160526Z-1363df2b3da0.json.gz,2
who.gho.mdg-0000000007,MDG_0000000007:BDI:SEX_BTSX:AGEGROUP_YEARSUNDER5:WEALTHQUINTILE_TOTL,1970-01-01,2026-09-07T16:05:26Z,value,249.799462259,,who.gho.mdg-0000000007,raw/who.gho.mdg-0000000007/2026/09/20260907T160526Z-1363df2b3da0.json.gz,2
who.gho.mdg-0000000007,MDG_0000000007:BDI:SEX_FMLE:AGEGROUP_YEARSUNDER5:WEALTHQUINTILE_TOTL,1970-01-01,2026-09-07T16:09:26Z,high,277.057109491,,who.gho.mdg-0000000007,raw/who.gho.mdg-0000000007/2026/09/20260907T160926Z-3ee37906b339.json.gz,2
who.gho.mdg-0000000007,MDG_0000000007:BDI:SEX_FMLE:AGEGROUP_YEARSUNDER5:WEALTHQUINTILE_TOTL,1970-01-01,2026-09-07T16:09:26Z,low,214.388630433,,who.gho.mdg-0000000007,raw/who.gho.mdg-0000000007/2026/09/20260907T160926Z-3ee37906b339.json.gz,2
who.gho.mdg-0000000007,MDG_0000000007:BDI:SEX_FMLE:AGEGROUP_YEARSUNDER5:WEALTHQUINTILE_TOTL,1970-01-01,2026-09-07T16:09:26Z,restated_at,2026-08-05,,who.gho.mdg-0000000007,raw/who.gho.mdg-0000000007/2026/09/20260907T160926Z-3ee37906b339.json.gz,2
who.gho.mdg-0000000007,MDG_0000000007:BDI:SEX_FMLE:AGEGROUP_YEARSUNDER5:WEALTHQUINTILE_TOTL,1970-01-01,2026-09-07T16:09:26Z,value,244.254725184,,who.gho.mdg-0000000007,raw/who.gho.mdg-0000000007/2026/09/20260907T160926Z-3ee37906b339.json.gz,2
who.gho.mdg-0000000007,MDG_0000000007:BDI:SEX_MLE:AGEGROUP_YEARSUNDER5:WEALTHQUINTILE_TOTL,1970-01-01,2026-09-07T16:10:21Z,high,288.383232862,,who.gho.mdg-0000000007,raw/who.gho.mdg-0000000007/2026/09/20260907T161021Z-3e9ba1677574.json.gz,2
who.gho.mdg-0000000007,MDG_0000000007:BDI:SEX_MLE:AGEGROUP_YEARSUNDER5:WEALTHQUINTILE_TOTL,1970-01-01,2026-09-07T16:10:21Z,low,223.959315603,,who.gho.mdg-0000000007,raw/who.gho.mdg-0000000007/2026/09/20260907T161021Z-3e9ba1677574.json.gz,2
who.gho.mdg-0000000007,MDG_0000000007:BDI:SEX_MLE:AGEGROUP_YEARSUNDER5:WEALTHQUINTILE_TOTL,1970-01-01,2026-09-07T16:10:21Z,restated_at,2026-08-05,,who.gho.mdg-0000000007,raw/who.gho.mdg-0000000007/2026/09/20260907T161021Z-3e9ba1677574.json.gz,2
who.gho.mdg-0000000007,MDG_0000000007:BDI:SEX_MLE:AGEGROUP_YEARSUNDER5:WEALTHQUINTILE_TOTL,1970-01-01,2026-09-07T16:10:21Z,value,254.626770963,,who.gho.mdg-0000000007,raw/who.gho.mdg-0000000007/2026/09/20260907T161021Z-3e9ba1677574.json.gz,2
who.gho.mdg-0000000007,MDG_0000000007:BEL:SEX_BTSX:AGEGROUP_YEARSUNDER5:WEALTHQUINTILE_TOTL,1970-01-01,2026-09-07T16:08:54Z,high,24.410052538,,who.gho.mdg-0000000007,raw/who.gho.mdg-0000000007/2026/09/20260907T160854Z-e3873ac72928.json.gz,2
who.gho.mdg-0000000007,MDG_0000000007:BEL:SEX_BTSX:AGEGROUP_YEARSUNDER5:WEALTHQUINTILE_TOTL,1970-01-01,2026-09-07T16:08:54Z,low,23.482313271,,who.gho.mdg-0000000007,raw/who.gho.mdg-0000000007/2026/09/20260907T160854Z-e3873ac72928.json.gz,2
who.gho.mdg-0000000007,MDG_0000000007:BEL:SEX_BTSX:AGEGROUP_YEARSUNDER5:WEALTHQUINTILE_TOTL,1970-01-01,2026-09-07T16:08:54Z,restated_at,2026-08-05,,who.gho.mdg-0000000007,raw/who.gho.mdg-0000000007/2026/09/20260907T160854Z-e3873ac72928.json.gz,2
who.gho.mdg-0000000007,MDG_0000000007:BEL:SEX_BTSX:AGEGROUP_YEARSUNDER5:WEALTHQUINTILE_TOTL,1970-01-01,2026-09-07T16:08:54Z,value,23.92494676,,who.gho.mdg-0000000007,raw/who.gho.mdg-0000000007/2026/09/20260907T160854Z-e3873ac72928.json.gz,2
who.gho.mdg-0000000007,MDG_0000000007:BEL:SEX_FMLE:AGEGROUP_YEARSUNDER5:WEALTHQUINTILE_TOTL,1970-01-01,2026-09-07T16:05:31Z,high,21.145873825,,who.gho.mdg-0000000007,raw/who.gho.mdg-0000000007/2026/09/20260907T160531Z-a90a9bba0858.json.gz,2
who.gho.mdg-0000000007,MDG_0000000007:BEL:SEX_FMLE:AGEGROUP_YEARSUNDER5:WEALTHQUINTILE_TOTL,1970-01-01,2026-09-07T16:05:31Z,low,20.144473282,,who.gho.mdg-0000000007,raw/who.gho.mdg-0000000007/2026/09/20260907T160531Z-a90a9bba0858.json.gz,2
who.gho.mdg-0000000007,MDG_0000000007:BEL:SEX_FMLE:AGEGROUP_YEARSUNDER5:WEALTHQUINTILE_TOTL,1970-01-01,2026-09-07T16:05:31Z,restated_at,2026-08-05,,who.gho.mdg-0000000007,raw/who.gho.mdg-0000000007/2026/09/20260907T160531Z-a90a9bba0858.json.gz,2
who.gho.mdg-0000000007,MDG_0000000007:BEL:SEX_FMLE:AGEGROUP_YEARSUNDER5:WEALTHQUINTILE_TOTL,1970-01-01,2026-09-07T16:05:31Z,value,20.634794017,,who.gho.mdg-0000000007,raw/who.gho.mdg-0000000007/2026/09/20260907T160531Z-a90a9bba0858.json.gz,2
who.gho.mdg-0000000007,MDG_0000000007:BEL:SEX_MLE:AGEGROUP_YEARSUNDER5:WEALTHQUINTILE_TOTL,1970-01-01,2026-09-07T16:11:01Z,high,27.670748157,,who.gho.mdg-0000000007,raw/who.gho.mdg-0000000007/2026/09/20260907T161101Z-fc76d9a7e10d.json.gz,2
who.gho.mdg-0000000007,MDG_0000000007:BEL:SEX_MLE:AGEGROUP_YEARSUNDER5:WEALTHQUINTILE_TOTL,1970-01-01,2026-09-07T16:11:01Z,low,26.48806113,,who.gho.mdg-0000000007,raw/who.gho.mdg-0000000007/2026/09/20260907T161101Z-fc76d9a7e10d.json.gz,2
who.gho.mdg-0000000007,MDG_0000000007:BEL:SEX_MLE:AGEGROUP_YEARSUNDER5:WEALTHQUINTILE_TOTL,1970-01-01,2026-09-07T16:11:01Z,restated_at,2026-08-05,,who.gho.mdg-0000000007,raw/who.gho.mdg-0000000007/2026/09/20260907T161101Z-fc76d9a7e10d.json.gz,2
who.gho.mdg-0000000007,MDG_0000000007:BEL:SEX_MLE:AGEGROUP_YEARSUNDER5:WEALTHQUINTILE_TOTL,1970-01-01,2026-09-07T16:11:01Z,value,27.065263253,,who.gho.mdg-0000000007,raw/who.gho.mdg-0000000007/2026/09/20260907T161101Z-fc76d9a7e10d.json.gz,2
who.gho.mdg-0000000007,MDG_0000000007:BEN:SEX_BTSX:AGEGROUP_YEARSUNDER5:WEALTHQUINTILE_TOTL,1970-01-01,2026-09-07T16:11:01Z,high,282.796424286,,who.gho.mdg-0000000007,raw/who.gho.mdg-0000000007/2026/09/20260907T161101Z-fc76d9a7e10d.json.gz,2
who.gho.mdg-0000000007,MDG_0000000007:BEN:SEX_BTSX:AGEGROUP_YEARSUNDER5:WEALTHQUINTILE_TOTL,1970-01-01,2026-09-07T16:11:01Z,low,239.056692644,,who.gho.mdg-0000000007,raw/who.gho.mdg-0000000007/2026/09/20260907T161101Z-fc76d9a7e10d.json.gz,2
who.gho.mdg-0000000007,MDG_0000000007:BEN:SEX_BTSX:AGEGROUP_YEARSUNDER5:WEALTHQUINTILE_TOTL,1970-01-01,2026-09-07T16:11:01Z,restated_at,2026-08-05,,who.gho.mdg-0000000007,raw/who.gho.mdg-0000000007/2026/09/20260907T161101Z-fc76d9a7e10d.json.gz,2
who.gho.mdg-0000000007,MDG_0000000007:BEN:SEX_BTSX:AGEGROUP_YEARSUNDER5:WEALTHQUINTILE_TOTL,1970-01-01,2026-09-07T16:11:01Z,value,259.719678843,,who.gho.mdg-0000000007,raw/who.gho.mdg-0000000007/2026/09/20260907T161101Z-fc76d9a7e10d.json.gz,2
who.gho.mdg-0000000007,MDG_0000000007:BEN:SEX_FMLE:AGEGROUP_YEARSUNDER5:WEALTHQUINTILE_TOTL,1970-01-01,2026-09-07T16:05:22Z,high,272.49613687,,who.gho.mdg-0000000007,raw/who.gho.mdg-0000000007/2026/09/20260907T160522Z-2bd49e664eea.json.gz,2
who.gho.mdg-0000000007,MDG_0000000007:BEN:SEX_FMLE:AGEGROUP_YEARSUNDER5:WEALTHQUINTILE_TOTL,1970-01-01,2026-09-07T16:05:22Z,low,228.126545572,,who.gho.mdg-0000000007,raw/who.gho.mdg-0000000007/2026/09/20260907T160522Z-2bd49e664eea.json.gz,2
who.gho.mdg-0000000007,MDG_0000000007:BEN:SEX_FMLE:AGEGROUP_YEARSUNDER5:WEALTHQUINTILE_TOTL,1970-01-01,2026-09-07T16:05:22Z,restated_at,2026-08-05,,who.gho.mdg-0000000007,raw/who.gho.mdg-0000000007/2026/09/20260907T160522Z-2bd49e664eea.json.gz,2
who.gho.mdg-0000000007,MDG_0000000007:BEN:SEX_FMLE:AGEGROUP_YEARSUNDER5:WEALTHQUINTILE_TOTL,1970-01-01,2026-09-07T16:05:22Z,value,248.735193354,,who.gho.mdg-0000000007,raw/who.gho.mdg-0000000007/2026/09/20260907T160522Z-2bd49e664eea.json.gz,2
who.gho.mdg-0000000007,MDG_0000000007:BEN:SEX_MLE:AGEGROUP_YEARSUNDER5:WEALTHQUINTILE_TOTL,1970-01-01,2026-09-07T16:05:22Z,high,294.298791129,,who.gho.mdg-0000000007,raw/who.gho.mdg-0000000007/2026/09/20260907T160522Z-2bd49e664eea.json.gz,2
who.gho.mdg-0000000007,MDG_0000000007:BEN:SEX_MLE:AGEGROUP_YEARSUNDER5:WEALTHQUINTILE_TOTL,1970-01-01,2026-09-07T16:05:22Z,low,247.469041312,,who.gho.mdg-0000000007,raw/who.gho.mdg-0000000007/2026/09/20260907T160522Z-2bd49e664eea.json.gz,2
who.gho.mdg-0000000007,MDG_0000000007:BEN:SEX_MLE:AGEGROUP_YEARSUNDER5:WEALTHQUINTILE_TOTL,1970-01-01,2026-09-07T16:05:22Z,restated_at,2026-08-05,,who.gho.mdg-0000000007,raw/who.gho.mdg-0000000007/2026/09/20260907T160522Z-2bd49e664eea.json.gz,2
who.gho.mdg-0000000007,MDG_0000000007:BEN:SEX_MLE:AGEGROUP_YEARSUNDER5:WEALTHQUINTILE_TOTL,1970-01-01,2026-09-07T16:05:22Z,value,269.606000926,,who.gho.mdg-0000000007,raw/who.gho.mdg-0000000007/2026/09/20260907T160522Z-2bd49e664eea.json.gz,2
who.gho.mdg-0000000007,MDG_0000000007:BFA:SEX_BTSX:AGEGROUP_YEARSUNDER5:WEALTHQUINTILE_TOTL,1970-01-01,2026-09-07T16:06:07Z,high,346.124509197,,who.gho.mdg-0000000007,raw/who.gho.mdg-0000000007/2026/09/20260907T160607Z-9445f1b065fa.json.gz,2
who.gho.mdg-0000000007,MDG_0000000007:BFA:SEX_BTSX:AGEGROUP_YEARSUNDER5:WEALTHQUINTILE_TOTL,1970-01-01,2026-09-07T16:06:07Z,low,280.675376769,,who.gho.mdg-0000000007,raw/who.gho.mdg-0000000007/2026/09/20260907T160607Z-9445f1b065fa.json.gz,2
who.gho.mdg-0000000007,MDG_0000000007:BFA:SEX_BTSX:AGEGROUP_YEARSUNDER5:WEALTHQUINTILE_TOTL,1970-01-01,2026-09-07T16:06:07Z,restated_at,2026-08-05,,who.gho.mdg-0000000007,raw/who.gho.mdg-0000000007/2026/09/20260907T160607Z-9445f1b065fa.json.gz,2
who.gho.mdg-0000000007,MDG_0000000007:BFA:SEX_BTSX:AGEGROUP_YEARSUNDER5:WEALTHQUINTILE_TOTL,1970-01-01,2026-09-07T16:06:07Z,value,311.443138944,,who.gho.mdg-0000000007,raw/who.gho.mdg-0000000007/2026/09/20260907T160607Z-9445f1b065fa.json.gz,2
who.gho.mdg-0000000007,MDG_0000000007:BFA:SEX_FMLE:AGEGROUP_YEARSUNDER5:WEALTHQUINTILE_TOTL,1970-01-01,2026-09-07T16:09:18Z,high,331.57175643,,who.gho.mdg-0000000007,raw/who.gho.mdg-0000000007/2026/09/20260907T160918Z-1f3ac080847d.json.gz,2
who.gho.mdg-0000000007,MDG_0000000007:BFA:SEX_FMLE:AGEGROUP_YEARSUNDER5:WEALTHQUINTILE_TOTL,1970-01-01,2026-09-07T16:09:18Z,low,267.165023218,,who.gho.mdg-0000000007,raw/who.gho.mdg-0000000007/2026/09/20260907T160918Z-1f3ac080847d.json.gz,2
who.gho.mdg-0000000007,MDG_0000000007:BFA:SEX_FMLE:AGEGROUP_YEARSUNDER5:WEALTHQUINTILE_TOTL,1970-01-01,2026-09-07T16:09:18Z,restated_at,2026-08-05,,who.gho.mdg-0000000007,raw/who.gho.mdg-0000000007/2026/09/20260907T160918Z-1f3ac080847d.json.gz,2
who.gho.mdg-0000000007,MDG_0000000007:BFA:SEX_FMLE:AGEGROUP_YEARSUNDER5:WEALTHQUINTILE_TOTL,1970-01-01,2026-09-07T16:09:18Z,value,297.988338621,,who.gho.mdg-0000000007,raw/who.gho.mdg-0000000007/2026/09/20260907T160918Z-1f3ac080847d.json.gz,2
who.gho.mdg-0000000007,MDG_0000000007:BFA:SEX_MLE:AGEGROUP_YEARSUNDER5:WEALTHQUINTILE_TOTL,1970-01-01,2026-09-07T16:09:22Z,high,361.586892521,,who.gho.mdg-0000000007,raw/who.gho.mdg-0000000007/2026/09/20260907T160922Z-b03be7779b07.json.gz,2
who.gho.mdg-0000000007,MDG_0000000007:BFA:SEX_MLE:AGEGROUP_YEARSUNDER5:WEALTHQUINTILE_TOTL,1970-01-01,2026-09-07T16:09:22Z,low,291.667984802,,who.gho.mdg-0000000007,raw/who.gho.mdg-0000000007/2026/09/20260907T160922Z-b03be7779b07.json.gz,2
who.gho.mdg-0000000007,MDG_0000000007:BFA:SEX_MLE:AGEGROUP_YEARSUNDER5:WEALTHQUINTILE_TOTL,1970-01-01,2026-09-07T16:09:22Z,restated_at,2026-08-05,,who.gho.mdg-0000000007,raw/who.gho.mdg-0000000007/2026/09/20260907T160922Z-b03be7779b07.json.gz,2
who.gho.mdg-0000000007,MDG_0000000007:BFA:SEX_MLE:AGEGROUP_YEARSUNDER5:WEALTHQUINTILE_TOTL,1970-01-01,2026-09-07T16:09:22Z,value,324.393938397,,who.gho.mdg-0000000007,raw/who.gho.mdg-0000000007/2026/09/20260907T160922Z-b03be7779b07.json.gz,2
who.gho.mdg-0000000007,MDG_0000000007:BGD:SEX_BTSX:AGEGROUP_YEARSUNDER5:WEALTHQUINTILE_TOTL,1970-01-01,2026-09-07T16:10:17Z,high,288.684975753,,who.gho.mdg-0000000007,raw/who.gho.mdg-0000000007/2026/09/20260907T161017Z-ca4dbf4e12d6.json.gz,2
who.gho.mdg-0000000007,MDG_0000000007:BGD:SEX_BTSX:AGEGROUP_YEARSUNDER5:WEALTHQUINTILE_TOTL,1970-01-01,2026-09-07T16:10:17Z,low,254.213357204,,who.gho.mdg-0000000007,raw/who.gho.mdg-0000000007/2026/09/20260907T161017Z-ca4dbf4e12d6.json.gz,2
who.gho.mdg-0000000007,MDG_0000000007:BGD:SEX_BTSX:AGEGROUP_YEARSUNDER5:WEALTHQUINTILE_TOTL,1970-01-01,2026-09-07T16:10:17Z,restated_at,2026-08-05,,who.gho.mdg-0000000007,raw/who.gho.mdg-0000000007/2026/09/20260907T161017Z-ca4dbf4e12d6.json.gz,2
who.gho.mdg-0000000007,MDG_0000000007:BGD:SEX_BTSX:AGEGROUP_YEARSUNDER5:WEALTHQUINTILE_TOTL,1970-01-01,2026-09-07T16:10:17Z,value,271.030965365,,who.gho.mdg-0000000007,raw/who.gho.mdg-0000000007/2026/09/20260907T161017Z-ca4dbf4e12d6.json.gz,2
who.gho.mdg-0000000007,MDG_0000000007:BGD:SEX_FMLE:AGEGROUP_YEARSUNDER5:WEALTHQUINTILE_TOTL,1970-01-01,2026-09-07T16:08:50Z,high,285.862705532,,who.gho.mdg-0000000007,raw/who.gho.mdg-0000000007/2026/09/20260907T160850Z-957169f3a50e.json.gz,2
who.gho.mdg-0000000007,MDG_0000000007:BGD:SEX_FMLE:AGEGROUP_YEARSUNDER5:WEALTHQUINTILE_TOTL,1970-01-01,2026-09-07T16:08:50Z,low,249.892316116,,who.gho.mdg-0000000007,raw/who.gho.mdg-0000000007/2026/09/20260907T160850Z-957169f3a50e.json.gz,2
who.gho.mdg-0000000007,MDG_0000000007:BGD:SEX_FMLE:AGEGROUP_YEARSUNDER5:WEALTHQUINTILE_TOTL,1970-01-01,2026-09-07T16:08:50Z,restated_at,2026-08-05,,who.gho.mdg-0000000007,raw/who.gho.mdg-0000000007/2026/09/20260907T160850Z-957169f3a50e.json.gz,2
who.gho.mdg-0000000007,MDG_0000000007:BGD:SEX_FMLE:AGEGROUP_YEARSUNDER5:WEALTHQUINTILE_TOTL,1970-01-01,2026-09-07T16:08:50Z,value,267.413599985,,who.gho.mdg-0000000007,raw/who.gho.mdg-0000000007/2026/09/20260907T160850Z-957169f3a50e.json.gz,2
who.gho.mdg-0000000007,MDG_0000000007:BGD:SEX_MLE:AGEGROUP_YEARSUNDER5:WEALTHQUINTILE_TOTL,1970-01-01,2026-09-07T16:06:07Z,high,293.41288789,,who.gho.mdg-0000000007,raw/who.gho.mdg-0000000007/2026/09/20260907T160607Z-9445f1b065fa.json.gz,2
who.gho.mdg-0000000007,MDG_0000000007:BGD:SEX_MLE:AGEGROUP_YEARSUNDER5:WEALTHQUINTILE_TOTL,1970-01-01,2026-09-07T16:06:07Z,low,256.786382004,,who.gho.mdg-0000000007,raw/who.gho.mdg-0000000007/2026/09/20260907T160607Z-9445f1b065fa.json.gz,2
who.gho.mdg-0000000007,MDG_0000000007:BGD:SEX_MLE:AGEGROUP_YEARSUNDER5:WEALTHQUINTILE_TOTL,1970-01-01,2026-09-07T16:06:07Z,restated_at,2026-08-05,,who.gho.mdg-0000000007,raw/who.gho.mdg-0000000007/2026/09/20260907T160607Z-9445f1b065fa.json.gz,2
who.gho.mdg-0000000007,MDG_0000000007:BGD:SEX_MLE:AGEGROUP_YEARSUNDER5:WEALTHQUINTILE_TOTL,1970-01-01,2026-09-07T16:06:07Z,value,274.480623031,,who.gho.mdg-0000000007,raw/who.gho.mdg-0000000007/2026/09/20260907T160607Z-9445f1b065fa.json.gz,2
who.gho.mdg-0000000007,MDG_0000000007:BGR:SEX_BTSX:AGEGROUP_YEARSUNDER5:WEALTHQUINTILE_TOTL,1970-01-01,2026-09-07T16:08:41Z,high,33.066290444,,who.gho.mdg-0000000007,raw/who.gho.mdg-0000000007/2026/09/20260907T160841Z-d67f78e4b8d9.json.gz,2
who.gho.mdg-0000000007,MDG_0000000007:BGR:SEX_BTSX:AGEGROUP_YEARSUNDER5:WEALTHQUINTILE_TOTL,1970-01-01,2026-09-07T16:08:41Z,low,31.585340643,,who.gho.mdg-0000000007,raw/who.gho.mdg-0000000007/2026/09/20260907T160841Z-d67f78e4b8d9.json.gz,2
who.gho.mdg-0000000007,MDG_0000000007:BGR:SEX_BTSX:AGEGROUP_YEARSUNDER5:WEALTHQUINTILE_TOTL,1970-01-01,2026-09-07T16:08:41Z,restated_at,2026-08-05,,who.gho.mdg-0000000007,raw/who.gho.mdg-0000000007/2026/09/20260907T160841Z-d67f78e4b8d9.json.gz,2
who.gho.mdg-0000000007,MDG_0000000007:BGR:SEX_BTSX:AGEGROUP_YEARSUNDER5:WEALTHQUINTILE_TOTL,1970-01-01,2026-09-07T16:08:41Z,value,32.332671326,,who.gho.mdg-0000000007,raw/who.gho.mdg-0000000007/2026/09/20260907T160841Z-d67f78e4b8d9.json.gz,2
who.gho.mdg-0000000007,MDG_0000000007:BGR:SEX_FMLE:AGEGROUP_YEARSUNDER5:WEALTHQUINTILE_TOTL,1970-01-01,2026-09-07T16:10:12Z,high,29.254783462,,who.gho.mdg-0000000007,raw/who.gho.mdg-0000000007/2026/09/20260907T161012Z-af10f639113a.json.gz,2
who.gho.mdg-0000000007,MDG_0000000007:BGR:SEX_FMLE:AGEGROUP_YEARSUNDER5:WEALTHQUINTILE_TOTL,1970-01-01,2026-09-07T16:10:12Z,low,27.750715257,,who.gho.mdg-0000000007,raw/who.gho.mdg-0000000007/2026/09/20260907T161012Z-af10f639113a.json.gz,2
who.gho.mdg-0000000007,MDG_0000000007:BGR:SEX_FMLE:AGEGROUP_YEARSUNDER5:WEALTHQUINTILE_TOTL,1970-01-01,2026-09-07T16:10:12Z,restated_at,2026-08-05,,who.gho.mdg-0000000007,raw/who.gho.mdg-0000000007/2026/09/20260907T161012Z-af10f639113a.json.gz,2
who.gho.mdg-0000000007,MDG_0000000007:BGR:SEX_FMLE:AGEGROUP_YEARSUNDER5:WEALTHQUINTILE_TOTL,1970-01-01,2026-09-07T16:10:12Z,value,28.482889735,,who.gho.mdg-0000000007,raw/who.gho.mdg-0000000007/2026/09/20260907T161012Z-af10f639113a.json.gz,2
who.gho.mdg-0000000007,MDG_0000000007:BGR:SEX_MLE:AGEGROUP_YEARSUNDER5:WEALTHQUINTILE_TOTL,1970-01-01,2026-09-07T16:08:54Z,high,36.864606604,,who.gho.mdg-0000000007,raw/who.gho.mdg-0000000007/2026/09/20260907T160854Z-e3873ac72928.json.gz,2
who.gho.mdg-0000000007,MDG_0000000007:BGR:SEX_MLE:AGEGROUP_YEARSUNDER5:WEALTHQUINTILE_TOTL,1970-01-01,2026-09-07T16:08:54Z,low,35.085616759,,who.gho.mdg-0000000007,raw/who.gho.mdg-0000000007/2026/09/20260907T160854Z-e3873ac72928.json.gz,2
who.gho.mdg-0000000007,MDG_0000000007:BGR:SEX_MLE:AGEGROUP_YEARSUNDER5:WEALTHQUINTILE_TOTL,1970-01-01,2026-09-07T16:08:54Z,restated_at,2026-08-05,,who.gho.mdg-0000000007,raw/who.gho.mdg-0000000007/2026/09/20260907T160854Z-e3873ac72928.json.gz,2
who.gho.mdg-0000000007,MDG_0000000007:BGR:SEX_MLE:AGEGROUP_YEARSUNDER5:WEALTHQUINTILE_TOTL,1970-01-01,2026-09-07T16:08:54Z,value,35.984952878,,who.gho.mdg-0000000007,raw/who.gho.mdg-0000000007/2026/09/20260907T160854Z-e3873ac72928.json.gz,2
who.gho.mdg-0000000007,MDG_0000000007:BHR:SEX_BTSX:AGEGROUP_YEARSUNDER5:WEALTHQUINTILE_TOTL,1970-01-01,2026-09-07T16:08:59Z,high,88.977353656,,who.gho.mdg-0000000007,raw/who.gho.mdg-0000000007/2026/09/20260907T160859Z-81b3460c41a8.json.gz,2
who.gho.mdg-0000000007,MDG_0000000007:BHR:SEX_BTSX:AGEGROUP_YEARSUNDER5:WEALTHQUINTILE_TOTL,1970-01-01,2026-09-07T16:08:59Z,low,68.498901462,,who.gho.mdg-0000000007,raw/who.gho.mdg-0000000007/2026/09/20260907T160859Z-81b3460c41a8.json.gz,2
who.gho.mdg-0000000007,MDG_0000000007:BHR:SEX_BTSX:AGEGROUP_YEARSUNDER5:WEALTHQUINTILE_TOTL,1970-01-01,2026-09-07T16:08:59Z,restated_at,2026-08-05,,who.gho.mdg-0000000007,raw/who.gho.mdg-0000000007/2026/09/20260907T160859Z-81b3460c41a8.json.gz,2
who.gho.mdg-0000000007,MDG_0000000007:BHR:SEX_BTSX:AGEGROUP_YEARSUNDER5:WEALTHQUINTILE_TOTL,1970-01-01,2026-09-07T16:08:59Z,value,78.134817672,,who.gho.mdg-0000000007,raw/who.gho.mdg-0000000007/2026/09/20260907T160859Z-81b3460c41a8.json.gz,2
who.gho.mdg-0000000007,MDG_0000000007:BHR:SEX_FMLE:AGEGROUP_YEARSUNDER5:WEALTHQUINTILE_TOTL,1970-01-01,2026-09-07T16:05:26Z,high,87.023978884,,who.gho.mdg-0000000007,raw/who.gho.mdg-0000000007/2026/09/20260907T160526Z-1363df2b3da0.json.gz,2
who.gho.mdg-0000000007,MDG_0000000007:BHR:SEX_FMLE:AGEGROUP_YEARSUNDER5:WEALTHQUINTILE_TOTL,1970-01-01,2026-09-07T16:05:26Z,low,66.058963809,,who.gho.mdg-0000000007,raw/who.gho.mdg-0000000007/2026/09/20260907T160526Z-1363df2b3da0.json.gz,2
who.gho.mdg-0000000007,MDG_0000000007:BHR:SEX_FMLE:AGEGROUP_YEARSUNDER5:WEALTHQUINTILE_TOTL,1970-01-01,2026-09-07T16:05:26Z,restated_at,2026-08-05,,who.gho.mdg-0000000007,raw/who.gho.mdg-0000000007/2026/09/20260907T160526Z-1363df2b3da0.json.gz,2
who.gho.mdg-0000000007,MDG_0000000007:BHR:SEX_FMLE:AGEGROUP_YEARSUNDER5:WEALTHQUINTILE_TOTL,1970-01-01,2026-09-07T16:05:26Z,value,75.872056494,,who.gho.mdg-0000000007,raw/who.gho.mdg-0000000007/2026/09/20260907T160526Z-1363df2b3da0.json.gz,2
who.gho.mdg-0000000007,MDG_0000000007:BHR:SEX_MLE:AGEGROUP_YEARSUNDER5:WEALTHQUINTILE_TOTL,1970-01-01,2026-09-07T16:11:06Z,high,91.611585424,,who.gho.mdg-0000000007,raw/who.gho.mdg-0000000007/2026/09/20260907T161106Z-078c7101acce.json.gz,2
who.gho.mdg-0000000007,MDG_0000000007:BHR:SEX_MLE:AGEGROUP_YEARSUNDER5:WEALTHQUINTILE_TOTL,1970-01-01,2026-09-07T16:11:06Z,low,69.894193679,,who.gho.mdg-0000000007,raw/who.gho.mdg-0000000007/2026/09/20260907T161106Z-078c7101acce.json.gz,2
who.gho.mdg-0000000007,MDG_0000000007:BHR:SEX_MLE:AGEGROUP_YEARSUNDER5:WEALTHQUINTILE_TOTL,1970-01-01,2026-09-07T16:11:06Z,restated_at,2026-08-05,,who.gho.mdg-0000000007,raw/who.gho.mdg-0000000007/2026/09/20260907T161106Z-078c7101acce.json.gz,2
who.gho.mdg-0000000007,MDG_0000000007:BHR:SEX_MLE:AGEGROUP_YEARSUNDER5:WEALTHQUINTILE_TOTL,1970-01-01,2026-09-07T16:11:06Z,value,80.162832067,,who.gho.mdg-0000000007,raw/who.gho.mdg-0000000007/2026/09/20260907T161106Z-078c7101acce.json.gz,2
who.gho.mdg-0000000007,MDG_0000000007:BHS:SEX_BTSX:AGEGROUP_YEARSUNDER5:WEALTHQUINTILE_TOTL,1970-01-01,2026-09-07T16:11:10Z,high,33.023742403,,who.gho.mdg-0000000007,raw/who.gho.mdg-0000000007/2026/09/20260907T161110Z-9f3e1e4fe296.json.gz,2
who.gho.mdg-0000000007,MDG_0000000007:BHS:SEX_BTSX:AGEGROUP_YEARSUNDER5:WEALTHQUINTILE_TOTL,1970-01-01,2026-09-07T16:11:10Z,low,27.779230471,,who.gho.mdg-0000000007,raw/who.gho.mdg-0000000007/2026/09/20260907T161110Z-9f3e1e4fe296.json.gz,2
who.gho.mdg-0000000007,MDG_0000000007:BHS:SEX_BTSX:AGEGROUP_YEARSUNDER5:WEALTHQUINTILE_TOTL,1970-01-01,2026-09-07T16:11:10Z,restated_at,2026-08-05,,who.gho.mdg-0000000007,raw/who.gho.mdg-0000000007/2026/09/20260907T161110Z-9f3e1e4fe296.json.gz,2
who.gho.mdg-0000000007,MDG_0000000007:BHS:SEX_BTSX:AGEGROUP_YEARSUNDER5:WEALTHQUINTILE_TOTL,1970-01-01,2026-09-07T16:11:10Z,value,30.289593994,,who.gho.mdg-0000000007,raw/who.gho.mdg-0000000007/2026/09/20260907T161110Z-9f3e1e4fe296.json.gz,2
who.gho.mdg-0000000007,MDG_0000000007:BHS:SEX_FMLE:AGEGROUP_YEARSUNDER5:WEALTHQUINTILE_TOTL,1970-01-01,2026-09-07T16:10:21Z,high,31.047525001,,who.gho.mdg-0000000007,raw/who.gho.mdg-0000000007/2026/09/20260907T161021Z-3e9ba1677574.json.gz,2
who.gho.mdg-0000000007,MDG_0000000007:BHS:SEX_FMLE:AGEGROUP_YEARSUNDER5:WEALTHQUINTILE_TOTL,1970-01-01,2026-09-07T16:10:21Z,low,25.731424763,,who.gho.mdg-0000000007,raw/who.gho.mdg-0000000007/2026/09/20260907T161021Z-3e9ba1677574.json.gz,2
who.gho.mdg-0000000007,MDG_0000000007:BHS:SEX_FMLE:AGEGROUP_YEARSUNDER5:WEALTHQUINTILE_TOTL,1970-01-01,2026-09-07T16:10:21Z,restated_at,2026-08-05,,who.gho.mdg-0000000007,raw/who.gho.mdg-0000000007/2026/09/20260907T161021Z-3e9ba1677574.json.gz,2
who.gho.mdg-0000000007,MDG_0000000007:BHS:SEX_FMLE:AGEGROUP_YEARSUNDER5:WEALTHQUINTILE_TOTL,1970-01-01,2026-09-07T16:10:21Z,value,28.295089189,,who.gho.mdg-0000000007,raw/who.gho.mdg-0000000007/2026/09/20260907T161021Z-3e9ba1677574.json.gz,2
who.gho.mdg-0000000007,MDG_0000000007:BHS:SEX_MLE:AGEGROUP_YEARSUNDER5:WEALTHQUINTILE_TOTL,1970-01-01,2026-09-07T16:09:54Z,high,35.314206914,,who.gho.mdg-0000000007,raw/who.gho.mdg-0000000007/2026/09/20260907T160954Z-3426e3999bb4.json.gz,2
who.gho.mdg-0000000007,MDG_0000000007:BHS:SEX_MLE:AGEGROUP_YEARSUNDER5:WEALTHQUINTILE_TOTL,1970-01-01,2026-09-07T16:09:54Z,low,29.37832618,,who.gho.mdg-0000000007,raw/who.gho.mdg-0000000007/2026/09/20260907T160954Z-3426e3999bb4.json.gz,2
who.gho.mdg-0000000007,MDG_0000000007:BHS:SEX_MLE:AGEGROUP_YEARSUNDER5:WEALTHQUINTILE_TOTL,1970-01-01,2026-09-07T16:09:54Z,restated_at,2026-08-05,,who.gho.mdg-0000000007,raw/who.gho.mdg-0000000007/2026/09/20260907T160954Z-3426e3999bb4.json.gz,2
who.gho.mdg-0000000007,MDG_0000000007:BHS:SEX_MLE:AGEGROUP_YEARSUNDER5:WEALTHQUINTILE_TOTL,1970-01-01,2026-09-07T16:09:54Z,value,32.182155162,,who.gho.mdg-0000000007,raw/who.gho.mdg-0000000007/2026/09/20260907T160954Z-3426e3999bb4.json.gz,2
who.gho.mdg-0000000007,MDG_0000000007:BLR:SEX_BTSX:AGEGROUP_YEARSUNDER5:WEALTHQUINTILE_TOTL,1970-01-01,2026-09-07T16:05:18Z,high,24.520651486,,who.gho.mdg-0000000007,raw/who.gho.mdg-0000000007/2026/09/20260907T160518Z-f66c8acba372.json.gz,2
who.gho.mdg-0000000007,MDG_0000000007:BLR:SEX_BTSX:AGEGROUP_YEARSUNDER5:WEALTHQUINTILE_TOTL,1970-01-01,2026-09-07T16:05:18Z,low,21.638599429,,who.gho.mdg-0000000007,raw/who.gho.mdg-0000000007/2026/09/20260907T160518Z-f66c8acba372.json.gz,2
who.gho.mdg-0000000007,MDG_0000000007:BLR:SEX_BTSX:AGEGROUP_YEARSUNDER5:WEALTHQUINTILE_TOTL,1970-01-01,2026-09-07T16:05:18Z,restated_at,2026-08-05,,who.gho.mdg-0000000007,raw/who.gho.mdg-0000000007/2026/09/20260907T160518Z-f66c8acba372.json.gz,2
who.gho.mdg-0000000007,MDG_0000000007:BLR:SEX_BTSX:AGEGROUP_YEARSUNDER5:WEALTHQUINTILE_TOTL,1970-01-01,2026-09-07T16:05:18Z,value,23.062077032,,who.gho.mdg-0000000007,raw/who.gho.mdg-0000000007/2026/09/20260907T160518Z-f66c8acba372.json.gz,2
who.gho.mdg-0000000007,MDG_0000000007:BLR:SEX_FMLE:AGEGROUP_YEARSUNDER5:WEALTHQUINTILE_TOTL,1970-01-01,2026-09-07T16:11:06Z,high,21.221347763,,who.gho.mdg-0000000007,raw/who.gho.mdg-0000000007/2026/09/20260907T161106Z-078c7101acce.json.gz,2
who.gho.mdg-0000000007,MDG_0000000007:BLR:SEX_FMLE:AGEGROUP_YEARSUNDER5:WEALTHQUINTILE_TOTL,1970-01-01,2026-09-07T16:11:06Z,low,18.289707883,,who.gho.mdg-0000000007,raw/who.gho.mdg-0000000007/2026/09/20260907T161106Z-078c7101acce.json.gz,2
who.gho.mdg-0000000007,MDG_0000000007:BLR:SEX_FMLE:AGEGROUP_YEARSUNDER5:WEALTHQUINTILE_TOTL,1970-01-01,2026-09-07T16:11:06Z,restated_at,2026-08-05,,who.gho.mdg-0000000007,raw/who.gho.mdg-0000000007/2026/09/20260907T161106Z-078c7101acce.json.gz,2
who.gho.mdg-0000000007,MDG_0000000007:BLR:SEX_FMLE:AGEGROUP_YEARSUNDER5:WEALTHQUINTILE_TOTL,1970-01-01,2026-09-07T16:11:06Z,value,19.729075286,,who.gho.mdg-0000000007,raw/who.gho.mdg-0000000007/2026/09/20260907T161106Z-078c7101acce.json.gz,2
who.gho.mdg-0000000007,MDG_0000000007:BLR:SEX_MLE:AGEGROUP_YEARSUNDER5:WEALTHQUINTILE_TOTL,1970-01-01,2026-09-07T16:10:37Z,high,28.022775031,,who.gho.mdg-0000000007,raw/who.gho.mdg-0000000007/2026/09/20260907T161037Z-dfd3d6a5a745.json.gz,2
who.gho.mdg-0000000007,MDG_0000000007:BLR:SEX_MLE:AGEGROUP_YEARSUNDER5:WEALTHQUINTILE_TOTL,1970-01-01,2026-09-07T16:10:37Z,low,24.489791985,,who.gho.mdg-0000000007,raw/who.gho.mdg-0000000007/2026/09/20260907T161037Z-dfd3d6a5a745.json.gz,2
who.gho.mdg-0000000007,MDG_0000000007:BLR:SEX_MLE:AGEGROUP_YEARSUNDER5:WEALTHQUINTILE_TOTL,1970-01-01,2026-09-07T16:10:37Z,restated_at,2026-08-05,,who.gho.mdg-0000000007,raw/who.gho.mdg-0000000007/2026/09/20260907T161037Z-dfd3d6a5a745.json.gz,2
who.gho.mdg-0000000007,MDG_0000000007:BLR:SEX_MLE:AGEGROUP_YEARSUNDER5:WEALTHQUINTILE_TOTL,1970-01-01,2026-09-07T16:10:37Z,value,26.209373755,,who.gho.mdg-0000000007,raw/who.gho.mdg-0000000007/2026/09/20260907T161037Z-dfd3d6a5a745.json.gz,2
who.gho.mdg-0000000007,MDG_0000000007:BLZ:SEX_BTSX:AGEGROUP_YEARSUNDER5:WEALTHQUINTILE_TOTL,1970-01-01,2026-09-07T16:10:41Z,high,133.231130565,,who.gho.mdg-0000000007,raw/who.gho.mdg-0000000007/2026/09/20260907T161041Z-4752b74784e1.json.gz,2
who.gho.mdg-0000000007,MDG_0000000007:BLZ:SEX_BTSX:AGEGROUP_YEARSUNDER5:WEALTHQUINTILE_TOTL,1970-01-01,2026-09-07T16:10:41Z,low,75.489399916,,who.gho.mdg-0000000007,raw/who.gho.mdg-0000000007/2026/09/20260907T161041Z-4752b74784e1.json.gz,2
who.gho.mdg-0000000007,MDG_0000000007:BLZ:SEX_BTSX:AGEGROUP_YEARSUNDER5:WEALTHQUINTILE_TOTL,1970-01-01,2026-09-07T16:10:41Z,restated_at,2026-08-05,,who.gho.mdg-0000000007,raw/who.gho.mdg-0000000007/2026/09/20260907T161041Z-4752b74784e1.json.gz,2
who.gho.mdg-0000000007,MDG_0000000007:BLZ:SEX_BTSX:AGEGROUP_YEARSUNDER5:WEALTHQUINTILE_TOTL,1970-01-01,2026-09-07T16:10:41Z,value,100.277281408,,who.gho.mdg-0000000007,raw/who.gho.mdg-0000000007/2026/09/20260907T161041Z-4752b74784e1.json.gz,2
who.gho.mdg-0000000007,MDG_0000000007:BLZ:SEX_FMLE:AGEGROUP_YEARSUNDER5:WEALTHQUINTILE_TOTL,1970-01-01,2026-09-07T16:05:06Z,high,125.256319965,,who.gho.mdg-0000000007,raw/who.gho.mdg-0000000007/2026/09/20260907T160506Z-a219a21e2a4a.json.gz,2
who.gho.mdg-0000000007,MDG_0000000007:BLZ:SEX_FMLE:AGEGROUP_YEARSUNDER5:WEALTHQUINTILE_TOTL,1970-01-01,2026-09-07T16:05:06Z,low,70.619556402,,who.gho.mdg-0000000007,raw/who.gho.mdg-0000000007/2026/09/20260907T160506Z-a219a21e2a4a.json.gz,2
who.gho.mdg-0000000007,MDG_0000000007:BLZ:SEX_FMLE:AGEGROUP_YEARSUNDER5:WEALTHQUINTILE_TOTL,1970-01-01,2026-09-07T16:05:06Z,restated_at,2026-08-05,,who.gho.mdg-0000000007,raw/who.gho.mdg-0000000007/2026/09/20260907T160506Z-a219a21e2a4a.json.gz,2
who.gho.mdg-0000000007,MDG_0000000007:BLZ:SEX_FMLE:AGEGROUP_YEARSUNDER5:WEALTHQUINTILE_TOTL,1970-01-01,2026-09-07T16:05:06Z,value,93.951548036,,who.gho.mdg-0000000007,raw/who.gho.mdg-0000000007/2026/09/20260907T160506Z-a219a21e2a4a.json.gz,2
who.gho.mdg-0000000007,MDG_0000000007:BLZ:SEX_MLE:AGEGROUP_YEARSUNDER5:WEALTHQUINTILE_TOTL,1970-01-01,2026-09-07T16:11:18Z,high,141.595234569,,who.gho.mdg-0000000007,raw/who.gho.mdg-0000000007/2026/09/20260907T161118Z-85c02b5f4e3c.json.gz,2
who.gho.mdg-0000000007,MDG_0000000007:BLZ:SEX_MLE:AGEGROUP_YEARSUNDER5:WEALTHQUINTILE_TOTL,1970-01-01,2026-09-07T16:11:18Z,low,79.677424082,,who.gho.mdg-0000000007,raw/who.gho.mdg-0000000007/2026/09/20260907T161118Z-85c02b5f4e3c.json.gz,2
who.gho.mdg-0000000007,MDG_0000000007:BLZ:SEX_MLE:AGEGROUP_YEARSUNDER5:WEALTHQUINTILE_TOTL,1970-01-01,2026-09-07T16:11:18Z,restated_at,2026-08-05,,who.gho.mdg-0000000007,raw/who.gho.mdg-0000000007/2026/09/20260907T161118Z-85c02b5f4e3c.json.gz,2
who.gho.mdg-0000000007,MDG_0000000007:BLZ:SEX_MLE:AGEGROUP_YEARSUNDER5:WEALTHQUINTILE_TOTL,1970-01-01,2026-09-07T16:11:18Z,value,106.412163044,,who.gho.mdg-0000000007,raw/who.gho.mdg-0000000007/2026/09/20260907T161118Z-85c02b5f4e3c.json.gz,2
who.gho.mdg-0000000007,MDG_0000000007:BOL:SEX_BTSX:AGEGROUP_YEARSUNDER5:WEALTHQUINTILE_TOTL,1970-01-01,2026-09-07T16:11:06Z,high,243.482075977,,who.gho.mdg-0000000007,raw/who.gho.mdg-0000000007/2026/09/20260907T161106Z-078c7101acce.json.gz,2
who.gho.mdg-0000000007,MDG_0000000007:BOL:SEX_BTSX:AGEGROUP_YEARSUNDER5:WEALTHQUINTILE_TOTL,1970-01-01,2026-09-07T16:11:06Z,low,208.918521683,,who.gho.mdg-0000000007,raw/who.gho.mdg-0000000007/2026/09/20260907T161106Z-078c7101acce.json.gz,2
who.gho.mdg-0000000007,MDG_0000000007:BOL:SEX_BTSX:AGEGROUP_YEARSUNDER5:WEALTHQUINTILE_TOTL,1970-01-01,2026-09-07T16:11:06Z,restated_at,2026-08-05,,who.gho.mdg-0000000007,raw/who.gho.mdg-0000000007/2026/09/20260907T161106Z-078c7101acce.json.gz,2
who.gho.mdg-0000000007,MDG_0000000007:BOL:SEX_BTSX:AGEGROUP_YEARSUNDER5:WEALTHQUINTILE_TOTL,1970-01-01,2026-09-07T16:11:06Z,value,225.359789292,,who.gho.mdg-0000000007,raw/who.gho.mdg-0000000007/2026/09/20260907T161106Z-078c7101acce.json.gz,2
who.gho.mdg-0000000007,MDG_0000000007:BOL:SEX_FMLE:AGEGROUP_YEARSUNDER5:WEALTHQUINTILE_TOTL,1970-01-01,2026-09-07T16:06:21Z,high,229.287695304,,who.gho.mdg-0000000007,raw/who.gho.mdg-0000000007/2026/09/20260907T160621Z-1819ad2538c7.json.gz,2
who.gho.mdg-0000000007,MDG_0000000007:BOL:SEX_FMLE:AGEGROUP_YEARSUNDER5:WEALTHQUINTILE_TOTL,1970-01-01,2026-09-07T16:06:21Z,low,195.451405657,,who.gho.mdg-0000000007,raw/who.gho.mdg-0000000007/2026/09/20260907T160621Z-1819ad2538c7.json.gz,2
who.gho.mdg-0000000007,MDG_0000000007:BOL:SEX_FMLE:AGEGROUP_YEARSUNDER5:WEALTHQUINTILE_TOTL,1970-01-01,2026-09-07T16:06:21Z,restated_at,2026-08-05,,who.gho.mdg-0000000007,raw/who.gho.mdg-0000000007/2026/09/20260907T160621Z-1819ad2538c7.json.gz,2
who.gho.mdg-0000000007,MDG_0000000007:BOL:SEX_FMLE:AGEGROUP_YEARSUNDER5:WEALTHQUINTILE_TOTL,1970-01-01,2026-09-07T16:06:21Z,value,211.824604975,,who.gho.mdg-0000000007,raw/who.gho.mdg-0000000007/2026/09/20260907T160621Z-1819ad2538c7.json.gz,2
who.gho.mdg-0000000007,MDG_0000000007:BOL:SEX_MLE:AGEGROUP_YEARSUNDER5:WEALTHQUINTILE_TOTL,1970-01-01,2026-09-07T16:05:14Z,high,258.32381277,,who.gho.mdg-0000000007,raw/who.gho.mdg-0000000007/2026/09/20260907T160514Z-6205b585146a.json.gz,2
who.gho.mdg-0000000007,MDG_0000000007:BOL:SEX_MLE:AGEGROUP_YEARSUNDER5:WEALTHQUINTILE_TOTL,1970-01-01,2026-09-07T16:05:14Z,low,220.211145162,,who.gho.mdg-0000000007,raw/who.gho.mdg-0000000007/2026/09/20260907T160514Z-6205b585146a.json.gz,2
who.gho.mdg-0000000007,MDG_0000000007:BOL:SEX_MLE:AGEGROUP_YEARSUNDER5:WEALTHQUINTILE_TOTL,1970-01-01,2026-09-07T16:05:14Z,restated_at,2026-08-05,,who.gho.mdg-0000000007,raw/who.gho.mdg-0000000007/2026/09/20260907T160514Z-6205b585146a.json.gz,2
who.gho.mdg-0000000007,MDG_0000000007:BOL:SEX_MLE:AGEGROUP_YEARSUNDER5:WEALTHQUINTILE_TOTL,1970-01-01,2026-09-07T16:05:14Z,value,238.236434179,,who.gho.mdg-0000000007,raw/who.gho.mdg-0000000007/2026/09/20260907T160514Z-6205b585146a.json.gz,2
who.gho.mdg-0000000007,MDG_0000000007:BRA:SEX_BTSX:AGEGROUP_YEARSUNDER5:WEALTHQUINTILE_TOTL,1970-01-01,2026-09-07T16:06:02Z,high,141.328336001,,who.gho.mdg-0000000007,raw/who.gho.mdg-0000000007/2026/09/20260907T160602Z-1adff4f5f376.json.gz,2
who.gho.mdg-0000000007,MDG_0000000007:BRA:SEX_BTSX:AGEGROUP_YEARSUNDER5:WEALTHQUINTILE_TOTL,1970-01-01,2026-09-07T16:06:02Z,low,123.720178745,,who.gho.mdg-0000000007,raw/who.gho.mdg-0000000007/2026/09/20260907T160602Z-1adff4f5f376.json.gz,2
who.gho.mdg-0000000007,MDG_0000000007:BRA:SEX_BTSX:AGEGROUP_YEARSUNDER5:WEALTHQUINTILE_TOTL,1970-01-01,2026-09-07T16:06:02Z,restated_at,2026-08-05,,who.gho.mdg-0000000007,raw/who.gho.mdg-0000000007/2026/09/20260907T160602Z-1adff4f5f376.json.gz,2
who.gho.mdg-0000000007,MDG_0000000007:BRA:SEX_BTSX:AGEGROUP_YEARSUNDER5:WEALTHQUINTILE_TOTL,1970-01-01,2026-09-07T16:06:02Z,value,132.091197455,,who.gho.mdg-0000000007,raw/who.gho.mdg-0000000007/2026/09/20260907T160602Z-1adff4f5f376.json.gz,2
who.gho.mdg-0000000007,MDG_0000000007:BRA:SEX_FMLE:AGEGROUP_YEARSUNDER5:WEALTHQUINTILE_TOTL,1970-01-01,2026-09-07T16:09:26Z,high,129.062520725,,who.gho.mdg-0000000007,raw/who.gho.mdg-0000000007/2026/09/20260907T160926Z-3ee37906b339.json.gz,2
who.gho.mdg-0000000007,MDG_0000000007:BRA:SEX_FMLE:AGEGROUP_YEARSUNDER5:WEALTHQUINTILE_TOTL,1970-01-01,2026-09-07T16:09:26Z,low,111.306595789,,who.gho.mdg-0000000007,raw/who.gho.mdg-0000000007/2026/09/20260907T160926Z-3ee37906b339.json.gz,2
who.gho.mdg-0000000007,MDG_0000000007:BRA:SEX_FMLE:AGEGROUP_YEARSUNDER5:WEALTHQUINTILE_TOTL,1970-01-01,2026-09-07T16:09:26Z,restated_at,2026-08-05,,who.gho.mdg-0000000007,raw/who.gho.mdg-0000000007/2026/09/20260907T160926Z-3ee37906b339.json.gz,2
who.gho.mdg-0000000007,MDG_0000000007:BRA:SEX_FMLE:AGEGROUP_YEARSUNDER5:WEALTHQUINTILE_TOTL,1970-01-01,2026-09-07T16:09:26Z,value,119.805259737,,who.gho.mdg-0000000007,raw/who.gho.mdg-0000000007/2026/09/20260907T160926Z-3ee37906b339.json.gz,2
who.gho.mdg-0000000007,MDG_0000000007:BRA:SEX_MLE:AGEGROUP_YEARSUNDER5:WEALTHQUINTILE_TOTL,1970-01-01,2026-09-07T16:10:17Z,high,154.488954963,,who.gho.mdg-0000000007,raw/who.gho.mdg-0000000007/2026/09/20260907T161017Z-ca4dbf4e12d6.json.gz,2
who.gho.mdg-0000000007,MDG_0000000007:BRA:SEX_MLE:AGEGROUP_YEARSUNDER5:WEALTHQUINTILE_TOTL,1970-01-01,2026-09-07T16:10:17Z,low,133.957161479,,who.gho.mdg-0000000007,raw/who.gho.mdg-0000000007/2026/09/20260907T161017Z-ca4dbf4e12d6.json.gz,2
who.gho.mdg-0000000007,MDG_0000000007:BRA:SEX_MLE:AGEGROUP_YEARSUNDER5:WEALTHQUINTILE_TOTL,1970-01-01,2026-09-07T16:10:17Z,restated_at,2026-08-05,,who.gho.mdg-0000000007,raw/who.gho.mdg-0000000007/2026/09/20260907T161017Z-ca4dbf4e12d6.json.gz,2
who.gho.mdg-0000000007,MDG_0000000007:BRA:SEX_MLE:AGEGROUP_YEARSUNDER5:WEALTHQUINTILE_TOTL,1970-01-01,2026-09-07T16:10:17Z,value,143.799919903,,who.gho.mdg-0000000007,raw/who.gho.mdg-0000000007/2026/09/20260907T161017Z-ca4dbf4e12d6.json.gz,2
who.gho.mdg-0000000007,MDG_0000000007:BRB:SEX_BTSX:AGEGROUP_YEARSUNDER5:WEALTHQUINTILE_TOTL,1970-01-01,2026-09-07T16:10:12Z,high,49.863270545,,who.gho.mdg-0000000007,raw/who.gho.mdg-0000000007/2026/09/20260907T161012Z-af10f639113a.json.gz,2
who.gho.mdg-0000000007,MDG_0000000007:BRB:SEX_BTSX:AGEGROUP_YEARSUNDER5:WEALTHQUINTILE_TOTL,1970-01-01,2026-09-07T16:10:12Z,low,46.082885056,,who.gho.mdg-0000000007,raw/who.gho.mdg-0000000007/2026/09/20260907T161012Z-af10f639113a.json.gz,2
who.gho.mdg-0000000007,MDG_0000000007:BRB:SEX_BTSX:AGEGROUP_YEARSUNDER5:WEALTHQUINTILE_TOTL,1970-01-01,2026-09-07T16:10:12Z,restated_at,2026-08-05,,who.gho.mdg-0000000007,raw/who.gho.mdg-0000000007/2026/09/20260907T161012Z-af10f639113a.json.gz,2
who.gho.mdg-0000000007,MDG_0000000007:BRB:SEX_BTSX:AGEGROUP_YEARSUNDER5:WEALTHQUINTILE_TOTL,1970-01-01,2026-09-07T16:10:12Z,value,47.945445585,,who.gho.mdg-0000000007,raw/who.gho.mdg-0000000007/2026/09/20260907T161012Z-af10f639113a.json.gz,2
who.gho.mdg-0000000007,MDG_0000000007:BRB:SEX_FMLE:AGEGROUP_YEARSUNDER5:WEALTHQUINTILE_TOTL,1970-01-01,2026-09-07T16:06:26Z,high,45.265876099,,who.gho.mdg-0000000007,raw/who.gho.mdg-0000000007/2026/09/20260907T160626Z-083ef708c2ee.json.gz,2
who.gho.mdg-0000000007,MDG_0000000007:BRB:SEX_FMLE:AGEGROUP_YEARSUNDER5:WEALTHQUINTILE_TOTL,1970-01-01,2026-09-07T16:06:26Z,low,41.204864459,,who.gho.mdg-0000000007,raw/who.gho.mdg-0000000007/2026/09/20260907T160626Z-083ef708c2ee.json.gz,2
who.gho.mdg-0000000007,MDG_0000000007:BRB:SEX_FMLE:AGEGROUP_YEARSUNDER5:WEALTHQUINTILE_TOTL,1970-01-01,2026-09-07T16:06:26Z,restated_at,2026-08-05,,who.gho.mdg-0000000007,raw/who.gho.mdg-0000000007/2026/09/20260907T160626Z-083ef708c2ee.json.gz,2
who.gho.mdg-0000000007,MDG_0000000007:BRB:SEX_FMLE:AGEGROUP_YEARSUNDER5:WEALTHQUINTILE_TOTL,1970-01-01,2026-09-07T16:06:26Z,value,43.213172158,,who.gho.mdg-0000000007,raw/who.gho.mdg-0000000007/2026/09/20260907T160626Z-083ef708c2ee.json.gz,2
who.gho.mdg-0000000007,MDG_0000000007:BRB:SEX_MLE:AGEGROUP_YEARSUNDER5:WEALTHQUINTILE_TOTL,1970-01-01,2026-09-07T16:05:57Z,high,54.84899267,,who.gho.mdg-0000000007,raw/who.gho.mdg-0000000007/2026/09/20260907T160557Z-c8e786907d46.json.gz,2
who.gho.mdg-0000000007,MDG_0000000007:BRB:SEX_MLE:AGEGROUP_YEARSUNDER5:WEALTHQUINTILE_TOTL,1970-01-01,2026-09-07T16:05:57Z,low,50.148733656,,who.gho.mdg-0000000007,raw/who.gho.mdg-0000000007/2026/09/20260907T160557Z-c8e786907d46.json.gz,2
who.gho.mdg-0000000007,MDG_0000000007:BRB:SEX_MLE:AGEGROUP_YEARSUNDER5:WEALTHQUINTILE_TOTL,1970-01-01,2026-09-07T16:05:57Z,restated_at,2026-08-05,,who.gho.mdg-0000000007,raw/who.gho.mdg-0000000007/2026/09/20260907T160557Z-c8e786907d46.json.gz,2
who.gho.mdg-0000000007,MDG_0000000007:BRB:SEX_MLE:AGEGROUP_YEARSUNDER5:WEALTHQUINTILE_TOTL,1970-01-01,2026-09-07T16:05:57Z,value,52.431878013,,who.gho.mdg-0000000007,raw/who.gho.mdg-0000000007/2026/09/20260907T160557Z-c8e786907d46.json.gz,2
who.gho.mdg-0000000007,MDG_0000000007:BRN:SEX_BTSX:AGEGROUP_YEARSUNDER5:WEALTHQUINTILE_TOTL,1970-01-01,2026-09-07T16:05:57Z,high,52.15056437,,who.gho.mdg-0000000007,raw/who.gho.mdg-0000000007/2026/09/20260907T160557Z-c8e786907d46.json.gz,2
who.gho.mdg-0000000007,MDG_0000000007:BRN:SEX_BTSX:AGEGROUP_YEARSUNDER5:WEALTHQUINTILE_TOTL,1970-01-01,2026-09-07T16:05:57Z,low,46.271861967,,who.gho.mdg-0000000007,raw/who.gho.mdg-0000000007/2026/09/20260907T160557Z-c8e786907d46.json.gz,2
who.gho.mdg-0000000007,MDG_0000000007:BRN:SEX_BTSX:AGEGROUP_YEARSUNDER5:WEALTHQUINTILE_TOTL,1970-01-01,2026-09-07T16:05:57Z,restated_at,2026-08-05,,who.gho.mdg-0000000007,raw/who.gho.mdg-0000000007/2026/09/20260907T160557Z-c8e786907d46.json.gz,2
who.gho.mdg-0000000007,MDG_0000000007:BRN:SEX_BTSX:AGEGROUP_YEARSUNDER5:WEALTHQUINTILE_TOTL,1970-01-01,2026-09-07T16:05:57Z,value,49.114615299,,who.gho.mdg-0000000007,raw/who.gho.mdg-0000000007/2026/09/20260907T160557Z-c8e786907d46.json.gz,2
who.gho.mdg-0000000007,MDG_0000000007:BRN:SEX_FMLE:AGEGROUP_YEARSUNDER5:WEALTHQUINTILE_TOTL,1970-01-01,2026-09-07T16:11:01Z,high,48.362145718,,who.gho.mdg-0000000007,raw/who.gho.mdg-0000000007/2026/09/20260907T161101Z-fc76d9a7e10d.json.gz,2
who.gho.mdg-0000000007,MDG_0000000007:BRN:SEX_FMLE:AGEGROUP_YEARSUNDER5:WEALTHQUINTILE_TOTL,1970-01-01,2026-09-07T16:11:01Z,low,42.497756468,,who.gho.mdg-0000000007,raw/who.gho.mdg-0000000007/2026/09/20260907T161101Z-fc76d9a7e10d.json.gz,2
who.gho.mdg-0000000007,MDG_0000000007:BRN:SEX_FMLE:AGEGROUP_YEARSUNDER5:WEALTHQUINTILE_TOTL,1970-01-01,2026-09-07T16:11:01Z,restated_at,2026-08-05,,who.gho.mdg-0000000007,raw/who.gho.mdg-0000000007/2026/09/20260907T161101Z-fc76d9a7e10d.json.gz,2
who.gho.mdg-0000000007,MDG_0000000007:BRN:SEX_FMLE:AGEGROUP_YEARSUNDER5:WEALTHQUINTILE_TOTL,1970-01-01,2026-09-07T16:11:01Z,value,45.304876107,,who.gho.mdg-0000000007,raw/who.gho.mdg-0000000007/2026/09/20260907T161101Z-fc76d9a7e10d.json.gz,2
who.gho.mdg-0000000007,MDG_0000000007:BRN:SEX_MLE:AGEGROUP_YEARSUNDER5:WEALTHQUINTILE_TOTL,1970-01-01,2026-09-07T16:06:11Z,high,56.218896069,,who.gho.mdg-0000000007,raw/who.gho.mdg-0000000007/2026/09/20260907T160611Z-e868f3030ca5.json.gz,2
who.gho.mdg-0000000007,MDG_0000000007:BRN:SEX_MLE:AGEGROUP_YEARSUNDER5:WEALTHQUINTILE_TOTL,1970-01-01,2026-09-07T16:06:11Z,low,49.452432495,,who.gho.mdg-0000000007,raw/who.gho.mdg-0000000007/2026/09/20260907T160611Z-e868f3030ca5.json.gz,2
who.gho.mdg-0000000007,MDG_0000000007:BRN:SEX_MLE:AGEGROUP_YEARSUNDER5:WEALTHQUINTILE_TOTL,1970-01-01,2026-09-07T16:06:11Z,restated_at,2026-08-05,,who.gho.mdg-0000000007,raw/who.gho.mdg-0000000007/2026/09/20260907T160611Z-e868f3030ca5.json.gz,2
who.gho.mdg-0000000007,MDG_0000000007:BRN:SEX_MLE:AGEGROUP_YEARSUNDER5:WEALTHQUINTILE_TOTL,1970-01-01,2026-09-07T16:06:11Z,value,52.726523001,,who.gho.mdg-0000000007,raw/who.gho.mdg-0000000007/2026/09/20260907T160611Z-e868f3030ca5.json.gz,2
who.gho.mdg-0000000007,MDG_0000000007:BTN:SEX_BTSX:AGEGROUP_YEARSUNDER5:WEALTHQUINTILE_TOTL,1970-01-01,2026-09-07T16:09:59Z,high,339.439556093,,who.gho.mdg-0000000007,raw/who.gho.mdg-0000000007/2026/09/20260907T160959Z-e41937f31aea.json.gz,2
who.gho.mdg-0000000007,MDG_0000000007:BTN:SEX_BTSX:AGEGROUP_YEARSUNDER5:WEALTHQUINTILE_TOTL,1970-01-01,2026-09-07T16:09:59Z,low,203.190094549,,who.gho.mdg-0000000007,raw/who.gho.mdg-0000000007/2026/09/20260907T160959Z-e41937f31aea.json.gz,2
who.gho.mdg-0000000007,MDG_0000000007:BTN:SEX_BTSX:AGEGROUP_YEARSUNDER5:WEALTHQUINTILE_TOTL,1970-01-01,2026-09-07T16:09:59Z,restated_at,2026-08-05,,who.gho.mdg-0000000007,raw/who.gho.mdg-0000000007/2026/09/20260907T160959Z-e41937f31aea.json.gz,2
who.gho.mdg-0000000007,MDG_0000000007:BTN:SEX_BTSX:AGEGROUP_YEARSUNDER5:WEALTHQUINTILE_TOTL,1970-01-01,2026-09-07T16:09:59Z,value,262.693408617,,who.gho.mdg-0000000007,raw/who.gho.mdg-0000000007/2026/09/20260907T160959Z-e41937f31aea.json.gz,2
who.gho.mdg-0000000007,MDG_0000000007:BTN:SEX_FMLE:AGEGROUP_YEARSUNDER5:WEALTHQUINTILE_TOTL,1970-01-01,2026-09-07T16:11:14Z,high,329.297319853,,who.gho.mdg-0000000007,raw/who.gho.mdg-0000000007/2026/09/20260907T161114Z-c1ae2408f442.json.gz,2
who.gho.mdg-0000000007,MDG_0000000007:BTN:SEX_FMLE:AGEGROUP_YEARSUNDER5:WEALTHQUINTILE_TOTL,1970-01-01,2026-09-07T16:11:14Z,low,196.081629202,,who.gho.mdg-0000000007,raw/who.gho.mdg-0000000007/2026/09/20260907T161114Z-c1ae2408f442.json.gz,2
who.gho.mdg-0000000007,MDG_0000000007:BTN:SEX_FMLE:AGEGROUP_YEARSUNDER5:WEALTHQUINTILE_TOTL,1970-01-01,2026-09-07T16:11:14Z,restated_at,2026-08-05,,who.gho.mdg-0000000007,raw/who.gho.mdg-0000000007/2026/09/20260907T161114Z-c1ae2408f442.json.gz,2
who.gho.mdg-0000000007,MDG_0000000007:BTN:SEX_FMLE:AGEGROUP_YEARSUNDER5:WEALTHQUINTILE_TOTL,1970-01-01,2026-09-07T16:11:14Z,value,253.90990497,,who.gho.mdg-0000000007,raw/who.gho.mdg-0000000007/2026/09/20260907T161114Z-c1ae2408f442.json.gz,2
who.gho.mdg-0000000007,MDG_0000000007:BTN:SEX_MLE:AGEGROUP_YEARSUNDER5:WEALTHQUINTILE_TOTL,1970-01-01,2026-09-07T16:10:53Z,high,350.31615313,,who.gho.mdg-0000000007,raw/who.gho.mdg-0000000007/2026/09/20260907T161053Z-9a5808e2a757.json.gz,2
who.gho.mdg-0000000007,MDG_0000000007:BTN:SEX_MLE:AGEGROUP_YEARSUNDER5:WEALTHQUINTILE_TOTL,1970-01-01,2026-09-07T16:10:53Z,low,209.106982679,,who.gho.mdg-0000000007,raw/who.gho.mdg-0000000007/2026/09/20260907T161053Z-9a5808e2a757.json.gz,2
who.gho.mdg-0000000007,MDG_0000000007:BTN:SEX_MLE:AGEGROUP_YEARSUNDER5:WEALTHQUINTILE_TOTL,1970-01-01,2026-09-07T16:10:53Z,restated_at,2026-08-05,,who.gho.mdg-0000000007,raw/who.gho.mdg-0000000007/2026/09/20260907T161053Z-9a5808e2a757.json.gz,2
who.gho.mdg-0000000007,MDG_0000000007:BTN:SEX_MLE:AGEGROUP_YEARSUNDER5:WEALTHQUINTILE_TOTL,1970-01-01,2026-09-07T16:10:53Z,value,271.029705379,,who.gho.mdg-0000000007,raw/who.gho.mdg-0000000007/2026/09/20260907T161053Z-9a5808e2a757.json.gz,2
who.gho.mdg-0000000007,MDG_0000000007:BWA:SEX_BTSX:AGEGROUP_YEARSUNDER5:WEALTHQUINTILE_TOTL,1970-01-01,2026-09-07T16:06:34Z,high,142.032487571,,who.gho.mdg-0000000007,raw/who.gho.mdg-0000000007/2026/09/20260907T160634Z-2774fa4e213c.json.gz,2
who.gho.mdg-0000000007,MDG_0000000007:BWA:SEX_BTSX:AGEGROUP_YEARSUNDER5:WEALTHQUINTILE_TOTL,1970-01-01,2026-09-07T16:06:34Z,low,110.196434396,,who.gho.mdg-0000000007,raw/who.gho.mdg-0000000007/2026/09/20260907T160634Z-2774fa4e213c.json.gz,2
who.gho.mdg-0000000007,MDG_0000000007:BWA:SEX_BTSX:AGEGROUP_YEARSUNDER5:WEALTHQUINTILE_TOTL,1970-01-01,2026-09-07T16:06:34Z,restated_at,2026-08-05,,who.gho.mdg-0000000007,raw/who.gho.mdg-0000000007/2026/09/20260907T160634Z-2774fa4e213c.json.gz,2
who.gho.mdg-0000000007,MDG_0000000007:BWA:SEX_BTSX:AGEGROUP_YEARSUNDER5:WEALTHQUINTILE_TOTL,1970-01-01,2026-09-07T16:06:34Z,value,125.32302345,,who.gho.mdg-0000000007,raw/who.gho.mdg-0000000007/2026/09/20260907T160634Z-2774fa4e213c.json.gz,2
who.gho.mdg-0000000007,MDG_0000000007:BWA:SEX_FMLE:AGEGROUP_YEARSUNDER5:WEALTHQUINTILE_TOTL,1970-01-01,2026-09-07T16:10:33Z,high,133.114728601,,who.gho.mdg-0000000007,raw/who.gho.mdg-0000000007/2026/09/20260907T161033Z-0396663e197a.json.gz,2
who.gho.mdg-0000000007,MDG_0000000007:BWA:SEX_FMLE:AGEGROUP_YEARSUNDER5:WEALTHQUINTILE_TOTL,1970-01-01,2026-09-07T16:10:33Z,low,101.906728401,,who.gho.mdg-0000000007,raw/who.gho.mdg-0000000007/2026/09/20260907T161033Z-0396663e197a.json.gz,2
who.gho.mdg-0000000007,MDG_0000000007:BWA:SEX_FMLE:AGEGROUP_YEARSUNDER5:WEALTHQUINTILE_TOTL,1970-01-01,2026-09-07T16:10:33Z,restated_at,2026-08-05,,who.gho.mdg-0000000007,raw/who.gho.mdg-0000000007/2026/09/20260907T161033Z-0396663e197a.json.gz,2
who.gho.mdg-0000000007,MDG_0000000007:BWA:SEX_FMLE:AGEGROUP_YEARSUNDER5:WEALTHQUINTILE_TOTL,1970-01-01,2026-09-07T16:10:33Z,value,116.789780427,,who.gho.mdg-0000000007,raw/who.gho.mdg-0000000007/2026/09/20260907T161033Z-0396663e197a.json.gz,2
who.gho.mdg-0000000007,MDG_0000000007:BWA:SEX_MLE:AGEGROUP_YEARSUNDER5:WEALTHQUINTILE_TOTL,1970-01-01,2026-09-07T16:05:22Z,high,151.877569807,,who.gho.mdg-0000000007,raw/who.gho.mdg-0000000007/2026/09/20260907T160522Z-2bd49e664eea.json.gz,2
who.gho.mdg-0000000007,MDG_0000000007:BWA:SEX_MLE:AGEGROUP_YEARSUNDER5:WEALTHQUINTILE_TOTL,1970-01-01,2026-09-07T16:05:22Z,low,116.840683465,,who.gho.mdg-0000000007,raw/who.gho.mdg-0000000007/2026/09/20260907T160522Z-2bd49e664eea.json.gz,2
who.gho.mdg-0000000007,MDG_0000000007:BWA:SEX_MLE:AGEGROUP_YEARSUNDER5:WEALTHQUINTILE_TOTL,1970-01-01,2026-09-07T16:05:22Z,restated_at,2026-08-05,,who.gho.mdg-0000000007,raw/who.gho.mdg-0000000007/2026/09/20260907T160522Z-2bd49e664eea.json.gz,2
who.gho.mdg-0000000007,MDG_0000000007:BWA:SEX_MLE:AGEGROUP_YEARSUNDER5:WEALTHQUINTILE_TOTL,1970-01-01,2026-09-07T16:05:22Z,value,133.361519452,,who.gho.mdg-0000000007,raw/who.gho.mdg-0000000007/2026/09/20260907T160522Z-2bd49e664eea.json.gz,2
who.gho.mdg-0000000007,MDG_0000000007:CAF:SEX_BTSX:AGEGROUP_YEARSUNDER5:WEALTHQUINTILE_TOTL,1970-01-01,2026-09-07T16:10:30Z,high,264.373731419,,who.gho.mdg-0000000007,raw/who.gho.mdg-0000000007/2026/09/20260907T161030Z-d2101d8df79b.json.gz,2
who.gho.mdg-0000000007,MDG_0000000007:CAF:SEX_BTSX:AGEGROUP_YEARSUNDER5:WEALTHQUINTILE_TOTL,1970-01-01,2026-09-07T16:10:30Z,low,197.506830828,,who.gho.mdg-0000000007,raw/who.gho.mdg-0000000007/2026/09/20260907T161030Z-d2101d8df79b.json.gz,2
who.gho.mdg-0000000007,MDG_0000000007:CAF:SEX_BTSX:AGEGROUP_YEARSUNDER5:WEALTHQUINTILE_TOTL,1970-01-01,2026-09-07T16:10:30Z,restated_at,2026-08-05,,who.gho.mdg-0000000007,raw/who.gho.mdg-0000000007/2026/09/20260907T161030Z-d2101d8df79b.json.gz,2
who.gho.mdg-0000000007,MDG_0000000007:CAF:SEX_BTSX:AGEGROUP_YEARSUNDER5:WEALTHQUINTILE_TOTL,1970-01-01,2026-09-07T16:10:30Z,value,227.834089838,,who.gho.mdg-0000000007,raw/who.gho.mdg-0000000007/2026/09/20260907T161030Z-d2101d8df79b.json.gz,2
who.gho.mdg-0000000007,MDG_0000000007:CAF:SEX_FMLE:AGEGROUP_YEARSUNDER5:WEALTHQUINTILE_TOTL,1970-01-01,2026-09-07T16:06:21Z,high,259.190484364,,who.gho.mdg-0000000007,raw/who.gho.mdg-0000000007/2026/09/20260907T160621Z-1819ad2538c7.json.gz,2
who.gho.mdg-0000000007,MDG_0000000007:CAF:SEX_FMLE:AGEGROUP_YEARSUNDER5:WEALTHQUINTILE_TOTL,1970-01-01,2026-09-07T16:06:21Z,low,192.187033985,,who.gho.mdg-0000000007,raw/who.gho.mdg-0000000007/2026/09/20260907T160621Z-1819ad2538c7.json.gz,2
who.gho.mdg-0000000007,MDG_0000000007:CAF:SEX_FMLE:AGEGROUP_YEARSUNDER5:WEALTHQUINTILE_TOTL,1970-01-01,2026-09-07T16:06:21Z,restated_at,2026-08-05,,who.gho.mdg-0000000007,raw/who.gho.mdg-0000000007/2026/09/20260907T160621Z-1819ad2538c7.json.gz,2
who.gho.mdg-0000000007,MDG_0000000007:CAF:SEX_FMLE:AGEGROUP_YEARSUNDER5:WEALTHQUINTILE_TOTL,1970-01-01,2026-09-07T16:06:21Z,value,222.72557642,,who.gho.mdg-0000000007,raw/who.gho.mdg-0000000007/2026/09/20260907T160621Z-1819ad2538c7.json.gz,2
who.gho.mdg-0000000007,MDG_0000000007:CAF:SEX_MLE:AGEGROUP_YEARSUNDER5:WEALTHQUINTILE_TOTL,1970-01-01,2026-09-07T16:10:30Z,high,271.069440741,,who.gho.mdg-0000000007,raw/who.gho.mdg-0000000007/2026/09/20260907T161030Z-d2101d8df79b.json.gz,2
who.gho.mdg-0000000007,MDG_0000000007:CAF:SEX_MLE:AGEGROUP_YEARSUNDER5:WEALTHQUINTILE_TOTL,1970-01-01,2026-09-07T16:10:30Z,low,201.33805841,,who.gho.mdg-0000000007,raw/who.gho.mdg-0000000007/2026/09/20260907T161030Z-d2101d8df79b.json.gz,2
who.gho.mdg-0000000007,MDG_0000000007:CAF:SEX_MLE:AGEGROUP_YEARSUNDER5:WEALTHQUINTILE_TOTL,1970-01-01,2026-09-07T16:10:30Z,restated_at,2026-08-05,,who.gho.mdg-0000000007,raw/who.gho.mdg-0000000007/2026/09/20260907T161030Z-d2101d8df79b.json.gz,2
who.gho.mdg-0000000007,MDG_0000000007:CAF:SEX_MLE:AGEGROUP_YEARSUNDER5:WEALTHQUINTILE_TOTL,1970-01-01,2026-09-07T16:10:30Z,value,232.748872754,,who.gho.mdg-0000000007,raw/who.gho.mdg-0000000007/2026/09/20260907T161030Z-d2101d8df79b.json.gz,2
who.gho.mdg-0000000007,MDG_0000000007:CAN:SEX_BTSX:AGEGROUP_YEARSUNDER5:WEALTHQUINTILE_TOTL,1970-01-01,2026-09-07T16:08:59Z,high,22.335136121,,who.gho.mdg-0000000007,raw/who.gho.mdg-0000000007/2026/09/20260907T160859Z-81b3460c41a8.json.gz,2
who.gho.mdg-0000000007,MDG_0000000007:CAN:SEX_BTSX:AGEGROUP_YEARSUNDER5:WEALTHQUINTILE_TOTL,1970-01-01,2026-09-07T16:08:59Z,low,21.589387452,,who.gho.mdg-0000000007,raw/who.gho.mdg-0000000007/2026/09/20260907T160859Z-81b3460c41a8.json.gz,2
who.gho.mdg-0000000007,MDG_0000000007:CAN:SEX_BTSX:AGEGROUP_YEARSUNDER5:WEALTHQUINTILE_TOTL,1970-01-01,2026-09-07T16:08:59Z,restated_at,2026-08-05,,who.gho.mdg-0000000007,raw/who.gho.mdg-0000000007/2026/09/20260907T160859Z-81b3460c41a8.json.gz,2
who.gho.mdg-0000000007,MDG_0000000007:CAN:SEX_BTSX:AGEGROUP_YEARSUNDER5:WEALTHQUINTILE_TOTL,1970-01-01,2026-09-07T16:08:59Z,value,21.953066246,,who.gho.mdg-0000000007,raw/who.gho.mdg-0000000007/2026/09/20260907T160859Z-81b3460c41a8.json.gz,2
who.gho.mdg-0000000007,MDG_0000000007:CAN:SEX_FMLE:AGEGROUP_YEARSUNDER5:WEALTHQUINTILE_TOTL,1970-01-01,2026-09-07T16:11:01Z,high,19.647019266,,who.gho.mdg-0000000007,raw/who.gho.mdg-0000000007/2026/09/20260907T161101Z-fc76d9a7e10d.json.gz,2
who.gho.mdg-0000000007,MDG_0000000007:CAN:SEX_FMLE:AGEGROUP_YEARSUNDER5:WEALTHQUINTILE_TOTL,1970-01-01,2026-09-07T16:11:01Z,low,18.862293537,,who.gho.mdg-0000000007,raw/who.gho.mdg-0000000007/2026/09/20260907T161101Z-fc76d9a7e10d.json.gz,2
who.gho.mdg-0000000007,MDG_0000000007:CAN:SEX_FMLE:AGEGROUP_YEARSUNDER5:WEALTHQUINTILE_TOTL,1970-01-01,2026-09-07T16:11:01Z,restated_at,2026-08-05,,who.gho.mdg-0000000007,raw/who.gho.mdg-0000000007/2026/09/20260907T161101Z-fc76d9a7e10d.json.gz,2
who.gho.mdg-0000000007,MDG_0000000007:CAN:SEX_FMLE:AGEGROUP_YEARSUNDER5:WEALTHQUINTILE_TOTL,1970-01-01,2026-09-07T16:11:01Z,value,19.242694311,,who.gho.mdg-0000000007,raw/who.gho.mdg-0000000007/2026/09/20260907T161101Z-fc76d9a7e10d.json.gz,2
who.gho.mdg-0000000007,MDG_0000000007:CAN:SEX_MLE:AGEGROUP_YEARSUNDER5:WEALTHQUINTILE_TOTL,1970-01-01,2026-09-07T16:09:51Z,high,25.000021253,,who.gho.mdg-0000000007,raw/who.gho.mdg-0000000007/2026/09/20260907T160951Z-f1aadb832125.json.gz,2
who.gho.mdg-0000000007,MDG_0000000007:CAN:SEX_MLE:AGEGROUP_YEARSUNDER5:WEALTHQUINTILE_TOTL,1970-01-01,2026-09-07T16:09:51Z,low,24.078916535,,who.gho.mdg-0000000007,raw/who.gho.mdg-0000000007/2026/09/20260907T160951Z-f1aadb832125.json.gz,2
who.gho.mdg-0000000007,MDG_0000000007:CAN:SEX_MLE:AGEGROUP_YEARSUNDER5:WEALTHQUINTILE_TOTL,1970-01-01,2026-09-07T16:09:51Z,restated_at,2026-08-05,,who.gho.mdg-0000000007,raw/who.gho.mdg-0000000007/2026/09/20260907T160951Z-f1aadb832125.json.gz,2
who.gho.mdg-0000000007,MDG_0000000007:CAN:SEX_MLE:AGEGROUP_YEARSUNDER5:WEALTHQUINTILE_TOTL,1970-01-01,2026-09-07T16:09:51Z,value,24.538405893,,who.gho.mdg-0000000007,raw/who.gho.mdg-0000000007/2026/09/20260907T160951Z-f1aadb832125.json.gz,2
who.gho.mdg-0000000007,MDG_0000000007:CHE:SEX_BTSX:AGEGROUP_YEARSUNDER5:WEALTHQUINTILE_TOTL,1970-01-01,2026-09-07T16:09:13Z,high,18.743602804,,who.gho.mdg-0000000007,raw/who.gho.mdg-0000000007/2026/09/20260907T160913Z-86e8fac132bd.json.gz,2
who.gho.mdg-0000000007,MDG_0000000007:CHE:SEX_BTSX:AGEGROUP_YEARSUNDER5:WEALTHQUINTILE_TOTL,1970-01-01,2026-09-07T16:09:13Z,low,18.031868371,,who.gho.mdg-0000000007,raw/who.gho.mdg-0000000007/2026/09/20260907T160913Z-86e8fac132bd.json.gz,2
who.gho.mdg-0000000007,MDG_0000000007:CHE:SEX_BTSX:AGEGROUP_YEARSUNDER5:WEALTHQUINTILE_TOTL,1970-01-01,2026-09-07T16:09:13Z,restated_at,2026-08-05,,who.gho.mdg-0000000007,raw/who.gho.mdg-0000000007/2026/09/20260907T160913Z-86e8fac132bd.json.gz,2
who.gho.mdg-0000000007,MDG_0000000007:CHE:SEX_BTSX:AGEGROUP_YEARSUNDER5:WEALTHQUINTILE_TOTL,1970-01-01,2026-09-07T16:09:13Z,value,18.379087082,,who.gho.mdg-0000000007,raw/who.gho.mdg-0000000007/2026/09/20260907T160913Z-86e8fac132bd.json.gz,2
who.gho.mdg-0000000007,MDG_0000000007:CHE:SEX_FMLE:AGEGROUP_YEARSUNDER5:WEALTHQUINTILE_TOTL,1970-01-01,2026-09-07T16:10:12Z,high,16.197621777,,who.gho.mdg-0000000007,raw/who.gho.mdg-0000000007/2026/09/20260907T161012Z-af10f639113a.json.gz,2
who.gho.mdg-0000000007,MDG_0000000007:CHE:SEX_FMLE:AGEGROUP_YEARSUNDER5:WEALTHQUINTILE_TOTL,1970-01-01,2026-09-07T16:10:12Z,low,15.395863996,,who.gho.mdg-0000000007,raw/who.gho.mdg-0000000007/2026/09/20260907T161012Z-af10f639113a.json.gz,2
who.gho.mdg-0000000007,MDG_0000000007:CHE:SEX_FMLE:AGEGROUP_YEARSUNDER5:WEALTHQUINTILE_TOTL,1970-01-01,2026-09-07T16:10:12Z,restated_at,2026-08-05,,who.gho.mdg-0000000007,raw/who.gho.mdg-0000000007/2026/09/20260907T161012Z-af10f639113a.json.gz,2
who.gho.mdg-0000000007,MDG_0000000007:CHE:SEX_FMLE:AGEGROUP_YEARSUNDER5:WEALTHQUINTILE_TOTL,1970-01-01,2026-09-07T16:10:12Z,value,15.79615916,,who.gho.mdg-0000000007,raw/who.gho.mdg-0000000007/2026/09/20260907T161012Z-af10f639113a.json.gz,2
who.gho.mdg-0000000007,MDG_0000000007:CHE:SEX_MLE:AGEGROUP_YEARSUNDER5:WEALTHQUINTILE_TOTL,1970-01-01,2026-09-07T16:10:21Z,high,21.325061871,,who.gho.mdg-0000000007,raw/who.gho.mdg-0000000007/2026/09/20260907T161021Z-3e9ba1677574.json.gz,2
who.gho.mdg-0000000007,MDG_0000000007:CHE:SEX_MLE:AGEGROUP_YEARSUNDER5:WEALTHQUINTILE_TOTL,1970-01-01,2026-09-07T16:10:21Z,low,20.388442116,,who.gho.mdg-0000000007,raw/who.gho.mdg-0000000007/2026/09/20260907T161021Z-3e9ba1677574.json.gz,2
who.gho.mdg-0000000007,MDG_0000000007:CHE:SEX_MLE:AGEGROUP_YEARSUNDER5:WEALTHQUINTILE_TOTL,1970-01-01,2026-09-07T16:10:21Z,restated_at,2026-08-05,,who.gho.mdg-0000000007,raw/who.gho.mdg-0000000007/2026/09/20260907T161021Z-3e9ba1677574.json.gz,2
who.gho.mdg-0000000007,MDG_0000000007:CHE:SEX_MLE:AGEGROUP_YEARSUNDER5:WEALTHQUINTILE_TOTL,1970-01-01,2026-09-07T16:10:21Z,value,20.842118706,,who.gho.mdg-0000000007,raw/who.gho.mdg-0000000007/2026/09/20260907T161021Z-3e9ba1677574.json.gz,2
who.gho.mdg-0000000007,MDG_0000000007:CHL:SEX_BTSX:AGEGROUP_YEARSUNDER5:WEALTHQUINTILE_TOTL,1970-01-01,2026-09-07T16:06:07Z,high,82.660500584,,who.gho.mdg-0000000007,raw/who.gho.mdg-0000000007/2026/09/20260907T160607Z-9445f1b065fa.json.gz,2
who.gho.mdg-0000000007,MDG_0000000007:CHL:SEX_BTSX:AGEGROUP_YEARSUNDER5:WEALTHQUINTILE_TOTL,1970-01-01,2026-09-07T16:06:07Z,low,78.698180628,,who.gho.mdg-0000000007,raw/who.gho.mdg-0000000007/2026/09/20260907T160607Z-9445f1b065fa.json.gz,2
who.gho.mdg-0000000007,MDG_0000000007:CHL:SEX_BTSX:AGEGROUP_YEARSUNDER5:WEALTHQUINTILE_TOTL,1970-01-01,2026-09-07T16:06:07Z,restated_at,2026-08-05,,who.gho.mdg-0000000007,raw/who.gho.mdg-0000000007/2026/09/20260907T160607Z-9445f1b065fa.json.gz,2
who.gho.mdg-0000000007,MDG_0000000007:CHL:SEX_BTSX:AGEGROUP_YEARSUNDER5:WEALTHQUINTILE_TOTL,1970-01-01,2026-09-07T16:06:07Z,value,80.661865663,,who.gho.mdg-0000000007,raw/who.gho.mdg-0000000007/2026/09/20260907T160607Z-9445f1b065fa.json.gz,2
who.gho.mdg-0000000007,MDG_0000000007:CHL:SEX_FMLE:AGEGROUP_YEARSUNDER5:WEALTHQUINTILE_TOTL,1970-01-01,2026-09-07T16:10:12Z,high,76.669123146,,who.gho.mdg-0000000007,raw/who.gho.mdg-0000000007/2026/09/20260907T161012Z-af10f639113a.json.gz,2
who.gho.mdg-0000000007,MDG_0000000007:CHL:SEX_FMLE:AGEGROUP_YEARSUNDER5:WEALTHQUINTILE_TOTL,1970-01-01,2026-09-07T16:10:12Z,low,72.871021294,,who.gho.mdg-0000000007,raw/who.gho.mdg-0000000007/2026/09/20260907T161012Z-af10f639113a.json.gz,2
who.gho.mdg-0000000007,MDG_0000000007:CHL:SEX_FMLE:AGEGROUP_YEARSUNDER5:WEALTHQUINTILE_TOTL,1970-01-01,2026-09-07T16:10:12Z,restated_at,2026-08-05,,who.gho.mdg-0000000007,raw/who.gho.mdg-0000000007/2026/09/20260907T161012Z-af10f639113a.json.gz,2
who.gho.mdg-0000000007,MDG_0000000007:CHL:SEX_FMLE:AGEGROUP_YEARSUNDER5:WEALTHQUINTILE_TOTL,1970-01-01,2026-09-07T16:10:12Z,value,74.794837898,,who.gho.mdg-0000000007,raw/who.gho.mdg-0000000007/2026/09/20260907T161012Z-af10f639113a.json.gz,2
who.gho.mdg-0000000007,MDG_0000000007:CHL:SEX_MLE:AGEGROUP_YEARSUNDER5:WEALTHQUINTILE_TOTL,1970-01-01,2026-09-07T16:06:21Z,high,88.453948763,,who.gho.mdg-0000000007,raw/who.gho.mdg-0000000007/2026/09/20260907T160621Z-1819ad2538c7.json.gz,2
who.gho.mdg-0000000007,MDG_0000000007:CHL:SEX_MLE:AGEGROUP_YEARSUNDER5:WEALTHQUINTILE_TOTL,1970-01-01,2026-09-07T16:06:21Z,low,84.066973855,,who.gho.mdg-0000000007,raw/who.gho.mdg-0000000007/2026/09/20260907T160621Z-1819ad2538c7.json.gz,2
who.gho.mdg-0000000007,MDG_0000000007:CHL:SEX_MLE:AGEGROUP_YEARSUNDER5:WEALTHQUINTILE_TOTL,1970-01-01,2026-09-07T16:06:21Z,restated_at,2026-08-05,,who.gho.mdg-0000000007,raw/who.gho.mdg-0000000007/2026/09/20260907T160621Z-1819ad2538c7.json.gz,2
who.gho.mdg-0000000007,MDG_0000000007:CHL:SEX_MLE:AGEGROUP_YEARSUNDER5:WEALTHQUINTILE_TOTL,1970-01-01,2026-09-07T16:06:21Z,value,86.240231744,,who.gho.mdg-0000000007,raw/who.gho.mdg-0000000007/2026/09/20260907T160621Z-1819ad2538c7.json.gz,2
who.gho.mdg-0000000007,MDG_0000000007:CHN:SEX_BTSX:AGEGROUP_YEARSUNDER5:WEALTHQUINTILE_TOTL,1970-01-01,2026-09-07T16:05:26Z,high,128.260891584,,who.gho.mdg-0000000007,raw/who.gho.mdg-0000000007/2026/09/20260907T160526Z-1363df2b3da0.json.gz,2
who.gho.mdg-0000000007,MDG_0000000007:CHN:SEX_BTSX:AGEGROUP_YEARSUNDER5:WEALTHQUINTILE_TOTL,1970-01-01,2026-09-07T16:05:26Z,low,96.557643801,,who.gho.mdg-0000000007,raw/who.gho.mdg-0000000007/2026/09/20260907T160526Z-1363df2b3da0.json.gz,2
who.gho.mdg-0000000007,MDG_0000000007:CHN:SEX_BTSX:AGEGROUP_YEARSUNDER5:WEALTHQUINTILE_TOTL,1970-01-01,2026-09-07T16:05:26Z,restated_at,2026-08-05,,who.gho.mdg-0000000007,raw/who.gho.mdg-0000000007/2026/09/20260907T160526Z-1363df2b3da0.json.gz,2
who.gho.mdg-0000000007,MDG_0000000007:CHN:SEX_BTSX:AGEGROUP_YEARSUNDER5:WEALTHQUINTILE_TOTL,1970-01-01,2026-09-07T16:05:26Z,value,112.095176895,,who.gho.mdg-0000000007,raw/who.gho.mdg-0000000007/2026/09/20260907T160526Z-1363df2b3da0.json.gz,2
who.gho.mdg-0000000007,MDG_0000000007:CHN:SEX_FMLE:AGEGROUP_YEARSUNDER5:WEALTHQUINTILE_TOTL,1970-01-01,2026-09-07T16:08:45Z,high,125.258091007,,who.gho.mdg-0000000007,raw/who.gho.mdg-0000000007/2026/09/20260907T160845Z-9b23f1f1b45b.json.gz,2
who.gho.mdg-0000000007,MDG_0000000007:CHN:SEX_FMLE:AGEGROUP_YEARSUNDER5:WEALTHQUINTILE_TOTL,1970-01-01,2026-09-07T16:08:45Z,low,93.199556963,,who.gho.mdg-0000000007,raw/who.gho.mdg-0000000007/2026/09/20260907T160845Z-9b23f1f1b45b.json.gz,2
who.gho.mdg-0000000007,MDG_0000000007:CHN:SEX_FMLE:AGEGROUP_YEARSUNDER5:WEALTHQUINTILE_TOTL,1970-01-01,2026-09-07T16:08:45Z,restated_at,2026-08-05,,who.gho.mdg-0000000007,raw/who.gho.mdg-0000000007/2026/09/20260907T160845Z-9b23f1f1b45b.json.gz,2
who.gho.mdg-0000000007,MDG_0000000007:CHN:SEX_FMLE:AGEGROUP_YEARSUNDER5:WEALTHQUINTILE_TOTL,1970-01-01,2026-09-07T16:08:45Z,value,108.745745708,,who.gho.mdg-0000000007,raw/who.gho.mdg-0000000007/2026/09/20260907T160845Z-9b23f1f1b45b.json.gz,2
who.gho.mdg-0000000007,MDG_0000000007:CHN:SEX_MLE:AGEGROUP_YEARSUNDER5:WEALTHQUINTILE_TOTL,1970-01-01,2026-09-07T16:10:53Z,high,132.297105766,,who.gho.mdg-0000000007,raw/who.gho.mdg-0000000007/2026/09/20260907T161053Z-9a5808e2a757.json.gz,2
who.gho.mdg-0000000007,MDG_0000000007:CHN:SEX_MLE:AGEGROUP_YEARSUNDER5:WEALTHQUINTILE_TOTL,1970-01-01,2026-09-07T16:10:53Z,low,98.701110725,,who.gho.mdg-0000000007,raw/who.gho.mdg-0000000007/2026/09/20260907T161053Z-9a5808e2a757.json.gz,2
who.gho.mdg-0000000007,MDG_0000000007:CHN:SEX_MLE:AGEGROUP_YEARSUNDER5:WEALTHQUINTILE_TOTL,1970-01-01,2026-09-07T16:10:53Z,restated_at,2026-08-05,,who.gho.mdg-0000000007,raw/who.gho.mdg-0000000007/2026/09/20260907T161053Z-9a5808e2a757.json.gz,2
who.gho.mdg-0000000007,MDG_0000000007:CHN:SEX_MLE:AGEGROUP_YEARSUNDER5:WEALTHQUINTILE_TOTL,1970-01-01,2026-09-07T16:10:53Z,value,115.090096867,,who.gho.mdg-0000000007,raw/who.gho.mdg-0000000007/2026/09/20260907T161053Z-9a5808e2a757.json.gz,2
who.gho.mdg-0000000007,MDG_0000000007:CIV:SEX_BTSX:AGEGROUP_YEARSUNDER5:WEALTHQUINTILE_TOTL,1970-01-01,2026-09-07T16:10:49Z,high,271.528511047,,who.gho.mdg-0000000007,raw/who.gho.mdg-0000000007/2026/09/20260907T161049Z-6866f52a9543.json.gz,2
who.gho.mdg-0000000007,MDG_0000000007:CIV:SEX_BTSX:AGEGROUP_YEARSUNDER5:WEALTHQUINTILE_TOTL,1970-01-01,2026-09-07T16:10:49Z,low,221.97277764,,who.gho.mdg-0000000007,raw/who.gho.mdg-0000000007/2026/09/20260907T161049Z-6866f52a9543.json.gz,2
who.gho.mdg-0000000007,MDG_0000000007:CIV:SEX_BTSX:AGEGROUP_YEARSUNDER5:WEALTHQUINTILE_TOTL,1970-01-01,2026-09-07T16:10:49Z,restated_at,2026-08-05,,who.gho.mdg-0000000007,raw/who.gho.mdg-0000000007/2026/09/20260907T161049Z-6866f52a9543.json.gz,2
who.gho.mdg-0000000007,MDG_0000000007:CIV:SEX_BTSX:AGEGROUP_YEARSUNDER5:WEALTHQUINTILE_TOTL,1970-01-01,2026-09-07T16:10:49Z,value,245.573415058,,who.gho.mdg-0000000007,raw/who.gho.mdg-0000000007/2026/09/20260907T161049Z-6866f52a9543.json.gz,2
who.gho.mdg-0000000007,MDG_0000000007:CIV:SEX_FMLE:AGEGROUP_YEARSUNDER5:WEALTHQUINTILE_TOTL,1970-01-01,2026-09-07T16:05:48Z,high,252.181972923,,who.gho.mdg-0000000007,raw/who.gho.mdg-0000000007/2026/09/20260907T160548Z-1609a76f5ecc.json.gz,2
who.gho.mdg-0000000007,MDG_0000000007:CIV:SEX_FMLE:AGEGROUP_YEARSUNDER5:WEALTHQUINTILE_TOTL,1970-01-01,2026-09-07T16:05:48Z,low,205.04300785,,who.gho.mdg-0000000007,raw/who.gho.mdg-0000000007/2026/09/20260907T160548Z-1609a76f5ecc.json.gz,2
who.gho.mdg-0000000007,MDG_0000000007:CIV:SEX_FMLE:AGEGROUP_YEARSUNDER5:WEALTHQUINTILE_TOTL,1970-01-01,2026-09-07T16:05:48Z,restated_at,2026-08-05,,who.gho.mdg-0000000007,raw/who.gho.mdg-0000000007/2026/09/20260907T160548Z-1609a76f5ecc.json.gz,2
who.gho.mdg-0000000007,MDG_0000000007:CIV:SEX_FMLE:AGEGROUP_YEARSUNDER5:WEALTHQUINTILE_TOTL,1970-01-01,2026-09-07T16:05:48Z,value,227.534682954,,who.gho.mdg-0000000007,raw/who.gho.mdg-0000000007/2026/09/20260907T160548Z-1609a76f5ecc.json.gz,2
who.gho.mdg-0000000007,MDG_0000000007:CIV:SEX_MLE:AGEGROUP_YEARSUNDER5:WEALTHQUINTILE_TOTL,1970-01-01,2026-09-07T16:10:33Z,high,291.525058813,,who.gho.mdg-0000000007,raw/who.gho.mdg-0000000007/2026/09/20260907T161033Z-0396663e197a.json.gz,2
who.gho.mdg-0000000007,MDG_0000000007:CIV:SEX_MLE:AGEGROUP_YEARSUNDER5:WEALTHQUINTILE_TOTL,1970-01-01,2026-09-07T16:10:33Z,low,236.899412397,,who.gho.mdg-0000000007,raw/who.gho.mdg-0000000007/2026/09/20260907T161033Z-0396663e197a.json.gz,2
who.gho.mdg-0000000007,MDG_0000000007:CIV:SEX_MLE:AGEGROUP_YEARSUNDER5:WEALTHQUINTILE_TOTL,1970-01-01,2026-09-07T16:10:33Z,restated_at,2026-08-05,,who.gho.mdg-0000000007,raw/who.gho.mdg-0000000007/2026/09/20260907T161033Z-0396663e197a.json.gz,2
who.gho.mdg-0000000007,MDG_0000000007:CIV:SEX_MLE:AGEGROUP_YEARSUNDER5:WEALTHQUINTILE_TOTL,1970-01-01,2026-09-07T16:10:33Z,value,262.807276131,,who.gho.mdg-0000000007,raw/who.gho.mdg-0000000007/2026/09/20260907T161033Z-0396663e197a.json.gz,2
who.gho.mdg-0000000007,MDG_0000000007:CMR:SEX_BTSX:AGEGROUP_YEARSUNDER5:WEALTHQUINTILE_TOTL,1970-01-01,2026-09-07T16:09:34Z,high,237.412987807,,who.gho.mdg-0000000007,raw/who.gho.mdg-0000000007/2026/09/20260907T160934Z-f7f0902b1194.json.gz,2
who.gho.mdg-0000000007,MDG_0000000007:CMR:SEX_BTSX:AGEGROUP_YEARSUNDER5:WEALTHQUINTILE_TOTL,1970-01-01,2026-09-07T16:09:34Z,low,192.526769455,,who.gho.mdg-0000000007,raw/who.gho.mdg-0000000007/2026/09/20260907T160934Z-f7f0902b1194.json.gz,2
who.gho.mdg-0000000007,MDG_0000000007:CMR:SEX_BTSX:AGEGROUP_YEARSUNDER5:WEALTHQUINTILE_TOTL,1970-01-01,2026-09-07T16:09:34Z,restated_at,2026-08-05,,who.gho.mdg-0000000007,raw/who.gho.mdg-0000000007/2026/09/20260907T160934Z-f7f0902b1194.json.gz,2
who.gho.mdg-0000000007,MDG_0000000007:CMR:SEX_BTSX:AGEGROUP_YEARSUNDER5:WEALTHQUINTILE_TOTL,1970-01-01,2026-09-07T16:09:34Z,value,214.163263661,,who.gho.mdg-0000000007,raw/who.gho.mdg-0000000007/2026/09/20260907T160934Z-f7f0902b1194.json.gz,2
who.gho.mdg-0000000007,MDG_0000000007:CMR:SEX_FMLE:AGEGROUP_YEARSUNDER5:WEALTHQUINTILE_TOTL,1970-01-01,2026-09-07T16:10:03Z,high,228.295821904,,who.gho.mdg-0000000007,raw/who.gho.mdg-0000000007/2026/09/20260907T161003Z-9bcc9b7e7da4.json.gz,2
who.gho.mdg-0000000007,MDG_0000000007:CMR:SEX_FMLE:AGEGROUP_YEARSUNDER5:WEALTHQUINTILE_TOTL,1970-01-01,2026-09-07T16:10:03Z,low,184.148969643,,who.gho.mdg-0000000007,raw/who.gho.mdg-0000000007/2026/09/20260907T161003Z-9bcc9b7e7da4.json.gz,2
who.gho.mdg-0000000007,MDG_0000000007:CMR:SEX_FMLE:AGEGROUP_YEARSUNDER5:WEALTHQUINTILE_TOTL,1970-01-01,2026-09-07T16:10:03Z,restated_at,2026-08-05,,who.gho.mdg-0000000007,raw/who.gho.mdg-0000000007/2026/09/20260907T161003Z-9bcc9b7e7da4.json.gz,2
who.gho.mdg-0000000007,MDG_0000000007:CMR:SEX_FMLE:AGEGROUP_YEARSUNDER5:WEALTHQUINTILE_TOTL,1970-01-01,2026-09-07T16:10:03Z,value,205.142983459,,who.gho.mdg-0000000007,raw/who.gho.mdg-0000000007/2026/09/20260907T161003Z-9bcc9b7e7da4.json.gz,2
who.gho.mdg-0000000007,MDG_0000000007:CMR:SEX_MLE:AGEGROUP_YEARSUNDER5:WEALTHQUINTILE_TOTL,1970-01-01,2026-09-07T16:11:06Z,high,247.602751672,,who.gho.mdg-0000000007,raw/who.gho.mdg-0000000007/2026/09/20260907T161106Z-078c7101acce.json.gz,2
who.gho.mdg-0000000007,MDG_0000000007:CMR:SEX_MLE:AGEGROUP_YEARSUNDER5:WEALTHQUINTILE_TOTL,1970-01-01,2026-09-07T16:11:06Z,low,199.516790864,,who.gho.mdg-0000000007,raw/who.gho.mdg-0000000007/2026/09/20260907T161106Z-078c7101acce.json.gz,2
who.gho.mdg-0000000007,MDG_0000000007:CMR:SEX_MLE:AGEGROUP_YEARSUNDER5:WEALTHQUINTILE_TOTL,1970-01-01,2026-09-07T16:11:06Z,restated_at,2026-08-05,,who.gho.mdg-0000000007,raw/who.gho.mdg-0000000007/2026/09/20260907T161106Z-078c7101acce.json.gz,2
who.gho.mdg-0000000007,MDG_0000000007:CMR:SEX_MLE:AGEGROUP_YEARSUNDER5:WEALTHQUINTILE_TOTL,1970-01-01,2026-09-07T16:11:06Z,value,222.877675299,,who.gho.mdg-0000000007,raw/who.gho.mdg-0000000007/2026/09/20260907T161106Z-078c7101acce.json.gz,2
who.gho.mdg-0000000007,MDG_0000000007:COD:SEX_BTSX:AGEGROUP_YEARSUNDER5:WEALTHQUINTILE_TOTL,1970-01-01,2026-09-07T16:05:52Z,high,320.171051979,,who.gho.mdg-0000000007,raw/who.gho.mdg-0000000007/2026/09/20260907T160552Z-f44dce2e8a23.json.gz,2
who.gho.mdg-0000000007,MDG_0000000007:COD:SEX_BTSX:AGEGROUP_YEARSUNDER5:WEALTHQUINTILE_TOTL,1970-01-01,2026-09-07T16:05:52Z,low,185.303181493,,who.gho.mdg-0000000007,raw/who.gho.mdg-0000000007/2026/09/20260907T160552Z-f44dce2e8a23.json.gz,2
who.gho.mdg-0000000007,MDG_0000000007:COD:SEX_BTSX:AGEGROUP_YEARSUNDER5:WEALTHQUINTILE_TOTL,1970-01-01,2026-09-07T16:05:52Z,restated_at,2026-08-05,,who.gho.mdg-0000000007,raw/who.gho.mdg-0000000007/2026/09/20260907T160552Z-f44dce2e8a23.json.gz,2
who.gho.mdg-0000000007,MDG_0000000007:COD:SEX_BTSX:AGEGROUP_YEARSUNDER5:WEALTHQUINTILE_TOTL,1970-01-01,2026-09-07T16:05:52Z,value,244.758927761,,who.gho.mdg-0000000007,raw/who.gho.mdg-0000000007/2026/09/20260907T160552Z-f44dce2e8a23.json.gz,2
who.gho.mdg-0000000007,MDG_0000000007:COD:SEX_FMLE:AGEGROUP_YEARSUNDER5:WEALTHQUINTILE_TOTL,1970-01-01,2026-09-07T16:11:06Z,high,306.221005433,,who.gho.mdg-0000000007,raw/who.gho.mdg-0000000007/2026/09/20260907T161106Z-078c7101acce.json.gz,2
who.gho.mdg-0000000007,MDG_0000000007:COD:SEX_FMLE:AGEGROUP_YEARSUNDER5:WEALTHQUINTILE_TOTL,1970-01-01,2026-09-07T16:11:06Z,low,177.212217701,,who.gho.mdg-0000000007,raw/who.gho.mdg-0000000007/2026/09/20260907T161106Z-078c7101acce.json.gz,2
who.gho.mdg-0000000007,MDG_0000000007:COD:SEX_FMLE:AGEGROUP_YEARSUNDER5:WEALTHQUINTILE_TOTL,1970-01-01,2026-09-07T16:11:06Z,restated_at,2026-08-05,,who.gho.mdg-0000000007,raw/who.gho.mdg-0000000007/2026/09/20260907T161106Z-078c7101acce.json.gz,2
who.gho.mdg-0000000007,MDG_0000000007:COD:SEX_FMLE:AGEGROUP_YEARSUNDER5:WEALTHQUINTILE_TOTL,1970-01-01,2026-09-07T16:11:06Z,value,234.251675285,,who.gho.mdg-0000000007,raw/who.gho.mdg-0000000007/2026/09/20260907T161106Z-078c7101acce.json.gz,2
who.gho.mdg-0000000007,MDG_0000000007:COD:SEX_MLE:AGEGROUP_YEARSUNDER5:WEALTHQUINTILE_TOTL,1970-01-01,2026-09-07T16:06:34Z,high,332.941673252,,who.gho.mdg-0000000007,raw/who.gho.mdg-0000000007/2026/09/20260907T160634Z-2774fa4e213c.json.gz,2
who.gho.mdg-0000000007,MDG_0000000007:COD:SEX_MLE:AGEGROUP_YEARSUNDER5:WEALTHQUINTILE_TOTL,1970-01-01,2026-09-07T16:06:34Z,low,192.313440829,,who.gho.mdg-0000000007,raw/who.gho.mdg-0000000007/2026/09/20260907T160634Z-2774fa4e213c.json.gz,2
who.gho.mdg-0000000007,MDG_0000000007:COD:SEX_MLE:AGEGROUP_YEARSUNDER5:WEALTHQUINTILE_TOTL,1970-01-01,2026-09-07T16:06:34Z,restated_at,2026-08-05,,who.gho.mdg-0000000007,raw/who.gho.mdg-0000000007/2026/09/20260907T160634Z-2774fa4e213c.json.gz,2
who.gho.mdg-0000000007,MDG_0000000007:COD:SEX_MLE:AGEGROUP_YEARSUNDER5:WEALTHQUINTILE_TOTL,1970-01-01,2026-09-07T16:06:34Z,value,254.476339448,,who.gho.mdg-0000000007,raw/who.gho.mdg-0000000007/2026/09/20260907T160634Z-2774fa4e213c.json.gz,2
who.gho.mdg-0000000007,MDG_0000000007:COG:SEX_BTSX:AGEGROUP_YEARSUNDER5:WEALTHQUINTILE_TOTL,1970-01-01,2026-09-07T16:10:33Z,high,171.329092526,,who.gho.mdg-0000000007,raw/who.gho.mdg-0000000007/2026/09/20260907T161033Z-0396663e197a.json.gz,2
who.gho.mdg-0000000007,MDG_0000000007:COG:SEX_BTSX:AGEGROUP_YEARSUNDER5:WEALTHQUINTILE_TOTL,1970-01-01,2026-09-07T16:10:33Z,low,110.54182066,,who.gho.mdg-0000000007,raw/who.gho.mdg-0000000007/2026/09/20260907T161033Z-0396663e197a.json.gz,2
who.gho.mdg-0000000007,MDG_0000000007:COG:SEX_BTSX:AGEGROUP_YEARSUNDER5:WEALTHQUINTILE_TOTL,1970-01-01,2026-09-07T16:10:33Z,restated_at,2026-08-05,,who.gho.mdg-0000000007,raw/who.gho.mdg-0000000007/2026/09/20260907T161033Z-0396663e197a.json.gz,2
who.gho.mdg-0000000007,MDG_0000000007:COG:SEX_BTSX:AGEGROUP_YEARSUNDER5:WEALTHQUINTILE_TOTL,1970-01-01,2026-09-07T16:10:33Z,value,136.630339887,,who.gho.mdg-0000000007,raw/who.gho.mdg-0000000007/2026/09/20260907T161033Z-0396663e197a.json.gz,2
who.gho.mdg-0000000007,MDG_0000000007:COG:SEX_FMLE:AGEGROUP_YEARSUNDER5:WEALTHQUINTILE_TOTL,1970-01-01,2026-09-07T16:10:24Z,high,163.914219367,,who.gho.mdg-0000000007,raw/who.gho.mdg-0000000007/2026/09/20260907T161024Z-808a2a46070d.json.gz,2
who.gho.mdg-0000000007,MDG_0000000007:COG:SEX_FMLE:AGEGROUP_YEARSUNDER5:WEALTHQUINTILE_TOTL,1970-01-01,2026-09-07T16:10:24Z,low,105.124214462,,who.gho.mdg-0000000007,raw/who.gho.mdg-0000000007/2026/09/20260907T161024Z-808a2a46070d.json.gz,2
who.gho.mdg-0000000007,MDG_0000000007:COG:SEX_FMLE:AGEGROUP_YEARSUNDER5:WEALTHQUINTILE_TOTL,1970-01-01,2026-09-07T16:10:24Z,restated_at,2026-08-05,,who.gho.mdg-0000000007,raw/who.gho.mdg-0000000007/2026/09/20260907T161024Z-808a2a46070d.json.gz,2
who.gho.mdg-0000000007,MDG_0000000007:COG:SEX_FMLE:AGEGROUP_YEARSUNDER5:WEALTHQUINTILE_TOTL,1970-01-01,2026-09-07T16:10:24Z,value,130.912549933,,who.gho.mdg-0000000007,raw/who.gho.mdg-0000000007/2026/09/20260907T161024Z-808a2a46070d.json.gz,2
who.gho.mdg-0000000007,MDG_0000000007:COG:SEX_MLE:AGEGROUP_YEARSUNDER5:WEALTHQUINTILE_TOTL,1970-01-01,2026-09-07T16:09:13Z,high,179.01768337,,who.gho.mdg-0000000007,raw/who.gho.mdg-0000000007/2026/09/20260907T160913Z-86e8fac132bd.json.gz,2
who.gho.mdg-0000000007,MDG_0000000007:COG:SEX_MLE:AGEGROUP_YEARSUNDER5:WEALTHQUINTILE_TOTL,1970-01-01,2026-09-07T16:09:13Z,low,114.8715241,,who.gho.mdg-0000000007,raw/who.gho.mdg-0000000007/2026/09/20260907T160913Z-86e8fac132bd.json.gz,2
who.gho.mdg-0000000007,MDG_0000000007:COG:SEX_MLE:AGEGROUP_YEARSUNDER5:WEALTHQUINTILE_TOTL,1970-01-01,2026-09-07T16:09:13Z,restated_at,2026-08-05,,who.gho.mdg-0000000007,raw/who.gho.mdg-0000000007/2026/09/20260907T160913Z-86e8fac132bd.json.gz,2
who.gho.mdg-0000000007,MDG_0000000007:COG:SEX_MLE:AGEGROUP_YEARSUNDER5:WEALTHQUINTILE_TOTL,1970-01-01,2026-09-07T16:09:13Z,value,142.455173947,,who.gho.mdg-0000000007,raw/who.gho.mdg-0000000007/2026/09/20260907T160913Z-86e8fac132bd.json.gz,2
who.gho.mdg-0000000007,MDG_0000000007:COK:SEX_BTSX:AGEGROUP_YEARSUNDER5:WEALTHQUINTILE_TOTL,1970-01-01,2026-09-07T16:09:08Z,high,59.868889972,,who.gho.mdg-0000000007,raw/who.gho.mdg-0000000007/2026/09/20260907T160908Z-96acbc2bc7cb.json.gz,2
who.gho.mdg-0000000007,MDG_0000000007:COK:SEX_BTSX:AGEGROUP_YEARSUNDER5:WEALTHQUINTILE_TOTL,1970-01-01,2026-09-07T16:09:08Z,low,40.158280354,,who.gho.mdg-0000000007,raw/who.gho.mdg-0000000007/2026/09/20260907T160908Z-96acbc2bc7cb.json.gz,2
who.gho.mdg-0000000007,MDG_0000000007:COK:SEX_BTSX:AGEGROUP_YEARSUNDER5:WEALTHQUINTILE_TOTL,1970-01-01,2026-09-07T16:09:08Z,restated_at,2026-08-05,,who.gho.mdg-0000000007,raw/who.gho.mdg-0000000007/2026/09/20260907T160908Z-96acbc2bc7cb.json.gz,2
who.gho.mdg-0000000007,MDG_0000000007:COK:SEX_BTSX:AGEGROUP_YEARSUNDER5:WEALTHQUINTILE_TOTL,1970-01-01,2026-09-07T16:09:08Z,value,48.885494748,,who.gho.mdg-0000000007,raw/who.gho.mdg-0000000007/2026/09/20260907T160908Z-96acbc2bc7cb.json.gz,2
who.gho.mdg-0000000007,MDG_0000000007:COK:SEX_FMLE:AGEGROUP_YEARSUNDER5:WEALTHQUINTILE_TOTL,1970-01-01,2026-09-07T16:06:26Z,high,60.269426637,,who.gho.mdg-0000000007,raw/who.gho.mdg-0000000007/2026/09/20260907T160626Z-083ef708c2ee.json.gz,2
who.gho.mdg-0000000007,MDG_0000000007:COK:SEX_FMLE:AGEGROUP_YEARSUNDER5:WEALTHQUINTILE_TOTL,1970-01-01,2026-09-07T16:06:26Z,low,39.853995428,,who.gho.mdg-0000000007,raw/who.gho.mdg-0000000007/2026/09/20260907T160626Z-083ef708c2ee.json.gz,2
who.gho.mdg-0000000007,MDG_0000000007:COK:SEX_FMLE:AGEGROUP_YEARSUNDER5:WEALTHQUINTILE_TOTL,1970-01-01,2026-09-07T16:06:26Z,restated_at,2026-08-05,,who.gho.mdg-0000000007,raw/who.gho.mdg-0000000007/2026/09/20260907T160626Z-083ef708c2ee.json.gz,2
who.gho.mdg-0000000007,MDG_0000000007:COK:SEX_FMLE:AGEGROUP_YEARSUNDER5:WEALTHQUINTILE_TOTL,1970-01-01,2026-09-07T16:06:26Z,value,48.842668104,,who.gho.mdg-0000000007,raw/who.gho.mdg-0000000007/2026/09/20260907T160626Z-083ef708c2ee.json.gz,2
who.gho.mdg-0000000007,MDG_0000000007:COK:SEX_MLE:AGEGROUP_YEARSUNDER5:WEALTHQUINTILE_TOTL,1970-01-01,2026-09-07T16:09:54Z,high,60.294439465,,who.gho.mdg-0000000007,raw/who.gho.mdg-0000000007/2026/09/20260907T160954Z-3426e3999bb4.json.gz,2
who.gho.mdg-0000000007,MDG_0000000007:COK:SEX_MLE:AGEGROUP_YEARSUNDER5:WEALTHQUINTILE_TOTL,1970-01-01,2026-09-07T16:09:54Z,low,39.862757245,,who.gho.mdg-0000000007,raw/who.gho.mdg-0000000007/2026/09/20260907T160954Z-3426e3999bb4.json.gz,2
who.gho.mdg-0000000007,MDG_0000000007:COK:SEX_MLE:AGEGROUP_YEARSUNDER5:WEALTHQUINTILE_TOTL,1970-01-01,2026-09-07T16:09:54Z,restated_at,2026-08-05,,who.gho.mdg-0000000007,raw/who.gho.mdg-0000000007/2026/09/20260907T160954Z-3426e3999bb4.json.gz,2
who.gho.mdg-0000000007,MDG_0000000007:COK:SEX_MLE:AGEGROUP_YEARSUNDER5:WEALTHQUINTILE_TOTL,1970-01-01,2026-09-07T16:09:54Z,value,48.961598319,,who.gho.mdg-0000000007,raw/who.gho.mdg-0000000007/2026/09/20260907T160954Z-3426e3999bb4.json.gz,2
who.gho.mdg-0000000007,MDG_0000000007:COL:SEX_BTSX:AGEGROUP_YEARSUNDER5:WEALTHQUINTILE_TOTL,1970-01-01,2026-09-07T16:05:43Z,high,104.986989223,,who.gho.mdg-0000000007,raw/who.gho.mdg-0000000007/2026/09/20260907T160543Z-0bdfcfeb6714.json.gz,2
who.gho.mdg-0000000007,MDG_0000000007:COL:SEX_BTSX:AGEGROUP_YEARSUNDER5:WEALTHQUINTILE_TOTL,1970-01-01,2026-09-07T16:05:43Z,low,91.106104262,,who.gho.mdg-0000000007,raw/who.gho.mdg-0000000007/2026/09/20260907T160543Z-0bdfcfeb6714.json.gz,2
who.gho.mdg-0000000007,MDG_0000000007:COL:SEX_BTSX:AGEGROUP_YEARSUNDER5:WEALTHQUINTILE_TOTL,1970-01-01,2026-09-07T16:05:43Z,restated_at,2026-08-05,,who.gho.mdg-0000000007,raw/who.gho.mdg-0000000007/2026/09/20260907T160543Z-0bdfcfeb6714.json.gz,2
who.gho.mdg-0000000007,MDG_0000000007:COL:SEX_BTSX:AGEGROUP_YEARSUNDER5:WEALTHQUINTILE_TOTL,1970-01-01,2026-09-07T16:05:43Z,value,97.725103937,,who.gho.mdg-0000000007,raw/who.gho.mdg-0000000007/2026/09/20260907T160543Z-0bdfcfeb6714.json.gz,2
who.gho.mdg-0000000007,MDG_0000000007:COL:SEX_FMLE:AGEGROUP_YEARSUNDER5:WEALTHQUINTILE_TOTL,1970-01-01,2026-09-07T16:05:48Z,high,98.287910504,,who.gho.mdg-0000000007,raw/who.gho.mdg-0000000007/2026/09/20260907T160548Z-1609a76f5ecc.json.gz,2
who.gho.mdg-0000000007,MDG_0000000007:COL:SEX_FMLE:AGEGROUP_YEARSUNDER5:WEALTHQUINTILE_TOTL,1970-01-01,2026-09-07T16:05:48Z,low,84.021220609,,who.gho.mdg-0000000007,raw/who.gho.mdg-0000000007/2026/09/20260907T160548Z-1609a76f5ecc.json.gz,2
who.gho.mdg-0000000007,MDG_0000000007:COL:SEX_FMLE:AGEGROUP_YEARSUNDER5:WEALTHQUINTILE_TOTL,1970-01-01,2026-09-07T16:05:48Z,restated_at,2026-08-05,,who.gho.mdg-0000000007,raw/who.gho.mdg-0000000007/2026/09/20260907T160548Z-1609a76f5ecc.json.gz,2
who.gho.mdg-0000000007,MDG_0000000007:COL:SEX_FMLE:AGEGROUP_YEARSUNDER5:WEALTHQUINTILE_TOTL,1970-01-01,2026-09-07T16:05:48Z,value,90.874182161,,who.gho.mdg-0000000007,raw/who.gho.mdg-0000000007/2026/09/20260907T160548Z-1609a76f5ecc.json.gz,2
who.gho.mdg-0000000007,MDG_0000000007:COL:SEX_MLE:AGEGROUP_YEARSUNDER5:WEALTHQUINTILE_TOTL,1970-01-01,2026-09-07T16:08:59Z,high,112.568308689,,who.gho.mdg-0000000007,raw/who.gho.mdg-0000000007/2026/09/20260907T160859Z-81b3460c41a8.json.gz,2
who.gho.mdg-0000000007,MDG_0000000007:COL:SEX_MLE:AGEGROUP_YEARSUNDER5:WEALTHQUINTILE_TOTL,1970-01-01,2026-09-07T16:08:59Z,low,96.715748801,,who.gho.mdg-0000000007,raw/who.gho.mdg-0000000007/2026/09/20260907T160859Z-81b3460c41a8.json.gz,2
who.gho.mdg-0000000007,MDG_0000000007:COL:SEX_MLE:AGEGROUP_YEARSUNDER5:WEALTHQUINTILE_TOTL,1970-01-01,2026-09-07T16:08:59Z,restated_at,2026-08-05,,who.gho.mdg-0000000007,raw/who.gho.mdg-0000000007/2026/09/20260907T160859Z-81b3460c41a8.json.gz,2
who.gho.mdg-0000000007,MDG_0000000007:COL:SEX_MLE:AGEGROUP_YEARSUNDER5:WEALTHQUINTILE_TOTL,1970-01-01,2026-09-07T16:08:59Z,value,104.270417626,,who.gho.mdg-0000000007,raw/who.gho.mdg-0000000007/2026/09/20260907T160859Z-81b3460c41a8.json.gz,2
who.gho.mdg-0000000007,MDG_0000000007:COM:SEX_BTSX:AGEGROUP_YEARSUNDER5:WEALTHQUINTILE_TOTL,1970-01-01,2026-09-07T16:10:41Z,high,292.887875032,,who.gho.mdg-0000000007,raw/who.gho.mdg-0000000007/2026/09/20260907T161041Z-4752b74784e1.json.gz,2
who.gho.mdg-0000000007,MDG_0000000007:COM:SEX_BTSX:AGEGROUP_YEARSUNDER5:WEALTHQUINTILE_TOTL,1970-01-01,2026-09-07T16:10:41Z,low,180.284930003,,who.gho.mdg-0000000007,raw/who.gho.mdg-0000000007/2026/09/20260907T161041Z-4752b74784e1.json.gz,2
who.gho.mdg-0000000007,MDG_0000000007:COM:SEX_BTSX:AGEGROUP_YEARSUNDER5:WEALTHQUINTILE_TOTL,1970-01-01,2026-09-07T16:10:41Z,restated_at,2026-08-05,,who.gho.mdg-0000000007,raw/who.gho.mdg-0000000007/2026/09/20260907T161041Z-4752b74784e1.json.gz,2
who.gho.mdg-0000000007,MDG_0000000007:COM:SEX_BTSX:AGEGROUP_YEARSUNDER5:WEALTHQUINTILE_TOTL,1970-01-01,2026-09-07T16:10:41Z,value,232.124036668,,who.gho.mdg-0000000007,raw/who.gho.mdg-0000000007/2026/09/20260907T161041Z-4752b74784e1.json.gz,2
who.gho.mdg-0000000007,MDG_0000000007:CPV:SEX_BTSX:AGEGROUP_YEARSUNDER5:WEALTHQUINTILE_TOTL,1970-01-01,2026-09-07T16:10:49Z,high,159.326945905,,who.gho.mdg-0000000007,raw/who.gho.mdg-0000000007/2026/09/20260907T161049Z-6866f52a9543.json.gz,2
who.gho.mdg-0000000007,MDG_0000000007:CPV:SEX_BTSX:AGEGROUP_YEARSUNDER5:WEALTHQUINTILE_TOTL,1970-01-01,2026-09-07T16:10:49Z,low,94.555258812,,who.gho.mdg-0000000007,raw/who.gho.mdg-0000000007/2026/09/20260907T161049Z-6866f52a9543.json.gz,2
who.gho.mdg-0000000007,MDG_0000000007:CPV:SEX_BTSX:AGEGROUP_YEARSUNDER5:WEALTHQUINTILE_TOTL,1970-01-01,2026-09-07T16:10:49Z,restated_at,2026-08-05,,who.gho.mdg-0000000007,raw/who.gho.mdg-0000000007/2026/09/20260907T161049Z-6866f52a9543.json.gz,2
who.gho.mdg-0000000007,MDG_0000000007:CPV:SEX_BTSX:AGEGROUP_YEARSUNDER5:WEALTHQUINTILE_TOTL,1970-01-01,2026-09-07T16:10:49Z,value,126.685489264,,who.gho.mdg-0000000007,raw/who.gho.mdg-0000000007/2026/09/20260907T161049Z-6866f52a9543.json.gz,2
who.gho.mdg-0000000007,MDG_0000000007:CPV:SEX_FMLE:AGEGROUP_YEARSUNDER5:WEALTHQUINTILE_TOTL,1970-01-01,2026-09-07T16:09:51Z,high,153.36598337,,who.gho.mdg-0000000007,raw/who.gho.mdg-0000000007/2026/09/20260907T160951Z-f1aadb832125.json.gz,2
who.gho.mdg-0000000007,MDG_0000000007:CPV:SEX_FMLE:AGEGROUP_YEARSUNDER5:WEALTHQUINTILE_TOTL,1970-01-01,2026-09-07T16:09:51Z,low,90.894267449,,who.gho.mdg-0000000007,raw/who.gho.mdg-0000000007/2026/09/20260907T160951Z-f1aadb832125.json.gz,2
who.gho.mdg-0000000007,MDG_0000000007:CPV:SEX_FMLE:AGEGROUP_YEARSUNDER5:WEALTHQUINTILE_TOTL,1970-01-01,2026-09-07T16:09:51Z,restated_at,2026-08-05,,who.gho.mdg-0000000007,raw/who.gho.mdg-0000000007/2026/09/20260907T160951Z-f1aadb832125.json.gz,2
who.gho.mdg-0000000007,MDG_0000000007:CPV:SEX_FMLE:AGEGROUP_YEARSUNDER5:WEALTHQUINTILE_TOTL,1970-01-01,2026-09-07T16:09:51Z,value,121.550304376,,who.gho.mdg-0000000007,raw/who.gho.mdg-0000000007/2026/09/20260907T160951Z-f1aadb832125.json.gz,2
who.gho.mdg-0000000007,MDG_0000000007:CPV:SEX_MLE:AGEGROUP_YEARSUNDER5:WEALTHQUINTILE_TOTL,1970-01-01,2026-09-07T16:08:54Z,high,166.049884823,,who.gho.mdg-0000000007,raw/who.gho.mdg-0000000007/2026/09/20260907T160854Z-e3873ac72928.json.gz,2
who.gho.mdg-0000000007,MDG_0000000007:CPV:SEX_MLE:AGEGROUP_YEARSUNDER5:WEALTHQUINTILE_TOTL,1970-01-01,2026-09-07T16:08:54Z,low,97.9853002,,who.gho.mdg-0000000007,raw/who.gho.mdg-0000000007/2026/09/20260907T160854Z-e3873ac72928.json.gz,2
who.gho.mdg-0000000007,MDG_0000000007:CPV:SEX_MLE:AGEGROUP_YEARSUNDER5:WEALTHQUINTILE_TOTL,1970-01-01,2026-09-07T16:08:54Z,restated_at,2026-08-05,,who.gho.mdg-0000000007,raw/who.gho.mdg-0000000007/2026/09/20260907T160854Z-e3873ac72928.json.gz,2
who.gho.mdg-0000000007,MDG_0000000007:CPV:SEX_MLE:AGEGROUP_YEARSUNDER5:WEALTHQUINTILE_TOTL,1970-01-01,2026-09-07T16:08:54Z,value,131.759649617,,who.gho.mdg-0000000007,raw/who.gho.mdg-0000000007/2026/09/20260907T160854Z-e3873ac72928.json.gz,2
who.gho.mdg-0000000007,MDG_0000000007:CRI:SEX_BTSX:AGEGROUP_YEARSUNDER5:WEALTHQUINTILE_TOTL,1970-01-01,2026-09-07T16:06:11Z,high,76.204750374,,who.gho.mdg-0000000007,raw/who.gho.mdg-0000000007/2026/09/20260907T160611Z-e868f3030ca5.json.gz,2
who.gho.mdg-0000000007,MDG_0000000007:CRI:SEX_BTSX:AGEGROUP_YEARSUNDER5:WEALTHQUINTILE_TOTL,1970-01-01,2026-09-07T16:06:11Z,low,73.363755689,,who.gho.mdg-0000000007,raw/who.gho.mdg-0000000007/2026/09/20260907T160611Z-e868f3030ca5.json.gz,2
who.gho.mdg-0000000007,MDG_0000000007:CRI:SEX_BTSX:AGEGROUP_YEARSUNDER5:WEALTHQUINTILE_TOTL,1970-01-01,2026-09-07T16:06:11Z,restated_at,2026-08-05,,who.gho.mdg-0000000007,raw/who.gho.mdg-0000000007/2026/09/20260907T160611Z-e868f3030ca5.json.gz,2
who.gho.mdg-0000000007,MDG_0000000007:CRI:SEX_BTSX:AGEGROUP_YEARSUNDER5:WEALTHQUINTILE_TOTL,1970-01-01,2026-09-07T16:06:11Z,value,74.769759003,,who.gho.mdg-0000000007,raw/who.gho.mdg-0000000007/2026/09/20260907T160611Z-e868f3030ca5.json.gz,2
who.gho.mdg-0000000007,MDG_0000000007:CRI:SEX_FMLE:AGEGROUP_YEARSUNDER5:WEALTHQUINTILE_TOTL,1970-01-01,2026-09-07T16:10:37Z,high,70.993316523,,who.gho.mdg-0000000007,raw/who.gho.mdg-0000000007/2026/09/20260907T161037Z-dfd3d6a5a745.json.gz,2
who.gho.mdg-0000000007,MDG_0000000007:CRI:SEX_FMLE:AGEGROUP_YEARSUNDER5:WEALTHQUINTILE_TOTL,1970-01-01,2026-09-07T16:10:37Z,low,67.874821541,,who.gho.mdg-0000000007,raw/who.gho.mdg-0000000007/2026/09/20260907T161037Z-dfd3d6a5a745.json.gz,2
who.gho.mdg-0000000007,MDG_0000000007:CRI:SEX_FMLE:AGEGROUP_YEARSUNDER5:WEALTHQUINTILE_TOTL,1970-01-01,2026-09-07T16:10:37Z,restated_at,2026-08-05,,who.gho.mdg-0000000007,raw/who.gho.mdg-0000000007/2026/09/20260907T161037Z-dfd3d6a5a745.json.gz,2
who.gho.mdg-0000000007,MDG_0000000007:CRI:SEX_FMLE:AGEGROUP_YEARSUNDER5:WEALTHQUINTILE_TOTL,1970-01-01,2026-09-07T16:10:37Z,value,69.407714935,,who.gho.mdg-0000000007,raw/who.gho.mdg-0000000007/2026/09/20260907T161037Z-dfd3d6a5a745.json.gz,2
who.gho.mdg-0000000007,MDG_0000000007:CRI:SEX_MLE:AGEGROUP_YEARSUNDER5:WEALTHQUINTILE_TOTL,1970-01-01,2026-09-07T16:05:06Z,high,81.611220596,,who.gho.mdg-0000000007,raw/who.gho.mdg-0000000007/2026/09/20260907T160506Z-a219a21e2a4a.json.gz,2
who.gho.mdg-0000000007,MDG_0000000007:CRI:SEX_MLE:AGEGROUP_YEARSUNDER5:WEALTHQUINTILE_TOTL,1970-01-01,2026-09-07T16:05:06Z,low,78.178302997,,who.gho.mdg-0000000007,raw/who.gho.mdg-0000000007/2026/09/20260907T160506Z-a219a21e2a4a.json.gz,2
who.gho.mdg-0000000007,MDG_0000000007:CRI:SEX_MLE:AGEGROUP_YEARSUNDER5:WEALTHQUINTILE_TOTL,1970-01-01,2026-09-07T16:05:06Z,restated_at,2026-08-05,,who.gho.mdg-0000000007,raw/who.gho.mdg-0000000007/2026/09/20260907T160506Z-a219a21e2a4a.json.gz,2
who.gho.mdg-0000000007,MDG_0000000007:CRI:SEX_MLE:AGEGROUP_YEARSUNDER5:WEALTHQUINTILE_TOTL,1970-01-01,2026-09-07T16:05:06Z,value,79.878720455,,who.gho.mdg-0000000007,raw/who.gho.mdg-0000000007/2026/09/20260907T160506Z-a219a21e2a4a.json.gz,2
who.gho.mdg-0000000007,MDG_0000000007:CUB:SEX_BTSX:AGEGROUP_YEARSUNDER5:WEALTHQUINTILE_TOTL,1970-01-01,2026-09-07T16:09:38Z,high,43.495573595,,who.gho.mdg-0000000007,raw/who.gho.mdg-0000000007/2026/09/20260907T160938Z-81612038db74.json.gz,2
who.gho.mdg-0000000007,MDG_0000000007:CUB:SEX_BTSX:AGEGROUP_YEARSUNDER5:WEALTHQUINTILE_TOTL,1970-01-01,2026-09-07T16:09:38Z,low,33.720467737,,who.gho.mdg-0000000007,raw/who.gho.mdg-0000000007/2026/09/20260907T160938Z-81612038db74.json.gz,2
who.gho.mdg-0000000007,MDG_0000000007:CUB:SEX_BTSX:AGEGROUP_YEARSUNDER5:WEALTHQUINTILE_TOTL,1970-01-01,2026-09-07T16:09:38Z,restated_at,2026-08-05,,who.gho.mdg-0000000007,raw/who.gho.mdg-0000000007/2026/09/20260907T160938Z-81612038db74.json.gz,2
who.gho.mdg-0000000007,MDG_0000000007:CUB:SEX_BTSX:AGEGROUP_YEARSUNDER5:WEALTHQUINTILE_TOTL,1970-01-01,2026-09-07T16:09:38Z,value,38.143933751,,who.gho.mdg-0000000007,raw/who.gho.mdg-0000000007/2026/09/20260907T160938Z-81612038db74.json.gz,2
who.gho.mdg-0000000007,MDG_0000000007:CUB:SEX_FMLE:AGEGROUP_YEARSUNDER5:WEALTHQUINTILE_TOTL,1970-01-01,2026-09-07T16:08:45Z,high,39.306667127,,who.gho.mdg-0000000007,raw/who.gho.mdg-0000000007/2026/09/20260907T160845Z-9b23f1f1b45b.json.gz,2
who.gho.mdg-0000000007,MDG_0000000007:CUB:SEX_FMLE:AGEGROUP_YEARSUNDER5:WEALTHQUINTILE_TOTL,1970-01-01,2026-09-07T16:08:45Z,low,30.468670729,,who.gho.mdg-0000000007,raw/who.gho.mdg-0000000007/2026/09/20260907T160845Z-9b23f1f1b45b.json.gz,2
who.gho.mdg-0000000007,MDG_0000000007:CUB:SEX_FMLE:AGEGROUP_YEARSUNDER5:WEALTHQUINTILE_TOTL,1970-01-01,2026-09-07T16:08:45Z,restated_at,2026-08-05,,who.gho.mdg-0000000007,raw/who.gho.mdg-0000000007/2026/09/20260907T160845Z-9b23f1f1b45b.json.gz,2
who.gho.mdg-0000000007,MDG_0000000007:CUB:SEX_FMLE:AGEGROUP_YEARSUNDER5:WEALTHQUINTILE_TOTL,1970-01-01,2026-09-07T16:08:45Z,value,34.463543488,,who.gho.mdg-0000000007,raw/who.gho.mdg-0000000007/2026/09/20260907T160845Z-9b23f1f1b45b.json.gz,2
who.gho.mdg-0000000007,MDG_0000000007:CUB:SEX_MLE:AGEGROUP_YEARSUNDER5:WEALTHQUINTILE_TOTL,1970-01-01,2026-09-07T16:06:34Z,high,47.472709101,,who.gho.mdg-0000000007,raw/who.gho.mdg-0000000007/2026/09/20260907T160634Z-2774fa4e213c.json.gz,2
who.gho.mdg-0000000007,MDG_0000000007:CUB:SEX_MLE:AGEGROUP_YEARSUNDER5:WEALTHQUINTILE_TOTL,1970-01-01,2026-09-07T16:06:34Z,low,36.808836495,,who.gho.mdg-0000000007,raw/who.gho.mdg-0000000007/2026/09/20260907T160634Z-2774fa4e213c.json.gz,2
who.gho.mdg-0000000007,MDG_0000000007:CUB:SEX_MLE:AGEGROUP_YEARSUNDER5:WEALTHQUINTILE_TOTL,1970-01-01,2026-09-07T16:06:34Z,restated_at,2026-08-05,,who.gho.mdg-0000000007,raw/who.gho.mdg-0000000007/2026/09/20260907T160634Z-2774fa4e213c.json.gz,2
who.gho.mdg-0000000007,MDG_0000000007:CUB:SEX_MLE:AGEGROUP_YEARSUNDER5:WEALTHQUINTILE_TOTL,1970-01-01,2026-09-07T16:06:34Z,value,41.645260947,,who.gho.mdg-0000000007,raw/who.gho.mdg-0000000007/2026/09/20260907T160634Z-2774fa4e213c.json.gz,2
who.gho.mdg-0000000007,MDG_0000000007:CZE:SEX_BTSX:AGEGROUP_YEARSUNDER5:WEALTHQUINTILE_TOTL,1970-01-01,2026-09-07T16:06:26Z,high,25.900799756,,who.gho.mdg-0000000007,raw/who.gho.mdg-0000000007/2026/09/20260907T160626Z-083ef708c2ee.json.gz,2
who.gho.mdg-0000000007,MDG_0000000007:CZE:SEX_BTSX:AGEGROUP_YEARSUNDER5:WEALTHQUINTILE_TOTL,1970-01-01,2026-09-07T16:06:26Z,low,22.746312586,,who.gho.mdg-0000000007,raw/who.gho.mdg-0000000007/2026/09/20260907T160626Z-083ef708c2ee.json.gz,2
who.gho.mdg-0000000007,MDG_0000000007:CZE:SEX_BTSX:AGEGROUP_YEARSUNDER5:WEALTHQUINTILE_TOTL,1970-01-01,2026-09-07T16:06:26Z,restated_at,2026-08-05,,who.gho.mdg-0000000007,raw/who.gho.mdg-0000000007/2026/09/20260907T160626Z-083ef708c2ee.json.gz,2
who.gho.mdg-0000000007,MDG_0000000007:CZE:SEX_BTSX:AGEGROUP_YEARSUNDER5:WEALTHQUINTILE_TOTL,1970-01-01,2026-09-07T16:06:26Z,value,24.251706555,,who.gho.mdg-0000000007,raw/who.gho.mdg-0000000007/2026/09/20260907T160626Z-083ef708c2ee.json.gz,2
who.gho.mdg-0000000007,MDG_0000000007:CZE:SEX_FMLE:AGEGROUP_YEARSUNDER5:WEALTHQUINTILE_TOTL,1970-01-01,2026-09-07T16:05:38Z,high,22.220379176,,who.gho.mdg-0000000007,raw/who.gho.mdg-0000000007/2026/09/20260907T160538Z-28a5f6808180.json.gz,2
who.gho.mdg-0000000007,MDG_0000000007:CZE:SEX_FMLE:AGEGROUP_YEARSUNDER5:WEALTHQUINTILE_TOTL,1970-01-01,2026-09-07T16:05:38Z,low,19.069629096,,who.gho.mdg-0000000007,raw/who.gho.mdg-0000000007/2026/09/20260907T160538Z-28a5f6808180.json.gz,2
who.gho.mdg-0000000007,MDG_0000000007:CZE:SEX_FMLE:AGEGROUP_YEARSUNDER5:WEALTHQUINTILE_TOTL,1970-01-01,2026-09-07T16:05:38Z,restated_at,2026-08-05,,who.gho.mdg-0000000007,raw/who.gho.mdg-0000000007/2026/09/20260907T160538Z-28a5f6808180.json.gz,2
who.gho.mdg-0000000007,MDG_0000000007:CZE:SEX_FMLE:AGEGROUP_YEARSUNDER5:WEALTHQUINTILE_TOTL,1970-01-01,2026-09-07T16:05:38Z,value,20.573126657,,who.gho.mdg-0000000007,raw/who.gho.mdg-0000000007/2026/09/20260907T160538Z-28a5f6808180.json.gz,2
who.gho.mdg-0000000007,MDG_0000000007:CZE:SEX_MLE:AGEGROUP_YEARSUNDER5:WEALTHQUINTILE_TOTL,1970-01-01,2026-09-07T16:10:30Z,high,29.829178717,,who.gho.mdg-0000000007,raw/who.gho.mdg-0000000007/2026/09/20260907T161030Z-d2101d8df79b.json.gz,2
who.gho.mdg-0000000007,MDG_0000000007:CZE:SEX_MLE:AGEGROUP_YEARSUNDER5:WEALTHQUINTILE_TOTL,1970-01-01,2026-09-07T16:10:30Z,low,25.857966083,,who.gho.mdg-0000000007,raw/who.gho.mdg-0000000007/2026/09/20260907T161030Z-d2101d8df79b.json.gz,2
who.gho.mdg-0000000007,MDG_0000000007:CZE:SEX_MLE:AGEGROUP_YEARSUNDER5:WEALTHQUINTILE_TOTL,1970-01-01,2026-09-07T16:10:30Z,restated_at,2026-08-05,,who.gho.mdg-0000000007,raw/who.gho.mdg-0000000007/2026/09/20260907T161030Z-d2101d8df79b.json.gz,2
who.gho.mdg-0000000007,MDG_0000000007:CZE:SEX_MLE:AGEGROUP_YEARSUNDER5:WEALTHQUINTILE_TOTL,1970-01-01,2026-09-07T16:10:30Z,value,27.765180326,,who.gho.mdg-0000000007,raw/who.gho.mdg-0000000007/2026/09/20260907T161030Z-d2101d8df79b.json.gz,2
who.gho.mdg-0000000007,MDG_0000000007:DEU:SEX_BTSX:AGEGROUP_YEARSUNDER5:WEALTHQUINTILE_TOTL,1970-01-01,2026-09-07T16:06:21Z,high,26.2054295,,who.gho.mdg-0000000007,raw/who.gho.mdg-0000000007/2026/09/20260907T160621Z-1819ad2538c7.json.gz,2
who.gho.mdg-0000000007,MDG_0000000007:DEU:SEX_BTSX:AGEGROUP_YEARSUNDER5:WEALTHQUINTILE_TOTL,1970-01-01,2026-09-07T16:06:21Z,low,25.081801514,,who.gho.mdg-0000000007,raw/who.gho.mdg-0000000007/2026/09/20260907T160621Z-1819ad2538c7.json.gz,2
who.gho.mdg-0000000007,MDG_0000000007:DEU:SEX_BTSX:AGEGROUP_YEARSUNDER5:WEALTHQUINTILE_TOTL,1970-01-01,2026-09-07T16:06:21Z,restated_at,2026-08-05,,who.gho.mdg-0000000007,raw/who.gho.mdg-0000000007/2026/09/20260907T160621Z-1819ad2538c7.json.gz,2
who.gho.mdg-0000000007,MDG_0000000007:DEU:SEX_BTSX:AGEGROUP_YEARSUNDER5:WEALTHQUINTILE_TOTL,1970-01-01,2026-09-07T16:06:21Z,value,25.638626264,,who.gho.mdg-0000000007,raw/who.gho.mdg-0000000007/2026/09/20260907T160621Z-1819ad2538c7.json.gz,2
who.gho.mdg-0000000007,MDG_0000000007:DEU:SEX_FMLE:AGEGROUP_YEARSUNDER5:WEALTHQUINTILE_TOTL,1970-01-01,2026-09-07T16:05:06Z,high,22.685847828,,who.gho.mdg-0000000007,raw/who.gho.mdg-0000000007/2026/09/20260907T160506Z-a219a21e2a4a.json.gz,2
who.gho.mdg-0000000007,MDG_0000000007:DEU:SEX_FMLE:AGEGROUP_YEARSUNDER5:WEALTHQUINTILE_TOTL,1970-01-01,2026-09-07T16:05:06Z,low,21.640804843,,who.gho.mdg-0000000007,raw/who.gho.mdg-0000000007/2026/09/20260907T160506Z-a219a21e2a4a.json.gz,2
who.gho.mdg-0000000007,MDG_0000000007:DEU:SEX_FMLE:AGEGROUP_YEARSUNDER5:WEALTHQUINTILE_TOTL,1970-01-01,2026-09-07T16:05:06Z,restated_at,2026-08-05,,who.gho.mdg-0000000007,raw/who.gho.mdg-0000000007/2026/09/20260907T160506Z-a219a21e2a4a.json.gz,2
who.gho.mdg-0000000007,MDG_0000000007:DEU:SEX_FMLE:AGEGROUP_YEARSUNDER5:WEALTHQUINTILE_TOTL,1970-01-01,2026-09-07T16:05:06Z,value,22.15579179,,who.gho.mdg-0000000007,raw/who.gho.mdg-0000000007/2026/09/20260907T160506Z-a219a21e2a4a.json.gz,2
who.gho.mdg-0000000007,MDG_0000000007:DEU:SEX_MLE:AGEGROUP_YEARSUNDER5:WEALTHQUINTILE_TOTL,1970-01-01,2026-09-07T16:08:59Z,high,29.610509354,,who.gho.mdg-0000000007,raw/who.gho.mdg-0000000007/2026/09/20260907T160859Z-81b3460c41a8.json.gz,2
who.gho.mdg-0000000007,MDG_0000000007:DEU:SEX_MLE:AGEGROUP_YEARSUNDER5:WEALTHQUINTILE_TOTL,1970-01-01,2026-09-07T16:08:59Z,low,28.304907252,,who.gho.mdg-0000000007,raw/who.gho.mdg-0000000007/2026/09/20260907T160859Z-81b3460c41a8.json.gz,2
who.gho.mdg-0000000007,MDG_0000000007:DEU:SEX_MLE:AGEGROUP_YEARSUNDER5:WEALTHQUINTILE_TOTL,1970-01-01,2026-09-07T16:08:59Z,restated_at,2026-08-05,,who.gho.mdg-0000000007,raw/who.gho.mdg-0000000007/2026/09/20260907T160859Z-81b3460c41a8.json.gz,2
who.gho.mdg-0000000007,MDG_0000000007:DEU:SEX_MLE:AGEGROUP_YEARSUNDER5:WEALTHQUINTILE_TOTL,1970-01-01,2026-09-07T16:08:59Z,value,28.958260886,,who.gho.mdg-0000000007,raw/who.gho.mdg-0000000007/2026/09/20260907T160859Z-81b3460c41a8.json.gz,2
who.gho.mdg-0000000007,MDG_0000000007:DMA:SEX_BTSX:AGEGROUP_YEARSUNDER5:WEALTHQUINTILE_TOTL,1970-01-01,2026-09-07T16:05:38Z,high,57.06405009,,who.gho.mdg-0000000007,raw/who.gho.mdg-0000000007/2026/09/20260907T160538Z-28a5f6808180.json.gz,2
who.gho.mdg-0000000007,MDG_0000000007:DMA:SEX_BTSX:AGEGROUP_YEARSUNDER5:WEALTHQUINTILE_TOTL,1970-01-01,2026-09-07T16:05:38Z,low,52.629515308,,who.gho.mdg-0000000007,raw/who.gho.mdg-0000000007/2026/09/20260907T160538Z-28a5f6808180.json.gz,2
who.gho.mdg-0000000007,MDG_0000000007:DMA:SEX_BTSX:AGEGROUP_YEARSUNDER5:WEALTHQUINTILE_TOTL,1970-01-01,2026-09-07T16:05:38Z,restated_at,2026-08-05,,who.gho.mdg-0000000007,raw/who.gho.mdg-0000000007/2026/09/20260907T160538Z-28a5f6808180.json.gz,2
who.gho.mdg-0000000007,MDG_0000000007:DMA:SEX_BTSX:AGEGROUP_YEARSUNDER5:WEALTHQUINTILE_TOTL,1970-01-01,2026-09-07T16:05:38Z,value,54.816798863,,who.gho.mdg-0000000007,raw/who.gho.mdg-0000000007/2026/09/20260907T160538Z-28a5f6808180.json.gz,2
who.gho.mdg-0000000007,MDG_0000000007:DMA:SEX_FMLE:AGEGROUP_YEARSUNDER5:WEALTHQUINTILE_TOTL,1970-01-01,2026-09-07T16:08:59Z,high,54.935659959,,who.gho.mdg-0000000007,raw/who.gho.mdg-0000000007/2026/09/20260907T160859Z-81b3460c41a8.json.gz,2
who.gho.mdg-0000000007,MDG_0000000007:DMA:SEX_FMLE:AGEGROUP_YEARSUNDER5:WEALTHQUINTILE_TOTL,1970-01-01,2026-09-07T16:08:59Z,low,49.477942745,,who.gho.mdg-0000000007,raw/who.gho.mdg-0000000007/2026/09/20260907T160859Z-81b3460c41a8.json.gz,2
who.gho.mdg-0000000007,MDG_0000000007:DMA:SEX_FMLE:AGEGROUP_YEARSUNDER5:WEALTHQUINTILE_TOTL,1970-01-01,2026-09-07T16:08:59Z,restated_at,2026-08-05,,who.gho.mdg-0000000007,raw/who.gho.mdg-0000000007/2026/09/20260907T160859Z-81b3460c41a8.json.gz,2
who.gho.mdg-0000000007,MDG_0000000007:DMA:SEX_FMLE:AGEGROUP_YEARSUNDER5:WEALTHQUINTILE_TOTL,1970-01-01,2026-09-07T16:08:59Z,value,52.220068997,,who.gho.mdg-0000000007,raw/who.gho.mdg-0000000007/2026/09/20260907T160859Z-81b3460c41a8.json.gz,2
who.gho.mdg-0000000007,MDG_0000000007:DMA:SEX_MLE:AGEGROUP_YEARSUNDER5:WEALTHQUINTILE_TOTL,1970-01-01,2026-09-07T16:10:58Z,high,60.136545847,,who.gho.mdg-0000000007,raw/who.gho.mdg-0000000007/2026/09/20260907T161058Z-4d8f6ed35960.json.gz,2
who.gho.mdg-0000000007,MDG_0000000007:DMA:SEX_MLE:AGEGROUP_YEARSUNDER5:WEALTHQUINTILE_TOTL,1970-01-01,2026-09-07T16:10:58Z,low,54.577488092,,who.gho.mdg-0000000007,raw/who.gho.mdg-0000000007/2026/09/20260907T161058Z-4d8f6ed35960.json.gz,2
who.gho.mdg-0000000007,MDG_0000000007:DMA:SEX_MLE:AGEGROUP_YEARSUNDER5:WEALTHQUINTILE_TOTL,1970-01-01,2026-09-07T16:10:58Z,restated_at,2026-08-05,,who.gho.mdg-0000000007,raw/who.gho.mdg-0000000007/2026/09/20260907T161058Z-4d8f6ed35960.json.gz,2
who.gho.mdg-0000000007,MDG_0000000007:DMA:SEX_MLE:AGEGROUP_YEARSUNDER5:WEALTHQUINTILE_TOTL,1970-01-01,2026-09-07T16:10:58Z,value,57.31095513,,who.gho.mdg-0000000007,raw/who.gho.mdg-0000000007/2026/09/20260907T161058Z-4d8f6ed35960.json.gz,2
who.gho.mdg-0000000007,MDG_0000000007:DNK:SEX_BTSX:AGEGROUP_YEARSUNDER5:WEALTHQUINTILE_TOTL,1970-01-01,2026-09-07T16:05:48Z,high,17.044950579,,who.gho.mdg-0000000007,raw/who.gho.mdg-0000000007/2026/09/20260907T160548Z-1609a76f5ecc.json.gz,2
who.gho.mdg-0000000007,MDG_0000000007:DNK:SEX_BTSX:AGEGROUP_YEARSUNDER5:WEALTHQUINTILE_TOTL,1970-01-01,2026-09-07T16:05:48Z,low,16.258132411,,who.gho.mdg-0000000007,raw/who.gho.mdg-0000000007/2026/09/20260907T160548Z-1609a76f5ecc.json.gz,2
who.gho.mdg-0000000007,MDG_0000000007:DNK:SEX_BTSX:AGEGROUP_YEARSUNDER5:WEALTHQUINTILE_TOTL,1970-01-01,2026-09-07T16:05:48Z,restated_at,2026-08-05,,who.gho.mdg-0000000007,raw/who.gho.mdg-0000000007/2026/09/20260907T160548Z-1609a76f5ecc.json.gz,2
who.gho.mdg-0000000007,MDG_0000000007:DNK:SEX_BTSX:AGEGROUP_YEARSUNDER5:WEALTHQUINTILE_TOTL,1970-01-01,2026-09-07T16:05:48Z,value,16.639918153,,who.gho.mdg-0000000007,raw/who.gho.mdg-0000000007/2026/09/20260907T160548Z-1609a76f5ecc.json.gz,2
who.gho.mdg-0000000007,MDG_0000000007:DNK:SEX_FMLE:AGEGROUP_YEARSUNDER5:WEALTHQUINTILE_TOTL,1970-01-01,2026-09-07T16:08:54Z,high,14.336947126,,who.gho.mdg-0000000007,raw/who.gho.mdg-0000000007/2026/09/20260907T160854Z-e3873ac72928.json.gz,2
who.gho.mdg-0000000007,MDG_0000000007:DNK:SEX_FMLE:AGEGROUP_YEARSUNDER5:WEALTHQUINTILE_TOTL,1970-01-01,2026-09-07T16:08:54Z,low,13.501435708,,who.gho.mdg-0000000007,raw/who.gho.mdg-0000000007/2026/09/20260907T160854Z-e3873ac72928.json.gz,2
who.gho.mdg-0000000007,MDG_0000000007:DNK:SEX_FMLE:AGEGROUP_YEARSUNDER5:WEALTHQUINTILE_TOTL,1970-01-01,2026-09-07T16:08:54Z,restated_at,2026-08-05,,who.gho.mdg-0000000007,raw/who.gho.mdg-0000000007/2026/09/20260907T160854Z-e3873ac72928.json.gz,2
who.gho.mdg-0000000007,MDG_0000000007:DNK:SEX_FMLE:AGEGROUP_YEARSUNDER5:WEALTHQUINTILE_TOTL,1970-01-01,2026-09-07T16:08:54Z,value,13.909414989,,who.gho.mdg-0000000007,raw/who.gho.mdg-0000000007/2026/09/20260907T160854Z-e3873ac72928.json.gz,2
who.gho.mdg-0000000007,MDG_0000000007:DNK:SEX_MLE:AGEGROUP_YEARSUNDER5:WEALTHQUINTILE_TOTL,1970-01-01,2026-09-07T16:05:57Z,high,19.773387533,,who.gho.mdg-0000000007,raw/who.gho.mdg-0000000007/2026/09/20260907T160557Z-c8e786907d46.json.gz,2
who.gho.mdg-0000000007,MDG_0000000007:DNK:SEX_MLE:AGEGROUP_YEARSUNDER5:WEALTHQUINTILE_TOTL,1970-01-01,2026-09-07T16:05:57Z,low,18.741508888,,who.gho.mdg-0000000007,raw/who.gho.mdg-0000000007/2026/09/20260907T160557Z-c8e786907d46.json.gz,2
who.gho.mdg-0000000007,MDG_0000000007:DNK:SEX_MLE:AGEGROUP_YEARSUNDER5:WEALTHQUINTILE_TOTL,1970-01-01,2026-09-07T16:05:57Z,restated_at,2026-08-05,,who.gho.mdg-0000000007,raw/who.gho.mdg-0000000007/2026/09/20260907T160557Z-c8e786907d46.json.gz,2
who.gho.mdg-0000000007,MDG_0000000007:DNK:SEX_MLE:AGEGROUP_YEARSUNDER5:WEALTHQUINTILE_TOTL,1970-01-01,2026-09-07T16:05:57Z,value,19.238894661,,who.gho.mdg-0000000007,raw/who.gho.mdg-0000000007/2026/09/20260907T160557Z-c8e786907d46.json.gz,2
who.gho.mdg-0000000007,MDG_0000000007:DOM:SEX_BTSX:AGEGROUP_YEARSUNDER5:WEALTHQUINTILE_TOTL,1970-01-01,2026-09-07T16:08:50Z,high,132.458113364,,who.gho.mdg-0000000007,raw/who.gho.mdg-0000000007/2026/09/20260907T160850Z-957169f3a50e.json.gz,2
who.gho.mdg-0000000007,MDG_0000000007:DOM:SEX_BTSX:AGEGROUP_YEARSUNDER5:WEALTHQUINTILE_TOTL,1970-01-01,2026-09-07T16:08:50Z,low,116.004717518,,who.gho.mdg-0000000007,raw/who.gho.mdg-0000000007/2026/09/20260907T160850Z-957169f3a50e.json.gz,2
who.gho.mdg-0000000007,MDG_0000000007:DOM:SEX_BTSX:AGEGROUP_YEARSUNDER5:WEALTHQUINTILE_TOTL,1970-01-01,2026-09-07T16:08:50Z,restated_at,2026-08-05,,who.gho.mdg-0000000007,raw/who.gho.mdg-0000000007/2026/09/20260907T160850Z-957169f3a50e.json.gz,2
who.gho.mdg-0000000007,MDG_0000000007:DOM:SEX_BTSX:AGEGROUP_YEARSUNDER5:WEALTHQUINTILE_TOTL,1970-01-01,2026-09-07T16:08:50Z,value,123.848268622,,who.gho.mdg-0000000007,raw/who.gho.mdg-0000000007/2026/09/20260907T160850Z-957169f3a50e.json.gz,2
who.gho.mdg-0000000007,MDG_0000000007:DOM:SEX_FMLE:AGEGROUP_YEARSUNDER5:WEALTHQUINTILE_TOTL,1970-01-01,2026-09-07T16:10:03Z,high,128.736067968,,who.gho.mdg-0000000007,raw/who.gho.mdg-0000000007/2026/09/20260907T161003Z-9bcc9b7e7da4.json.gz,2
who.gho.mdg-0000000007,MDG_0000000007:DOM:SEX_FMLE:AGEGROUP_YEARSUNDER5:WEALTHQUINTILE_TOTL,1970-01-01,2026-09-07T16:10:03Z,low,111.663801499,,who.gho.mdg-0000000007,raw/who.gho.mdg-0000000007/2026/09/20260907T161003Z-9bcc9b7e7da4.json.gz,2
who.gho.mdg-0000000007,MDG_0000000007:DOM:SEX_FMLE:AGEGROUP_YEARSUNDER5:WEALTHQUINTILE_TOTL,1970-01-01,2026-09-07T16:10:03Z,restated_at,2026-08-05,,who.gho.mdg-0000000007,raw/who.gho.mdg-0000000007/2026/09/20260907T161003Z-9bcc9b7e7da4.json.gz,2
who.gho.mdg-0000000007,MDG_0000000007:DOM:SEX_FMLE:AGEGROUP_YEARSUNDER5:WEALTHQUINTILE_TOTL,1970-01-01,2026-09-07T16:10:03Z,value,119.852083942,,who.gho.mdg-0000000007,raw/who.gho.mdg-0000000007/2026/09/20260907T161003Z-9bcc9b7e7da4.json.gz,2
who.gho.mdg-0000000007,MDG_0000000007:DOM:SEX_MLE:AGEGROUP_YEARSUNDER5:WEALTHQUINTILE_TOTL,1970-01-01,2026-09-07T16:11:10Z,high,137.037318822,,who.gho.mdg-0000000007,raw/who.gho.mdg-0000000007/2026/09/20260907T161110Z-9f3e1e4fe296.json.gz,2
who.gho.mdg-0000000007,MDG_0000000007:DOM:SEX_MLE:AGEGROUP_YEARSUNDER5:WEALTHQUINTILE_TOTL,1970-01-01,2026-09-07T16:11:10Z,low,119.019323094,,who.gho.mdg-0000000007,raw/who.gho.mdg-0000000007/2026/09/20260907T161110Z-9f3e1e4fe296.json.gz,2
who.gho.mdg-0000000007,MDG_0000000007:DOM:SEX_MLE:AGEGROUP_YEARSUNDER5:WEALTHQUINTILE_TOTL,1970-01-01,2026-09-07T16:11:10Z,restated_at,2026-08-05,,who.gho.mdg-0000000007,raw/who.gho.mdg-0000000007/2026/09/20260907T161110Z-9f3e1e4fe296.json.gz,2
who.gho.mdg-0000000007,MDG_0000000007:DOM:SEX_MLE:AGEGROUP_YEARSUNDER5:WEALTHQUINTILE_TOTL,1970-01-01,2026-09-07T16:11:10Z,value,127.738199421,,who.gho.mdg-0000000007,raw/who.gho.mdg-0000000007/2026/09/20260907T161110Z-9f3e1e4fe296.json.gz,2
who.gho.mdg-0000000007,MDG_0000000007:DZA:SEX_BTSX:AGEGROUP_YEARSUNDER5:WEALTHQUINTILE_TOTL,1970-01-01,2026-09-07T16:11:14Z,high,270.480243532,,who.gho.mdg-0000000007,raw/who.gho.mdg-0000000007/2026/09/20260907T161114Z-c1ae2408f442.json.gz,2
who.gho.mdg-0000000007,MDG_0000000007:DZA:SEX_BTSX:AGEGROUP_YEARSUNDER5:WEALTHQUINTILE_TOTL,1970-01-01,2026-09-07T16:11:14Z,low,214.616883215,,who.gho.mdg-0000000007,raw/who.gho.mdg-0000000007/2026/09/20260907T161114Z-c1ae2408f442.json.gz,2
who.gho.mdg-0000000007,MDG_0000000007:DZA:SEX_BTSX:AGEGROUP_YEARSUNDER5:WEALTHQUINTILE_TOTL,1970-01-01,2026-09-07T16:11:14Z,restated_at,2026-08-05,,who.gho.mdg-0000000007,raw/who.gho.mdg-0000000007/2026/09/20260907T161114Z-c1ae2408f442.json.gz,2
who.gho.mdg-0000000007,MDG_0000000007:DZA:SEX_BTSX:AGEGROUP_YEARSUNDER5:WEALTHQUINTILE_TOTL,1970-01-01,2026-09-07T16:11:14Z,value,240.530687105,,who.gho.mdg-0000000007,raw/who.gho.mdg-0000000007/2026/09/20260907T161114Z-c1ae2408f442.json.gz,2
who.gho.mdg-0000000007,MDG_0000000007:DZA:SEX_FMLE:AGEGROUP_YEARSUNDER5:WEALTHQUINTILE_TOTL,1970-01-01,2026-09-07T16:10:33Z,high,266.818024839,,who.gho.mdg-0000000007,raw/who.gho.mdg-0000000007/2026/09/20260907T161033Z-0396663e197a.json.gz,2
who.gho.mdg-0000000007,MDG_0000000007:DZA:SEX_FMLE:AGEGROUP_YEARSUNDER5:WEALTHQUINTILE_TOTL,1970-01-01,2026-09-07T16:10:33Z,low,210.243049554,,who.gho.mdg-0000000007,raw/who.gho.mdg-0000000007/2026/09/20260907T161033Z-0396663e197a.json.gz,2
who.gho.mdg-0000000007,MDG_0000000007:DZA:SEX_FMLE:AGEGROUP_YEARSUNDER5:WEALTHQUINTILE_TOTL,1970-01-01,2026-09-07T16:10:33Z,restated_at,2026-08-05,,who.gho.mdg-0000000007,raw/who.gho.mdg-0000000007/2026/09/20260907T161033Z-0396663e197a.json.gz,2
who.gho.mdg-0000000007,MDG_0000000007:DZA:SEX_FMLE:AGEGROUP_YEARSUNDER5:WEALTHQUINTILE_TOTL,1970-01-01,2026-09-07T16:10:33Z,value,236.643268946,,who.gho.mdg-0000000007,raw/who.gho.mdg-0000000007/2026/09/20260907T161033Z-0396663e197a.json.gz,2
who.gho.mdg-0000000007,MDG_0000000007:DZA:SEX_MLE:AGEGROUP_YEARSUNDER5:WEALTHQUINTILE_TOTL,1970-01-01,2026-09-07T16:05:06Z,high,274.710327513,,who.gho.mdg-0000000007,raw/who.gho.mdg-0000000007/2026/09/20260907T160506Z-a219a21e2a4a.json.gz,2
who.gho.mdg-0000000007,MDG_0000000007:DZA:SEX_MLE:AGEGROUP_YEARSUNDER5:WEALTHQUINTILE_TOTL,1970-01-01,2026-09-07T16:05:06Z,low,217.338751529,,who.gho.mdg-0000000007,raw/who.gho.mdg-0000000007/2026/09/20260907T160506Z-a219a21e2a4a.json.gz,2
who.gho.mdg-0000000007,MDG_0000000007:DZA:SEX_MLE:AGEGROUP_YEARSUNDER5:WEALTHQUINTILE_TOTL,1970-01-01,2026-09-07T16:05:06Z,restated_at,2026-08-05,,who.gho.mdg-0000000007,raw/who.gho.mdg-0000000007/2026/09/20260907T160506Z-a219a21e2a4a.json.gz,2
who.gho.mdg-0000000007,MDG_0000000007:DZA:SEX_MLE:AGEGROUP_YEARSUNDER5:WEALTHQUINTILE_TOTL,1970-01-01,2026-09-07T16:05:06Z,value,244.359133093,,who.gho.mdg-0000000007,raw/who.gho.mdg-0000000007/2026/09/20260907T160506Z-a219a21e2a4a.json.gz,2
who.gho.mdg-0000000007,MDG_0000000007:ECU:SEX_BTSX:AGEGROUP_YEARSUNDER5:WEALTHQUINTILE_TOTL,1970-01-01,2026-09-07T16:10:33Z,high,150.563997036,,who.gho.mdg-0000000007,raw/who.gho.mdg-0000000007/2026/09/20260907T161033Z-0396663e197a.json.gz,2
who.gho.mdg-0000000007,MDG_0000000007:ECU:SEX_BTSX:AGEGROUP_YEARSUNDER5:WEALTHQUINTILE_TOTL,1970-01-01,2026-09-07T16:10:33Z,low,124.000687026,,who.gho.mdg-0000000007,raw/who.gho.mdg-0000000007/2026/09/20260907T161033Z-0396663e197a.json.gz,2
who.gho.mdg-0000000007,MDG_0000000007:ECU:SEX_BTSX:AGEGROUP_YEARSUNDER5:WEALTHQUINTILE_TOTL,1970-01-01,2026-09-07T16:10:33Z,restated_at,2026-08-05,,who.gho.mdg-0000000007,raw/who.gho.mdg-0000000007/2026/09/20260907T161033Z-0396663e197a.json.gz,2
who.gho.mdg-0000000007,MDG_0000000007:ECU:SEX_BTSX:AGEGROUP_YEARSUNDER5:WEALTHQUINTILE_TOTL,1970-01-01,2026-09-07T16:10:33Z,value,136.542279638,,who.gho.mdg-0000000007,raw/who.gho.mdg-0000000007/2026/09/20260907T161033Z-0396663e197a.json.gz,2
who.gho.mdg-0000000007,MDG_0000000007:ECU:SEX_FMLE:AGEGROUP_YEARSUNDER5:WEALTHQUINTILE_TOTL,1970-01-01,2026-09-07T16:06:02Z,high,139.637289013,,who.gho.mdg-0000000007,raw/who.gho.mdg-0000000007/2026/09/20260907T160602Z-1adff4f5f376.json.gz,2
who.gho.mdg-0000000007,MDG_0000000007:ECU:SEX_FMLE:AGEGROUP_YEARSUNDER5:WEALTHQUINTILE_TOTL,1970-01-01,2026-09-07T16:06:02Z,low,113.691262836,,who.gho.mdg-0000000007,raw/who.gho.mdg-0000000007/2026/09/20260907T160602Z-1adff4f5f376.json.gz,2
who.gho.mdg-0000000007,MDG_0000000007:ECU:SEX_FMLE:AGEGROUP_YEARSUNDER5:WEALTHQUINTILE_TOTL,1970-01-01,2026-09-07T16:06:02Z,restated_at,2026-08-05,,who.gho.mdg-0000000007,raw/who.gho.mdg-0000000007/2026/09/20260907T160602Z-1adff4f5f376.json.gz,2
who.gho.mdg-0000000007,MDG_0000000007:ECU:SEX_FMLE:AGEGROUP_YEARSUNDER5:WEALTHQUINTILE_TOTL,1970-01-01,2026-09-07T16:06:02Z,value,126.111258197,,who.gho.mdg-0000000007,raw/who.gho.mdg-0000000007/2026/09/20260907T160602Z-1adff4f5f376.json.gz,2
who.gho.mdg-0000000007,MDG_0000000007:ECU:SEX_MLE:AGEGROUP_YEARSUNDER5:WEALTHQUINTILE_TOTL,1970-01-01,2026-09-07T16:08:54Z,high,162.089083998,,who.gho.mdg-0000000007,raw/who.gho.mdg-0000000007/2026/09/20260907T160854Z-e3873ac72928.json.gz,2
who.gho.mdg-0000000007,MDG_0000000007:ECU:SEX_MLE:AGEGROUP_YEARSUNDER5:WEALTHQUINTILE_TOTL,1970-01-01,2026-09-07T16:08:54Z,low,132.291943716,,who.gho.mdg-0000000007,raw/who.gho.mdg-0000000007/2026/09/20260907T160854Z-e3873ac72928.json.gz,2
who.gho.mdg-0000000007,MDG_0000000007:ECU:SEX_MLE:AGEGROUP_YEARSUNDER5:WEALTHQUINTILE_TOTL,1970-01-01,2026-09-07T16:08:54Z,restated_at,2026-08-05,,who.gho.mdg-0000000007,raw/who.gho.mdg-0000000007/2026/09/20260907T160854Z-e3873ac72928.json.gz,2
who.gho.mdg-0000000007,MDG_0000000007:ECU:SEX_MLE:AGEGROUP_YEARSUNDER5:WEALTHQUINTILE_TOTL,1970-01-01,2026-09-07T16:08:54Z,value,146.526758208,,who.gho.mdg-0000000007,raw/who.gho.mdg-0000000007/2026/09/20260907T160854Z-e3873ac72928.json.gz,2
who.gho.mdg-0000000007,MDG_0000000007:EGY:SEX_BTSX:AGEGROUP_YEARSUNDER5:WEALTHQUINTILE_TOTL,1970-01-01,2026-09-07T16:09:18Z,high,266.458135019,,who.gho.mdg-0000000007,raw/who.gho.mdg-0000000007/2026/09/20260907T160918Z-1f3ac080847d.json.gz,2
who.gho.mdg-0000000007,MDG_0000000007:EGY:SEX_BTSX:AGEGROUP_YEARSUNDER5:WEALTHQUINTILE_TOTL,1970-01-01,2026-09-07T16:09:18Z,low,234.191715103,,who.gho.mdg-0000000007,raw/who.gho.mdg-0000000007/2026/09/20260907T160918Z-1f3ac080847d.json.gz,2
who.gho.mdg-0000000007,MDG_0000000007:EGY:SEX_BTSX:AGEGROUP_YEARSUNDER5:WEALTHQUINTILE_TOTL,1970-01-01,2026-09-07T16:09:18Z,restated_at,2026-08-05,,who.gho.mdg-0000000007,raw/who.gho.mdg-0000000007/2026/09/20260907T160918Z-1f3ac080847d.json.gz,2
who.gho.mdg-0000000007,MDG_0000000007:EGY:SEX_BTSX:AGEGROUP_YEARSUNDER5:WEALTHQUINTILE_TOTL,1970-01-01,2026-09-07T16:09:18Z,value,249.953096812,,who.gho.mdg-0000000007,raw/who.gho.mdg-0000000007/2026/09/20260907T160918Z-1f3ac080847d.json.gz,2
who.gho.mdg-0000000007,MDG_0000000007:EGY:SEX_FMLE:AGEGROUP_YEARSUNDER5:WEALTHQUINTILE_TOTL,1970-01-01,2026-09-07T16:06:07Z,high,273.758791613,,who.gho.mdg-0000000007,raw/who.gho.mdg-0000000007/2026/09/20260907T160607Z-9445f1b065fa.json.gz,2
who.gho.mdg-0000000007,MDG_0000000007:EGY:SEX_FMLE:AGEGROUP_YEARSUNDER5:WEALTHQUINTILE_TOTL,1970-01-01,2026-09-07T16:06:07Z,low,239.973682286,,who.gho.mdg-0000000007,raw/who.gho.mdg-0000000007/2026/09/20260907T160607Z-9445f1b065fa.json.gz,2
who.gho.mdg-0000000007,MDG_0000000007:EGY:SEX_FMLE:AGEGROUP_YEARSUNDER5:WEALTHQUINTILE_TOTL,1970-01-01,2026-09-07T16:06:07Z,restated_at,2026-08-05,,who.gho.mdg-0000000007,raw/who.gho.mdg-0000000007/2026/09/20260907T160607Z-9445f1b065fa.json.gz,2
who.gho.mdg-0000000007,MDG_0000000007:EGY:SEX_FMLE:AGEGROUP_YEARSUNDER5:WEALTHQUINTILE_TOTL,1970-01-01,2026-09-07T16:06:07Z,value,256.369826719,,who.gho.mdg-0000000007,raw/who.gho.mdg-0000000007/2026/09/20260907T160607Z-9445f1b065fa.json.gz,2
who.gho.mdg-0000000007,MDG_0000000007:EGY:SEX_MLE:AGEGROUP_YEARSUNDER5:WEALTHQUINTILE_TOTL,1970-01-01,2026-09-07T16:10:12Z,high,260.586024062,,who.gho.mdg-0000000007,raw/who.gho.mdg-0000000007/2026/09/20260907T161012Z-af10f639113a.json.gz,2
who.gho.mdg-0000000007,MDG_0000000007:EGY:SEX_MLE:AGEGROUP_YEARSUNDER5:WEALTHQUINTILE_TOTL,1970-01-01,2026-09-07T16:10:12Z,low,227.901541623,,who.gho.mdg-0000000007,raw/who.gho.mdg-0000000007/2026/09/20260907T161012Z-af10f639113a.json.gz,2
who.gho.mdg-0000000007,MDG_0000000007:EGY:SEX_MLE:AGEGROUP_YEARSUNDER5:WEALTHQUINTILE_TOTL,1970-01-01,2026-09-07T16:10:12Z,restated_at,2026-08-05,,who.gho.mdg-0000000007,raw/who.gho.mdg-0000000007/2026/09/20260907T161012Z-af10f639113a.json.gz,2
who.gho.mdg-0000000007,MDG_0000000007:EGY:SEX_MLE:AGEGROUP_YEARSUNDER5:WEALTHQUINTILE_TOTL,1970-01-01,2026-09-07T16:10:12Z,value,243.725252468,,who.gho.mdg-0000000007,raw/who.gho.mdg-0000000007/2026/09/20260907T161012Z-af10f639113a.json.gz,2
who.gho.mdg-0000000007,MDG_0000000007:ESP:SEX_BTSX:AGEGROUP_YEARSUNDER5:WEALTHQUINTILE_TOTL,1970-01-01,2026-09-07T16:10:30Z,high,32.239804871,,who.gho.mdg-0000000007,raw/who.gho.mdg-0000000007/2026/09/20260907T161030Z-d2101d8df79b.json.gz,2
who.gho.mdg-0000000007,MDG_0000000007:ESP:SEX_BTSX:AGEGROUP_YEARSUNDER5:WEALTHQUINTILE_TOTL,1970-01-01,2026-09-07T16:10:30Z,low,31.044686014,,who.gho.mdg-0000000007,raw/who.gho.mdg-0000000007/2026/09/20260907T161030Z-d2101d8df79b.json.gz,2
who.gho.mdg-0000000007,MDG_0000000007:ESP:SEX_BTSX:AGEGROUP_YEARSUNDER5:WEALTHQUINTILE_TOTL,1970-01-01,2026-09-07T16:10:30Z,restated_at,2026-08-05,,who.gho.mdg-0000000007,raw/who.gho.mdg-0000000007/2026/09/20260907T161030Z-d2101d8df79b.json.gz,2
who.gho.mdg-0000000007,MDG_0000000007:ESP:SEX_BTSX:AGEGROUP_YEARSUNDER5:WEALTHQUINTILE_TOTL,1970-01-01,2026-09-07T16:10:30Z,value,31.631146233,,who.gho.mdg-0000000007,raw/who.gho.mdg-0000000007/2026/09/20260907T161030Z-d2101d8df79b.json.gz,2
who.gho.mdg-0000000007,MDG_0000000007:ESP:SEX_FMLE:AGEGROUP_YEARSUNDER5:WEALTHQUINTILE_TOTL,1970-01-01,2026-09-07T16:09:08Z,high,28.514615278,,who.gho.mdg-0000000007,raw/who.gho.mdg-0000000007/2026/09/20260907T160908Z-96acbc2bc7cb.json.gz,2
who.gho.mdg-0000000007,MDG_0000000007:ESP:SEX_FMLE:AGEGROUP_YEARSUNDER5:WEALTHQUINTILE_TOTL,1970-01-01,2026-09-07T16:09:08Z,low,27.351478838,,who.gho.mdg-0000000007,raw/who.gho.mdg-0000000007/2026/09/20260907T160908Z-96acbc2bc7cb.json.gz,2
who.gho.mdg-0000000007,MDG_0000000007:ESP:SEX_FMLE:AGEGROUP_YEARSUNDER5:WEALTHQUINTILE_TOTL,1970-01-01,2026-09-07T16:09:08Z,restated_at,2026-08-05,,who.gho.mdg-0000000007,raw/who.gho.mdg-0000000007/2026/09/20260907T160908Z-96acbc2bc7cb.json.gz,2
who.gho.mdg-0000000007,MDG_0000000007:ESP:SEX_FMLE:AGEGROUP_YEARSUNDER5:WEALTHQUINTILE_TOTL,1970-01-01,2026-09-07T16:09:08Z,value,27.920064828,,who.gho.mdg-0000000007,raw/who.gho.mdg-0000000007/2026/09/20260907T160908Z-96acbc2bc7cb.json.gz,2
who.gho.mdg-0000000007,MDG_0000000007:ESP:SEX_MLE:AGEGROUP_YEARSUNDER5:WEALTHQUINTILE_TOTL,1970-01-01,2026-09-07T16:10:53Z,high,35.876842541,,who.gho.mdg-0000000007,raw/who.gho.mdg-0000000007/2026/09/20260907T161053Z-9a5808e2a757.json.gz,2
who.gho.mdg-0000000007,MDG_0000000007:ESP:SEX_MLE:AGEGROUP_YEARSUNDER5:WEALTHQUINTILE_TOTL,1970-01-01,2026-09-07T16:10:53Z,low,34.47461456,,who.gho.mdg-0000000007,raw/who.gho.mdg-0000000007/2026/09/20260907T161053Z-9a5808e2a757.json.gz,2
who.gho.mdg-0000000007,MDG_0000000007:ESP:SEX_MLE:AGEGROUP_YEARSUNDER5:WEALTHQUINTILE_TOTL,1970-01-01,2026-09-07T16:10:53Z,restated_at,2026-08-05,,who.gho.mdg-0000000007,raw/who.gho.mdg-0000000007/2026/09/20260907T161053Z-9a5808e2a757.json.gz,2
who.gho.mdg-0000000007,MDG_0000000007:ESP:SEX_MLE:AGEGROUP_YEARSUNDER5:WEALTHQUINTILE_TOTL,1970-01-01,2026-09-07T16:10:53Z,value,35.16606953,,who.gho.mdg-0000000007,raw/who.gho.mdg-0000000007/2026/09/20260907T161053Z-9a5808e2a757.json.gz,2
who.gho.mdg-0000000007,MDG_0000000007:EST:SEX_BTSX:AGEGROUP_YEARSUNDER5:WEALTHQUINTILE_TOTL,1970-01-01,2026-09-07T16:04:56Z,high,23.457473711,,who.gho.mdg-0000000007,raw/who.gho.mdg-0000000007/2026/09/20260907T160456Z-9369d1ec1a28.json.gz,2
who.gho.mdg-0000000007,MDG_0000000007:EST:SEX_BTSX:AGEGROUP_YEARSUNDER5:WEALTHQUINTILE_TOTL,1970-01-01,2026-09-07T16:04:56Z,low,20.938252992,,who.gho.mdg-0000000007,raw/who.gho.mdg-0000000007/2026/09/20260907T160456Z-9369d1ec1a28.json.gz,2
who.gho.mdg-0000000007,MDG_0000000007:EST:SEX_BTSX:AGEGROUP_YEARSUNDER5:WEALTHQUINTILE_TOTL,1970-01-01,2026-09-07T16:04:56Z,restated_at,2026-08-05,,who.gho.mdg-0000000007,raw/who.gho.mdg-0000000007/2026/09/20260907T160456Z-9369d1ec1a28.json.gz,2
who.gho.mdg-0000000007,MDG_0000000007:EST:SEX_BTSX:AGEGROUP_YEARSUNDER5:WEALTHQUINTILE_TOTL,1970-01-01,2026-09-07T16:04:56Z,value,22.170020251,,who.gho.mdg-0000000007,raw/who.gho.mdg-0000000007/2026/09/20260907T160456Z-9369d1ec1a28.json.gz,2
who.gho.mdg-0000000007,MDG_0000000007:EST:SEX_FMLE:AGEGROUP_YEARSUNDER5:WEALTHQUINTILE_TOTL,1970-01-01,2026-09-07T16:04:56Z,high,20.622408807,,who.gho.mdg-0000000007,raw/who.gho.mdg-0000000007/2026/09/20260907T160456Z-9369d1ec1a28.json.gz,2
who.gho.mdg-0000000007,MDG_0000000007:EST:SEX_FMLE:AGEGROUP_YEARSUNDER5:WEALTHQUINTILE_TOTL,1970-01-01,2026-09-07T16:04:56Z,low,17.921114755,,who.gho.mdg-0000000007,raw/who.gho.mdg-0000000007/2026/09/20260907T160456Z-9369d1ec1a28.json.gz,2
who.gho.mdg-0000000007,MDG_0000000007:EST:SEX_FMLE:AGEGROUP_YEARSUNDER5:WEALTHQUINTILE_TOTL,1970-01-01,2026-09-07T16:04:56Z,restated_at,2026-08-05,,who.gho.mdg-0000000007,raw/who.gho.mdg-0000000007/2026/09/20260907T160456Z-9369d1ec1a28.json.gz,2
who.gho.mdg-0000000007,MDG_0000000007:EST:SEX_FMLE:AGEGROUP_YEARSUNDER5:WEALTHQUINTILE_TOTL,1970-01-01,2026-09-07T16:04:56Z,value,19.235289844,,who.gho.mdg-0000000007,raw/who.gho.mdg-0000000007/2026/09/20260907T160456Z-9369d1ec1a28.json.gz,2
who.gho.mdg-0000000007,MDG_0000000007:EST:SEX_MLE:AGEGROUP_YEARSUNDER5:WEALTHQUINTILE_TOTL,1970-01-01,2026-09-07T16:04:56Z,high,26.592298471,,who.gho.mdg-0000000007,raw/who.gho.mdg-0000000007/2026/09/20260907T160456Z-9369d1ec1a28.json.gz,2
who.gho.mdg-0000000007,MDG_0000000007:EST:SEX_MLE:AGEGROUP_YEARSUNDER5:WEALTHQUINTILE_TOTL,1970-01-01,2026-09-07T16:04:56Z,low,23.383567554,,who.gho.mdg-0000000007,raw/who.gho.mdg-0000000007/2026/09/20260907T160456Z-9369d1ec1a28.json.gz,2
who.gho.mdg-0000000007,MDG_0000000007:EST:SEX_MLE:AGEGROUP_YEARSUNDER5:WEALTHQUINTILE_TOTL,1970-01-01,2026-09-07T16:04:56Z,restated_at,2026-08-05,,who.gho.mdg-0000000007,raw/who.gho.mdg-0000000007/2026/09/20260907T160456Z-9369d1ec1a28.json.gz,2
who.gho.mdg-0000000007,MDG_0000000007:EST:SEX_MLE:AGEGROUP_YEARSUNDER5:WEALTHQUINTILE_TOTL,1970-01-01,2026-09-07T16:04:56Z,value,24.951361944,,who.gho.mdg-0000000007,raw/who.gho.mdg-0000000007/2026/09/20260907T160456Z-9369d1ec1a28.json.gz,2
who.gho.mdg-0000000007,MDG_0000000007:ETH:SEX_BTSX:AGEGROUP_YEARSUNDER5:WEALTHQUINTILE_TOTL,1970-01-01,2026-09-07T16:05:01Z,high,293.190108301,,who.gho.mdg-0000000007,raw/who.gho.mdg-0000000007/2026/09/20260907T160501Z-2d19e1a5feef.json.gz,2
who.gho.mdg-0000000007,MDG_0000000007:ETH:SEX_BTSX:AGEGROUP_YEARSUNDER5:WEALTHQUINTILE_TOTL,1970-01-01,2026-09-07T16:05:01Z,low,210.513536565,,who.gho.mdg-0000000007,raw/who.gho.mdg-0000000007/2026/09/20260907T160501Z-2d19e1a5feef.json.gz,2
who.gho.mdg-0000000007,MDG_0000000007:ETH:SEX_BTSX:AGEGROUP_YEARSUNDER5:WEALTHQUINTILE_TOTL,1970-01-01,2026-09-07T16:05:01Z,restated_at,2026-08-05,,who.gho.mdg-0000000007,raw/who.gho.mdg-0000000007/2026/09/20260907T160501Z-2d19e1a5feef.json.gz,2
who.gho.mdg-0000000007,MDG_0000000007:ETH:SEX_BTSX:AGEGROUP_YEARSUNDER5:WEALTHQUINTILE_TOTL,1970-01-01,2026-09-07T16:05:01Z,value,249.57026616,,who.gho.mdg-0000000007,raw/who.gho.mdg-0000000007/2026/09/20260907T160501Z-2d19e1a5feef.json.gz,2
who.gho.mdg-0000000007,MDG_0000000007:ETH:SEX_FMLE:AGEGROUP_YEARSUNDER5:WEALTHQUINTILE_TOTL,1970-01-01,2026-09-07T16:05:43Z,high,275.718559554,,who.gho.mdg-0000000007,raw/who.gho.mdg-0000000007/2026/09/20260907T160543Z-0bdfcfeb6714.json.gz,2
who.gho.mdg-0000000007,MDG_0000000007:ETH:SEX_FMLE:AGEGROUP_YEARSUNDER5:WEALTHQUINTILE_TOTL,1970-01-01,2026-09-07T16:05:43Z,low,197.424043599,,who.gho.mdg-0000000007,raw/who.gho.mdg-0000000007/2026/09/20260907T160543Z-0bdfcfeb6714.json.gz,2
who.gho.mdg-0000000007,MDG_0000000007:ETH:SEX_FMLE:AGEGROUP_YEARSUNDER5:WEALTHQUINTILE_TOTL,1970-01-01,2026-09-07T16:05:43Z,restated_at,2026-08-05,,who.gho.mdg-0000000007,raw/who.gho.mdg-0000000007/2026/09/20260907T160543Z-0bdfcfeb6714.json.gz,2
who.gho.mdg-0000000007,MDG_0000000007:ETH:SEX_FMLE:AGEGROUP_YEARSUNDER5:WEALTHQUINTILE_TOTL,1970-01-01,2026-09-07T16:05:43Z,value,234.492570786,,who.gho.mdg-0000000007,raw/who.gho.mdg-0000000007/2026/09/20260907T160543Z-0bdfcfeb6714.json.gz,2
who.gho.mdg-0000000007,MDG_0000000007:ETH:SEX_MLE:AGEGROUP_YEARSUNDER5:WEALTHQUINTILE_TOTL,1970-01-01,2026-09-07T16:05:14Z,high,310.531972149,,who.gho.mdg-0000000007,raw/who.gho.mdg-0000000007/2026/09/20260907T160514Z-6205b585146a.json.gz,2
who.gho.mdg-0000000007,MDG_0000000007:ETH:SEX_MLE:AGEGROUP_YEARSUNDER5:WEALTHQUINTILE_TOTL,1970-01-01,2026-09-07T16:05:14Z,low,221.955670636,,who.gho.mdg-0000000007,raw/who.gho.mdg-0000000007/2026/09/20260907T160514Z-6205b585146a.json.gz,2
who.gho.mdg-0000000007,MDG_0000000007:ETH:SEX_MLE:AGEGROUP_YEARSUNDER5:WEALTHQUINTILE_TOTL,1970-01-01,2026-09-07T16:05:14Z,restated_at,2026-08-05,,who.gho.mdg-0000000007,raw/who.gho.mdg-0000000007/2026/09/20260907T160514Z-6205b585146a.json.gz,2
who.gho.mdg-0000000007,MDG_0000000007:ETH:SEX_MLE:AGEGROUP_YEARSUNDER5:WEALTHQUINTILE_TOTL,1970-01-01,2026-09-07T16:05:14Z,value,263.979646631,,who.gho.mdg-0000000007,raw/who.gho.mdg-0000000007/2026/09/20260907T160514Z-6205b585146a.json.gz,2
who.gho.mdg-0000000007,MDG_0000000007:FIN:SEX_BTSX:AGEGROUP_YEARSUNDER5:WEALTHQUINTILE_TOTL,1970-01-01,2026-09-07T16:05:31Z,high,16.484089768,,who.gho.mdg-0000000007,raw/who.gho.mdg-0000000007/2026/09/20260907T160531Z-a90a9bba0858.json.gz,2
who.gho.mdg-0000000007,MDG_0000000007:FIN:SEX_BTSX:AGEGROUP_YEARSUNDER5:WEALTHQUINTILE_TOTL,1970-01-01,2026-09-07T16:05:31Z,low,15.73202734,,who.gho.mdg-0000000007,raw/who.gho.mdg-0000000007/2026/09/20260907T160531Z-a90a9bba0858.json.gz,2
who.gho.mdg-0000000007,MDG_0000000007:FIN:SEX_BTSX:AGEGROUP_YEARSUNDER5:WEALTHQUINTILE_TOTL,1970-01-01,2026-09-07T16:05:31Z,restated_at,2026-08-05,,who.gho.mdg-0000000007,raw/who.gho.mdg-0000000007/2026/09/20260907T160531Z-a90a9bba0858.json.gz,2
who.gho.mdg-0000000007,MDG_0000000007:FIN:SEX_BTSX:AGEGROUP_YEARSUNDER5:WEALTHQUINTILE_TOTL,1970-01-01,2026-09-07T16:05:31Z,value,16.106985089,,who.gho.mdg-0000000007,raw/who.gho.mdg-0000000007/2026/09/20260907T160531Z-a90a9bba0858.json.gz,2
who.gho.mdg-0000000007,MDG_0000000007:FIN:SEX_FMLE:AGEGROUP_YEARSUNDER5:WEALTHQUINTILE_TOTL,1970-01-01,2026-09-07T16:05:22Z,high,14.376069071,,who.gho.mdg-0000000007,raw/who.gho.mdg-0000000007/2026/09/20260907T160522Z-2bd49e664eea.json.gz,2
who.gho.mdg-0000000007,MDG_0000000007:FIN:SEX_FMLE:AGEGROUP_YEARSUNDER5:WEALTHQUINTILE_TOTL,1970-01-01,2026-09-07T16:05:22Z,low,13.546789053,,who.gho.mdg-0000000007,raw/who.gho.mdg-0000000007/2026/09/20260907T160522Z-2bd49e664eea.json.gz,2
who.gho.mdg-0000000007,MDG_0000000007:FIN:SEX_FMLE:AGEGROUP_YEARSUNDER5:WEALTHQUINTILE_TOTL,1970-01-01,2026-09-07T16:05:22Z,restated_at,2026-08-05,,who.gho.mdg-0000000007,raw/who.gho.mdg-0000000007/2026/09/20260907T160522Z-2bd49e664eea.json.gz,2
who.gho.mdg-0000000007,MDG_0000000007:FIN:SEX_FMLE:AGEGROUP_YEARSUNDER5:WEALTHQUINTILE_TOTL,1970-01-01,2026-09-07T16:05:22Z,value,13.963413655,,who.gho.mdg-0000000007,raw/who.gho.mdg-0000000007/2026/09/20260907T160522Z-2bd49e664eea.json.gz,2
who.gho.mdg-0000000007,MDG_0000000007:FIN:SEX_MLE:AGEGROUP_YEARSUNDER5:WEALTHQUINTILE_TOTL,1970-01-01,2026-09-07T16:09:34Z,high,18.645568931,,who.gho.mdg-0000000007,raw/who.gho.mdg-0000000007/2026/09/20260907T160934Z-f7f0902b1194.json.gz,2
who.gho.mdg-0000000007,MDG_0000000007:FIN:SEX_MLE:AGEGROUP_YEARSUNDER5:WEALTHQUINTILE_TOTL,1970-01-01,2026-09-07T16:09:34Z,low,17.663261653,,who.gho.mdg-0000000007,raw/who.gho.mdg-0000000007/2026/09/20260907T160934Z-f7f0902b1194.json.gz,2
who.gho.mdg-0000000007,MDG_0000000007:FIN:SEX_MLE:AGEGROUP_YEARSUNDER5:WEALTHQUINTILE_TOTL,1970-01-01,2026-09-07T16:09:34Z,restated_at,2026-08-05,,who.gho.mdg-0000000007,raw/who.gho.mdg-0000000007/2026/09/20260907T160934Z-f7f0902b1194.json.gz,2
who.gho.mdg-0000000007,MDG_0000000007:FIN:SEX_MLE:AGEGROUP_YEARSUNDER5:WEALTHQUINTILE_TOTL,1970-01-01,2026-09-07T16:09:34Z,value,18.149105663,,who.gho.mdg-0000000007,raw/who.gho.mdg-0000000007/2026/09/20260907T160934Z-f7f0902b1194.json.gz,2
who.gho.mdg-0000000007,MDG_0000000007:FJI:SEX_BTSX:AGEGROUP_YEARSUNDER5:WEALTHQUINTILE_TOTL,1970-01-01,2026-09-07T16:11:06Z,high,63.809258525,,who.gho.mdg-0000000007,raw/who.gho.mdg-0000000007/2026/09/20260907T161106Z-078c7101acce.json.gz,2
who.gho.mdg-0000000007,MDG_0000000007:FJI:SEX_BTSX:AGEGROUP_YEARSUNDER5:WEALTHQUINTILE_TOTL,1970-01-01,2026-09-07T16:11:06Z,low,50.277555757,,who.gho.mdg-0000000007,raw/who.gho.mdg-0000000007/2026/09/20260907T161106Z-078c7101acce.json.gz,2
who.gho.mdg-0000000007,MDG_0000000007:FJI:SEX_BTSX:AGEGROUP_YEARSUNDER5:WEALTHQUINTILE_TOTL,1970-01-01,2026-09-07T16:11:06Z,restated_at,2026-08-05,,who.gho.mdg-0000000007,raw/who.gho.mdg-0000000007/2026/09/20260907T161106Z-078c7101acce.json.gz,2
who.gho.mdg-0000000007,MDG_0000000007:FJI:SEX_BTSX:AGEGROUP_YEARSUNDER5:WEALTHQUINTILE_TOTL,1970-01-01,2026-09-07T16:11:06Z,value,56.618166813,,who.gho.mdg-0000000007,raw/who.gho.mdg-0000000007/2026/09/20260907T161106Z-078c7101acce.json.gz,2
who.gho.mdg-0000000007,MDG_0000000007:FJI:SEX_FMLE:AGEGROUP_YEARSUNDER5:WEALTHQUINTILE_TOTL,1970-01-01,2026-09-07T16:09:59Z,high,59.71444951,,who.gho.mdg-0000000007,raw/who.gho.mdg-0000000007/2026/09/20260907T160959Z-e41937f31aea.json.gz,2
who.gho.mdg-0000000007,MDG_0000000007:FJI:SEX_FMLE:AGEGROUP_YEARSUNDER5:WEALTHQUINTILE_TOTL,1970-01-01,2026-09-07T16:09:59Z,low,46.547501931,,who.gho.mdg-0000000007,raw/who.gho.mdg-0000000007/2026/09/20260907T160959Z-e41937f31aea.json.gz,2
who.gho.mdg-0000000007,MDG_0000000007:FJI:SEX_FMLE:AGEGROUP_YEARSUNDER5:WEALTHQUINTILE_TOTL,1970-01-01,2026-09-07T16:09:59Z,restated_at,2026-08-05,,who.gho.mdg-0000000007,raw/who.gho.mdg-0000000007/2026/09/20260907T160959Z-e41937f31aea.json.gz,2
who.gho.mdg-0000000007,MDG_0000000007:FJI:SEX_FMLE:AGEGROUP_YEARSUNDER5:WEALTHQUINTILE_TOTL,1970-01-01,2026-09-07T16:09:59Z,value,52.767728028,,who.gho.mdg-0000000007,raw/who.gho.mdg-0000000007/2026/09/20260907T160959Z-e41937f31aea.json.gz,2
who.gho.mdg-0000000007,MDG_0000000007:FJI:SEX_MLE:AGEGROUP_YEARSUNDER5:WEALTHQUINTILE_TOTL,1970-01-01,2026-09-07T16:11:01Z,high,68.234233663,,who.gho.mdg-0000000007,raw/who.gho.mdg-0000000007/2026/09/20260907T161101Z-fc76d9a7e10d.json.gz,2
who.gho.mdg-0000000007,MDG_0000000007:FJI:SEX_MLE:AGEGROUP_YEARSUNDER5:WEALTHQUINTILE_TOTL,1970-01-01,2026-09-07T16:11:01Z,low,53.491048149,,who.gho.mdg-0000000007,raw/who.gho.mdg-0000000007/2026/09/20260907T161101Z-fc76d9a7e10d.json.gz,2
who.gho.mdg-0000000007,MDG_0000000007:FJI:SEX_MLE:AGEGROUP_YEARSUNDER5:WEALTHQUINTILE_TOTL,1970-01-01,2026-09-07T16:11:01Z,restated_at,2026-08-05,,who.gho.mdg-0000000007,raw/who.gho.mdg-0000000007/2026/09/20260907T161101Z-fc76d9a7e10d.json.gz,2
who.gho.mdg-0000000007,MDG_0000000007:FJI:SEX_MLE:AGEGROUP_YEARSUNDER5:WEALTHQUINTILE_TOTL,1970-01-01,2026-09-07T16:11:01Z,value,60.346435962,,who.gho.mdg-0000000007,raw/who.gho.mdg-0000000007/2026/09/20260907T161101Z-fc76d9a7e10d.json.gz,2
who.gho.mdg-0000000007,MDG_0000000007:FRA:SEX_BTSX:AGEGROUP_YEARSUNDER5:WEALTHQUINTILE_TOTL,1970-01-01,2026-09-07T16:11:26Z,high,18.576474127,,who.gho.mdg-0000000007,raw/who.gho.mdg-0000000007/2026/09/20260907T161126Z-f3f9061ab4f7.json.gz,2
who.gho.mdg-0000000007,MDG_0000000007:FRA:SEX_BTSX:AGEGROUP_YEARSUNDER5:WEALTHQUINTILE_TOTL,1970-01-01,2026-09-07T16:11:26Z,low,17.886752038,,who.gho.mdg-0000000007,raw/who.gho.mdg-0000000007/2026/09/20260907T161126Z-f3f9061ab4f7.json.gz,2
who.gho.mdg-0000000007,MDG_0000000007:FRA:SEX_BTSX:AGEGROUP_YEARSUNDER5:WEALTHQUINTILE_TOTL,1970-01-01,2026-09-07T16:11:26Z,restated_at,2026-08-05,,who.gho.mdg-0000000007,raw/who.gho.mdg-0000000007/2026/09/20260907T161126Z-f3f9061ab4f7.json.gz,2
who.gho.mdg-0000000007,MDG_0000000007:FRA:SEX_BTSX:AGEGROUP_YEARSUNDER5:WEALTHQUINTILE_TOTL,1970-01-01,2026-09-07T16:11:26Z,value,18.225520686,,who.gho.mdg-0000000007,raw/who.gho.mdg-0000000007/2026/09/20260907T161126Z-f3f9061ab4f7.json.gz,2
who.gho.mdg-0000000007,MDG_0000000007:FRA:SEX_FMLE:AGEGROUP_YEARSUNDER5:WEALTHQUINTILE_TOTL,1970-01-01,2026-09-07T16:10:45Z,high,16.223944222,,who.gho.mdg-0000000007,raw/who.gho.mdg-0000000007/2026/09/20260907T161045Z-53a7d24c459b.json.gz,2
who.gho.mdg-0000000007,MDG_0000000007:FRA:SEX_FMLE:AGEGROUP_YEARSUNDER5:WEALTHQUINTILE_TOTL,1970-01-01,2026-09-07T16:10:45Z,low,15.55677393,,who.gho.mdg-0000000007,raw/who.gho.mdg-0000000007/2026/09/20260907T161045Z-53a7d24c459b.json.gz,2
who.gho.mdg-0000000007,MDG_0000000007:FRA:SEX_FMLE:AGEGROUP_YEARSUNDER5:WEALTHQUINTILE_TOTL,1970-01-01,2026-09-07T16:10:45Z,restated_at,2026-08-05,,who.gho.mdg-0000000007,raw/who.gho.mdg-0000000007/2026/09/20260907T161045Z-53a7d24c459b.json.gz,2
who.gho.mdg-0000000007,MDG_0000000007:FRA:SEX_FMLE:AGEGROUP_YEARSUNDER5:WEALTHQUINTILE_TOTL,1970-01-01,2026-09-07T16:10:45Z,value,15.887047808,,who.gho.mdg-0000000007,raw/who.gho.mdg-0000000007/2026/09/20260907T161045Z-53a7d24c459b.json.gz,2
who.gho.mdg-0000000007,MDG_0000000007:FRA:SEX_MLE:AGEGROUP_YEARSUNDER5:WEALTHQUINTILE_TOTL,1970-01-01,2026-09-07T16:05:06Z,high,20.869146634,,who.gho.mdg-0000000007,raw/who.gho.mdg-0000000007/2026/09/20260907T160506Z-a219a21e2a4a.json.gz,2
who.gho.mdg-0000000007,MDG_0000000007:FRA:SEX_MLE:AGEGROUP_YEARSUNDER5:WEALTHQUINTILE_TOTL,1970-01-01,2026-09-07T16:05:06Z,low,20.054215471,,who.gho.mdg-0000000007,raw/who.gho.mdg-0000000007/2026/09/20260907T160506Z-a219a21e2a4a.json.gz,2
who.gho.mdg-0000000007,MDG_0000000007:FRA:SEX_MLE:AGEGROUP_YEARSUNDER5:WEALTHQUINTILE_TOTL,1970-01-01,2026-09-07T16:05:06Z,restated_at,2026-08-05,,who.gho.mdg-0000000007,raw/who.gho.mdg-0000000007/2026/09/20260907T160506Z-a219a21e2a4a.json.gz,2
who.gho.mdg-0000000007,MDG_0000000007:FRA:SEX_MLE:AGEGROUP_YEARSUNDER5:WEALTHQUINTILE_TOTL,1970-01-01,2026-09-07T16:05:06Z,value,20.45495324,,who.gho.mdg-0000000007,raw/who.gho.mdg-0000000007/2026/09/20260907T160506Z-a219a21e2a4a.json.gz,2
who.gho.mdg-0000000007,MDG_0000000007:FSM:SEX_BTSX:AGEGROUP_YEARSUNDER5:WEALTHQUINTILE_TOTL,1970-01-01,2026-09-07T16:10:53Z,high,100.84084419,,who.gho.mdg-0000000007,raw/who.gho.mdg-0000000007/2026/09/20260907T161053Z-9a5808e2a757.json.gz,2
who.gho.mdg-0000000007,MDG_0000000007:FSM:SEX_BTSX:AGEGROUP_YEARSUNDER5:WEALTHQUINTILE_TOTL,1970-01-01,2026-09-07T16:10:53Z,low,66.808970397,,who.gho.mdg-0000000007,raw/who.gho.mdg-0000000007/2026/09/20260907T161053Z-9a5808e2a757.json.gz,2
who.gho.mdg-0000000007,MDG_0000000007:FSM:SEX_BTSX:AGEGROUP_YEARSUNDER5:WEALTHQUINTILE_TOTL,1970-01-01,2026-09-07T16:10:53Z,restated_at,2026-08-05,,who.gho.mdg-0000000007,raw/who.gho.mdg-0000000007/2026/09/20260907T161053Z-9a5808e2a757.json.gz,2
who.gho.mdg-0000000007,MDG_0000000007:FSM:SEX_BTSX:AGEGROUP_YEARSUNDER5:WEALTHQUINTILE_TOTL,1970-01-01,2026-09-07T16:10:53Z,value,82.604794877,,who.gho.mdg-0000000007,raw/who.gho.mdg-0000000007/2026/09/20260907T161053Z-9a5808e2a757.json.gz,2
who.gho.mdg-0000000007,MDG_0000000007:FSM:SEX_FMLE:AGEGROUP_YEARSUNDER5:WEALTHQUINTILE_TOTL,1970-01-01,2026-09-07T16:06:34Z,high,92.02531547,,who.gho.mdg-0000000007,raw/who.gho.mdg-0000000007/2026/09/20260907T160634Z-2774fa4e213c.json.gz,2
who.gho.mdg-0000000007,MDG_0000000007:FSM:SEX_FMLE:AGEGROUP_YEARSUNDER5:WEALTHQUINTILE_TOTL,1970-01-01,2026-09-07T16:06:34Z,low,60.122871309,,who.gho.mdg-0000000007,raw/who.gho.mdg-0000000007/2026/09/20260907T160634Z-2774fa4e213c.json.gz,2
who.gho.mdg-0000000007,MDG_0000000007:FSM:SEX_FMLE:AGEGROUP_YEARSUNDER5:WEALTHQUINTILE_TOTL,1970-01-01,2026-09-07T16:06:34Z,restated_at,2026-08-05,,who.gho.mdg-0000000007,raw/who.gho.mdg-0000000007/2026/09/20260907T160634Z-2774fa4e213c.json.gz,2
who.gho.mdg-0000000007,MDG_0000000007:FSM:SEX_FMLE:AGEGROUP_YEARSUNDER5:WEALTHQUINTILE_TOTL,1970-01-01,2026-09-07T16:06:34Z,value,74.771938897,,who.gho.mdg-0000000007,raw/who.gho.mdg-0000000007/2026/09/20260907T160634Z-2774fa4e213c.json.gz,2
who.gho.mdg-0000000007,MDG_0000000007:FSM:SEX_MLE:AGEGROUP_YEARSUNDER5:WEALTHQUINTILE_TOTL,1970-01-01,2026-09-07T16:05:52Z,high,110.399432479,,who.gho.mdg-0000000007,raw/who.gho.mdg-0000000007/2026/09/20260907T160552Z-f44dce2e8a23.json.gz,2
who.gho.mdg-0000000007,MDG_0000000007:FSM:SEX_MLE:AGEGROUP_YEARSUNDER5:WEALTHQUINTILE_TOTL,1970-01-01,2026-09-07T16:05:52Z,low,72.560715664,,who.gho.mdg-0000000007,raw/who.gho.mdg-0000000007/2026/09/20260907T160552Z-f44dce2e8a23.json.gz,2
who.gho.mdg-0000000007,MDG_0000000007:FSM:SEX_MLE:AGEGROUP_YEARSUNDER5:WEALTHQUINTILE_TOTL,1970-01-01,2026-09-07T16:05:52Z,restated_at,2026-08-05,,who.gho.mdg-0000000007,raw/who.gho.mdg-0000000007/2026/09/20260907T160552Z-f44dce2e8a23.json.gz,2
who.gho.mdg-0000000007,MDG_0000000007:FSM:SEX_MLE:AGEGROUP_YEARSUNDER5:WEALTHQUINTILE_TOTL,1970-01-01,2026-09-07T16:05:52Z,value,89.858259193,,who.gho.mdg-0000000007,raw/who.gho.mdg-0000000007/2026/09/20260907T160552Z-f44dce2e8a23.json.gz,2
who.gho.mdg-0000000007,MDG_0000000007:GAB:SEX_BTSX:AGEGROUP_YEARSUNDER5:WEALTHQUINTILE_TOTL,1970-01-01,2026-09-07T16:05:31Z,high,201.161961245,,who.gho.mdg-0000000007,raw/who.gho.mdg-0000000007/2026/09/20260907T160531Z-a90a9bba0858.json.gz,2
who.gho.mdg-0000000007,MDG_0000000007:GAB:SEX_BTSX:AGEGROUP_YEARSUNDER5:WEALTHQUINTILE_TOTL,1970-01-01,2026-09-07T16:05:31Z,low,127.837106863,,who.gho.mdg-0000000007,raw/who.gho.mdg-0000000007/2026/09/20260907T160531Z-a90a9bba0858.json.gz,2
who.gho.mdg-0000000007,MDG_0000000007:GAB:SEX_BTSX:AGEGROUP_YEARSUNDER5:WEALTHQUINTILE_TOTL,1970-01-01,2026-09-07T16:05:31Z,restated_at,2026-08-05,,who.gho.mdg-0000000007,raw/who.gho.mdg-0000000007/2026/09/20260907T160531Z-a90a9bba0858.json.gz,2
who.gho.mdg-0000000007,MDG_0000000007:GAB:SEX_BTSX:AGEGROUP_YEARSUNDER5:WEALTHQUINTILE_TOTL,1970-01-01,2026-09-07T16:05:31Z,value,156.901803523,,who.gho.mdg-0000000007,raw/who.gho.mdg-0000000007/2026/09/20260907T160531Z-a90a9bba0858.json.gz,2
who.gho.mdg-0000000007,MDG_0000000007:GAB:SEX_FMLE:AGEGROUP_YEARSUNDER5:WEALTHQUINTILE_TOTL,1970-01-01,2026-09-07T16:09:13Z,high,189.703506565,,who.gho.mdg-0000000007,raw/who.gho.mdg-0000000007/2026/09/20260907T160913Z-86e8fac132bd.json.gz,2
who.gho.mdg-0000000007,MDG_0000000007:GAB:SEX_FMLE:AGEGROUP_YEARSUNDER5:WEALTHQUINTILE_TOTL,1970-01-01,2026-09-07T16:09:13Z,low,120.434358256,,who.gho.mdg-0000000007,raw/who.gho.mdg-0000000007/2026/09/20260907T160913Z-86e8fac132bd.json.gz,2
who.gho.mdg-0000000007,MDG_0000000007:GAB:SEX_FMLE:AGEGROUP_YEARSUNDER5:WEALTHQUINTILE_TOTL,1970-01-01,2026-09-07T16:09:13Z,restated_at,2026-08-05,,who.gho.mdg-0000000007,raw/who.gho.mdg-0000000007/2026/09/20260907T160913Z-86e8fac132bd.json.gz,2
who.gho.mdg-0000000007,MDG_0000000007:GAB:SEX_FMLE:AGEGROUP_YEARSUNDER5:WEALTHQUINTILE_TOTL,1970-01-01,2026-09-07T16:09:13Z,value,148.06151497,,who.gho.mdg-0000000007,raw/who.gho.mdg-0000000007/2026/09/20260907T160913Z-86e8fac132bd.json.gz,2
who.gho.mdg-0000000007,MDG_0000000007:GAB:SEX_MLE:AGEGROUP_YEARSUNDER5:WEALTHQUINTILE_TOTL,1970-01-01,2026-09-07T16:05:14Z,high,211.939532884,,who.gho.mdg-0000000007,raw/who.gho.mdg-0000000007/2026/09/20260907T160514Z-6205b585146a.json.gz,2
who.gho.mdg-0000000007,MDG_0000000007:GAB:SEX_MLE:AGEGROUP_YEARSUNDER5:WEALTHQUINTILE_TOTL,1970-01-01,2026-09-07T16:05:14Z,low,134.376634823,,who.gho.mdg-0000000007,raw/who.gho.mdg-0000000007/2026/09/20260907T160514Z-6205b585146a.json.gz,2
who.gho.mdg-0000000007,MDG_0000000007:GAB:SEX_MLE:AGEGROUP_YEARSUNDER5:WEALTHQUINTILE_TOTL,1970-01-01,2026-09-07T16:05:14Z,restated_at,2026-08-05,,who.gho.mdg-0000000007,raw/who.gho.mdg-0000000007/2026/09/20260907T160514Z-6205b585146a.json.gz,2
who.gho.mdg-0000000007,MDG_0000000007:GAB:SEX_MLE:AGEGROUP_YEARSUNDER5:WEALTHQUINTILE_TOTL,1970-01-01,2026-09-07T16:05:14Z,value,165.220239385,,who.gho.mdg-0000000007,raw/who.gho.mdg-0000000007/2026/09/20260907T160514Z-6205b585146a.json.gz,2
who.gho.mdg-0000000007,MDG_0000000007:GBR:SEX_BTSX:AGEGROUP_YEARSUNDER5:WEALTHQUINTILE_TOTL,1970-01-01,2026-09-07T16:09:22Z,high,21.434635804,,who.gho.mdg-0000000007,raw/who.gho.mdg-0000000007/2026/09/20260907T160922Z-b03be7779b07.json.gz,2
who.gho.mdg-0000000007,MDG_0000000007:GBR:SEX_BTSX:AGEGROUP_YEARSUNDER5:WEALTHQUINTILE_TOTL,1970-01-01,2026-09-07T16:09:22Z,low,20.634462999,,who.gho.mdg-0000000007,raw/who.gho.mdg-0000000007/2026/09/20260907T160922Z-b03be7779b07.json.gz,2
who.gho.mdg-0000000007,MDG_0000000007:GBR:SEX_BTSX:AGEGROUP_YEARSUNDER5:WEALTHQUINTILE_TOTL,1970-01-01,2026-09-07T16:09:22Z,restated_at,2026-08-05,,who.gho.mdg-0000000007,raw/who.gho.mdg-0000000007/2026/09/20260907T160922Z-b03be7779b07.json.gz,2
who.gho.mdg-0000000007,MDG_0000000007:GBR:SEX_BTSX:AGEGROUP_YEARSUNDER5:WEALTHQUINTILE_TOTL,1970-01-01,2026-09-07T16:09:22Z,value,21.027667261,,who.gho.mdg-0000000007,raw/who.gho.mdg-0000000007/2026/09/20260907T160922Z-b03be7779b07.json.gz,2
who.gho.mdg-0000000007,MDG_0000000007:GBR:SEX_FMLE:AGEGROUP_YEARSUNDER5:WEALTHQUINTILE_TOTL,1970-01-01,2026-09-07T16:05:26Z,high,18.707707476,,who.gho.mdg-0000000007,raw/who.gho.mdg-0000000007/2026/09/20260907T160526Z-1363df2b3da0.json.gz,2
who.gho.mdg-0000000007,MDG_0000000007:GBR:SEX_FMLE:AGEGROUP_YEARSUNDER5:WEALTHQUINTILE_TOTL,1970-01-01,2026-09-07T16:05:26Z,low,17.93908768,,who.gho.mdg-0000000007,raw/who.gho.mdg-0000000007/2026/09/20260907T160526Z-1363df2b3da0.json.gz,2
who.gho.mdg-0000000007,MDG_0000000007:GBR:SEX_FMLE:AGEGROUP_YEARSUNDER5:WEALTHQUINTILE_TOTL,1970-01-01,2026-09-07T16:05:26Z,restated_at,2026-08-05,,who.gho.mdg-0000000007,raw/who.gho.mdg-0000000007/2026/09/20260907T160526Z-1363df2b3da0.json.gz,2
who.gho.mdg-0000000007,MDG_0000000007:GBR:SEX_FMLE:AGEGROUP_YEARSUNDER5:WEALTHQUINTILE_TOTL,1970-01-01,2026-09-07T16:05:26Z,value,18.317346283,,who.gho.mdg-0000000007,raw/who.gho.mdg-0000000007/2026/09/20260907T160526Z-1363df2b3da0.json.gz,2
who.gho.mdg-0000000007,MDG_0000000007:GBR:SEX_MLE:AGEGROUP_YEARSUNDER5:WEALTHQUINTILE_TOTL,1970-01-01,2026-09-07T16:10:49Z,high,24.083249777,,who.gho.mdg-0000000007,raw/who.gho.mdg-0000000007/2026/09/20260907T161049Z-6866f52a9543.json.gz,2
who.gho.mdg-0000000007,MDG_0000000007:GBR:SEX_MLE:AGEGROUP_YEARSUNDER5:WEALTHQUINTILE_TOTL,1970-01-01,2026-09-07T16:10:49Z,low,23.132815219,,who.gho.mdg-0000000007,raw/who.gho.mdg-0000000007/2026/09/20260907T161049Z-6866f52a9543.json.gz,2
who.gho.mdg-0000000007,MDG_0000000007:GBR:SEX_MLE:AGEGROUP_YEARSUNDER5:WEALTHQUINTILE_TOTL,1970-01-01,2026-09-07T16:10:49Z,restated_at,2026-08-05,,who.gho.mdg-0000000007,raw/who.gho.mdg-0000000007/2026/09/20260907T161049Z-6866f52a9543.json.gz,2
who.gho.mdg-0000000007,MDG_0000000007:GBR:SEX_MLE:AGEGROUP_YEARSUNDER5:WEALTHQUINTILE_TOTL,1970-01-01,2026-09-07T16:10:49Z,value,23.608520085,,who.gho.mdg-0000000007,raw/who.gho.mdg-0000000007/2026/09/20260907T161049Z-6866f52a9543.json.gz,2
who.gho.mdg-0000000007,MDG_0000000007:GHA:SEX_BTSX:AGEGROUP_YEARSUNDER5:WEALTHQUINTILE_TOTL,1970-01-01,2026-09-07T16:05:26Z,high,210.24712022,,who.gho.mdg-0000000007,raw/who.gho.mdg-0000000007/2026/09/20260907T160526Z-1363df2b3da0.json.gz,2
who.gho.mdg-0000000007,MDG_0000000007:GHA:SEX_BTSX:AGEGROUP_YEARSUNDER5:WEALTHQUINTILE_TOTL,1970-01-01,2026-09-07T16:05:26Z,low,195.33378163,,who.gho.mdg-0000000007,raw/who.gho.mdg-0000000007/2026/09/20260907T160526Z-1363df2b3da0.json.gz,2
who.gho.mdg-0000000007,MDG_0000000007:GHA:SEX_BTSX:AGEGROUP_YEARSUNDER5:WEALTHQUINTILE_TOTL,1970-01-01,2026-09-07T16:05:26Z,restated_at,2026-08-05,,who.gho.mdg-0000000007,raw/who.gho.mdg-0000000007/2026/09/20260907T160526Z-1363df2b3da0.json.gz,2
who.gho.mdg-0000000007,MDG_0000000007:GHA:SEX_BTSX:AGEGROUP_YEARSUNDER5:WEALTHQUINTILE_TOTL,1970-01-01,2026-09-07T16:05:26Z,value,202.789671757,,who.gho.mdg-0000000007,raw/who.gho.mdg-0000000007/2026/09/20260907T160526Z-1363df2b3da0.json.gz,2
who.gho.mdg-0000000007,MDG_0000000007:GHA:SEX_FMLE:AGEGROUP_YEARSUNDER5:WEALTHQUINTILE_TOTL,1970-01-01,2026-09-07T16:08:59Z,high,201.99888141,,who.gho.mdg-0000000007,raw/who.gho.mdg-0000000007/2026/09/20260907T160859Z-81b3460c41a8.json.gz,2
who.gho.mdg-0000000007,MDG_0000000007:GHA:SEX_FMLE:AGEGROUP_YEARSUNDER5:WEALTHQUINTILE_TOTL,1970-01-01,2026-09-07T16:08:59Z,low,184.527549399,,who.gho.mdg-0000000007,raw/who.gho.mdg-0000000007/2026/09/20260907T160859Z-81b3460c41a8.json.gz,2
who.gho.mdg-0000000007,MDG_0000000007:GHA:SEX_FMLE:AGEGROUP_YEARSUNDER5:WEALTHQUINTILE_TOTL,1970-01-01,2026-09-07T16:08:59Z,restated_at,2026-08-05,,who.gho.mdg-0000000007,raw/who.gho.mdg-0000000007/2026/09/20260907T160859Z-81b3460c41a8.json.gz,2
who.gho.mdg-0000000007,MDG_0000000007:GHA:SEX_FMLE:AGEGROUP_YEARSUNDER5:WEALTHQUINTILE_TOTL,1970-01-01,2026-09-07T16:08:59Z,value,193.107661997,,who.gho.mdg-0000000007,raw/who.gho.mdg-0000000007/2026/09/20260907T160859Z-81b3460c41a8.json.gz,2
who.gho.mdg-0000000007,MDG_0000000007:GHA:SEX_MLE:AGEGROUP_YEARSUNDER5:WEALTHQUINTILE_TOTL,1970-01-01,2026-09-07T16:05:43Z,high,221.479383137,,who.gho.mdg-0000000007,raw/who.gho.mdg-0000000007/2026/09/20260907T160543Z-0bdfcfeb6714.json.gz,2
who.gho.mdg-0000000007,MDG_0000000007:GHA:SEX_MLE:AGEGROUP_YEARSUNDER5:WEALTHQUINTILE_TOTL,1970-01-01,2026-09-07T16:05:43Z,low,202.692700932,,who.gho.mdg-0000000007,raw/who.gho.mdg-0000000007/2026/09/20260907T160543Z-0bdfcfeb6714.json.gz,2
who.gho.mdg-0000000007,MDG_0000000007:GHA:SEX_MLE:AGEGROUP_YEARSUNDER5:WEALTHQUINTILE_TOTL,1970-01-01,2026-09-07T16:05:43Z,restated_at,2026-08-05,,who.gho.mdg-0000000007,raw/who.gho.mdg-0000000007/2026/09/20260907T160543Z-0bdfcfeb6714.json.gz,2
who.gho.mdg-0000000007,MDG_0000000007:GHA:SEX_MLE:AGEGROUP_YEARSUNDER5:WEALTHQUINTILE_TOTL,1970-01-01,2026-09-07T16:05:43Z,value,211.912072804,,who.gho.mdg-0000000007,raw/who.gho.mdg-0000000007/2026/09/20260907T160543Z-0bdfcfeb6714.json.gz,2
who.gho.mdg-0000000007,MDG_0000000007:GIN:SEX_BTSX:AGEGROUP_YEARSUNDER5:WEALTHQUINTILE_TOTL,1970-01-01,2026-09-07T16:10:53Z,high,364.332662994,,who.gho.mdg-0000000007,raw/who.gho.mdg-0000000007/2026/09/20260907T161053Z-9a5808e2a757.json.gz,2
who.gho.mdg-0000000007,MDG_0000000007:GIN:SEX_BTSX:AGEGROUP_YEARSUNDER5:WEALTHQUINTILE_TOTL,1970-01-01,2026-09-07T16:10:53Z,low,283.584611,,who.gho.mdg-0000000007,raw/who.gho.mdg-0000000007/2026/09/20260907T161053Z-9a5808e2a757.json.gz,2
who.gho.mdg-0000000007,MDG_0000000007:GIN:SEX_BTSX:AGEGROUP_YEARSUNDER5:WEALTHQUINTILE_TOTL,1970-01-01,2026-09-07T16:10:53Z,restated_at,2026-08-05,,who.gho.mdg-0000000007,raw/who.gho.mdg-0000000007/2026/09/20260907T161053Z-9a5808e2a757.json.gz,2
who.gho.mdg-0000000007,MDG_0000000007:GIN:SEX_BTSX:AGEGROUP_YEARSUNDER5:WEALTHQUINTILE_TOTL,1970-01-01,2026-09-07T16:10:53Z,value,320.965623735,,who.gho.mdg-0000000007,raw/who.gho.mdg-0000000007/2026/09/20260907T161053Z-9a5808e2a757.json.gz,2
who.gho.mdg-0000000007,MDG_0000000007:GIN:SEX_FMLE:AGEGROUP_YEARSUNDER5:WEALTHQUINTILE_TOTL,1970-01-01,2026-09-07T16:09:41Z,high,356.409484939,,who.gho.mdg-0000000007,raw/who.gho.mdg-0000000007/2026/09/20260907T160941Z-845bd0fc2e92.json.gz,2
who.gho.mdg-0000000007,MDG_0000000007:GIN:SEX_FMLE:AGEGROUP_YEARSUNDER5:WEALTHQUINTILE_TOTL,1970-01-01,2026-09-07T16:09:41Z,low,275.530044381,,who.gho.mdg-0000000007,raw/who.gho.mdg-0000000007/2026/09/20260907T160941Z-845bd0fc2e92.json.gz,2
who.gho.mdg-0000000007,MDG_0000000007:GIN:SEX_FMLE:AGEGROUP_YEARSUNDER5:WEALTHQUINTILE_TOTL,1970-01-01,2026-09-07T16:09:41Z,restated_at,2026-08-05,,who.gho.mdg-0000000007,raw/who.gho.mdg-0000000007/2026/09/20260907T160941Z-845bd0fc2e92.json.gz,2
who.gho.mdg-0000000007,MDG_0000000007:GIN:SEX_FMLE:AGEGROUP_YEARSUNDER5:WEALTHQUINTILE_TOTL,1970-01-01,2026-09-07T16:09:41Z,value,312.602234618,,who.gho.mdg-0000000007,raw/who.gho.mdg-0000000007/2026/09/20260907T160941Z-845bd0fc2e92.json.gz,2
who.gho.mdg-0000000007,MDG_0000000007:GIN:SEX_MLE:AGEGROUP_YEARSUNDER5:WEALTHQUINTILE_TOTL,1970-01-01,2026-09-07T16:10:45Z,high,373.671360493,,who.gho.mdg-0000000007,raw/who.gho.mdg-0000000007/2026/09/20260907T161045Z-53a7d24c459b.json.gz,2
who.gho.mdg-0000000007,MDG_0000000007:GIN:SEX_MLE:AGEGROUP_YEARSUNDER5:WEALTHQUINTILE_TOTL,1970-01-01,2026-09-07T16:10:45Z,low,289.537085704,,who.gho.mdg-0000000007,raw/who.gho.mdg-0000000007/2026/09/20260907T161045Z-53a7d24c459b.json.gz,2
who.gho.mdg-0000000007,MDG_0000000007:GIN:SEX_MLE:AGEGROUP_YEARSUNDER5:WEALTHQUINTILE_TOTL,1970-01-01,2026-09-07T16:10:45Z,restated_at,2026-08-05,,who.gho.mdg-0000000007,raw/who.gho.mdg-0000000007/2026/09/20260907T161045Z-53a7d24c459b.json.gz,2
who.gho.mdg-0000000007,MDG_0000000007:GIN:SEX_MLE:AGEGROUP_YEARSUNDER5:WEALTHQUINTILE_TOTL,1970-01-01,2026-09-07T16:10:45Z,value,328.52177543,,who.gho.mdg-0000000007,raw/who.gho.mdg-0000000007/2026/09/20260907T161045Z-53a7d24c459b.json.gz,2
who.gho.mdg-0000000007,MDG_0000000007:GMB:SEX_BTSX:AGEGROUP_YEARSUNDER5:WEALTHQUINTILE_TOTL,1970-01-01,2026-09-07T16:05:06Z,high,334.811326958,,who.gho.mdg-0000000007,raw/who.gho.mdg-0000000007/2026/09/20260907T160506Z-a219a21e2a4a.json.gz,2
who.gho.mdg-0000000007,MDG_0000000007:GMB:SEX_BTSX:AGEGROUP_YEARSUNDER5:WEALTHQUINTILE_TOTL,1970-01-01,2026-09-07T16:05:06Z,low,260.828128265,,who.gho.mdg-0000000007,raw/who.gho.mdg-0000000007/2026/09/20260907T160506Z-a219a21e2a4a.json.gz,2
who.gho.mdg-0000000007,MDG_0000000007:GMB:SEX_BTSX:AGEGROUP_YEARSUNDER5:WEALTHQUINTILE_TOTL,1970-01-01,2026-09-07T16:05:06Z,restated_at,2026-08-05,,who.gho.mdg-0000000007,raw/who.gho.mdg-0000000007/2026/09/20260907T160506Z-a219a21e2a4a.json.gz,2
who.gho.mdg-0000000007,MDG_0000000007:GMB:SEX_BTSX:AGEGROUP_YEARSUNDER5:WEALTHQUINTILE_TOTL,1970-01-01,2026-09-07T16:05:06Z,value,295.567301129,,who.gho.mdg-0000000007,raw/who.gho.mdg-0000000007/2026/09/20260907T160506Z-a219a21e2a4a.json.gz,2
who.gho.mdg-0000000007,MDG_0000000007:GMB:SEX_FMLE:AGEGROUP_YEARSUNDER5:WEALTHQUINTILE_TOTL,1970-01-01,2026-09-07T16:10:17Z,high,322.806447839,,who.gho.mdg-0000000007,raw/who.gho.mdg-0000000007/2026/09/20260907T161017Z-ca4dbf4e12d6.json.gz,2
who.gho.mdg-0000000007,MDG_0000000007:GMB:SEX_FMLE:AGEGROUP_YEARSUNDER5:WEALTHQUINTILE_TOTL,1970-01-01,2026-09-07T16:10:17Z,low,249.252381081,,who.gho.mdg-0000000007,raw/who.gho.mdg-0000000007/2026/09/20260907T161017Z-ca4dbf4e12d6.json.gz,2
who.gho.mdg-0000000007,MDG_0000000007:GMB:SEX_FMLE:AGEGROUP_YEARSUNDER5:WEALTHQUINTILE_TOTL,1970-01-01,2026-09-07T16:10:17Z,restated_at,2026-08-05,,who.gho.mdg-0000000007,raw/who.gho.mdg-0000000007/2026/09/20260907T161017Z-ca4dbf4e12d6.json.gz,2
who.gho.mdg-0000000007,MDG_0000000007:GMB:SEX_FMLE:AGEGROUP_YEARSUNDER5:WEALTHQUINTILE_TOTL,1970-01-01,2026-09-07T16:10:17Z,value,283.886471114,,who.gho.mdg-0000000007,raw/who.gho.mdg-0000000007/2026/09/20260907T161017Z-ca4dbf4e12d6.json.gz,2
who.gho.mdg-0000000007,MDG_0000000007:GMB:SEX_MLE:AGEGROUP_YEARSUNDER5:WEALTHQUINTILE_TOTL,1970-01-01,2026-09-07T16:11:26Z,high,348.662185313,,who.gho.mdg-0000000007,raw/who.gho.mdg-0000000007/2026/09/20260907T161126Z-f3f9061ab4f7.json.gz,2
who.gho.mdg-0000000007,MDG_0000000007:GMB:SEX_MLE:AGEGROUP_YEARSUNDER5:WEALTHQUINTILE_TOTL,1970-01-01,2026-09-07T16:11:26Z,low,269.297538492,,who.gho.mdg-0000000007,raw/who.gho.mdg-0000000007/2026/09/20260907T161126Z-f3f9061ab4f7.json.gz,2
who.gho.mdg-0000000007,MDG_0000000007:GMB:SEX_MLE:AGEGROUP_YEARSUNDER5:WEALTHQUINTILE_TOTL,1970-01-01,2026-09-07T16:11:26Z,restated_at,2026-08-05,,who.gho.mdg-0000000007,raw/who.gho.mdg-0000000007/2026/09/20260907T161126Z-f3f9061ab4f7.json.gz,2
who.gho.mdg-0000000007,MDG_0000000007:GMB:SEX_MLE:AGEGROUP_YEARSUNDER5:WEALTHQUINTILE_TOTL,1970-01-01,2026-09-07T16:11:26Z,value,306.673787763,,who.gho.mdg-0000000007,raw/who.gho.mdg-0000000007/2026/09/20260907T161126Z-f3f9061ab4f7.json.gz,2
who.gho.mdg-0000000007,MDG_0000000007:GRC:SEX_BTSX:AGEGROUP_YEARSUNDER5:WEALTHQUINTILE_TOTL,1970-01-01,2026-09-07T16:08:41Z,high,32.012192604,,who.gho.mdg-0000000007,raw/who.gho.mdg-0000000007/2026/09/20260907T160841Z-d67f78e4b8d9.json.gz,2
who.gho.mdg-0000000007,MDG_0000000007:GRC:SEX_BTSX:AGEGROUP_YEARSUNDER5:WEALTHQUINTILE_TOTL,1970-01-01,2026-09-07T16:08:41Z,low,30.725013962,,who.gho.mdg-0000000007,raw/who.gho.mdg-0000000007/2026/09/20260907T160841Z-d67f78e4b8d9.json.gz,2
who.gho.mdg-0000000007,MDG_0000000007:GRC:SEX_BTSX:AGEGROUP_YEARSUNDER5:WEALTHQUINTILE_TOTL,1970-01-01,2026-09-07T16:08:41Z,restated_at,2026-08-05,,who.gho.mdg-0000000007,raw/who.gho.mdg-0000000007/2026/09/20260907T160841Z-d67f78e4b8d9.json.gz,2
who.gho.mdg-0000000007,MDG_0000000007:GRC:SEX_BTSX:AGEGROUP_YEARSUNDER5:WEALTHQUINTILE_TOTL,1970-01-01,2026-09-07T16:08:41Z,value,31.365281569,,who.gho.mdg-0000000007,raw/who.gho.mdg-0000000007/2026/09/20260907T160841Z-d67f78e4b8d9.json.gz,2
who.gho.mdg-0000000007,MDG_0000000007:GRC:SEX_FMLE:AGEGROUP_YEARSUNDER5:WEALTHQUINTILE_TOTL,1970-01-01,2026-09-07T16:09:26Z,high,29.425425417,,who.gho.mdg-0000000007,raw/who.gho.mdg-0000000007/2026/09/20260907T160926Z-3ee37906b339.json.gz,2
who.gho.mdg-0000000007,MDG_0000000007:GRC:SEX_FMLE:AGEGROUP_YEARSUNDER5:WEALTHQUINTILE_TOTL,1970-01-01,2026-09-07T16:09:26Z,low,28.061432492,,who.gho.mdg-0000000007,raw/who.gho.mdg-0000000007/2026/09/20260907T160926Z-3ee37906b339.json.gz,2
who.gho.mdg-0000000007,MDG_0000000007:GRC:SEX_FMLE:AGEGROUP_YEARSUNDER5:WEALTHQUINTILE_TOTL,1970-01-01,2026-09-07T16:09:26Z,restated_at,2026-08-05,,who.gho.mdg-0000000007,raw/who.gho.mdg-0000000007/2026/09/20260907T160926Z-3ee37906b339.json.gz,2
who.gho.mdg-0000000007,MDG_0000000007:GRC:SEX_FMLE:AGEGROUP_YEARSUNDER5:WEALTHQUINTILE_TOTL,1970-01-01,2026-09-07T16:09:26Z,value,28.733288761,,who.gho.mdg-0000000007,raw/who.gho.mdg-0000000007/2026/09/20260907T160926Z-3ee37906b339.json.gz,2
who.gho.mdg-0000000007,MDG_0000000007:GRC:SEX_MLE:AGEGROUP_YEARSUNDER5:WEALTHQUINTILE_TOTL,1970-01-01,2026-09-07T16:05:01Z,high,34.650729157,,who.gho.mdg-0000000007,raw/who.gho.mdg-0000000007/2026/09/20260907T160501Z-2d19e1a5feef.json.gz,2
who.gho.mdg-0000000007,MDG_0000000007:GRC:SEX_MLE:AGEGROUP_YEARSUNDER5:WEALTHQUINTILE_TOTL,1970-01-01,2026-09-07T16:05:01Z,low,33.099297314,,who.gho.mdg-0000000007,raw/who.gho.mdg-0000000007/2026/09/20260907T160501Z-2d19e1a5feef.json.gz,2
who.gho.mdg-0000000007,MDG_0000000007:GRC:SEX_MLE:AGEGROUP_YEARSUNDER5:WEALTHQUINTILE_TOTL,1970-01-01,2026-09-07T16:05:01Z,restated_at,2026-08-05,,who.gho.mdg-0000000007,raw/who.gho.mdg-0000000007/2026/09/20260907T160501Z-2d19e1a5feef.json.gz,2
who.gho.mdg-0000000007,MDG_0000000007:GRC:SEX_MLE:AGEGROUP_YEARSUNDER5:WEALTHQUINTILE_TOTL,1970-01-01,2026-09-07T16:05:01Z,value,33.874685999,,who.gho.mdg-0000000007,raw/who.gho.mdg-0000000007/2026/09/20260907T160501Z-2d19e1a5feef.json.gz,2
who.gho.mdg-0000000007,MDG_0000000007:GRD:SEX_BTSX:AGEGROUP_YEARSUNDER5:WEALTHQUINTILE_TOTL,1970-01-01,2026-09-07T16:05:06Z,high,53.422746883,,who.gho.mdg-0000000007,raw/who.gho.mdg-0000000007/2026/09/20260907T160506Z-a219a21e2a4a.json.gz,2
who.gho.mdg-0000000007,MDG_0000000007:GRD:SEX_BTSX:AGEGROUP_YEARSUNDER5:WEALTHQUINTILE_TOTL,1970-01-01,2026-09-07T16:05:06Z,low,44.397708694,,who.gho.mdg-0000000007,raw/who.gho.mdg-0000000007/2026/09/20260907T160506Z-a219a21e2a4a.json.gz,2
who.gho.mdg-0000000007,MDG_0000000007:GRD:SEX_BTSX:AGEGROUP_YEARSUNDER5:WEALTHQUINTILE_TOTL,1970-01-01,2026-09-07T16:05:06Z,restated_at,2026-08-05,,who.gho.mdg-0000000007,raw/who.gho.mdg-0000000007/2026/09/20260907T160506Z-a219a21e2a4a.json.gz,2
who.gho.mdg-0000000007,MDG_0000000007:GRD:SEX_BTSX:AGEGROUP_YEARSUNDER5:WEALTHQUINTILE_TOTL,1970-01-01,2026-09-07T16:05:06Z,value,48.722436166,,who.gho.mdg-0000000007,raw/who.gho.mdg-0000000007/2026/09/20260907T160506Z-a219a21e2a4a.json.gz,2
who.gho.mdg-0000000007,MDG_0000000007:GRD:SEX_FMLE:AGEGROUP_YEARSUNDER5:WEALTHQUINTILE_TOTL,1970-01-01,2026-09-07T16:09:22Z,high,50.292766996,,who.gho.mdg-0000000007,raw/who.gho.mdg-0000000007/2026/09/20260907T160922Z-b03be7779b07.json.gz,2
who.gho.mdg-0000000007,MDG_0000000007:GRD:SEX_FMLE:AGEGROUP_YEARSUNDER5:WEALTHQUINTILE_TOTL,1970-01-01,2026-09-07T16:09:22Z,low,41.478475864,,who.gho.mdg-0000000007,raw/who.gho.mdg-0000000007/2026/09/20260907T160922Z-b03be7779b07.json.gz,2
who.gho.mdg-0000000007,MDG_0000000007:GRD:SEX_FMLE:AGEGROUP_YEARSUNDER5:WEALTHQUINTILE_TOTL,1970-01-01,2026-09-07T16:09:22Z,restated_at,2026-08-05,,who.gho.mdg-0000000007,raw/who.gho.mdg-0000000007/2026/09/20260907T160922Z-b03be7779b07.json.gz,2
who.gho.mdg-0000000007,MDG_0000000007:GRD:SEX_FMLE:AGEGROUP_YEARSUNDER5:WEALTHQUINTILE_TOTL,1970-01-01,2026-09-07T16:09:22Z,value,45.655274972,,who.gho.mdg-0000000007,raw/who.gho.mdg-0000000007/2026/09/20260907T160922Z-b03be7779b07.json.gz,2
who.gho.mdg-0000000007,MDG_0000000007:GRD:SEX_MLE:AGEGROUP_YEARSUNDER5:WEALTHQUINTILE_TOTL,1970-01-01,2026-09-07T16:05:38Z,high,56.650056201,,who.gho.mdg-0000000007,raw/who.gho.mdg-0000000007/2026/09/20260907T160538Z-28a5f6808180.json.gz,2
who.gho.mdg-0000000007,MDG_0000000007:GRD:SEX_MLE:AGEGROUP_YEARSUNDER5:WEALTHQUINTILE_TOTL,1970-01-01,2026-09-07T16:05:38Z,low,46.803720887,,who.gho.mdg-0000000007,raw/who.gho.mdg-0000000007/2026/09/20260907T160538Z-28a5f6808180.json.gz,2
who.gho.mdg-0000000007,MDG_0000000007:GRD:SEX_MLE:AGEGROUP_YEARSUNDER5:WEALTHQUINTILE_TOTL,1970-01-01,2026-09-07T16:05:38Z,restated_at,2026-08-05,,who.gho.mdg-0000000007,raw/who.gho.mdg-0000000007/2026/09/20260907T160538Z-28a5f6808180.json.gz,2
who.gho.mdg-0000000007,MDG_0000000007:GRD:SEX_MLE:AGEGROUP_YEARSUNDER5:WEALTHQUINTILE_TOTL,1970-01-01,2026-09-07T16:05:38Z,value,51.599734695,,who.gho.mdg-0000000007,raw/who.gho.mdg-0000000007/2026/09/20260907T160538Z-28a5f6808180.json.gz,2
who.gho.mdg-0000000007,MDG_0000000007:GTM:SEX_BTSX:AGEGROUP_YEARSUNDER5:WEALTHQUINTILE_TOTL,1970-01-01,2026-09-07T16:06:11Z,high,183.406607645,,who.gho.mdg-0000000007,raw/who.gho.mdg-0000000007/2026/09/20260907T160611Z-e868f3030ca5.json.gz,2
who.gho.mdg-0000000007,MDG_0000000007:GTM:SEX_BTSX:AGEGROUP_YEARSUNDER5:WEALTHQUINTILE_TOTL,1970-01-01,2026-09-07T16:06:11Z,low,158.348085402,,who.gho.mdg-0000000007,raw/who.gho.mdg-0000000007/2026/09/20260907T160611Z-e868f3030ca5.json.gz,2
who.gho.mdg-0000000007,MDG_0000000007:GTM:SEX_BTSX:AGEGROUP_YEARSUNDER5:WEALTHQUINTILE_TOTL,1970-01-01,2026-09-07T16:06:11Z,restated_at,2026-08-05,,who.gho.mdg-0000000007,raw/who.gho.mdg-0000000007/2026/09/20260907T160611Z-e868f3030ca5.json.gz,2
who.gho.mdg-0000000007,MDG_0000000007:GTM:SEX_BTSX:AGEGROUP_YEARSUNDER5:WEALTHQUINTILE_TOTL,1970-01-01,2026-09-07T16:06:11Z,value,170.46641114,,who.gho.mdg-0000000007,raw/who.gho.mdg-0000000007/2026/09/20260907T160611Z-e868f3030ca5.json.gz,2
who.gho.mdg-0000000007,MDG_0000000007:GTM:SEX_FMLE:AGEGROUP_YEARSUNDER5:WEALTHQUINTILE_TOTL,1970-01-01,2026-09-07T16:09:51Z,high,177.525577144,,who.gho.mdg-0000000007,raw/who.gho.mdg-0000000007/2026/09/20260907T160951Z-f1aadb832125.json.gz,2
who.gho.mdg-0000000007,MDG_0000000007:GTM:SEX_FMLE:AGEGROUP_YEARSUNDER5:WEALTHQUINTILE_TOTL,1970-01-01,2026-09-07T16:09:51Z,low,151.7490138,,who.gho.mdg-0000000007,raw/who.gho.mdg-0000000007/2026/09/20260907T160951Z-f1aadb832125.json.gz,2
who.gho.mdg-0000000007,MDG_0000000007:GTM:SEX_FMLE:AGEGROUP_YEARSUNDER5:WEALTHQUINTILE_TOTL,1970-01-01,2026-09-07T16:09:51Z,restated_at,2026-08-05,,who.gho.mdg-0000000007,raw/who.gho.mdg-0000000007/2026/09/20260907T160951Z-f1aadb832125.json.gz,2
who.gho.mdg-0000000007,MDG_0000000007:GTM:SEX_FMLE:AGEGROUP_YEARSUNDER5:WEALTHQUINTILE_TOTL,1970-01-01,2026-09-07T16:09:51Z,value,164.042051073,,who.gho.mdg-0000000007,raw/who.gho.mdg-0000000007/2026/09/20260907T160951Z-f1aadb832125.json.gz,2
who.gho.mdg-0000000007,MDG_0000000007:GTM:SEX_MLE:AGEGROUP_YEARSUNDER5:WEALTHQUINTILE_TOTL,1970-01-01,2026-09-07T16:10:17Z,high,190.666197557,,who.gho.mdg-0000000007,raw/who.gho.mdg-0000000007/2026/09/20260907T161017Z-ca4dbf4e12d6.json.gz,2
who.gho.mdg-0000000007,MDG_0000000007:GTM:SEX_MLE:AGEGROUP_YEARSUNDER5:WEALTHQUINTILE_TOTL,1970-01-01,2026-09-07T16:10:17Z,low,163.591011856,,who.gho.mdg-0000000007,raw/who.gho.mdg-0000000007/2026/09/20260907T161017Z-ca4dbf4e12d6.json.gz,2
who.gho.mdg-0000000007,MDG_0000000007:GTM:SEX_MLE:AGEGROUP_YEARSUNDER5:WEALTHQUINTILE_TOTL,1970-01-01,2026-09-07T16:10:17Z,restated_at,2026-08-05,,who.gho.mdg-0000000007,raw/who.gho.mdg-0000000007/2026/09/20260907T161017Z-ca4dbf4e12d6.json.gz,2
who.gho.mdg-0000000007,MDG_0000000007:GTM:SEX_MLE:AGEGROUP_YEARSUNDER5:WEALTHQUINTILE_TOTL,1970-01-01,2026-09-07T16:10:17Z,value,176.557224725,,who.gho.mdg-0000000007,raw/who.gho.mdg-0000000007/2026/09/20260907T161017Z-ca4dbf4e12d6.json.gz,2
who.gho.mdg-0000000007,MDG_0000000007:GUY:SEX_BTSX:AGEGROUP_YEARSUNDER5:WEALTHQUINTILE_TOTL,1970-01-01,2026-09-07T16:10:53Z,high,86.59602626,,who.gho.mdg-0000000007,raw/who.gho.mdg-0000000007/2026/09/20260907T161053Z-9a5808e2a757.json.gz,2
who.gho.mdg-0000000007,MDG_0000000007:GUY:SEX_BTSX:AGEGROUP_YEARSUNDER5:WEALTHQUINTILE_TOTL,1970-01-01,2026-09-07T16:10:53Z,low,63.148213383,,who.gho.mdg-0000000007,raw/who.gho.mdg-0000000007/2026/09/20260907T161053Z-9a5808e2a757.json.gz,2
who.gho.mdg-0000000007,MDG_0000000007:GUY:SEX_BTSX:AGEGROUP_YEARSUNDER5:WEALTHQUINTILE_TOTL,1970-01-01,2026-09-07T16:10:53Z,restated_at,2026-08-05,,who.gho.mdg-0000000007,raw/who.gho.mdg-0000000007/2026/09/20260907T161053Z-9a5808e2a757.json.gz,2
who.gho.mdg-0000000007,MDG_0000000007:GUY:SEX_BTSX:AGEGROUP_YEARSUNDER5:WEALTHQUINTILE_TOTL,1970-01-01,2026-09-07T16:10:53Z,value,73.978353656,,who.gho.mdg-0000000007,raw/who.gho.mdg-0000000007/2026/09/20260907T161053Z-9a5808e2a757.json.gz,2
who.gho.mdg-0000000007,MDG_0000000007:GUY:SEX_FMLE:AGEGROUP_YEARSUNDER5:WEALTHQUINTILE_TOTL,1970-01-01,2026-09-07T16:09:34Z,high,76.720618453,,who.gho.mdg-0000000007,raw/who.gho.mdg-0000000007/2026/09/20260907T160934Z-f7f0902b1194.json.gz,2
who.gho.mdg-0000000007,MDG_0000000007:GUY:SEX_FMLE:AGEGROUP_YEARSUNDER5:WEALTHQUINTILE_TOTL,1970-01-01,2026-09-07T16:09:34Z,low,55.491039824,,who.gho.mdg-0000000007,raw/who.gho.mdg-0000000007/2026/09/20260907T160934Z-f7f0902b1194.json.gz,2
who.gho.mdg-0000000007,MDG_0000000007:GUY:SEX_FMLE:AGEGROUP_YEARSUNDER5:WEALTHQUINTILE_TOTL,1970-01-01,2026-09-07T16:09:34Z,restated_at,2026-08-05,,who.gho.mdg-0000000007,raw/who.gho.mdg-0000000007/2026/09/20260907T160934Z-f7f0902b1194.json.gz,2
who.gho.mdg-0000000007,MDG_0000000007:GUY:SEX_FMLE:AGEGROUP_YEARSUNDER5:WEALTHQUINTILE_TOTL,1970-01-01,2026-09-07T16:09:34Z,value,65.327330883,,who.gho.mdg-0000000007,raw/who.gho.mdg-0000000007/2026/09/20260907T160934Z-f7f0902b1194.json.gz,2
who.gho.mdg-0000000007,MDG_0000000007:GUY:SEX_MLE:AGEGROUP_YEARSUNDER5:WEALTHQUINTILE_TOTL,1970-01-01,2026-09-07T16:05:22Z,high,96.665366532,,who.gho.mdg-0000000007,raw/who.gho.mdg-0000000007/2026/09/20260907T160522Z-2bd49e664eea.json.gz,2
who.gho.mdg-0000000007,MDG_0000000007:GUY:SEX_MLE:AGEGROUP_YEARSUNDER5:WEALTHQUINTILE_TOTL,1970-01-01,2026-09-07T16:05:22Z,low,69.943200109,,who.gho.mdg-0000000007,raw/who.gho.mdg-0000000007/2026/09/20260907T160522Z-2bd49e664eea.json.gz,2
who.gho.mdg-0000000007,MDG_0000000007:GUY:SEX_MLE:AGEGROUP_YEARSUNDER5:WEALTHQUINTILE_TOTL,1970-01-01,2026-09-07T16:05:22Z,restated_at,2026-08-05,,who.gho.mdg-0000000007,raw/who.gho.mdg-0000000007/2026/09/20260907T160522Z-2bd49e664eea.json.gz,2
who.gho.mdg-0000000007,MDG_0000000007:GUY:SEX_MLE:AGEGROUP_YEARSUNDER5:WEALTHQUINTILE_TOTL,1970-01-01,2026-09-07T16:05:22Z,value,82.219880794,,who.gho.mdg-0000000007,raw/who.gho.mdg-0000000007/2026/09/20260907T160522Z-2bd49e664eea.json.gz,2
who.gho.mdg-0000000007,MDG_0000000007:HND:SEX_BTSX:AGEGROUP_YEARSUNDER5:WEALTHQUINTILE_TOTL,1970-01-01,2026-09-07T16:09:38Z,high,159.934513614,,who.gho.mdg-0000000007,raw/who.gho.mdg-0000000007/2026/09/20260907T160938Z-81612038db74.json.gz,2
who.gho.mdg-0000000007,MDG_0000000007:HND:SEX_BTSX:AGEGROUP_YEARSUNDER5:WEALTHQUINTILE_TOTL,1970-01-01,2026-09-07T16:09:38Z,low,134.496058387,,who.gho.mdg-0000000007,raw/who.gho.mdg-0000000007/2026/09/20260907T160938Z-81612038db74.json.gz,2
who.gho.mdg-0000000007,MDG_0000000007:HND:SEX_BTSX:AGEGROUP_YEARSUNDER5:WEALTHQUINTILE_TOTL,1970-01-01,2026-09-07T16:09:38Z,restated_at,2026-08-05,,who.gho.mdg-0000000007,raw/who.gho.mdg-0000000007/2026/09/20260907T160938Z-81612038db74.json.gz,2
who.gho.mdg-0000000007,MDG_0000000007:HND:SEX_BTSX:AGEGROUP_YEARSUNDER5:WEALTHQUINTILE_TOTL,1970-01-01,2026-09-07T16:09:38Z,value,145.878168695,,who.gho.mdg-0000000007,raw/who.gho.mdg-0000000007/2026/09/20260907T160938Z-81612038db74.json.gz,2
who.gho.mdg-0000000007,MDG_0000000007:HND:SEX_FMLE:AGEGROUP_YEARSUNDER5:WEALTHQUINTILE_TOTL,1970-01-01,2026-09-07T16:05:09Z,high,149.843751712,,who.gho.mdg-0000000007,raw/who.gho.mdg-0000000007/2026/09/20260907T160509Z-9066130499c7.json.gz,2
who.gho.mdg-0000000007,MDG_0000000007:HND:SEX_FMLE:AGEGROUP_YEARSUNDER5:WEALTHQUINTILE_TOTL,1970-01-01,2026-09-07T16:05:09Z,low,124.367364245,,who.gho.mdg-0000000007,raw/who.gho.mdg-0000000007/2026/09/20260907T160509Z-9066130499c7.json.gz,2
who.gho.mdg-0000000007,MDG_0000000007:HND:SEX_FMLE:AGEGROUP_YEARSUNDER5:WEALTHQUINTILE_TOTL,1970-01-01,2026-09-07T16:05:09Z,restated_at,2026-08-05,,who.gho.mdg-0000000007,raw/who.gho.mdg-0000000007/2026/09/20260907T160509Z-9066130499c7.json.gz,2
who.gho.mdg-0000000007,MDG_0000000007:HND:SEX_FMLE:AGEGROUP_YEARSUNDER5:WEALTHQUINTILE_TOTL,1970-01-01,2026-09-07T16:05:09Z,value,135.708262602,,who.gho.mdg-0000000007,raw/who.gho.mdg-0000000007/2026/09/20260907T160509Z-9066130499c7.json.gz,2
who.gho.mdg-0000000007,MDG_0000000007:HND:SEX_MLE:AGEGROUP_YEARSUNDER5:WEALTHQUINTILE_TOTL,1970-01-01,2026-09-07T16:05:09Z,high,171.177601448,,who.gho.mdg-0000000007,raw/who.gho.mdg-0000000007/2026/09/20260907T160509Z-9066130499c7.json.gz,2
who.gho.mdg-0000000007,MDG_0000000007:HND:SEX_MLE:AGEGROUP_YEARSUNDER5:WEALTHQUINTILE_TOTL,1970-01-01,2026-09-07T16:05:09Z,low,142.865051008,,who.gho.mdg-0000000007,raw/who.gho.mdg-0000000007/2026/09/20260907T160509Z-9066130499c7.json.gz,2
who.gho.mdg-0000000007,MDG_0000000007:HND:SEX_MLE:AGEGROUP_YEARSUNDER5:WEALTHQUINTILE_TOTL,1970-01-01,2026-09-07T16:05:09Z,restated_at,2026-08-05,,who.gho.mdg-0000000007,raw/who.gho.mdg-0000000007/2026/09/20260907T160509Z-9066130499c7.json.gz,2
who.gho.mdg-0000000007,MDG_0000000007:HND:SEX_MLE:AGEGROUP_YEARSUNDER5:WEALTHQUINTILE_TOTL,1970-01-01,2026-09-07T16:05:09Z,value,155.585005407,,who.gho.mdg-0000000007,raw/who.gho.mdg-0000000007/2026/09/20260907T160509Z-9066130499c7.json.gz,2
who.gho.mdg-0000000007,MDG_0000000007:HTI:SEX_BTSX:AGEGROUP_YEARSUNDER5:WEALTHQUINTILE_TOTL,1970-01-01,2026-09-07T16:09:34Z,high,269.544832942,,who.gho.mdg-0000000007,raw/who.gho.mdg-0000000007/2026/09/20260907T160934Z-f7f0902b1194.json.gz,2
who.gho.mdg-0000000007,MDG_0000000007:HTI:SEX_BTSX:AGEGROUP_YEARSUNDER5:WEALTHQUINTILE_TOTL,1970-01-01,2026-09-07T16:09:34Z,low,224.005695498,,who.gho.mdg-0000000007,raw/who.gho.mdg-0000000007/2026/09/20260907T160934Z-f7f0902b1194.json.gz,2
who.gho.mdg-0000000007,MDG_0000000007:HTI:SEX_BTSX:AGEGROUP_YEARSUNDER5:WEALTHQUINTILE_TOTL,1970-01-01,2026-09-07T16:09:34Z,restated_at,2026-08-05,,who.gho.mdg-0000000007,raw/who.gho.mdg-0000000007/2026/09/20260907T160934Z-f7f0902b1194.json.gz,2
who.gho.mdg-0000000007,MDG_0000000007:HTI:SEX_BTSX:AGEGROUP_YEARSUNDER5:WEALTHQUINTILE_TOTL,1970-01-01,2026-09-07T16:09:34Z,value,245.601184378,,who.gho.mdg-0000000007,raw/who.gho.mdg-0000000007/2026/09/20260907T160934Z-f7f0902b1194.json.gz,2
who.gho.mdg-0000000007,MDG_0000000007:HTI:SEX_FMLE:AGEGROUP_YEARSUNDER5:WEALTHQUINTILE_TOTL,1970-01-01,2026-09-07T16:10:53Z,high,254.999389451,,who.gho.mdg-0000000007,raw/who.gho.mdg-0000000007/2026/09/20260907T161053Z-9a5808e2a757.json.gz,2
who.gho.mdg-0000000007,MDG_0000000007:HTI:SEX_FMLE:AGEGROUP_YEARSUNDER5:WEALTHQUINTILE_TOTL,1970-01-01,2026-09-07T16:10:53Z,low,210.192158022,,who.gho.mdg-0000000007,raw/who.gho.mdg-0000000007/2026/09/20260907T161053Z-9a5808e2a757.json.gz,2
who.gho.mdg-0000000007,MDG_0000000007:HTI:SEX_FMLE:AGEGROUP_YEARSUNDER5:WEALTHQUINTILE_TOTL,1970-01-01,2026-09-07T16:10:53Z,restated_at,2026-08-05,,who.gho.mdg-0000000007,raw/who.gho.mdg-0000000007/2026/09/20260907T161053Z-9a5808e2a757.json.gz,2
who.gho.mdg-0000000007,MDG_0000000007:HTI:SEX_FMLE:AGEGROUP_YEARSUNDER5:WEALTHQUINTILE_TOTL,1970-01-01,2026-09-07T16:10:53Z,value,231.861896113,,who.gho.mdg-0000000007,raw/who.gho.mdg-0000000007/2026/09/20260907T161053Z-9a5808e2a757.json.gz,2
who.gho.mdg-0000000007,MDG_0000000007:HTI:SEX_MLE:AGEGROUP_YEARSUNDER5:WEALTHQUINTILE_TOTL,1970-01-01,2026-09-07T16:05:48Z,high,284.779859897,,who.gho.mdg-0000000007,raw/who.gho.mdg-0000000007/2026/09/20260907T160548Z-1609a76f5ecc.json.gz,2
who.gho.mdg-0000000007,MDG_0000000007:HTI:SEX_MLE:AGEGROUP_YEARSUNDER5:WEALTHQUINTILE_TOTL,1970-01-01,2026-09-07T16:05:48Z,low,235.546412448,,who.gho.mdg-0000000007,raw/who.gho.mdg-0000000007/2026/09/20260907T160548Z-1609a76f5ecc.json.gz,2
who.gho.mdg-0000000007,MDG_0000000007:HTI:SEX_MLE:AGEGROUP_YEARSUNDER5:WEALTHQUINTILE_TOTL,1970-01-01,2026-09-07T16:05:48Z,restated_at,2026-08-05,,who.gho.mdg-0000000007,raw/who.gho.mdg-0000000007/2026/09/20260907T160548Z-1609a76f5ecc.json.gz,2
who.gho.mdg-0000000007,MDG_0000000007:HTI:SEX_MLE:AGEGROUP_YEARSUNDER5:WEALTHQUINTILE_TOTL,1970-01-01,2026-09-07T16:05:48Z,value,258.72109159,,who.gho.mdg-0000000007,raw/who.gho.mdg-0000000007/2026/09/20260907T160548Z-1609a76f5ecc.json.gz,2
who.gho.mdg-0000000007,MDG_0000000007:HUN:SEX_BTSX:AGEGROUP_YEARSUNDER5:WEALTHQUINTILE_TOTL,1970-01-01,2026-09-07T16:05:22Z,high,39.731442081,,who.gho.mdg-0000000007,raw/who.gho.mdg-0000000007/2026/09/20260907T160522Z-2bd49e664eea.json.gz,2
who.gho.mdg-0000000007,MDG_0000000007:HUN:SEX_BTSX:AGEGROUP_YEARSUNDER5:WEALTHQUINTILE_TOTL,1970-01-01,2026-09-07T16:05:22Z,low,38.00996604,,who.gho.mdg-0000000007,raw/who.gho.mdg-0000000007/2026/09/20260907T160522Z-2bd49e664eea.json.gz,2
who.gho.mdg-0000000007,MDG_0000000007:HUN:SEX_BTSX:AGEGROUP_YEARSUNDER5:WEALTHQUINTILE_TOTL,1970-01-01,2026-09-07T16:05:22Z,restated_at,2026-08-05,,who.gho.mdg-0000000007,raw/who.gho.mdg-0000000007/2026/09/20260907T160522Z-2bd49e664eea.json.gz,2
who.gho.mdg-0000000007,MDG_0000000007:HUN:SEX_BTSX:AGEGROUP_YEARSUNDER5:WEALTHQUINTILE_TOTL,1970-01-01,2026-09-07T16:05:22Z,value,38.8699011,,who.gho.mdg-0000000007,raw/who.gho.mdg-0000000007/2026/09/20260907T160522Z-2bd49e664eea.json.gz,2
who.gho.mdg-0000000007,MDG_0000000007:HUN:SEX_FMLE:AGEGROUP_YEARSUNDER5:WEALTHQUINTILE_TOTL,1970-01-01,2026-09-07T16:06:07Z,high,35.472722433,,who.gho.mdg-0000000007,raw/who.gho.mdg-0000000007/2026/09/20260907T160607Z-9445f1b065fa.json.gz,2
who.gho.mdg-0000000007,MDG_0000000007:HUN:SEX_FMLE:AGEGROUP_YEARSUNDER5:WEALTHQUINTILE_TOTL,1970-01-01,2026-09-07T16:06:07Z,low,33.743936918,,who.gho.mdg-0000000007,raw/who.gho.mdg-0000000007/2026/09/20260907T160607Z-9445f1b065fa.json.gz,2
who.gho.mdg-0000000007,MDG_0000000007:HUN:SEX_FMLE:AGEGROUP_YEARSUNDER5:WEALTHQUINTILE_TOTL,1970-01-01,2026-09-07T16:06:07Z,restated_at,2026-08-05,,who.gho.mdg-0000000007,raw/who.gho.mdg-0000000007/2026/09/20260907T160607Z-9445f1b065fa.json.gz,2
who.gho.mdg-0000000007,MDG_0000000007:HUN:SEX_FMLE:AGEGROUP_YEARSUNDER5:WEALTHQUINTILE_TOTL,1970-01-01,2026-09-07T16:06:07Z,value,34.621302057,,who.gho.mdg-0000000007,raw/who.gho.mdg-0000000007/2026/09/20260907T160607Z-9445f1b065fa.json.gz,2
who.gho.mdg-0000000007,MDG_0000000007:HUN:SEX_MLE:AGEGROUP_YEARSUNDER5:WEALTHQUINTILE_TOTL,1970-01-01,2026-09-07T16:11:01Z,high,43.952295558,,who.gho.mdg-0000000007,raw/who.gho.mdg-0000000007/2026/09/20260907T161101Z-fc76d9a7e10d.json.gz,2
who.gho.mdg-0000000007,MDG_0000000007:HUN:SEX_MLE:AGEGROUP_YEARSUNDER5:WEALTHQUINTILE_TOTL,1970-01-01,2026-09-07T16:11:01Z,low,41.896171803,,who.gho.mdg-0000000007,raw/who.gho.mdg-0000000007/2026/09/20260907T161101Z-fc76d9a7e10d.json.gz,2
who.gho.mdg-0000000007,MDG_0000000007:HUN:SEX_MLE:AGEGROUP_YEARSUNDER5:WEALTHQUINTILE_TOTL,1970-01-01,2026-09-07T16:11:01Z,restated_at,2026-08-05,,who.gho.mdg-0000000007,raw/who.gho.mdg-0000000007/2026/09/20260907T161101Z-fc76d9a7e10d.json.gz,2
who.gho.mdg-0000000007,MDG_0000000007:HUN:SEX_MLE:AGEGROUP_YEARSUNDER5:WEALTHQUINTILE_TOTL,1970-01-01,2026-09-07T16:11:01Z,value,42.922907856,,who.gho.mdg-0000000007,raw/who.gho.mdg-0000000007/2026/09/20260907T161101Z-fc76d9a7e10d.json.gz,2
who.gho.mdg-0000000007,MDG_0000000007:IDN:SEX_BTSX:AGEGROUP_YEARSUNDER5:WEALTHQUINTILE_TOTL,1970-01-01,2026-09-07T16:09:46Z,high,176.602443769,,who.gho.mdg-0000000007,raw/who.gho.mdg-0000000007/2026/09/20260907T160946Z-716d23d235ed.json.gz,2
who.gho.mdg-0000000007,MDG_0000000007:IDN:SEX_BTSX:AGEGROUP_YEARSUNDER5:WEALTHQUINTILE_TOTL,1970-01-01,2026-09-07T16:09:46Z,low,156.488248874,,who.gho.mdg-0000000007,raw/who.gho.mdg-0000000007/2026/09/20260907T160946Z-716d23d235ed.json.gz,2
who.gho.mdg-0000000007,MDG_0000000007:IDN:SEX_BTSX:AGEGROUP_YEARSUNDER5:WEALTHQUINTILE_TOTL,1970-01-01,2026-09-07T16:09:46Z,restated_at,2026-08-05,,who.gho.mdg-0000000007,raw/who.gho.mdg-0000000007/2026/09/20260907T160946Z-716d23d235ed.json.gz,2
who.gho.mdg-0000000007,MDG_0000000007:IDN:SEX_BTSX:AGEGROUP_YEARSUNDER5:WEALTHQUINTILE_TOTL,1970-01-01,2026-09-07T16:09:46Z,value,166.324333243,,who.gho.mdg-0000000007,raw/who.gho.mdg-0000000007/2026/09/20260907T160946Z-716d23d235ed.json.gz,2
who.gho.mdg-0000000007,MDG_0000000007:IDN:SEX_FMLE:AGEGROUP_YEARSUNDER5:WEALTHQUINTILE_TOTL,1970-01-01,2026-09-07T16:05:57Z,high,163.601777344,,who.gho.mdg-0000000007,raw/who.gho.mdg-0000000007/2026/09/20260907T160557Z-c8e786907d46.json.gz,2
who.gho.mdg-0000000007,MDG_0000000007:IDN:SEX_FMLE:AGEGROUP_YEARSUNDER5:WEALTHQUINTILE_TOTL,1970-01-01,2026-09-07T16:05:57Z,low,144.06841697,,who.gho.mdg-0000000007,raw/who.gho.mdg-0000000007/2026/09/20260907T160557Z-c8e786907d46.json.gz,2
who.gho.mdg-0000000007,MDG_0000000007:IDN:SEX_FMLE:AGEGROUP_YEARSUNDER5:WEALTHQUINTILE_TOTL,1970-01-01,2026-09-07T16:05:57Z,restated_at,2026-08-05,,who.gho.mdg-0000000007,raw/who.gho.mdg-0000000007/2026/09/20260907T160557Z-c8e786907d46.json.gz,2
who.gho.mdg-0000000007,MDG_0000000007:IDN:SEX_FMLE:AGEGROUP_YEARSUNDER5:WEALTHQUINTILE_TOTL,1970-01-01,2026-09-07T16:05:57Z,value,153.678835584,,who.gho.mdg-0000000007,raw/who.gho.mdg-0000000007/2026/09/20260907T160557Z-c8e786907d46.json.gz,2
who.gho.mdg-0000000007,MDG_0000000007:IDN:SEX_MLE:AGEGROUP_YEARSUNDER5:WEALTHQUINTILE_TOTL,1970-01-01,2026-09-07T16:06:07Z,high,189.995644327,,who.gho.mdg-0000000007,raw/who.gho.mdg-0000000007/2026/09/20260907T160607Z-9445f1b065fa.json.gz,2
who.gho.mdg-0000000007,MDG_0000000007:IDN:SEX_MLE:AGEGROUP_YEARSUNDER5:WEALTHQUINTILE_TOTL,1970-01-01,2026-09-07T16:06:07Z,low,167.529885191,,who.gho.mdg-0000000007,raw/who.gho.mdg-0000000007/2026/09/20260907T160607Z-9445f1b065fa.json.gz,2
who.gho.mdg-0000000007,MDG_0000000007:IDN:SEX_MLE:AGEGROUP_YEARSUNDER5:WEALTHQUINTILE_TOTL,1970-01-01,2026-09-07T16:06:07Z,restated_at,2026-08-05,,who.gho.mdg-0000000007,raw/who.gho.mdg-0000000007/2026/09/20260907T160607Z-9445f1b065fa.json.gz,2
who.gho.mdg-0000000007,MDG_0000000007:IDN:SEX_MLE:AGEGROUP_YEARSUNDER5:WEALTHQUINTILE_TOTL,1970-01-01,2026-09-07T16:06:07Z,value,178.265861409,,who.gho.mdg-0000000007,raw/who.gho.mdg-0000000007/2026/09/20260907T160607Z-9445f1b065fa.json.gz,2
who.gho.mdg-0000000007,MDG_0000000007:IND:SEX_BTSX:AGEGROUP_YEARSUNDER5:WEALTHQUINTILE_TOTL,1970-01-01,2026-09-07T16:08:41Z,high,225.684717649,,who.gho.mdg-0000000007,raw/who.gho.mdg-0000000007/2026/09/20260907T160841Z-d67f78e4b8d9.json.gz,2
who.gho.mdg-0000000007,MDG_0000000007:IND:SEX_BTSX:AGEGROUP_YEARSUNDER5:WEALTHQUINTILE_TOTL,1970-01-01,2026-09-07T16:08:41Z,low,203.99602531,,who.gho.mdg-0000000007,raw/who.gho.mdg-0000000007/2026/09/20260907T160841Z-d67f78e4b8d9.json.gz,2
who.gho.mdg-0000000007,MDG_0000000007:IND:SEX_BTSX:AGEGROUP_YEARSUNDER5:WEALTHQUINTILE_TOTL,1970-01-01,2026-09-07T16:08:41Z,restated_at,2026-08-05,,who.gho.mdg-0000000007,raw/who.gho.mdg-0000000007/2026/09/20260907T160841Z-d67f78e4b8d9.json.gz,2
who.gho.mdg-0000000007,MDG_0000000007:IND:SEX_BTSX:AGEGROUP_YEARSUNDER5:WEALTHQUINTILE_TOTL,1970-01-01,2026-09-07T16:08:41Z,value,214.382722443,,who.gho.mdg-0000000007,raw/who.gho.mdg-0000000007/2026/09/20260907T160841Z-d67f78e4b8d9.json.gz,2
who.gho.mdg-0000000007,MDG_0000000007:IND:SEX_FMLE:AGEGROUP_YEARSUNDER5:WEALTHQUINTILE_TOTL,1970-01-01,2026-09-07T16:06:02Z,high,231.869610239,,who.gho.mdg-0000000007,raw/who.gho.mdg-0000000007/2026/09/20260907T160602Z-1adff4f5f376.json.gz,2
who.gho.mdg-0000000007,MDG_0000000007:IND:SEX_FMLE:AGEGROUP_YEARSUNDER5:WEALTHQUINTILE_TOTL,1970-01-01,2026-09-07T16:06:02Z,low,208.593161392,,who.gho.mdg-0000000007,raw/who.gho.mdg-0000000007/2026/09/20260907T160602Z-1adff4f5f376.json.gz,2
who.gho.mdg-0000000007,MDG_0000000007:IND:SEX_FMLE:AGEGROUP_YEARSUNDER5:WEALTHQUINTILE_TOTL,1970-01-01,2026-09-07T16:06:02Z,restated_at,2026-08-05,,who.gho.mdg-0000000007,raw/who.gho.mdg-0000000007/2026/09/20260907T160602Z-1adff4f5f376.json.gz,2
who.gho.mdg-0000000007,MDG_0000000007:IND:SEX_FMLE:AGEGROUP_YEARSUNDER5:WEALTHQUINTILE_TOTL,1970-01-01,2026-09-07T16:06:02Z,value,219.787373886,,who.gho.mdg-0000000007,raw/who.gho.mdg-0000000007/2026/09/20260907T160602Z-1adff4f5f376.json.gz,2
who.gho.mdg-0000000007,MDG_0000000007:IND:SEX_MLE:AGEGROUP_YEARSUNDER5:WEALTHQUINTILE_TOTL,1970-01-01,2026-09-07T16:05:26Z,high,220.701178022,,who.gho.mdg-0000000007,raw/who.gho.mdg-0000000007/2026/09/20260907T160526Z-1363df2b3da0.json.gz,2
who.gho.mdg-0000000007,MDG_0000000007:IND:SEX_MLE:AGEGROUP_YEARSUNDER5:WEALTHQUINTILE_TOTL,1970-01-01,2026-09-07T16:05:26Z,low,198.70744962,,who.gho.mdg-0000000007,raw/who.gho.mdg-0000000007/2026/09/20260907T160526Z-1363df2b3da0.json.gz,2
who.gho.mdg-0000000007,MDG_0000000007:IND:SEX_MLE:AGEGROUP_YEARSUNDER5:WEALTHQUINTILE_TOTL,1970-01-01,2026-09-07T16:05:26Z,restated_at,2026-08-05,,who.gho.mdg-0000000007,raw/who.gho.mdg-0000000007/2026/09/20260907T160526Z-1363df2b3da0.json.gz,2
who.gho.mdg-0000000007,MDG_0000000007:IND:SEX_MLE:AGEGROUP_YEARSUNDER5:WEALTHQUINTILE_TOTL,1970-01-01,2026-09-07T16:05:26Z,value,209.298112526,,who.gho.mdg-0000000007,raw/who.gho.mdg-0000000007/2026/09/20260907T160526Z-1363df2b3da0.json.gz,2
who.gho.mdg-0000000007,MDG_0000000007:IRL:SEX_BTSX:AGEGROUP_YEARSUNDER5:WEALTHQUINTILE_TOTL,1970-01-01,2026-09-07T16:10:53Z,high,22.712287636,,who.gho.mdg-0000000007,raw/who.gho.mdg-0000000007/2026/09/20260907T161053Z-9a5808e2a757.json.gz,2
who.gho.mdg-0000000007,MDG_0000000007:IRL:SEX_BTSX:AGEGROUP_YEARSUNDER5:WEALTHQUINTILE_TOTL,1970-01-01,2026-09-07T16:10:53Z,low,21.731568203,,who.gho.mdg-0000000007,raw/who.gho.mdg-0000000007/2026/09/20260907T161053Z-9a5808e2a757.json.gz,2
who.gho.mdg-0000000007,MDG_0000000007:IRL:SEX_BTSX:AGEGROUP_YEARSUNDER5:WEALTHQUINTILE_TOTL,1970-01-01,2026-09-07T16:10:53Z,restated_at,2026-08-05,,who.gho.mdg-0000000007,raw/who.gho.mdg-0000000007/2026/09/20260907T161053Z-9a5808e2a757.json.gz,2
who.gho.mdg-0000000007,MDG_0000000007:IRL:SEX_BTSX:AGEGROUP_YEARSUNDER5:WEALTHQUINTILE_TOTL,1970-01-01,2026-09-07T16:10:53Z,value,22.214304716,,who.gho.mdg-0000000007,raw/who.gho.mdg-0000000007/2026/09/20260907T161053Z-9a5808e2a757.json.gz,2
who.gho.mdg-0000000007,MDG_0000000007:IRL:SEX_FMLE:AGEGROUP_YEARSUNDER5:WEALTHQUINTILE_TOTL,1970-01-01,2026-09-07T16:09:22Z,high,20.359681293,,who.gho.mdg-0000000007,raw/who.gho.mdg-0000000007/2026/09/20260907T160922Z-b03be7779b07.json.gz,2
who.gho.mdg-0000000007,MDG_0000000007:IRL:SEX_FMLE:AGEGROUP_YEARSUNDER5:WEALTHQUINTILE_TOTL,1970-01-01,2026-09-07T16:09:22Z,low,19.237235876,,who.gho.mdg-0000000007,raw/who.gho.mdg-0000000007/2026/09/20260907T160922Z-b03be7779b07.json.gz,2
who.gho.mdg-0000000007,MDG_0000000007:IRL:SEX_FMLE:AGEGROUP_YEARSUNDER5:WEALTHQUINTILE_TOTL,1970-01-01,2026-09-07T16:09:22Z,restated_at,2026-08-05,,who.gho.mdg-0000000007,raw/who.gho.mdg-0000000007/2026/09/20260907T160922Z-b03be7779b07.json.gz,2
who.gho.mdg-0000000007,MDG_0000000007:IRL:SEX_FMLE:AGEGROUP_YEARSUNDER5:WEALTHQUINTILE_TOTL,1970-01-01,2026-09-07T16:09:22Z,value,19.798987434,,who.gho.mdg-0000000007,raw/who.gho.mdg-0000000007/2026/09/20260907T160922Z-b03be7779b07.json.gz,2
who.gho.mdg-0000000007,MDG_0000000007:IRL:SEX_MLE:AGEGROUP_YEARSUNDER5:WEALTHQUINTILE_TOTL,1970-01-01,2026-09-07T16:10:30Z,high,25.151897248,,who.gho.mdg-0000000007,raw/who.gho.mdg-0000000007/2026/09/20260907T161030Z-d2101d8df79b.json.gz,2
who.gho.mdg-0000000007,MDG_0000000007:IRL:SEX_MLE:AGEGROUP_YEARSUNDER5:WEALTHQUINTILE_TOTL,1970-01-01,2026-09-07T16:10:30Z,low,23.890014138,,who.gho.mdg-0000000007,raw/who.gho.mdg-0000000007/2026/09/20260907T161030Z-d2101d8df79b.json.gz,2
who.gho.mdg-0000000007,MDG_0000000007:IRL:SEX_MLE:AGEGROUP_YEARSUNDER5:WEALTHQUINTILE_TOTL,1970-01-01,2026-09-07T16:10:30Z,restated_at,2026-08-05,,who.gho.mdg-0000000007,raw/who.gho.mdg-0000000007/2026/09/20260907T161030Z-d2101d8df79b.json.gz,2
who.gho.mdg-0000000007,MDG_0000000007:IRL:SEX_MLE:AGEGROUP_YEARSUNDER5:WEALTHQUINTILE_TOTL,1970-01-01,2026-09-07T16:10:30Z,value,24.523116781,,who.gho.mdg-0000000007,raw/who.gho.mdg-0000000007/2026/09/20260907T161030Z-d2101d8df79b.json.gz,2
who.gho.mdg-0000000007,MDG_0000000007:IRQ:SEX_BTSX:AGEGROUP_YEARSUNDER5:WEALTHQUINTILE_TOTL,1970-01-01,2026-09-07T16:09:13Z,high,124.586460381,,who.gho.mdg-0000000007,raw/who.gho.mdg-0000000007/2026/09/20260907T160913Z-86e8fac132bd.json.gz,2
who.gho.mdg-0000000007,MDG_0000000007:IRQ:SEX_BTSX:AGEGROUP_YEARSUNDER5:WEALTHQUINTILE_TOTL,1970-01-01,2026-09-07T16:09:13Z,low,100.988321302,,who.gho.mdg-0000000007,raw/who.gho.mdg-0000000007/2026/09/20260907T160913Z-86e8fac132bd.json.gz,2
who.gho.mdg-0000000007,MDG_0000000007:IRQ:SEX_BTSX:AGEGROUP_YEARSUNDER5:WEALTHQUINTILE_TOTL,1970-01-01,2026-09-07T16:09:13Z,restated_at,2026-08-05,,who.gho.mdg-0000000007,raw/who.gho.mdg-0000000007/2026/09/20260907T160913Z-86e8fac132bd.json.gz,2
who.gho.mdg-0000000007,MDG_0000000007:IRQ:SEX_BTSX:AGEGROUP_YEARSUNDER5:WEALTHQUINTILE_TOTL,1970-01-01,2026-09-07T16:09:13Z,value,112.173708732,,who.gho.mdg-0000000007,raw/who.gho.mdg-0000000007/2026/09/20260907T160913Z-86e8fac132bd.json.gz,2
who.gho.mdg-0000000007,MDG_0000000007:IRQ:SEX_FMLE:AGEGROUP_YEARSUNDER5:WEALTHQUINTILE_TOTL,1970-01-01,2026-09-07T16:10:37Z,high,118.957144011,,who.gho.mdg-0000000007,raw/who.gho.mdg-0000000007/2026/09/20260907T161037Z-dfd3d6a5a745.json.gz,2
who.gho.mdg-0000000007,MDG_0000000007:IRQ:SEX_FMLE:AGEGROUP_YEARSUNDER5:WEALTHQUINTILE_TOTL,1970-01-01,2026-09-07T16:10:37Z,low,94.900670681,,who.gho.mdg-0000000007,raw/who.gho.mdg-0000000007/2026/09/20260907T161037Z-dfd3d6a5a745.json.gz,2
who.gho.mdg-0000000007,MDG_0000000007:IRQ:SEX_FMLE:AGEGROUP_YEARSUNDER5:WEALTHQUINTILE_TOTL,1970-01-01,2026-09-07T16:10:37Z,restated_at,2026-08-05,,who.gho.mdg-0000000007,raw/who.gho.mdg-0000000007/2026/09/20260907T161037Z-dfd3d6a5a745.json.gz,2
who.gho.mdg-0000000007,MDG_0000000007:IRQ:SEX_FMLE:AGEGROUP_YEARSUNDER5:WEALTHQUINTILE_TOTL,1970-01-01,2026-09-07T16:10:37Z,value,106.257760221,,who.gho.mdg-0000000007,raw/who.gho.mdg-0000000007/2026/09/20260907T161037Z-dfd3d6a5a745.json.gz,2
who.gho.mdg-0000000007,MDG_0000000007:IRQ:SEX_MLE:AGEGROUP_YEARSUNDER5:WEALTHQUINTILE_TOTL,1970-01-01,2026-09-07T16:09:08Z,high,131.251882476,,who.gho.mdg-0000000007,raw/who.gho.mdg-0000000007/2026/09/20260907T160908Z-96acbc2bc7cb.json.gz,2
who.gho.mdg-0000000007,MDG_0000000007:IRQ:SEX_MLE:AGEGROUP_YEARSUNDER5:WEALTHQUINTILE_TOTL,1970-01-01,2026-09-07T16:09:08Z,low,105.493176101,,who.gho.mdg-0000000007,raw/who.gho.mdg-0000000007/2026/09/20260907T160908Z-96acbc2bc7cb.json.gz,2
who.gho.mdg-0000000007,MDG_0000000007:IRQ:SEX_MLE:AGEGROUP_YEARSUNDER5:WEALTHQUINTILE_TOTL,1970-01-01,2026-09-07T16:09:08Z,restated_at,2026-08-05,,who.gho.mdg-0000000007,raw/who.gho.mdg-0000000007/2026/09/20260907T160908Z-96acbc2bc7cb.json.gz,2
who.gho.mdg-0000000007,MDG_0000000007:IRQ:SEX_MLE:AGEGROUP_YEARSUNDER5:WEALTHQUINTILE_TOTL,1970-01-01,2026-09-07T16:09:08Z,value,117.698963063,,who.gho.mdg-0000000007,raw/who.gho.mdg-0000000007/2026/09/20260907T160908Z-96acbc2bc7cb.json.gz,2
who.gho.mdg-0000000007,MDG_0000000007:ISL:SEX_BTSX:AGEGROUP_YEARSUNDER5:WEALTHQUINTILE_TOTL,1970-01-01,2026-09-07T16:09:30Z,high,17.063208654,,who.gho.mdg-0000000007,raw/who.gho.mdg-0000000007/2026/09/20260907T160930Z-3a49f2d0e7d2.json.gz,2
who.gho.mdg-0000000007,MDG_0000000007:ISL:SEX_BTSX:AGEGROUP_YEARSUNDER5:WEALTHQUINTILE_TOTL,1970-01-01,2026-09-07T16:09:30Z,low,14.928494328,,who.gho.mdg-0000000007,raw/who.gho.mdg-0000000007/2026/09/20260907T160930Z-3a49f2d0e7d2.json.gz,2
who.gho.mdg-0000000007,MDG_0000000007:ISL:SEX_BTSX:AGEGROUP_YEARSUNDER5:WEALTHQUINTILE_TOTL,1970-01-01,2026-09-07T16:09:30Z,restated_at,2026-08-05,,who.gho.mdg-0000000007,raw/who.gho.mdg-0000000007/2026/09/20260907T160930Z-3a49f2d0e7d2.json.gz,2
who.gho.mdg-0000000007,MDG_0000000007:ISL:SEX_BTSX:AGEGROUP_YEARSUNDER5:WEALTHQUINTILE_TOTL,1970-01-01,2026-09-07T16:09:30Z,value,15.96202465,,who.gho.mdg-0000000007,raw/who.gho.mdg-0000000007/2026/09/20260907T160930Z-3a49f2d0e7d2.json.gz,2
who.gho.mdg-0000000007,MDG_0000000007:ISL:SEX_FMLE:AGEGROUP_YEARSUNDER5:WEALTHQUINTILE_TOTL,1970-01-01,2026-09-07T16:10:33Z,high,15.33894221,,who.gho.mdg-0000000007,raw/who.gho.mdg-0000000007/2026/09/20260907T161033Z-0396663e197a.json.gz,2
who.gho.mdg-0000000007,MDG_0000000007:ISL:SEX_FMLE:AGEGROUP_YEARSUNDER5:WEALTHQUINTILE_TOTL,1970-01-01,2026-09-07T16:10:33Z,low,13.198539466,,who.gho.mdg-0000000007,raw/who.gho.mdg-0000000007/2026/09/20260907T161033Z-0396663e197a.json.gz,2
who.gho.mdg-0000000007,MDG_0000000007:ISL:SEX_FMLE:AGEGROUP_YEARSUNDER5:WEALTHQUINTILE_TOTL,1970-01-01,2026-09-07T16:10:33Z,restated_at,2026-08-05,,who.gho.mdg-0000000007,raw/who.gho.mdg-0000000007/2026/09/20260907T161033Z-0396663e197a.json.gz,2
who.gho.mdg-0000000007,MDG_0000000007:ISL:SEX_FMLE:AGEGROUP_YEARSUNDER5:WEALTHQUINTILE_TOTL,1970-01-01,2026-09-07T16:10:33Z,value,14.241883968,,who.gho.mdg-0000000007,raw/who.gho.mdg-0000000007/2026/09/20260907T161033Z-0396663e197a.json.gz,2
who.gho.mdg-0000000007,MDG_0000000007:ISL:SEX_MLE:AGEGROUP_YEARSUNDER5:WEALTHQUINTILE_TOTL,1970-01-01,2026-09-07T16:10:12Z,high,18.910928749,,who.gho.mdg-0000000007,raw/who.gho.mdg-0000000007/2026/09/20260907T161012Z-af10f639113a.json.gz,2
who.gho.mdg-0000000007,MDG_0000000007:ISL:SEX_MLE:AGEGROUP_YEARSUNDER5:WEALTHQUINTILE_TOTL,1970-01-01,2026-09-07T16:10:12Z,low,16.382303435,,who.gho.mdg-0000000007,raw/who.gho.mdg-0000000007/2026/09/20260907T161012Z-af10f639113a.json.gz,2
who.gho.mdg-0000000007,MDG_0000000007:ISL:SEX_MLE:AGEGROUP_YEARSUNDER5:WEALTHQUINTILE_TOTL,1970-01-01,2026-09-07T16:10:12Z,restated_at,2026-08-05,,who.gho.mdg-0000000007,raw/who.gho.mdg-0000000007/2026/09/20260907T161012Z-af10f639113a.json.gz,2
who.gho.mdg-0000000007,MDG_0000000007:ISL:SEX_MLE:AGEGROUP_YEARSUNDER5:WEALTHQUINTILE_TOTL,1970-01-01,2026-09-07T16:10:12Z,value,17.594739319,,who.gho.mdg-0000000007,raw/who.gho.mdg-0000000007/2026/09/20260907T161012Z-af10f639113a.json.gz,2
who.gho.mdg-0000000007,MDG_0000000007:ISR:SEX_BTSX:AGEGROUP_YEARSUNDER5:WEALTHQUINTILE_TOTL,1970-01-01,2026-09-07T16:10:07Z,high,31.576535524,,who.gho.mdg-0000000007,raw/who.gho.mdg-0000000007/2026/09/20260907T161007Z-28c6cde3082c.json.gz,2
who.gho.mdg-0000000007,MDG_0000000007:ISR:SEX_BTSX:AGEGROUP_YEARSUNDER5:WEALTHQUINTILE_TOTL,1970-01-01,2026-09-07T16:10:07Z,low,28.199299167,,who.gho.mdg-0000000007,raw/who.gho.mdg-0000000007/2026/09/20260907T161007Z-28c6cde3082c.json.gz,2
who.gho.mdg-0000000007,MDG_0000000007:ISR:SEX_BTSX:AGEGROUP_YEARSUNDER5:WEALTHQUINTILE_TOTL,1970-01-01,2026-09-07T16:10:07Z,restated_at,2026-08-05,,who.gho.mdg-0000000007,raw/who.gho.mdg-0000000007/2026/09/20260907T161007Z-28c6cde3082c.json.gz,2
who.gho.mdg-0000000007,MDG_0000000007:ISR:SEX_BTSX:AGEGROUP_YEARSUNDER5:WEALTHQUINTILE_TOTL,1970-01-01,2026-09-07T16:10:07Z,value,30.047815023,,who.gho.mdg-0000000007,raw/who.gho.mdg-0000000007/2026/09/20260907T161007Z-28c6cde3082c.json.gz,2
who.gho.mdg-0000000007,MDG_0000000007:ISR:SEX_FMLE:AGEGROUP_YEARSUNDER5:WEALTHQUINTILE_TOTL,1970-01-01,2026-09-07T16:08:41Z,high,29.284634676,,who.gho.mdg-0000000007,raw/who.gho.mdg-0000000007/2026/09/20260907T160841Z-d67f78e4b8d9.json.gz,2
who.gho.mdg-0000000007,MDG_0000000007:ISR:SEX_FMLE:AGEGROUP_YEARSUNDER5:WEALTHQUINTILE_TOTL,1970-01-01,2026-09-07T16:08:41Z,low,25.949389059,,who.gho.mdg-0000000007,raw/who.gho.mdg-0000000007/2026/09/20260907T160841Z-d67f78e4b8d9.json.gz,2
who.gho.mdg-0000000007,MDG_0000000007:ISR:SEX_FMLE:AGEGROUP_YEARSUNDER5:WEALTHQUINTILE_TOTL,1970-01-01,2026-09-07T16:08:41Z,restated_at,2026-08-05,,who.gho.mdg-0000000007,raw/who.gho.mdg-0000000007/2026/09/20260907T160841Z-d67f78e4b8d9.json.gz,2
who.gho.mdg-0000000007,MDG_0000000007:ISR:SEX_FMLE:AGEGROUP_YEARSUNDER5:WEALTHQUINTILE_TOTL,1970-01-01,2026-09-07T16:08:41Z,value,27.74472098,,who.gho.mdg-0000000007,raw/who.gho.mdg-0000000007/2026/09/20260907T160841Z-d67f78e4b8d9.json.gz,2
who.gho.mdg-0000000007,MDG_0000000007:ISR:SEX_MLE:AGEGROUP_YEARSUNDER5:WEALTHQUINTILE_TOTL,1970-01-01,2026-09-07T16:10:21Z,high,33.96895115,,who.gho.mdg-0000000007,raw/who.gho.mdg-0000000007/2026/09/20260907T161021Z-3e9ba1677574.json.gz,2
who.gho.mdg-0000000007,MDG_0000000007:ISR:SEX_MLE:AGEGROUP_YEARSUNDER5:WEALTHQUINTILE_TOTL,1970-01-01,2026-09-07T16:10:21Z,low,30.153583835,,who.gho.mdg-0000000007,raw/who.gho.mdg-0000000007/2026/09/20260907T161021Z-3e9ba1677574.json.gz,2
who.gho.mdg-0000000007,MDG_0000000007:ISR:SEX_MLE:AGEGROUP_YEARSUNDER5:WEALTHQUINTILE_TOTL,1970-01-01,2026-09-07T16:10:21Z,restated_at,2026-08-05,,who.gho.mdg-0000000007,raw/who.gho.mdg-0000000007/2026/09/20260907T161021Z-3e9ba1677574.json.gz,2
who.gho.mdg-0000000007,MDG_0000000007:ISR:SEX_MLE:AGEGROUP_YEARSUNDER5:WEALTHQUINTILE_TOTL,1970-01-01,2026-09-07T16:10:21Z,value,32.229616559,,who.gho.mdg-0000000007,raw/who.gho.mdg-0000000007/2026/09/20260907T161021Z-3e9ba1677574.json.gz,2
who.gho.mdg-0000000007,MDG_0000000007:ITA:SEX_BTSX:AGEGROUP_YEARSUNDER5:WEALTHQUINTILE_TOTL,1970-01-01,2026-09-07T16:10:41Z,high,34.238509515,,who.gho.mdg-0000000007,raw/who.gho.mdg-0000000007/2026/09/20260907T161041Z-4752b74784e1.json.gz,2
who.gho.mdg-0000000007,MDG_0000000007:ITA:SEX_BTSX:AGEGROUP_YEARSUNDER5:WEALTHQUINTILE_TOTL,1970-01-01,2026-09-07T16:10:41Z,low,32.917901056,,who.gho.mdg-0000000007,raw/who.gho.mdg-0000000007/2026/09/20260907T161041Z-4752b74784e1.json.gz,2
who.gho.mdg-0000000007,MDG_0000000007:ITA:SEX_BTSX:AGEGROUP_YEARSUNDER5:WEALTHQUINTILE_TOTL,1970-01-01,2026-09-07T16:10:41Z,restated_at,2026-08-05,,who.gho.mdg-0000000007,raw/who.gho.mdg-0000000007/2026/09/20260907T161041Z-4752b74784e1.json.gz,2
who.gho.mdg-0000000007,MDG_0000000007:ITA:SEX_BTSX:AGEGROUP_YEARSUNDER5:WEALTHQUINTILE_TOTL,1970-01-01,2026-09-07T16:10:41Z,value,33.572300222,,who.gho.mdg-0000000007,raw/who.gho.mdg-0000000007/2026/09/20260907T161041Z-4752b74784e1.json.gz,2
who.gho.mdg-0000000007,MDG_0000000007:ITA:SEX_FMLE:AGEGROUP_YEARSUNDER5:WEALTHQUINTILE_TOTL,1970-01-01,2026-09-07T16:08:54Z,high,30.657747103,,who.gho.mdg-0000000007,raw/who.gho.mdg-0000000007/2026/09/20260907T160854Z-e3873ac72928.json.gz,2
who.gho.mdg-0000000007,MDG_0000000007:ITA:SEX_FMLE:AGEGROUP_YEARSUNDER5:WEALTHQUINTILE_TOTL,1970-01-01,2026-09-07T16:08:54Z,low,29.38944905,,who.gho.mdg-0000000007,raw/who.gho.mdg-0000000007/2026/09/20260907T160854Z-e3873ac72928.json.gz,2
who.gho.mdg-0000000007,MDG_0000000007:ITA:SEX_FMLE:AGEGROUP_YEARSUNDER5:WEALTHQUINTILE_TOTL,1970-01-01,2026-09-07T16:08:54Z,restated_at,2026-08-05,,who.gho.mdg-0000000007,raw/who.gho.mdg-0000000007/2026/09/20260907T160854Z-e3873ac72928.json.gz,2
who.gho.mdg-0000000007,MDG_0000000007:ITA:SEX_FMLE:AGEGROUP_YEARSUNDER5:WEALTHQUINTILE_TOTL,1970-01-01,2026-09-07T16:08:54Z,value,30.012483993,,who.gho.mdg-0000000007,raw/who.gho.mdg-0000000007/2026/09/20260907T160854Z-e3873ac72928.json.gz,2
who.gho.mdg-0000000007,MDG_0000000007:ITA:SEX_MLE:AGEGROUP_YEARSUNDER5:WEALTHQUINTILE_TOTL,1970-01-01,2026-09-07T16:09:54Z,high,37.722735412,,who.gho.mdg-0000000007,raw/who.gho.mdg-0000000007/2026/09/20260907T160954Z-3426e3999bb4.json.gz,2
who.gho.mdg-0000000007,MDG_0000000007:ITA:SEX_MLE:AGEGROUP_YEARSUNDER5:WEALTHQUINTILE_TOTL,1970-01-01,2026-09-07T16:09:54Z,low,36.206969215,,who.gho.mdg-0000000007,raw/who.gho.mdg-0000000007/2026/09/20260907T160954Z-3426e3999bb4.json.gz,2
who.gho.mdg-0000000007,MDG_0000000007:ITA:SEX_MLE:AGEGROUP_YEARSUNDER5:WEALTHQUINTILE_TOTL,1970-01-01,2026-09-07T16:09:54Z,restated_at,2026-08-05,,who.gho.mdg-0000000007,raw/who.gho.mdg-0000000007/2026/09/20260907T160954Z-3426e3999bb4.json.gz,2
who.gho.mdg-0000000007,MDG_0000000007:ITA:SEX_MLE:AGEGROUP_YEARSUNDER5:WEALTHQUINTILE_TOTL,1970-01-01,2026-09-07T16:09:54Z,value,36.95672911,,who.gho.mdg-0000000007,raw/who.gho.mdg-0000000007/2026/09/20260907T160954Z-3426e3999bb4.json.gz,2
who.gho.mdg-0000000007,MDG_0000000007:JAM:SEX_BTSX:AGEGROUP_YEARSUNDER5:WEALTHQUINTILE_TOTL,1970-01-01,2026-09-07T16:05:57Z,high,64.734780583,,who.gho.mdg-0000000007,raw/who.gho.mdg-0000000007/2026/09/20260907T160557Z-c8e786907d46.json.gz,2
who.gho.mdg-0000000007,MDG_0000000007:JAM:SEX_BTSX:AGEGROUP_YEARSUNDER5:WEALTHQUINTILE_TOTL,1970-01-01,2026-09-07T16:05:57Z,low,48.535487707,,who.gho.mdg-0000000007,raw/who.gho.mdg-0000000007/2026/09/20260907T160557Z-c8e786907d46.json.gz,2
who.gho.mdg-0000000007,MDG_0000000007:JAM:SEX_BTSX:AGEGROUP_YEARSUNDER5:WEALTHQUINTILE_TOTL,1970-01-01,2026-09-07T16:05:57Z,restated_at,2026-08-05,,who.gho.mdg-0000000007,raw/who.gho.mdg-0000000007/2026/09/20260907T160557Z-c8e786907d46.json.gz,2
who.gho.mdg-0000000007,MDG_0000000007:JAM:SEX_BTSX:AGEGROUP_YEARSUNDER5:WEALTHQUINTILE_TOTL,1970-01-01,2026-09-07T16:05:57Z,value,56.14982029,,who.gho.mdg-0000000007,raw/who.gho.mdg-0000000007/2026/09/20260907T160557Z-c8e786907d46.json.gz,2
who.gho.mdg-0000000007,MDG_0000000007:JAM:SEX_FMLE:AGEGROUP_YEARSUNDER5:WEALTHQUINTILE_TOTL,1970-01-01,2026-09-07T16:05:22Z,high,58.625021102,,who.gho.mdg-0000000007,raw/who.gho.mdg-0000000007/2026/09/20260907T160522Z-2bd49e664eea.json.gz,2
who.gho.mdg-0000000007,MDG_0000000007:JAM:SEX_FMLE:AGEGROUP_YEARSUNDER5:WEALTHQUINTILE_TOTL,1970-01-01,2026-09-07T16:05:22Z,low,43.325694163,,who.gho.mdg-0000000007,raw/who.gho.mdg-0000000007/2026/09/20260907T160522Z-2bd49e664eea.json.gz,2
who.gho.mdg-0000000007,MDG_0000000007:JAM:SEX_FMLE:AGEGROUP_YEARSUNDER5:WEALTHQUINTILE_TOTL,1970-01-01,2026-09-07T16:05:22Z,restated_at,2026-08-05,,who.gho.mdg-0000000007,raw/who.gho.mdg-0000000007/2026/09/20260907T160522Z-2bd49e664eea.json.gz,2
who.gho.mdg-0000000007,MDG_0000000007:JAM:SEX_FMLE:AGEGROUP_YEARSUNDER5:WEALTHQUINTILE_TOTL,1970-01-01,2026-09-07T16:05:22Z,value,50.517860989,,who.gho.mdg-0000000007,raw/who.gho.mdg-0000000007/2026/09/20260907T160522Z-2bd49e664eea.json.gz,2
who.gho.mdg-0000000007,MDG_0000000007:JAM:SEX_MLE:AGEGROUP_YEARSUNDER5:WEALTHQUINTILE_TOTL,1970-01-01,2026-09-07T16:06:34Z,high,71.134299194,,who.gho.mdg-0000000007,raw/who.gho.mdg-0000000007/2026/09/20260907T160634Z-2774fa4e213c.json.gz,2
who.gho.mdg-0000000007,MDG_0000000007:JAM:SEX_MLE:AGEGROUP_YEARSUNDER5:WEALTHQUINTILE_TOTL,1970-01-01,2026-09-07T16:06:34Z,low,52.996390754,,who.gho.mdg-0000000007,raw/who.gho.mdg-0000000007/2026/09/20260907T160634Z-2774fa4e213c.json.gz,2
who.gho.mdg-0000000007,MDG_0000000007:JAM:SEX_MLE:AGEGROUP_YEARSUNDER5:WEALTHQUINTILE_TOTL,1970-01-01,2026-09-07T16:06:34Z,restated_at,2026-08-05,,who.gho.mdg-0000000007,raw/who.gho.mdg-0000000007/2026/09/20260907T160634Z-2774fa4e213c.json.gz,2
who.gho.mdg-0000000007,MDG_0000000007:JAM:SEX_MLE:AGEGROUP_YEARSUNDER5:WEALTHQUINTILE_TOTL,1970-01-01,2026-09-07T16:06:34Z,value,61.518309118,,who.gho.mdg-0000000007,raw/who.gho.mdg-0000000007/2026/09/20260907T160634Z-2774fa4e213c.json.gz,2
who.gho.mdg-0000000007,MDG_0000000007:JOR:SEX_BTSX:AGEGROUP_YEARSUNDER5:WEALTHQUINTILE_TOTL,1970-01-01,2026-09-07T16:05:35Z,high,96.326958807,,who.gho.mdg-0000000007,raw/who.gho.mdg-0000000007/2026/09/20260907T160535Z-bcafb05f6fe8.json.gz,2
who.gho.mdg-0000000007,MDG_0000000007:JOR:SEX_BTSX:AGEGROUP_YEARSUNDER5:WEALTHQUINTILE_TOTL,1970-01-01,2026-09-07T16:05:35Z,low,83.781881773,,who.gho.mdg-0000000007,raw/who.gho.mdg-0000000007/2026/09/20260907T160535Z-bcafb05f6fe8.json.gz,2
who.gho.mdg-0000000007,MDG_0000000007:JOR:SEX_BTSX:AGEGROUP_YEARSUNDER5:WEALTHQUINTILE_TOTL,1970-01-01,2026-09-07T16:05:35Z,restated_at,2026-08-05,,who.gho.mdg-0000000007,raw/who.gho.mdg-0000000007/2026/09/20260907T160535Z-bcafb05f6fe8.json.gz,2
who.gho.mdg-0000000007,MDG_0000000007:JOR:SEX_BTSX:AGEGROUP_YEARSUNDER5:WEALTHQUINTILE_TOTL,1970-01-01,2026-09-07T16:05:35Z,value,89.828974741,,who.gho.mdg-0000000007,raw/who.gho.mdg-0000000007/2026/09/20260907T160535Z-bcafb05f6fe8.json.gz,2
who.gho.mdg-0000000007,MDG_0000000007:JOR:SEX_FMLE:AGEGROUP_YEARSUNDER5:WEALTHQUINTILE_TOTL,1970-01-01,2026-09-07T16:08:54Z,high,97.269401,,who.gho.mdg-0000000007,raw/who.gho.mdg-0000000007/2026/09/20260907T160854Z-e3873ac72928.json.gz,2
who.gho.mdg-0000000007,MDG_0000000007:JOR:SEX_FMLE:AGEGROUP_YEARSUNDER5:WEALTHQUINTILE_TOTL,1970-01-01,2026-09-07T16:08:54Z,low,84.056783684,,who.gho.mdg-0000000007,raw/who.gho.mdg-0000000007/2026/09/20260907T160854Z-e3873ac72928.json.gz,2
who.gho.mdg-0000000007,MDG_0000000007:JOR:SEX_FMLE:AGEGROUP_YEARSUNDER5:WEALTHQUINTILE_TOTL,1970-01-01,2026-09-07T16:08:54Z,restated_at,2026-08-05,,who.gho.mdg-0000000007,raw/who.gho.mdg-0000000007/2026/09/20260907T160854Z-e3873ac72928.json.gz,2
who.gho.mdg-0000000007,MDG_0000000007:JOR:SEX_FMLE:AGEGROUP_YEARSUNDER5:WEALTHQUINTILE_TOTL,1970-01-01,2026-09-07T16:08:54Z,value,90.380333535,,who.gho.mdg-0000000007,raw/who.gho.mdg-0000000007/2026/09/20260907T160854Z-e3873ac72928.json.gz,2
who.gho.mdg-0000000007,MDG_0000000007:JOR:SEX_MLE:AGEGROUP_YEARSUNDER5:WEALTHQUINTILE_TOTL,1970-01-01,2026-09-07T16:08:41Z,high,96.201688476,,who.gho.mdg-0000000007,raw/who.gho.mdg-0000000007/2026/09/20260907T160841Z-d67f78e4b8d9.json.gz,2
who.gho.mdg-0000000007,MDG_0000000007:JOR:SEX_MLE:AGEGROUP_YEARSUNDER5:WEALTHQUINTILE_TOTL,1970-01-01,2026-09-07T16:08:41Z,low,82.995324958,,who.gho.mdg-0000000007,raw/who.gho.mdg-0000000007/2026/09/20260907T160841Z-d67f78e4b8d9.json.gz,2
who.gho.mdg-0000000007,MDG_0000000007:JOR:SEX_MLE:AGEGROUP_YEARSUNDER5:WEALTHQUINTILE_TOTL,1970-01-01,2026-09-07T16:08:41Z,restated_at,2026-08-05,,who.gho.mdg-0000000007,raw/who.gho.mdg-0000000007/2026/09/20260907T160841Z-d67f78e4b8d9.json.gz,2
who.gho.mdg-0000000007,MDG_0000000007:JOR:SEX_MLE:AGEGROUP_YEARSUNDER5:WEALTHQUINTILE_TOTL,1970-01-01,2026-09-07T16:08:41Z,value,89.319824951,,who.gho.mdg-0000000007,raw/who.gho.mdg-0000000007/2026/09/20260907T160841Z-d67f78e4b8d9.json.gz,2
who.gho.mdg-0000000007,MDG_0000000007:JPN:SEX_BTSX:AGEGROUP_YEARSUNDER5:WEALTHQUINTILE_TOTL,1970-01-01,2026-09-07T16:09:41Z,high,17.786451719,,who.gho.mdg-0000000007,raw/who.gho.mdg-0000000007/2026/09/20260907T160941Z-845bd0fc2e92.json.gz,2
who.gho.mdg-0000000007,MDG_0000000007:JPN:SEX_BTSX:AGEGROUP_YEARSUNDER5:WEALTHQUINTILE_TOTL,1970-01-01,2026-09-07T16:09:41Z,low,17.133371514,,who.gho.mdg-0000000007,raw/who.gho.mdg-0000000007/2026/09/20260907T160941Z-845bd0fc2e92.json.gz,2
who.gho.mdg-0000000007,MDG_0000000007:JPN:SEX_BTSX:AGEGROUP_YEARSUNDER5:WEALTHQUINTILE_TOTL,1970-01-01,2026-09-07T16:09:41Z,restated_at,2026-08-05,,who.gho.mdg-0000000007,raw/who.gho.mdg-0000000007/2026/09/20260907T160941Z-845bd0fc2e92.json.gz,2
who.gho.mdg-0000000007,MDG_0000000007:JPN:SEX_BTSX:AGEGROUP_YEARSUNDER5:WEALTHQUINTILE_TOTL,1970-01-01,2026-09-07T16:09:41Z,value,17.452340633,,who.gho.mdg-0000000007,raw/who.gho.mdg-0000000007/2026/09/20260907T160941Z-845bd0fc2e92.json.gz,2
who.gho.mdg-0000000007,MDG_0000000007:JPN:SEX_FMLE:AGEGROUP_YEARSUNDER5:WEALTHQUINTILE_TOTL,1970-01-01,2026-09-07T16:08:54Z,high,15.485663195,,who.gho.mdg-0000000007,raw/who.gho.mdg-0000000007/2026/09/20260907T160854Z-e3873ac72928.json.gz,2
who.gho.mdg-0000000007,MDG_0000000007:JPN:SEX_FMLE:AGEGROUP_YEARSUNDER5:WEALTHQUINTILE_TOTL,1970-01-01,2026-09-07T16:08:54Z,low,14.869443846,,who.gho.mdg-0000000007,raw/who.gho.mdg-0000000007/2026/09/20260907T160854Z-e3873ac72928.json.gz,2
who.gho.mdg-0000000007,MDG_0000000007:JPN:SEX_FMLE:AGEGROUP_YEARSUNDER5:WEALTHQUINTILE_TOTL,1970-01-01,2026-09-07T16:08:54Z,restated_at,2026-08-05,,who.gho.mdg-0000000007,raw/who.gho.mdg-0000000007/2026/09/20260907T160854Z-e3873ac72928.json.gz,2
who.gho.mdg-0000000007,MDG_0000000007:JPN:SEX_FMLE:AGEGROUP_YEARSUNDER5:WEALTHQUINTILE_TOTL,1970-01-01,2026-09-07T16:08:54Z,value,15.169826628,,who.gho.mdg-0000000007,raw/who.gho.mdg-0000000007/2026/09/20260907T160854Z-e3873ac72928.json.gz,2
who.gho.mdg-0000000007,MDG_0000000007:JPN:SEX_MLE:AGEGROUP_YEARSUNDER5:WEALTHQUINTILE_TOTL,1970-01-01,2026-09-07T16:10:41Z,high,20.016817512,,who.gho.mdg-0000000007,raw/who.gho.mdg-0000000007/2026/09/20260907T161041Z-4752b74784e1.json.gz,2
who.gho.mdg-0000000007,MDG_0000000007:JPN:SEX_MLE:AGEGROUP_YEARSUNDER5:WEALTHQUINTILE_TOTL,1970-01-01,2026-09-07T16:10:41Z,low,19.254592021,,who.gho.mdg-0000000007,raw/who.gho.mdg-0000000007/2026/09/20260907T161041Z-4752b74784e1.json.gz,2
who.gho.mdg-0000000007,MDG_0000000007:JPN:SEX_MLE:AGEGROUP_YEARSUNDER5:WEALTHQUINTILE_TOTL,1970-01-01,2026-09-07T16:10:41Z,restated_at,2026-08-05,,who.gho.mdg-0000000007,raw/who.gho.mdg-0000000007/2026/09/20260907T161041Z-4752b74784e1.json.gz,2
who.gho.mdg-0000000007,MDG_0000000007:JPN:SEX_MLE:AGEGROUP_YEARSUNDER5:WEALTHQUINTILE_TOTL,1970-01-01,2026-09-07T16:10:41Z,value,19.629012942,,who.gho.mdg-0000000007,raw/who.gho.mdg-0000000007/2026/09/20260907T161041Z-4752b74784e1.json.gz,2
who.gho.mdg-0000000007,MDG_0000000007:KEN:SEX_BTSX:AGEGROUP_YEARSUNDER5:WEALTHQUINTILE_TOTL,1970-01-01,2026-09-07T16:10:07Z,high,161.341985487,,who.gho.mdg-0000000007,raw/who.gho.mdg-0000000007/2026/09/20260907T161007Z-28c6cde3082c.json.gz,2
who.gho.mdg-0000000007,MDG_0000000007:KEN:SEX_BTSX:AGEGROUP_YEARSUNDER5:WEALTHQUINTILE_TOTL,1970-01-01,2026-09-07T16:10:07Z,low,140.057703521,,who.gho.mdg-0000000007,raw/who.gho.mdg-0000000007/2026/09/20260907T161007Z-28c6cde3082c.json.gz,2
who.gho.mdg-0000000007,MDG_0000000007:KEN:SEX_BTSX:AGEGROUP_YEARSUNDER5:WEALTHQUINTILE_TOTL,1970-01-01,2026-09-07T16:10:07Z,restated_at,2026-08-05,,who.gho.mdg-0000000007,raw/who.gho.mdg-0000000007/2026/09/20260907T161007Z-28c6cde3082c.json.gz,2
who.gho.mdg-0000000007,MDG_0000000007:KEN:SEX_BTSX:AGEGROUP_YEARSUNDER5:WEALTHQUINTILE_TOTL,1970-01-01,2026-09-07T16:10:07Z,value,150.221703301,,who.gho.mdg-0000000007,raw/who.gho.mdg-0000000007/2026/09/20260907T161007Z-28c6cde3082c.json.gz,2
who.gho.mdg-0000000007,MDG_0000000007:KEN:SEX_FMLE:AGEGROUP_YEARSUNDER5:WEALTHQUINTILE_TOTL,1970-01-01,2026-09-07T16:09:38Z,high,154.230770922,,who.gho.mdg-0000000007,raw/who.gho.mdg-0000000007/2026/09/20260907T160938Z-81612038db74.json.gz,2
who.gho.mdg-0000000007,MDG_0000000007:KEN:SEX_FMLE:AGEGROUP_YEARSUNDER5:WEALTHQUINTILE_TOTL,1970-01-01,2026-09-07T16:09:38Z,low,133.015902234,,who.gho.mdg-0000000007,raw/who.gho.mdg-0000000007/2026/09/20260907T160938Z-81612038db74.json.gz,2
who.gho.mdg-0000000007,MDG_0000000007:KEN:SEX_FMLE:AGEGROUP_YEARSUNDER5:WEALTHQUINTILE_TOTL,1970-01-01,2026-09-07T16:09:38Z,restated_at,2026-08-05,,who.gho.mdg-0000000007,raw/who.gho.mdg-0000000007/2026/09/20260907T160938Z-81612038db74.json.gz,2
who.gho.mdg-0000000007,MDG_0000000007:KEN:SEX_FMLE:AGEGROUP_YEARSUNDER5:WEALTHQUINTILE_TOTL,1970-01-01,2026-09-07T16:09:38Z,value,143.216840554,,who.gho.mdg-0000000007,raw/who.gho.mdg-0000000007/2026/09/20260907T160938Z-81612038db74.json.gz,2
who.gho.mdg-0000000007,MDG_0000000007:KEN:SEX_MLE:AGEGROUP_YEARSUNDER5:WEALTHQUINTILE_TOTL,1970-01-01,2026-09-07T16:10:37Z,high,169.126440907,,who.gho.mdg-0000000007,raw/who.gho.mdg-0000000007/2026/09/20260907T161037Z-dfd3d6a5a745.json.gz,2
who.gho.mdg-0000000007,MDG_0000000007:KEN:SEX_MLE:AGEGROUP_YEARSUNDER5:WEALTHQUINTILE_TOTL,1970-01-01,2026-09-07T16:10:37Z,low,145.644761801,,who.gho.mdg-0000000007,raw/who.gho.mdg-0000000007/2026/09/20260907T161037Z-dfd3d6a5a745.json.gz,2
who.gho.mdg-0000000007,MDG_0000000007:KEN:SEX_MLE:AGEGROUP_YEARSUNDER5:WEALTHQUINTILE_TOTL,1970-01-01,2026-09-07T16:10:37Z,restated_at,2026-08-05,,who.gho.mdg-0000000007,raw/who.gho.mdg-0000000007/2026/09/20260907T161037Z-dfd3d6a5a745.json.gz,2
who.gho.mdg-0000000007,MDG_0000000007:KEN:SEX_MLE:AGEGROUP_YEARSUNDER5:WEALTHQUINTILE_TOTL,1970-01-01,2026-09-07T16:10:37Z,value,156.823794998,,who.gho.mdg-0000000007,raw/who.gho.mdg-0000000007/2026/09/20260907T161037Z-dfd3d6a5a745.json.gz,2
who.gho.mdg-0000000007,MDG_0000000007:KIR:SEX_BTSX:AGEGROUP_YEARSUNDER5:WEALTHQUINTILE_TOTL,1970-01-01,2026-09-07T16:09:22Z,high,158.202971373,,who.gho.mdg-0000000007,raw/who.gho.mdg-0000000007/2026/09/20260907T160922Z-b03be7779b07.json.gz,2
who.gho.mdg-0000000007,MDG_0000000007:KIR:SEX_BTSX:AGEGROUP_YEARSUNDER5:WEALTHQUINTILE_TOTL,1970-01-01,2026-09-07T16:09:22Z,low,125.21444287,,who.gho.mdg-0000000007,raw/who.gho.mdg-0000000007/2026/09/20260907T160922Z-b03be7779b07.json.gz,2
who.gho.mdg-0000000007,MDG_0000000007:KIR:SEX_BTSX:AGEGROUP_YEARSUNDER5:WEALTHQUINTILE_TOTL,1970-01-01,2026-09-07T16:09:22Z,restated_at,2026-08-05,,who.gho.mdg-0000000007,raw/who.gho.mdg-0000000007/2026/09/20260907T160922Z-b03be7779b07.json.gz,2
who.gho.mdg-0000000007,MDG_0000000007:KIR:SEX_BTSX:AGEGROUP_YEARSUNDER5:WEALTHQUINTILE_TOTL,1970-01-01,2026-09-07T16:09:22Z,value,140.846106266,,who.gho.mdg-0000000007,raw/who.gho.mdg-0000000007/2026/09/20260907T160922Z-b03be7779b07.json.gz,2
who.gho.mdg-0000000007,MDG_0000000007:KIR:SEX_FMLE:AGEGROUP_YEARSUNDER5:WEALTHQUINTILE_TOTL,1970-01-01,2026-09-07T16:05:57Z,high,150.209603597,,who.gho.mdg-0000000007,raw/who.gho.mdg-0000000007/2026/09/20260907T160557Z-c8e786907d46.json.gz,2
who.gho.mdg-0000000007,MDG_0000000007:KIR:SEX_FMLE:AGEGROUP_YEARSUNDER5:WEALTHQUINTILE_TOTL,1970-01-01,2026-09-07T16:05:57Z,low,117.816376857,,who.gho.mdg-0000000007,raw/who.gho.mdg-0000000007/2026/09/20260907T160557Z-c8e786907d46.json.gz,2
who.gho.mdg-0000000007,MDG_0000000007:KIR:SEX_FMLE:AGEGROUP_YEARSUNDER5:WEALTHQUINTILE_TOTL,1970-01-01,2026-09-07T16:05:57Z,restated_at,2026-08-05,,who.gho.mdg-0000000007,raw/who.gho.mdg-0000000007/2026/09/20260907T160557Z-c8e786907d46.json.gz,2
who.gho.mdg-0000000007,MDG_0000000007:KIR:SEX_FMLE:AGEGROUP_YEARSUNDER5:WEALTHQUINTILE_TOTL,1970-01-01,2026-09-07T16:05:57Z,value,132.890361057,,who.gho.mdg-0000000007,raw/who.gho.mdg-0000000007/2026/09/20260907T160557Z-c8e786907d46.json.gz,2
who.gho.mdg-0000000007,MDG_0000000007:KIR:SEX_MLE:AGEGROUP_YEARSUNDER5:WEALTHQUINTILE_TOTL,1970-01-01,2026-09-07T16:09:08Z,high,167.430156393,,who.gho.mdg-0000000007,raw/who.gho.mdg-0000000007/2026/09/20260907T160908Z-96acbc2bc7cb.json.gz,2
who.gho.mdg-0000000007,MDG_0000000007:KIR:SEX_MLE:AGEGROUP_YEARSUNDER5:WEALTHQUINTILE_TOTL,1970-01-01,2026-09-07T16:09:08Z,low,131.075593101,,who.gho.mdg-0000000007,raw/who.gho.mdg-0000000007/2026/09/20260907T160908Z-96acbc2bc7cb.json.gz,2
who.gho.mdg-0000000007,MDG_0000000007:KIR:SEX_MLE:AGEGROUP_YEARSUNDER5:WEALTHQUINTILE_TOTL,1970-01-01,2026-09-07T16:09:08Z,restated_at,2026-08-05,,who.gho.mdg-0000000007,raw/who.gho.mdg-0000000007/2026/09/20260907T160908Z-96acbc2bc7cb.json.gz,2
who.gho.mdg-0000000007,MDG_0000000007:KIR:SEX_MLE:AGEGROUP_YEARSUNDER5:WEALTHQUINTILE_TOTL,1970-01-01,2026-09-07T16:09:08Z,value,148.284406496,,who.gho.mdg-0000000007,raw/who.gho.mdg-0000000007/2026/09/20260907T160908Z-96acbc2bc7cb.json.gz,2
who.gho.mdg-0000000007,MDG_0000000007:KOR:SEX_BTSX:AGEGROUP_YEARSUNDER5:WEALTHQUINTILE_TOTL,1970-01-01,2026-09-07T16:10:07Z,high,66.212930631,,who.gho.mdg-0000000007,raw/who.gho.mdg-0000000007/2026/09/20260907T161007Z-28c6cde3082c.json.gz,2
who.gho.mdg-0000000007,MDG_0000000007:KOR:SEX_BTSX:AGEGROUP_YEARSUNDER5:WEALTHQUINTILE_TOTL,1970-01-01,2026-09-07T16:10:07Z,low,57.208263052,,who.gho.mdg-0000000007,raw/who.gho.mdg-0000000007/2026/09/20260907T161007Z-28c6cde3082c.json.gz,2
who.gho.mdg-0000000007,MDG_0000000007:KOR:SEX_BTSX:AGEGROUP_YEARSUNDER5:WEALTHQUINTILE_TOTL,1970-01-01,2026-09-07T16:10:07Z,restated_at,2026-08-05,,who.gho.mdg-0000000007,raw/who.gho.mdg-0000000007/2026/09/20260907T161007Z-28c6cde3082c.json.gz,2
who.gho.mdg-0000000007,MDG_0000000007:KOR:SEX_BTSX:AGEGROUP_YEARSUNDER5:WEALTHQUINTILE_TOTL,1970-01-01,2026-09-07T16:10:07Z,value,61.364822435,,who.gho.mdg-0000000007,raw/who.gho.mdg-0000000007/2026/09/20260907T161007Z-28c6cde3082c.json.gz,2
who.gho.mdg-0000000007,MDG_0000000007:KOR:SEX_FMLE:AGEGROUP_YEARSUNDER5:WEALTHQUINTILE_TOTL,1970-01-01,2026-09-07T16:06:26Z,high,62.730641032,,who.gho.mdg-0000000007,raw/who.gho.mdg-0000000007/2026/09/20260907T160626Z-083ef708c2ee.json.gz,2
who.gho.mdg-0000000007,MDG_0000000007:KOR:SEX_FMLE:AGEGROUP_YEARSUNDER5:WEALTHQUINTILE_TOTL,1970-01-01,2026-09-07T16:06:26Z,low,53.237349871,,who.gho.mdg-0000000007,raw/who.gho.mdg-0000000007/2026/09/20260907T160626Z-083ef708c2ee.json.gz,2
who.gho.mdg-0000000007,MDG_0000000007:KOR:SEX_FMLE:AGEGROUP_YEARSUNDER5:WEALTHQUINTILE_TOTL,1970-01-01,2026-09-07T16:06:26Z,restated_at,2026-08-05,,who.gho.mdg-0000000007,raw/who.gho.mdg-0000000007/2026/09/20260907T160626Z-083ef708c2ee.json.gz,2
who.gho.mdg-0000000007,MDG_0000000007:KOR:SEX_FMLE:AGEGROUP_YEARSUNDER5:WEALTHQUINTILE_TOTL,1970-01-01,2026-09-07T16:06:26Z,value,57.606944908,,who.gho.mdg-0000000007,raw/who.gho.mdg-0000000007/2026/09/20260907T160626Z-083ef708c2ee.json.gz,2
who.gho.mdg-0000000007,MDG_0000000007:KOR:SEX_MLE:AGEGROUP_YEARSUNDER5:WEALTHQUINTILE_TOTL,1970-01-01,2026-09-07T16:11:26Z,high,70.419152231,,who.gho.mdg-0000000007,raw/who.gho.mdg-0000000007/2026/09/20260907T161126Z-f3f9061ab4f7.json.gz,2
who.gho.mdg-0000000007,MDG_0000000007:KOR:SEX_MLE:AGEGROUP_YEARSUNDER5:WEALTHQUINTILE_TOTL,1970-01-01,2026-09-07T16:11:26Z,low,60.116711,,who.gho.mdg-0000000007,raw/who.gho.mdg-0000000007/2026/09/20260907T161126Z-f3f9061ab4f7.json.gz,2
who.gho.mdg-0000000007,MDG_0000000007:KOR:SEX_MLE:AGEGROUP_YEARSUNDER5:WEALTHQUINTILE_TOTL,1970-01-01,2026-09-07T16:11:26Z,restated_at,2026-08-05,,who.gho.mdg-0000000007,raw/who.gho.mdg-0000000007/2026/09/20260907T161126Z-f3f9061ab4f7.json.gz,2
who.gho.mdg-0000000007,MDG_0000000007:KOR:SEX_MLE:AGEGROUP_YEARSUNDER5:WEALTHQUINTILE_TOTL,1970-01-01,2026-09-07T16:11:26Z,value,64.930702584,,who.gho.mdg-0000000007,raw/who.gho.mdg-0000000007/2026/09/20260907T161126Z-f3f9061ab4f7.json.gz,2
who.gho.mdg-0000000007,MDG_0000000007:KWT:SEX_BTSX:AGEGROUP_YEARSUNDER5:WEALTHQUINTILE_TOTL,1970-01-01,2026-09-07T16:05:18Z,high,76.844436626,,who.gho.mdg-0000000007,raw/who.gho.mdg-0000000007/2026/09/20260907T160518Z-f66c8acba372.json.gz,2
who.gho.mdg-0000000007,MDG_0000000007:KWT:SEX_BTSX:AGEGROUP_YEARSUNDER5:WEALTHQUINTILE_TOTL,1970-01-01,2026-09-07T16:05:18Z,low,63.727112046,,who.gho.mdg-0000000007,raw/who.gho.mdg-0000000007/2026/09/20260907T160518Z-f66c8acba372.json.gz,2
who.gho.mdg-0000000007,MDG_0000000007:KWT:SEX_BTSX:AGEGROUP_YEARSUNDER5:WEALTHQUINTILE_TOTL,1970-01-01,2026-09-07T16:05:18Z,restated_at,2026-08-05,,who.gho.mdg-0000000007,raw/who.gho.mdg-0000000007/2026/09/20260907T160518Z-f66c8acba372.json.gz,2
who.gho.mdg-0000000007,MDG_0000000007:KWT:SEX_BTSX:AGEGROUP_YEARSUNDER5:WEALTHQUINTILE_TOTL,1970-01-01,2026-09-07T16:05:18Z,value,70.1335237,,who.gho.mdg-0000000007,raw/who.gho.mdg-0000000007/2026/09/20260907T160518Z-f66c8acba372.json.gz,2
who.gho.mdg-0000000007,MDG_0000000007:KWT:SEX_FMLE:AGEGROUP_YEARSUNDER5:WEALTHQUINTILE_TOTL,1970-01-01,2026-09-07T16:10:17Z,high,72.066187079,,who.gho.mdg-0000000007,raw/who.gho.mdg-0000000007/2026/09/20260907T161017Z-ca4dbf4e12d6.json.gz,2
who.gho.mdg-0000000007,MDG_0000000007:KWT:SEX_FMLE:AGEGROUP_YEARSUNDER5:WEALTHQUINTILE_TOTL,1970-01-01,2026-09-07T16:10:17Z,low,59.200350448,,who.gho.mdg-0000000007,raw/who.gho.mdg-0000000007/2026/09/20260907T161017Z-ca4dbf4e12d6.json.gz,2
who.gho.mdg-0000000007,MDG_0000000007:KWT:SEX_FMLE:AGEGROUP_YEARSUNDER5:WEALTHQUINTILE_TOTL,1970-01-01,2026-09-07T16:10:17Z,restated_at,2026-08-05,,who.gho.mdg-0000000007,raw/who.gho.mdg-0000000007/2026/09/20260907T161017Z-ca4dbf4e12d6.json.gz,2
who.gho.mdg-0000000007,MDG_0000000007:KWT:SEX_FMLE:AGEGROUP_YEARSUNDER5:WEALTHQUINTILE_TOTL,1970-01-01,2026-09-07T16:10:17Z,value,65.591216096,,who.gho.mdg-0000000007,raw/who.gho.mdg-0000000007/2026/09/20260907T161017Z-ca4dbf4e12d6.json.gz,2
who.gho.mdg-0000000007,MDG_0000000007:KWT:SEX_MLE:AGEGROUP_YEARSUNDER5:WEALTHQUINTILE_TOTL,1970-01-01,2026-09-07T16:11:06Z,high,81.637002135,,who.gho.mdg-0000000007,raw/who.gho.mdg-0000000007/2026/09/20260907T161106Z-078c7101acce.json.gz,2
who.gho.mdg-0000000007,MDG_0000000007:KWT:SEX_MLE:AGEGROUP_YEARSUNDER5:WEALTHQUINTILE_TOTL,1970-01-01,2026-09-07T16:11:06Z,low,67.557059357,,who.gho.mdg-0000000007,raw/who.gho.mdg-0000000007/2026/09/20260907T161106Z-078c7101acce.json.gz,2
who.gho.mdg-0000000007,MDG_0000000007:KWT:SEX_MLE:AGEGROUP_YEARSUNDER5:WEALTHQUINTILE_TOTL,1970-01-01,2026-09-07T16:11:06Z,restated_at,2026-08-05,,who.gho.mdg-0000000007,raw/who.gho.mdg-0000000007/2026/09/20260907T161106Z-078c7101acce.json.gz,2
who.gho.mdg-0000000007,MDG_0000000007:KWT:SEX_MLE:AGEGROUP_YEARSUNDER5:WEALTHQUINTILE_TOTL,1970-01-01,2026-09-07T16:11:06Z,value,74.378999162,,who.gho.mdg-0000000007,raw/who.gho.mdg-0000000007/2026/09/20260907T161106Z-078c7101acce.json.gz,2
who.gho.mdg-0000000007,MDG_0000000007:LBN:SEX_BTSX:AGEGROUP_YEARSUNDER5:WEALTHQUINTILE_TOTL,1970-01-01,2026-09-07T16:11:14Z,high,72.624324251,,who.gho.mdg-0000000007,raw/who.gho.mdg-0000000007/2026/09/20260907T161114Z-c1ae2408f442.json.gz,2
who.gho.mdg-0000000007,MDG_0000000007:LBN:SEX_BTSX:AGEGROUP_YEARSUNDER5:WEALTHQUINTILE_TOTL,1970-01-01,2026-09-07T16:11:14Z,low,50.058356258,,who.gho.mdg-0000000007,raw/who.gho.mdg-0000000007/2026/09/20260907T161114Z-c1ae2408f442.json.gz,2
who.gho.mdg-0000000007,MDG_0000000007:LBN:SEX_BTSX:AGEGROUP_YEARSUNDER5:WEALTHQUINTILE_TOTL,1970-01-01,2026-09-07T16:11:14Z,restated_at,2026-08-05,,who.gho.mdg-0000000007,raw/who.gho.mdg-0000000007/2026/09/20260907T161114Z-c1ae2408f442.json.gz,2
who.gho.mdg-0000000007,MDG_0000000007:LBN:SEX_BTSX:AGEGROUP_YEARSUNDER5:WEALTHQUINTILE_TOTL,1970-01-01,2026-09-07T16:11:14Z,value,60.112557202,,who.gho.mdg-0000000007,raw/who.gho.mdg-0000000007/2026/09/20260907T161114Z-c1ae2408f442.json.gz,2
who.gho.mdg-0000000007,MDG_0000000007:LBN:SEX_FMLE:AGEGROUP_YEARSUNDER5:WEALTHQUINTILE_TOTL,1970-01-01,2026-09-07T16:10:17Z,high,68.106978485,,who.gho.mdg-0000000007,raw/who.gho.mdg-0000000007/2026/09/20260907T161017Z-ca4dbf4e12d6.json.gz,2
who.gho.mdg-0000000007,MDG_0000000007:LBN:SEX_FMLE:AGEGROUP_YEARSUNDER5:WEALTHQUINTILE_TOTL,1970-01-01,2026-09-07T16:10:17Z,low,46.22292647,,who.gho.mdg-0000000007,raw/who.gho.mdg-0000000007/2026/09/20260907T161017Z-ca4dbf4e12d6.json.gz,2
who.gho.mdg-0000000007,MDG_0000000007:LBN:SEX_FMLE:AGEGROUP_YEARSUNDER5:WEALTHQUINTILE_TOTL,1970-01-01,2026-09-07T16:10:17Z,restated_at,2026-08-05,,who.gho.mdg-0000000007,raw/who.gho.mdg-0000000007/2026/09/20260907T161017Z-ca4dbf4e12d6.json.gz,2
who.gho.mdg-0000000007,MDG_0000000007:LBN:SEX_FMLE:AGEGROUP_YEARSUNDER5:WEALTHQUINTILE_TOTL,1970-01-01,2026-09-07T16:10:17Z,value,55.897341317,,who.gho.mdg-0000000007,raw/who.gho.mdg-0000000007/2026/09/20260907T161017Z-ca4dbf4e12d6.json.gz,2
who.gho.mdg-0000000007,MDG_0000000007:LBN:SEX_MLE:AGEGROUP_YEARSUNDER5:WEALTHQUINTILE_TOTL,1970-01-01,2026-09-07T16:11:26Z,high,77.758611093,,who.gho.mdg-0000000007,raw/who.gho.mdg-0000000007/2026/09/20260907T161126Z-f3f9061ab4f7.json.gz,2
who.gho.mdg-0000000007,MDG_0000000007:LBN:SEX_MLE:AGEGROUP_YEARSUNDER5:WEALTHQUINTILE_TOTL,1970-01-01,2026-09-07T16:11:26Z,low,53.268388773,,who.gho.mdg-0000000007,raw/who.gho.mdg-0000000007/2026/09/20260907T161126Z-f3f9061ab4f7.json.gz,2
who.gho.mdg-0000000007,MDG_0000000007:LBN:SEX_MLE:AGEGROUP_YEARSUNDER5:WEALTHQUINTILE_TOTL,1970-01-01,2026-09-07T16:11:26Z,restated_at,2026-08-05,,who.gho.mdg-0000000007,raw/who.gho.mdg-0000000007/2026/09/20260907T161126Z-f3f9061ab4f7.json.gz,2
who.gho.mdg-0000000007,MDG_0000000007:LBN:SEX_MLE:AGEGROUP_YEARSUNDER5:WEALTHQUINTILE_TOTL,1970-01-01,2026-09-07T16:11:26Z,value,64.06143768,,who.gho.mdg-0000000007,raw/who.gho.mdg-0000000007/2026/09/20260907T161126Z-f3f9061ab4f7.json.gz,2
who.gho.mdg-0000000007,MDG_0000000007:LBR:SEX_BTSX:AGEGROUP_YEARSUNDER5:WEALTHQUINTILE_TOTL,1970-01-01,2026-09-07T16:09:59Z,high,319.030403779,,who.gho.mdg-0000000007,raw/who.gho.mdg-0000000007/2026/09/20260907T160959Z-e41937f31aea.json.gz,2
who.gho.mdg-0000000007,MDG_0000000007:LBR:SEX_BTSX:AGEGROUP_YEARSUNDER5:WEALTHQUINTILE_TOTL,1970-01-01,2026-09-07T16:09:59Z,low,256.099152949,,who.gho.mdg-0000000007,raw/who.gho.mdg-0000000007/2026/09/20260907T160959Z-e41937f31aea.json.gz,2
who.gho.mdg-0000000007,MDG_0000000007:LBR:SEX_BTSX:AGEGROUP_YEARSUNDER5:WEALTHQUINTILE_TOTL,1970-01-01,2026-09-07T16:09:59Z,restated_at,2026-08-05,,who.gho.mdg-0000000007,raw/who.gho.mdg-0000000007/2026/09/20260907T160959Z-e41937f31aea.json.gz,2
who.gho.mdg-0000000007,MDG_0000000007:LBR:SEX_BTSX:AGEGROUP_YEARSUNDER5:WEALTHQUINTILE_TOTL,1970-01-01,2026-09-07T16:09:59Z,value,285.871808871,,who.gho.mdg-0000000007,raw/who.gho.mdg-0000000007/2026/09/20260907T160959Z-e41937f31aea.json.gz,2
who.gho.mdg-0000000007,MDG_0000000007:LBR:SEX_FMLE:AGEGROUP_YEARSUNDER5:WEALTHQUINTILE_TOTL,1970-01-01,2026-09-07T16:10:24Z,high,300.516117543,,who.gho.mdg-0000000007,raw/who.gho.mdg-0000000007/2026/09/20260907T161024Z-808a2a46070d.json.gz,2
who.gho.mdg-0000000007,MDG_0000000007:LBR:SEX_FMLE:AGEGROUP_YEARSUNDER5:WEALTHQUINTILE_TOTL,1970-01-01,2026-09-07T16:10:24Z,low,239.762522517,,who.gho.mdg-0000000007,raw/who.gho.mdg-0000000007/2026/09/20260907T161024Z-808a2a46070d.json.gz,2
who.gho.mdg-0000000007,MDG_0000000007:LBR:SEX_FMLE:AGEGROUP_YEARSUNDER5:WEALTHQUINTILE_TOTL,1970-01-01,2026-09-07T16:10:24Z,restated_at,2026-08-05,,who.gho.mdg-0000000007,raw/who.gho.mdg-0000000007/2026/09/20260907T161024Z-808a2a46070d.json.gz,2
who.gho.mdg-0000000007,MDG_0000000007:LBR:SEX_FMLE:AGEGROUP_YEARSUNDER5:WEALTHQUINTILE_TOTL,1970-01-01,2026-09-07T16:10:24Z,value,268.680447348,,who.gho.mdg-0000000007,raw/who.gho.mdg-0000000007/2026/09/20260907T161024Z-808a2a46070d.json.gz,2
who.gho.mdg-0000000007,MDG_0000000007:LBR:SEX_MLE:AGEGROUP_YEARSUNDER5:WEALTHQUINTILE_TOTL,1970-01-01,2026-09-07T16:05:35Z,high,338.162205009,,who.gho.mdg-0000000007,raw/who.gho.mdg-0000000007/2026/09/20260907T160535Z-bcafb05f6fe8.json.gz,2
who.gho.mdg-0000000007,MDG_0000000007:LBR:SEX_MLE:AGEGROUP_YEARSUNDER5:WEALTHQUINTILE_TOTL,1970-01-01,2026-09-07T16:05:35Z,low,270.377189636,,who.gho.mdg-0000000007,raw/who.gho.mdg-0000000007/2026/09/20260907T160535Z-bcafb05f6fe8.json.gz,2
who.gho.mdg-0000000007,MDG_0000000007:LBR:SEX_MLE:AGEGROUP_YEARSUNDER5:WEALTHQUINTILE_TOTL,1970-01-01,2026-09-07T16:05:35Z,restated_at,2026-08-05,,who.gho.mdg-0000000007,raw/who.gho.mdg-0000000007/2026/09/20260907T160535Z-bcafb05f6fe8.json.gz,2
who.gho.mdg-0000000007,MDG_0000000007:LBR:SEX_MLE:AGEGROUP_YEARSUNDER5:WEALTHQUINTILE_TOTL,1970-01-01,2026-09-07T16:05:35Z,value,302.235428026,,who.gho.mdg-0000000007,raw/who.gho.mdg-0000000007/2026/09/20260907T160535Z-bcafb05f6fe8.json.gz,2
who.gho.mdg-0000000007,MDG_0000000007:LBY:SEX_BTSX:AGEGROUP_YEARSUNDER5:WEALTHQUINTILE_TOTL,1970-01-01,2026-09-07T16:08:38Z,high,160.823843582,,who.gho.mdg-0000000007,raw/who.gho.mdg-0000000007/2026/09/20260907T160838Z-ad9f959b97c6.json.gz,2
who.gho.mdg-0000000007,MDG_0000000007:LBY:SEX_BTSX:AGEGROUP_YEARSUNDER5:WEALTHQUINTILE_TOTL,1970-01-01,2026-09-07T16:08:38Z,low,115.872221248,,who.gho.mdg-0000000007,raw/who.gho.mdg-0000000007/2026/09/20260907T160838Z-ad9f959b97c6.json.gz,2
who.gho.mdg-0000000007,MDG_0000000007:LBY:SEX_BTSX:AGEGROUP_YEARSUNDER5:WEALTHQUINTILE_TOTL,1970-01-01,2026-09-07T16:08:38Z,restated_at,2026-08-05,,who.gho.mdg-0000000007,raw/who.gho.mdg-0000000007/2026/09/20260907T160838Z-ad9f959b97c6.json.gz,2
who.gho.mdg-0000000007,MDG_0000000007:LBY:SEX_BTSX:AGEGROUP_YEARSUNDER5:WEALTHQUINTILE_TOTL,1970-01-01,2026-09-07T16:08:38Z,value,136.659387055,,who.gho.mdg-0000000007,raw/who.gho.mdg-0000000007/2026/09/20260907T160838Z-ad9f959b97c6.json.gz,2
who.gho.mdg-0000000007,MDG_0000000007:LBY:SEX_FMLE:AGEGROUP_YEARSUNDER5:WEALTHQUINTILE_TOTL,1970-01-01,2026-09-07T16:09:34Z,high,155.111106732,,who.gho.mdg-0000000007,raw/who.gho.mdg-0000000007/2026/09/20260907T160934Z-f7f0902b1194.json.gz,2
who.gho.mdg-0000000007,MDG_0000000007:LBY:SEX_FMLE:AGEGROUP_YEARSUNDER5:WEALTHQUINTILE_TOTL,1970-01-01,2026-09-07T16:09:34Z,low,110.730489093,,who.gho.mdg-0000000007,raw/who.gho.mdg-0000000007/2026/09/20260907T160934Z-f7f0902b1194.json.gz,2
who.gho.mdg-0000000007,MDG_0000000007:LBY:SEX_FMLE:AGEGROUP_YEARSUNDER5:WEALTHQUINTILE_TOTL,1970-01-01,2026-09-07T16:09:34Z,restated_at,2026-08-05,,who.gho.mdg-0000000007,raw/who.gho.mdg-0000000007/2026/09/20260907T160934Z-f7f0902b1194.json.gz,2
who.gho.mdg-0000000007,MDG_0000000007:LBY:SEX_FMLE:AGEGROUP_YEARSUNDER5:WEALTHQUINTILE_TOTL,1970-01-01,2026-09-07T16:09:34Z,value,131.08995262,,who.gho.mdg-0000000007,raw/who.gho.mdg-0000000007/2026/09/20260907T160934Z-f7f0902b1194.json.gz,2
who.gho.mdg-0000000007,MDG_0000000007:LBY:SEX_MLE:AGEGROUP_YEARSUNDER5:WEALTHQUINTILE_TOTL,1970-01-01,2026-09-07T16:08:38Z,high,168.380025871,,who.gho.mdg-0000000007,raw/who.gho.mdg-0000000007/2026/09/20260907T160838Z-ad9f959b97c6.json.gz,2
who.gho.mdg-0000000007,MDG_0000000007:LBY:SEX_MLE:AGEGROUP_YEARSUNDER5:WEALTHQUINTILE_TOTL,1970-01-01,2026-09-07T16:08:38Z,low,119.82597004,,who.gho.mdg-0000000007,raw/who.gho.mdg-0000000007/2026/09/20260907T160838Z-ad9f959b97c6.json.gz,2
who.gho.mdg-0000000007,MDG_0000000007:LBY:SEX_MLE:AGEGROUP_YEARSUNDER5:WEALTHQUINTILE_TOTL,1970-01-01,2026-09-07T16:08:38Z,restated_at,2026-08-05,,who.gho.mdg-0000000007,raw/who.gho.mdg-0000000007/2026/09/20260907T160838Z-ad9f959b97c6.json.gz,2
who.gho.mdg-0000000007,MDG_0000000007:LBY:SEX_MLE:AGEGROUP_YEARSUNDER5:WEALTHQUINTILE_TOTL,1970-01-01,2026-09-07T16:08:38Z,value,141.923896522,,who.gho.mdg-0000000007,raw/who.gho.mdg-0000000007/2026/09/20260907T160838Z-ad9f959b97c6.json.gz,2
who.gho.mdg-0000000007,MDG_0000000007:LCA:SEX_BTSX:AGEGROUP_YEARSUNDER5:WEALTHQUINTILE_TOTL,1970-01-01,2026-09-07T16:05:38Z,high,74.325874505,,who.gho.mdg-0000000007,raw/who.gho.mdg-0000000007/2026/09/20260907T160538Z-28a5f6808180.json.gz,2
who.gho.mdg-0000000007,MDG_0000000007:LCA:SEX_BTSX:AGEGROUP_YEARSUNDER5:WEALTHQUINTILE_TOTL,1970-01-01,2026-09-07T16:05:38Z,low,67.880554171,,who.gho.mdg-0000000007,raw/who.gho.mdg-0000000007/2026/09/20260907T160538Z-28a5f6808180.json.gz,2
who.gho.mdg-0000000007,MDG_0000000007:LCA:SEX_BTSX:AGEGROUP_YEARSUNDER5:WEALTHQUINTILE_TOTL,1970-01-01,2026-09-07T16:05:38Z,restated_at,2026-08-05,,who.gho.mdg-0000000007,raw/who.gho.mdg-0000000007/2026/09/20260907T160538Z-28a5f6808180.json.gz,2
who.gho.mdg-0000000007,MDG_0000000007:LCA:SEX_BTSX:AGEGROUP_YEARSUNDER5:WEALTHQUINTILE_TOTL,1970-01-01,2026-09-07T16:05:38Z,value,71.015211365,,who.gho.mdg-0000000007,raw/who.gho.mdg-0000000007/2026/09/20260907T160538Z-28a5f6808180.json.gz,2
who.gho.mdg-0000000007,MDG_0000000007:LCA:SEX_FMLE:AGEGROUP_YEARSUNDER5:WEALTHQUINTILE_TOTL,1970-01-01,2026-09-07T16:10:17Z,high,69.598405425,,who.gho.mdg-0000000007,raw/who.gho.mdg-0000000007/2026/09/20260907T161017Z-ca4dbf4e12d6.json.gz,2
who.gho.mdg-0000000007,MDG_0000000007:LCA:SEX_FMLE:AGEGROUP_YEARSUNDER5:WEALTHQUINTILE_TOTL,1970-01-01,2026-09-07T16:10:17Z,low,62.548721198,,who.gho.mdg-0000000007,raw/who.gho.mdg-0000000007/2026/09/20260907T161017Z-ca4dbf4e12d6.json.gz,2
who.gho.mdg-0000000007,MDG_0000000007:LCA:SEX_FMLE:AGEGROUP_YEARSUNDER5:WEALTHQUINTILE_TOTL,1970-01-01,2026-09-07T16:10:17Z,restated_at,2026-08-05,,who.gho.mdg-0000000007,raw/who.gho.mdg-0000000007/2026/09/20260907T161017Z-ca4dbf4e12d6.json.gz,2
who.gho.mdg-0000000007,MDG_0000000007:LCA:SEX_FMLE:AGEGROUP_YEARSUNDER5:WEALTHQUINTILE_TOTL,1970-01-01,2026-09-07T16:10:17Z,value,65.975528326,,who.gho.mdg-0000000007,raw/who.gho.mdg-0000000007/2026/09/20260907T161017Z-ca4dbf4e12d6.json.gz,2
who.gho.mdg-0000000007,MDG_0000000007:LCA:SEX_MLE:AGEGROUP_YEARSUNDER5:WEALTHQUINTILE_TOTL,1970-01-01,2026-09-07T16:05:43Z,high,79.684050074,,who.gho.mdg-0000000007,raw/who.gho.mdg-0000000007/2026/09/20260907T160543Z-0bdfcfeb6714.json.gz,2
who.gho.mdg-0000000007,MDG_0000000007:LCA:SEX_MLE:AGEGROUP_YEARSUNDER5:WEALTHQUINTILE_TOTL,1970-01-01,2026-09-07T16:05:43Z,low,72.055535216,,who.gho.mdg-0000000007,raw/who.gho.mdg-0000000007/2026/09/20260907T160543Z-0bdfcfeb6714.json.gz,2
who.gho.mdg-0000000007,MDG_0000000007:LCA:SEX_MLE:AGEGROUP_YEARSUNDER5:WEALTHQUINTILE_TOTL,1970-01-01,2026-09-07T16:05:43Z,restated_at,2026-08-05,,who.gho.mdg-0000000007,raw/who.gho.mdg-0000000007/2026/09/20260907T160543Z-0bdfcfeb6714.json.gz,2
who.gho.mdg-0000000007,MDG_0000000007:LCA:SEX_MLE:AGEGROUP_YEARSUNDER5:WEALTHQUINTILE_TOTL,1970-01-01,2026-09-07T16:05:43Z,value,75.793039159,,who.gho.mdg-0000000007,raw/who.gho.mdg-0000000007/2026/09/20260907T160543Z-0bdfcfeb6714.json.gz,2
who.gho.mdg-0000000007,MDG_0000000007:LKA:SEX_BTSX:AGEGROUP_YEARSUNDER5:WEALTHQUINTILE_TOTL,1970-01-01,2026-09-07T16:09:59Z,high,72.891974676,,who.gho.mdg-0000000007,raw/who.gho.mdg-0000000007/2026/09/20260907T160959Z-e41937f31aea.json.gz,2
who.gho.mdg-0000000007,MDG_0000000007:LKA:SEX_BTSX:AGEGROUP_YEARSUNDER5:WEALTHQUINTILE_TOTL,1970-01-01,2026-09-07T16:09:59Z,low,67.331589392,,who.gho.mdg-0000000007,raw/who.gho.mdg-0000000007/2026/09/20260907T160959Z-e41937f31aea.json.gz,2
who.gho.mdg-0000000007,MDG_0000000007:LKA:SEX_BTSX:AGEGROUP_YEARSUNDER5:WEALTHQUINTILE_TOTL,1970-01-01,2026-09-07T16:09:59Z,restated_at,2026-08-05,,who.gho.mdg-0000000007,raw/who.gho.mdg-0000000007/2026/09/20260907T160959Z-e41937f31aea.json.gz,2
who.gho.mdg-0000000007,MDG_0000000007:LKA:SEX_BTSX:AGEGROUP_YEARSUNDER5:WEALTHQUINTILE_TOTL,1970-01-01,2026-09-07T16:09:59Z,value,70.070783861,,who.gho.mdg-0000000007,raw/who.gho.mdg-0000000007/2026/09/20260907T160959Z-e41937f31aea.json.gz,2
who.gho.mdg-0000000007,MDG_0000000007:LKA:SEX_FMLE:AGEGROUP_YEARSUNDER5:WEALTHQUINTILE_TOTL,1970-01-01,2026-09-07T16:05:35Z,high,69.609011215,,who.gho.mdg-0000000007,raw/who.gho.mdg-0000000007/2026/09/20260907T160535Z-bcafb05f6fe8.json.gz,2
who.gho.mdg-0000000007,MDG_0000000007:LKA:SEX_FMLE:AGEGROUP_YEARSUNDER5:WEALTHQUINTILE_TOTL,1970-01-01,2026-09-07T16:05:35Z,low,63.992429413,,who.gho.mdg-0000000007,raw/who.gho.mdg-0000000007/2026/09/20260907T160535Z-bcafb05f6fe8.json.gz,2
who.gho.mdg-0000000007,MDG_0000000007:LKA:SEX_FMLE:AGEGROUP_YEARSUNDER5:WEALTHQUINTILE_TOTL,1970-01-01,2026-09-07T16:05:35Z,restated_at,2026-08-05,,who.gho.mdg-0000000007,raw/who.gho.mdg-0000000007/2026/09/20260907T160535Z-bcafb05f6fe8.json.gz,2
who.gho.mdg-0000000007,MDG_0000000007:LKA:SEX_FMLE:AGEGROUP_YEARSUNDER5:WEALTHQUINTILE_TOTL,1970-01-01,2026-09-07T16:05:35Z,value,66.743520853,,who.gho.mdg-0000000007,raw/who.gho.mdg-0000000007/2026/09/20260907T160535Z-bcafb05f6fe8.json.gz,2
who.gho.mdg-0000000007,MDG_0000000007:LKA:SEX_MLE:AGEGROUP_YEARSUNDER5:WEALTHQUINTILE_TOTL,1970-01-01,2026-09-07T16:10:41Z,high,76.239938541,,who.gho.mdg-0000000007,raw/who.gho.mdg-0000000007/2026/09/20260907T161041Z-4752b74784e1.json.gz,2
who.gho.mdg-0000000007,MDG_0000000007:LKA:SEX_MLE:AGEGROUP_YEARSUNDER5:WEALTHQUINTILE_TOTL,1970-01-01,2026-09-07T16:10:41Z,low,70.267879706,,who.gho.mdg-0000000007,raw/who.gho.mdg-0000000007/2026/09/20260907T161041Z-4752b74784e1.json.gz,2
who.gho.mdg-0000000007,MDG_0000000007:LKA:SEX_MLE:AGEGROUP_YEARSUNDER5:WEALTHQUINTILE_TOTL,1970-01-01,2026-09-07T16:10:41Z,restated_at,2026-08-05,,who.gho.mdg-0000000007,raw/who.gho.mdg-0000000007/2026/09/20260907T161041Z-4752b74784e1.json.gz,2
who.gho.mdg-0000000007,MDG_0000000007:LKA:SEX_MLE:AGEGROUP_YEARSUNDER5:WEALTHQUINTILE_TOTL,1970-01-01,2026-09-07T16:10:41Z,value,73.239273057,,who.gho.mdg-0000000007,raw/who.gho.mdg-0000000007/2026/09/20260907T161041Z-4752b74784e1.json.gz,2
who.gho.mdg-0000000007,MDG_0000000007:LSO:SEX_BTSX:AGEGROUP_YEARSUNDER5:WEALTHQUINTILE_TOTL,1970-01-01,2026-09-07T16:05:18Z,high,193.66588568,,who.gho.mdg-0000000007,raw/who.gho.mdg-0000000007/2026/09/20260907T160518Z-f66c8acba372.json.gz,2
who.gho.mdg-0000000007,MDG_0000000007:LSO:SEX_BTSX:AGEGROUP_YEARSUNDER5:WEALTHQUINTILE_TOTL,1970-01-01,2026-09-07T16:05:18Z,low,159.310844708,,who.gho.mdg-0000000007,raw/who.gho.mdg-0000000007/2026/09/20260907T160518Z-f66c8acba372.json.gz,2
who.gho.mdg-0000000007,MDG_0000000007:LSO:SEX_BTSX:AGEGROUP_YEARSUNDER5:WEALTHQUINTILE_TOTL,1970-01-01,2026-09-07T16:05:18Z,restated_at,2026-08-05,,who.gho.mdg-0000000007,raw/who.gho.mdg-0000000007/2026/09/20260907T160518Z-f66c8acba372.json.gz,2
who.gho.mdg-0000000007,MDG_0000000007:LSO:SEX_BTSX:AGEGROUP_YEARSUNDER5:WEALTHQUINTILE_TOTL,1970-01-01,2026-09-07T16:05:18Z,value,175.538934173,,who.gho.mdg-0000000007,raw/who.gho.mdg-0000000007/2026/09/20260907T160518Z-f66c8acba372.json.gz,2
who.gho.mdg-0000000007,MDG_0000000007:LSO:SEX_FMLE:AGEGROUP_YEARSUNDER5:WEALTHQUINTILE_TOTL,1970-01-01,2026-09-07T16:08:54Z,high,185.560570978,,who.gho.mdg-0000000007,raw/who.gho.mdg-0000000007/2026/09/20260907T160854Z-e3873ac72928.json.gz,2
who.gho.mdg-0000000007,MDG_0000000007:LSO:SEX_FMLE:AGEGROUP_YEARSUNDER5:WEALTHQUINTILE_TOTL,1970-01-01,2026-09-07T16:08:54Z,low,151.368236298,,who.gho.mdg-0000000007,raw/who.gho.mdg-0000000007/2026/09/20260907T160854Z-e3873ac72928.json.gz,2
who.gho.mdg-0000000007,MDG_0000000007:LSO:SEX_FMLE:AGEGROUP_YEARSUNDER5:WEALTHQUINTILE_TOTL,1970-01-01,2026-09-07T16:08:54Z,restated_at,2026-08-05,,who.gho.mdg-0000000007,raw/who.gho.mdg-0000000007/2026/09/20260907T160854Z-e3873ac72928.json.gz,2
who.gho.mdg-0000000007,MDG_0000000007:LSO:SEX_FMLE:AGEGROUP_YEARSUNDER5:WEALTHQUINTILE_TOTL,1970-01-01,2026-09-07T16:08:54Z,value,167.387424079,,who.gho.mdg-0000000007,raw/who.gho.mdg-0000000007/2026/09/20260907T160854Z-e3873ac72928.json.gz,2
who.gho.mdg-0000000007,MDG_0000000007:LSO:SEX_MLE:AGEGROUP_YEARSUNDER5:WEALTHQUINTILE_TOTL,1970-01-01,2026-09-07T16:06:11Z,high,202.616086077,,who.gho.mdg-0000000007,raw/who.gho.mdg-0000000007/2026/09/20260907T160611Z-e868f3030ca5.json.gz,2
who.gho.mdg-0000000007,MDG_0000000007:LSO:SEX_MLE:AGEGROUP_YEARSUNDER5:WEALTHQUINTILE_TOTL,1970-01-01,2026-09-07T16:06:11Z,low,165.951896091,,who.gho.mdg-0000000007,raw/who.gho.mdg-0000000007/2026/09/20260907T160611Z-e868f3030ca5.json.gz,2
who.gho.mdg-0000000007,MDG_0000000007:LSO:SEX_MLE:AGEGROUP_YEARSUNDER5:WEALTHQUINTILE_TOTL,1970-01-01,2026-09-07T16:06:11Z,restated_at,2026-08-05,,who.gho.mdg-0000000007,raw/who.gho.mdg-0000000007/2026/09/20260907T160611Z-e868f3030ca5.json.gz,2
who.gho.mdg-0000000007,MDG_0000000007:LSO:SEX_MLE:AGEGROUP_YEARSUNDER5:WEALTHQUINTILE_TOTL,1970-01-01,2026-09-07T16:06:11Z,value,183.12825206,,who.gho.mdg-0000000007,raw/who.gho.mdg-0000000007/2026/09/20260907T160611Z-e868f3030ca5.json.gz,2
who.gho.mdg-0000000007,MDG_0000000007:LTU:SEX_BTSX:AGEGROUP_YEARSUNDER5:WEALTHQUINTILE_TOTL,1970-01-01,2026-09-07T16:11:01Z,high,23.622741436,,who.gho.mdg-0000000007,raw/who.gho.mdg-0000000007/2026/09/20260907T161101Z-fc76d9a7e10d.json.gz,2
who.gho.mdg-0000000007,MDG_0000000007:LTU:SEX_BTSX:AGEGROUP_YEARSUNDER5:WEALTHQUINTILE_TOTL,1970-01-01,2026-09-07T16:11:01Z,low,22.334216232,,who.gho.mdg-0000000007,raw/who.gho.mdg-0000000007/2026/09/20260907T161101Z-fc76d9a7e10d.json.gz,2
who.gho.mdg-0000000007,MDG_0000000007:LTU:SEX_BTSX:AGEGROUP_YEARSUNDER5:WEALTHQUINTILE_TOTL,1970-01-01,2026-09-07T16:11:01Z,restated_at,2026-08-05,,who.gho.mdg-0000000007,raw/who.gho.mdg-0000000007/2026/09/20260907T161101Z-fc76d9a7e10d.json.gz,2
who.gho.mdg-0000000007,MDG_0000000007:LTU:SEX_BTSX:AGEGROUP_YEARSUNDER5:WEALTHQUINTILE_TOTL,1970-01-01,2026-09-07T16:11:01Z,value,22.980173182,,who.gho.mdg-0000000007,raw/who.gho.mdg-0000000007/2026/09/20260907T161101Z-fc76d9a7e10d.json.gz,2
who.gho.mdg-0000000007,MDG_0000000007:LTU:SEX_FMLE:AGEGROUP_YEARSUNDER5:WEALTHQUINTILE_TOTL,1970-01-01,2026-09-07T16:08:54Z,high,20.692769753,,who.gho.mdg-0000000007,raw/who.gho.mdg-0000000007/2026/09/20260907T160854Z-e3873ac72928.json.gz,2
who.gho.mdg-0000000007,MDG_0000000007:LTU:SEX_FMLE:AGEGROUP_YEARSUNDER5:WEALTHQUINTILE_TOTL,1970-01-01,2026-09-07T16:08:54Z,low,19.307150118,,who.gho.mdg-0000000007,raw/who.gho.mdg-0000000007/2026/09/20260907T160854Z-e3873ac72928.json.gz,2
who.gho.mdg-0000000007,MDG_0000000007:LTU:SEX_FMLE:AGEGROUP_YEARSUNDER5:WEALTHQUINTILE_TOTL,1970-01-01,2026-09-07T16:08:54Z,restated_at,2026-08-05,,who.gho.mdg-0000000007,raw/who.gho.mdg-0000000007/2026/09/20260907T160854Z-e3873ac72928.json.gz,2
who.gho.mdg-0000000007,MDG_0000000007:LTU:SEX_FMLE:AGEGROUP_YEARSUNDER5:WEALTHQUINTILE_TOTL,1970-01-01,2026-09-07T16:08:54Z,value,20.001189882,,who.gho.mdg-0000000007,raw/who.gho.mdg-0000000007/2026/09/20260907T160854Z-e3873ac72928.json.gz,2
who.gho.mdg-0000000007,MDG_0000000007:LTU:SEX_MLE:AGEGROUP_YEARSUNDER5:WEALTHQUINTILE_TOTL,1970-01-01,2026-09-07T16:10:53Z,high,26.647462884,,who.gho.mdg-0000000007,raw/who.gho.mdg-0000000007/2026/09/20260907T161053Z-9a5808e2a757.json.gz,2
who.gho.mdg-0000000007,MDG_0000000007:LTU:SEX_MLE:AGEGROUP_YEARSUNDER5:WEALTHQUINTILE_TOTL,1970-01-01,2026-09-07T16:10:53Z,low,24.988773282,,who.gho.mdg-0000000007,raw/who.gho.mdg-0000000007/2026/09/20260907T161053Z-9a5808e2a757.json.gz,2
who.gho.mdg-0000000007,MDG_0000000007:LTU:SEX_MLE:AGEGROUP_YEARSUNDER5:WEALTHQUINTILE_TOTL,1970-01-01,2026-09-07T16:10:53Z,restated_at,2026-08-05,,who.gho.mdg-0000000007,raw/who.gho.mdg-0000000007/2026/09/20260907T161053Z-9a5808e2a757.json.gz,2
who.gho.mdg-0000000007,MDG_0000000007:LTU:SEX_MLE:AGEGROUP_YEARSUNDER5:WEALTHQUINTILE_TOTL,1970-01-01,2026-09-07T16:10:53Z,value,25.812887861,,who.gho.mdg-0000000007,raw/who.gho.mdg-0000000007/2026/09/20260907T161053Z-9a5808e2a757.json.gz,2
who.gho.mdg-0000000007,MDG_0000000007:LUX:SEX_BTSX:AGEGROUP_YEARSUNDER5:WEALTHQUINTILE_TOTL,1970-01-01,2026-09-07T16:06:02Z,high,23.679121195,,who.gho.mdg-0000000007,raw/who.gho.mdg-0000000007/2026/09/20260907T160602Z-1adff4f5f376.json.gz,2
who.gho.mdg-0000000007,MDG_0000000007:LUX:SEX_BTSX:AGEGROUP_YEARSUNDER5:WEALTHQUINTILE_TOTL,1970-01-01,2026-09-07T16:06:02Z,low,21.063257109,,who.gho.mdg-0000000007,raw/who.gho.mdg-0000000007/2026/09/20260907T160602Z-1adff4f5f376.json.gz,2
who.gho.mdg-0000000007,MDG_0000000007:LUX:SEX_BTSX:AGEGROUP_YEARSUNDER5:WEALTHQUINTILE_TOTL,1970-01-01,2026-09-07T16:06:02Z,restated_at,2026-08-05,,who.gho.mdg-0000000007,raw/who.gho.mdg-0000000007/2026/09/20260907T160602Z-1adff4f5f376.json.gz,2
who.gho.mdg-0000000007,MDG_0000000007:LUX:SEX_BTSX:AGEGROUP_YEARSUNDER5:WEALTHQUINTILE_TOTL,1970-01-01,2026-09-07T16:06:02Z,value,22.349972227,,who.gho.mdg-0000000007,raw/who.gho.mdg-0000000007/2026/09/20260907T160602Z-1adff4f5f376.json.gz,2
who.gho.mdg-0000000007,MDG_0000000007:LUX:SEX_FMLE:AGEGROUP_YEARSUNDER5:WEALTHQUINTILE_TOTL,1970-01-01,2026-09-07T16:08:54Z,high,20.762225249,,who.gho.mdg-0000000007,raw/who.gho.mdg-0000000007/2026/09/20260907T160854Z-e3873ac72928.json.gz,2
who.gho.mdg-0000000007,MDG_0000000007:LUX:SEX_FMLE:AGEGROUP_YEARSUNDER5:WEALTHQUINTILE_TOTL,1970-01-01,2026-09-07T16:08:54Z,low,18.125649676,,who.gho.mdg-0000000007,raw/who.gho.mdg-0000000007/2026/09/20260907T160854Z-e3873ac72928.json.gz,2
who.gho.mdg-0000000007,MDG_0000000007:LUX:SEX_FMLE:AGEGROUP_YEARSUNDER5:WEALTHQUINTILE_TOTL,1970-01-01,2026-09-07T16:08:54Z,restated_at,2026-08-05,,who.gho.mdg-0000000007,raw/who.gho.mdg-0000000007/2026/09/20260907T160854Z-e3873ac72928.json.gz,2
who.gho.mdg-0000000007,MDG_0000000007:LUX:SEX_FMLE:AGEGROUP_YEARSUNDER5:WEALTHQUINTILE_TOTL,1970-01-01,2026-09-07T16:08:54Z,value,19.38730651,,who.gho.mdg-0000000007,raw/who.gho.mdg-0000000007/2026/09/20260907T160854Z-e3873ac72928.json.gz,2
who.gho.mdg-0000000007,MDG_0000000007:LUX:SEX_MLE:AGEGROUP_YEARSUNDER5:WEALTHQUINTILE_TOTL,1970-01-01,2026-09-07T16:10:21Z,high,26.815419083,,who.gho.mdg-0000000007,raw/who.gho.mdg-0000000007/2026/09/20260907T161021Z-3e9ba1677574.json.gz,2
who.gho.mdg-0000000007,MDG_0000000007:LUX:SEX_MLE:AGEGROUP_YEARSUNDER5:WEALTHQUINTILE_TOTL,1970-01-01,2026-09-07T16:10:21Z,low,23.624123327,,who.gho.mdg-0000000007,raw/who.gho.mdg-0000000007/2026/09/20260907T161021Z-3e9ba1677574.json.gz,2
who.gho.mdg-0000000007,MDG_0000000007:LUX:SEX_MLE:AGEGROUP_YEARSUNDER5:WEALTHQUINTILE_TOTL,1970-01-01,2026-09-07T16:10:21Z,restated_at,2026-08-05,,who.gho.mdg-0000000007,raw/who.gho.mdg-0000000007/2026/09/20260907T161021Z-3e9ba1677574.json.gz,2
who.gho.mdg-0000000007,MDG_0000000007:LUX:SEX_MLE:AGEGROUP_YEARSUNDER5:WEALTHQUINTILE_TOTL,1970-01-01,2026-09-07T16:10:21Z,value,25.149631614,,who.gho.mdg-0000000007,raw/who.gho.mdg-0000000007/2026/09/20260907T161021Z-3e9ba1677574.json.gz,2
who.gho.mdg-0000000007,MDG_0000000007:LVA:SEX_BTSX:AGEGROUP_YEARSUNDER5:WEALTHQUINTILE_TOTL,1970-01-01,2026-09-07T16:04:56Z,high,22.902579808,,who.gho.mdg-0000000007,raw/who.gho.mdg-0000000007/2026/09/20260907T160456Z-9369d1ec1a28.json.gz,2
who.gho.mdg-0000000007,MDG_0000000007:LVA:SEX_BTSX:AGEGROUP_YEARSUNDER5:WEALTHQUINTILE_TOTL,1970-01-01,2026-09-07T16:04:56Z,low,19.958192313,,who.gho.mdg-0000000007,raw/who.gho.mdg-0000000007/2026/09/20260907T160456Z-9369d1ec1a28.json.gz,2
who.gho.mdg-0000000007,MDG_0000000007:LVA:SEX_BTSX:AGEGROUP_YEARSUNDER5:WEALTHQUINTILE_TOTL,1970-01-01,2026-09-07T16:04:56Z,restated_at,2026-08-05,,who.gho.mdg-0000000007,raw/who.gho.mdg-0000000007/2026/09/20260907T160456Z-9369d1ec1a28.json.gz,2
who.gho.mdg-0000000007,MDG_0000000007:LVA:SEX_BTSX:AGEGROUP_YEARSUNDER5:WEALTHQUINTILE_TOTL,1970-01-01,2026-09-07T16:04:56Z,value,21.386813505,,who.gho.mdg-0000000007,raw/who.gho.mdg-0000000007/2026/09/20260907T160456Z-9369d1ec1a28.json.gz,2
who.gho.mdg-0000000007,MDG_0000000007:LVA:SEX_FMLE:AGEGROUP_YEARSUNDER5:WEALTHQUINTILE_TOTL,1970-01-01,2026-09-07T16:04:56Z,high,20.040076206,,who.gho.mdg-0000000007,raw/who.gho.mdg-0000000007/2026/09/20260907T160456Z-9369d1ec1a28.json.gz,2
who.gho.mdg-0000000007,MDG_0000000007:LVA:SEX_FMLE:AGEGROUP_YEARSUNDER5:WEALTHQUINTILE_TOTL,1970-01-01,2026-09-07T16:04:56Z,low,17.082830394,,who.gho.mdg-0000000007,raw/who.gho.mdg-0000000007/2026/09/20260907T160456Z-9369d1ec1a28.json.gz,2
who.gho.mdg-0000000007,MDG_0000000007:LVA:SEX_FMLE:AGEGROUP_YEARSUNDER5:WEALTHQUINTILE_TOTL,1970-01-01,2026-09-07T16:04:56Z,restated_at,2026-08-05,,who.gho.mdg-0000000007,raw/who.gho.mdg-0000000007/2026/09/20260907T160456Z-9369d1ec1a28.json.gz,2
who.gho.mdg-0000000007,MDG_0000000007:LVA:SEX_FMLE:AGEGROUP_YEARSUNDER5:WEALTHQUINTILE_TOTL,1970-01-01,2026-09-07T16:04:56Z,value,18.525630143,,who.gho.mdg-0000000007,raw/who.gho.mdg-0000000007/2026/09/20260907T160456Z-9369d1ec1a28.json.gz,2
who.gho.mdg-0000000007,MDG_0000000007:LVA:SEX_MLE:AGEGROUP_YEARSUNDER5:WEALTHQUINTILE_TOTL,1970-01-01,2026-09-07T16:04:56Z,high,25.947432176,,who.gho.mdg-0000000007,raw/who.gho.mdg-0000000007/2026/09/20260907T160456Z-9369d1ec1a28.json.gz,2
who.gho.mdg-0000000007,MDG_0000000007:LVA:SEX_MLE:AGEGROUP_YEARSUNDER5:WEALTHQUINTILE_TOTL,1970-01-01,2026-09-07T16:04:56Z,low,22.390174853,,who.gho.mdg-0000000007,raw/who.gho.mdg-0000000007/2026/09/20260907T160456Z-9369d1ec1a28.json.gz,2
who.gho.mdg-0000000007,MDG_0000000007:LVA:SEX_MLE:AGEGROUP_YEARSUNDER5:WEALTHQUINTILE_TOTL,1970-01-01,2026-09-07T16:04:56Z,restated_at,2026-08-05,,who.gho.mdg-0000000007,raw/who.gho.mdg-0000000007/2026/09/20260907T160456Z-9369d1ec1a28.json.gz,2
who.gho.mdg-0000000007,MDG_0000000007:LVA:SEX_MLE:AGEGROUP_YEARSUNDER5:WEALTHQUINTILE_TOTL,1970-01-01,2026-09-07T16:04:56Z,value,24.104006757,,who.gho.mdg-0000000007,raw/who.gho.mdg-0000000007/2026/09/20260907T160456Z-9369d1ec1a28.json.gz,2
who.gho.mdg-0000000007,MDG_0000000007:MAR:SEX_BTSX:AGEGROUP_YEARSUNDER5:WEALTHQUINTILE_TOTL,1970-01-01,2026-09-07T16:09:13Z,high,206.892876931,,who.gho.mdg-0000000007,raw/who.gho.mdg-0000000007/2026/09/20260907T160913Z-86e8fac132bd.json.gz,2
who.gho.mdg-0000000007,MDG_0000000007:MAR:SEX_BTSX:AGEGROUP_YEARSUNDER5:WEALTHQUINTILE_TOTL,1970-01-01,2026-09-07T16:09:13Z,low,178.251438329,,who.gho.mdg-0000000007,raw/who.gho.mdg-0000000007/2026/09/20260907T160913Z-86e8fac132bd.json.gz,2
who.gho.mdg-0000000007,MDG_0000000007:MAR:SEX_BTSX:AGEGROUP_YEARSUNDER5:WEALTHQUINTILE_TOTL,1970-01-01,2026-09-07T16:09:13Z,restated_at,2026-08-05,,who.gho.mdg-0000000007,raw/who.gho.mdg-0000000007/2026/09/20260907T160913Z-86e8fac132bd.json.gz,2
who.gho.mdg-0000000007,MDG_0000000007:MAR:SEX_BTSX:AGEGROUP_YEARSUNDER5:WEALTHQUINTILE_TOTL,1970-01-01,2026-09-07T16:09:13Z,value,191.905877246,,who.gho.mdg-0000000007,raw/who.gho.mdg-0000000007/2026/09/20260907T160913Z-86e8fac132bd.json.gz,2
who.gho.mdg-0000000007,MDG_0000000007:MAR:SEX_FMLE:AGEGROUP_YEARSUNDER5:WEALTHQUINTILE_TOTL,1970-01-01,2026-09-07T16:09:41Z,high,201.414420982,,who.gho.mdg-0000000007,raw/who.gho.mdg-0000000007/2026/09/20260907T160941Z-845bd0fc2e92.json.gz,2
who.gho.mdg-0000000007,MDG_0000000007:MAR:SEX_FMLE:AGEGROUP_YEARSUNDER5:WEALTHQUINTILE_TOTL,1970-01-01,2026-09-07T16:09:41Z,low,172.329698799,,who.gho.mdg-0000000007,raw/who.gho.mdg-0000000007/2026/09/20260907T160941Z-845bd0fc2e92.json.gz,2
who.gho.mdg-0000000007,MDG_0000000007:MAR:SEX_FMLE:AGEGROUP_YEARSUNDER5:WEALTHQUINTILE_TOTL,1970-01-01,2026-09-07T16:09:41Z,restated_at,2026-08-05,,who.gho.mdg-0000000007,raw/who.gho.mdg-0000000007/2026/09/20260907T160941Z-845bd0fc2e92.json.gz,2
who.gho.mdg-0000000007,MDG_0000000007:MAR:SEX_FMLE:AGEGROUP_YEARSUNDER5:WEALTHQUINTILE_TOTL,1970-01-01,2026-09-07T16:09:41Z,value,186.067912777,,who.gho.mdg-0000000007,raw/who.gho.mdg-0000000007/2026/09/20260907T160941Z-845bd0fc2e92.json.gz,2
who.gho.mdg-0000000007,MDG_0000000007:MAR:SEX_MLE:AGEGROUP_YEARSUNDER5:WEALTHQUINTILE_TOTL,1970-01-01,2026-09-07T16:05:26Z,high,213.398223396,,who.gho.mdg-0000000007,raw/who.gho.mdg-0000000007/2026/09/20260907T160526Z-1363df2b3da0.json.gz,2
who.gho.mdg-0000000007,MDG_0000000007:MAR:SEX_MLE:AGEGROUP_YEARSUNDER5:WEALTHQUINTILE_TOTL,1970-01-01,2026-09-07T16:05:26Z,low,182.782720076,,who.gho.mdg-0000000007,raw/who.gho.mdg-0000000007/2026/09/20260907T160526Z-1363df2b3da0.json.gz,2
who.gho.mdg-0000000007,MDG_0000000007:MAR:SEX_MLE:AGEGROUP_YEARSUNDER5:WEALTHQUINTILE_TOTL,1970-01-01,2026-09-07T16:05:26Z,restated_at,2026-08-05,,who.gho.mdg-0000000007,raw/who.gho.mdg-0000000007/2026/09/20260907T160526Z-1363df2b3da0.json.gz,2
who.gho.mdg-0000000007,MDG_0000000007:MAR:SEX_MLE:AGEGROUP_YEARSUNDER5:WEALTHQUINTILE_TOTL,1970-01-01,2026-09-07T16:05:26Z,value,197.401878657,,who.gho.mdg-0000000007,raw/who.gho.mdg-0000000007/2026/09/20260907T160526Z-1363df2b3da0.json.gz,2
who.gho.mdg-0000000007,MDG_0000000007:MDG:SEX_BTSX:AGEGROUP_YEARSUNDER5:WEALTHQUINTILE_TOTL,1970-01-01,2026-09-07T16:05:31Z,high,172.754609217,,who.gho.mdg-0000000007,raw/who.gho.mdg-0000000007/2026/09/20260907T160531Z-a90a9bba0858.json.gz,2
who.gho.mdg-0000000007,MDG_0000000007:MDG:SEX_BTSX:AGEGROUP_YEARSUNDER5:WEALTHQUINTILE_TOTL,1970-01-01,2026-09-07T16:05:31Z,low,128.768417275,,who.gho.mdg-0000000007,raw/who.gho.mdg-0000000007/2026/09/20260907T160531Z-a90a9bba0858.json.gz,2
who.gho.mdg-0000000007,MDG_0000000007:MDG:SEX_BTSX:AGEGROUP_YEARSUNDER5:WEALTHQUINTILE_TOTL,1970-01-01,2026-09-07T16:05:31Z,restated_at,2026-08-05,,who.gho.mdg-0000000007,raw/who.gho.mdg-0000000007/2026/09/20260907T160531Z-a90a9bba0858.json.gz,2
who.gho.mdg-0000000007,MDG_0000000007:MDG:SEX_BTSX:AGEGROUP_YEARSUNDER5:WEALTHQUINTILE_TOTL,1970-01-01,2026-09-07T16:05:31Z,value,149.289519468,,who.gho.mdg-0000000007,raw/who.gho.mdg-0000000007/2026/09/20260907T160531Z-a90a9bba0858.json.gz,2
who.gho.mdg-0000000007,MDG_0000000007:MDV:SEX_BTSX:AGEGROUP_YEARSUNDER5:WEALTHQUINTILE_TOTL,1970-01-01,2026-09-07T16:05:48Z,high,304.556164821,,who.gho.mdg-0000000007,raw/who.gho.mdg-0000000007/2026/09/20260907T160548Z-1609a76f5ecc.json.gz,2
who.gho.mdg-0000000007,MDG_0000000007:MDV:SEX_BTSX:AGEGROUP_YEARSUNDER5:WEALTHQUINTILE_TOTL,1970-01-01,2026-09-07T16:05:48Z,low,219.090367761,,who.gho.mdg-0000000007,raw/who.gho.mdg-0000000007/2026/09/20260907T160548Z-1609a76f5ecc.json.gz,2
who.gho.mdg-0000000007,MDG_0000000007:MDV:SEX_BTSX:AGEGROUP_YEARSUNDER5:WEALTHQUINTILE_TOTL,1970-01-01,2026-09-07T16:05:48Z,restated_at,2026-08-05,,who.gho.mdg-0000000007,raw/who.gho.mdg-0000000007/2026/09/20260907T160548Z-1609a76f5ecc.json.gz,2
who.gho.mdg-0000000007,MDG_0000000007:MDV:SEX_BTSX:AGEGROUP_YEARSUNDER5:WEALTHQUINTILE_TOTL,1970-01-01,2026-09-07T16:05:48Z,value,258.478087183,,who.gho.mdg-0000000007,raw/who.gho.mdg-0000000007/2026/09/20260907T160548Z-1609a76f5ecc.json.gz,2
who.gho.mdg-0000000007,MDG_0000000007:MDV:SEX_FMLE:AGEGROUP_YEARSUNDER5:WEALTHQUINTILE_TOTL,1970-01-01,2026-09-07T16:05:01Z,high,292.302637375,,who.gho.mdg-0000000007,raw/who.gho.mdg-0000000007/2026/09/20260907T160501Z-2d19e1a5feef.json.gz,2
who.gho.mdg-0000000007,MDG_0000000007:MDV:SEX_FMLE:AGEGROUP_YEARSUNDER5:WEALTHQUINTILE_TOTL,1970-01-01,2026-09-07T16:05:01Z,low,207.59002853,,who.gho.mdg-0000000007,raw/who.gho.mdg-0000000007/2026/09/20260907T160501Z-2d19e1a5feef.json.gz,2
who.gho.mdg-0000000007,MDG_0000000007:MDV:SEX_FMLE:AGEGROUP_YEARSUNDER5:WEALTHQUINTILE_TOTL,1970-01-01,2026-09-07T16:05:01Z,restated_at,2026-08-05,,who.gho.mdg-0000000007,raw/who.gho.mdg-0000000007/2026/09/20260907T160501Z-2d19e1a5feef.json.gz,2
who.gho.mdg-0000000007,MDG_0000000007:MDV:SEX_FMLE:AGEGROUP_YEARSUNDER5:WEALTHQUINTILE_TOTL,1970-01-01,2026-09-07T16:05:01Z,value,246.419737462,,who.gho.mdg-0000000007,raw/who.gho.mdg-0000000007/2026/09/20260907T160501Z-2d19e1a5feef.json.gz,2
who.gho.mdg-0000000007,MDG_0000000007:MDV:SEX_MLE:AGEGROUP_YEARSUNDER5:WEALTHQUINTILE_TOTL,1970-01-01,2026-09-07T16:09:18Z,high,319.48597891,,who.gho.mdg-0000000007,raw/who.gho.mdg-0000000007/2026/09/20260907T160918Z-1f3ac080847d.json.gz,2
who.gho.mdg-0000000007,MDG_0000000007:MDV:SEX_MLE:AGEGROUP_YEARSUNDER5:WEALTHQUINTILE_TOTL,1970-01-01,2026-09-07T16:09:18Z,low,228.528345094,,who.gho.mdg-0000000007,raw/who.gho.mdg-0000000007/2026/09/20260907T160918Z-1f3ac080847d.json.gz,2
who.gho.mdg-0000000007,MDG_0000000007:MDV:SEX_MLE:AGEGROUP_YEARSUNDER5:WEALTHQUINTILE_TOTL,1970-01-01,2026-09-07T16:09:18Z,restated_at,2026-08-05,,who.gho.mdg-0000000007,raw/who.gho.mdg-0000000007/2026/09/20260907T160918Z-1f3ac080847d.json.gz,2
who.gho.mdg-0000000007,MDG_0000000007:MDV:SEX_MLE:AGEGROUP_YEARSUNDER5:WEALTHQUINTILE_TOTL,1970-01-01,2026-09-07T16:09:18Z,value,270.370364695,,who.gho.mdg-0000000007,raw/who.gho.mdg-0000000007/2026/09/20260907T160918Z-1f3ac080847d.json.gz,2
who.gho.mdg-0000000007,MDG_0000000007:MEX:SEX_BTSX:AGEGROUP_YEARSUNDER5:WEALTHQUINTILE_TOTL,1970-01-01,2026-09-07T16:08:41Z,high,116.430531185,,who.gho.mdg-0000000007,raw/who.gho.mdg-0000000007/2026/09/20260907T160841Z-d67f78e4b8d9.json.gz,2
who.gho.mdg-0000000007,MDG_0000000007:MEX:SEX_BTSX:AGEGROUP_YEARSUNDER5:WEALTHQUINTILE_TOTL,1970-01-01,2026-09-07T16:08:41Z,low,97.997445036,,who.gho.mdg-0000000007,raw/who.gho.mdg-0000000007/2026/09/20260907T160841Z-d67f78e4b8d9.json.gz,2
who.gho.mdg-0000000007,MDG_0000000007:MEX:SEX_BTSX:AGEGROUP_YEARSUNDER5:WEALTHQUINTILE_TOTL,1970-01-01,2026-09-07T16:08:41Z,restated_at,2026-08-05,,who.gho.mdg-0000000007,raw/who.gho.mdg-0000000007/2026/09/20260907T160841Z-d67f78e4b8d9.json.gz,2
who.gho.mdg-0000000007,MDG_0000000007:MEX:SEX_BTSX:AGEGROUP_YEARSUNDER5:WEALTHQUINTILE_TOTL,1970-01-01,2026-09-07T16:08:41Z,value,106.896317982,,who.gho.mdg-0000000007,raw/who.gho.mdg-0000000007/2026/09/20260907T160841Z-d67f78e4b8d9.json.gz,2
who.gho.mdg-0000000007,MDG_0000000007:MEX:SEX_FMLE:AGEGROUP_YEARSUNDER5:WEALTHQUINTILE_TOTL,1970-01-01,2026-09-07T16:09:30Z,high,110.010707875,,who.gho.mdg-0000000007,raw/who.gho.mdg-0000000007/2026/09/20260907T160930Z-3a49f2d0e7d2.json.gz,2
who.gho.mdg-0000000007,MDG_0000000007:MEX:SEX_FMLE:AGEGROUP_YEARSUNDER5:WEALTHQUINTILE_TOTL,1970-01-01,2026-09-07T16:09:30Z,low,91.523973247,,who.gho.mdg-0000000007,raw/who.gho.mdg-0000000007/2026/09/20260907T160930Z-3a49f2d0e7d2.json.gz,2
who.gho.mdg-0000000007,MDG_0000000007:MEX:SEX_FMLE:AGEGROUP_YEARSUNDER5:WEALTHQUINTILE_TOTL,1970-01-01,2026-09-07T16:09:30Z,restated_at,2026-08-05,,who.gho.mdg-0000000007,raw/who.gho.mdg-0000000007/2026/09/20260907T160930Z-3a49f2d0e7d2.json.gz,2
who.gho.mdg-0000000007,MDG_0000000007:MEX:SEX_FMLE:AGEGROUP_YEARSUNDER5:WEALTHQUINTILE_TOTL,1970-01-01,2026-09-07T16:09:30Z,value,100.380164566,,who.gho.mdg-0000000007,raw/who.gho.mdg-0000000007/2026/09/20260907T160930Z-3a49f2d0e7d2.json.gz,2
who.gho.mdg-0000000007,MDG_0000000007:MEX:SEX_MLE:AGEGROUP_YEARSUNDER5:WEALTHQUINTILE_TOTL,1970-01-01,2026-09-07T16:09:34Z,high,123.67618809,,who.gho.mdg-0000000007,raw/who.gho.mdg-0000000007/2026/09/20260907T160934Z-f7f0902b1194.json.gz,2
who.gho.mdg-0000000007,MDG_0000000007:MEX:SEX_MLE:AGEGROUP_YEARSUNDER5:WEALTHQUINTILE_TOTL,1970-01-01,2026-09-07T16:09:34Z,low,103.139206108,,who.gho.mdg-0000000007,raw/who.gho.mdg-0000000007/2026/09/20260907T160934Z-f7f0902b1194.json.gz,2
who.gho.mdg-0000000007,MDG_0000000007:MEX:SEX_MLE:AGEGROUP_YEARSUNDER5:WEALTHQUINTILE_TOTL,1970-01-01,2026-09-07T16:09:34Z,restated_at,2026-08-05,,who.gho.mdg-0000000007,raw/who.gho.mdg-0000000007/2026/09/20260907T160934Z-f7f0902b1194.json.gz,2
who.gho.mdg-0000000007,MDG_0000000007:MEX:SEX_MLE:AGEGROUP_YEARSUNDER5:WEALTHQUINTILE_TOTL,1970-01-01,2026-09-07T16:09:34Z,value,113.042078398,,who.gho.mdg-0000000007,raw/who.gho.mdg-0000000007/2026/09/20260907T160934Z-f7f0902b1194.json.gz,2
who.gho.mdg-0000000007,MDG_0000000007:MHL:SEX_BTSX:AGEGROUP_YEARSUNDER5:WEALTHQUINTILE_TOTL,1970-01-01,2026-09-07T16:10:37Z,high,89.355550098,,who.gho.mdg-0000000007,raw/who.gho.mdg-0000000007/2026/09/20260907T161037Z-dfd3d6a5a745.json.gz,2
who.gho.mdg-0000000007,MDG_0000000007:MHL:SEX_BTSX:AGEGROUP_YEARSUNDER5:WEALTHQUINTILE_TOTL,1970-01-01,2026-09-07T16:10:37Z,low,68.879404634,,who.gho.mdg-0000000007,raw/who.gho.mdg-0000000007/2026/09/20260907T161037Z-dfd3d6a5a745.json.gz,2
who.gho.mdg-0000000007,MDG_0000000007:MHL:SEX_BTSX:AGEGROUP_YEARSUNDER5:WEALTHQUINTILE_TOTL,1970-01-01,2026-09-07T16:10:37Z,restated_at,2026-08-05,,who.gho.mdg-0000000007,raw/who.gho.mdg-0000000007/2026/09/20260907T161037Z-dfd3d6a5a745.json.gz,2
who.gho.mdg-0000000007,MDG_0000000007:MHL:SEX_BTSX:AGEGROUP_YEARSUNDER5:WEALTHQUINTILE_TOTL,1970-01-01,2026-09-07T16:10:37Z,value,78.611042861,,who.gho.mdg-0000000007,raw/who.gho.mdg-0000000007/2026/09/20260907T161037Z-dfd3d6a5a745.json.gz,2
who.gho.mdg-0000000007,MDG_0000000007:MHL:SEX_FMLE:AGEGROUP_YEARSUNDER5:WEALTHQUINTILE_TOTL,1970-01-01,2026-09-07T16:09:03Z,high,83.860472502,,who.gho.mdg-0000000007,raw/who.gho.mdg-0000000007/2026/09/20260907T160903Z-df09845b881e.json.gz,2
who.gho.mdg-0000000007,MDG_0000000007:MHL:SEX_FMLE:AGEGROUP_YEARSUNDER5:WEALTHQUINTILE_TOTL,1970-01-01,2026-09-07T16:09:03Z,low,63.20848214,,who.gho.mdg-0000000007,raw/who.gho.mdg-0000000007/2026/09/20260907T160903Z-df09845b881e.json.gz,2
who.gho.mdg-0000000007,MDG_0000000007:MHL:SEX_FMLE:AGEGROUP_YEARSUNDER5:WEALTHQUINTILE_TOTL,1970-01-01,2026-09-07T16:09:03Z,restated_at,2026-08-05,,who.gho.mdg-0000000007,raw/who.gho.mdg-0000000007/2026/09/20260907T160903Z-df09845b881e.json.gz,2
who.gho.mdg-0000000007,MDG_0000000007:MHL:SEX_FMLE:AGEGROUP_YEARSUNDER5:WEALTHQUINTILE_TOTL,1970-01-01,2026-09-07T16:09:03Z,value,72.842489971,,who.gho.mdg-0000000007,raw/who.gho.mdg-0000000007/2026/09/20260907T160903Z-df09845b881e.json.gz,2
who.gho.mdg-0000000007,MDG_0000000007:MHL:SEX_MLE:AGEGROUP_YEARSUNDER5:WEALTHQUINTILE_TOTL,1970-01-01,2026-09-07T16:11:18Z,high,96.13686626,,who.gho.mdg-0000000007,raw/who.gho.mdg-0000000007/2026/09/20260907T161118Z-85c02b5f4e3c.json.gz,2
who.gho.mdg-0000000007,MDG_0000000007:MHL:SEX_MLE:AGEGROUP_YEARSUNDER5:WEALTHQUINTILE_TOTL,1970-01-01,2026-09-07T16:11:18Z,low,73.140580174,,who.gho.mdg-0000000007,raw/who.gho.mdg-0000000007/2026/09/20260907T161118Z-85c02b5f4e3c.json.gz,2
who.gho.mdg-0000000007,MDG_0000000007:MHL:SEX_MLE:AGEGROUP_YEARSUNDER5:WEALTHQUINTILE_TOTL,1970-01-01,2026-09-07T16:11:18Z,restated_at,2026-08-05,,who.gho.mdg-0000000007,raw/who.gho.mdg-0000000007/2026/09/20260907T161118Z-85c02b5f4e3c.json.gz,2
who.gho.mdg-0000000007,MDG_0000000007:MHL:SEX_MLE:AGEGROUP_YEARSUNDER5:WEALTHQUINTILE_TOTL,1970-01-01,2026-09-07T16:11:18Z,value,83.976069082,,who.gho.mdg-0000000007,raw/who.gho.mdg-0000000007/2026/09/20260907T161118Z-85c02b5f4e3c.json.gz,2
who.gho.mdg-0000000007,MDG_0000000007:MLI:SEX_BTSX:AGEGROUP_YEARSUNDER5:WEALTHQUINTILE_TOTL,1970-01-01,2026-09-07T16:06:34Z,high,425.642411633,,who.gho.mdg-0000000007,raw/who.gho.mdg-0000000007/2026/09/20260907T160634Z-2774fa4e213c.json.gz,2
who.gho.mdg-0000000007,MDG_0000000007:MLI:SEX_BTSX:AGEGROUP_YEARSUNDER5:WEALTHQUINTILE_TOTL,1970-01-01,2026-09-07T16:06:34Z,low,347.782695645,,who.gho.mdg-0000000007,raw/who.gho.mdg-0000000007/2026/09/20260907T160634Z-2774fa4e213c.json.gz,2
who.gho.mdg-0000000007,MDG_0000000007:MLI:SEX_BTSX:AGEGROUP_YEARSUNDER5:WEALTHQUINTILE_TOTL,1970-01-01,2026-09-07T16:06:34Z,restated_at,2026-08-05,,who.gho.mdg-0000000007,raw/who.gho.mdg-0000000007/2026/09/20260907T160634Z-2774fa4e213c.json.gz,2
who.gho.mdg-0000000007,MDG_0000000007:MLI:SEX_BTSX:AGEGROUP_YEARSUNDER5:WEALTHQUINTILE_TOTL,1970-01-01,2026-09-07T16:06:34Z,value,385.123671025,,who.gho.mdg-0000000007,raw/who.gho.mdg-0000000007/2026/09/20260907T160634Z-2774fa4e213c.json.gz,2
who.gho.mdg-0000000007,MDG_0000000007:MLI:SEX_FMLE:AGEGROUP_YEARSUNDER5:WEALTHQUINTILE_TOTL,1970-01-01,2026-09-07T16:09:38Z,high,416.304088804,,who.gho.mdg-0000000007,raw/who.gho.mdg-0000000007/2026/09/20260907T160938Z-81612038db74.json.gz,2
who.gho.mdg-0000000007,MDG_0000000007:MLI:SEX_FMLE:AGEGROUP_YEARSUNDER5:WEALTHQUINTILE_TOTL,1970-01-01,2026-09-07T16:09:38Z,low,338.245924964,,who.gho.mdg-0000000007,raw/who.gho.mdg-0000000007/2026/09/20260907T160938Z-81612038db74.json.gz,2
who.gho.mdg-0000000007,MDG_0000000007:MLI:SEX_FMLE:AGEGROUP_YEARSUNDER5:WEALTHQUINTILE_TOTL,1970-01-01,2026-09-07T16:09:38Z,restated_at,2026-08-05,,who.gho.mdg-0000000007,raw/who.gho.mdg-0000000007/2026/09/20260907T160938Z-81612038db74.json.gz,2
who.gho.mdg-0000000007,MDG_0000000007:MLI:SEX_FMLE:AGEGROUP_YEARSUNDER5:WEALTHQUINTILE_TOTL,1970-01-01,2026-09-07T16:09:38Z,value,375.866158099,,who.gho.mdg-0000000007,raw/who.gho.mdg-0000000007/2026/09/20260907T160938Z-81612038db74.json.gz,2
who.gho.mdg-0000000007,MDG_0000000007:MLI:SEX_MLE:AGEGROUP_YEARSUNDER5:WEALTHQUINTILE_TOTL,1970-01-01,2026-09-07T16:10:12Z,high,435.893768957,,who.gho.mdg-0000000007,raw/who.gho.mdg-0000000007/2026/09/20260907T161012Z-af10f639113a.json.gz,2
who.gho.mdg-0000000007,MDG_0000000007:MLI:SEX_MLE:AGEGROUP_YEARSUNDER5:WEALTHQUINTILE_TOTL,1970-01-01,2026-09-07T16:10:12Z,low,354.893298167,,who.gho.mdg-0000000007,raw/who.gho.mdg-0000000007/2026/09/20260907T161012Z-af10f639113a.json.gz,2
who.gho.mdg-0000000007,MDG_0000000007:MLI:SEX_MLE:AGEGROUP_YEARSUNDER5:WEALTHQUINTILE_TOTL,1970-01-01,2026-09-07T16:10:12Z,restated_at,2026-08-05,,who.gho.mdg-0000000007,raw/who.gho.mdg-0000000007/2026/09/20260907T161012Z-af10f639113a.json.gz,2
who.gho.mdg-0000000007,MDG_0000000007:MLI:SEX_MLE:AGEGROUP_YEARSUNDER5:WEALTHQUINTILE_TOTL,1970-01-01,2026-09-07T16:10:12Z,value,393.727156837,,who.gho.mdg-0000000007,raw/who.gho.mdg-0000000007/2026/09/20260907T161012Z-af10f639113a.json.gz,2
who.gho.mdg-0000000007,MDG_0000000007:MLT:SEX_BTSX:AGEGROUP_YEARSUNDER5:WEALTHQUINTILE_TOTL,1970-01-01,2026-09-07T16:10:45Z,high,29.341285671,,who.gho.mdg-0000000007,raw/who.gho.mdg-0000000007/2026/09/20260907T161045Z-53a7d24c459b.json.gz,2
who.gho.mdg-0000000007,MDG_0000000007:MLT:SEX_BTSX:AGEGROUP_YEARSUNDER5:WEALTHQUINTILE_TOTL,1970-01-01,2026-09-07T16:10:45Z,low,26.584505128,,who.gho.mdg-0000000007,raw/who.gho.mdg-0000000007/2026/09/20260907T161045Z-53a7d24c459b.json.gz,2
who.gho.mdg-0000000007,MDG_0000000007:MLT:SEX_BTSX:AGEGROUP_YEARSUNDER5:WEALTHQUINTILE_TOTL,1970-01-01,2026-09-07T16:10:45Z,restated_at,2026-08-05,,who.gho.mdg-0000000007,raw/who.gho.mdg-0000000007/2026/09/20260907T161045Z-53a7d24c459b.json.gz,2
who.gho.mdg-0000000007,MDG_0000000007:MLT:SEX_BTSX:AGEGROUP_YEARSUNDER5:WEALTHQUINTILE_TOTL,1970-01-01,2026-09-07T16:10:45Z,value,27.912172513,,who.gho.mdg-0000000007,raw/who.gho.mdg-0000000007/2026/09/20260907T161045Z-53a7d24c459b.json.gz,2
who.gho.mdg-0000000007,MDG_0000000007:MLT:SEX_FMLE:AGEGROUP_YEARSUNDER5:WEALTHQUINTILE_TOTL,1970-01-01,2026-09-07T16:10:07Z,high,26.677033377,,who.gho.mdg-0000000007,raw/who.gho.mdg-0000000007/2026/09/20260907T161007Z-28c6cde3082c.json.gz,2
who.gho.mdg-0000000007,MDG_0000000007:MLT:SEX_FMLE:AGEGROUP_YEARSUNDER5:WEALTHQUINTILE_TOTL,1970-01-01,2026-09-07T16:10:07Z,low,23.783455848,,who.gho.mdg-0000000007,raw/who.gho.mdg-0000000007/2026/09/20260907T161007Z-28c6cde3082c.json.gz,2
who.gho.mdg-0000000007,MDG_0000000007:MLT:SEX_FMLE:AGEGROUP_YEARSUNDER5:WEALTHQUINTILE_TOTL,1970-01-01,2026-09-07T16:10:07Z,restated_at,2026-08-05,,who.gho.mdg-0000000007,raw/who.gho.mdg-0000000007/2026/09/20260907T161007Z-28c6cde3082c.json.gz,2
who.gho.mdg-0000000007,MDG_0000000007:MLT:SEX_FMLE:AGEGROUP_YEARSUNDER5:WEALTHQUINTILE_TOTL,1970-01-01,2026-09-07T16:10:07Z,value,25.189617323,,who.gho.mdg-0000000007,raw/who.gho.mdg-0000000007/2026/09/20260907T161007Z-28c6cde3082c.json.gz,2
who.gho.mdg-0000000007,MDG_0000000007:MLT:SEX_MLE:AGEGROUP_YEARSUNDER5:WEALTHQUINTILE_TOTL,1970-01-01,2026-09-07T16:09:41Z,high,32.254028883,,who.gho.mdg-0000000007,raw/who.gho.mdg-0000000007/2026/09/20260907T160941Z-845bd0fc2e92.json.gz,2
who.gho.mdg-0000000007,MDG_0000000007:MLT:SEX_MLE:AGEGROUP_YEARSUNDER5:WEALTHQUINTILE_TOTL,1970-01-01,2026-09-07T16:09:41Z,low,28.874234584,,who.gho.mdg-0000000007,raw/who.gho.mdg-0000000007/2026/09/20260907T160941Z-845bd0fc2e92.json.gz,2
who.gho.mdg-0000000007,MDG_0000000007:MLT:SEX_MLE:AGEGROUP_YEARSUNDER5:WEALTHQUINTILE_TOTL,1970-01-01,2026-09-07T16:09:41Z,restated_at,2026-08-05,,who.gho.mdg-0000000007,raw/who.gho.mdg-0000000007/2026/09/20260907T160941Z-845bd0fc2e92.json.gz,2
who.gho.mdg-0000000007,MDG_0000000007:MLT:SEX_MLE:AGEGROUP_YEARSUNDER5:WEALTHQUINTILE_TOTL,1970-01-01,2026-09-07T16:09:41Z,value,30.513993658,,who.gho.mdg-0000000007,raw/who.gho.mdg-0000000007/2026/09/20260907T160941Z-845bd0fc2e92.json.gz,2
who.gho.mdg-0000000007,MDG_0000000007:MMR:SEX_BTSX:AGEGROUP_YEARSUNDER5:WEALTHQUINTILE_TOTL,1970-01-01,2026-09-07T16:09:34Z,high,218.122752677,,who.gho.mdg-0000000007,raw/who.gho.mdg-0000000007/2026/09/20260907T160934Z-f7f0902b1194.json.gz,2
who.gho.mdg-0000000007,MDG_0000000007:MMR:SEX_BTSX:AGEGROUP_YEARSUNDER5:WEALTHQUINTILE_TOTL,1970-01-01,2026-09-07T16:09:34Z,low,137.743552277,,who.gho.mdg-0000000007,raw/who.gho.mdg-0000000007/2026/09/20260907T160934Z-f7f0902b1194.json.gz,2
who.gho.mdg-0000000007,MDG_0000000007:MMR:SEX_BTSX:AGEGROUP_YEARSUNDER5:WEALTHQUINTILE_TOTL,1970-01-01,2026-09-07T16:09:34Z,restated_at,2026-08-05,,who.gho.mdg-0000000007,raw/who.gho.mdg-0000000007/2026/09/20260907T160934Z-f7f0902b1194.json.gz,2
who.gho.mdg-0000000007,MDG_0000000007:MMR:SEX_BTSX:AGEGROUP_YEARSUNDER5:WEALTHQUINTILE_TOTL,1970-01-01,2026-09-07T16:09:34Z,value,173.048547407,,who.gho.mdg-0000000007,raw/who.gho.mdg-0000000007/2026/09/20260907T160934Z-f7f0902b1194.json.gz,2
who.gho.mdg-0000000007,MDG_0000000007:MMR:SEX_FMLE:AGEGROUP_YEARSUNDER5:WEALTHQUINTILE_TOTL,1970-01-01,2026-09-07T16:06:21Z,high,208.159307525,,who.gho.mdg-0000000007,raw/who.gho.mdg-0000000007/2026/09/20260907T160621Z-1819ad2538c7.json.gz,2
who.gho.mdg-0000000007,MDG_0000000007:MMR:SEX_FMLE:AGEGROUP_YEARSUNDER5:WEALTHQUINTILE_TOTL,1970-01-01,2026-09-07T16:06:21Z,low,130.482132173,,who.gho.mdg-0000000007,raw/who.gho.mdg-0000000007/2026/09/20260907T160621Z-1819ad2538c7.json.gz,2
who.gho.mdg-0000000007,MDG_0000000007:MMR:SEX_FMLE:AGEGROUP_YEARSUNDER5:WEALTHQUINTILE_TOTL,1970-01-01,2026-09-07T16:06:21Z,restated_at,2026-08-05,,who.gho.mdg-0000000007,raw/who.gho.mdg-0000000007/2026/09/20260907T160621Z-1819ad2538c7.json.gz,2
who.gho.mdg-0000000007,MDG_0000000007:MMR:SEX_FMLE:AGEGROUP_YEARSUNDER5:WEALTHQUINTILE_TOTL,1970-01-01,2026-09-07T16:06:21Z,value,163.922628472,,who.gho.mdg-0000000007,raw/who.gho.mdg-0000000007/2026/09/20260907T160621Z-1819ad2538c7.json.gz,2
who.gho.mdg-0000000007,MDG_0000000007:MMR:SEX_MLE:AGEGROUP_YEARSUNDER5:WEALTHQUINTILE_TOTL,1970-01-01,2026-09-07T16:09:18Z,high,230.469493514,,who.gho.mdg-0000000007,raw/who.gho.mdg-0000000007/2026/09/20260907T160918Z-1f3ac080847d.json.gz,2
who.gho.mdg-0000000007,MDG_0000000007:MMR:SEX_MLE:AGEGROUP_YEARSUNDER5:WEALTHQUINTILE_TOTL,1970-01-01,2026-09-07T16:09:18Z,low,144.165670112,,who.gho.mdg-0000000007,raw/who.gho.mdg-0000000007/2026/09/20260907T160918Z-1f3ac080847d.json.gz,2
who.gho.mdg-0000000007,MDG_0000000007:MMR:SEX_MLE:AGEGROUP_YEARSUNDER5:WEALTHQUINTILE_TOTL,1970-01-01,2026-09-07T16:09:18Z,restated_at,2026-08-05,,who.gho.mdg-0000000007,raw/who.gho.mdg-0000000007/2026/09/20260907T160918Z-1f3ac080847d.json.gz,2
who.gho.mdg-0000000007,MDG_0000000007:MMR:SEX_MLE:AGEGROUP_YEARSUNDER5:WEALTHQUINTILE_TOTL,1970-01-01,2026-09-07T16:09:18Z,value,181.693143906,,who.gho.mdg-0000000007,raw/who.gho.mdg-0000000007/2026/09/20260907T160918Z-1f3ac080847d.json.gz,2
who.gho.mdg-0000000007,MDG_0000000007:MOZ:SEX_BTSX:AGEGROUP_YEARSUNDER5:WEALTHQUINTILE_TOTL,1970-01-01,2026-09-07T16:09:59Z,high,339.355348825,,who.gho.mdg-0000000007,raw/who.gho.mdg-0000000007/2026/09/20260907T160959Z-e41937f31aea.json.gz,2
who.gho.mdg-0000000007,MDG_0000000007:MOZ:SEX_BTSX:AGEGROUP_YEARSUNDER5:WEALTHQUINTILE_TOTL,1970-01-01,2026-09-07T16:09:59Z,low,221.398613795,,who.gho.mdg-0000000007,raw/who.gho.mdg-0000000007/2026/09/20260907T160959Z-e41937f31aea.json.gz,2
who.gho.mdg-0000000007,MDG_0000000007:MOZ:SEX_BTSX:AGEGROUP_YEARSUNDER5:WEALTHQUINTILE_TOTL,1970-01-01,2026-09-07T16:09:59Z,restated_at,2026-08-05,,who.gho.mdg-0000000007,raw/who.gho.mdg-0000000007/2026/09/20260907T160959Z-e41937f31aea.json.gz,2
who.gho.mdg-0000000007,MDG_0000000007:MOZ:SEX_BTSX:AGEGROUP_YEARSUNDER5:WEALTHQUINTILE_TOTL,1970-01-01,2026-09-07T16:09:59Z,value,273.287426322,,who.gho.mdg-0000000007,raw/who.gho.mdg-0000000007/2026/09/20260907T160959Z-e41937f31aea.json.gz,2
who.gho.mdg-0000000007,MDG_0000000007:MOZ:SEX_FMLE:AGEGROUP_YEARSUNDER5:WEALTHQUINTILE_TOTL,1970-01-01,2026-09-07T16:09:18Z,high,326.887476516,,who.gho.mdg-0000000007,raw/who.gho.mdg-0000000007/2026/09/20260907T160918Z-1f3ac080847d.json.gz,2
who.gho.mdg-0000000007,MDG_0000000007:MOZ:SEX_FMLE:AGEGROUP_YEARSUNDER5:WEALTHQUINTILE_TOTL,1970-01-01,2026-09-07T16:09:18Z,low,212.538929588,,who.gho.mdg-0000000007,raw/who.gho.mdg-0000000007/2026/09/20260907T160918Z-1f3ac080847d.json.gz,2
who.gho.mdg-0000000007,MDG_0000000007:MOZ:SEX_FMLE:AGEGROUP_YEARSUNDER5:WEALTHQUINTILE_TOTL,1970-01-01,2026-09-07T16:09:18Z,restated_at,2026-08-05,,who.gho.mdg-0000000007,raw/who.gho.mdg-0000000007/2026/09/20260907T160918Z-1f3ac080847d.json.gz,2
who.gho.mdg-0000000007,MDG_0000000007:MOZ:SEX_FMLE:AGEGROUP_YEARSUNDER5:WEALTHQUINTILE_TOTL,1970-01-01,2026-09-07T16:09:18Z,value,263.247375523,,who.gho.mdg-0000000007,raw/who.gho.mdg-0000000007/2026/09/20260907T160918Z-1f3ac080847d.json.gz,2
who.gho.mdg-0000000007,MDG_0000000007:MOZ:SEX_MLE:AGEGROUP_YEARSUNDER5:WEALTHQUINTILE_TOTL,1970-01-01,2026-09-07T16:09:08Z,high,351.135956554,,who.gho.mdg-0000000007,raw/who.gho.mdg-0000000007/2026/09/20260907T160908Z-96acbc2bc7cb.json.gz,2
who.gho.mdg-0000000007,MDG_0000000007:MOZ:SEX_MLE:AGEGROUP_YEARSUNDER5:WEALTHQUINTILE_TOTL,1970-01-01,2026-09-07T16:09:08Z,low,228.62108905,,who.gho.mdg-0000000007,raw/who.gho.mdg-0000000007/2026/09/20260907T160908Z-96acbc2bc7cb.json.gz,2
who.gho.mdg-0000000007,MDG_0000000007:MOZ:SEX_MLE:AGEGROUP_YEARSUNDER5:WEALTHQUINTILE_TOTL,1970-01-01,2026-09-07T16:09:08Z,restated_at,2026-08-05,,who.gho.mdg-0000000007,raw/who.gho.mdg-0000000007/2026/09/20260907T160908Z-96acbc2bc7cb.json.gz,2
who.gho.mdg-0000000007,MDG_0000000007:MOZ:SEX_MLE:AGEGROUP_YEARSUNDER5:WEALTHQUINTILE_TOTL,1970-01-01,2026-09-07T16:09:08Z,value,283.169497944,,who.gho.mdg-0000000007,raw/who.gho.mdg-0000000007/2026/09/20260907T160908Z-96acbc2bc7cb.json.gz,2
who.gho.mdg-0000000007,MDG_0000000007:MRT:SEX_BTSX:AGEGROUP_YEARSUNDER5:WEALTHQUINTILE_TOTL,1970-01-01,2026-09-07T16:08:59Z,high,256.113000374,,who.gho.mdg-0000000007,raw/who.gho.mdg-0000000007/2026/09/20260907T160859Z-81b3460c41a8.json.gz,2
who.gho.mdg-0000000007,MDG_0000000007:MRT:SEX_BTSX:AGEGROUP_YEARSUNDER5:WEALTHQUINTILE_TOTL,1970-01-01,2026-09-07T16:08:59Z,low,208.453179882,,who.gho.mdg-0000000007,raw/who.gho.mdg-0000000007/2026/09/20260907T160859Z-81b3460c41a8.json.gz,2
who.gho.mdg-0000000007,MDG_0000000007:MRT:SEX_BTSX:AGEGROUP_YEARSUNDER5:WEALTHQUINTILE_TOTL,1970-01-01,2026-09-07T16:08:59Z,restated_at,2026-08-05,,who.gho.mdg-0000000007,raw/who.gho.mdg-0000000007/2026/09/20260907T160859Z-81b3460c41a8.json.gz,2
who.gho.mdg-0000000007,MDG_0000000007:MRT:SEX_BTSX:AGEGROUP_YEARSUNDER5:WEALTHQUINTILE_TOTL,1970-01-01,2026-09-07T16:08:59Z,value,231.090371105,,who.gho.mdg-0000000007,raw/who.gho.mdg-0000000007/2026/09/20260907T160859Z-81b3460c41a8.json.gz,2
who.gho.mdg-0000000007,MDG_0000000007:MRT:SEX_FMLE:AGEGROUP_YEARSUNDER5:WEALTHQUINTILE_TOTL,1970-01-01,2026-09-07T16:05:57Z,high,245.031236893,,who.gho.mdg-0000000007,raw/who.gho.mdg-0000000007/2026/09/20260907T160557Z-c8e786907d46.json.gz,2
who.gho.mdg-0000000007,MDG_0000000007:MRT:SEX_FMLE:AGEGROUP_YEARSUNDER5:WEALTHQUINTILE_TOTL,1970-01-01,2026-09-07T16:05:57Z,low,198.022186452,,who.gho.mdg-0000000007,raw/who.gho.mdg-0000000007/2026/09/20260907T160557Z-c8e786907d46.json.gz,2
who.gho.mdg-0000000007,MDG_0000000007:MRT:SEX_FMLE:AGEGROUP_YEARSUNDER5:WEALTHQUINTILE_TOTL,1970-01-01,2026-09-07T16:05:57Z,restated_at,2026-08-05,,who.gho.mdg-0000000007,raw/who.gho.mdg-0000000007/2026/09/20260907T160557Z-c8e786907d46.json.gz,2
who.gho.mdg-0000000007,MDG_0000000007:MRT:SEX_FMLE:AGEGROUP_YEARSUNDER5:WEALTHQUINTILE_TOTL,1970-01-01,2026-09-07T16:05:57Z,value,220.117131772,,who.gho.mdg-0000000007,raw/who.gho.mdg-0000000007/2026/09/20260907T160557Z-c8e786907d46.json.gz,2
who.gho.mdg-0000000007,MDG_0000000007:MRT:SEX_MLE:AGEGROUP_YEARSUNDER5:WEALTHQUINTILE_TOTL,1970-01-01,2026-09-07T16:11:22Z,high,268.626278405,,who.gho.mdg-0000000007,raw/who.gho.mdg-0000000007/2026/09/20260907T161122Z-4e9c288e3adb.json.gz,2
who.gho.mdg-0000000007,MDG_0000000007:MRT:SEX_MLE:AGEGROUP_YEARSUNDER5:WEALTHQUINTILE_TOTL,1970-01-01,2026-09-07T16:11:22Z,low,217.02349344,,who.gho.mdg-0000000007,raw/who.gho.mdg-0000000007/2026/09/20260907T161122Z-4e9c288e3adb.json.gz,2
who.gho.mdg-0000000007,MDG_0000000007:MRT:SEX_MLE:AGEGROUP_YEARSUNDER5:WEALTHQUINTILE_TOTL,1970-01-01,2026-09-07T16:11:22Z,restated_at,2026-08-05,,who.gho.mdg-0000000007,raw/who.gho.mdg-0000000007/2026/09/20260907T161122Z-4e9c288e3adb.json.gz,2
who.gho.mdg-0000000007,MDG_0000000007:MRT:SEX_MLE:AGEGROUP_YEARSUNDER5:WEALTHQUINTILE_TOTL,1970-01-01,2026-09-07T16:11:22Z,value,241.521196574,,who.gho.mdg-0000000007,raw/who.gho.mdg-0000000007/2026/09/20260907T161122Z-4e9c288e3adb.json.gz,2
who.gho.mdg-0000000007,MDG_0000000007:MSR:SEX_BTSX:AGEGROUP_YEARSUNDER5:WEALTHQUINTILE_TOTL,1970-01-01,2026-09-07T16:10:30Z,high,65.170149109,,who.gho.mdg-0000000007,raw/who.gho.mdg-0000000007/2026/09/20260907T161030Z-d2101d8df79b.json.gz,2
who.gho.mdg-0000000007,MDG_0000000007:MSR:SEX_BTSX:AGEGROUP_YEARSUNDER5:WEALTHQUINTILE_TOTL,1970-01-01,2026-09-07T16:10:30Z,low,51.054284873,,who.gho.mdg-0000000007,raw/who.gho.mdg-0000000007/2026/09/20260907T161030Z-d2101d8df79b.json.gz,2
who.gho.mdg-0000000007,MDG_0000000007:MSR:SEX_BTSX:AGEGROUP_YEARSUNDER5:WEALTHQUINTILE_TOTL,1970-01-01,2026-09-07T16:10:30Z,restated_at,2026-08-05,,who.gho.mdg-0000000007,raw/who.gho.mdg-0000000007/2026/09/20260907T161030Z-d2101d8df79b.json.gz,2
who.gho.mdg-0000000007,MDG_0000000007:MSR:SEX_BTSX:AGEGROUP_YEARSUNDER5:WEALTHQUINTILE_TOTL,1970-01-01,2026-09-07T16:10:30Z,value,57.744710063,,who.gho.mdg-0000000007,raw/who.gho.mdg-0000000007/2026/09/20260907T161030Z-d2101d8df79b.json.gz,2
who.gho.mdg-0000000007,MDG_0000000007:MSR:SEX_FMLE:AGEGROUP_YEARSUNDER5:WEALTHQUINTILE_TOTL,1970-01-01,2026-09-07T16:06:11Z,high,64.438911187,,who.gho.mdg-0000000007,raw/who.gho.mdg-0000000007/2026/09/20260907T160611Z-e868f3030ca5.json.gz,2
who.gho.mdg-0000000007,MDG_0000000007:MSR:SEX_FMLE:AGEGROUP_YEARSUNDER5:WEALTHQUINTILE_TOTL,1970-01-01,2026-09-07T16:06:11Z,low,50.163262343,,who.gho.mdg-0000000007,raw/who.gho.mdg-0000000007/2026/09/20260907T160611Z-e868f3030ca5.json.gz,2
who.gho.mdg-0000000007,MDG_0000000007:MSR:SEX_FMLE:AGEGROUP_YEARSUNDER5:WEALTHQUINTILE_TOTL,1970-01-01,2026-09-07T16:06:11Z,restated_at,2026-08-05,,who.gho.mdg-0000000007,raw/who.gho.mdg-0000000007/2026/09/20260907T160611Z-e868f3030ca5.json.gz,2
who.gho.mdg-0000000007,MDG_0000000007:MSR:SEX_FMLE:AGEGROUP_YEARSUNDER5:WEALTHQUINTILE_TOTL,1970-01-01,2026-09-07T16:06:11Z,value,56.951256439,,who.gho.mdg-0000000007,raw/who.gho.mdg-0000000007/2026/09/20260907T160611Z-e868f3030ca5.json.gz,2
who.gho.mdg-0000000007,MDG_0000000007:MSR:SEX_MLE:AGEGROUP_YEARSUNDER5:WEALTHQUINTILE_TOTL,1970-01-01,2026-09-07T16:09:18Z,high,66.143684093,,who.gho.mdg-0000000007,raw/who.gho.mdg-0000000007/2026/09/20260907T160918Z-1f3ac080847d.json.gz,2
who.gho.mdg-0000000007,MDG_0000000007:MSR:SEX_MLE:AGEGROUP_YEARSUNDER5:WEALTHQUINTILE_TOTL,1970-01-01,2026-09-07T16:09:18Z,low,51.579935012,,who.gho.mdg-0000000007,raw/who.gho.mdg-0000000007/2026/09/20260907T160918Z-1f3ac080847d.json.gz,2
who.gho.mdg-0000000007,MDG_0000000007:MSR:SEX_MLE:AGEGROUP_YEARSUNDER5:WEALTHQUINTILE_TOTL,1970-01-01,2026-09-07T16:09:18Z,restated_at,2026-08-05,,who.gho.mdg-0000000007,raw/who.gho.mdg-0000000007/2026/09/20260907T160918Z-1f3ac080847d.json.gz,2
who.gho.mdg-0000000007,MDG_0000000007:MSR:SEX_MLE:AGEGROUP_YEARSUNDER5:WEALTHQUINTILE_TOTL,1970-01-01,2026-09-07T16:09:18Z,value,58.48133448,,who.gho.mdg-0000000007,raw/who.gho.mdg-0000000007/2026/09/20260907T160918Z-1f3ac080847d.json.gz,2
who.gho.mdg-0000000007,MDG_0000000007:MUS:SEX_BTSX:AGEGROUP_YEARSUNDER5:WEALTHQUINTILE_TOTL,1970-01-01,2026-09-07T16:10:21Z,high,81.396540229,,who.gho.mdg-0000000007,raw/who.gho.mdg-0000000007/2026/09/20260907T161021Z-3e9ba1677574.json.gz,2
who.gho.mdg-0000000007,MDG_0000000007:MUS:SEX_BTSX:AGEGROUP_YEARSUNDER5:WEALTHQUINTILE_TOTL,1970-01-01,2026-09-07T16:10:21Z,low,76.731683055,,who.gho.mdg-0000000007,raw/who.gho.mdg-0000000007/2026/09/20260907T161021Z-3e9ba1677574.json.gz,2
who.gho.mdg-0000000007,MDG_0000000007:MUS:SEX_BTSX:AGEGROUP_YEARSUNDER5:WEALTHQUINTILE_TOTL,1970-01-01,2026-09-07T16:10:21Z,restated_at,2026-08-05,,who.gho.mdg-0000000007,raw/who.gho.mdg-0000000007/2026/09/20260907T161021Z-3e9ba1677574.json.gz,2
who.gho.mdg-0000000007,MDG_0000000007:MUS:SEX_BTSX:AGEGROUP_YEARSUNDER5:WEALTHQUINTILE_TOTL,1970-01-01,2026-09-07T16:10:21Z,value,79.018759155,,who.gho.mdg-0000000007,raw/who.gho.mdg-0000000007/2026/09/20260907T161021Z-3e9ba1677574.json.gz,2
who.gho.mdg-0000000007,MDG_0000000007:MUS:SEX_FMLE:AGEGROUP_YEARSUNDER5:WEALTHQUINTILE_TOTL,1970-01-01,2026-09-07T16:09:22Z,high,76.503830951,,who.gho.mdg-0000000007,raw/who.gho.mdg-0000000007/2026/09/20260907T160922Z-b03be7779b07.json.gz,2
who.gho.mdg-0000000007,MDG_0000000007:MUS:SEX_FMLE:AGEGROUP_YEARSUNDER5:WEALTHQUINTILE_TOTL,1970-01-01,2026-09-07T16:09:22Z,low,71.667242455,,who.gho.mdg-0000000007,raw/who.gho.mdg-0000000007/2026/09/20260907T160922Z-b03be7779b07.json.gz,2
who.gho.mdg-0000000007,MDG_0000000007:MUS:SEX_FMLE:AGEGROUP_YEARSUNDER5:WEALTHQUINTILE_TOTL,1970-01-01,2026-09-07T16:09:22Z,restated_at,2026-08-05,,who.gho.mdg-0000000007,raw/who.gho.mdg-0000000007/2026/09/20260907T160922Z-b03be7779b07.json.gz,2
who.gho.mdg-0000000007,MDG_0000000007:MUS:SEX_FMLE:AGEGROUP_YEARSUNDER5:WEALTHQUINTILE_TOTL,1970-01-01,2026-09-07T16:09:22Z,value,74.065141,,who.gho.mdg-0000000007,raw/who.gho.mdg-0000000007/2026/09/20260907T160922Z-b03be7779b07.json.gz,2
who.gho.mdg-0000000007,MDG_0000000007:MUS:SEX_MLE:AGEGROUP_YEARSUNDER5:WEALTHQUINTILE_TOTL,1970-01-01,2026-09-07T16:10:07Z,high,86.474862662,,who.gho.mdg-0000000007,raw/who.gho.mdg-0000000007/2026/09/20260907T161007Z-28c6cde3082c.json.gz,2
who.gho.mdg-0000000007,MDG_0000000007:MUS:SEX_MLE:AGEGROUP_YEARSUNDER5:WEALTHQUINTILE_TOTL,1970-01-01,2026-09-07T16:10:07Z,low,81.120249315,,who.gho.mdg-0000000007,raw/who.gho.mdg-0000000007/2026/09/20260907T161007Z-28c6cde3082c.json.gz,2
who.gho.mdg-0000000007,MDG_0000000007:MUS:SEX_MLE:AGEGROUP_YEARSUNDER5:WEALTHQUINTILE_TOTL,1970-01-01,2026-09-07T16:10:07Z,restated_at,2026-08-05,,who.gho.mdg-0000000007,raw/who.gho.mdg-0000000007/2026/09/20260907T161007Z-28c6cde3082c.json.gz,2
who.gho.mdg-0000000007,MDG_0000000007:MUS:SEX_MLE:AGEGROUP_YEARSUNDER5:WEALTHQUINTILE_TOTL,1970-01-01,2026-09-07T16:10:07Z,value,83.782755666,,who.gho.mdg-0000000007,raw/who.gho.mdg-0000000007/2026/09/20260907T161007Z-28c6cde3082c.json.gz,2
who.gho.mdg-0000000007,MDG_0000000007:MWI:SEX_BTSX:AGEGROUP_YEARSUNDER5:WEALTHQUINTILE_TOTL,1970-01-01,2026-09-07T16:11:01Z,high,375.761223006,,who.gho.mdg-0000000007,raw/who.gho.mdg-0000000007/2026/09/20260907T161101Z-fc76d9a7e10d.json.gz,2
who.gho.mdg-0000000007,MDG_0000000007:MWI:SEX_BTSX:AGEGROUP_YEARSUNDER5:WEALTHQUINTILE_TOTL,1970-01-01,2026-09-07T16:11:01Z,low,311.65665652,,who.gho.mdg-0000000007,raw/who.gho.mdg-0000000007/2026/09/20260907T161101Z-fc76d9a7e10d.json.gz,2
who.gho.mdg-0000000007,MDG_0000000007:MWI:SEX_BTSX:AGEGROUP_YEARSUNDER5:WEALTHQUINTILE_TOTL,1970-01-01,2026-09-07T16:11:01Z,restated_at,2026-08-05,,who.gho.mdg-0000000007,raw/who.gho.mdg-0000000007/2026/09/20260907T161101Z-fc76d9a7e10d.json.gz,2
who.gho.mdg-0000000007,MDG_0000000007:MWI:SEX_BTSX:AGEGROUP_YEARSUNDER5:WEALTHQUINTILE_TOTL,1970-01-01,2026-09-07T16:11:01Z,value,341.706892174,,who.gho.mdg-0000000007,raw/who.gho.mdg-0000000007/2026/09/20260907T161101Z-fc76d9a7e10d.json.gz,2
who.gho.mdg-0000000007,MDG_0000000007:MWI:SEX_FMLE:AGEGROUP_YEARSUNDER5:WEALTHQUINTILE_TOTL,1970-01-01,2026-09-07T16:11:22Z,high,360.812604433,,who.gho.mdg-0000000007,raw/who.gho.mdg-0000000007/2026/09/20260907T161122Z-4e9c288e3adb.json.gz,2
who.gho.mdg-0000000007,MDG_0000000007:MWI:SEX_FMLE:AGEGROUP_YEARSUNDER5:WEALTHQUINTILE_TOTL,1970-01-01,2026-09-07T16:11:22Z,low,296.763570314,,who.gho.mdg-0000000007,raw/who.gho.mdg-0000000007/2026/09/20260907T161122Z-4e9c288e3adb.json.gz,2
who.gho.mdg-0000000007,MDG_0000000007:MWI:SEX_FMLE:AGEGROUP_YEARSUNDER5:WEALTHQUINTILE_TOTL,1970-01-01,2026-09-07T16:11:22Z,restated_at,2026-08-05,,who.gho.mdg-0000000007,raw/who.gho.mdg-0000000007/2026/09/20260907T161122Z-4e9c288e3adb.json.gz,2
who.gho.mdg-0000000007,MDG_0000000007:MWI:SEX_FMLE:AGEGROUP_YEARSUNDER5:WEALTHQUINTILE_TOTL,1970-01-01,2026-09-07T16:11:22Z,value,326.790843349,,who.gho.mdg-0000000007,raw/who.gho.mdg-0000000007/2026/09/20260907T161122Z-4e9c288e3adb.json.gz,2
who.gho.mdg-0000000007,MDG_0000000007:MWI:SEX_MLE:AGEGROUP_YEARSUNDER5:WEALTHQUINTILE_TOTL,1970-01-01,2026-09-07T16:04:52Z,high,392.68184123,,who.gho.mdg-0000000007,raw/who.gho.mdg-0000000007/2026/09/20260907T160452Z-cad637d9cec2.json.gz,2
who.gho.mdg-0000000007,MDG_0000000007:MWI:SEX_MLE:AGEGROUP_YEARSUNDER5:WEALTHQUINTILE_TOTL,1970-01-01,2026-09-07T16:04:52Z,low,323.646709394,,who.gho.mdg-0000000007,raw/who.gho.mdg-0000000007/2026/09/20260907T160452Z-cad637d9cec2.json.gz,2
who.gho.mdg-0000000007,MDG_0000000007:MWI:SEX_MLE:AGEGROUP_YEARSUNDER5:WEALTHQUINTILE_TOTL,1970-01-01,2026-09-07T16:04:52Z,restated_at,2026-08-05,,who.gho.mdg-0000000007,raw/who.gho.mdg-0000000007/2026/09/20260907T160452Z-cad637d9cec2.json.gz,2
who.gho.mdg-0000000007,MDG_0000000007:MWI:SEX_MLE:AGEGROUP_YEARSUNDER5:WEALTHQUINTILE_TOTL,1970-01-01,2026-09-07T16:04:52Z,value,355.649269183,,who.gho.mdg-0000000007,raw/who.gho.mdg-0000000007/2026/09/20260907T160452Z-cad637d9cec2.json.gz,2
who.gho.mdg-0000000007,MDG_0000000007:MYS:SEX_BTSX:AGEGROUP_YEARSUNDER5:WEALTHQUINTILE_TOTL,1970-01-01,2026-09-07T16:08:45Z,high,59.525520842,,who.gho.mdg-0000000007,raw/who.gho.mdg-0000000007/2026/09/20260907T160845Z-9b23f1f1b45b.json.gz,2
who.gho.mdg-0000000007,MDG_0000000007:MYS:SEX_BTSX:AGEGROUP_YEARSUNDER5:WEALTHQUINTILE_TOTL,1970-01-01,2026-09-07T16:08:45Z,low,52.133702201,,who.gho.mdg-0000000007,raw/who.gho.mdg-0000000007/2026/09/20260907T160845Z-9b23f1f1b45b.json.gz,2
who.gho.mdg-0000000007,MDG_0000000007:MYS:SEX_BTSX:AGEGROUP_YEARSUNDER5:WEALTHQUINTILE_TOTL,1970-01-01,2026-09-07T16:08:45Z,restated_at,2026-08-05,,who.gho.mdg-0000000007,raw/who.gho.mdg-0000000007/2026/09/20260907T160845Z-9b23f1f1b45b.json.gz,2
who.gho.mdg-0000000007,MDG_0000000007:MYS:SEX_BTSX:AGEGROUP_YEARSUNDER5:WEALTHQUINTILE_TOTL,1970-01-01,2026-09-07T16:08:45Z,value,55.688891801,,who.gho.mdg-0000000007,raw/who.gho.mdg-0000000007/2026/09/20260907T160845Z-9b23f1f1b45b.json.gz,2
who.gho.mdg-0000000007,MDG_0000000007:MYS:SEX_FMLE:AGEGROUP_YEARSUNDER5:WEALTHQUINTILE_TOTL,1970-01-01,2026-09-07T16:10:30Z,high,55.514221052,,who.gho.mdg-0000000007,raw/who.gho.mdg-0000000007/2026/09/20260907T161030Z-d2101d8df79b.json.gz,2
who.gho.mdg-0000000007,MDG_0000000007:MYS:SEX_FMLE:AGEGROUP_YEARSUNDER5:WEALTHQUINTILE_TOTL,1970-01-01,2026-09-07T16:10:30Z,low,47.164940427,,who.gho.mdg-0000000007,raw/who.gho.mdg-0000000007/2026/09/20260907T161030Z-d2101d8df79b.json.gz,2
who.gho.mdg-0000000007,MDG_0000000007:MYS:SEX_FMLE:AGEGROUP_YEARSUNDER5:WEALTHQUINTILE_TOTL,1970-01-01,2026-09-07T16:10:30Z,restated_at,2026-08-05,,who.gho.mdg-0000000007,raw/who.gho.mdg-0000000007/2026/09/20260907T161030Z-d2101d8df79b.json.gz,2
who.gho.mdg-0000000007,MDG_0000000007:MYS:SEX_FMLE:AGEGROUP_YEARSUNDER5:WEALTHQUINTILE_TOTL,1970-01-01,2026-09-07T16:10:30Z,value,51.204285533,,who.gho.mdg-0000000007,raw/who.gho.mdg-0000000007/2026/09/20260907T161030Z-d2101d8df79b.json.gz,2
who.gho.mdg-0000000007,MDG_0000000007:MYS:SEX_MLE:AGEGROUP_YEARSUNDER5:WEALTHQUINTILE_TOTL,1970-01-01,2026-09-07T16:05:22Z,high,64.675008182,,who.gho.mdg-0000000007,raw/who.gho.mdg-0000000007/2026/09/20260907T160522Z-2bd49e664eea.json.gz,2
who.gho.mdg-0000000007,MDG_0000000007:MYS:SEX_MLE:AGEGROUP_YEARSUNDER5:WEALTHQUINTILE_TOTL,1970-01-01,2026-09-07T16:05:22Z,low,55.554776317,,who.gho.mdg-0000000007,raw/who.gho.mdg-0000000007/2026/09/20260907T160522Z-2bd49e664eea.json.gz,2
who.gho.mdg-0000000007,MDG_0000000007:MYS:SEX_MLE:AGEGROUP_YEARSUNDER5:WEALTHQUINTILE_TOTL,1970-01-01,2026-09-07T16:05:22Z,restated_at,2026-08-05,,who.gho.mdg-0000000007,raw/who.gho.mdg-0000000007/2026/09/20260907T160522Z-2bd49e664eea.json.gz,2
who.gho.mdg-0000000007,MDG_0000000007:MYS:SEX_MLE:AGEGROUP_YEARSUNDER5:WEALTHQUINTILE_TOTL,1970-01-01,2026-09-07T16:05:22Z,value,59.966755096,,who.gho.mdg-0000000007,raw/who.gho.mdg-0000000007/2026/09/20260907T160522Z-2bd49e664eea.json.gz,2
who.gho.mdg-0000000007,MDG_0000000007:NAM:SEX_BTSX:AGEGROUP_YEARSUNDER5:WEALTHQUINTILE_TOTL,1970-01-01,2026-09-07T16:06:29Z,high,119.506728102,,who.gho.mdg-0000000007,raw/who.gho.mdg-0000000007/2026/09/20260907T160629Z-f6ed87825938.json.gz,2
who.gho.mdg-0000000007,MDG_0000000007:NAM:SEX_BTSX:AGEGROUP_YEARSUNDER5:WEALTHQUINTILE_TOTL,1970-01-01,2026-09-07T16:06:29Z,low,78.998106753,,who.gho.mdg-0000000007,raw/who.gho.mdg-0000000007/2026/09/20260907T160629Z-f6ed87825938.json.gz,2
who.gho.mdg-0000000007,MDG_0000000007:NAM:SEX_BTSX:AGEGROUP_YEARSUNDER5:WEALTHQUINTILE_TOTL,1970-01-01,2026-09-07T16:06:29Z,restated_at,2026-08-05,,who.gho.mdg-0000000007,raw/who.gho.mdg-0000000007/2026/09/20260907T160629Z-f6ed87825938.json.gz,2
who.gho.mdg-0000000007,MDG_0000000007:NAM:SEX_BTSX:AGEGROUP_YEARSUNDER5:WEALTHQUINTILE_TOTL,1970-01-01,2026-09-07T16:06:29Z,value,96.991229972,,who.gho.mdg-0000000007,raw/who.gho.mdg-0000000007/2026/09/20260907T160629Z-f6ed87825938.json.gz,2
who.gho.mdg-0000000007,MDG_0000000007:NAM:SEX_FMLE:AGEGROUP_YEARSUNDER5:WEALTHQUINTILE_TOTL,1970-01-01,2026-09-07T16:10:33Z,high,112.596896614,,who.gho.mdg-0000000007,raw/who.gho.mdg-0000000007/2026/09/20260907T161033Z-0396663e197a.json.gz,2
who.gho.mdg-0000000007,MDG_0000000007:NAM:SEX_FMLE:AGEGROUP_YEARSUNDER5:WEALTHQUINTILE_TOTL,1970-01-01,2026-09-07T16:10:33Z,low,74.180696093,,who.gho.mdg-0000000007,raw/who.gho.mdg-0000000007/2026/09/20260907T161033Z-0396663e197a.json.gz,2
who.gho.mdg-0000000007,MDG_0000000007:NAM:SEX_FMLE:AGEGROUP_YEARSUNDER5:WEALTHQUINTILE_TOTL,1970-01-01,2026-09-07T16:10:33Z,restated_at,2026-08-05,,who.gho.mdg-0000000007,raw/who.gho.mdg-0000000007/2026/09/20260907T161033Z-0396663e197a.json.gz,2
who.gho.mdg-0000000007,MDG_0000000007:NAM:SEX_FMLE:AGEGROUP_YEARSUNDER5:WEALTHQUINTILE_TOTL,1970-01-01,2026-09-07T16:10:33Z,value,91.312624744,,who.gho.mdg-0000000007,raw/who.gho.mdg-0000000007/2026/09/20260907T161033Z-0396663e197a.json.gz,2
who.gho.mdg-0000000007,MDG_0000000007:NAM:SEX_MLE:AGEGROUP_YEARSUNDER5:WEALTHQUINTILE_TOTL,1970-01-01,2026-09-07T16:10:53Z,high,126.269179293,,who.gho.mdg-0000000007,raw/who.gho.mdg-0000000007/2026/09/20260907T161053Z-9a5808e2a757.json.gz,2
who.gho.mdg-0000000007,MDG_0000000007:NAM:SEX_MLE:AGEGROUP_YEARSUNDER5:WEALTHQUINTILE_TOTL,1970-01-01,2026-09-07T16:10:53Z,low,83.046395911,,who.gho.mdg-0000000007,raw/who.gho.mdg-0000000007/2026/09/20260907T161053Z-9a5808e2a757.json.gz,2
who.gho.mdg-0000000007,MDG_0000000007:NAM:SEX_MLE:AGEGROUP_YEARSUNDER5:WEALTHQUINTILE_TOTL,1970-01-01,2026-09-07T16:10:53Z,restated_at,2026-08-05,,who.gho.mdg-0000000007,raw/who.gho.mdg-0000000007/2026/09/20260907T161053Z-9a5808e2a757.json.gz,2
who.gho.mdg-0000000007,MDG_0000000007:NAM:SEX_MLE:AGEGROUP_YEARSUNDER5:WEALTHQUINTILE_TOTL,1970-01-01,2026-09-07T16:10:53Z,value,102.261330251,,who.gho.mdg-0000000007,raw/who.gho.mdg-0000000007/2026/09/20260907T161053Z-9a5808e2a757.json.gz,2
who.gho.mdg-0000000007,MDG_0000000007:NER:SEX_BTSX:AGEGROUP_YEARSUNDER5:WEALTHQUINTILE_TOTL,1970-01-01,2026-09-07T16:05:57Z,high,377.747770102,,who.gho.mdg-0000000007,raw/who.gho.mdg-0000000007/2026/09/20260907T160557Z-c8e786907d46.json.gz,2
who.gho.mdg-0000000007,MDG_0000000007:NER:SEX_BTSX:AGEGROUP_YEARSUNDER5:WEALTHQUINTILE_TOTL,1970-01-01,2026-09-07T16:05:57Z,low,293.41868623,,who.gho.mdg-0000000007,raw/who.gho.mdg-0000000007/2026/09/20260907T160557Z-c8e786907d46.json.gz,2
who.gho.mdg-0000000007,MDG_0000000007:NER:SEX_BTSX:AGEGROUP_YEARSUNDER5:WEALTHQUINTILE_TOTL,1970-01-01,2026-09-07T16:05:57Z,restated_at,2026-08-05,,who.gho.mdg-0000000007,raw/who.gho.mdg-0000000007/2026/09/20260907T160557Z-c8e786907d46.json.gz,2
who.gho.mdg-0000000007,MDG_0000000007:NER:SEX_BTSX:AGEGROUP_YEARSUNDER5:WEALTHQUINTILE_TOTL,1970-01-01,2026-09-07T16:05:57Z,value,332.925907047,,who.gho.mdg-0000000007,raw/who.gho.mdg-0000000007/2026/09/20260907T160557Z-c8e786907d46.json.gz,2
who.gho.mdg-0000000007,MDG_0000000007:NER:SEX_FMLE:AGEGROUP_YEARSUNDER5:WEALTHQUINTILE_TOTL,1970-01-01,2026-09-07T16:11:26Z,high,372.655241401,,who.gho.mdg-0000000007,raw/who.gho.mdg-0000000007/2026/09/20260907T161126Z-f3f9061ab4f7.json.gz,2
who.gho.mdg-0000000007,MDG_0000000007:NER:SEX_FMLE:AGEGROUP_YEARSUNDER5:WEALTHQUINTILE_TOTL,1970-01-01,2026-09-07T16:11:26Z,low,288.052957279,,who.gho.mdg-0000000007,raw/who.gho.mdg-0000000007/2026/09/20260907T161126Z-f3f9061ab4f7.json.gz,2
who.gho.mdg-0000000007,MDG_0000000007:NER:SEX_FMLE:AGEGROUP_YEARSUNDER5:WEALTHQUINTILE_TOTL,1970-01-01,2026-09-07T16:11:26Z,restated_at,2026-08-05,,who.gho.mdg-0000000007,raw/who.gho.mdg-0000000007/2026/09/20260907T161126Z-f3f9061ab4f7.json.gz,2
who.gho.mdg-0000000007,MDG_0000000007:NER:SEX_FMLE:AGEGROUP_YEARSUNDER5:WEALTHQUINTILE_TOTL,1970-01-01,2026-09-07T16:11:26Z,value,327.78718706,,who.gho.mdg-0000000007,raw/who.gho.mdg-0000000007/2026/09/20260907T161126Z-f3f9061ab4f7.json.gz,2
who.gho.mdg-0000000007,MDG_0000000007:NER:SEX_MLE:AGEGROUP_YEARSUNDER5:WEALTHQUINTILE_TOTL,1970-01-01,2026-09-07T16:08:45Z,high,384.386490308,,who.gho.mdg-0000000007,raw/who.gho.mdg-0000000007/2026/09/20260907T160845Z-9b23f1f1b45b.json.gz,2
who.gho.mdg-0000000007,MDG_0000000007:NER:SEX_MLE:AGEGROUP_YEARSUNDER5:WEALTHQUINTILE_TOTL,1970-01-01,2026-09-07T16:08:45Z,low,297.322238258,,who.gho.mdg-0000000007,raw/who.gho.mdg-0000000007/2026/09/20260907T160845Z-9b23f1f1b45b.json.gz,2
who.gho.mdg-0000000007,MDG_0000000007:NER:SEX_MLE:AGEGROUP_YEARSUNDER5:WEALTHQUINTILE_TOTL,1970-01-01,2026-09-07T16:08:45Z,restated_at,2026-08-05,,who.gho.mdg-0000000007,raw/who.gho.mdg-0000000007/2026/09/20260907T160845Z-9b23f1f1b45b.json.gz,2
who.gho.mdg-0000000007,MDG_0000000007:NER:SEX_MLE:AGEGROUP_YEARSUNDER5:WEALTHQUINTILE_TOTL,1970-01-01,2026-09-07T16:08:45Z,value,338.057227834,,who.gho.mdg-0000000007,raw/who.gho.mdg-0000000007/2026/09/20260907T160845Z-9b23f1f1b45b.json.gz,2
who.gho.mdg-0000000007,MDG_0000000007:NGA:SEX_BTSX:AGEGROUP_YEARSUNDER5:WEALTHQUINTILE_TOTL,1970-01-01,2026-09-07T16:10:45Z,high,435.891202643,,who.gho.mdg-0000000007,raw/who.gho.mdg-0000000007/2026/09/20260907T161045Z-53a7d24c459b.json.gz,2
who.gho.mdg-0000000007,MDG_0000000007:NGA:SEX_BTSX:AGEGROUP_YEARSUNDER5:WEALTHQUINTILE_TOTL,1970-01-01,2026-09-07T16:10:45Z,low,345.18374335,,who.gho.mdg-0000000007,raw/who.gho.mdg-0000000007/2026/09/20260907T161045Z-53a7d24c459b.json.gz,2
who.gho.mdg-0000000007,MDG_0000000007:NGA:SEX_BTSX:AGEGROUP_YEARSUNDER5:WEALTHQUINTILE_TOTL,1970-01-01,2026-09-07T16:10:45Z,restated_at,2026-08-05,,who.gho.mdg-0000000007,raw/who.gho.mdg-0000000007/2026/09/20260907T161045Z-53a7d24c459b.json.gz,2
who.gho.mdg-0000000007,MDG_0000000007:NGA:SEX_BTSX:AGEGROUP_YEARSUNDER5:WEALTHQUINTILE_TOTL,1970-01-01,2026-09-07T16:10:45Z,value,387.433102313,,who.gho.mdg-0000000007,raw/who.gho.mdg-0000000007/2026/09/20260907T161045Z-53a7d24c459b.json.gz,2
who.gho.mdg-0000000007,MDG_0000000007:NGA:SEX_FMLE:AGEGROUP_YEARSUNDER5:WEALTHQUINTILE_TOTL,1970-01-01,2026-09-07T16:05:14Z,high,425.055311856,,who.gho.mdg-0000000007,raw/who.gho.mdg-0000000007/2026/09/20260907T160514Z-6205b585146a.json.gz,2
who.gho.mdg-0000000007,MDG_0000000007:NGA:SEX_FMLE:AGEGROUP_YEARSUNDER5:WEALTHQUINTILE_TOTL,1970-01-01,2026-09-07T16:05:14Z,low,334.582102967,,who.gho.mdg-0000000007,raw/who.gho.mdg-0000000007/2026/09/20260907T160514Z-6205b585146a.json.gz,2
who.gho.mdg-0000000007,MDG_0000000007:NGA:SEX_FMLE:AGEGROUP_YEARSUNDER5:WEALTHQUINTILE_TOTL,1970-01-01,2026-09-07T16:05:14Z,restated_at,2026-08-05,,who.gho.mdg-0000000007,raw/who.gho.mdg-0000000007/2026/09/20260907T160514Z-6205b585146a.json.gz,2
who.gho.mdg-0000000007,MDG_0000000007:NGA:SEX_FMLE:AGEGROUP_YEARSUNDER5:WEALTHQUINTILE_TOTL,1970-01-01,2026-09-07T16:05:14Z,value,376.876735713,,who.gho.mdg-0000000007,raw/who.gho.mdg-0000000007/2026/09/20260907T160514Z-6205b585146a.json.gz,2
who.gho.mdg-0000000007,MDG_0000000007:NGA:SEX_MLE:AGEGROUP_YEARSUNDER5:WEALTHQUINTILE_TOTL,1970-01-01,2026-09-07T16:05:43Z,high,448.617138248,,who.gho.mdg-0000000007,raw/who.gho.mdg-0000000007/2026/09/20260907T160543Z-0bdfcfeb6714.json.gz,2
who.gho.mdg-0000000007,MDG_0000000007:NGA:SEX_MLE:AGEGROUP_YEARSUNDER5:WEALTHQUINTILE_TOTL,1970-01-01,2026-09-07T16:05:43Z,low,353.154330203,,who.gho.mdg-0000000007,raw/who.gho.mdg-0000000007/2026/09/20260907T160543Z-0bdfcfeb6714.json.gz,2
who.gho.mdg-0000000007,MDG_0000000007:NGA:SEX_MLE:AGEGROUP_YEARSUNDER5:WEALTHQUINTILE_TOTL,1970-01-01,2026-09-07T16:05:43Z,restated_at,2026-08-05,,who.gho.mdg-0000000007,raw/who.gho.mdg-0000000007/2026/09/20260907T160543Z-0bdfcfeb6714.json.gz,2
who.gho.mdg-0000000007,MDG_0000000007:NGA:SEX_MLE:AGEGROUP_YEARSUNDER5:WEALTHQUINTILE_TOTL,1970-01-01,2026-09-07T16:05:43Z,value,397.313787582,,who.gho.mdg-0000000007,raw/who.gho.mdg-0000000007/2026/09/20260907T160543Z-0bdfcfeb6714.json.gz,2
who.gho.mdg-0000000007,MDG_0000000007:NIC:SEX_BTSX:AGEGROUP_YEARSUNDER5:WEALTHQUINTILE_TOTL,1970-01-01,2026-09-07T16:10:12Z,high,198.7851812,,who.gho.mdg-0000000007,raw/who.gho.mdg-0000000007/2026/09/20260907T161012Z-af10f639113a.json.gz,2
who.gho.mdg-0000000007,MDG_0000000007:NIC:SEX_BTSX:AGEGROUP_YEARSUNDER5:WEALTHQUINTILE_TOTL,1970-01-01,2026-09-07T16:10:12Z,low,151.409086826,,who.gho.mdg-0000000007,raw/who.gho.mdg-0000000007/2026/09/20260907T161012Z-af10f639113a.json.gz,2
who.gho.mdg-0000000007,MDG_0000000007:NIC:SEX_BTSX:AGEGROUP_YEARSUNDER5:WEALTHQUINTILE_TOTL,1970-01-01,2026-09-07T16:10:12Z,restated_at,2026-08-05,,who.gho.mdg-0000000007,raw/who.gho.mdg-0000000007/2026/09/20260907T161012Z-af10f639113a.json.gz,2
who.gho.mdg-0000000007,MDG_0000000007:NIC:SEX_BTSX:AGEGROUP_YEARSUNDER5:WEALTHQUINTILE_TOTL,1970-01-01,2026-09-07T16:10:12Z,value,173.512135755,,who.gho.mdg-0000000007,raw/who.gho.mdg-0000000007/2026/09/20260907T161012Z-af10f639113a.json.gz,2
who.gho.mdg-0000000007,MDG_0000000007:NIC:SEX_FMLE:AGEGROUP_YEARSUNDER5:WEALTHQUINTILE_TOTL,1970-01-01,2026-09-07T16:09:46Z,high,186.47930986,,who.gho.mdg-0000000007,raw/who.gho.mdg-0000000007/2026/09/20260907T160946Z-716d23d235ed.json.gz,2
who.gho.mdg-0000000007,MDG_0000000007:NIC:SEX_FMLE:AGEGROUP_YEARSUNDER5:WEALTHQUINTILE_TOTL,1970-01-01,2026-09-07T16:09:46Z,low,141.036849896,,who.gho.mdg-0000000007,raw/who.gho.mdg-0000000007/2026/09/20260907T160946Z-716d23d235ed.json.gz,2
who.gho.mdg-0000000007,MDG_0000000007:NIC:SEX_FMLE:AGEGROUP_YEARSUNDER5:WEALTHQUINTILE_TOTL,1970-01-01,2026-09-07T16:09:46Z,restated_at,2026-08-05,,who.gho.mdg-0000000007,raw/who.gho.mdg-0000000007/2026/09/20260907T160946Z-716d23d235ed.json.gz,2
who.gho.mdg-0000000007,MDG_0000000007:NIC:SEX_FMLE:AGEGROUP_YEARSUNDER5:WEALTHQUINTILE_TOTL,1970-01-01,2026-09-07T16:09:46Z,value,162.323507561,,who.gho.mdg-0000000007,raw/who.gho.mdg-0000000007/2026/09/20260907T160946Z-716d23d235ed.json.gz,2
who.gho.mdg-0000000007,MDG_0000000007:NIC:SEX_MLE:AGEGROUP_YEARSUNDER5:WEALTHQUINTILE_TOTL,1970-01-01,2026-09-07T16:05:06Z,high,211.003413064,,who.gho.mdg-0000000007,raw/who.gho.mdg-0000000007/2026/09/20260907T160506Z-a219a21e2a4a.json.gz,2
who.gho.mdg-0000000007,MDG_0000000007:NIC:SEX_MLE:AGEGROUP_YEARSUNDER5:WEALTHQUINTILE_TOTL,1970-01-01,2026-09-07T16:05:06Z,low,160.32421381,,who.gho.mdg-0000000007,raw/who.gho.mdg-0000000007/2026/09/20260907T160506Z-a219a21e2a4a.json.gz,2
who.gho.mdg-0000000007,MDG_0000000007:NIC:SEX_MLE:AGEGROUP_YEARSUNDER5:WEALTHQUINTILE_TOTL,1970-01-01,2026-09-07T16:05:06Z,restated_at,2026-08-05,,who.gho.mdg-0000000007,raw/who.gho.mdg-0000000007/2026/09/20260907T160506Z-a219a21e2a4a.json.gz,2
who.gho.mdg-0000000007,MDG_0000000007:NIC:SEX_MLE:AGEGROUP_YEARSUNDER5:WEALTHQUINTILE_TOTL,1970-01-01,2026-09-07T16:05:06Z,value,184.154355895,,who.gho.mdg-0000000007,raw/who.gho.mdg-0000000007/2026/09/20260907T160506Z-a219a21e2a4a.json.gz,2
who.gho.mdg-0000000007,MDG_0000000007:NIU:SEX_BTSX:AGEGROUP_YEARSUNDER5:WEALTHQUINTILE_TOTL,1970-01-01,2026-09-07T16:10:33Z,high,74.270965627,,who.gho.mdg-0000000007,raw/who.gho.mdg-0000000007/2026/09/20260907T161033Z-0396663e197a.json.gz,2
who.gho.mdg-0000000007,MDG_0000000007:NIU:SEX_BTSX:AGEGROUP_YEARSUNDER5:WEALTHQUINTILE_TOTL,1970-01-01,2026-09-07T16:10:33Z,low,44.554332727,,who.gho.mdg-0000000007,raw/who.gho.mdg-0000000007/2026/09/20260907T161033Z-0396663e197a.json.gz,2
who.gho.mdg-0000000007,MDG_0000000007:NIU:SEX_BTSX:AGEGROUP_YEARSUNDER5:WEALTHQUINTILE_TOTL,1970-01-01,2026-09-07T16:10:33Z,restated_at,2026-08-05,,who.gho.mdg-0000000007,raw/who.gho.mdg-0000000007/2026/09/20260907T161033Z-0396663e197a.json.gz,2
who.gho.mdg-0000000007,MDG_0000000007:NIU:SEX_BTSX:AGEGROUP_YEARSUNDER5:WEALTHQUINTILE_TOTL,1970-01-01,2026-09-07T16:10:33Z,value,57.330465322,,who.gho.mdg-0000000007,raw/who.gho.mdg-0000000007/2026/09/20260907T161033Z-0396663e197a.json.gz,2
who.gho.mdg-0000000007,MDG_0000000007:NIU:SEX_FMLE:AGEGROUP_YEARSUNDER5:WEALTHQUINTILE_TOTL,1970-01-01,2026-09-07T16:10:45Z,high,67.968906057,,who.gho.mdg-0000000007,raw/who.gho.mdg-0000000007/2026/09/20260907T161045Z-53a7d24c459b.json.gz,2
who.gho.mdg-0000000007,MDG_0000000007:NIU:SEX_FMLE:AGEGROUP_YEARSUNDER5:WEALTHQUINTILE_TOTL,1970-01-01,2026-09-07T16:10:45Z,low,40.087088579,,who.gho.mdg-0000000007,raw/who.gho.mdg-0000000007/2026/09/20260907T161045Z-53a7d24c459b.json.gz,2
who.gho.mdg-0000000007,MDG_0000000007:NIU:SEX_FMLE:AGEGROUP_YEARSUNDER5:WEALTHQUINTILE_TOTL,1970-01-01,2026-09-07T16:10:45Z,restated_at,2026-08-05,,who.gho.mdg-0000000007,raw/who.gho.mdg-0000000007/2026/09/20260907T161045Z-53a7d24c459b.json.gz,2
who.gho.mdg-0000000007,MDG_0000000007:NIU:SEX_FMLE:AGEGROUP_YEARSUNDER5:WEALTHQUINTILE_TOTL,1970-01-01,2026-09-07T16:10:45Z,value,52.129041451,,who.gho.mdg-0000000007,raw/who.gho.mdg-0000000007/2026/09/20260907T161045Z-53a7d24c459b.json.gz,2
who.gho.mdg-0000000007,MDG_0000000007:NIU:SEX_MLE:AGEGROUP_YEARSUNDER5:WEALTHQUINTILE_TOTL,1970-01-01,2026-09-07T16:06:26Z,high,80.950547627,,who.gho.mdg-0000000007,raw/who.gho.mdg-0000000007/2026/09/20260907T160626Z-083ef708c2ee.json.gz,2
who.gho.mdg-0000000007,MDG_0000000007:NIU:SEX_MLE:AGEGROUP_YEARSUNDER5:WEALTHQUINTILE_TOTL,1970-01-01,2026-09-07T16:06:26Z,low,48.372955029,,who.gho.mdg-0000000007,raw/who.gho.mdg-0000000007/2026/09/20260907T160626Z-083ef708c2ee.json.gz,2
who.gho.mdg-0000000007,MDG_0000000007:NIU:SEX_MLE:AGEGROUP_YEARSUNDER5:WEALTHQUINTILE_TOTL,1970-01-01,2026-09-07T16:06:26Z,restated_at,2026-08-05,,who.gho.mdg-0000000007,raw/who.gho.mdg-0000000007/2026/09/20260907T160626Z-083ef708c2ee.json.gz,2
who.gho.mdg-0000000007,MDG_0000000007:NIU:SEX_MLE:AGEGROUP_YEARSUNDER5:WEALTHQUINTILE_TOTL,1970-01-01,2026-09-07T16:06:26Z,value,62.267892669,,who.gho.mdg-0000000007,raw/who.gho.mdg-0000000007/2026/09/20260907T160626Z-083ef708c2ee.json.gz,2
who.gho.mdg-0000000007,MDG_0000000007:NLD:SEX_BTSX:AGEGROUP_YEARSUNDER5:WEALTHQUINTILE_TOTL,1970-01-01,2026-09-07T16:10:37Z,high,16.102219142,,who.gho.mdg-0000000007,raw/who.gho.mdg-0000000007/2026/09/20260907T161037Z-dfd3d6a5a745.json.gz,2
who.gho.mdg-0000000007,MDG_0000000007:NLD:SEX_BTSX:AGEGROUP_YEARSUNDER5:WEALTHQUINTILE_TOTL,1970-01-01,2026-09-07T16:10:37Z,low,15.551744586,,who.gho.mdg-0000000007,raw/who.gho.mdg-0000000007/2026/09/20260907T161037Z-dfd3d6a5a745.json.gz,2
who.gho.mdg-0000000007,MDG_0000000007:NLD:SEX_BTSX:AGEGROUP_YEARSUNDER5:WEALTHQUINTILE_TOTL,1970-01-01,2026-09-07T16:10:37Z,restated_at,2026-08-05,,who.gho.mdg-0000000007,raw/who.gho.mdg-0000000007/2026/09/20260907T161037Z-dfd3d6a5a745.json.gz,2
who.gho.mdg-0000000007,MDG_0000000007:NLD:SEX_BTSX:AGEGROUP_YEARSUNDER5:WEALTHQUINTILE_TOTL,1970-01-01,2026-09-07T16:10:37Z,value,15.819975846,,who.gho.mdg-0000000007,raw/who.gho.mdg-0000000007/2026/09/20260907T161037Z-dfd3d6a5a745.json.gz,2
who.gho.mdg-0000000007,MDG_0000000007:NLD:SEX_FMLE:AGEGROUP_YEARSUNDER5:WEALTHQUINTILE_TOTL,1970-01-01,2026-09-07T16:10:49Z,high,13.912002291,,who.gho.mdg-0000000007,raw/who.gho.mdg-0000000007/2026/09/20260907T161049Z-6866f52a9543.json.gz,2
who.gho.mdg-0000000007,MDG_0000000007:NLD:SEX_FMLE:AGEGROUP_YEARSUNDER5:WEALTHQUINTILE_TOTL,1970-01-01,2026-09-07T16:10:49Z,low,13.307898796,,who.gho.mdg-0000000007,raw/who.gho.mdg-0000000007/2026/09/20260907T161049Z-6866f52a9543.json.gz,2
who.gho.mdg-0000000007,MDG_0000000007:NLD:SEX_FMLE:AGEGROUP_YEARSUNDER5:WEALTHQUINTILE_TOTL,1970-01-01,2026-09-07T16:10:49Z,restated_at,2026-08-05,,who.gho.mdg-0000000007,raw/who.gho.mdg-0000000007/2026/09/20260907T161049Z-6866f52a9543.json.gz,2
who.gho.mdg-0000000007,MDG_0000000007:NLD:SEX_FMLE:AGEGROUP_YEARSUNDER5:WEALTHQUINTILE_TOTL,1970-01-01,2026-09-07T16:10:49Z,value,13.604348029,,who.gho.mdg-0000000007,raw/who.gho.mdg-0000000007/2026/09/20260907T161049Z-6866f52a9543.json.gz,2
who.gho.mdg-0000000007,MDG_0000000007:NLD:SEX_MLE:AGEGROUP_YEARSUNDER5:WEALTHQUINTILE_TOTL,1970-01-01,2026-09-07T16:08:45Z,high,18.298096907,,who.gho.mdg-0000000007,raw/who.gho.mdg-0000000007/2026/09/20260907T160845Z-9b23f1f1b45b.json.gz,2
who.gho.mdg-0000000007,MDG_0000000007:NLD:SEX_MLE:AGEGROUP_YEARSUNDER5:WEALTHQUINTILE_TOTL,1970-01-01,2026-09-07T16:08:45Z,low,17.572586472,,who.gho.mdg-0000000007,raw/who.gho.mdg-0000000007/2026/09/20260907T160845Z-9b23f1f1b45b.json.gz,2
who.gho.mdg-0000000007,MDG_0000000007:NLD:SEX_MLE:AGEGROUP_YEARSUNDER5:WEALTHQUINTILE_TOTL,1970-01-01,2026-09-07T16:08:45Z,restated_at,2026-08-05,,who.gho.mdg-0000000007,raw/who.gho.mdg-0000000007/2026/09/20260907T160845Z-9b23f1f1b45b.json.gz,2
who.gho.mdg-0000000007,MDG_0000000007:NLD:SEX_MLE:AGEGROUP_YEARSUNDER5:WEALTHQUINTILE_TOTL,1970-01-01,2026-09-07T16:08:45Z,value,17.93141234,,who.gho.mdg-0000000007,raw/who.gho.mdg-0000000007/2026/09/20260907T160845Z-9b23f1f1b45b.json.gz,2
who.gho.mdg-0000000007,MDG_0000000007:NOR:SEX_BTSX:AGEGROUP_YEARSUNDER5:WEALTHQUINTILE_TOTL,1970-01-01,2026-09-07T16:05:38Z,high,16.647245822,,who.gho.mdg-0000000007,raw/who.gho.mdg-0000000007/2026/09/20260907T160538Z-28a5f6808180.json.gz,2
who.gho.mdg-0000000007,MDG_0000000007:NOR:SEX_BTSX:AGEGROUP_YEARSUNDER5:WEALTHQUINTILE_TOTL,1970-01-01,2026-09-07T16:05:38Z,low,15.845177763,,who.gho.mdg-0000000007,raw/who.gho.mdg-0000000007/2026/09/20260907T160538Z-28a5f6808180.json.gz,2
who.gho.mdg-0000000007,MDG_0000000007:NOR:SEX_BTSX:AGEGROUP_YEARSUNDER5:WEALTHQUINTILE_TOTL,1970-01-01,2026-09-07T16:05:38Z,restated_at,2026-08-05,,who.gho.mdg-0000000007,raw/who.gho.mdg-0000000007/2026/09/20260907T160538Z-28a5f6808180.json.gz,2
who.gho.mdg-0000000007,MDG_0000000007:NOR:SEX_BTSX:AGEGROUP_YEARSUNDER5:WEALTHQUINTILE_TOTL,1970-01-01,2026-09-07T16:05:38Z,value,16.232855297,,who.gho.mdg-0000000007,raw/who.gho.mdg-0000000007/2026/09/20260907T160538Z-28a5f6808180.json.gz,2
who.gho.mdg-0000000007,MDG_0000000007:NOR:SEX_FMLE:AGEGROUP_YEARSUNDER5:WEALTHQUINTILE_TOTL,1970-01-01,2026-09-07T16:09:59Z,high,14.29425032,,who.gho.mdg-0000000007,raw/who.gho.mdg-0000000007/2026/09/20260907T160959Z-e41937f31aea.json.gz,2
who.gho.mdg-0000000007,MDG_0000000007:NOR:SEX_FMLE:AGEGROUP_YEARSUNDER5:WEALTHQUINTILE_TOTL,1970-01-01,2026-09-07T16:09:59Z,low,13.433233942,,who.gho.mdg-0000000007,raw/who.gho.mdg-0000000007/2026/09/20260907T160959Z-e41937f31aea.json.gz,2
who.gho.mdg-0000000007,MDG_0000000007:NOR:SEX_FMLE:AGEGROUP_YEARSUNDER5:WEALTHQUINTILE_TOTL,1970-01-01,2026-09-07T16:09:59Z,restated_at,2026-08-05,,who.gho.mdg-0000000007,raw/who.gho.mdg-0000000007/2026/09/20260907T160959Z-e41937f31aea.json.gz,2
who.gho.mdg-0000000007,MDG_0000000007:NOR:SEX_FMLE:AGEGROUP_YEARSUNDER5:WEALTHQUINTILE_TOTL,1970-01-01,2026-09-07T16:09:59Z,value,13.863683309,,who.gho.mdg-0000000007,raw/who.gho.mdg-0000000007/2026/09/20260907T160959Z-e41937f31aea.json.gz,2
who.gho.mdg-0000000007,MDG_0000000007:NOR:SEX_MLE:AGEGROUP_YEARSUNDER5:WEALTHQUINTILE_TOTL,1970-01-01,2026-09-07T16:08:45Z,high,19.025554575,,who.gho.mdg-0000000007,raw/who.gho.mdg-0000000007/2026/09/20260907T160845Z-9b23f1f1b45b.json.gz,2
who.gho.mdg-0000000007,MDG_0000000007:NOR:SEX_MLE:AGEGROUP_YEARSUNDER5:WEALTHQUINTILE_TOTL,1970-01-01,2026-09-07T16:08:45Z,low,17.993917088,,who.gho.mdg-0000000007,raw/who.gho.mdg-0000000007/2026/09/20260907T160845Z-9b23f1f1b45b.json.gz,2
who.gho.mdg-0000000007,MDG_0000000007:NOR:SEX_MLE:AGEGROUP_YEARSUNDER5:WEALTHQUINTILE_TOTL,1970-01-01,2026-09-07T16:08:45Z,restated_at,2026-08-05,,who.gho.mdg-0000000007,raw/who.gho.mdg-0000000007/2026/09/20260907T160845Z-9b23f1f1b45b.json.gz,2
who.gho.mdg-0000000007,MDG_0000000007:NOR:SEX_MLE:AGEGROUP_YEARSUNDER5:WEALTHQUINTILE_TOTL,1970-01-01,2026-09-07T16:08:45Z,value,18.491262097,,who.gho.mdg-0000000007,raw/who.gho.mdg-0000000007/2026/09/20260907T160845Z-9b23f1f1b45b.json.gz,2
who.gho.mdg-0000000007,MDG_0000000007:NPL:SEX_BTSX:AGEGROUP_YEARSUNDER5:WEALTHQUINTILE_TOTL,1970-01-01,2026-09-07T16:10:12Z,high,295.495622097,,who.gho.mdg-0000000007,raw/who.gho.mdg-0000000007/2026/09/20260907T161012Z-af10f639113a.json.gz,2
who.gho.mdg-0000000007,MDG_0000000007:NPL:SEX_BTSX:AGEGROUP_YEARSUNDER5:WEALTHQUINTILE_TOTL,1970-01-01,2026-09-07T16:10:12Z,low,242.563173818,,who.gho.mdg-0000000007,raw/who.gho.mdg-0000000007/2026/09/20260907T161012Z-af10f639113a.json.gz,2
who.gho.mdg-0000000007,MDG_0000000007:NPL:SEX_BTSX:AGEGROUP_YEARSUNDER5:WEALTHQUINTILE_TOTL,1970-01-01,2026-09-07T16:10:12Z,restated_at,2026-08-05,,who.gho.mdg-0000000007,raw/who.gho.mdg-0000000007/2026/09/20260907T161012Z-af10f639113a.json.gz,2
who.gho.mdg-0000000007,MDG_0000000007:NPL:SEX_BTSX:AGEGROUP_YEARSUNDER5:WEALTHQUINTILE_TOTL,1970-01-01,2026-09-07T16:10:12Z,value,267.812861841,,who.gho.mdg-0000000007,raw/who.gho.mdg-0000000007/2026/09/20260907T161012Z-af10f639113a.json.gz,2
who.gho.mdg-0000000007,MDG_0000000007:NPL:SEX_FMLE:AGEGROUP_YEARSUNDER5:WEALTHQUINTILE_TOTL,1970-01-01,2026-09-07T16:11:14Z,high,296.717183212,,who.gho.mdg-0000000007,raw/who.gho.mdg-0000000007/2026/09/20260907T161114Z-c1ae2408f442.json.gz,2
who.gho.mdg-0000000007,MDG_0000000007:NPL:SEX_FMLE:AGEGROUP_YEARSUNDER5:WEALTHQUINTILE_TOTL,1970-01-01,2026-09-07T16:11:14Z,low,242.604378114,,who.gho.mdg-0000000007,raw/who.gho.mdg-0000000007/2026/09/20260907T161114Z-c1ae2408f442.json.gz,2
who.gho.mdg-0000000007,MDG_0000000007:NPL:SEX_FMLE:AGEGROUP_YEARSUNDER5:WEALTHQUINTILE_TOTL,1970-01-01,2026-09-07T16:11:14Z,restated_at,2026-08-05,,who.gho.mdg-0000000007,raw/who.gho.mdg-0000000007/2026/09/20260907T161114Z-c1ae2408f442.json.gz,2
who.gho.mdg-0000000007,MDG_0000000007:NPL:SEX_FMLE:AGEGROUP_YEARSUNDER5:WEALTHQUINTILE_TOTL,1970-01-01,2026-09-07T16:11:14Z,value,268.023211318,,who.gho.mdg-0000000007,raw/who.gho.mdg-0000000007/2026/09/20260907T161114Z-c1ae2408f442.json.gz,2
who.gho.mdg-0000000007,MDG_0000000007:NPL:SEX_MLE:AGEGROUP_YEARSUNDER5:WEALTHQUINTILE_TOTL,1970-01-01,2026-09-07T16:11:18Z,high,295.450773996,,who.gho.mdg-0000000007,raw/who.gho.mdg-0000000007/2026/09/20260907T161118Z-85c02b5f4e3c.json.gz,2
who.gho.mdg-0000000007,MDG_0000000007:NPL:SEX_MLE:AGEGROUP_YEARSUNDER5:WEALTHQUINTILE_TOTL,1970-01-01,2026-09-07T16:11:18Z,low,241.75408636,,who.gho.mdg-0000000007,raw/who.gho.mdg-0000000007/2026/09/20260907T161118Z-85c02b5f4e3c.json.gz,2
who.gho.mdg-0000000007,MDG_0000000007:NPL:SEX_MLE:AGEGROUP_YEARSUNDER5:WEALTHQUINTILE_TOTL,1970-01-01,2026-09-07T16:11:18Z,restated_at,2026-08-05,,who.gho.mdg-0000000007,raw/who.gho.mdg-0000000007/2026/09/20260907T161118Z-85c02b5f4e3c.json.gz,2
who.gho.mdg-0000000007,MDG_0000000007:NPL:SEX_MLE:AGEGROUP_YEARSUNDER5:WEALTHQUINTILE_TOTL,1970-01-01,2026-09-07T16:11:18Z,value,267.348924395,,who.gho.mdg-0000000007,raw/who.gho.mdg-0000000007/2026/09/20260907T161118Z-85c02b5f4e3c.json.gz,2
who.gho.mdg-0000000007,MDG_0000000007:NZL:SEX_BTSX:AGEGROUP_YEARSUNDER5:WEALTHQUINTILE_TOTL,1970-01-01,2026-09-07T16:11:01Z,high,21.17012679,,who.gho.mdg-0000000007,raw/who.gho.mdg-0000000007/2026/09/20260907T161101Z-fc76d9a7e10d.json.gz,2
who.gho.mdg-0000000007,MDG_0000000007:NZL:SEX_BTSX:AGEGROUP_YEARSUNDER5:WEALTHQUINTILE_TOTL,1970-01-01,2026-09-07T16:11:01Z,low,20.368961013,,who.gho.mdg-0000000007,raw/who.gho.mdg-0000000007/2026/09/20260907T161101Z-fc76d9a7e10d.json.gz,2
who.gho.mdg-0000000007,MDG_0000000007:NZL:SEX_BTSX:AGEGROUP_YEARSUNDER5:WEALTHQUINTILE_TOTL,1970-01-01,2026-09-07T16:11:01Z,restated_at,2026-08-05,,who.gho.mdg-0000000007,raw/who.gho.mdg-0000000007/2026/09/20260907T161101Z-fc76d9a7e10d.json.gz,2
who.gho.mdg-0000000007,MDG_0000000007:NZL:SEX_BTSX:AGEGROUP_YEARSUNDER5:WEALTHQUINTILE_TOTL,1970-01-01,2026-09-07T16:11:01Z,value,20.758952208,,who.gho.mdg-0000000007,raw/who.gho.mdg-0000000007/2026/09/20260907T161101Z-fc76d9a7e10d.json.gz,2
who.gho.mdg-0000000007,MDG_0000000007:NZL:SEX_FMLE:AGEGROUP_YEARSUNDER5:WEALTHQUINTILE_TOTL,1970-01-01,2026-09-07T16:05:38Z,high,18.497907462,,who.gho.mdg-0000000007,raw/who.gho.mdg-0000000007/2026/09/20260907T160538Z-28a5f6808180.json.gz,2
who.gho.mdg-0000000007,MDG_0000000007:NZL:SEX_FMLE:AGEGROUP_YEARSUNDER5:WEALTHQUINTILE_TOTL,1970-01-01,2026-09-07T16:05:38Z,low,17.555753216,,who.gho.mdg-0000000007,raw/who.gho.mdg-0000000007/2026/09/20260907T160538Z-28a5f6808180.json.gz,2
who.gho.mdg-0000000007,MDG_0000000007:NZL:SEX_FMLE:AGEGROUP_YEARSUNDER5:WEALTHQUINTILE_TOTL,1970-01-01,2026-09-07T16:05:38Z,restated_at,2026-08-05,,who.gho.mdg-0000000007,raw/who.gho.mdg-0000000007/2026/09/20260907T160538Z-28a5f6808180.json.gz,2
who.gho.mdg-0000000007,MDG_0000000007:NZL:SEX_FMLE:AGEGROUP_YEARSUNDER5:WEALTHQUINTILE_TOTL,1970-01-01,2026-09-07T16:05:38Z,value,18.016429913,,who.gho.mdg-0000000007,raw/who.gho.mdg-0000000007/2026/09/20260907T160538Z-28a5f6808180.json.gz,2
who.gho.mdg-0000000007,MDG_0000000007:NZL:SEX_MLE:AGEGROUP_YEARSUNDER5:WEALTHQUINTILE_TOTL,1970-01-01,2026-09-07T16:09:34Z,high,23.918445152,,who.gho.mdg-0000000007,raw/who.gho.mdg-0000000007/2026/09/20260907T160934Z-f7f0902b1194.json.gz,2
who.gho.mdg-0000000007,MDG_0000000007:NZL:SEX_MLE:AGEGROUP_YEARSUNDER5:WEALTHQUINTILE_TOTL,1970-01-01,2026-09-07T16:09:34Z,low,22.83840069,,who.gho.mdg-0000000007,raw/who.gho.mdg-0000000007/2026/09/20260907T160934Z-f7f0902b1194.json.gz,2
who.gho.mdg-0000000007,MDG_0000000007:NZL:SEX_MLE:AGEGROUP_YEARSUNDER5:WEALTHQUINTILE_TOTL,1970-01-01,2026-09-07T16:09:34Z,restated_at,2026-08-05,,who.gho.mdg-0000000007,raw/who.gho.mdg-0000000007/2026/09/20260907T160934Z-f7f0902b1194.json.gz,2
who.gho.mdg-0000000007,MDG_0000000007:NZL:SEX_MLE:AGEGROUP_YEARSUNDER5:WEALTHQUINTILE_TOTL,1970-01-01,2026-09-07T16:09:34Z,value,23.374822001,,who.gho.mdg-0000000007,raw/who.gho.mdg-0000000007/2026/09/20260907T160934Z-f7f0902b1194.json.gz,2
who.gho.mdg-0000000007,MDG_0000000007:OMN:SEX_BTSX:AGEGROUP_YEARSUNDER5:WEALTHQUINTILE_TOTL,1970-01-01,2026-09-07T16:05:09Z,high,267.627465857,,who.gho.mdg-0000000007,raw/who.gho.mdg-0000000007/2026/09/20260907T160509Z-9066130499c7.json.gz,2
who.gho.mdg-0000000007,MDG_0000000007:OMN:SEX_BTSX:AGEGROUP_YEARSUNDER5:WEALTHQUINTILE_TOTL,1970-01-01,2026-09-07T16:05:09Z,low,197.66352186,,who.gho.mdg-0000000007,raw/who.gho.mdg-0000000007/2026/09/20260907T160509Z-9066130499c7.json.gz,2
who.gho.mdg-0000000007,MDG_0000000007:OMN:SEX_BTSX:AGEGROUP_YEARSUNDER5:WEALTHQUINTILE_TOTL,1970-01-01,2026-09-07T16:05:09Z,restated_at,2026-08-05,,who.gho.mdg-0000000007,raw/who.gho.mdg-0000000007/2026/09/20260907T160509Z-9066130499c7.json.gz,2
who.gho.mdg-0000000007,MDG_0000000007:OMN:SEX_BTSX:AGEGROUP_YEARSUNDER5:WEALTHQUINTILE_TOTL,1970-01-01,2026-09-07T16:05:09Z,value,230.969810918,,who.gho.mdg-0000000007,raw/who.gho.mdg-0000000007/2026/09/20260907T160509Z-9066130499c7.json.gz,2
who.gho.mdg-0000000007,MDG_0000000007:OMN:SEX_FMLE:AGEGROUP_YEARSUNDER5:WEALTHQUINTILE_TOTL,1970-01-01,2026-09-07T16:05:22Z,high,261.801831844,,who.gho.mdg-0000000007,raw/who.gho.mdg-0000000007/2026/09/20260907T160522Z-2bd49e664eea.json.gz,2
who.gho.mdg-0000000007,MDG_0000000007:OMN:SEX_FMLE:AGEGROUP_YEARSUNDER5:WEALTHQUINTILE_TOTL,1970-01-01,2026-09-07T16:05:22Z,low,190.127881982,,who.gho.mdg-0000000007,raw/who.gho.mdg-0000000007/2026/09/20260907T160522Z-2bd49e664eea.json.gz,2
who.gho.mdg-0000000007,MDG_0000000007:OMN:SEX_FMLE:AGEGROUP_YEARSUNDER5:WEALTHQUINTILE_TOTL,1970-01-01,2026-09-07T16:05:22Z,restated_at,2026-08-05,,who.gho.mdg-0000000007,raw/who.gho.mdg-0000000007/2026/09/20260907T160522Z-2bd49e664eea.json.gz,2
who.gho.mdg-0000000007,MDG_0000000007:OMN:SEX_FMLE:AGEGROUP_YEARSUNDER5:WEALTHQUINTILE_TOTL,1970-01-01,2026-09-07T16:05:22Z,value,223.828821604,,who.gho.mdg-0000000007,raw/who.gho.mdg-0000000007/2026/09/20260907T160522Z-2bd49e664eea.json.gz,2
who.gho.mdg-0000000007,MDG_0000000007:OMN:SEX_MLE:AGEGROUP_YEARSUNDER5:WEALTHQUINTILE_TOTL,1970-01-01,2026-09-07T16:10:21Z,high,276.046274927,,who.gho.mdg-0000000007,raw/who.gho.mdg-0000000007/2026/09/20260907T161021Z-3e9ba1677574.json.gz,2
who.gho.mdg-0000000007,MDG_0000000007:OMN:SEX_MLE:AGEGROUP_YEARSUNDER5:WEALTHQUINTILE_TOTL,1970-01-01,2026-09-07T16:10:21Z,low,202.056284232,,who.gho.mdg-0000000007,raw/who.gho.mdg-0000000007/2026/09/20260907T161021Z-3e9ba1677574.json.gz,2
who.gho.mdg-0000000007,MDG_0000000007:OMN:SEX_MLE:AGEGROUP_YEARSUNDER5:WEALTHQUINTILE_TOTL,1970-01-01,2026-09-07T16:10:21Z,restated_at,2026-08-05,,who.gho.mdg-0000000007,raw/who.gho.mdg-0000000007/2026/09/20260907T161021Z-3e9ba1677574.json.gz,2
who.gho.mdg-0000000007,MDG_0000000007:OMN:SEX_MLE:AGEGROUP_YEARSUNDER5:WEALTHQUINTILE_TOTL,1970-01-01,2026-09-07T16:10:21Z,value,237.442067966,,who.gho.mdg-0000000007,raw/who.gho.mdg-0000000007/2026/09/20260907T161021Z-3e9ba1677574.json.gz,2
who.gho.mdg-0000000007,MDG_0000000007:PAK:SEX_BTSX:AGEGROUP_YEARSUNDER5:WEALTHQUINTILE_TOTL,1970-01-01,2026-09-07T16:11:06Z,high,205.687851579,,who.gho.mdg-0000000007,raw/who.gho.mdg-0000000007/2026/09/20260907T161106Z-078c7101acce.json.gz,2
who.gho.mdg-0000000007,MDG_0000000007:PAK:SEX_BTSX:AGEGROUP_YEARSUNDER5:WEALTHQUINTILE_TOTL,1970-01-01,2026-09-07T16:11:06Z,low,176.491668631,,who.gho.mdg-0000000007,raw/who.gho.mdg-0000000007/2026/09/20260907T161106Z-078c7101acce.json.gz,2
who.gho.mdg-0000000007,MDG_0000000007:PAK:SEX_BTSX:AGEGROUP_YEARSUNDER5:WEALTHQUINTILE_TOTL,1970-01-01,2026-09-07T16:11:06Z,restated_at,2026-08-05,,who.gho.mdg-0000000007,raw/who.gho.mdg-0000000007/2026/09/20260907T161106Z-078c7101acce.json.gz,2
who.gho.mdg-0000000007,MDG_0000000007:PAK:SEX_BTSX:AGEGROUP_YEARSUNDER5:WEALTHQUINTILE_TOTL,1970-01-01,2026-09-07T16:11:06Z,value,190.767360601,,who.gho.mdg-0000000007,raw/who.gho.mdg-0000000007/2026/09/20260907T161106Z-078c7101acce.json.gz,2
who.gho.mdg-0000000007,MDG_0000000007:PAK:SEX_FMLE:AGEGROUP_YEARSUNDER5:WEALTHQUINTILE_TOTL,1970-01-01,2026-09-07T16:10:17Z,high,207.025250194,,who.gho.mdg-0000000007,raw/who.gho.mdg-0000000007/2026/09/20260907T161017Z-ca4dbf4e12d6.json.gz,2
who.gho.mdg-0000000007,MDG_0000000007:PAK:SEX_FMLE:AGEGROUP_YEARSUNDER5:WEALTHQUINTILE_TOTL,1970-01-01,2026-09-07T16:10:17Z,low,176.405596207,,who.gho.mdg-0000000007,raw/who.gho.mdg-0000000007/2026/09/20260907T161017Z-ca4dbf4e12d6.json.gz,2
who.gho.mdg-0000000007,MDG_0000000007:PAK:SEX_FMLE:AGEGROUP_YEARSUNDER5:WEALTHQUINTILE_TOTL,1970-01-01,2026-09-07T16:10:17Z,restated_at,2026-08-05,,who.gho.mdg-0000000007,raw/who.gho.mdg-0000000007/2026/09/20260907T161017Z-ca4dbf4e12d6.json.gz,2
who.gho.mdg-0000000007,MDG_0000000007:PAK:SEX_FMLE:AGEGROUP_YEARSUNDER5:WEALTHQUINTILE_TOTL,1970-01-01,2026-09-07T16:10:17Z,value,191.101959127,,who.gho.mdg-0000000007,raw/who.gho.mdg-0000000007/2026/09/20260907T161017Z-ca4dbf4e12d6.json.gz,2
who.gho.mdg-0000000007,MDG_0000000007:PAK:SEX_MLE:AGEGROUP_YEARSUNDER5:WEALTHQUINTILE_TOTL,1970-01-01,2026-09-07T16:08:50Z,high,205.76572867,,who.gho.mdg-0000000007,raw/who.gho.mdg-0000000007/2026/09/20260907T160850Z-957169f3a50e.json.gz,2
who.gho.mdg-0000000007,MDG_0000000007:PAK:SEX_MLE:AGEGROUP_YEARSUNDER5:WEALTHQUINTILE_TOTL,1970-01-01,2026-09-07T16:08:50Z,low,175.464483051,,who.gho.mdg-0000000007,raw/who.gho.mdg-0000000007/2026/09/20260907T160850Z-957169f3a50e.json.gz,2
who.gho.mdg-0000000007,MDG_0000000007:PAK:SEX_MLE:AGEGROUP_YEARSUNDER5:WEALTHQUINTILE_TOTL,1970-01-01,2026-09-07T16:08:50Z,restated_at,2026-08-05,,who.gho.mdg-0000000007,raw/who.gho.mdg-0000000007/2026/09/20260907T160850Z-957169f3a50e.json.gz,2
who.gho.mdg-0000000007,MDG_0000000007:PAK:SEX_MLE:AGEGROUP_YEARSUNDER5:WEALTHQUINTILE_TOTL,1970-01-01,2026-09-07T16:08:50Z,value,190.247895219,,who.gho.mdg-0000000007,raw/who.gho.mdg-0000000007/2026/09/20260907T160850Z-957169f3a50e.json.gz,2
who.gho.mdg-0000000007,MDG_0000000007:PAN:SEX_BTSX:AGEGROUP_YEARSUNDER5:WEALTHQUINTILE_TOTL,1970-01-01,2026-09-07T16:09:54Z,high,75.695989675,,who.gho.mdg-0000000007,raw/who.gho.mdg-0000000007/2026/09/20260907T160954Z-3426e3999bb4.json.gz,2
who.gho.mdg-0000000007,MDG_0000000007:PAN:SEX_BTSX:AGEGROUP_YEARSUNDER5:WEALTHQUINTILE_TOTL,1970-01-01,2026-09-07T16:09:54Z,low,61.794427655,,who.gho.mdg-0000000007,raw/who.gho.mdg-0000000007/2026/09/20260907T160954Z-3426e3999bb4.json.gz,2
who.gho.mdg-0000000007,MDG_0000000007:PAN:SEX_BTSX:AGEGROUP_YEARSUNDER5:WEALTHQUINTILE_TOTL,1970-01-01,2026-09-07T16:09:54Z,restated_at,2026-08-05,,who.gho.mdg-0000000007,raw/who.gho.mdg-0000000007/2026/09/20260907T160954Z-3426e3999bb4.json.gz,2
who.gho.mdg-0000000007,MDG_0000000007:PAN:SEX_BTSX:AGEGROUP_YEARSUNDER5:WEALTHQUINTILE_TOTL,1970-01-01,2026-09-07T16:09:54Z,value,68.624153986,,who.gho.mdg-0000000007,raw/who.gho.mdg-0000000007/2026/09/20260907T160954Z-3426e3999bb4.json.gz,2
who.gho.mdg-0000000007,MDG_0000000007:PAN:SEX_FMLE:AGEGROUP_YEARSUNDER5:WEALTHQUINTILE_TOTL,1970-01-01,2026-09-07T16:06:07Z,high,70.884460761,,who.gho.mdg-0000000007,raw/who.gho.mdg-0000000007/2026/09/20260907T160607Z-9445f1b065fa.json.gz,2
who.gho.mdg-0000000007,MDG_0000000007:PAN:SEX_FMLE:AGEGROUP_YEARSUNDER5:WEALTHQUINTILE_TOTL,1970-01-01,2026-09-07T16:06:07Z,low,57.051341486,,who.gho.mdg-0000000007,raw/who.gho.mdg-0000000007/2026/09/20260907T160607Z-9445f1b065fa.json.gz,2
who.gho.mdg-0000000007,MDG_0000000007:PAN:SEX_FMLE:AGEGROUP_YEARSUNDER5:WEALTHQUINTILE_TOTL,1970-01-01,2026-09-07T16:06:07Z,restated_at,2026-08-05,,who.gho.mdg-0000000007,raw/who.gho.mdg-0000000007/2026/09/20260907T160607Z-9445f1b065fa.json.gz,2
who.gho.mdg-0000000007,MDG_0000000007:PAN:SEX_FMLE:AGEGROUP_YEARSUNDER5:WEALTHQUINTILE_TOTL,1970-01-01,2026-09-07T16:06:07Z,value,63.81234071,,who.gho.mdg-0000000007,raw/who.gho.mdg-0000000007/2026/09/20260907T160607Z-9445f1b065fa.json.gz,2
who.gho.mdg-0000000007,MDG_0000000007:PAN:SEX_MLE:AGEGROUP_YEARSUNDER5:WEALTHQUINTILE_TOTL,1970-01-01,2026-09-07T16:05:52Z,high,81.138144141,,who.gho.mdg-0000000007,raw/who.gho.mdg-0000000007/2026/09/20260907T160552Z-f44dce2e8a23.json.gz,2
who.gho.mdg-0000000007,MDG_0000000007:PAN:SEX_MLE:AGEGROUP_YEARSUNDER5:WEALTHQUINTILE_TOTL,1970-01-01,2026-09-07T16:05:52Z,low,65.576580102,,who.gho.mdg-0000000007,raw/who.gho.mdg-0000000007/2026/09/20260907T160552Z-f44dce2e8a23.json.gz,2
who.gho.mdg-0000000007,MDG_0000000007:PAN:SEX_MLE:AGEGROUP_YEARSUNDER5:WEALTHQUINTILE_TOTL,1970-01-01,2026-09-07T16:05:52Z,restated_at,2026-08-05,,who.gho.mdg-0000000007,raw/who.gho.mdg-0000000007/2026/09/20260907T160552Z-f44dce2e8a23.json.gz,2
who.gho.mdg-0000000007,MDG_0000000007:PAN:SEX_MLE:AGEGROUP_YEARSUNDER5:WEALTHQUINTILE_TOTL,1970-01-01,2026-09-07T16:05:52Z,value,73.166322686,,who.gho.mdg-0000000007,raw/who.gho.mdg-0000000007/2026/09/20260907T160552Z-f44dce2e8a23.json.gz,2
who.gho.mdg-0000000007,MDG_0000000007:PER:SEX_BTSX:AGEGROUP_YEARSUNDER5:WEALTHQUINTILE_TOTL,1970-01-01,2026-09-07T16:06:07Z,high,213.470910487,,who.gho.mdg-0000000007,raw/who.gho.mdg-0000000007/2026/09/20260907T160607Z-9445f1b065fa.json.gz,2
who.gho.mdg-0000000007,MDG_0000000007:PER:SEX_BTSX:AGEGROUP_YEARSUNDER5:WEALTHQUINTILE_TOTL,1970-01-01,2026-09-07T16:06:07Z,low,187.343486942,,who.gho.mdg-0000000007,raw/who.gho.mdg-0000000007/2026/09/20260907T160607Z-9445f1b065fa.json.gz,2
who.gho.mdg-0000000007,MDG_0000000007:PER:SEX_BTSX:AGEGROUP_YEARSUNDER5:WEALTHQUINTILE_TOTL,1970-01-01,2026-09-07T16:06:07Z,restated_at,2026-08-05,,who.gho.mdg-0000000007,raw/who.gho.mdg-0000000007/2026/09/20260907T160607Z-9445f1b065fa.json.gz,2
who.gho.mdg-0000000007,MDG_0000000007:PER:SEX_BTSX:AGEGROUP_YEARSUNDER5:WEALTHQUINTILE_TOTL,1970-01-01,2026-09-07T16:06:07Z,value,200.130785576,,who.gho.mdg-0000000007,raw/who.gho.mdg-0000000007/2026/09/20260907T160607Z-9445f1b065fa.json.gz,2
who.gho.mdg-0000000007,MDG_0000000007:PER:SEX_FMLE:AGEGROUP_YEARSUNDER5:WEALTHQUINTILE_TOTL,1970-01-01,2026-09-07T16:10:58Z,high,205.311574208,,who.gho.mdg-0000000007,raw/who.gho.mdg-0000000007/2026/09/20260907T161058Z-4d8f6ed35960.json.gz,2
who.gho.mdg-0000000007,MDG_0000000007:PER:SEX_FMLE:AGEGROUP_YEARSUNDER5:WEALTHQUINTILE_TOTL,1970-01-01,2026-09-07T16:10:58Z,low,179.076420753,,who.gho.mdg-0000000007,raw/who.gho.mdg-0000000007/2026/09/20260907T161058Z-4d8f6ed35960.json.gz,2
who.gho.mdg-0000000007,MDG_0000000007:PER:SEX_FMLE:AGEGROUP_YEARSUNDER5:WEALTHQUINTILE_TOTL,1970-01-01,2026-09-07T16:10:58Z,restated_at,2026-08-05,,who.gho.mdg-0000000007,raw/who.gho.mdg-0000000007/2026/09/20260907T161058Z-4d8f6ed35960.json.gz,2
who.gho.mdg-0000000007,MDG_0000000007:PER:SEX_FMLE:AGEGROUP_YEARSUNDER5:WEALTHQUINTILE_TOTL,1970-01-01,2026-09-07T16:10:58Z,value,191.80845121,,who.gho.mdg-0000000007,raw/who.gho.mdg-0000000007/2026/09/20260907T161058Z-4d8f6ed35960.json.gz,2
who.gho.mdg-0000000007,MDG_0000000007:PER:SEX_MLE:AGEGROUP_YEARSUNDER5:WEALTHQUINTILE_TOTL,1970-01-01,2026-09-07T16:09:18Z,high,222.54958393,,who.gho.mdg-0000000007,raw/who.gho.mdg-0000000007/2026/09/20260907T160918Z-1f3ac080847d.json.gz,2
who.gho.mdg-0000000007,MDG_0000000007:PER:SEX_MLE:AGEGROUP_YEARSUNDER5:WEALTHQUINTILE_TOTL,1970-01-01,2026-09-07T16:09:18Z,low,194.1872474,,who.gho.mdg-0000000007,raw/who.gho.mdg-0000000007/2026/09/20260907T160918Z-1f3ac080847d.json.gz,2
who.gho.mdg-0000000007,MDG_0000000007:PER:SEX_MLE:AGEGROUP_YEARSUNDER5:WEALTHQUINTILE_TOTL,1970-01-01,2026-09-07T16:09:18Z,restated_at,2026-08-05,,who.gho.mdg-0000000007,raw/who.gho.mdg-0000000007/2026/09/20260907T160918Z-1f3ac080847d.json.gz,2
who.gho.mdg-0000000007,MDG_0000000007:PER:SEX_MLE:AGEGROUP_YEARSUNDER5:WEALTHQUINTILE_TOTL,1970-01-01,2026-09-07T16:09:18Z,value,207.964365672,,who.gho.mdg-0000000007,raw/who.gho.mdg-0000000007/2026/09/20260907T160918Z-1f3ac080847d.json.gz,2
who.gho.mdg-0000000007,MDG_0000000007:PHL:SEX_BTSX:AGEGROUP_YEARSUNDER5:WEALTHQUINTILE_TOTL,1970-01-01,2026-09-07T16:09:38Z,high,91.893058139,,who.gho.mdg-0000000007,raw/who.gho.mdg-0000000007/2026/09/20260907T160938Z-81612038db74.json.gz,2
who.gho.mdg-0000000007,MDG_0000000007:PHL:SEX_BTSX:AGEGROUP_YEARSUNDER5:WEALTHQUINTILE_TOTL,1970-01-01,2026-09-07T16:09:38Z,low,75.174550904,,who.gho.mdg-0000000007,raw/who.gho.mdg-0000000007/2026/09/20260907T160938Z-81612038db74.json.gz,2
who.gho.mdg-0000000007,MDG_0000000007:PHL:SEX_BTSX:AGEGROUP_YEARSUNDER5:WEALTHQUINTILE_TOTL,1970-01-01,2026-09-07T16:09:38Z,restated_at,2026-08-05,,who.gho.mdg-0000000007,raw/who.gho.mdg-0000000007/2026/09/20260907T160938Z-81612038db74.json.gz,2
who.gho.mdg-0000000007,MDG_0000000007:PHL:SEX_BTSX:AGEGROUP_YEARSUNDER5:WEALTHQUINTILE_TOTL,1970-01-01,2026-09-07T16:09:38Z,value,83.187494912,,who.gho.mdg-0000000007,raw/who.gho.mdg-0000000007/2026/09/20260907T160938Z-81612038db74.json.gz,2
who.gho.mdg-0000000007,MDG_0000000007:PHL:SEX_FMLE:AGEGROUP_YEARSUNDER5:WEALTHQUINTILE_TOTL,1970-01-01,2026-09-07T16:08:45Z,high,85.72630842,,who.gho.mdg-0000000007,raw/who.gho.mdg-0000000007/2026/09/20260907T160845Z-9b23f1f1b45b.json.gz,2
who.gho.mdg-0000000007,MDG_0000000007:PHL:SEX_FMLE:AGEGROUP_YEARSUNDER5:WEALTHQUINTILE_TOTL,1970-01-01,2026-09-07T16:08:45Z,low,69.534776857,,who.gho.mdg-0000000007,raw/who.gho.mdg-0000000007/2026/09/20260907T160845Z-9b23f1f1b45b.json.gz,2
who.gho.mdg-0000000007,MDG_0000000007:PHL:SEX_FMLE:AGEGROUP_YEARSUNDER5:WEALTHQUINTILE_TOTL,1970-01-01,2026-09-07T16:08:45Z,restated_at,2026-08-05,,who.gho.mdg-0000000007,raw/who.gho.mdg-0000000007/2026/09/20260907T160845Z-9b23f1f1b45b.json.gz,2
who.gho.mdg-0000000007,MDG_0000000007:PHL:SEX_FMLE:AGEGROUP_YEARSUNDER5:WEALTHQUINTILE_TOTL,1970-01-01,2026-09-07T16:08:45Z,value,77.21477303,,who.gho.mdg-0000000007,raw/who.gho.mdg-0000000007/2026/09/20260907T160845Z-9b23f1f1b45b.json.gz,2
who.gho.mdg-0000000007,MDG_0000000007:PHL:SEX_MLE:AGEGROUP_YEARSUNDER5:WEALTHQUINTILE_TOTL,1970-01-01,2026-09-07T16:09:46Z,high,98.416582705,,who.gho.mdg-0000000007,raw/who.gho.mdg-0000000007/2026/09/20260907T160946Z-716d23d235ed.json.gz,2
who.gho.mdg-0000000007,MDG_0000000007:PHL:SEX_MLE:AGEGROUP_YEARSUNDER5:WEALTHQUINTILE_TOTL,1970-01-01,2026-09-07T16:09:46Z,low,80.138225903,,who.gho.mdg-0000000007,raw/who.gho.mdg-0000000007/2026/09/20260907T160946Z-716d23d235ed.json.gz,2
who.gho.mdg-0000000007,MDG_0000000007:PHL:SEX_MLE:AGEGROUP_YEARSUNDER5:WEALTHQUINTILE_TOTL,1970-01-01,2026-09-07T16:09:46Z,restated_at,2026-08-05,,who.gho.mdg-0000000007,raw/who.gho.mdg-0000000007/2026/09/20260907T160946Z-716d23d235ed.json.gz,2
who.gho.mdg-0000000007,MDG_0000000007:PHL:SEX_MLE:AGEGROUP_YEARSUNDER5:WEALTHQUINTILE_TOTL,1970-01-01,2026-09-07T16:09:46Z,value,88.912365235,,who.gho.mdg-0000000007,raw/who.gho.mdg-0000000007/2026/09/20260907T160946Z-716d23d235ed.json.gz,2
who.gho.mdg-0000000007,MDG_0000000007:PLW:SEX_BTSX:AGEGROUP_YEARSUNDER5:WEALTHQUINTILE_TOTL,1970-01-01,2026-09-07T16:05:57Z,high,108.702876614,,who.gho.mdg-0000000007,raw/who.gho.mdg-0000000007/2026/09/20260907T160557Z-c8e786907d46.json.gz,2
who.gho.mdg-0000000007,MDG_0000000007:PLW:SEX_BTSX:AGEGROUP_YEARSUNDER5:WEALTHQUINTILE_TOTL,1970-01-01,2026-09-07T16:05:57Z,low,57.469606597,,who.gho.mdg-0000000007,raw/who.gho.mdg-0000000007/2026/09/20260907T160557Z-c8e786907d46.json.gz,2
who.gho.mdg-0000000007,MDG_0000000007:PLW:SEX_BTSX:AGEGROUP_YEARSUNDER5:WEALTHQUINTILE_TOTL,1970-01-01,2026-09-07T16:05:57Z,restated_at,2026-08-05,,who.gho.mdg-0000000007,raw/who.gho.mdg-0000000007/2026/09/20260907T160557Z-c8e786907d46.json.gz,2
who.gho.mdg-0000000007,MDG_0000000007:PLW:SEX_BTSX:AGEGROUP_YEARSUNDER5:WEALTHQUINTILE_TOTL,1970-01-01,2026-09-07T16:05:57Z,value,80.552233821,,who.gho.mdg-0000000007,raw/who.gho.mdg-0000000007/2026/09/20260907T160557Z-c8e786907d46.json.gz,2
who.gho.mdg-0000000007,MDG_0000000007:PLW:SEX_FMLE:AGEGROUP_YEARSUNDER5:WEALTHQUINTILE_TOTL,1970-01-01,2026-09-07T16:08:59Z,high,100.348411444,,who.gho.mdg-0000000007,raw/who.gho.mdg-0000000007/2026/09/20260907T160859Z-81b3460c41a8.json.gz,2
who.gho.mdg-0000000007,MDG_0000000007:PLW:SEX_FMLE:AGEGROUP_YEARSUNDER5:WEALTHQUINTILE_TOTL,1970-01-01,2026-09-07T16:08:59Z,low,52.033556162,,who.gho.mdg-0000000007,raw/who.gho.mdg-0000000007/2026/09/20260907T160859Z-81b3460c41a8.json.gz,2
who.gho.mdg-0000000007,MDG_0000000007:PLW:SEX_FMLE:AGEGROUP_YEARSUNDER5:WEALTHQUINTILE_TOTL,1970-01-01,2026-09-07T16:08:59Z,restated_at,2026-08-05,,who.gho.mdg-0000000007,raw/who.gho.mdg-0000000007/2026/09/20260907T160859Z-81b3460c41a8.json.gz,2
who.gho.mdg-0000000007,MDG_0000000007:PLW:SEX_FMLE:AGEGROUP_YEARSUNDER5:WEALTHQUINTILE_TOTL,1970-01-01,2026-09-07T16:08:59Z,value,73.611024708,,who.gho.mdg-0000000007,raw/who.gho.mdg-0000000007/2026/09/20260907T160859Z-81b3460c41a8.json.gz,2
who.gho.mdg-0000000007,MDG_0000000007:PLW:SEX_MLE:AGEGROUP_YEARSUNDER5:WEALTHQUINTILE_TOTL,1970-01-01,2026-09-07T16:10:41Z,high,117.717600682,,who.gho.mdg-0000000007,raw/who.gho.mdg-0000000007/2026/09/20260907T161041Z-4752b74784e1.json.gz,2
who.gho.mdg-0000000007,MDG_0000000007:PLW:SEX_MLE:AGEGROUP_YEARSUNDER5:WEALTHQUINTILE_TOTL,1970-01-01,2026-09-07T16:10:41Z,low,62.071237536,,who.gho.mdg-0000000007,raw/who.gho.mdg-0000000007/2026/09/20260907T161041Z-4752b74784e1.json.gz,2
who.gho.mdg-0000000007,MDG_0000000007:PLW:SEX_MLE:AGEGROUP_YEARSUNDER5:WEALTHQUINTILE_TOTL,1970-01-01,2026-09-07T16:10:41Z,restated_at,2026-08-05,,who.gho.mdg-0000000007,raw/who.gho.mdg-0000000007/2026/09/20260907T161041Z-4752b74784e1.json.gz,2
who.gho.mdg-0000000007,MDG_0000000007:PLW:SEX_MLE:AGEGROUP_YEARSUNDER5:WEALTHQUINTILE_TOTL,1970-01-01,2026-09-07T16:10:41Z,value,87.084535908,,who.gho.mdg-0000000007,raw/who.gho.mdg-0000000007/2026/09/20260907T161041Z-4752b74784e1.json.gz,2
who.gho.mdg-0000000007,MDG_0000000007:PNG:SEX_BTSX:AGEGROUP_YEARSUNDER5:WEALTHQUINTILE_TOTL,1970-01-01,2026-09-07T16:08:54Z,high,160.654670171,,who.gho.mdg-0000000007,raw/who.gho.mdg-0000000007/2026/09/20260907T160854Z-e3873ac72928.json.gz,2
who.gho.mdg-0000000007,MDG_0000000007:PNG:SEX_BTSX:AGEGROUP_YEARSUNDER5:WEALTHQUINTILE_TOTL,1970-01-01,2026-09-07T16:08:54Z,low,126.707831134,,who.gho.mdg-0000000007,raw/who.gho.mdg-0000000007/2026/09/20260907T160854Z-e3873ac72928.json.gz,2
who.gho.mdg-0000000007,MDG_0000000007:PNG:SEX_BTSX:AGEGROUP_YEARSUNDER5:WEALTHQUINTILE_TOTL,1970-01-01,2026-09-07T16:08:54Z,restated_at,2026-08-05,,who.gho.mdg-0000000007,raw/who.gho.mdg-0000000007/2026/09/20260907T160854Z-e3873ac72928.json.gz,2
who.gho.mdg-0000000007,MDG_0000000007:PNG:SEX_BTSX:AGEGROUP_YEARSUNDER5:WEALTHQUINTILE_TOTL,1970-01-01,2026-09-07T16:08:54Z,value,143.074456331,,who.gho.mdg-0000000007,raw/who.gho.mdg-0000000007/2026/09/20260907T160854Z-e3873ac72928.json.gz,2
who.gho.mdg-0000000007,MDG_0000000007:PNG:SEX_FMLE:AGEGROUP_YEARSUNDER5:WEALTHQUINTILE_TOTL,1970-01-01,2026-09-07T16:09:18Z,high,154.471338085,,who.gho.mdg-0000000007,raw/who.gho.mdg-0000000007/2026/09/20260907T160918Z-1f3ac080847d.json.gz,2
who.gho.mdg-0000000007,MDG_0000000007:PNG:SEX_FMLE:AGEGROUP_YEARSUNDER5:WEALTHQUINTILE_TOTL,1970-01-01,2026-09-07T16:09:18Z,low,121.041179959,,who.gho.mdg-0000000007,raw/who.gho.mdg-0000000007/2026/09/20260907T160918Z-1f3ac080847d.json.gz,2
who.gho.mdg-0000000007,MDG_0000000007:PNG:SEX_FMLE:AGEGROUP_YEARSUNDER5:WEALTHQUINTILE_TOTL,1970-01-01,2026-09-07T16:09:18Z,restated_at,2026-08-05,,who.gho.mdg-0000000007,raw/who.gho.mdg-0000000007/2026/09/20260907T160918Z-1f3ac080847d.json.gz,2
who.gho.mdg-0000000007,MDG_0000000007:PNG:SEX_FMLE:AGEGROUP_YEARSUNDER5:WEALTHQUINTILE_TOTL,1970-01-01,2026-09-07T16:09:18Z,value,137.222772175,,who.gho.mdg-0000000007,raw/who.gho.mdg-0000000007/2026/09/20260907T160918Z-1f3ac080847d.json.gz,2
who.gho.mdg-0000000007,MDG_0000000007:PNG:SEX_MLE:AGEGROUP_YEARSUNDER5:WEALTHQUINTILE_TOTL,1970-01-01,2026-09-07T16:10:24Z,high,167.692742249,,who.gho.mdg-0000000007,raw/who.gho.mdg-0000000007/2026/09/20260907T161024Z-808a2a46070d.json.gz,2
who.gho.mdg-0000000007,MDG_0000000007:PNG:SEX_MLE:AGEGROUP_YEARSUNDER5:WEALTHQUINTILE_TOTL,1970-01-01,2026-09-07T16:10:24Z,low,131.044446837,,who.gho.mdg-0000000007,raw/who.gho.mdg-0000000007/2026/09/20260907T161024Z-808a2a46070d.json.gz,2
who.gho.mdg-0000000007,MDG_0000000007:PNG:SEX_MLE:AGEGROUP_YEARSUNDER5:WEALTHQUINTILE_TOTL,1970-01-01,2026-09-07T16:10:24Z,restated_at,2026-08-05,,who.gho.mdg-0000000007,raw/who.gho.mdg-0000000007/2026/09/20260907T161024Z-808a2a46070d.json.gz,2
who.gho.mdg-0000000007,MDG_0000000007:PNG:SEX_MLE:AGEGROUP_YEARSUNDER5:WEALTHQUINTILE_TOTL,1970-01-01,2026-09-07T16:10:24Z,value,148.848385991,,who.gho.mdg-0000000007,raw/who.gho.mdg-0000000007/2026/09/20260907T161024Z-808a2a46070d.json.gz,2
who.gho.mdg-0000000007,MDG_0000000007:POL:SEX_BTSX:AGEGROUP_YEARSUNDER5:WEALTHQUINTILE_TOTL,1970-01-01,2026-09-07T16:05:01Z,high,36.950856929,,who.gho.mdg-0000000007,raw/who.gho.mdg-0000000007/2026/09/20260907T160501Z-2d19e1a5feef.json.gz,2
who.gho.mdg-0000000007,MDG_0000000007:POL:SEX_BTSX:AGEGROUP_YEARSUNDER5:WEALTHQUINTILE_TOTL,1970-01-01,2026-09-07T16:05:01Z,low,35.250322259,,who.gho.mdg-0000000007,raw/who.gho.mdg-0000000007/2026/09/20260907T160501Z-2d19e1a5feef.json.gz,2
who.gho.mdg-0000000007,MDG_0000000007:POL:SEX_BTSX:AGEGROUP_YEARSUNDER5:WEALTHQUINTILE_TOTL,1970-01-01,2026-09-07T16:05:01Z,restated_at,2026-08-05,,who.gho.mdg-0000000007,raw/who.gho.mdg-0000000007/2026/09/20260907T160501Z-2d19e1a5feef.json.gz,2
who.gho.mdg-0000000007,MDG_0000000007:POL:SEX_BTSX:AGEGROUP_YEARSUNDER5:WEALTHQUINTILE_TOTL,1970-01-01,2026-09-07T16:05:01Z,value,36.051978444,,who.gho.mdg-0000000007,raw/who.gho.mdg-0000000007/2026/09/20260907T160501Z-2d19e1a5feef.json.gz,2
who.gho.mdg-0000000007,MDG_0000000007:POL:SEX_FMLE:AGEGROUP_YEARSUNDER5:WEALTHQUINTILE_TOTL,1970-01-01,2026-09-07T16:09:46Z,high,32.259099334,,who.gho.mdg-0000000007,raw/who.gho.mdg-0000000007/2026/09/20260907T160946Z-716d23d235ed.json.gz,2
who.gho.mdg-0000000007,MDG_0000000007:POL:SEX_FMLE:AGEGROUP_YEARSUNDER5:WEALTHQUINTILE_TOTL,1970-01-01,2026-09-07T16:09:46Z,low,30.692818154,,who.gho.mdg-0000000007,raw/who.gho.mdg-0000000007/2026/09/20260907T160946Z-716d23d235ed.json.gz,2
who.gho.mdg-0000000007,MDG_0000000007:POL:SEX_FMLE:AGEGROUP_YEARSUNDER5:WEALTHQUINTILE_TOTL,1970-01-01,2026-09-07T16:09:46Z,restated_at,2026-08-05,,who.gho.mdg-0000000007,raw/who.gho.mdg-0000000007/2026/09/20260907T160946Z-716d23d235ed.json.gz,2
who.gho.mdg-0000000007,MDG_0000000007:POL:SEX_FMLE:AGEGROUP_YEARSUNDER5:WEALTHQUINTILE_TOTL,1970-01-01,2026-09-07T16:09:46Z,value,31.442726485,,who.gho.mdg-0000000007,raw/who.gho.mdg-0000000007/2026/09/20260907T160946Z-716d23d235ed.json.gz,2
who.gho.mdg-0000000007,MDG_0000000007:POL:SEX_MLE:AGEGROUP_YEARSUNDER5:WEALTHQUINTILE_TOTL,1970-01-01,2026-09-07T16:06:07Z,high,41.474741425,,who.gho.mdg-0000000007,raw/who.gho.mdg-0000000007/2026/09/20260907T160607Z-9445f1b065fa.json.gz,2
who.gho.mdg-0000000007,MDG_0000000007:POL:SEX_MLE:AGEGROUP_YEARSUNDER5:WEALTHQUINTILE_TOTL,1970-01-01,2026-09-07T16:06:07Z,low,39.49800588,,who.gho.mdg-0000000007,raw/who.gho.mdg-0000000007/2026/09/20260907T160607Z-9445f1b065fa.json.gz,2
who.gho.mdg-0000000007,MDG_0000000007:POL:SEX_MLE:AGEGROUP_YEARSUNDER5:WEALTHQUINTILE_TOTL,1970-01-01,2026-09-07T16:06:07Z,restated_at,2026-08-05,,who.gho.mdg-0000000007,raw/who.gho.mdg-0000000007/2026/09/20260907T160607Z-9445f1b065fa.json.gz,2
who.gho.mdg-0000000007,MDG_0000000007:POL:SEX_MLE:AGEGROUP_YEARSUNDER5:WEALTHQUINTILE_TOTL,1970-01-01,2026-09-07T16:06:07Z,value,40.44537814,,who.gho.mdg-0000000007,raw/who.gho.mdg-0000000007/2026/09/20260907T160607Z-9445f1b065fa.json.gz,2
who.gho.mdg-0000000007,MDG_0000000007:PRK:SEX_BTSX:AGEGROUP_YEARSUNDER5:WEALTHQUINTILE_TOTL,1970-01-01,2026-09-07T16:05:43Z,high,89.551282252,,who.gho.mdg-0000000007,raw/who.gho.mdg-0000000007/2026/09/20260907T160543Z-0bdfcfeb6714.json.gz,2
who.gho.mdg-0000000007,MDG_0000000007:PRK:SEX_BTSX:AGEGROUP_YEARSUNDER5:WEALTHQUINTILE_TOTL,1970-01-01,2026-09-07T16:05:43Z,low,54.773825065,,who.gho.mdg-0000000007,raw/who.gho.mdg-0000000007/2026/09/20260907T160543Z-0bdfcfeb6714.json.gz,2
who.gho.mdg-0000000007,MDG_0000000007:PRK:SEX_BTSX:AGEGROUP_YEARSUNDER5:WEALTHQUINTILE_TOTL,1970-01-01,2026-09-07T16:05:43Z,restated_at,2025-04-15,,who.gho.mdg-0000000007,raw/who.gho.mdg-0000000007/2026/09/20260907T160543Z-0bdfcfeb6714.json.gz,2
who.gho.mdg-0000000007,MDG_0000000007:PRK:SEX_BTSX:AGEGROUP_YEARSUNDER5:WEALTHQUINTILE_TOTL,1970-01-01,2026-09-07T16:05:43Z,value,69.942372571,,who.gho.mdg-0000000007,raw/who.gho.mdg-0000000007/2026/09/20260907T160543Z-0bdfcfeb6714.json.gz,2
who.gho.mdg-0000000007,MDG_0000000007:PRK:SEX_FMLE:AGEGROUP_YEARSUNDER5:WEALTHQUINTILE_TOTL,1970-01-01,2026-09-07T16:09:26Z,high,82.545366749,,who.gho.mdg-0000000007,raw/who.gho.mdg-0000000007/2026/09/20260907T160926Z-3ee37906b339.json.gz,2
who.gho.mdg-0000000007,MDG_0000000007:PRK:SEX_FMLE:AGEGROUP_YEARSUNDER5:WEALTHQUINTILE_TOTL,1970-01-01,2026-09-07T16:09:26Z,low,50.113616477,,who.gho.mdg-0000000007,raw/who.gho.mdg-0000000007/2026/09/20260907T160926Z-3ee37906b339.json.gz,2
who.gho.mdg-0000000007,MDG_0000000007:PRK:SEX_FMLE:AGEGROUP_YEARSUNDER5:WEALTHQUINTILE_TOTL,1970-01-01,2026-09-07T16:09:26Z,restated_at,2026-08-05,,who.gho.mdg-0000000007,raw/who.gho.mdg-0000000007/2026/09/20260907T160926Z-3ee37906b339.json.gz,2
who.gho.mdg-0000000007,MDG_0000000007:PRK:SEX_FMLE:AGEGROUP_YEARSUNDER5:WEALTHQUINTILE_TOTL,1970-01-01,2026-09-07T16:09:26Z,value,64.294537409,,who.gho.mdg-0000000007,raw/who.gho.mdg-0000000007/2026/09/20260907T160926Z-3ee37906b339.json.gz,2
who.gho.mdg-0000000007,MDG_0000000007:PRK:SEX_MLE:AGEGROUP_YEARSUNDER5:WEALTHQUINTILE_TOTL,1970-01-01,2026-09-07T16:11:14Z,high,96.747365675,,who.gho.mdg-0000000007,raw/who.gho.mdg-0000000007/2026/09/20260907T161114Z-c1ae2408f442.json.gz,2
who.gho.mdg-0000000007,MDG_0000000007:PRK:SEX_MLE:AGEGROUP_YEARSUNDER5:WEALTHQUINTILE_TOTL,1970-01-01,2026-09-07T16:11:14Z,low,58.801752464,,who.gho.mdg-0000000007,raw/who.gho.mdg-0000000007/2026/09/20260907T161114Z-c1ae2408f442.json.gz,2
who.gho.mdg-0000000007,MDG_0000000007:PRK:SEX_MLE:AGEGROUP_YEARSUNDER5:WEALTHQUINTILE_TOTL,1970-01-01,2026-09-07T16:11:14Z,restated_at,2026-08-05,,who.gho.mdg-0000000007,raw/who.gho.mdg-0000000007/2026/09/20260907T161114Z-c1ae2408f442.json.gz,2
who.gho.mdg-0000000007,MDG_0000000007:PRK:SEX_MLE:AGEGROUP_YEARSUNDER5:WEALTHQUINTILE_TOTL,1970-01-01,2026-09-07T16:11:14Z,value,75.409680578,,who.gho.mdg-0000000007,raw/who.gho.mdg-0000000007/2026/09/20260907T161114Z-c1ae2408f442.json.gz,2
who.gho.mdg-0000000007,MDG_0000000007:PRT:SEX_BTSX:AGEGROUP_YEARSUNDER5:WEALTHQUINTILE_TOTL,1970-01-01,2026-09-07T16:09:30Z,high,69.851066217,,who.gho.mdg-0000000007,raw/who.gho.mdg-0000000007/2026/09/20260907T160930Z-3a49f2d0e7d2.json.gz,2
who.gho.mdg-0000000007,MDG_0000000007:PRT:SEX_BTSX:AGEGROUP_YEARSUNDER5:WEALTHQUINTILE_TOTL,1970-01-01,2026-09-07T16:09:30Z,low,66.75572379,,who.gho.mdg-0000000007,raw/who.gho.mdg-0000000007/2026/09/20260907T160930Z-3a49f2d0e7d2.json.gz,2
who.gho.mdg-0000000007,MDG_0000000007:PRT:SEX_BTSX:AGEGROUP_YEARSUNDER5:WEALTHQUINTILE_TOTL,1970-01-01,2026-09-07T16:09:30Z,restated_at,2026-08-05,,who.gho.mdg-0000000007,raw/who.gho.mdg-0000000007/2026/09/20260907T160930Z-3a49f2d0e7d2.json.gz,2
who.gho.mdg-0000000007,MDG_0000000007:PRT:SEX_BTSX:AGEGROUP_YEARSUNDER5:WEALTHQUINTILE_TOTL,1970-01-01,2026-09-07T16:09:30Z,value,68.218894811,,who.gho.mdg-0000000007,raw/who.gho.mdg-0000000007/2026/09/20260907T160930Z-3a49f2d0e7d2.json.gz,2
who.gho.mdg-0000000007,MDG_0000000007:PRT:SEX_FMLE:AGEGROUP_YEARSUNDER5:WEALTHQUINTILE_TOTL,1970-01-01,2026-09-07T16:08:45Z,high,63.968327057,,who.gho.mdg-0000000007,raw/who.gho.mdg-0000000007/2026/09/20260907T160845Z-9b23f1f1b45b.json.gz,2
who.gho.mdg-0000000007,MDG_0000000007:PRT:SEX_FMLE:AGEGROUP_YEARSUNDER5:WEALTHQUINTILE_TOTL,1970-01-01,2026-09-07T16:08:45Z,low,60.922198895,,who.gho.mdg-0000000007,raw/who.gho.mdg-0000000007/2026/09/20260907T160845Z-9b23f1f1b45b.json.gz,2
who.gho.mdg-0000000007,MDG_0000000007:PRT:SEX_FMLE:AGEGROUP_YEARSUNDER5:WEALTHQUINTILE_TOTL,1970-01-01,2026-09-07T16:08:45Z,restated_at,2026-08-05,,who.gho.mdg-0000000007,raw/who.gho.mdg-0000000007/2026/09/20260907T160845Z-9b23f1f1b45b.json.gz,2
who.gho.mdg-0000000007,MDG_0000000007:PRT:SEX_FMLE:AGEGROUP_YEARSUNDER5:WEALTHQUINTILE_TOTL,1970-01-01,2026-09-07T16:08:45Z,value,62.384136789,,who.gho.mdg-0000000007,raw/who.gho.mdg-0000000007/2026/09/20260907T160845Z-9b23f1f1b45b.json.gz,2
who.gho.mdg-0000000007,MDG_0000000007:PRT:SEX_MLE:AGEGROUP_YEARSUNDER5:WEALTHQUINTILE_TOTL,1970-01-01,2026-09-07T16:10:17Z,high,75.657053412,,who.gho.mdg-0000000007,raw/who.gho.mdg-0000000007/2026/09/20260907T161017Z-ca4dbf4e12d6.json.gz,2
who.gho.mdg-0000000007,MDG_0000000007:PRT:SEX_MLE:AGEGROUP_YEARSUNDER5:WEALTHQUINTILE_TOTL,1970-01-01,2026-09-07T16:10:17Z,low,72.083258028,,who.gho.mdg-0000000007,raw/who.gho.mdg-0000000007/2026/09/20260907T161017Z-ca4dbf4e12d6.json.gz,2
who.gho.mdg-0000000007,MDG_0000000007:PRT:SEX_MLE:AGEGROUP_YEARSUNDER5:WEALTHQUINTILE_TOTL,1970-01-01,2026-09-07T16:10:17Z,restated_at,2026-08-05,,who.gho.mdg-0000000007,raw/who.gho.mdg-0000000007/2026/09/20260907T161017Z-ca4dbf4e12d6.json.gz,2
who.gho.mdg-0000000007,MDG_0000000007:PRT:SEX_MLE:AGEGROUP_YEARSUNDER5:WEALTHQUINTILE_TOTL,1970-01-01,2026-09-07T16:10:17Z,value,73.782377432,,who.gho.mdg-0000000007,raw/who.gho.mdg-0000000007/2026/09/20260907T161017Z-ca4dbf4e12d6.json.gz,2
who.gho.mdg-0000000007,MDG_0000000007:PRY:SEX_BTSX:AGEGROUP_YEARSUNDER5:WEALTHQUINTILE_TOTL,1970-01-01,2026-09-07T16:09:13Z,high,85.178702252,,who.gho.mdg-0000000007,raw/who.gho.mdg-0000000007/2026/09/20260907T160913Z-86e8fac132bd.json.gz,2
who.gho.mdg-0000000007,MDG_0000000007:PRY:SEX_BTSX:AGEGROUP_YEARSUNDER5:WEALTHQUINTILE_TOTL,1970-01-01,2026-09-07T16:09:13Z,low,71.36549124,,who.gho.mdg-0000000007,raw/who.gho.mdg-0000000007/2026/09/20260907T160913Z-86e8fac132bd.json.gz,2
who.gho.mdg-0000000007,MDG_0000000007:PRY:SEX_BTSX:AGEGROUP_YEARSUNDER5:WEALTHQUINTILE_TOTL,1970-01-01,2026-09-07T16:09:13Z,restated_at,2026-08-05,,who.gho.mdg-0000000007,raw/who.gho.mdg-0000000007/2026/09/20260907T160913Z-86e8fac132bd.json.gz,2
who.gho.mdg-0000000007,MDG_0000000007:PRY:SEX_BTSX:AGEGROUP_YEARSUNDER5:WEALTHQUINTILE_TOTL,1970-01-01,2026-09-07T16:09:13Z,value,77.905425725,,who.gho.mdg-0000000007,raw/who.gho.mdg-0000000007/2026/09/20260907T160913Z-86e8fac132bd.json.gz,2
who.gho.mdg-0000000007,MDG_0000000007:PRY:SEX_FMLE:AGEGROUP_YEARSUNDER5:WEALTHQUINTILE_TOTL,1970-01-01,2026-09-07T16:08:54Z,high,80.13014668,,who.gho.mdg-0000000007,raw/who.gho.mdg-0000000007/2026/09/20260907T160854Z-e3873ac72928.json.gz,2
who.gho.mdg-0000000007,MDG_0000000007:PRY:SEX_FMLE:AGEGROUP_YEARSUNDER5:WEALTHQUINTILE_TOTL,1970-01-01,2026-09-07T16:08:54Z,low,66.065723206,,who.gho.mdg-0000000007,raw/who.gho.mdg-0000000007/2026/09/20260907T160854Z-e3873ac72928.json.gz,2
who.gho.mdg-0000000007,MDG_0000000007:PRY:SEX_FMLE:AGEGROUP_YEARSUNDER5:WEALTHQUINTILE_TOTL,1970-01-01,2026-09-07T16:08:54Z,restated_at,2026-08-05,,who.gho.mdg-0000000007,raw/who.gho.mdg-0000000007/2026/09/20260907T160854Z-e3873ac72928.json.gz,2
who.gho.mdg-0000000007,MDG_0000000007:PRY:SEX_FMLE:AGEGROUP_YEARSUNDER5:WEALTHQUINTILE_TOTL,1970-01-01,2026-09-07T16:08:54Z,value,72.653044105,,who.gho.mdg-0000000007,raw/who.gho.mdg-0000000007/2026/09/20260907T160854Z-e3873ac72928.json.gz,2
who.gho.mdg-0000000007,MDG_0000000007:PRY:SEX_MLE:AGEGROUP_YEARSUNDER5:WEALTHQUINTILE_TOTL,1970-01-01,2026-09-07T16:09:13Z,high,90.974116237,,who.gho.mdg-0000000007,raw/who.gho.mdg-0000000007/2026/09/20260907T160913Z-86e8fac132bd.json.gz,2
who.gho.mdg-0000000007,MDG_0000000007:PRY:SEX_MLE:AGEGROUP_YEARSUNDER5:WEALTHQUINTILE_TOTL,1970-01-01,2026-09-07T16:09:13Z,low,75.466350943,,who.gho.mdg-0000000007,raw/who.gho.mdg-0000000007/2026/09/20260907T160913Z-86e8fac132bd.json.gz,2
who.gho.mdg-0000000007,MDG_0000000007:PRY:SEX_MLE:AGEGROUP_YEARSUNDER5:WEALTHQUINTILE_TOTL,1970-01-01,2026-09-07T16:09:13Z,restated_at,2026-08-05,,who.gho.mdg-0000000007,raw/who.gho.mdg-0000000007/2026/09/20260907T160913Z-86e8fac132bd.json.gz,2
who.gho.mdg-0000000007,MDG_0000000007:PRY:SEX_MLE:AGEGROUP_YEARSUNDER5:WEALTHQUINTILE_TOTL,1970-01-01,2026-09-07T16:09:13Z,value,82.835127263,,who.gho.mdg-0000000007,raw/who.gho.mdg-0000000007/2026/09/20260907T160913Z-86e8fac132bd.json.gz,2
who.gho.mdg-0000000007,MDG_0000000007:QAT:SEX_BTSX:AGEGROUP_YEARSUNDER5:WEALTHQUINTILE_TOTL,1970-01-01,2026-09-07T16:10:53Z,high,84.481318862,,who.gho.mdg-0000000007,raw/who.gho.mdg-0000000007/2026/09/20260907T161053Z-9a5808e2a757.json.gz,2
who.gho.mdg-0000000007,MDG_0000000007:QAT:SEX_BTSX:AGEGROUP_YEARSUNDER5:WEALTHQUINTILE_TOTL,1970-01-01,2026-09-07T16:10:53Z,low,50.657668658,,who.gho.mdg-0000000007,raw/who.gho.mdg-0000000007/2026/09/20260907T161053Z-9a5808e2a757.json.gz,2
who.gho.mdg-0000000007,MDG_0000000007:QAT:SEX_BTSX:AGEGROUP_YEARSUNDER5:WEALTHQUINTILE_TOTL,1970-01-01,2026-09-07T16:10:53Z,restated_at,2026-08-05,,who.gho.mdg-0000000007,raw/who.gho.mdg-0000000007/2026/09/20260907T161053Z-9a5808e2a757.json.gz,2
who.gho.mdg-0000000007,MDG_0000000007:QAT:SEX_BTSX:AGEGROUP_YEARSUNDER5:WEALTHQUINTILE_TOTL,1970-01-01,2026-09-07T16:10:53Z,value,65.717649257,,who.gho.mdg-0000000007,raw/who.gho.mdg-0000000007/2026/09/20260907T161053Z-9a5808e2a757.json.gz,2
who.gho.mdg-0000000007,MDG_0000000007:QAT:SEX_FMLE:AGEGROUP_YEARSUNDER5:WEALTHQUINTILE_TOTL,1970-01-01,2026-09-07T16:10:41Z,high,78.997689649,,who.gho.mdg-0000000007,raw/who.gho.mdg-0000000007/2026/09/20260907T161041Z-4752b74784e1.json.gz,2
who.gho.mdg-0000000007,MDG_0000000007:QAT:SEX_FMLE:AGEGROUP_YEARSUNDER5:WEALTHQUINTILE_TOTL,1970-01-01,2026-09-07T16:10:41Z,low,47.016351411,,who.gho.mdg-0000000007,raw/who.gho.mdg-0000000007/2026/09/20260907T161041Z-4752b74784e1.json.gz,2
who.gho.mdg-0000000007,MDG_0000000007:QAT:SEX_FMLE:AGEGROUP_YEARSUNDER5:WEALTHQUINTILE_TOTL,1970-01-01,2026-09-07T16:10:41Z,restated_at,2026-08-05,,who.gho.mdg-0000000007,raw/who.gho.mdg-0000000007/2026/09/20260907T161041Z-4752b74784e1.json.gz,2
who.gho.mdg-0000000007,MDG_0000000007:QAT:SEX_FMLE:AGEGROUP_YEARSUNDER5:WEALTHQUINTILE_TOTL,1970-01-01,2026-09-07T16:10:41Z,value,61.162009773,,who.gho.mdg-0000000007,raw/who.gho.mdg-0000000007/2026/09/20260907T161041Z-4752b74784e1.json.gz,2
who.gho.mdg-0000000007,MDG_0000000007:QAT:SEX_MLE:AGEGROUP_YEARSUNDER5:WEALTHQUINTILE_TOTL,1970-01-01,2026-09-07T16:11:14Z,high,90.078050372,,who.gho.mdg-0000000007,raw/who.gho.mdg-0000000007/2026/09/20260907T161114Z-c1ae2408f442.json.gz,2
who.gho.mdg-0000000007,MDG_0000000007:QAT:SEX_MLE:AGEGROUP_YEARSUNDER5:WEALTHQUINTILE_TOTL,1970-01-01,2026-09-07T16:11:14Z,low,53.764019994,,who.gho.mdg-0000000007,raw/who.gho.mdg-0000000007/2026/09/20260907T161114Z-c1ae2408f442.json.gz,2
who.gho.mdg-0000000007,MDG_0000000007:QAT:SEX_MLE:AGEGROUP_YEARSUNDER5:WEALTHQUINTILE_TOTL,1970-01-01,2026-09-07T16:11:14Z,restated_at,2026-08-05,,who.gho.mdg-0000000007,raw/who.gho.mdg-0000000007/2026/09/20260907T161114Z-c1ae2408f442.json.gz,2
who.gho.mdg-0000000007,MDG_0000000007:QAT:SEX_MLE:AGEGROUP_YEARSUNDER5:WEALTHQUINTILE_TOTL,1970-01-01,2026-09-07T16:11:14Z,value,69.944157438,,who.gho.mdg-0000000007,raw/who.gho.mdg-0000000007/2026/09/20260907T161114Z-c1ae2408f442.json.gz,2
who.gho.mdg-0000000007,MDG_0000000007:ROU:SEX_BTSX:AGEGROUP_YEARSUNDER5:WEALTHQUINTILE_TOTL,1970-01-01,2026-09-07T16:05:22Z,high,56.755269913,,who.gho.mdg-0000000007,raw/who.gho.mdg-0000000007/2026/09/20260907T160522Z-2bd49e664eea.json.gz,2
who.gho.mdg-0000000007,MDG_0000000007:ROU:SEX_BTSX:AGEGROUP_YEARSUNDER5:WEALTHQUINTILE_TOTL,1970-01-01,2026-09-07T16:05:22Z,low,53.827661052,,who.gho.mdg-0000000007,raw/who.gho.mdg-0000000007/2026/09/20260907T160522Z-2bd49e664eea.json.gz,2
who.gho.mdg-0000000007,MDG_0000000007:ROU:SEX_BTSX:AGEGROUP_YEARSUNDER5:WEALTHQUINTILE_TOTL,1970-01-01,2026-09-07T16:05:22Z,restated_at,2026-08-05,,who.gho.mdg-0000000007,raw/who.gho.mdg-0000000007/2026/09/20260907T160522Z-2bd49e664eea.json.gz,2
who.gho.mdg-0000000007,MDG_0000000007:ROU:SEX_BTSX:AGEGROUP_YEARSUNDER5:WEALTHQUINTILE_TOTL,1970-01-01,2026-09-07T16:05:22Z,value,55.310174769,,who.gho.mdg-0000000007,raw/who.gho.mdg-0000000007/2026/09/20260907T160522Z-2bd49e664eea.json.gz,2
who.gho.mdg-0000000007,MDG_0000000007:ROU:SEX_FMLE:AGEGROUP_YEARSUNDER5:WEALTHQUINTILE_TOTL,1970-01-01,2026-09-07T16:08:45Z,high,51.786901922,,who.gho.mdg-0000000007,raw/who.gho.mdg-0000000007/2026/09/20260907T160845Z-9b23f1f1b45b.json.gz,2
who.gho.mdg-0000000007,MDG_0000000007:ROU:SEX_FMLE:AGEGROUP_YEARSUNDER5:WEALTHQUINTILE_TOTL,1970-01-01,2026-09-07T16:08:45Z,low,48.984731791,,who.gho.mdg-0000000007,raw/who.gho.mdg-0000000007/2026/09/20260907T160845Z-9b23f1f1b45b.json.gz,2
who.gho.mdg-0000000007,MDG_0000000007:ROU:SEX_FMLE:AGEGROUP_YEARSUNDER5:WEALTHQUINTILE_TOTL,1970-01-01,2026-09-07T16:08:45Z,restated_at,2026-08-05,,who.gho.mdg-0000000007,raw/who.gho.mdg-0000000007/2026/09/20260907T160845Z-9b23f1f1b45b.json.gz,2
who.gho.mdg-0000000007,MDG_0000000007:ROU:SEX_FMLE:AGEGROUP_YEARSUNDER5:WEALTHQUINTILE_TOTL,1970-01-01,2026-09-07T16:08:45Z,value,50.395880875,,who.gho.mdg-0000000007,raw/who.gho.mdg-0000000007/2026/09/20260907T160845Z-9b23f1f1b45b.json.gz,2
who.gho.mdg-0000000007,MDG_0000000007:ROU:SEX_MLE:AGEGROUP_YEARSUNDER5:WEALTHQUINTILE_TOTL,1970-01-01,2026-09-07T16:11:10Z,high,61.590649783,,who.gho.mdg-0000000007,raw/who.gho.mdg-0000000007/2026/09/20260907T161110Z-9f3e1e4fe296.json.gz,2
who.gho.mdg-0000000007,MDG_0000000007:ROU:SEX_MLE:AGEGROUP_YEARSUNDER5:WEALTHQUINTILE_TOTL,1970-01-01,2026-09-07T16:11:10Z,low,58.347444282,,who.gho.mdg-0000000007,raw/who.gho.mdg-0000000007/2026/09/20260907T161110Z-9f3e1e4fe296.json.gz,2
who.gho.mdg-0000000007,MDG_0000000007:ROU:SEX_MLE:AGEGROUP_YEARSUNDER5:WEALTHQUINTILE_TOTL,1970-01-01,2026-09-07T16:11:10Z,restated_at,2026-08-05,,who.gho.mdg-0000000007,raw/who.gho.mdg-0000000007/2026/09/20260907T161110Z-9f3e1e4fe296.json.gz,2
who.gho.mdg-0000000007,MDG_0000000007:ROU:SEX_MLE:AGEGROUP_YEARSUNDER5:WEALTHQUINTILE_TOTL,1970-01-01,2026-09-07T16:11:10Z,value,59.985936719,,who.gho.mdg-0000000007,raw/who.gho.mdg-0000000007/2026/09/20260907T161110Z-9f3e1e4fe296.json.gz,2
who.gho.mdg-0000000007,MDG_0000000007:RUS:SEX_BTSX:AGEGROUP_YEARSUNDER5:WEALTHQUINTILE_TOTL,1970-01-01,2026-09-07T16:10:30Z,high,30.478727008,,who.gho.mdg-0000000007,raw/who.gho.mdg-0000000007/2026/09/20260907T161030Z-d2101d8df79b.json.gz,2
who.gho.mdg-0000000007,MDG_0000000007:RUS:SEX_BTSX:AGEGROUP_YEARSUNDER5:WEALTHQUINTILE_TOTL,1970-01-01,2026-09-07T16:10:30Z,low,27.171643539,,who.gho.mdg-0000000007,raw/who.gho.mdg-0000000007/2026/09/20260907T161030Z-d2101d8df79b.json.gz,2
who.gho.mdg-0000000007,MDG_0000000007:RUS:SEX_BTSX:AGEGROUP_YEARSUNDER5:WEALTHQUINTILE_TOTL,1970-01-01,2026-09-07T16:10:30Z,restated_at,2026-08-05,,who.gho.mdg-0000000007,raw/who.gho.mdg-0000000007/2026/09/20260907T161030Z-d2101d8df79b.json.gz,2
who.gho.mdg-0000000007,MDG_0000000007:RUS:SEX_BTSX:AGEGROUP_YEARSUNDER5:WEALTHQUINTILE_TOTL,1970-01-01,2026-09-07T16:10:30Z,value,28.860758266,,who.gho.mdg-0000000007,raw/who.gho.mdg-0000000007/2026/09/20260907T161030Z-d2101d8df79b.json.gz,2
who.gho.mdg-0000000007,MDG_0000000007:RUS:SEX_FMLE:AGEGROUP_YEARSUNDER5:WEALTHQUINTILE_TOTL,1970-01-01,2026-09-07T16:06:07Z,high,26.671249685,,who.gho.mdg-0000000007,raw/who.gho.mdg-0000000007/2026/09/20260907T160607Z-9445f1b065fa.json.gz,2
who.gho.mdg-0000000007,MDG_0000000007:RUS:SEX_FMLE:AGEGROUP_YEARSUNDER5:WEALTHQUINTILE_TOTL,1970-01-01,2026-09-07T16:06:07Z,low,23.345695055,,who.gho.mdg-0000000007,raw/who.gho.mdg-0000000007/2026/09/20260907T160607Z-9445f1b065fa.json.gz,2
who.gho.mdg-0000000007,MDG_0000000007:RUS:SEX_FMLE:AGEGROUP_YEARSUNDER5:WEALTHQUINTILE_TOTL,1970-01-01,2026-09-07T16:06:07Z,restated_at,2026-08-05,,who.gho.mdg-0000000007,raw/who.gho.mdg-0000000007/2026/09/20260907T160607Z-9445f1b065fa.json.gz,2
who.gho.mdg-0000000007,MDG_0000000007:RUS:SEX_FMLE:AGEGROUP_YEARSUNDER5:WEALTHQUINTILE_TOTL,1970-01-01,2026-09-07T16:06:07Z,value,24.993110594,,who.gho.mdg-0000000007,raw/who.gho.mdg-0000000007/2026/09/20260907T160607Z-9445f1b065fa.json.gz,2
who.gho.mdg-0000000007,MDG_0000000007:RUS:SEX_MLE:AGEGROUP_YEARSUNDER5:WEALTHQUINTILE_TOTL,1970-01-01,2026-09-07T16:10:45Z,high,34.521500444,,who.gho.mdg-0000000007,raw/who.gho.mdg-0000000007/2026/09/20260907T161045Z-53a7d24c459b.json.gz,2
who.gho.mdg-0000000007,MDG_0000000007:RUS:SEX_MLE:AGEGROUP_YEARSUNDER5:WEALTHQUINTILE_TOTL,1970-01-01,2026-09-07T16:10:45Z,low,30.532518312,,who.gho.mdg-0000000007,raw/who.gho.mdg-0000000007/2026/09/20260907T161045Z-53a7d24c459b.json.gz,2
who.gho.mdg-0000000007,MDG_0000000007:RUS:SEX_MLE:AGEGROUP_YEARSUNDER5:WEALTHQUINTILE_TOTL,1970-01-01,2026-09-07T16:10:45Z,restated_at,2026-08-05,,who.gho.mdg-0000000007,raw/who.gho.mdg-0000000007/2026/09/20260907T161045Z-53a7d24c459b.json.gz,2
who.gho.mdg-0000000007,MDG_0000000007:RUS:SEX_MLE:AGEGROUP_YEARSUNDER5:WEALTHQUINTILE_TOTL,1970-01-01,2026-09-07T16:10:45Z,value,32.516406879,,who.gho.mdg-0000000007,raw/who.gho.mdg-0000000007/2026/09/20260907T161045Z-53a7d24c459b.json.gz,2
who.gho.mdg-0000000007,MDG_0000000007:RWA:SEX_BTSX:AGEGROUP_YEARSUNDER5:WEALTHQUINTILE_TOTL,1970-01-01,2026-09-07T16:05:57Z,high,240.631744954,,who.gho.mdg-0000000007,raw/who.gho.mdg-0000000007/2026/09/20260907T160557Z-c8e786907d46.json.gz,2
who.gho.mdg-0000000007,MDG_0000000007:RWA:SEX_BTSX:AGEGROUP_YEARSUNDER5:WEALTHQUINTILE_TOTL,1970-01-01,2026-09-07T16:05:57Z,low,202.670345879,,who.gho.mdg-0000000007,raw/who.gho.mdg-0000000007/2026/09/20260907T160557Z-c8e786907d46.json.gz,2
who.gho.mdg-0000000007,MDG_0000000007:RWA:SEX_BTSX:AGEGROUP_YEARSUNDER5:WEALTHQUINTILE_TOTL,1970-01-01,2026-09-07T16:05:57Z,restated_at,2026-08-05,,who.gho.mdg-0000000007,raw/who.gho.mdg-0000000007/2026/09/20260907T160557Z-c8e786907d46.json.gz,2
who.gho.mdg-0000000007,MDG_0000000007:RWA:SEX_BTSX:AGEGROUP_YEARSUNDER5:WEALTHQUINTILE_TOTL,1970-01-01,2026-09-07T16:05:57Z,value,220.282145224,,who.gho.mdg-0000000007,raw/who.gho.mdg-0000000007/2026/09/20260907T160557Z-c8e786907d46.json.gz,2
who.gho.mdg-0000000007,MDG_0000000007:RWA:SEX_FMLE:AGEGROUP_YEARSUNDER5:WEALTHQUINTILE_TOTL,1970-01-01,2026-09-07T16:06:29Z,high,230.813494387,,who.gho.mdg-0000000007,raw/who.gho.mdg-0000000007/2026/09/20260907T160629Z-f6ed87825938.json.gz,2
who.gho.mdg-0000000007,MDG_0000000007:RWA:SEX_FMLE:AGEGROUP_YEARSUNDER5:WEALTHQUINTILE_TOTL,1970-01-01,2026-09-07T16:06:29Z,low,192.844434647,,who.gho.mdg-0000000007,raw/who.gho.mdg-0000000007/2026/09/20260907T160629Z-f6ed87825938.json.gz,2
who.gho.mdg-0000000007,MDG_0000000007:RWA:SEX_FMLE:AGEGROUP_YEARSUNDER5:WEALTHQUINTILE_TOTL,1970-01-01,2026-09-07T16:06:29Z,restated_at,2026-08-05,,who.gho.mdg-0000000007,raw/who.gho.mdg-0000000007/2026/09/20260907T160629Z-f6ed87825938.json.gz,2
who.gho.mdg-0000000007,MDG_0000000007:RWA:SEX_FMLE:AGEGROUP_YEARSUNDER5:WEALTHQUINTILE_TOTL,1970-01-01,2026-09-07T16:06:29Z,value,210.514781759,,who.gho.mdg-0000000007,raw/who.gho.mdg-0000000007/2026/09/20260907T160629Z-f6ed87825938.json.gz,2
who.gho.mdg-0000000007,MDG_0000000007:RWA:SEX_MLE:AGEGROUP_YEARSUNDER5:WEALTHQUINTILE_TOTL,1970-01-01,2026-09-07T16:08:41Z,high,251.217372361,,who.gho.mdg-0000000007,raw/who.gho.mdg-0000000007/2026/09/20260907T160841Z-d67f78e4b8d9.json.gz,2
who.gho.mdg-0000000007,MDG_0000000007:RWA:SEX_MLE:AGEGROUP_YEARSUNDER5:WEALTHQUINTILE_TOTL,1970-01-01,2026-09-07T16:08:41Z,low,210.533280651,,who.gho.mdg-0000000007,raw/who.gho.mdg-0000000007/2026/09/20260907T160841Z-d67f78e4b8d9.json.gz,2
who.gho.mdg-0000000007,MDG_0000000007:RWA:SEX_MLE:AGEGROUP_YEARSUNDER5:WEALTHQUINTILE_TOTL,1970-01-01,2026-09-07T16:08:41Z,restated_at,2026-08-05,,who.gho.mdg-0000000007,raw/who.gho.mdg-0000000007/2026/09/20260907T160841Z-d67f78e4b8d9.json.gz,2
who.gho.mdg-0000000007,MDG_0000000007:RWA:SEX_MLE:AGEGROUP_YEARSUNDER5:WEALTHQUINTILE_TOTL,1970-01-01,2026-09-07T16:08:41Z,value,229.677143006,,who.gho.mdg-0000000007,raw/who.gho.mdg-0000000007/2026/09/20260907T160841Z-d67f78e4b8d9.json.gz,2
who.gho.mdg-0000000007,MDG_0000000007:SDN:SEX_BTSX:AGEGROUP_YEARSUNDER5:WEALTHQUINTILE_TOTL,1970-01-01,2026-09-07T16:05:57Z,high,171.744486189,,who.gho.mdg-0000000007,raw/who.gho.mdg-0000000007/2026/09/20260907T160557Z-c8e786907d46.json.gz,2
who.gho.mdg-0000000007,MDG_0000000007:SDN:SEX_BTSX:AGEGROUP_YEARSUNDER5:WEALTHQUINTILE_TOTL,1970-01-01,2026-09-07T16:05:57Z,low,146.977140754,,who.gho.mdg-0000000007,raw/who.gho.mdg-0000000007/2026/09/20260907T160557Z-c8e786907d46.json.gz,2
who.gho.mdg-0000000007,MDG_0000000007:SDN:SEX_BTSX:AGEGROUP_YEARSUNDER5:WEALTHQUINTILE_TOTL,1970-01-01,2026-09-07T16:05:57Z,restated_at,2026-08-05,,who.gho.mdg-0000000007,raw/who.gho.mdg-0000000007/2026/09/20260907T160557Z-c8e786907d46.json.gz,2
who.gho.mdg-0000000007,MDG_0000000007:SDN:SEX_BTSX:AGEGROUP_YEARSUNDER5:WEALTHQUINTILE_TOTL,1970-01-01,2026-09-07T16:05:57Z,value,159.018483037,,who.gho.mdg-0000000007,raw/who.gho.mdg-0000000007/2026/09/20260907T160557Z-c8e786907d46.json.gz,2
who.gho.mdg-0000000007,MDG_0000000007:SDN:SEX_FMLE:AGEGROUP_YEARSUNDER5:WEALTHQUINTILE_TOTL,1970-01-01,2026-09-07T16:05:57Z,high,164.204918767,,who.gho.mdg-0000000007,raw/who.gho.mdg-0000000007/2026/09/20260907T160557Z-c8e786907d46.json.gz,2
who.gho.mdg-0000000007,MDG_0000000007:SDN:SEX_FMLE:AGEGROUP_YEARSUNDER5:WEALTHQUINTILE_TOTL,1970-01-01,2026-09-07T16:05:57Z,low,139.397268196,,who.gho.mdg-0000000007,raw/who.gho.mdg-0000000007/2026/09/20260907T160557Z-c8e786907d46.json.gz,2
who.gho.mdg-0000000007,MDG_0000000007:SDN:SEX_FMLE:AGEGROUP_YEARSUNDER5:WEALTHQUINTILE_TOTL,1970-01-01,2026-09-07T16:05:57Z,restated_at,2026-08-05,,who.gho.mdg-0000000007,raw/who.gho.mdg-0000000007/2026/09/20260907T160557Z-c8e786907d46.json.gz,2
who.gho.mdg-0000000007,MDG_0000000007:SDN:SEX_FMLE:AGEGROUP_YEARSUNDER5:WEALTHQUINTILE_TOTL,1970-01-01,2026-09-07T16:05:57Z,value,151.442544265,,who.gho.mdg-0000000007,raw/who.gho.mdg-0000000007/2026/09/20260907T160557Z-c8e786907d46.json.gz,2
who.gho.mdg-0000000007,MDG_0000000007:SDN:SEX_MLE:AGEGROUP_YEARSUNDER5:WEALTHQUINTILE_TOTL,1970-01-01,2026-09-07T16:09:18Z,high,179.826427272,,who.gho.mdg-0000000007,raw/who.gho.mdg-0000000007/2026/09/20260907T160918Z-1f3ac080847d.json.gz,2
who.gho.mdg-0000000007,MDG_0000000007:SDN:SEX_MLE:AGEGROUP_YEARSUNDER5:WEALTHQUINTILE_TOTL,1970-01-01,2026-09-07T16:09:18Z,low,152.961213034,,who.gho.mdg-0000000007,raw/who.gho.mdg-0000000007/2026/09/20260907T160918Z-1f3ac080847d.json.gz,2
who.gho.mdg-0000000007,MDG_0000000007:SDN:SEX_MLE:AGEGROUP_YEARSUNDER5:WEALTHQUINTILE_TOTL,1970-01-01,2026-09-07T16:09:18Z,restated_at,2026-08-05,,who.gho.mdg-0000000007,raw/who.gho.mdg-0000000007/2026/09/20260907T160918Z-1f3ac080847d.json.gz,2
who.gho.mdg-0000000007,MDG_0000000007:SDN:SEX_MLE:AGEGROUP_YEARSUNDER5:WEALTHQUINTILE_TOTL,1970-01-01,2026-09-07T16:09:18Z,value,165.985180701,,who.gho.mdg-0000000007,raw/who.gho.mdg-0000000007/2026/09/20260907T160918Z-1f3ac080847d.json.gz,2
who.gho.mdg-0000000007,MDG_0000000007:SEN:SEX_BTSX:AGEGROUP_YEARSUNDER5:WEALTHQUINTILE_TOTL,1970-01-01,2026-09-07T16:10:21Z,high,307.305514525,,who.gho.mdg-0000000007,raw/who.gho.mdg-0000000007/2026/09/20260907T161021Z-3e9ba1677574.json.gz,2
who.gho.mdg-0000000007,MDG_0000000007:SEN:SEX_BTSX:AGEGROUP_YEARSUNDER5:WEALTHQUINTILE_TOTL,1970-01-01,2026-09-07T16:10:21Z,low,270.244218057,,who.gho.mdg-0000000007,raw/who.gho.mdg-0000000007/2026/09/20260907T161021Z-3e9ba1677574.json.gz,2
who.gho.mdg-0000000007,MDG_0000000007:SEN:SEX_BTSX:AGEGROUP_YEARSUNDER5:WEALTHQUINTILE_TOTL,1970-01-01,2026-09-07T16:10:21Z,restated_at,2026-08-05,,who.gho.mdg-0000000007,raw/who.gho.mdg-0000000007/2026/09/20260907T161021Z-3e9ba1677574.json.gz,2
who.gho.mdg-0000000007,MDG_0000000007:SEN:SEX_BTSX:AGEGROUP_YEARSUNDER5:WEALTHQUINTILE_TOTL,1970-01-01,2026-09-07T16:10:21Z,value,288.316293561,,who.gho.mdg-0000000007,raw/who.gho.mdg-0000000007/2026/09/20260907T161021Z-3e9ba1677574.json.gz,2
who.gho.mdg-0000000007,MDG_0000000007:SEN:SEX_FMLE:AGEGROUP_YEARSUNDER5:WEALTHQUINTILE_TOTL,1970-01-01,2026-09-07T16:10:33Z,high,304.003772769,,who.gho.mdg-0000000007,raw/who.gho.mdg-0000000007/2026/09/20260907T161033Z-0396663e197a.json.gz,2
who.gho.mdg-0000000007,MDG_0000000007:SEN:SEX_FMLE:AGEGROUP_YEARSUNDER5:WEALTHQUINTILE_TOTL,1970-01-01,2026-09-07T16:10:33Z,low,265.477480519,,who.gho.mdg-0000000007,raw/who.gho.mdg-0000000007/2026/09/20260907T161033Z-0396663e197a.json.gz,2
who.gho.mdg-0000000007,MDG_0000000007:SEN:SEX_FMLE:AGEGROUP_YEARSUNDER5:WEALTHQUINTILE_TOTL,1970-01-01,2026-09-07T16:10:33Z,restated_at,2026-08-05,,who.gho.mdg-0000000007,raw/who.gho.mdg-0000000007/2026/09/20260907T161033Z-0396663e197a.json.gz,2
who.gho.mdg-0000000007,MDG_0000000007:SEN:SEX_FMLE:AGEGROUP_YEARSUNDER5:WEALTHQUINTILE_TOTL,1970-01-01,2026-09-07T16:10:33Z,value,284.333650232,,who.gho.mdg-0000000007,raw/who.gho.mdg-0000000007/2026/09/20260907T161033Z-0396663e197a.json.gz,2
who.gho.mdg-0000000007,MDG_0000000007:SEN:SEX_MLE:AGEGROUP_YEARSUNDER5:WEALTHQUINTILE_TOTL,1970-01-01,2026-09-07T16:11:26Z,high,312.183385193,,who.gho.mdg-0000000007,raw/who.gho.mdg-0000000007/2026/09/20260907T161126Z-f3f9061ab4f7.json.gz,2
who.gho.mdg-0000000007,MDG_0000000007:SEN:SEX_MLE:AGEGROUP_YEARSUNDER5:WEALTHQUINTILE_TOTL,1970-01-01,2026-09-07T16:11:26Z,low,273.195727183,,who.gho.mdg-0000000007,raw/who.gho.mdg-0000000007/2026/09/20260907T161126Z-f3f9061ab4f7.json.gz,2
who.gho.mdg-0000000007,MDG_0000000007:SEN:SEX_MLE:AGEGROUP_YEARSUNDER5:WEALTHQUINTILE_TOTL,1970-01-01,2026-09-07T16:11:26Z,restated_at,2026-08-05,,who.gho.mdg-0000000007,raw/who.gho.mdg-0000000007/2026/09/20260907T161126Z-f3f9061ab4f7.json.gz,2
who.gho.mdg-0000000007,MDG_0000000007:SEN:SEX_MLE:AGEGROUP_YEARSUNDER5:WEALTHQUINTILE_TOTL,1970-01-01,2026-09-07T16:11:26Z,value,292.189522596,,who.gho.mdg-0000000007,raw/who.gho.mdg-0000000007/2026/09/20260907T161126Z-f3f9061ab4f7.json.gz,2
who.gho.mdg-0000000007,MDG_0000000007:SGP:SEX_BTSX:AGEGROUP_YEARSUNDER5:WEALTHQUINTILE_TOTL,1970-01-01,2026-09-07T16:09:13Z,high,27.810058709,,who.gho.mdg-0000000007,raw/who.gho.mdg-0000000007/2026/09/20260907T160913Z-86e8fac132bd.json.gz,2
who.gho.mdg-0000000007,MDG_0000000007:SGP:SEX_BTSX:AGEGROUP_YEARSUNDER5:WEALTHQUINTILE_TOTL,1970-01-01,2026-09-07T16:09:13Z,low,26.432485492,,who.gho.mdg-0000000007,raw/who.gho.mdg-0000000007/2026/09/20260907T160913Z-86e8fac132bd.json.gz,2
who.gho.mdg-0000000007,MDG_0000000007:SGP:SEX_BTSX:AGEGROUP_YEARSUNDER5:WEALTHQUINTILE_TOTL,1970-01-01,2026-09-07T16:09:13Z,restated_at,2026-08-05,,who.gho.mdg-0000000007,raw/who.gho.mdg-0000000007/2026/09/20260907T160913Z-86e8fac132bd.json.gz,2
who.gho.mdg-0000000007,MDG_0000000007:SGP:SEX_BTSX:AGEGROUP_YEARSUNDER5:WEALTHQUINTILE_TOTL,1970-01-01,2026-09-07T16:09:13Z,value,27.115508996,,who.gho.mdg-0000000007,raw/who.gho.mdg-0000000007/2026/09/20260907T160913Z-86e8fac132bd.json.gz,2
who.gho.mdg-0000000007,MDG_0000000007:SGP:SEX_FMLE:AGEGROUP_YEARSUNDER5:WEALTHQUINTILE_TOTL,1970-01-01,2026-09-07T16:05:14Z,high,24.785755165,,who.gho.mdg-0000000007,raw/who.gho.mdg-0000000007/2026/09/20260907T160514Z-6205b585146a.json.gz,2
who.gho.mdg-0000000007,MDG_0000000007:SGP:SEX_FMLE:AGEGROUP_YEARSUNDER5:WEALTHQUINTILE_TOTL,1970-01-01,2026-09-07T16:05:14Z,low,23.30877375,,who.gho.mdg-0000000007,raw/who.gho.mdg-0000000007/2026/09/20260907T160514Z-6205b585146a.json.gz,2
who.gho.mdg-0000000007,MDG_0000000007:SGP:SEX_FMLE:AGEGROUP_YEARSUNDER5:WEALTHQUINTILE_TOTL,1970-01-01,2026-09-07T16:05:14Z,restated_at,2026-08-05,,who.gho.mdg-0000000007,raw/who.gho.mdg-0000000007/2026/09/20260907T160514Z-6205b585146a.json.gz,2
who.gho.mdg-0000000007,MDG_0000000007:SGP:SEX_FMLE:AGEGROUP_YEARSUNDER5:WEALTHQUINTILE_TOTL,1970-01-01,2026-09-07T16:05:14Z,value,24.049965777,,who.gho.mdg-0000000007,raw/who.gho.mdg-0000000007/2026/09/20260907T160514Z-6205b585146a.json.gz,2
who.gho.mdg-0000000007,MDG_0000000007:SGP:SEX_MLE:AGEGROUP_YEARSUNDER5:WEALTHQUINTILE_TOTL,1970-01-01,2026-09-07T16:10:37Z,high,30.918597565,,who.gho.mdg-0000000007,raw/who.gho.mdg-0000000007/2026/09/20260907T161037Z-dfd3d6a5a745.json.gz,2
who.gho.mdg-0000000007,MDG_0000000007:SGP:SEX_MLE:AGEGROUP_YEARSUNDER5:WEALTHQUINTILE_TOTL,1970-01-01,2026-09-07T16:10:37Z,low,29.185059629,,who.gho.mdg-0000000007,raw/who.gho.mdg-0000000007/2026/09/20260907T161037Z-dfd3d6a5a745.json.gz,2
who.gho.mdg-0000000007,MDG_0000000007:SGP:SEX_MLE:AGEGROUP_YEARSUNDER5:WEALTHQUINTILE_TOTL,1970-01-01,2026-09-07T16:10:37Z,restated_at,2026-08-05,,who.gho.mdg-0000000007,raw/who.gho.mdg-0000000007/2026/09/20260907T161037Z-dfd3d6a5a745.json.gz,2
who.gho.mdg-0000000007,MDG_0000000007:SGP:SEX_MLE:AGEGROUP_YEARSUNDER5:WEALTHQUINTILE_TOTL,1970-01-01,2026-09-07T16:10:37Z,value,30.045894584,,who.gho.mdg-0000000007,raw/who.gho.mdg-0000000007/2026/09/20260907T161037Z-dfd3d6a5a745.json.gz,2
who.gho.mdg-0000000007,MDG_0000000007:SLB:SEX_BTSX:AGEGROUP_YEARSUNDER5:WEALTHQUINTILE_TOTL,1970-01-01,2026-09-07T16:06:11Z,high,115.431668775,,who.gho.mdg-0000000007,raw/who.gho.mdg-0000000007/2026/09/20260907T160611Z-e868f3030ca5.json.gz,2
who.gho.mdg-0000000007,MDG_0000000007:SLB:SEX_BTSX:AGEGROUP_YEARSUNDER5:WEALTHQUINTILE_TOTL,1970-01-01,2026-09-07T16:06:11Z,low,86.110958613,,who.gho.mdg-0000000007,raw/who.gho.mdg-0000000007/2026/09/20260907T160611Z-e868f3030ca5.json.gz,2
who.gho.mdg-0000000007,MDG_0000000007:SLB:SEX_BTSX:AGEGROUP_YEARSUNDER5:WEALTHQUINTILE_TOTL,1970-01-01,2026-09-07T16:06:11Z,restated_at,2026-08-05,,who.gho.mdg-0000000007,raw/who.gho.mdg-0000000007/2026/09/20260907T160611Z-e868f3030ca5.json.gz,2
who.gho.mdg-0000000007,MDG_0000000007:SLB:SEX_BTSX:AGEGROUP_YEARSUNDER5:WEALTHQUINTILE_TOTL,1970-01-01,2026-09-07T16:06:11Z,value,99.62517325,,who.gho.mdg-0000000007,raw/who.gho.mdg-0000000007/2026/09/20260907T160611Z-e868f3030ca5.json.gz,2
who.gho.mdg-0000000007,MDG_0000000007:SLB:SEX_FMLE:AGEGROUP_YEARSUNDER5:WEALTHQUINTILE_TOTL,1970-01-01,2026-09-07T16:08:50Z,high,109.932936916,,who.gho.mdg-0000000007,raw/who.gho.mdg-0000000007/2026/09/20260907T160850Z-957169f3a50e.json.gz,2
who.gho.mdg-0000000007,MDG_0000000007:SLB:SEX_FMLE:AGEGROUP_YEARSUNDER5:WEALTHQUINTILE_TOTL,1970-01-01,2026-09-07T16:08:50Z,low,80.797112291,,who.gho.mdg-0000000007,raw/who.gho.mdg-0000000007/2026/09/20260907T160850Z-957169f3a50e.json.gz,2
who.gho.mdg-0000000007,MDG_0000000007:SLB:SEX_FMLE:AGEGROUP_YEARSUNDER5:WEALTHQUINTILE_TOTL,1970-01-01,2026-09-07T16:08:50Z,restated_at,2026-08-05,,who.gho.mdg-0000000007,raw/who.gho.mdg-0000000007/2026/09/20260907T160850Z-957169f3a50e.json.gz,2
who.gho.mdg-0000000007,MDG_0000000007:SLB:SEX_FMLE:AGEGROUP_YEARSUNDER5:WEALTHQUINTILE_TOTL,1970-01-01,2026-09-07T16:08:50Z,value,94.209366073,,who.gho.mdg-0000000007,raw/who.gho.mdg-0000000007/2026/09/20260907T160850Z-957169f3a50e.json.gz,2
who.gho.mdg-0000000007,MDG_0000000007:SLB:SEX_MLE:AGEGROUP_YEARSUNDER5:WEALTHQUINTILE_TOTL,1970-01-01,2026-09-07T16:05:52Z,high,121.605198067,,who.gho.mdg-0000000007,raw/who.gho.mdg-0000000007/2026/09/20260907T160552Z-f44dce2e8a23.json.gz,2
who.gho.mdg-0000000007,MDG_0000000007:SLB:SEX_MLE:AGEGROUP_YEARSUNDER5:WEALTHQUINTILE_TOTL,1970-01-01,2026-09-07T16:05:52Z,low,89.944802934,,who.gho.mdg-0000000007,raw/who.gho.mdg-0000000007/2026/09/20260907T160552Z-f44dce2e8a23.json.gz,2
who.gho.mdg-0000000007,MDG_0000000007:SLB:SEX_MLE:AGEGROUP_YEARSUNDER5:WEALTHQUINTILE_TOTL,1970-01-01,2026-09-07T16:05:52Z,restated_at,2026-08-05,,who.gho.mdg-0000000007,raw/who.gho.mdg-0000000007/2026/09/20260907T160552Z-f44dce2e8a23.json.gz,2
who.gho.mdg-0000000007,MDG_0000000007:SLB:SEX_MLE:AGEGROUP_YEARSUNDER5:WEALTHQUINTILE_TOTL,1970-01-01,2026-09-07T16:05:52Z,value,104.693511529,,who.gho.mdg-0000000007,raw/who.gho.mdg-0000000007/2026/09/20260907T160552Z-f44dce2e8a23.json.gz,2
who.gho.mdg-0000000007,MDG_0000000007:SLE:SEX_BTSX:AGEGROUP_YEARSUNDER5:WEALTHQUINTILE_TOTL,1970-01-01,2026-09-07T16:09:26Z,high,365.536468058,,who.gho.mdg-0000000007,raw/who.gho.mdg-0000000007/2026/09/20260907T160926Z-3ee37906b339.json.gz,2
who.gho.mdg-0000000007,MDG_0000000007:SLE:SEX_BTSX:AGEGROUP_YEARSUNDER5:WEALTHQUINTILE_TOTL,1970-01-01,2026-09-07T16:09:26Z,low,301.147139428,,who.gho.mdg-0000000007,raw/who.gho.mdg-0000000007/2026/09/20260907T160926Z-3ee37906b339.json.gz,2
who.gho.mdg-0000000007,MDG_0000000007:SLE:SEX_BTSX:AGEGROUP_YEARSUNDER5:WEALTHQUINTILE_TOTL,1970-01-01,2026-09-07T16:09:26Z,restated_at,2026-08-05,,who.gho.mdg-0000000007,raw/who.gho.mdg-0000000007/2026/09/20260907T160926Z-3ee37906b339.json.gz,2
who.gho.mdg-0000000007,MDG_0000000007:SLE:SEX_BTSX:AGEGROUP_YEARSUNDER5:WEALTHQUINTILE_TOTL,1970-01-01,2026-09-07T16:09:26Z,value,332.072667726,,who.gho.mdg-0000000007,raw/who.gho.mdg-0000000007/2026/09/20260907T160926Z-3ee37906b339.json.gz,2
who.gho.mdg-0000000007,MDG_0000000007:SLE:SEX_FMLE:AGEGROUP_YEARSUNDER5:WEALTHQUINTILE_TOTL,1970-01-01,2026-09-07T16:10:21Z,high,353.645369533,,who.gho.mdg-0000000007,raw/who.gho.mdg-0000000007/2026/09/20260907T161021Z-3e9ba1677574.json.gz,2
who.gho.mdg-0000000007,MDG_0000000007:SLE:SEX_FMLE:AGEGROUP_YEARSUNDER5:WEALTHQUINTILE_TOTL,1970-01-01,2026-09-07T16:10:21Z,low,288.027900677,,who.gho.mdg-0000000007,raw/who.gho.mdg-0000000007/2026/09/20260907T161021Z-3e9ba1677574.json.gz,2
who.gho.mdg-0000000007,MDG_0000000007:SLE:SEX_FMLE:AGEGROUP_YEARSUNDER5:WEALTHQUINTILE_TOTL,1970-01-01,2026-09-07T16:10:21Z,restated_at,2026-08-05,,who.gho.mdg-0000000007,raw/who.gho.mdg-0000000007/2026/09/20260907T161021Z-3e9ba1677574.json.gz,2
who.gho.mdg-0000000007,MDG_0000000007:SLE:SEX_FMLE:AGEGROUP_YEARSUNDER5:WEALTHQUINTILE_TOTL,1970-01-01,2026-09-07T16:10:21Z,value,319.341891158,,who.gho.mdg-0000000007,raw/who.gho.mdg-0000000007/2026/09/20260907T161021Z-3e9ba1677574.json.gz,2
who.gho.mdg-0000000007,MDG_0000000007:SLE:SEX_MLE:AGEGROUP_YEARSUNDER5:WEALTHQUINTILE_TOTL,1970-01-01,2026-09-07T16:05:06Z,high,380.321512001,,who.gho.mdg-0000000007,raw/who.gho.mdg-0000000007/2026/09/20260907T160506Z-a219a21e2a4a.json.gz,2
who.gho.mdg-0000000007,MDG_0000000007:SLE:SEX_MLE:AGEGROUP_YEARSUNDER5:WEALTHQUINTILE_TOTL,1970-01-01,2026-09-07T16:05:06Z,low,310.782225071,,who.gho.mdg-0000000007,raw/who.gho.mdg-0000000007/2026/09/20260907T160506Z-a219a21e2a4a.json.gz,2
who.gho.mdg-0000000007,MDG_0000000007:SLE:SEX_MLE:AGEGROUP_YEARSUNDER5:WEALTHQUINTILE_TOTL,1970-01-01,2026-09-07T16:05:06Z,restated_at,2026-08-05,,who.gho.mdg-0000000007,raw/who.gho.mdg-0000000007/2026/09/20260907T160506Z-a219a21e2a4a.json.gz,2
who.gho.mdg-0000000007,MDG_0000000007:SLE:SEX_MLE:AGEGROUP_YEARSUNDER5:WEALTHQUINTILE_TOTL,1970-01-01,2026-09-07T16:05:06Z,value,344.045950869,,who.gho.mdg-0000000007,raw/who.gho.mdg-0000000007/2026/09/20260907T160506Z-a219a21e2a4a.json.gz,2
who.gho.mdg-0000000007,MDG_0000000007:SLV:SEX_BTSX:AGEGROUP_YEARSUNDER5:WEALTHQUINTILE_TOTL,1970-01-01,2026-09-07T16:10:41Z,high,182.539264165,,who.gho.mdg-0000000007,raw/who.gho.mdg-0000000007/2026/09/20260907T161041Z-4752b74784e1.json.gz,2
who.gho.mdg-0000000007,MDG_0000000007:SLV:SEX_BTSX:AGEGROUP_YEARSUNDER5:WEALTHQUINTILE_TOTL,1970-01-01,2026-09-07T16:10:41Z,low,139.678611784,,who.gho.mdg-0000000007,raw/who.gho.mdg-0000000007/2026/09/20260907T161041Z-4752b74784e1.json.gz,2
who.gho.mdg-0000000007,MDG_0000000007:SLV:SEX_BTSX:AGEGROUP_YEARSUNDER5:WEALTHQUINTILE_TOTL,1970-01-01,2026-09-07T16:10:41Z,restated_at,2026-08-05,,who.gho.mdg-0000000007,raw/who.gho.mdg-0000000007/2026/09/20260907T161041Z-4752b74784e1.json.gz,2
who.gho.mdg-0000000007,MDG_0000000007:SLV:SEX_BTSX:AGEGROUP_YEARSUNDER5:WEALTHQUINTILE_TOTL,1970-01-01,2026-09-07T16:10:41Z,value,158.582584085,,who.gho.mdg-0000000007,raw/who.gho.mdg-0000000007/2026/09/20260907T161041Z-4752b74784e1.json.gz,2
who.gho.mdg-0000000007,MDG_0000000007:SLV:SEX_FMLE:AGEGROUP_YEARSUNDER5:WEALTHQUINTILE_TOTL,1970-01-01,2026-09-07T16:09:03Z,high,171.988033256,,who.gho.mdg-0000000007,raw/who.gho.mdg-0000000007/2026/09/20260907T160903Z-df09845b881e.json.gz,2
who.gho.mdg-0000000007,MDG_0000000007:SLV:SEX_FMLE:AGEGROUP_YEARSUNDER5:WEALTHQUINTILE_TOTL,1970-01-01,2026-09-07T16:09:03Z,low,130.13737887,,who.gho.mdg-0000000007,raw/who.gho.mdg-0000000007/2026/09/20260907T160903Z-df09845b881e.json.gz,2
who.gho.mdg-0000000007,MDG_0000000007:SLV:SEX_FMLE:AGEGROUP_YEARSUNDER5:WEALTHQUINTILE_TOTL,1970-01-01,2026-09-07T16:09:03Z,restated_at,2026-08-05,,who.gho.mdg-0000000007,raw/who.gho.mdg-0000000007/2026/09/20260907T160903Z-df09845b881e.json.gz,2
who.gho.mdg-0000000007,MDG_0000000007:SLV:SEX_FMLE:AGEGROUP_YEARSUNDER5:WEALTHQUINTILE_TOTL,1970-01-01,2026-09-07T16:09:03Z,value,148.935114191,,who.gho.mdg-0000000007,raw/who.gho.mdg-0000000007/2026/09/20260907T160903Z-df09845b881e.json.gz,2
who.gho.mdg-0000000007,MDG_0000000007:SLV:SEX_MLE:AGEGROUP_YEARSUNDER5:WEALTHQUINTILE_TOTL,1970-01-01,2026-09-07T16:09:13Z,high,193.756943699,,who.gho.mdg-0000000007,raw/who.gho.mdg-0000000007/2026/09/20260907T160913Z-86e8fac132bd.json.gz,2
who.gho.mdg-0000000007,MDG_0000000007:SLV:SEX_MLE:AGEGROUP_YEARSUNDER5:WEALTHQUINTILE_TOTL,1970-01-01,2026-09-07T16:09:13Z,low,147.219530058,,who.gho.mdg-0000000007,raw/who.gho.mdg-0000000007/2026/09/20260907T160913Z-86e8fac132bd.json.gz,2
who.gho.mdg-0000000007,MDG_0000000007:SLV:SEX_MLE:AGEGROUP_YEARSUNDER5:WEALTHQUINTILE_TOTL,1970-01-01,2026-09-07T16:09:13Z,restated_at,2026-08-05,,who.gho.mdg-0000000007,raw/who.gho.mdg-0000000007/2026/09/20260907T160913Z-86e8fac132bd.json.gz,2
who.gho.mdg-0000000007,MDG_0000000007:SLV:SEX_MLE:AGEGROUP_YEARSUNDER5:WEALTHQUINTILE_TOTL,1970-01-01,2026-09-07T16:09:13Z,value,167.945617945,,who.gho.mdg-0000000007,raw/who.gho.mdg-0000000007/2026/09/20260907T160913Z-86e8fac132bd.json.gz,2
who.gho.mdg-0000000007,MDG_0000000007:SSD:SEX_BTSX:AGEGROUP_YEARSUNDER5:WEALTHQUINTILE_TOTL,1970-01-01,2026-09-07T16:06:29Z,high,576.148319889,,who.gho.mdg-0000000007,raw/who.gho.mdg-0000000007/2026/09/20260907T160629Z-f6ed87825938.json.gz,2
who.gho.mdg-0000000007,MDG_0000000007:SSD:SEX_BTSX:AGEGROUP_YEARSUNDER5:WEALTHQUINTILE_TOTL,1970-01-01,2026-09-07T16:06:29Z,low,285.52185704,,who.gho.mdg-0000000007,raw/who.gho.mdg-0000000007/2026/09/20260907T160629Z-f6ed87825938.json.gz,2
who.gho.mdg-0000000007,MDG_0000000007:SSD:SEX_BTSX:AGEGROUP_YEARSUNDER5:WEALTHQUINTILE_TOTL,1970-01-01,2026-09-07T16:06:29Z,restated_at,2026-08-05,,who.gho.mdg-0000000007,raw/who.gho.mdg-0000000007/2026/09/20260907T160629Z-f6ed87825938.json.gz,2
who.gho.mdg-0000000007,MDG_0000000007:SSD:SEX_BTSX:AGEGROUP_YEARSUNDER5:WEALTHQUINTILE_TOTL,1970-01-01,2026-09-07T16:06:29Z,value,405.247915285,,who.gho.mdg-0000000007,raw/who.gho.mdg-0000000007/2026/09/20260907T160629Z-f6ed87825938.json.gz,2
who.gho.mdg-0000000007,MDG_0000000007:SSD:SEX_FMLE:AGEGROUP_YEARSUNDER5:WEALTHQUINTILE_TOTL,1970-01-01,2026-09-07T16:05:14Z,high,568.988709971,,who.gho.mdg-0000000007,raw/who.gho.mdg-0000000007/2026/09/20260907T160514Z-6205b585146a.json.gz,2
who.gho.mdg-0000000007,MDG_0000000007:SSD:SEX_FMLE:AGEGROUP_YEARSUNDER5:WEALTHQUINTILE_TOTL,1970-01-01,2026-09-07T16:05:14Z,low,280.264281471,,who.gho.mdg-0000000007,raw/who.gho.mdg-0000000007/2026/09/20260907T160514Z-6205b585146a.json.gz,2
who.gho.mdg-0000000007,MDG_0000000007:SSD:SEX_FMLE:AGEGROUP_YEARSUNDER5:WEALTHQUINTILE_TOTL,1970-01-01,2026-09-07T16:05:14Z,restated_at,2026-08-05,,who.gho.mdg-0000000007,raw/who.gho.mdg-0000000007/2026/09/20260907T160514Z-6205b585146a.json.gz,2
who.gho.mdg-0000000007,MDG_0000000007:SSD:SEX_FMLE:AGEGROUP_YEARSUNDER5:WEALTHQUINTILE_TOTL,1970-01-01,2026-09-07T16:05:14Z,value,398.097607775,,who.gho.mdg-0000000007,raw/who.gho.mdg-0000000007/2026/09/20260907T160514Z-6205b585146a.json.gz,2
who.gho.mdg-0000000007,MDG_0000000007:SSD:SEX_MLE:AGEGROUP_YEARSUNDER5:WEALTHQUINTILE_TOTL,1970-01-01,2026-09-07T16:09:08Z,high,587.966259066,,who.gho.mdg-0000000007,raw/who.gho.mdg-0000000007/2026/09/20260907T160908Z-96acbc2bc7cb.json.gz,2
who.gho.mdg-0000000007,MDG_0000000007:SSD:SEX_MLE:AGEGROUP_YEARSUNDER5:WEALTHQUINTILE_TOTL,1970-01-01,2026-09-07T16:09:08Z,low,290.854091213,,who.gho.mdg-0000000007,raw/who.gho.mdg-0000000007/2026/09/20260907T160908Z-96acbc2bc7cb.json.gz,2
who.gho.mdg-0000000007,MDG_0000000007:SSD:SEX_MLE:AGEGROUP_YEARSUNDER5:WEALTHQUINTILE_TOTL,1970-01-01,2026-09-07T16:09:08Z,restated_at,2026-08-05,,who.gho.mdg-0000000007,raw/who.gho.mdg-0000000007/2026/09/20260907T160908Z-96acbc2bc7cb.json.gz,2
who.gho.mdg-0000000007,MDG_0000000007:SSD:SEX_MLE:AGEGROUP_YEARSUNDER5:WEALTHQUINTILE_TOTL,1970-01-01,2026-09-07T16:09:08Z,value,412.160356424,,who.gho.mdg-0000000007,raw/who.gho.mdg-0000000007/2026/09/20260907T160908Z-96acbc2bc7cb.json.gz,2
who.gho.mdg-0000000007,MDG_0000000007:STP:SEX_BTSX:AGEGROUP_YEARSUNDER5:WEALTHQUINTILE_TOTL,1970-01-01,2026-09-07T16:06:07Z,high,109.117106814,,who.gho.mdg-0000000007,raw/who.gho.mdg-0000000007/2026/09/20260907T160607Z-9445f1b065fa.json.gz,2
who.gho.mdg-0000000007,MDG_0000000007:STP:SEX_BTSX:AGEGROUP_YEARSUNDER5:WEALTHQUINTILE_TOTL,1970-01-01,2026-09-07T16:06:07Z,low,68.601813992,,who.gho.mdg-0000000007,raw/who.gho.mdg-0000000007/2026/09/20260907T160607Z-9445f1b065fa.json.gz,2
who.gho.mdg-0000000007,MDG_0000000007:STP:SEX_BTSX:AGEGROUP_YEARSUNDER5:WEALTHQUINTILE_TOTL,1970-01-01,2026-09-07T16:06:07Z,restated_at,2026-08-05,,who.gho.mdg-0000000007,raw/who.gho.mdg-0000000007/2026/09/20260907T160607Z-9445f1b065fa.json.gz,2
who.gho.mdg-0000000007,MDG_0000000007:STP:SEX_BTSX:AGEGROUP_YEARSUNDER5:WEALTHQUINTILE_TOTL,1970-01-01,2026-09-07T16:06:07Z,value,86.143383129,,who.gho.mdg-0000000007,raw/who.gho.mdg-0000000007/2026/09/20260907T160607Z-9445f1b065fa.json.gz,2
who.gho.mdg-0000000007,MDG_0000000007:STP:SEX_FMLE:AGEGROUP_YEARSUNDER5:WEALTHQUINTILE_TOTL,1970-01-01,2026-09-07T16:06:11Z,high,103.27883566,,who.gho.mdg-0000000007,raw/who.gho.mdg-0000000007/2026/09/20260907T160611Z-e868f3030ca5.json.gz,2
who.gho.mdg-0000000007,MDG_0000000007:STP:SEX_FMLE:AGEGROUP_YEARSUNDER5:WEALTHQUINTILE_TOTL,1970-01-01,2026-09-07T16:06:11Z,low,64.478875114,,who.gho.mdg-0000000007,raw/who.gho.mdg-0000000007/2026/09/20260907T160611Z-e868f3030ca5.json.gz,2
who.gho.mdg-0000000007,MDG_0000000007:STP:SEX_FMLE:AGEGROUP_YEARSUNDER5:WEALTHQUINTILE_TOTL,1970-01-01,2026-09-07T16:06:11Z,restated_at,2026-08-05,,who.gho.mdg-0000000007,raw/who.gho.mdg-0000000007/2026/09/20260907T160611Z-e868f3030ca5.json.gz,2
who.gho.mdg-0000000007,MDG_0000000007:STP:SEX_FMLE:AGEGROUP_YEARSUNDER5:WEALTHQUINTILE_TOTL,1970-01-01,2026-09-07T16:06:11Z,value,81.009476511,,who.gho.mdg-0000000007,raw/who.gho.mdg-0000000007/2026/09/20260907T160611Z-e868f3030ca5.json.gz,2
who.gho.mdg-0000000007,MDG_0000000007:STP:SEX_MLE:AGEGROUP_YEARSUNDER5:WEALTHQUINTILE_TOTL,1970-01-01,2026-09-07T16:10:37Z,high,115.353170985,,who.gho.mdg-0000000007,raw/who.gho.mdg-0000000007/2026/09/20260907T161037Z-dfd3d6a5a745.json.gz,2
who.gho.mdg-0000000007,MDG_0000000007:STP:SEX_MLE:AGEGROUP_YEARSUNDER5:WEALTHQUINTILE_TOTL,1970-01-01,2026-09-07T16:10:37Z,low,72.25717646,,who.gho.mdg-0000000007,raw/who.gho.mdg-0000000007/2026/09/20260907T161037Z-dfd3d6a5a745.json.gz,2
who.gho.mdg-0000000007,MDG_0000000007:STP:SEX_MLE:AGEGROUP_YEARSUNDER5:WEALTHQUINTILE_TOTL,1970-01-01,2026-09-07T16:10:37Z,restated_at,2026-08-05,,who.gho.mdg-0000000007,raw/who.gho.mdg-0000000007/2026/09/20260907T161037Z-dfd3d6a5a745.json.gz,2
who.gho.mdg-0000000007,MDG_0000000007:STP:SEX_MLE:AGEGROUP_YEARSUNDER5:WEALTHQUINTILE_TOTL,1970-01-01,2026-09-07T16:10:37Z,value,91.070390522,,who.gho.mdg-0000000007,raw/who.gho.mdg-0000000007/2026/09/20260907T161037Z-dfd3d6a5a745.json.gz,2
who.gho.mdg-0000000007,MDG_0000000007:SVK:SEX_BTSX:AGEGROUP_YEARSUNDER5:WEALTHQUINTILE_TOTL,1970-01-01,2026-09-07T16:11:26Z,high,31.331185488,,who.gho.mdg-0000000007,raw/who.gho.mdg-0000000007/2026/09/20260907T161126Z-f3f9061ab4f7.json.gz,2
who.gho.mdg-0000000007,MDG_0000000007:SVK:SEX_BTSX:AGEGROUP_YEARSUNDER5:WEALTHQUINTILE_TOTL,1970-01-01,2026-09-07T16:11:26Z,low,27.824710524,,who.gho.mdg-0000000007,raw/who.gho.mdg-0000000007/2026/09/20260907T161126Z-f3f9061ab4f7.json.gz,2
who.gho.mdg-0000000007,MDG_0000000007:SVK:SEX_BTSX:AGEGROUP_YEARSUNDER5:WEALTHQUINTILE_TOTL,1970-01-01,2026-09-07T16:11:26Z,restated_at,2026-08-05,,who.gho.mdg-0000000007,raw/who.gho.mdg-0000000007/2026/09/20260907T161126Z-f3f9061ab4f7.json.gz,2
who.gho.mdg-0000000007,MDG_0000000007:SVK:SEX_BTSX:AGEGROUP_YEARSUNDER5:WEALTHQUINTILE_TOTL,1970-01-01,2026-09-07T16:11:26Z,value,29.52013843,,who.gho.mdg-0000000007,raw/who.gho.mdg-0000000007/2026/09/20260907T161126Z-f3f9061ab4f7.json.gz,2
who.gho.mdg-0000000007,MDG_0000000007:SVK:SEX_FMLE:AGEGROUP_YEARSUNDER5:WEALTHQUINTILE_TOTL,1970-01-01,2026-09-07T16:05:43Z,high,27.755268019,,who.gho.mdg-0000000007,raw/who.gho.mdg-0000000007/2026/09/20260907T160543Z-0bdfcfeb6714.json.gz,2
who.gho.mdg-0000000007,MDG_0000000007:SVK:SEX_FMLE:AGEGROUP_YEARSUNDER5:WEALTHQUINTILE_TOTL,1970-01-01,2026-09-07T16:05:43Z,low,24.075009236,,who.gho.mdg-0000000007,raw/who.gho.mdg-0000000007/2026/09/20260907T160543Z-0bdfcfeb6714.json.gz,2
who.gho.mdg-0000000007,MDG_0000000007:SVK:SEX_FMLE:AGEGROUP_YEARSUNDER5:WEALTHQUINTILE_TOTL,1970-01-01,2026-09-07T16:05:43Z,restated_at,2026-08-05,,who.gho.mdg-0000000007,raw/who.gho.mdg-0000000007/2026/09/20260907T160543Z-0bdfcfeb6714.json.gz,2
who.gho.mdg-0000000007,MDG_0000000007:SVK:SEX_FMLE:AGEGROUP_YEARSUNDER5:WEALTHQUINTILE_TOTL,1970-01-01,2026-09-07T16:05:43Z,value,25.820636449,,who.gho.mdg-0000000007,raw/who.gho.mdg-0000000007/2026/09/20260907T160543Z-0bdfcfeb6714.json.gz,2
who.gho.mdg-0000000007,MDG_0000000007:SVK:SEX_MLE:AGEGROUP_YEARSUNDER5:WEALTHQUINTILE_TOTL,1970-01-01,2026-09-07T16:05:48Z,high,35.313547764,,who.gho.mdg-0000000007,raw/who.gho.mdg-0000000007/2026/09/20260907T160548Z-1609a76f5ecc.json.gz,2
who.gho.mdg-0000000007,MDG_0000000007:SVK:SEX_MLE:AGEGROUP_YEARSUNDER5:WEALTHQUINTILE_TOTL,1970-01-01,2026-09-07T16:05:48Z,low,30.903923087,,who.gho.mdg-0000000007,raw/who.gho.mdg-0000000007/2026/09/20260907T160548Z-1609a76f5ecc.json.gz,2
who.gho.mdg-0000000007,MDG_0000000007:SVK:SEX_MLE:AGEGROUP_YEARSUNDER5:WEALTHQUINTILE_TOTL,1970-01-01,2026-09-07T16:05:48Z,restated_at,2026-08-05,,who.gho.mdg-0000000007,raw/who.gho.mdg-0000000007/2026/09/20260907T160548Z-1609a76f5ecc.json.gz,2
who.gho.mdg-0000000007,MDG_0000000007:SVK:SEX_MLE:AGEGROUP_YEARSUNDER5:WEALTHQUINTILE_TOTL,1970-01-01,2026-09-07T16:05:48Z,value,33.036158596,,who.gho.mdg-0000000007,raw/who.gho.mdg-0000000007/2026/09/20260907T160548Z-1609a76f5ecc.json.gz,2
who.gho.mdg-0000000007,MDG_0000000007:SWE:SEX_BTSX:AGEGROUP_YEARSUNDER5:WEALTHQUINTILE_TOTL,1970-01-01,2026-09-07T16:11:22Z,high,13.679485331,,who.gho.mdg-0000000007,raw/who.gho.mdg-0000000007/2026/09/20260907T161122Z-4e9c288e3adb.json.gz,2
who.gho.mdg-0000000007,MDG_0000000007:SWE:SEX_BTSX:AGEGROUP_YEARSUNDER5:WEALTHQUINTILE_TOTL,1970-01-01,2026-09-07T16:11:22Z,low,13.10849008,,who.gho.mdg-0000000007,raw/who.gho.mdg-0000000007/2026/09/20260907T161122Z-4e9c288e3adb.json.gz,2
who.gho.mdg-0000000007,MDG_0000000007:SWE:SEX_BTSX:AGEGROUP_YEARSUNDER5:WEALTHQUINTILE_TOTL,1970-01-01,2026-09-07T16:11:22Z,restated_at,2026-08-05,,who.gho.mdg-0000000007,raw/who.gho.mdg-0000000007/2026/09/20260907T161122Z-4e9c288e3adb.json.gz,2
who.gho.mdg-0000000007,MDG_0000000007:SWE:SEX_BTSX:AGEGROUP_YEARSUNDER5:WEALTHQUINTILE_TOTL,1970-01-01,2026-09-07T16:11:22Z,value,13.38762838,,who.gho.mdg-0000000007,raw/who.gho.mdg-0000000007/2026/09/20260907T161122Z-4e9c288e3adb.json.gz,2
who.gho.mdg-0000000007,MDG_0000000007:SWE:SEX_FMLE:AGEGROUP_YEARSUNDER5:WEALTHQUINTILE_TOTL,1970-01-01,2026-09-07T16:09:26Z,high,11.816124429,,who.gho.mdg-0000000007,raw/who.gho.mdg-0000000007/2026/09/20260907T160926Z-3ee37906b339.json.gz,2
who.gho.mdg-0000000007,MDG_0000000007:SWE:SEX_FMLE:AGEGROUP_YEARSUNDER5:WEALTHQUINTILE_TOTL,1970-01-01,2026-09-07T16:09:26Z,low,11.191288605,,who.gho.mdg-0000000007,raw/who.gho.mdg-0000000007/2026/09/20260907T160926Z-3ee37906b339.json.gz,2
who.gho.mdg-0000000007,MDG_0000000007:SWE:SEX_FMLE:AGEGROUP_YEARSUNDER5:WEALTHQUINTILE_TOTL,1970-01-01,2026-09-07T16:09:26Z,restated_at,2026-08-05,,who.gho.mdg-0000000007,raw/who.gho.mdg-0000000007/2026/09/20260907T160926Z-3ee37906b339.json.gz,2
who.gho.mdg-0000000007,MDG_0000000007:SWE:SEX_FMLE:AGEGROUP_YEARSUNDER5:WEALTHQUINTILE_TOTL,1970-01-01,2026-09-07T16:09:26Z,value,11.494721509,,who.gho.mdg-0000000007,raw/who.gho.mdg-0000000007/2026/09/20260907T160926Z-3ee37906b339.json.gz,2
who.gho.mdg-0000000007,MDG_0000000007:SWE:SEX_MLE:AGEGROUP_YEARSUNDER5:WEALTHQUINTILE_TOTL,1970-01-01,2026-09-07T16:05:31Z,high,15.567414334,,who.gho.mdg-0000000007,raw/who.gho.mdg-0000000007/2026/09/20260907T160531Z-a90a9bba0858.json.gz,2
who.gho.mdg-0000000007,MDG_0000000007:SWE:SEX_MLE:AGEGROUP_YEARSUNDER5:WEALTHQUINTILE_TOTL,1970-01-01,2026-09-07T16:05:31Z,low,14.825750786,,who.gho.mdg-0000000007,raw/who.gho.mdg-0000000007/2026/09/20260907T160531Z-a90a9bba0858.json.gz,2
who.gho.mdg-0000000007,MDG_0000000007:SWE:SEX_MLE:AGEGROUP_YEARSUNDER5:WEALTHQUINTILE_TOTL,1970-01-01,2026-09-07T16:05:31Z,restated_at,2026-08-05,,who.gho.mdg-0000000007,raw/who.gho.mdg-0000000007/2026/09/20260907T160531Z-a90a9bba0858.json.gz,2
who.gho.mdg-0000000007,MDG_0000000007:SWE:SEX_MLE:AGEGROUP_YEARSUNDER5:WEALTHQUINTILE_TOTL,1970-01-01,2026-09-07T16:05:31Z,value,15.188245832,,who.gho.mdg-0000000007,raw/who.gho.mdg-0000000007/2026/09/20260907T160531Z-a90a9bba0858.json.gz,2
who.gho.mdg-0000000007,MDG_0000000007:SWZ:SEX_BTSX:AGEGROUP_YEARSUNDER5:WEALTHQUINTILE_TOTL,1970-01-01,2026-09-07T16:06:07Z,high,202.998084226,,who.gho.mdg-0000000007,raw/who.gho.mdg-0000000007/2026/09/20260907T160607Z-9445f1b065fa.json.gz,2
who.gho.mdg-0000000007,MDG_0000000007:SWZ:SEX_BTSX:AGEGROUP_YEARSUNDER5:WEALTHQUINTILE_TOTL,1970-01-01,2026-09-07T16:06:07Z,low,144.00633908,,who.gho.mdg-0000000007,raw/who.gho.mdg-0000000007/2026/09/20260907T160607Z-9445f1b065fa.json.gz,2
who.gho.mdg-0000000007,MDG_0000000007:SWZ:SEX_BTSX:AGEGROUP_YEARSUNDER5:WEALTHQUINTILE_TOTL,1970-01-01,2026-09-07T16:06:07Z,restated_at,2026-08-05,,who.gho.mdg-0000000007,raw/who.gho.mdg-0000000007/2026/09/20260907T160607Z-9445f1b065fa.json.gz,2
who.gho.mdg-0000000007,MDG_0000000007:SWZ:SEX_BTSX:AGEGROUP_YEARSUNDER5:WEALTHQUINTILE_TOTL,1970-01-01,2026-09-07T16:06:07Z,value,169.926091616,,who.gho.mdg-0000000007,raw/who.gho.mdg-0000000007/2026/09/20260907T160607Z-9445f1b065fa.json.gz,2
who.gho.mdg-0000000007,MDG_0000000007:SWZ:SEX_FMLE:AGEGROUP_YEARSUNDER5:WEALTHQUINTILE_TOTL,1970-01-01,2026-09-07T16:06:29Z,high,192.008314312,,who.gho.mdg-0000000007,raw/who.gho.mdg-0000000007/2026/09/20260907T160629Z-f6ed87825938.json.gz,2
who.gho.mdg-0000000007,MDG_0000000007:SWZ:SEX_FMLE:AGEGROUP_YEARSUNDER5:WEALTHQUINTILE_TOTL,1970-01-01,2026-09-07T16:06:29Z,low,134.989534287,,who.gho.mdg-0000000007,raw/who.gho.mdg-0000000007/2026/09/20260907T160629Z-f6ed87825938.json.gz,2
who.gho.mdg-0000000007,MDG_0000000007:SWZ:SEX_FMLE:AGEGROUP_YEARSUNDER5:WEALTHQUINTILE_TOTL,1970-01-01,2026-09-07T16:06:29Z,restated_at,2026-08-05,,who.gho.mdg-0000000007,raw/who.gho.mdg-0000000007/2026/09/20260907T160629Z-f6ed87825938.json.gz,2
who.gho.mdg-0000000007,MDG_0000000007:SWZ:SEX_FMLE:AGEGROUP_YEARSUNDER5:WEALTHQUINTILE_TOTL,1970-01-01,2026-09-07T16:06:29Z,value,160.224306417,,who.gho.mdg-0000000007,raw/who.gho.mdg-0000000007/2026/09/20260907T160629Z-f6ed87825938.json.gz,2
who.gho.mdg-0000000007,MDG_0000000007:SWZ:SEX_MLE:AGEGROUP_YEARSUNDER5:WEALTHQUINTILE_TOTL,1970-01-01,2026-09-07T16:06:16Z,high,214.86932982,,who.gho.mdg-0000000007,raw/who.gho.mdg-0000000007/2026/09/20260907T160616Z-615f6bfccb87.json.gz,2
who.gho.mdg-0000000007,MDG_0000000007:SWZ:SEX_MLE:AGEGROUP_YEARSUNDER5:WEALTHQUINTILE_TOTL,1970-01-01,2026-09-07T16:06:16Z,low,151.124565696,,who.gho.mdg-0000000007,raw/who.gho.mdg-0000000007/2026/09/20260907T160616Z-615f6bfccb87.json.gz,2
who.gho.mdg-0000000007,MDG_0000000007:SWZ:SEX_MLE:AGEGROUP_YEARSUNDER5:WEALTHQUINTILE_TOTL,1970-01-01,2026-09-07T16:06:16Z,restated_at,2026-08-05,,who.gho.mdg-0000000007,raw/who.gho.mdg-0000000007/2026/09/20260907T160616Z-615f6bfccb87.json.gz,2
who.gho.mdg-0000000007,MDG_0000000007:SWZ:SEX_MLE:AGEGROUP_YEARSUNDER5:WEALTHQUINTILE_TOTL,1970-01-01,2026-09-07T16:06:16Z,value,179.129970628,,who.gho.mdg-0000000007,raw/who.gho.mdg-0000000007/2026/09/20260907T160616Z-615f6bfccb87.json.gz,2
who.gho.mdg-0000000007,MDG_0000000007:SYC:SEX_BTSX:AGEGROUP_YEARSUNDER5:WEALTHQUINTILE_TOTL,1970-01-01,2026-09-07T16:09:22Z,high,80.479807744,,who.gho.mdg-0000000007,raw/who.gho.mdg-0000000007/2026/09/20260907T160922Z-b03be7779b07.json.gz,2
who.gho.mdg-0000000007,MDG_0000000007:SYC:SEX_BTSX:AGEGROUP_YEARSUNDER5:WEALTHQUINTILE_TOTL,1970-01-01,2026-09-07T16:09:22Z,low,71.537803544,,who.gho.mdg-0000000007,raw/who.gho.mdg-0000000007/2026/09/20260907T160922Z-b03be7779b07.json.gz,2
who.gho.mdg-0000000007,MDG_0000000007:SYC:SEX_BTSX:AGEGROUP_YEARSUNDER5:WEALTHQUINTILE_TOTL,1970-01-01,2026-09-07T16:09:22Z,restated_at,2026-08-05,,who.gho.mdg-0000000007,raw/who.gho.mdg-0000000007/2026/09/20260907T160922Z-b03be7779b07.json.gz,2
who.gho.mdg-0000000007,MDG_0000000007:SYC:SEX_BTSX:AGEGROUP_YEARSUNDER5:WEALTHQUINTILE_TOTL,1970-01-01,2026-09-07T16:09:22Z,value,75.80561996,,who.gho.mdg-0000000007,raw/who.gho.mdg-0000000007/2026/09/20260907T160922Z-b03be7779b07.json.gz,2
who.gho.mdg-0000000007,MDG_0000000007:SYC:SEX_FMLE:AGEGROUP_YEARSUNDER5:WEALTHQUINTILE_TOTL,1970-01-01,2026-09-07T16:05:18Z,high,77.838635365,,who.gho.mdg-0000000007,raw/who.gho.mdg-0000000007/2026/09/20260907T160518Z-f66c8acba372.json.gz,2
who.gho.mdg-0000000007,MDG_0000000007:SYC:SEX_FMLE:AGEGROUP_YEARSUNDER5:WEALTHQUINTILE_TOTL,1970-01-01,2026-09-07T16:05:18Z,low,67.792794473,,who.gho.mdg-0000000007,raw/who.gho.mdg-0000000007/2026/09/20260907T160518Z-f66c8acba372.json.gz,2
who.gho.mdg-0000000007,MDG_0000000007:SYC:SEX_FMLE:AGEGROUP_YEARSUNDER5:WEALTHQUINTILE_TOTL,1970-01-01,2026-09-07T16:05:18Z,restated_at,2026-08-05,,who.gho.mdg-0000000007,raw/who.gho.mdg-0000000007/2026/09/20260907T160518Z-f66c8acba372.json.gz,2
who.gho.mdg-0000000007,MDG_0000000007:SYC:SEX_FMLE:AGEGROUP_YEARSUNDER5:WEALTHQUINTILE_TOTL,1970-01-01,2026-09-07T16:05:18Z,value,72.694512962,,who.gho.mdg-0000000007,raw/who.gho.mdg-0000000007/2026/09/20260907T160518Z-f66c8acba372.json.gz,2
who.gho.mdg-0000000007,MDG_0000000007:SYC:SEX_MLE:AGEGROUP_YEARSUNDER5:WEALTHQUINTILE_TOTL,1970-01-01,2026-09-07T16:11:18Z,high,84.36579993,,who.gho.mdg-0000000007,raw/who.gho.mdg-0000000007/2026/09/20260907T161118Z-85c02b5f4e3c.json.gz,2
who.gho.mdg-0000000007,MDG_0000000007:SYC:SEX_MLE:AGEGROUP_YEARSUNDER5:WEALTHQUINTILE_TOTL,1970-01-01,2026-09-07T16:11:18Z,low,73.782307066,,who.gho.mdg-0000000007,raw/who.gho.mdg-0000000007/2026/09/20260907T161118Z-85c02b5f4e3c.json.gz,2
who.gho.mdg-0000000007,MDG_0000000007:SYC:SEX_MLE:AGEGROUP_YEARSUNDER5:WEALTHQUINTILE_TOTL,1970-01-01,2026-09-07T16:11:18Z,restated_at,2026-08-05,,who.gho.mdg-0000000007,raw/who.gho.mdg-0000000007/2026/09/20260907T161118Z-85c02b5f4e3c.json.gz,2
who.gho.mdg-0000000007,MDG_0000000007:SYC:SEX_MLE:AGEGROUP_YEARSUNDER5:WEALTHQUINTILE_TOTL,1970-01-01,2026-09-07T16:11:18Z,value,78.841666343,,who.gho.mdg-0000000007,raw/who.gho.mdg-0000000007/2026/09/20260907T161118Z-85c02b5f4e3c.json.gz,2
who.gho.mdg-0000000007,MDG_0000000007:SYR:SEX_BTSX:AGEGROUP_YEARSUNDER5:WEALTHQUINTILE_TOTL,1970-01-01,2026-09-07T16:10:17Z,high,114.390819981,,who.gho.mdg-0000000007,raw/who.gho.mdg-0000000007/2026/09/20260907T161017Z-ca4dbf4e12d6.json.gz,2
who.gho.mdg-0000000007,MDG_0000000007:SYR:SEX_BTSX:AGEGROUP_YEARSUNDER5:WEALTHQUINTILE_TOTL,1970-01-01,2026-09-07T16:10:17Z,low,95.651120418,,who.gho.mdg-0000000007,raw/who.gho.mdg-0000000007/2026/09/20260907T161017Z-ca4dbf4e12d6.json.gz,2
who.gho.mdg-0000000007,MDG_0000000007:SYR:SEX_BTSX:AGEGROUP_YEARSUNDER5:WEALTHQUINTILE_TOTL,1970-01-01,2026-09-07T16:10:17Z,restated_at,2026-08-05,,who.gho.mdg-0000000007,raw/who.gho.mdg-0000000007/2026/09/20260907T161017Z-ca4dbf4e12d6.json.gz,2
who.gho.mdg-0000000007,MDG_0000000007:SYR:SEX_BTSX:AGEGROUP_YEARSUNDER5:WEALTHQUINTILE_TOTL,1970-01-01,2026-09-07T16:10:17Z,value,104.829488029,,who.gho.mdg-0000000007,raw/who.gho.mdg-0000000007/2026/09/20260907T161017Z-ca4dbf4e12d6.json.gz,2
who.gho.mdg-0000000007,MDG_0000000007:SYR:SEX_FMLE:AGEGROUP_YEARSUNDER5:WEALTHQUINTILE_TOTL,1970-01-01,2026-09-07T16:06:29Z,high,114.522659632,,who.gho.mdg-0000000007,raw/who.gho.mdg-0000000007/2026/09/20260907T160629Z-f6ed87825938.json.gz,2
who.gho.mdg-0000000007,MDG_0000000007:SYR:SEX_FMLE:AGEGROUP_YEARSUNDER5:WEALTHQUINTILE_TOTL,1970-01-01,2026-09-07T16:06:29Z,low,94.854886249,,who.gho.mdg-0000000007,raw/who.gho.mdg-0000000007/2026/09/20260907T160629Z-f6ed87825938.json.gz,2
who.gho.mdg-0000000007,MDG_0000000007:SYR:SEX_FMLE:AGEGROUP_YEARSUNDER5:WEALTHQUINTILE_TOTL,1970-01-01,2026-09-07T16:06:29Z,restated_at,2026-08-05,,who.gho.mdg-0000000007,raw/who.gho.mdg-0000000007/2026/09/20260907T160629Z-f6ed87825938.json.gz,2
who.gho.mdg-0000000007,MDG_0000000007:SYR:SEX_FMLE:AGEGROUP_YEARSUNDER5:WEALTHQUINTILE_TOTL,1970-01-01,2026-09-07T16:06:29Z,value,104.408542099,,who.gho.mdg-0000000007,raw/who.gho.mdg-0000000007/2026/09/20260907T160629Z-f6ed87825938.json.gz,2
who.gho.mdg-0000000007,MDG_0000000007:SYR:SEX_MLE:AGEGROUP_YEARSUNDER5:WEALTHQUINTILE_TOTL,1970-01-01,2026-09-07T16:05:09Z,high,115.364658998,,who.gho.mdg-0000000007,raw/who.gho.mdg-0000000007/2026/09/20260907T160509Z-9066130499c7.json.gz,2
who.gho.mdg-0000000007,MDG_0000000007:SYR:SEX_MLE:AGEGROUP_YEARSUNDER5:WEALTHQUINTILE_TOTL,1970-01-01,2026-09-07T16:05:09Z,low,95.712701116,,who.gho.mdg-0000000007,raw/who.gho.mdg-0000000007/2026/09/20260907T160509Z-9066130499c7.json.gz,2
who.gho.mdg-0000000007,MDG_0000000007:SYR:SEX_MLE:AGEGROUP_YEARSUNDER5:WEALTHQUINTILE_TOTL,1970-01-01,2026-09-07T16:05:09Z,restated_at,2026-08-05,,who.gho.mdg-0000000007,raw/who.gho.mdg-0000000007/2026/09/20260907T160509Z-9066130499c7.json.gz,2
who.gho.mdg-0000000007,MDG_0000000007:SYR:SEX_MLE:AGEGROUP_YEARSUNDER5:WEALTHQUINTILE_TOTL,1970-01-01,2026-09-07T16:05:09Z,value,105.087877574,,who.gho.mdg-0000000007,raw/who.gho.mdg-0000000007/2026/09/20260907T160509Z-9066130499c7.json.gz,2
who.gho.mdg-0000000007,MDG_0000000007:TCA:SEX_BTSX:AGEGROUP_YEARSUNDER5:WEALTHQUINTILE_TOTL,1970-01-01,2026-09-07T16:05:35Z,high,83.442462519,,who.gho.mdg-0000000007,raw/who.gho.mdg-0000000007/2026/09/20260907T160535Z-bcafb05f6fe8.json.gz,2
who.gho.mdg-0000000007,MDG_0000000007:TCA:SEX_BTSX:AGEGROUP_YEARSUNDER5:WEALTHQUINTILE_TOTL,1970-01-01,2026-09-07T16:05:35Z,low,57.236345361,,who.gho.mdg-0000000007,raw/who.gho.mdg-0000000007/2026/09/20260907T160535Z-bcafb05f6fe8.json.gz,2
who.gho.mdg-0000000007,MDG_0000000007:TCA:SEX_BTSX:AGEGROUP_YEARSUNDER5:WEALTHQUINTILE_TOTL,1970-01-01,2026-09-07T16:05:35Z,restated_at,2026-08-05,,who.gho.mdg-0000000007,raw/who.gho.mdg-0000000007/2026/09/20260907T160535Z-bcafb05f6fe8.json.gz,2
who.gho.mdg-0000000007,MDG_0000000007:TCA:SEX_BTSX:AGEGROUP_YEARSUNDER5:WEALTHQUINTILE_TOTL,1970-01-01,2026-09-07T16:05:35Z,value,69.228735427,,who.gho.mdg-0000000007,raw/who.gho.mdg-0000000007/2026/09/20260907T160535Z-bcafb05f6fe8.json.gz,2
who.gho.mdg-0000000007,MDG_0000000007:TCA:SEX_FMLE:AGEGROUP_YEARSUNDER5:WEALTHQUINTILE_TOTL,1970-01-01,2026-09-07T16:05:38Z,high,70.117648632,,who.gho.mdg-0000000007,raw/who.gho.mdg-0000000007/2026/09/20260907T160538Z-28a5f6808180.json.gz,2
who.gho.mdg-0000000007,MDG_0000000007:TCA:SEX_FMLE:AGEGROUP_YEARSUNDER5:WEALTHQUINTILE_TOTL,1970-01-01,2026-09-07T16:05:38Z,low,47.76690158,,who.gho.mdg-0000000007,raw/who.gho.mdg-0000000007/2026/09/20260907T160538Z-28a5f6808180.json.gz,2
who.gho.mdg-0000000007,MDG_0000000007:TCA:SEX_FMLE:AGEGROUP_YEARSUNDER5:WEALTHQUINTILE_TOTL,1970-01-01,2026-09-07T16:05:38Z,restated_at,2026-08-05,,who.gho.mdg-0000000007,raw/who.gho.mdg-0000000007/2026/09/20260907T160538Z-28a5f6808180.json.gz,2
who.gho.mdg-0000000007,MDG_0000000007:TCA:SEX_FMLE:AGEGROUP_YEARSUNDER5:WEALTHQUINTILE_TOTL,1970-01-01,2026-09-07T16:05:38Z,value,58.014088244,,who.gho.mdg-0000000007,raw/who.gho.mdg-0000000007/2026/09/20260907T160538Z-28a5f6808180.json.gz,2
who.gho.mdg-0000000007,MDG_0000000007:TCA:SEX_MLE:AGEGROUP_YEARSUNDER5:WEALTHQUINTILE_TOTL,1970-01-01,2026-09-07T16:06:21Z,high,96.518019022,,who.gho.mdg-0000000007,raw/who.gho.mdg-0000000007/2026/09/20260907T160621Z-1819ad2538c7.json.gz,2
who.gho.mdg-0000000007,MDG_0000000007:TCA:SEX_MLE:AGEGROUP_YEARSUNDER5:WEALTHQUINTILE_TOTL,1970-01-01,2026-09-07T16:06:21Z,low,65.816038382,,who.gho.mdg-0000000007,raw/who.gho.mdg-0000000007/2026/09/20260907T160621Z-1819ad2538c7.json.gz,2
who.gho.mdg-0000000007,MDG_0000000007:TCA:SEX_MLE:AGEGROUP_YEARSUNDER5:WEALTHQUINTILE_TOTL,1970-01-01,2026-09-07T16:06:21Z,restated_at,2026-08-05,,who.gho.mdg-0000000007,raw/who.gho.mdg-0000000007/2026/09/20260907T160621Z-1819ad2538c7.json.gz,2
who.gho.mdg-0000000007,MDG_0000000007:TCA:SEX_MLE:AGEGROUP_YEARSUNDER5:WEALTHQUINTILE_TOTL,1970-01-01,2026-09-07T16:06:21Z,value,79.906608035,,who.gho.mdg-0000000007,raw/who.gho.mdg-0000000007/2026/09/20260907T160621Z-1819ad2538c7.json.gz,2
who.gho.mdg-0000000007,MDG_0000000007:TCD:SEX_BTSX:AGEGROUP_YEARSUNDER5:WEALTHQUINTILE_TOTL,1970-01-01,2026-09-07T16:09:41Z,high,287.625915429,,who.gho.mdg-0000000007,raw/who.gho.mdg-0000000007/2026/09/20260907T160941Z-845bd0fc2e92.json.gz,2
who.gho.mdg-0000000007,MDG_0000000007:TCD:SEX_BTSX:AGEGROUP_YEARSUNDER5:WEALTHQUINTILE_TOTL,1970-01-01,2026-09-07T16:09:41Z,low,224.918989497,,who.gho.mdg-0000000007,raw/who.gho.mdg-0000000007/2026/09/20260907T160941Z-845bd0fc2e92.json.gz,2
who.gho.mdg-0000000007,MDG_0000000007:TCD:SEX_BTSX:AGEGROUP_YEARSUNDER5:WEALTHQUINTILE_TOTL,1970-01-01,2026-09-07T16:09:41Z,restated_at,2026-08-05,,who.gho.mdg-0000000007,raw/who.gho.mdg-0000000007/2026/09/20260907T160941Z-845bd0fc2e92.json.gz,2
who.gho.mdg-0000000007,MDG_0000000007:TCD:SEX_BTSX:AGEGROUP_YEARSUNDER5:WEALTHQUINTILE_TOTL,1970-01-01,2026-09-07T16:09:41Z,value,254.878034319,,who.gho.mdg-0000000007,raw/who.gho.mdg-0000000007/2026/09/20260907T160941Z-845bd0fc2e92.json.gz,2
who.gho.mdg-0000000007,MDG_0000000007:TCD:SEX_FMLE:AGEGROUP_YEARSUNDER5:WEALTHQUINTILE_TOTL,1970-01-01,2026-09-07T16:06:16Z,high,276.597573969,,who.gho.mdg-0000000007,raw/who.gho.mdg-0000000007/2026/09/20260907T160616Z-615f6bfccb87.json.gz,2
who.gho.mdg-0000000007,MDG_0000000007:TCD:SEX_FMLE:AGEGROUP_YEARSUNDER5:WEALTHQUINTILE_TOTL,1970-01-01,2026-09-07T16:06:16Z,low,214.862124934,,who.gho.mdg-0000000007,raw/who.gho.mdg-0000000007/2026/09/20260907T160616Z-615f6bfccb87.json.gz,2
who.gho.mdg-0000000007,MDG_0000000007:TCD:SEX_FMLE:AGEGROUP_YEARSUNDER5:WEALTHQUINTILE_TOTL,1970-01-01,2026-09-07T16:06:16Z,restated_at,2026-08-05,,who.gho.mdg-0000000007,raw/who.gho.mdg-0000000007/2026/09/20260907T160616Z-615f6bfccb87.json.gz,2
who.gho.mdg-0000000007,MDG_0000000007:TCD:SEX_FMLE:AGEGROUP_YEARSUNDER5:WEALTHQUINTILE_TOTL,1970-01-01,2026-09-07T16:06:16Z,value,244.447173704,,who.gho.mdg-0000000007,raw/who.gho.mdg-0000000007/2026/09/20260907T160616Z-615f6bfccb87.json.gz,2
who.gho.mdg-0000000007,MDG_0000000007:TCD:SEX_MLE:AGEGROUP_YEARSUNDER5:WEALTHQUINTILE_TOTL,1970-01-01,2026-09-07T16:05:57Z,high,299.835544942,,who.gho.mdg-0000000007,raw/who.gho.mdg-0000000007/2026/09/20260907T160557Z-c8e786907d46.json.gz,2
who.gho.mdg-0000000007,MDG_0000000007:TCD:SEX_MLE:AGEGROUP_YEARSUNDER5:WEALTHQUINTILE_TOTL,1970-01-01,2026-09-07T16:05:57Z,low,233.104651377,,who.gho.mdg-0000000007,raw/who.gho.mdg-0000000007/2026/09/20260907T160557Z-c8e786907d46.json.gz,2
who.gho.mdg-0000000007,MDG_0000000007:TCD:SEX_MLE:AGEGROUP_YEARSUNDER5:WEALTHQUINTILE_TOTL,1970-01-01,2026-09-07T16:05:57Z,restated_at,2026-08-05,,who.gho.mdg-0000000007,raw/who.gho.mdg-0000000007/2026/09/20260907T160557Z-c8e786907d46.json.gz,2
who.gho.mdg-0000000007,MDG_0000000007:TCD:SEX_MLE:AGEGROUP_YEARSUNDER5:WEALTHQUINTILE_TOTL,1970-01-01,2026-09-07T16:05:57Z,value,264.653228863,,who.gho.mdg-0000000007,raw/who.gho.mdg-0000000007/2026/09/20260907T160557Z-c8e786907d46.json.gz,2
who.gho.mdg-0000000007,MDG_0000000007:TGO:SEX_BTSX:AGEGROUP_YEARSUNDER5:WEALTHQUINTILE_TOTL,1970-01-01,2026-09-07T16:09:13Z,high,248.689998569,,who.gho.mdg-0000000007,raw/who.gho.mdg-0000000007/2026/09/20260907T160913Z-86e8fac132bd.json.gz,2
who.gho.mdg-0000000007,MDG_0000000007:TGO:SEX_BTSX:AGEGROUP_YEARSUNDER5:WEALTHQUINTILE_TOTL,1970-01-01,2026-09-07T16:09:13Z,low,204.50841749,,who.gho.mdg-0000000007,raw/who.gho.mdg-0000000007/2026/09/20260907T160913Z-86e8fac132bd.json.gz,2
who.gho.mdg-0000000007,MDG_0000000007:TGO:SEX_BTSX:AGEGROUP_YEARSUNDER5:WEALTHQUINTILE_TOTL,1970-01-01,2026-09-07T16:09:13Z,restated_at,2026-08-05,,who.gho.mdg-0000000007,raw/who.gho.mdg-0000000007/2026/09/20260907T160913Z-86e8fac132bd.json.gz,2
who.gho.mdg-0000000007,MDG_0000000007:TGO:SEX_BTSX:AGEGROUP_YEARSUNDER5:WEALTHQUINTILE_TOTL,1970-01-01,2026-09-07T16:09:13Z,value,225.056416393,,who.gho.mdg-0000000007,raw/who.gho.mdg-0000000007/2026/09/20260907T160913Z-86e8fac132bd.json.gz,2
who.gho.mdg-0000000007,MDG_0000000007:TGO:SEX_FMLE:AGEGROUP_YEARSUNDER5:WEALTHQUINTILE_TOTL,1970-01-01,2026-09-07T16:08:38Z,high,237.353357507,,who.gho.mdg-0000000007,raw/who.gho.mdg-0000000007/2026/09/20260907T160838Z-ad9f959b97c6.json.gz,2
who.gho.mdg-0000000007,MDG_0000000007:TGO:SEX_FMLE:AGEGROUP_YEARSUNDER5:WEALTHQUINTILE_TOTL,1970-01-01,2026-09-07T16:08:38Z,low,193.081765371,,who.gho.mdg-0000000007,raw/who.gho.mdg-0000000007/2026/09/20260907T160838Z-ad9f959b97c6.json.gz,2
who.gho.mdg-0000000007,MDG_0000000007:TGO:SEX_FMLE:AGEGROUP_YEARSUNDER5:WEALTHQUINTILE_TOTL,1970-01-01,2026-09-07T16:08:38Z,restated_at,2026-08-05,,who.gho.mdg-0000000007,raw/who.gho.mdg-0000000007/2026/09/20260907T160838Z-ad9f959b97c6.json.gz,2
who.gho.mdg-0000000007,MDG_0000000007:TGO:SEX_FMLE:AGEGROUP_YEARSUNDER5:WEALTHQUINTILE_TOTL,1970-01-01,2026-09-07T16:08:38Z,value,213.522463354,,who.gho.mdg-0000000007,raw/who.gho.mdg-0000000007/2026/09/20260907T160838Z-ad9f959b97c6.json.gz,2
who.gho.mdg-0000000007,MDG_0000000007:TGO:SEX_MLE:AGEGROUP_YEARSUNDER5:WEALTHQUINTILE_TOTL,1970-01-01,2026-09-07T16:06:02Z,high,261.710064934,,who.gho.mdg-0000000007,raw/who.gho.mdg-0000000007/2026/09/20260907T160602Z-1adff4f5f376.json.gz,2
who.gho.mdg-0000000007,MDG_0000000007:TGO:SEX_MLE:AGEGROUP_YEARSUNDER5:WEALTHQUINTILE_TOTL,1970-01-01,2026-09-07T16:06:02Z,low,213.604943715,,who.gho.mdg-0000000007,raw/who.gho.mdg-0000000007/2026/09/20260907T160602Z-1adff4f5f376.json.gz,2
who.gho.mdg-0000000007,MDG_0000000007:TGO:SEX_MLE:AGEGROUP_YEARSUNDER5:WEALTHQUINTILE_TOTL,1970-01-01,2026-09-07T16:06:02Z,restated_at,2026-08-05,,who.gho.mdg-0000000007,raw/who.gho.mdg-0000000007/2026/09/20260907T160602Z-1adff4f5f376.json.gz,2
who.gho.mdg-0000000007,MDG_0000000007:TGO:SEX_MLE:AGEGROUP_YEARSUNDER5:WEALTHQUINTILE_TOTL,1970-01-01,2026-09-07T16:06:02Z,value,236.253603138,,who.gho.mdg-0000000007,raw/who.gho.mdg-0000000007/2026/09/20260907T160602Z-1adff4f5f376.json.gz,2
who.gho.mdg-0000000007,MDG_0000000007:THA:SEX_BTSX:AGEGROUP_YEARSUNDER5:WEALTHQUINTILE_TOTL,1970-01-01,2026-09-07T16:10:12Z,high,107.562488865,,who.gho.mdg-0000000007,raw/who.gho.mdg-0000000007/2026/09/20260907T161012Z-af10f639113a.json.gz,2
who.gho.mdg-0000000007,MDG_0000000007:THA:SEX_BTSX:AGEGROUP_YEARSUNDER5:WEALTHQUINTILE_TOTL,1970-01-01,2026-09-07T16:10:12Z,low,92.996607042,,who.gho.mdg-0000000007,raw/who.gho.mdg-0000000007/2026/09/20260907T161012Z-af10f639113a.json.gz,2
who.gho.mdg-0000000007,MDG_0000000007:THA:SEX_BTSX:AGEGROUP_YEARSUNDER5:WEALTHQUINTILE_TOTL,1970-01-01,2026-09-07T16:10:12Z,restated_at,2026-08-05,,who.gho.mdg-0000000007,raw/who.gho.mdg-0000000007/2026/09/20260907T161012Z-af10f639113a.json.gz,2
who.gho.mdg-0000000007,MDG_0000000007:THA:SEX_BTSX:AGEGROUP_YEARSUNDER5:WEALTHQUINTILE_TOTL,1970-01-01,2026-09-07T16:10:12Z,value,99.754771181,,who.gho.mdg-0000000007,raw/who.gho.mdg-0000000007/2026/09/20260907T161012Z-af10f639113a.json.gz,2
who.gho.mdg-0000000007,MDG_0000000007:THA:SEX_FMLE:AGEGROUP_YEARSUNDER5:WEALTHQUINTILE_TOTL,1970-01-01,2026-09-07T16:09:03Z,high,101.339224099,,who.gho.mdg-0000000007,raw/who.gho.mdg-0000000007/2026/09/20260907T160903Z-df09845b881e.json.gz,2
who.gho.mdg-0000000007,MDG_0000000007:THA:SEX_FMLE:AGEGROUP_YEARSUNDER5:WEALTHQUINTILE_TOTL,1970-01-01,2026-09-07T16:09:03Z,low,86.184881786,,who.gho.mdg-0000000007,raw/who.gho.mdg-0000000007/2026/09/20260907T160903Z-df09845b881e.json.gz,2
who.gho.mdg-0000000007,MDG_0000000007:THA:SEX_FMLE:AGEGROUP_YEARSUNDER5:WEALTHQUINTILE_TOTL,1970-01-01,2026-09-07T16:09:03Z,restated_at,2026-08-05,,who.gho.mdg-0000000007,raw/who.gho.mdg-0000000007/2026/09/20260907T160903Z-df09845b881e.json.gz,2
who.gho.mdg-0000000007,MDG_0000000007:THA:SEX_FMLE:AGEGROUP_YEARSUNDER5:WEALTHQUINTILE_TOTL,1970-01-01,2026-09-07T16:09:03Z,value,93.242063618,,who.gho.mdg-0000000007,raw/who.gho.mdg-0000000007/2026/09/20260907T160903Z-df09845b881e.json.gz,2
who.gho.mdg-0000000007,MDG_0000000007:THA:SEX_MLE:AGEGROUP_YEARSUNDER5:WEALTHQUINTILE_TOTL,1970-01-01,2026-09-07T16:06:21Z,high,114.73483736,,who.gho.mdg-0000000007,raw/who.gho.mdg-0000000007/2026/09/20260907T160621Z-1819ad2538c7.json.gz,2
who.gho.mdg-0000000007,MDG_0000000007:THA:SEX_MLE:AGEGROUP_YEARSUNDER5:WEALTHQUINTILE_TOTL,1970-01-01,2026-09-07T16:06:21Z,low,98.064228383,,who.gho.mdg-0000000007,raw/who.gho.mdg-0000000007/2026/09/20260907T160621Z-1819ad2538c7.json.gz,2
who.gho.mdg-0000000007,MDG_0000000007:THA:SEX_MLE:AGEGROUP_YEARSUNDER5:WEALTHQUINTILE_TOTL,1970-01-01,2026-09-07T16:06:21Z,restated_at,2026-08-05,,who.gho.mdg-0000000007,raw/who.gho.mdg-0000000007/2026/09/20260907T160621Z-1819ad2538c7.json.gz,2
who.gho.mdg-0000000007,MDG_0000000007:THA:SEX_MLE:AGEGROUP_YEARSUNDER5:WEALTHQUINTILE_TOTL,1970-01-01,2026-09-07T16:06:21Z,value,105.962596353,,who.gho.mdg-0000000007,raw/who.gho.mdg-0000000007/2026/09/20260907T160621Z-1819ad2538c7.json.gz,2
who.gho.mdg-0000000007,MDG_0000000007:TON:SEX_BTSX:AGEGROUP_YEARSUNDER5:WEALTHQUINTILE_TOTL,1970-01-01,2026-09-07T16:04:56Z,high,60.988978748,,who.gho.mdg-0000000007,raw/who.gho.mdg-0000000007/2026/09/20260907T160456Z-9369d1ec1a28.json.gz,2
who.gho.mdg-0000000007,MDG_0000000007:TON:SEX_BTSX:AGEGROUP_YEARSUNDER5:WEALTHQUINTILE_TOTL,1970-01-01,2026-09-07T16:04:56Z,low,40.111569919,,who.gho.mdg-0000000007,raw/who.gho.mdg-0000000007/2026/09/20260907T160456Z-9369d1ec1a28.json.gz,2
who.gho.mdg-0000000007,MDG_0000000007:TON:SEX_BTSX:AGEGROUP_YEARSUNDER5:WEALTHQUINTILE_TOTL,1970-01-01,2026-09-07T16:04:56Z,restated_at,2026-08-05,,who.gho.mdg-0000000007,raw/who.gho.mdg-0000000007/2026/09/20260907T160456Z-9369d1ec1a28.json.gz,2
who.gho.mdg-0000000007,MDG_0000000007:TON:SEX_BTSX:AGEGROUP_YEARSUNDER5:WEALTHQUINTILE_TOTL,1970-01-01,2026-09-07T16:04:56Z,value,49.269552465,,who.gho.mdg-0000000007,raw/who.gho.mdg-0000000007/2026/09/20260907T160456Z-9369d1ec1a28.json.gz,2
who.gho.mdg-0000000007,MDG_0000000007:TON:SEX_FMLE:AGEGROUP_YEARSUNDER5:WEALTHQUINTILE_TOTL,1970-01-01,2026-09-07T16:05:35Z,high,54.834148033,,who.gho.mdg-0000000007,raw/who.gho.mdg-0000000007/2026/09/20260907T160535Z-bcafb05f6fe8.json.gz,2
who.gho.mdg-0000000007,MDG_0000000007:TON:SEX_FMLE:AGEGROUP_YEARSUNDER5:WEALTHQUINTILE_TOTL,1970-01-01,2026-09-07T16:05:35Z,low,35.64567672,,who.gho.mdg-0000000007,raw/who.gho.mdg-0000000007/2026/09/20260907T160535Z-bcafb05f6fe8.json.gz,2
who.gho.mdg-0000000007,MDG_0000000007:TON:SEX_FMLE:AGEGROUP_YEARSUNDER5:WEALTHQUINTILE_TOTL,1970-01-01,2026-09-07T16:05:35Z,restated_at,2026-08-05,,who.gho.mdg-0000000007,raw/who.gho.mdg-0000000007/2026/09/20260907T160535Z-bcafb05f6fe8.json.gz,2
who.gho.mdg-0000000007,MDG_0000000007:TON:SEX_FMLE:AGEGROUP_YEARSUNDER5:WEALTHQUINTILE_TOTL,1970-01-01,2026-09-07T16:05:35Z,value,44.070434581,,who.gho.mdg-0000000007,raw/who.gho.mdg-0000000007/2026/09/20260907T160535Z-bcafb05f6fe8.json.gz,2
who.gho.mdg-0000000007,MDG_0000000007:TON:SEX_MLE:AGEGROUP_YEARSUNDER5:WEALTHQUINTILE_TOTL,1970-01-01,2026-09-07T16:10:17Z,high,67.380572104,,who.gho.mdg-0000000007,raw/who.gho.mdg-0000000007/2026/09/20260907T161017Z-ca4dbf4e12d6.json.gz,2
who.gho.mdg-0000000007,MDG_0000000007:TON:SEX_MLE:AGEGROUP_YEARSUNDER5:WEALTHQUINTILE_TOTL,1970-01-01,2026-09-07T16:10:17Z,low,43.904743659,,who.gho.mdg-0000000007,raw/who.gho.mdg-0000000007/2026/09/20260907T161017Z-ca4dbf4e12d6.json.gz,2
who.gho.mdg-0000000007,MDG_0000000007:TON:SEX_MLE:AGEGROUP_YEARSUNDER5:WEALTHQUINTILE_TOTL,1970-01-01,2026-09-07T16:10:17Z,restated_at,2026-08-05,,who.gho.mdg-0000000007,raw/who.gho.mdg-0000000007/2026/09/20260907T161017Z-ca4dbf4e12d6.json.gz,2
who.gho.mdg-0000000007,MDG_0000000007:TON:SEX_MLE:AGEGROUP_YEARSUNDER5:WEALTHQUINTILE_TOTL,1970-01-01,2026-09-07T16:10:17Z,value,54.195241589,,who.gho.mdg-0000000007,raw/who.gho.mdg-0000000007/2026/09/20260907T161017Z-ca4dbf4e12d6.json.gz,2
who.gho.mdg-0000000007,MDG_0000000007:TTO:SEX_BTSX:AGEGROUP_YEARSUNDER5:WEALTHQUINTILE_TOTL,1970-01-01,2026-09-07T16:10:49Z,high,59.450213379,,who.gho.mdg-0000000007,raw/who.gho.mdg-0000000007/2026/09/20260907T161049Z-6866f52a9543.json.gz,2
who.gho.mdg-0000000007,MDG_0000000007:TTO:SEX_BTSX:AGEGROUP_YEARSUNDER5:WEALTHQUINTILE_TOTL,1970-01-01,2026-09-07T16:10:49Z,low,45.362698259,,who.gho.mdg-0000000007,raw/who.gho.mdg-0000000007/2026/09/20260907T161049Z-6866f52a9543.json.gz,2
who.gho.mdg-0000000007,MDG_0000000007:TTO:SEX_BTSX:AGEGROUP_YEARSUNDER5:WEALTHQUINTILE_TOTL,1970-01-01,2026-09-07T16:10:49Z,restated_at,2026-08-05,,who.gho.mdg-0000000007,raw/who.gho.mdg-0000000007/2026/09/20260907T161049Z-6866f52a9543.json.gz,2
who.gho.mdg-0000000007,MDG_0000000007:TTO:SEX_BTSX:AGEGROUP_YEARSUNDER5:WEALTHQUINTILE_TOTL,1970-01-01,2026-09-07T16:10:49Z,value,51.89282824,,who.gho.mdg-0000000007,raw/who.gho.mdg-0000000007/2026/09/20260907T161049Z-6866f52a9543.json.gz,2
who.gho.mdg-0000000007,MDG_0000000007:TTO:SEX_FMLE:AGEGROUP_YEARSUNDER5:WEALTHQUINTILE_TOTL,1970-01-01,2026-09-07T16:05:01Z,high,55.201980783,,who.gho.mdg-0000000007,raw/who.gho.mdg-0000000007/2026/09/20260907T160501Z-2d19e1a5feef.json.gz,2
who.gho.mdg-0000000007,MDG_0000000007:TTO:SEX_FMLE:AGEGROUP_YEARSUNDER5:WEALTHQUINTILE_TOTL,1970-01-01,2026-09-07T16:05:01Z,low,41.547083132,,who.gho.mdg-0000000007,raw/who.gho.mdg-0000000007/2026/09/20260907T160501Z-2d19e1a5feef.json.gz,2
who.gho.mdg-0000000007,MDG_0000000007:TTO:SEX_FMLE:AGEGROUP_YEARSUNDER5:WEALTHQUINTILE_TOTL,1970-01-01,2026-09-07T16:05:01Z,restated_at,2026-08-05,,who.gho.mdg-0000000007,raw/who.gho.mdg-0000000007/2026/09/20260907T160501Z-2d19e1a5feef.json.gz,2
who.gho.mdg-0000000007,MDG_0000000007:TTO:SEX_FMLE:AGEGROUP_YEARSUNDER5:WEALTHQUINTILE_TOTL,1970-01-01,2026-09-07T16:05:01Z,value,47.914948383,,who.gho.mdg-0000000007,raw/who.gho.mdg-0000000007/2026/09/20260907T160501Z-2d19e1a5feef.json.gz,2
who.gho.mdg-0000000007,MDG_0000000007:TTO:SEX_MLE:AGEGROUP_YEARSUNDER5:WEALTHQUINTILE_TOTL,1970-01-01,2026-09-07T16:09:30Z,high,63.912241875,,who.gho.mdg-0000000007,raw/who.gho.mdg-0000000007/2026/09/20260907T160930Z-3a49f2d0e7d2.json.gz,2
who.gho.mdg-0000000007,MDG_0000000007:TTO:SEX_MLE:AGEGROUP_YEARSUNDER5:WEALTHQUINTILE_TOTL,1970-01-01,2026-09-07T16:09:30Z,low,48.477824976,,who.gho.mdg-0000000007,raw/who.gho.mdg-0000000007/2026/09/20260907T160930Z-3a49f2d0e7d2.json.gz,2
who.gho.mdg-0000000007,MDG_0000000007:TTO:SEX_MLE:AGEGROUP_YEARSUNDER5:WEALTHQUINTILE_TOTL,1970-01-01,2026-09-07T16:09:30Z,restated_at,2026-08-05,,who.gho.mdg-0000000007,raw/who.gho.mdg-0000000007/2026/09/20260907T160930Z-3a49f2d0e7d2.json.gz,2
who.gho.mdg-0000000007,MDG_0000000007:TTO:SEX_MLE:AGEGROUP_YEARSUNDER5:WEALTHQUINTILE_TOTL,1970-01-01,2026-09-07T16:09:30Z,value,55.675466368,,who.gho.mdg-0000000007,raw/who.gho.mdg-0000000007/2026/09/20260907T160930Z-3a49f2d0e7d2.json.gz,2
who.gho.mdg-0000000007,MDG_0000000007:TUN:SEX_BTSX:AGEGROUP_YEARSUNDER5:WEALTHQUINTILE_TOTL,1970-01-01,2026-09-07T16:05:09Z,high,199.683687627,,who.gho.mdg-0000000007,raw/who.gho.mdg-0000000007/2026/09/20260907T160509Z-9066130499c7.json.gz,2
who.gho.mdg-0000000007,MDG_0000000007:TUN:SEX_BTSX:AGEGROUP_YEARSUNDER5:WEALTHQUINTILE_TOTL,1970-01-01,2026-09-07T16:05:09Z,low,163.753329888,,who.gho.mdg-0000000007,raw/who.gho.mdg-0000000007/2026/09/20260907T160509Z-9066130499c7.json.gz,2
who.gho.mdg-0000000007,MDG_0000000007:TUN:SEX_BTSX:AGEGROUP_YEARSUNDER5:WEALTHQUINTILE_TOTL,1970-01-01,2026-09-07T16:05:09Z,restated_at,2026-08-05,,who.gho.mdg-0000000007,raw/who.gho.mdg-0000000007/2026/09/20260907T160509Z-9066130499c7.json.gz,2
who.gho.mdg-0000000007,MDG_0000000007:TUN:SEX_BTSX:AGEGROUP_YEARSUNDER5:WEALTHQUINTILE_TOTL,1970-01-01,2026-09-07T16:05:09Z,value,180.940517213,,who.gho.mdg-0000000007,raw/who.gho.mdg-0000000007/2026/09/20260907T160509Z-9066130499c7.json.gz,2
who.gho.mdg-0000000007,MDG_0000000007:TUN:SEX_FMLE:AGEGROUP_YEARSUNDER5:WEALTHQUINTILE_TOTL,1970-01-01,2026-09-07T16:08:54Z,high,197.262095,,who.gho.mdg-0000000007,raw/who.gho.mdg-0000000007/2026/09/20260907T160854Z-e3873ac72928.json.gz,2
who.gho.mdg-0000000007,MDG_0000000007:TUN:SEX_FMLE:AGEGROUP_YEARSUNDER5:WEALTHQUINTILE_TOTL,1970-01-01,2026-09-07T16:08:54Z,low,160.741223042,,who.gho.mdg-0000000007,raw/who.gho.mdg-0000000007/2026/09/20260907T160854Z-e3873ac72928.json.gz,2
who.gho.mdg-0000000007,MDG_0000000007:TUN:SEX_FMLE:AGEGROUP_YEARSUNDER5:WEALTHQUINTILE_TOTL,1970-01-01,2026-09-07T16:08:54Z,restated_at,2026-08-05,,who.gho.mdg-0000000007,raw/who.gho.mdg-0000000007/2026/09/20260907T160854Z-e3873ac72928.json.gz,2
who.gho.mdg-0000000007,MDG_0000000007:TUN:SEX_FMLE:AGEGROUP_YEARSUNDER5:WEALTHQUINTILE_TOTL,1970-01-01,2026-09-07T16:08:54Z,value,178.005064458,,who.gho.mdg-0000000007,raw/who.gho.mdg-0000000007/2026/09/20260907T160854Z-e3873ac72928.json.gz,2
who.gho.mdg-0000000007,MDG_0000000007:TUN:SEX_MLE:AGEGROUP_YEARSUNDER5:WEALTHQUINTILE_TOTL,1970-01-01,2026-09-07T16:11:14Z,high,203.70921804,,who.gho.mdg-0000000007,raw/who.gho.mdg-0000000007/2026/09/20260907T161114Z-c1ae2408f442.json.gz,2
who.gho.mdg-0000000007,MDG_0000000007:TUN:SEX_MLE:AGEGROUP_YEARSUNDER5:WEALTHQUINTILE_TOTL,1970-01-01,2026-09-07T16:11:14Z,low,165.95756757,,who.gho.mdg-0000000007,raw/who.gho.mdg-0000000007/2026/09/20260907T161114Z-c1ae2408f442.json.gz,2
who.gho.mdg-0000000007,MDG_0000000007:TUN:SEX_MLE:AGEGROUP_YEARSUNDER5:WEALTHQUINTILE_TOTL,1970-01-01,2026-09-07T16:11:14Z,restated_at,2026-08-05,,who.gho.mdg-0000000007,raw/who.gho.mdg-0000000007/2026/09/20260907T161114Z-c1ae2408f442.json.gz,2
who.gho.mdg-0000000007,MDG_0000000007:TUN:SEX_MLE:AGEGROUP_YEARSUNDER5:WEALTHQUINTILE_TOTL,1970-01-01,2026-09-07T16:11:14Z,value,183.74742842,,who.gho.mdg-0000000007,raw/who.gho.mdg-0000000007/2026/09/20260907T161114Z-c1ae2408f442.json.gz,2
who.gho.mdg-0000000007,MDG_0000000007:TUR:SEX_BTSX:AGEGROUP_YEARSUNDER5:WEALTHQUINTILE_TOTL,1970-01-01,2026-09-07T16:05:22Z,high,198.774113888,,who.gho.mdg-0000000007,raw/who.gho.mdg-0000000007/2026/09/20260907T160522Z-2bd49e664eea.json.gz,2
who.gho.mdg-0000000007,MDG_0000000007:TUR:SEX_BTSX:AGEGROUP_YEARSUNDER5:WEALTHQUINTILE_TOTL,1970-01-01,2026-09-07T16:05:22Z,low,173.496910614,,who.gho.mdg-0000000007,raw/who.gho.mdg-0000000007/2026/09/20260907T160522Z-2bd49e664eea.json.gz,2
who.gho.mdg-0000000007,MDG_0000000007:TUR:SEX_BTSX:AGEGROUP_YEARSUNDER5:WEALTHQUINTILE_TOTL,1970-01-01,2026-09-07T16:05:22Z,restated_at,2026-08-05,,who.gho.mdg-0000000007,raw/who.gho.mdg-0000000007/2026/09/20260907T160522Z-2bd49e664eea.json.gz,2
who.gho.mdg-0000000007,MDG_0000000007:TUR:SEX_BTSX:AGEGROUP_YEARSUNDER5:WEALTHQUINTILE_TOTL,1970-01-01,2026-09-07T16:05:22Z,value,185.640607995,,who.gho.mdg-0000000007,raw/who.gho.mdg-0000000007/2026/09/20260907T160522Z-2bd49e664eea.json.gz,2
who.gho.mdg-0000000007,MDG_0000000007:TUR:SEX_FMLE:AGEGROUP_YEARSUNDER5:WEALTHQUINTILE_TOTL,1970-01-01,2026-09-07T16:10:37Z,high,194.854369408,,who.gho.mdg-0000000007,raw/who.gho.mdg-0000000007/2026/09/20260907T161037Z-dfd3d6a5a745.json.gz,2
who.gho.mdg-0000000007,MDG_0000000007:TUR:SEX_FMLE:AGEGROUP_YEARSUNDER5:WEALTHQUINTILE_TOTL,1970-01-01,2026-09-07T16:10:37Z,low,168.517152945,,who.gho.mdg-0000000007,raw/who.gho.mdg-0000000007/2026/09/20260907T161037Z-dfd3d6a5a745.json.gz,2
who.gho.mdg-0000000007,MDG_0000000007:TUR:SEX_FMLE:AGEGROUP_YEARSUNDER5:WEALTHQUINTILE_TOTL,1970-01-01,2026-09-07T16:10:37Z,restated_at,2026-08-05,,who.gho.mdg-0000000007,raw/who.gho.mdg-0000000007/2026/09/20260907T161037Z-dfd3d6a5a745.json.gz,2
who.gho.mdg-0000000007,MDG_0000000007:TUR:SEX_FMLE:AGEGROUP_YEARSUNDER5:WEALTHQUINTILE_TOTL,1970-01-01,2026-09-07T16:10:37Z,value,181.125811726,,who.gho.mdg-0000000007,raw/who.gho.mdg-0000000007/2026/09/20260907T161037Z-dfd3d6a5a745.json.gz,2
who.gho.mdg-0000000007,MDG_0000000007:TUR:SEX_MLE:AGEGROUP_YEARSUNDER5:WEALTHQUINTILE_TOTL,1970-01-01,2026-09-07T16:09:18Z,high,203.947422623,,who.gho.mdg-0000000007,raw/who.gho.mdg-0000000007/2026/09/20260907T160918Z-1f3ac080847d.json.gz,2
who.gho.mdg-0000000007,MDG_0000000007:TUR:SEX_MLE:AGEGROUP_YEARSUNDER5:WEALTHQUINTILE_TOTL,1970-01-01,2026-09-07T16:09:18Z,low,176.947265483,,who.gho.mdg-0000000007,raw/who.gho.mdg-0000000007/2026/09/20260907T160918Z-1f3ac080847d.json.gz,2
who.gho.mdg-0000000007,MDG_0000000007:TUR:SEX_MLE:AGEGROUP_YEARSUNDER5:WEALTHQUINTILE_TOTL,1970-01-01,2026-09-07T16:09:18Z,restated_at,2026-08-05,,who.gho.mdg-0000000007,raw/who.gho.mdg-0000000007/2026/09/20260907T160918Z-1f3ac080847d.json.gz,2
who.gho.mdg-0000000007,MDG_0000000007:TUR:SEX_MLE:AGEGROUP_YEARSUNDER5:WEALTHQUINTILE_TOTL,1970-01-01,2026-09-07T16:09:18Z,value,190.022279915,,who.gho.mdg-0000000007,raw/who.gho.mdg-0000000007/2026/09/20260907T160918Z-1f3ac080847d.json.gz,2
who.gho.mdg-0000000007,MDG_0000000007:TUV:SEX_BTSX:AGEGROUP_YEARSUNDER5:WEALTHQUINTILE_TOTL,1970-01-01,2026-09-07T16:09:03Z,high,127.103927713,,who.gho.mdg-0000000007,raw/who.gho.mdg-0000000007/2026/09/20260907T160903Z-df09845b881e.json.gz,2
who.gho.mdg-0000000007,MDG_0000000007:TUV:SEX_BTSX:AGEGROUP_YEARSUNDER5:WEALTHQUINTILE_TOTL,1970-01-01,2026-09-07T16:09:03Z,low,95.832766926,,who.gho.mdg-0000000007,raw/who.gho.mdg-0000000007/2026/09/20260907T160903Z-df09845b881e.json.gz,2
who.gho.mdg-0000000007,MDG_0000000007:TUV:SEX_BTSX:AGEGROUP_YEARSUNDER5:WEALTHQUINTILE_TOTL,1970-01-01,2026-09-07T16:09:03Z,restated_at,2026-08-05,,who.gho.mdg-0000000007,raw/who.gho.mdg-0000000007/2026/09/20260907T160903Z-df09845b881e.json.gz,2
who.gho.mdg-0000000007,MDG_0000000007:TUV:SEX_BTSX:AGEGROUP_YEARSUNDER5:WEALTHQUINTILE_TOTL,1970-01-01,2026-09-07T16:09:03Z,value,110.535590042,,who.gho.mdg-0000000007,raw/who.gho.mdg-0000000007/2026/09/20260907T160903Z-df09845b881e.json.gz,2
who.gho.mdg-0000000007,MDG_0000000007:TUV:SEX_FMLE:AGEGROUP_YEARSUNDER5:WEALTHQUINTILE_TOTL,1970-01-01,2026-09-07T16:10:07Z,high,116.306346136,,who.gho.mdg-0000000007,raw/who.gho.mdg-0000000007/2026/09/20260907T161007Z-28c6cde3082c.json.gz,2
who.gho.mdg-0000000007,MDG_0000000007:TUV:SEX_FMLE:AGEGROUP_YEARSUNDER5:WEALTHQUINTILE_TOTL,1970-01-01,2026-09-07T16:10:07Z,low,86.479205979,,who.gho.mdg-0000000007,raw/who.gho.mdg-0000000007/2026/09/20260907T161007Z-28c6cde3082c.json.gz,2
who.gho.mdg-0000000007,MDG_0000000007:TUV:SEX_FMLE:AGEGROUP_YEARSUNDER5:WEALTHQUINTILE_TOTL,1970-01-01,2026-09-07T16:10:07Z,restated_at,2026-08-05,,who.gho.mdg-0000000007,raw/who.gho.mdg-0000000007/2026/09/20260907T161007Z-28c6cde3082c.json.gz,2
who.gho.mdg-0000000007,MDG_0000000007:TUV:SEX_FMLE:AGEGROUP_YEARSUNDER5:WEALTHQUINTILE_TOTL,1970-01-01,2026-09-07T16:10:07Z,value,100.331976582,,who.gho.mdg-0000000007,raw/who.gho.mdg-0000000007/2026/09/20260907T161007Z-28c6cde3082c.json.gz,2
who.gho.mdg-0000000007,MDG_0000000007:TUV:SEX_MLE:AGEGROUP_YEARSUNDER5:WEALTHQUINTILE_TOTL,1970-01-01,2026-09-07T16:09:51Z,high,138.833891738,,who.gho.mdg-0000000007,raw/who.gho.mdg-0000000007/2026/09/20260907T160951Z-f1aadb832125.json.gz,2
who.gho.mdg-0000000007,MDG_0000000007:TUV:SEX_MLE:AGEGROUP_YEARSUNDER5:WEALTHQUINTILE_TOTL,1970-01-01,2026-09-07T16:09:51Z,low,103.832037898,,who.gho.mdg-0000000007,raw/who.gho.mdg-0000000007/2026/09/20260907T160951Z-f1aadb832125.json.gz,2
who.gho.mdg-0000000007,MDG_0000000007:TUV:SEX_MLE:AGEGROUP_YEARSUNDER5:WEALTHQUINTILE_TOTL,1970-01-01,2026-09-07T16:09:51Z,restated_at,2026-08-05,,who.gho.mdg-0000000007,raw/who.gho.mdg-0000000007/2026/09/20260907T160951Z-f1aadb832125.json.gz,2
who.gho.mdg-0000000007,MDG_0000000007:TUV:SEX_MLE:AGEGROUP_YEARSUNDER5:WEALTHQUINTILE_TOTL,1970-01-01,2026-09-07T16:09:51Z,value,120.226184026,,who.gho.mdg-0000000007,raw/who.gho.mdg-0000000007/2026/09/20260907T160951Z-f1aadb832125.json.gz,2
who.gho.mdg-0000000007,MDG_0000000007:TZA:SEX_BTSX:AGEGROUP_YEARSUNDER5:WEALTHQUINTILE_TOTL,1970-01-01,2026-09-07T16:08:54Z,high,236.595997725,,who.gho.mdg-0000000007,raw/who.gho.mdg-0000000007/2026/09/20260907T160854Z-e3873ac72928.json.gz,2
who.gho.mdg-0000000007,MDG_0000000007:TZA:SEX_BTSX:AGEGROUP_YEARSUNDER5:WEALTHQUINTILE_TOTL,1970-01-01,2026-09-07T16:08:54Z,low,195.752417655,,who.gho.mdg-0000000007,raw/who.gho.mdg-0000000007/2026/09/20260907T160854Z-e3873ac72928.json.gz,2
who.gho.mdg-0000000007,MDG_0000000007:TZA:SEX_BTSX:AGEGROUP_YEARSUNDER5:WEALTHQUINTILE_TOTL,1970-01-01,2026-09-07T16:08:54Z,restated_at,2026-08-05,,who.gho.mdg-0000000007,raw/who.gho.mdg-0000000007/2026/09/20260907T160854Z-e3873ac72928.json.gz,2
who.gho.mdg-0000000007,MDG_0000000007:TZA:SEX_BTSX:AGEGROUP_YEARSUNDER5:WEALTHQUINTILE_TOTL,1970-01-01,2026-09-07T16:08:54Z,value,215.001570343,,who.gho.mdg-0000000007,raw/who.gho.mdg-0000000007/2026/09/20260907T160854Z-e3873ac72928.json.gz,2
who.gho.mdg-0000000007,MDG_0000000007:TZA:SEX_FMLE:AGEGROUP_YEARSUNDER5:WEALTHQUINTILE_TOTL,1970-01-01,2026-09-07T16:09:51Z,high,228.264916544,,who.gho.mdg-0000000007,raw/who.gho.mdg-0000000007/2026/09/20260907T160951Z-f1aadb832125.json.gz,2
who.gho.mdg-0000000007,MDG_0000000007:TZA:SEX_FMLE:AGEGROUP_YEARSUNDER5:WEALTHQUINTILE_TOTL,1970-01-01,2026-09-07T16:09:51Z,low,187.212786014,,who.gho.mdg-0000000007,raw/who.gho.mdg-0000000007/2026/09/20260907T160951Z-f1aadb832125.json.gz,2
who.gho.mdg-0000000007,MDG_0000000007:TZA:SEX_FMLE:AGEGROUP_YEARSUNDER5:WEALTHQUINTILE_TOTL,1970-01-01,2026-09-07T16:09:51Z,restated_at,2026-08-05,,who.gho.mdg-0000000007,raw/who.gho.mdg-0000000007/2026/09/20260907T160951Z-f1aadb832125.json.gz,2
who.gho.mdg-0000000007,MDG_0000000007:TZA:SEX_FMLE:AGEGROUP_YEARSUNDER5:WEALTHQUINTILE_TOTL,1970-01-01,2026-09-07T16:09:51Z,value,206.470163791,,who.gho.mdg-0000000007,raw/who.gho.mdg-0000000007/2026/09/20260907T160951Z-f1aadb832125.json.gz,2
who.gho.mdg-0000000007,MDG_0000000007:TZA:SEX_MLE:AGEGROUP_YEARSUNDER5:WEALTHQUINTILE_TOTL,1970-01-01,2026-09-07T16:08:45Z,high,246.105484559,,who.gho.mdg-0000000007,raw/who.gho.mdg-0000000007/2026/09/20260907T160845Z-9b23f1f1b45b.json.gz,2
who.gho.mdg-0000000007,MDG_0000000007:TZA:SEX_MLE:AGEGROUP_YEARSUNDER5:WEALTHQUINTILE_TOTL,1970-01-01,2026-09-07T16:08:45Z,low,202.465579706,,who.gho.mdg-0000000007,raw/who.gho.mdg-0000000007/2026/09/20260907T160845Z-9b23f1f1b45b.json.gz,2
who.gho.mdg-0000000007,MDG_0000000007:TZA:SEX_MLE:AGEGROUP_YEARSUNDER5:WEALTHQUINTILE_TOTL,1970-01-01,2026-09-07T16:08:45Z,restated_at,2026-08-05,,who.gho.mdg-0000000007,raw/who.gho.mdg-0000000007/2026/09/20260907T160845Z-9b23f1f1b45b.json.gz,2
who.gho.mdg-0000000007,MDG_0000000007:TZA:SEX_MLE:AGEGROUP_YEARSUNDER5:WEALTHQUINTILE_TOTL,1970-01-01,2026-09-07T16:08:45Z,value,223.188156257,,who.gho.mdg-0000000007,raw/who.gho.mdg-0000000007/2026/09/20260907T160845Z-9b23f1f1b45b.json.gz,2
who.gho.mdg-0000000007,MDG_0000000007:UGA:SEX_BTSX:AGEGROUP_YEARSUNDER5:WEALTHQUINTILE_TOTL,1970-01-01,2026-09-07T16:10:12Z,high,218.854782989,,who.gho.mdg-0000000007,raw/who.gho.mdg-0000000007/2026/09/20260907T161012Z-af10f639113a.json.gz,2
who.gho.mdg-0000000007,MDG_0000000007:UGA:SEX_BTSX:AGEGROUP_YEARSUNDER5:WEALTHQUINTILE_TOTL,1970-01-01,2026-09-07T16:10:12Z,low,172.260937197,,who.gho.mdg-0000000007,raw/who.gho.mdg-0000000007/2026/09/20260907T161012Z-af10f639113a.json.gz,2
who.gho.mdg-0000000007,MDG_0000000007:UGA:SEX_BTSX:AGEGROUP_YEARSUNDER5:WEALTHQUINTILE_TOTL,1970-01-01,2026-09-07T16:10:12Z,restated_at,2026-08-05,,who.gho.mdg-0000000007,raw/who.gho.mdg-0000000007/2026/09/20260907T161012Z-af10f639113a.json.gz,2
who.gho.mdg-0000000007,MDG_0000000007:UGA:SEX_BTSX:AGEGROUP_YEARSUNDER5:WEALTHQUINTILE_TOTL,1970-01-01,2026-09-07T16:10:12Z,value,194.522713833,,who.gho.mdg-0000000007,raw/who.gho.mdg-0000000007/2026/09/20260907T161012Z-af10f639113a.json.gz,2
who.gho.mdg-0000000007,MDG_0000000007:UGA:SEX_FMLE:AGEGROUP_YEARSUNDER5:WEALTHQUINTILE_TOTL,1970-01-01,2026-09-07T16:08:54Z,high,204.675186387,,who.gho.mdg-0000000007,raw/who.gho.mdg-0000000007/2026/09/20260907T160854Z-e3873ac72928.json.gz,2
who.gho.mdg-0000000007,MDG_0000000007:UGA:SEX_FMLE:AGEGROUP_YEARSUNDER5:WEALTHQUINTILE_TOTL,1970-01-01,2026-09-07T16:08:54Z,low,160.088795527,,who.gho.mdg-0000000007,raw/who.gho.mdg-0000000007/2026/09/20260907T160854Z-e3873ac72928.json.gz,2
who.gho.mdg-0000000007,MDG_0000000007:UGA:SEX_FMLE:AGEGROUP_YEARSUNDER5:WEALTHQUINTILE_TOTL,1970-01-01,2026-09-07T16:08:54Z,restated_at,2026-08-05,,who.gho.mdg-0000000007,raw/who.gho.mdg-0000000007/2026/09/20260907T160854Z-e3873ac72928.json.gz,2
who.gho.mdg-0000000007,MDG_0000000007:UGA:SEX_FMLE:AGEGROUP_YEARSUNDER5:WEALTHQUINTILE_TOTL,1970-01-01,2026-09-07T16:08:54Z,value,181.432392566,,who.gho.mdg-0000000007,raw/who.gho.mdg-0000000007/2026/09/20260907T160854Z-e3873ac72928.json.gz,2
who.gho.mdg-0000000007,MDG_0000000007:UGA:SEX_MLE:AGEGROUP_YEARSUNDER5:WEALTHQUINTILE_TOTL,1970-01-01,2026-09-07T16:06:21Z,high,233.419269659,,who.gho.mdg-0000000007,raw/who.gho.mdg-0000000007/2026/09/20260907T160621Z-1819ad2538c7.json.gz,2
who.gho.mdg-0000000007,MDG_0000000007:UGA:SEX_MLE:AGEGROUP_YEARSUNDER5:WEALTHQUINTILE_TOTL,1970-01-01,2026-09-07T16:06:21Z,low,182.71893889,,who.gho.mdg-0000000007,raw/who.gho.mdg-0000000007/2026/09/20260907T160621Z-1819ad2538c7.json.gz,2
who.gho.mdg-0000000007,MDG_0000000007:UGA:SEX_MLE:AGEGROUP_YEARSUNDER5:WEALTHQUINTILE_TOTL,1970-01-01,2026-09-07T16:06:21Z,restated_at,2026-08-05,,who.gho.mdg-0000000007,raw/who.gho.mdg-0000000007/2026/09/20260907T160621Z-1819ad2538c7.json.gz,2
who.gho.mdg-0000000007,MDG_0000000007:UGA:SEX_MLE:AGEGROUP_YEARSUNDER5:WEALTHQUINTILE_TOTL,1970-01-01,2026-09-07T16:06:21Z,value,206.701373223,,who.gho.mdg-0000000007,raw/who.gho.mdg-0000000007/2026/09/20260907T160621Z-1819ad2538c7.json.gz,2
who.gho.mdg-0000000007,MDG_0000000007:URY:SEX_BTSX:AGEGROUP_YEARSUNDER5:WEALTHQUINTILE_TOTL,1970-01-01,2026-09-07T16:09:08Z,high,55.139488713,,who.gho.mdg-0000000007,raw/who.gho.mdg-0000000007/2026/09/20260907T160908Z-96acbc2bc7cb.json.gz,2
who.gho.mdg-0000000007,MDG_0000000007:URY:SEX_BTSX:AGEGROUP_YEARSUNDER5:WEALTHQUINTILE_TOTL,1970-01-01,2026-09-07T16:09:08Z,low,53.163164292,,who.gho.mdg-0000000007,raw/who.gho.mdg-0000000007/2026/09/20260907T160908Z-96acbc2bc7cb.json.gz,2
who.gho.mdg-0000000007,MDG_0000000007:URY:SEX_BTSX:AGEGROUP_YEARSUNDER5:WEALTHQUINTILE_TOTL,1970-01-01,2026-09-07T16:09:08Z,restated_at,2026-08-05,,who.gho.mdg-0000000007,raw/who.gho.mdg-0000000007/2026/09/20260907T160908Z-96acbc2bc7cb.json.gz,2
who.gho.mdg-0000000007,MDG_0000000007:URY:SEX_BTSX:AGEGROUP_YEARSUNDER5:WEALTHQUINTILE_TOTL,1970-01-01,2026-09-07T16:09:08Z,value,54.140085063,,who.gho.mdg-0000000007,raw/who.gho.mdg-0000000007/2026/09/20260907T160908Z-96acbc2bc7cb.json.gz,2
who.gho.mdg-0000000007,MDG_0000000007:URY:SEX_FMLE:AGEGROUP_YEARSUNDER5:WEALTHQUINTILE_TOTL,1970-01-01,2026-09-07T16:08:59Z,high,49.172863472,,who.gho.mdg-0000000007,raw/who.gho.mdg-0000000007/2026/09/20260907T160859Z-81b3460c41a8.json.gz,2
who.gho.mdg-0000000007,MDG_0000000007:URY:SEX_FMLE:AGEGROUP_YEARSUNDER5:WEALTHQUINTILE_TOTL,1970-01-01,2026-09-07T16:08:59Z,low,46.920573201,,who.gho.mdg-0000000007,raw/who.gho.mdg-0000000007/2026/09/20260907T160859Z-81b3460c41a8.json.gz,2
who.gho.mdg-0000000007,MDG_0000000007:URY:SEX_FMLE:AGEGROUP_YEARSUNDER5:WEALTHQUINTILE_TOTL,1970-01-01,2026-09-07T16:08:59Z,restated_at,2026-08-05,,who.gho.mdg-0000000007,raw/who.gho.mdg-0000000007/2026/09/20260907T160859Z-81b3460c41a8.json.gz,2
who.gho.mdg-0000000007,MDG_0000000007:URY:SEX_FMLE:AGEGROUP_YEARSUNDER5:WEALTHQUINTILE_TOTL,1970-01-01,2026-09-07T16:08:59Z,value,48.048601893,,who.gho.mdg-0000000007,raw/who.gho.mdg-0000000007/2026/09/20260907T160859Z-81b3460c41a8.json.gz,2
who.gho.mdg-0000000007,MDG_0000000007:URY:SEX_MLE:AGEGROUP_YEARSUNDER5:WEALTHQUINTILE_TOTL,1970-01-01,2026-09-07T16:09:13Z,high,61.242699784,,who.gho.mdg-0000000007,raw/who.gho.mdg-0000000007/2026/09/20260907T160913Z-86e8fac132bd.json.gz,2
who.gho.mdg-0000000007,MDG_0000000007:URY:SEX_MLE:AGEGROUP_YEARSUNDER5:WEALTHQUINTILE_TOTL,1970-01-01,2026-09-07T16:09:13Z,low,58.686687204,,who.gho.mdg-0000000007,raw/who.gho.mdg-0000000007/2026/09/20260907T160913Z-86e8fac132bd.json.gz,2
who.gho.mdg-0000000007,MDG_0000000007:URY:SEX_MLE:AGEGROUP_YEARSUNDER5:WEALTHQUINTILE_TOTL,1970-01-01,2026-09-07T16:09:13Z,restated_at,2026-08-05,,who.gho.mdg-0000000007,raw/who.gho.mdg-0000000007/2026/09/20260907T160913Z-86e8fac132bd.json.gz,2
who.gho.mdg-0000000007,MDG_0000000007:URY:SEX_MLE:AGEGROUP_YEARSUNDER5:WEALTHQUINTILE_TOTL,1970-01-01,2026-09-07T16:09:13Z,value,59.945528169,,who.gho.mdg-0000000007,raw/who.gho.mdg-0000000007/2026/09/20260907T160913Z-86e8fac132bd.json.gz,2
who.gho.mdg-0000000007,MDG_0000000007:USA:SEX_BTSX:AGEGROUP_YEARSUNDER5:WEALTHQUINTILE_TOTL,1970-01-01,2026-09-07T16:10:33Z,high,23.635886917,,who.gho.mdg-0000000007,raw/who.gho.mdg-0000000007/2026/09/20260907T161033Z-0396663e197a.json.gz,2
who.gho.mdg-0000000007,MDG_0000000007:USA:SEX_BTSX:AGEGROUP_YEARSUNDER5:WEALTHQUINTILE_TOTL,1970-01-01,2026-09-07T16:10:33Z,low,22.87883021,,who.gho.mdg-0000000007,raw/who.gho.mdg-0000000007/2026/09/20260907T161033Z-0396663e197a.json.gz,2
who.gho.mdg-0000000007,MDG_0000000007:USA:SEX_BTSX:AGEGROUP_YEARSUNDER5:WEALTHQUINTILE_TOTL,1970-01-01,2026-09-07T16:10:33Z,restated_at,2026-08-05,,who.gho.mdg-0000000007,raw/who.gho.mdg-0000000007/2026/09/20260907T161033Z-0396663e197a.json.gz,2
who.gho.mdg-0000000007,MDG_0000000007:USA:SEX_BTSX:AGEGROUP_YEARSUNDER5:WEALTHQUINTILE_TOTL,1970-01-01,2026-09-07T16:10:33Z,value,23.251597954,,who.gho.mdg-0000000007,raw/who.gho.mdg-0000000007/2026/09/20260907T161033Z-0396663e197a.json.gz,2
who.gho.mdg-0000000007,MDG_0000000007:USA:SEX_FMLE:AGEGROUP_YEARSUNDER5:WEALTHQUINTILE_TOTL,1970-01-01,2026-09-07T16:06:11Z,high,20.73483546,,who.gho.mdg-0000000007,raw/who.gho.mdg-0000000007/2026/09/20260907T160611Z-e868f3030ca5.json.gz,2
who.gho.mdg-0000000007,MDG_0000000007:USA:SEX_FMLE:AGEGROUP_YEARSUNDER5:WEALTHQUINTILE_TOTL,1970-01-01,2026-09-07T16:06:11Z,low,20.038379204,,who.gho.mdg-0000000007,raw/who.gho.mdg-0000000007/2026/09/20260907T160611Z-e868f3030ca5.json.gz,2
who.gho.mdg-0000000007,MDG_0000000007:USA:SEX_FMLE:AGEGROUP_YEARSUNDER5:WEALTHQUINTILE_TOTL,1970-01-01,2026-09-07T16:06:11Z,restated_at,2026-08-05,,who.gho.mdg-0000000007,raw/who.gho.mdg-0000000007/2026/09/20260907T160611Z-e868f3030ca5.json.gz,2
who.gho.mdg-0000000007,MDG_0000000007:USA:SEX_FMLE:AGEGROUP_YEARSUNDER5:WEALTHQUINTILE_TOTL,1970-01-01,2026-09-07T16:06:11Z,value,20.382720098,,who.gho.mdg-0000000007,raw/who.gho.mdg-0000000007/2026/09/20260907T160611Z-e868f3030ca5.json.gz,2
who.gho.mdg-0000000007,MDG_0000000007:USA:SEX_MLE:AGEGROUP_YEARSUNDER5:WEALTHQUINTILE_TOTL,1970-01-01,2026-09-07T16:10:12Z,high,26.417360251,,who.gho.mdg-0000000007,raw/who.gho.mdg-0000000007/2026/09/20260907T161012Z-af10f639113a.json.gz,2
who.gho.mdg-0000000007,MDG_0000000007:USA:SEX_MLE:AGEGROUP_YEARSUNDER5:WEALTHQUINTILE_TOTL,1970-01-01,2026-09-07T16:10:12Z,low,25.552774414,,who.gho.mdg-0000000007,raw/who.gho.mdg-0000000007/2026/09/20260907T161012Z-af10f639113a.json.gz,2
who.gho.mdg-0000000007,MDG_0000000007:USA:SEX_MLE:AGEGROUP_YEARSUNDER5:WEALTHQUINTILE_TOTL,1970-01-01,2026-09-07T16:10:12Z,restated_at,2026-08-05,,who.gho.mdg-0000000007,raw/who.gho.mdg-0000000007/2026/09/20260907T161012Z-af10f639113a.json.gz,2
who.gho.mdg-0000000007,MDG_0000000007:USA:SEX_MLE:AGEGROUP_YEARSUNDER5:WEALTHQUINTILE_TOTL,1970-01-01,2026-09-07T16:10:12Z,value,25.984983059,,who.gho.mdg-0000000007,raw/who.gho.mdg-0000000007/2026/09/20260907T161012Z-af10f639113a.json.gz,2
who.gho.mdg-0000000007,MDG_0000000007:VCT:SEX_BTSX:AGEGROUP_YEARSUNDER5:WEALTHQUINTILE_TOTL,1970-01-01,2026-09-07T16:09:54Z,high,69.113109562,,who.gho.mdg-0000000007,raw/who.gho.mdg-0000000007/2026/09/20260907T160954Z-3426e3999bb4.json.gz,2
who.gho.mdg-0000000007,MDG_0000000007:VCT:SEX_BTSX:AGEGROUP_YEARSUNDER5:WEALTHQUINTILE_TOTL,1970-01-01,2026-09-07T16:09:54Z,low,59.549251701,,who.gho.mdg-0000000007,raw/who.gho.mdg-0000000007/2026/09/20260907T160954Z-3426e3999bb4.json.gz,2
who.gho.mdg-0000000007,MDG_0000000007:VCT:SEX_BTSX:AGEGROUP_YEARSUNDER5:WEALTHQUINTILE_TOTL,1970-01-01,2026-09-07T16:09:54Z,restated_at,2026-08-05,,who.gho.mdg-0000000007,raw/who.gho.mdg-0000000007/2026/09/20260907T160954Z-3426e3999bb4.json.gz,2
who.gho.mdg-0000000007,MDG_0000000007:VCT:SEX_BTSX:AGEGROUP_YEARSUNDER5:WEALTHQUINTILE_TOTL,1970-01-01,2026-09-07T16:09:54Z,value,64.212849575,,who.gho.mdg-0000000007,raw/who.gho.mdg-0000000007/2026/09/20260907T160954Z-3426e3999bb4.json.gz,2
who.gho.mdg-0000000007,MDG_0000000007:VCT:SEX_FMLE:AGEGROUP_YEARSUNDER5:WEALTHQUINTILE_TOTL,1970-01-01,2026-09-07T16:06:02Z,high,64.806831447,,who.gho.mdg-0000000007,raw/who.gho.mdg-0000000007/2026/09/20260907T160602Z-1adff4f5f376.json.gz,2
who.gho.mdg-0000000007,MDG_0000000007:VCT:SEX_FMLE:AGEGROUP_YEARSUNDER5:WEALTHQUINTILE_TOTL,1970-01-01,2026-09-07T16:06:02Z,low,55.189817032,,who.gho.mdg-0000000007,raw/who.gho.mdg-0000000007/2026/09/20260907T160602Z-1adff4f5f376.json.gz,2
who.gho.mdg-0000000007,MDG_0000000007:VCT:SEX_FMLE:AGEGROUP_YEARSUNDER5:WEALTHQUINTILE_TOTL,1970-01-01,2026-09-07T16:06:02Z,restated_at,2026-08-05,,who.gho.mdg-0000000007,raw/who.gho.mdg-0000000007/2026/09/20260907T160602Z-1adff4f5f376.json.gz,2
who.gho.mdg-0000000007,MDG_0000000007:VCT:SEX_FMLE:AGEGROUP_YEARSUNDER5:WEALTHQUINTILE_TOTL,1970-01-01,2026-09-07T16:06:02Z,value,59.804895192,,who.gho.mdg-0000000007,raw/who.gho.mdg-0000000007/2026/09/20260907T160602Z-1adff4f5f376.json.gz,2
who.gho.mdg-0000000007,MDG_0000000007:VCT:SEX_MLE:AGEGROUP_YEARSUNDER5:WEALTHQUINTILE_TOTL,1970-01-01,2026-09-07T16:06:21Z,high,73.989048121,,who.gho.mdg-0000000007,raw/who.gho.mdg-0000000007/2026/09/20260907T160621Z-1819ad2538c7.json.gz,2
who.gho.mdg-0000000007,MDG_0000000007:VCT:SEX_MLE:AGEGROUP_YEARSUNDER5:WEALTHQUINTILE_TOTL,1970-01-01,2026-09-07T16:06:21Z,low,63.140814487,,who.gho.mdg-0000000007,raw/who.gho.mdg-0000000007/2026/09/20260907T160621Z-1819ad2538c7.json.gz,2
who.gho.mdg-0000000007,MDG_0000000007:VCT:SEX_MLE:AGEGROUP_YEARSUNDER5:WEALTHQUINTILE_TOTL,1970-01-01,2026-09-07T16:06:21Z,restated_at,2026-08-05,,who.gho.mdg-0000000007,raw/who.gho.mdg-0000000007/2026/09/20260907T160621Z-1819ad2538c7.json.gz,2
who.gho.mdg-0000000007,MDG_0000000007:VCT:SEX_MLE:AGEGROUP_YEARSUNDER5:WEALTHQUINTILE_TOTL,1970-01-01,2026-09-07T16:06:21Z,value,68.405381485,,who.gho.mdg-0000000007,raw/who.gho.mdg-0000000007/2026/09/20260907T160621Z-1819ad2538c7.json.gz,2
who.gho.mdg-0000000007,MDG_0000000007:VEN:SEX_BTSX:AGEGROUP_YEARSUNDER5:WEALTHQUINTILE_TOTL,1970-01-01,2026-09-07T16:05:38Z,high,69.663978877,,who.gho.mdg-0000000007,raw/who.gho.mdg-0000000007/2026/09/20260907T160538Z-28a5f6808180.json.gz,2
who.gho.mdg-0000000007,MDG_0000000007:VEN:SEX_BTSX:AGEGROUP_YEARSUNDER5:WEALTHQUINTILE_TOTL,1970-01-01,2026-09-07T16:05:38Z,low,56.247219516,,who.gho.mdg-0000000007,raw/who.gho.mdg-0000000007/2026/09/20260907T160538Z-28a5f6808180.json.gz,2
who.gho.mdg-0000000007,MDG_0000000007:VEN:SEX_BTSX:AGEGROUP_YEARSUNDER5:WEALTHQUINTILE_TOTL,1970-01-01,2026-09-07T16:05:38Z,restated_at,2026-08-05,,who.gho.mdg-0000000007,raw/who.gho.mdg-0000000007/2026/09/20260907T160538Z-28a5f6808180.json.gz,2
who.gho.mdg-0000000007,MDG_0000000007:VEN:SEX_BTSX:AGEGROUP_YEARSUNDER5:WEALTHQUINTILE_TOTL,1970-01-01,2026-09-07T16:05:38Z,value,63.0320136,,who.gho.mdg-0000000007,raw/who.gho.mdg-0000000007/2026/09/20260907T160538Z-28a5f6808180.json.gz,2
who.gho.mdg-0000000007,MDG_0000000007:VEN:SEX_FMLE:AGEGROUP_YEARSUNDER5:WEALTHQUINTILE_TOTL,1970-01-01,2026-09-07T16:05:38Z,high,63.832183703,,who.gho.mdg-0000000007,raw/who.gho.mdg-0000000007/2026/09/20260907T160538Z-28a5f6808180.json.gz,2
who.gho.mdg-0000000007,MDG_0000000007:VEN:SEX_FMLE:AGEGROUP_YEARSUNDER5:WEALTHQUINTILE_TOTL,1970-01-01,2026-09-07T16:05:38Z,low,50.891094347,,who.gho.mdg-0000000007,raw/who.gho.mdg-0000000007/2026/09/20260907T160538Z-28a5f6808180.json.gz,2
who.gho.mdg-0000000007,MDG_0000000007:VEN:SEX_FMLE:AGEGROUP_YEARSUNDER5:WEALTHQUINTILE_TOTL,1970-01-01,2026-09-07T16:05:38Z,restated_at,2026-08-05,,who.gho.mdg-0000000007,raw/who.gho.mdg-0000000007/2026/09/20260907T160538Z-28a5f6808180.json.gz,2
who.gho.mdg-0000000007,MDG_0000000007:VEN:SEX_FMLE:AGEGROUP_YEARSUNDER5:WEALTHQUINTILE_TOTL,1970-01-01,2026-09-07T16:05:38Z,value,57.367097568,,who.gho.mdg-0000000007,raw/who.gho.mdg-0000000007/2026/09/20260907T160538Z-28a5f6808180.json.gz,2
who.gho.mdg-0000000007,MDG_0000000007:VEN:SEX_MLE:AGEGROUP_YEARSUNDER5:WEALTHQUINTILE_TOTL,1970-01-01,2026-09-07T16:04:52Z,high,75.874334252,,who.gho.mdg-0000000007,raw/who.gho.mdg-0000000007/2026/09/20260907T160452Z-cad637d9cec2.json.gz,2
who.gho.mdg-0000000007,MDG_0000000007:VEN:SEX_MLE:AGEGROUP_YEARSUNDER5:WEALTHQUINTILE_TOTL,1970-01-01,2026-09-07T16:04:52Z,low,60.800295083,,who.gho.mdg-0000000007,raw/who.gho.mdg-0000000007/2026/09/20260907T160452Z-cad637d9cec2.json.gz,2
who.gho.mdg-0000000007,MDG_0000000007:VEN:SEX_MLE:AGEGROUP_YEARSUNDER5:WEALTHQUINTILE_TOTL,1970-01-01,2026-09-07T16:04:52Z,restated_at,2026-08-05,,who.gho.mdg-0000000007,raw/who.gho.mdg-0000000007/2026/09/20260907T160452Z-cad637d9cec2.json.gz,2
who.gho.mdg-0000000007,MDG_0000000007:VEN:SEX_MLE:AGEGROUP_YEARSUNDER5:WEALTHQUINTILE_TOTL,1970-01-01,2026-09-07T16:04:52Z,value,68.382646857,,who.gho.mdg-0000000007,raw/who.gho.mdg-0000000007/2026/09/20260907T160452Z-cad637d9cec2.json.gz,2
who.gho.mdg-0000000007,MDG_0000000007:VGB:SEX_BTSX:AGEGROUP_YEARSUNDER5:WEALTHQUINTILE_TOTL,1970-01-01,2026-09-07T16:05:31Z,high,58.814070995,,who.gho.mdg-0000000007,raw/who.gho.mdg-0000000007/2026/09/20260907T160531Z-a90a9bba0858.json.gz,2
who.gho.mdg-0000000007,MDG_0000000007:VGB:SEX_BTSX:AGEGROUP_YEARSUNDER5:WEALTHQUINTILE_TOTL,1970-01-01,2026-09-07T16:05:31Z,low,40.21823311,,who.gho.mdg-0000000007,raw/who.gho.mdg-0000000007/2026/09/20260907T160531Z-a90a9bba0858.json.gz,2
who.gho.mdg-0000000007,MDG_0000000007:VGB:SEX_BTSX:AGEGROUP_YEARSUNDER5:WEALTHQUINTILE_TOTL,1970-01-01,2026-09-07T16:05:31Z,restated_at,2026-08-05,,who.gho.mdg-0000000007,raw/who.gho.mdg-0000000007/2026/09/20260907T160531Z-a90a9bba0858.json.gz,2
who.gho.mdg-0000000007,MDG_0000000007:VGB:SEX_BTSX:AGEGROUP_YEARSUNDER5:WEALTHQUINTILE_TOTL,1970-01-01,2026-09-07T16:05:31Z,value,48.564020122,,who.gho.mdg-0000000007,raw/who.gho.mdg-0000000007/2026/09/20260907T160531Z-a90a9bba0858.json.gz,2
who.gho.mdg-0000000007,MDG_0000000007:VGB:SEX_FMLE:AGEGROUP_YEARSUNDER5:WEALTHQUINTILE_TOTL,1970-01-01,2026-09-07T16:10:33Z,high,47.150752451,,who.gho.mdg-0000000007,raw/who.gho.mdg-0000000007/2026/09/20260907T161033Z-0396663e197a.json.gz,2
who.gho.mdg-0000000007,MDG_0000000007:VGB:SEX_FMLE:AGEGROUP_YEARSUNDER5:WEALTHQUINTILE_TOTL,1970-01-01,2026-09-07T16:10:33Z,low,31.986487524,,who.gho.mdg-0000000007,raw/who.gho.mdg-0000000007/2026/09/20260907T161033Z-0396663e197a.json.gz,2
who.gho.mdg-0000000007,MDG_0000000007:VGB:SEX_FMLE:AGEGROUP_YEARSUNDER5:WEALTHQUINTILE_TOTL,1970-01-01,2026-09-07T16:10:33Z,restated_at,2026-08-05,,who.gho.mdg-0000000007,raw/who.gho.mdg-0000000007/2026/09/20260907T161033Z-0396663e197a.json.gz,2
who.gho.mdg-0000000007,MDG_0000000007:VGB:SEX_FMLE:AGEGROUP_YEARSUNDER5:WEALTHQUINTILE_TOTL,1970-01-01,2026-09-07T16:10:33Z,value,38.88269764,,who.gho.mdg-0000000007,raw/who.gho.mdg-0000000007/2026/09/20260907T161033Z-0396663e197a.json.gz,2
who.gho.mdg-0000000007,MDG_0000000007:VGB:SEX_MLE:AGEGROUP_YEARSUNDER5:WEALTHQUINTILE_TOTL,1970-01-01,2026-09-07T16:09:03Z,high,70.032289781,,who.gho.mdg-0000000007,raw/who.gho.mdg-0000000007/2026/09/20260907T160903Z-df09845b881e.json.gz,2
who.gho.mdg-0000000007,MDG_0000000007:VGB:SEX_MLE:AGEGROUP_YEARSUNDER5:WEALTHQUINTILE_TOTL,1970-01-01,2026-09-07T16:09:03Z,low,47.773089005,,who.gho.mdg-0000000007,raw/who.gho.mdg-0000000007/2026/09/20260907T160903Z-df09845b881e.json.gz,2
who.gho.mdg-0000000007,MDG_0000000007:VGB:SEX_MLE:AGEGROUP_YEARSUNDER5:WEALTHQUINTILE_TOTL,1970-01-01,2026-09-07T16:09:03Z,restated_at,2026-08-05,,who.gho.mdg-0000000007,raw/who.gho.mdg-0000000007/2026/09/20260907T160903Z-df09845b881e.json.gz,2
who.gho.mdg-0000000007,MDG_0000000007:VGB:SEX_MLE:AGEGROUP_YEARSUNDER5:WEALTHQUINTILE_TOTL,1970-01-01,2026-09-07T16:09:03Z,value,57.721589711,,who.gho.mdg-0000000007,raw/who.gho.mdg-0000000007/2026/09/20260907T160903Z-df09845b881e.json.gz,2
who.gho.mdg-0000000007,MDG_0000000007:VNM:SEX_BTSX:AGEGROUP_YEARSUNDER5:WEALTHQUINTILE_TOTL,1970-01-01,2026-09-07T16:10:17Z,high,127.13259333,,who.gho.mdg-0000000007,raw/who.gho.mdg-0000000007/2026/09/20260907T161017Z-ca4dbf4e12d6.json.gz,2
who.gho.mdg-0000000007,MDG_0000000007:VNM:SEX_BTSX:AGEGROUP_YEARSUNDER5:WEALTHQUINTILE_TOTL,1970-01-01,2026-09-07T16:10:17Z,low,95.869826017,,who.gho.mdg-0000000007,raw/who.gho.mdg-0000000007/2026/09/20260907T161017Z-ca4dbf4e12d6.json.gz,2
who.gho.mdg-0000000007,MDG_0000000007:VNM:SEX_BTSX:AGEGROUP_YEARSUNDER5:WEALTHQUINTILE_TOTL,1970-01-01,2026-09-07T16:10:17Z,restated_at,2026-08-05,,who.gho.mdg-0000000007,raw/who.gho.mdg-0000000007/2026/09/20260907T161017Z-ca4dbf4e12d6.json.gz,2
who.gho.mdg-0000000007,MDG_0000000007:VNM:SEX_BTSX:AGEGROUP_YEARSUNDER5:WEALTHQUINTILE_TOTL,1970-01-01,2026-09-07T16:10:17Z,value,110.418324356,,who.gho.mdg-0000000007,raw/who.gho.mdg-0000000007/2026/09/20260907T161017Z-ca4dbf4e12d6.json.gz,2
who.gho.mdg-0000000007,MDG_0000000007:VNM:SEX_FMLE:AGEGROUP_YEARSUNDER5:WEALTHQUINTILE_TOTL,1970-01-01,2026-09-07T16:10:53Z,high,113.151807567,,who.gho.mdg-0000000007,raw/who.gho.mdg-0000000007/2026/09/20260907T161053Z-9a5808e2a757.json.gz,2
who.gho.mdg-0000000007,MDG_0000000007:VNM:SEX_FMLE:AGEGROUP_YEARSUNDER5:WEALTHQUINTILE_TOTL,1970-01-01,2026-09-07T16:10:53Z,low,84.675356309,,who.gho.mdg-0000000007,raw/who.gho.mdg-0000000007/2026/09/20260907T161053Z-9a5808e2a757.json.gz,2
who.gho.mdg-0000000007,MDG_0000000007:VNM:SEX_FMLE:AGEGROUP_YEARSUNDER5:WEALTHQUINTILE_TOTL,1970-01-01,2026-09-07T16:10:53Z,restated_at,2026-08-05,,who.gho.mdg-0000000007,raw/who.gho.mdg-0000000007/2026/09/20260907T161053Z-9a5808e2a757.json.gz,2
who.gho.mdg-0000000007,MDG_0000000007:VNM:SEX_FMLE:AGEGROUP_YEARSUNDER5:WEALTHQUINTILE_TOTL,1970-01-01,2026-09-07T16:10:53Z,value,97.827384921,,who.gho.mdg-0000000007,raw/who.gho.mdg-0000000007/2026/09/20260907T161053Z-9a5808e2a757.json.gz,2
who.gho.mdg-0000000007,MDG_0000000007:VNM:SEX_MLE:AGEGROUP_YEARSUNDER5:WEALTHQUINTILE_TOTL,1970-01-01,2026-09-07T16:09:18Z,high,141.076823685,,who.gho.mdg-0000000007,raw/who.gho.mdg-0000000007/2026/09/20260907T160918Z-1f3ac080847d.json.gz,2
who.gho.mdg-0000000007,MDG_0000000007:VNM:SEX_MLE:AGEGROUP_YEARSUNDER5:WEALTHQUINTILE_TOTL,1970-01-01,2026-09-07T16:09:18Z,low,105.914477294,,who.gho.mdg-0000000007,raw/who.gho.mdg-0000000007/2026/09/20260907T160918Z-1f3ac080847d.json.gz,2
who.gho.mdg-0000000007,MDG_0000000007:VNM:SEX_MLE:AGEGROUP_YEARSUNDER5:WEALTHQUINTILE_TOTL,1970-01-01,2026-09-07T16:09:18Z,restated_at,2026-08-05,,who.gho.mdg-0000000007,raw/who.gho.mdg-0000000007/2026/09/20260907T160918Z-1f3ac080847d.json.gz,2
who.gho.mdg-0000000007,MDG_0000000007:VNM:SEX_MLE:AGEGROUP_YEARSUNDER5:WEALTHQUINTILE_TOTL,1970-01-01,2026-09-07T16:09:18Z,value,122.277516436,,who.gho.mdg-0000000007,raw/who.gho.mdg-0000000007/2026/09/20260907T160918Z-1f3ac080847d.json.gz,2
who.gho.mdg-0000000007,MDG_0000000007:VUT:SEX_BTSX:AGEGROUP_YEARSUNDER5:WEALTHQUINTILE_TOTL,1970-01-01,2026-09-07T16:10:37Z,high,136.853681448,,who.gho.mdg-0000000007,raw/who.gho.mdg-0000000007/2026/09/20260907T161037Z-dfd3d6a5a745.json.gz,2
who.gho.mdg-0000000007,MDG_0000000007:VUT:SEX_BTSX:AGEGROUP_YEARSUNDER5:WEALTHQUINTILE_TOTL,1970-01-01,2026-09-07T16:10:37Z,low,85.39927512,,who.gho.mdg-0000000007,raw/who.gho.mdg-0000000007/2026/09/20260907T161037Z-dfd3d6a5a745.json.gz,2
who.gho.mdg-0000000007,MDG_0000000007:VUT:SEX_BTSX:AGEGROUP_YEARSUNDER5:WEALTHQUINTILE_TOTL,1970-01-01,2026-09-07T16:10:37Z,restated_at,2026-08-05,,who.gho.mdg-0000000007,raw/who.gho.mdg-0000000007/2026/09/20260907T161037Z-dfd3d6a5a745.json.gz,2
who.gho.mdg-0000000007,MDG_0000000007:VUT:SEX_BTSX:AGEGROUP_YEARSUNDER5:WEALTHQUINTILE_TOTL,1970-01-01,2026-09-07T16:10:37Z,value,108.019384046,,who.gho.mdg-0000000007,raw/who.gho.mdg-0000000007/2026/09/20260907T161037Z-dfd3d6a5a745.json.gz,2
who.gho.mdg-0000000007,MDG_0000000007:VUT:SEX_FMLE:AGEGROUP_YEARSUNDER5:WEALTHQUINTILE_TOTL,1970-01-01,2026-09-07T16:11:01Z,high,132.190747652,,who.gho.mdg-0000000007,raw/who.gho.mdg-0000000007/2026/09/20260907T161101Z-fc76d9a7e10d.json.gz,2
who.gho.mdg-0000000007,MDG_0000000007:VUT:SEX_FMLE:AGEGROUP_YEARSUNDER5:WEALTHQUINTILE_TOTL,1970-01-01,2026-09-07T16:11:01Z,low,81.269973314,,who.gho.mdg-0000000007,raw/who.gho.mdg-0000000007/2026/09/20260907T161101Z-fc76d9a7e10d.json.gz,2
who.gho.mdg-0000000007,MDG_0000000007:VUT:SEX_FMLE:AGEGROUP_YEARSUNDER5:WEALTHQUINTILE_TOTL,1970-01-01,2026-09-07T16:11:01Z,restated_at,2026-08-05,,who.gho.mdg-0000000007,raw/who.gho.mdg-0000000007/2026/09/20260907T161101Z-fc76d9a7e10d.json.gz,2
who.gho.mdg-0000000007,MDG_0000000007:VUT:SEX_FMLE:AGEGROUP_YEARSUNDER5:WEALTHQUINTILE_TOTL,1970-01-01,2026-09-07T16:11:01Z,value,103.68941806,,who.gho.mdg-0000000007,raw/who.gho.mdg-0000000007/2026/09/20260907T161101Z-fc76d9a7e10d.json.gz,2
who.gho.mdg-0000000007,MDG_0000000007:VUT:SEX_MLE:AGEGROUP_YEARSUNDER5:WEALTHQUINTILE_TOTL,1970-01-01,2026-09-07T16:10:17Z,high,142.467663952,,who.gho.mdg-0000000007,raw/who.gho.mdg-0000000007/2026/09/20260907T161017Z-ca4dbf4e12d6.json.gz,2
who.gho.mdg-0000000007,MDG_0000000007:VUT:SEX_MLE:AGEGROUP_YEARSUNDER5:WEALTHQUINTILE_TOTL,1970-01-01,2026-09-07T16:10:17Z,low,88.500975922,,who.gho.mdg-0000000007,raw/who.gho.mdg-0000000007/2026/09/20260907T161017Z-ca4dbf4e12d6.json.gz,2
who.gho.mdg-0000000007,MDG_0000000007:VUT:SEX_MLE:AGEGROUP_YEARSUNDER5:WEALTHQUINTILE_TOTL,1970-01-01,2026-09-07T16:10:17Z,restated_at,2026-08-05,,who.gho.mdg-0000000007,raw/who.gho.mdg-0000000007/2026/09/20260907T161017Z-ca4dbf4e12d6.json.gz,2
who.gho.mdg-0000000007,MDG_0000000007:VUT:SEX_MLE:AGEGROUP_YEARSUNDER5:WEALTHQUINTILE_TOTL,1970-01-01,2026-09-07T16:10:17Z,value,112.03609066,,who.gho.mdg-0000000007,raw/who.gho.mdg-0000000007/2026/09/20260907T161017Z-ca4dbf4e12d6.json.gz,2
who.gho.mdg-0000000007,MDG_0000000007:WSM:SEX_BTSX:AGEGROUP_YEARSUNDER5:WEALTHQUINTILE_TOTL,1970-01-01,2026-09-07T16:06:11Z,high,85.051788237,,who.gho.mdg-0000000007,raw/who.gho.mdg-0000000007/2026/09/20260907T160611Z-e868f3030ca5.json.gz,2
who.gho.mdg-0000000007,MDG_0000000007:WSM:SEX_BTSX:AGEGROUP_YEARSUNDER5:WEALTHQUINTILE_TOTL,1970-01-01,2026-09-07T16:06:11Z,low,59.785893967,,who.gho.mdg-0000000007,raw/who.gho.mdg-0000000007/2026/09/20260907T160611Z-e868f3030ca5.json.gz,2
who.gho.mdg-0000000007,MDG_0000000007:WSM:SEX_BTSX:AGEGROUP_YEARSUNDER5:WEALTHQUINTILE_TOTL,1970-01-01,2026-09-07T16:06:11Z,restated_at,2026-08-05,,who.gho.mdg-0000000007,raw/who.gho.mdg-0000000007/2026/09/20260907T160611Z-e868f3030ca5.json.gz,2
who.gho.mdg-0000000007,MDG_0000000007:WSM:SEX_BTSX:AGEGROUP_YEARSUNDER5:WEALTHQUINTILE_TOTL,1970-01-01,2026-09-07T16:06:11Z,value,71.606650773,,who.gho.mdg-0000000007,raw/who.gho.mdg-0000000007/2026/09/20260907T160611Z-e868f3030ca5.json.gz,2
who.gho.mdg-0000000007,MDG_0000000007:WSM:SEX_FMLE:AGEGROUP_YEARSUNDER5:WEALTHQUINTILE_TOTL,1970-01-01,2026-09-07T16:10:12Z,high,79.409424716,,who.gho.mdg-0000000007,raw/who.gho.mdg-0000000007/2026/09/20260907T161012Z-af10f639113a.json.gz,2
who.gho.mdg-0000000007,MDG_0000000007:WSM:SEX_FMLE:AGEGROUP_YEARSUNDER5:WEALTHQUINTILE_TOTL,1970-01-01,2026-09-07T16:10:12Z,low,55.011282727,,who.gho.mdg-0000000007,raw/who.gho.mdg-0000000007/2026/09/20260907T161012Z-af10f639113a.json.gz,2
who.gho.mdg-0000000007,MDG_0000000007:WSM:SEX_FMLE:AGEGROUP_YEARSUNDER5:WEALTHQUINTILE_TOTL,1970-01-01,2026-09-07T16:10:12Z,restated_at,2026-08-05,,who.gho.mdg-0000000007,raw/who.gho.mdg-0000000007/2026/09/20260907T161012Z-af10f639113a.json.gz,2
who.gho.mdg-0000000007,MDG_0000000007:WSM:SEX_FMLE:AGEGROUP_YEARSUNDER5:WEALTHQUINTILE_TOTL,1970-01-01,2026-09-07T16:10:12Z,value,66.297302942,,who.gho.mdg-0000000007,raw/who.gho.mdg-0000000007/2026/09/20260907T161012Z-af10f639113a.json.gz,2
who.gho.mdg-0000000007,MDG_0000000007:WSM:SEX_MLE:AGEGROUP_YEARSUNDER5:WEALTHQUINTILE_TOTL,1970-01-01,2026-09-07T16:05:35Z,high,91.391492762,,who.gho.mdg-0000000007,raw/who.gho.mdg-0000000007/2026/09/20260907T160535Z-bcafb05f6fe8.json.gz,2
who.gho.mdg-0000000007,MDG_0000000007:WSM:SEX_MLE:AGEGROUP_YEARSUNDER5:WEALTHQUINTILE_TOTL,1970-01-01,2026-09-07T16:05:35Z,low,63.829111389,,who.gho.mdg-0000000007,raw/who.gho.mdg-0000000007/2026/09/20260907T160535Z-bcafb05f6fe8.json.gz,2
who.gho.mdg-0000000007,MDG_0000000007:WSM:SEX_MLE:AGEGROUP_YEARSUNDER5:WEALTHQUINTILE_TOTL,1970-01-01,2026-09-07T16:05:35Z,restated_at,2026-08-05,,who.gho.mdg-0000000007,raw/who.gho.mdg-0000000007/2026/09/20260907T160535Z-bcafb05f6fe8.json.gz,2
who.gho.mdg-0000000007,MDG_0000000007:WSM:SEX_MLE:AGEGROUP_YEARSUNDER5:WEALTHQUINTILE_TOTL,1970-01-01,2026-09-07T16:05:35Z,value,76.594266333,,who.gho.mdg-0000000007,raw/who.gho.mdg-0000000007/2026/09/20260907T160535Z-bcafb05f6fe8.json.gz,2
who.gho.mdg-0000000007,MDG_0000000007:YEM:SEX_BTSX:AGEGROUP_YEARSUNDER5:WEALTHQUINTILE_TOTL,1970-01-01,2026-09-07T16:10:12Z,high,366.003474448,,who.gho.mdg-0000000007,raw/who.gho.mdg-0000000007/2026/09/20260907T161012Z-af10f639113a.json.gz,2
who.gho.mdg-0000000007,MDG_0000000007:YEM:SEX_BTSX:AGEGROUP_YEARSUNDER5:WEALTHQUINTILE_TOTL,1970-01-01,2026-09-07T16:10:12Z,low,303.542732494,,who.gho.mdg-0000000007,raw/who.gho.mdg-0000000007/2026/09/20260907T161012Z-af10f639113a.json.gz,2
who.gho.mdg-0000000007,MDG_0000000007:YEM:SEX_BTSX:AGEGROUP_YEARSUNDER5:WEALTHQUINTILE_TOTL,1970-01-01,2026-09-07T16:10:12Z,restated_at,2026-08-05,,who.gho.mdg-0000000007,raw/who.gho.mdg-0000000007/2026/09/20260907T161012Z-af10f639113a.json.gz,2
who.gho.mdg-0000000007,MDG_0000000007:YEM:SEX_BTSX:AGEGROUP_YEARSUNDER5:WEALTHQUINTILE_TOTL,1970-01-01,2026-09-07T16:10:12Z,value,333.463652696,,who.gho.mdg-0000000007,raw/who.gho.mdg-0000000007/2026/09/20260907T161012Z-af10f639113a.json.gz,2
who.gho.mdg-0000000007,MDG_0000000007:YEM:SEX_FMLE:AGEGROUP_YEARSUNDER5:WEALTHQUINTILE_TOTL,1970-01-01,2026-09-07T16:10:58Z,high,354.998682868,,who.gho.mdg-0000000007,raw/who.gho.mdg-0000000007/2026/09/20260907T161058Z-4d8f6ed35960.json.gz,2
who.gho.mdg-0000000007,MDG_0000000007:YEM:SEX_FMLE:AGEGROUP_YEARSUNDER5:WEALTHQUINTILE_TOTL,1970-01-01,2026-09-07T16:10:58Z,low,293.123554789,,who.gho.mdg-0000000007,raw/who.gho.mdg-0000000007/2026/09/20260907T161058Z-4d8f6ed35960.json.gz,2
who.gho.mdg-0000000007,MDG_0000000007:YEM:SEX_FMLE:AGEGROUP_YEARSUNDER5:WEALTHQUINTILE_TOTL,1970-01-01,2026-09-07T16:10:58Z,restated_at,2026-08-05,,who.gho.mdg-0000000007,raw/who.gho.mdg-0000000007/2026/09/20260907T161058Z-4d8f6ed35960.json.gz,2
who.gho.mdg-0000000007,MDG_0000000007:YEM:SEX_FMLE:AGEGROUP_YEARSUNDER5:WEALTHQUINTILE_TOTL,1970-01-01,2026-09-07T16:10:58Z,value,323.001018113,,who.gho.mdg-0000000007,raw/who.gho.mdg-0000000007/2026/09/20260907T161058Z-4d8f6ed35960.json.gz,2
who.gho.mdg-0000000007,MDG_0000000007:YEM:SEX_MLE:AGEGROUP_YEARSUNDER5:WEALTHQUINTILE_TOTL,1970-01-01,2026-09-07T16:09:41Z,high,378.308522844,,who.gho.mdg-0000000007,raw/who.gho.mdg-0000000007/2026/09/20260907T160941Z-845bd0fc2e92.json.gz,2
who.gho.mdg-0000000007,MDG_0000000007:YEM:SEX_MLE:AGEGROUP_YEARSUNDER5:WEALTHQUINTILE_TOTL,1970-01-01,2026-09-07T16:09:41Z,low,312.028580956,,who.gho.mdg-0000000007,raw/who.gho.mdg-0000000007/2026/09/20260907T160941Z-845bd0fc2e92.json.gz,2
who.gho.mdg-0000000007,MDG_0000000007:YEM:SEX_MLE:AGEGROUP_YEARSUNDER5:WEALTHQUINTILE_TOTL,1970-01-01,2026-09-07T16:09:41Z,restated_at,2026-08-05,,who.gho.mdg-0000000007,raw/who.gho.mdg-0000000007/2026/09/20260907T160941Z-845bd0fc2e92.json.gz,2
who.gho.mdg-0000000007,MDG_0000000007:YEM:SEX_MLE:AGEGROUP_YEARSUNDER5:WEALTHQUINTILE_TOTL,1970-01-01,2026-09-07T16:09:41Z,value,343.416020098,,who.gho.mdg-0000000007,raw/who.gho.mdg-0000000007/2026/09/20260907T160941Z-845bd0fc2e92.json.gz,2
who.gho.mdg-0000000007,MDG_0000000007:ZMB:SEX_BTSX:AGEGROUP_YEARSUNDER5:WEALTHQUINTILE_TOTL,1970-01-01,2026-09-07T16:05:38Z,high,196.860629221,,who.gho.mdg-0000000007,raw/who.gho.mdg-0000000007/2026/09/20260907T160538Z-28a5f6808180.json.gz,2
who.gho.mdg-0000000007,MDG_0000000007:ZMB:SEX_BTSX:AGEGROUP_YEARSUNDER5:WEALTHQUINTILE_TOTL,1970-01-01,2026-09-07T16:05:38Z,low,164.253558666,,who.gho.mdg-0000000007,raw/who.gho.mdg-0000000007/2026/09/20260907T160538Z-28a5f6808180.json.gz,2
who.gho.mdg-0000000007,MDG_0000000007:ZMB:SEX_BTSX:AGEGROUP_YEARSUNDER5:WEALTHQUINTILE_TOTL,1970-01-01,2026-09-07T16:05:38Z,restated_at,2026-08-05,,who.gho.mdg-0000000007,raw/who.gho.mdg-0000000007/2026/09/20260907T160538Z-28a5f6808180.json.gz,2
who.gho.mdg-0000000007,MDG_0000000007:ZMB:SEX_BTSX:AGEGROUP_YEARSUNDER5:WEALTHQUINTILE_TOTL,1970-01-01,2026-09-07T16:05:38Z,value,180.179142972,,who.gho.mdg-0000000007,raw/who.gho.mdg-0000000007/2026/09/20260907T160538Z-28a5f6808180.json.gz,2
who.gho.mdg-0000000007,MDG_0000000007:ZMB:SEX_FMLE:AGEGROUP_YEARSUNDER5:WEALTHQUINTILE_TOTL,1970-01-01,2026-09-07T16:05:48Z,high,190.687673856,,who.gho.mdg-0000000007,raw/who.gho.mdg-0000000007/2026/09/20260907T160548Z-1609a76f5ecc.json.gz,2
who.gho.mdg-0000000007,MDG_0000000007:ZMB:SEX_FMLE:AGEGROUP_YEARSUNDER5:WEALTHQUINTILE_TOTL,1970-01-01,2026-09-07T16:05:48Z,low,157.638219019,,who.gho.mdg-0000000007,raw/who.gho.mdg-0000000007/2026/09/20260907T160548Z-1609a76f5ecc.json.gz,2
who.gho.mdg-0000000007,MDG_0000000007:ZMB:SEX_FMLE:AGEGROUP_YEARSUNDER5:WEALTHQUINTILE_TOTL,1970-01-01,2026-09-07T16:05:48Z,restated_at,2026-08-05,,who.gho.mdg-0000000007,raw/who.gho.mdg-0000000007/2026/09/20260907T160548Z-1609a76f5ecc.json.gz,2
who.gho.mdg-0000000007,MDG_0000000007:ZMB:SEX_FMLE:AGEGROUP_YEARSUNDER5:WEALTHQUINTILE_TOTL,1970-01-01,2026-09-07T16:05:48Z,value,173.711884788,,who.gho.mdg-0000000007,raw/who.gho.mdg-0000000007/2026/09/20260907T160548Z-1609a76f5ecc.json.gz,2
who.gho.mdg-0000000007,MDG_0000000007:ZMB:SEX_MLE:AGEGROUP_YEARSUNDER5:WEALTHQUINTILE_TOTL,1970-01-01,2026-09-07T16:05:35Z,high,204.392545863,,who.gho.mdg-0000000007,raw/who.gho.mdg-0000000007/2026/09/20260907T160535Z-bcafb05f6fe8.json.gz,2
who.gho.mdg-0000000007,MDG_0000000007:ZMB:SEX_MLE:AGEGROUP_YEARSUNDER5:WEALTHQUINTILE_TOTL,1970-01-01,2026-09-07T16:05:35Z,low,169.375927261,,who.gho.mdg-0000000007,raw/who.gho.mdg-0000000007/2026/09/20260907T160535Z-bcafb05f6fe8.json.gz,2
who.gho.mdg-0000000007,MDG_0000000007:ZMB:SEX_MLE:AGEGROUP_YEARSUNDER5:WEALTHQUINTILE_TOTL,1970-01-01,2026-09-07T16:05:35Z,restated_at,2026-08-05,,who.gho.mdg-0000000007,raw/who.gho.mdg-0000000007/2026/09/20260907T160535Z-bcafb05f6fe8.json.gz,2
who.gho.mdg-0000000007,MDG_0000000007:ZMB:SEX_MLE:AGEGROUP_YEARSUNDER5:WEALTHQUINTILE_TOTL,1970-01-01,2026-09-07T16:05:35Z,value,186.39588985,,who.gho.mdg-0000000007,raw/who.gho.mdg-0000000007/2026/09/20260907T160535Z-bcafb05f6fe8.json.gz,2
who.gho.mdg-0000000007,MDG_0000000007:ZWE:SEX_BTSX:AGEGROUP_YEARSUNDER5:WEALTHQUINTILE_TOTL,1970-01-01,2026-09-07T16:06:26Z,high,137.63545162,,who.gho.mdg-0000000007,raw/who.gho.mdg-0000000007/2026/09/20260907T160626Z-083ef708c2ee.json.gz,2
who.gho.mdg-0000000007,MDG_0000000007:ZWE:SEX_BTSX:AGEGROUP_YEARSUNDER5:WEALTHQUINTILE_TOTL,1970-01-01,2026-09-07T16:06:26Z,low,108.989437754,,who.gho.mdg-0000000007,raw/who.gho.mdg-0000000007/2026/09/20260907T160626Z-083ef708c2ee.json.gz,2
who.gho.mdg-0000000007,MDG_0000000007:ZWE:SEX_BTSX:AGEGROUP_YEARSUNDER5:WEALTHQUINTILE_TOTL,1970-01-01,2026-09-07T16:06:26Z,restated_at,2026-08-05,,who.gho.mdg-0000000007,raw/who.gho.mdg-0000000007/2026/09/20260907T160626Z-083ef708c2ee.json.gz,2
who.gho.mdg-0000000007,MDG_0000000007:ZWE:SEX_BTSX:AGEGROUP_YEARSUNDER5:WEALTHQUINTILE_TOTL,1970-01-01,2026-09-07T16:06:26Z,value,122.274840306,,who.gho.mdg-0000000007,raw/who.gho.mdg-0000000007/2026/09/20260907T160626Z-083ef708c2ee.json.gz,2
who.gho.mdg-0000000007,MDG_0000000007:ZWE:SEX_FMLE:AGEGROUP_YEARSUNDER5:WEALTHQUINTILE_TOTL,1970-01-01,2026-09-07T16:10:41Z,high,128.491077099,,who.gho.mdg-0000000007,raw/who.gho.mdg-0000000007/2026/09/20260907T161041Z-4752b74784e1.json.gz,2
who.gho.mdg-0000000007,MDG_0000000007:ZWE:SEX_FMLE:AGEGROUP_YEARSUNDER5:WEALTHQUINTILE_TOTL,1970-01-01,2026-09-07T16:10:41Z,low,101.133611335,,who.gho.mdg-0000000007,raw/who.gho.mdg-0000000007/2026/09/20260907T161041Z-4752b74784e1.json.gz,2
who.gho.mdg-0000000007,MDG_0000000007:ZWE:SEX_FMLE:AGEGROUP_YEARSUNDER5:WEALTHQUINTILE_TOTL,1970-01-01,2026-09-07T16:10:41Z,restated_at,2026-08-05,,who.gho.mdg-0000000007,raw/who.gho.mdg-0000000007/2026/09/20260907T161041Z-4752b74784e1.json.gz,2
who.gho.mdg-0000000007,MDG_0000000007:ZWE:SEX_FMLE:AGEGROUP_YEARSUNDER5:WEALTHQUINTILE_TOTL,1970-01-01,2026-09-07T16:10:41Z,value,113.740446432,,who.gho.mdg-0000000007,raw/who.gho.mdg-0000000007/2026/09/20260907T161041Z-4752b74784e1.json.gz,2
who.gho.mdg-0000000007,MDG_0000000007:ZWE:SEX_MLE:AGEGROUP_YEARSUNDER5:WEALTHQUINTILE_TOTL,1970-01-01,2026-09-07T16:10:21Z,high,147.142930429,,who.gho.mdg-0000000007,raw/who.gho.mdg-0000000007/2026/09/20260907T161021Z-3e9ba1677574.json.gz,2
who.gho.mdg-0000000007,MDG_0000000007:ZWE:SEX_MLE:AGEGROUP_YEARSUNDER5:WEALTHQUINTILE_TOTL,1970-01-01,2026-09-07T16:10:21Z,low,115.752026496,,who.gho.mdg-0000000007,raw/who.gho.mdg-0000000007/2026/09/20260907T161021Z-3e9ba1677574.json.gz,2
who.gho.mdg-0000000007,MDG_0000000007:ZWE:SEX_MLE:AGEGROUP_YEARSUNDER5:WEALTHQUINTILE_TOTL,1970-01-01,2026-09-07T16:10:21Z,restated_at,2026-08-05,,who.gho.mdg-0000000007,raw/who.gho.mdg-0000000007/2026/09/20260907T161021Z-3e9ba1677574.json.gz,2
who.gho.mdg-0000000007,MDG_0000000007:ZWE:SEX_MLE:AGEGROUP_YEARSUNDER5:WEALTHQUINTILE_TOTL,1970-01-01,2026-09-07T16:10:21Z,value,130.377743901,,who.gho.mdg-0000000007,raw/who.gho.mdg-0000000007/2026/09/20260907T161021Z-3e9ba1677574.json.gz,2
