series_id,entity_id,observed_at,captured_at,metric,value,unit,source_id,raw_ref,parser_version
who.gho.cm-02,CM_02:AFG:SEX_BTSX:AGEGROUP_MONTHS0-11,1975-01-01,2026-09-07T15:54:17Z,high,147293.0,,who.gho.cm-02,raw/who.gho.cm-02/2026/09/20260907T155417Z-e87fb31944b5.json.gz,2
who.gho.cm-02,CM_02:AFG:SEX_BTSX:AGEGROUP_MONTHS0-11,1975-01-01,2026-09-07T15:54:17Z,low,115616.0,,who.gho.cm-02,raw/who.gho.cm-02/2026/09/20260907T155417Z-e87fb31944b5.json.gz,2
who.gho.cm-02,CM_02:AFG:SEX_BTSX:AGEGROUP_MONTHS0-11,1975-01-01,2026-09-07T15:54:17Z,restated_at,2026-08-04,,who.gho.cm-02,raw/who.gho.cm-02/2026/09/20260907T155417Z-e87fb31944b5.json.gz,2
who.gho.cm-02,CM_02:AFG:SEX_BTSX:AGEGROUP_MONTHS0-11,1975-01-01,2026-09-07T15:54:17Z,value,130317.0,,who.gho.cm-02,raw/who.gho.cm-02/2026/09/20260907T155417Z-e87fb31944b5.json.gz,2
who.gho.cm-02,CM_02:AFG:SEX_FMLE:AGEGROUP_MONTHS0-11,1975-01-01,2026-09-07T15:51:44Z,high,69331.0,,who.gho.cm-02,raw/who.gho.cm-02/2026/09/20260907T155144Z-505d97ce9093.json.gz,2
who.gho.cm-02,CM_02:AFG:SEX_FMLE:AGEGROUP_MONTHS0-11,1975-01-01,2026-09-07T15:51:44Z,low,53435.0,,who.gho.cm-02,raw/who.gho.cm-02/2026/09/20260907T155144Z-505d97ce9093.json.gz,2
who.gho.cm-02,CM_02:AFG:SEX_FMLE:AGEGROUP_MONTHS0-11,1975-01-01,2026-09-07T15:51:44Z,restated_at,2026-08-04,,who.gho.cm-02,raw/who.gho.cm-02/2026/09/20260907T155144Z-505d97ce9093.json.gz,2
who.gho.cm-02,CM_02:AFG:SEX_FMLE:AGEGROUP_MONTHS0-11,1975-01-01,2026-09-07T15:51:44Z,value,60763.0,,who.gho.cm-02,raw/who.gho.cm-02/2026/09/20260907T155144Z-505d97ce9093.json.gz,2
who.gho.cm-02,CM_02:AFG:SEX_MLE:AGEGROUP_MONTHS0-11,1975-01-01,2026-09-07T15:58:07Z,high,79218.0,,who.gho.cm-02,raw/who.gho.cm-02/2026/09/20260907T155807Z-33d1eb328c3d.json.gz,2
who.gho.cm-02,CM_02:AFG:SEX_MLE:AGEGROUP_MONTHS0-11,1975-01-01,2026-09-07T15:58:07Z,low,61418.0,,who.gho.cm-02,raw/who.gho.cm-02/2026/09/20260907T155807Z-33d1eb328c3d.json.gz,2
who.gho.cm-02,CM_02:AFG:SEX_MLE:AGEGROUP_MONTHS0-11,1975-01-01,2026-09-07T15:58:07Z,restated_at,2026-08-04,,who.gho.cm-02,raw/who.gho.cm-02/2026/09/20260907T155807Z-33d1eb328c3d.json.gz,2
who.gho.cm-02,CM_02:AFG:SEX_MLE:AGEGROUP_MONTHS0-11,1975-01-01,2026-09-07T15:58:07Z,value,69554.0,,who.gho.cm-02,raw/who.gho.cm-02/2026/09/20260907T155807Z-33d1eb328c3d.json.gz,2
who.gho.cm-02,CM_02:ARE:SEX_BTSX:AGEGROUP_MONTHS0-11,1975-01-01,2026-09-07T15:51:16Z,high,720.0,,who.gho.cm-02,raw/who.gho.cm-02/2026/09/20260907T155116Z-bb01bf96bc15.json.gz,2
who.gho.cm-02,CM_02:ARE:SEX_BTSX:AGEGROUP_MONTHS0-11,1975-01-01,2026-09-07T15:51:16Z,low,544.0,,who.gho.cm-02,raw/who.gho.cm-02/2026/09/20260907T155116Z-bb01bf96bc15.json.gz,2
who.gho.cm-02,CM_02:ARE:SEX_BTSX:AGEGROUP_MONTHS0-11,1975-01-01,2026-09-07T15:51:16Z,restated_at,2026-08-04,,who.gho.cm-02,raw/who.gho.cm-02/2026/09/20260907T155116Z-bb01bf96bc15.json.gz,2
who.gho.cm-02,CM_02:ARE:SEX_BTSX:AGEGROUP_MONTHS0-11,1975-01-01,2026-09-07T15:51:16Z,value,627.0,,who.gho.cm-02,raw/who.gho.cm-02/2026/09/20260907T155116Z-bb01bf96bc15.json.gz,2
who.gho.cm-02,CM_02:ARE:SEX_FMLE:AGEGROUP_MONTHS0-11,1975-01-01,2026-09-07T15:57:21Z,high,315.0,,who.gho.cm-02,raw/who.gho.cm-02/2026/09/20260907T155721Z-a2b5c178c29b.json.gz,2
who.gho.cm-02,CM_02:ARE:SEX_FMLE:AGEGROUP_MONTHS0-11,1975-01-01,2026-09-07T15:57:21Z,low,232.0,,who.gho.cm-02,raw/who.gho.cm-02/2026/09/20260907T155721Z-a2b5c178c29b.json.gz,2
who.gho.cm-02,CM_02:ARE:SEX_FMLE:AGEGROUP_MONTHS0-11,1975-01-01,2026-09-07T15:57:21Z,restated_at,2026-08-04,,who.gho.cm-02,raw/who.gho.cm-02/2026/09/20260907T155721Z-a2b5c178c29b.json.gz,2
who.gho.cm-02,CM_02:ARE:SEX_FMLE:AGEGROUP_MONTHS0-11,1975-01-01,2026-09-07T15:57:21Z,value,271.0,,who.gho.cm-02,raw/who.gho.cm-02/2026/09/20260907T155721Z-a2b5c178c29b.json.gz,2
who.gho.cm-02,CM_02:ARE:SEX_MLE:AGEGROUP_MONTHS0-11,1975-01-01,2026-09-07T15:57:21Z,high,412.0,,who.gho.cm-02,raw/who.gho.cm-02/2026/09/20260907T155721Z-a2b5c178c29b.json.gz,2
who.gho.cm-02,CM_02:ARE:SEX_MLE:AGEGROUP_MONTHS0-11,1975-01-01,2026-09-07T15:57:21Z,low,307.0,,who.gho.cm-02,raw/who.gho.cm-02/2026/09/20260907T155721Z-a2b5c178c29b.json.gz,2
who.gho.cm-02,CM_02:ARE:SEX_MLE:AGEGROUP_MONTHS0-11,1975-01-01,2026-09-07T15:57:21Z,restated_at,2026-08-04,,who.gho.cm-02,raw/who.gho.cm-02/2026/09/20260907T155721Z-a2b5c178c29b.json.gz,2
who.gho.cm-02,CM_02:ARE:SEX_MLE:AGEGROUP_MONTHS0-11,1975-01-01,2026-09-07T15:57:21Z,value,356.0,,who.gho.cm-02,raw/who.gho.cm-02/2026/09/20260907T155721Z-a2b5c178c29b.json.gz,2
who.gho.cm-02,CM_02:ARG:SEX_BTSX:AGEGROUP_MONTHS0-11,1975-01-01,2026-09-07T15:52:26Z,high,34946.0,,who.gho.cm-02,raw/who.gho.cm-02/2026/09/20260907T155226Z-b536cc4a2b4c.json.gz,2
who.gho.cm-02,CM_02:ARG:SEX_BTSX:AGEGROUP_MONTHS0-11,1975-01-01,2026-09-07T15:52:26Z,low,31934.0,,who.gho.cm-02,raw/who.gho.cm-02/2026/09/20260907T155226Z-b536cc4a2b4c.json.gz,2
who.gho.cm-02,CM_02:ARG:SEX_BTSX:AGEGROUP_MONTHS0-11,1975-01-01,2026-09-07T15:52:26Z,restated_at,2026-08-04,,who.gho.cm-02,raw/who.gho.cm-02/2026/09/20260907T155226Z-b536cc4a2b4c.json.gz,2
who.gho.cm-02,CM_02:ARG:SEX_BTSX:AGEGROUP_MONTHS0-11,1975-01-01,2026-09-07T15:52:26Z,value,33402.0,,who.gho.cm-02,raw/who.gho.cm-02/2026/09/20260907T155226Z-b536cc4a2b4c.json.gz,2
who.gho.cm-02,CM_02:ARG:SEX_FMLE:AGEGROUP_MONTHS0-11,1975-01-01,2026-09-07T15:58:12Z,high,15783.0,,who.gho.cm-02,raw/who.gho.cm-02/2026/09/20260907T155812Z-02a2023435be.json.gz,2
who.gho.cm-02,CM_02:ARG:SEX_FMLE:AGEGROUP_MONTHS0-11,1975-01-01,2026-09-07T15:58:12Z,low,14333.0,,who.gho.cm-02,raw/who.gho.cm-02/2026/09/20260907T155812Z-02a2023435be.json.gz,2
who.gho.cm-02,CM_02:ARG:SEX_FMLE:AGEGROUP_MONTHS0-11,1975-01-01,2026-09-07T15:58:12Z,restated_at,2026-08-04,,who.gho.cm-02,raw/who.gho.cm-02/2026/09/20260907T155812Z-02a2023435be.json.gz,2
who.gho.cm-02,CM_02:ARG:SEX_FMLE:AGEGROUP_MONTHS0-11,1975-01-01,2026-09-07T15:58:12Z,value,15044.0,,who.gho.cm-02,raw/who.gho.cm-02/2026/09/20260907T155812Z-02a2023435be.json.gz,2
who.gho.cm-02,CM_02:ARG:SEX_MLE:AGEGROUP_MONTHS0-11,1975-01-01,2026-09-07T15:57:12Z,high,19251.0,,who.gho.cm-02,raw/who.gho.cm-02/2026/09/20260907T155712Z-98aa519eeacd.json.gz,2
who.gho.cm-02,CM_02:ARG:SEX_MLE:AGEGROUP_MONTHS0-11,1975-01-01,2026-09-07T15:57:12Z,low,17515.0,,who.gho.cm-02,raw/who.gho.cm-02/2026/09/20260907T155712Z-98aa519eeacd.json.gz,2
who.gho.cm-02,CM_02:ARG:SEX_MLE:AGEGROUP_MONTHS0-11,1975-01-01,2026-09-07T15:57:12Z,restated_at,2026-08-04,,who.gho.cm-02,raw/who.gho.cm-02/2026/09/20260907T155712Z-98aa519eeacd.json.gz,2
who.gho.cm-02,CM_02:ARG:SEX_MLE:AGEGROUP_MONTHS0-11,1975-01-01,2026-09-07T15:57:12Z,value,18358.0,,who.gho.cm-02,raw/who.gho.cm-02/2026/09/20260907T155712Z-98aa519eeacd.json.gz,2
who.gho.cm-02,CM_02:ATG:SEX_BTSX:AGEGROUP_MONTHS0-11,1975-01-01,2026-09-07T15:51:50Z,high,29.0,,who.gho.cm-02,raw/who.gho.cm-02/2026/09/20260907T155150Z-b2442ef3f6e6.json.gz,2
who.gho.cm-02,CM_02:ATG:SEX_BTSX:AGEGROUP_MONTHS0-11,1975-01-01,2026-09-07T15:51:50Z,low,24.0,,who.gho.cm-02,raw/who.gho.cm-02/2026/09/20260907T155150Z-b2442ef3f6e6.json.gz,2
who.gho.cm-02,CM_02:ATG:SEX_BTSX:AGEGROUP_MONTHS0-11,1975-01-01,2026-09-07T15:51:50Z,restated_at,2025-04-15,,who.gho.cm-02,raw/who.gho.cm-02/2026/09/20260907T155150Z-b2442ef3f6e6.json.gz,2
who.gho.cm-02,CM_02:ATG:SEX_BTSX:AGEGROUP_MONTHS0-11,1975-01-01,2026-09-07T15:51:50Z,value,26.0,,who.gho.cm-02,raw/who.gho.cm-02/2026/09/20260907T155150Z-b2442ef3f6e6.json.gz,2
who.gho.cm-02,CM_02:ATG:SEX_FMLE:AGEGROUP_MONTHS0-11,1975-01-01,2026-09-07T15:58:04Z,high,13.0,,who.gho.cm-02,raw/who.gho.cm-02/2026/09/20260907T155804Z-3e19927fa86a.json.gz,2
who.gho.cm-02,CM_02:ATG:SEX_FMLE:AGEGROUP_MONTHS0-11,1975-01-01,2026-09-07T15:58:04Z,low,11.0,,who.gho.cm-02,raw/who.gho.cm-02/2026/09/20260907T155804Z-3e19927fa86a.json.gz,2
who.gho.cm-02,CM_02:ATG:SEX_FMLE:AGEGROUP_MONTHS0-11,1975-01-01,2026-09-07T15:58:04Z,restated_at,2025-04-15,,who.gho.cm-02,raw/who.gho.cm-02/2026/09/20260907T155804Z-3e19927fa86a.json.gz,2
who.gho.cm-02,CM_02:ATG:SEX_FMLE:AGEGROUP_MONTHS0-11,1975-01-01,2026-09-07T15:58:04Z,value,12.0,,who.gho.cm-02,raw/who.gho.cm-02/2026/09/20260907T155804Z-3e19927fa86a.json.gz,2
who.gho.cm-02,CM_02:ATG:SEX_MLE:AGEGROUP_MONTHS0-11,1975-01-01,2026-09-07T15:51:50Z,high,16.0,,who.gho.cm-02,raw/who.gho.cm-02/2026/09/20260907T155150Z-b2442ef3f6e6.json.gz,2
who.gho.cm-02,CM_02:ATG:SEX_MLE:AGEGROUP_MONTHS0-11,1975-01-01,2026-09-07T15:51:50Z,low,13.0,,who.gho.cm-02,raw/who.gho.cm-02/2026/09/20260907T155150Z-b2442ef3f6e6.json.gz,2
who.gho.cm-02,CM_02:ATG:SEX_MLE:AGEGROUP_MONTHS0-11,1975-01-01,2026-09-07T15:51:50Z,restated_at,2025-04-15,,who.gho.cm-02,raw/who.gho.cm-02/2026/09/20260907T155150Z-b2442ef3f6e6.json.gz,2
who.gho.cm-02,CM_02:ATG:SEX_MLE:AGEGROUP_MONTHS0-11,1975-01-01,2026-09-07T15:51:50Z,value,14.0,,who.gho.cm-02,raw/who.gho.cm-02/2026/09/20260907T155150Z-b2442ef3f6e6.json.gz,2
who.gho.cm-02,CM_02:AUS:SEX_BTSX:AGEGROUP_MONTHS0-11,1975-01-01,2026-09-07T15:52:37Z,high,3582.0,,who.gho.cm-02,raw/who.gho.cm-02/2026/09/20260907T155237Z-35c7d31783eb.json.gz,2
who.gho.cm-02,CM_02:AUS:SEX_BTSX:AGEGROUP_MONTHS0-11,1975-01-01,2026-09-07T15:52:37Z,low,3448.0,,who.gho.cm-02,raw/who.gho.cm-02/2026/09/20260907T155237Z-35c7d31783eb.json.gz,2
who.gho.cm-02,CM_02:AUS:SEX_BTSX:AGEGROUP_MONTHS0-11,1975-01-01,2026-09-07T15:52:37Z,restated_at,2026-08-04,,who.gho.cm-02,raw/who.gho.cm-02/2026/09/20260907T155237Z-35c7d31783eb.json.gz,2
who.gho.cm-02,CM_02:AUS:SEX_BTSX:AGEGROUP_MONTHS0-11,1975-01-01,2026-09-07T15:52:37Z,value,3515.0,,who.gho.cm-02,raw/who.gho.cm-02/2026/09/20260907T155237Z-35c7d31783eb.json.gz,2
who.gho.cm-02,CM_02:AUS:SEX_FMLE:AGEGROUP_MONTHS0-11,1975-01-01,2026-09-07T15:57:54Z,high,1520.0,,who.gho.cm-02,raw/who.gho.cm-02/2026/09/20260907T155754Z-3bea881db2b4.json.gz,2
who.gho.cm-02,CM_02:AUS:SEX_FMLE:AGEGROUP_MONTHS0-11,1975-01-01,2026-09-07T15:57:54Z,low,1447.0,,who.gho.cm-02,raw/who.gho.cm-02/2026/09/20260907T155754Z-3bea881db2b4.json.gz,2
who.gho.cm-02,CM_02:AUS:SEX_FMLE:AGEGROUP_MONTHS0-11,1975-01-01,2026-09-07T15:57:54Z,restated_at,2026-08-04,,who.gho.cm-02,raw/who.gho.cm-02/2026/09/20260907T155754Z-3bea881db2b4.json.gz,2
who.gho.cm-02,CM_02:AUS:SEX_FMLE:AGEGROUP_MONTHS0-11,1975-01-01,2026-09-07T15:57:54Z,value,1483.0,,who.gho.cm-02,raw/who.gho.cm-02/2026/09/20260907T155754Z-3bea881db2b4.json.gz,2
who.gho.cm-02,CM_02:AUS:SEX_MLE:AGEGROUP_MONTHS0-11,1975-01-01,2026-09-07T15:51:05Z,high,2078.0,,who.gho.cm-02,raw/who.gho.cm-02/2026/09/20260907T155105Z-bd351d716a31.json.gz,2
who.gho.cm-02,CM_02:AUS:SEX_MLE:AGEGROUP_MONTHS0-11,1975-01-01,2026-09-07T15:51:05Z,low,1989.0,,who.gho.cm-02,raw/who.gho.cm-02/2026/09/20260907T155105Z-bd351d716a31.json.gz,2
who.gho.cm-02,CM_02:AUS:SEX_MLE:AGEGROUP_MONTHS0-11,1975-01-01,2026-09-07T15:51:05Z,restated_at,2026-08-04,,who.gho.cm-02,raw/who.gho.cm-02/2026/09/20260907T155105Z-bd351d716a31.json.gz,2
who.gho.cm-02,CM_02:AUS:SEX_MLE:AGEGROUP_MONTHS0-11,1975-01-01,2026-09-07T15:51:05Z,value,2032.0,,who.gho.cm-02,raw/who.gho.cm-02/2026/09/20260907T155105Z-bd351d716a31.json.gz,2
who.gho.cm-02,CM_02:AUT:SEX_BTSX:AGEGROUP_MONTHS0-11,1975-01-01,2026-09-07T15:52:26Z,high,1929.0,,who.gho.cm-02,raw/who.gho.cm-02/2026/09/20260907T155226Z-b536cc4a2b4c.json.gz,2
who.gho.cm-02,CM_02:AUT:SEX_BTSX:AGEGROUP_MONTHS0-11,1975-01-01,2026-09-07T15:52:26Z,low,1850.0,,who.gho.cm-02,raw/who.gho.cm-02/2026/09/20260907T155226Z-b536cc4a2b4c.json.gz,2
who.gho.cm-02,CM_02:AUT:SEX_BTSX:AGEGROUP_MONTHS0-11,1975-01-01,2026-09-07T15:52:26Z,restated_at,2026-08-04,,who.gho.cm-02,raw/who.gho.cm-02/2026/09/20260907T155226Z-b536cc4a2b4c.json.gz,2
who.gho.cm-02,CM_02:AUT:SEX_BTSX:AGEGROUP_MONTHS0-11,1975-01-01,2026-09-07T15:52:26Z,value,1889.0,,who.gho.cm-02,raw/who.gho.cm-02/2026/09/20260907T155226Z-b536cc4a2b4c.json.gz,2
who.gho.cm-02,CM_02:AUT:SEX_FMLE:AGEGROUP_MONTHS0-11,1975-01-01,2026-09-07T15:51:16Z,high,810.0,,who.gho.cm-02,raw/who.gho.cm-02/2026/09/20260907T155116Z-bb01bf96bc15.json.gz,2
who.gho.cm-02,CM_02:AUT:SEX_FMLE:AGEGROUP_MONTHS0-11,1975-01-01,2026-09-07T15:51:16Z,low,768.0,,who.gho.cm-02,raw/who.gho.cm-02/2026/09/20260907T155116Z-bb01bf96bc15.json.gz,2
who.gho.cm-02,CM_02:AUT:SEX_FMLE:AGEGROUP_MONTHS0-11,1975-01-01,2026-09-07T15:51:16Z,restated_at,2026-08-04,,who.gho.cm-02,raw/who.gho.cm-02/2026/09/20260907T155116Z-bb01bf96bc15.json.gz,2
who.gho.cm-02,CM_02:AUT:SEX_FMLE:AGEGROUP_MONTHS0-11,1975-01-01,2026-09-07T15:51:16Z,value,789.0,,who.gho.cm-02,raw/who.gho.cm-02/2026/09/20260907T155116Z-bb01bf96bc15.json.gz,2
who.gho.cm-02,CM_02:AUT:SEX_MLE:AGEGROUP_MONTHS0-11,1975-01-01,2026-09-07T15:58:04Z,high,1128.0,,who.gho.cm-02,raw/who.gho.cm-02/2026/09/20260907T155804Z-3e19927fa86a.json.gz,2
who.gho.cm-02,CM_02:AUT:SEX_MLE:AGEGROUP_MONTHS0-11,1975-01-01,2026-09-07T15:58:04Z,low,1074.0,,who.gho.cm-02,raw/who.gho.cm-02/2026/09/20260907T155804Z-3e19927fa86a.json.gz,2
who.gho.cm-02,CM_02:AUT:SEX_MLE:AGEGROUP_MONTHS0-11,1975-01-01,2026-09-07T15:58:04Z,restated_at,2026-08-04,,who.gho.cm-02,raw/who.gho.cm-02/2026/09/20260907T155804Z-3e19927fa86a.json.gz,2
who.gho.cm-02,CM_02:AUT:SEX_MLE:AGEGROUP_MONTHS0-11,1975-01-01,2026-09-07T15:58:04Z,value,1100.0,,who.gho.cm-02,raw/who.gho.cm-02/2026/09/20260907T155804Z-3e19927fa86a.json.gz,2
who.gho.cm-02,CM_02:BDI:SEX_BTSX:AGEGROUP_MONTHS0-11,1975-01-01,2026-09-07T15:57:12Z,high,23943.0,,who.gho.cm-02,raw/who.gho.cm-02/2026/09/20260907T155712Z-98aa519eeacd.json.gz,2
who.gho.cm-02,CM_02:BDI:SEX_BTSX:AGEGROUP_MONTHS0-11,1975-01-01,2026-09-07T15:57:12Z,low,19060.0,,who.gho.cm-02,raw/who.gho.cm-02/2026/09/20260907T155712Z-98aa519eeacd.json.gz,2
who.gho.cm-02,CM_02:BDI:SEX_BTSX:AGEGROUP_MONTHS0-11,1975-01-01,2026-09-07T15:57:12Z,restated_at,2026-08-04,,who.gho.cm-02,raw/who.gho.cm-02/2026/09/20260907T155712Z-98aa519eeacd.json.gz,2
who.gho.cm-02,CM_02:BDI:SEX_BTSX:AGEGROUP_MONTHS0-11,1975-01-01,2026-09-07T15:57:12Z,value,21348.0,,who.gho.cm-02,raw/who.gho.cm-02/2026/09/20260907T155712Z-98aa519eeacd.json.gz,2
who.gho.cm-02,CM_02:BDI:SEX_FMLE:AGEGROUP_MONTHS0-11,1975-01-01,2026-09-07T15:54:17Z,high,10925.0,,who.gho.cm-02,raw/who.gho.cm-02/2026/09/20260907T155417Z-e87fb31944b5.json.gz,2
who.gho.cm-02,CM_02:BDI:SEX_FMLE:AGEGROUP_MONTHS0-11,1975-01-01,2026-09-07T15:54:17Z,low,8554.0,,who.gho.cm-02,raw/who.gho.cm-02/2026/09/20260907T155417Z-e87fb31944b5.json.gz,2
who.gho.cm-02,CM_02:BDI:SEX_FMLE:AGEGROUP_MONTHS0-11,1975-01-01,2026-09-07T15:54:17Z,restated_at,2026-08-04,,who.gho.cm-02,raw/who.gho.cm-02/2026/09/20260907T155417Z-e87fb31944b5.json.gz,2
who.gho.cm-02,CM_02:BDI:SEX_FMLE:AGEGROUP_MONTHS0-11,1975-01-01,2026-09-07T15:54:17Z,value,9677.0,,who.gho.cm-02,raw/who.gho.cm-02/2026/09/20260907T155417Z-e87fb31944b5.json.gz,2
who.gho.cm-02,CM_02:BDI:SEX_MLE:AGEGROUP_MONTHS0-11,1975-01-01,2026-09-07T15:51:11Z,high,13149.0,,who.gho.cm-02,raw/who.gho.cm-02/2026/09/20260907T155111Z-17577dbcf352.json.gz,2
who.gho.cm-02,CM_02:BDI:SEX_MLE:AGEGROUP_MONTHS0-11,1975-01-01,2026-09-07T15:51:11Z,low,10363.0,,who.gho.cm-02,raw/who.gho.cm-02/2026/09/20260907T155111Z-17577dbcf352.json.gz,2
who.gho.cm-02,CM_02:BDI:SEX_MLE:AGEGROUP_MONTHS0-11,1975-01-01,2026-09-07T15:51:11Z,restated_at,2026-08-04,,who.gho.cm-02,raw/who.gho.cm-02/2026/09/20260907T155111Z-17577dbcf352.json.gz,2
who.gho.cm-02,CM_02:BDI:SEX_MLE:AGEGROUP_MONTHS0-11,1975-01-01,2026-09-07T15:51:11Z,value,11671.0,,who.gho.cm-02,raw/who.gho.cm-02/2026/09/20260907T155111Z-17577dbcf352.json.gz,2
who.gho.cm-02,CM_02:BEL:SEX_BTSX:AGEGROUP_MONTHS0-11,1975-01-01,2026-09-07T15:51:11Z,high,1930.0,,who.gho.cm-02,raw/who.gho.cm-02/2026/09/20260907T155111Z-17577dbcf352.json.gz,2
who.gho.cm-02,CM_02:BEL:SEX_BTSX:AGEGROUP_MONTHS0-11,1975-01-01,2026-09-07T15:51:11Z,low,1860.0,,who.gho.cm-02,raw/who.gho.cm-02/2026/09/20260907T155111Z-17577dbcf352.json.gz,2
who.gho.cm-02,CM_02:BEL:SEX_BTSX:AGEGROUP_MONTHS0-11,1975-01-01,2026-09-07T15:51:11Z,restated_at,2026-08-04,,who.gho.cm-02,raw/who.gho.cm-02/2026/09/20260907T155111Z-17577dbcf352.json.gz,2
who.gho.cm-02,CM_02:BEL:SEX_BTSX:AGEGROUP_MONTHS0-11,1975-01-01,2026-09-07T15:51:11Z,value,1895.0,,who.gho.cm-02,raw/who.gho.cm-02/2026/09/20260907T155111Z-17577dbcf352.json.gz,2
who.gho.cm-02,CM_02:BEL:SEX_FMLE:AGEGROUP_MONTHS0-11,1975-01-01,2026-09-07T15:57:17Z,high,814.0,,who.gho.cm-02,raw/who.gho.cm-02/2026/09/20260907T155717Z-89bc69b90b61.json.gz,2
who.gho.cm-02,CM_02:BEL:SEX_FMLE:AGEGROUP_MONTHS0-11,1975-01-01,2026-09-07T15:57:17Z,low,773.0,,who.gho.cm-02,raw/who.gho.cm-02/2026/09/20260907T155717Z-89bc69b90b61.json.gz,2
who.gho.cm-02,CM_02:BEL:SEX_FMLE:AGEGROUP_MONTHS0-11,1975-01-01,2026-09-07T15:57:17Z,restated_at,2025-04-15,,who.gho.cm-02,raw/who.gho.cm-02/2026/09/20260907T155717Z-89bc69b90b61.json.gz,2
who.gho.cm-02,CM_02:BEL:SEX_FMLE:AGEGROUP_MONTHS0-11,1975-01-01,2026-09-07T15:57:17Z,value,793.0,,who.gho.cm-02,raw/who.gho.cm-02/2026/09/20260907T155717Z-89bc69b90b61.json.gz,2
who.gho.cm-02,CM_02:BEL:SEX_MLE:AGEGROUP_MONTHS0-11,1975-01-01,2026-09-07T15:57:30Z,high,1128.0,,who.gho.cm-02,raw/who.gho.cm-02/2026/09/20260907T155730Z-1fe49c27b9ed.json.gz,2
who.gho.cm-02,CM_02:BEL:SEX_MLE:AGEGROUP_MONTHS0-11,1975-01-01,2026-09-07T15:57:30Z,low,1077.0,,who.gho.cm-02,raw/who.gho.cm-02/2026/09/20260907T155730Z-1fe49c27b9ed.json.gz,2
who.gho.cm-02,CM_02:BEL:SEX_MLE:AGEGROUP_MONTHS0-11,1975-01-01,2026-09-07T15:57:30Z,restated_at,2026-08-04,,who.gho.cm-02,raw/who.gho.cm-02/2026/09/20260907T155730Z-1fe49c27b9ed.json.gz,2
who.gho.cm-02,CM_02:BEL:SEX_MLE:AGEGROUP_MONTHS0-11,1975-01-01,2026-09-07T15:57:30Z,value,1102.0,,who.gho.cm-02,raw/who.gho.cm-02/2026/09/20260907T155730Z-1fe49c27b9ed.json.gz,2
who.gho.cm-02,CM_02:BEN:SEX_BTSX:AGEGROUP_MONTHS0-11,1975-01-01,2026-09-07T15:51:16Z,high,21585.0,,who.gho.cm-02,raw/who.gho.cm-02/2026/09/20260907T155116Z-bb01bf96bc15.json.gz,2
who.gho.cm-02,CM_02:BEN:SEX_BTSX:AGEGROUP_MONTHS0-11,1975-01-01,2026-09-07T15:51:16Z,low,18530.0,,who.gho.cm-02,raw/who.gho.cm-02/2026/09/20260907T155116Z-bb01bf96bc15.json.gz,2
who.gho.cm-02,CM_02:BEN:SEX_BTSX:AGEGROUP_MONTHS0-11,1975-01-01,2026-09-07T15:51:16Z,restated_at,2026-08-04,,who.gho.cm-02,raw/who.gho.cm-02/2026/09/20260907T155116Z-bb01bf96bc15.json.gz,2
who.gho.cm-02,CM_02:BEN:SEX_BTSX:AGEGROUP_MONTHS0-11,1975-01-01,2026-09-07T15:51:16Z,value,19979.0,,who.gho.cm-02,raw/who.gho.cm-02/2026/09/20260907T155116Z-bb01bf96bc15.json.gz,2
who.gho.cm-02,CM_02:BEN:SEX_FMLE:AGEGROUP_MONTHS0-11,1975-01-01,2026-09-07T15:57:40Z,high,9819.0,,who.gho.cm-02,raw/who.gho.cm-02/2026/09/20260907T155740Z-31068700a25d.json.gz,2
who.gho.cm-02,CM_02:BEN:SEX_FMLE:AGEGROUP_MONTHS0-11,1975-01-01,2026-09-07T15:57:40Z,low,8324.0,,who.gho.cm-02,raw/who.gho.cm-02/2026/09/20260907T155740Z-31068700a25d.json.gz,2
who.gho.cm-02,CM_02:BEN:SEX_FMLE:AGEGROUP_MONTHS0-11,1975-01-01,2026-09-07T15:57:40Z,restated_at,2026-08-04,,who.gho.cm-02,raw/who.gho.cm-02/2026/09/20260907T155740Z-31068700a25d.json.gz,2
who.gho.cm-02,CM_02:BEN:SEX_FMLE:AGEGROUP_MONTHS0-11,1975-01-01,2026-09-07T15:57:40Z,value,9032.0,,who.gho.cm-02,raw/who.gho.cm-02/2026/09/20260907T155740Z-31068700a25d.json.gz,2
who.gho.cm-02,CM_02:BEN:SEX_MLE:AGEGROUP_MONTHS0-11,1975-01-01,2026-09-07T15:58:12Z,high,11870.0,,who.gho.cm-02,raw/who.gho.cm-02/2026/09/20260907T155812Z-02a2023435be.json.gz,2
who.gho.cm-02,CM_02:BEN:SEX_MLE:AGEGROUP_MONTHS0-11,1975-01-01,2026-09-07T15:58:12Z,low,10100.0,,who.gho.cm-02,raw/who.gho.cm-02/2026/09/20260907T155812Z-02a2023435be.json.gz,2
who.gho.cm-02,CM_02:BEN:SEX_MLE:AGEGROUP_MONTHS0-11,1975-01-01,2026-09-07T15:58:12Z,restated_at,2026-08-04,,who.gho.cm-02,raw/who.gho.cm-02/2026/09/20260907T155812Z-02a2023435be.json.gz,2
who.gho.cm-02,CM_02:BEN:SEX_MLE:AGEGROUP_MONTHS0-11,1975-01-01,2026-09-07T15:58:12Z,value,10947.0,,who.gho.cm-02,raw/who.gho.cm-02/2026/09/20260907T155812Z-02a2023435be.json.gz,2
who.gho.cm-02,CM_02:BFA:SEX_BTSX:AGEGROUP_MONTHS0-11,1975-01-01,2026-09-07T15:51:40Z,high,45176.0,,who.gho.cm-02,raw/who.gho.cm-02/2026/09/20260907T155140Z-2ccf90b4d287.json.gz,2
who.gho.cm-02,CM_02:BFA:SEX_BTSX:AGEGROUP_MONTHS0-11,1975-01-01,2026-09-07T15:51:40Z,low,38077.0,,who.gho.cm-02,raw/who.gho.cm-02/2026/09/20260907T155140Z-2ccf90b4d287.json.gz,2
who.gho.cm-02,CM_02:BFA:SEX_BTSX:AGEGROUP_MONTHS0-11,1975-01-01,2026-09-07T15:51:40Z,restated_at,2026-08-04,,who.gho.cm-02,raw/who.gho.cm-02/2026/09/20260907T155140Z-2ccf90b4d287.json.gz,2
who.gho.cm-02,CM_02:BFA:SEX_BTSX:AGEGROUP_MONTHS0-11,1975-01-01,2026-09-07T15:51:40Z,value,41421.0,,who.gho.cm-02,raw/who.gho.cm-02/2026/09/20260907T155140Z-2ccf90b4d287.json.gz,2
who.gho.cm-02,CM_02:BFA:SEX_FMLE:AGEGROUP_MONTHS0-11,1975-01-01,2026-09-07T15:57:12Z,high,20714.0,,who.gho.cm-02,raw/who.gho.cm-02/2026/09/20260907T155712Z-98aa519eeacd.json.gz,2
who.gho.cm-02,CM_02:BFA:SEX_FMLE:AGEGROUP_MONTHS0-11,1975-01-01,2026-09-07T15:57:12Z,low,17211.0,,who.gho.cm-02,raw/who.gho.cm-02/2026/09/20260907T155712Z-98aa519eeacd.json.gz,2
who.gho.cm-02,CM_02:BFA:SEX_FMLE:AGEGROUP_MONTHS0-11,1975-01-01,2026-09-07T15:57:12Z,restated_at,2026-08-04,,who.gho.cm-02,raw/who.gho.cm-02/2026/09/20260907T155712Z-98aa519eeacd.json.gz,2
who.gho.cm-02,CM_02:BFA:SEX_FMLE:AGEGROUP_MONTHS0-11,1975-01-01,2026-09-07T15:57:12Z,value,18870.0,,who.gho.cm-02,raw/who.gho.cm-02/2026/09/20260907T155712Z-98aa519eeacd.json.gz,2
who.gho.cm-02,CM_02:BFA:SEX_MLE:AGEGROUP_MONTHS0-11,1975-01-01,2026-09-07T15:51:50Z,high,24711.0,,who.gho.cm-02,raw/who.gho.cm-02/2026/09/20260907T155150Z-b2442ef3f6e6.json.gz,2
who.gho.cm-02,CM_02:BFA:SEX_MLE:AGEGROUP_MONTHS0-11,1975-01-01,2026-09-07T15:51:50Z,low,20649.0,,who.gho.cm-02,raw/who.gho.cm-02/2026/09/20260907T155150Z-b2442ef3f6e6.json.gz,2
who.gho.cm-02,CM_02:BFA:SEX_MLE:AGEGROUP_MONTHS0-11,1975-01-01,2026-09-07T15:51:50Z,restated_at,2026-08-04,,who.gho.cm-02,raw/who.gho.cm-02/2026/09/20260907T155150Z-b2442ef3f6e6.json.gz,2
who.gho.cm-02,CM_02:BFA:SEX_MLE:AGEGROUP_MONTHS0-11,1975-01-01,2026-09-07T15:51:50Z,value,22551.0,,who.gho.cm-02,raw/who.gho.cm-02/2026/09/20260907T155150Z-b2442ef3f6e6.json.gz,2
who.gho.cm-02,CM_02:BGD:SEX_BTSX:AGEGROUP_MONTHS0-11,1975-01-01,2026-09-07T15:51:54Z,high,645636.0,,who.gho.cm-02,raw/who.gho.cm-02/2026/09/20260907T155154Z-820134cf428b.json.gz,2
who.gho.cm-02,CM_02:BGD:SEX_BTSX:AGEGROUP_MONTHS0-11,1975-01-01,2026-09-07T15:51:54Z,low,579501.0,,who.gho.cm-02,raw/who.gho.cm-02/2026/09/20260907T155154Z-820134cf428b.json.gz,2
who.gho.cm-02,CM_02:BGD:SEX_BTSX:AGEGROUP_MONTHS0-11,1975-01-01,2026-09-07T15:51:54Z,restated_at,2026-08-04,,who.gho.cm-02,raw/who.gho.cm-02/2026/09/20260907T155154Z-820134cf428b.json.gz,2
who.gho.cm-02,CM_02:BGD:SEX_BTSX:AGEGROUP_MONTHS0-11,1975-01-01,2026-09-07T15:51:54Z,value,611769.0,,who.gho.cm-02,raw/who.gho.cm-02/2026/09/20260907T155154Z-820134cf428b.json.gz,2
who.gho.cm-02,CM_02:BGD:SEX_FMLE:AGEGROUP_MONTHS0-11,1975-01-01,2026-09-07T15:57:35Z,high,297177.0,,who.gho.cm-02,raw/who.gho.cm-02/2026/09/20260907T155735Z-be5ff4c5352d.json.gz,2
who.gho.cm-02,CM_02:BGD:SEX_FMLE:AGEGROUP_MONTHS0-11,1975-01-01,2026-09-07T15:57:35Z,low,263602.0,,who.gho.cm-02,raw/who.gho.cm-02/2026/09/20260907T155735Z-be5ff4c5352d.json.gz,2
who.gho.cm-02,CM_02:BGD:SEX_FMLE:AGEGROUP_MONTHS0-11,1975-01-01,2026-09-07T15:57:35Z,restated_at,2026-08-04,,who.gho.cm-02,raw/who.gho.cm-02/2026/09/20260907T155735Z-be5ff4c5352d.json.gz,2
who.gho.cm-02,CM_02:BGD:SEX_FMLE:AGEGROUP_MONTHS0-11,1975-01-01,2026-09-07T15:57:35Z,value,279932.0,,who.gho.cm-02,raw/who.gho.cm-02/2026/09/20260907T155735Z-be5ff4c5352d.json.gz,2
who.gho.cm-02,CM_02:BGD:SEX_MLE:AGEGROUP_MONTHS0-11,1975-01-01,2026-09-07T15:56:37Z,high,351499.0,,who.gho.cm-02,raw/who.gho.cm-02/2026/09/20260907T155637Z-c7bda929b138.json.gz,2
who.gho.cm-02,CM_02:BGD:SEX_MLE:AGEGROUP_MONTHS0-11,1975-01-01,2026-09-07T15:56:37Z,low,312932.0,,who.gho.cm-02,raw/who.gho.cm-02/2026/09/20260907T155637Z-c7bda929b138.json.gz,2
who.gho.cm-02,CM_02:BGD:SEX_MLE:AGEGROUP_MONTHS0-11,1975-01-01,2026-09-07T15:56:37Z,restated_at,2026-08-04,,who.gho.cm-02,raw/who.gho.cm-02/2026/09/20260907T155637Z-c7bda929b138.json.gz,2
who.gho.cm-02,CM_02:BGD:SEX_MLE:AGEGROUP_MONTHS0-11,1975-01-01,2026-09-07T15:56:37Z,value,331837.0,,who.gho.cm-02,raw/who.gho.cm-02/2026/09/20260907T155637Z-c7bda929b138.json.gz,2
who.gho.cm-02,CM_02:BGR:SEX_BTSX:AGEGROUP_MONTHS0-11,1975-01-01,2026-09-07T15:58:16Z,high,3626.0,,who.gho.cm-02,raw/who.gho.cm-02/2026/09/20260907T155816Z-99a1a16a015f.json.gz,2
who.gho.cm-02,CM_02:BGR:SEX_BTSX:AGEGROUP_MONTHS0-11,1975-01-01,2026-09-07T15:58:16Z,low,3467.0,,who.gho.cm-02,raw/who.gho.cm-02/2026/09/20260907T155816Z-99a1a16a015f.json.gz,2
who.gho.cm-02,CM_02:BGR:SEX_BTSX:AGEGROUP_MONTHS0-11,1975-01-01,2026-09-07T15:58:16Z,restated_at,2026-08-04,,who.gho.cm-02,raw/who.gho.cm-02/2026/09/20260907T155816Z-99a1a16a015f.json.gz,2
who.gho.cm-02,CM_02:BGR:SEX_BTSX:AGEGROUP_MONTHS0-11,1975-01-01,2026-09-07T15:58:16Z,value,3546.0,,who.gho.cm-02,raw/who.gho.cm-02/2026/09/20260907T155816Z-99a1a16a015f.json.gz,2
who.gho.cm-02,CM_02:BGR:SEX_FMLE:AGEGROUP_MONTHS0-11,1975-01-01,2026-09-07T15:51:21Z,high,1536.0,,who.gho.cm-02,raw/who.gho.cm-02/2026/09/20260907T155121Z-1b14643329ca.json.gz,2
who.gho.cm-02,CM_02:BGR:SEX_FMLE:AGEGROUP_MONTHS0-11,1975-01-01,2026-09-07T15:51:21Z,low,1455.0,,who.gho.cm-02,raw/who.gho.cm-02/2026/09/20260907T155121Z-1b14643329ca.json.gz,2
who.gho.cm-02,CM_02:BGR:SEX_FMLE:AGEGROUP_MONTHS0-11,1975-01-01,2026-09-07T15:51:21Z,restated_at,2026-08-04,,who.gho.cm-02,raw/who.gho.cm-02/2026/09/20260907T155121Z-1b14643329ca.json.gz,2
who.gho.cm-02,CM_02:BGR:SEX_FMLE:AGEGROUP_MONTHS0-11,1975-01-01,2026-09-07T15:51:21Z,value,1495.0,,who.gho.cm-02,raw/who.gho.cm-02/2026/09/20260907T155121Z-1b14643329ca.json.gz,2
who.gho.cm-02,CM_02:BGR:SEX_MLE:AGEGROUP_MONTHS0-11,1975-01-01,2026-09-07T15:53:02Z,high,2103.0,,who.gho.cm-02,raw/who.gho.cm-02/2026/09/20260907T155302Z-206bb5f6993f.json.gz,2
who.gho.cm-02,CM_02:BGR:SEX_MLE:AGEGROUP_MONTHS0-11,1975-01-01,2026-09-07T15:53:02Z,low,2001.0,,who.gho.cm-02,raw/who.gho.cm-02/2026/09/20260907T155302Z-206bb5f6993f.json.gz,2
who.gho.cm-02,CM_02:BGR:SEX_MLE:AGEGROUP_MONTHS0-11,1975-01-01,2026-09-07T15:53:02Z,restated_at,2026-08-04,,who.gho.cm-02,raw/who.gho.cm-02/2026/09/20260907T155302Z-206bb5f6993f.json.gz,2
who.gho.cm-02,CM_02:BGR:SEX_MLE:AGEGROUP_MONTHS0-11,1975-01-01,2026-09-07T15:53:02Z,value,2051.0,,who.gho.cm-02,raw/who.gho.cm-02/2026/09/20260907T155302Z-206bb5f6993f.json.gz,2
who.gho.cm-02,CM_02:BHR:SEX_BTSX:AGEGROUP_MONTHS0-11,1975-01-01,2026-09-07T15:58:20Z,high,404.0,,who.gho.cm-02,raw/who.gho.cm-02/2026/09/20260907T155820Z-bace8014f904.json.gz,2
who.gho.cm-02,CM_02:BHR:SEX_BTSX:AGEGROUP_MONTHS0-11,1975-01-01,2026-09-07T15:58:20Z,low,333.0,,who.gho.cm-02,raw/who.gho.cm-02/2026/09/20260907T155820Z-bace8014f904.json.gz,2
who.gho.cm-02,CM_02:BHR:SEX_BTSX:AGEGROUP_MONTHS0-11,1975-01-01,2026-09-07T15:58:20Z,restated_at,2026-08-04,,who.gho.cm-02,raw/who.gho.cm-02/2026/09/20260907T155820Z-bace8014f904.json.gz,2
who.gho.cm-02,CM_02:BHR:SEX_BTSX:AGEGROUP_MONTHS0-11,1975-01-01,2026-09-07T15:58:20Z,value,366.0,,who.gho.cm-02,raw/who.gho.cm-02/2026/09/20260907T155820Z-bace8014f904.json.gz,2
who.gho.cm-02,CM_02:BHR:SEX_FMLE:AGEGROUP_MONTHS0-11,1975-01-01,2026-09-07T15:52:37Z,high,194.0,,who.gho.cm-02,raw/who.gho.cm-02/2026/09/20260907T155237Z-35c7d31783eb.json.gz,2
who.gho.cm-02,CM_02:BHR:SEX_FMLE:AGEGROUP_MONTHS0-11,1975-01-01,2026-09-07T15:52:37Z,low,157.0,,who.gho.cm-02,raw/who.gho.cm-02/2026/09/20260907T155237Z-35c7d31783eb.json.gz,2
who.gho.cm-02,CM_02:BHR:SEX_FMLE:AGEGROUP_MONTHS0-11,1975-01-01,2026-09-07T15:52:37Z,restated_at,2026-08-04,,who.gho.cm-02,raw/who.gho.cm-02/2026/09/20260907T155237Z-35c7d31783eb.json.gz,2
who.gho.cm-02,CM_02:BHR:SEX_FMLE:AGEGROUP_MONTHS0-11,1975-01-01,2026-09-07T15:52:37Z,value,174.0,,who.gho.cm-02,raw/who.gho.cm-02/2026/09/20260907T155237Z-35c7d31783eb.json.gz,2
who.gho.cm-02,CM_02:BHR:SEX_MLE:AGEGROUP_MONTHS0-11,1975-01-01,2026-09-07T15:57:54Z,high,213.0,,who.gho.cm-02,raw/who.gho.cm-02/2026/09/20260907T155754Z-3bea881db2b4.json.gz,2
who.gho.cm-02,CM_02:BHR:SEX_MLE:AGEGROUP_MONTHS0-11,1975-01-01,2026-09-07T15:57:54Z,low,173.0,,who.gho.cm-02,raw/who.gho.cm-02/2026/09/20260907T155754Z-3bea881db2b4.json.gz,2
who.gho.cm-02,CM_02:BHR:SEX_MLE:AGEGROUP_MONTHS0-11,1975-01-01,2026-09-07T15:57:54Z,restated_at,2026-08-04,,who.gho.cm-02,raw/who.gho.cm-02/2026/09/20260907T155754Z-3bea881db2b4.json.gz,2
who.gho.cm-02,CM_02:BHR:SEX_MLE:AGEGROUP_MONTHS0-11,1975-01-01,2026-09-07T15:57:54Z,value,192.0,,who.gho.cm-02,raw/who.gho.cm-02/2026/09/20260907T155754Z-3bea881db2b4.json.gz,2
who.gho.cm-02,CM_02:BHS:SEX_BTSX:AGEGROUP_MONTHS0-11,1975-01-01,2026-09-07T15:58:16Z,high,154.0,,who.gho.cm-02,raw/who.gho.cm-02/2026/09/20260907T155816Z-99a1a16a015f.json.gz,2
who.gho.cm-02,CM_02:BHS:SEX_BTSX:AGEGROUP_MONTHS0-11,1975-01-01,2026-09-07T15:58:16Z,low,139.0,,who.gho.cm-02,raw/who.gho.cm-02/2026/09/20260907T155816Z-99a1a16a015f.json.gz,2
who.gho.cm-02,CM_02:BHS:SEX_BTSX:AGEGROUP_MONTHS0-11,1975-01-01,2026-09-07T15:58:16Z,restated_at,2026-08-04,,who.gho.cm-02,raw/who.gho.cm-02/2026/09/20260907T155816Z-99a1a16a015f.json.gz,2
who.gho.cm-02,CM_02:BHS:SEX_BTSX:AGEGROUP_MONTHS0-11,1975-01-01,2026-09-07T15:58:16Z,value,147.0,,who.gho.cm-02,raw/who.gho.cm-02/2026/09/20260907T155816Z-99a1a16a015f.json.gz,2
who.gho.cm-02,CM_02:BHS:SEX_FMLE:AGEGROUP_MONTHS0-11,1975-01-01,2026-09-07T15:57:44Z,high,72.0,,who.gho.cm-02,raw/who.gho.cm-02/2026/09/20260907T155744Z-e141b36e0a87.json.gz,2
who.gho.cm-02,CM_02:BHS:SEX_FMLE:AGEGROUP_MONTHS0-11,1975-01-01,2026-09-07T15:57:44Z,low,64.0,,who.gho.cm-02,raw/who.gho.cm-02/2026/09/20260907T155744Z-e141b36e0a87.json.gz,2
who.gho.cm-02,CM_02:BHS:SEX_FMLE:AGEGROUP_MONTHS0-11,1975-01-01,2026-09-07T15:57:44Z,restated_at,2026-08-04,,who.gho.cm-02,raw/who.gho.cm-02/2026/09/20260907T155744Z-e141b36e0a87.json.gz,2
who.gho.cm-02,CM_02:BHS:SEX_FMLE:AGEGROUP_MONTHS0-11,1975-01-01,2026-09-07T15:57:44Z,value,68.0,,who.gho.cm-02,raw/who.gho.cm-02/2026/09/20260907T155744Z-e141b36e0a87.json.gz,2
who.gho.cm-02,CM_02:BHS:SEX_MLE:AGEGROUP_MONTHS0-11,1975-01-01,2026-09-07T15:58:07Z,high,83.0,,who.gho.cm-02,raw/who.gho.cm-02/2026/09/20260907T155807Z-33d1eb328c3d.json.gz,2
who.gho.cm-02,CM_02:BHS:SEX_MLE:AGEGROUP_MONTHS0-11,1975-01-01,2026-09-07T15:58:07Z,low,74.0,,who.gho.cm-02,raw/who.gho.cm-02/2026/09/20260907T155807Z-33d1eb328c3d.json.gz,2
who.gho.cm-02,CM_02:BHS:SEX_MLE:AGEGROUP_MONTHS0-11,1975-01-01,2026-09-07T15:58:07Z,restated_at,2025-04-15,,who.gho.cm-02,raw/who.gho.cm-02/2026/09/20260907T155807Z-33d1eb328c3d.json.gz,2
who.gho.cm-02,CM_02:BHS:SEX_MLE:AGEGROUP_MONTHS0-11,1975-01-01,2026-09-07T15:58:07Z,value,79.0,,who.gho.cm-02,raw/who.gho.cm-02/2026/09/20260907T155807Z-33d1eb328c3d.json.gz,2
who.gho.cm-02,CM_02:BLR:SEX_BTSX:AGEGROUP_MONTHS0-11,1975-01-01,2026-09-07T15:56:37Z,high,2730.0,,who.gho.cm-02,raw/who.gho.cm-02/2026/09/20260907T155637Z-c7bda929b138.json.gz,2
who.gho.cm-02,CM_02:BLR:SEX_BTSX:AGEGROUP_MONTHS0-11,1975-01-01,2026-09-07T15:56:37Z,low,2414.0,,who.gho.cm-02,raw/who.gho.cm-02/2026/09/20260907T155637Z-c7bda929b138.json.gz,2
who.gho.cm-02,CM_02:BLR:SEX_BTSX:AGEGROUP_MONTHS0-11,1975-01-01,2026-09-07T15:56:37Z,restated_at,2026-08-04,,who.gho.cm-02,raw/who.gho.cm-02/2026/09/20260907T155637Z-c7bda929b138.json.gz,2
who.gho.cm-02,CM_02:BLR:SEX_BTSX:AGEGROUP_MONTHS0-11,1975-01-01,2026-09-07T15:56:37Z,value,2566.0,,who.gho.cm-02,raw/who.gho.cm-02/2026/09/20260907T155637Z-c7bda929b138.json.gz,2
who.gho.cm-02,CM_02:BLR:SEX_FMLE:AGEGROUP_MONTHS0-11,1975-01-01,2026-09-07T15:51:30Z,high,1133.0,,who.gho.cm-02,raw/who.gho.cm-02/2026/09/20260907T155130Z-b74d44aee08e.json.gz,2
who.gho.cm-02,CM_02:BLR:SEX_FMLE:AGEGROUP_MONTHS0-11,1975-01-01,2026-09-07T15:51:30Z,low,980.0,,who.gho.cm-02,raw/who.gho.cm-02/2026/09/20260907T155130Z-b74d44aee08e.json.gz,2
who.gho.cm-02,CM_02:BLR:SEX_FMLE:AGEGROUP_MONTHS0-11,1975-01-01,2026-09-07T15:51:30Z,restated_at,2026-08-04,,who.gho.cm-02,raw/who.gho.cm-02/2026/09/20260907T155130Z-b74d44aee08e.json.gz,2
who.gho.cm-02,CM_02:BLR:SEX_FMLE:AGEGROUP_MONTHS0-11,1975-01-01,2026-09-07T15:51:30Z,value,1053.0,,who.gho.cm-02,raw/who.gho.cm-02/2026/09/20260907T155130Z-b74d44aee08e.json.gz,2
who.gho.cm-02,CM_02:BLR:SEX_MLE:AGEGROUP_MONTHS0-11,1975-01-01,2026-09-07T15:52:03Z,high,1616.0,,who.gho.cm-02,raw/who.gho.cm-02/2026/09/20260907T155203Z-07dabadb5738.json.gz,2
who.gho.cm-02,CM_02:BLR:SEX_MLE:AGEGROUP_MONTHS0-11,1975-01-01,2026-09-07T15:52:03Z,low,1418.0,,who.gho.cm-02,raw/who.gho.cm-02/2026/09/20260907T155203Z-07dabadb5738.json.gz,2
who.gho.cm-02,CM_02:BLR:SEX_MLE:AGEGROUP_MONTHS0-11,1975-01-01,2026-09-07T15:52:03Z,restated_at,2026-08-04,,who.gho.cm-02,raw/who.gho.cm-02/2026/09/20260907T155203Z-07dabadb5738.json.gz,2
who.gho.cm-02,CM_02:BLR:SEX_MLE:AGEGROUP_MONTHS0-11,1975-01-01,2026-09-07T15:52:03Z,value,1513.0,,who.gho.cm-02,raw/who.gho.cm-02/2026/09/20260907T155203Z-07dabadb5738.json.gz,2
who.gho.cm-02,CM_02:BLZ:SEX_BTSX:AGEGROUP_MONTHS0-11,1975-01-01,2026-09-07T15:51:44Z,high,399.0,,who.gho.cm-02,raw/who.gho.cm-02/2026/09/20260907T155144Z-505d97ce9093.json.gz,2
who.gho.cm-02,CM_02:BLZ:SEX_BTSX:AGEGROUP_MONTHS0-11,1975-01-01,2026-09-07T15:51:44Z,low,258.0,,who.gho.cm-02,raw/who.gho.cm-02/2026/09/20260907T155144Z-505d97ce9093.json.gz,2
who.gho.cm-02,CM_02:BLZ:SEX_BTSX:AGEGROUP_MONTHS0-11,1975-01-01,2026-09-07T15:51:44Z,restated_at,2026-08-04,,who.gho.cm-02,raw/who.gho.cm-02/2026/09/20260907T155144Z-505d97ce9093.json.gz,2
who.gho.cm-02,CM_02:BLZ:SEX_BTSX:AGEGROUP_MONTHS0-11,1975-01-01,2026-09-07T15:51:44Z,value,321.0,,who.gho.cm-02,raw/who.gho.cm-02/2026/09/20260907T155144Z-505d97ce9093.json.gz,2
who.gho.cm-02,CM_02:BLZ:SEX_FMLE:AGEGROUP_MONTHS0-11,1975-01-01,2026-09-07T15:56:41Z,high,177.0,,who.gho.cm-02,raw/who.gho.cm-02/2026/09/20260907T155641Z-022407e160ee.json.gz,2
who.gho.cm-02,CM_02:BLZ:SEX_FMLE:AGEGROUP_MONTHS0-11,1975-01-01,2026-09-07T15:56:41Z,low,113.0,,who.gho.cm-02,raw/who.gho.cm-02/2026/09/20260907T155641Z-022407e160ee.json.gz,2
who.gho.cm-02,CM_02:BLZ:SEX_FMLE:AGEGROUP_MONTHS0-11,1975-01-01,2026-09-07T15:56:41Z,restated_at,2026-08-04,,who.gho.cm-02,raw/who.gho.cm-02/2026/09/20260907T155641Z-022407e160ee.json.gz,2
who.gho.cm-02,CM_02:BLZ:SEX_FMLE:AGEGROUP_MONTHS0-11,1975-01-01,2026-09-07T15:56:41Z,value,142.0,,who.gho.cm-02,raw/who.gho.cm-02/2026/09/20260907T155641Z-022407e160ee.json.gz,2
who.gho.cm-02,CM_02:BLZ:SEX_MLE:AGEGROUP_MONTHS0-11,1975-01-01,2026-09-07T15:51:40Z,high,224.0,,who.gho.cm-02,raw/who.gho.cm-02/2026/09/20260907T155140Z-2ccf90b4d287.json.gz,2
who.gho.cm-02,CM_02:BLZ:SEX_MLE:AGEGROUP_MONTHS0-11,1975-01-01,2026-09-07T15:51:40Z,low,144.0,,who.gho.cm-02,raw/who.gho.cm-02/2026/09/20260907T155140Z-2ccf90b4d287.json.gz,2
who.gho.cm-02,CM_02:BLZ:SEX_MLE:AGEGROUP_MONTHS0-11,1975-01-01,2026-09-07T15:51:40Z,restated_at,2026-08-04,,who.gho.cm-02,raw/who.gho.cm-02/2026/09/20260907T155140Z-2ccf90b4d287.json.gz,2
who.gho.cm-02,CM_02:BLZ:SEX_MLE:AGEGROUP_MONTHS0-11,1975-01-01,2026-09-07T15:51:40Z,value,179.0,,who.gho.cm-02,raw/who.gho.cm-02/2026/09/20260907T155140Z-2ccf90b4d287.json.gz,2
who.gho.cm-02,CM_02:BOL:SEX_BTSX:AGEGROUP_MONTHS0-11,1975-01-01,2026-09-07T15:58:16Z,high,29764.0,,who.gho.cm-02,raw/who.gho.cm-02/2026/09/20260907T155816Z-99a1a16a015f.json.gz,2
who.gho.cm-02,CM_02:BOL:SEX_BTSX:AGEGROUP_MONTHS0-11,1975-01-01,2026-09-07T15:58:16Z,low,26097.0,,who.gho.cm-02,raw/who.gho.cm-02/2026/09/20260907T155816Z-99a1a16a015f.json.gz,2
who.gho.cm-02,CM_02:BOL:SEX_BTSX:AGEGROUP_MONTHS0-11,1975-01-01,2026-09-07T15:58:16Z,restated_at,2026-08-04,,who.gho.cm-02,raw/who.gho.cm-02/2026/09/20260907T155816Z-99a1a16a015f.json.gz,2
who.gho.cm-02,CM_02:BOL:SEX_BTSX:AGEGROUP_MONTHS0-11,1975-01-01,2026-09-07T15:58:16Z,value,27851.0,,who.gho.cm-02,raw/who.gho.cm-02/2026/09/20260907T155816Z-99a1a16a015f.json.gz,2
who.gho.cm-02,CM_02:BOL:SEX_FMLE:AGEGROUP_MONTHS0-11,1975-01-01,2026-09-07T15:53:02Z,high,13155.0,,who.gho.cm-02,raw/who.gho.cm-02/2026/09/20260907T155302Z-206bb5f6993f.json.gz,2
who.gho.cm-02,CM_02:BOL:SEX_FMLE:AGEGROUP_MONTHS0-11,1975-01-01,2026-09-07T15:53:02Z,low,11401.0,,who.gho.cm-02,raw/who.gho.cm-02/2026/09/20260907T155302Z-206bb5f6993f.json.gz,2
who.gho.cm-02,CM_02:BOL:SEX_FMLE:AGEGROUP_MONTHS0-11,1975-01-01,2026-09-07T15:53:02Z,restated_at,2026-08-04,,who.gho.cm-02,raw/who.gho.cm-02/2026/09/20260907T155302Z-206bb5f6993f.json.gz,2
who.gho.cm-02,CM_02:BOL:SEX_FMLE:AGEGROUP_MONTHS0-11,1975-01-01,2026-09-07T15:53:02Z,value,12256.0,,who.gho.cm-02,raw/who.gho.cm-02/2026/09/20260907T155302Z-206bb5f6993f.json.gz,2
who.gho.cm-02,CM_02:BOL:SEX_MLE:AGEGROUP_MONTHS0-11,1975-01-01,2026-09-07T15:58:12Z,high,16732.0,,who.gho.cm-02,raw/who.gho.cm-02/2026/09/20260907T155812Z-02a2023435be.json.gz,2
who.gho.cm-02,CM_02:BOL:SEX_MLE:AGEGROUP_MONTHS0-11,1975-01-01,2026-09-07T15:58:12Z,low,14537.0,,who.gho.cm-02,raw/who.gho.cm-02/2026/09/20260907T155812Z-02a2023435be.json.gz,2
who.gho.cm-02,CM_02:BOL:SEX_MLE:AGEGROUP_MONTHS0-11,1975-01-01,2026-09-07T15:58:12Z,restated_at,2026-08-04,,who.gho.cm-02,raw/who.gho.cm-02/2026/09/20260907T155812Z-02a2023435be.json.gz,2
who.gho.cm-02,CM_02:BOL:SEX_MLE:AGEGROUP_MONTHS0-11,1975-01-01,2026-09-07T15:58:12Z,value,15595.0,,who.gho.cm-02,raw/who.gho.cm-02/2026/09/20260907T155812Z-02a2023435be.json.gz,2
who.gho.cm-02,CM_02:BRA:SEX_BTSX:AGEGROUP_MONTHS0-11,1975-01-01,2026-09-07T15:57:21Z,high,342865.0,,who.gho.cm-02,raw/who.gho.cm-02/2026/09/20260907T155721Z-a2b5c178c29b.json.gz,2
who.gho.cm-02,CM_02:BRA:SEX_BTSX:AGEGROUP_MONTHS0-11,1975-01-01,2026-09-07T15:57:21Z,low,297683.0,,who.gho.cm-02,raw/who.gho.cm-02/2026/09/20260907T155721Z-a2b5c178c29b.json.gz,2
who.gho.cm-02,CM_02:BRA:SEX_BTSX:AGEGROUP_MONTHS0-11,1975-01-01,2026-09-07T15:57:21Z,restated_at,2026-08-04,,who.gho.cm-02,raw/who.gho.cm-02/2026/09/20260907T155721Z-a2b5c178c29b.json.gz,2
who.gho.cm-02,CM_02:BRA:SEX_BTSX:AGEGROUP_MONTHS0-11,1975-01-01,2026-09-07T15:57:21Z,value,319747.0,,who.gho.cm-02,raw/who.gho.cm-02/2026/09/20260907T155721Z-a2b5c178c29b.json.gz,2
who.gho.cm-02,CM_02:BRA:SEX_FMLE:AGEGROUP_MONTHS0-11,1975-01-01,2026-09-07T15:51:50Z,high,150173.0,,who.gho.cm-02,raw/who.gho.cm-02/2026/09/20260907T155150Z-b2442ef3f6e6.json.gz,2
who.gho.cm-02,CM_02:BRA:SEX_FMLE:AGEGROUP_MONTHS0-11,1975-01-01,2026-09-07T15:51:50Z,low,128082.0,,who.gho.cm-02,raw/who.gho.cm-02/2026/09/20260907T155150Z-b2442ef3f6e6.json.gz,2
who.gho.cm-02,CM_02:BRA:SEX_FMLE:AGEGROUP_MONTHS0-11,1975-01-01,2026-09-07T15:51:50Z,restated_at,2026-08-04,,who.gho.cm-02,raw/who.gho.cm-02/2026/09/20260907T155150Z-b2442ef3f6e6.json.gz,2
who.gho.cm-02,CM_02:BRA:SEX_FMLE:AGEGROUP_MONTHS0-11,1975-01-01,2026-09-07T15:51:50Z,value,138728.0,,who.gho.cm-02,raw/who.gho.cm-02/2026/09/20260907T155150Z-b2442ef3f6e6.json.gz,2
who.gho.cm-02,CM_02:BRA:SEX_MLE:AGEGROUP_MONTHS0-11,1975-01-01,2026-09-07T15:54:17Z,high,194987.0,,who.gho.cm-02,raw/who.gho.cm-02/2026/09/20260907T155417Z-e87fb31944b5.json.gz,2
who.gho.cm-02,CM_02:BRA:SEX_MLE:AGEGROUP_MONTHS0-11,1975-01-01,2026-09-07T15:54:17Z,low,167313.0,,who.gho.cm-02,raw/who.gho.cm-02/2026/09/20260907T155417Z-e87fb31944b5.json.gz,2
who.gho.cm-02,CM_02:BRA:SEX_MLE:AGEGROUP_MONTHS0-11,1975-01-01,2026-09-07T15:54:17Z,restated_at,2026-08-04,,who.gho.cm-02,raw/who.gho.cm-02/2026/09/20260907T155417Z-e87fb31944b5.json.gz,2
who.gho.cm-02,CM_02:BRA:SEX_MLE:AGEGROUP_MONTHS0-11,1975-01-01,2026-09-07T15:54:17Z,value,181019.0,,who.gho.cm-02,raw/who.gho.cm-02/2026/09/20260907T155417Z-e87fb31944b5.json.gz,2
who.gho.cm-02,CM_02:BRB:SEX_BTSX:AGEGROUP_MONTHS0-11,1975-01-01,2026-09-07T15:51:25Z,high,171.0,,who.gho.cm-02,raw/who.gho.cm-02/2026/09/20260907T155125Z-b41e2575e826.json.gz,2
who.gho.cm-02,CM_02:BRB:SEX_BTSX:AGEGROUP_MONTHS0-11,1975-01-01,2026-09-07T15:51:25Z,low,156.0,,who.gho.cm-02,raw/who.gho.cm-02/2026/09/20260907T155125Z-b41e2575e826.json.gz,2
who.gho.cm-02,CM_02:BRB:SEX_BTSX:AGEGROUP_MONTHS0-11,1975-01-01,2026-09-07T15:51:25Z,restated_at,2025-04-15,,who.gho.cm-02,raw/who.gho.cm-02/2026/09/20260907T155125Z-b41e2575e826.json.gz,2
who.gho.cm-02,CM_02:BRB:SEX_BTSX:AGEGROUP_MONTHS0-11,1975-01-01,2026-09-07T15:51:25Z,value,163.0,,who.gho.cm-02,raw/who.gho.cm-02/2026/09/20260907T155125Z-b41e2575e826.json.gz,2
who.gho.cm-02,CM_02:BRB:SEX_FMLE:AGEGROUP_MONTHS0-11,1975-01-01,2026-09-07T15:58:07Z,high,76.0,,who.gho.cm-02,raw/who.gho.cm-02/2026/09/20260907T155807Z-33d1eb328c3d.json.gz,2
who.gho.cm-02,CM_02:BRB:SEX_FMLE:AGEGROUP_MONTHS0-11,1975-01-01,2026-09-07T15:58:07Z,low,68.0,,who.gho.cm-02,raw/who.gho.cm-02/2026/09/20260907T155807Z-33d1eb328c3d.json.gz,2
who.gho.cm-02,CM_02:BRB:SEX_FMLE:AGEGROUP_MONTHS0-11,1975-01-01,2026-09-07T15:58:07Z,restated_at,2025-04-15,,who.gho.cm-02,raw/who.gho.cm-02/2026/09/20260907T155807Z-33d1eb328c3d.json.gz,2
who.gho.cm-02,CM_02:BRB:SEX_FMLE:AGEGROUP_MONTHS0-11,1975-01-01,2026-09-07T15:58:07Z,value,72.0,,who.gho.cm-02,raw/who.gho.cm-02/2026/09/20260907T155807Z-33d1eb328c3d.json.gz,2
who.gho.cm-02,CM_02:BRB:SEX_MLE:AGEGROUP_MONTHS0-11,1975-01-01,2026-09-07T15:51:21Z,high,96.0,,who.gho.cm-02,raw/who.gho.cm-02/2026/09/20260907T155121Z-1b14643329ca.json.gz,2
who.gho.cm-02,CM_02:BRB:SEX_MLE:AGEGROUP_MONTHS0-11,1975-01-01,2026-09-07T15:51:21Z,low,86.0,,who.gho.cm-02,raw/who.gho.cm-02/2026/09/20260907T155121Z-1b14643329ca.json.gz,2
who.gho.cm-02,CM_02:BRB:SEX_MLE:AGEGROUP_MONTHS0-11,1975-01-01,2026-09-07T15:51:21Z,restated_at,2025-04-15,,who.gho.cm-02,raw/who.gho.cm-02/2026/09/20260907T155121Z-1b14643329ca.json.gz,2
who.gho.cm-02,CM_02:BRB:SEX_MLE:AGEGROUP_MONTHS0-11,1975-01-01,2026-09-07T15:51:21Z,value,91.0,,who.gho.cm-02,raw/who.gho.cm-02/2026/09/20260907T155121Z-1b14643329ca.json.gz,2
who.gho.cm-02,CM_02:BRN:SEX_BTSX:AGEGROUP_MONTHS0-11,1975-01-01,2026-09-07T15:56:37Z,high,138.0,,who.gho.cm-02,raw/who.gho.cm-02/2026/09/20260907T155637Z-c7bda929b138.json.gz,2
who.gho.cm-02,CM_02:BRN:SEX_BTSX:AGEGROUP_MONTHS0-11,1975-01-01,2026-09-07T15:56:37Z,low,123.0,,who.gho.cm-02,raw/who.gho.cm-02/2026/09/20260907T155637Z-c7bda929b138.json.gz,2
who.gho.cm-02,CM_02:BRN:SEX_BTSX:AGEGROUP_MONTHS0-11,1975-01-01,2026-09-07T15:56:37Z,restated_at,2025-04-15,,who.gho.cm-02,raw/who.gho.cm-02/2026/09/20260907T155637Z-c7bda929b138.json.gz,2
who.gho.cm-02,CM_02:BRN:SEX_BTSX:AGEGROUP_MONTHS0-11,1975-01-01,2026-09-07T15:56:37Z,value,130.0,,who.gho.cm-02,raw/who.gho.cm-02/2026/09/20260907T155637Z-c7bda929b138.json.gz,2
who.gho.cm-02,CM_02:BRN:SEX_FMLE:AGEGROUP_MONTHS0-11,1975-01-01,2026-09-07T15:58:16Z,high,62.0,,who.gho.cm-02,raw/who.gho.cm-02/2026/09/20260907T155816Z-99a1a16a015f.json.gz,2
who.gho.cm-02,CM_02:BRN:SEX_FMLE:AGEGROUP_MONTHS0-11,1975-01-01,2026-09-07T15:58:16Z,low,54.0,,who.gho.cm-02,raw/who.gho.cm-02/2026/09/20260907T155816Z-99a1a16a015f.json.gz,2
who.gho.cm-02,CM_02:BRN:SEX_FMLE:AGEGROUP_MONTHS0-11,1975-01-01,2026-09-07T15:58:16Z,restated_at,2025-04-15,,who.gho.cm-02,raw/who.gho.cm-02/2026/09/20260907T155816Z-99a1a16a015f.json.gz,2
who.gho.cm-02,CM_02:BRN:SEX_FMLE:AGEGROUP_MONTHS0-11,1975-01-01,2026-09-07T15:58:16Z,value,58.0,,who.gho.cm-02,raw/who.gho.cm-02/2026/09/20260907T155816Z-99a1a16a015f.json.gz,2
who.gho.cm-02,CM_02:BRN:SEX_MLE:AGEGROUP_MONTHS0-11,1975-01-01,2026-09-07T15:57:35Z,high,77.0,,who.gho.cm-02,raw/who.gho.cm-02/2026/09/20260907T155735Z-be5ff4c5352d.json.gz,2
who.gho.cm-02,CM_02:BRN:SEX_MLE:AGEGROUP_MONTHS0-11,1975-01-01,2026-09-07T15:57:35Z,low,68.0,,who.gho.cm-02,raw/who.gho.cm-02/2026/09/20260907T155735Z-be5ff4c5352d.json.gz,2
who.gho.cm-02,CM_02:BRN:SEX_MLE:AGEGROUP_MONTHS0-11,1975-01-01,2026-09-07T15:57:35Z,restated_at,2026-08-04,,who.gho.cm-02,raw/who.gho.cm-02/2026/09/20260907T155735Z-be5ff4c5352d.json.gz,2
who.gho.cm-02,CM_02:BRN:SEX_MLE:AGEGROUP_MONTHS0-11,1975-01-01,2026-09-07T15:57:35Z,value,72.0,,who.gho.cm-02,raw/who.gho.cm-02/2026/09/20260907T155735Z-be5ff4c5352d.json.gz,2
who.gho.cm-02,CM_02:BTN:SEX_BTSX:AGEGROUP_MONTHS0-11,1975-01-01,2026-09-07T15:57:26Z,high,3287.0,,who.gho.cm-02,raw/who.gho.cm-02/2026/09/20260907T155726Z-31d0241a6d30.json.gz,2
who.gho.cm-02,CM_02:BTN:SEX_BTSX:AGEGROUP_MONTHS0-11,1975-01-01,2026-09-07T15:57:26Z,low,2177.0,,who.gho.cm-02,raw/who.gho.cm-02/2026/09/20260907T155726Z-31d0241a6d30.json.gz,2
who.gho.cm-02,CM_02:BTN:SEX_BTSX:AGEGROUP_MONTHS0-11,1975-01-01,2026-09-07T15:57:26Z,restated_at,2026-08-04,,who.gho.cm-02,raw/who.gho.cm-02/2026/09/20260907T155726Z-31d0241a6d30.json.gz,2
who.gho.cm-02,CM_02:BTN:SEX_BTSX:AGEGROUP_MONTHS0-11,1975-01-01,2026-09-07T15:57:26Z,value,2676.0,,who.gho.cm-02,raw/who.gho.cm-02/2026/09/20260907T155726Z-31d0241a6d30.json.gz,2
who.gho.cm-02,CM_02:BTN:SEX_FMLE:AGEGROUP_MONTHS0-11,1975-01-01,2026-09-07T15:51:16Z,high,1532.0,,who.gho.cm-02,raw/who.gho.cm-02/2026/09/20260907T155116Z-bb01bf96bc15.json.gz,2
who.gho.cm-02,CM_02:BTN:SEX_FMLE:AGEGROUP_MONTHS0-11,1975-01-01,2026-09-07T15:51:16Z,low,1001.0,,who.gho.cm-02,raw/who.gho.cm-02/2026/09/20260907T155116Z-bb01bf96bc15.json.gz,2
who.gho.cm-02,CM_02:BTN:SEX_FMLE:AGEGROUP_MONTHS0-11,1975-01-01,2026-09-07T15:51:16Z,restated_at,2026-08-04,,who.gho.cm-02,raw/who.gho.cm-02/2026/09/20260907T155116Z-bb01bf96bc15.json.gz,2
who.gho.cm-02,CM_02:BTN:SEX_FMLE:AGEGROUP_MONTHS0-11,1975-01-01,2026-09-07T15:51:16Z,value,1241.0,,who.gho.cm-02,raw/who.gho.cm-02/2026/09/20260907T155116Z-bb01bf96bc15.json.gz,2
who.gho.cm-02,CM_02:BTN:SEX_MLE:AGEGROUP_MONTHS0-11,1975-01-01,2026-09-07T15:51:25Z,high,1775.0,,who.gho.cm-02,raw/who.gho.cm-02/2026/09/20260907T155125Z-b41e2575e826.json.gz,2
who.gho.cm-02,CM_02:BTN:SEX_MLE:AGEGROUP_MONTHS0-11,1975-01-01,2026-09-07T15:51:25Z,low,1163.0,,who.gho.cm-02,raw/who.gho.cm-02/2026/09/20260907T155125Z-b41e2575e826.json.gz,2
who.gho.cm-02,CM_02:BTN:SEX_MLE:AGEGROUP_MONTHS0-11,1975-01-01,2026-09-07T15:51:25Z,restated_at,2026-08-04,,who.gho.cm-02,raw/who.gho.cm-02/2026/09/20260907T155125Z-b41e2575e826.json.gz,2
who.gho.cm-02,CM_02:BTN:SEX_MLE:AGEGROUP_MONTHS0-11,1975-01-01,2026-09-07T15:51:25Z,value,1435.0,,who.gho.cm-02,raw/who.gho.cm-02/2026/09/20260907T155125Z-b41e2575e826.json.gz,2
who.gho.cm-02,CM_02:BWA:SEX_BTSX:AGEGROUP_MONTHS0-11,1975-01-01,2026-09-07T15:57:30Z,high,2926.0,,who.gho.cm-02,raw/who.gho.cm-02/2026/09/20260907T155730Z-1fe49c27b9ed.json.gz,2
who.gho.cm-02,CM_02:BWA:SEX_BTSX:AGEGROUP_MONTHS0-11,1975-01-01,2026-09-07T15:57:30Z,low,2201.0,,who.gho.cm-02,raw/who.gho.cm-02/2026/09/20260907T155730Z-1fe49c27b9ed.json.gz,2
who.gho.cm-02,CM_02:BWA:SEX_BTSX:AGEGROUP_MONTHS0-11,1975-01-01,2026-09-07T15:57:30Z,restated_at,2026-08-04,,who.gho.cm-02,raw/who.gho.cm-02/2026/09/20260907T155730Z-1fe49c27b9ed.json.gz,2
who.gho.cm-02,CM_02:BWA:SEX_BTSX:AGEGROUP_MONTHS0-11,1975-01-01,2026-09-07T15:57:30Z,value,2536.0,,who.gho.cm-02,raw/who.gho.cm-02/2026/09/20260907T155730Z-1fe49c27b9ed.json.gz,2
who.gho.cm-02,CM_02:BWA:SEX_FMLE:AGEGROUP_MONTHS0-11,1975-01-01,2026-09-07T15:57:30Z,high,1307.0,,who.gho.cm-02,raw/who.gho.cm-02/2026/09/20260907T155730Z-1fe49c27b9ed.json.gz,2
who.gho.cm-02,CM_02:BWA:SEX_FMLE:AGEGROUP_MONTHS0-11,1975-01-01,2026-09-07T15:57:30Z,low,964.0,,who.gho.cm-02,raw/who.gho.cm-02/2026/09/20260907T155730Z-1fe49c27b9ed.json.gz,2
who.gho.cm-02,CM_02:BWA:SEX_FMLE:AGEGROUP_MONTHS0-11,1975-01-01,2026-09-07T15:57:30Z,restated_at,2026-08-04,,who.gho.cm-02,raw/who.gho.cm-02/2026/09/20260907T155730Z-1fe49c27b9ed.json.gz,2
who.gho.cm-02,CM_02:BWA:SEX_FMLE:AGEGROUP_MONTHS0-11,1975-01-01,2026-09-07T15:57:30Z,value,1123.0,,who.gho.cm-02,raw/who.gho.cm-02/2026/09/20260907T155730Z-1fe49c27b9ed.json.gz,2
who.gho.cm-02,CM_02:BWA:SEX_MLE:AGEGROUP_MONTHS0-11,1975-01-01,2026-09-07T15:51:44Z,high,1633.0,,who.gho.cm-02,raw/who.gho.cm-02/2026/09/20260907T155144Z-505d97ce9093.json.gz,2
who.gho.cm-02,CM_02:BWA:SEX_MLE:AGEGROUP_MONTHS0-11,1975-01-01,2026-09-07T15:51:44Z,low,1219.0,,who.gho.cm-02,raw/who.gho.cm-02/2026/09/20260907T155144Z-505d97ce9093.json.gz,2
who.gho.cm-02,CM_02:BWA:SEX_MLE:AGEGROUP_MONTHS0-11,1975-01-01,2026-09-07T15:51:44Z,restated_at,2026-08-04,,who.gho.cm-02,raw/who.gho.cm-02/2026/09/20260907T155144Z-505d97ce9093.json.gz,2
who.gho.cm-02,CM_02:BWA:SEX_MLE:AGEGROUP_MONTHS0-11,1975-01-01,2026-09-07T15:51:44Z,value,1413.0,,who.gho.cm-02,raw/who.gho.cm-02/2026/09/20260907T155144Z-505d97ce9093.json.gz,2
who.gho.cm-02,CM_02:CAF:SEX_BTSX:AGEGROUP_MONTHS0-11,1975-01-01,2026-09-07T15:58:12Z,high,12984.0,,who.gho.cm-02,raw/who.gho.cm-02/2026/09/20260907T155812Z-02a2023435be.json.gz,2
who.gho.cm-02,CM_02:CAF:SEX_BTSX:AGEGROUP_MONTHS0-11,1975-01-01,2026-09-07T15:58:12Z,low,10058.0,,who.gho.cm-02,raw/who.gho.cm-02/2026/09/20260907T155812Z-02a2023435be.json.gz,2
who.gho.cm-02,CM_02:CAF:SEX_BTSX:AGEGROUP_MONTHS0-11,1975-01-01,2026-09-07T15:58:12Z,restated_at,2026-08-04,,who.gho.cm-02,raw/who.gho.cm-02/2026/09/20260907T155812Z-02a2023435be.json.gz,2
who.gho.cm-02,CM_02:CAF:SEX_BTSX:AGEGROUP_MONTHS0-11,1975-01-01,2026-09-07T15:58:12Z,value,11432.0,,who.gho.cm-02,raw/who.gho.cm-02/2026/09/20260907T155812Z-02a2023435be.json.gz,2
who.gho.cm-02,CM_02:CAF:SEX_FMLE:AGEGROUP_MONTHS0-11,1975-01-01,2026-09-07T15:57:59Z,high,6031.0,,who.gho.cm-02,raw/who.gho.cm-02/2026/09/20260907T155759Z-531ca935f713.json.gz,2
who.gho.cm-02,CM_02:CAF:SEX_FMLE:AGEGROUP_MONTHS0-11,1975-01-01,2026-09-07T15:57:59Z,low,4607.0,,who.gho.cm-02,raw/who.gho.cm-02/2026/09/20260907T155759Z-531ca935f713.json.gz,2
who.gho.cm-02,CM_02:CAF:SEX_FMLE:AGEGROUP_MONTHS0-11,1975-01-01,2026-09-07T15:57:59Z,restated_at,2026-08-04,,who.gho.cm-02,raw/who.gho.cm-02/2026/09/20260907T155759Z-531ca935f713.json.gz,2
who.gho.cm-02,CM_02:CAF:SEX_FMLE:AGEGROUP_MONTHS0-11,1975-01-01,2026-09-07T15:57:59Z,value,5272.0,,who.gho.cm-02,raw/who.gho.cm-02/2026/09/20260907T155759Z-531ca935f713.json.gz,2
who.gho.cm-02,CM_02:CAF:SEX_MLE:AGEGROUP_MONTHS0-11,1975-01-01,2026-09-07T15:51:30Z,high,7009.0,,who.gho.cm-02,raw/who.gho.cm-02/2026/09/20260907T155130Z-b74d44aee08e.json.gz,2
who.gho.cm-02,CM_02:CAF:SEX_MLE:AGEGROUP_MONTHS0-11,1975-01-01,2026-09-07T15:51:30Z,low,5385.0,,who.gho.cm-02,raw/who.gho.cm-02/2026/09/20260907T155130Z-b74d44aee08e.json.gz,2
who.gho.cm-02,CM_02:CAF:SEX_MLE:AGEGROUP_MONTHS0-11,1975-01-01,2026-09-07T15:51:30Z,restated_at,2026-08-04,,who.gho.cm-02,raw/who.gho.cm-02/2026/09/20260907T155130Z-b74d44aee08e.json.gz,2
who.gho.cm-02,CM_02:CAF:SEX_MLE:AGEGROUP_MONTHS0-11,1975-01-01,2026-09-07T15:51:30Z,value,6160.0,,who.gho.cm-02,raw/who.gho.cm-02/2026/09/20260907T155130Z-b74d44aee08e.json.gz,2
who.gho.cm-02,CM_02:CAN:SEX_BTSX:AGEGROUP_MONTHS0-11,1975-01-01,2026-09-07T15:57:54Z,high,4921.0,,who.gho.cm-02,raw/who.gho.cm-02/2026/09/20260907T155754Z-3bea881db2b4.json.gz,2
who.gho.cm-02,CM_02:CAN:SEX_BTSX:AGEGROUP_MONTHS0-11,1975-01-01,2026-09-07T15:57:54Z,low,4754.0,,who.gho.cm-02,raw/who.gho.cm-02/2026/09/20260907T155754Z-3bea881db2b4.json.gz,2
who.gho.cm-02,CM_02:CAN:SEX_BTSX:AGEGROUP_MONTHS0-11,1975-01-01,2026-09-07T15:57:54Z,restated_at,2026-08-04,,who.gho.cm-02,raw/who.gho.cm-02/2026/09/20260907T155754Z-3bea881db2b4.json.gz,2
who.gho.cm-02,CM_02:CAN:SEX_BTSX:AGEGROUP_MONTHS0-11,1975-01-01,2026-09-07T15:57:54Z,value,4836.0,,who.gho.cm-02,raw/who.gho.cm-02/2026/09/20260907T155754Z-3bea881db2b4.json.gz,2
who.gho.cm-02,CM_02:CAN:SEX_FMLE:AGEGROUP_MONTHS0-11,1975-01-01,2026-09-07T15:56:27Z,high,2124.0,,who.gho.cm-02,raw/who.gho.cm-02/2026/09/20260907T155627Z-19eb4e6c1215.json.gz,2
who.gho.cm-02,CM_02:CAN:SEX_FMLE:AGEGROUP_MONTHS0-11,1975-01-01,2026-09-07T15:56:27Z,low,2032.0,,who.gho.cm-02,raw/who.gho.cm-02/2026/09/20260907T155627Z-19eb4e6c1215.json.gz,2
who.gho.cm-02,CM_02:CAN:SEX_FMLE:AGEGROUP_MONTHS0-11,1975-01-01,2026-09-07T15:56:27Z,restated_at,2026-08-04,,who.gho.cm-02,raw/who.gho.cm-02/2026/09/20260907T155627Z-19eb4e6c1215.json.gz,2
who.gho.cm-02,CM_02:CAN:SEX_FMLE:AGEGROUP_MONTHS0-11,1975-01-01,2026-09-07T15:56:27Z,value,2077.0,,who.gho.cm-02,raw/who.gho.cm-02/2026/09/20260907T155627Z-19eb4e6c1215.json.gz,2
who.gho.cm-02,CM_02:CAN:SEX_MLE:AGEGROUP_MONTHS0-11,1975-01-01,2026-09-07T15:51:11Z,high,2818.0,,who.gho.cm-02,raw/who.gho.cm-02/2026/09/20260907T155111Z-17577dbcf352.json.gz,2
who.gho.cm-02,CM_02:CAN:SEX_MLE:AGEGROUP_MONTHS0-11,1975-01-01,2026-09-07T15:51:11Z,low,2706.0,,who.gho.cm-02,raw/who.gho.cm-02/2026/09/20260907T155111Z-17577dbcf352.json.gz,2
who.gho.cm-02,CM_02:CAN:SEX_MLE:AGEGROUP_MONTHS0-11,1975-01-01,2026-09-07T15:51:11Z,restated_at,2026-08-04,,who.gho.cm-02,raw/who.gho.cm-02/2026/09/20260907T155111Z-17577dbcf352.json.gz,2
who.gho.cm-02,CM_02:CAN:SEX_MLE:AGEGROUP_MONTHS0-11,1975-01-01,2026-09-07T15:51:11Z,value,2759.0,,who.gho.cm-02,raw/who.gho.cm-02/2026/09/20260907T155111Z-17577dbcf352.json.gz,2
who.gho.cm-02,CM_02:CHE:SEX_BTSX:AGEGROUP_MONTHS0-11,1975-01-01,2026-09-07T15:51:44Z,high,930.0,,who.gho.cm-02,raw/who.gho.cm-02/2026/09/20260907T155144Z-505d97ce9093.json.gz,2
who.gho.cm-02,CM_02:CHE:SEX_BTSX:AGEGROUP_MONTHS0-11,1975-01-01,2026-09-07T15:51:44Z,low,890.0,,who.gho.cm-02,raw/who.gho.cm-02/2026/09/20260907T155144Z-505d97ce9093.json.gz,2
who.gho.cm-02,CM_02:CHE:SEX_BTSX:AGEGROUP_MONTHS0-11,1975-01-01,2026-09-07T15:51:44Z,restated_at,2025-04-15,,who.gho.cm-02,raw/who.gho.cm-02/2026/09/20260907T155144Z-505d97ce9093.json.gz,2
who.gho.cm-02,CM_02:CHE:SEX_BTSX:AGEGROUP_MONTHS0-11,1975-01-01,2026-09-07T15:51:44Z,value,910.0,,who.gho.cm-02,raw/who.gho.cm-02/2026/09/20260907T155144Z-505d97ce9093.json.gz,2
who.gho.cm-02,CM_02:CHE:SEX_FMLE:AGEGROUP_MONTHS0-11,1975-01-01,2026-09-07T15:51:05Z,high,391.0,,who.gho.cm-02,raw/who.gho.cm-02/2026/09/20260907T155105Z-bd351d716a31.json.gz,2
who.gho.cm-02,CM_02:CHE:SEX_FMLE:AGEGROUP_MONTHS0-11,1975-01-01,2026-09-07T15:51:05Z,low,367.0,,who.gho.cm-02,raw/who.gho.cm-02/2026/09/20260907T155105Z-bd351d716a31.json.gz,2
who.gho.cm-02,CM_02:CHE:SEX_FMLE:AGEGROUP_MONTHS0-11,1975-01-01,2026-09-07T15:51:05Z,restated_at,2025-04-15,,who.gho.cm-02,raw/who.gho.cm-02/2026/09/20260907T155105Z-bd351d716a31.json.gz,2
who.gho.cm-02,CM_02:CHE:SEX_FMLE:AGEGROUP_MONTHS0-11,1975-01-01,2026-09-07T15:51:05Z,value,379.0,,who.gho.cm-02,raw/who.gho.cm-02/2026/09/20260907T155105Z-bd351d716a31.json.gz,2
who.gho.cm-02,CM_02:CHE:SEX_MLE:AGEGROUP_MONTHS0-11,1975-01-01,2026-09-07T15:51:30Z,high,546.0,,who.gho.cm-02,raw/who.gho.cm-02/2026/09/20260907T155130Z-b74d44aee08e.json.gz,2
who.gho.cm-02,CM_02:CHE:SEX_MLE:AGEGROUP_MONTHS0-11,1975-01-01,2026-09-07T15:51:30Z,low,517.0,,who.gho.cm-02,raw/who.gho.cm-02/2026/09/20260907T155130Z-b74d44aee08e.json.gz,2
who.gho.cm-02,CM_02:CHE:SEX_MLE:AGEGROUP_MONTHS0-11,1975-01-01,2026-09-07T15:51:30Z,restated_at,2025-04-15,,who.gho.cm-02,raw/who.gho.cm-02/2026/09/20260907T155130Z-b74d44aee08e.json.gz,2
who.gho.cm-02,CM_02:CHE:SEX_MLE:AGEGROUP_MONTHS0-11,1975-01-01,2026-09-07T15:51:30Z,value,531.0,,who.gho.cm-02,raw/who.gho.cm-02/2026/09/20260907T155130Z-b74d44aee08e.json.gz,2
who.gho.cm-02,CM_02:CHL:SEX_BTSX:AGEGROUP_MONTHS0-11,1975-01-01,2026-09-07T15:50:57Z,high,15427.0,,who.gho.cm-02,raw/who.gho.cm-02/2026/09/20260907T155057Z-e03fd9f60113.json.gz,2
who.gho.cm-02,CM_02:CHL:SEX_BTSX:AGEGROUP_MONTHS0-11,1975-01-01,2026-09-07T15:50:57Z,low,14660.0,,who.gho.cm-02,raw/who.gho.cm-02/2026/09/20260907T155057Z-e03fd9f60113.json.gz,2
who.gho.cm-02,CM_02:CHL:SEX_BTSX:AGEGROUP_MONTHS0-11,1975-01-01,2026-09-07T15:50:57Z,restated_at,2026-08-04,,who.gho.cm-02,raw/who.gho.cm-02/2026/09/20260907T155057Z-e03fd9f60113.json.gz,2
who.gho.cm-02,CM_02:CHL:SEX_BTSX:AGEGROUP_MONTHS0-11,1975-01-01,2026-09-07T15:50:57Z,value,15029.0,,who.gho.cm-02,raw/who.gho.cm-02/2026/09/20260907T155057Z-e03fd9f60113.json.gz,2
who.gho.cm-02,CM_02:CHL:SEX_FMLE:AGEGROUP_MONTHS0-11,1975-01-01,2026-09-07T15:58:04Z,high,6834.0,,who.gho.cm-02,raw/who.gho.cm-02/2026/09/20260907T155804Z-3e19927fa86a.json.gz,2
who.gho.cm-02,CM_02:CHL:SEX_FMLE:AGEGROUP_MONTHS0-11,1975-01-01,2026-09-07T15:58:04Z,low,6469.0,,who.gho.cm-02,raw/who.gho.cm-02/2026/09/20260907T155804Z-3e19927fa86a.json.gz,2
who.gho.cm-02,CM_02:CHL:SEX_FMLE:AGEGROUP_MONTHS0-11,1975-01-01,2026-09-07T15:58:04Z,restated_at,2026-08-04,,who.gho.cm-02,raw/who.gho.cm-02/2026/09/20260907T155804Z-3e19927fa86a.json.gz,2
who.gho.cm-02,CM_02:CHL:SEX_FMLE:AGEGROUP_MONTHS0-11,1975-01-01,2026-09-07T15:58:04Z,value,6648.0,,who.gho.cm-02,raw/who.gho.cm-02/2026/09/20260907T155804Z-3e19927fa86a.json.gz,2
who.gho.cm-02,CM_02:CHL:SEX_MLE:AGEGROUP_MONTHS0-11,1975-01-01,2026-09-07T15:57:00Z,high,8613.0,,who.gho.cm-02,raw/who.gho.cm-02/2026/09/20260907T155700Z-8ffcb12aceff.json.gz,2
who.gho.cm-02,CM_02:CHL:SEX_MLE:AGEGROUP_MONTHS0-11,1975-01-01,2026-09-07T15:57:00Z,low,8167.0,,who.gho.cm-02,raw/who.gho.cm-02/2026/09/20260907T155700Z-8ffcb12aceff.json.gz,2
who.gho.cm-02,CM_02:CHL:SEX_MLE:AGEGROUP_MONTHS0-11,1975-01-01,2026-09-07T15:57:00Z,restated_at,2026-08-04,,who.gho.cm-02,raw/who.gho.cm-02/2026/09/20260907T155700Z-8ffcb12aceff.json.gz,2
who.gho.cm-02,CM_02:CHL:SEX_MLE:AGEGROUP_MONTHS0-11,1975-01-01,2026-09-07T15:57:00Z,value,8381.0,,who.gho.cm-02,raw/who.gho.cm-02/2026/09/20260907T155700Z-8ffcb12aceff.json.gz,2
who.gho.cm-02,CM_02:CHN:SEX_BTSX:AGEGROUP_MONTHS0-11,1975-01-01,2026-09-07T15:57:26Z,high,1736383.0,,who.gho.cm-02,raw/who.gho.cm-02/2026/09/20260907T155726Z-31d0241a6d30.json.gz,2
who.gho.cm-02,CM_02:CHN:SEX_BTSX:AGEGROUP_MONTHS0-11,1975-01-01,2026-09-07T15:57:26Z,low,1378114.0,,who.gho.cm-02,raw/who.gho.cm-02/2026/09/20260907T155726Z-31d0241a6d30.json.gz,2
who.gho.cm-02,CM_02:CHN:SEX_BTSX:AGEGROUP_MONTHS0-11,1975-01-01,2026-09-07T15:57:26Z,restated_at,2026-08-04,,who.gho.cm-02,raw/who.gho.cm-02/2026/09/20260907T155726Z-31d0241a6d30.json.gz,2
who.gho.cm-02,CM_02:CHN:SEX_BTSX:AGEGROUP_MONTHS0-11,1975-01-01,2026-09-07T15:57:26Z,value,1554351.0,,who.gho.cm-02,raw/who.gho.cm-02/2026/09/20260907T155726Z-31d0241a6d30.json.gz,2
who.gho.cm-02,CM_02:CHN:SEX_FMLE:AGEGROUP_MONTHS0-11,1975-01-01,2026-09-07T15:51:05Z,high,803481.0,,who.gho.cm-02,raw/who.gho.cm-02/2026/09/20260907T155105Z-bd351d716a31.json.gz,2
who.gho.cm-02,CM_02:CHN:SEX_FMLE:AGEGROUP_MONTHS0-11,1975-01-01,2026-09-07T15:51:05Z,low,623594.0,,who.gho.cm-02,raw/who.gho.cm-02/2026/09/20260907T155105Z-bd351d716a31.json.gz,2
who.gho.cm-02,CM_02:CHN:SEX_FMLE:AGEGROUP_MONTHS0-11,1975-01-01,2026-09-07T15:51:05Z,restated_at,2026-08-04,,who.gho.cm-02,raw/who.gho.cm-02/2026/09/20260907T155105Z-bd351d716a31.json.gz,2
who.gho.cm-02,CM_02:CHN:SEX_FMLE:AGEGROUP_MONTHS0-11,1975-01-01,2026-09-07T15:51:05Z,value,709476.0,,who.gho.cm-02,raw/who.gho.cm-02/2026/09/20260907T155105Z-bd351d716a31.json.gz,2
who.gho.cm-02,CM_02:CHN:SEX_MLE:AGEGROUP_MONTHS0-11,1975-01-01,2026-09-07T15:51:01Z,high,948773.0,,who.gho.cm-02,raw/who.gho.cm-02/2026/09/20260907T155101Z-65d1a3fa0413.json.gz,2
who.gho.cm-02,CM_02:CHN:SEX_MLE:AGEGROUP_MONTHS0-11,1975-01-01,2026-09-07T15:51:01Z,low,742592.0,,who.gho.cm-02,raw/who.gho.cm-02/2026/09/20260907T155101Z-65d1a3fa0413.json.gz,2
who.gho.cm-02,CM_02:CHN:SEX_MLE:AGEGROUP_MONTHS0-11,1975-01-01,2026-09-07T15:51:01Z,restated_at,2026-08-04,,who.gho.cm-02,raw/who.gho.cm-02/2026/09/20260907T155101Z-65d1a3fa0413.json.gz,2
who.gho.cm-02,CM_02:CHN:SEX_MLE:AGEGROUP_MONTHS0-11,1975-01-01,2026-09-07T15:51:01Z,value,844875.0,,who.gho.cm-02,raw/who.gho.cm-02/2026/09/20260907T155101Z-65d1a3fa0413.json.gz,2
who.gho.cm-02,CM_02:CIV:SEX_BTSX:AGEGROUP_MONTHS0-11,1975-01-01,2026-09-07T15:52:18Z,high,49748.0,,who.gho.cm-02,raw/who.gho.cm-02/2026/09/20260907T155218Z-7dbb6db1a58a.json.gz,2
who.gho.cm-02,CM_02:CIV:SEX_BTSX:AGEGROUP_MONTHS0-11,1975-01-01,2026-09-07T15:52:18Z,low,41683.0,,who.gho.cm-02,raw/who.gho.cm-02/2026/09/20260907T155218Z-7dbb6db1a58a.json.gz,2
who.gho.cm-02,CM_02:CIV:SEX_BTSX:AGEGROUP_MONTHS0-11,1975-01-01,2026-09-07T15:52:18Z,restated_at,2026-08-04,,who.gho.cm-02,raw/who.gho.cm-02/2026/09/20260907T155218Z-7dbb6db1a58a.json.gz,2
who.gho.cm-02,CM_02:CIV:SEX_BTSX:AGEGROUP_MONTHS0-11,1975-01-01,2026-09-07T15:52:18Z,value,45518.0,,who.gho.cm-02,raw/who.gho.cm-02/2026/09/20260907T155218Z-7dbb6db1a58a.json.gz,2
who.gho.cm-02,CM_02:CIV:SEX_FMLE:AGEGROUP_MONTHS0-11,1975-01-01,2026-09-07T15:52:03Z,high,22474.0,,who.gho.cm-02,raw/who.gho.cm-02/2026/09/20260907T155203Z-07dabadb5738.json.gz,2
who.gho.cm-02,CM_02:CIV:SEX_FMLE:AGEGROUP_MONTHS0-11,1975-01-01,2026-09-07T15:52:03Z,low,18623.0,,who.gho.cm-02,raw/who.gho.cm-02/2026/09/20260907T155203Z-07dabadb5738.json.gz,2
who.gho.cm-02,CM_02:CIV:SEX_FMLE:AGEGROUP_MONTHS0-11,1975-01-01,2026-09-07T15:52:03Z,restated_at,2026-08-04,,who.gho.cm-02,raw/who.gho.cm-02/2026/09/20260907T155203Z-07dabadb5738.json.gz,2
who.gho.cm-02,CM_02:CIV:SEX_FMLE:AGEGROUP_MONTHS0-11,1975-01-01,2026-09-07T15:52:03Z,value,20457.0,,who.gho.cm-02,raw/who.gho.cm-02/2026/09/20260907T155203Z-07dabadb5738.json.gz,2
who.gho.cm-02,CM_02:CIV:SEX_MLE:AGEGROUP_MONTHS0-11,1975-01-01,2026-09-07T15:52:26Z,high,27408.0,,who.gho.cm-02,raw/who.gho.cm-02/2026/09/20260907T155226Z-b536cc4a2b4c.json.gz,2
who.gho.cm-02,CM_02:CIV:SEX_MLE:AGEGROUP_MONTHS0-11,1975-01-01,2026-09-07T15:52:26Z,low,22855.0,,who.gho.cm-02,raw/who.gho.cm-02/2026/09/20260907T155226Z-b536cc4a2b4c.json.gz,2
who.gho.cm-02,CM_02:CIV:SEX_MLE:AGEGROUP_MONTHS0-11,1975-01-01,2026-09-07T15:52:26Z,restated_at,2026-08-04,,who.gho.cm-02,raw/who.gho.cm-02/2026/09/20260907T155226Z-b536cc4a2b4c.json.gz,2
who.gho.cm-02,CM_02:CIV:SEX_MLE:AGEGROUP_MONTHS0-11,1975-01-01,2026-09-07T15:52:26Z,value,25061.0,,who.gho.cm-02,raw/who.gho.cm-02/2026/09/20260907T155226Z-b536cc4a2b4c.json.gz,2
who.gho.cm-02,CM_02:CMR:SEX_BTSX:AGEGROUP_MONTHS0-11,1975-01-01,2026-09-07T15:51:54Z,high,40717.0,,who.gho.cm-02,raw/who.gho.cm-02/2026/09/20260907T155154Z-820134cf428b.json.gz,2
who.gho.cm-02,CM_02:CMR:SEX_BTSX:AGEGROUP_MONTHS0-11,1975-01-01,2026-09-07T15:51:54Z,low,33895.0,,who.gho.cm-02,raw/who.gho.cm-02/2026/09/20260907T155154Z-820134cf428b.json.gz,2
who.gho.cm-02,CM_02:CMR:SEX_BTSX:AGEGROUP_MONTHS0-11,1975-01-01,2026-09-07T15:51:54Z,restated_at,2026-08-04,,who.gho.cm-02,raw/who.gho.cm-02/2026/09/20260907T155154Z-820134cf428b.json.gz,2
who.gho.cm-02,CM_02:CMR:SEX_BTSX:AGEGROUP_MONTHS0-11,1975-01-01,2026-09-07T15:51:54Z,value,37111.0,,who.gho.cm-02,raw/who.gho.cm-02/2026/09/20260907T155154Z-820134cf428b.json.gz,2
who.gho.cm-02,CM_02:CMR:SEX_FMLE:AGEGROUP_MONTHS0-11,1975-01-01,2026-09-07T15:57:17Z,high,18597.0,,who.gho.cm-02,raw/who.gho.cm-02/2026/09/20260907T155717Z-89bc69b90b61.json.gz,2
who.gho.cm-02,CM_02:CMR:SEX_FMLE:AGEGROUP_MONTHS0-11,1975-01-01,2026-09-07T15:57:17Z,low,15281.0,,who.gho.cm-02,raw/who.gho.cm-02/2026/09/20260907T155717Z-89bc69b90b61.json.gz,2
who.gho.cm-02,CM_02:CMR:SEX_FMLE:AGEGROUP_MONTHS0-11,1975-01-01,2026-09-07T15:57:17Z,restated_at,2026-08-04,,who.gho.cm-02,raw/who.gho.cm-02/2026/09/20260907T155717Z-89bc69b90b61.json.gz,2
who.gho.cm-02,CM_02:CMR:SEX_FMLE:AGEGROUP_MONTHS0-11,1975-01-01,2026-09-07T15:57:17Z,value,16849.0,,who.gho.cm-02,raw/who.gho.cm-02/2026/09/20260907T155717Z-89bc69b90b61.json.gz,2
who.gho.cm-02,CM_02:CMR:SEX_MLE:AGEGROUP_MONTHS0-11,1975-01-01,2026-09-07T15:51:05Z,high,22262.0,,who.gho.cm-02,raw/who.gho.cm-02/2026/09/20260907T155105Z-bd351d716a31.json.gz,2
who.gho.cm-02,CM_02:CMR:SEX_MLE:AGEGROUP_MONTHS0-11,1975-01-01,2026-09-07T15:51:05Z,low,18414.0,,who.gho.cm-02,raw/who.gho.cm-02/2026/09/20260907T155105Z-bd351d716a31.json.gz,2
who.gho.cm-02,CM_02:CMR:SEX_MLE:AGEGROUP_MONTHS0-11,1975-01-01,2026-09-07T15:51:05Z,restated_at,2026-08-04,,who.gho.cm-02,raw/who.gho.cm-02/2026/09/20260907T155105Z-bd351d716a31.json.gz,2
who.gho.cm-02,CM_02:CMR:SEX_MLE:AGEGROUP_MONTHS0-11,1975-01-01,2026-09-07T15:51:05Z,value,20262.0,,who.gho.cm-02,raw/who.gho.cm-02/2026/09/20260907T155105Z-bd351d716a31.json.gz,2
who.gho.cm-02,CM_02:COD:SEX_BTSX:AGEGROUP_MONTHS0-11,1975-01-01,2026-09-07T15:56:37Z,high,149363.0,,who.gho.cm-02,raw/who.gho.cm-02/2026/09/20260907T155637Z-c7bda929b138.json.gz,2
who.gho.cm-02,CM_02:COD:SEX_BTSX:AGEGROUP_MONTHS0-11,1975-01-01,2026-09-07T15:56:37Z,low,101279.0,,who.gho.cm-02,raw/who.gho.cm-02/2026/09/20260907T155637Z-c7bda929b138.json.gz,2
who.gho.cm-02,CM_02:COD:SEX_BTSX:AGEGROUP_MONTHS0-11,1975-01-01,2026-09-07T15:56:37Z,restated_at,2026-08-04,,who.gho.cm-02,raw/who.gho.cm-02/2026/09/20260907T155637Z-c7bda929b138.json.gz,2
who.gho.cm-02,CM_02:COD:SEX_BTSX:AGEGROUP_MONTHS0-11,1975-01-01,2026-09-07T15:56:37Z,value,123664.0,,who.gho.cm-02,raw/who.gho.cm-02/2026/09/20260907T155637Z-c7bda929b138.json.gz,2
who.gho.cm-02,CM_02:COD:SEX_FMLE:AGEGROUP_MONTHS0-11,1975-01-01,2026-09-07T15:51:30Z,high,69920.0,,who.gho.cm-02,raw/who.gho.cm-02/2026/09/20260907T155130Z-b74d44aee08e.json.gz,2
who.gho.cm-02,CM_02:COD:SEX_FMLE:AGEGROUP_MONTHS0-11,1975-01-01,2026-09-07T15:51:30Z,low,46934.0,,who.gho.cm-02,raw/who.gho.cm-02/2026/09/20260907T155130Z-b74d44aee08e.json.gz,2
who.gho.cm-02,CM_02:COD:SEX_FMLE:AGEGROUP_MONTHS0-11,1975-01-01,2026-09-07T15:51:30Z,restated_at,2026-08-04,,who.gho.cm-02,raw/who.gho.cm-02/2026/09/20260907T155130Z-b74d44aee08e.json.gz,2
who.gho.cm-02,CM_02:COD:SEX_FMLE:AGEGROUP_MONTHS0-11,1975-01-01,2026-09-07T15:51:30Z,value,57547.0,,who.gho.cm-02,raw/who.gho.cm-02/2026/09/20260907T155130Z-b74d44aee08e.json.gz,2
who.gho.cm-02,CM_02:COD:SEX_MLE:AGEGROUP_MONTHS0-11,1975-01-01,2026-09-07T15:56:41Z,high,79920.0,,who.gho.cm-02,raw/who.gho.cm-02/2026/09/20260907T155641Z-022407e160ee.json.gz,2
who.gho.cm-02,CM_02:COD:SEX_MLE:AGEGROUP_MONTHS0-11,1975-01-01,2026-09-07T15:56:41Z,low,53909.0,,who.gho.cm-02,raw/who.gho.cm-02/2026/09/20260907T155641Z-022407e160ee.json.gz,2
who.gho.cm-02,CM_02:COD:SEX_MLE:AGEGROUP_MONTHS0-11,1975-01-01,2026-09-07T15:56:41Z,restated_at,2026-08-04,,who.gho.cm-02,raw/who.gho.cm-02/2026/09/20260907T155641Z-022407e160ee.json.gz,2
who.gho.cm-02,CM_02:COD:SEX_MLE:AGEGROUP_MONTHS0-11,1975-01-01,2026-09-07T15:56:41Z,value,66117.0,,who.gho.cm-02,raw/who.gho.cm-02/2026/09/20260907T155641Z-022407e160ee.json.gz,2
who.gho.cm-02,CM_02:COG:SEX_BTSX:AGEGROUP_MONTHS0-11,1975-01-01,2026-09-07T15:50:57Z,high,6474.0,,who.gho.cm-02,raw/who.gho.cm-02/2026/09/20260907T155057Z-e03fd9f60113.json.gz,2
who.gho.cm-02,CM_02:COG:SEX_BTSX:AGEGROUP_MONTHS0-11,1975-01-01,2026-09-07T15:50:57Z,low,3694.0,,who.gho.cm-02,raw/who.gho.cm-02/2026/09/20260907T155057Z-e03fd9f60113.json.gz,2
who.gho.cm-02,CM_02:COG:SEX_BTSX:AGEGROUP_MONTHS0-11,1975-01-01,2026-09-07T15:50:57Z,restated_at,2026-08-04,,who.gho.cm-02,raw/who.gho.cm-02/2026/09/20260907T155057Z-e03fd9f60113.json.gz,2
who.gho.cm-02,CM_02:COG:SEX_BTSX:AGEGROUP_MONTHS0-11,1975-01-01,2026-09-07T15:50:57Z,value,4818.0,,who.gho.cm-02,raw/who.gho.cm-02/2026/09/20260907T155057Z-e03fd9f60113.json.gz,2
who.gho.cm-02,CM_02:COG:SEX_FMLE:AGEGROUP_MONTHS0-11,1975-01-01,2026-09-07T15:52:26Z,high,2911.0,,who.gho.cm-02,raw/who.gho.cm-02/2026/09/20260907T155226Z-b536cc4a2b4c.json.gz,2
who.gho.cm-02,CM_02:COG:SEX_FMLE:AGEGROUP_MONTHS0-11,1975-01-01,2026-09-07T15:52:26Z,low,1639.0,,who.gho.cm-02,raw/who.gho.cm-02/2026/09/20260907T155226Z-b536cc4a2b4c.json.gz,2
who.gho.cm-02,CM_02:COG:SEX_FMLE:AGEGROUP_MONTHS0-11,1975-01-01,2026-09-07T15:52:26Z,restated_at,2026-08-04,,who.gho.cm-02,raw/who.gho.cm-02/2026/09/20260907T155226Z-b536cc4a2b4c.json.gz,2
who.gho.cm-02,CM_02:COG:SEX_FMLE:AGEGROUP_MONTHS0-11,1975-01-01,2026-09-07T15:52:26Z,value,2159.0,,who.gho.cm-02,raw/who.gho.cm-02/2026/09/20260907T155226Z-b536cc4a2b4c.json.gz,2
who.gho.cm-02,CM_02:COG:SEX_MLE:AGEGROUP_MONTHS0-11,1975-01-01,2026-09-07T15:58:04Z,high,3586.0,,who.gho.cm-02,raw/who.gho.cm-02/2026/09/20260907T155804Z-3e19927fa86a.json.gz,2
who.gho.cm-02,CM_02:COG:SEX_MLE:AGEGROUP_MONTHS0-11,1975-01-01,2026-09-07T15:58:04Z,low,2025.0,,who.gho.cm-02,raw/who.gho.cm-02/2026/09/20260907T155804Z-3e19927fa86a.json.gz,2
who.gho.cm-02,CM_02:COG:SEX_MLE:AGEGROUP_MONTHS0-11,1975-01-01,2026-09-07T15:58:04Z,restated_at,2026-08-04,,who.gho.cm-02,raw/who.gho.cm-02/2026/09/20260907T155804Z-3e19927fa86a.json.gz,2
who.gho.cm-02,CM_02:COG:SEX_MLE:AGEGROUP_MONTHS0-11,1975-01-01,2026-09-07T15:58:04Z,value,2659.0,,who.gho.cm-02,raw/who.gho.cm-02/2026/09/20260907T155804Z-3e19927fa86a.json.gz,2
who.gho.cm-02,CM_02:COK:SEX_BTSX:AGEGROUP_MONTHS0-11,1975-01-01,2026-09-07T15:58:16Z,high,21.0,,who.gho.cm-02,raw/who.gho.cm-02/2026/09/20260907T155816Z-99a1a16a015f.json.gz,2
who.gho.cm-02,CM_02:COK:SEX_BTSX:AGEGROUP_MONTHS0-11,1975-01-01,2026-09-07T15:58:16Z,low,14.0,,who.gho.cm-02,raw/who.gho.cm-02/2026/09/20260907T155816Z-99a1a16a015f.json.gz,2
who.gho.cm-02,CM_02:COK:SEX_BTSX:AGEGROUP_MONTHS0-11,1975-01-01,2026-09-07T15:58:16Z,restated_at,2025-04-15,,who.gho.cm-02,raw/who.gho.cm-02/2026/09/20260907T155816Z-99a1a16a015f.json.gz,2
who.gho.cm-02,CM_02:COK:SEX_BTSX:AGEGROUP_MONTHS0-11,1975-01-01,2026-09-07T15:58:16Z,value,17.0,,who.gho.cm-02,raw/who.gho.cm-02/2026/09/20260907T155816Z-99a1a16a015f.json.gz,2
who.gho.cm-02,CM_02:COK:SEX_FMLE:AGEGROUP_MONTHS0-11,1975-01-01,2026-09-07T15:58:07Z,high,9.0,,who.gho.cm-02,raw/who.gho.cm-02/2026/09/20260907T155807Z-33d1eb328c3d.json.gz,2
who.gho.cm-02,CM_02:COK:SEX_FMLE:AGEGROUP_MONTHS0-11,1975-01-01,2026-09-07T15:58:07Z,low,6.0,,who.gho.cm-02,raw/who.gho.cm-02/2026/09/20260907T155807Z-33d1eb328c3d.json.gz,2
who.gho.cm-02,CM_02:COK:SEX_FMLE:AGEGROUP_MONTHS0-11,1975-01-01,2026-09-07T15:58:07Z,restated_at,2025-04-15,,who.gho.cm-02,raw/who.gho.cm-02/2026/09/20260907T155807Z-33d1eb328c3d.json.gz,2
who.gho.cm-02,CM_02:COK:SEX_FMLE:AGEGROUP_MONTHS0-11,1975-01-01,2026-09-07T15:58:07Z,value,7.0,,who.gho.cm-02,raw/who.gho.cm-02/2026/09/20260907T155807Z-33d1eb328c3d.json.gz,2
who.gho.cm-02,CM_02:COK:SEX_MLE:AGEGROUP_MONTHS0-11,1975-01-01,2026-09-07T15:52:26Z,high,12.0,,who.gho.cm-02,raw/who.gho.cm-02/2026/09/20260907T155226Z-b536cc4a2b4c.json.gz,2
who.gho.cm-02,CM_02:COK:SEX_MLE:AGEGROUP_MONTHS0-11,1975-01-01,2026-09-07T15:52:26Z,low,8.0,,who.gho.cm-02,raw/who.gho.cm-02/2026/09/20260907T155226Z-b536cc4a2b4c.json.gz,2
who.gho.cm-02,CM_02:COK:SEX_MLE:AGEGROUP_MONTHS0-11,1975-01-01,2026-09-07T15:52:26Z,restated_at,2025-04-15,,who.gho.cm-02,raw/who.gho.cm-02/2026/09/20260907T155226Z-b536cc4a2b4c.json.gz,2
who.gho.cm-02,CM_02:COK:SEX_MLE:AGEGROUP_MONTHS0-11,1975-01-01,2026-09-07T15:52:26Z,value,10.0,,who.gho.cm-02,raw/who.gho.cm-02/2026/09/20260907T155226Z-b536cc4a2b4c.json.gz,2
who.gho.cm-02,CM_02:COL:SEX_BTSX:AGEGROUP_MONTHS0-11,1975-01-01,2026-09-07T15:58:20Z,high,48813.0,,who.gho.cm-02,raw/who.gho.cm-02/2026/09/20260907T155820Z-bace8014f904.json.gz,2
who.gho.cm-02,CM_02:COL:SEX_BTSX:AGEGROUP_MONTHS0-11,1975-01-01,2026-09-07T15:58:20Z,low,42506.0,,who.gho.cm-02,raw/who.gho.cm-02/2026/09/20260907T155820Z-bace8014f904.json.gz,2
who.gho.cm-02,CM_02:COL:SEX_BTSX:AGEGROUP_MONTHS0-11,1975-01-01,2026-09-07T15:58:20Z,restated_at,2026-08-04,,who.gho.cm-02,raw/who.gho.cm-02/2026/09/20260907T155820Z-bace8014f904.json.gz,2
who.gho.cm-02,CM_02:COL:SEX_BTSX:AGEGROUP_MONTHS0-11,1975-01-01,2026-09-07T15:58:20Z,value,45492.0,,who.gho.cm-02,raw/who.gho.cm-02/2026/09/20260907T155820Z-bace8014f904.json.gz,2
who.gho.cm-02,CM_02:COL:SEX_FMLE:AGEGROUP_MONTHS0-11,1975-01-01,2026-09-07T15:51:44Z,high,21490.0,,who.gho.cm-02,raw/who.gho.cm-02/2026/09/20260907T155144Z-505d97ce9093.json.gz,2
who.gho.cm-02,CM_02:COL:SEX_FMLE:AGEGROUP_MONTHS0-11,1975-01-01,2026-09-07T15:51:44Z,low,18352.0,,who.gho.cm-02,raw/who.gho.cm-02/2026/09/20260907T155144Z-505d97ce9093.json.gz,2
who.gho.cm-02,CM_02:COL:SEX_FMLE:AGEGROUP_MONTHS0-11,1975-01-01,2026-09-07T15:51:44Z,restated_at,2026-08-04,,who.gho.cm-02,raw/who.gho.cm-02/2026/09/20260907T155144Z-505d97ce9093.json.gz,2
who.gho.cm-02,CM_02:COL:SEX_FMLE:AGEGROUP_MONTHS0-11,1975-01-01,2026-09-07T15:51:44Z,value,19868.0,,who.gho.cm-02,raw/who.gho.cm-02/2026/09/20260907T155144Z-505d97ce9093.json.gz,2
who.gho.cm-02,CM_02:COL:SEX_MLE:AGEGROUP_MONTHS0-11,1975-01-01,2026-09-07T15:57:00Z,high,27749.0,,who.gho.cm-02,raw/who.gho.cm-02/2026/09/20260907T155700Z-8ffcb12aceff.json.gz,2
who.gho.cm-02,CM_02:COL:SEX_MLE:AGEGROUP_MONTHS0-11,1975-01-01,2026-09-07T15:57:00Z,low,23797.0,,who.gho.cm-02,raw/who.gho.cm-02/2026/09/20260907T155700Z-8ffcb12aceff.json.gz,2
who.gho.cm-02,CM_02:COL:SEX_MLE:AGEGROUP_MONTHS0-11,1975-01-01,2026-09-07T15:57:00Z,restated_at,2026-08-04,,who.gho.cm-02,raw/who.gho.cm-02/2026/09/20260907T155700Z-8ffcb12aceff.json.gz,2
who.gho.cm-02,CM_02:COL:SEX_MLE:AGEGROUP_MONTHS0-11,1975-01-01,2026-09-07T15:57:00Z,value,25624.0,,who.gho.cm-02,raw/who.gho.cm-02/2026/09/20260907T155700Z-8ffcb12aceff.json.gz,2
who.gho.cm-02,CM_02:COM:SEX_BTSX:AGEGROUP_MONTHS0-11,1975-01-01,2026-09-07T15:57:00Z,high,2147.0,,who.gho.cm-02,raw/who.gho.cm-02/2026/09/20260907T155700Z-8ffcb12aceff.json.gz,2
who.gho.cm-02,CM_02:COM:SEX_BTSX:AGEGROUP_MONTHS0-11,1975-01-01,2026-09-07T15:57:00Z,low,1566.0,,who.gho.cm-02,raw/who.gho.cm-02/2026/09/20260907T155700Z-8ffcb12aceff.json.gz,2
who.gho.cm-02,CM_02:COM:SEX_BTSX:AGEGROUP_MONTHS0-11,1975-01-01,2026-09-07T15:57:00Z,restated_at,2026-08-04,,who.gho.cm-02,raw/who.gho.cm-02/2026/09/20260907T155700Z-8ffcb12aceff.json.gz,2
who.gho.cm-02,CM_02:COM:SEX_BTSX:AGEGROUP_MONTHS0-11,1975-01-01,2026-09-07T15:57:00Z,value,1834.0,,who.gho.cm-02,raw/who.gho.cm-02/2026/09/20260907T155700Z-8ffcb12aceff.json.gz,2
who.gho.cm-02,CM_02:COM:SEX_FMLE:AGEGROUP_MONTHS0-11,1975-01-01,2026-09-07T15:56:37Z,high,1002.0,,who.gho.cm-02,raw/who.gho.cm-02/2026/09/20260907T155637Z-c7bda929b138.json.gz,2
who.gho.cm-02,CM_02:COM:SEX_FMLE:AGEGROUP_MONTHS0-11,1975-01-01,2026-09-07T15:56:37Z,low,724.0,,who.gho.cm-02,raw/who.gho.cm-02/2026/09/20260907T155637Z-c7bda929b138.json.gz,2
who.gho.cm-02,CM_02:COM:SEX_FMLE:AGEGROUP_MONTHS0-11,1975-01-01,2026-09-07T15:56:37Z,restated_at,2026-08-04,,who.gho.cm-02,raw/who.gho.cm-02/2026/09/20260907T155637Z-c7bda929b138.json.gz,2
who.gho.cm-02,CM_02:COM:SEX_FMLE:AGEGROUP_MONTHS0-11,1975-01-01,2026-09-07T15:56:37Z,value,853.0,,who.gho.cm-02,raw/who.gho.cm-02/2026/09/20260907T155637Z-c7bda929b138.json.gz,2
who.gho.cm-02,CM_02:COM:SEX_MLE:AGEGROUP_MONTHS0-11,1975-01-01,2026-09-07T15:51:25Z,high,1153.0,,who.gho.cm-02,raw/who.gho.cm-02/2026/09/20260907T155125Z-b41e2575e826.json.gz,2
who.gho.cm-02,CM_02:COM:SEX_MLE:AGEGROUP_MONTHS0-11,1975-01-01,2026-09-07T15:51:25Z,low,834.0,,who.gho.cm-02,raw/who.gho.cm-02/2026/09/20260907T155125Z-b41e2575e826.json.gz,2
who.gho.cm-02,CM_02:COM:SEX_MLE:AGEGROUP_MONTHS0-11,1975-01-01,2026-09-07T15:51:25Z,restated_at,2026-08-04,,who.gho.cm-02,raw/who.gho.cm-02/2026/09/20260907T155125Z-b41e2575e826.json.gz,2
who.gho.cm-02,CM_02:COM:SEX_MLE:AGEGROUP_MONTHS0-11,1975-01-01,2026-09-07T15:51:25Z,value,981.0,,who.gho.cm-02,raw/who.gho.cm-02/2026/09/20260907T155125Z-b41e2575e826.json.gz,2
who.gho.cm-02,CM_02:CPV:SEX_BTSX:AGEGROUP_MONTHS0-11,1975-01-01,2026-09-07T15:56:37Z,high,994.0,,who.gho.cm-02,raw/who.gho.cm-02/2026/09/20260907T155637Z-c7bda929b138.json.gz,2
who.gho.cm-02,CM_02:CPV:SEX_BTSX:AGEGROUP_MONTHS0-11,1975-01-01,2026-09-07T15:56:37Z,low,737.0,,who.gho.cm-02,raw/who.gho.cm-02/2026/09/20260907T155637Z-c7bda929b138.json.gz,2
who.gho.cm-02,CM_02:CPV:SEX_BTSX:AGEGROUP_MONTHS0-11,1975-01-01,2026-09-07T15:56:37Z,restated_at,2026-08-04,,who.gho.cm-02,raw/who.gho.cm-02/2026/09/20260907T155637Z-c7bda929b138.json.gz,2
who.gho.cm-02,CM_02:CPV:SEX_BTSX:AGEGROUP_MONTHS0-11,1975-01-01,2026-09-07T15:56:37Z,value,866.0,,who.gho.cm-02,raw/who.gho.cm-02/2026/09/20260907T155637Z-c7bda929b138.json.gz,2
who.gho.cm-02,CM_02:CPV:SEX_FMLE:AGEGROUP_MONTHS0-11,1975-01-01,2026-09-07T15:51:21Z,high,455.0,,who.gho.cm-02,raw/who.gho.cm-02/2026/09/20260907T155121Z-1b14643329ca.json.gz,2
who.gho.cm-02,CM_02:CPV:SEX_FMLE:AGEGROUP_MONTHS0-11,1975-01-01,2026-09-07T15:51:21Z,low,333.0,,who.gho.cm-02,raw/who.gho.cm-02/2026/09/20260907T155121Z-1b14643329ca.json.gz,2
who.gho.cm-02,CM_02:CPV:SEX_FMLE:AGEGROUP_MONTHS0-11,1975-01-01,2026-09-07T15:51:21Z,restated_at,2026-08-04,,who.gho.cm-02,raw/who.gho.cm-02/2026/09/20260907T155121Z-1b14643329ca.json.gz,2
who.gho.cm-02,CM_02:CPV:SEX_FMLE:AGEGROUP_MONTHS0-11,1975-01-01,2026-09-07T15:51:21Z,value,394.0,,who.gho.cm-02,raw/who.gho.cm-02/2026/09/20260907T155121Z-1b14643329ca.json.gz,2
who.gho.cm-02,CM_02:CPV:SEX_MLE:AGEGROUP_MONTHS0-11,1975-01-01,2026-09-07T15:57:59Z,high,543.0,,who.gho.cm-02,raw/who.gho.cm-02/2026/09/20260907T155759Z-531ca935f713.json.gz,2
who.gho.cm-02,CM_02:CPV:SEX_MLE:AGEGROUP_MONTHS0-11,1975-01-01,2026-09-07T15:57:59Z,low,400.0,,who.gho.cm-02,raw/who.gho.cm-02/2026/09/20260907T155759Z-531ca935f713.json.gz,2
who.gho.cm-02,CM_02:CPV:SEX_MLE:AGEGROUP_MONTHS0-11,1975-01-01,2026-09-07T15:57:59Z,restated_at,2026-08-04,,who.gho.cm-02,raw/who.gho.cm-02/2026/09/20260907T155759Z-531ca935f713.json.gz,2
who.gho.cm-02,CM_02:CPV:SEX_MLE:AGEGROUP_MONTHS0-11,1975-01-01,2026-09-07T15:57:59Z,value,472.0,,who.gho.cm-02,raw/who.gho.cm-02/2026/09/20260907T155759Z-531ca935f713.json.gz,2
who.gho.cm-02,CM_02:CRI:SEX_BTSX:AGEGROUP_MONTHS0-11,1975-01-01,2026-09-07T15:58:04Z,high,2328.0,,who.gho.cm-02,raw/who.gho.cm-02/2026/09/20260907T155804Z-3e19927fa86a.json.gz,2
who.gho.cm-02,CM_02:CRI:SEX_BTSX:AGEGROUP_MONTHS0-11,1975-01-01,2026-09-07T15:58:04Z,low,2245.0,,who.gho.cm-02,raw/who.gho.cm-02/2026/09/20260907T155804Z-3e19927fa86a.json.gz,2
who.gho.cm-02,CM_02:CRI:SEX_BTSX:AGEGROUP_MONTHS0-11,1975-01-01,2026-09-07T15:58:04Z,restated_at,2026-08-04,,who.gho.cm-02,raw/who.gho.cm-02/2026/09/20260907T155804Z-3e19927fa86a.json.gz,2
who.gho.cm-02,CM_02:CRI:SEX_BTSX:AGEGROUP_MONTHS0-11,1975-01-01,2026-09-07T15:58:04Z,value,2287.0,,who.gho.cm-02,raw/who.gho.cm-02/2026/09/20260907T155804Z-3e19927fa86a.json.gz,2
who.gho.cm-02,CM_02:CRI:SEX_FMLE:AGEGROUP_MONTHS0-11,1975-01-01,2026-09-07T15:58:20Z,high,1008.0,,who.gho.cm-02,raw/who.gho.cm-02/2026/09/20260907T155820Z-bace8014f904.json.gz,2
who.gho.cm-02,CM_02:CRI:SEX_FMLE:AGEGROUP_MONTHS0-11,1975-01-01,2026-09-07T15:58:20Z,low,959.0,,who.gho.cm-02,raw/who.gho.cm-02/2026/09/20260907T155820Z-bace8014f904.json.gz,2
who.gho.cm-02,CM_02:CRI:SEX_FMLE:AGEGROUP_MONTHS0-11,1975-01-01,2026-09-07T15:58:20Z,restated_at,2026-08-04,,who.gho.cm-02,raw/who.gho.cm-02/2026/09/20260907T155820Z-bace8014f904.json.gz,2
who.gho.cm-02,CM_02:CRI:SEX_FMLE:AGEGROUP_MONTHS0-11,1975-01-01,2026-09-07T15:58:20Z,value,984.0,,who.gho.cm-02,raw/who.gho.cm-02/2026/09/20260907T155820Z-bace8014f904.json.gz,2
who.gho.cm-02,CM_02:CRI:SEX_MLE:AGEGROUP_MONTHS0-11,1975-01-01,2026-09-07T15:51:25Z,high,1332.0,,who.gho.cm-02,raw/who.gho.cm-02/2026/09/20260907T155125Z-b41e2575e826.json.gz,2
who.gho.cm-02,CM_02:CRI:SEX_MLE:AGEGROUP_MONTHS0-11,1975-01-01,2026-09-07T15:51:25Z,low,1274.0,,who.gho.cm-02,raw/who.gho.cm-02/2026/09/20260907T155125Z-b41e2575e826.json.gz,2
who.gho.cm-02,CM_02:CRI:SEX_MLE:AGEGROUP_MONTHS0-11,1975-01-01,2026-09-07T15:51:25Z,restated_at,2026-08-04,,who.gho.cm-02,raw/who.gho.cm-02/2026/09/20260907T155125Z-b41e2575e826.json.gz,2
who.gho.cm-02,CM_02:CRI:SEX_MLE:AGEGROUP_MONTHS0-11,1975-01-01,2026-09-07T15:51:25Z,value,1303.0,,who.gho.cm-02,raw/who.gho.cm-02/2026/09/20260907T155125Z-b41e2575e826.json.gz,2
who.gho.cm-02,CM_02:CUB:SEX_BTSX:AGEGROUP_MONTHS0-11,1975-01-01,2026-09-07T15:57:26Z,high,5875.0,,who.gho.cm-02,raw/who.gho.cm-02/2026/09/20260907T155726Z-31d0241a6d30.json.gz,2
who.gho.cm-02,CM_02:CUB:SEX_BTSX:AGEGROUP_MONTHS0-11,1975-01-01,2026-09-07T15:57:26Z,low,4626.0,,who.gho.cm-02,raw/who.gho.cm-02/2026/09/20260907T155726Z-31d0241a6d30.json.gz,2
who.gho.cm-02,CM_02:CUB:SEX_BTSX:AGEGROUP_MONTHS0-11,1975-01-01,2026-09-07T15:57:26Z,restated_at,2026-08-04,,who.gho.cm-02,raw/who.gho.cm-02/2026/09/20260907T155726Z-31d0241a6d30.json.gz,2
who.gho.cm-02,CM_02:CUB:SEX_BTSX:AGEGROUP_MONTHS0-11,1975-01-01,2026-09-07T15:57:26Z,value,5216.0,,who.gho.cm-02,raw/who.gho.cm-02/2026/09/20260907T155726Z-31d0241a6d30.json.gz,2
who.gho.cm-02,CM_02:CUB:SEX_FMLE:AGEGROUP_MONTHS0-11,1975-01-01,2026-09-07T15:51:30Z,high,2521.0,,who.gho.cm-02,raw/who.gho.cm-02/2026/09/20260907T155130Z-b74d44aee08e.json.gz,2
who.gho.cm-02,CM_02:CUB:SEX_FMLE:AGEGROUP_MONTHS0-11,1975-01-01,2026-09-07T15:51:30Z,low,1982.0,,who.gho.cm-02,raw/who.gho.cm-02/2026/09/20260907T155130Z-b74d44aee08e.json.gz,2
who.gho.cm-02,CM_02:CUB:SEX_FMLE:AGEGROUP_MONTHS0-11,1975-01-01,2026-09-07T15:51:30Z,restated_at,2026-08-04,,who.gho.cm-02,raw/who.gho.cm-02/2026/09/20260907T155130Z-b74d44aee08e.json.gz,2
who.gho.cm-02,CM_02:CUB:SEX_FMLE:AGEGROUP_MONTHS0-11,1975-01-01,2026-09-07T15:51:30Z,value,2237.0,,who.gho.cm-02,raw/who.gho.cm-02/2026/09/20260907T155130Z-b74d44aee08e.json.gz,2
who.gho.cm-02,CM_02:CUB:SEX_MLE:AGEGROUP_MONTHS0-11,1975-01-01,2026-09-07T15:57:21Z,high,3356.0,,who.gho.cm-02,raw/who.gho.cm-02/2026/09/20260907T155721Z-a2b5c178c29b.json.gz,2
who.gho.cm-02,CM_02:CUB:SEX_MLE:AGEGROUP_MONTHS0-11,1975-01-01,2026-09-07T15:57:21Z,low,2642.0,,who.gho.cm-02,raw/who.gho.cm-02/2026/09/20260907T155721Z-a2b5c178c29b.json.gz,2
who.gho.cm-02,CM_02:CUB:SEX_MLE:AGEGROUP_MONTHS0-11,1975-01-01,2026-09-07T15:57:21Z,restated_at,2026-08-04,,who.gho.cm-02,raw/who.gho.cm-02/2026/09/20260907T155721Z-a2b5c178c29b.json.gz,2
who.gho.cm-02,CM_02:CUB:SEX_MLE:AGEGROUP_MONTHS0-11,1975-01-01,2026-09-07T15:57:21Z,value,2979.0,,who.gho.cm-02,raw/who.gho.cm-02/2026/09/20260907T155721Z-a2b5c178c29b.json.gz,2
who.gho.cm-02,CM_02:CYP:SEX_BTSX:AGEGROUP_MONTHS0-11,1975-01-01,2026-09-07T15:51:11Z,high,388.0,,who.gho.cm-02,raw/who.gho.cm-02/2026/09/20260907T155111Z-17577dbcf352.json.gz,2
who.gho.cm-02,CM_02:CYP:SEX_BTSX:AGEGROUP_MONTHS0-11,1975-01-01,2026-09-07T15:51:11Z,low,333.0,,who.gho.cm-02,raw/who.gho.cm-02/2026/09/20260907T155111Z-17577dbcf352.json.gz,2
who.gho.cm-02,CM_02:CYP:SEX_BTSX:AGEGROUP_MONTHS0-11,1975-01-01,2026-09-07T15:51:11Z,restated_at,2026-08-04,,who.gho.cm-02,raw/who.gho.cm-02/2026/09/20260907T155111Z-17577dbcf352.json.gz,2
who.gho.cm-02,CM_02:CYP:SEX_BTSX:AGEGROUP_MONTHS0-11,1975-01-01,2026-09-07T15:51:11Z,value,358.0,,who.gho.cm-02,raw/who.gho.cm-02/2026/09/20260907T155111Z-17577dbcf352.json.gz,2
who.gho.cm-02,CM_02:CYP:SEX_FMLE:AGEGROUP_MONTHS0-11,1975-01-01,2026-09-07T15:57:17Z,high,169.0,,who.gho.cm-02,raw/who.gho.cm-02/2026/09/20260907T155717Z-89bc69b90b61.json.gz,2
who.gho.cm-02,CM_02:CYP:SEX_FMLE:AGEGROUP_MONTHS0-11,1975-01-01,2026-09-07T15:57:17Z,low,142.0,,who.gho.cm-02,raw/who.gho.cm-02/2026/09/20260907T155717Z-89bc69b90b61.json.gz,2
who.gho.cm-02,CM_02:CYP:SEX_FMLE:AGEGROUP_MONTHS0-11,1975-01-01,2026-09-07T15:57:17Z,restated_at,2026-08-04,,who.gho.cm-02,raw/who.gho.cm-02/2026/09/20260907T155717Z-89bc69b90b61.json.gz,2
who.gho.cm-02,CM_02:CYP:SEX_FMLE:AGEGROUP_MONTHS0-11,1975-01-01,2026-09-07T15:57:17Z,value,155.0,,who.gho.cm-02,raw/who.gho.cm-02/2026/09/20260907T155717Z-89bc69b90b61.json.gz,2
who.gho.cm-02,CM_02:CYP:SEX_MLE:AGEGROUP_MONTHS0-11,1975-01-01,2026-09-07T15:51:54Z,high,222.0,,who.gho.cm-02,raw/who.gho.cm-02/2026/09/20260907T155154Z-820134cf428b.json.gz,2
who.gho.cm-02,CM_02:CYP:SEX_MLE:AGEGROUP_MONTHS0-11,1975-01-01,2026-09-07T15:51:54Z,low,188.0,,who.gho.cm-02,raw/who.gho.cm-02/2026/09/20260907T155154Z-820134cf428b.json.gz,2
who.gho.cm-02,CM_02:CYP:SEX_MLE:AGEGROUP_MONTHS0-11,1975-01-01,2026-09-07T15:51:54Z,restated_at,2026-08-04,,who.gho.cm-02,raw/who.gho.cm-02/2026/09/20260907T155154Z-820134cf428b.json.gz,2
who.gho.cm-02,CM_02:CYP:SEX_MLE:AGEGROUP_MONTHS0-11,1975-01-01,2026-09-07T15:51:54Z,value,203.0,,who.gho.cm-02,raw/who.gho.cm-02/2026/09/20260907T155154Z-820134cf428b.json.gz,2
who.gho.cm-02,CM_02:CZE:SEX_BTSX:AGEGROUP_MONTHS0-11,1975-01-01,2026-09-07T15:52:03Z,high,3888.0,,who.gho.cm-02,raw/who.gho.cm-02/2026/09/20260907T155203Z-07dabadb5738.json.gz,2
who.gho.cm-02,CM_02:CZE:SEX_BTSX:AGEGROUP_MONTHS0-11,1975-01-01,2026-09-07T15:52:03Z,low,3407.0,,who.gho.cm-02,raw/who.gho.cm-02/2026/09/20260907T155203Z-07dabadb5738.json.gz,2
who.gho.cm-02,CM_02:CZE:SEX_BTSX:AGEGROUP_MONTHS0-11,1975-01-01,2026-09-07T15:52:03Z,restated_at,2026-08-04,,who.gho.cm-02,raw/who.gho.cm-02/2026/09/20260907T155203Z-07dabadb5738.json.gz,2
who.gho.cm-02,CM_02:CZE:SEX_BTSX:AGEGROUP_MONTHS0-11,1975-01-01,2026-09-07T15:52:03Z,value,3635.0,,who.gho.cm-02,raw/who.gho.cm-02/2026/09/20260907T155203Z-07dabadb5738.json.gz,2
who.gho.cm-02,CM_02:CZE:SEX_FMLE:AGEGROUP_MONTHS0-11,1975-01-01,2026-09-07T15:57:07Z,high,1601.0,,who.gho.cm-02,raw/who.gho.cm-02/2026/09/20260907T155707Z-3cd3e5b56c9f.json.gz,2
who.gho.cm-02,CM_02:CZE:SEX_FMLE:AGEGROUP_MONTHS0-11,1975-01-01,2026-09-07T15:57:07Z,low,1371.0,,who.gho.cm-02,raw/who.gho.cm-02/2026/09/20260907T155707Z-3cd3e5b56c9f.json.gz,2
who.gho.cm-02,CM_02:CZE:SEX_FMLE:AGEGROUP_MONTHS0-11,1975-01-01,2026-09-07T15:57:07Z,restated_at,2026-08-04,,who.gho.cm-02,raw/who.gho.cm-02/2026/09/20260907T155707Z-3cd3e5b56c9f.json.gz,2
who.gho.cm-02,CM_02:CZE:SEX_FMLE:AGEGROUP_MONTHS0-11,1975-01-01,2026-09-07T15:57:07Z,value,1480.0,,who.gho.cm-02,raw/who.gho.cm-02/2026/09/20260907T155707Z-3cd3e5b56c9f.json.gz,2
who.gho.cm-02,CM_02:CZE:SEX_MLE:AGEGROUP_MONTHS0-11,1975-01-01,2026-09-07T15:57:54Z,high,2315.0,,who.gho.cm-02,raw/who.gho.cm-02/2026/09/20260907T155754Z-3bea881db2b4.json.gz,2
who.gho.cm-02,CM_02:CZE:SEX_MLE:AGEGROUP_MONTHS0-11,1975-01-01,2026-09-07T15:57:54Z,low,2008.0,,who.gho.cm-02,raw/who.gho.cm-02/2026/09/20260907T155754Z-3bea881db2b4.json.gz,2
who.gho.cm-02,CM_02:CZE:SEX_MLE:AGEGROUP_MONTHS0-11,1975-01-01,2026-09-07T15:57:54Z,restated_at,2026-08-04,,who.gho.cm-02,raw/who.gho.cm-02/2026/09/20260907T155754Z-3bea881db2b4.json.gz,2
who.gho.cm-02,CM_02:CZE:SEX_MLE:AGEGROUP_MONTHS0-11,1975-01-01,2026-09-07T15:57:54Z,value,2155.0,,who.gho.cm-02,raw/who.gho.cm-02/2026/09/20260907T155754Z-3bea881db2b4.json.gz,2
who.gho.cm-02,CM_02:DEU:SEX_BTSX:AGEGROUP_MONTHS0-11,1975-01-01,2026-09-07T15:58:04Z,high,14225.0,,who.gho.cm-02,raw/who.gho.cm-02/2026/09/20260907T155804Z-3e19927fa86a.json.gz,2
who.gho.cm-02,CM_02:DEU:SEX_BTSX:AGEGROUP_MONTHS0-11,1975-01-01,2026-09-07T15:58:04Z,low,13703.0,,who.gho.cm-02,raw/who.gho.cm-02/2026/09/20260907T155804Z-3e19927fa86a.json.gz,2
who.gho.cm-02,CM_02:DEU:SEX_BTSX:AGEGROUP_MONTHS0-11,1975-01-01,2026-09-07T15:58:04Z,restated_at,2026-08-04,,who.gho.cm-02,raw/who.gho.cm-02/2026/09/20260907T155804Z-3e19927fa86a.json.gz,2
who.gho.cm-02,CM_02:DEU:SEX_BTSX:AGEGROUP_MONTHS0-11,1975-01-01,2026-09-07T15:58:04Z,value,13963.0,,who.gho.cm-02,raw/who.gho.cm-02/2026/09/20260907T155804Z-3e19927fa86a.json.gz,2
who.gho.cm-02,CM_02:DEU:SEX_FMLE:AGEGROUP_MONTHS0-11,1975-01-01,2026-09-07T15:51:01Z,high,5968.0,,who.gho.cm-02,raw/who.gho.cm-02/2026/09/20260907T155101Z-65d1a3fa0413.json.gz,2
who.gho.cm-02,CM_02:DEU:SEX_FMLE:AGEGROUP_MONTHS0-11,1975-01-01,2026-09-07T15:51:01Z,low,5716.0,,who.gho.cm-02,raw/who.gho.cm-02/2026/09/20260907T155101Z-65d1a3fa0413.json.gz,2
who.gho.cm-02,CM_02:DEU:SEX_FMLE:AGEGROUP_MONTHS0-11,1975-01-01,2026-09-07T15:51:01Z,restated_at,2026-08-04,,who.gho.cm-02,raw/who.gho.cm-02/2026/09/20260907T155101Z-65d1a3fa0413.json.gz,2
who.gho.cm-02,CM_02:DEU:SEX_FMLE:AGEGROUP_MONTHS0-11,1975-01-01,2026-09-07T15:51:01Z,value,5839.0,,who.gho.cm-02,raw/who.gho.cm-02/2026/09/20260907T155101Z-65d1a3fa0413.json.gz,2
who.gho.cm-02,CM_02:DEU:SEX_MLE:AGEGROUP_MONTHS0-11,1975-01-01,2026-09-07T15:57:30Z,high,8294.0,,who.gho.cm-02,raw/who.gho.cm-02/2026/09/20260907T155730Z-1fe49c27b9ed.json.gz,2
who.gho.cm-02,CM_02:DEU:SEX_MLE:AGEGROUP_MONTHS0-11,1975-01-01,2026-09-07T15:57:30Z,low,7966.0,,who.gho.cm-02,raw/who.gho.cm-02/2026/09/20260907T155730Z-1fe49c27b9ed.json.gz,2
who.gho.cm-02,CM_02:DEU:SEX_MLE:AGEGROUP_MONTHS0-11,1975-01-01,2026-09-07T15:57:30Z,restated_at,2026-08-04,,who.gho.cm-02,raw/who.gho.cm-02/2026/09/20260907T155730Z-1fe49c27b9ed.json.gz,2
who.gho.cm-02,CM_02:DEU:SEX_MLE:AGEGROUP_MONTHS0-11,1975-01-01,2026-09-07T15:57:30Z,value,8124.0,,who.gho.cm-02,raw/who.gho.cm-02/2026/09/20260907T155730Z-1fe49c27b9ed.json.gz,2
who.gho.cm-02,CM_02:DMA:SEX_BTSX:AGEGROUP_MONTHS0-11,1975-01-01,2026-09-07T15:57:17Z,high,47.0,,who.gho.cm-02,raw/who.gho.cm-02/2026/09/20260907T155717Z-89bc69b90b61.json.gz,2
who.gho.cm-02,CM_02:DMA:SEX_BTSX:AGEGROUP_MONTHS0-11,1975-01-01,2026-09-07T15:57:17Z,low,42.0,,who.gho.cm-02,raw/who.gho.cm-02/2026/09/20260907T155717Z-89bc69b90b61.json.gz,2
who.gho.cm-02,CM_02:DMA:SEX_BTSX:AGEGROUP_MONTHS0-11,1975-01-01,2026-09-07T15:57:17Z,restated_at,2025-04-15,,who.gho.cm-02,raw/who.gho.cm-02/2026/09/20260907T155717Z-89bc69b90b61.json.gz,2
who.gho.cm-02,CM_02:DMA:SEX_BTSX:AGEGROUP_MONTHS0-11,1975-01-01,2026-09-07T15:57:17Z,value,44.0,,who.gho.cm-02,raw/who.gho.cm-02/2026/09/20260907T155717Z-89bc69b90b61.json.gz,2
who.gho.cm-02,CM_02:DMA:SEX_FMLE:AGEGROUP_MONTHS0-11,1975-01-01,2026-09-07T15:58:20Z,high,22.0,,who.gho.cm-02,raw/who.gho.cm-02/2026/09/20260907T155820Z-bace8014f904.json.gz,2
who.gho.cm-02,CM_02:DMA:SEX_FMLE:AGEGROUP_MONTHS0-11,1975-01-01,2026-09-07T15:58:20Z,low,19.0,,who.gho.cm-02,raw/who.gho.cm-02/2026/09/20260907T155820Z-bace8014f904.json.gz,2
who.gho.cm-02,CM_02:DMA:SEX_FMLE:AGEGROUP_MONTHS0-11,1975-01-01,2026-09-07T15:58:20Z,restated_at,2026-08-04,,who.gho.cm-02,raw/who.gho.cm-02/2026/09/20260907T155820Z-bace8014f904.json.gz,2
who.gho.cm-02,CM_02:DMA:SEX_FMLE:AGEGROUP_MONTHS0-11,1975-01-01,2026-09-07T15:58:20Z,value,20.0,,who.gho.cm-02,raw/who.gho.cm-02/2026/09/20260907T155820Z-bace8014f904.json.gz,2
who.gho.cm-02,CM_02:DMA:SEX_MLE:AGEGROUP_MONTHS0-11,1975-01-01,2026-09-07T15:57:54Z,high,26.0,,who.gho.cm-02,raw/who.gho.cm-02/2026/09/20260907T155754Z-3bea881db2b4.json.gz,2
who.gho.cm-02,CM_02:DMA:SEX_MLE:AGEGROUP_MONTHS0-11,1975-01-01,2026-09-07T15:57:54Z,low,23.0,,who.gho.cm-02,raw/who.gho.cm-02/2026/09/20260907T155754Z-3bea881db2b4.json.gz,2
who.gho.cm-02,CM_02:DMA:SEX_MLE:AGEGROUP_MONTHS0-11,1975-01-01,2026-09-07T15:57:54Z,restated_at,2026-08-04,,who.gho.cm-02,raw/who.gho.cm-02/2026/09/20260907T155754Z-3bea881db2b4.json.gz,2
who.gho.cm-02,CM_02:DMA:SEX_MLE:AGEGROUP_MONTHS0-11,1975-01-01,2026-09-07T15:57:54Z,value,24.0,,who.gho.cm-02,raw/who.gho.cm-02/2026/09/20260907T155754Z-3bea881db2b4.json.gz,2
who.gho.cm-02,CM_02:DNK:SEX_BTSX:AGEGROUP_MONTHS0-11,1975-01-01,2026-09-07T15:51:05Z,high,748.0,,who.gho.cm-02,raw/who.gho.cm-02/2026/09/20260907T155105Z-bd351d716a31.json.gz,2
who.gho.cm-02,CM_02:DNK:SEX_BTSX:AGEGROUP_MONTHS0-11,1975-01-01,2026-09-07T15:51:05Z,low,710.0,,who.gho.cm-02,raw/who.gho.cm-02/2026/09/20260907T155105Z-bd351d716a31.json.gz,2
who.gho.cm-02,CM_02:DNK:SEX_BTSX:AGEGROUP_MONTHS0-11,1975-01-01,2026-09-07T15:51:05Z,restated_at,2025-04-15,,who.gho.cm-02,raw/who.gho.cm-02/2026/09/20260907T155105Z-bd351d716a31.json.gz,2
who.gho.cm-02,CM_02:DNK:SEX_BTSX:AGEGROUP_MONTHS0-11,1975-01-01,2026-09-07T15:51:05Z,value,729.0,,who.gho.cm-02,raw/who.gho.cm-02/2026/09/20260907T155105Z-bd351d716a31.json.gz,2
who.gho.cm-02,CM_02:DNK:SEX_FMLE:AGEGROUP_MONTHS0-11,1975-01-01,2026-09-07T15:52:37Z,high,308.0,,who.gho.cm-02,raw/who.gho.cm-02/2026/09/20260907T155237Z-35c7d31783eb.json.gz,2
who.gho.cm-02,CM_02:DNK:SEX_FMLE:AGEGROUP_MONTHS0-11,1975-01-01,2026-09-07T15:52:37Z,low,287.0,,who.gho.cm-02,raw/who.gho.cm-02/2026/09/20260907T155237Z-35c7d31783eb.json.gz,2
who.gho.cm-02,CM_02:DNK:SEX_FMLE:AGEGROUP_MONTHS0-11,1975-01-01,2026-09-07T15:52:37Z,restated_at,2025-04-15,,who.gho.cm-02,raw/who.gho.cm-02/2026/09/20260907T155237Z-35c7d31783eb.json.gz,2
who.gho.cm-02,CM_02:DNK:SEX_FMLE:AGEGROUP_MONTHS0-11,1975-01-01,2026-09-07T15:52:37Z,value,297.0,,who.gho.cm-02,raw/who.gho.cm-02/2026/09/20260907T155237Z-35c7d31783eb.json.gz,2
who.gho.cm-02,CM_02:DNK:SEX_MLE:AGEGROUP_MONTHS0-11,1975-01-01,2026-09-07T15:51:21Z,high,445.0,,who.gho.cm-02,raw/who.gho.cm-02/2026/09/20260907T155121Z-1b14643329ca.json.gz,2
who.gho.cm-02,CM_02:DNK:SEX_MLE:AGEGROUP_MONTHS0-11,1975-01-01,2026-09-07T15:51:21Z,low,418.0,,who.gho.cm-02,raw/who.gho.cm-02/2026/09/20260907T155121Z-1b14643329ca.json.gz,2
who.gho.cm-02,CM_02:DNK:SEX_MLE:AGEGROUP_MONTHS0-11,1975-01-01,2026-09-07T15:51:21Z,restated_at,2026-08-04,,who.gho.cm-02,raw/who.gho.cm-02/2026/09/20260907T155121Z-1b14643329ca.json.gz,2
who.gho.cm-02,CM_02:DNK:SEX_MLE:AGEGROUP_MONTHS0-11,1975-01-01,2026-09-07T15:51:21Z,value,432.0,,who.gho.cm-02,raw/who.gho.cm-02/2026/09/20260907T155121Z-1b14643329ca.json.gz,2
who.gho.cm-02,CM_02:DOM:SEX_BTSX:AGEGROUP_MONTHS0-11,1975-01-01,2026-09-07T15:54:17Z,high,15925.0,,who.gho.cm-02,raw/who.gho.cm-02/2026/09/20260907T155417Z-e87fb31944b5.json.gz,2
who.gho.cm-02,CM_02:DOM:SEX_BTSX:AGEGROUP_MONTHS0-11,1975-01-01,2026-09-07T15:54:17Z,low,13964.0,,who.gho.cm-02,raw/who.gho.cm-02/2026/09/20260907T155417Z-e87fb31944b5.json.gz,2
who.gho.cm-02,CM_02:DOM:SEX_BTSX:AGEGROUP_MONTHS0-11,1975-01-01,2026-09-07T15:54:17Z,restated_at,2026-08-04,,who.gho.cm-02,raw/who.gho.cm-02/2026/09/20260907T155417Z-e87fb31944b5.json.gz,2
who.gho.cm-02,CM_02:DOM:SEX_BTSX:AGEGROUP_MONTHS0-11,1975-01-01,2026-09-07T15:54:17Z,value,14917.0,,who.gho.cm-02,raw/who.gho.cm-02/2026/09/20260907T155417Z-e87fb31944b5.json.gz,2
who.gho.cm-02,CM_02:DOM:SEX_FMLE:AGEGROUP_MONTHS0-11,1975-01-01,2026-09-07T15:57:49Z,high,7381.0,,who.gho.cm-02,raw/who.gho.cm-02/2026/09/20260907T155749Z-8808ed0c9a07.json.gz,2
who.gho.cm-02,CM_02:DOM:SEX_FMLE:AGEGROUP_MONTHS0-11,1975-01-01,2026-09-07T15:57:49Z,low,6381.0,,who.gho.cm-02,raw/who.gho.cm-02/2026/09/20260907T155749Z-8808ed0c9a07.json.gz,2
who.gho.cm-02,CM_02:DOM:SEX_FMLE:AGEGROUP_MONTHS0-11,1975-01-01,2026-09-07T15:57:49Z,restated_at,2026-08-04,,who.gho.cm-02,raw/who.gho.cm-02/2026/09/20260907T155749Z-8808ed0c9a07.json.gz,2
who.gho.cm-02,CM_02:DOM:SEX_FMLE:AGEGROUP_MONTHS0-11,1975-01-01,2026-09-07T15:57:49Z,value,6857.0,,who.gho.cm-02,raw/who.gho.cm-02/2026/09/20260907T155749Z-8808ed0c9a07.json.gz,2
who.gho.cm-02,CM_02:DOM:SEX_MLE:AGEGROUP_MONTHS0-11,1975-01-01,2026-09-07T15:51:05Z,high,8637.0,,who.gho.cm-02,raw/who.gho.cm-02/2026/09/20260907T155105Z-bd351d716a31.json.gz,2
who.gho.cm-02,CM_02:DOM:SEX_MLE:AGEGROUP_MONTHS0-11,1975-01-01,2026-09-07T15:51:05Z,low,7508.0,,who.gho.cm-02,raw/who.gho.cm-02/2026/09/20260907T155105Z-bd351d716a31.json.gz,2
who.gho.cm-02,CM_02:DOM:SEX_MLE:AGEGROUP_MONTHS0-11,1975-01-01,2026-09-07T15:51:05Z,restated_at,2026-08-04,,who.gho.cm-02,raw/who.gho.cm-02/2026/09/20260907T155105Z-bd351d716a31.json.gz,2
who.gho.cm-02,CM_02:DOM:SEX_MLE:AGEGROUP_MONTHS0-11,1975-01-01,2026-09-07T15:51:05Z,value,8060.0,,who.gho.cm-02,raw/who.gho.cm-02/2026/09/20260907T155105Z-bd351d716a31.json.gz,2
who.gho.cm-02,CM_02:DZA:SEX_BTSX:AGEGROUP_MONTHS0-11,1975-01-01,2026-09-07T15:54:17Z,high,102061.0,,who.gho.cm-02,raw/who.gho.cm-02/2026/09/20260907T155417Z-e87fb31944b5.json.gz,2
who.gho.cm-02,CM_02:DZA:SEX_BTSX:AGEGROUP_MONTHS0-11,1975-01-01,2026-09-07T15:54:17Z,low,86804.0,,who.gho.cm-02,raw/who.gho.cm-02/2026/09/20260907T155417Z-e87fb31944b5.json.gz,2
who.gho.cm-02,CM_02:DZA:SEX_BTSX:AGEGROUP_MONTHS0-11,1975-01-01,2026-09-07T15:54:17Z,restated_at,2026-08-04,,who.gho.cm-02,raw/who.gho.cm-02/2026/09/20260907T155417Z-e87fb31944b5.json.gz,2
who.gho.cm-02,CM_02:DZA:SEX_BTSX:AGEGROUP_MONTHS0-11,1975-01-01,2026-09-07T15:54:17Z,value,94152.0,,who.gho.cm-02,raw/who.gho.cm-02/2026/09/20260907T155417Z-e87fb31944b5.json.gz,2
who.gho.cm-02,CM_02:DZA:SEX_FMLE:AGEGROUP_MONTHS0-11,1975-01-01,2026-09-07T15:57:54Z,high,48293.0,,who.gho.cm-02,raw/who.gho.cm-02/2026/09/20260907T155754Z-3bea881db2b4.json.gz,2
who.gho.cm-02,CM_02:DZA:SEX_FMLE:AGEGROUP_MONTHS0-11,1975-01-01,2026-09-07T15:57:54Z,low,40719.0,,who.gho.cm-02,raw/who.gho.cm-02/2026/09/20260907T155754Z-3bea881db2b4.json.gz,2
who.gho.cm-02,CM_02:DZA:SEX_FMLE:AGEGROUP_MONTHS0-11,1975-01-01,2026-09-07T15:57:54Z,restated_at,2026-08-04,,who.gho.cm-02,raw/who.gho.cm-02/2026/09/20260907T155754Z-3bea881db2b4.json.gz,2
who.gho.cm-02,CM_02:DZA:SEX_FMLE:AGEGROUP_MONTHS0-11,1975-01-01,2026-09-07T15:57:54Z,value,44303.0,,who.gho.cm-02,raw/who.gho.cm-02/2026/09/20260907T155754Z-3bea881db2b4.json.gz,2
who.gho.cm-02,CM_02:DZA:SEX_MLE:AGEGROUP_MONTHS0-11,1975-01-01,2026-09-07T15:58:07Z,high,54168.0,,who.gho.cm-02,raw/who.gho.cm-02/2026/09/20260907T155807Z-33d1eb328c3d.json.gz,2
who.gho.cm-02,CM_02:DZA:SEX_MLE:AGEGROUP_MONTHS0-11,1975-01-01,2026-09-07T15:58:07Z,low,45830.0,,who.gho.cm-02,raw/who.gho.cm-02/2026/09/20260907T155807Z-33d1eb328c3d.json.gz,2
who.gho.cm-02,CM_02:DZA:SEX_MLE:AGEGROUP_MONTHS0-11,1975-01-01,2026-09-07T15:58:07Z,restated_at,2026-08-04,,who.gho.cm-02,raw/who.gho.cm-02/2026/09/20260907T155807Z-33d1eb328c3d.json.gz,2
who.gho.cm-02,CM_02:DZA:SEX_MLE:AGEGROUP_MONTHS0-11,1975-01-01,2026-09-07T15:58:07Z,value,49849.0,,who.gho.cm-02,raw/who.gho.cm-02/2026/09/20260907T155807Z-33d1eb328c3d.json.gz,2
who.gho.cm-02,CM_02:ECU:SEX_BTSX:AGEGROUP_MONTHS0-11,1975-01-01,2026-09-07T15:51:44Z,high,25553.0,,who.gho.cm-02,raw/who.gho.cm-02/2026/09/20260907T155144Z-505d97ce9093.json.gz,2
who.gho.cm-02,CM_02:ECU:SEX_BTSX:AGEGROUP_MONTHS0-11,1975-01-01,2026-09-07T15:51:44Z,low,21174.0,,who.gho.cm-02,raw/who.gho.cm-02/2026/09/20260907T155144Z-505d97ce9093.json.gz,2
who.gho.cm-02,CM_02:ECU:SEX_BTSX:AGEGROUP_MONTHS0-11,1975-01-01,2026-09-07T15:51:44Z,restated_at,2026-08-04,,who.gho.cm-02,raw/who.gho.cm-02/2026/09/20260907T155144Z-505d97ce9093.json.gz,2
who.gho.cm-02,CM_02:ECU:SEX_BTSX:AGEGROUP_MONTHS0-11,1975-01-01,2026-09-07T15:51:44Z,value,23272.0,,who.gho.cm-02,raw/who.gho.cm-02/2026/09/20260907T155144Z-505d97ce9093.json.gz,2
who.gho.cm-02,CM_02:ECU:SEX_FMLE:AGEGROUP_MONTHS0-11,1975-01-01,2026-09-07T15:57:17Z,high,11169.0,,who.gho.cm-02,raw/who.gho.cm-02/2026/09/20260907T155717Z-89bc69b90b61.json.gz,2
who.gho.cm-02,CM_02:ECU:SEX_FMLE:AGEGROUP_MONTHS0-11,1975-01-01,2026-09-07T15:57:17Z,low,9074.0,,who.gho.cm-02,raw/who.gho.cm-02/2026/09/20260907T155717Z-89bc69b90b61.json.gz,2
who.gho.cm-02,CM_02:ECU:SEX_FMLE:AGEGROUP_MONTHS0-11,1975-01-01,2026-09-07T15:57:17Z,restated_at,2026-08-04,,who.gho.cm-02,raw/who.gho.cm-02/2026/09/20260907T155717Z-89bc69b90b61.json.gz,2
who.gho.cm-02,CM_02:ECU:SEX_FMLE:AGEGROUP_MONTHS0-11,1975-01-01,2026-09-07T15:57:17Z,value,10082.0,,who.gho.cm-02,raw/who.gho.cm-02/2026/09/20260907T155717Z-89bc69b90b61.json.gz,2
who.gho.cm-02,CM_02:ECU:SEX_MLE:AGEGROUP_MONTHS0-11,1975-01-01,2026-09-07T15:51:16Z,high,14533.0,,who.gho.cm-02,raw/who.gho.cm-02/2026/09/20260907T155116Z-bb01bf96bc15.json.gz,2
who.gho.cm-02,CM_02:ECU:SEX_MLE:AGEGROUP_MONTHS0-11,1975-01-01,2026-09-07T15:51:16Z,low,11918.0,,who.gho.cm-02,raw/who.gho.cm-02/2026/09/20260907T155116Z-bb01bf96bc15.json.gz,2
who.gho.cm-02,CM_02:ECU:SEX_MLE:AGEGROUP_MONTHS0-11,1975-01-01,2026-09-07T15:51:16Z,restated_at,2026-08-04,,who.gho.cm-02,raw/who.gho.cm-02/2026/09/20260907T155116Z-bb01bf96bc15.json.gz,2
who.gho.cm-02,CM_02:ECU:SEX_MLE:AGEGROUP_MONTHS0-11,1975-01-01,2026-09-07T15:51:16Z,value,13190.0,,who.gho.cm-02,raw/who.gho.cm-02/2026/09/20260907T155116Z-bb01bf96bc15.json.gz,2
who.gho.cm-02,CM_02:EGY:SEX_BTSX:AGEGROUP_MONTHS0-11,1975-01-01,2026-09-07T15:51:16Z,high,233541.0,,who.gho.cm-02,raw/who.gho.cm-02/2026/09/20260907T155116Z-bb01bf96bc15.json.gz,2
who.gho.cm-02,CM_02:EGY:SEX_BTSX:AGEGROUP_MONTHS0-11,1975-01-01,2026-09-07T15:51:16Z,low,208868.0,,who.gho.cm-02,raw/who.gho.cm-02/2026/09/20260907T155116Z-bb01bf96bc15.json.gz,2
who.gho.cm-02,CM_02:EGY:SEX_BTSX:AGEGROUP_MONTHS0-11,1975-01-01,2026-09-07T15:51:16Z,restated_at,2026-08-04,,who.gho.cm-02,raw/who.gho.cm-02/2026/09/20260907T155116Z-bb01bf96bc15.json.gz,2
who.gho.cm-02,CM_02:EGY:SEX_BTSX:AGEGROUP_MONTHS0-11,1975-01-01,2026-09-07T15:51:16Z,value,220762.0,,who.gho.cm-02,raw/who.gho.cm-02/2026/09/20260907T155116Z-bb01bf96bc15.json.gz,2
who.gho.cm-02,CM_02:EGY:SEX_FMLE:AGEGROUP_MONTHS0-11,1975-01-01,2026-09-07T15:51:54Z,high,111581.0,,who.gho.cm-02,raw/who.gho.cm-02/2026/09/20260907T155154Z-820134cf428b.json.gz,2
who.gho.cm-02,CM_02:EGY:SEX_FMLE:AGEGROUP_MONTHS0-11,1975-01-01,2026-09-07T15:51:54Z,low,98838.0,,who.gho.cm-02,raw/who.gho.cm-02/2026/09/20260907T155154Z-820134cf428b.json.gz,2
who.gho.cm-02,CM_02:EGY:SEX_FMLE:AGEGROUP_MONTHS0-11,1975-01-01,2026-09-07T15:51:54Z,restated_at,2026-08-04,,who.gho.cm-02,raw/who.gho.cm-02/2026/09/20260907T155154Z-820134cf428b.json.gz,2
who.gho.cm-02,CM_02:EGY:SEX_FMLE:AGEGROUP_MONTHS0-11,1975-01-01,2026-09-07T15:51:54Z,value,104968.0,,who.gho.cm-02,raw/who.gho.cm-02/2026/09/20260907T155154Z-820134cf428b.json.gz,2
who.gho.cm-02,CM_02:EGY:SEX_MLE:AGEGROUP_MONTHS0-11,1975-01-01,2026-09-07T15:51:44Z,high,122921.0,,who.gho.cm-02,raw/who.gho.cm-02/2026/09/20260907T155144Z-505d97ce9093.json.gz,2
who.gho.cm-02,CM_02:EGY:SEX_MLE:AGEGROUP_MONTHS0-11,1975-01-01,2026-09-07T15:51:44Z,low,109124.0,,who.gho.cm-02,raw/who.gho.cm-02/2026/09/20260907T155144Z-505d97ce9093.json.gz,2
who.gho.cm-02,CM_02:EGY:SEX_MLE:AGEGROUP_MONTHS0-11,1975-01-01,2026-09-07T15:51:44Z,restated_at,2026-08-04,,who.gho.cm-02,raw/who.gho.cm-02/2026/09/20260907T155144Z-505d97ce9093.json.gz,2
who.gho.cm-02,CM_02:EGY:SEX_MLE:AGEGROUP_MONTHS0-11,1975-01-01,2026-09-07T15:51:44Z,value,115794.0,,who.gho.cm-02,raw/who.gho.cm-02/2026/09/20260907T155144Z-505d97ce9093.json.gz,2
who.gho.cm-02,CM_02:ESP:SEX_BTSX:AGEGROUP_MONTHS0-11,1975-01-01,2026-09-07T15:58:07Z,high,12802.0,,who.gho.cm-02,raw/who.gho.cm-02/2026/09/20260907T155807Z-33d1eb328c3d.json.gz,2
who.gho.cm-02,CM_02:ESP:SEX_BTSX:AGEGROUP_MONTHS0-11,1975-01-01,2026-09-07T15:58:07Z,low,12318.0,,who.gho.cm-02,raw/who.gho.cm-02/2026/09/20260907T155807Z-33d1eb328c3d.json.gz,2
who.gho.cm-02,CM_02:ESP:SEX_BTSX:AGEGROUP_MONTHS0-11,1975-01-01,2026-09-07T15:58:07Z,restated_at,2026-08-04,,who.gho.cm-02,raw/who.gho.cm-02/2026/09/20260907T155807Z-33d1eb328c3d.json.gz,2
who.gho.cm-02,CM_02:ESP:SEX_BTSX:AGEGROUP_MONTHS0-11,1975-01-01,2026-09-07T15:58:07Z,value,12560.0,,who.gho.cm-02,raw/who.gho.cm-02/2026/09/20260907T155807Z-33d1eb328c3d.json.gz,2
who.gho.cm-02,CM_02:ESP:SEX_FMLE:AGEGROUP_MONTHS0-11,1975-01-01,2026-09-07T15:51:16Z,high,5456.0,,who.gho.cm-02,raw/who.gho.cm-02/2026/09/20260907T155116Z-bb01bf96bc15.json.gz,2
who.gho.cm-02,CM_02:ESP:SEX_FMLE:AGEGROUP_MONTHS0-11,1975-01-01,2026-09-07T15:51:16Z,low,5221.0,,who.gho.cm-02,raw/who.gho.cm-02/2026/09/20260907T155116Z-bb01bf96bc15.json.gz,2
who.gho.cm-02,CM_02:ESP:SEX_FMLE:AGEGROUP_MONTHS0-11,1975-01-01,2026-09-07T15:51:16Z,restated_at,2026-08-04,,who.gho.cm-02,raw/who.gho.cm-02/2026/09/20260907T155116Z-bb01bf96bc15.json.gz,2
who.gho.cm-02,CM_02:ESP:SEX_FMLE:AGEGROUP_MONTHS0-11,1975-01-01,2026-09-07T15:51:16Z,value,5334.0,,who.gho.cm-02,raw/who.gho.cm-02/2026/09/20260907T155116Z-bb01bf96bc15.json.gz,2
who.gho.cm-02,CM_02:ESP:SEX_MLE:AGEGROUP_MONTHS0-11,1975-01-01,2026-09-07T15:57:49Z,high,7381.0,,who.gho.cm-02,raw/who.gho.cm-02/2026/09/20260907T155749Z-8808ed0c9a07.json.gz,2
who.gho.cm-02,CM_02:ESP:SEX_MLE:AGEGROUP_MONTHS0-11,1975-01-01,2026-09-07T15:57:49Z,low,7084.0,,who.gho.cm-02,raw/who.gho.cm-02/2026/09/20260907T155749Z-8808ed0c9a07.json.gz,2
who.gho.cm-02,CM_02:ESP:SEX_MLE:AGEGROUP_MONTHS0-11,1975-01-01,2026-09-07T15:57:49Z,restated_at,2026-08-04,,who.gho.cm-02,raw/who.gho.cm-02/2026/09/20260907T155749Z-8808ed0c9a07.json.gz,2
who.gho.cm-02,CM_02:ESP:SEX_MLE:AGEGROUP_MONTHS0-11,1975-01-01,2026-09-07T15:57:49Z,value,7226.0,,who.gho.cm-02,raw/who.gho.cm-02/2026/09/20260907T155749Z-8808ed0c9a07.json.gz,2
who.gho.cm-02,CM_02:EST:SEX_BTSX:AGEGROUP_MONTHS0-11,1975-01-01,2026-09-07T15:50:57Z,high,387.0,,who.gho.cm-02,raw/who.gho.cm-02/2026/09/20260907T155057Z-e03fd9f60113.json.gz,2
who.gho.cm-02,CM_02:EST:SEX_BTSX:AGEGROUP_MONTHS0-11,1975-01-01,2026-09-07T15:50:57Z,low,346.0,,who.gho.cm-02,raw/who.gho.cm-02/2026/09/20260907T155057Z-e03fd9f60113.json.gz,2
who.gho.cm-02,CM_02:EST:SEX_BTSX:AGEGROUP_MONTHS0-11,1975-01-01,2026-09-07T15:50:57Z,restated_at,2026-08-04,,who.gho.cm-02,raw/who.gho.cm-02/2026/09/20260907T155057Z-e03fd9f60113.json.gz,2
who.gho.cm-02,CM_02:EST:SEX_BTSX:AGEGROUP_MONTHS0-11,1975-01-01,2026-09-07T15:50:57Z,value,365.0,,who.gho.cm-02,raw/who.gho.cm-02/2026/09/20260907T155057Z-e03fd9f60113.json.gz,2
who.gho.cm-02,CM_02:EST:SEX_FMLE:AGEGROUP_MONTHS0-11,1975-01-01,2026-09-07T15:50:57Z,high,165.0,,who.gho.cm-02,raw/who.gho.cm-02/2026/09/20260907T155057Z-e03fd9f60113.json.gz,2
who.gho.cm-02,CM_02:EST:SEX_FMLE:AGEGROUP_MONTHS0-11,1975-01-01,2026-09-07T15:50:57Z,low,143.0,,who.gho.cm-02,raw/who.gho.cm-02/2026/09/20260907T155057Z-e03fd9f60113.json.gz,2
who.gho.cm-02,CM_02:EST:SEX_FMLE:AGEGROUP_MONTHS0-11,1975-01-01,2026-09-07T15:50:57Z,restated_at,2026-08-04,,who.gho.cm-02,raw/who.gho.cm-02/2026/09/20260907T155057Z-e03fd9f60113.json.gz,2
who.gho.cm-02,CM_02:EST:SEX_FMLE:AGEGROUP_MONTHS0-11,1975-01-01,2026-09-07T15:50:57Z,value,153.0,,who.gho.cm-02,raw/who.gho.cm-02/2026/09/20260907T155057Z-e03fd9f60113.json.gz,2
who.gho.cm-02,CM_02:EST:SEX_MLE:AGEGROUP_MONTHS0-11,1975-01-01,2026-09-07T15:50:57Z,high,227.0,,who.gho.cm-02,raw/who.gho.cm-02/2026/09/20260907T155057Z-e03fd9f60113.json.gz,2
who.gho.cm-02,CM_02:EST:SEX_MLE:AGEGROUP_MONTHS0-11,1975-01-01,2026-09-07T15:50:57Z,low,199.0,,who.gho.cm-02,raw/who.gho.cm-02/2026/09/20260907T155057Z-e03fd9f60113.json.gz,2
who.gho.cm-02,CM_02:EST:SEX_MLE:AGEGROUP_MONTHS0-11,1975-01-01,2026-09-07T15:50:57Z,restated_at,2026-08-04,,who.gho.cm-02,raw/who.gho.cm-02/2026/09/20260907T155057Z-e03fd9f60113.json.gz,2
who.gho.cm-02,CM_02:EST:SEX_MLE:AGEGROUP_MONTHS0-11,1975-01-01,2026-09-07T15:50:57Z,value,212.0,,who.gho.cm-02,raw/who.gho.cm-02/2026/09/20260907T155057Z-e03fd9f60113.json.gz,2
who.gho.cm-02,CM_02:ETH:SEX_BTSX:AGEGROUP_MONTHS0-11,1975-01-01,2026-09-07T15:51:30Z,high,288737.0,,who.gho.cm-02,raw/who.gho.cm-02/2026/09/20260907T155130Z-b74d44aee08e.json.gz,2
who.gho.cm-02,CM_02:ETH:SEX_BTSX:AGEGROUP_MONTHS0-11,1975-01-01,2026-09-07T15:51:30Z,low,233135.0,,who.gho.cm-02,raw/who.gho.cm-02/2026/09/20260907T155130Z-b74d44aee08e.json.gz,2
who.gho.cm-02,CM_02:ETH:SEX_BTSX:AGEGROUP_MONTHS0-11,1975-01-01,2026-09-07T15:51:30Z,restated_at,2026-08-04,,who.gho.cm-02,raw/who.gho.cm-02/2026/09/20260907T155130Z-b74d44aee08e.json.gz,2
who.gho.cm-02,CM_02:ETH:SEX_BTSX:AGEGROUP_MONTHS0-11,1975-01-01,2026-09-07T15:51:30Z,value,259304.0,,who.gho.cm-02,raw/who.gho.cm-02/2026/09/20260907T155130Z-b74d44aee08e.json.gz,2
who.gho.cm-02,CM_02:ETH:SEX_FMLE:AGEGROUP_MONTHS0-11,1975-01-01,2026-09-07T15:51:11Z,high,129377.0,,who.gho.cm-02,raw/who.gho.cm-02/2026/09/20260907T155111Z-17577dbcf352.json.gz,2
who.gho.cm-02,CM_02:ETH:SEX_FMLE:AGEGROUP_MONTHS0-11,1975-01-01,2026-09-07T15:51:11Z,low,102829.0,,who.gho.cm-02,raw/who.gho.cm-02/2026/09/20260907T155111Z-17577dbcf352.json.gz,2
who.gho.cm-02,CM_02:ETH:SEX_FMLE:AGEGROUP_MONTHS0-11,1975-01-01,2026-09-07T15:51:11Z,restated_at,2026-08-04,,who.gho.cm-02,raw/who.gho.cm-02/2026/09/20260907T155111Z-17577dbcf352.json.gz,2
who.gho.cm-02,CM_02:ETH:SEX_FMLE:AGEGROUP_MONTHS0-11,1975-01-01,2026-09-07T15:51:11Z,value,115330.0,,who.gho.cm-02,raw/who.gho.cm-02/2026/09/20260907T155111Z-17577dbcf352.json.gz,2
who.gho.cm-02,CM_02:ETH:SEX_MLE:AGEGROUP_MONTHS0-11,1975-01-01,2026-09-07T15:57:54Z,high,161103.0,,who.gho.cm-02,raw/who.gho.cm-02/2026/09/20260907T155754Z-3bea881db2b4.json.gz,2
who.gho.cm-02,CM_02:ETH:SEX_MLE:AGEGROUP_MONTHS0-11,1975-01-01,2026-09-07T15:57:54Z,low,128823.0,,who.gho.cm-02,raw/who.gho.cm-02/2026/09/20260907T155754Z-3bea881db2b4.json.gz,2
who.gho.cm-02,CM_02:ETH:SEX_MLE:AGEGROUP_MONTHS0-11,1975-01-01,2026-09-07T15:57:54Z,restated_at,2026-08-04,,who.gho.cm-02,raw/who.gho.cm-02/2026/09/20260907T155754Z-3bea881db2b4.json.gz,2
who.gho.cm-02,CM_02:ETH:SEX_MLE:AGEGROUP_MONTHS0-11,1975-01-01,2026-09-07T15:57:54Z,value,143974.0,,who.gho.cm-02,raw/who.gho.cm-02/2026/09/20260907T155754Z-3bea881db2b4.json.gz,2
who.gho.cm-02,CM_02:FIN:SEX_BTSX:AGEGROUP_MONTHS0-11,1975-01-01,2026-09-07T15:58:25Z,high,664.0,,who.gho.cm-02,raw/who.gho.cm-02/2026/09/20260907T155825Z-6675ad1e3bc7.json.gz,2
who.gho.cm-02,CM_02:FIN:SEX_BTSX:AGEGROUP_MONTHS0-11,1975-01-01,2026-09-07T15:58:25Z,low,630.0,,who.gho.cm-02,raw/who.gho.cm-02/2026/09/20260907T155825Z-6675ad1e3bc7.json.gz,2
who.gho.cm-02,CM_02:FIN:SEX_BTSX:AGEGROUP_MONTHS0-11,1975-01-01,2026-09-07T15:58:25Z,restated_at,2026-08-04,,who.gho.cm-02,raw/who.gho.cm-02/2026/09/20260907T155825Z-6675ad1e3bc7.json.gz,2
who.gho.cm-02,CM_02:FIN:SEX_BTSX:AGEGROUP_MONTHS0-11,1975-01-01,2026-09-07T15:58:25Z,value,646.0,,who.gho.cm-02,raw/who.gho.cm-02/2026/09/20260907T155825Z-6675ad1e3bc7.json.gz,2
who.gho.cm-02,CM_02:FIN:SEX_FMLE:AGEGROUP_MONTHS0-11,1975-01-01,2026-09-07T15:56:27Z,high,284.0,,who.gho.cm-02,raw/who.gho.cm-02/2026/09/20260907T155627Z-19eb4e6c1215.json.gz,2
who.gho.cm-02,CM_02:FIN:SEX_FMLE:AGEGROUP_MONTHS0-11,1975-01-01,2026-09-07T15:56:27Z,low,265.0,,who.gho.cm-02,raw/who.gho.cm-02/2026/09/20260907T155627Z-19eb4e6c1215.json.gz,2
who.gho.cm-02,CM_02:FIN:SEX_FMLE:AGEGROUP_MONTHS0-11,1975-01-01,2026-09-07T15:56:27Z,restated_at,2025-04-15,,who.gho.cm-02,raw/who.gho.cm-02/2026/09/20260907T155627Z-19eb4e6c1215.json.gz,2
who.gho.cm-02,CM_02:FIN:SEX_FMLE:AGEGROUP_MONTHS0-11,1975-01-01,2026-09-07T15:56:27Z,value,274.0,,who.gho.cm-02,raw/who.gho.cm-02/2026/09/20260907T155627Z-19eb4e6c1215.json.gz,2
who.gho.cm-02,CM_02:FIN:SEX_MLE:AGEGROUP_MONTHS0-11,1975-01-01,2026-09-07T15:52:26Z,high,384.0,,who.gho.cm-02,raw/who.gho.cm-02/2026/09/20260907T155226Z-b536cc4a2b4c.json.gz,2
who.gho.cm-02,CM_02:FIN:SEX_MLE:AGEGROUP_MONTHS0-11,1975-01-01,2026-09-07T15:52:26Z,low,361.0,,who.gho.cm-02,raw/who.gho.cm-02/2026/09/20260907T155226Z-b536cc4a2b4c.json.gz,2
who.gho.cm-02,CM_02:FIN:SEX_MLE:AGEGROUP_MONTHS0-11,1975-01-01,2026-09-07T15:52:26Z,restated_at,2025-04-15,,who.gho.cm-02,raw/who.gho.cm-02/2026/09/20260907T155226Z-b536cc4a2b4c.json.gz,2
who.gho.cm-02,CM_02:FIN:SEX_MLE:AGEGROUP_MONTHS0-11,1975-01-01,2026-09-07T15:52:26Z,value,372.0,,who.gho.cm-02,raw/who.gho.cm-02/2026/09/20260907T155226Z-b536cc4a2b4c.json.gz,2
who.gho.cm-02,CM_02:FJI:SEX_BTSX:AGEGROUP_MONTHS0-11,1975-01-01,2026-09-07T15:56:27Z,high,865.0,,who.gho.cm-02,raw/who.gho.cm-02/2026/09/20260907T155627Z-19eb4e6c1215.json.gz,2
who.gho.cm-02,CM_02:FJI:SEX_BTSX:AGEGROUP_MONTHS0-11,1975-01-01,2026-09-07T15:56:27Z,low,668.0,,who.gho.cm-02,raw/who.gho.cm-02/2026/09/20260907T155627Z-19eb4e6c1215.json.gz,2
who.gho.cm-02,CM_02:FJI:SEX_BTSX:AGEGROUP_MONTHS0-11,1975-01-01,2026-09-07T15:56:27Z,restated_at,2026-08-04,,who.gho.cm-02,raw/who.gho.cm-02/2026/09/20260907T155627Z-19eb4e6c1215.json.gz,2
who.gho.cm-02,CM_02:FJI:SEX_BTSX:AGEGROUP_MONTHS0-11,1975-01-01,2026-09-07T15:56:27Z,value,760.0,,who.gho.cm-02,raw/who.gho.cm-02/2026/09/20260907T155627Z-19eb4e6c1215.json.gz,2
who.gho.cm-02,CM_02:FJI:SEX_FMLE:AGEGROUP_MONTHS0-11,1975-01-01,2026-09-07T15:57:35Z,high,386.0,,who.gho.cm-02,raw/who.gho.cm-02/2026/09/20260907T155735Z-be5ff4c5352d.json.gz,2
who.gho.cm-02,CM_02:FJI:SEX_FMLE:AGEGROUP_MONTHS0-11,1975-01-01,2026-09-07T15:57:35Z,low,294.0,,who.gho.cm-02,raw/who.gho.cm-02/2026/09/20260907T155735Z-be5ff4c5352d.json.gz,2
who.gho.cm-02,CM_02:FJI:SEX_FMLE:AGEGROUP_MONTHS0-11,1975-01-01,2026-09-07T15:57:35Z,restated_at,2026-08-04,,who.gho.cm-02,raw/who.gho.cm-02/2026/09/20260907T155735Z-be5ff4c5352d.json.gz,2
who.gho.cm-02,CM_02:FJI:SEX_FMLE:AGEGROUP_MONTHS0-11,1975-01-01,2026-09-07T15:57:35Z,value,337.0,,who.gho.cm-02,raw/who.gho.cm-02/2026/09/20260907T155735Z-be5ff4c5352d.json.gz,2
who.gho.cm-02,CM_02:FJI:SEX_MLE:AGEGROUP_MONTHS0-11,1975-01-01,2026-09-07T15:51:25Z,high,485.0,,who.gho.cm-02,raw/who.gho.cm-02/2026/09/20260907T155125Z-b41e2575e826.json.gz,2
who.gho.cm-02,CM_02:FJI:SEX_MLE:AGEGROUP_MONTHS0-11,1975-01-01,2026-09-07T15:51:25Z,low,371.0,,who.gho.cm-02,raw/who.gho.cm-02/2026/09/20260907T155125Z-b41e2575e826.json.gz,2
who.gho.cm-02,CM_02:FJI:SEX_MLE:AGEGROUP_MONTHS0-11,1975-01-01,2026-09-07T15:51:25Z,restated_at,2026-08-04,,who.gho.cm-02,raw/who.gho.cm-02/2026/09/20260907T155125Z-b41e2575e826.json.gz,2
who.gho.cm-02,CM_02:FJI:SEX_MLE:AGEGROUP_MONTHS0-11,1975-01-01,2026-09-07T15:51:25Z,value,423.0,,who.gho.cm-02,raw/who.gho.cm-02/2026/09/20260907T155125Z-b41e2575e826.json.gz,2
who.gho.cm-02,CM_02:FRA:SEX_BTSX:AGEGROUP_MONTHS0-11,1975-01-01,2026-09-07T15:57:49Z,high,9679.0,,who.gho.cm-02,raw/who.gho.cm-02/2026/09/20260907T155749Z-8808ed0c9a07.json.gz,2
who.gho.cm-02,CM_02:FRA:SEX_BTSX:AGEGROUP_MONTHS0-11,1975-01-01,2026-09-07T15:57:49Z,low,9318.0,,who.gho.cm-02,raw/who.gho.cm-02/2026/09/20260907T155749Z-8808ed0c9a07.json.gz,2
who.gho.cm-02,CM_02:FRA:SEX_BTSX:AGEGROUP_MONTHS0-11,1975-01-01,2026-09-07T15:57:49Z,restated_at,2026-08-04,,who.gho.cm-02,raw/who.gho.cm-02/2026/09/20260907T155749Z-8808ed0c9a07.json.gz,2
who.gho.cm-02,CM_02:FRA:SEX_BTSX:AGEGROUP_MONTHS0-11,1975-01-01,2026-09-07T15:57:49Z,value,9494.0,,who.gho.cm-02,raw/who.gho.cm-02/2026/09/20260907T155749Z-8808ed0c9a07.json.gz,2
who.gho.cm-02,CM_02:FRA:SEX_FMLE:AGEGROUP_MONTHS0-11,1975-01-01,2026-09-07T15:54:17Z,high,4096.0,,who.gho.cm-02,raw/who.gho.cm-02/2026/09/20260907T155417Z-e87fb31944b5.json.gz,2
who.gho.cm-02,CM_02:FRA:SEX_FMLE:AGEGROUP_MONTHS0-11,1975-01-01,2026-09-07T15:54:17Z,low,3915.0,,who.gho.cm-02,raw/who.gho.cm-02/2026/09/20260907T155417Z-e87fb31944b5.json.gz,2
who.gho.cm-02,CM_02:FRA:SEX_FMLE:AGEGROUP_MONTHS0-11,1975-01-01,2026-09-07T15:54:17Z,restated_at,2026-08-04,,who.gho.cm-02,raw/who.gho.cm-02/2026/09/20260907T155417Z-e87fb31944b5.json.gz,2
who.gho.cm-02,CM_02:FRA:SEX_FMLE:AGEGROUP_MONTHS0-11,1975-01-01,2026-09-07T15:54:17Z,value,4004.0,,who.gho.cm-02,raw/who.gho.cm-02/2026/09/20260907T155417Z-e87fb31944b5.json.gz,2
who.gho.cm-02,CM_02:FRA:SEX_MLE:AGEGROUP_MONTHS0-11,1975-01-01,2026-09-07T15:52:26Z,high,5607.0,,who.gho.cm-02,raw/who.gho.cm-02/2026/09/20260907T155226Z-b536cc4a2b4c.json.gz,2
who.gho.cm-02,CM_02:FRA:SEX_MLE:AGEGROUP_MONTHS0-11,1975-01-01,2026-09-07T15:52:26Z,low,5378.0,,who.gho.cm-02,raw/who.gho.cm-02/2026/09/20260907T155226Z-b536cc4a2b4c.json.gz,2
who.gho.cm-02,CM_02:FRA:SEX_MLE:AGEGROUP_MONTHS0-11,1975-01-01,2026-09-07T15:52:26Z,restated_at,2026-08-04,,who.gho.cm-02,raw/who.gho.cm-02/2026/09/20260907T155226Z-b536cc4a2b4c.json.gz,2
who.gho.cm-02,CM_02:FRA:SEX_MLE:AGEGROUP_MONTHS0-11,1975-01-01,2026-09-07T15:52:26Z,value,5490.0,,who.gho.cm-02,raw/who.gho.cm-02/2026/09/20260907T155226Z-b536cc4a2b4c.json.gz,2
who.gho.cm-02,CM_02:FSM:SEX_BTSX:AGEGROUP_MONTHS0-11,1975-01-01,2026-09-07T15:57:17Z,high,202.0,,who.gho.cm-02,raw/who.gho.cm-02/2026/09/20260907T155717Z-89bc69b90b61.json.gz,2
who.gho.cm-02,CM_02:FSM:SEX_BTSX:AGEGROUP_MONTHS0-11,1975-01-01,2026-09-07T15:57:17Z,low,127.0,,who.gho.cm-02,raw/who.gho.cm-02/2026/09/20260907T155717Z-89bc69b90b61.json.gz,2
who.gho.cm-02,CM_02:FSM:SEX_BTSX:AGEGROUP_MONTHS0-11,1975-01-01,2026-09-07T15:57:17Z,restated_at,2026-08-04,,who.gho.cm-02,raw/who.gho.cm-02/2026/09/20260907T155717Z-89bc69b90b61.json.gz,2
who.gho.cm-02,CM_02:FSM:SEX_BTSX:AGEGROUP_MONTHS0-11,1975-01-01,2026-09-07T15:57:17Z,value,161.0,,who.gho.cm-02,raw/who.gho.cm-02/2026/09/20260907T155717Z-89bc69b90b61.json.gz,2
who.gho.cm-02,CM_02:FSM:SEX_FMLE:AGEGROUP_MONTHS0-11,1975-01-01,2026-09-07T15:51:44Z,high,87.0,,who.gho.cm-02,raw/who.gho.cm-02/2026/09/20260907T155144Z-505d97ce9093.json.gz,2
who.gho.cm-02,CM_02:FSM:SEX_FMLE:AGEGROUP_MONTHS0-11,1975-01-01,2026-09-07T15:51:44Z,low,54.0,,who.gho.cm-02,raw/who.gho.cm-02/2026/09/20260907T155144Z-505d97ce9093.json.gz,2
who.gho.cm-02,CM_02:FSM:SEX_FMLE:AGEGROUP_MONTHS0-11,1975-01-01,2026-09-07T15:51:44Z,restated_at,2026-08-04,,who.gho.cm-02,raw/who.gho.cm-02/2026/09/20260907T155144Z-505d97ce9093.json.gz,2
who.gho.cm-02,CM_02:FSM:SEX_FMLE:AGEGROUP_MONTHS0-11,1975-01-01,2026-09-07T15:51:44Z,value,69.0,,who.gho.cm-02,raw/who.gho.cm-02/2026/09/20260907T155144Z-505d97ce9093.json.gz,2
who.gho.cm-02,CM_02:FSM:SEX_MLE:AGEGROUP_MONTHS0-11,1975-01-01,2026-09-07T15:57:35Z,high,116.0,,who.gho.cm-02,raw/who.gho.cm-02/2026/09/20260907T155735Z-be5ff4c5352d.json.gz,2
who.gho.cm-02,CM_02:FSM:SEX_MLE:AGEGROUP_MONTHS0-11,1975-01-01,2026-09-07T15:57:35Z,low,73.0,,who.gho.cm-02,raw/who.gho.cm-02/2026/09/20260907T155735Z-be5ff4c5352d.json.gz,2
who.gho.cm-02,CM_02:FSM:SEX_MLE:AGEGROUP_MONTHS0-11,1975-01-01,2026-09-07T15:57:35Z,restated_at,2025-04-15,,who.gho.cm-02,raw/who.gho.cm-02/2026/09/20260907T155735Z-be5ff4c5352d.json.gz,2
who.gho.cm-02,CM_02:FSM:SEX_MLE:AGEGROUP_MONTHS0-11,1975-01-01,2026-09-07T15:57:35Z,value,92.0,,who.gho.cm-02,raw/who.gho.cm-02/2026/09/20260907T155735Z-be5ff4c5352d.json.gz,2
who.gho.cm-02,CM_02:GAB:SEX_BTSX:AGEGROUP_MONTHS0-11,1975-01-01,2026-09-07T15:57:12Z,high,2382.0,,who.gho.cm-02,raw/who.gho.cm-02/2026/09/20260907T155712Z-98aa519eeacd.json.gz,2
who.gho.cm-02,CM_02:GAB:SEX_BTSX:AGEGROUP_MONTHS0-11,1975-01-01,2026-09-07T15:57:12Z,low,1616.0,,who.gho.cm-02,raw/who.gho.cm-02/2026/09/20260907T155712Z-98aa519eeacd.json.gz,2
who.gho.cm-02,CM_02:GAB:SEX_BTSX:AGEGROUP_MONTHS0-11,1975-01-01,2026-09-07T15:57:12Z,restated_at,2026-08-04,,who.gho.cm-02,raw/who.gho.cm-02/2026/09/20260907T155712Z-98aa519eeacd.json.gz,2
who.gho.cm-02,CM_02:GAB:SEX_BTSX:AGEGROUP_MONTHS0-11,1975-01-01,2026-09-07T15:57:12Z,value,1944.0,,who.gho.cm-02,raw/who.gho.cm-02/2026/09/20260907T155712Z-98aa519eeacd.json.gz,2
who.gho.cm-02,CM_02:GAB:SEX_FMLE:AGEGROUP_MONTHS0-11,1975-01-01,2026-09-07T15:52:10Z,high,1065.0,,who.gho.cm-02,raw/who.gho.cm-02/2026/09/20260907T155210Z-c2e07328660e.json.gz,2
who.gho.cm-02,CM_02:GAB:SEX_FMLE:AGEGROUP_MONTHS0-11,1975-01-01,2026-09-07T15:52:10Z,low,710.0,,who.gho.cm-02,raw/who.gho.cm-02/2026/09/20260907T155210Z-c2e07328660e.json.gz,2
who.gho.cm-02,CM_02:GAB:SEX_FMLE:AGEGROUP_MONTHS0-11,1975-01-01,2026-09-07T15:52:10Z,restated_at,2026-08-04,,who.gho.cm-02,raw/who.gho.cm-02/2026/09/20260907T155210Z-c2e07328660e.json.gz,2
who.gho.cm-02,CM_02:GAB:SEX_FMLE:AGEGROUP_MONTHS0-11,1975-01-01,2026-09-07T15:52:10Z,value,864.0,,who.gho.cm-02,raw/who.gho.cm-02/2026/09/20260907T155210Z-c2e07328660e.json.gz,2
who.gho.cm-02,CM_02:GAB:SEX_MLE:AGEGROUP_MONTHS0-11,1975-01-01,2026-09-07T15:51:11Z,high,1324.0,,who.gho.cm-02,raw/who.gho.cm-02/2026/09/20260907T155111Z-17577dbcf352.json.gz,2
who.gho.cm-02,CM_02:GAB:SEX_MLE:AGEGROUP_MONTHS0-11,1975-01-01,2026-09-07T15:51:11Z,low,889.0,,who.gho.cm-02,raw/who.gho.cm-02/2026/09/20260907T155111Z-17577dbcf352.json.gz,2
who.gho.cm-02,CM_02:GAB:SEX_MLE:AGEGROUP_MONTHS0-11,1975-01-01,2026-09-07T15:51:11Z,restated_at,2026-08-04,,who.gho.cm-02,raw/who.gho.cm-02/2026/09/20260907T155111Z-17577dbcf352.json.gz,2
who.gho.cm-02,CM_02:GAB:SEX_MLE:AGEGROUP_MONTHS0-11,1975-01-01,2026-09-07T15:51:11Z,value,1080.0,,who.gho.cm-02,raw/who.gho.cm-02/2026/09/20260907T155111Z-17577dbcf352.json.gz,2
who.gho.cm-02,CM_02:GBR:SEX_BTSX:AGEGROUP_MONTHS0-11,1975-01-01,2026-09-07T15:57:44Z,high,11215.0,,who.gho.cm-02,raw/who.gho.cm-02/2026/09/20260907T155744Z-e141b36e0a87.json.gz,2
who.gho.cm-02,CM_02:GBR:SEX_BTSX:AGEGROUP_MONTHS0-11,1975-01-01,2026-09-07T15:57:44Z,low,10804.0,,who.gho.cm-02,raw/who.gho.cm-02/2026/09/20260907T155744Z-e141b36e0a87.json.gz,2
who.gho.cm-02,CM_02:GBR:SEX_BTSX:AGEGROUP_MONTHS0-11,1975-01-01,2026-09-07T15:57:44Z,restated_at,2026-08-04,,who.gho.cm-02,raw/who.gho.cm-02/2026/09/20260907T155744Z-e141b36e0a87.json.gz,2
who.gho.cm-02,CM_02:GBR:SEX_BTSX:AGEGROUP_MONTHS0-11,1975-01-01,2026-09-07T15:57:44Z,value,11010.0,,who.gho.cm-02,raw/who.gho.cm-02/2026/09/20260907T155744Z-e141b36e0a87.json.gz,2
who.gho.cm-02,CM_02:GBR:SEX_FMLE:AGEGROUP_MONTHS0-11,1975-01-01,2026-09-07T15:52:10Z,high,4772.0,,who.gho.cm-02,raw/who.gho.cm-02/2026/09/20260907T155210Z-c2e07328660e.json.gz,2
who.gho.cm-02,CM_02:GBR:SEX_FMLE:AGEGROUP_MONTHS0-11,1975-01-01,2026-09-07T15:52:10Z,low,4570.0,,who.gho.cm-02,raw/who.gho.cm-02/2026/09/20260907T155210Z-c2e07328660e.json.gz,2
who.gho.cm-02,CM_02:GBR:SEX_FMLE:AGEGROUP_MONTHS0-11,1975-01-01,2026-09-07T15:52:10Z,restated_at,2026-08-04,,who.gho.cm-02,raw/who.gho.cm-02/2026/09/20260907T155210Z-c2e07328660e.json.gz,2
who.gho.cm-02,CM_02:GBR:SEX_FMLE:AGEGROUP_MONTHS0-11,1975-01-01,2026-09-07T15:52:10Z,value,4667.0,,who.gho.cm-02,raw/who.gho.cm-02/2026/09/20260907T155210Z-c2e07328660e.json.gz,2
who.gho.cm-02,CM_02:GBR:SEX_MLE:AGEGROUP_MONTHS0-11,1975-01-01,2026-09-07T15:56:37Z,high,6472.0,,who.gho.cm-02,raw/who.gho.cm-02/2026/09/20260907T155637Z-c7bda929b138.json.gz,2
who.gho.cm-02,CM_02:GBR:SEX_MLE:AGEGROUP_MONTHS0-11,1975-01-01,2026-09-07T15:56:37Z,low,6215.0,,who.gho.cm-02,raw/who.gho.cm-02/2026/09/20260907T155637Z-c7bda929b138.json.gz,2
who.gho.cm-02,CM_02:GBR:SEX_MLE:AGEGROUP_MONTHS0-11,1975-01-01,2026-09-07T15:56:37Z,restated_at,2026-08-04,,who.gho.cm-02,raw/who.gho.cm-02/2026/09/20260907T155637Z-c7bda929b138.json.gz,2
who.gho.cm-02,CM_02:GBR:SEX_MLE:AGEGROUP_MONTHS0-11,1975-01-01,2026-09-07T15:56:37Z,value,6343.0,,who.gho.cm-02,raw/who.gho.cm-02/2026/09/20260907T155637Z-c7bda929b138.json.gz,2
who.gho.cm-02,CM_02:GHA:SEX_BTSX:AGEGROUP_MONTHS0-11,1975-01-01,2026-09-07T15:58:07Z,high,47688.0,,who.gho.cm-02,raw/who.gho.cm-02/2026/09/20260907T155807Z-33d1eb328c3d.json.gz,2
who.gho.cm-02,CM_02:GHA:SEX_BTSX:AGEGROUP_MONTHS0-11,1975-01-01,2026-09-07T15:58:07Z,low,44485.0,,who.gho.cm-02,raw/who.gho.cm-02/2026/09/20260907T155807Z-33d1eb328c3d.json.gz,2
who.gho.cm-02,CM_02:GHA:SEX_BTSX:AGEGROUP_MONTHS0-11,1975-01-01,2026-09-07T15:58:07Z,restated_at,2026-08-04,,who.gho.cm-02,raw/who.gho.cm-02/2026/09/20260907T155807Z-33d1eb328c3d.json.gz,2
who.gho.cm-02,CM_02:GHA:SEX_BTSX:AGEGROUP_MONTHS0-11,1975-01-01,2026-09-07T15:58:07Z,value,46063.0,,who.gho.cm-02,raw/who.gho.cm-02/2026/09/20260907T155807Z-33d1eb328c3d.json.gz,2
who.gho.cm-02,CM_02:GHA:SEX_FMLE:AGEGROUP_MONTHS0-11,1975-01-01,2026-09-07T15:58:20Z,high,21964.0,,who.gho.cm-02,raw/who.gho.cm-02/2026/09/20260907T155820Z-bace8014f904.json.gz,2
who.gho.cm-02,CM_02:GHA:SEX_FMLE:AGEGROUP_MONTHS0-11,1975-01-01,2026-09-07T15:58:20Z,low,19912.0,,who.gho.cm-02,raw/who.gho.cm-02/2026/09/20260907T155820Z-bace8014f904.json.gz,2
who.gho.cm-02,CM_02:GHA:SEX_FMLE:AGEGROUP_MONTHS0-11,1975-01-01,2026-09-07T15:58:20Z,restated_at,2026-08-04,,who.gho.cm-02,raw/who.gho.cm-02/2026/09/20260907T155820Z-bace8014f904.json.gz,2
who.gho.cm-02,CM_02:GHA:SEX_FMLE:AGEGROUP_MONTHS0-11,1975-01-01,2026-09-07T15:58:20Z,value,20923.0,,who.gho.cm-02,raw/who.gho.cm-02/2026/09/20260907T155820Z-bace8014f904.json.gz,2
who.gho.cm-02,CM_02:GHA:SEX_MLE:AGEGROUP_MONTHS0-11,1975-01-01,2026-09-07T15:58:20Z,high,26299.0,,who.gho.cm-02,raw/who.gho.cm-02/2026/09/20260907T155820Z-bace8014f904.json.gz,2
who.gho.cm-02,CM_02:GHA:SEX_MLE:AGEGROUP_MONTHS0-11,1975-01-01,2026-09-07T15:58:20Z,low,24022.0,,who.gho.cm-02,raw/who.gho.cm-02/2026/09/20260907T155820Z-bace8014f904.json.gz,2
who.gho.cm-02,CM_02:GHA:SEX_MLE:AGEGROUP_MONTHS0-11,1975-01-01,2026-09-07T15:58:20Z,restated_at,2026-08-04,,who.gho.cm-02,raw/who.gho.cm-02/2026/09/20260907T155820Z-bace8014f904.json.gz,2
who.gho.cm-02,CM_02:GHA:SEX_MLE:AGEGROUP_MONTHS0-11,1975-01-01,2026-09-07T15:58:20Z,value,25140.0,,who.gho.cm-02,raw/who.gho.cm-02/2026/09/20260907T155820Z-bace8014f904.json.gz,2
who.gho.cm-02,CM_02:GIN:SEX_BTSX:AGEGROUP_MONTHS0-11,1975-01-01,2026-09-07T15:51:01Z,high,38963.0,,who.gho.cm-02,raw/who.gho.cm-02/2026/09/20260907T155101Z-65d1a3fa0413.json.gz,2
who.gho.cm-02,CM_02:GIN:SEX_BTSX:AGEGROUP_MONTHS0-11,1975-01-01,2026-09-07T15:51:01Z,low,31967.0,,who.gho.cm-02,raw/who.gho.cm-02/2026/09/20260907T155101Z-65d1a3fa0413.json.gz,2
who.gho.cm-02,CM_02:GIN:SEX_BTSX:AGEGROUP_MONTHS0-11,1975-01-01,2026-09-07T15:51:01Z,restated_at,2026-08-04,,who.gho.cm-02,raw/who.gho.cm-02/2026/09/20260907T155101Z-65d1a3fa0413.json.gz,2
who.gho.cm-02,CM_02:GIN:SEX_BTSX:AGEGROUP_MONTHS0-11,1975-01-01,2026-09-07T15:51:01Z,value,35343.0,,who.gho.cm-02,raw/who.gho.cm-02/2026/09/20260907T155101Z-65d1a3fa0413.json.gz,2
who.gho.cm-02,CM_02:GIN:SEX_FMLE:AGEGROUP_MONTHS0-11,1975-01-01,2026-09-07T15:51:21Z,high,18044.0,,who.gho.cm-02,raw/who.gho.cm-02/2026/09/20260907T155121Z-1b14643329ca.json.gz,2
who.gho.cm-02,CM_02:GIN:SEX_FMLE:AGEGROUP_MONTHS0-11,1975-01-01,2026-09-07T15:51:21Z,low,14603.0,,who.gho.cm-02,raw/who.gho.cm-02/2026/09/20260907T155121Z-1b14643329ca.json.gz,2
who.gho.cm-02,CM_02:GIN:SEX_FMLE:AGEGROUP_MONTHS0-11,1975-01-01,2026-09-07T15:51:21Z,restated_at,2026-08-04,,who.gho.cm-02,raw/who.gho.cm-02/2026/09/20260907T155121Z-1b14643329ca.json.gz,2
who.gho.cm-02,CM_02:GIN:SEX_FMLE:AGEGROUP_MONTHS0-11,1975-01-01,2026-09-07T15:51:21Z,value,16248.0,,who.gho.cm-02,raw/who.gho.cm-02/2026/09/20260907T155121Z-1b14643329ca.json.gz,2
who.gho.cm-02,CM_02:GIN:SEX_MLE:AGEGROUP_MONTHS0-11,1975-01-01,2026-09-07T15:51:01Z,high,21142.0,,who.gho.cm-02,raw/who.gho.cm-02/2026/09/20260907T155101Z-65d1a3fa0413.json.gz,2
who.gho.cm-02,CM_02:GIN:SEX_MLE:AGEGROUP_MONTHS0-11,1975-01-01,2026-09-07T15:51:01Z,low,17199.0,,who.gho.cm-02,raw/who.gho.cm-02/2026/09/20260907T155101Z-65d1a3fa0413.json.gz,2
who.gho.cm-02,CM_02:GIN:SEX_MLE:AGEGROUP_MONTHS0-11,1975-01-01,2026-09-07T15:51:01Z,restated_at,2026-08-04,,who.gho.cm-02,raw/who.gho.cm-02/2026/09/20260907T155101Z-65d1a3fa0413.json.gz,2
who.gho.cm-02,CM_02:GIN:SEX_MLE:AGEGROUP_MONTHS0-11,1975-01-01,2026-09-07T15:51:01Z,value,19095.0,,who.gho.cm-02,raw/who.gho.cm-02/2026/09/20260907T155101Z-65d1a3fa0413.json.gz,2
who.gho.cm-02,CM_02:GMB:SEX_BTSX:AGEGROUP_MONTHS0-11,1975-01-01,2026-09-07T15:56:48Z,high,4295.0,,who.gho.cm-02,raw/who.gho.cm-02/2026/09/20260907T155648Z-e962102586d9.json.gz,2
who.gho.cm-02,CM_02:GMB:SEX_BTSX:AGEGROUP_MONTHS0-11,1975-01-01,2026-09-07T15:56:48Z,low,3330.0,,who.gho.cm-02,raw/who.gho.cm-02/2026/09/20260907T155648Z-e962102586d9.json.gz,2
who.gho.cm-02,CM_02:GMB:SEX_BTSX:AGEGROUP_MONTHS0-11,1975-01-01,2026-09-07T15:56:48Z,restated_at,2026-08-04,,who.gho.cm-02,raw/who.gho.cm-02/2026/09/20260907T155648Z-e962102586d9.json.gz,2
who.gho.cm-02,CM_02:GMB:SEX_BTSX:AGEGROUP_MONTHS0-11,1975-01-01,2026-09-07T15:56:48Z,value,3774.0,,who.gho.cm-02,raw/who.gho.cm-02/2026/09/20260907T155648Z-e962102586d9.json.gz,2
who.gho.cm-02,CM_02:GMB:SEX_FMLE:AGEGROUP_MONTHS0-11,1975-01-01,2026-09-07T15:51:05Z,high,1962.0,,who.gho.cm-02,raw/who.gho.cm-02/2026/09/20260907T155105Z-bd351d716a31.json.gz,2
who.gho.cm-02,CM_02:GMB:SEX_FMLE:AGEGROUP_MONTHS0-11,1975-01-01,2026-09-07T15:51:05Z,low,1483.0,,who.gho.cm-02,raw/who.gho.cm-02/2026/09/20260907T155105Z-bd351d716a31.json.gz,2
who.gho.cm-02,CM_02:GMB:SEX_FMLE:AGEGROUP_MONTHS0-11,1975-01-01,2026-09-07T15:51:05Z,restated_at,2026-08-04,,who.gho.cm-02,raw/who.gho.cm-02/2026/09/20260907T155105Z-bd351d716a31.json.gz,2
who.gho.cm-02,CM_02:GMB:SEX_FMLE:AGEGROUP_MONTHS0-11,1975-01-01,2026-09-07T15:51:05Z,value,1703.0,,who.gho.cm-02,raw/who.gho.cm-02/2026/09/20260907T155105Z-bd351d716a31.json.gz,2
who.gho.cm-02,CM_02:GMB:SEX_MLE:AGEGROUP_MONTHS0-11,1975-01-01,2026-09-07T15:51:01Z,high,2373.0,,who.gho.cm-02,raw/who.gho.cm-02/2026/09/20260907T155101Z-65d1a3fa0413.json.gz,2
who.gho.cm-02,CM_02:GMB:SEX_MLE:AGEGROUP_MONTHS0-11,1975-01-01,2026-09-07T15:51:01Z,low,1808.0,,who.gho.cm-02,raw/who.gho.cm-02/2026/09/20260907T155101Z-65d1a3fa0413.json.gz,2
who.gho.cm-02,CM_02:GMB:SEX_MLE:AGEGROUP_MONTHS0-11,1975-01-01,2026-09-07T15:51:01Z,restated_at,2026-08-04,,who.gho.cm-02,raw/who.gho.cm-02/2026/09/20260907T155101Z-65d1a3fa0413.json.gz,2
who.gho.cm-02,CM_02:GMB:SEX_MLE:AGEGROUP_MONTHS0-11,1975-01-01,2026-09-07T15:51:01Z,value,2071.0,,who.gho.cm-02,raw/who.gho.cm-02/2026/09/20260907T155101Z-65d1a3fa0413.json.gz,2
who.gho.cm-02,CM_02:GRC:SEX_BTSX:AGEGROUP_MONTHS0-11,1975-01-01,2026-09-07T15:51:30Z,high,3483.0,,who.gho.cm-02,raw/who.gho.cm-02/2026/09/20260907T155130Z-b74d44aee08e.json.gz,2
who.gho.cm-02,CM_02:GRC:SEX_BTSX:AGEGROUP_MONTHS0-11,1975-01-01,2026-09-07T15:51:30Z,low,3337.0,,who.gho.cm-02,raw/who.gho.cm-02/2026/09/20260907T155130Z-b74d44aee08e.json.gz,2
who.gho.cm-02,CM_02:GRC:SEX_BTSX:AGEGROUP_MONTHS0-11,1975-01-01,2026-09-07T15:51:30Z,restated_at,2026-08-04,,who.gho.cm-02,raw/who.gho.cm-02/2026/09/20260907T155130Z-b74d44aee08e.json.gz,2
who.gho.cm-02,CM_02:GRC:SEX_BTSX:AGEGROUP_MONTHS0-11,1975-01-01,2026-09-07T15:51:30Z,value,3408.0,,who.gho.cm-02,raw/who.gho.cm-02/2026/09/20260907T155130Z-b74d44aee08e.json.gz,2
who.gho.cm-02,CM_02:GRC:SEX_FMLE:AGEGROUP_MONTHS0-11,1975-01-01,2026-09-07T15:57:35Z,high,1515.0,,who.gho.cm-02,raw/who.gho.cm-02/2026/09/20260907T155735Z-be5ff4c5352d.json.gz,2
who.gho.cm-02,CM_02:GRC:SEX_FMLE:AGEGROUP_MONTHS0-11,1975-01-01,2026-09-07T15:57:35Z,low,1438.0,,who.gho.cm-02,raw/who.gho.cm-02/2026/09/20260907T155735Z-be5ff4c5352d.json.gz,2
who.gho.cm-02,CM_02:GRC:SEX_FMLE:AGEGROUP_MONTHS0-11,1975-01-01,2026-09-07T15:57:35Z,restated_at,2026-08-04,,who.gho.cm-02,raw/who.gho.cm-02/2026/09/20260907T155735Z-be5ff4c5352d.json.gz,2
who.gho.cm-02,CM_02:GRC:SEX_FMLE:AGEGROUP_MONTHS0-11,1975-01-01,2026-09-07T15:57:35Z,value,1475.0,,who.gho.cm-02,raw/who.gho.cm-02/2026/09/20260907T155735Z-be5ff4c5352d.json.gz,2
who.gho.cm-02,CM_02:GRC:SEX_MLE:AGEGROUP_MONTHS0-11,1975-01-01,2026-09-07T15:58:12Z,high,1983.0,,who.gho.cm-02,raw/who.gho.cm-02/2026/09/20260907T155812Z-02a2023435be.json.gz,2
who.gho.cm-02,CM_02:GRC:SEX_MLE:AGEGROUP_MONTHS0-11,1975-01-01,2026-09-07T15:58:12Z,low,1889.0,,who.gho.cm-02,raw/who.gho.cm-02/2026/09/20260907T155812Z-02a2023435be.json.gz,2
who.gho.cm-02,CM_02:GRC:SEX_MLE:AGEGROUP_MONTHS0-11,1975-01-01,2026-09-07T15:58:12Z,restated_at,2026-08-04,,who.gho.cm-02,raw/who.gho.cm-02/2026/09/20260907T155812Z-02a2023435be.json.gz,2
who.gho.cm-02,CM_02:GRC:SEX_MLE:AGEGROUP_MONTHS0-11,1975-01-01,2026-09-07T15:58:12Z,value,1933.0,,who.gho.cm-02,raw/who.gho.cm-02/2026/09/20260907T155812Z-02a2023435be.json.gz,2
who.gho.cm-02,CM_02:GRD:SEX_BTSX:AGEGROUP_MONTHS0-11,1975-01-01,2026-09-07T15:58:25Z,high,103.0,,who.gho.cm-02,raw/who.gho.cm-02/2026/09/20260907T155825Z-6675ad1e3bc7.json.gz,2
who.gho.cm-02,CM_02:GRD:SEX_BTSX:AGEGROUP_MONTHS0-11,1975-01-01,2026-09-07T15:58:25Z,low,81.0,,who.gho.cm-02,raw/who.gho.cm-02/2026/09/20260907T155825Z-6675ad1e3bc7.json.gz,2
who.gho.cm-02,CM_02:GRD:SEX_BTSX:AGEGROUP_MONTHS0-11,1975-01-01,2026-09-07T15:58:25Z,restated_at,2025-04-15,,who.gho.cm-02,raw/who.gho.cm-02/2026/09/20260907T155825Z-6675ad1e3bc7.json.gz,2
who.gho.cm-02,CM_02:GRD:SEX_BTSX:AGEGROUP_MONTHS0-11,1975-01-01,2026-09-07T15:58:25Z,value,91.0,,who.gho.cm-02,raw/who.gho.cm-02/2026/09/20260907T155825Z-6675ad1e3bc7.json.gz,2
who.gho.cm-02,CM_02:GRD:SEX_FMLE:AGEGROUP_MONTHS0-11,1975-01-01,2026-09-07T15:54:17Z,high,47.0,,who.gho.cm-02,raw/who.gho.cm-02/2026/09/20260907T155417Z-e87fb31944b5.json.gz,2
who.gho.cm-02,CM_02:GRD:SEX_FMLE:AGEGROUP_MONTHS0-11,1975-01-01,2026-09-07T15:54:17Z,low,36.0,,who.gho.cm-02,raw/who.gho.cm-02/2026/09/20260907T155417Z-e87fb31944b5.json.gz,2
who.gho.cm-02,CM_02:GRD:SEX_FMLE:AGEGROUP_MONTHS0-11,1975-01-01,2026-09-07T15:54:17Z,restated_at,2025-04-15,,who.gho.cm-02,raw/who.gho.cm-02/2026/09/20260907T155417Z-e87fb31944b5.json.gz,2
who.gho.cm-02,CM_02:GRD:SEX_FMLE:AGEGROUP_MONTHS0-11,1975-01-01,2026-09-07T15:54:17Z,value,42.0,,who.gho.cm-02,raw/who.gho.cm-02/2026/09/20260907T155417Z-e87fb31944b5.json.gz,2
who.gho.cm-02,CM_02:GRD:SEX_MLE:AGEGROUP_MONTHS0-11,1975-01-01,2026-09-07T15:50:57Z,high,57.0,,who.gho.cm-02,raw/who.gho.cm-02/2026/09/20260907T155057Z-e03fd9f60113.json.gz,2
who.gho.cm-02,CM_02:GRD:SEX_MLE:AGEGROUP_MONTHS0-11,1975-01-01,2026-09-07T15:50:57Z,low,44.0,,who.gho.cm-02,raw/who.gho.cm-02/2026/09/20260907T155057Z-e03fd9f60113.json.gz,2
who.gho.cm-02,CM_02:GRD:SEX_MLE:AGEGROUP_MONTHS0-11,1975-01-01,2026-09-07T15:50:57Z,restated_at,2025-04-15,,who.gho.cm-02,raw/who.gho.cm-02/2026/09/20260907T155057Z-e03fd9f60113.json.gz,2
who.gho.cm-02,CM_02:GRD:SEX_MLE:AGEGROUP_MONTHS0-11,1975-01-01,2026-09-07T15:50:57Z,value,49.0,,who.gho.cm-02,raw/who.gho.cm-02/2026/09/20260907T155057Z-e03fd9f60113.json.gz,2
who.gho.cm-02,CM_02:GTM:SEX_BTSX:AGEGROUP_MONTHS0-11,1975-01-01,2026-09-07T15:57:59Z,high,29752.0,,who.gho.cm-02,raw/who.gho.cm-02/2026/09/20260907T155759Z-531ca935f713.json.gz,2
who.gho.cm-02,CM_02:GTM:SEX_BTSX:AGEGROUP_MONTHS0-11,1975-01-01,2026-09-07T15:57:59Z,low,25804.0,,who.gho.cm-02,raw/who.gho.cm-02/2026/09/20260907T155759Z-531ca935f713.json.gz,2
who.gho.cm-02,CM_02:GTM:SEX_BTSX:AGEGROUP_MONTHS0-11,1975-01-01,2026-09-07T15:57:59Z,restated_at,2026-08-04,,who.gho.cm-02,raw/who.gho.cm-02/2026/09/20260907T155759Z-531ca935f713.json.gz,2
who.gho.cm-02,CM_02:GTM:SEX_BTSX:AGEGROUP_MONTHS0-11,1975-01-01,2026-09-07T15:57:59Z,value,27705.0,,who.gho.cm-02,raw/who.gho.cm-02/2026/09/20260907T155759Z-531ca935f713.json.gz,2
who.gho.cm-02,CM_02:GTM:SEX_FMLE:AGEGROUP_MONTHS0-11,1975-01-01,2026-09-07T15:52:37Z,high,13484.0,,who.gho.cm-02,raw/who.gho.cm-02/2026/09/20260907T155237Z-35c7d31783eb.json.gz,2
who.gho.cm-02,CM_02:GTM:SEX_FMLE:AGEGROUP_MONTHS0-11,1975-01-01,2026-09-07T15:52:37Z,low,11547.0,,who.gho.cm-02,raw/who.gho.cm-02/2026/09/20260907T155237Z-35c7d31783eb.json.gz,2
who.gho.cm-02,CM_02:GTM:SEX_FMLE:AGEGROUP_MONTHS0-11,1975-01-01,2026-09-07T15:52:37Z,restated_at,2026-08-04,,who.gho.cm-02,raw/who.gho.cm-02/2026/09/20260907T155237Z-35c7d31783eb.json.gz,2
who.gho.cm-02,CM_02:GTM:SEX_FMLE:AGEGROUP_MONTHS0-11,1975-01-01,2026-09-07T15:52:37Z,value,12479.0,,who.gho.cm-02,raw/who.gho.cm-02/2026/09/20260907T155237Z-35c7d31783eb.json.gz,2
who.gho.cm-02,CM_02:GTM:SEX_MLE:AGEGROUP_MONTHS0-11,1975-01-01,2026-09-07T15:51:21Z,high,16429.0,,who.gho.cm-02,raw/who.gho.cm-02/2026/09/20260907T155121Z-1b14643329ca.json.gz,2
who.gho.cm-02,CM_02:GTM:SEX_MLE:AGEGROUP_MONTHS0-11,1975-01-01,2026-09-07T15:51:21Z,low,14141.0,,who.gho.cm-02,raw/who.gho.cm-02/2026/09/20260907T155121Z-1b14643329ca.json.gz,2
who.gho.cm-02,CM_02:GTM:SEX_MLE:AGEGROUP_MONTHS0-11,1975-01-01,2026-09-07T15:51:21Z,restated_at,2026-08-04,,who.gho.cm-02,raw/who.gho.cm-02/2026/09/20260907T155121Z-1b14643329ca.json.gz,2
who.gho.cm-02,CM_02:GTM:SEX_MLE:AGEGROUP_MONTHS0-11,1975-01-01,2026-09-07T15:51:21Z,value,15226.0,,who.gho.cm-02,raw/who.gho.cm-02/2026/09/20260907T155121Z-1b14643329ca.json.gz,2
who.gho.cm-02,CM_02:GUY:SEX_BTSX:AGEGROUP_MONTHS0-11,1975-01-01,2026-09-07T15:51:21Z,high,1768.0,,who.gho.cm-02,raw/who.gho.cm-02/2026/09/20260907T155121Z-1b14643329ca.json.gz,2
who.gho.cm-02,CM_02:GUY:SEX_BTSX:AGEGROUP_MONTHS0-11,1975-01-01,2026-09-07T15:51:21Z,low,1314.0,,who.gho.cm-02,raw/who.gho.cm-02/2026/09/20260907T155121Z-1b14643329ca.json.gz,2
who.gho.cm-02,CM_02:GUY:SEX_BTSX:AGEGROUP_MONTHS0-11,1975-01-01,2026-09-07T15:51:21Z,restated_at,2026-08-04,,who.gho.cm-02,raw/who.gho.cm-02/2026/09/20260907T155121Z-1b14643329ca.json.gz,2
who.gho.cm-02,CM_02:GUY:SEX_BTSX:AGEGROUP_MONTHS0-11,1975-01-01,2026-09-07T15:51:21Z,value,1521.0,,who.gho.cm-02,raw/who.gho.cm-02/2026/09/20260907T155121Z-1b14643329ca.json.gz,2
who.gho.cm-02,CM_02:GUY:SEX_FMLE:AGEGROUP_MONTHS0-11,1975-01-01,2026-09-07T15:58:25Z,high,765.0,,who.gho.cm-02,raw/who.gho.cm-02/2026/09/20260907T155825Z-6675ad1e3bc7.json.gz,2
who.gho.cm-02,CM_02:GUY:SEX_FMLE:AGEGROUP_MONTHS0-11,1975-01-01,2026-09-07T15:58:25Z,low,559.0,,who.gho.cm-02,raw/who.gho.cm-02/2026/09/20260907T155825Z-6675ad1e3bc7.json.gz,2
who.gho.cm-02,CM_02:GUY:SEX_FMLE:AGEGROUP_MONTHS0-11,1975-01-01,2026-09-07T15:58:25Z,restated_at,2026-08-04,,who.gho.cm-02,raw/who.gho.cm-02/2026/09/20260907T155825Z-6675ad1e3bc7.json.gz,2
who.gho.cm-02,CM_02:GUY:SEX_FMLE:AGEGROUP_MONTHS0-11,1975-01-01,2026-09-07T15:58:25Z,value,654.0,,who.gho.cm-02,raw/who.gho.cm-02/2026/09/20260907T155825Z-6675ad1e3bc7.json.gz,2
who.gho.cm-02,CM_02:GUY:SEX_MLE:AGEGROUP_MONTHS0-11,1975-01-01,2026-09-07T15:58:12Z,high,1013.0,,who.gho.cm-02,raw/who.gho.cm-02/2026/09/20260907T155812Z-02a2023435be.json.gz,2
who.gho.cm-02,CM_02:GUY:SEX_MLE:AGEGROUP_MONTHS0-11,1975-01-01,2026-09-07T15:58:12Z,low,744.0,,who.gho.cm-02,raw/who.gho.cm-02/2026/09/20260907T155812Z-02a2023435be.json.gz,2
who.gho.cm-02,CM_02:GUY:SEX_MLE:AGEGROUP_MONTHS0-11,1975-01-01,2026-09-07T15:58:12Z,restated_at,2026-08-04,,who.gho.cm-02,raw/who.gho.cm-02/2026/09/20260907T155812Z-02a2023435be.json.gz,2
who.gho.cm-02,CM_02:GUY:SEX_MLE:AGEGROUP_MONTHS0-11,1975-01-01,2026-09-07T15:58:12Z,value,867.0,,who.gho.cm-02,raw/who.gho.cm-02/2026/09/20260907T155812Z-02a2023435be.json.gz,2
who.gho.cm-02,CM_02:HND:SEX_BTSX:AGEGROUP_MONTHS0-11,1975-01-01,2026-09-07T15:58:12Z,high,13725.0,,who.gho.cm-02,raw/who.gho.cm-02/2026/09/20260907T155812Z-02a2023435be.json.gz,2
who.gho.cm-02,CM_02:HND:SEX_BTSX:AGEGROUP_MONTHS0-11,1975-01-01,2026-09-07T15:58:12Z,low,11420.0,,who.gho.cm-02,raw/who.gho.cm-02/2026/09/20260907T155812Z-02a2023435be.json.gz,2
who.gho.cm-02,CM_02:HND:SEX_BTSX:AGEGROUP_MONTHS0-11,1975-01-01,2026-09-07T15:58:12Z,restated_at,2026-08-04,,who.gho.cm-02,raw/who.gho.cm-02/2026/09/20260907T155812Z-02a2023435be.json.gz,2
who.gho.cm-02,CM_02:HND:SEX_BTSX:AGEGROUP_MONTHS0-11,1975-01-01,2026-09-07T15:58:12Z,value,12447.0,,who.gho.cm-02,raw/who.gho.cm-02/2026/09/20260907T155812Z-02a2023435be.json.gz,2
who.gho.cm-02,CM_02:HND:SEX_FMLE:AGEGROUP_MONTHS0-11,1975-01-01,2026-09-07T15:57:21Z,high,6052.0,,who.gho.cm-02,raw/who.gho.cm-02/2026/09/20260907T155721Z-a2b5c178c29b.json.gz,2
who.gho.cm-02,CM_02:HND:SEX_FMLE:AGEGROUP_MONTHS0-11,1975-01-01,2026-09-07T15:57:21Z,low,4948.0,,who.gho.cm-02,raw/who.gho.cm-02/2026/09/20260907T155721Z-a2b5c178c29b.json.gz,2
who.gho.cm-02,CM_02:HND:SEX_FMLE:AGEGROUP_MONTHS0-11,1975-01-01,2026-09-07T15:57:21Z,restated_at,2026-08-04,,who.gho.cm-02,raw/who.gho.cm-02/2026/09/20260907T155721Z-a2b5c178c29b.json.gz,2
who.gho.cm-02,CM_02:HND:SEX_FMLE:AGEGROUP_MONTHS0-11,1975-01-01,2026-09-07T15:57:21Z,value,5441.0,,who.gho.cm-02,raw/who.gho.cm-02/2026/09/20260907T155721Z-a2b5c178c29b.json.gz,2
who.gho.cm-02,CM_02:HND:SEX_MLE:AGEGROUP_MONTHS0-11,1975-01-01,2026-09-07T15:51:50Z,high,7765.0,,who.gho.cm-02,raw/who.gho.cm-02/2026/09/20260907T155150Z-b2442ef3f6e6.json.gz,2
who.gho.cm-02,CM_02:HND:SEX_MLE:AGEGROUP_MONTHS0-11,1975-01-01,2026-09-07T15:51:50Z,low,6384.0,,who.gho.cm-02,raw/who.gho.cm-02/2026/09/20260907T155150Z-b2442ef3f6e6.json.gz,2
who.gho.cm-02,CM_02:HND:SEX_MLE:AGEGROUP_MONTHS0-11,1975-01-01,2026-09-07T15:51:50Z,restated_at,2026-08-04,,who.gho.cm-02,raw/who.gho.cm-02/2026/09/20260907T155150Z-b2442ef3f6e6.json.gz,2
who.gho.cm-02,CM_02:HND:SEX_MLE:AGEGROUP_MONTHS0-11,1975-01-01,2026-09-07T15:51:50Z,value,7006.0,,who.gho.cm-02,raw/who.gho.cm-02/2026/09/20260907T155150Z-b2442ef3f6e6.json.gz,2
who.gho.cm-02,CM_02:HTI:SEX_BTSX:AGEGROUP_MONTHS0-11,1975-01-01,2026-09-07T15:51:01Z,high,32354.0,,who.gho.cm-02,raw/who.gho.cm-02/2026/09/20260907T155101Z-65d1a3fa0413.json.gz,2
who.gho.cm-02,CM_02:HTI:SEX_BTSX:AGEGROUP_MONTHS0-11,1975-01-01,2026-09-07T15:51:01Z,low,27542.0,,who.gho.cm-02,raw/who.gho.cm-02/2026/09/20260907T155101Z-65d1a3fa0413.json.gz,2
who.gho.cm-02,CM_02:HTI:SEX_BTSX:AGEGROUP_MONTHS0-11,1975-01-01,2026-09-07T15:51:01Z,restated_at,2026-08-04,,who.gho.cm-02,raw/who.gho.cm-02/2026/09/20260907T155101Z-65d1a3fa0413.json.gz,2
who.gho.cm-02,CM_02:HTI:SEX_BTSX:AGEGROUP_MONTHS0-11,1975-01-01,2026-09-07T15:51:01Z,value,29819.0,,who.gho.cm-02,raw/who.gho.cm-02/2026/09/20260907T155101Z-65d1a3fa0413.json.gz,2
who.gho.cm-02,CM_02:HTI:SEX_FMLE:AGEGROUP_MONTHS0-11,1975-01-01,2026-09-07T15:51:44Z,high,14847.0,,who.gho.cm-02,raw/who.gho.cm-02/2026/09/20260907T155144Z-505d97ce9093.json.gz,2
who.gho.cm-02,CM_02:HTI:SEX_FMLE:AGEGROUP_MONTHS0-11,1975-01-01,2026-09-07T15:51:44Z,low,12446.0,,who.gho.cm-02,raw/who.gho.cm-02/2026/09/20260907T155144Z-505d97ce9093.json.gz,2
who.gho.cm-02,CM_02:HTI:SEX_FMLE:AGEGROUP_MONTHS0-11,1975-01-01,2026-09-07T15:51:44Z,restated_at,2026-08-04,,who.gho.cm-02,raw/who.gho.cm-02/2026/09/20260907T155144Z-505d97ce9093.json.gz,2
who.gho.cm-02,CM_02:HTI:SEX_FMLE:AGEGROUP_MONTHS0-11,1975-01-01,2026-09-07T15:51:44Z,value,13599.0,,who.gho.cm-02,raw/who.gho.cm-02/2026/09/20260907T155144Z-505d97ce9093.json.gz,2
who.gho.cm-02,CM_02:HTI:SEX_MLE:AGEGROUP_MONTHS0-11,1975-01-01,2026-09-07T15:57:35Z,high,17680.0,,who.gho.cm-02,raw/who.gho.cm-02/2026/09/20260907T155735Z-be5ff4c5352d.json.gz,2
who.gho.cm-02,CM_02:HTI:SEX_MLE:AGEGROUP_MONTHS0-11,1975-01-01,2026-09-07T15:57:35Z,low,14914.0,,who.gho.cm-02,raw/who.gho.cm-02/2026/09/20260907T155735Z-be5ff4c5352d.json.gz,2
who.gho.cm-02,CM_02:HTI:SEX_MLE:AGEGROUP_MONTHS0-11,1975-01-01,2026-09-07T15:57:35Z,restated_at,2026-08-04,,who.gho.cm-02,raw/who.gho.cm-02/2026/09/20260907T155735Z-be5ff4c5352d.json.gz,2
who.gho.cm-02,CM_02:HTI:SEX_MLE:AGEGROUP_MONTHS0-11,1975-01-01,2026-09-07T15:57:35Z,value,16220.0,,who.gho.cm-02,raw/who.gho.cm-02/2026/09/20260907T155735Z-be5ff4c5352d.json.gz,2
who.gho.cm-02,CM_02:HUN:SEX_BTSX:AGEGROUP_MONTHS0-11,1975-01-01,2026-09-07T15:58:20Z,high,6238.0,,who.gho.cm-02,raw/who.gho.cm-02/2026/09/20260907T155820Z-bace8014f904.json.gz,2
who.gho.cm-02,CM_02:HUN:SEX_BTSX:AGEGROUP_MONTHS0-11,1975-01-01,2026-09-07T15:58:20Z,low,5945.0,,who.gho.cm-02,raw/who.gho.cm-02/2026/09/20260907T155820Z-bace8014f904.json.gz,2
who.gho.cm-02,CM_02:HUN:SEX_BTSX:AGEGROUP_MONTHS0-11,1975-01-01,2026-09-07T15:58:20Z,restated_at,2026-08-04,,who.gho.cm-02,raw/who.gho.cm-02/2026/09/20260907T155820Z-bace8014f904.json.gz,2
who.gho.cm-02,CM_02:HUN:SEX_BTSX:AGEGROUP_MONTHS0-11,1975-01-01,2026-09-07T15:58:20Z,value,6087.0,,who.gho.cm-02,raw/who.gho.cm-02/2026/09/20260907T155820Z-bace8014f904.json.gz,2
who.gho.cm-02,CM_02:HUN:SEX_FMLE:AGEGROUP_MONTHS0-11,1975-01-01,2026-09-07T15:57:30Z,high,2692.0,,who.gho.cm-02,raw/who.gho.cm-02/2026/09/20260907T155730Z-1fe49c27b9ed.json.gz,2
who.gho.cm-02,CM_02:HUN:SEX_FMLE:AGEGROUP_MONTHS0-11,1975-01-01,2026-09-07T15:57:30Z,low,2547.0,,who.gho.cm-02,raw/who.gho.cm-02/2026/09/20260907T155730Z-1fe49c27b9ed.json.gz,2
who.gho.cm-02,CM_02:HUN:SEX_FMLE:AGEGROUP_MONTHS0-11,1975-01-01,2026-09-07T15:57:30Z,restated_at,2026-08-04,,who.gho.cm-02,raw/who.gho.cm-02/2026/09/20260907T155730Z-1fe49c27b9ed.json.gz,2
who.gho.cm-02,CM_02:HUN:SEX_FMLE:AGEGROUP_MONTHS0-11,1975-01-01,2026-09-07T15:57:30Z,value,2617.0,,who.gho.cm-02,raw/who.gho.cm-02/2026/09/20260907T155730Z-1fe49c27b9ed.json.gz,2
who.gho.cm-02,CM_02:HUN:SEX_MLE:AGEGROUP_MONTHS0-11,1975-01-01,2026-09-07T15:51:05Z,high,3565.0,,who.gho.cm-02,raw/who.gho.cm-02/2026/09/20260907T155105Z-bd351d716a31.json.gz,2
who.gho.cm-02,CM_02:HUN:SEX_MLE:AGEGROUP_MONTHS0-11,1975-01-01,2026-09-07T15:51:05Z,low,3384.0,,who.gho.cm-02,raw/who.gho.cm-02/2026/09/20260907T155105Z-bd351d716a31.json.gz,2
who.gho.cm-02,CM_02:HUN:SEX_MLE:AGEGROUP_MONTHS0-11,1975-01-01,2026-09-07T15:51:05Z,restated_at,2026-08-04,,who.gho.cm-02,raw/who.gho.cm-02/2026/09/20260907T155105Z-bd351d716a31.json.gz,2
who.gho.cm-02,CM_02:HUN:SEX_MLE:AGEGROUP_MONTHS0-11,1975-01-01,2026-09-07T15:51:05Z,value,3470.0,,who.gho.cm-02,raw/who.gho.cm-02/2026/09/20260907T155105Z-bd351d716a31.json.gz,2
who.gho.cm-02,CM_02:IDN:SEX_BTSX:AGEGROUP_MONTHS0-11,1975-01-01,2026-09-07T15:57:07Z,high,487343.0,,who.gho.cm-02,raw/who.gho.cm-02/2026/09/20260907T155707Z-3cd3e5b56c9f.json.gz,2
who.gho.cm-02,CM_02:IDN:SEX_BTSX:AGEGROUP_MONTHS0-11,1975-01-01,2026-09-07T15:57:07Z,low,436496.0,,who.gho.cm-02,raw/who.gho.cm-02/2026/09/20260907T155707Z-3cd3e5b56c9f.json.gz,2
who.gho.cm-02,CM_02:IDN:SEX_BTSX:AGEGROUP_MONTHS0-11,1975-01-01,2026-09-07T15:57:07Z,restated_at,2026-08-04,,who.gho.cm-02,raw/who.gho.cm-02/2026/09/20260907T155707Z-3cd3e5b56c9f.json.gz,2
who.gho.cm-02,CM_02:IDN:SEX_BTSX:AGEGROUP_MONTHS0-11,1975-01-01,2026-09-07T15:57:07Z,value,461071.0,,who.gho.cm-02,raw/who.gho.cm-02/2026/09/20260907T155707Z-3cd3e5b56c9f.json.gz,2
who.gho.cm-02,CM_02:IDN:SEX_FMLE:AGEGROUP_MONTHS0-11,1975-01-01,2026-09-07T15:57:30Z,high,209506.0,,who.gho.cm-02,raw/who.gho.cm-02/2026/09/20260907T155730Z-1fe49c27b9ed.json.gz,2
who.gho.cm-02,CM_02:IDN:SEX_FMLE:AGEGROUP_MONTHS0-11,1975-01-01,2026-09-07T15:57:30Z,low,185597.0,,who.gho.cm-02,raw/who.gho.cm-02/2026/09/20260907T155730Z-1fe49c27b9ed.json.gz,2
who.gho.cm-02,CM_02:IDN:SEX_FMLE:AGEGROUP_MONTHS0-11,1975-01-01,2026-09-07T15:57:30Z,restated_at,2026-08-04,,who.gho.cm-02,raw/who.gho.cm-02/2026/09/20260907T155730Z-1fe49c27b9ed.json.gz,2
who.gho.cm-02,CM_02:IDN:SEX_FMLE:AGEGROUP_MONTHS0-11,1975-01-01,2026-09-07T15:57:30Z,value,197118.0,,who.gho.cm-02,raw/who.gho.cm-02/2026/09/20260907T155730Z-1fe49c27b9ed.json.gz,2
who.gho.cm-02,CM_02:IDN:SEX_MLE:AGEGROUP_MONTHS0-11,1975-01-01,2026-09-07T15:52:37Z,high,280022.0,,who.gho.cm-02,raw/who.gho.cm-02/2026/09/20260907T155237Z-35c7d31783eb.json.gz,2
who.gho.cm-02,CM_02:IDN:SEX_MLE:AGEGROUP_MONTHS0-11,1975-01-01,2026-09-07T15:52:37Z,low,248870.0,,who.gho.cm-02,raw/who.gho.cm-02/2026/09/20260907T155237Z-35c7d31783eb.json.gz,2
who.gho.cm-02,CM_02:IDN:SEX_MLE:AGEGROUP_MONTHS0-11,1975-01-01,2026-09-07T15:52:37Z,restated_at,2026-08-04,,who.gho.cm-02,raw/who.gho.cm-02/2026/09/20260907T155237Z-35c7d31783eb.json.gz,2
who.gho.cm-02,CM_02:IDN:SEX_MLE:AGEGROUP_MONTHS0-11,1975-01-01,2026-09-07T15:52:37Z,value,263953.0,,who.gho.cm-02,raw/who.gho.cm-02/2026/09/20260907T155237Z-35c7d31783eb.json.gz,2
who.gho.cm-02,CM_02:IND:SEX_BTSX:AGEGROUP_MONTHS0-11,1975-01-01,2026-09-07T15:51:30Z,high,2968226.0,,who.gho.cm-02,raw/who.gho.cm-02/2026/09/20260907T155130Z-b74d44aee08e.json.gz,2
who.gho.cm-02,CM_02:IND:SEX_BTSX:AGEGROUP_MONTHS0-11,1975-01-01,2026-09-07T15:51:30Z,low,2719129.0,,who.gho.cm-02,raw/who.gho.cm-02/2026/09/20260907T155130Z-b74d44aee08e.json.gz,2
who.gho.cm-02,CM_02:IND:SEX_BTSX:AGEGROUP_MONTHS0-11,1975-01-01,2026-09-07T15:51:30Z,restated_at,2026-08-04,,who.gho.cm-02,raw/who.gho.cm-02/2026/09/20260907T155130Z-b74d44aee08e.json.gz,2
who.gho.cm-02,CM_02:IND:SEX_BTSX:AGEGROUP_MONTHS0-11,1975-01-01,2026-09-07T15:51:30Z,value,2836755.0,,who.gho.cm-02,raw/who.gho.cm-02/2026/09/20260907T155130Z-b74d44aee08e.json.gz,2
who.gho.cm-02,CM_02:IND:SEX_FMLE:AGEGROUP_MONTHS0-11,1975-01-01,2026-09-07T15:57:17Z,high,1404106.0,,who.gho.cm-02,raw/who.gho.cm-02/2026/09/20260907T155717Z-89bc69b90b61.json.gz,2
who.gho.cm-02,CM_02:IND:SEX_FMLE:AGEGROUP_MONTHS0-11,1975-01-01,2026-09-07T15:57:17Z,low,1276215.0,,who.gho.cm-02,raw/who.gho.cm-02/2026/09/20260907T155717Z-89bc69b90b61.json.gz,2
who.gho.cm-02,CM_02:IND:SEX_FMLE:AGEGROUP_MONTHS0-11,1975-01-01,2026-09-07T15:57:17Z,restated_at,2026-08-04,,who.gho.cm-02,raw/who.gho.cm-02/2026/09/20260907T155717Z-89bc69b90b61.json.gz,2
who.gho.cm-02,CM_02:IND:SEX_FMLE:AGEGROUP_MONTHS0-11,1975-01-01,2026-09-07T15:57:17Z,value,1337162.0,,who.gho.cm-02,raw/who.gho.cm-02/2026/09/20260907T155717Z-89bc69b90b61.json.gz,2
who.gho.cm-02,CM_02:IND:SEX_MLE:AGEGROUP_MONTHS0-11,1975-01-01,2026-09-07T15:53:02Z,high,1573339.0,,who.gho.cm-02,raw/who.gho.cm-02/2026/09/20260907T155302Z-206bb5f6993f.json.gz,2
who.gho.cm-02,CM_02:IND:SEX_MLE:AGEGROUP_MONTHS0-11,1975-01-01,2026-09-07T15:53:02Z,low,1433208.0,,who.gho.cm-02,raw/who.gho.cm-02/2026/09/20260907T155302Z-206bb5f6993f.json.gz,2
who.gho.cm-02,CM_02:IND:SEX_MLE:AGEGROUP_MONTHS0-11,1975-01-01,2026-09-07T15:53:02Z,restated_at,2026-08-04,,who.gho.cm-02,raw/who.gho.cm-02/2026/09/20260907T155302Z-206bb5f6993f.json.gz,2
who.gho.cm-02,CM_02:IND:SEX_MLE:AGEGROUP_MONTHS0-11,1975-01-01,2026-09-07T15:53:02Z,value,1499593.0,,who.gho.cm-02,raw/who.gho.cm-02/2026/09/20260907T155302Z-206bb5f6993f.json.gz,2
who.gho.cm-02,CM_02:IRL:SEX_BTSX:AGEGROUP_MONTHS0-11,1975-01-01,2026-09-07T15:57:59Z,high,1169.0,,who.gho.cm-02,raw/who.gho.cm-02/2026/09/20260907T155759Z-531ca935f713.json.gz,2
who.gho.cm-02,CM_02:IRL:SEX_BTSX:AGEGROUP_MONTHS0-11,1975-01-01,2026-09-07T15:57:59Z,low,1117.0,,who.gho.cm-02,raw/who.gho.cm-02/2026/09/20260907T155759Z-531ca935f713.json.gz,2
who.gho.cm-02,CM_02:IRL:SEX_BTSX:AGEGROUP_MONTHS0-11,1975-01-01,2026-09-07T15:57:59Z,restated_at,2026-08-04,,who.gho.cm-02,raw/who.gho.cm-02/2026/09/20260907T155759Z-531ca935f713.json.gz,2
who.gho.cm-02,CM_02:IRL:SEX_BTSX:AGEGROUP_MONTHS0-11,1975-01-01,2026-09-07T15:57:59Z,value,1142.0,,who.gho.cm-02,raw/who.gho.cm-02/2026/09/20260907T155759Z-531ca935f713.json.gz,2
who.gho.cm-02,CM_02:IRL:SEX_FMLE:AGEGROUP_MONTHS0-11,1975-01-01,2026-09-07T15:57:12Z,high,506.0,,who.gho.cm-02,raw/who.gho.cm-02/2026/09/20260907T155712Z-98aa519eeacd.json.gz,2
who.gho.cm-02,CM_02:IRL:SEX_FMLE:AGEGROUP_MONTHS0-11,1975-01-01,2026-09-07T15:57:12Z,low,477.0,,who.gho.cm-02,raw/who.gho.cm-02/2026/09/20260907T155712Z-98aa519eeacd.json.gz,2
who.gho.cm-02,CM_02:IRL:SEX_FMLE:AGEGROUP_MONTHS0-11,1975-01-01,2026-09-07T15:57:12Z,restated_at,2025-04-15,,who.gho.cm-02,raw/who.gho.cm-02/2026/09/20260907T155712Z-98aa519eeacd.json.gz,2
who.gho.cm-02,CM_02:IRL:SEX_FMLE:AGEGROUP_MONTHS0-11,1975-01-01,2026-09-07T15:57:12Z,value,491.0,,who.gho.cm-02,raw/who.gho.cm-02/2026/09/20260907T155712Z-98aa519eeacd.json.gz,2
who.gho.cm-02,CM_02:IRL:SEX_MLE:AGEGROUP_MONTHS0-11,1975-01-01,2026-09-07T15:58:25Z,high,670.0,,who.gho.cm-02,raw/who.gho.cm-02/2026/09/20260907T155825Z-6675ad1e3bc7.json.gz,2
who.gho.cm-02,CM_02:IRL:SEX_MLE:AGEGROUP_MONTHS0-11,1975-01-01,2026-09-07T15:58:25Z,low,634.0,,who.gho.cm-02,raw/who.gho.cm-02/2026/09/20260907T155825Z-6675ad1e3bc7.json.gz,2
who.gho.cm-02,CM_02:IRL:SEX_MLE:AGEGROUP_MONTHS0-11,1975-01-01,2026-09-07T15:58:25Z,restated_at,2026-08-04,,who.gho.cm-02,raw/who.gho.cm-02/2026/09/20260907T155825Z-6675ad1e3bc7.json.gz,2
who.gho.cm-02,CM_02:IRL:SEX_MLE:AGEGROUP_MONTHS0-11,1975-01-01,2026-09-07T15:58:25Z,value,651.0,,who.gho.cm-02,raw/who.gho.cm-02/2026/09/20260907T155825Z-6675ad1e3bc7.json.gz,2
who.gho.cm-02,CM_02:IRN:SEX_BTSX:AGEGROUP_MONTHS0-11,1975-01-01,2026-09-07T15:58:16Z,high,178805.0,,who.gho.cm-02,raw/who.gho.cm-02/2026/09/20260907T155816Z-99a1a16a015f.json.gz,2
who.gho.cm-02,CM_02:IRN:SEX_BTSX:AGEGROUP_MONTHS0-11,1975-01-01,2026-09-07T15:58:16Z,low,140700.0,,who.gho.cm-02,raw/who.gho.cm-02/2026/09/20260907T155816Z-99a1a16a015f.json.gz,2
who.gho.cm-02,CM_02:IRN:SEX_BTSX:AGEGROUP_MONTHS0-11,1975-01-01,2026-09-07T15:58:16Z,restated_at,2026-08-04,,who.gho.cm-02,raw/who.gho.cm-02/2026/09/20260907T155816Z-99a1a16a015f.json.gz,2
who.gho.cm-02,CM_02:IRN:SEX_BTSX:AGEGROUP_MONTHS0-11,1975-01-01,2026-09-07T15:58:16Z,value,158626.0,,who.gho.cm-02,raw/who.gho.cm-02/2026/09/20260907T155816Z-99a1a16a015f.json.gz,2
who.gho.cm-02,CM_02:IRN:SEX_FMLE:AGEGROUP_MONTHS0-11,1975-01-01,2026-09-07T15:51:54Z,high,85098.0,,who.gho.cm-02,raw/who.gho.cm-02/2026/09/20260907T155154Z-820134cf428b.json.gz,2
who.gho.cm-02,CM_02:IRN:SEX_FMLE:AGEGROUP_MONTHS0-11,1975-01-01,2026-09-07T15:51:54Z,low,66308.0,,who.gho.cm-02,raw/who.gho.cm-02/2026/09/20260907T155154Z-820134cf428b.json.gz,2
who.gho.cm-02,CM_02:IRN:SEX_FMLE:AGEGROUP_MONTHS0-11,1975-01-01,2026-09-07T15:51:54Z,restated_at,2026-08-04,,who.gho.cm-02,raw/who.gho.cm-02/2026/09/20260907T155154Z-820134cf428b.json.gz,2
who.gho.cm-02,CM_02:IRN:SEX_FMLE:AGEGROUP_MONTHS0-11,1975-01-01,2026-09-07T15:51:54Z,value,75143.0,,who.gho.cm-02,raw/who.gho.cm-02/2026/09/20260907T155154Z-820134cf428b.json.gz,2
who.gho.cm-02,CM_02:IRN:SEX_MLE:AGEGROUP_MONTHS0-11,1975-01-01,2026-09-07T15:52:03Z,high,94699.0,,who.gho.cm-02,raw/who.gho.cm-02/2026/09/20260907T155203Z-07dabadb5738.json.gz,2
who.gho.cm-02,CM_02:IRN:SEX_MLE:AGEGROUP_MONTHS0-11,1975-01-01,2026-09-07T15:52:03Z,low,73768.0,,who.gho.cm-02,raw/who.gho.cm-02/2026/09/20260907T155203Z-07dabadb5738.json.gz,2
who.gho.cm-02,CM_02:IRN:SEX_MLE:AGEGROUP_MONTHS0-11,1975-01-01,2026-09-07T15:52:03Z,restated_at,2026-08-04,,who.gho.cm-02,raw/who.gho.cm-02/2026/09/20260907T155203Z-07dabadb5738.json.gz,2
who.gho.cm-02,CM_02:IRN:SEX_MLE:AGEGROUP_MONTHS0-11,1975-01-01,2026-09-07T15:52:03Z,value,83483.0,,who.gho.cm-02,raw/who.gho.cm-02/2026/09/20260907T155203Z-07dabadb5738.json.gz,2
who.gho.cm-02,CM_02:IRQ:SEX_BTSX:AGEGROUP_MONTHS0-11,1975-01-01,2026-09-07T15:56:27Z,high,37533.0,,who.gho.cm-02,raw/who.gho.cm-02/2026/09/20260907T155627Z-19eb4e6c1215.json.gz,2
who.gho.cm-02,CM_02:IRQ:SEX_BTSX:AGEGROUP_MONTHS0-11,1975-01-01,2026-09-07T15:56:27Z,low,30773.0,,who.gho.cm-02,raw/who.gho.cm-02/2026/09/20260907T155627Z-19eb4e6c1215.json.gz,2
who.gho.cm-02,CM_02:IRQ:SEX_BTSX:AGEGROUP_MONTHS0-11,1975-01-01,2026-09-07T15:56:27Z,restated_at,2026-08-04,,who.gho.cm-02,raw/who.gho.cm-02/2026/09/20260907T155627Z-19eb4e6c1215.json.gz,2
who.gho.cm-02,CM_02:IRQ:SEX_BTSX:AGEGROUP_MONTHS0-11,1975-01-01,2026-09-07T15:56:27Z,value,33964.0,,who.gho.cm-02,raw/who.gho.cm-02/2026/09/20260907T155627Z-19eb4e6c1215.json.gz,2
who.gho.cm-02,CM_02:IRQ:SEX_FMLE:AGEGROUP_MONTHS0-11,1975-01-01,2026-09-07T15:56:55Z,high,17040.0,,who.gho.cm-02,raw/who.gho.cm-02/2026/09/20260907T155655Z-a5ea76265971.json.gz,2
who.gho.cm-02,CM_02:IRQ:SEX_FMLE:AGEGROUP_MONTHS0-11,1975-01-01,2026-09-07T15:56:55Z,low,13719.0,,who.gho.cm-02,raw/who.gho.cm-02/2026/09/20260907T155655Z-a5ea76265971.json.gz,2
who.gho.cm-02,CM_02:IRQ:SEX_FMLE:AGEGROUP_MONTHS0-11,1975-01-01,2026-09-07T15:56:55Z,restated_at,2026-08-04,,who.gho.cm-02,raw/who.gho.cm-02/2026/09/20260907T155655Z-a5ea76265971.json.gz,2
who.gho.cm-02,CM_02:IRQ:SEX_FMLE:AGEGROUP_MONTHS0-11,1975-01-01,2026-09-07T15:56:55Z,value,15292.0,,who.gho.cm-02,raw/who.gho.cm-02/2026/09/20260907T155655Z-a5ea76265971.json.gz,2
who.gho.cm-02,CM_02:IRQ:SEX_MLE:AGEGROUP_MONTHS0-11,1975-01-01,2026-09-07T15:50:57Z,high,20773.0,,who.gho.cm-02,raw/who.gho.cm-02/2026/09/20260907T155057Z-e03fd9f60113.json.gz,2
who.gho.cm-02,CM_02:IRQ:SEX_MLE:AGEGROUP_MONTHS0-11,1975-01-01,2026-09-07T15:50:57Z,low,16816.0,,who.gho.cm-02,raw/who.gho.cm-02/2026/09/20260907T155057Z-e03fd9f60113.json.gz,2
who.gho.cm-02,CM_02:IRQ:SEX_MLE:AGEGROUP_MONTHS0-11,1975-01-01,2026-09-07T15:50:57Z,restated_at,2026-08-04,,who.gho.cm-02,raw/who.gho.cm-02/2026/09/20260907T155057Z-e03fd9f60113.json.gz,2
who.gho.cm-02,CM_02:IRQ:SEX_MLE:AGEGROUP_MONTHS0-11,1975-01-01,2026-09-07T15:50:57Z,value,18672.0,,who.gho.cm-02,raw/who.gho.cm-02/2026/09/20260907T155057Z-e03fd9f60113.json.gz,2
who.gho.cm-02,CM_02:ISL:SEX_BTSX:AGEGROUP_MONTHS0-11,1975-01-01,2026-09-07T15:57:17Z,high,48.0,,who.gho.cm-02,raw/who.gho.cm-02/2026/09/20260907T155717Z-89bc69b90b61.json.gz,2
who.gho.cm-02,CM_02:ISL:SEX_BTSX:AGEGROUP_MONTHS0-11,1975-01-01,2026-09-07T15:57:17Z,low,42.0,,who.gho.cm-02,raw/who.gho.cm-02/2026/09/20260907T155717Z-89bc69b90b61.json.gz,2
who.gho.cm-02,CM_02:ISL:SEX_BTSX:AGEGROUP_MONTHS0-11,1975-01-01,2026-09-07T15:57:17Z,restated_at,2025-04-15,,who.gho.cm-02,raw/who.gho.cm-02/2026/09/20260907T155717Z-89bc69b90b61.json.gz,2
who.gho.cm-02,CM_02:ISL:SEX_BTSX:AGEGROUP_MONTHS0-11,1975-01-01,2026-09-07T15:57:17Z,value,45.0,,who.gho.cm-02,raw/who.gho.cm-02/2026/09/20260907T155717Z-89bc69b90b61.json.gz,2
who.gho.cm-02,CM_02:ISL:SEX_FMLE:AGEGROUP_MONTHS0-11,1975-01-01,2026-09-07T15:51:21Z,high,21.0,,who.gho.cm-02,raw/who.gho.cm-02/2026/09/20260907T155121Z-1b14643329ca.json.gz,2
who.gho.cm-02,CM_02:ISL:SEX_FMLE:AGEGROUP_MONTHS0-11,1975-01-01,2026-09-07T15:51:21Z,low,18.0,,who.gho.cm-02,raw/who.gho.cm-02/2026/09/20260907T155121Z-1b14643329ca.json.gz,2
who.gho.cm-02,CM_02:ISL:SEX_FMLE:AGEGROUP_MONTHS0-11,1975-01-01,2026-09-07T15:51:21Z,restated_at,2026-08-04,,who.gho.cm-02,raw/who.gho.cm-02/2026/09/20260907T155121Z-1b14643329ca.json.gz,2
who.gho.cm-02,CM_02:ISL:SEX_FMLE:AGEGROUP_MONTHS0-11,1975-01-01,2026-09-07T15:51:21Z,value,19.0,,who.gho.cm-02,raw/who.gho.cm-02/2026/09/20260907T155121Z-1b14643329ca.json.gz,2
who.gho.cm-02,CM_02:ISL:SEX_MLE:AGEGROUP_MONTHS0-11,1975-01-01,2026-09-07T15:51:44Z,high,28.0,,who.gho.cm-02,raw/who.gho.cm-02/2026/09/20260907T155144Z-505d97ce9093.json.gz,2
who.gho.cm-02,CM_02:ISL:SEX_MLE:AGEGROUP_MONTHS0-11,1975-01-01,2026-09-07T15:51:44Z,low,24.0,,who.gho.cm-02,raw/who.gho.cm-02/2026/09/20260907T155144Z-505d97ce9093.json.gz,2
who.gho.cm-02,CM_02:ISL:SEX_MLE:AGEGROUP_MONTHS0-11,1975-01-01,2026-09-07T15:51:44Z,restated_at,2026-08-04,,who.gho.cm-02,raw/who.gho.cm-02/2026/09/20260907T155144Z-505d97ce9093.json.gz,2
who.gho.cm-02,CM_02:ISL:SEX_MLE:AGEGROUP_MONTHS0-11,1975-01-01,2026-09-07T15:51:44Z,value,26.0,,who.gho.cm-02,raw/who.gho.cm-02/2026/09/20260907T155144Z-505d97ce9093.json.gz,2
who.gho.cm-02,CM_02:ISR:SEX_BTSX:AGEGROUP_MONTHS0-11,1975-01-01,2026-09-07T15:58:25Z,high,1963.0,,who.gho.cm-02,raw/who.gho.cm-02/2026/09/20260907T155825Z-6675ad1e3bc7.json.gz,2
who.gho.cm-02,CM_02:ISR:SEX_BTSX:AGEGROUP_MONTHS0-11,1975-01-01,2026-09-07T15:58:25Z,low,1836.0,,who.gho.cm-02,raw/who.gho.cm-02/2026/09/20260907T155825Z-6675ad1e3bc7.json.gz,2
who.gho.cm-02,CM_02:ISR:SEX_BTSX:AGEGROUP_MONTHS0-11,1975-01-01,2026-09-07T15:58:25Z,restated_at,2026-08-04,,who.gho.cm-02,raw/who.gho.cm-02/2026/09/20260907T155825Z-6675ad1e3bc7.json.gz,2
who.gho.cm-02,CM_02:ISR:SEX_BTSX:AGEGROUP_MONTHS0-11,1975-01-01,2026-09-07T15:58:25Z,value,1895.0,,who.gho.cm-02,raw/who.gho.cm-02/2026/09/20260907T155825Z-6675ad1e3bc7.json.gz,2
who.gho.cm-02,CM_02:ISR:SEX_FMLE:AGEGROUP_MONTHS0-11,1975-01-01,2026-09-07T15:57:44Z,high,875.0,,who.gho.cm-02,raw/who.gho.cm-02/2026/09/20260907T155744Z-e141b36e0a87.json.gz,2
who.gho.cm-02,CM_02:ISR:SEX_FMLE:AGEGROUP_MONTHS0-11,1975-01-01,2026-09-07T15:57:44Z,low,811.0,,who.gho.cm-02,raw/who.gho.cm-02/2026/09/20260907T155744Z-e141b36e0a87.json.gz,2
who.gho.cm-02,CM_02:ISR:SEX_FMLE:AGEGROUP_MONTHS0-11,1975-01-01,2026-09-07T15:57:44Z,restated_at,2026-08-04,,who.gho.cm-02,raw/who.gho.cm-02/2026/09/20260907T155744Z-e141b36e0a87.json.gz,2
who.gho.cm-02,CM_02:ISR:SEX_FMLE:AGEGROUP_MONTHS0-11,1975-01-01,2026-09-07T15:57:44Z,value,842.0,,who.gho.cm-02,raw/who.gho.cm-02/2026/09/20260907T155744Z-e141b36e0a87.json.gz,2
who.gho.cm-02,CM_02:ISR:SEX_MLE:AGEGROUP_MONTHS0-11,1975-01-01,2026-09-07T15:51:44Z,high,1096.0,,who.gho.cm-02,raw/who.gho.cm-02/2026/09/20260907T155144Z-505d97ce9093.json.gz,2
who.gho.cm-02,CM_02:ISR:SEX_MLE:AGEGROUP_MONTHS0-11,1975-01-01,2026-09-07T15:51:44Z,low,1017.0,,who.gho.cm-02,raw/who.gho.cm-02/2026/09/20260907T155144Z-505d97ce9093.json.gz,2
who.gho.cm-02,CM_02:ISR:SEX_MLE:AGEGROUP_MONTHS0-11,1975-01-01,2026-09-07T15:51:44Z,restated_at,2026-08-04,,who.gho.cm-02,raw/who.gho.cm-02/2026/09/20260907T155144Z-505d97ce9093.json.gz,2
who.gho.cm-02,CM_02:ISR:SEX_MLE:AGEGROUP_MONTHS0-11,1975-01-01,2026-09-07T15:51:44Z,value,1053.0,,who.gho.cm-02,raw/who.gho.cm-02/2026/09/20260907T155144Z-505d97ce9093.json.gz,2
who.gho.cm-02,CM_02:ITA:SEX_BTSX:AGEGROUP_MONTHS0-11,1975-01-01,2026-09-07T15:57:26Z,high,17595.0,,who.gho.cm-02,raw/who.gho.cm-02/2026/09/20260907T155726Z-31d0241a6d30.json.gz,2
who.gho.cm-02,CM_02:ITA:SEX_BTSX:AGEGROUP_MONTHS0-11,1975-01-01,2026-09-07T15:57:26Z,low,16931.0,,who.gho.cm-02,raw/who.gho.cm-02/2026/09/20260907T155726Z-31d0241a6d30.json.gz,2
who.gho.cm-02,CM_02:ITA:SEX_BTSX:AGEGROUP_MONTHS0-11,1975-01-01,2026-09-07T15:57:26Z,restated_at,2026-08-04,,who.gho.cm-02,raw/who.gho.cm-02/2026/09/20260907T155726Z-31d0241a6d30.json.gz,2
who.gho.cm-02,CM_02:ITA:SEX_BTSX:AGEGROUP_MONTHS0-11,1975-01-01,2026-09-07T15:57:26Z,value,17255.0,,who.gho.cm-02,raw/who.gho.cm-02/2026/09/20260907T155726Z-31d0241a6d30.json.gz,2
who.gho.cm-02,CM_02:ITA:SEX_FMLE:AGEGROUP_MONTHS0-11,1975-01-01,2026-09-07T15:51:44Z,high,7560.0,,who.gho.cm-02,raw/who.gho.cm-02/2026/09/20260907T155144Z-505d97ce9093.json.gz,2
who.gho.cm-02,CM_02:ITA:SEX_FMLE:AGEGROUP_MONTHS0-11,1975-01-01,2026-09-07T15:51:44Z,low,7242.0,,who.gho.cm-02,raw/who.gho.cm-02/2026/09/20260907T155144Z-505d97ce9093.json.gz,2
who.gho.cm-02,CM_02:ITA:SEX_FMLE:AGEGROUP_MONTHS0-11,1975-01-01,2026-09-07T15:51:44Z,restated_at,2026-08-04,,who.gho.cm-02,raw/who.gho.cm-02/2026/09/20260907T155144Z-505d97ce9093.json.gz,2
who.gho.cm-02,CM_02:ITA:SEX_FMLE:AGEGROUP_MONTHS0-11,1975-01-01,2026-09-07T15:51:44Z,value,7393.0,,who.gho.cm-02,raw/who.gho.cm-02/2026/09/20260907T155144Z-505d97ce9093.json.gz,2
who.gho.cm-02,CM_02:ITA:SEX_MLE:AGEGROUP_MONTHS0-11,1975-01-01,2026-09-07T15:52:37Z,high,10070.0,,who.gho.cm-02,raw/who.gho.cm-02/2026/09/20260907T155237Z-35c7d31783eb.json.gz,2
who.gho.cm-02,CM_02:ITA:SEX_MLE:AGEGROUP_MONTHS0-11,1975-01-01,2026-09-07T15:52:37Z,low,9664.0,,who.gho.cm-02,raw/who.gho.cm-02/2026/09/20260907T155237Z-35c7d31783eb.json.gz,2
who.gho.cm-02,CM_02:ITA:SEX_MLE:AGEGROUP_MONTHS0-11,1975-01-01,2026-09-07T15:52:37Z,restated_at,2026-08-04,,who.gho.cm-02,raw/who.gho.cm-02/2026/09/20260907T155237Z-35c7d31783eb.json.gz,2
who.gho.cm-02,CM_02:ITA:SEX_MLE:AGEGROUP_MONTHS0-11,1975-01-01,2026-09-07T15:52:37Z,value,9862.0,,who.gho.cm-02,raw/who.gho.cm-02/2026/09/20260907T155237Z-35c7d31783eb.json.gz,2
who.gho.cm-02,CM_02:JAM:SEX_BTSX:AGEGROUP_MONTHS0-11,1975-01-01,2026-09-07T15:57:49Z,high,2758.0,,who.gho.cm-02,raw/who.gho.cm-02/2026/09/20260907T155749Z-8808ed0c9a07.json.gz,2
who.gho.cm-02,CM_02:JAM:SEX_BTSX:AGEGROUP_MONTHS0-11,1975-01-01,2026-09-07T15:57:49Z,low,1983.0,,who.gho.cm-02,raw/who.gho.cm-02/2026/09/20260907T155749Z-8808ed0c9a07.json.gz,2
who.gho.cm-02,CM_02:JAM:SEX_BTSX:AGEGROUP_MONTHS0-11,1975-01-01,2026-09-07T15:57:49Z,restated_at,2026-08-04,,who.gho.cm-02,raw/who.gho.cm-02/2026/09/20260907T155749Z-8808ed0c9a07.json.gz,2
who.gho.cm-02,CM_02:JAM:SEX_BTSX:AGEGROUP_MONTHS0-11,1975-01-01,2026-09-07T15:57:49Z,value,2340.0,,who.gho.cm-02,raw/who.gho.cm-02/2026/09/20260907T155749Z-8808ed0c9a07.json.gz,2
who.gho.cm-02,CM_02:JAM:SEX_FMLE:AGEGROUP_MONTHS0-11,1975-01-01,2026-09-07T15:57:40Z,high,1205.0,,who.gho.cm-02,raw/who.gho.cm-02/2026/09/20260907T155740Z-31068700a25d.json.gz,2
who.gho.cm-02,CM_02:JAM:SEX_FMLE:AGEGROUP_MONTHS0-11,1975-01-01,2026-09-07T15:57:40Z,low,851.0,,who.gho.cm-02,raw/who.gho.cm-02/2026/09/20260907T155740Z-31068700a25d.json.gz,2
who.gho.cm-02,CM_02:JAM:SEX_FMLE:AGEGROUP_MONTHS0-11,1975-01-01,2026-09-07T15:57:40Z,restated_at,2026-08-04,,who.gho.cm-02,raw/who.gho.cm-02/2026/09/20260907T155740Z-31068700a25d.json.gz,2
who.gho.cm-02,CM_02:JAM:SEX_FMLE:AGEGROUP_MONTHS0-11,1975-01-01,2026-09-07T15:57:40Z,value,1015.0,,who.gho.cm-02,raw/who.gho.cm-02/2026/09/20260907T155740Z-31068700a25d.json.gz,2
who.gho.cm-02,CM_02:JAM:SEX_MLE:AGEGROUP_MONTHS0-11,1975-01-01,2026-09-07T15:51:25Z,high,1564.0,,who.gho.cm-02,raw/who.gho.cm-02/2026/09/20260907T155125Z-b41e2575e826.json.gz,2
who.gho.cm-02,CM_02:JAM:SEX_MLE:AGEGROUP_MONTHS0-11,1975-01-01,2026-09-07T15:51:25Z,low,1120.0,,who.gho.cm-02,raw/who.gho.cm-02/2026/09/20260907T155125Z-b41e2575e826.json.gz,2
who.gho.cm-02,CM_02:JAM:SEX_MLE:AGEGROUP_MONTHS0-11,1975-01-01,2026-09-07T15:51:25Z,restated_at,2026-08-04,,who.gho.cm-02,raw/who.gho.cm-02/2026/09/20260907T155125Z-b41e2575e826.json.gz,2
who.gho.cm-02,CM_02:JAM:SEX_MLE:AGEGROUP_MONTHS0-11,1975-01-01,2026-09-07T15:51:25Z,value,1325.0,,who.gho.cm-02,raw/who.gho.cm-02/2026/09/20260907T155125Z-b41e2575e826.json.gz,2
who.gho.cm-02,CM_02:JOR:SEX_BTSX:AGEGROUP_MONTHS0-11,1975-01-01,2026-09-07T15:57:54Z,high,5384.0,,who.gho.cm-02,raw/who.gho.cm-02/2026/09/20260907T155754Z-3bea881db2b4.json.gz,2
who.gho.cm-02,CM_02:JOR:SEX_BTSX:AGEGROUP_MONTHS0-11,1975-01-01,2026-09-07T15:57:54Z,low,4686.0,,who.gho.cm-02,raw/who.gho.cm-02/2026/09/20260907T155754Z-3bea881db2b4.json.gz,2
who.gho.cm-02,CM_02:JOR:SEX_BTSX:AGEGROUP_MONTHS0-11,1975-01-01,2026-09-07T15:57:54Z,restated_at,2026-08-04,,who.gho.cm-02,raw/who.gho.cm-02/2026/09/20260907T155754Z-3bea881db2b4.json.gz,2
who.gho.cm-02,CM_02:JOR:SEX_BTSX:AGEGROUP_MONTHS0-11,1975-01-01,2026-09-07T15:57:54Z,value,5017.0,,who.gho.cm-02,raw/who.gho.cm-02/2026/09/20260907T155754Z-3bea881db2b4.json.gz,2
who.gho.cm-02,CM_02:JOR:SEX_FMLE:AGEGROUP_MONTHS0-11,1975-01-01,2026-09-07T15:52:10Z,high,2600.0,,who.gho.cm-02,raw/who.gho.cm-02/2026/09/20260907T155210Z-c2e07328660e.json.gz,2
who.gho.cm-02,CM_02:JOR:SEX_FMLE:AGEGROUP_MONTHS0-11,1975-01-01,2026-09-07T15:52:10Z,low,2238.0,,who.gho.cm-02,raw/who.gho.cm-02/2026/09/20260907T155210Z-c2e07328660e.json.gz,2
who.gho.cm-02,CM_02:JOR:SEX_FMLE:AGEGROUP_MONTHS0-11,1975-01-01,2026-09-07T15:52:10Z,restated_at,2026-08-04,,who.gho.cm-02,raw/who.gho.cm-02/2026/09/20260907T155210Z-c2e07328660e.json.gz,2
who.gho.cm-02,CM_02:JOR:SEX_FMLE:AGEGROUP_MONTHS0-11,1975-01-01,2026-09-07T15:52:10Z,value,2410.0,,who.gho.cm-02,raw/who.gho.cm-02/2026/09/20260907T155210Z-c2e07328660e.json.gz,2
who.gho.cm-02,CM_02:JOR:SEX_MLE:AGEGROUP_MONTHS0-11,1975-01-01,2026-09-07T15:51:40Z,high,2809.0,,who.gho.cm-02,raw/who.gho.cm-02/2026/09/20260907T155140Z-2ccf90b4d287.json.gz,2
who.gho.cm-02,CM_02:JOR:SEX_MLE:AGEGROUP_MONTHS0-11,1975-01-01,2026-09-07T15:51:40Z,low,2421.0,,who.gho.cm-02,raw/who.gho.cm-02/2026/09/20260907T155140Z-2ccf90b4d287.json.gz,2
who.gho.cm-02,CM_02:JOR:SEX_MLE:AGEGROUP_MONTHS0-11,1975-01-01,2026-09-07T15:51:40Z,restated_at,2026-08-04,,who.gho.cm-02,raw/who.gho.cm-02/2026/09/20260907T155140Z-2ccf90b4d287.json.gz,2
who.gho.cm-02,CM_02:JOR:SEX_MLE:AGEGROUP_MONTHS0-11,1975-01-01,2026-09-07T15:51:40Z,value,2607.0,,who.gho.cm-02,raw/who.gho.cm-02/2026/09/20260907T155140Z-2ccf90b4d287.json.gz,2
who.gho.cm-02,CM_02:JPN:SEX_BTSX:AGEGROUP_MONTHS0-11,1975-01-01,2026-09-07T15:57:35Z,high,20791.0,,who.gho.cm-02,raw/who.gho.cm-02/2026/09/20260907T155735Z-be5ff4c5352d.json.gz,2
who.gho.cm-02,CM_02:JPN:SEX_BTSX:AGEGROUP_MONTHS0-11,1975-01-01,2026-09-07T15:57:35Z,low,20023.0,,who.gho.cm-02,raw/who.gho.cm-02/2026/09/20260907T155735Z-be5ff4c5352d.json.gz,2
who.gho.cm-02,CM_02:JPN:SEX_BTSX:AGEGROUP_MONTHS0-11,1975-01-01,2026-09-07T15:57:35Z,restated_at,2026-08-04,,who.gho.cm-02,raw/who.gho.cm-02/2026/09/20260907T155735Z-be5ff4c5352d.json.gz,2
who.gho.cm-02,CM_02:JPN:SEX_BTSX:AGEGROUP_MONTHS0-11,1975-01-01,2026-09-07T15:57:35Z,value,20395.0,,who.gho.cm-02,raw/who.gho.cm-02/2026/09/20260907T155735Z-be5ff4c5352d.json.gz,2
who.gho.cm-02,CM_02:JPN:SEX_FMLE:AGEGROUP_MONTHS0-11,1975-01-01,2026-09-07T15:56:48Z,high,8810.0,,who.gho.cm-02,raw/who.gho.cm-02/2026/09/20260907T155648Z-e962102586d9.json.gz,2
who.gho.cm-02,CM_02:JPN:SEX_FMLE:AGEGROUP_MONTHS0-11,1975-01-01,2026-09-07T15:56:48Z,low,8449.0,,who.gho.cm-02,raw/who.gho.cm-02/2026/09/20260907T155648Z-e962102586d9.json.gz,2
who.gho.cm-02,CM_02:JPN:SEX_FMLE:AGEGROUP_MONTHS0-11,1975-01-01,2026-09-07T15:56:48Z,restated_at,2026-08-04,,who.gho.cm-02,raw/who.gho.cm-02/2026/09/20260907T155648Z-e962102586d9.json.gz,2
who.gho.cm-02,CM_02:JPN:SEX_FMLE:AGEGROUP_MONTHS0-11,1975-01-01,2026-09-07T15:56:48Z,value,8619.0,,who.gho.cm-02,raw/who.gho.cm-02/2026/09/20260907T155648Z-e962102586d9.json.gz,2
who.gho.cm-02,CM_02:JPN:SEX_MLE:AGEGROUP_MONTHS0-11,1975-01-01,2026-09-07T15:57:26Z,high,12025.0,,who.gho.cm-02,raw/who.gho.cm-02/2026/09/20260907T155726Z-31d0241a6d30.json.gz,2
who.gho.cm-02,CM_02:JPN:SEX_MLE:AGEGROUP_MONTHS0-11,1975-01-01,2026-09-07T15:57:26Z,low,11559.0,,who.gho.cm-02,raw/who.gho.cm-02/2026/09/20260907T155726Z-31d0241a6d30.json.gz,2
who.gho.cm-02,CM_02:JPN:SEX_MLE:AGEGROUP_MONTHS0-11,1975-01-01,2026-09-07T15:57:26Z,restated_at,2026-08-04,,who.gho.cm-02,raw/who.gho.cm-02/2026/09/20260907T155726Z-31d0241a6d30.json.gz,2
who.gho.cm-02,CM_02:JPN:SEX_MLE:AGEGROUP_MONTHS0-11,1975-01-01,2026-09-07T15:57:26Z,value,11776.0,,who.gho.cm-02,raw/who.gho.cm-02/2026/09/20260907T155726Z-31d0241a6d30.json.gz,2
who.gho.cm-02,CM_02:KAZ:SEX_BTSX:AGEGROUP_MONTHS0-11,1975-01-01,2026-09-07T15:51:54Z,high,27880.0,,who.gho.cm-02,raw/who.gho.cm-02/2026/09/20260907T155154Z-820134cf428b.json.gz,2
who.gho.cm-02,CM_02:KAZ:SEX_BTSX:AGEGROUP_MONTHS0-11,1975-01-01,2026-09-07T15:51:54Z,low,20863.0,,who.gho.cm-02,raw/who.gho.cm-02/2026/09/20260907T155154Z-820134cf428b.json.gz,2
who.gho.cm-02,CM_02:KAZ:SEX_BTSX:AGEGROUP_MONTHS0-11,1975-01-01,2026-09-07T15:51:54Z,restated_at,2026-08-04,,who.gho.cm-02,raw/who.gho.cm-02/2026/09/20260907T155154Z-820134cf428b.json.gz,2
who.gho.cm-02,CM_02:KAZ:SEX_BTSX:AGEGROUP_MONTHS0-11,1975-01-01,2026-09-07T15:51:54Z,value,24175.0,,who.gho.cm-02,raw/who.gho.cm-02/2026/09/20260907T155154Z-820134cf428b.json.gz,2
who.gho.cm-02,CM_02:KAZ:SEX_FMLE:AGEGROUP_MONTHS0-11,1975-01-01,2026-09-07T15:51:05Z,high,11983.0,,who.gho.cm-02,raw/who.gho.cm-02/2026/09/20260907T155105Z-bd351d716a31.json.gz,2
who.gho.cm-02,CM_02:KAZ:SEX_FMLE:AGEGROUP_MONTHS0-11,1975-01-01,2026-09-07T15:51:05Z,low,8830.0,,who.gho.cm-02,raw/who.gho.cm-02/2026/09/20260907T155105Z-bd351d716a31.json.gz,2
who.gho.cm-02,CM_02:KAZ:SEX_FMLE:AGEGROUP_MONTHS0-11,1975-01-01,2026-09-07T15:51:05Z,restated_at,2026-08-04,,who.gho.cm-02,raw/who.gho.cm-02/2026/09/20260907T155105Z-bd351d716a31.json.gz,2
who.gho.cm-02,CM_02:KAZ:SEX_FMLE:AGEGROUP_MONTHS0-11,1975-01-01,2026-09-07T15:51:05Z,value,10277.0,,who.gho.cm-02,raw/who.gho.cm-02/2026/09/20260907T155105Z-bd351d716a31.json.gz,2
who.gho.cm-02,CM_02:KAZ:SEX_MLE:AGEGROUP_MONTHS0-11,1975-01-01,2026-09-07T15:51:44Z,high,16128.0,,who.gho.cm-02,raw/who.gho.cm-02/2026/09/20260907T155144Z-505d97ce9093.json.gz,2
who.gho.cm-02,CM_02:KAZ:SEX_MLE:AGEGROUP_MONTHS0-11,1975-01-01,2026-09-07T15:51:44Z,low,11938.0,,who.gho.cm-02,raw/who.gho.cm-02/2026/09/20260907T155144Z-505d97ce9093.json.gz,2
who.gho.cm-02,CM_02:KAZ:SEX_MLE:AGEGROUP_MONTHS0-11,1975-01-01,2026-09-07T15:51:44Z,restated_at,2026-08-04,,who.gho.cm-02,raw/who.gho.cm-02/2026/09/20260907T155144Z-505d97ce9093.json.gz,2
who.gho.cm-02,CM_02:KAZ:SEX_MLE:AGEGROUP_MONTHS0-11,1975-01-01,2026-09-07T15:51:44Z,value,13898.0,,who.gho.cm-02,raw/who.gho.cm-02/2026/09/20260907T155144Z-505d97ce9093.json.gz,2
who.gho.cm-02,CM_02:KEN:SEX_BTSX:AGEGROUP_MONTHS0-11,1975-01-01,2026-09-07T15:57:49Z,high,55345.0,,who.gho.cm-02,raw/who.gho.cm-02/2026/09/20260907T155749Z-8808ed0c9a07.json.gz,2
who.gho.cm-02,CM_02:KEN:SEX_BTSX:AGEGROUP_MONTHS0-11,1975-01-01,2026-09-07T15:57:49Z,low,48165.0,,who.gho.cm-02,raw/who.gho.cm-02/2026/09/20260907T155749Z-8808ed0c9a07.json.gz,2
who.gho.cm-02,CM_02:KEN:SEX_BTSX:AGEGROUP_MONTHS0-11,1975-01-01,2026-09-07T15:57:49Z,restated_at,2026-08-04,,who.gho.cm-02,raw/who.gho.cm-02/2026/09/20260907T155749Z-8808ed0c9a07.json.gz,2
who.gho.cm-02,CM_02:KEN:SEX_BTSX:AGEGROUP_MONTHS0-11,1975-01-01,2026-09-07T15:57:49Z,value,51613.0,,who.gho.cm-02,raw/who.gho.cm-02/2026/09/20260907T155749Z-8808ed0c9a07.json.gz,2
who.gho.cm-02,CM_02:KEN:SEX_FMLE:AGEGROUP_MONTHS0-11,1975-01-01,2026-09-07T15:57:54Z,high,25887.0,,who.gho.cm-02,raw/who.gho.cm-02/2026/09/20260907T155754Z-3bea881db2b4.json.gz,2
who.gho.cm-02,CM_02:KEN:SEX_FMLE:AGEGROUP_MONTHS0-11,1975-01-01,2026-09-07T15:57:54Z,low,22243.0,,who.gho.cm-02,raw/who.gho.cm-02/2026/09/20260907T155754Z-3bea881db2b4.json.gz,2
who.gho.cm-02,CM_02:KEN:SEX_FMLE:AGEGROUP_MONTHS0-11,1975-01-01,2026-09-07T15:57:54Z,restated_at,2026-08-04,,who.gho.cm-02,raw/who.gho.cm-02/2026/09/20260907T155754Z-3bea881db2b4.json.gz,2
who.gho.cm-02,CM_02:KEN:SEX_FMLE:AGEGROUP_MONTHS0-11,1975-01-01,2026-09-07T15:57:54Z,value,24018.0,,who.gho.cm-02,raw/who.gho.cm-02/2026/09/20260907T155754Z-3bea881db2b4.json.gz,2
who.gho.cm-02,CM_02:KEN:SEX_MLE:AGEGROUP_MONTHS0-11,1975-01-01,2026-09-07T15:58:12Z,high,29682.0,,who.gho.cm-02,raw/who.gho.cm-02/2026/09/20260907T155812Z-02a2023435be.json.gz,2
who.gho.cm-02,CM_02:KEN:SEX_MLE:AGEGROUP_MONTHS0-11,1975-01-01,2026-09-07T15:58:12Z,low,25604.0,,who.gho.cm-02,raw/who.gho.cm-02/2026/09/20260907T155812Z-02a2023435be.json.gz,2
who.gho.cm-02,CM_02:KEN:SEX_MLE:AGEGROUP_MONTHS0-11,1975-01-01,2026-09-07T15:58:12Z,restated_at,2026-08-04,,who.gho.cm-02,raw/who.gho.cm-02/2026/09/20260907T155812Z-02a2023435be.json.gz,2
who.gho.cm-02,CM_02:KEN:SEX_MLE:AGEGROUP_MONTHS0-11,1975-01-01,2026-09-07T15:58:12Z,value,27595.0,,who.gho.cm-02,raw/who.gho.cm-02/2026/09/20260907T155812Z-02a2023435be.json.gz,2
who.gho.cm-02,CM_02:KIR:SEX_BTSX:AGEGROUP_MONTHS0-11,1975-01-01,2026-09-07T15:52:03Z,high,228.0,,who.gho.cm-02,raw/who.gho.cm-02/2026/09/20260907T155203Z-07dabadb5738.json.gz,2
who.gho.cm-02,CM_02:KIR:SEX_BTSX:AGEGROUP_MONTHS0-11,1975-01-01,2026-09-07T15:52:03Z,low,176.0,,who.gho.cm-02,raw/who.gho.cm-02/2026/09/20260907T155203Z-07dabadb5738.json.gz,2
who.gho.cm-02,CM_02:KIR:SEX_BTSX:AGEGROUP_MONTHS0-11,1975-01-01,2026-09-07T15:52:03Z,restated_at,2026-08-04,,who.gho.cm-02,raw/who.gho.cm-02/2026/09/20260907T155203Z-07dabadb5738.json.gz,2
who.gho.cm-02,CM_02:KIR:SEX_BTSX:AGEGROUP_MONTHS0-11,1975-01-01,2026-09-07T15:52:03Z,value,201.0,,who.gho.cm-02,raw/who.gho.cm-02/2026/09/20260907T155203Z-07dabadb5738.json.gz,2
who.gho.cm-02,CM_02:KIR:SEX_FMLE:AGEGROUP_MONTHS0-11,1975-01-01,2026-09-07T15:57:00Z,high,102.0,,who.gho.cm-02,raw/who.gho.cm-02/2026/09/20260907T155700Z-8ffcb12aceff.json.gz,2
who.gho.cm-02,CM_02:KIR:SEX_FMLE:AGEGROUP_MONTHS0-11,1975-01-01,2026-09-07T15:57:00Z,low,78.0,,who.gho.cm-02,raw/who.gho.cm-02/2026/09/20260907T155700Z-8ffcb12aceff.json.gz,2
who.gho.cm-02,CM_02:KIR:SEX_FMLE:AGEGROUP_MONTHS0-11,1975-01-01,2026-09-07T15:57:00Z,restated_at,2026-08-04,,who.gho.cm-02,raw/who.gho.cm-02/2026/09/20260907T155700Z-8ffcb12aceff.json.gz,2
who.gho.cm-02,CM_02:KIR:SEX_FMLE:AGEGROUP_MONTHS0-11,1975-01-01,2026-09-07T15:57:00Z,value,89.0,,who.gho.cm-02,raw/who.gho.cm-02/2026/09/20260907T155700Z-8ffcb12aceff.json.gz,2
who.gho.cm-02,CM_02:KIR:SEX_MLE:AGEGROUP_MONTHS0-11,1975-01-01,2026-09-07T15:57:35Z,high,128.0,,who.gho.cm-02,raw/who.gho.cm-02/2026/09/20260907T155735Z-be5ff4c5352d.json.gz,2
who.gho.cm-02,CM_02:KIR:SEX_MLE:AGEGROUP_MONTHS0-11,1975-01-01,2026-09-07T15:57:35Z,low,97.0,,who.gho.cm-02,raw/who.gho.cm-02/2026/09/20260907T155735Z-be5ff4c5352d.json.gz,2
who.gho.cm-02,CM_02:KIR:SEX_MLE:AGEGROUP_MONTHS0-11,1975-01-01,2026-09-07T15:57:35Z,restated_at,2026-08-04,,who.gho.cm-02,raw/who.gho.cm-02/2026/09/20260907T155735Z-be5ff4c5352d.json.gz,2
who.gho.cm-02,CM_02:KIR:SEX_MLE:AGEGROUP_MONTHS0-11,1975-01-01,2026-09-07T15:57:35Z,value,112.0,,who.gho.cm-02,raw/who.gho.cm-02/2026/09/20260907T155735Z-be5ff4c5352d.json.gz,2
who.gho.cm-02,CM_02:KNA:SEX_BTSX:AGEGROUP_MONTHS0-11,1975-01-01,2026-09-07T15:54:17Z,high,62.0,,who.gho.cm-02,raw/who.gho.cm-02/2026/09/20260907T155417Z-e87fb31944b5.json.gz,2
who.gho.cm-02,CM_02:KNA:SEX_BTSX:AGEGROUP_MONTHS0-11,1975-01-01,2026-09-07T15:54:17Z,low,53.0,,who.gho.cm-02,raw/who.gho.cm-02/2026/09/20260907T155417Z-e87fb31944b5.json.gz,2
who.gho.cm-02,CM_02:KNA:SEX_BTSX:AGEGROUP_MONTHS0-11,1975-01-01,2026-09-07T15:54:17Z,restated_at,2025-04-15,,who.gho.cm-02,raw/who.gho.cm-02/2026/09/20260907T155417Z-e87fb31944b5.json.gz,2
who.gho.cm-02,CM_02:KNA:SEX_BTSX:AGEGROUP_MONTHS0-11,1975-01-01,2026-09-07T15:54:17Z,value,57.0,,who.gho.cm-02,raw/who.gho.cm-02/2026/09/20260907T155417Z-e87fb31944b5.json.gz,2
who.gho.cm-02,CM_02:KNA:SEX_FMLE:AGEGROUP_MONTHS0-11,1975-01-01,2026-09-07T15:58:04Z,high,28.0,,who.gho.cm-02,raw/who.gho.cm-02/2026/09/20260907T155804Z-3e19927fa86a.json.gz,2
who.gho.cm-02,CM_02:KNA:SEX_FMLE:AGEGROUP_MONTHS0-11,1975-01-01,2026-09-07T15:58:04Z,low,23.0,,who.gho.cm-02,raw/who.gho.cm-02/2026/09/20260907T155804Z-3e19927fa86a.json.gz,2
who.gho.cm-02,CM_02:KNA:SEX_FMLE:AGEGROUP_MONTHS0-11,1975-01-01,2026-09-07T15:58:04Z,restated_at,2026-08-04,,who.gho.cm-02,raw/who.gho.cm-02/2026/09/20260907T155804Z-3e19927fa86a.json.gz,2
who.gho.cm-02,CM_02:KNA:SEX_FMLE:AGEGROUP_MONTHS0-11,1975-01-01,2026-09-07T15:58:04Z,value,25.0,,who.gho.cm-02,raw/who.gho.cm-02/2026/09/20260907T155804Z-3e19927fa86a.json.gz,2
who.gho.cm-02,CM_02:KNA:SEX_MLE:AGEGROUP_MONTHS0-11,1975-01-01,2026-09-07T15:53:02Z,high,35.0,,who.gho.cm-02,raw/who.gho.cm-02/2026/09/20260907T155302Z-206bb5f6993f.json.gz,2
who.gho.cm-02,CM_02:KNA:SEX_MLE:AGEGROUP_MONTHS0-11,1975-01-01,2026-09-07T15:53:02Z,low,29.0,,who.gho.cm-02,raw/who.gho.cm-02/2026/09/20260907T155302Z-206bb5f6993f.json.gz,2
who.gho.cm-02,CM_02:KNA:SEX_MLE:AGEGROUP_MONTHS0-11,1975-01-01,2026-09-07T15:53:02Z,restated_at,2026-08-04,,who.gho.cm-02,raw/who.gho.cm-02/2026/09/20260907T155302Z-206bb5f6993f.json.gz,2
who.gho.cm-02,CM_02:KNA:SEX_MLE:AGEGROUP_MONTHS0-11,1975-01-01,2026-09-07T15:53:02Z,value,32.0,,who.gho.cm-02,raw/who.gho.cm-02/2026/09/20260907T155302Z-206bb5f6993f.json.gz,2
who.gho.cm-02,CM_02:KOR:SEX_BTSX:AGEGROUP_MONTHS0-11,1975-01-01,2026-09-07T15:58:12Z,high,31311.0,,who.gho.cm-02,raw/who.gho.cm-02/2026/09/20260907T155812Z-02a2023435be.json.gz,2
who.gho.cm-02,CM_02:KOR:SEX_BTSX:AGEGROUP_MONTHS0-11,1975-01-01,2026-09-07T15:58:12Z,low,28148.0,,who.gho.cm-02,raw/who.gho.cm-02/2026/09/20260907T155812Z-02a2023435be.json.gz,2
who.gho.cm-02,CM_02:KOR:SEX_BTSX:AGEGROUP_MONTHS0-11,1975-01-01,2026-09-07T15:58:12Z,restated_at,2026-08-04,,who.gho.cm-02,raw/who.gho.cm-02/2026/09/20260907T155812Z-02a2023435be.json.gz,2
who.gho.cm-02,CM_02:KOR:SEX_BTSX:AGEGROUP_MONTHS0-11,1975-01-01,2026-09-07T15:58:12Z,value,29662.0,,who.gho.cm-02,raw/who.gho.cm-02/2026/09/20260907T155812Z-02a2023435be.json.gz,2
who.gho.cm-02,CM_02:KOR:SEX_FMLE:AGEGROUP_MONTHS0-11,1975-01-01,2026-09-07T15:57:17Z,high,14107.0,,who.gho.cm-02,raw/who.gho.cm-02/2026/09/20260907T155717Z-89bc69b90b61.json.gz,2
who.gho.cm-02,CM_02:KOR:SEX_FMLE:AGEGROUP_MONTHS0-11,1975-01-01,2026-09-07T15:57:17Z,low,12273.0,,who.gho.cm-02,raw/who.gho.cm-02/2026/09/20260907T155717Z-89bc69b90b61.json.gz,2
who.gho.cm-02,CM_02:KOR:SEX_FMLE:AGEGROUP_MONTHS0-11,1975-01-01,2026-09-07T15:57:17Z,restated_at,2026-08-04,,who.gho.cm-02,raw/who.gho.cm-02/2026/09/20260907T155717Z-89bc69b90b61.json.gz,2
who.gho.cm-02,CM_02:KOR:SEX_FMLE:AGEGROUP_MONTHS0-11,1975-01-01,2026-09-07T15:57:17Z,value,13175.0,,who.gho.cm-02,raw/who.gho.cm-02/2026/09/20260907T155717Z-89bc69b90b61.json.gz,2
who.gho.cm-02,CM_02:KOR:SEX_MLE:AGEGROUP_MONTHS0-11,1975-01-01,2026-09-07T15:51:54Z,high,17588.0,,who.gho.cm-02,raw/who.gho.cm-02/2026/09/20260907T155154Z-820134cf428b.json.gz,2
who.gho.cm-02,CM_02:KOR:SEX_MLE:AGEGROUP_MONTHS0-11,1975-01-01,2026-09-07T15:51:54Z,low,15465.0,,who.gho.cm-02,raw/who.gho.cm-02/2026/09/20260907T155154Z-820134cf428b.json.gz,2
who.gho.cm-02,CM_02:KOR:SEX_MLE:AGEGROUP_MONTHS0-11,1975-01-01,2026-09-07T15:51:54Z,restated_at,2026-08-04,,who.gho.cm-02,raw/who.gho.cm-02/2026/09/20260907T155154Z-820134cf428b.json.gz,2
who.gho.cm-02,CM_02:KOR:SEX_MLE:AGEGROUP_MONTHS0-11,1975-01-01,2026-09-07T15:51:54Z,value,16487.0,,who.gho.cm-02,raw/who.gho.cm-02/2026/09/20260907T155154Z-820134cf428b.json.gz,2
who.gho.cm-02,CM_02:KWT:SEX_BTSX:AGEGROUP_MONTHS0-11,1975-01-01,2026-09-07T15:51:44Z,high,1902.0,,who.gho.cm-02,raw/who.gho.cm-02/2026/09/20260907T155144Z-505d97ce9093.json.gz,2
who.gho.cm-02,CM_02:KWT:SEX_BTSX:AGEGROUP_MONTHS0-11,1975-01-01,2026-09-07T15:51:44Z,low,1796.0,,who.gho.cm-02,raw/who.gho.cm-02/2026/09/20260907T155144Z-505d97ce9093.json.gz,2
who.gho.cm-02,CM_02:KWT:SEX_BTSX:AGEGROUP_MONTHS0-11,1975-01-01,2026-09-07T15:51:44Z,restated_at,2026-08-04,,who.gho.cm-02,raw/who.gho.cm-02/2026/09/20260907T155144Z-505d97ce9093.json.gz,2
who.gho.cm-02,CM_02:KWT:SEX_BTSX:AGEGROUP_MONTHS0-11,1975-01-01,2026-09-07T15:51:44Z,value,1850.0,,who.gho.cm-02,raw/who.gho.cm-02/2026/09/20260907T155144Z-505d97ce9093.json.gz,2
who.gho.cm-02,CM_02:KWT:SEX_FMLE:AGEGROUP_MONTHS0-11,1975-01-01,2026-09-07T15:51:11Z,high,877.0,,who.gho.cm-02,raw/who.gho.cm-02/2026/09/20260907T155111Z-17577dbcf352.json.gz,2
who.gho.cm-02,CM_02:KWT:SEX_FMLE:AGEGROUP_MONTHS0-11,1975-01-01,2026-09-07T15:51:11Z,low,817.0,,who.gho.cm-02,raw/who.gho.cm-02/2026/09/20260907T155111Z-17577dbcf352.json.gz,2
who.gho.cm-02,CM_02:KWT:SEX_FMLE:AGEGROUP_MONTHS0-11,1975-01-01,2026-09-07T15:51:11Z,restated_at,2026-08-04,,who.gho.cm-02,raw/who.gho.cm-02/2026/09/20260907T155111Z-17577dbcf352.json.gz,2
who.gho.cm-02,CM_02:KWT:SEX_FMLE:AGEGROUP_MONTHS0-11,1975-01-01,2026-09-07T15:51:11Z,value,847.0,,who.gho.cm-02,raw/who.gho.cm-02/2026/09/20260907T155111Z-17577dbcf352.json.gz,2
who.gho.cm-02,CM_02:KWT:SEX_MLE:AGEGROUP_MONTHS0-11,1975-01-01,2026-09-07T15:53:02Z,high,1036.0,,who.gho.cm-02,raw/who.gho.cm-02/2026/09/20260907T155302Z-206bb5f6993f.json.gz,2
who.gho.cm-02,CM_02:KWT:SEX_MLE:AGEGROUP_MONTHS0-11,1975-01-01,2026-09-07T15:53:02Z,low,968.0,,who.gho.cm-02,raw/who.gho.cm-02/2026/09/20260907T155302Z-206bb5f6993f.json.gz,2
who.gho.cm-02,CM_02:KWT:SEX_MLE:AGEGROUP_MONTHS0-11,1975-01-01,2026-09-07T15:53:02Z,restated_at,2026-08-04,,who.gho.cm-02,raw/who.gho.cm-02/2026/09/20260907T155302Z-206bb5f6993f.json.gz,2
who.gho.cm-02,CM_02:KWT:SEX_MLE:AGEGROUP_MONTHS0-11,1975-01-01,2026-09-07T15:53:02Z,value,1003.0,,who.gho.cm-02,raw/who.gho.cm-02/2026/09/20260907T155302Z-206bb5f6993f.json.gz,2
who.gho.cm-02,CM_02:LBN:SEX_BTSX:AGEGROUP_MONTHS0-11,1975-01-01,2026-09-07T15:50:57Z,high,5028.0,,who.gho.cm-02,raw/who.gho.cm-02/2026/09/20260907T155057Z-e03fd9f60113.json.gz,2
who.gho.cm-02,CM_02:LBN:SEX_BTSX:AGEGROUP_MONTHS0-11,1975-01-01,2026-09-07T15:50:57Z,low,3625.0,,who.gho.cm-02,raw/who.gho.cm-02/2026/09/20260907T155057Z-e03fd9f60113.json.gz,2
who.gho.cm-02,CM_02:LBN:SEX_BTSX:AGEGROUP_MONTHS0-11,1975-01-01,2026-09-07T15:50:57Z,restated_at,2026-08-04,,who.gho.cm-02,raw/who.gho.cm-02/2026/09/20260907T155057Z-e03fd9f60113.json.gz,2
who.gho.cm-02,CM_02:LBN:SEX_BTSX:AGEGROUP_MONTHS0-11,1975-01-01,2026-09-07T15:50:57Z,value,4275.0,,who.gho.cm-02,raw/who.gho.cm-02/2026/09/20260907T155057Z-e03fd9f60113.json.gz,2
who.gho.cm-02,CM_02:LBN:SEX_FMLE:AGEGROUP_MONTHS0-11,1975-01-01,2026-09-07T15:54:17Z,high,2300.0,,who.gho.cm-02,raw/who.gho.cm-02/2026/09/20260907T155417Z-e87fb31944b5.json.gz,2
who.gho.cm-02,CM_02:LBN:SEX_FMLE:AGEGROUP_MONTHS0-11,1975-01-01,2026-09-07T15:54:17Z,low,1633.0,,who.gho.cm-02,raw/who.gho.cm-02/2026/09/20260907T155417Z-e87fb31944b5.json.gz,2
who.gho.cm-02,CM_02:LBN:SEX_FMLE:AGEGROUP_MONTHS0-11,1975-01-01,2026-09-07T15:54:17Z,restated_at,2026-08-04,,who.gho.cm-02,raw/who.gho.cm-02/2026/09/20260907T155417Z-e87fb31944b5.json.gz,2
who.gho.cm-02,CM_02:LBN:SEX_FMLE:AGEGROUP_MONTHS0-11,1975-01-01,2026-09-07T15:54:17Z,value,1937.0,,who.gho.cm-02,raw/who.gho.cm-02/2026/09/20260907T155417Z-e87fb31944b5.json.gz,2
who.gho.cm-02,CM_02:LBN:SEX_MLE:AGEGROUP_MONTHS0-11,1975-01-01,2026-09-07T15:54:17Z,high,2764.0,,who.gho.cm-02,raw/who.gho.cm-02/2026/09/20260907T155417Z-e87fb31944b5.json.gz,2
who.gho.cm-02,CM_02:LBN:SEX_MLE:AGEGROUP_MONTHS0-11,1975-01-01,2026-09-07T15:54:17Z,low,1976.0,,who.gho.cm-02,raw/who.gho.cm-02/2026/09/20260907T155417Z-e87fb31944b5.json.gz,2
who.gho.cm-02,CM_02:LBN:SEX_MLE:AGEGROUP_MONTHS0-11,1975-01-01,2026-09-07T15:54:17Z,restated_at,2026-08-04,,who.gho.cm-02,raw/who.gho.cm-02/2026/09/20260907T155417Z-e87fb31944b5.json.gz,2
who.gho.cm-02,CM_02:LBN:SEX_MLE:AGEGROUP_MONTHS0-11,1975-01-01,2026-09-07T15:54:17Z,value,2338.0,,who.gho.cm-02,raw/who.gho.cm-02/2026/09/20260907T155417Z-e87fb31944b5.json.gz,2
who.gho.cm-02,CM_02:LBR:SEX_BTSX:AGEGROUP_MONTHS0-11,1975-01-01,2026-09-07T15:57:30Z,high,14441.0,,who.gho.cm-02,raw/who.gho.cm-02/2026/09/20260907T155730Z-1fe49c27b9ed.json.gz,2
who.gho.cm-02,CM_02:LBR:SEX_BTSX:AGEGROUP_MONTHS0-11,1975-01-01,2026-09-07T15:57:30Z,low,11784.0,,who.gho.cm-02,raw/who.gho.cm-02/2026/09/20260907T155730Z-1fe49c27b9ed.json.gz,2
who.gho.cm-02,CM_02:LBR:SEX_BTSX:AGEGROUP_MONTHS0-11,1975-01-01,2026-09-07T15:57:30Z,restated_at,2026-08-04,,who.gho.cm-02,raw/who.gho.cm-02/2026/09/20260907T155730Z-1fe49c27b9ed.json.gz,2
who.gho.cm-02,CM_02:LBR:SEX_BTSX:AGEGROUP_MONTHS0-11,1975-01-01,2026-09-07T15:57:30Z,value,13068.0,,who.gho.cm-02,raw/who.gho.cm-02/2026/09/20260907T155730Z-1fe49c27b9ed.json.gz,2
who.gho.cm-02,CM_02:LBR:SEX_FMLE:AGEGROUP_MONTHS0-11,1975-01-01,2026-09-07T15:57:30Z,high,6468.0,,who.gho.cm-02,raw/who.gho.cm-02/2026/09/20260907T155730Z-1fe49c27b9ed.json.gz,2
who.gho.cm-02,CM_02:LBR:SEX_FMLE:AGEGROUP_MONTHS0-11,1975-01-01,2026-09-07T15:57:30Z,low,5206.0,,who.gho.cm-02,raw/who.gho.cm-02/2026/09/20260907T155730Z-1fe49c27b9ed.json.gz,2
who.gho.cm-02,CM_02:LBR:SEX_FMLE:AGEGROUP_MONTHS0-11,1975-01-01,2026-09-07T15:57:30Z,restated_at,2026-08-04,,who.gho.cm-02,raw/who.gho.cm-02/2026/09/20260907T155730Z-1fe49c27b9ed.json.gz,2
who.gho.cm-02,CM_02:LBR:SEX_FMLE:AGEGROUP_MONTHS0-11,1975-01-01,2026-09-07T15:57:30Z,value,5820.0,,who.gho.cm-02,raw/who.gho.cm-02/2026/09/20260907T155730Z-1fe49c27b9ed.json.gz,2
who.gho.cm-02,CM_02:LBR:SEX_MLE:AGEGROUP_MONTHS0-11,1975-01-01,2026-09-07T15:57:49Z,high,8030.0,,who.gho.cm-02,raw/who.gho.cm-02/2026/09/20260907T155749Z-8808ed0c9a07.json.gz,2
who.gho.cm-02,CM_02:LBR:SEX_MLE:AGEGROUP_MONTHS0-11,1975-01-01,2026-09-07T15:57:49Z,low,6511.0,,who.gho.cm-02,raw/who.gho.cm-02/2026/09/20260907T155749Z-8808ed0c9a07.json.gz,2
who.gho.cm-02,CM_02:LBR:SEX_MLE:AGEGROUP_MONTHS0-11,1975-01-01,2026-09-07T15:57:49Z,restated_at,2026-08-04,,who.gho.cm-02,raw/who.gho.cm-02/2026/09/20260907T155749Z-8808ed0c9a07.json.gz,2
who.gho.cm-02,CM_02:LBR:SEX_MLE:AGEGROUP_MONTHS0-11,1975-01-01,2026-09-07T15:57:49Z,value,7248.0,,who.gho.cm-02,raw/who.gho.cm-02/2026/09/20260907T155749Z-8808ed0c9a07.json.gz,2
who.gho.cm-02,CM_02:LBY:SEX_BTSX:AGEGROUP_MONTHS0-11,1975-01-01,2026-09-07T15:57:59Z,high,9643.0,,who.gho.cm-02,raw/who.gho.cm-02/2026/09/20260907T155759Z-531ca935f713.json.gz,2
who.gho.cm-02,CM_02:LBY:SEX_BTSX:AGEGROUP_MONTHS0-11,1975-01-01,2026-09-07T15:57:59Z,low,6715.0,,who.gho.cm-02,raw/who.gho.cm-02/2026/09/20260907T155759Z-531ca935f713.json.gz,2
who.gho.cm-02,CM_02:LBY:SEX_BTSX:AGEGROUP_MONTHS0-11,1975-01-01,2026-09-07T15:57:59Z,restated_at,2026-08-04,,who.gho.cm-02,raw/who.gho.cm-02/2026/09/20260907T155759Z-531ca935f713.json.gz,2
who.gho.cm-02,CM_02:LBY:SEX_BTSX:AGEGROUP_MONTHS0-11,1975-01-01,2026-09-07T15:57:59Z,value,8043.0,,who.gho.cm-02,raw/who.gho.cm-02/2026/09/20260907T155759Z-531ca935f713.json.gz,2
who.gho.cm-02,CM_02:LBY:SEX_FMLE:AGEGROUP_MONTHS0-11,1975-01-01,2026-09-07T15:56:27Z,high,4363.0,,who.gho.cm-02,raw/who.gho.cm-02/2026/09/20260907T155627Z-19eb4e6c1215.json.gz,2
who.gho.cm-02,CM_02:LBY:SEX_FMLE:AGEGROUP_MONTHS0-11,1975-01-01,2026-09-07T15:56:27Z,low,2974.0,,who.gho.cm-02,raw/who.gho.cm-02/2026/09/20260907T155627Z-19eb4e6c1215.json.gz,2
who.gho.cm-02,CM_02:LBY:SEX_FMLE:AGEGROUP_MONTHS0-11,1975-01-01,2026-09-07T15:56:27Z,restated_at,2026-08-04,,who.gho.cm-02,raw/who.gho.cm-02/2026/09/20260907T155627Z-19eb4e6c1215.json.gz,2
who.gho.cm-02,CM_02:LBY:SEX_FMLE:AGEGROUP_MONTHS0-11,1975-01-01,2026-09-07T15:56:27Z,value,3605.0,,who.gho.cm-02,raw/who.gho.cm-02/2026/09/20260907T155627Z-19eb4e6c1215.json.gz,2
who.gho.cm-02,CM_02:LBY:SEX_MLE:AGEGROUP_MONTHS0-11,1975-01-01,2026-09-07T15:57:40Z,high,5341.0,,who.gho.cm-02,raw/who.gho.cm-02/2026/09/20260907T155740Z-31068700a25d.json.gz,2
who.gho.cm-02,CM_02:LBY:SEX_MLE:AGEGROUP_MONTHS0-11,1975-01-01,2026-09-07T15:57:40Z,low,3690.0,,who.gho.cm-02,raw/who.gho.cm-02/2026/09/20260907T155740Z-31068700a25d.json.gz,2
who.gho.cm-02,CM_02:LBY:SEX_MLE:AGEGROUP_MONTHS0-11,1975-01-01,2026-09-07T15:57:40Z,restated_at,2026-08-04,,who.gho.cm-02,raw/who.gho.cm-02/2026/09/20260907T155740Z-31068700a25d.json.gz,2
who.gho.cm-02,CM_02:LBY:SEX_MLE:AGEGROUP_MONTHS0-11,1975-01-01,2026-09-07T15:57:40Z,value,4438.0,,who.gho.cm-02,raw/who.gho.cm-02/2026/09/20260907T155740Z-31068700a25d.json.gz,2
who.gho.cm-02,CM_02:LCA:SEX_BTSX:AGEGROUP_MONTHS0-11,1975-01-01,2026-09-07T15:58:04Z,high,145.0,,who.gho.cm-02,raw/who.gho.cm-02/2026/09/20260907T155804Z-3e19927fa86a.json.gz,2
who.gho.cm-02,CM_02:LCA:SEX_BTSX:AGEGROUP_MONTHS0-11,1975-01-01,2026-09-07T15:58:04Z,low,135.0,,who.gho.cm-02,raw/who.gho.cm-02/2026/09/20260907T155804Z-3e19927fa86a.json.gz,2
who.gho.cm-02,CM_02:LCA:SEX_BTSX:AGEGROUP_MONTHS0-11,1975-01-01,2026-09-07T15:58:04Z,restated_at,2026-08-04,,who.gho.cm-02,raw/who.gho.cm-02/2026/09/20260907T155804Z-3e19927fa86a.json.gz,2
who.gho.cm-02,CM_02:LCA:SEX_BTSX:AGEGROUP_MONTHS0-11,1975-01-01,2026-09-07T15:58:04Z,value,140.0,,who.gho.cm-02,raw/who.gho.cm-02/2026/09/20260907T155804Z-3e19927fa86a.json.gz,2
who.gho.cm-02,CM_02:LCA:SEX_FMLE:AGEGROUP_MONTHS0-11,1975-01-01,2026-09-07T15:58:12Z,high,65.0,,who.gho.cm-02,raw/who.gho.cm-02/2026/09/20260907T155812Z-02a2023435be.json.gz,2
who.gho.cm-02,CM_02:LCA:SEX_FMLE:AGEGROUP_MONTHS0-11,1975-01-01,2026-09-07T15:58:12Z,low,58.0,,who.gho.cm-02,raw/who.gho.cm-02/2026/09/20260907T155812Z-02a2023435be.json.gz,2
who.gho.cm-02,CM_02:LCA:SEX_FMLE:AGEGROUP_MONTHS0-11,1975-01-01,2026-09-07T15:58:12Z,restated_at,2026-08-04,,who.gho.cm-02,raw/who.gho.cm-02/2026/09/20260907T155812Z-02a2023435be.json.gz,2
who.gho.cm-02,CM_02:LCA:SEX_FMLE:AGEGROUP_MONTHS0-11,1975-01-01,2026-09-07T15:58:12Z,value,62.0,,who.gho.cm-02,raw/who.gho.cm-02/2026/09/20260907T155812Z-02a2023435be.json.gz,2
who.gho.cm-02,CM_02:LCA:SEX_MLE:AGEGROUP_MONTHS0-11,1975-01-01,2026-09-07T15:57:54Z,high,82.0,,who.gho.cm-02,raw/who.gho.cm-02/2026/09/20260907T155754Z-3bea881db2b4.json.gz,2
who.gho.cm-02,CM_02:LCA:SEX_MLE:AGEGROUP_MONTHS0-11,1975-01-01,2026-09-07T15:57:54Z,low,74.0,,who.gho.cm-02,raw/who.gho.cm-02/2026/09/20260907T155754Z-3bea881db2b4.json.gz,2
who.gho.cm-02,CM_02:LCA:SEX_MLE:AGEGROUP_MONTHS0-11,1975-01-01,2026-09-07T15:57:54Z,restated_at,2026-08-04,,who.gho.cm-02,raw/who.gho.cm-02/2026/09/20260907T155754Z-3bea881db2b4.json.gz,2
who.gho.cm-02,CM_02:LCA:SEX_MLE:AGEGROUP_MONTHS0-11,1975-01-01,2026-09-07T15:57:54Z,value,78.0,,who.gho.cm-02,raw/who.gho.cm-02/2026/09/20260907T155754Z-3bea881db2b4.json.gz,2
who.gho.cm-02,CM_02:LKA:SEX_BTSX:AGEGROUP_MONTHS0-11,1975-01-01,2026-09-07T15:52:10Z,high,17715.0,,who.gho.cm-02,raw/who.gho.cm-02/2026/09/20260907T155210Z-c2e07328660e.json.gz,2
who.gho.cm-02,CM_02:LKA:SEX_BTSX:AGEGROUP_MONTHS0-11,1975-01-01,2026-09-07T15:52:10Z,low,16258.0,,who.gho.cm-02,raw/who.gho.cm-02/2026/09/20260907T155210Z-c2e07328660e.json.gz,2
who.gho.cm-02,CM_02:LKA:SEX_BTSX:AGEGROUP_MONTHS0-11,1975-01-01,2026-09-07T15:52:10Z,restated_at,2026-08-04,,who.gho.cm-02,raw/who.gho.cm-02/2026/09/20260907T155210Z-c2e07328660e.json.gz,2
who.gho.cm-02,CM_02:LKA:SEX_BTSX:AGEGROUP_MONTHS0-11,1975-01-01,2026-09-07T15:52:10Z,value,16983.0,,who.gho.cm-02,raw/who.gho.cm-02/2026/09/20260907T155210Z-c2e07328660e.json.gz,2
who.gho.cm-02,CM_02:LKA:SEX_FMLE:AGEGROUP_MONTHS0-11,1975-01-01,2026-09-07T15:51:11Z,high,7932.0,,who.gho.cm-02,raw/who.gho.cm-02/2026/09/20260907T155111Z-17577dbcf352.json.gz,2
who.gho.cm-02,CM_02:LKA:SEX_FMLE:AGEGROUP_MONTHS0-11,1975-01-01,2026-09-07T15:51:11Z,low,7210.0,,who.gho.cm-02,raw/who.gho.cm-02/2026/09/20260907T155111Z-17577dbcf352.json.gz,2
who.gho.cm-02,CM_02:LKA:SEX_FMLE:AGEGROUP_MONTHS0-11,1975-01-01,2026-09-07T15:51:11Z,restated_at,2026-08-04,,who.gho.cm-02,raw/who.gho.cm-02/2026/09/20260907T155111Z-17577dbcf352.json.gz,2
who.gho.cm-02,CM_02:LKA:SEX_FMLE:AGEGROUP_MONTHS0-11,1975-01-01,2026-09-07T15:51:11Z,value,7563.0,,who.gho.cm-02,raw/who.gho.cm-02/2026/09/20260907T155111Z-17577dbcf352.json.gz,2
who.gho.cm-02,CM_02:LKA:SEX_MLE:AGEGROUP_MONTHS0-11,1975-01-01,2026-09-07T15:53:02Z,high,9844.0,,who.gho.cm-02,raw/who.gho.cm-02/2026/09/20260907T155302Z-206bb5f6993f.json.gz,2
who.gho.cm-02,CM_02:LKA:SEX_MLE:AGEGROUP_MONTHS0-11,1975-01-01,2026-09-07T15:53:02Z,low,8985.0,,who.gho.cm-02,raw/who.gho.cm-02/2026/09/20260907T155302Z-206bb5f6993f.json.gz,2
who.gho.cm-02,CM_02:LKA:SEX_MLE:AGEGROUP_MONTHS0-11,1975-01-01,2026-09-07T15:53:02Z,restated_at,2026-08-04,,who.gho.cm-02,raw/who.gho.cm-02/2026/09/20260907T155302Z-206bb5f6993f.json.gz,2
who.gho.cm-02,CM_02:LKA:SEX_MLE:AGEGROUP_MONTHS0-11,1975-01-01,2026-09-07T15:53:02Z,value,9420.0,,who.gho.cm-02,raw/who.gho.cm-02/2026/09/20260907T155302Z-206bb5f6993f.json.gz,2
who.gho.cm-02,CM_02:LSO:SEX_BTSX:AGEGROUP_MONTHS0-11,1975-01-01,2026-09-07T15:57:54Z,high,6676.0,,who.gho.cm-02,raw/who.gho.cm-02/2026/09/20260907T155754Z-3bea881db2b4.json.gz,2
who.gho.cm-02,CM_02:LSO:SEX_BTSX:AGEGROUP_MONTHS0-11,1975-01-01,2026-09-07T15:57:54Z,low,5479.0,,who.gho.cm-02,raw/who.gho.cm-02/2026/09/20260907T155754Z-3bea881db2b4.json.gz,2
who.gho.cm-02,CM_02:LSO:SEX_BTSX:AGEGROUP_MONTHS0-11,1975-01-01,2026-09-07T15:57:54Z,restated_at,2026-08-04,,who.gho.cm-02,raw/who.gho.cm-02/2026/09/20260907T155754Z-3bea881db2b4.json.gz,2
who.gho.cm-02,CM_02:LSO:SEX_BTSX:AGEGROUP_MONTHS0-11,1975-01-01,2026-09-07T15:57:54Z,value,6045.0,,who.gho.cm-02,raw/who.gho.cm-02/2026/09/20260907T155754Z-3bea881db2b4.json.gz,2
who.gho.cm-02,CM_02:LSO:SEX_FMLE:AGEGROUP_MONTHS0-11,1975-01-01,2026-09-07T15:57:44Z,high,3132.0,,who.gho.cm-02,raw/who.gho.cm-02/2026/09/20260907T155744Z-e141b36e0a87.json.gz,2
who.gho.cm-02,CM_02:LSO:SEX_FMLE:AGEGROUP_MONTHS0-11,1975-01-01,2026-09-07T15:57:44Z,low,2533.0,,who.gho.cm-02,raw/who.gho.cm-02/2026/09/20260907T155744Z-e141b36e0a87.json.gz,2
who.gho.cm-02,CM_02:LSO:SEX_FMLE:AGEGROUP_MONTHS0-11,1975-01-01,2026-09-07T15:57:44Z,restated_at,2026-08-04,,who.gho.cm-02,raw/who.gho.cm-02/2026/09/20260907T155744Z-e141b36e0a87.json.gz,2
who.gho.cm-02,CM_02:LSO:SEX_FMLE:AGEGROUP_MONTHS0-11,1975-01-01,2026-09-07T15:57:44Z,value,2819.0,,who.gho.cm-02,raw/who.gho.cm-02/2026/09/20260907T155744Z-e141b36e0a87.json.gz,2
who.gho.cm-02,CM_02:LSO:SEX_MLE:AGEGROUP_MONTHS0-11,1975-01-01,2026-09-07T15:51:11Z,high,3571.0,,who.gho.cm-02,raw/who.gho.cm-02/2026/09/20260907T155111Z-17577dbcf352.json.gz,2
who.gho.cm-02,CM_02:LSO:SEX_MLE:AGEGROUP_MONTHS0-11,1975-01-01,2026-09-07T15:51:11Z,low,2905.0,,who.gho.cm-02,raw/who.gho.cm-02/2026/09/20260907T155111Z-17577dbcf352.json.gz,2
who.gho.cm-02,CM_02:LSO:SEX_MLE:AGEGROUP_MONTHS0-11,1975-01-01,2026-09-07T15:51:11Z,restated_at,2026-08-04,,who.gho.cm-02,raw/who.gho.cm-02/2026/09/20260907T155111Z-17577dbcf352.json.gz,2
who.gho.cm-02,CM_02:LSO:SEX_MLE:AGEGROUP_MONTHS0-11,1975-01-01,2026-09-07T15:51:11Z,value,3226.0,,who.gho.cm-02,raw/who.gho.cm-02/2026/09/20260907T155111Z-17577dbcf352.json.gz,2
who.gho.cm-02,CM_02:LTU:SEX_BTSX:AGEGROUP_MONTHS0-11,1975-01-01,2026-09-07T15:57:49Z,high,946.0,,who.gho.cm-02,raw/who.gho.cm-02/2026/09/20260907T155749Z-8808ed0c9a07.json.gz,2
who.gho.cm-02,CM_02:LTU:SEX_BTSX:AGEGROUP_MONTHS0-11,1975-01-01,2026-09-07T15:57:49Z,low,892.0,,who.gho.cm-02,raw/who.gho.cm-02/2026/09/20260907T155749Z-8808ed0c9a07.json.gz,2
who.gho.cm-02,CM_02:LTU:SEX_BTSX:AGEGROUP_MONTHS0-11,1975-01-01,2026-09-07T15:57:49Z,restated_at,2026-08-04,,who.gho.cm-02,raw/who.gho.cm-02/2026/09/20260907T155749Z-8808ed0c9a07.json.gz,2
who.gho.cm-02,CM_02:LTU:SEX_BTSX:AGEGROUP_MONTHS0-11,1975-01-01,2026-09-07T15:57:49Z,value,918.0,,who.gho.cm-02,raw/who.gho.cm-02/2026/09/20260907T155749Z-8808ed0c9a07.json.gz,2
who.gho.cm-02,CM_02:LTU:SEX_FMLE:AGEGROUP_MONTHS0-11,1975-01-01,2026-09-07T15:57:17Z,high,398.0,,who.gho.cm-02,raw/who.gho.cm-02/2026/09/20260907T155717Z-89bc69b90b61.json.gz,2
who.gho.cm-02,CM_02:LTU:SEX_FMLE:AGEGROUP_MONTHS0-11,1975-01-01,2026-09-07T15:57:17Z,low,370.0,,who.gho.cm-02,raw/who.gho.cm-02/2026/09/20260907T155717Z-89bc69b90b61.json.gz,2
who.gho.cm-02,CM_02:LTU:SEX_FMLE:AGEGROUP_MONTHS0-11,1975-01-01,2026-09-07T15:57:17Z,restated_at,2026-08-04,,who.gho.cm-02,raw/who.gho.cm-02/2026/09/20260907T155717Z-89bc69b90b61.json.gz,2
who.gho.cm-02,CM_02:LTU:SEX_FMLE:AGEGROUP_MONTHS0-11,1975-01-01,2026-09-07T15:57:17Z,value,384.0,,who.gho.cm-02,raw/who.gho.cm-02/2026/09/20260907T155717Z-89bc69b90b61.json.gz,2
who.gho.cm-02,CM_02:LTU:SEX_MLE:AGEGROUP_MONTHS0-11,1975-01-01,2026-09-07T15:57:17Z,high,552.0,,who.gho.cm-02,raw/who.gho.cm-02/2026/09/20260907T155717Z-89bc69b90b61.json.gz,2
who.gho.cm-02,CM_02:LTU:SEX_MLE:AGEGROUP_MONTHS0-11,1975-01-01,2026-09-07T15:57:17Z,low,516.0,,who.gho.cm-02,raw/who.gho.cm-02/2026/09/20260907T155717Z-89bc69b90b61.json.gz,2
who.gho.cm-02,CM_02:LTU:SEX_MLE:AGEGROUP_MONTHS0-11,1975-01-01,2026-09-07T15:57:17Z,restated_at,2026-08-04,,who.gho.cm-02,raw/who.gho.cm-02/2026/09/20260907T155717Z-89bc69b90b61.json.gz,2
who.gho.cm-02,CM_02:LTU:SEX_MLE:AGEGROUP_MONTHS0-11,1975-01-01,2026-09-07T15:57:17Z,value,534.0,,who.gho.cm-02,raw/who.gho.cm-02/2026/09/20260907T155717Z-89bc69b90b61.json.gz,2
who.gho.cm-02,CM_02:LUX:SEX_BTSX:AGEGROUP_MONTHS0-11,1975-01-01,2026-09-07T15:57:35Z,high,58.0,,who.gho.cm-02,raw/who.gho.cm-02/2026/09/20260907T155735Z-be5ff4c5352d.json.gz,2
who.gho.cm-02,CM_02:LUX:SEX_BTSX:AGEGROUP_MONTHS0-11,1975-01-01,2026-09-07T15:57:35Z,low,51.0,,who.gho.cm-02,raw/who.gho.cm-02/2026/09/20260907T155735Z-be5ff4c5352d.json.gz,2
who.gho.cm-02,CM_02:LUX:SEX_BTSX:AGEGROUP_MONTHS0-11,1975-01-01,2026-09-07T15:57:35Z,restated_at,2025-04-15,,who.gho.cm-02,raw/who.gho.cm-02/2026/09/20260907T155735Z-be5ff4c5352d.json.gz,2
who.gho.cm-02,CM_02:LUX:SEX_BTSX:AGEGROUP_MONTHS0-11,1975-01-01,2026-09-07T15:57:35Z,value,55.0,,who.gho.cm-02,raw/who.gho.cm-02/2026/09/20260907T155735Z-be5ff4c5352d.json.gz,2
who.gho.cm-02,CM_02:LUX:SEX_FMLE:AGEGROUP_MONTHS0-11,1975-01-01,2026-09-07T15:51:21Z,high,25.0,,who.gho.cm-02,raw/who.gho.cm-02/2026/09/20260907T155121Z-1b14643329ca.json.gz,2
who.gho.cm-02,CM_02:LUX:SEX_FMLE:AGEGROUP_MONTHS0-11,1975-01-01,2026-09-07T15:51:21Z,low,21.0,,who.gho.cm-02,raw/who.gho.cm-02/2026/09/20260907T155121Z-1b14643329ca.json.gz,2
who.gho.cm-02,CM_02:LUX:SEX_FMLE:AGEGROUP_MONTHS0-11,1975-01-01,2026-09-07T15:51:21Z,restated_at,2025-04-15,,who.gho.cm-02,raw/who.gho.cm-02/2026/09/20260907T155121Z-1b14643329ca.json.gz,2
who.gho.cm-02,CM_02:LUX:SEX_FMLE:AGEGROUP_MONTHS0-11,1975-01-01,2026-09-07T15:51:21Z,value,23.0,,who.gho.cm-02,raw/who.gho.cm-02/2026/09/20260907T155121Z-1b14643329ca.json.gz,2
who.gho.cm-02,CM_02:LUX:SEX_MLE:AGEGROUP_MONTHS0-11,1975-01-01,2026-09-07T15:56:37Z,high,34.0,,who.gho.cm-02,raw/who.gho.cm-02/2026/09/20260907T155637Z-c7bda929b138.json.gz,2
who.gho.cm-02,CM_02:LUX:SEX_MLE:AGEGROUP_MONTHS0-11,1975-01-01,2026-09-07T15:56:37Z,low,29.0,,who.gho.cm-02,raw/who.gho.cm-02/2026/09/20260907T155637Z-c7bda929b138.json.gz,2
who.gho.cm-02,CM_02:LUX:SEX_MLE:AGEGROUP_MONTHS0-11,1975-01-01,2026-09-07T15:56:37Z,restated_at,2025-04-15,,who.gho.cm-02,raw/who.gho.cm-02/2026/09/20260907T155637Z-c7bda929b138.json.gz,2
who.gho.cm-02,CM_02:LUX:SEX_MLE:AGEGROUP_MONTHS0-11,1975-01-01,2026-09-07T15:56:37Z,value,32.0,,who.gho.cm-02,raw/who.gho.cm-02/2026/09/20260907T155637Z-c7bda929b138.json.gz,2
who.gho.cm-02,CM_02:LVA:SEX_BTSX:AGEGROUP_MONTHS0-11,1975-01-01,2026-09-07T15:50:57Z,high,622.0,,who.gho.cm-02,raw/who.gho.cm-02/2026/09/20260907T155057Z-e03fd9f60113.json.gz,2
who.gho.cm-02,CM_02:LVA:SEX_BTSX:AGEGROUP_MONTHS0-11,1975-01-01,2026-09-07T15:50:57Z,low,542.0,,who.gho.cm-02,raw/who.gho.cm-02/2026/09/20260907T155057Z-e03fd9f60113.json.gz,2
who.gho.cm-02,CM_02:LVA:SEX_BTSX:AGEGROUP_MONTHS0-11,1975-01-01,2026-09-07T15:50:57Z,restated_at,2026-08-04,,who.gho.cm-02,raw/who.gho.cm-02/2026/09/20260907T155057Z-e03fd9f60113.json.gz,2
who.gho.cm-02,CM_02:LVA:SEX_BTSX:AGEGROUP_MONTHS0-11,1975-01-01,2026-09-07T15:50:57Z,value,580.0,,who.gho.cm-02,raw/who.gho.cm-02/2026/09/20260907T155057Z-e03fd9f60113.json.gz,2
who.gho.cm-02,CM_02:LVA:SEX_FMLE:AGEGROUP_MONTHS0-11,1975-01-01,2026-09-07T15:50:57Z,high,263.0,,who.gho.cm-02,raw/who.gho.cm-02/2026/09/20260907T155057Z-e03fd9f60113.json.gz,2
who.gho.cm-02,CM_02:LVA:SEX_FMLE:AGEGROUP_MONTHS0-11,1975-01-01,2026-09-07T15:50:57Z,low,223.0,,who.gho.cm-02,raw/who.gho.cm-02/2026/09/20260907T155057Z-e03fd9f60113.json.gz,2
who.gho.cm-02,CM_02:LVA:SEX_FMLE:AGEGROUP_MONTHS0-11,1975-01-01,2026-09-07T15:50:57Z,restated_at,2026-08-04,,who.gho.cm-02,raw/who.gho.cm-02/2026/09/20260907T155057Z-e03fd9f60113.json.gz,2
who.gho.cm-02,CM_02:LVA:SEX_FMLE:AGEGROUP_MONTHS0-11,1975-01-01,2026-09-07T15:50:57Z,value,242.0,,who.gho.cm-02,raw/who.gho.cm-02/2026/09/20260907T155057Z-e03fd9f60113.json.gz,2
who.gho.cm-02,CM_02:LVA:SEX_MLE:AGEGROUP_MONTHS0-11,1975-01-01,2026-09-07T15:50:57Z,high,365.0,,who.gho.cm-02,raw/who.gho.cm-02/2026/09/20260907T155057Z-e03fd9f60113.json.gz,2
who.gho.cm-02,CM_02:LVA:SEX_MLE:AGEGROUP_MONTHS0-11,1975-01-01,2026-09-07T15:50:57Z,low,314.0,,who.gho.cm-02,raw/who.gho.cm-02/2026/09/20260907T155057Z-e03fd9f60113.json.gz,2
who.gho.cm-02,CM_02:LVA:SEX_MLE:AGEGROUP_MONTHS0-11,1975-01-01,2026-09-07T15:50:57Z,restated_at,2026-08-04,,who.gho.cm-02,raw/who.gho.cm-02/2026/09/20260907T155057Z-e03fd9f60113.json.gz,2
who.gho.cm-02,CM_02:LVA:SEX_MLE:AGEGROUP_MONTHS0-11,1975-01-01,2026-09-07T15:50:57Z,value,338.0,,who.gho.cm-02,raw/who.gho.cm-02/2026/09/20260907T155057Z-e03fd9f60113.json.gz,2
who.gho.cm-02,CM_02:MAR:SEX_BTSX:AGEGROUP_MONTHS0-11,1975-01-01,2026-09-07T15:57:26Z,high,89699.0,,who.gho.cm-02,raw/who.gho.cm-02/2026/09/20260907T155726Z-31d0241a6d30.json.gz,2
who.gho.cm-02,CM_02:MAR:SEX_BTSX:AGEGROUP_MONTHS0-11,1975-01-01,2026-09-07T15:57:26Z,low,77829.0,,who.gho.cm-02,raw/who.gho.cm-02/2026/09/20260907T155726Z-31d0241a6d30.json.gz,2
who.gho.cm-02,CM_02:MAR:SEX_BTSX:AGEGROUP_MONTHS0-11,1975-01-01,2026-09-07T15:57:26Z,restated_at,2026-08-04,,who.gho.cm-02,raw/who.gho.cm-02/2026/09/20260907T155726Z-31d0241a6d30.json.gz,2
who.gho.cm-02,CM_02:MAR:SEX_BTSX:AGEGROUP_MONTHS0-11,1975-01-01,2026-09-07T15:57:26Z,value,83478.0,,who.gho.cm-02,raw/who.gho.cm-02/2026/09/20260907T155726Z-31d0241a6d30.json.gz,2
who.gho.cm-02,CM_02:MAR:SEX_FMLE:AGEGROUP_MONTHS0-11,1975-01-01,2026-09-07T15:51:40Z,high,41164.0,,who.gho.cm-02,raw/who.gho.cm-02/2026/09/20260907T155140Z-2ccf90b4d287.json.gz,2
who.gho.cm-02,CM_02:MAR:SEX_FMLE:AGEGROUP_MONTHS0-11,1975-01-01,2026-09-07T15:51:40Z,low,35358.0,,who.gho.cm-02,raw/who.gho.cm-02/2026/09/20260907T155140Z-2ccf90b4d287.json.gz,2
who.gho.cm-02,CM_02:MAR:SEX_FMLE:AGEGROUP_MONTHS0-11,1975-01-01,2026-09-07T15:51:40Z,restated_at,2026-08-04,,who.gho.cm-02,raw/who.gho.cm-02/2026/09/20260907T155140Z-2ccf90b4d287.json.gz,2
who.gho.cm-02,CM_02:MAR:SEX_FMLE:AGEGROUP_MONTHS0-11,1975-01-01,2026-09-07T15:51:40Z,value,38127.0,,who.gho.cm-02,raw/who.gho.cm-02/2026/09/20260907T155140Z-2ccf90b4d287.json.gz,2
who.gho.cm-02,CM_02:MAR:SEX_MLE:AGEGROUP_MONTHS0-11,1975-01-01,2026-09-07T15:51:40Z,high,48889.0,,who.gho.cm-02,raw/who.gho.cm-02/2026/09/20260907T155140Z-2ccf90b4d287.json.gz,2
who.gho.cm-02,CM_02:MAR:SEX_MLE:AGEGROUP_MONTHS0-11,1975-01-01,2026-09-07T15:51:40Z,low,42063.0,,who.gho.cm-02,raw/who.gho.cm-02/2026/09/20260907T155140Z-2ccf90b4d287.json.gz,2
who.gho.cm-02,CM_02:MAR:SEX_MLE:AGEGROUP_MONTHS0-11,1975-01-01,2026-09-07T15:51:40Z,restated_at,2026-08-04,,who.gho.cm-02,raw/who.gho.cm-02/2026/09/20260907T155140Z-2ccf90b4d287.json.gz,2
who.gho.cm-02,CM_02:MAR:SEX_MLE:AGEGROUP_MONTHS0-11,1975-01-01,2026-09-07T15:51:40Z,value,45351.0,,who.gho.cm-02,raw/who.gho.cm-02/2026/09/20260907T155140Z-2ccf90b4d287.json.gz,2
who.gho.cm-02,CM_02:MDA:SEX_BTSX:AGEGROUP_MONTHS0-11,1975-01-01,2026-09-07T15:58:07Z,high,4912.0,,who.gho.cm-02,raw/who.gho.cm-02/2026/09/20260907T155807Z-33d1eb328c3d.json.gz,2
who.gho.cm-02,CM_02:MDA:SEX_BTSX:AGEGROUP_MONTHS0-11,1975-01-01,2026-09-07T15:58:07Z,low,2883.0,,who.gho.cm-02,raw/who.gho.cm-02/2026/09/20260907T155807Z-33d1eb328c3d.json.gz,2
who.gho.cm-02,CM_02:MDA:SEX_BTSX:AGEGROUP_MONTHS0-11,1975-01-01,2026-09-07T15:58:07Z,restated_at,2026-08-04,,who.gho.cm-02,raw/who.gho.cm-02/2026/09/20260907T155807Z-33d1eb328c3d.json.gz,2
who.gho.cm-02,CM_02:MDA:SEX_BTSX:AGEGROUP_MONTHS0-11,1975-01-01,2026-09-07T15:58:07Z,value,3766.0,,who.gho.cm-02,raw/who.gho.cm-02/2026/09/20260907T155807Z-33d1eb328c3d.json.gz,2
who.gho.cm-02,CM_02:MDA:SEX_FMLE:AGEGROUP_MONTHS0-11,1975-01-01,2026-09-07T15:57:44Z,high,2125.0,,who.gho.cm-02,raw/who.gho.cm-02/2026/09/20260907T155744Z-e141b36e0a87.json.gz,2
who.gho.cm-02,CM_02:MDA:SEX_FMLE:AGEGROUP_MONTHS0-11,1975-01-01,2026-09-07T15:57:44Z,low,1235.0,,who.gho.cm-02,raw/who.gho.cm-02/2026/09/20260907T155744Z-e141b36e0a87.json.gz,2
who.gho.cm-02,CM_02:MDA:SEX_FMLE:AGEGROUP_MONTHS0-11,1975-01-01,2026-09-07T15:57:44Z,restated_at,2026-08-04,,who.gho.cm-02,raw/who.gho.cm-02/2026/09/20260907T155744Z-e141b36e0a87.json.gz,2
who.gho.cm-02,CM_02:MDA:SEX_FMLE:AGEGROUP_MONTHS0-11,1975-01-01,2026-09-07T15:57:44Z,value,1613.0,,who.gho.cm-02,raw/who.gho.cm-02/2026/09/20260907T155744Z-e141b36e0a87.json.gz,2
who.gho.cm-02,CM_02:MDA:SEX_MLE:AGEGROUP_MONTHS0-11,1975-01-01,2026-09-07T15:57:59Z,high,2808.0,,who.gho.cm-02,raw/who.gho.cm-02/2026/09/20260907T155759Z-531ca935f713.json.gz,2
who.gho.cm-02,CM_02:MDA:SEX_MLE:AGEGROUP_MONTHS0-11,1975-01-01,2026-09-07T15:57:59Z,low,1641.0,,who.gho.cm-02,raw/who.gho.cm-02/2026/09/20260907T155759Z-531ca935f713.json.gz,2
who.gho.cm-02,CM_02:MDA:SEX_MLE:AGEGROUP_MONTHS0-11,1975-01-01,2026-09-07T15:57:59Z,restated_at,2026-08-04,,who.gho.cm-02,raw/who.gho.cm-02/2026/09/20260907T155759Z-531ca935f713.json.gz,2
who.gho.cm-02,CM_02:MDA:SEX_MLE:AGEGROUP_MONTHS0-11,1975-01-01,2026-09-07T15:57:59Z,value,2153.0,,who.gho.cm-02,raw/who.gho.cm-02/2026/09/20260907T155759Z-531ca935f713.json.gz,2
who.gho.cm-02,CM_02:MDG:SEX_BTSX:AGEGROUP_MONTHS0-11,1975-01-01,2026-09-07T15:57:30Z,high,34567.0,,who.gho.cm-02,raw/who.gho.cm-02/2026/09/20260907T155730Z-1fe49c27b9ed.json.gz,2
who.gho.cm-02,CM_02:MDG:SEX_BTSX:AGEGROUP_MONTHS0-11,1975-01-01,2026-09-07T15:57:30Z,low,28194.0,,who.gho.cm-02,raw/who.gho.cm-02/2026/09/20260907T155730Z-1fe49c27b9ed.json.gz,2
who.gho.cm-02,CM_02:MDG:SEX_BTSX:AGEGROUP_MONTHS0-11,1975-01-01,2026-09-07T15:57:30Z,restated_at,2026-08-04,,who.gho.cm-02,raw/who.gho.cm-02/2026/09/20260907T155730Z-1fe49c27b9ed.json.gz,2
who.gho.cm-02,CM_02:MDG:SEX_BTSX:AGEGROUP_MONTHS0-11,1975-01-01,2026-09-07T15:57:30Z,value,31200.0,,who.gho.cm-02,raw/who.gho.cm-02/2026/09/20260907T155730Z-1fe49c27b9ed.json.gz,2
who.gho.cm-02,CM_02:MDG:SEX_FMLE:AGEGROUP_MONTHS0-11,1975-01-01,2026-09-07T15:57:35Z,high,15937.0,,who.gho.cm-02,raw/who.gho.cm-02/2026/09/20260907T155735Z-be5ff4c5352d.json.gz,2
who.gho.cm-02,CM_02:MDG:SEX_FMLE:AGEGROUP_MONTHS0-11,1975-01-01,2026-09-07T15:57:35Z,low,12855.0,,who.gho.cm-02,raw/who.gho.cm-02/2026/09/20260907T155735Z-be5ff4c5352d.json.gz,2
who.gho.cm-02,CM_02:MDG:SEX_FMLE:AGEGROUP_MONTHS0-11,1975-01-01,2026-09-07T15:57:35Z,restated_at,2026-08-04,,who.gho.cm-02,raw/who.gho.cm-02/2026/09/20260907T155735Z-be5ff4c5352d.json.gz,2
who.gho.cm-02,CM_02:MDG:SEX_FMLE:AGEGROUP_MONTHS0-11,1975-01-01,2026-09-07T15:57:35Z,value,14328.0,,who.gho.cm-02,raw/who.gho.cm-02/2026/09/20260907T155735Z-be5ff4c5352d.json.gz,2
who.gho.cm-02,CM_02:MDG:SEX_MLE:AGEGROUP_MONTHS0-11,1975-01-01,2026-09-07T15:57:21Z,high,18772.0,,who.gho.cm-02,raw/who.gho.cm-02/2026/09/20260907T155721Z-a2b5c178c29b.json.gz,2
who.gho.cm-02,CM_02:MDG:SEX_MLE:AGEGROUP_MONTHS0-11,1975-01-01,2026-09-07T15:57:21Z,low,15166.0,,who.gho.cm-02,raw/who.gho.cm-02/2026/09/20260907T155721Z-a2b5c178c29b.json.gz,2
who.gho.cm-02,CM_02:MDG:SEX_MLE:AGEGROUP_MONTHS0-11,1975-01-01,2026-09-07T15:57:21Z,restated_at,2026-08-04,,who.gho.cm-02,raw/who.gho.cm-02/2026/09/20260907T155721Z-a2b5c178c29b.json.gz,2
who.gho.cm-02,CM_02:MDG:SEX_MLE:AGEGROUP_MONTHS0-11,1975-01-01,2026-09-07T15:57:21Z,value,16872.0,,who.gho.cm-02,raw/who.gho.cm-02/2026/09/20260907T155721Z-a2b5c178c29b.json.gz,2
who.gho.cm-02,CM_02:MDV:SEX_BTSX:AGEGROUP_MONTHS0-11,1975-01-01,2026-09-07T15:57:40Z,high,1153.0,,who.gho.cm-02,raw/who.gho.cm-02/2026/09/20260907T155740Z-31068700a25d.json.gz,2
who.gho.cm-02,CM_02:MDV:SEX_BTSX:AGEGROUP_MONTHS0-11,1975-01-01,2026-09-07T15:57:40Z,low,885.0,,who.gho.cm-02,raw/who.gho.cm-02/2026/09/20260907T155740Z-31068700a25d.json.gz,2
who.gho.cm-02,CM_02:MDV:SEX_BTSX:AGEGROUP_MONTHS0-11,1975-01-01,2026-09-07T15:57:40Z,restated_at,2026-08-04,,who.gho.cm-02,raw/who.gho.cm-02/2026/09/20260907T155740Z-31068700a25d.json.gz,2
who.gho.cm-02,CM_02:MDV:SEX_BTSX:AGEGROUP_MONTHS0-11,1975-01-01,2026-09-07T15:57:40Z,value,1012.0,,who.gho.cm-02,raw/who.gho.cm-02/2026/09/20260907T155740Z-31068700a25d.json.gz,2
who.gho.cm-02,CM_02:MDV:SEX_FMLE:AGEGROUP_MONTHS0-11,1975-01-01,2026-09-07T15:57:07Z,high,527.0,,who.gho.cm-02,raw/who.gho.cm-02/2026/09/20260907T155707Z-3cd3e5b56c9f.json.gz,2
who.gho.cm-02,CM_02:MDV:SEX_FMLE:AGEGROUP_MONTHS0-11,1975-01-01,2026-09-07T15:57:07Z,low,395.0,,who.gho.cm-02,raw/who.gho.cm-02/2026/09/20260907T155707Z-3cd3e5b56c9f.json.gz,2
who.gho.cm-02,CM_02:MDV:SEX_FMLE:AGEGROUP_MONTHS0-11,1975-01-01,2026-09-07T15:57:07Z,restated_at,2026-08-04,,who.gho.cm-02,raw/who.gho.cm-02/2026/09/20260907T155707Z-3cd3e5b56c9f.json.gz,2
who.gho.cm-02,CM_02:MDV:SEX_FMLE:AGEGROUP_MONTHS0-11,1975-01-01,2026-09-07T15:57:07Z,value,458.0,,who.gho.cm-02,raw/who.gho.cm-02/2026/09/20260907T155707Z-3cd3e5b56c9f.json.gz,2
who.gho.cm-02,CM_02:MDV:SEX_MLE:AGEGROUP_MONTHS0-11,1975-01-01,2026-09-07T15:57:30Z,high,635.0,,who.gho.cm-02,raw/who.gho.cm-02/2026/09/20260907T155730Z-1fe49c27b9ed.json.gz,2
who.gho.cm-02,CM_02:MDV:SEX_MLE:AGEGROUP_MONTHS0-11,1975-01-01,2026-09-07T15:57:30Z,low,480.0,,who.gho.cm-02,raw/who.gho.cm-02/2026/09/20260907T155730Z-1fe49c27b9ed.json.gz,2
who.gho.cm-02,CM_02:MDV:SEX_MLE:AGEGROUP_MONTHS0-11,1975-01-01,2026-09-07T15:57:30Z,restated_at,2026-08-04,,who.gho.cm-02,raw/who.gho.cm-02/2026/09/20260907T155730Z-1fe49c27b9ed.json.gz,2
who.gho.cm-02,CM_02:MDV:SEX_MLE:AGEGROUP_MONTHS0-11,1975-01-01,2026-09-07T15:57:30Z,value,554.0,,who.gho.cm-02,raw/who.gho.cm-02/2026/09/20260907T155730Z-1fe49c27b9ed.json.gz,2
who.gho.cm-02,CM_02:MEX:SEX_BTSX:AGEGROUP_MONTHS0-11,1975-01-01,2026-09-07T15:56:41Z,high,178980.0,,who.gho.cm-02,raw/who.gho.cm-02/2026/09/20260907T155641Z-022407e160ee.json.gz,2
who.gho.cm-02,CM_02:MEX:SEX_BTSX:AGEGROUP_MONTHS0-11,1975-01-01,2026-09-07T15:56:41Z,low,151380.0,,who.gho.cm-02,raw/who.gho.cm-02/2026/09/20260907T155641Z-022407e160ee.json.gz,2
who.gho.cm-02,CM_02:MEX:SEX_BTSX:AGEGROUP_MONTHS0-11,1975-01-01,2026-09-07T15:56:41Z,restated_at,2026-08-04,,who.gho.cm-02,raw/who.gho.cm-02/2026/09/20260907T155641Z-022407e160ee.json.gz,2
who.gho.cm-02,CM_02:MEX:SEX_BTSX:AGEGROUP_MONTHS0-11,1975-01-01,2026-09-07T15:56:41Z,value,164667.0,,who.gho.cm-02,raw/who.gho.cm-02/2026/09/20260907T155641Z-022407e160ee.json.gz,2
who.gho.cm-02,CM_02:MEX:SEX_FMLE:AGEGROUP_MONTHS0-11,1975-01-01,2026-09-07T15:51:25Z,high,80814.0,,who.gho.cm-02,raw/who.gho.cm-02/2026/09/20260907T155125Z-b41e2575e826.json.gz,2
who.gho.cm-02,CM_02:MEX:SEX_FMLE:AGEGROUP_MONTHS0-11,1975-01-01,2026-09-07T15:51:25Z,low,67042.0,,who.gho.cm-02,raw/who.gho.cm-02/2026/09/20260907T155125Z-b41e2575e826.json.gz,2
who.gho.cm-02,CM_02:MEX:SEX_FMLE:AGEGROUP_MONTHS0-11,1975-01-01,2026-09-07T15:51:25Z,restated_at,2026-08-04,,who.gho.cm-02,raw/who.gho.cm-02/2026/09/20260907T155125Z-b41e2575e826.json.gz,2
who.gho.cm-02,CM_02:MEX:SEX_FMLE:AGEGROUP_MONTHS0-11,1975-01-01,2026-09-07T15:51:25Z,value,73666.0,,who.gho.cm-02,raw/who.gho.cm-02/2026/09/20260907T155125Z-b41e2575e826.json.gz,2
who.gho.cm-02,CM_02:MEX:SEX_MLE:AGEGROUP_MONTHS0-11,1975-01-01,2026-09-07T15:57:35Z,high,99498.0,,who.gho.cm-02,raw/who.gho.cm-02/2026/09/20260907T155735Z-be5ff4c5352d.json.gz,2
who.gho.cm-02,CM_02:MEX:SEX_MLE:AGEGROUP_MONTHS0-11,1975-01-01,2026-09-07T15:57:35Z,low,82864.0,,who.gho.cm-02,raw/who.gho.cm-02/2026/09/20260907T155735Z-be5ff4c5352d.json.gz,2
who.gho.cm-02,CM_02:MEX:SEX_MLE:AGEGROUP_MONTHS0-11,1975-01-01,2026-09-07T15:57:35Z,restated_at,2026-08-04,,who.gho.cm-02,raw/who.gho.cm-02/2026/09/20260907T155735Z-be5ff4c5352d.json.gz,2
who.gho.cm-02,CM_02:MEX:SEX_MLE:AGEGROUP_MONTHS0-11,1975-01-01,2026-09-07T15:57:35Z,value,91001.0,,who.gho.cm-02,raw/who.gho.cm-02/2026/09/20260907T155735Z-be5ff4c5352d.json.gz,2
who.gho.cm-02,CM_02:MHL:SEX_BTSX:AGEGROUP_MONTHS0-11,1975-01-01,2026-09-07T15:57:21Z,high,77.0,,who.gho.cm-02,raw/who.gho.cm-02/2026/09/20260907T155721Z-a2b5c178c29b.json.gz,2
who.gho.cm-02,CM_02:MHL:SEX_BTSX:AGEGROUP_MONTHS0-11,1975-01-01,2026-09-07T15:57:21Z,low,58.0,,who.gho.cm-02,raw/who.gho.cm-02/2026/09/20260907T155721Z-a2b5c178c29b.json.gz,2
who.gho.cm-02,CM_02:MHL:SEX_BTSX:AGEGROUP_MONTHS0-11,1975-01-01,2026-09-07T15:57:21Z,restated_at,2025-04-15,,who.gho.cm-02,raw/who.gho.cm-02/2026/09/20260907T155721Z-a2b5c178c29b.json.gz,2
who.gho.cm-02,CM_02:MHL:SEX_BTSX:AGEGROUP_MONTHS0-11,1975-01-01,2026-09-07T15:57:21Z,value,67.0,,who.gho.cm-02,raw/who.gho.cm-02/2026/09/20260907T155721Z-a2b5c178c29b.json.gz,2
who.gho.cm-02,CM_02:MHL:SEX_FMLE:AGEGROUP_MONTHS0-11,1975-01-01,2026-09-07T15:58:20Z,high,34.0,,who.gho.cm-02,raw/who.gho.cm-02/2026/09/20260907T155820Z-bace8014f904.json.gz,2
who.gho.cm-02,CM_02:MHL:SEX_FMLE:AGEGROUP_MONTHS0-11,1975-01-01,2026-09-07T15:58:20Z,low,25.0,,who.gho.cm-02,raw/who.gho.cm-02/2026/09/20260907T155820Z-bace8014f904.json.gz,2
who.gho.cm-02,CM_02:MHL:SEX_FMLE:AGEGROUP_MONTHS0-11,1975-01-01,2026-09-07T15:58:20Z,restated_at,2025-04-15,,who.gho.cm-02,raw/who.gho.cm-02/2026/09/20260907T155820Z-bace8014f904.json.gz,2
who.gho.cm-02,CM_02:MHL:SEX_FMLE:AGEGROUP_MONTHS0-11,1975-01-01,2026-09-07T15:58:20Z,value,29.0,,who.gho.cm-02,raw/who.gho.cm-02/2026/09/20260907T155820Z-bace8014f904.json.gz,2
who.gho.cm-02,CM_02:MHL:SEX_MLE:AGEGROUP_MONTHS0-11,1975-01-01,2026-09-07T15:57:26Z,high,44.0,,who.gho.cm-02,raw/who.gho.cm-02/2026/09/20260907T155726Z-31d0241a6d30.json.gz,2
who.gho.cm-02,CM_02:MHL:SEX_MLE:AGEGROUP_MONTHS0-11,1975-01-01,2026-09-07T15:57:26Z,low,33.0,,who.gho.cm-02,raw/who.gho.cm-02/2026/09/20260907T155726Z-31d0241a6d30.json.gz,2
who.gho.cm-02,CM_02:MHL:SEX_MLE:AGEGROUP_MONTHS0-11,1975-01-01,2026-09-07T15:57:26Z,restated_at,2025-04-15,,who.gho.cm-02,raw/who.gho.cm-02/2026/09/20260907T155726Z-31d0241a6d30.json.gz,2
who.gho.cm-02,CM_02:MHL:SEX_MLE:AGEGROUP_MONTHS0-11,1975-01-01,2026-09-07T15:57:26Z,value,38.0,,who.gho.cm-02,raw/who.gho.cm-02/2026/09/20260907T155726Z-31d0241a6d30.json.gz,2
who.gho.cm-02,CM_02:MLI:SEX_BTSX:AGEGROUP_MONTHS0-11,1975-01-01,2026-09-07T15:52:37Z,high,63816.0,,who.gho.cm-02,raw/who.gho.cm-02/2026/09/20260907T155237Z-35c7d31783eb.json.gz,2
who.gho.cm-02,CM_02:MLI:SEX_BTSX:AGEGROUP_MONTHS0-11,1975-01-01,2026-09-07T15:52:37Z,low,54019.0,,who.gho.cm-02,raw/who.gho.cm-02/2026/09/20260907T155237Z-35c7d31783eb.json.gz,2
who.gho.cm-02,CM_02:MLI:SEX_BTSX:AGEGROUP_MONTHS0-11,1975-01-01,2026-09-07T15:52:37Z,restated_at,2026-08-04,,who.gho.cm-02,raw/who.gho.cm-02/2026/09/20260907T155237Z-35c7d31783eb.json.gz,2
who.gho.cm-02,CM_02:MLI:SEX_BTSX:AGEGROUP_MONTHS0-11,1975-01-01,2026-09-07T15:52:37Z,value,58750.0,,who.gho.cm-02,raw/who.gho.cm-02/2026/09/20260907T155237Z-35c7d31783eb.json.gz,2
who.gho.cm-02,CM_02:MLI:SEX_FMLE:AGEGROUP_MONTHS0-11,1975-01-01,2026-09-07T15:51:21Z,high,29274.0,,who.gho.cm-02,raw/who.gho.cm-02/2026/09/20260907T155121Z-1b14643329ca.json.gz,2
who.gho.cm-02,CM_02:MLI:SEX_FMLE:AGEGROUP_MONTHS0-11,1975-01-01,2026-09-07T15:51:21Z,low,24573.0,,who.gho.cm-02,raw/who.gho.cm-02/2026/09/20260907T155121Z-1b14643329ca.json.gz,2
who.gho.cm-02,CM_02:MLI:SEX_FMLE:AGEGROUP_MONTHS0-11,1975-01-01,2026-09-07T15:51:21Z,restated_at,2026-08-04,,who.gho.cm-02,raw/who.gho.cm-02/2026/09/20260907T155121Z-1b14643329ca.json.gz,2
who.gho.cm-02,CM_02:MLI:SEX_FMLE:AGEGROUP_MONTHS0-11,1975-01-01,2026-09-07T15:51:21Z,value,26818.0,,who.gho.cm-02,raw/who.gho.cm-02/2026/09/20260907T155121Z-1b14643329ca.json.gz,2
who.gho.cm-02,CM_02:MLI:SEX_MLE:AGEGROUP_MONTHS0-11,1975-01-01,2026-09-07T15:58:20Z,high,34770.0,,who.gho.cm-02,raw/who.gho.cm-02/2026/09/20260907T155820Z-bace8014f904.json.gz,2
who.gho.cm-02,CM_02:MLI:SEX_MLE:AGEGROUP_MONTHS0-11,1975-01-01,2026-09-07T15:58:20Z,low,29255.0,,who.gho.cm-02,raw/who.gho.cm-02/2026/09/20260907T155820Z-bace8014f904.json.gz,2
who.gho.cm-02,CM_02:MLI:SEX_MLE:AGEGROUP_MONTHS0-11,1975-01-01,2026-09-07T15:58:20Z,restated_at,2026-08-04,,who.gho.cm-02,raw/who.gho.cm-02/2026/09/20260907T155820Z-bace8014f904.json.gz,2
who.gho.cm-02,CM_02:MLI:SEX_MLE:AGEGROUP_MONTHS0-11,1975-01-01,2026-09-07T15:58:20Z,value,31932.0,,who.gho.cm-02,raw/who.gho.cm-02/2026/09/20260907T155820Z-bace8014f904.json.gz,2
who.gho.cm-02,CM_02:MLT:SEX_BTSX:AGEGROUP_MONTHS0-11,1975-01-01,2026-09-07T15:51:21Z,high,127.0,,who.gho.cm-02,raw/who.gho.cm-02/2026/09/20260907T155121Z-1b14643329ca.json.gz,2
who.gho.cm-02,CM_02:MLT:SEX_BTSX:AGEGROUP_MONTHS0-11,1975-01-01,2026-09-07T15:51:21Z,low,114.0,,who.gho.cm-02,raw/who.gho.cm-02/2026/09/20260907T155121Z-1b14643329ca.json.gz,2
who.gho.cm-02,CM_02:MLT:SEX_BTSX:AGEGROUP_MONTHS0-11,1975-01-01,2026-09-07T15:51:21Z,restated_at,2025-04-15,,who.gho.cm-02,raw/who.gho.cm-02/2026/09/20260907T155121Z-1b14643329ca.json.gz,2
who.gho.cm-02,CM_02:MLT:SEX_BTSX:AGEGROUP_MONTHS0-11,1975-01-01,2026-09-07T15:51:21Z,value,120.0,,who.gho.cm-02,raw/who.gho.cm-02/2026/09/20260907T155121Z-1b14643329ca.json.gz,2
who.gho.cm-02,CM_02:MLT:SEX_FMLE:AGEGROUP_MONTHS0-11,1975-01-01,2026-09-07T15:58:20Z,high,56.0,,who.gho.cm-02,raw/who.gho.cm-02/2026/09/20260907T155820Z-bace8014f904.json.gz,2
who.gho.cm-02,CM_02:MLT:SEX_FMLE:AGEGROUP_MONTHS0-11,1975-01-01,2026-09-07T15:58:20Z,low,49.0,,who.gho.cm-02,raw/who.gho.cm-02/2026/09/20260907T155820Z-bace8014f904.json.gz,2
who.gho.cm-02,CM_02:MLT:SEX_FMLE:AGEGROUP_MONTHS0-11,1975-01-01,2026-09-07T15:58:20Z,restated_at,2025-04-15,,who.gho.cm-02,raw/who.gho.cm-02/2026/09/20260907T155820Z-bace8014f904.json.gz,2
who.gho.cm-02,CM_02:MLT:SEX_FMLE:AGEGROUP_MONTHS0-11,1975-01-01,2026-09-07T15:58:20Z,value,52.0,,who.gho.cm-02,raw/who.gho.cm-02/2026/09/20260907T155820Z-bace8014f904.json.gz,2
who.gho.cm-02,CM_02:MLT:SEX_MLE:AGEGROUP_MONTHS0-11,1975-01-01,2026-09-07T15:57:26Z,high,72.0,,who.gho.cm-02,raw/who.gho.cm-02/2026/09/20260907T155726Z-31d0241a6d30.json.gz,2
who.gho.cm-02,CM_02:MLT:SEX_MLE:AGEGROUP_MONTHS0-11,1975-01-01,2026-09-07T15:57:26Z,low,64.0,,who.gho.cm-02,raw/who.gho.cm-02/2026/09/20260907T155726Z-31d0241a6d30.json.gz,2
who.gho.cm-02,CM_02:MLT:SEX_MLE:AGEGROUP_MONTHS0-11,1975-01-01,2026-09-07T15:57:26Z,restated_at,2025-04-15,,who.gho.cm-02,raw/who.gho.cm-02/2026/09/20260907T155726Z-31d0241a6d30.json.gz,2
who.gho.cm-02,CM_02:MLT:SEX_MLE:AGEGROUP_MONTHS0-11,1975-01-01,2026-09-07T15:57:26Z,value,68.0,,who.gho.cm-02,raw/who.gho.cm-02/2026/09/20260907T155726Z-31d0241a6d30.json.gz,2
who.gho.cm-02,CM_02:MMR:SEX_BTSX:AGEGROUP_MONTHS0-11,1975-01-01,2026-09-07T15:52:37Z,high,139288.0,,who.gho.cm-02,raw/who.gho.cm-02/2026/09/20260907T155237Z-35c7d31783eb.json.gz,2
who.gho.cm-02,CM_02:MMR:SEX_BTSX:AGEGROUP_MONTHS0-11,1975-01-01,2026-09-07T15:52:37Z,low,100389.0,,who.gho.cm-02,raw/who.gho.cm-02/2026/09/20260907T155237Z-35c7d31783eb.json.gz,2
who.gho.cm-02,CM_02:MMR:SEX_BTSX:AGEGROUP_MONTHS0-11,1975-01-01,2026-09-07T15:52:37Z,restated_at,2026-08-04,,who.gho.cm-02,raw/who.gho.cm-02/2026/09/20260907T155237Z-35c7d31783eb.json.gz,2
who.gho.cm-02,CM_02:MMR:SEX_BTSX:AGEGROUP_MONTHS0-11,1975-01-01,2026-09-07T15:52:37Z,value,118188.0,,who.gho.cm-02,raw/who.gho.cm-02/2026/09/20260907T155237Z-35c7d31783eb.json.gz,2
who.gho.cm-02,CM_02:MMR:SEX_FMLE:AGEGROUP_MONTHS0-11,1975-01-01,2026-09-07T15:51:05Z,high,62384.0,,who.gho.cm-02,raw/who.gho.cm-02/2026/09/20260907T155105Z-bd351d716a31.json.gz,2
who.gho.cm-02,CM_02:MMR:SEX_FMLE:AGEGROUP_MONTHS0-11,1975-01-01,2026-09-07T15:51:05Z,low,44193.0,,who.gho.cm-02,raw/who.gho.cm-02/2026/09/20260907T155105Z-bd351d716a31.json.gz,2
who.gho.cm-02,CM_02:MMR:SEX_FMLE:AGEGROUP_MONTHS0-11,1975-01-01,2026-09-07T15:51:05Z,restated_at,2026-08-04,,who.gho.cm-02,raw/who.gho.cm-02/2026/09/20260907T155105Z-bd351d716a31.json.gz,2
who.gho.cm-02,CM_02:MMR:SEX_FMLE:AGEGROUP_MONTHS0-11,1975-01-01,2026-09-07T15:51:05Z,value,52529.0,,who.gho.cm-02,raw/who.gho.cm-02/2026/09/20260907T155105Z-bd351d716a31.json.gz,2
who.gho.cm-02,CM_02:MMR:SEX_MLE:AGEGROUP_MONTHS0-11,1975-01-01,2026-09-07T15:57:26Z,high,77684.0,,who.gho.cm-02,raw/who.gho.cm-02/2026/09/20260907T155726Z-31d0241a6d30.json.gz,2
who.gho.cm-02,CM_02:MMR:SEX_MLE:AGEGROUP_MONTHS0-11,1975-01-01,2026-09-07T15:57:26Z,low,55424.0,,who.gho.cm-02,raw/who.gho.cm-02/2026/09/20260907T155726Z-31d0241a6d30.json.gz,2
who.gho.cm-02,CM_02:MMR:SEX_MLE:AGEGROUP_MONTHS0-11,1975-01-01,2026-09-07T15:57:26Z,restated_at,2026-08-04,,who.gho.cm-02,raw/who.gho.cm-02/2026/09/20260907T155726Z-31d0241a6d30.json.gz,2
who.gho.cm-02,CM_02:MMR:SEX_MLE:AGEGROUP_MONTHS0-11,1975-01-01,2026-09-07T15:57:26Z,value,65659.0,,who.gho.cm-02,raw/who.gho.cm-02/2026/09/20260907T155726Z-31d0241a6d30.json.gz,2
who.gho.cm-02,CM_02:MOZ:SEX_BTSX:AGEGROUP_MONTHS0-11,1975-01-01,2026-09-07T15:57:17Z,high,78953.0,,who.gho.cm-02,raw/who.gho.cm-02/2026/09/20260907T155717Z-89bc69b90b61.json.gz,2
who.gho.cm-02,CM_02:MOZ:SEX_BTSX:AGEGROUP_MONTHS0-11,1975-01-01,2026-09-07T15:57:17Z,low,57211.0,,who.gho.cm-02,raw/who.gho.cm-02/2026/09/20260907T155717Z-89bc69b90b61.json.gz,2
who.gho.cm-02,CM_02:MOZ:SEX_BTSX:AGEGROUP_MONTHS0-11,1975-01-01,2026-09-07T15:57:17Z,restated_at,2026-08-04,,who.gho.cm-02,raw/who.gho.cm-02/2026/09/20260907T155717Z-89bc69b90b61.json.gz,2
who.gho.cm-02,CM_02:MOZ:SEX_BTSX:AGEGROUP_MONTHS0-11,1975-01-01,2026-09-07T15:57:17Z,value,67128.0,,who.gho.cm-02,raw/who.gho.cm-02/2026/09/20260907T155717Z-89bc69b90b61.json.gz,2
who.gho.cm-02,CM_02:MOZ:SEX_FMLE:AGEGROUP_MONTHS0-11,1975-01-01,2026-09-07T15:57:26Z,high,37299.0,,who.gho.cm-02,raw/who.gho.cm-02/2026/09/20260907T155726Z-31d0241a6d30.json.gz,2
who.gho.cm-02,CM_02:MOZ:SEX_FMLE:AGEGROUP_MONTHS0-11,1975-01-01,2026-09-07T15:57:26Z,low,26612.0,,who.gho.cm-02,raw/who.gho.cm-02/2026/09/20260907T155726Z-31d0241a6d30.json.gz,2
who.gho.cm-02,CM_02:MOZ:SEX_FMLE:AGEGROUP_MONTHS0-11,1975-01-01,2026-09-07T15:57:26Z,restated_at,2026-08-04,,who.gho.cm-02,raw/who.gho.cm-02/2026/09/20260907T155726Z-31d0241a6d30.json.gz,2
who.gho.cm-02,CM_02:MOZ:SEX_FMLE:AGEGROUP_MONTHS0-11,1975-01-01,2026-09-07T15:57:26Z,value,31425.0,,who.gho.cm-02,raw/who.gho.cm-02/2026/09/20260907T155726Z-31d0241a6d30.json.gz,2
who.gho.cm-02,CM_02:MOZ:SEX_MLE:AGEGROUP_MONTHS0-11,1975-01-01,2026-09-07T15:56:27Z,high,41994.0,,who.gho.cm-02,raw/who.gho.cm-02/2026/09/20260907T155627Z-19eb4e6c1215.json.gz,2
who.gho.cm-02,CM_02:MOZ:SEX_MLE:AGEGROUP_MONTHS0-11,1975-01-01,2026-09-07T15:56:27Z,low,30296.0,,who.gho.cm-02,raw/who.gho.cm-02/2026/09/20260907T155627Z-19eb4e6c1215.json.gz,2
who.gho.cm-02,CM_02:MOZ:SEX_MLE:AGEGROUP_MONTHS0-11,1975-01-01,2026-09-07T15:56:27Z,restated_at,2026-08-04,,who.gho.cm-02,raw/who.gho.cm-02/2026/09/20260907T155627Z-19eb4e6c1215.json.gz,2
who.gho.cm-02,CM_02:MOZ:SEX_MLE:AGEGROUP_MONTHS0-11,1975-01-01,2026-09-07T15:56:27Z,value,35703.0,,who.gho.cm-02,raw/who.gho.cm-02/2026/09/20260907T155627Z-19eb4e6c1215.json.gz,2
who.gho.cm-02,CM_02:MRT:SEX_BTSX:AGEGROUP_MONTHS0-11,1975-01-01,2026-09-07T15:52:26Z,high,6727.0,,who.gho.cm-02,raw/who.gho.cm-02/2026/09/20260907T155226Z-b536cc4a2b4c.json.gz,2
who.gho.cm-02,CM_02:MRT:SEX_BTSX:AGEGROUP_MONTHS0-11,1975-01-01,2026-09-07T15:52:26Z,low,5613.0,,who.gho.cm-02,raw/who.gho.cm-02/2026/09/20260907T155226Z-b536cc4a2b4c.json.gz,2
who.gho.cm-02,CM_02:MRT:SEX_BTSX:AGEGROUP_MONTHS0-11,1975-01-01,2026-09-07T15:52:26Z,restated_at,2026-08-04,,who.gho.cm-02,raw/who.gho.cm-02/2026/09/20260907T155226Z-b536cc4a2b4c.json.gz,2
who.gho.cm-02,CM_02:MRT:SEX_BTSX:AGEGROUP_MONTHS0-11,1975-01-01,2026-09-07T15:52:26Z,value,6142.0,,who.gho.cm-02,raw/who.gho.cm-02/2026/09/20260907T155226Z-b536cc4a2b4c.json.gz,2
who.gho.cm-02,CM_02:MRT:SEX_FMLE:AGEGROUP_MONTHS0-11,1975-01-01,2026-09-07T15:52:37Z,high,3014.0,,who.gho.cm-02,raw/who.gho.cm-02/2026/09/20260907T155237Z-35c7d31783eb.json.gz,2
who.gho.cm-02,CM_02:MRT:SEX_FMLE:AGEGROUP_MONTHS0-11,1975-01-01,2026-09-07T15:52:37Z,low,2473.0,,who.gho.cm-02,raw/who.gho.cm-02/2026/09/20260907T155237Z-35c7d31783eb.json.gz,2
who.gho.cm-02,CM_02:MRT:SEX_FMLE:AGEGROUP_MONTHS0-11,1975-01-01,2026-09-07T15:52:37Z,restated_at,2026-08-04,,who.gho.cm-02,raw/who.gho.cm-02/2026/09/20260907T155237Z-35c7d31783eb.json.gz,2
who.gho.cm-02,CM_02:MRT:SEX_FMLE:AGEGROUP_MONTHS0-11,1975-01-01,2026-09-07T15:52:37Z,value,2729.0,,who.gho.cm-02,raw/who.gho.cm-02/2026/09/20260907T155237Z-35c7d31783eb.json.gz,2
who.gho.cm-02,CM_02:MRT:SEX_MLE:AGEGROUP_MONTHS0-11,1975-01-01,2026-09-07T15:57:07Z,high,3753.0,,who.gho.cm-02,raw/who.gho.cm-02/2026/09/20260907T155707Z-3cd3e5b56c9f.json.gz,2
who.gho.cm-02,CM_02:MRT:SEX_MLE:AGEGROUP_MONTHS0-11,1975-01-01,2026-09-07T15:57:07Z,low,3103.0,,who.gho.cm-02,raw/who.gho.cm-02/2026/09/20260907T155707Z-3cd3e5b56c9f.json.gz,2
who.gho.cm-02,CM_02:MRT:SEX_MLE:AGEGROUP_MONTHS0-11,1975-01-01,2026-09-07T15:57:07Z,restated_at,2026-08-04,,who.gho.cm-02,raw/who.gho.cm-02/2026/09/20260907T155707Z-3cd3e5b56c9f.json.gz,2
who.gho.cm-02,CM_02:MRT:SEX_MLE:AGEGROUP_MONTHS0-11,1975-01-01,2026-09-07T15:57:07Z,value,3413.0,,who.gho.cm-02,raw/who.gho.cm-02/2026/09/20260907T155707Z-3cd3e5b56c9f.json.gz,2
who.gho.cm-02,CM_02:MSR:SEX_BTSX:AGEGROUP_MONTHS0-11,1975-01-01,2026-09-07T15:51:54Z,high,11.0,,who.gho.cm-02,raw/who.gho.cm-02/2026/09/20260907T155154Z-820134cf428b.json.gz,2
who.gho.cm-02,CM_02:MSR:SEX_BTSX:AGEGROUP_MONTHS0-11,1975-01-01,2026-09-07T15:51:54Z,low,8.0,,who.gho.cm-02,raw/who.gho.cm-02/2026/09/20260907T155154Z-820134cf428b.json.gz,2
who.gho.cm-02,CM_02:MSR:SEX_BTSX:AGEGROUP_MONTHS0-11,1975-01-01,2026-09-07T15:51:54Z,restated_at,2025-04-15,,who.gho.cm-02,raw/who.gho.cm-02/2026/09/20260907T155154Z-820134cf428b.json.gz,2
who.gho.cm-02,CM_02:MSR:SEX_BTSX:AGEGROUP_MONTHS0-11,1975-01-01,2026-09-07T15:51:54Z,value,10.0,,who.gho.cm-02,raw/who.gho.cm-02/2026/09/20260907T155154Z-820134cf428b.json.gz,2
who.gho.cm-02,CM_02:MSR:SEX_FMLE:AGEGROUP_MONTHS0-11,1975-01-01,2026-09-07T15:52:03Z,high,6.0,,who.gho.cm-02,raw/who.gho.cm-02/2026/09/20260907T155203Z-07dabadb5738.json.gz,2
who.gho.cm-02,CM_02:MSR:SEX_FMLE:AGEGROUP_MONTHS0-11,1975-01-01,2026-09-07T15:52:03Z,low,4.0,,who.gho.cm-02,raw/who.gho.cm-02/2026/09/20260907T155203Z-07dabadb5738.json.gz,2
who.gho.cm-02,CM_02:MSR:SEX_FMLE:AGEGROUP_MONTHS0-11,1975-01-01,2026-09-07T15:52:03Z,restated_at,2025-04-15,,who.gho.cm-02,raw/who.gho.cm-02/2026/09/20260907T155203Z-07dabadb5738.json.gz,2
who.gho.cm-02,CM_02:MSR:SEX_FMLE:AGEGROUP_MONTHS0-11,1975-01-01,2026-09-07T15:52:03Z,value,5.0,,who.gho.cm-02,raw/who.gho.cm-02/2026/09/20260907T155203Z-07dabadb5738.json.gz,2
who.gho.cm-02,CM_02:MSR:SEX_MLE:AGEGROUP_MONTHS0-11,1975-01-01,2026-09-07T15:51:30Z,high,6.0,,who.gho.cm-02,raw/who.gho.cm-02/2026/09/20260907T155130Z-b74d44aee08e.json.gz,2
who.gho.cm-02,CM_02:MSR:SEX_MLE:AGEGROUP_MONTHS0-11,1975-01-01,2026-09-07T15:51:30Z,low,4.0,,who.gho.cm-02,raw/who.gho.cm-02/2026/09/20260907T155130Z-b74d44aee08e.json.gz,2
who.gho.cm-02,CM_02:MSR:SEX_MLE:AGEGROUP_MONTHS0-11,1975-01-01,2026-09-07T15:51:30Z,restated_at,2025-04-15,,who.gho.cm-02,raw/who.gho.cm-02/2026/09/20260907T155130Z-b74d44aee08e.json.gz,2
who.gho.cm-02,CM_02:MSR:SEX_MLE:AGEGROUP_MONTHS0-11,1975-01-01,2026-09-07T15:51:30Z,value,5.0,,who.gho.cm-02,raw/who.gho.cm-02/2026/09/20260907T155130Z-b74d44aee08e.json.gz,2
who.gho.cm-02,CM_02:MUS:SEX_BTSX:AGEGROUP_MONTHS0-11,1975-01-01,2026-09-07T15:57:07Z,high,1106.0,,who.gho.cm-02,raw/who.gho.cm-02/2026/09/20260907T155707Z-3cd3e5b56c9f.json.gz,2
who.gho.cm-02,CM_02:MUS:SEX_BTSX:AGEGROUP_MONTHS0-11,1975-01-01,2026-09-07T15:57:07Z,low,1044.0,,who.gho.cm-02,raw/who.gho.cm-02/2026/09/20260907T155707Z-3cd3e5b56c9f.json.gz,2
who.gho.cm-02,CM_02:MUS:SEX_BTSX:AGEGROUP_MONTHS0-11,1975-01-01,2026-09-07T15:57:07Z,restated_at,2026-08-04,,who.gho.cm-02,raw/who.gho.cm-02/2026/09/20260907T155707Z-3cd3e5b56c9f.json.gz,2
who.gho.cm-02,CM_02:MUS:SEX_BTSX:AGEGROUP_MONTHS0-11,1975-01-01,2026-09-07T15:57:07Z,value,1075.0,,who.gho.cm-02,raw/who.gho.cm-02/2026/09/20260907T155707Z-3cd3e5b56c9f.json.gz,2
who.gho.cm-02,CM_02:MUS:SEX_FMLE:AGEGROUP_MONTHS0-11,1975-01-01,2026-09-07T15:51:25Z,high,487.0,,who.gho.cm-02,raw/who.gho.cm-02/2026/09/20260907T155125Z-b41e2575e826.json.gz,2
who.gho.cm-02,CM_02:MUS:SEX_FMLE:AGEGROUP_MONTHS0-11,1975-01-01,2026-09-07T15:51:25Z,low,453.0,,who.gho.cm-02,raw/who.gho.cm-02/2026/09/20260907T155125Z-b41e2575e826.json.gz,2
who.gho.cm-02,CM_02:MUS:SEX_FMLE:AGEGROUP_MONTHS0-11,1975-01-01,2026-09-07T15:51:25Z,restated_at,2026-08-04,,who.gho.cm-02,raw/who.gho.cm-02/2026/09/20260907T155125Z-b41e2575e826.json.gz,2
who.gho.cm-02,CM_02:MUS:SEX_FMLE:AGEGROUP_MONTHS0-11,1975-01-01,2026-09-07T15:51:25Z,value,470.0,,who.gho.cm-02,raw/who.gho.cm-02/2026/09/20260907T155125Z-b41e2575e826.json.gz,2
who.gho.cm-02,CM_02:MUS:SEX_MLE:AGEGROUP_MONTHS0-11,1975-01-01,2026-09-07T15:57:44Z,high,624.0,,who.gho.cm-02,raw/who.gho.cm-02/2026/09/20260907T155744Z-e141b36e0a87.json.gz,2
who.gho.cm-02,CM_02:MUS:SEX_MLE:AGEGROUP_MONTHS0-11,1975-01-01,2026-09-07T15:57:44Z,low,584.0,,who.gho.cm-02,raw/who.gho.cm-02/2026/09/20260907T155744Z-e141b36e0a87.json.gz,2
who.gho.cm-02,CM_02:MUS:SEX_MLE:AGEGROUP_MONTHS0-11,1975-01-01,2026-09-07T15:57:44Z,restated_at,2026-08-04,,who.gho.cm-02,raw/who.gho.cm-02/2026/09/20260907T155744Z-e141b36e0a87.json.gz,2
who.gho.cm-02,CM_02:MUS:SEX_MLE:AGEGROUP_MONTHS0-11,1975-01-01,2026-09-07T15:57:44Z,value,605.0,,who.gho.cm-02,raw/who.gho.cm-02/2026/09/20260907T155744Z-e141b36e0a87.json.gz,2
who.gho.cm-02,CM_02:MWI:SEX_BTSX:AGEGROUP_MONTHS0-11,1975-01-01,2026-09-07T15:51:05Z,high,44081.0,,who.gho.cm-02,raw/who.gho.cm-02/2026/09/20260907T155105Z-bd351d716a31.json.gz,2
who.gho.cm-02,CM_02:MWI:SEX_BTSX:AGEGROUP_MONTHS0-11,1975-01-01,2026-09-07T15:51:05Z,low,37699.0,,who.gho.cm-02,raw/who.gho.cm-02/2026/09/20260907T155105Z-bd351d716a31.json.gz,2
who.gho.cm-02,CM_02:MWI:SEX_BTSX:AGEGROUP_MONTHS0-11,1975-01-01,2026-09-07T15:51:05Z,restated_at,2026-08-04,,who.gho.cm-02,raw/who.gho.cm-02/2026/09/20260907T155105Z-bd351d716a31.json.gz,2
who.gho.cm-02,CM_02:MWI:SEX_BTSX:AGEGROUP_MONTHS0-11,1975-01-01,2026-09-07T15:51:05Z,value,40740.0,,who.gho.cm-02,raw/who.gho.cm-02/2026/09/20260907T155105Z-bd351d716a31.json.gz,2
who.gho.cm-02,CM_02:MWI:SEX_FMLE:AGEGROUP_MONTHS0-11,1975-01-01,2026-09-07T15:51:54Z,high,20899.0,,who.gho.cm-02,raw/who.gho.cm-02/2026/09/20260907T155154Z-820134cf428b.json.gz,2
who.gho.cm-02,CM_02:MWI:SEX_FMLE:AGEGROUP_MONTHS0-11,1975-01-01,2026-09-07T15:51:54Z,low,17648.0,,who.gho.cm-02,raw/who.gho.cm-02/2026/09/20260907T155154Z-820134cf428b.json.gz,2
who.gho.cm-02,CM_02:MWI:SEX_FMLE:AGEGROUP_MONTHS0-11,1975-01-01,2026-09-07T15:51:54Z,restated_at,2026-08-04,,who.gho.cm-02,raw/who.gho.cm-02/2026/09/20260907T155154Z-820134cf428b.json.gz,2
who.gho.cm-02,CM_02:MWI:SEX_FMLE:AGEGROUP_MONTHS0-11,1975-01-01,2026-09-07T15:51:54Z,value,19208.0,,who.gho.cm-02,raw/who.gho.cm-02/2026/09/20260907T155154Z-820134cf428b.json.gz,2
who.gho.cm-02,CM_02:MWI:SEX_MLE:AGEGROUP_MONTHS0-11,1975-01-01,2026-09-07T15:54:17Z,high,23414.0,,who.gho.cm-02,raw/who.gho.cm-02/2026/09/20260907T155417Z-e87fb31944b5.json.gz,2
who.gho.cm-02,CM_02:MWI:SEX_MLE:AGEGROUP_MONTHS0-11,1975-01-01,2026-09-07T15:54:17Z,low,19793.0,,who.gho.cm-02,raw/who.gho.cm-02/2026/09/20260907T155417Z-e87fb31944b5.json.gz,2
who.gho.cm-02,CM_02:MWI:SEX_MLE:AGEGROUP_MONTHS0-11,1975-01-01,2026-09-07T15:54:17Z,restated_at,2026-08-04,,who.gho.cm-02,raw/who.gho.cm-02/2026/09/20260907T155417Z-e87fb31944b5.json.gz,2
who.gho.cm-02,CM_02:MWI:SEX_MLE:AGEGROUP_MONTHS0-11,1975-01-01,2026-09-07T15:54:17Z,value,21532.0,,who.gho.cm-02,raw/who.gho.cm-02/2026/09/20260907T155417Z-e87fb31944b5.json.gz,2
who.gho.cm-02,CM_02:MYS:SEX_BTSX:AGEGROUP_MONTHS0-11,1975-01-01,2026-09-07T15:57:00Z,high,12002.0,,who.gho.cm-02,raw/who.gho.cm-02/2026/09/20260907T155700Z-8ffcb12aceff.json.gz,2
who.gho.cm-02,CM_02:MYS:SEX_BTSX:AGEGROUP_MONTHS0-11,1975-01-01,2026-09-07T15:57:00Z,low,10742.0,,who.gho.cm-02,raw/who.gho.cm-02/2026/09/20260907T155700Z-8ffcb12aceff.json.gz,2
who.gho.cm-02,CM_02:MYS:SEX_BTSX:AGEGROUP_MONTHS0-11,1975-01-01,2026-09-07T15:57:00Z,restated_at,2026-08-04,,who.gho.cm-02,raw/who.gho.cm-02/2026/09/20260907T155700Z-8ffcb12aceff.json.gz,2
who.gho.cm-02,CM_02:MYS:SEX_BTSX:AGEGROUP_MONTHS0-11,1975-01-01,2026-09-07T15:57:00Z,value,11368.0,,who.gho.cm-02,raw/who.gho.cm-02/2026/09/20260907T155700Z-8ffcb12aceff.json.gz,2
who.gho.cm-02,CM_02:MYS:SEX_FMLE:AGEGROUP_MONTHS0-11,1975-01-01,2026-09-07T15:58:25Z,high,5325.0,,who.gho.cm-02,raw/who.gho.cm-02/2026/09/20260907T155825Z-6675ad1e3bc7.json.gz,2
who.gho.cm-02,CM_02:MYS:SEX_FMLE:AGEGROUP_MONTHS0-11,1975-01-01,2026-09-07T15:58:25Z,low,4523.0,,who.gho.cm-02,raw/who.gho.cm-02/2026/09/20260907T155825Z-6675ad1e3bc7.json.gz,2
who.gho.cm-02,CM_02:MYS:SEX_FMLE:AGEGROUP_MONTHS0-11,1975-01-01,2026-09-07T15:58:25Z,restated_at,2026-08-04,,who.gho.cm-02,raw/who.gho.cm-02/2026/09/20260907T155825Z-6675ad1e3bc7.json.gz,2
who.gho.cm-02,CM_02:MYS:SEX_FMLE:AGEGROUP_MONTHS0-11,1975-01-01,2026-09-07T15:58:25Z,value,4919.0,,who.gho.cm-02,raw/who.gho.cm-02/2026/09/20260907T155825Z-6675ad1e3bc7.json.gz,2
who.gho.cm-02,CM_02:MYS:SEX_MLE:AGEGROUP_MONTHS0-11,1975-01-01,2026-09-07T15:57:49Z,high,6922.0,,who.gho.cm-02,raw/who.gho.cm-02/2026/09/20260907T155749Z-8808ed0c9a07.json.gz,2
who.gho.cm-02,CM_02:MYS:SEX_MLE:AGEGROUP_MONTHS0-11,1975-01-01,2026-09-07T15:57:49Z,low,5984.0,,who.gho.cm-02,raw/who.gho.cm-02/2026/09/20260907T155749Z-8808ed0c9a07.json.gz,2
who.gho.cm-02,CM_02:MYS:SEX_MLE:AGEGROUP_MONTHS0-11,1975-01-01,2026-09-07T15:57:49Z,restated_at,2026-08-04,,who.gho.cm-02,raw/who.gho.cm-02/2026/09/20260907T155749Z-8808ed0c9a07.json.gz,2
who.gho.cm-02,CM_02:MYS:SEX_MLE:AGEGROUP_MONTHS0-11,1975-01-01,2026-09-07T15:57:49Z,value,6449.0,,who.gho.cm-02,raw/who.gho.cm-02/2026/09/20260907T155749Z-8808ed0c9a07.json.gz,2
who.gho.cm-02,CM_02:NAM:SEX_BTSX:AGEGROUP_MONTHS0-11,1975-01-01,2026-09-07T15:57:00Z,high,2933.0,,who.gho.cm-02,raw/who.gho.cm-02/2026/09/20260907T155700Z-8ffcb12aceff.json.gz,2
who.gho.cm-02,CM_02:NAM:SEX_BTSX:AGEGROUP_MONTHS0-11,1975-01-01,2026-09-07T15:57:00Z,low,2144.0,,who.gho.cm-02,raw/who.gho.cm-02/2026/09/20260907T155700Z-8ffcb12aceff.json.gz,2
who.gho.cm-02,CM_02:NAM:SEX_BTSX:AGEGROUP_MONTHS0-11,1975-01-01,2026-09-07T15:57:00Z,restated_at,2026-08-04,,who.gho.cm-02,raw/who.gho.cm-02/2026/09/20260907T155700Z-8ffcb12aceff.json.gz,2
who.gho.cm-02,CM_02:NAM:SEX_BTSX:AGEGROUP_MONTHS0-11,1975-01-01,2026-09-07T15:57:00Z,value,2510.0,,who.gho.cm-02,raw/who.gho.cm-02/2026/09/20260907T155700Z-8ffcb12aceff.json.gz,2
who.gho.cm-02,CM_02:NAM:SEX_FMLE:AGEGROUP_MONTHS0-11,1975-01-01,2026-09-07T15:56:48Z,high,1355.0,,who.gho.cm-02,raw/who.gho.cm-02/2026/09/20260907T155648Z-e962102586d9.json.gz,2
who.gho.cm-02,CM_02:NAM:SEX_FMLE:AGEGROUP_MONTHS0-11,1975-01-01,2026-09-07T15:56:48Z,low,978.0,,who.gho.cm-02,raw/who.gho.cm-02/2026/09/20260907T155648Z-e962102586d9.json.gz,2
who.gho.cm-02,CM_02:NAM:SEX_FMLE:AGEGROUP_MONTHS0-11,1975-01-01,2026-09-07T15:56:48Z,restated_at,2026-08-04,,who.gho.cm-02,raw/who.gho.cm-02/2026/09/20260907T155648Z-e962102586d9.json.gz,2
who.gho.cm-02,CM_02:NAM:SEX_FMLE:AGEGROUP_MONTHS0-11,1975-01-01,2026-09-07T15:56:48Z,value,1155.0,,who.gho.cm-02,raw/who.gho.cm-02/2026/09/20260907T155648Z-e962102586d9.json.gz,2
who.gho.cm-02,CM_02:NAM:SEX_MLE:AGEGROUP_MONTHS0-11,1975-01-01,2026-09-07T15:58:12Z,high,1590.0,,who.gho.cm-02,raw/who.gho.cm-02/2026/09/20260907T155812Z-02a2023435be.json.gz,2
who.gho.cm-02,CM_02:NAM:SEX_MLE:AGEGROUP_MONTHS0-11,1975-01-01,2026-09-07T15:58:12Z,low,1151.0,,who.gho.cm-02,raw/who.gho.cm-02/2026/09/20260907T155812Z-02a2023435be.json.gz,2
who.gho.cm-02,CM_02:NAM:SEX_MLE:AGEGROUP_MONTHS0-11,1975-01-01,2026-09-07T15:58:12Z,restated_at,2026-08-04,,who.gho.cm-02,raw/who.gho.cm-02/2026/09/20260907T155812Z-02a2023435be.json.gz,2
who.gho.cm-02,CM_02:NAM:SEX_MLE:AGEGROUP_MONTHS0-11,1975-01-01,2026-09-07T15:58:12Z,value,1355.0,,who.gho.cm-02,raw/who.gho.cm-02/2026/09/20260907T155812Z-02a2023435be.json.gz,2
who.gho.cm-02,CM_02:NER:SEX_BTSX:AGEGROUP_MONTHS0-11,1975-01-01,2026-09-07T15:50:57Z,high,47582.0,,who.gho.cm-02,raw/who.gho.cm-02/2026/09/20260907T155057Z-e03fd9f60113.json.gz,2
who.gho.cm-02,CM_02:NER:SEX_BTSX:AGEGROUP_MONTHS0-11,1975-01-01,2026-09-07T15:50:57Z,low,39085.0,,who.gho.cm-02,raw/who.gho.cm-02/2026/09/20260907T155057Z-e03fd9f60113.json.gz,2
who.gho.cm-02,CM_02:NER:SEX_BTSX:AGEGROUP_MONTHS0-11,1975-01-01,2026-09-07T15:50:57Z,restated_at,2026-08-04,,who.gho.cm-02,raw/who.gho.cm-02/2026/09/20260907T155057Z-e03fd9f60113.json.gz,2
who.gho.cm-02,CM_02:NER:SEX_BTSX:AGEGROUP_MONTHS0-11,1975-01-01,2026-09-07T15:50:57Z,value,43154.0,,who.gho.cm-02,raw/who.gho.cm-02/2026/09/20260907T155057Z-e03fd9f60113.json.gz,2
who.gho.cm-02,CM_02:NER:SEX_FMLE:AGEGROUP_MONTHS0-11,1975-01-01,2026-09-07T15:58:04Z,high,21984.0,,who.gho.cm-02,raw/who.gho.cm-02/2026/09/20260907T155804Z-3e19927fa86a.json.gz,2
who.gho.cm-02,CM_02:NER:SEX_FMLE:AGEGROUP_MONTHS0-11,1975-01-01,2026-09-07T15:58:04Z,low,17879.0,,who.gho.cm-02,raw/who.gho.cm-02/2026/09/20260907T155804Z-3e19927fa86a.json.gz,2
who.gho.cm-02,CM_02:NER:SEX_FMLE:AGEGROUP_MONTHS0-11,1975-01-01,2026-09-07T15:58:04Z,restated_at,2026-08-04,,who.gho.cm-02,raw/who.gho.cm-02/2026/09/20260907T155804Z-3e19927fa86a.json.gz,2
who.gho.cm-02,CM_02:NER:SEX_FMLE:AGEGROUP_MONTHS0-11,1975-01-01,2026-09-07T15:58:04Z,value,19829.0,,who.gho.cm-02,raw/who.gho.cm-02/2026/09/20260907T155804Z-3e19927fa86a.json.gz,2
who.gho.cm-02,CM_02:NER:SEX_MLE:AGEGROUP_MONTHS0-11,1975-01-01,2026-09-07T15:52:26Z,high,25756.0,,who.gho.cm-02,raw/who.gho.cm-02/2026/09/20260907T155226Z-b536cc4a2b4c.json.gz,2
who.gho.cm-02,CM_02:NER:SEX_MLE:AGEGROUP_MONTHS0-11,1975-01-01,2026-09-07T15:52:26Z,low,21035.0,,who.gho.cm-02,raw/who.gho.cm-02/2026/09/20260907T155226Z-b536cc4a2b4c.json.gz,2
who.gho.cm-02,CM_02:NER:SEX_MLE:AGEGROUP_MONTHS0-11,1975-01-01,2026-09-07T15:52:26Z,restated_at,2026-08-04,,who.gho.cm-02,raw/who.gho.cm-02/2026/09/20260907T155226Z-b536cc4a2b4c.json.gz,2
who.gho.cm-02,CM_02:NER:SEX_MLE:AGEGROUP_MONTHS0-11,1975-01-01,2026-09-07T15:52:26Z,value,23325.0,,who.gho.cm-02,raw/who.gho.cm-02/2026/09/20260907T155226Z-b536cc4a2b4c.json.gz,2
who.gho.cm-02,CM_02:NGA:SEX_BTSX:AGEGROUP_MONTHS0-11,1975-01-01,2026-09-07T15:51:05Z,high,410021.0,,who.gho.cm-02,raw/who.gho.cm-02/2026/09/20260907T155105Z-bd351d716a31.json.gz,2
who.gho.cm-02,CM_02:NGA:SEX_BTSX:AGEGROUP_MONTHS0-11,1975-01-01,2026-09-07T15:51:05Z,low,332910.0,,who.gho.cm-02,raw/who.gho.cm-02/2026/09/20260907T155105Z-bd351d716a31.json.gz,2
who.gho.cm-02,CM_02:NGA:SEX_BTSX:AGEGROUP_MONTHS0-11,1975-01-01,2026-09-07T15:51:05Z,restated_at,2026-08-04,,who.gho.cm-02,raw/who.gho.cm-02/2026/09/20260907T155105Z-bd351d716a31.json.gz,2
who.gho.cm-02,CM_02:NGA:SEX_BTSX:AGEGROUP_MONTHS0-11,1975-01-01,2026-09-07T15:51:05Z,value,369738.0,,who.gho.cm-02,raw/who.gho.cm-02/2026/09/20260907T155105Z-bd351d716a31.json.gz,2
who.gho.cm-02,CM_02:NGA:SEX_FMLE:AGEGROUP_MONTHS0-11,1975-01-01,2026-09-07T15:57:49Z,high,186945.0,,who.gho.cm-02,raw/who.gho.cm-02/2026/09/20260907T155749Z-8808ed0c9a07.json.gz,2
who.gho.cm-02,CM_02:NGA:SEX_FMLE:AGEGROUP_MONTHS0-11,1975-01-01,2026-09-07T15:57:49Z,low,149652.0,,who.gho.cm-02,raw/who.gho.cm-02/2026/09/20260907T155749Z-8808ed0c9a07.json.gz,2
who.gho.cm-02,CM_02:NGA:SEX_FMLE:AGEGROUP_MONTHS0-11,1975-01-01,2026-09-07T15:57:49Z,restated_at,2026-08-04,,who.gho.cm-02,raw/who.gho.cm-02/2026/09/20260907T155749Z-8808ed0c9a07.json.gz,2
who.gho.cm-02,CM_02:NGA:SEX_FMLE:AGEGROUP_MONTHS0-11,1975-01-01,2026-09-07T15:57:49Z,value,167738.0,,who.gho.cm-02,raw/who.gho.cm-02/2026/09/20260907T155749Z-8808ed0c9a07.json.gz,2
who.gho.cm-02,CM_02:NGA:SEX_MLE:AGEGROUP_MONTHS0-11,1975-01-01,2026-09-07T15:57:40Z,high,225118.0,,who.gho.cm-02,raw/who.gho.cm-02/2026/09/20260907T155740Z-31068700a25d.json.gz,2
who.gho.cm-02,CM_02:NGA:SEX_MLE:AGEGROUP_MONTHS0-11,1975-01-01,2026-09-07T15:57:40Z,low,181509.0,,who.gho.cm-02,raw/who.gho.cm-02/2026/09/20260907T155740Z-31068700a25d.json.gz,2
who.gho.cm-02,CM_02:NGA:SEX_MLE:AGEGROUP_MONTHS0-11,1975-01-01,2026-09-07T15:57:40Z,restated_at,2026-08-04,,who.gho.cm-02,raw/who.gho.cm-02/2026/09/20260907T155740Z-31068700a25d.json.gz,2
who.gho.cm-02,CM_02:NGA:SEX_MLE:AGEGROUP_MONTHS0-11,1975-01-01,2026-09-07T15:57:40Z,value,202000.0,,who.gho.cm-02,raw/who.gho.cm-02/2026/09/20260907T155740Z-31068700a25d.json.gz,2
who.gho.cm-02,CM_02:NIC:SEX_BTSX:AGEGROUP_MONTHS0-11,1975-01-01,2026-09-07T15:57:21Z,high,15523.0,,who.gho.cm-02,raw/who.gho.cm-02/2026/09/20260907T155721Z-a2b5c178c29b.json.gz,2
who.gho.cm-02,CM_02:NIC:SEX_BTSX:AGEGROUP_MONTHS0-11,1975-01-01,2026-09-07T15:57:21Z,low,12632.0,,who.gho.cm-02,raw/who.gho.cm-02/2026/09/20260907T155721Z-a2b5c178c29b.json.gz,2
who.gho.cm-02,CM_02:NIC:SEX_BTSX:AGEGROUP_MONTHS0-11,1975-01-01,2026-09-07T15:57:21Z,restated_at,2026-08-04,,who.gho.cm-02,raw/who.gho.cm-02/2026/09/20260907T155721Z-a2b5c178c29b.json.gz,2
who.gho.cm-02,CM_02:NIC:SEX_BTSX:AGEGROUP_MONTHS0-11,1975-01-01,2026-09-07T15:57:21Z,value,13963.0,,who.gho.cm-02,raw/who.gho.cm-02/2026/09/20260907T155721Z-a2b5c178c29b.json.gz,2
who.gho.cm-02,CM_02:NIC:SEX_FMLE:AGEGROUP_MONTHS0-11,1975-01-01,2026-09-07T15:56:55Z,high,6973.0,,who.gho.cm-02,raw/who.gho.cm-02/2026/09/20260907T155655Z-a5ea76265971.json.gz,2
who.gho.cm-02,CM_02:NIC:SEX_FMLE:AGEGROUP_MONTHS0-11,1975-01-01,2026-09-07T15:56:55Z,low,5604.0,,who.gho.cm-02,raw/who.gho.cm-02/2026/09/20260907T155655Z-a5ea76265971.json.gz,2
who.gho.cm-02,CM_02:NIC:SEX_FMLE:AGEGROUP_MONTHS0-11,1975-01-01,2026-09-07T15:56:55Z,restated_at,2026-08-04,,who.gho.cm-02,raw/who.gho.cm-02/2026/09/20260907T155655Z-a5ea76265971.json.gz,2
who.gho.cm-02,CM_02:NIC:SEX_FMLE:AGEGROUP_MONTHS0-11,1975-01-01,2026-09-07T15:56:55Z,value,6241.0,,who.gho.cm-02,raw/who.gho.cm-02/2026/09/20260907T155655Z-a5ea76265971.json.gz,2
who.gho.cm-02,CM_02:NIC:SEX_MLE:AGEGROUP_MONTHS0-11,1975-01-01,2026-09-07T15:51:50Z,high,8595.0,,who.gho.cm-02,raw/who.gho.cm-02/2026/09/20260907T155150Z-b2442ef3f6e6.json.gz,2
who.gho.cm-02,CM_02:NIC:SEX_MLE:AGEGROUP_MONTHS0-11,1975-01-01,2026-09-07T15:51:50Z,low,6940.0,,who.gho.cm-02,raw/who.gho.cm-02/2026/09/20260907T155150Z-b2442ef3f6e6.json.gz,2
who.gho.cm-02,CM_02:NIC:SEX_MLE:AGEGROUP_MONTHS0-11,1975-01-01,2026-09-07T15:51:50Z,restated_at,2026-08-04,,who.gho.cm-02,raw/who.gho.cm-02/2026/09/20260907T155150Z-b2442ef3f6e6.json.gz,2
who.gho.cm-02,CM_02:NIC:SEX_MLE:AGEGROUP_MONTHS0-11,1975-01-01,2026-09-07T15:51:50Z,value,7722.0,,who.gho.cm-02,raw/who.gho.cm-02/2026/09/20260907T155150Z-b2442ef3f6e6.json.gz,2
who.gho.cm-02,CM_02:NIU:SEX_BTSX:AGEGROUP_MONTHS0-11,1975-01-01,2026-09-07T15:57:40Z,high,6.0,,who.gho.cm-02,raw/who.gho.cm-02/2026/09/20260907T155740Z-31068700a25d.json.gz,2
who.gho.cm-02,CM_02:NIU:SEX_BTSX:AGEGROUP_MONTHS0-11,1975-01-01,2026-09-07T15:57:40Z,low,4.0,,who.gho.cm-02,raw/who.gho.cm-02/2026/09/20260907T155740Z-31068700a25d.json.gz,2
who.gho.cm-02,CM_02:NIU:SEX_BTSX:AGEGROUP_MONTHS0-11,1975-01-01,2026-09-07T15:57:40Z,restated_at,2025-04-15,,who.gho.cm-02,raw/who.gho.cm-02/2026/09/20260907T155740Z-31068700a25d.json.gz,2
who.gho.cm-02,CM_02:NIU:SEX_BTSX:AGEGROUP_MONTHS0-11,1975-01-01,2026-09-07T15:57:40Z,value,5.0,,who.gho.cm-02,raw/who.gho.cm-02/2026/09/20260907T155740Z-31068700a25d.json.gz,2
who.gho.cm-02,CM_02:NIU:SEX_FMLE:AGEGROUP_MONTHS0-11,1975-01-01,2026-09-07T15:57:40Z,high,3.0,,who.gho.cm-02,raw/who.gho.cm-02/2026/09/20260907T155740Z-31068700a25d.json.gz,2
who.gho.cm-02,CM_02:NIU:SEX_FMLE:AGEGROUP_MONTHS0-11,1975-01-01,2026-09-07T15:57:40Z,low,2.0,,who.gho.cm-02,raw/who.gho.cm-02/2026/09/20260907T155740Z-31068700a25d.json.gz,2
who.gho.cm-02,CM_02:NIU:SEX_FMLE:AGEGROUP_MONTHS0-11,1975-01-01,2026-09-07T15:57:40Z,restated_at,2025-04-15,,who.gho.cm-02,raw/who.gho.cm-02/2026/09/20260907T155740Z-31068700a25d.json.gz,2
who.gho.cm-02,CM_02:NIU:SEX_FMLE:AGEGROUP_MONTHS0-11,1975-01-01,2026-09-07T15:57:40Z,value,2.0,,who.gho.cm-02,raw/who.gho.cm-02/2026/09/20260907T155740Z-31068700a25d.json.gz,2
who.gho.cm-02,CM_02:NIU:SEX_MLE:AGEGROUP_MONTHS0-11,1975-01-01,2026-09-07T15:57:12Z,high,3.0,,who.gho.cm-02,raw/who.gho.cm-02/2026/09/20260907T155712Z-98aa519eeacd.json.gz,2
who.gho.cm-02,CM_02:NIU:SEX_MLE:AGEGROUP_MONTHS0-11,1975-01-01,2026-09-07T15:57:12Z,low,2.0,,who.gho.cm-02,raw/who.gho.cm-02/2026/09/20260907T155712Z-98aa519eeacd.json.gz,2
who.gho.cm-02,CM_02:NIU:SEX_MLE:AGEGROUP_MONTHS0-11,1975-01-01,2026-09-07T15:57:12Z,restated_at,2025-04-15,,who.gho.cm-02,raw/who.gho.cm-02/2026/09/20260907T155712Z-98aa519eeacd.json.gz,2
who.gho.cm-02,CM_02:NIU:SEX_MLE:AGEGROUP_MONTHS0-11,1975-01-01,2026-09-07T15:57:12Z,value,3.0,,who.gho.cm-02,raw/who.gho.cm-02/2026/09/20260907T155712Z-98aa519eeacd.json.gz,2
who.gho.cm-02,CM_02:NLD:SEX_BTSX:AGEGROUP_MONTHS0-11,1975-01-01,2026-09-07T15:57:17Z,high,1925.0,,who.gho.cm-02,raw/who.gho.cm-02/2026/09/20260907T155717Z-89bc69b90b61.json.gz,2
who.gho.cm-02,CM_02:NLD:SEX_BTSX:AGEGROUP_MONTHS0-11,1975-01-01,2026-09-07T15:57:17Z,low,1860.0,,who.gho.cm-02,raw/who.gho.cm-02/2026/09/20260907T155717Z-89bc69b90b61.json.gz,2
who.gho.cm-02,CM_02:NLD:SEX_BTSX:AGEGROUP_MONTHS0-11,1975-01-01,2026-09-07T15:57:17Z,restated_at,2026-08-04,,who.gho.cm-02,raw/who.gho.cm-02/2026/09/20260907T155717Z-89bc69b90b61.json.gz,2
who.gho.cm-02,CM_02:NLD:SEX_BTSX:AGEGROUP_MONTHS0-11,1975-01-01,2026-09-07T15:57:17Z,value,1892.0,,who.gho.cm-02,raw/who.gho.cm-02/2026/09/20260907T155717Z-89bc69b90b61.json.gz,2
who.gho.cm-02,CM_02:NLD:SEX_FMLE:AGEGROUP_MONTHS0-11,1975-01-01,2026-09-07T15:57:54Z,high,821.0,,who.gho.cm-02,raw/who.gho.cm-02/2026/09/20260907T155754Z-3bea881db2b4.json.gz,2
who.gho.cm-02,CM_02:NLD:SEX_FMLE:AGEGROUP_MONTHS0-11,1975-01-01,2026-09-07T15:57:54Z,low,783.0,,who.gho.cm-02,raw/who.gho.cm-02/2026/09/20260907T155754Z-3bea881db2b4.json.gz,2
who.gho.cm-02,CM_02:NLD:SEX_FMLE:AGEGROUP_MONTHS0-11,1975-01-01,2026-09-07T15:57:54Z,restated_at,2026-08-04,,who.gho.cm-02,raw/who.gho.cm-02/2026/09/20260907T155754Z-3bea881db2b4.json.gz,2
who.gho.cm-02,CM_02:NLD:SEX_FMLE:AGEGROUP_MONTHS0-11,1975-01-01,2026-09-07T15:57:54Z,value,801.0,,who.gho.cm-02,raw/who.gho.cm-02/2026/09/20260907T155754Z-3bea881db2b4.json.gz,2
who.gho.cm-02,CM_02:NLD:SEX_MLE:AGEGROUP_MONTHS0-11,1975-01-01,2026-09-07T15:57:21Z,high,1114.0,,who.gho.cm-02,raw/who.gho.cm-02/2026/09/20260907T155721Z-a2b5c178c29b.json.gz,2
who.gho.cm-02,CM_02:NLD:SEX_MLE:AGEGROUP_MONTHS0-11,1975-01-01,2026-09-07T15:57:21Z,low,1067.0,,who.gho.cm-02,raw/who.gho.cm-02/2026/09/20260907T155721Z-a2b5c178c29b.json.gz,2
who.gho.cm-02,CM_02:NLD:SEX_MLE:AGEGROUP_MONTHS0-11,1975-01-01,2026-09-07T15:57:21Z,restated_at,2026-08-04,,who.gho.cm-02,raw/who.gho.cm-02/2026/09/20260907T155721Z-a2b5c178c29b.json.gz,2
who.gho.cm-02,CM_02:NLD:SEX_MLE:AGEGROUP_MONTHS0-11,1975-01-01,2026-09-07T15:57:21Z,value,1091.0,,who.gho.cm-02,raw/who.gho.cm-02/2026/09/20260907T155721Z-a2b5c178c29b.json.gz,2
who.gho.cm-02,CM_02:NOR:SEX_BTSX:AGEGROUP_MONTHS0-11,1975-01-01,2026-09-07T15:57:44Z,high,620.0,,who.gho.cm-02,raw/who.gho.cm-02/2026/09/20260907T155744Z-e141b36e0a87.json.gz,2
who.gho.cm-02,CM_02:NOR:SEX_BTSX:AGEGROUP_MONTHS0-11,1975-01-01,2026-09-07T15:57:44Z,low,585.0,,who.gho.cm-02,raw/who.gho.cm-02/2026/09/20260907T155744Z-e141b36e0a87.json.gz,2
who.gho.cm-02,CM_02:NOR:SEX_BTSX:AGEGROUP_MONTHS0-11,1975-01-01,2026-09-07T15:57:44Z,restated_at,2026-08-04,,who.gho.cm-02,raw/who.gho.cm-02/2026/09/20260907T155744Z-e141b36e0a87.json.gz,2
who.gho.cm-02,CM_02:NOR:SEX_BTSX:AGEGROUP_MONTHS0-11,1975-01-01,2026-09-07T15:57:44Z,value,603.0,,who.gho.cm-02,raw/who.gho.cm-02/2026/09/20260907T155744Z-e141b36e0a87.json.gz,2
who.gho.cm-02,CM_02:NOR:SEX_FMLE:AGEGROUP_MONTHS0-11,1975-01-01,2026-09-07T15:56:27Z,high,263.0,,who.gho.cm-02,raw/who.gho.cm-02/2026/09/20260907T155627Z-19eb4e6c1215.json.gz,2
who.gho.cm-02,CM_02:NOR:SEX_FMLE:AGEGROUP_MONTHS0-11,1975-01-01,2026-09-07T15:56:27Z,low,244.0,,who.gho.cm-02,raw/who.gho.cm-02/2026/09/20260907T155627Z-19eb4e6c1215.json.gz,2
who.gho.cm-02,CM_02:NOR:SEX_FMLE:AGEGROUP_MONTHS0-11,1975-01-01,2026-09-07T15:56:27Z,restated_at,2026-08-04,,who.gho.cm-02,raw/who.gho.cm-02/2026/09/20260907T155627Z-19eb4e6c1215.json.gz,2
who.gho.cm-02,CM_02:NOR:SEX_FMLE:AGEGROUP_MONTHS0-11,1975-01-01,2026-09-07T15:56:27Z,value,253.0,,who.gho.cm-02,raw/who.gho.cm-02/2026/09/20260907T155627Z-19eb4e6c1215.json.gz,2
who.gho.cm-02,CM_02:NOR:SEX_MLE:AGEGROUP_MONTHS0-11,1975-01-01,2026-09-07T15:51:30Z,high,362.0,,who.gho.cm-02,raw/who.gho.cm-02/2026/09/20260907T155130Z-b74d44aee08e.json.gz,2
who.gho.cm-02,CM_02:NOR:SEX_MLE:AGEGROUP_MONTHS0-11,1975-01-01,2026-09-07T15:51:30Z,low,338.0,,who.gho.cm-02,raw/who.gho.cm-02/2026/09/20260907T155130Z-b74d44aee08e.json.gz,2
who.gho.cm-02,CM_02:NOR:SEX_MLE:AGEGROUP_MONTHS0-11,1975-01-01,2026-09-07T15:51:30Z,restated_at,2026-08-04,,who.gho.cm-02,raw/who.gho.cm-02/2026/09/20260907T155130Z-b74d44aee08e.json.gz,2
who.gho.cm-02,CM_02:NOR:SEX_MLE:AGEGROUP_MONTHS0-11,1975-01-01,2026-09-07T15:51:30Z,value,350.0,,who.gho.cm-02,raw/who.gho.cm-02/2026/09/20260907T155130Z-b74d44aee08e.json.gz,2
who.gho.cm-02,CM_02:NPL:SEX_BTSX:AGEGROUP_MONTHS0-11,1975-01-01,2026-09-07T15:50:57Z,high,99136.0,,who.gho.cm-02,raw/who.gho.cm-02/2026/09/20260907T155057Z-e03fd9f60113.json.gz,2
who.gho.cm-02,CM_02:NPL:SEX_BTSX:AGEGROUP_MONTHS0-11,1975-01-01,2026-09-07T15:50:57Z,low,84134.0,,who.gho.cm-02,raw/who.gho.cm-02/2026/09/20260907T155057Z-e03fd9f60113.json.gz,2
who.gho.cm-02,CM_02:NPL:SEX_BTSX:AGEGROUP_MONTHS0-11,1975-01-01,2026-09-07T15:50:57Z,restated_at,2026-08-04,,who.gho.cm-02,raw/who.gho.cm-02/2026/09/20260907T155057Z-e03fd9f60113.json.gz,2
who.gho.cm-02,CM_02:NPL:SEX_BTSX:AGEGROUP_MONTHS0-11,1975-01-01,2026-09-07T15:50:57Z,value,91258.0,,who.gho.cm-02,raw/who.gho.cm-02/2026/09/20260907T155057Z-e03fd9f60113.json.gz,2
who.gho.cm-02,CM_02:NPL:SEX_FMLE:AGEGROUP_MONTHS0-11,1975-01-01,2026-09-07T15:52:18Z,high,46678.0,,who.gho.cm-02,raw/who.gho.cm-02/2026/09/20260907T155218Z-7dbb6db1a58a.json.gz,2
who.gho.cm-02,CM_02:NPL:SEX_FMLE:AGEGROUP_MONTHS0-11,1975-01-01,2026-09-07T15:52:18Z,low,39159.0,,who.gho.cm-02,raw/who.gho.cm-02/2026/09/20260907T155218Z-7dbb6db1a58a.json.gz,2
who.gho.cm-02,CM_02:NPL:SEX_FMLE:AGEGROUP_MONTHS0-11,1975-01-01,2026-09-07T15:52:18Z,restated_at,2026-08-04,,who.gho.cm-02,raw/who.gho.cm-02/2026/09/20260907T155218Z-7dbb6db1a58a.json.gz,2
who.gho.cm-02,CM_02:NPL:SEX_FMLE:AGEGROUP_MONTHS0-11,1975-01-01,2026-09-07T15:52:18Z,value,42756.0,,who.gho.cm-02,raw/who.gho.cm-02/2026/09/20260907T155218Z-7dbb6db1a58a.json.gz,2
who.gho.cm-02,CM_02:NPL:SEX_MLE:AGEGROUP_MONTHS0-11,1975-01-01,2026-09-07T15:57:54Z,high,52859.0,,who.gho.cm-02,raw/who.gho.cm-02/2026/09/20260907T155754Z-3bea881db2b4.json.gz,2
who.gho.cm-02,CM_02:NPL:SEX_MLE:AGEGROUP_MONTHS0-11,1975-01-01,2026-09-07T15:57:54Z,low,44527.0,,who.gho.cm-02,raw/who.gho.cm-02/2026/09/20260907T155754Z-3bea881db2b4.json.gz,2
who.gho.cm-02,CM_02:NPL:SEX_MLE:AGEGROUP_MONTHS0-11,1975-01-01,2026-09-07T15:57:54Z,restated_at,2026-08-04,,who.gho.cm-02,raw/who.gho.cm-02/2026/09/20260907T155754Z-3bea881db2b4.json.gz,2
who.gho.cm-02,CM_02:NPL:SEX_MLE:AGEGROUP_MONTHS0-11,1975-01-01,2026-09-07T15:57:54Z,value,48502.0,,who.gho.cm-02,raw/who.gho.cm-02/2026/09/20260907T155754Z-3bea881db2b4.json.gz,2
who.gho.cm-02,CM_02:NZL:SEX_BTSX:AGEGROUP_MONTHS0-11,1975-01-01,2026-09-07T15:56:41Z,high,874.0,,who.gho.cm-02,raw/who.gho.cm-02/2026/09/20260907T155641Z-022407e160ee.json.gz,2
who.gho.cm-02,CM_02:NZL:SEX_BTSX:AGEGROUP_MONTHS0-11,1975-01-01,2026-09-07T15:56:41Z,low,837.0,,who.gho.cm-02,raw/who.gho.cm-02/2026/09/20260907T155641Z-022407e160ee.json.gz,2
who.gho.cm-02,CM_02:NZL:SEX_BTSX:AGEGROUP_MONTHS0-11,1975-01-01,2026-09-07T15:56:41Z,restated_at,2026-08-04,,who.gho.cm-02,raw/who.gho.cm-02/2026/09/20260907T155641Z-022407e160ee.json.gz,2
who.gho.cm-02,CM_02:NZL:SEX_BTSX:AGEGROUP_MONTHS0-11,1975-01-01,2026-09-07T15:56:41Z,value,855.0,,who.gho.cm-02,raw/who.gho.cm-02/2026/09/20260907T155641Z-022407e160ee.json.gz,2
who.gho.cm-02,CM_02:NZL:SEX_FMLE:AGEGROUP_MONTHS0-11,1975-01-01,2026-09-07T15:52:26Z,high,368.0,,who.gho.cm-02,raw/who.gho.cm-02/2026/09/20260907T155226Z-b536cc4a2b4c.json.gz,2
who.gho.cm-02,CM_02:NZL:SEX_FMLE:AGEGROUP_MONTHS0-11,1975-01-01,2026-09-07T15:52:26Z,low,346.0,,who.gho.cm-02,raw/who.gho.cm-02/2026/09/20260907T155226Z-b536cc4a2b4c.json.gz,2
who.gho.cm-02,CM_02:NZL:SEX_FMLE:AGEGROUP_MONTHS0-11,1975-01-01,2026-09-07T15:52:26Z,restated_at,2025-04-15,,who.gho.cm-02,raw/who.gho.cm-02/2026/09/20260907T155226Z-b536cc4a2b4c.json.gz,2
who.gho.cm-02,CM_02:NZL:SEX_FMLE:AGEGROUP_MONTHS0-11,1975-01-01,2026-09-07T15:52:26Z,value,357.0,,who.gho.cm-02,raw/who.gho.cm-02/2026/09/20260907T155226Z-b536cc4a2b4c.json.gz,2
who.gho.cm-02,CM_02:NZL:SEX_MLE:AGEGROUP_MONTHS0-11,1975-01-01,2026-09-07T15:51:40Z,high,512.0,,who.gho.cm-02,raw/who.gho.cm-02/2026/09/20260907T155140Z-2ccf90b4d287.json.gz,2
who.gho.cm-02,CM_02:NZL:SEX_MLE:AGEGROUP_MONTHS0-11,1975-01-01,2026-09-07T15:51:40Z,low,486.0,,who.gho.cm-02,raw/who.gho.cm-02/2026/09/20260907T155140Z-2ccf90b4d287.json.gz,2
who.gho.cm-02,CM_02:NZL:SEX_MLE:AGEGROUP_MONTHS0-11,1975-01-01,2026-09-07T15:51:40Z,restated_at,2025-04-15,,who.gho.cm-02,raw/who.gho.cm-02/2026/09/20260907T155140Z-2ccf90b4d287.json.gz,2
who.gho.cm-02,CM_02:NZL:SEX_MLE:AGEGROUP_MONTHS0-11,1975-01-01,2026-09-07T15:51:40Z,value,498.0,,who.gho.cm-02,raw/who.gho.cm-02/2026/09/20260907T155140Z-2ccf90b4d287.json.gz,2
who.gho.cm-02,CM_02:OMN:SEX_BTSX:AGEGROUP_MONTHS0-11,1975-01-01,2026-09-07T15:50:52Z,high,5422.0,,who.gho.cm-02,raw/who.gho.cm-02/2026/09/20260907T155052Z-3109a96dcee3.json.gz,2
who.gho.cm-02,CM_02:OMN:SEX_BTSX:AGEGROUP_MONTHS0-11,1975-01-01,2026-09-07T15:50:52Z,low,4158.0,,who.gho.cm-02,raw/who.gho.cm-02/2026/09/20260907T155052Z-3109a96dcee3.json.gz,2
who.gho.cm-02,CM_02:OMN:SEX_BTSX:AGEGROUP_MONTHS0-11,1975-01-01,2026-09-07T15:50:52Z,restated_at,2026-08-04,,who.gho.cm-02,raw/who.gho.cm-02/2026/09/20260907T155052Z-3109a96dcee3.json.gz,2
who.gho.cm-02,CM_02:OMN:SEX_BTSX:AGEGROUP_MONTHS0-11,1975-01-01,2026-09-07T15:50:52Z,value,4768.0,,who.gho.cm-02,raw/who.gho.cm-02/2026/09/20260907T155052Z-3109a96dcee3.json.gz,2
who.gho.cm-02,CM_02:OMN:SEX_FMLE:AGEGROUP_MONTHS0-11,1975-01-01,2026-09-07T15:57:44Z,high,2496.0,,who.gho.cm-02,raw/who.gho.cm-02/2026/09/20260907T155744Z-e141b36e0a87.json.gz,2
who.gho.cm-02,CM_02:OMN:SEX_FMLE:AGEGROUP_MONTHS0-11,1975-01-01,2026-09-07T15:57:44Z,low,1869.0,,who.gho.cm-02,raw/who.gho.cm-02/2026/09/20260907T155744Z-e141b36e0a87.json.gz,2
who.gho.cm-02,CM_02:OMN:SEX_FMLE:AGEGROUP_MONTHS0-11,1975-01-01,2026-09-07T15:57:44Z,restated_at,2026-08-04,,who.gho.cm-02,raw/who.gho.cm-02/2026/09/20260907T155744Z-e141b36e0a87.json.gz,2
who.gho.cm-02,CM_02:OMN:SEX_FMLE:AGEGROUP_MONTHS0-11,1975-01-01,2026-09-07T15:57:44Z,value,2176.0,,who.gho.cm-02,raw/who.gho.cm-02/2026/09/20260907T155744Z-e141b36e0a87.json.gz,2
who.gho.cm-02,CM_02:OMN:SEX_MLE:AGEGROUP_MONTHS0-11,1975-01-01,2026-09-07T15:57:40Z,high,2970.0,,who.gho.cm-02,raw/who.gho.cm-02/2026/09/20260907T155740Z-31068700a25d.json.gz,2
who.gho.cm-02,CM_02:OMN:SEX_MLE:AGEGROUP_MONTHS0-11,1975-01-01,2026-09-07T15:57:40Z,low,2241.0,,who.gho.cm-02,raw/who.gho.cm-02/2026/09/20260907T155740Z-31068700a25d.json.gz,2
who.gho.cm-02,CM_02:OMN:SEX_MLE:AGEGROUP_MONTHS0-11,1975-01-01,2026-09-07T15:57:40Z,restated_at,2026-08-04,,who.gho.cm-02,raw/who.gho.cm-02/2026/09/20260907T155740Z-31068700a25d.json.gz,2
who.gho.cm-02,CM_02:OMN:SEX_MLE:AGEGROUP_MONTHS0-11,1975-01-01,2026-09-07T15:57:40Z,value,2592.0,,who.gho.cm-02,raw/who.gho.cm-02/2026/09/20260907T155740Z-31068700a25d.json.gz,2
who.gho.cm-02,CM_02:PAK:SEX_BTSX:AGEGROUP_MONTHS0-11,1975-01-01,2026-09-07T15:56:27Z,high,406312.0,,who.gho.cm-02,raw/who.gho.cm-02/2026/09/20260907T155627Z-19eb4e6c1215.json.gz,2
who.gho.cm-02,CM_02:PAK:SEX_BTSX:AGEGROUP_MONTHS0-11,1975-01-01,2026-09-07T15:56:27Z,low,356254.0,,who.gho.cm-02,raw/who.gho.cm-02/2026/09/20260907T155627Z-19eb4e6c1215.json.gz,2
who.gho.cm-02,CM_02:PAK:SEX_BTSX:AGEGROUP_MONTHS0-11,1975-01-01,2026-09-07T15:56:27Z,restated_at,2026-08-04,,who.gho.cm-02,raw/who.gho.cm-02/2026/09/20260907T155627Z-19eb4e6c1215.json.gz,2
who.gho.cm-02,CM_02:PAK:SEX_BTSX:AGEGROUP_MONTHS0-11,1975-01-01,2026-09-07T15:56:27Z,value,380897.0,,who.gho.cm-02,raw/who.gho.cm-02/2026/09/20260907T155627Z-19eb4e6c1215.json.gz,2
who.gho.cm-02,CM_02:PAK:SEX_FMLE:AGEGROUP_MONTHS0-11,1975-01-01,2026-09-07T15:51:30Z,high,190142.0,,who.gho.cm-02,raw/who.gho.cm-02/2026/09/20260907T155130Z-b74d44aee08e.json.gz,2
who.gho.cm-02,CM_02:PAK:SEX_FMLE:AGEGROUP_MONTHS0-11,1975-01-01,2026-09-07T15:51:30Z,low,164481.0,,who.gho.cm-02,raw/who.gho.cm-02/2026/09/20260907T155130Z-b74d44aee08e.json.gz,2
who.gho.cm-02,CM_02:PAK:SEX_FMLE:AGEGROUP_MONTHS0-11,1975-01-01,2026-09-07T15:51:30Z,restated_at,2026-08-04,,who.gho.cm-02,raw/who.gho.cm-02/2026/09/20260907T155130Z-b74d44aee08e.json.gz,2
who.gho.cm-02,CM_02:PAK:SEX_FMLE:AGEGROUP_MONTHS0-11,1975-01-01,2026-09-07T15:51:30Z,value,177080.0,,who.gho.cm-02,raw/who.gho.cm-02/2026/09/20260907T155130Z-b74d44aee08e.json.gz,2
who.gho.cm-02,CM_02:PAK:SEX_MLE:AGEGROUP_MONTHS0-11,1975-01-01,2026-09-07T15:52:37Z,high,218433.0,,who.gho.cm-02,raw/who.gho.cm-02/2026/09/20260907T155237Z-35c7d31783eb.json.gz,2
who.gho.cm-02,CM_02:PAK:SEX_MLE:AGEGROUP_MONTHS0-11,1975-01-01,2026-09-07T15:52:37Z,low,189621.0,,who.gho.cm-02,raw/who.gho.cm-02/2026/09/20260907T155237Z-35c7d31783eb.json.gz,2
who.gho.cm-02,CM_02:PAK:SEX_MLE:AGEGROUP_MONTHS0-11,1975-01-01,2026-09-07T15:52:37Z,restated_at,2026-08-04,,who.gho.cm-02,raw/who.gho.cm-02/2026/09/20260907T155237Z-35c7d31783eb.json.gz,2
who.gho.cm-02,CM_02:PAK:SEX_MLE:AGEGROUP_MONTHS0-11,1975-01-01,2026-09-07T15:52:37Z,value,203817.0,,who.gho.cm-02,raw/who.gho.cm-02/2026/09/20260907T155237Z-35c7d31783eb.json.gz,2
who.gho.cm-02,CM_02:PAN:SEX_BTSX:AGEGROUP_MONTHS0-11,1975-01-01,2026-09-07T15:57:35Z,high,2524.0,,who.gho.cm-02,raw/who.gho.cm-02/2026/09/20260907T155735Z-be5ff4c5352d.json.gz,2
who.gho.cm-02,CM_02:PAN:SEX_BTSX:AGEGROUP_MONTHS0-11,1975-01-01,2026-09-07T15:57:35Z,low,2045.0,,who.gho.cm-02,raw/who.gho.cm-02/2026/09/20260907T155735Z-be5ff4c5352d.json.gz,2
who.gho.cm-02,CM_02:PAN:SEX_BTSX:AGEGROUP_MONTHS0-11,1975-01-01,2026-09-07T15:57:35Z,restated_at,2026-08-04,,who.gho.cm-02,raw/who.gho.cm-02/2026/09/20260907T155735Z-be5ff4c5352d.json.gz,2
who.gho.cm-02,CM_02:PAN:SEX_BTSX:AGEGROUP_MONTHS0-11,1975-01-01,2026-09-07T15:57:35Z,value,2263.0,,who.gho.cm-02,raw/who.gho.cm-02/2026/09/20260907T155735Z-be5ff4c5352d.json.gz,2
who.gho.cm-02,CM_02:PAN:SEX_FMLE:AGEGROUP_MONTHS0-11,1975-01-01,2026-09-07T15:56:37Z,high,1126.0,,who.gho.cm-02,raw/who.gho.cm-02/2026/09/20260907T155637Z-c7bda929b138.json.gz,2
who.gho.cm-02,CM_02:PAN:SEX_FMLE:AGEGROUP_MONTHS0-11,1975-01-01,2026-09-07T15:56:37Z,low,887.0,,who.gho.cm-02,raw/who.gho.cm-02/2026/09/20260907T155637Z-c7bda929b138.json.gz,2
who.gho.cm-02,CM_02:PAN:SEX_FMLE:AGEGROUP_MONTHS0-11,1975-01-01,2026-09-07T15:56:37Z,restated_at,2026-08-04,,who.gho.cm-02,raw/who.gho.cm-02/2026/09/20260907T155637Z-c7bda929b138.json.gz,2
who.gho.cm-02,CM_02:PAN:SEX_FMLE:AGEGROUP_MONTHS0-11,1975-01-01,2026-09-07T15:56:37Z,value,999.0,,who.gho.cm-02,raw/who.gho.cm-02/2026/09/20260907T155637Z-c7bda929b138.json.gz,2
who.gho.cm-02,CM_02:PAN:SEX_MLE:AGEGROUP_MONTHS0-11,1975-01-01,2026-09-07T15:56:41Z,high,1420.0,,who.gho.cm-02,raw/who.gho.cm-02/2026/09/20260907T155641Z-022407e160ee.json.gz,2
who.gho.cm-02,CM_02:PAN:SEX_MLE:AGEGROUP_MONTHS0-11,1975-01-01,2026-09-07T15:56:41Z,low,1133.0,,who.gho.cm-02,raw/who.gho.cm-02/2026/09/20260907T155641Z-022407e160ee.json.gz,2
who.gho.cm-02,CM_02:PAN:SEX_MLE:AGEGROUP_MONTHS0-11,1975-01-01,2026-09-07T15:56:41Z,restated_at,2026-08-04,,who.gho.cm-02,raw/who.gho.cm-02/2026/09/20260907T155641Z-022407e160ee.json.gz,2
who.gho.cm-02,CM_02:PAN:SEX_MLE:AGEGROUP_MONTHS0-11,1975-01-01,2026-09-07T15:56:41Z,value,1264.0,,who.gho.cm-02,raw/who.gho.cm-02/2026/09/20260907T155641Z-022407e160ee.json.gz,2
who.gho.cm-02,CM_02:PER:SEX_BTSX:AGEGROUP_MONTHS0-11,1975-01-01,2026-09-07T15:51:44Z,high,62411.0,,who.gho.cm-02,raw/who.gho.cm-02/2026/09/20260907T155144Z-505d97ce9093.json.gz,2
who.gho.cm-02,CM_02:PER:SEX_BTSX:AGEGROUP_MONTHS0-11,1975-01-01,2026-09-07T15:51:44Z,low,55455.0,,who.gho.cm-02,raw/who.gho.cm-02/2026/09/20260907T155144Z-505d97ce9093.json.gz,2
who.gho.cm-02,CM_02:PER:SEX_BTSX:AGEGROUP_MONTHS0-11,1975-01-01,2026-09-07T15:51:44Z,restated_at,2026-08-04,,who.gho.cm-02,raw/who.gho.cm-02/2026/09/20260907T155144Z-505d97ce9093.json.gz,2
who.gho.cm-02,CM_02:PER:SEX_BTSX:AGEGROUP_MONTHS0-11,1975-01-01,2026-09-07T15:51:44Z,value,58838.0,,who.gho.cm-02,raw/who.gho.cm-02/2026/09/20260907T155144Z-505d97ce9093.json.gz,2
who.gho.cm-02,CM_02:PER:SEX_FMLE:AGEGROUP_MONTHS0-11,1975-01-01,2026-09-07T15:53:02Z,high,28299.0,,who.gho.cm-02,raw/who.gho.cm-02/2026/09/20260907T155302Z-206bb5f6993f.json.gz,2
who.gho.cm-02,CM_02:PER:SEX_FMLE:AGEGROUP_MONTHS0-11,1975-01-01,2026-09-07T15:53:02Z,low,24875.0,,who.gho.cm-02,raw/who.gho.cm-02/2026/09/20260907T155302Z-206bb5f6993f.json.gz,2
who.gho.cm-02,CM_02:PER:SEX_FMLE:AGEGROUP_MONTHS0-11,1975-01-01,2026-09-07T15:53:02Z,restated_at,2026-08-04,,who.gho.cm-02,raw/who.gho.cm-02/2026/09/20260907T155302Z-206bb5f6993f.json.gz,2
who.gho.cm-02,CM_02:PER:SEX_FMLE:AGEGROUP_MONTHS0-11,1975-01-01,2026-09-07T15:53:02Z,value,26540.0,,who.gho.cm-02,raw/who.gho.cm-02/2026/09/20260907T155302Z-206bb5f6993f.json.gz,2
who.gho.cm-02,CM_02:PER:SEX_MLE:AGEGROUP_MONTHS0-11,1975-01-01,2026-09-07T15:57:26Z,high,34330.0,,who.gho.cm-02,raw/who.gho.cm-02/2026/09/20260907T155726Z-31d0241a6d30.json.gz,2
who.gho.cm-02,CM_02:PER:SEX_MLE:AGEGROUP_MONTHS0-11,1975-01-01,2026-09-07T15:57:26Z,low,30356.0,,who.gho.cm-02,raw/who.gho.cm-02/2026/09/20260907T155726Z-31d0241a6d30.json.gz,2
who.gho.cm-02,CM_02:PER:SEX_MLE:AGEGROUP_MONTHS0-11,1975-01-01,2026-09-07T15:57:26Z,restated_at,2026-08-04,,who.gho.cm-02,raw/who.gho.cm-02/2026/09/20260907T155726Z-31d0241a6d30.json.gz,2
who.gho.cm-02,CM_02:PER:SEX_MLE:AGEGROUP_MONTHS0-11,1975-01-01,2026-09-07T15:57:26Z,value,32298.0,,who.gho.cm-02,raw/who.gho.cm-02/2026/09/20260907T155726Z-31d0241a6d30.json.gz,2
who.gho.cm-02,CM_02:PHL:SEX_BTSX:AGEGROUP_MONTHS0-11,1975-01-01,2026-09-07T15:50:57Z,high,89971.0,,who.gho.cm-02,raw/who.gho.cm-02/2026/09/20260907T155057Z-e03fd9f60113.json.gz,2
who.gho.cm-02,CM_02:PHL:SEX_BTSX:AGEGROUP_MONTHS0-11,1975-01-01,2026-09-07T15:50:57Z,low,75797.0,,who.gho.cm-02,raw/who.gho.cm-02/2026/09/20260907T155057Z-e03fd9f60113.json.gz,2
who.gho.cm-02,CM_02:PHL:SEX_BTSX:AGEGROUP_MONTHS0-11,1975-01-01,2026-09-07T15:50:57Z,restated_at,2026-08-04,,who.gho.cm-02,raw/who.gho.cm-02/2026/09/20260907T155057Z-e03fd9f60113.json.gz,2
who.gho.cm-02,CM_02:PHL:SEX_BTSX:AGEGROUP_MONTHS0-11,1975-01-01,2026-09-07T15:50:57Z,value,82786.0,,who.gho.cm-02,raw/who.gho.cm-02/2026/09/20260907T155057Z-e03fd9f60113.json.gz,2
who.gho.cm-02,CM_02:PHL:SEX_FMLE:AGEGROUP_MONTHS0-11,1975-01-01,2026-09-07T15:57:40Z,high,38508.0,,who.gho.cm-02,raw/who.gho.cm-02/2026/09/20260907T155740Z-31068700a25d.json.gz,2
who.gho.cm-02,CM_02:PHL:SEX_FMLE:AGEGROUP_MONTHS0-11,1975-01-01,2026-09-07T15:57:40Z,low,32062.0,,who.gho.cm-02,raw/who.gho.cm-02/2026/09/20260907T155740Z-31068700a25d.json.gz,2
who.gho.cm-02,CM_02:PHL:SEX_FMLE:AGEGROUP_MONTHS0-11,1975-01-01,2026-09-07T15:57:40Z,restated_at,2026-08-04,,who.gho.cm-02,raw/who.gho.cm-02/2026/09/20260907T155740Z-31068700a25d.json.gz,2
who.gho.cm-02,CM_02:PHL:SEX_FMLE:AGEGROUP_MONTHS0-11,1975-01-01,2026-09-07T15:57:40Z,value,35164.0,,who.gho.cm-02,raw/who.gho.cm-02/2026/09/20260907T155740Z-31068700a25d.json.gz,2
who.gho.cm-02,CM_02:PHL:SEX_MLE:AGEGROUP_MONTHS0-11,1975-01-01,2026-09-07T15:58:04Z,high,52030.0,,who.gho.cm-02,raw/who.gho.cm-02/2026/09/20260907T155804Z-3e19927fa86a.json.gz,2
who.gho.cm-02,CM_02:PHL:SEX_MLE:AGEGROUP_MONTHS0-11,1975-01-01,2026-09-07T15:58:04Z,low,43515.0,,who.gho.cm-02,raw/who.gho.cm-02/2026/09/20260907T155804Z-3e19927fa86a.json.gz,2
who.gho.cm-02,CM_02:PHL:SEX_MLE:AGEGROUP_MONTHS0-11,1975-01-01,2026-09-07T15:58:04Z,restated_at,2026-08-04,,who.gho.cm-02,raw/who.gho.cm-02/2026/09/20260907T155804Z-3e19927fa86a.json.gz,2
who.gho.cm-02,CM_02:PHL:SEX_MLE:AGEGROUP_MONTHS0-11,1975-01-01,2026-09-07T15:58:04Z,value,47622.0,,who.gho.cm-02,raw/who.gho.cm-02/2026/09/20260907T155804Z-3e19927fa86a.json.gz,2
who.gho.cm-02,CM_02:PLW:SEX_BTSX:AGEGROUP_MONTHS0-11,1975-01-01,2026-09-07T15:50:57Z,high,25.0,,who.gho.cm-02,raw/who.gho.cm-02/2026/09/20260907T155057Z-e03fd9f60113.json.gz,2
who.gho.cm-02,CM_02:PLW:SEX_BTSX:AGEGROUP_MONTHS0-11,1975-01-01,2026-09-07T15:50:57Z,low,15.0,,who.gho.cm-02,raw/who.gho.cm-02/2026/09/20260907T155057Z-e03fd9f60113.json.gz,2
who.gho.cm-02,CM_02:PLW:SEX_BTSX:AGEGROUP_MONTHS0-11,1975-01-01,2026-09-07T15:50:57Z,restated_at,2025-04-15,,who.gho.cm-02,raw/who.gho.cm-02/2026/09/20260907T155057Z-e03fd9f60113.json.gz,2
who.gho.cm-02,CM_02:PLW:SEX_BTSX:AGEGROUP_MONTHS0-11,1975-01-01,2026-09-07T15:50:57Z,value,19.0,,who.gho.cm-02,raw/who.gho.cm-02/2026/09/20260907T155057Z-e03fd9f60113.json.gz,2
who.gho.cm-02,CM_02:PLW:SEX_FMLE:AGEGROUP_MONTHS0-11,1975-01-01,2026-09-07T15:51:21Z,high,11.0,,who.gho.cm-02,raw/who.gho.cm-02/2026/09/20260907T155121Z-1b14643329ca.json.gz,2
who.gho.cm-02,CM_02:PLW:SEX_FMLE:AGEGROUP_MONTHS0-11,1975-01-01,2026-09-07T15:51:21Z,low,6.0,,who.gho.cm-02,raw/who.gho.cm-02/2026/09/20260907T155121Z-1b14643329ca.json.gz,2
who.gho.cm-02,CM_02:PLW:SEX_FMLE:AGEGROUP_MONTHS0-11,1975-01-01,2026-09-07T15:51:21Z,restated_at,2025-04-15,,who.gho.cm-02,raw/who.gho.cm-02/2026/09/20260907T155121Z-1b14643329ca.json.gz,2
who.gho.cm-02,CM_02:PLW:SEX_FMLE:AGEGROUP_MONTHS0-11,1975-01-01,2026-09-07T15:51:21Z,value,8.0,,who.gho.cm-02,raw/who.gho.cm-02/2026/09/20260907T155121Z-1b14643329ca.json.gz,2
who.gho.cm-02,CM_02:PLW:SEX_MLE:AGEGROUP_MONTHS0-11,1975-01-01,2026-09-07T15:51:54Z,high,14.0,,who.gho.cm-02,raw/who.gho.cm-02/2026/09/20260907T155154Z-820134cf428b.json.gz,2
who.gho.cm-02,CM_02:PLW:SEX_MLE:AGEGROUP_MONTHS0-11,1975-01-01,2026-09-07T15:51:54Z,low,8.0,,who.gho.cm-02,raw/who.gho.cm-02/2026/09/20260907T155154Z-820134cf428b.json.gz,2
who.gho.cm-02,CM_02:PLW:SEX_MLE:AGEGROUP_MONTHS0-11,1975-01-01,2026-09-07T15:51:54Z,restated_at,2025-04-15,,who.gho.cm-02,raw/who.gho.cm-02/2026/09/20260907T155154Z-820134cf428b.json.gz,2
who.gho.cm-02,CM_02:PLW:SEX_MLE:AGEGROUP_MONTHS0-11,1975-01-01,2026-09-07T15:51:54Z,value,11.0,,who.gho.cm-02,raw/who.gho.cm-02/2026/09/20260907T155154Z-820134cf428b.json.gz,2
who.gho.cm-02,CM_02:PNG:SEX_BTSX:AGEGROUP_MONTHS0-11,1975-01-01,2026-09-07T15:51:50Z,high,11597.0,,who.gho.cm-02,raw/who.gho.cm-02/2026/09/20260907T155150Z-b2442ef3f6e6.json.gz,2
who.gho.cm-02,CM_02:PNG:SEX_BTSX:AGEGROUP_MONTHS0-11,1975-01-01,2026-09-07T15:51:50Z,low,9176.0,,who.gho.cm-02,raw/who.gho.cm-02/2026/09/20260907T155150Z-b2442ef3f6e6.json.gz,2
who.gho.cm-02,CM_02:PNG:SEX_BTSX:AGEGROUP_MONTHS0-11,1975-01-01,2026-09-07T15:51:50Z,restated_at,2026-08-04,,who.gho.cm-02,raw/who.gho.cm-02/2026/09/20260907T155150Z-b2442ef3f6e6.json.gz,2
who.gho.cm-02,CM_02:PNG:SEX_BTSX:AGEGROUP_MONTHS0-11,1975-01-01,2026-09-07T15:51:50Z,value,10404.0,,who.gho.cm-02,raw/who.gho.cm-02/2026/09/20260907T155150Z-b2442ef3f6e6.json.gz,2
who.gho.cm-02,CM_02:PNG:SEX_FMLE:AGEGROUP_MONTHS0-11,1975-01-01,2026-09-07T15:52:10Z,high,5345.0,,who.gho.cm-02,raw/who.gho.cm-02/2026/09/20260907T155210Z-c2e07328660e.json.gz,2
who.gho.cm-02,CM_02:PNG:SEX_FMLE:AGEGROUP_MONTHS0-11,1975-01-01,2026-09-07T15:52:10Z,low,4133.0,,who.gho.cm-02,raw/who.gho.cm-02/2026/09/20260907T155210Z-c2e07328660e.json.gz,2
who.gho.cm-02,CM_02:PNG:SEX_FMLE:AGEGROUP_MONTHS0-11,1975-01-01,2026-09-07T15:52:10Z,restated_at,2026-08-04,,who.gho.cm-02,raw/who.gho.cm-02/2026/09/20260907T155210Z-c2e07328660e.json.gz,2
who.gho.cm-02,CM_02:PNG:SEX_FMLE:AGEGROUP_MONTHS0-11,1975-01-01,2026-09-07T15:52:10Z,value,4726.0,,who.gho.cm-02,raw/who.gho.cm-02/2026/09/20260907T155210Z-c2e07328660e.json.gz,2
who.gho.cm-02,CM_02:PNG:SEX_MLE:AGEGROUP_MONTHS0-11,1975-01-01,2026-09-07T15:56:55Z,high,6393.0,,who.gho.cm-02,raw/who.gho.cm-02/2026/09/20260907T155655Z-a5ea76265971.json.gz,2
who.gho.cm-02,CM_02:PNG:SEX_MLE:AGEGROUP_MONTHS0-11,1975-01-01,2026-09-07T15:56:55Z,low,4964.0,,who.gho.cm-02,raw/who.gho.cm-02/2026/09/20260907T155655Z-a5ea76265971.json.gz,2
who.gho.cm-02,CM_02:PNG:SEX_MLE:AGEGROUP_MONTHS0-11,1975-01-01,2026-09-07T15:56:55Z,restated_at,2026-08-04,,who.gho.cm-02,raw/who.gho.cm-02/2026/09/20260907T155655Z-a5ea76265971.json.gz,2
who.gho.cm-02,CM_02:PNG:SEX_MLE:AGEGROUP_MONTHS0-11,1975-01-01,2026-09-07T15:56:55Z,value,5678.0,,who.gho.cm-02,raw/who.gho.cm-02/2026/09/20260907T155655Z-a5ea76265971.json.gz,2
who.gho.cm-02,CM_02:POL:SEX_BTSX:AGEGROUP_MONTHS0-11,1975-01-01,2026-09-07T15:57:07Z,high,15979.0,,who.gho.cm-02,raw/who.gho.cm-02/2026/09/20260907T155707Z-3cd3e5b56c9f.json.gz,2
who.gho.cm-02,CM_02:POL:SEX_BTSX:AGEGROUP_MONTHS0-11,1975-01-01,2026-09-07T15:57:07Z,low,15317.0,,who.gho.cm-02,raw/who.gho.cm-02/2026/09/20260907T155707Z-3cd3e5b56c9f.json.gz,2
who.gho.cm-02,CM_02:POL:SEX_BTSX:AGEGROUP_MONTHS0-11,1975-01-01,2026-09-07T15:57:07Z,restated_at,2026-08-04,,who.gho.cm-02,raw/who.gho.cm-02/2026/09/20260907T155707Z-3cd3e5b56c9f.json.gz,2
who.gho.cm-02,CM_02:POL:SEX_BTSX:AGEGROUP_MONTHS0-11,1975-01-01,2026-09-07T15:57:07Z,value,15650.0,,who.gho.cm-02,raw/who.gho.cm-02/2026/09/20260907T155707Z-3cd3e5b56c9f.json.gz,2
who.gho.cm-02,CM_02:POL:SEX_FMLE:AGEGROUP_MONTHS0-11,1975-01-01,2026-09-07T15:51:25Z,high,6640.0,,who.gho.cm-02,raw/who.gho.cm-02/2026/09/20260907T155125Z-b41e2575e826.json.gz,2
who.gho.cm-02,CM_02:POL:SEX_FMLE:AGEGROUP_MONTHS0-11,1975-01-01,2026-09-07T15:51:25Z,low,6333.0,,who.gho.cm-02,raw/who.gho.cm-02/2026/09/20260907T155125Z-b41e2575e826.json.gz,2
who.gho.cm-02,CM_02:POL:SEX_FMLE:AGEGROUP_MONTHS0-11,1975-01-01,2026-09-07T15:51:25Z,restated_at,2026-08-04,,who.gho.cm-02,raw/who.gho.cm-02/2026/09/20260907T155125Z-b41e2575e826.json.gz,2
who.gho.cm-02,CM_02:POL:SEX_FMLE:AGEGROUP_MONTHS0-11,1975-01-01,2026-09-07T15:51:25Z,value,6483.0,,who.gho.cm-02,raw/who.gho.cm-02/2026/09/20260907T155125Z-b41e2575e826.json.gz,2
who.gho.cm-02,CM_02:POL:SEX_MLE:AGEGROUP_MONTHS0-11,1975-01-01,2026-09-07T15:52:18Z,high,9387.0,,who.gho.cm-02,raw/who.gho.cm-02/2026/09/20260907T155218Z-7dbb6db1a58a.json.gz,2
who.gho.cm-02,CM_02:POL:SEX_MLE:AGEGROUP_MONTHS0-11,1975-01-01,2026-09-07T15:52:18Z,low,8973.0,,who.gho.cm-02,raw/who.gho.cm-02/2026/09/20260907T155218Z-7dbb6db1a58a.json.gz,2
who.gho.cm-02,CM_02:POL:SEX_MLE:AGEGROUP_MONTHS0-11,1975-01-01,2026-09-07T15:52:18Z,restated_at,2026-08-04,,who.gho.cm-02,raw/who.gho.cm-02/2026/09/20260907T155218Z-7dbb6db1a58a.json.gz,2
who.gho.cm-02,CM_02:POL:SEX_MLE:AGEGROUP_MONTHS0-11,1975-01-01,2026-09-07T15:52:18Z,value,9167.0,,who.gho.cm-02,raw/who.gho.cm-02/2026/09/20260907T155218Z-7dbb6db1a58a.json.gz,2
who.gho.cm-02,CM_02:PRK:SEX_BTSX:AGEGROUP_MONTHS0-11,1975-01-01,2026-09-07T15:57:49Z,high,21481.0,,who.gho.cm-02,raw/who.gho.cm-02/2026/09/20260907T155749Z-8808ed0c9a07.json.gz,2
who.gho.cm-02,CM_02:PRK:SEX_BTSX:AGEGROUP_MONTHS0-11,1975-01-01,2026-09-07T15:57:49Z,low,13187.0,,who.gho.cm-02,raw/who.gho.cm-02/2026/09/20260907T155749Z-8808ed0c9a07.json.gz,2
who.gho.cm-02,CM_02:PRK:SEX_BTSX:AGEGROUP_MONTHS0-11,1975-01-01,2026-09-07T15:57:49Z,restated_at,2025-04-15,,who.gho.cm-02,raw/who.gho.cm-02/2026/09/20260907T155749Z-8808ed0c9a07.json.gz,2
who.gho.cm-02,CM_02:PRK:SEX_BTSX:AGEGROUP_MONTHS0-11,1975-01-01,2026-09-07T15:57:49Z,value,16812.0,,who.gho.cm-02,raw/who.gho.cm-02/2026/09/20260907T155749Z-8808ed0c9a07.json.gz,2
who.gho.cm-02,CM_02:PRK:SEX_FMLE:AGEGROUP_MONTHS0-11,1975-01-01,2026-09-07T15:58:12Z,high,9390.0,,who.gho.cm-02,raw/who.gho.cm-02/2026/09/20260907T155812Z-02a2023435be.json.gz,2
who.gho.cm-02,CM_02:PRK:SEX_FMLE:AGEGROUP_MONTHS0-11,1975-01-01,2026-09-07T15:58:12Z,low,5644.0,,who.gho.cm-02,raw/who.gho.cm-02/2026/09/20260907T155812Z-02a2023435be.json.gz,2
who.gho.cm-02,CM_02:PRK:SEX_FMLE:AGEGROUP_MONTHS0-11,1975-01-01,2026-09-07T15:58:12Z,restated_at,2026-08-04,,who.gho.cm-02,raw/who.gho.cm-02/2026/09/20260907T155812Z-02a2023435be.json.gz,2
who.gho.cm-02,CM_02:PRK:SEX_FMLE:AGEGROUP_MONTHS0-11,1975-01-01,2026-09-07T15:58:12Z,value,7283.0,,who.gho.cm-02,raw/who.gho.cm-02/2026/09/20260907T155812Z-02a2023435be.json.gz,2
who.gho.cm-02,CM_02:PRK:SEX_MLE:AGEGROUP_MONTHS0-11,1975-01-01,2026-09-07T15:58:07Z,high,12198.0,,who.gho.cm-02,raw/who.gho.cm-02/2026/09/20260907T155807Z-33d1eb328c3d.json.gz,2
who.gho.cm-02,CM_02:PRK:SEX_MLE:AGEGROUP_MONTHS0-11,1975-01-01,2026-09-07T15:58:07Z,low,7423.0,,who.gho.cm-02,raw/who.gho.cm-02/2026/09/20260907T155807Z-33d1eb328c3d.json.gz,2
who.gho.cm-02,CM_02:PRK:SEX_MLE:AGEGROUP_MONTHS0-11,1975-01-01,2026-09-07T15:58:07Z,restated_at,2026-08-04,,who.gho.cm-02,raw/who.gho.cm-02/2026/09/20260907T155807Z-33d1eb328c3d.json.gz,2
who.gho.cm-02,CM_02:PRK:SEX_MLE:AGEGROUP_MONTHS0-11,1975-01-01,2026-09-07T15:58:07Z,value,9529.0,,who.gho.cm-02,raw/who.gho.cm-02/2026/09/20260907T155807Z-33d1eb328c3d.json.gz,2
who.gho.cm-02,CM_02:PRT:SEX_BTSX:AGEGROUP_MONTHS0-11,1975-01-01,2026-09-07T15:51:21Z,high,6406.0,,who.gho.cm-02,raw/who.gho.cm-02/2026/09/20260907T155121Z-1b14643329ca.json.gz,2
who.gho.cm-02,CM_02:PRT:SEX_BTSX:AGEGROUP_MONTHS0-11,1975-01-01,2026-09-07T15:51:21Z,low,6146.0,,who.gho.cm-02,raw/who.gho.cm-02/2026/09/20260907T155121Z-1b14643329ca.json.gz,2
who.gho.cm-02,CM_02:PRT:SEX_BTSX:AGEGROUP_MONTHS0-11,1975-01-01,2026-09-07T15:51:21Z,restated_at,2026-08-04,,who.gho.cm-02,raw/who.gho.cm-02/2026/09/20260907T155121Z-1b14643329ca.json.gz,2
who.gho.cm-02,CM_02:PRT:SEX_BTSX:AGEGROUP_MONTHS0-11,1975-01-01,2026-09-07T15:51:21Z,value,6272.0,,who.gho.cm-02,raw/who.gho.cm-02/2026/09/20260907T155121Z-1b14643329ca.json.gz,2
who.gho.cm-02,CM_02:PRT:SEX_FMLE:AGEGROUP_MONTHS0-11,1975-01-01,2026-09-07T15:51:40Z,high,2735.0,,who.gho.cm-02,raw/who.gho.cm-02/2026/09/20260907T155140Z-2ccf90b4d287.json.gz,2
who.gho.cm-02,CM_02:PRT:SEX_FMLE:AGEGROUP_MONTHS0-11,1975-01-01,2026-09-07T15:51:40Z,low,2605.0,,who.gho.cm-02,raw/who.gho.cm-02/2026/09/20260907T155140Z-2ccf90b4d287.json.gz,2
who.gho.cm-02,CM_02:PRT:SEX_FMLE:AGEGROUP_MONTHS0-11,1975-01-01,2026-09-07T15:51:40Z,restated_at,2026-08-04,,who.gho.cm-02,raw/who.gho.cm-02/2026/09/20260907T155140Z-2ccf90b4d287.json.gz,2
who.gho.cm-02,CM_02:PRT:SEX_FMLE:AGEGROUP_MONTHS0-11,1975-01-01,2026-09-07T15:51:40Z,value,2665.0,,who.gho.cm-02,raw/who.gho.cm-02/2026/09/20260907T155140Z-2ccf90b4d287.json.gz,2
who.gho.cm-02,CM_02:PRT:SEX_MLE:AGEGROUP_MONTHS0-11,1975-01-01,2026-09-07T15:56:37Z,high,3695.0,,who.gho.cm-02,raw/who.gho.cm-02/2026/09/20260907T155637Z-c7bda929b138.json.gz,2
who.gho.cm-02,CM_02:PRT:SEX_MLE:AGEGROUP_MONTHS0-11,1975-01-01,2026-09-07T15:56:37Z,low,3530.0,,who.gho.cm-02,raw/who.gho.cm-02/2026/09/20260907T155637Z-c7bda929b138.json.gz,2
who.gho.cm-02,CM_02:PRT:SEX_MLE:AGEGROUP_MONTHS0-11,1975-01-01,2026-09-07T15:56:37Z,restated_at,2026-08-04,,who.gho.cm-02,raw/who.gho.cm-02/2026/09/20260907T155637Z-c7bda929b138.json.gz,2
who.gho.cm-02,CM_02:PRT:SEX_MLE:AGEGROUP_MONTHS0-11,1975-01-01,2026-09-07T15:56:37Z,value,3607.0,,who.gho.cm-02,raw/who.gho.cm-02/2026/09/20260907T155637Z-c7bda929b138.json.gz,2
who.gho.cm-02,CM_02:PRY:SEX_BTSX:AGEGROUP_MONTHS0-11,1975-01-01,2026-09-07T15:52:37Z,high,5922.0,,who.gho.cm-02,raw/who.gho.cm-02/2026/09/20260907T155237Z-35c7d31783eb.json.gz,2
who.gho.cm-02,CM_02:PRY:SEX_BTSX:AGEGROUP_MONTHS0-11,1975-01-01,2026-09-07T15:52:37Z,low,4904.0,,who.gho.cm-02,raw/who.gho.cm-02/2026/09/20260907T155237Z-35c7d31783eb.json.gz,2
who.gho.cm-02,CM_02:PRY:SEX_BTSX:AGEGROUP_MONTHS0-11,1975-01-01,2026-09-07T15:52:37Z,restated_at,2026-08-04,,who.gho.cm-02,raw/who.gho.cm-02/2026/09/20260907T155237Z-35c7d31783eb.json.gz,2
who.gho.cm-02,CM_02:PRY:SEX_BTSX:AGEGROUP_MONTHS0-11,1975-01-01,2026-09-07T15:52:37Z,value,5391.0,,who.gho.cm-02,raw/who.gho.cm-02/2026/09/20260907T155237Z-35c7d31783eb.json.gz,2
who.gho.cm-02,CM_02:PRY:SEX_FMLE:AGEGROUP_MONTHS0-11,1975-01-01,2026-09-07T15:57:30Z,high,2698.0,,who.gho.cm-02,raw/who.gho.cm-02/2026/09/20260907T155730Z-1fe49c27b9ed.json.gz,2
who.gho.cm-02,CM_02:PRY:SEX_FMLE:AGEGROUP_MONTHS0-11,1975-01-01,2026-09-07T15:57:30Z,low,2183.0,,who.gho.cm-02,raw/who.gho.cm-02/2026/09/20260907T155730Z-1fe49c27b9ed.json.gz,2
who.gho.cm-02,CM_02:PRY:SEX_FMLE:AGEGROUP_MONTHS0-11,1975-01-01,2026-09-07T15:57:30Z,restated_at,2026-08-04,,who.gho.cm-02,raw/who.gho.cm-02/2026/09/20260907T155730Z-1fe49c27b9ed.json.gz,2
who.gho.cm-02,CM_02:PRY:SEX_FMLE:AGEGROUP_MONTHS0-11,1975-01-01,2026-09-07T15:57:30Z,value,2427.0,,who.gho.cm-02,raw/who.gho.cm-02/2026/09/20260907T155730Z-1fe49c27b9ed.json.gz,2
who.gho.cm-02,CM_02:PRY:SEX_MLE:AGEGROUP_MONTHS0-11,1975-01-01,2026-09-07T15:56:48Z,high,3271.0,,who.gho.cm-02,raw/who.gho.cm-02/2026/09/20260907T155648Z-e962102586d9.json.gz,2
who.gho.cm-02,CM_02:PRY:SEX_MLE:AGEGROUP_MONTHS0-11,1975-01-01,2026-09-07T15:56:48Z,low,2681.0,,who.gho.cm-02,raw/who.gho.cm-02/2026/09/20260907T155648Z-e962102586d9.json.gz,2
who.gho.cm-02,CM_02:PRY:SEX_MLE:AGEGROUP_MONTHS0-11,1975-01-01,2026-09-07T15:56:48Z,restated_at,2026-08-04,,who.gho.cm-02,raw/who.gho.cm-02/2026/09/20260907T155648Z-e962102586d9.json.gz,2
who.gho.cm-02,CM_02:PRY:SEX_MLE:AGEGROUP_MONTHS0-11,1975-01-01,2026-09-07T15:56:48Z,value,2964.0,,who.gho.cm-02,raw/who.gho.cm-02/2026/09/20260907T155648Z-e962102586d9.json.gz,2
who.gho.cm-02,CM_02:QAT:SEX_BTSX:AGEGROUP_MONTHS0-11,1975-01-01,2026-09-07T15:50:57Z,high,283.0,,who.gho.cm-02,raw/who.gho.cm-02/2026/09/20260907T155057Z-e03fd9f60113.json.gz,2
who.gho.cm-02,CM_02:QAT:SEX_BTSX:AGEGROUP_MONTHS0-11,1975-01-01,2026-09-07T15:50:57Z,low,190.0,,who.gho.cm-02,raw/who.gho.cm-02/2026/09/20260907T155057Z-e03fd9f60113.json.gz,2
who.gho.cm-02,CM_02:QAT:SEX_BTSX:AGEGROUP_MONTHS0-11,1975-01-01,2026-09-07T15:50:57Z,restated_at,2026-08-04,,who.gho.cm-02,raw/who.gho.cm-02/2026/09/20260907T155057Z-e03fd9f60113.json.gz,2
who.gho.cm-02,CM_02:QAT:SEX_BTSX:AGEGROUP_MONTHS0-11,1975-01-01,2026-09-07T15:50:57Z,value,231.0,,who.gho.cm-02,raw/who.gho.cm-02/2026/09/20260907T155057Z-e03fd9f60113.json.gz,2
who.gho.cm-02,CM_02:QAT:SEX_FMLE:AGEGROUP_MONTHS0-11,1975-01-01,2026-09-07T15:58:16Z,high,128.0,,who.gho.cm-02,raw/who.gho.cm-02/2026/09/20260907T155816Z-99a1a16a015f.json.gz,2
who.gho.cm-02,CM_02:QAT:SEX_FMLE:AGEGROUP_MONTHS0-11,1975-01-01,2026-09-07T15:58:16Z,low,84.0,,who.gho.cm-02,raw/who.gho.cm-02/2026/09/20260907T155816Z-99a1a16a015f.json.gz,2
who.gho.cm-02,CM_02:QAT:SEX_FMLE:AGEGROUP_MONTHS0-11,1975-01-01,2026-09-07T15:58:16Z,restated_at,2026-08-04,,who.gho.cm-02,raw/who.gho.cm-02/2026/09/20260907T155816Z-99a1a16a015f.json.gz,2
who.gho.cm-02,CM_02:QAT:SEX_FMLE:AGEGROUP_MONTHS0-11,1975-01-01,2026-09-07T15:58:16Z,value,103.0,,who.gho.cm-02,raw/who.gho.cm-02/2026/09/20260907T155816Z-99a1a16a015f.json.gz,2
who.gho.cm-02,CM_02:QAT:SEX_MLE:AGEGROUP_MONTHS0-11,1975-01-01,2026-09-07T15:51:25Z,high,157.0,,who.gho.cm-02,raw/who.gho.cm-02/2026/09/20260907T155125Z-b41e2575e826.json.gz,2
who.gho.cm-02,CM_02:QAT:SEX_MLE:AGEGROUP_MONTHS0-11,1975-01-01,2026-09-07T15:51:25Z,low,104.0,,who.gho.cm-02,raw/who.gho.cm-02/2026/09/20260907T155125Z-b41e2575e826.json.gz,2
who.gho.cm-02,CM_02:QAT:SEX_MLE:AGEGROUP_MONTHS0-11,1975-01-01,2026-09-07T15:51:25Z,restated_at,2026-08-04,,who.gho.cm-02,raw/who.gho.cm-02/2026/09/20260907T155125Z-b41e2575e826.json.gz,2
who.gho.cm-02,CM_02:QAT:SEX_MLE:AGEGROUP_MONTHS0-11,1975-01-01,2026-09-07T15:51:25Z,value,128.0,,who.gho.cm-02,raw/who.gho.cm-02/2026/09/20260907T155125Z-b41e2575e826.json.gz,2
who.gho.cm-02,CM_02:ROU:SEX_BTSX:AGEGROUP_MONTHS0-11,1975-01-01,2026-09-07T15:51:11Z,high,15138.0,,who.gho.cm-02,raw/who.gho.cm-02/2026/09/20260907T155111Z-17577dbcf352.json.gz,2
who.gho.cm-02,CM_02:ROU:SEX_BTSX:AGEGROUP_MONTHS0-11,1975-01-01,2026-09-07T15:51:11Z,low,14373.0,,who.gho.cm-02,raw/who.gho.cm-02/2026/09/20260907T155111Z-17577dbcf352.json.gz,2
who.gho.cm-02,CM_02:ROU:SEX_BTSX:AGEGROUP_MONTHS0-11,1975-01-01,2026-09-07T15:51:11Z,restated_at,2026-08-04,,who.gho.cm-02,raw/who.gho.cm-02/2026/09/20260907T155111Z-17577dbcf352.json.gz,2
who.gho.cm-02,CM_02:ROU:SEX_BTSX:AGEGROUP_MONTHS0-11,1975-01-01,2026-09-07T15:51:11Z,value,14749.0,,who.gho.cm-02,raw/who.gho.cm-02/2026/09/20260907T155111Z-17577dbcf352.json.gz,2
who.gho.cm-02,CM_02:ROU:SEX_FMLE:AGEGROUP_MONTHS0-11,1975-01-01,2026-09-07T15:51:11Z,high,6789.0,,who.gho.cm-02,raw/who.gho.cm-02/2026/09/20260907T155111Z-17577dbcf352.json.gz,2
who.gho.cm-02,CM_02:ROU:SEX_FMLE:AGEGROUP_MONTHS0-11,1975-01-01,2026-09-07T15:51:11Z,low,6419.0,,who.gho.cm-02,raw/who.gho.cm-02/2026/09/20260907T155111Z-17577dbcf352.json.gz,2
who.gho.cm-02,CM_02:ROU:SEX_FMLE:AGEGROUP_MONTHS0-11,1975-01-01,2026-09-07T15:51:11Z,restated_at,2026-08-04,,who.gho.cm-02,raw/who.gho.cm-02/2026/09/20260907T155111Z-17577dbcf352.json.gz,2
who.gho.cm-02,CM_02:ROU:SEX_FMLE:AGEGROUP_MONTHS0-11,1975-01-01,2026-09-07T15:51:11Z,value,6600.0,,who.gho.cm-02,raw/who.gho.cm-02/2026/09/20260907T155111Z-17577dbcf352.json.gz,2
who.gho.cm-02,CM_02:ROU:SEX_MLE:AGEGROUP_MONTHS0-11,1975-01-01,2026-09-07T15:53:02Z,high,8376.0,,who.gho.cm-02,raw/who.gho.cm-02/2026/09/20260907T155302Z-206bb5f6993f.json.gz,2
who.gho.cm-02,CM_02:ROU:SEX_MLE:AGEGROUP_MONTHS0-11,1975-01-01,2026-09-07T15:53:02Z,low,7937.0,,who.gho.cm-02,raw/who.gho.cm-02/2026/09/20260907T155302Z-206bb5f6993f.json.gz,2
who.gho.cm-02,CM_02:ROU:SEX_MLE:AGEGROUP_MONTHS0-11,1975-01-01,2026-09-07T15:53:02Z,restated_at,2026-08-04,,who.gho.cm-02,raw/who.gho.cm-02/2026/09/20260907T155302Z-206bb5f6993f.json.gz,2
who.gho.cm-02,CM_02:ROU:SEX_MLE:AGEGROUP_MONTHS0-11,1975-01-01,2026-09-07T15:53:02Z,value,8149.0,,who.gho.cm-02,raw/who.gho.cm-02/2026/09/20260907T155302Z-206bb5f6993f.json.gz,2
who.gho.cm-02,CM_02:RUS:SEX_BTSX:AGEGROUP_MONTHS0-11,1975-01-01,2026-09-07T15:51:25Z,high,49054.0,,who.gho.cm-02,raw/who.gho.cm-02/2026/09/20260907T155125Z-b41e2575e826.json.gz,2
who.gho.cm-02,CM_02:RUS:SEX_BTSX:AGEGROUP_MONTHS0-11,1975-01-01,2026-09-07T15:51:25Z,low,44087.0,,who.gho.cm-02,raw/who.gho.cm-02/2026/09/20260907T155125Z-b41e2575e826.json.gz,2
who.gho.cm-02,CM_02:RUS:SEX_BTSX:AGEGROUP_MONTHS0-11,1975-01-01,2026-09-07T15:51:25Z,restated_at,2026-08-04,,who.gho.cm-02,raw/who.gho.cm-02/2026/09/20260907T155125Z-b41e2575e826.json.gz,2
who.gho.cm-02,CM_02:RUS:SEX_BTSX:AGEGROUP_MONTHS0-11,1975-01-01,2026-09-07T15:51:25Z,value,46494.0,,who.gho.cm-02,raw/who.gho.cm-02/2026/09/20260907T155125Z-b41e2575e826.json.gz,2
who.gho.cm-02,CM_02:RUS:SEX_FMLE:AGEGROUP_MONTHS0-11,1975-01-01,2026-09-07T15:51:11Z,high,20666.0,,who.gho.cm-02,raw/who.gho.cm-02/2026/09/20260907T155111Z-17577dbcf352.json.gz,2
who.gho.cm-02,CM_02:RUS:SEX_FMLE:AGEGROUP_MONTHS0-11,1975-01-01,2026-09-07T15:51:11Z,low,18264.0,,who.gho.cm-02,raw/who.gho.cm-02/2026/09/20260907T155111Z-17577dbcf352.json.gz,2
who.gho.cm-02,CM_02:RUS:SEX_FMLE:AGEGROUP_MONTHS0-11,1975-01-01,2026-09-07T15:51:11Z,restated_at,2026-08-04,,who.gho.cm-02,raw/who.gho.cm-02/2026/09/20260907T155111Z-17577dbcf352.json.gz,2
who.gho.cm-02,CM_02:RUS:SEX_FMLE:AGEGROUP_MONTHS0-11,1975-01-01,2026-09-07T15:51:11Z,value,19423.0,,who.gho.cm-02,raw/who.gho.cm-02/2026/09/20260907T155111Z-17577dbcf352.json.gz,2
who.gho.cm-02,CM_02:RUS:SEX_MLE:AGEGROUP_MONTHS0-11,1975-01-01,2026-09-07T15:51:25Z,high,28708.0,,who.gho.cm-02,raw/who.gho.cm-02/2026/09/20260907T155125Z-b41e2575e826.json.gz,2
who.gho.cm-02,CM_02:RUS:SEX_MLE:AGEGROUP_MONTHS0-11,1975-01-01,2026-09-07T15:51:25Z,low,25536.0,,who.gho.cm-02,raw/who.gho.cm-02/2026/09/20260907T155125Z-b41e2575e826.json.gz,2
who.gho.cm-02,CM_02:RUS:SEX_MLE:AGEGROUP_MONTHS0-11,1975-01-01,2026-09-07T15:51:25Z,restated_at,2026-08-04,,who.gho.cm-02,raw/who.gho.cm-02/2026/09/20260907T155125Z-b41e2575e826.json.gz,2
who.gho.cm-02,CM_02:RUS:SEX_MLE:AGEGROUP_MONTHS0-11,1975-01-01,2026-09-07T15:51:25Z,value,27071.0,,who.gho.cm-02,raw/who.gho.cm-02/2026/09/20260907T155125Z-b41e2575e826.json.gz,2
who.gho.cm-02,CM_02:RWA:SEX_BTSX:AGEGROUP_MONTHS0-11,1975-01-01,2026-09-07T15:57:54Z,high,30862.0,,who.gho.cm-02,raw/who.gho.cm-02/2026/09/20260907T155754Z-3bea881db2b4.json.gz,2
who.gho.cm-02,CM_02:RWA:SEX_BTSX:AGEGROUP_MONTHS0-11,1975-01-01,2026-09-07T15:57:54Z,low,26520.0,,who.gho.cm-02,raw/who.gho.cm-02/2026/09/20260907T155754Z-3bea881db2b4.json.gz,2
who.gho.cm-02,CM_02:RWA:SEX_BTSX:AGEGROUP_MONTHS0-11,1975-01-01,2026-09-07T15:57:54Z,restated_at,2026-08-04,,who.gho.cm-02,raw/who.gho.cm-02/2026/09/20260907T155754Z-3bea881db2b4.json.gz,2
who.gho.cm-02,CM_02:RWA:SEX_BTSX:AGEGROUP_MONTHS0-11,1975-01-01,2026-09-07T15:57:54Z,value,28599.0,,who.gho.cm-02,raw/who.gho.cm-02/2026/09/20260907T155754Z-3bea881db2b4.json.gz,2
who.gho.cm-02,CM_02:RWA:SEX_FMLE:AGEGROUP_MONTHS0-11,1975-01-01,2026-09-07T15:57:30Z,high,14416.0,,who.gho.cm-02,raw/who.gho.cm-02/2026/09/20260907T155730Z-1fe49c27b9ed.json.gz,2
who.gho.cm-02,CM_02:RWA:SEX_FMLE:AGEGROUP_MONTHS0-11,1975-01-01,2026-09-07T15:57:30Z,low,12266.0,,who.gho.cm-02,raw/who.gho.cm-02/2026/09/20260907T155730Z-1fe49c27b9ed.json.gz,2
who.gho.cm-02,CM_02:RWA:SEX_FMLE:AGEGROUP_MONTHS0-11,1975-01-01,2026-09-07T15:57:30Z,restated_at,2026-08-04,,who.gho.cm-02,raw/who.gho.cm-02/2026/09/20260907T155730Z-1fe49c27b9ed.json.gz,2
who.gho.cm-02,CM_02:RWA:SEX_FMLE:AGEGROUP_MONTHS0-11,1975-01-01,2026-09-07T15:57:30Z,value,13309.0,,who.gho.cm-02,raw/who.gho.cm-02/2026/09/20260907T155730Z-1fe49c27b9ed.json.gz,2
who.gho.cm-02,CM_02:RWA:SEX_MLE:AGEGROUP_MONTHS0-11,1975-01-01,2026-09-07T15:56:41Z,high,16569.0,,who.gho.cm-02,raw/who.gho.cm-02/2026/09/20260907T155641Z-022407e160ee.json.gz,2
who.gho.cm-02,CM_02:RWA:SEX_MLE:AGEGROUP_MONTHS0-11,1975-01-01,2026-09-07T15:56:41Z,low,14114.0,,who.gho.cm-02,raw/who.gho.cm-02/2026/09/20260907T155641Z-022407e160ee.json.gz,2
who.gho.cm-02,CM_02:RWA:SEX_MLE:AGEGROUP_MONTHS0-11,1975-01-01,2026-09-07T15:56:41Z,restated_at,2026-08-04,,who.gho.cm-02,raw/who.gho.cm-02/2026/09/20260907T155641Z-022407e160ee.json.gz,2
who.gho.cm-02,CM_02:RWA:SEX_MLE:AGEGROUP_MONTHS0-11,1975-01-01,2026-09-07T15:56:41Z,value,15290.0,,who.gho.cm-02,raw/who.gho.cm-02/2026/09/20260907T155641Z-022407e160ee.json.gz,2
who.gho.cm-02,CM_02:SAU:SEX_BTSX:AGEGROUP_MONTHS0-11,1975-01-01,2026-09-07T15:57:00Z,high,32032.0,,who.gho.cm-02,raw/who.gho.cm-02/2026/09/20260907T155700Z-8ffcb12aceff.json.gz,2
who.gho.cm-02,CM_02:SAU:SEX_BTSX:AGEGROUP_MONTHS0-11,1975-01-01,2026-09-07T15:57:00Z,low,19913.0,,who.gho.cm-02,raw/who.gho.cm-02/2026/09/20260907T155700Z-8ffcb12aceff.json.gz,2
who.gho.cm-02,CM_02:SAU:SEX_BTSX:AGEGROUP_MONTHS0-11,1975-01-01,2026-09-07T15:57:00Z,restated_at,2026-08-04,,who.gho.cm-02,raw/who.gho.cm-02/2026/09/20260907T155700Z-8ffcb12aceff.json.gz,2
who.gho.cm-02,CM_02:SAU:SEX_BTSX:AGEGROUP_MONTHS0-11,1975-01-01,2026-09-07T15:57:00Z,value,25172.0,,who.gho.cm-02,raw/who.gho.cm-02/2026/09/20260907T155700Z-8ffcb12aceff.json.gz,2
who.gho.cm-02,CM_02:SAU:SEX_FMLE:AGEGROUP_MONTHS0-11,1975-01-01,2026-09-07T15:57:12Z,high,14978.0,,who.gho.cm-02,raw/who.gho.cm-02/2026/09/20260907T155712Z-98aa519eeacd.json.gz,2
who.gho.cm-02,CM_02:SAU:SEX_FMLE:AGEGROUP_MONTHS0-11,1975-01-01,2026-09-07T15:57:12Z,low,9207.0,,who.gho.cm-02,raw/who.gho.cm-02/2026/09/20260907T155712Z-98aa519eeacd.json.gz,2
who.gho.cm-02,CM_02:SAU:SEX_FMLE:AGEGROUP_MONTHS0-11,1975-01-01,2026-09-07T15:57:12Z,restated_at,2026-08-04,,who.gho.cm-02,raw/who.gho.cm-02/2026/09/20260907T155712Z-98aa519eeacd.json.gz,2
who.gho.cm-02,CM_02:SAU:SEX_FMLE:AGEGROUP_MONTHS0-11,1975-01-01,2026-09-07T15:57:12Z,value,11702.0,,who.gho.cm-02,raw/who.gho.cm-02/2026/09/20260907T155712Z-98aa519eeacd.json.gz,2
who.gho.cm-02,CM_02:SAU:SEX_MLE:AGEGROUP_MONTHS0-11,1975-01-01,2026-09-07T15:51:21Z,high,17198.0,,who.gho.cm-02,raw/who.gho.cm-02/2026/09/20260907T155121Z-1b14643329ca.json.gz,2
who.gho.cm-02,CM_02:SAU:SEX_MLE:AGEGROUP_MONTHS0-11,1975-01-01,2026-09-07T15:51:21Z,low,10645.0,,who.gho.cm-02,raw/who.gho.cm-02/2026/09/20260907T155121Z-1b14643329ca.json.gz,2
who.gho.cm-02,CM_02:SAU:SEX_MLE:AGEGROUP_MONTHS0-11,1975-01-01,2026-09-07T15:51:21Z,restated_at,2026-08-04,,who.gho.cm-02,raw/who.gho.cm-02/2026/09/20260907T155121Z-1b14643329ca.json.gz,2
who.gho.cm-02,CM_02:SAU:SEX_MLE:AGEGROUP_MONTHS0-11,1975-01-01,2026-09-07T15:51:21Z,value,13470.0,,who.gho.cm-02,raw/who.gho.cm-02/2026/09/20260907T155121Z-1b14643329ca.json.gz,2
who.gho.cm-02,CM_02:SDN:SEX_BTSX:AGEGROUP_MONTHS0-11,1975-01-01,2026-09-07T15:51:16Z,high,61643.0,,who.gho.cm-02,raw/who.gho.cm-02/2026/09/20260907T155116Z-bb01bf96bc15.json.gz,2
who.gho.cm-02,CM_02:SDN:SEX_BTSX:AGEGROUP_MONTHS0-11,1975-01-01,2026-09-07T15:51:16Z,low,53106.0,,who.gho.cm-02,raw/who.gho.cm-02/2026/09/20260907T155116Z-bb01bf96bc15.json.gz,2
who.gho.cm-02,CM_02:SDN:SEX_BTSX:AGEGROUP_MONTHS0-11,1975-01-01,2026-09-07T15:51:16Z,restated_at,2026-08-04,,who.gho.cm-02,raw/who.gho.cm-02/2026/09/20260907T155116Z-bb01bf96bc15.json.gz,2
who.gho.cm-02,CM_02:SDN:SEX_BTSX:AGEGROUP_MONTHS0-11,1975-01-01,2026-09-07T15:51:16Z,value,57231.0,,who.gho.cm-02,raw/who.gho.cm-02/2026/09/20260907T155116Z-bb01bf96bc15.json.gz,2
who.gho.cm-02,CM_02:SDN:SEX_FMLE:AGEGROUP_MONTHS0-11,1975-01-01,2026-09-07T15:57:12Z,high,27741.0,,who.gho.cm-02,raw/who.gho.cm-02/2026/09/20260907T155712Z-98aa519eeacd.json.gz,2
who.gho.cm-02,CM_02:SDN:SEX_FMLE:AGEGROUP_MONTHS0-11,1975-01-01,2026-09-07T15:57:12Z,low,23522.0,,who.gho.cm-02,raw/who.gho.cm-02/2026/09/20260907T155712Z-98aa519eeacd.json.gz,2
who.gho.cm-02,CM_02:SDN:SEX_FMLE:AGEGROUP_MONTHS0-11,1975-01-01,2026-09-07T15:57:12Z,restated_at,2026-08-04,,who.gho.cm-02,raw/who.gho.cm-02/2026/09/20260907T155712Z-98aa519eeacd.json.gz,2
who.gho.cm-02,CM_02:SDN:SEX_FMLE:AGEGROUP_MONTHS0-11,1975-01-01,2026-09-07T15:57:12Z,value,25613.0,,who.gho.cm-02,raw/who.gho.cm-02/2026/09/20260907T155712Z-98aa519eeacd.json.gz,2
who.gho.cm-02,CM_02:SDN:SEX_MLE:AGEGROUP_MONTHS0-11,1975-01-01,2026-09-07T15:58:20Z,high,34189.0,,who.gho.cm-02,raw/who.gho.cm-02/2026/09/20260907T155820Z-bace8014f904.json.gz,2
who.gho.cm-02,CM_02:SDN:SEX_MLE:AGEGROUP_MONTHS0-11,1975-01-01,2026-09-07T15:58:20Z,low,29147.0,,who.gho.cm-02,raw/who.gho.cm-02/2026/09/20260907T155820Z-bace8014f904.json.gz,2
who.gho.cm-02,CM_02:SDN:SEX_MLE:AGEGROUP_MONTHS0-11,1975-01-01,2026-09-07T15:58:20Z,restated_at,2026-08-04,,who.gho.cm-02,raw/who.gho.cm-02/2026/09/20260907T155820Z-bace8014f904.json.gz,2
who.gho.cm-02,CM_02:SDN:SEX_MLE:AGEGROUP_MONTHS0-11,1975-01-01,2026-09-07T15:58:20Z,value,31618.0,,who.gho.cm-02,raw/who.gho.cm-02/2026/09/20260907T155820Z-bace8014f904.json.gz,2
who.gho.cm-02,CM_02:SEN:SEX_BTSX:AGEGROUP_MONTHS0-11,1975-01-01,2026-09-07T15:51:50Z,high,29673.0,,who.gho.cm-02,raw/who.gho.cm-02/2026/09/20260907T155150Z-b2442ef3f6e6.json.gz,2
who.gho.cm-02,CM_02:SEN:SEX_BTSX:AGEGROUP_MONTHS0-11,1975-01-01,2026-09-07T15:51:50Z,low,26309.0,,who.gho.cm-02,raw/who.gho.cm-02/2026/09/20260907T155150Z-b2442ef3f6e6.json.gz,2
who.gho.cm-02,CM_02:SEN:SEX_BTSX:AGEGROUP_MONTHS0-11,1975-01-01,2026-09-07T15:51:50Z,restated_at,2026-08-04,,who.gho.cm-02,raw/who.gho.cm-02/2026/09/20260907T155150Z-b2442ef3f6e6.json.gz,2
who.gho.cm-02,CM_02:SEN:SEX_BTSX:AGEGROUP_MONTHS0-11,1975-01-01,2026-09-07T15:51:50Z,value,27994.0,,who.gho.cm-02,raw/who.gho.cm-02/2026/09/20260907T155150Z-b2442ef3f6e6.json.gz,2
who.gho.cm-02,CM_02:SEN:SEX_FMLE:AGEGROUP_MONTHS0-11,1975-01-01,2026-09-07T15:58:20Z,high,13670.0,,who.gho.cm-02,raw/who.gho.cm-02/2026/09/20260907T155820Z-bace8014f904.json.gz,2
who.gho.cm-02,CM_02:SEN:SEX_FMLE:AGEGROUP_MONTHS0-11,1975-01-01,2026-09-07T15:58:20Z,low,11989.0,,who.gho.cm-02,raw/who.gho.cm-02/2026/09/20260907T155820Z-bace8014f904.json.gz,2
who.gho.cm-02,CM_02:SEN:SEX_FMLE:AGEGROUP_MONTHS0-11,1975-01-01,2026-09-07T15:58:20Z,restated_at,2026-08-04,,who.gho.cm-02,raw/who.gho.cm-02/2026/09/20260907T155820Z-bace8014f904.json.gz,2
who.gho.cm-02,CM_02:SEN:SEX_FMLE:AGEGROUP_MONTHS0-11,1975-01-01,2026-09-07T15:58:20Z,value,12837.0,,who.gho.cm-02,raw/who.gho.cm-02/2026/09/20260907T155820Z-bace8014f904.json.gz,2
who.gho.cm-02,CM_02:SEN:SEX_MLE:AGEGROUP_MONTHS0-11,1975-01-01,2026-09-07T15:51:25Z,high,16131.0,,who.gho.cm-02,raw/who.gho.cm-02/2026/09/20260907T155125Z-b41e2575e826.json.gz,2
who.gho.cm-02,CM_02:SEN:SEX_MLE:AGEGROUP_MONTHS0-11,1975-01-01,2026-09-07T15:51:25Z,low,14185.0,,who.gho.cm-02,raw/who.gho.cm-02/2026/09/20260907T155125Z-b41e2575e826.json.gz,2
who.gho.cm-02,CM_02:SEN:SEX_MLE:AGEGROUP_MONTHS0-11,1975-01-01,2026-09-07T15:51:25Z,restated_at,2026-08-04,,who.gho.cm-02,raw/who.gho.cm-02/2026/09/20260907T155125Z-b41e2575e826.json.gz,2
who.gho.cm-02,CM_02:SEN:SEX_MLE:AGEGROUP_MONTHS0-11,1975-01-01,2026-09-07T15:51:25Z,value,15157.0,,who.gho.cm-02,raw/who.gho.cm-02/2026/09/20260907T155125Z-b41e2575e826.json.gz,2
who.gho.cm-02,CM_02:SGP:SEX_BTSX:AGEGROUP_MONTHS0-11,1975-01-01,2026-09-07T15:56:37Z,high,613.0,,who.gho.cm-02,raw/who.gho.cm-02/2026/09/20260907T155637Z-c7bda929b138.json.gz,2
who.gho.cm-02,CM_02:SGP:SEX_BTSX:AGEGROUP_MONTHS0-11,1975-01-01,2026-09-07T15:56:37Z,low,569.0,,who.gho.cm-02,raw/who.gho.cm-02/2026/09/20260907T155637Z-c7bda929b138.json.gz,2
who.gho.cm-02,CM_02:SGP:SEX_BTSX:AGEGROUP_MONTHS0-11,1975-01-01,2026-09-07T15:56:37Z,restated_at,2026-08-04,,who.gho.cm-02,raw/who.gho.cm-02/2026/09/20260907T155637Z-c7bda929b138.json.gz,2
who.gho.cm-02,CM_02:SGP:SEX_BTSX:AGEGROUP_MONTHS0-11,1975-01-01,2026-09-07T15:56:37Z,value,592.0,,who.gho.cm-02,raw/who.gho.cm-02/2026/09/20260907T155637Z-c7bda929b138.json.gz,2
who.gho.cm-02,CM_02:SGP:SEX_FMLE:AGEGROUP_MONTHS0-11,1975-01-01,2026-09-07T15:56:55Z,high,256.0,,who.gho.cm-02,raw/who.gho.cm-02/2026/09/20260907T155655Z-a5ea76265971.json.gz,2
who.gho.cm-02,CM_02:SGP:SEX_FMLE:AGEGROUP_MONTHS0-11,1975-01-01,2026-09-07T15:56:55Z,low,235.0,,who.gho.cm-02,raw/who.gho.cm-02/2026/09/20260907T155655Z-a5ea76265971.json.gz,2
who.gho.cm-02,CM_02:SGP:SEX_FMLE:AGEGROUP_MONTHS0-11,1975-01-01,2026-09-07T15:56:55Z,restated_at,2026-08-04,,who.gho.cm-02,raw/who.gho.cm-02/2026/09/20260907T155655Z-a5ea76265971.json.gz,2
who.gho.cm-02,CM_02:SGP:SEX_FMLE:AGEGROUP_MONTHS0-11,1975-01-01,2026-09-07T15:56:55Z,value,246.0,,who.gho.cm-02,raw/who.gho.cm-02/2026/09/20260907T155655Z-a5ea76265971.json.gz,2
who.gho.cm-02,CM_02:SGP:SEX_MLE:AGEGROUP_MONTHS0-11,1975-01-01,2026-09-07T15:58:12Z,high,360.0,,who.gho.cm-02,raw/who.gho.cm-02/2026/09/20260907T155812Z-02a2023435be.json.gz,2
who.gho.cm-02,CM_02:SGP:SEX_MLE:AGEGROUP_MONTHS0-11,1975-01-01,2026-09-07T15:58:12Z,low,332.0,,who.gho.cm-02,raw/who.gho.cm-02/2026/09/20260907T155812Z-02a2023435be.json.gz,2
who.gho.cm-02,CM_02:SGP:SEX_MLE:AGEGROUP_MONTHS0-11,1975-01-01,2026-09-07T15:58:12Z,restated_at,2026-08-04,,who.gho.cm-02,raw/who.gho.cm-02/2026/09/20260907T155812Z-02a2023435be.json.gz,2
who.gho.cm-02,CM_02:SGP:SEX_MLE:AGEGROUP_MONTHS0-11,1975-01-01,2026-09-07T15:58:12Z,value,346.0,,who.gho.cm-02,raw/who.gho.cm-02/2026/09/20260907T155812Z-02a2023435be.json.gz,2
who.gho.cm-02,CM_02:SLB:SEX_BTSX:AGEGROUP_MONTHS0-11,1975-01-01,2026-09-07T15:58:16Z,high,554.0,,who.gho.cm-02,raw/who.gho.cm-02/2026/09/20260907T155816Z-99a1a16a015f.json.gz,2
who.gho.cm-02,CM_02:SLB:SEX_BTSX:AGEGROUP_MONTHS0-11,1975-01-01,2026-09-07T15:58:16Z,low,399.0,,who.gho.cm-02,raw/who.gho.cm-02/2026/09/20260907T155816Z-99a1a16a015f.json.gz,2
who.gho.cm-02,CM_02:SLB:SEX_BTSX:AGEGROUP_MONTHS0-11,1975-01-01,2026-09-07T15:58:16Z,restated_at,2026-08-04,,who.gho.cm-02,raw/who.gho.cm-02/2026/09/20260907T155816Z-99a1a16a015f.json.gz,2
who.gho.cm-02,CM_02:SLB:SEX_BTSX:AGEGROUP_MONTHS0-11,1975-01-01,2026-09-07T15:58:16Z,value,473.0,,who.gho.cm-02,raw/who.gho.cm-02/2026/09/20260907T155816Z-99a1a16a015f.json.gz,2
who.gho.cm-02,CM_02:SLB:SEX_FMLE:AGEGROUP_MONTHS0-11,1975-01-01,2026-09-07T15:58:16Z,high,249.0,,who.gho.cm-02,raw/who.gho.cm-02/2026/09/20260907T155816Z-99a1a16a015f.json.gz,2
who.gho.cm-02,CM_02:SLB:SEX_FMLE:AGEGROUP_MONTHS0-11,1975-01-01,2026-09-07T15:58:16Z,low,176.0,,who.gho.cm-02,raw/who.gho.cm-02/2026/09/20260907T155816Z-99a1a16a015f.json.gz,2
who.gho.cm-02,CM_02:SLB:SEX_FMLE:AGEGROUP_MONTHS0-11,1975-01-01,2026-09-07T15:58:16Z,restated_at,2026-08-04,,who.gho.cm-02,raw/who.gho.cm-02/2026/09/20260907T155816Z-99a1a16a015f.json.gz,2
who.gho.cm-02,CM_02:SLB:SEX_FMLE:AGEGROUP_MONTHS0-11,1975-01-01,2026-09-07T15:58:16Z,value,211.0,,who.gho.cm-02,raw/who.gho.cm-02/2026/09/20260907T155816Z-99a1a16a015f.json.gz,2
who.gho.cm-02,CM_02:SLB:SEX_MLE:AGEGROUP_MONTHS0-11,1975-01-01,2026-09-07T15:52:18Z,high,310.0,,who.gho.cm-02,raw/who.gho.cm-02/2026/09/20260907T155218Z-7dbb6db1a58a.json.gz,2
who.gho.cm-02,CM_02:SLB:SEX_MLE:AGEGROUP_MONTHS0-11,1975-01-01,2026-09-07T15:52:18Z,low,220.0,,who.gho.cm-02,raw/who.gho.cm-02/2026/09/20260907T155218Z-7dbb6db1a58a.json.gz,2
who.gho.cm-02,CM_02:SLB:SEX_MLE:AGEGROUP_MONTHS0-11,1975-01-01,2026-09-07T15:52:18Z,restated_at,2026-08-04,,who.gho.cm-02,raw/who.gho.cm-02/2026/09/20260907T155218Z-7dbb6db1a58a.json.gz,2
who.gho.cm-02,CM_02:SLB:SEX_MLE:AGEGROUP_MONTHS0-11,1975-01-01,2026-09-07T15:52:18Z,value,262.0,,who.gho.cm-02,raw/who.gho.cm-02/2026/09/20260907T155218Z-7dbb6db1a58a.json.gz,2
who.gho.cm-02,CM_02:SLE:SEX_BTSX:AGEGROUP_MONTHS0-11,1975-01-01,2026-09-07T15:52:37Z,high,21897.0,,who.gho.cm-02,raw/who.gho.cm-02/2026/09/20260907T155237Z-35c7d31783eb.json.gz,2
who.gho.cm-02,CM_02:SLE:SEX_BTSX:AGEGROUP_MONTHS0-11,1975-01-01,2026-09-07T15:52:37Z,low,18040.0,,who.gho.cm-02,raw/who.gho.cm-02/2026/09/20260907T155237Z-35c7d31783eb.json.gz,2
who.gho.cm-02,CM_02:SLE:SEX_BTSX:AGEGROUP_MONTHS0-11,1975-01-01,2026-09-07T15:52:37Z,restated_at,2026-08-04,,who.gho.cm-02,raw/who.gho.cm-02/2026/09/20260907T155237Z-35c7d31783eb.json.gz,2
who.gho.cm-02,CM_02:SLE:SEX_BTSX:AGEGROUP_MONTHS0-11,1975-01-01,2026-09-07T15:52:37Z,value,19917.0,,who.gho.cm-02,raw/who.gho.cm-02/2026/09/20260907T155237Z-35c7d31783eb.json.gz,2
who.gho.cm-02,CM_02:SLE:SEX_FMLE:AGEGROUP_MONTHS0-11,1975-01-01,2026-09-07T15:56:41Z,high,10091.0,,who.gho.cm-02,raw/who.gho.cm-02/2026/09/20260907T155641Z-022407e160ee.json.gz,2
who.gho.cm-02,CM_02:SLE:SEX_FMLE:AGEGROUP_MONTHS0-11,1975-01-01,2026-09-07T15:56:41Z,low,8144.0,,who.gho.cm-02,raw/who.gho.cm-02/2026/09/20260907T155641Z-022407e160ee.json.gz,2
who.gho.cm-02,CM_02:SLE:SEX_FMLE:AGEGROUP_MONTHS0-11,1975-01-01,2026-09-07T15:56:41Z,restated_at,2026-08-04,,who.gho.cm-02,raw/who.gho.cm-02/2026/09/20260907T155641Z-022407e160ee.json.gz,2
who.gho.cm-02,CM_02:SLE:SEX_FMLE:AGEGROUP_MONTHS0-11,1975-01-01,2026-09-07T15:56:41Z,value,9084.0,,who.gho.cm-02,raw/who.gho.cm-02/2026/09/20260907T155641Z-022407e160ee.json.gz,2
who.gho.cm-02,CM_02:SLE:SEX_MLE:AGEGROUP_MONTHS0-11,1975-01-01,2026-09-07T15:58:07Z,high,11991.0,,who.gho.cm-02,raw/who.gho.cm-02/2026/09/20260907T155807Z-33d1eb328c3d.json.gz,2
who.gho.cm-02,CM_02:SLE:SEX_MLE:AGEGROUP_MONTHS0-11,1975-01-01,2026-09-07T15:58:07Z,low,9732.0,,who.gho.cm-02,raw/who.gho.cm-02/2026/09/20260907T155807Z-33d1eb328c3d.json.gz,2
who.gho.cm-02,CM_02:SLE:SEX_MLE:AGEGROUP_MONTHS0-11,1975-01-01,2026-09-07T15:58:07Z,restated_at,2026-08-04,,who.gho.cm-02,raw/who.gho.cm-02/2026/09/20260907T155807Z-33d1eb328c3d.json.gz,2
who.gho.cm-02,CM_02:SLE:SEX_MLE:AGEGROUP_MONTHS0-11,1975-01-01,2026-09-07T15:58:07Z,value,10833.0,,who.gho.cm-02,raw/who.gho.cm-02/2026/09/20260907T155807Z-33d1eb328c3d.json.gz,2
who.gho.cm-02,CM_02:SLV:SEX_BTSX:AGEGROUP_MONTHS0-11,1975-01-01,2026-09-07T15:51:25Z,high,19221.0,,who.gho.cm-02,raw/who.gho.cm-02/2026/09/20260907T155125Z-b41e2575e826.json.gz,2
who.gho.cm-02,CM_02:SLV:SEX_BTSX:AGEGROUP_MONTHS0-11,1975-01-01,2026-09-07T15:51:25Z,low,14940.0,,who.gho.cm-02,raw/who.gho.cm-02/2026/09/20260907T155125Z-b41e2575e826.json.gz,2
who.gho.cm-02,CM_02:SLV:SEX_BTSX:AGEGROUP_MONTHS0-11,1975-01-01,2026-09-07T15:51:25Z,restated_at,2026-08-04,,who.gho.cm-02,raw/who.gho.cm-02/2026/09/20260907T155125Z-b41e2575e826.json.gz,2
who.gho.cm-02,CM_02:SLV:SEX_BTSX:AGEGROUP_MONTHS0-11,1975-01-01,2026-09-07T15:51:25Z,value,16841.0,,who.gho.cm-02,raw/who.gho.cm-02/2026/09/20260907T155125Z-b41e2575e826.json.gz,2
who.gho.cm-02,CM_02:SLV:SEX_FMLE:AGEGROUP_MONTHS0-11,1975-01-01,2026-09-07T15:57:12Z,high,8737.0,,who.gho.cm-02,raw/who.gho.cm-02/2026/09/20260907T155712Z-98aa519eeacd.json.gz,2
who.gho.cm-02,CM_02:SLV:SEX_FMLE:AGEGROUP_MONTHS0-11,1975-01-01,2026-09-07T15:57:12Z,low,6640.0,,who.gho.cm-02,raw/who.gho.cm-02/2026/09/20260907T155712Z-98aa519eeacd.json.gz,2
who.gho.cm-02,CM_02:SLV:SEX_FMLE:AGEGROUP_MONTHS0-11,1975-01-01,2026-09-07T15:57:12Z,restated_at,2026-08-04,,who.gho.cm-02,raw/who.gho.cm-02/2026/09/20260907T155712Z-98aa519eeacd.json.gz,2
who.gho.cm-02,CM_02:SLV:SEX_FMLE:AGEGROUP_MONTHS0-11,1975-01-01,2026-09-07T15:57:12Z,value,7591.0,,who.gho.cm-02,raw/who.gho.cm-02/2026/09/20260907T155712Z-98aa519eeacd.json.gz,2
who.gho.cm-02,CM_02:SLV:SEX_MLE:AGEGROUP_MONTHS0-11,1975-01-01,2026-09-07T15:52:03Z,high,10609.0,,who.gho.cm-02,raw/who.gho.cm-02/2026/09/20260907T155203Z-07dabadb5738.json.gz,2
who.gho.cm-02,CM_02:SLV:SEX_MLE:AGEGROUP_MONTHS0-11,1975-01-01,2026-09-07T15:52:03Z,low,8160.0,,who.gho.cm-02,raw/who.gho.cm-02/2026/09/20260907T155203Z-07dabadb5738.json.gz,2
who.gho.cm-02,CM_02:SLV:SEX_MLE:AGEGROUP_MONTHS0-11,1975-01-01,2026-09-07T15:52:03Z,restated_at,2026-08-04,,who.gho.cm-02,raw/who.gho.cm-02/2026/09/20260907T155203Z-07dabadb5738.json.gz,2
who.gho.cm-02,CM_02:SLV:SEX_MLE:AGEGROUP_MONTHS0-11,1975-01-01,2026-09-07T15:52:03Z,value,9250.0,,who.gho.cm-02,raw/who.gho.cm-02/2026/09/20260907T155203Z-07dabadb5738.json.gz,2
who.gho.cm-02,CM_02:SSD:SEX_BTSX:AGEGROUP_MONTHS0-11,1975-01-01,2026-09-07T15:56:55Z,high,43549.0,,who.gho.cm-02,raw/who.gho.cm-02/2026/09/20260907T155655Z-a5ea76265971.json.gz,2
who.gho.cm-02,CM_02:SSD:SEX_BTSX:AGEGROUP_MONTHS0-11,1975-01-01,2026-09-07T15:56:55Z,low,24343.0,,who.gho.cm-02,raw/who.gho.cm-02/2026/09/20260907T155655Z-a5ea76265971.json.gz,2
who.gho.cm-02,CM_02:SSD:SEX_BTSX:AGEGROUP_MONTHS0-11,1975-01-01,2026-09-07T15:56:55Z,restated_at,2026-08-04,,who.gho.cm-02,raw/who.gho.cm-02/2026/09/20260907T155655Z-a5ea76265971.json.gz,2
who.gho.cm-02,CM_02:SSD:SEX_BTSX:AGEGROUP_MONTHS0-11,1975-01-01,2026-09-07T15:56:55Z,value,32535.0,,who.gho.cm-02,raw/who.gho.cm-02/2026/09/20260907T155655Z-a5ea76265971.json.gz,2
who.gho.cm-02,CM_02:SSD:SEX_FMLE:AGEGROUP_MONTHS0-11,1975-01-01,2026-09-07T15:58:07Z,high,20303.0,,who.gho.cm-02,raw/who.gho.cm-02/2026/09/20260907T155807Z-33d1eb328c3d.json.gz,2
who.gho.cm-02,CM_02:SSD:SEX_FMLE:AGEGROUP_MONTHS0-11,1975-01-01,2026-09-07T15:58:07Z,low,11202.0,,who.gho.cm-02,raw/who.gho.cm-02/2026/09/20260907T155807Z-33d1eb328c3d.json.gz,2
who.gho.cm-02,CM_02:SSD:SEX_FMLE:AGEGROUP_MONTHS0-11,1975-01-01,2026-09-07T15:58:07Z,restated_at,2026-08-04,,who.gho.cm-02,raw/who.gho.cm-02/2026/09/20260907T155807Z-33d1eb328c3d.json.gz,2
who.gho.cm-02,CM_02:SSD:SEX_FMLE:AGEGROUP_MONTHS0-11,1975-01-01,2026-09-07T15:58:07Z,value,15117.0,,who.gho.cm-02,raw/who.gho.cm-02/2026/09/20260907T155807Z-33d1eb328c3d.json.gz,2
who.gho.cm-02,CM_02:SSD:SEX_MLE:AGEGROUP_MONTHS0-11,1975-01-01,2026-09-07T15:51:21Z,high,23396.0,,who.gho.cm-02,raw/who.gho.cm-02/2026/09/20260907T155121Z-1b14643329ca.json.gz,2
who.gho.cm-02,CM_02:SSD:SEX_MLE:AGEGROUP_MONTHS0-11,1975-01-01,2026-09-07T15:51:21Z,low,12954.0,,who.gho.cm-02,raw/who.gho.cm-02/2026/09/20260907T155121Z-1b14643329ca.json.gz,2
who.gho.cm-02,CM_02:SSD:SEX_MLE:AGEGROUP_MONTHS0-11,1975-01-01,2026-09-07T15:51:21Z,restated_at,2026-08-04,,who.gho.cm-02,raw/who.gho.cm-02/2026/09/20260907T155121Z-1b14643329ca.json.gz,2
who.gho.cm-02,CM_02:SSD:SEX_MLE:AGEGROUP_MONTHS0-11,1975-01-01,2026-09-07T15:51:21Z,value,17418.0,,who.gho.cm-02,raw/who.gho.cm-02/2026/09/20260907T155121Z-1b14643329ca.json.gz,2
who.gho.cm-02,CM_02:STP:SEX_BTSX:AGEGROUP_MONTHS0-11,1975-01-01,2026-09-07T15:51:21Z,high,220.0,,who.gho.cm-02,raw/who.gho.cm-02/2026/09/20260907T155121Z-1b14643329ca.json.gz,2
who.gho.cm-02,CM_02:STP:SEX_BTSX:AGEGROUP_MONTHS0-11,1975-01-01,2026-09-07T15:51:21Z,low,149.0,,who.gho.cm-02,raw/who.gho.cm-02/2026/09/20260907T155121Z-1b14643329ca.json.gz,2
who.gho.cm-02,CM_02:STP:SEX_BTSX:AGEGROUP_MONTHS0-11,1975-01-01,2026-09-07T15:51:21Z,restated_at,2026-08-04,,who.gho.cm-02,raw/who.gho.cm-02/2026/09/20260907T155121Z-1b14643329ca.json.gz,2
who.gho.cm-02,CM_02:STP:SEX_BTSX:AGEGROUP_MONTHS0-11,1975-01-01,2026-09-07T15:51:21Z,value,181.0,,who.gho.cm-02,raw/who.gho.cm-02/2026/09/20260907T155121Z-1b14643329ca.json.gz,2
who.gho.cm-02,CM_02:STP:SEX_FMLE:AGEGROUP_MONTHS0-11,1975-01-01,2026-09-07T15:52:10Z,high,98.0,,who.gho.cm-02,raw/who.gho.cm-02/2026/09/20260907T155210Z-c2e07328660e.json.gz,2
who.gho.cm-02,CM_02:STP:SEX_FMLE:AGEGROUP_MONTHS0-11,1975-01-01,2026-09-07T15:52:10Z,low,65.0,,who.gho.cm-02,raw/who.gho.cm-02/2026/09/20260907T155210Z-c2e07328660e.json.gz,2
who.gho.cm-02,CM_02:STP:SEX_FMLE:AGEGROUP_MONTHS0-11,1975-01-01,2026-09-07T15:52:10Z,restated_at,2026-08-04,,who.gho.cm-02,raw/who.gho.cm-02/2026/09/20260907T155210Z-c2e07328660e.json.gz,2
who.gho.cm-02,CM_02:STP:SEX_FMLE:AGEGROUP_MONTHS0-11,1975-01-01,2026-09-07T15:52:10Z,value,80.0,,who.gho.cm-02,raw/who.gho.cm-02/2026/09/20260907T155210Z-c2e07328660e.json.gz,2
who.gho.cm-02,CM_02:STP:SEX_MLE:AGEGROUP_MONTHS0-11,1975-01-01,2026-09-07T15:51:16Z,high,123.0,,who.gho.cm-02,raw/who.gho.cm-02/2026/09/20260907T155116Z-bb01bf96bc15.json.gz,2
who.gho.cm-02,CM_02:STP:SEX_MLE:AGEGROUP_MONTHS0-11,1975-01-01,2026-09-07T15:51:16Z,low,82.0,,who.gho.cm-02,raw/who.gho.cm-02/2026/09/20260907T155116Z-bb01bf96bc15.json.gz,2
who.gho.cm-02,CM_02:STP:SEX_MLE:AGEGROUP_MONTHS0-11,1975-01-01,2026-09-07T15:51:16Z,restated_at,2026-08-04,,who.gho.cm-02,raw/who.gho.cm-02/2026/09/20260907T155116Z-bb01bf96bc15.json.gz,2
who.gho.cm-02,CM_02:STP:SEX_MLE:AGEGROUP_MONTHS0-11,1975-01-01,2026-09-07T15:51:16Z,value,101.0,,who.gho.cm-02,raw/who.gho.cm-02/2026/09/20260907T155116Z-bb01bf96bc15.json.gz,2
who.gho.cm-02,CM_02:SVK:SEX_BTSX:AGEGROUP_MONTHS0-11,1975-01-01,2026-09-07T15:58:07Z,high,2444.0,,who.gho.cm-02,raw/who.gho.cm-02/2026/09/20260907T155807Z-33d1eb328c3d.json.gz,2
who.gho.cm-02,CM_02:SVK:SEX_BTSX:AGEGROUP_MONTHS0-11,1975-01-01,2026-09-07T15:58:07Z,low,2174.0,,who.gho.cm-02,raw/who.gho.cm-02/2026/09/20260907T155807Z-33d1eb328c3d.json.gz,2
who.gho.cm-02,CM_02:SVK:SEX_BTSX:AGEGROUP_MONTHS0-11,1975-01-01,2026-09-07T15:58:07Z,restated_at,2026-08-04,,who.gho.cm-02,raw/who.gho.cm-02/2026/09/20260907T155807Z-33d1eb328c3d.json.gz,2
who.gho.cm-02,CM_02:SVK:SEX_BTSX:AGEGROUP_MONTHS0-11,1975-01-01,2026-09-07T15:58:07Z,value,2303.0,,who.gho.cm-02,raw/who.gho.cm-02/2026/09/20260907T155807Z-33d1eb328c3d.json.gz,2
who.gho.cm-02,CM_02:SVK:SEX_FMLE:AGEGROUP_MONTHS0-11,1975-01-01,2026-09-07T15:51:25Z,high,1046.0,,who.gho.cm-02,raw/who.gho.cm-02/2026/09/20260907T155125Z-b41e2575e826.json.gz,2
who.gho.cm-02,CM_02:SVK:SEX_FMLE:AGEGROUP_MONTHS0-11,1975-01-01,2026-09-07T15:51:25Z,low,908.0,,who.gho.cm-02,raw/who.gho.cm-02/2026/09/20260907T155125Z-b41e2575e826.json.gz,2
who.gho.cm-02,CM_02:SVK:SEX_FMLE:AGEGROUP_MONTHS0-11,1975-01-01,2026-09-07T15:51:25Z,restated_at,2026-08-04,,who.gho.cm-02,raw/who.gho.cm-02/2026/09/20260907T155125Z-b41e2575e826.json.gz,2
who.gho.cm-02,CM_02:SVK:SEX_FMLE:AGEGROUP_MONTHS0-11,1975-01-01,2026-09-07T15:51:25Z,value,973.0,,who.gho.cm-02,raw/who.gho.cm-02/2026/09/20260907T155125Z-b41e2575e826.json.gz,2
who.gho.cm-02,CM_02:SVK:SEX_MLE:AGEGROUP_MONTHS0-11,1975-01-01,2026-09-07T15:57:59Z,high,1421.0,,who.gho.cm-02,raw/who.gho.cm-02/2026/09/20260907T155759Z-531ca935f713.json.gz,2
who.gho.cm-02,CM_02:SVK:SEX_MLE:AGEGROUP_MONTHS0-11,1975-01-01,2026-09-07T15:57:59Z,low,1246.0,,who.gho.cm-02,raw/who.gho.cm-02/2026/09/20260907T155759Z-531ca935f713.json.gz,2
who.gho.cm-02,CM_02:SVK:SEX_MLE:AGEGROUP_MONTHS0-11,1975-01-01,2026-09-07T15:57:59Z,restated_at,2026-08-04,,who.gho.cm-02,raw/who.gho.cm-02/2026/09/20260907T155759Z-531ca935f713.json.gz,2
who.gho.cm-02,CM_02:SVK:SEX_MLE:AGEGROUP_MONTHS0-11,1975-01-01,2026-09-07T15:57:59Z,value,1330.0,,who.gho.cm-02,raw/who.gho.cm-02/2026/09/20260907T155759Z-531ca935f713.json.gz,2
who.gho.cm-02,CM_02:SWE:SEX_BTSX:AGEGROUP_MONTHS0-11,1975-01-01,2026-09-07T15:51:54Z,high,953.0,,who.gho.cm-02,raw/who.gho.cm-02/2026/09/20260907T155154Z-820134cf428b.json.gz,2
who.gho.cm-02,CM_02:SWE:SEX_BTSX:AGEGROUP_MONTHS0-11,1975-01-01,2026-09-07T15:51:54Z,low,908.0,,who.gho.cm-02,raw/who.gho.cm-02/2026/09/20260907T155154Z-820134cf428b.json.gz,2
who.gho.cm-02,CM_02:SWE:SEX_BTSX:AGEGROUP_MONTHS0-11,1975-01-01,2026-09-07T15:51:54Z,restated_at,2026-08-04,,who.gho.cm-02,raw/who.gho.cm-02/2026/09/20260907T155154Z-820134cf428b.json.gz,2
who.gho.cm-02,CM_02:SWE:SEX_BTSX:AGEGROUP_MONTHS0-11,1975-01-01,2026-09-07T15:51:54Z,value,931.0,,who.gho.cm-02,raw/who.gho.cm-02/2026/09/20260907T155154Z-820134cf428b.json.gz,2
who.gho.cm-02,CM_02:SWE:SEX_FMLE:AGEGROUP_MONTHS0-11,1975-01-01,2026-09-07T15:57:40Z,high,407.0,,who.gho.cm-02,raw/who.gho.cm-02/2026/09/20260907T155740Z-31068700a25d.json.gz,2
who.gho.cm-02,CM_02:SWE:SEX_FMLE:AGEGROUP_MONTHS0-11,1975-01-01,2026-09-07T15:57:40Z,low,382.0,,who.gho.cm-02,raw/who.gho.cm-02/2026/09/20260907T155740Z-31068700a25d.json.gz,2
who.gho.cm-02,CM_02:SWE:SEX_FMLE:AGEGROUP_MONTHS0-11,1975-01-01,2026-09-07T15:57:40Z,restated_at,2025-04-15,,who.gho.cm-02,raw/who.gho.cm-02/2026/09/20260907T155740Z-31068700a25d.json.gz,2
who.gho.cm-02,CM_02:SWE:SEX_FMLE:AGEGROUP_MONTHS0-11,1975-01-01,2026-09-07T15:57:40Z,value,394.0,,who.gho.cm-02,raw/who.gho.cm-02/2026/09/20260907T155740Z-31068700a25d.json.gz,2
who.gho.cm-02,CM_02:SWE:SEX_MLE:AGEGROUP_MONTHS0-11,1975-01-01,2026-09-07T15:57:21Z,high,553.0,,who.gho.cm-02,raw/who.gho.cm-02/2026/09/20260907T155721Z-a2b5c178c29b.json.gz,2
who.gho.cm-02,CM_02:SWE:SEX_MLE:AGEGROUP_MONTHS0-11,1975-01-01,2026-09-07T15:57:21Z,low,522.0,,who.gho.cm-02,raw/who.gho.cm-02/2026/09/20260907T155721Z-a2b5c178c29b.json.gz,2
who.gho.cm-02,CM_02:SWE:SEX_MLE:AGEGROUP_MONTHS0-11,1975-01-01,2026-09-07T15:57:21Z,restated_at,2025-04-15,,who.gho.cm-02,raw/who.gho.cm-02/2026/09/20260907T155721Z-a2b5c178c29b.json.gz,2
who.gho.cm-02,CM_02:SWE:SEX_MLE:AGEGROUP_MONTHS0-11,1975-01-01,2026-09-07T15:57:21Z,value,537.0,,who.gho.cm-02,raw/who.gho.cm-02/2026/09/20260907T155721Z-a2b5c178c29b.json.gz,2
who.gho.cm-02,CM_02:SWZ:SEX_BTSX:AGEGROUP_MONTHS0-11,1975-01-01,2026-09-07T15:56:27Z,high,3113.0,,who.gho.cm-02,raw/who.gho.cm-02/2026/09/20260907T155627Z-19eb4e6c1215.json.gz,2
who.gho.cm-02,CM_02:SWZ:SEX_BTSX:AGEGROUP_MONTHS0-11,1975-01-01,2026-09-07T15:56:27Z,low,2240.0,,who.gho.cm-02,raw/who.gho.cm-02/2026/09/20260907T155627Z-19eb4e6c1215.json.gz,2
who.gho.cm-02,CM_02:SWZ:SEX_BTSX:AGEGROUP_MONTHS0-11,1975-01-01,2026-09-07T15:56:27Z,restated_at,2026-08-04,,who.gho.cm-02,raw/who.gho.cm-02/2026/09/20260907T155627Z-19eb4e6c1215.json.gz,2
who.gho.cm-02,CM_02:SWZ:SEX_BTSX:AGEGROUP_MONTHS0-11,1975-01-01,2026-09-07T15:56:27Z,value,2627.0,,who.gho.cm-02,raw/who.gho.cm-02/2026/09/20260907T155627Z-19eb4e6c1215.json.gz,2
who.gho.cm-02,CM_02:SWZ:SEX_FMLE:AGEGROUP_MONTHS0-11,1975-01-01,2026-09-07T15:51:30Z,high,1408.0,,who.gho.cm-02,raw/who.gho.cm-02/2026/09/20260907T155130Z-b74d44aee08e.json.gz,2
who.gho.cm-02,CM_02:SWZ:SEX_FMLE:AGEGROUP_MONTHS0-11,1975-01-01,2026-09-07T15:51:30Z,low,997.0,,who.gho.cm-02,raw/who.gho.cm-02/2026/09/20260907T155130Z-b74d44aee08e.json.gz,2
who.gho.cm-02,CM_02:SWZ:SEX_FMLE:AGEGROUP_MONTHS0-11,1975-01-01,2026-09-07T15:51:30Z,restated_at,2026-08-04,,who.gho.cm-02,raw/who.gho.cm-02/2026/09/20260907T155130Z-b74d44aee08e.json.gz,2
who.gho.cm-02,CM_02:SWZ:SEX_FMLE:AGEGROUP_MONTHS0-11,1975-01-01,2026-09-07T15:51:30Z,value,1183.0,,who.gho.cm-02,raw/who.gho.cm-02/2026/09/20260907T155130Z-b74d44aee08e.json.gz,2
who.gho.cm-02,CM_02:SWZ:SEX_MLE:AGEGROUP_MONTHS0-11,1975-01-01,2026-09-07T15:52:03Z,high,1716.0,,who.gho.cm-02,raw/who.gho.cm-02/2026/09/20260907T155203Z-07dabadb5738.json.gz,2
who.gho.cm-02,CM_02:SWZ:SEX_MLE:AGEGROUP_MONTHS0-11,1975-01-01,2026-09-07T15:52:03Z,low,1222.0,,who.gho.cm-02,raw/who.gho.cm-02/2026/09/20260907T155203Z-07dabadb5738.json.gz,2
who.gho.cm-02,CM_02:SWZ:SEX_MLE:AGEGROUP_MONTHS0-11,1975-01-01,2026-09-07T15:52:03Z,restated_at,2026-08-04,,who.gho.cm-02,raw/who.gho.cm-02/2026/09/20260907T155203Z-07dabadb5738.json.gz,2
who.gho.cm-02,CM_02:SWZ:SEX_MLE:AGEGROUP_MONTHS0-11,1975-01-01,2026-09-07T15:52:03Z,value,1444.0,,who.gho.cm-02,raw/who.gho.cm-02/2026/09/20260907T155203Z-07dabadb5738.json.gz,2
who.gho.cm-02,CM_02:SYC:SEX_BTSX:AGEGROUP_MONTHS0-11,1975-01-01,2026-09-07T15:57:40Z,high,66.0,,who.gho.cm-02,raw/who.gho.cm-02/2026/09/20260907T155740Z-31068700a25d.json.gz,2
who.gho.cm-02,CM_02:SYC:SEX_BTSX:AGEGROUP_MONTHS0-11,1975-01-01,2026-09-07T15:57:40Z,low,58.0,,who.gho.cm-02,raw/who.gho.cm-02/2026/09/20260907T155740Z-31068700a25d.json.gz,2
who.gho.cm-02,CM_02:SYC:SEX_BTSX:AGEGROUP_MONTHS0-11,1975-01-01,2026-09-07T15:57:40Z,restated_at,2025-04-15,,who.gho.cm-02,raw/who.gho.cm-02/2026/09/20260907T155740Z-31068700a25d.json.gz,2
who.gho.cm-02,CM_02:SYC:SEX_BTSX:AGEGROUP_MONTHS0-11,1975-01-01,2026-09-07T15:57:40Z,value,62.0,,who.gho.cm-02,raw/who.gho.cm-02/2026/09/20260907T155740Z-31068700a25d.json.gz,2
who.gho.cm-02,CM_02:SYC:SEX_FMLE:AGEGROUP_MONTHS0-11,1975-01-01,2026-09-07T15:57:07Z,high,31.0,,who.gho.cm-02,raw/who.gho.cm-02/2026/09/20260907T155707Z-3cd3e5b56c9f.json.gz,2
who.gho.cm-02,CM_02:SYC:SEX_FMLE:AGEGROUP_MONTHS0-11,1975-01-01,2026-09-07T15:57:07Z,low,26.0,,who.gho.cm-02,raw/who.gho.cm-02/2026/09/20260907T155707Z-3cd3e5b56c9f.json.gz,2
who.gho.cm-02,CM_02:SYC:SEX_FMLE:AGEGROUP_MONTHS0-11,1975-01-01,2026-09-07T15:57:07Z,restated_at,2025-04-15,,who.gho.cm-02,raw/who.gho.cm-02/2026/09/20260907T155707Z-3cd3e5b56c9f.json.gz,2
who.gho.cm-02,CM_02:SYC:SEX_FMLE:AGEGROUP_MONTHS0-11,1975-01-01,2026-09-07T15:57:07Z,value,28.0,,who.gho.cm-02,raw/who.gho.cm-02/2026/09/20260907T155707Z-3cd3e5b56c9f.json.gz,2
who.gho.cm-02,CM_02:SYC:SEX_MLE:AGEGROUP_MONTHS0-11,1975-01-01,2026-09-07T15:56:48Z,high,36.0,,who.gho.cm-02,raw/who.gho.cm-02/2026/09/20260907T155648Z-e962102586d9.json.gz,2
who.gho.cm-02,CM_02:SYC:SEX_MLE:AGEGROUP_MONTHS0-11,1975-01-01,2026-09-07T15:56:48Z,low,31.0,,who.gho.cm-02,raw/who.gho.cm-02/2026/09/20260907T155648Z-e962102586d9.json.gz,2
who.gho.cm-02,CM_02:SYC:SEX_MLE:AGEGROUP_MONTHS0-11,1975-01-01,2026-09-07T15:56:48Z,restated_at,2025-04-15,,who.gho.cm-02,raw/who.gho.cm-02/2026/09/20260907T155648Z-e962102586d9.json.gz,2
who.gho.cm-02,CM_02:SYC:SEX_MLE:AGEGROUP_MONTHS0-11,1975-01-01,2026-09-07T15:56:48Z,value,34.0,,who.gho.cm-02,raw/who.gho.cm-02/2026/09/20260907T155648Z-e962102586d9.json.gz,2
who.gho.cm-02,CM_02:SYR:SEX_BTSX:AGEGROUP_MONTHS0-11,1975-01-01,2026-09-07T15:51:30Z,high,22474.0,,who.gho.cm-02,raw/who.gho.cm-02/2026/09/20260907T155130Z-b74d44aee08e.json.gz,2
who.gho.cm-02,CM_02:SYR:SEX_BTSX:AGEGROUP_MONTHS0-11,1975-01-01,2026-09-07T15:51:30Z,low,18722.0,,who.gho.cm-02,raw/who.gho.cm-02/2026/09/20260907T155130Z-b74d44aee08e.json.gz,2
who.gho.cm-02,CM_02:SYR:SEX_BTSX:AGEGROUP_MONTHS0-11,1975-01-01,2026-09-07T15:51:30Z,restated_at,2026-08-04,,who.gho.cm-02,raw/who.gho.cm-02/2026/09/20260907T155130Z-b74d44aee08e.json.gz,2
who.gho.cm-02,CM_02:SYR:SEX_BTSX:AGEGROUP_MONTHS0-11,1975-01-01,2026-09-07T15:51:30Z,value,20520.0,,who.gho.cm-02,raw/who.gho.cm-02/2026/09/20260907T155130Z-b74d44aee08e.json.gz,2
who.gho.cm-02,CM_02:SYR:SEX_FMLE:AGEGROUP_MONTHS0-11,1975-01-01,2026-09-07T15:52:03Z,high,10714.0,,who.gho.cm-02,raw/who.gho.cm-02/2026/09/20260907T155203Z-07dabadb5738.json.gz,2
who.gho.cm-02,CM_02:SYR:SEX_FMLE:AGEGROUP_MONTHS0-11,1975-01-01,2026-09-07T15:52:03Z,low,8826.0,,who.gho.cm-02,raw/who.gho.cm-02/2026/09/20260907T155203Z-07dabadb5738.json.gz,2
who.gho.cm-02,CM_02:SYR:SEX_FMLE:AGEGROUP_MONTHS0-11,1975-01-01,2026-09-07T15:52:03Z,restated_at,2026-08-04,,who.gho.cm-02,raw/who.gho.cm-02/2026/09/20260907T155203Z-07dabadb5738.json.gz,2
who.gho.cm-02,CM_02:SYR:SEX_FMLE:AGEGROUP_MONTHS0-11,1975-01-01,2026-09-07T15:52:03Z,value,9718.0,,who.gho.cm-02,raw/who.gho.cm-02/2026/09/20260907T155203Z-07dabadb5738.json.gz,2
who.gho.cm-02,CM_02:SYR:SEX_MLE:AGEGROUP_MONTHS0-11,1975-01-01,2026-09-07T15:58:16Z,high,11886.0,,who.gho.cm-02,raw/who.gho.cm-02/2026/09/20260907T155816Z-99a1a16a015f.json.gz,2
who.gho.cm-02,CM_02:SYR:SEX_MLE:AGEGROUP_MONTHS0-11,1975-01-01,2026-09-07T15:58:16Z,low,9798.0,,who.gho.cm-02,raw/who.gho.cm-02/2026/09/20260907T155816Z-99a1a16a015f.json.gz,2
who.gho.cm-02,CM_02:SYR:SEX_MLE:AGEGROUP_MONTHS0-11,1975-01-01,2026-09-07T15:58:16Z,restated_at,2026-08-04,,who.gho.cm-02,raw/who.gho.cm-02/2026/09/20260907T155816Z-99a1a16a015f.json.gz,2
who.gho.cm-02,CM_02:SYR:SEX_MLE:AGEGROUP_MONTHS0-11,1975-01-01,2026-09-07T15:58:16Z,value,10802.0,,who.gho.cm-02,raw/who.gho.cm-02/2026/09/20260907T155816Z-99a1a16a015f.json.gz,2
who.gho.cm-02,CM_02:TCA:SEX_BTSX:AGEGROUP_MONTHS0-11,1975-01-01,2026-09-07T15:51:54Z,high,8.0,,who.gho.cm-02,raw/who.gho.cm-02/2026/09/20260907T155154Z-820134cf428b.json.gz,2
who.gho.cm-02,CM_02:TCA:SEX_BTSX:AGEGROUP_MONTHS0-11,1975-01-01,2026-09-07T15:51:54Z,low,6.0,,who.gho.cm-02,raw/who.gho.cm-02/2026/09/20260907T155154Z-820134cf428b.json.gz,2
who.gho.cm-02,CM_02:TCA:SEX_BTSX:AGEGROUP_MONTHS0-11,1975-01-01,2026-09-07T15:51:54Z,restated_at,2025-04-15,,who.gho.cm-02,raw/who.gho.cm-02/2026/09/20260907T155154Z-820134cf428b.json.gz,2
who.gho.cm-02,CM_02:TCA:SEX_BTSX:AGEGROUP_MONTHS0-11,1975-01-01,2026-09-07T15:51:54Z,value,7.0,,who.gho.cm-02,raw/who.gho.cm-02/2026/09/20260907T155154Z-820134cf428b.json.gz,2
who.gho.cm-02,CM_02:TCA:SEX_FMLE:AGEGROUP_MONTHS0-11,1975-01-01,2026-09-07T15:58:12Z,high,3.0,,who.gho.cm-02,raw/who.gho.cm-02/2026/09/20260907T155812Z-02a2023435be.json.gz,2
who.gho.cm-02,CM_02:TCA:SEX_FMLE:AGEGROUP_MONTHS0-11,1975-01-01,2026-09-07T15:58:12Z,low,2.0,,who.gho.cm-02,raw/who.gho.cm-02/2026/09/20260907T155812Z-02a2023435be.json.gz,2
who.gho.cm-02,CM_02:TCA:SEX_FMLE:AGEGROUP_MONTHS0-11,1975-01-01,2026-09-07T15:58:12Z,restated_at,2025-04-15,,who.gho.cm-02,raw/who.gho.cm-02/2026/09/20260907T155812Z-02a2023435be.json.gz,2
who.gho.cm-02,CM_02:TCA:SEX_FMLE:AGEGROUP_MONTHS0-11,1975-01-01,2026-09-07T15:58:12Z,value,3.0,,who.gho.cm-02,raw/who.gho.cm-02/2026/09/20260907T155812Z-02a2023435be.json.gz,2
who.gho.cm-02,CM_02:TCA:SEX_MLE:AGEGROUP_MONTHS0-11,1975-01-01,2026-09-07T15:51:40Z,high,5.0,,who.gho.cm-02,raw/who.gho.cm-02/2026/09/20260907T155140Z-2ccf90b4d287.json.gz,2
who.gho.cm-02,CM_02:TCA:SEX_MLE:AGEGROUP_MONTHS0-11,1975-01-01,2026-09-07T15:51:40Z,low,4.0,,who.gho.cm-02,raw/who.gho.cm-02/2026/09/20260907T155140Z-2ccf90b4d287.json.gz,2
who.gho.cm-02,CM_02:TCA:SEX_MLE:AGEGROUP_MONTHS0-11,1975-01-01,2026-09-07T15:51:40Z,restated_at,2025-04-15,,who.gho.cm-02,raw/who.gho.cm-02/2026/09/20260907T155140Z-2ccf90b4d287.json.gz,2
who.gho.cm-02,CM_02:TCA:SEX_MLE:AGEGROUP_MONTHS0-11,1975-01-01,2026-09-07T15:51:40Z,value,4.0,,who.gho.cm-02,raw/who.gho.cm-02/2026/09/20260907T155140Z-2ccf90b4d287.json.gz,2
who.gho.cm-02,CM_02:TCD:SEX_BTSX:AGEGROUP_MONTHS0-11,1975-01-01,2026-09-07T15:56:27Z,high,29744.0,,who.gho.cm-02,raw/who.gho.cm-02/2026/09/20260907T155627Z-19eb4e6c1215.json.gz,2
who.gho.cm-02,CM_02:TCD:SEX_BTSX:AGEGROUP_MONTHS0-11,1975-01-01,2026-09-07T15:56:27Z,low,23942.0,,who.gho.cm-02,raw/who.gho.cm-02/2026/09/20260907T155627Z-19eb4e6c1215.json.gz,2
who.gho.cm-02,CM_02:TCD:SEX_BTSX:AGEGROUP_MONTHS0-11,1975-01-01,2026-09-07T15:56:27Z,restated_at,2026-08-04,,who.gho.cm-02,raw/who.gho.cm-02/2026/09/20260907T155627Z-19eb4e6c1215.json.gz,2
who.gho.cm-02,CM_02:TCD:SEX_BTSX:AGEGROUP_MONTHS0-11,1975-01-01,2026-09-07T15:56:27Z,value,26717.0,,who.gho.cm-02,raw/who.gho.cm-02/2026/09/20260907T155627Z-19eb4e6c1215.json.gz,2
who.gho.cm-02,CM_02:TCD:SEX_FMLE:AGEGROUP_MONTHS0-11,1975-01-01,2026-09-07T15:53:02Z,high,13679.0,,who.gho.cm-02,raw/who.gho.cm-02/2026/09/20260907T155302Z-206bb5f6993f.json.gz,2
who.gho.cm-02,CM_02:TCD:SEX_FMLE:AGEGROUP_MONTHS0-11,1975-01-01,2026-09-07T15:53:02Z,low,10870.0,,who.gho.cm-02,raw/who.gho.cm-02/2026/09/20260907T155302Z-206bb5f6993f.json.gz,2
who.gho.cm-02,CM_02:TCD:SEX_FMLE:AGEGROUP_MONTHS0-11,1975-01-01,2026-09-07T15:53:02Z,restated_at,2026-08-04,,who.gho.cm-02,raw/who.gho.cm-02/2026/09/20260907T155302Z-206bb5f6993f.json.gz,2
who.gho.cm-02,CM_02:TCD:SEX_FMLE:AGEGROUP_MONTHS0-11,1975-01-01,2026-09-07T15:53:02Z,value,12213.0,,who.gho.cm-02,raw/who.gho.cm-02/2026/09/20260907T155302Z-206bb5f6993f.json.gz,2
who.gho.cm-02,CM_02:TCD:SEX_MLE:AGEGROUP_MONTHS0-11,1975-01-01,2026-09-07T15:50:57Z,high,16211.0,,who.gho.cm-02,raw/who.gho.cm-02/2026/09/20260907T155057Z-e03fd9f60113.json.gz,2
who.gho.cm-02,CM_02:TCD:SEX_MLE:AGEGROUP_MONTHS0-11,1975-01-01,2026-09-07T15:50:57Z,low,12921.0,,who.gho.cm-02,raw/who.gho.cm-02/2026/09/20260907T155057Z-e03fd9f60113.json.gz,2
who.gho.cm-02,CM_02:TCD:SEX_MLE:AGEGROUP_MONTHS0-11,1975-01-01,2026-09-07T15:50:57Z,restated_at,2026-08-04,,who.gho.cm-02,raw/who.gho.cm-02/2026/09/20260907T155057Z-e03fd9f60113.json.gz,2
who.gho.cm-02,CM_02:TCD:SEX_MLE:AGEGROUP_MONTHS0-11,1975-01-01,2026-09-07T15:50:57Z,value,14504.0,,who.gho.cm-02,raw/who.gho.cm-02/2026/09/20260907T155057Z-e03fd9f60113.json.gz,2
who.gho.cm-02,CM_02:TGO:SEX_BTSX:AGEGROUP_MONTHS0-11,1975-01-01,2026-09-07T15:51:11Z,high,14663.0,,who.gho.cm-02,raw/who.gho.cm-02/2026/09/20260907T155111Z-17577dbcf352.json.gz,2
who.gho.cm-02,CM_02:TGO:SEX_BTSX:AGEGROUP_MONTHS0-11,1975-01-01,2026-09-07T15:51:11Z,low,12172.0,,who.gho.cm-02,raw/who.gho.cm-02/2026/09/20260907T155111Z-17577dbcf352.json.gz,2
who.gho.cm-02,CM_02:TGO:SEX_BTSX:AGEGROUP_MONTHS0-11,1975-01-01,2026-09-07T15:51:11Z,restated_at,2026-08-04,,who.gho.cm-02,raw/who.gho.cm-02/2026/09/20260907T155111Z-17577dbcf352.json.gz,2
who.gho.cm-02,CM_02:TGO:SEX_BTSX:AGEGROUP_MONTHS0-11,1975-01-01,2026-09-07T15:51:11Z,value,13345.0,,who.gho.cm-02,raw/who.gho.cm-02/2026/09/20260907T155111Z-17577dbcf352.json.gz,2
who.gho.cm-02,CM_02:TGO:SEX_FMLE:AGEGROUP_MONTHS0-11,1975-01-01,2026-09-07T15:57:30Z,high,6719.0,,who.gho.cm-02,raw/who.gho.cm-02/2026/09/20260907T155730Z-1fe49c27b9ed.json.gz,2
who.gho.cm-02,CM_02:TGO:SEX_FMLE:AGEGROUP_MONTHS0-11,1975-01-01,2026-09-07T15:57:30Z,low,5481.0,,who.gho.cm-02,raw/who.gho.cm-02/2026/09/20260907T155730Z-1fe49c27b9ed.json.gz,2
who.gho.cm-02,CM_02:TGO:SEX_FMLE:AGEGROUP_MONTHS0-11,1975-01-01,2026-09-07T15:57:30Z,restated_at,2026-08-04,,who.gho.cm-02,raw/who.gho.cm-02/2026/09/20260907T155730Z-1fe49c27b9ed.json.gz,2
who.gho.cm-02,CM_02:TGO:SEX_FMLE:AGEGROUP_MONTHS0-11,1975-01-01,2026-09-07T15:57:30Z,value,6062.0,,who.gho.cm-02,raw/who.gho.cm-02/2026/09/20260907T155730Z-1fe49c27b9ed.json.gz,2
who.gho.cm-02,CM_02:TGO:SEX_MLE:AGEGROUP_MONTHS0-11,1975-01-01,2026-09-07T15:56:55Z,high,8044.0,,who.gho.cm-02,raw/who.gho.cm-02/2026/09/20260907T155655Z-a5ea76265971.json.gz,2
who.gho.cm-02,CM_02:TGO:SEX_MLE:AGEGROUP_MONTHS0-11,1975-01-01,2026-09-07T15:56:55Z,low,6600.0,,who.gho.cm-02,raw/who.gho.cm-02/2026/09/20260907T155655Z-a5ea76265971.json.gz,2
who.gho.cm-02,CM_02:TGO:SEX_MLE:AGEGROUP_MONTHS0-11,1975-01-01,2026-09-07T15:56:55Z,restated_at,2026-08-04,,who.gho.cm-02,raw/who.gho.cm-02/2026/09/20260907T155655Z-a5ea76265971.json.gz,2
who.gho.cm-02,CM_02:TGO:SEX_MLE:AGEGROUP_MONTHS0-11,1975-01-01,2026-09-07T15:56:55Z,value,7283.0,,who.gho.cm-02,raw/who.gho.cm-02/2026/09/20260907T155655Z-a5ea76265971.json.gz,2
who.gho.cm-02,CM_02:THA:SEX_BTSX:AGEGROUP_MONTHS0-11,1975-01-01,2026-09-07T15:51:50Z,high,84265.0,,who.gho.cm-02,raw/who.gho.cm-02/2026/09/20260907T155150Z-b2442ef3f6e6.json.gz,2
who.gho.cm-02,CM_02:THA:SEX_BTSX:AGEGROUP_MONTHS0-11,1975-01-01,2026-09-07T15:51:50Z,low,73606.0,,who.gho.cm-02,raw/who.gho.cm-02/2026/09/20260907T155150Z-b2442ef3f6e6.json.gz,2
who.gho.cm-02,CM_02:THA:SEX_BTSX:AGEGROUP_MONTHS0-11,1975-01-01,2026-09-07T15:51:50Z,restated_at,2026-08-04,,who.gho.cm-02,raw/who.gho.cm-02/2026/09/20260907T155150Z-b2442ef3f6e6.json.gz,2
who.gho.cm-02,CM_02:THA:SEX_BTSX:AGEGROUP_MONTHS0-11,1975-01-01,2026-09-07T15:51:50Z,value,78730.0,,who.gho.cm-02,raw/who.gho.cm-02/2026/09/20260907T155150Z-b2442ef3f6e6.json.gz,2
who.gho.cm-02,CM_02:THA:SEX_FMLE:AGEGROUP_MONTHS0-11,1975-01-01,2026-09-07T15:54:17Z,high,37064.0,,who.gho.cm-02,raw/who.gho.cm-02/2026/09/20260907T155417Z-e87fb31944b5.json.gz,2
who.gho.cm-02,CM_02:THA:SEX_FMLE:AGEGROUP_MONTHS0-11,1975-01-01,2026-09-07T15:54:17Z,low,31566.0,,who.gho.cm-02,raw/who.gho.cm-02/2026/09/20260907T155417Z-e87fb31944b5.json.gz,2
who.gho.cm-02,CM_02:THA:SEX_FMLE:AGEGROUP_MONTHS0-11,1975-01-01,2026-09-07T15:54:17Z,restated_at,2026-08-04,,who.gho.cm-02,raw/who.gho.cm-02/2026/09/20260907T155417Z-e87fb31944b5.json.gz,2
who.gho.cm-02,CM_02:THA:SEX_FMLE:AGEGROUP_MONTHS0-11,1975-01-01,2026-09-07T15:54:17Z,value,34182.0,,who.gho.cm-02,raw/who.gho.cm-02/2026/09/20260907T155417Z-e87fb31944b5.json.gz,2
who.gho.cm-02,CM_02:THA:SEX_MLE:AGEGROUP_MONTHS0-11,1975-01-01,2026-09-07T15:56:48Z,high,47962.0,,who.gho.cm-02,raw/who.gho.cm-02/2026/09/20260907T155648Z-e962102586d9.json.gz,2
who.gho.cm-02,CM_02:THA:SEX_MLE:AGEGROUP_MONTHS0-11,1975-01-01,2026-09-07T15:56:48Z,low,41273.0,,who.gho.cm-02,raw/who.gho.cm-02/2026/09/20260907T155648Z-e962102586d9.json.gz,2
who.gho.cm-02,CM_02:THA:SEX_MLE:AGEGROUP_MONTHS0-11,1975-01-01,2026-09-07T15:56:48Z,restated_at,2026-08-04,,who.gho.cm-02,raw/who.gho.cm-02/2026/09/20260907T155648Z-e962102586d9.json.gz,2
who.gho.cm-02,CM_02:THA:SEX_MLE:AGEGROUP_MONTHS0-11,1975-01-01,2026-09-07T15:56:48Z,value,44548.0,,who.gho.cm-02,raw/who.gho.cm-02/2026/09/20260907T155648Z-e962102586d9.json.gz,2
who.gho.cm-02,CM_02:TJK:SEX_BTSX:AGEGROUP_MONTHS0-11,1975-01-01,2026-09-07T15:57:12Z,high,17353.0,,who.gho.cm-02,raw/who.gho.cm-02/2026/09/20260907T155712Z-98aa519eeacd.json.gz,2
who.gho.cm-02,CM_02:TJK:SEX_BTSX:AGEGROUP_MONTHS0-11,1975-01-01,2026-09-07T15:57:12Z,low,11580.0,,who.gho.cm-02,raw/who.gho.cm-02/2026/09/20260907T155712Z-98aa519eeacd.json.gz,2
who.gho.cm-02,CM_02:TJK:SEX_BTSX:AGEGROUP_MONTHS0-11,1975-01-01,2026-09-07T15:57:12Z,restated_at,2026-08-04,,who.gho.cm-02,raw/who.gho.cm-02/2026/09/20260907T155712Z-98aa519eeacd.json.gz,2
who.gho.cm-02,CM_02:TJK:SEX_BTSX:AGEGROUP_MONTHS0-11,1975-01-01,2026-09-07T15:57:12Z,value,14249.0,,who.gho.cm-02,raw/who.gho.cm-02/2026/09/20260907T155712Z-98aa519eeacd.json.gz,2
who.gho.cm-02,CM_02:TJK:SEX_FMLE:AGEGROUP_MONTHS0-11,1975-01-01,2026-09-07T15:58:04Z,high,7722.0,,who.gho.cm-02,raw/who.gho.cm-02/2026/09/20260907T155804Z-3e19927fa86a.json.gz,2
who.gho.cm-02,CM_02:TJK:SEX_FMLE:AGEGROUP_MONTHS0-11,1975-01-01,2026-09-07T15:58:04Z,low,5104.0,,who.gho.cm-02,raw/who.gho.cm-02/2026/09/20260907T155804Z-3e19927fa86a.json.gz,2
who.gho.cm-02,CM_02:TJK:SEX_FMLE:AGEGROUP_MONTHS0-11,1975-01-01,2026-09-07T15:58:04Z,restated_at,2026-08-04,,who.gho.cm-02,raw/who.gho.cm-02/2026/09/20260907T155804Z-3e19927fa86a.json.gz,2
who.gho.cm-02,CM_02:TJK:SEX_FMLE:AGEGROUP_MONTHS0-11,1975-01-01,2026-09-07T15:58:04Z,value,6312.0,,who.gho.cm-02,raw/who.gho.cm-02/2026/09/20260907T155804Z-3e19927fa86a.json.gz,2
who.gho.cm-02,CM_02:TJK:SEX_MLE:AGEGROUP_MONTHS0-11,1975-01-01,2026-09-07T15:56:48Z,high,9694.0,,who.gho.cm-02,raw/who.gho.cm-02/2026/09/20260907T155648Z-e962102586d9.json.gz,2
who.gho.cm-02,CM_02:TJK:SEX_MLE:AGEGROUP_MONTHS0-11,1975-01-01,2026-09-07T15:56:48Z,low,6437.0,,who.gho.cm-02,raw/who.gho.cm-02/2026/09/20260907T155648Z-e962102586d9.json.gz,2
who.gho.cm-02,CM_02:TJK:SEX_MLE:AGEGROUP_MONTHS0-11,1975-01-01,2026-09-07T15:56:48Z,restated_at,2026-08-04,,who.gho.cm-02,raw/who.gho.cm-02/2026/09/20260907T155648Z-e962102586d9.json.gz,2
who.gho.cm-02,CM_02:TJK:SEX_MLE:AGEGROUP_MONTHS0-11,1975-01-01,2026-09-07T15:56:48Z,value,7937.0,,who.gho.cm-02,raw/who.gho.cm-02/2026/09/20260907T155648Z-e962102586d9.json.gz,2
who.gho.cm-02,CM_02:TON:SEX_BTSX:AGEGROUP_MONTHS0-11,1975-01-01,2026-09-07T15:52:03Z,high,118.0,,who.gho.cm-02,raw/who.gho.cm-02/2026/09/20260907T155203Z-07dabadb5738.json.gz,2
who.gho.cm-02,CM_02:TON:SEX_BTSX:AGEGROUP_MONTHS0-11,1975-01-01,2026-09-07T15:52:03Z,low,80.0,,who.gho.cm-02,raw/who.gho.cm-02/2026/09/20260907T155203Z-07dabadb5738.json.gz,2
who.gho.cm-02,CM_02:TON:SEX_BTSX:AGEGROUP_MONTHS0-11,1975-01-01,2026-09-07T15:52:03Z,restated_at,2026-08-04,,who.gho.cm-02,raw/who.gho.cm-02/2026/09/20260907T155203Z-07dabadb5738.json.gz,2
who.gho.cm-02,CM_02:TON:SEX_BTSX:AGEGROUP_MONTHS0-11,1975-01-01,2026-09-07T15:52:03Z,value,97.0,,who.gho.cm-02,raw/who.gho.cm-02/2026/09/20260907T155203Z-07dabadb5738.json.gz,2
who.gho.cm-02,CM_02:TON:SEX_FMLE:AGEGROUP_MONTHS0-11,1975-01-01,2026-09-07T15:57:59Z,high,50.0,,who.gho.cm-02,raw/who.gho.cm-02/2026/09/20260907T155759Z-531ca935f713.json.gz,2
who.gho.cm-02,CM_02:TON:SEX_FMLE:AGEGROUP_MONTHS0-11,1975-01-01,2026-09-07T15:57:59Z,low,34.0,,who.gho.cm-02,raw/who.gho.cm-02/2026/09/20260907T155759Z-531ca935f713.json.gz,2
who.gho.cm-02,CM_02:TON:SEX_FMLE:AGEGROUP_MONTHS0-11,1975-01-01,2026-09-07T15:57:59Z,restated_at,2026-08-04,,who.gho.cm-02,raw/who.gho.cm-02/2026/09/20260907T155759Z-531ca935f713.json.gz,2
who.gho.cm-02,CM_02:TON:SEX_FMLE:AGEGROUP_MONTHS0-11,1975-01-01,2026-09-07T15:57:59Z,value,41.0,,who.gho.cm-02,raw/who.gho.cm-02/2026/09/20260907T155759Z-531ca935f713.json.gz,2
who.gho.cm-02,CM_02:TON:SEX_MLE:AGEGROUP_MONTHS0-11,1975-01-01,2026-09-07T15:58:16Z,high,69.0,,who.gho.cm-02,raw/who.gho.cm-02/2026/09/20260907T155816Z-99a1a16a015f.json.gz,2
who.gho.cm-02,CM_02:TON:SEX_MLE:AGEGROUP_MONTHS0-11,1975-01-01,2026-09-07T15:58:16Z,low,46.0,,who.gho.cm-02,raw/who.gho.cm-02/2026/09/20260907T155816Z-99a1a16a015f.json.gz,2
who.gho.cm-02,CM_02:TON:SEX_MLE:AGEGROUP_MONTHS0-11,1975-01-01,2026-09-07T15:58:16Z,restated_at,2026-08-04,,who.gho.cm-02,raw/who.gho.cm-02/2026/09/20260907T155816Z-99a1a16a015f.json.gz,2
who.gho.cm-02,CM_02:TON:SEX_MLE:AGEGROUP_MONTHS0-11,1975-01-01,2026-09-07T15:58:16Z,value,56.0,,who.gho.cm-02,raw/who.gho.cm-02/2026/09/20260907T155816Z-99a1a16a015f.json.gz,2
who.gho.cm-02,CM_02:TTO:SEX_BTSX:AGEGROUP_MONTHS0-11,1975-01-01,2026-09-07T15:53:02Z,high,1356.0,,who.gho.cm-02,raw/who.gho.cm-02/2026/09/20260907T155302Z-206bb5f6993f.json.gz,2
who.gho.cm-02,CM_02:TTO:SEX_BTSX:AGEGROUP_MONTHS0-11,1975-01-01,2026-09-07T15:53:02Z,low,1042.0,,who.gho.cm-02,raw/who.gho.cm-02/2026/09/20260907T155302Z-206bb5f6993f.json.gz,2
who.gho.cm-02,CM_02:TTO:SEX_BTSX:AGEGROUP_MONTHS0-11,1975-01-01,2026-09-07T15:53:02Z,restated_at,2026-08-04,,who.gho.cm-02,raw/who.gho.cm-02/2026/09/20260907T155302Z-206bb5f6993f.json.gz,2
who.gho.cm-02,CM_02:TTO:SEX_BTSX:AGEGROUP_MONTHS0-11,1975-01-01,2026-09-07T15:53:02Z,value,1186.0,,who.gho.cm-02,raw/who.gho.cm-02/2026/09/20260907T155302Z-206bb5f6993f.json.gz,2
who.gho.cm-02,CM_02:TTO:SEX_FMLE:AGEGROUP_MONTHS0-11,1975-01-01,2026-09-07T15:58:12Z,high,615.0,,who.gho.cm-02,raw/who.gho.cm-02/2026/09/20260907T155812Z-02a2023435be.json.gz,2
who.gho.cm-02,CM_02:TTO:SEX_FMLE:AGEGROUP_MONTHS0-11,1975-01-01,2026-09-07T15:58:12Z,low,464.0,,who.gho.cm-02,raw/who.gho.cm-02/2026/09/20260907T155812Z-02a2023435be.json.gz,2
who.gho.cm-02,CM_02:TTO:SEX_FMLE:AGEGROUP_MONTHS0-11,1975-01-01,2026-09-07T15:58:12Z,restated_at,2026-08-04,,who.gho.cm-02,raw/who.gho.cm-02/2026/09/20260907T155812Z-02a2023435be.json.gz,2
who.gho.cm-02,CM_02:TTO:SEX_FMLE:AGEGROUP_MONTHS0-11,1975-01-01,2026-09-07T15:58:12Z,value,533.0,,who.gho.cm-02,raw/who.gho.cm-02/2026/09/20260907T155812Z-02a2023435be.json.gz,2
who.gho.cm-02,CM_02:TTO:SEX_MLE:AGEGROUP_MONTHS0-11,1975-01-01,2026-09-07T15:52:18Z,high,750.0,,who.gho.cm-02,raw/who.gho.cm-02/2026/09/20260907T155218Z-7dbb6db1a58a.json.gz,2
who.gho.cm-02,CM_02:TTO:SEX_MLE:AGEGROUP_MONTHS0-11,1975-01-01,2026-09-07T15:52:18Z,low,570.0,,who.gho.cm-02,raw/who.gho.cm-02/2026/09/20260907T155218Z-7dbb6db1a58a.json.gz,2
who.gho.cm-02,CM_02:TTO:SEX_MLE:AGEGROUP_MONTHS0-11,1975-01-01,2026-09-07T15:52:18Z,restated_at,2026-08-04,,who.gho.cm-02,raw/who.gho.cm-02/2026/09/20260907T155218Z-7dbb6db1a58a.json.gz,2
who.gho.cm-02,CM_02:TTO:SEX_MLE:AGEGROUP_MONTHS0-11,1975-01-01,2026-09-07T15:52:18Z,value,653.0,,who.gho.cm-02,raw/who.gho.cm-02/2026/09/20260907T155218Z-7dbb6db1a58a.json.gz,2
who.gho.cm-02,CM_02:TUN:SEX_BTSX:AGEGROUP_MONTHS0-11,1975-01-01,2026-09-07T15:51:40Z,high,20971.0,,who.gho.cm-02,raw/who.gho.cm-02/2026/09/20260907T155140Z-2ccf90b4d287.json.gz,2
who.gho.cm-02,CM_02:TUN:SEX_BTSX:AGEGROUP_MONTHS0-11,1975-01-01,2026-09-07T15:51:40Z,low,17242.0,,who.gho.cm-02,raw/who.gho.cm-02/2026/09/20260907T155140Z-2ccf90b4d287.json.gz,2
who.gho.cm-02,CM_02:TUN:SEX_BTSX:AGEGROUP_MONTHS0-11,1975-01-01,2026-09-07T15:51:40Z,restated_at,2026-08-04,,who.gho.cm-02,raw/who.gho.cm-02/2026/09/20260907T155140Z-2ccf90b4d287.json.gz,2
who.gho.cm-02,CM_02:TUN:SEX_BTSX:AGEGROUP_MONTHS0-11,1975-01-01,2026-09-07T15:51:40Z,value,19004.0,,who.gho.cm-02,raw/who.gho.cm-02/2026/09/20260907T155140Z-2ccf90b4d287.json.gz,2
who.gho.cm-02,CM_02:TUN:SEX_FMLE:AGEGROUP_MONTHS0-11,1975-01-01,2026-09-07T15:57:26Z,high,9442.0,,who.gho.cm-02,raw/who.gho.cm-02/2026/09/20260907T155726Z-31d0241a6d30.json.gz,2
who.gho.cm-02,CM_02:TUN:SEX_FMLE:AGEGROUP_MONTHS0-11,1975-01-01,2026-09-07T15:57:26Z,low,7673.0,,who.gho.cm-02,raw/who.gho.cm-02/2026/09/20260907T155726Z-31d0241a6d30.json.gz,2
who.gho.cm-02,CM_02:TUN:SEX_FMLE:AGEGROUP_MONTHS0-11,1975-01-01,2026-09-07T15:57:26Z,restated_at,2026-08-04,,who.gho.cm-02,raw/who.gho.cm-02/2026/09/20260907T155726Z-31d0241a6d30.json.gz,2
who.gho.cm-02,CM_02:TUN:SEX_FMLE:AGEGROUP_MONTHS0-11,1975-01-01,2026-09-07T15:57:26Z,value,8513.0,,who.gho.cm-02,raw/who.gho.cm-02/2026/09/20260907T155726Z-31d0241a6d30.json.gz,2
who.gho.cm-02,CM_02:TUN:SEX_MLE:AGEGROUP_MONTHS0-11,1975-01-01,2026-09-07T15:56:41Z,high,11618.0,,who.gho.cm-02,raw/who.gho.cm-02/2026/09/20260907T155641Z-022407e160ee.json.gz,2
who.gho.cm-02,CM_02:TUN:SEX_MLE:AGEGROUP_MONTHS0-11,1975-01-01,2026-09-07T15:56:41Z,low,9461.0,,who.gho.cm-02,raw/who.gho.cm-02/2026/09/20260907T155641Z-022407e160ee.json.gz,2
who.gho.cm-02,CM_02:TUN:SEX_MLE:AGEGROUP_MONTHS0-11,1975-01-01,2026-09-07T15:56:41Z,restated_at,2026-08-04,,who.gho.cm-02,raw/who.gho.cm-02/2026/09/20260907T155641Z-022407e160ee.json.gz,2
who.gho.cm-02,CM_02:TUN:SEX_MLE:AGEGROUP_MONTHS0-11,1975-01-01,2026-09-07T15:56:41Z,value,10491.0,,who.gho.cm-02,raw/who.gho.cm-02/2026/09/20260907T155641Z-022407e160ee.json.gz,2
who.gho.cm-02,CM_02:TUR:SEX_BTSX:AGEGROUP_MONTHS0-11,1975-01-01,2026-09-07T15:57:44Z,high,193392.0,,who.gho.cm-02,raw/who.gho.cm-02/2026/09/20260907T155744Z-e141b36e0a87.json.gz,2
who.gho.cm-02,CM_02:TUR:SEX_BTSX:AGEGROUP_MONTHS0-11,1975-01-01,2026-09-07T15:57:44Z,low,170092.0,,who.gho.cm-02,raw/who.gho.cm-02/2026/09/20260907T155744Z-e141b36e0a87.json.gz,2
who.gho.cm-02,CM_02:TUR:SEX_BTSX:AGEGROUP_MONTHS0-11,1975-01-01,2026-09-07T15:57:44Z,restated_at,2026-08-04,,who.gho.cm-02,raw/who.gho.cm-02/2026/09/20260907T155744Z-e141b36e0a87.json.gz,2
who.gho.cm-02,CM_02:TUR:SEX_BTSX:AGEGROUP_MONTHS0-11,1975-01-01,2026-09-07T15:57:44Z,value,181423.0,,who.gho.cm-02,raw/who.gho.cm-02/2026/09/20260907T155744Z-e141b36e0a87.json.gz,2
who.gho.cm-02,CM_02:TUR:SEX_FMLE:AGEGROUP_MONTHS0-11,1975-01-01,2026-09-07T15:57:00Z,high,89552.0,,who.gho.cm-02,raw/who.gho.cm-02/2026/09/20260907T155700Z-8ffcb12aceff.json.gz,2
who.gho.cm-02,CM_02:TUR:SEX_FMLE:AGEGROUP_MONTHS0-11,1975-01-01,2026-09-07T15:57:00Z,low,77740.0,,who.gho.cm-02,raw/who.gho.cm-02/2026/09/20260907T155700Z-8ffcb12aceff.json.gz,2
who.gho.cm-02,CM_02:TUR:SEX_FMLE:AGEGROUP_MONTHS0-11,1975-01-01,2026-09-07T15:57:00Z,restated_at,2026-08-04,,who.gho.cm-02,raw/who.gho.cm-02/2026/09/20260907T155700Z-8ffcb12aceff.json.gz,2
who.gho.cm-02,CM_02:TUR:SEX_FMLE:AGEGROUP_MONTHS0-11,1975-01-01,2026-09-07T15:57:00Z,value,83554.0,,who.gho.cm-02,raw/who.gho.cm-02/2026/09/20260907T155700Z-8ffcb12aceff.json.gz,2
who.gho.cm-02,CM_02:TUR:SEX_MLE:AGEGROUP_MONTHS0-11,1975-01-01,2026-09-07T15:58:12Z,high,104704.0,,who.gho.cm-02,raw/who.gho.cm-02/2026/09/20260907T155812Z-02a2023435be.json.gz,2
who.gho.cm-02,CM_02:TUR:SEX_MLE:AGEGROUP_MONTHS0-11,1975-01-01,2026-09-07T15:58:12Z,low,91435.0,,who.gho.cm-02,raw/who.gho.cm-02/2026/09/20260907T155812Z-02a2023435be.json.gz,2
who.gho.cm-02,CM_02:TUR:SEX_MLE:AGEGROUP_MONTHS0-11,1975-01-01,2026-09-07T15:58:12Z,restated_at,2026-08-04,,who.gho.cm-02,raw/who.gho.cm-02/2026/09/20260907T155812Z-02a2023435be.json.gz,2
who.gho.cm-02,CM_02:TUR:SEX_MLE:AGEGROUP_MONTHS0-11,1975-01-01,2026-09-07T15:58:12Z,value,97869.0,,who.gho.cm-02,raw/who.gho.cm-02/2026/09/20260907T155812Z-02a2023435be.json.gz,2
who.gho.cm-02,CM_02:TUV:SEX_BTSX:AGEGROUP_MONTHS0-11,1975-01-01,2026-09-07T15:57:54Z,high,13.0,,who.gho.cm-02,raw/who.gho.cm-02/2026/09/20260907T155754Z-3bea881db2b4.json.gz,2
who.gho.cm-02,CM_02:TUV:SEX_BTSX:AGEGROUP_MONTHS0-11,1975-01-01,2026-09-07T15:57:54Z,low,9.0,,who.gho.cm-02,raw/who.gho.cm-02/2026/09/20260907T155754Z-3bea881db2b4.json.gz,2
who.gho.cm-02,CM_02:TUV:SEX_BTSX:AGEGROUP_MONTHS0-11,1975-01-01,2026-09-07T15:57:54Z,restated_at,2025-04-15,,who.gho.cm-02,raw/who.gho.cm-02/2026/09/20260907T155754Z-3bea881db2b4.json.gz,2
who.gho.cm-02,CM_02:TUV:SEX_BTSX:AGEGROUP_MONTHS0-11,1975-01-01,2026-09-07T15:57:54Z,value,11.0,,who.gho.cm-02,raw/who.gho.cm-02/2026/09/20260907T155754Z-3bea881db2b4.json.gz,2
who.gho.cm-02,CM_02:TUV:SEX_FMLE:AGEGROUP_MONTHS0-11,1975-01-01,2026-09-07T15:52:03Z,high,6.0,,who.gho.cm-02,raw/who.gho.cm-02/2026/09/20260907T155203Z-07dabadb5738.json.gz,2
who.gho.cm-02,CM_02:TUV:SEX_FMLE:AGEGROUP_MONTHS0-11,1975-01-01,2026-09-07T15:52:03Z,low,4.0,,who.gho.cm-02,raw/who.gho.cm-02/2026/09/20260907T155203Z-07dabadb5738.json.gz,2
who.gho.cm-02,CM_02:TUV:SEX_FMLE:AGEGROUP_MONTHS0-11,1975-01-01,2026-09-07T15:52:03Z,restated_at,2025-04-15,,who.gho.cm-02,raw/who.gho.cm-02/2026/09/20260907T155203Z-07dabadb5738.json.gz,2
who.gho.cm-02,CM_02:TUV:SEX_FMLE:AGEGROUP_MONTHS0-11,1975-01-01,2026-09-07T15:52:03Z,value,5.0,,who.gho.cm-02,raw/who.gho.cm-02/2026/09/20260907T155203Z-07dabadb5738.json.gz,2
who.gho.cm-02,CM_02:TUV:SEX_MLE:AGEGROUP_MONTHS0-11,1975-01-01,2026-09-07T15:50:52Z,high,8.0,,who.gho.cm-02,raw/who.gho.cm-02/2026/09/20260907T155052Z-3109a96dcee3.json.gz,2
who.gho.cm-02,CM_02:TUV:SEX_MLE:AGEGROUP_MONTHS0-11,1975-01-01,2026-09-07T15:50:52Z,low,6.0,,who.gho.cm-02,raw/who.gho.cm-02/2026/09/20260907T155052Z-3109a96dcee3.json.gz,2
who.gho.cm-02,CM_02:TUV:SEX_MLE:AGEGROUP_MONTHS0-11,1975-01-01,2026-09-07T15:50:52Z,restated_at,2025-04-15,,who.gho.cm-02,raw/who.gho.cm-02/2026/09/20260907T155052Z-3109a96dcee3.json.gz,2
who.gho.cm-02,CM_02:TUV:SEX_MLE:AGEGROUP_MONTHS0-11,1975-01-01,2026-09-07T15:50:52Z,value,6.0,,who.gho.cm-02,raw/who.gho.cm-02/2026/09/20260907T155052Z-3109a96dcee3.json.gz,2
who.gho.cm-02,CM_02:TZA:SEX_BTSX:AGEGROUP_MONTHS0-11,1975-01-01,2026-09-07T15:57:59Z,high,93223.0,,who.gho.cm-02,raw/who.gho.cm-02/2026/09/20260907T155759Z-531ca935f713.json.gz,2
who.gho.cm-02,CM_02:TZA:SEX_BTSX:AGEGROUP_MONTHS0-11,1975-01-01,2026-09-07T15:57:59Z,low,78828.0,,who.gho.cm-02,raw/who.gho.cm-02/2026/09/20260907T155759Z-531ca935f713.json.gz,2
who.gho.cm-02,CM_02:TZA:SEX_BTSX:AGEGROUP_MONTHS0-11,1975-01-01,2026-09-07T15:57:59Z,restated_at,2026-08-04,,who.gho.cm-02,raw/who.gho.cm-02/2026/09/20260907T155759Z-531ca935f713.json.gz,2
who.gho.cm-02,CM_02:TZA:SEX_BTSX:AGEGROUP_MONTHS0-11,1975-01-01,2026-09-07T15:57:59Z,value,85751.0,,who.gho.cm-02,raw/who.gho.cm-02/2026/09/20260907T155759Z-531ca935f713.json.gz,2
who.gho.cm-02,CM_02:TZA:SEX_FMLE:AGEGROUP_MONTHS0-11,1975-01-01,2026-09-07T15:51:44Z,high,43187.0,,who.gho.cm-02,raw/who.gho.cm-02/2026/09/20260907T155144Z-505d97ce9093.json.gz,2
who.gho.cm-02,CM_02:TZA:SEX_FMLE:AGEGROUP_MONTHS0-11,1975-01-01,2026-09-07T15:51:44Z,low,36080.0,,who.gho.cm-02,raw/who.gho.cm-02/2026/09/20260907T155144Z-505d97ce9093.json.gz,2
who.gho.cm-02,CM_02:TZA:SEX_FMLE:AGEGROUP_MONTHS0-11,1975-01-01,2026-09-07T15:51:44Z,restated_at,2026-08-04,,who.gho.cm-02,raw/who.gho.cm-02/2026/09/20260907T155144Z-505d97ce9093.json.gz,2
who.gho.cm-02,CM_02:TZA:SEX_FMLE:AGEGROUP_MONTHS0-11,1975-01-01,2026-09-07T15:51:44Z,value,39496.0,,who.gho.cm-02,raw/who.gho.cm-02/2026/09/20260907T155144Z-505d97ce9093.json.gz,2
who.gho.cm-02,CM_02:TZA:SEX_MLE:AGEGROUP_MONTHS0-11,1975-01-01,2026-09-07T15:54:17Z,high,50458.0,,who.gho.cm-02,raw/who.gho.cm-02/2026/09/20260907T155417Z-e87fb31944b5.json.gz,2
who.gho.cm-02,CM_02:TZA:SEX_MLE:AGEGROUP_MONTHS0-11,1975-01-01,2026-09-07T15:54:17Z,low,42317.0,,who.gho.cm-02,raw/who.gho.cm-02/2026/09/20260907T155417Z-e87fb31944b5.json.gz,2
who.gho.cm-02,CM_02:TZA:SEX_MLE:AGEGROUP_MONTHS0-11,1975-01-01,2026-09-07T15:54:17Z,restated_at,2026-08-04,,who.gho.cm-02,raw/who.gho.cm-02/2026/09/20260907T155417Z-e87fb31944b5.json.gz,2
who.gho.cm-02,CM_02:TZA:SEX_MLE:AGEGROUP_MONTHS0-11,1975-01-01,2026-09-07T15:54:17Z,value,46255.0,,who.gho.cm-02,raw/who.gho.cm-02/2026/09/20260907T155417Z-e87fb31944b5.json.gz,2
who.gho.cm-02,CM_02:UGA:SEX_BTSX:AGEGROUP_MONTHS0-11,1975-01-01,2026-09-07T15:52:03Z,high,70235.0,,who.gho.cm-02,raw/who.gho.cm-02/2026/09/20260907T155203Z-07dabadb5738.json.gz,2
who.gho.cm-02,CM_02:UGA:SEX_BTSX:AGEGROUP_MONTHS0-11,1975-01-01,2026-09-07T15:52:03Z,low,58200.0,,who.gho.cm-02,raw/who.gho.cm-02/2026/09/20260907T155203Z-07dabadb5738.json.gz,2
who.gho.cm-02,CM_02:UGA:SEX_BTSX:AGEGROUP_MONTHS0-11,1975-01-01,2026-09-07T15:52:03Z,restated_at,2026-08-04,,who.gho.cm-02,raw/who.gho.cm-02/2026/09/20260907T155203Z-07dabadb5738.json.gz,2
who.gho.cm-02,CM_02:UGA:SEX_BTSX:AGEGROUP_MONTHS0-11,1975-01-01,2026-09-07T15:52:03Z,value,64038.0,,who.gho.cm-02,raw/who.gho.cm-02/2026/09/20260907T155203Z-07dabadb5738.json.gz,2
who.gho.cm-02,CM_02:UGA:SEX_FMLE:AGEGROUP_MONTHS0-11,1975-01-01,2026-09-07T15:57:17Z,high,32407.0,,who.gho.cm-02,raw/who.gho.cm-02/2026/09/20260907T155717Z-89bc69b90b61.json.gz,2
who.gho.cm-02,CM_02:UGA:SEX_FMLE:AGEGROUP_MONTHS0-11,1975-01-01,2026-09-07T15:57:17Z,low,26436.0,,who.gho.cm-02,raw/who.gho.cm-02/2026/09/20260907T155717Z-89bc69b90b61.json.gz,2
who.gho.cm-02,CM_02:UGA:SEX_FMLE:AGEGROUP_MONTHS0-11,1975-01-01,2026-09-07T15:57:17Z,restated_at,2026-08-04,,who.gho.cm-02,raw/who.gho.cm-02/2026/09/20260907T155717Z-89bc69b90b61.json.gz,2
who.gho.cm-02,CM_02:UGA:SEX_FMLE:AGEGROUP_MONTHS0-11,1975-01-01,2026-09-07T15:57:17Z,value,29353.0,,who.gho.cm-02,raw/who.gho.cm-02/2026/09/20260907T155717Z-89bc69b90b61.json.gz,2
who.gho.cm-02,CM_02:UGA:SEX_MLE:AGEGROUP_MONTHS0-11,1975-01-01,2026-09-07T15:58:20Z,high,38165.0,,who.gho.cm-02,raw/who.gho.cm-02/2026/09/20260907T155820Z-bace8014f904.json.gz,2
who.gho.cm-02,CM_02:UGA:SEX_MLE:AGEGROUP_MONTHS0-11,1975-01-01,2026-09-07T15:58:20Z,low,31356.0,,who.gho.cm-02,raw/who.gho.cm-02/2026/09/20260907T155820Z-bace8014f904.json.gz,2
who.gho.cm-02,CM_02:UGA:SEX_MLE:AGEGROUP_MONTHS0-11,1975-01-01,2026-09-07T15:58:20Z,restated_at,2026-08-04,,who.gho.cm-02,raw/who.gho.cm-02/2026/09/20260907T155820Z-bace8014f904.json.gz,2
who.gho.cm-02,CM_02:UGA:SEX_MLE:AGEGROUP_MONTHS0-11,1975-01-01,2026-09-07T15:58:20Z,value,34685.0,,who.gho.cm-02,raw/who.gho.cm-02/2026/09/20260907T155820Z-bace8014f904.json.gz,2
who.gho.cm-02,CM_02:UKR:SEX_BTSX:AGEGROUP_MONTHS0-11,1975-01-01,2026-09-07T15:51:16Z,high,25774.0,,who.gho.cm-02,raw/who.gho.cm-02/2026/09/20260907T155116Z-bb01bf96bc15.json.gz,2
who.gho.cm-02,CM_02:UKR:SEX_BTSX:AGEGROUP_MONTHS0-11,1975-01-01,2026-09-07T15:51:16Z,low,14931.0,,who.gho.cm-02,raw/who.gho.cm-02/2026/09/20260907T155116Z-bb01bf96bc15.json.gz,2
who.gho.cm-02,CM_02:UKR:SEX_BTSX:AGEGROUP_MONTHS0-11,1975-01-01,2026-09-07T15:51:16Z,restated_at,2026-08-04,,who.gho.cm-02,raw/who.gho.cm-02/2026/09/20260907T155116Z-bb01bf96bc15.json.gz,2
who.gho.cm-02,CM_02:UKR:SEX_BTSX:AGEGROUP_MONTHS0-11,1975-01-01,2026-09-07T15:51:16Z,value,19518.0,,who.gho.cm-02,raw/who.gho.cm-02/2026/09/20260907T155116Z-bb01bf96bc15.json.gz,2
who.gho.cm-02,CM_02:UKR:SEX_FMLE:AGEGROUP_MONTHS0-11,1975-01-01,2026-09-07T15:51:25Z,high,11200.0,,who.gho.cm-02,raw/who.gho.cm-02/2026/09/20260907T155125Z-b41e2575e826.json.gz,2
who.gho.cm-02,CM_02:UKR:SEX_FMLE:AGEGROUP_MONTHS0-11,1975-01-01,2026-09-07T15:51:25Z,low,6386.0,,who.gho.cm-02,raw/who.gho.cm-02/2026/09/20260907T155125Z-b41e2575e826.json.gz,2
who.gho.cm-02,CM_02:UKR:SEX_FMLE:AGEGROUP_MONTHS0-11,1975-01-01,2026-09-07T15:51:25Z,restated_at,2026-08-04,,who.gho.cm-02,raw/who.gho.cm-02/2026/09/20260907T155125Z-b41e2575e826.json.gz,2
who.gho.cm-02,CM_02:UKR:SEX_FMLE:AGEGROUP_MONTHS0-11,1975-01-01,2026-09-07T15:51:25Z,value,8417.0,,who.gho.cm-02,raw/who.gho.cm-02/2026/09/20260907T155125Z-b41e2575e826.json.gz,2
who.gho.cm-02,CM_02:UKR:SEX_MLE:AGEGROUP_MONTHS0-11,1975-01-01,2026-09-07T15:52:10Z,high,14749.0,,who.gho.cm-02,raw/who.gho.cm-02/2026/09/20260907T155210Z-c2e07328660e.json.gz,2
who.gho.cm-02,CM_02:UKR:SEX_MLE:AGEGROUP_MONTHS0-11,1975-01-01,2026-09-07T15:52:10Z,low,8491.0,,who.gho.cm-02,raw/who.gho.cm-02/2026/09/20260907T155210Z-c2e07328660e.json.gz,2
who.gho.cm-02,CM_02:UKR:SEX_MLE:AGEGROUP_MONTHS0-11,1975-01-01,2026-09-07T15:52:10Z,restated_at,2026-08-04,,who.gho.cm-02,raw/who.gho.cm-02/2026/09/20260907T155210Z-c2e07328660e.json.gz,2
who.gho.cm-02,CM_02:UKR:SEX_MLE:AGEGROUP_MONTHS0-11,1975-01-01,2026-09-07T15:52:10Z,value,11101.0,,who.gho.cm-02,raw/who.gho.cm-02/2026/09/20260907T155210Z-c2e07328660e.json.gz,2
who.gho.cm-02,CM_02:URY:SEX_BTSX:AGEGROUP_MONTHS0-11,1975-01-01,2026-09-07T15:58:16Z,high,3056.0,,who.gho.cm-02,raw/who.gho.cm-02/2026/09/20260907T155816Z-99a1a16a015f.json.gz,2
who.gho.cm-02,CM_02:URY:SEX_BTSX:AGEGROUP_MONTHS0-11,1975-01-01,2026-09-07T15:58:16Z,low,2941.0,,who.gho.cm-02,raw/who.gho.cm-02/2026/09/20260907T155816Z-99a1a16a015f.json.gz,2
who.gho.cm-02,CM_02:URY:SEX_BTSX:AGEGROUP_MONTHS0-11,1975-01-01,2026-09-07T15:58:16Z,restated_at,2026-08-04,,who.gho.cm-02,raw/who.gho.cm-02/2026/09/20260907T155816Z-99a1a16a015f.json.gz,2
who.gho.cm-02,CM_02:URY:SEX_BTSX:AGEGROUP_MONTHS0-11,1975-01-01,2026-09-07T15:58:16Z,value,2997.0,,who.gho.cm-02,raw/who.gho.cm-02/2026/09/20260907T155816Z-99a1a16a015f.json.gz,2
who.gho.cm-02,CM_02:URY:SEX_FMLE:AGEGROUP_MONTHS0-11,1975-01-01,2026-09-07T15:57:40Z,high,1338.0,,who.gho.cm-02,raw/who.gho.cm-02/2026/09/20260907T155740Z-31068700a25d.json.gz,2
who.gho.cm-02,CM_02:URY:SEX_FMLE:AGEGROUP_MONTHS0-11,1975-01-01,2026-09-07T15:57:40Z,low,1275.0,,who.gho.cm-02,raw/who.gho.cm-02/2026/09/20260907T155740Z-31068700a25d.json.gz,2
who.gho.cm-02,CM_02:URY:SEX_FMLE:AGEGROUP_MONTHS0-11,1975-01-01,2026-09-07T15:57:40Z,restated_at,2026-08-04,,who.gho.cm-02,raw/who.gho.cm-02/2026/09/20260907T155740Z-31068700a25d.json.gz,2
who.gho.cm-02,CM_02:URY:SEX_FMLE:AGEGROUP_MONTHS0-11,1975-01-01,2026-09-07T15:57:40Z,value,1306.0,,who.gho.cm-02,raw/who.gho.cm-02/2026/09/20260907T155740Z-31068700a25d.json.gz,2
who.gho.cm-02,CM_02:URY:SEX_MLE:AGEGROUP_MONTHS0-11,1975-01-01,2026-09-07T15:50:57Z,high,1730.0,,who.gho.cm-02,raw/who.gho.cm-02/2026/09/20260907T155057Z-e03fd9f60113.json.gz,2
who.gho.cm-02,CM_02:URY:SEX_MLE:AGEGROUP_MONTHS0-11,1975-01-01,2026-09-07T15:50:57Z,low,1653.0,,who.gho.cm-02,raw/who.gho.cm-02/2026/09/20260907T155057Z-e03fd9f60113.json.gz,2
who.gho.cm-02,CM_02:URY:SEX_MLE:AGEGROUP_MONTHS0-11,1975-01-01,2026-09-07T15:50:57Z,restated_at,2026-08-04,,who.gho.cm-02,raw/who.gho.cm-02/2026/09/20260907T155057Z-e03fd9f60113.json.gz,2
who.gho.cm-02,CM_02:URY:SEX_MLE:AGEGROUP_MONTHS0-11,1975-01-01,2026-09-07T15:50:57Z,value,1691.0,,who.gho.cm-02,raw/who.gho.cm-02/2026/09/20260907T155057Z-e03fd9f60113.json.gz,2
who.gho.cm-02,CM_02:USA:SEX_BTSX:AGEGROUP_MONTHS0-11,1975-01-01,2026-09-07T15:56:41Z,high,53571.0,,who.gho.cm-02,raw/who.gho.cm-02/2026/09/20260907T155641Z-022407e160ee.json.gz,2
who.gho.cm-02,CM_02:USA:SEX_BTSX:AGEGROUP_MONTHS0-11,1975-01-01,2026-09-07T15:56:41Z,low,51851.0,,who.gho.cm-02,raw/who.gho.cm-02/2026/09/20260907T155641Z-022407e160ee.json.gz,2
who.gho.cm-02,CM_02:USA:SEX_BTSX:AGEGROUP_MONTHS0-11,1975-01-01,2026-09-07T15:56:41Z,restated_at,2026-08-04,,who.gho.cm-02,raw/who.gho.cm-02/2026/09/20260907T155641Z-022407e160ee.json.gz,2
who.gho.cm-02,CM_02:USA:SEX_BTSX:AGEGROUP_MONTHS0-11,1975-01-01,2026-09-07T15:56:41Z,value,52690.0,,who.gho.cm-02,raw/who.gho.cm-02/2026/09/20260907T155641Z-022407e160ee.json.gz,2
who.gho.cm-02,CM_02:USA:SEX_FMLE:AGEGROUP_MONTHS0-11,1975-01-01,2026-09-07T15:57:54Z,high,23021.0,,who.gho.cm-02,raw/who.gho.cm-02/2026/09/20260907T155754Z-3bea881db2b4.json.gz,2
who.gho.cm-02,CM_02:USA:SEX_FMLE:AGEGROUP_MONTHS0-11,1975-01-01,2026-09-07T15:57:54Z,low,22221.0,,who.gho.cm-02,raw/who.gho.cm-02/2026/09/20260907T155754Z-3bea881db2b4.json.gz,2
who.gho.cm-02,CM_02:USA:SEX_FMLE:AGEGROUP_MONTHS0-11,1975-01-01,2026-09-07T15:57:54Z,restated_at,2026-08-04,,who.gho.cm-02,raw/who.gho.cm-02/2026/09/20260907T155754Z-3bea881db2b4.json.gz,2
who.gho.cm-02,CM_02:USA:SEX_FMLE:AGEGROUP_MONTHS0-11,1975-01-01,2026-09-07T15:57:54Z,value,22608.0,,who.gho.cm-02,raw/who.gho.cm-02/2026/09/20260907T155754Z-3bea881db2b4.json.gz,2
who.gho.cm-02,CM_02:USA:SEX_MLE:AGEGROUP_MONTHS0-11,1975-01-01,2026-09-07T15:51:21Z,high,30610.0,,who.gho.cm-02,raw/who.gho.cm-02/2026/09/20260907T155121Z-1b14643329ca.json.gz,2
who.gho.cm-02,CM_02:USA:SEX_MLE:AGEGROUP_MONTHS0-11,1975-01-01,2026-09-07T15:51:21Z,low,29585.0,,who.gho.cm-02,raw/who.gho.cm-02/2026/09/20260907T155121Z-1b14643329ca.json.gz,2
who.gho.cm-02,CM_02:USA:SEX_MLE:AGEGROUP_MONTHS0-11,1975-01-01,2026-09-07T15:51:21Z,restated_at,2026-08-04,,who.gho.cm-02,raw/who.gho.cm-02/2026/09/20260907T155121Z-1b14643329ca.json.gz,2
who.gho.cm-02,CM_02:USA:SEX_MLE:AGEGROUP_MONTHS0-11,1975-01-01,2026-09-07T15:51:21Z,value,30082.0,,who.gho.cm-02,raw/who.gho.cm-02/2026/09/20260907T155121Z-1b14643329ca.json.gz,2
who.gho.cm-02,CM_02:VCT:SEX_BTSX:AGEGROUP_MONTHS0-11,1975-01-01,2026-09-07T15:57:49Z,high,220.0,,who.gho.cm-02,raw/who.gho.cm-02/2026/09/20260907T155749Z-8808ed0c9a07.json.gz,2
who.gho.cm-02,CM_02:VCT:SEX_BTSX:AGEGROUP_MONTHS0-11,1975-01-01,2026-09-07T15:57:49Z,low,203.0,,who.gho.cm-02,raw/who.gho.cm-02/2026/09/20260907T155749Z-8808ed0c9a07.json.gz,2
who.gho.cm-02,CM_02:VCT:SEX_BTSX:AGEGROUP_MONTHS0-11,1975-01-01,2026-09-07T15:57:49Z,restated_at,2026-08-04,,who.gho.cm-02,raw/who.gho.cm-02/2026/09/20260907T155749Z-8808ed0c9a07.json.gz,2
who.gho.cm-02,CM_02:VCT:SEX_BTSX:AGEGROUP_MONTHS0-11,1975-01-01,2026-09-07T15:57:49Z,value,211.0,,who.gho.cm-02,raw/who.gho.cm-02/2026/09/20260907T155749Z-8808ed0c9a07.json.gz,2
who.gho.cm-02,CM_02:VCT:SEX_FMLE:AGEGROUP_MONTHS0-11,1975-01-01,2026-09-07T15:57:54Z,high,102.0,,who.gho.cm-02,raw/who.gho.cm-02/2026/09/20260907T155754Z-3bea881db2b4.json.gz,2
who.gho.cm-02,CM_02:VCT:SEX_FMLE:AGEGROUP_MONTHS0-11,1975-01-01,2026-09-07T15:57:54Z,low,92.0,,who.gho.cm-02,raw/who.gho.cm-02/2026/09/20260907T155754Z-3bea881db2b4.json.gz,2
who.gho.cm-02,CM_02:VCT:SEX_FMLE:AGEGROUP_MONTHS0-11,1975-01-01,2026-09-07T15:57:54Z,restated_at,2025-04-15,,who.gho.cm-02,raw/who.gho.cm-02/2026/09/20260907T155754Z-3bea881db2b4.json.gz,2
who.gho.cm-02,CM_02:VCT:SEX_FMLE:AGEGROUP_MONTHS0-11,1975-01-01,2026-09-07T15:57:54Z,value,97.0,,who.gho.cm-02,raw/who.gho.cm-02/2026/09/20260907T155754Z-3bea881db2b4.json.gz,2
who.gho.cm-02,CM_02:VCT:SEX_MLE:AGEGROUP_MONTHS0-11,1975-01-01,2026-09-07T15:51:05Z,high,120.0,,who.gho.cm-02,raw/who.gho.cm-02/2026/09/20260907T155105Z-bd351d716a31.json.gz,2
who.gho.cm-02,CM_02:VCT:SEX_MLE:AGEGROUP_MONTHS0-11,1975-01-01,2026-09-07T15:51:05Z,low,109.0,,who.gho.cm-02,raw/who.gho.cm-02/2026/09/20260907T155105Z-bd351d716a31.json.gz,2
who.gho.cm-02,CM_02:VCT:SEX_MLE:AGEGROUP_MONTHS0-11,1975-01-01,2026-09-07T15:51:05Z,restated_at,2025-04-15,,who.gho.cm-02,raw/who.gho.cm-02/2026/09/20260907T155105Z-bd351d716a31.json.gz,2
who.gho.cm-02,CM_02:VCT:SEX_MLE:AGEGROUP_MONTHS0-11,1975-01-01,2026-09-07T15:51:05Z,value,114.0,,who.gho.cm-02,raw/who.gho.cm-02/2026/09/20260907T155105Z-bd351d716a31.json.gz,2
who.gho.cm-02,CM_02:VEN:SEX_BTSX:AGEGROUP_MONTHS0-11,1975-01-01,2026-09-07T15:56:41Z,high,21676.0,,who.gho.cm-02,raw/who.gho.cm-02/2026/09/20260907T155641Z-022407e160ee.json.gz,2
who.gho.cm-02,CM_02:VEN:SEX_BTSX:AGEGROUP_MONTHS0-11,1975-01-01,2026-09-07T15:56:41Z,low,17571.0,,who.gho.cm-02,raw/who.gho.cm-02/2026/09/20260907T155641Z-022407e160ee.json.gz,2
who.gho.cm-02,CM_02:VEN:SEX_BTSX:AGEGROUP_MONTHS0-11,1975-01-01,2026-09-07T15:56:41Z,restated_at,2026-08-04,,who.gho.cm-02,raw/who.gho.cm-02/2026/09/20260907T155641Z-022407e160ee.json.gz,2
who.gho.cm-02,CM_02:VEN:SEX_BTSX:AGEGROUP_MONTHS0-11,1975-01-01,2026-09-07T15:56:41Z,value,19580.0,,who.gho.cm-02,raw/who.gho.cm-02/2026/09/20260907T155641Z-022407e160ee.json.gz,2
who.gho.cm-02,CM_02:VEN:SEX_FMLE:AGEGROUP_MONTHS0-11,1975-01-01,2026-09-07T15:58:20Z,high,9497.0,,who.gho.cm-02,raw/who.gho.cm-02/2026/09/20260907T155820Z-bace8014f904.json.gz,2
who.gho.cm-02,CM_02:VEN:SEX_FMLE:AGEGROUP_MONTHS0-11,1975-01-01,2026-09-07T15:58:20Z,low,7549.0,,who.gho.cm-02,raw/who.gho.cm-02/2026/09/20260907T155820Z-bace8014f904.json.gz,2
who.gho.cm-02,CM_02:VEN:SEX_FMLE:AGEGROUP_MONTHS0-11,1975-01-01,2026-09-07T15:58:20Z,restated_at,2026-08-04,,who.gho.cm-02,raw/who.gho.cm-02/2026/09/20260907T155820Z-bace8014f904.json.gz,2
who.gho.cm-02,CM_02:VEN:SEX_FMLE:AGEGROUP_MONTHS0-11,1975-01-01,2026-09-07T15:58:20Z,value,8507.0,,who.gho.cm-02,raw/who.gho.cm-02/2026/09/20260907T155820Z-bace8014f904.json.gz,2
who.gho.cm-02,CM_02:VEN:SEX_MLE:AGEGROUP_MONTHS0-11,1975-01-01,2026-09-07T15:51:50Z,high,12303.0,,who.gho.cm-02,raw/who.gho.cm-02/2026/09/20260907T155150Z-b2442ef3f6e6.json.gz,2
who.gho.cm-02,CM_02:VEN:SEX_MLE:AGEGROUP_MONTHS0-11,1975-01-01,2026-09-07T15:51:50Z,low,9888.0,,who.gho.cm-02,raw/who.gho.cm-02/2026/09/20260907T155150Z-b2442ef3f6e6.json.gz,2
who.gho.cm-02,CM_02:VEN:SEX_MLE:AGEGROUP_MONTHS0-11,1975-01-01,2026-09-07T15:51:50Z,restated_at,2026-08-04,,who.gho.cm-02,raw/who.gho.cm-02/2026/09/20260907T155150Z-b2442ef3f6e6.json.gz,2
who.gho.cm-02,CM_02:VEN:SEX_MLE:AGEGROUP_MONTHS0-11,1975-01-01,2026-09-07T15:51:50Z,value,11073.0,,who.gho.cm-02,raw/who.gho.cm-02/2026/09/20260907T155150Z-b2442ef3f6e6.json.gz,2
who.gho.cm-02,CM_02:VGB:SEX_BTSX:AGEGROUP_MONTHS0-11,1975-01-01,2026-09-07T15:51:30Z,high,11.0,,who.gho.cm-02,raw/who.gho.cm-02/2026/09/20260907T155130Z-b74d44aee08e.json.gz,2
who.gho.cm-02,CM_02:VGB:SEX_BTSX:AGEGROUP_MONTHS0-11,1975-01-01,2026-09-07T15:51:30Z,low,8.0,,who.gho.cm-02,raw/who.gho.cm-02/2026/09/20260907T155130Z-b74d44aee08e.json.gz,2
who.gho.cm-02,CM_02:VGB:SEX_BTSX:AGEGROUP_MONTHS0-11,1975-01-01,2026-09-07T15:51:30Z,restated_at,2025-04-15,,who.gho.cm-02,raw/who.gho.cm-02/2026/09/20260907T155130Z-b74d44aee08e.json.gz,2
who.gho.cm-02,CM_02:VGB:SEX_BTSX:AGEGROUP_MONTHS0-11,1975-01-01,2026-09-07T15:51:30Z,value,10.0,,who.gho.cm-02,raw/who.gho.cm-02/2026/09/20260907T155130Z-b74d44aee08e.json.gz,2
who.gho.cm-02,CM_02:VGB:SEX_FMLE:AGEGROUP_MONTHS0-11,1975-01-01,2026-09-07T15:58:04Z,high,4.0,,who.gho.cm-02,raw/who.gho.cm-02/2026/09/20260907T155804Z-3e19927fa86a.json.gz,2
who.gho.cm-02,CM_02:VGB:SEX_FMLE:AGEGROUP_MONTHS0-11,1975-01-01,2026-09-07T15:58:04Z,low,3.0,,who.gho.cm-02,raw/who.gho.cm-02/2026/09/20260907T155804Z-3e19927fa86a.json.gz,2
who.gho.cm-02,CM_02:VGB:SEX_FMLE:AGEGROUP_MONTHS0-11,1975-01-01,2026-09-07T15:58:04Z,restated_at,2025-04-15,,who.gho.cm-02,raw/who.gho.cm-02/2026/09/20260907T155804Z-3e19927fa86a.json.gz,2
who.gho.cm-02,CM_02:VGB:SEX_FMLE:AGEGROUP_MONTHS0-11,1975-01-01,2026-09-07T15:58:04Z,value,4.0,,who.gho.cm-02,raw/who.gho.cm-02/2026/09/20260907T155804Z-3e19927fa86a.json.gz,2
who.gho.cm-02,CM_02:VGB:SEX_MLE:AGEGROUP_MONTHS0-11,1975-01-01,2026-09-07T15:51:25Z,high,7.0,,who.gho.cm-02,raw/who.gho.cm-02/2026/09/20260907T155125Z-b41e2575e826.json.gz,2
who.gho.cm-02,CM_02:VGB:SEX_MLE:AGEGROUP_MONTHS0-11,1975-01-01,2026-09-07T15:51:25Z,low,5.0,,who.gho.cm-02,raw/who.gho.cm-02/2026/09/20260907T155125Z-b41e2575e826.json.gz,2
who.gho.cm-02,CM_02:VGB:SEX_MLE:AGEGROUP_MONTHS0-11,1975-01-01,2026-09-07T15:51:25Z,restated_at,2025-04-15,,who.gho.cm-02,raw/who.gho.cm-02/2026/09/20260907T155125Z-b41e2575e826.json.gz,2
who.gho.cm-02,CM_02:VGB:SEX_MLE:AGEGROUP_MONTHS0-11,1975-01-01,2026-09-07T15:51:25Z,value,6.0,,who.gho.cm-02,raw/who.gho.cm-02/2026/09/20260907T155125Z-b41e2575e826.json.gz,2
who.gho.cm-02,CM_02:VNM:SEX_BTSX:AGEGROUP_MONTHS0-11,1975-01-01,2026-09-07T15:52:26Z,high,94289.0,,who.gho.cm-02,raw/who.gho.cm-02/2026/09/20260907T155226Z-b536cc4a2b4c.json.gz,2
who.gho.cm-02,CM_02:VNM:SEX_BTSX:AGEGROUP_MONTHS0-11,1975-01-01,2026-09-07T15:52:26Z,low,76494.0,,who.gho.cm-02,raw/who.gho.cm-02/2026/09/20260907T155226Z-b536cc4a2b4c.json.gz,2
who.gho.cm-02,CM_02:VNM:SEX_BTSX:AGEGROUP_MONTHS0-11,1975-01-01,2026-09-07T15:52:26Z,restated_at,2026-08-04,,who.gho.cm-02,raw/who.gho.cm-02/2026/09/20260907T155226Z-b536cc4a2b4c.json.gz,2
who.gho.cm-02,CM_02:VNM:SEX_BTSX:AGEGROUP_MONTHS0-11,1975-01-01,2026-09-07T15:52:26Z,value,84906.0,,who.gho.cm-02,raw/who.gho.cm-02/2026/09/20260907T155226Z-b536cc4a2b4c.json.gz,2
who.gho.cm-02,CM_02:VNM:SEX_FMLE:AGEGROUP_MONTHS0-11,1975-01-01,2026-09-07T15:51:40Z,high,40517.0,,who.gho.cm-02,raw/who.gho.cm-02/2026/09/20260907T155140Z-2ccf90b4d287.json.gz,2
who.gho.cm-02,CM_02:VNM:SEX_FMLE:AGEGROUP_MONTHS0-11,1975-01-01,2026-09-07T15:51:40Z,low,32247.0,,who.gho.cm-02,raw/who.gho.cm-02/2026/09/20260907T155140Z-2ccf90b4d287.json.gz,2
who.gho.cm-02,CM_02:VNM:SEX_FMLE:AGEGROUP_MONTHS0-11,1975-01-01,2026-09-07T15:51:40Z,restated_at,2026-08-04,,who.gho.cm-02,raw/who.gho.cm-02/2026/09/20260907T155140Z-2ccf90b4d287.json.gz,2
who.gho.cm-02,CM_02:VNM:SEX_FMLE:AGEGROUP_MONTHS0-11,1975-01-01,2026-09-07T15:51:40Z,value,36096.0,,who.gho.cm-02,raw/who.gho.cm-02/2026/09/20260907T155140Z-2ccf90b4d287.json.gz,2
who.gho.cm-02,CM_02:VNM:SEX_MLE:AGEGROUP_MONTHS0-11,1975-01-01,2026-09-07T15:57:12Z,high,54491.0,,who.gho.cm-02,raw/who.gho.cm-02/2026/09/20260907T155712Z-98aa519eeacd.json.gz,2
who.gho.cm-02,CM_02:VNM:SEX_MLE:AGEGROUP_MONTHS0-11,1975-01-01,2026-09-07T15:57:12Z,low,43733.0,,who.gho.cm-02,raw/who.gho.cm-02/2026/09/20260907T155712Z-98aa519eeacd.json.gz,2
who.gho.cm-02,CM_02:VNM:SEX_MLE:AGEGROUP_MONTHS0-11,1975-01-01,2026-09-07T15:57:12Z,restated_at,2026-08-04,,who.gho.cm-02,raw/who.gho.cm-02/2026/09/20260907T155712Z-98aa519eeacd.json.gz,2
who.gho.cm-02,CM_02:VNM:SEX_MLE:AGEGROUP_MONTHS0-11,1975-01-01,2026-09-07T15:57:12Z,value,48810.0,,who.gho.cm-02,raw/who.gho.cm-02/2026/09/20260907T155712Z-98aa519eeacd.json.gz,2
who.gho.cm-02,CM_02:VUT:SEX_BTSX:AGEGROUP_MONTHS0-11,1975-01-01,2026-09-07T15:56:48Z,high,339.0,,who.gho.cm-02,raw/who.gho.cm-02/2026/09/20260907T155648Z-e962102586d9.json.gz,2
who.gho.cm-02,CM_02:VUT:SEX_BTSX:AGEGROUP_MONTHS0-11,1975-01-01,2026-09-07T15:56:48Z,low,218.0,,who.gho.cm-02,raw/who.gho.cm-02/2026/09/20260907T155648Z-e962102586d9.json.gz,2
who.gho.cm-02,CM_02:VUT:SEX_BTSX:AGEGROUP_MONTHS0-11,1975-01-01,2026-09-07T15:56:48Z,restated_at,2026-08-04,,who.gho.cm-02,raw/who.gho.cm-02/2026/09/20260907T155648Z-e962102586d9.json.gz,2
who.gho.cm-02,CM_02:VUT:SEX_BTSX:AGEGROUP_MONTHS0-11,1975-01-01,2026-09-07T15:56:48Z,value,270.0,,who.gho.cm-02,raw/who.gho.cm-02/2026/09/20260907T155648Z-e962102586d9.json.gz,2
who.gho.cm-02,CM_02:VUT:SEX_FMLE:AGEGROUP_MONTHS0-11,1975-01-01,2026-09-07T15:56:55Z,high,155.0,,who.gho.cm-02,raw/who.gho.cm-02/2026/09/20260907T155655Z-a5ea76265971.json.gz,2
who.gho.cm-02,CM_02:VUT:SEX_FMLE:AGEGROUP_MONTHS0-11,1975-01-01,2026-09-07T15:56:55Z,low,97.0,,who.gho.cm-02,raw/who.gho.cm-02/2026/09/20260907T155655Z-a5ea76265971.json.gz,2
who.gho.cm-02,CM_02:VUT:SEX_FMLE:AGEGROUP_MONTHS0-11,1975-01-01,2026-09-07T15:56:55Z,restated_at,2026-08-04,,who.gho.cm-02,raw/who.gho.cm-02/2026/09/20260907T155655Z-a5ea76265971.json.gz,2
who.gho.cm-02,CM_02:VUT:SEX_FMLE:AGEGROUP_MONTHS0-11,1975-01-01,2026-09-07T15:56:55Z,value,123.0,,who.gho.cm-02,raw/who.gho.cm-02/2026/09/20260907T155655Z-a5ea76265971.json.gz,2
who.gho.cm-02,CM_02:VUT:SEX_MLE:AGEGROUP_MONTHS0-11,1975-01-01,2026-09-07T15:57:44Z,high,186.0,,who.gho.cm-02,raw/who.gho.cm-02/2026/09/20260907T155744Z-e141b36e0a87.json.gz,2
who.gho.cm-02,CM_02:VUT:SEX_MLE:AGEGROUP_MONTHS0-11,1975-01-01,2026-09-07T15:57:44Z,low,118.0,,who.gho.cm-02,raw/who.gho.cm-02/2026/09/20260907T155744Z-e141b36e0a87.json.gz,2
who.gho.cm-02,CM_02:VUT:SEX_MLE:AGEGROUP_MONTHS0-11,1975-01-01,2026-09-07T15:57:44Z,restated_at,2026-08-04,,who.gho.cm-02,raw/who.gho.cm-02/2026/09/20260907T155744Z-e141b36e0a87.json.gz,2
who.gho.cm-02,CM_02:VUT:SEX_MLE:AGEGROUP_MONTHS0-11,1975-01-01,2026-09-07T15:57:44Z,value,147.0,,who.gho.cm-02,raw/who.gho.cm-02/2026/09/20260907T155744Z-e141b36e0a87.json.gz,2
who.gho.cm-02,CM_02:WSM:SEX_BTSX:AGEGROUP_MONTHS0-11,1975-01-01,2026-09-07T15:52:26Z,high,284.0,,who.gho.cm-02,raw/who.gho.cm-02/2026/09/20260907T155226Z-b536cc4a2b4c.json.gz,2
who.gho.cm-02,CM_02:WSM:SEX_BTSX:AGEGROUP_MONTHS0-11,1975-01-01,2026-09-07T15:52:26Z,low,194.0,,who.gho.cm-02,raw/who.gho.cm-02/2026/09/20260907T155226Z-b536cc4a2b4c.json.gz,2
who.gho.cm-02,CM_02:WSM:SEX_BTSX:AGEGROUP_MONTHS0-11,1975-01-01,2026-09-07T15:52:26Z,restated_at,2026-08-04,,who.gho.cm-02,raw/who.gho.cm-02/2026/09/20260907T155226Z-b536cc4a2b4c.json.gz,2
who.gho.cm-02,CM_02:WSM:SEX_BTSX:AGEGROUP_MONTHS0-11,1975-01-01,2026-09-07T15:52:26Z,value,236.0,,who.gho.cm-02,raw/who.gho.cm-02/2026/09/20260907T155226Z-b536cc4a2b4c.json.gz,2
who.gho.cm-02,CM_02:WSM:SEX_FMLE:AGEGROUP_MONTHS0-11,1975-01-01,2026-09-07T15:57:07Z,high,124.0,,who.gho.cm-02,raw/who.gho.cm-02/2026/09/20260907T155707Z-3cd3e5b56c9f.json.gz,2
who.gho.cm-02,CM_02:WSM:SEX_FMLE:AGEGROUP_MONTHS0-11,1975-01-01,2026-09-07T15:57:07Z,low,83.0,,who.gho.cm-02,raw/who.gho.cm-02/2026/09/20260907T155707Z-3cd3e5b56c9f.json.gz,2
who.gho.cm-02,CM_02:WSM:SEX_FMLE:AGEGROUP_MONTHS0-11,1975-01-01,2026-09-07T15:57:07Z,restated_at,2026-08-04,,who.gho.cm-02,raw/who.gho.cm-02/2026/09/20260907T155707Z-3cd3e5b56c9f.json.gz,2
who.gho.cm-02,CM_02:WSM:SEX_FMLE:AGEGROUP_MONTHS0-11,1975-01-01,2026-09-07T15:57:07Z,value,102.0,,who.gho.cm-02,raw/who.gho.cm-02/2026/09/20260907T155707Z-3cd3e5b56c9f.json.gz,2
who.gho.cm-02,CM_02:WSM:SEX_MLE:AGEGROUP_MONTHS0-11,1975-01-01,2026-09-07T15:57:26Z,high,163.0,,who.gho.cm-02,raw/who.gho.cm-02/2026/09/20260907T155726Z-31d0241a6d30.json.gz,2
who.gho.cm-02,CM_02:WSM:SEX_MLE:AGEGROUP_MONTHS0-11,1975-01-01,2026-09-07T15:57:26Z,low,110.0,,who.gho.cm-02,raw/who.gho.cm-02/2026/09/20260907T155726Z-31d0241a6d30.json.gz,2
who.gho.cm-02,CM_02:WSM:SEX_MLE:AGEGROUP_MONTHS0-11,1975-01-01,2026-09-07T15:57:26Z,restated_at,2026-08-04,,who.gho.cm-02,raw/who.gho.cm-02/2026/09/20260907T155726Z-31d0241a6d30.json.gz,2
who.gho.cm-02,CM_02:WSM:SEX_MLE:AGEGROUP_MONTHS0-11,1975-01-01,2026-09-07T15:57:26Z,value,134.0,,who.gho.cm-02,raw/who.gho.cm-02/2026/09/20260907T155726Z-31d0241a6d30.json.gz,2
who.gho.cm-02,CM_02:YEM:SEX_BTSX:AGEGROUP_MONTHS0-11,1975-01-01,2026-09-07T15:50:57Z,high,88117.0,,who.gho.cm-02,raw/who.gho.cm-02/2026/09/20260907T155057Z-e03fd9f60113.json.gz,2
who.gho.cm-02,CM_02:YEM:SEX_BTSX:AGEGROUP_MONTHS0-11,1975-01-01,2026-09-07T15:50:57Z,low,75152.0,,who.gho.cm-02,raw/who.gho.cm-02/2026/09/20260907T155057Z-e03fd9f60113.json.gz,2
who.gho.cm-02,CM_02:YEM:SEX_BTSX:AGEGROUP_MONTHS0-11,1975-01-01,2026-09-07T15:50:57Z,restated_at,2026-08-04,,who.gho.cm-02,raw/who.gho.cm-02/2026/09/20260907T155057Z-e03fd9f60113.json.gz,2
who.gho.cm-02,CM_02:YEM:SEX_BTSX:AGEGROUP_MONTHS0-11,1975-01-01,2026-09-07T15:50:57Z,value,81350.0,,who.gho.cm-02,raw/who.gho.cm-02/2026/09/20260907T155057Z-e03fd9f60113.json.gz,2
who.gho.cm-02,CM_02:YEM:SEX_FMLE:AGEGROUP_MONTHS0-11,1975-01-01,2026-09-07T15:51:25Z,high,40189.0,,who.gho.cm-02,raw/who.gho.cm-02/2026/09/20260907T155125Z-b41e2575e826.json.gz,2
who.gho.cm-02,CM_02:YEM:SEX_FMLE:AGEGROUP_MONTHS0-11,1975-01-01,2026-09-07T15:51:25Z,low,33905.0,,who.gho.cm-02,raw/who.gho.cm-02/2026/09/20260907T155125Z-b41e2575e826.json.gz,2
who.gho.cm-02,CM_02:YEM:SEX_FMLE:AGEGROUP_MONTHS0-11,1975-01-01,2026-09-07T15:51:25Z,restated_at,2026-08-04,,who.gho.cm-02,raw/who.gho.cm-02/2026/09/20260907T155125Z-b41e2575e826.json.gz,2
who.gho.cm-02,CM_02:YEM:SEX_FMLE:AGEGROUP_MONTHS0-11,1975-01-01,2026-09-07T15:51:25Z,value,36897.0,,who.gho.cm-02,raw/who.gho.cm-02/2026/09/20260907T155125Z-b41e2575e826.json.gz,2
who.gho.cm-02,CM_02:YEM:SEX_MLE:AGEGROUP_MONTHS0-11,1975-01-01,2026-09-07T15:58:07Z,high,48328.0,,who.gho.cm-02,raw/who.gho.cm-02/2026/09/20260907T155807Z-33d1eb328c3d.json.gz,2
who.gho.cm-02,CM_02:YEM:SEX_MLE:AGEGROUP_MONTHS0-11,1975-01-01,2026-09-07T15:58:07Z,low,40945.0,,who.gho.cm-02,raw/who.gho.cm-02/2026/09/20260907T155807Z-33d1eb328c3d.json.gz,2
who.gho.cm-02,CM_02:YEM:SEX_MLE:AGEGROUP_MONTHS0-11,1975-01-01,2026-09-07T15:58:07Z,restated_at,2026-08-04,,who.gho.cm-02,raw/who.gho.cm-02/2026/09/20260907T155807Z-33d1eb328c3d.json.gz,2
who.gho.cm-02,CM_02:YEM:SEX_MLE:AGEGROUP_MONTHS0-11,1975-01-01,2026-09-07T15:58:07Z,value,44453.0,,who.gho.cm-02,raw/who.gho.cm-02/2026/09/20260907T155807Z-33d1eb328c3d.json.gz,2
who.gho.cm-02,CM_02:ZMB:SEX_BTSX:AGEGROUP_MONTHS0-11,1975-01-01,2026-09-07T15:51:16Z,high,21501.0,,who.gho.cm-02,raw/who.gho.cm-02/2026/09/20260907T155116Z-bb01bf96bc15.json.gz,2
who.gho.cm-02,CM_02:ZMB:SEX_BTSX:AGEGROUP_MONTHS0-11,1975-01-01,2026-09-07T15:51:16Z,low,18063.0,,who.gho.cm-02,raw/who.gho.cm-02/2026/09/20260907T155116Z-bb01bf96bc15.json.gz,2
who.gho.cm-02,CM_02:ZMB:SEX_BTSX:AGEGROUP_MONTHS0-11,1975-01-01,2026-09-07T15:51:16Z,restated_at,2026-08-04,,who.gho.cm-02,raw/who.gho.cm-02/2026/09/20260907T155116Z-bb01bf96bc15.json.gz,2
who.gho.cm-02,CM_02:ZMB:SEX_BTSX:AGEGROUP_MONTHS0-11,1975-01-01,2026-09-07T15:51:16Z,value,19736.0,,who.gho.cm-02,raw/who.gho.cm-02/2026/09/20260907T155116Z-bb01bf96bc15.json.gz,2
who.gho.cm-02,CM_02:ZMB:SEX_FMLE:AGEGROUP_MONTHS0-11,1975-01-01,2026-09-07T15:51:05Z,high,10069.0,,who.gho.cm-02,raw/who.gho.cm-02/2026/09/20260907T155105Z-bd351d716a31.json.gz,2
who.gho.cm-02,CM_02:ZMB:SEX_FMLE:AGEGROUP_MONTHS0-11,1975-01-01,2026-09-07T15:51:05Z,low,8337.0,,who.gho.cm-02,raw/who.gho.cm-02/2026/09/20260907T155105Z-bd351d716a31.json.gz,2
who.gho.cm-02,CM_02:ZMB:SEX_FMLE:AGEGROUP_MONTHS0-11,1975-01-01,2026-09-07T15:51:05Z,restated_at,2026-08-04,,who.gho.cm-02,raw/who.gho.cm-02/2026/09/20260907T155105Z-bd351d716a31.json.gz,2
who.gho.cm-02,CM_02:ZMB:SEX_FMLE:AGEGROUP_MONTHS0-11,1975-01-01,2026-09-07T15:51:05Z,value,9188.0,,who.gho.cm-02,raw/who.gho.cm-02/2026/09/20260907T155105Z-bd351d716a31.json.gz,2
who.gho.cm-02,CM_02:ZMB:SEX_MLE:AGEGROUP_MONTHS0-11,1975-01-01,2026-09-07T15:51:01Z,high,11538.0,,who.gho.cm-02,raw/who.gho.cm-02/2026/09/20260907T155101Z-65d1a3fa0413.json.gz,2
who.gho.cm-02,CM_02:ZMB:SEX_MLE:AGEGROUP_MONTHS0-11,1975-01-01,2026-09-07T15:51:01Z,low,9606.0,,who.gho.cm-02,raw/who.gho.cm-02/2026/09/20260907T155101Z-65d1a3fa0413.json.gz,2
who.gho.cm-02,CM_02:ZMB:SEX_MLE:AGEGROUP_MONTHS0-11,1975-01-01,2026-09-07T15:51:01Z,restated_at,2026-08-04,,who.gho.cm-02,raw/who.gho.cm-02/2026/09/20260907T155101Z-65d1a3fa0413.json.gz,2
who.gho.cm-02,CM_02:ZMB:SEX_MLE:AGEGROUP_MONTHS0-11,1975-01-01,2026-09-07T15:51:01Z,value,10548.0,,who.gho.cm-02,raw/who.gho.cm-02/2026/09/20260907T155101Z-65d1a3fa0413.json.gz,2
who.gho.cm-02,CM_02:ZWE:SEX_BTSX:AGEGROUP_MONTHS0-11,1975-01-01,2026-09-07T15:52:10Z,high,21513.0,,who.gho.cm-02,raw/who.gho.cm-02/2026/09/20260907T155210Z-c2e07328660e.json.gz,2
who.gho.cm-02,CM_02:ZWE:SEX_BTSX:AGEGROUP_MONTHS0-11,1975-01-01,2026-09-07T15:52:10Z,low,17812.0,,who.gho.cm-02,raw/who.gho.cm-02/2026/09/20260907T155210Z-c2e07328660e.json.gz,2
who.gho.cm-02,CM_02:ZWE:SEX_BTSX:AGEGROUP_MONTHS0-11,1975-01-01,2026-09-07T15:52:10Z,restated_at,2026-08-04,,who.gho.cm-02,raw/who.gho.cm-02/2026/09/20260907T155210Z-c2e07328660e.json.gz,2
who.gho.cm-02,CM_02:ZWE:SEX_BTSX:AGEGROUP_MONTHS0-11,1975-01-01,2026-09-07T15:52:10Z,value,19612.0,,who.gho.cm-02,raw/who.gho.cm-02/2026/09/20260907T155210Z-c2e07328660e.json.gz,2
who.gho.cm-02,CM_02:ZWE:SEX_FMLE:AGEGROUP_MONTHS0-11,1975-01-01,2026-09-07T15:58:20Z,high,9351.0,,who.gho.cm-02,raw/who.gho.cm-02/2026/09/20260907T155820Z-bace8014f904.json.gz,2
who.gho.cm-02,CM_02:ZWE:SEX_FMLE:AGEGROUP_MONTHS0-11,1975-01-01,2026-09-07T15:58:20Z,low,7596.0,,who.gho.cm-02,raw/who.gho.cm-02/2026/09/20260907T155820Z-bace8014f904.json.gz,2
who.gho.cm-02,CM_02:ZWE:SEX_FMLE:AGEGROUP_MONTHS0-11,1975-01-01,2026-09-07T15:58:20Z,restated_at,2026-08-04,,who.gho.cm-02,raw/who.gho.cm-02/2026/09/20260907T155820Z-bace8014f904.json.gz,2
who.gho.cm-02,CM_02:ZWE:SEX_FMLE:AGEGROUP_MONTHS0-11,1975-01-01,2026-09-07T15:58:20Z,value,8457.0,,who.gho.cm-02,raw/who.gho.cm-02/2026/09/20260907T155820Z-bace8014f904.json.gz,2
who.gho.cm-02,CM_02:ZWE:SEX_MLE:AGEGROUP_MONTHS0-11,1975-01-01,2026-09-07T15:52:18Z,high,12301.0,,who.gho.cm-02,raw/who.gho.cm-02/2026/09/20260907T155218Z-7dbb6db1a58a.json.gz,2
who.gho.cm-02,CM_02:ZWE:SEX_MLE:AGEGROUP_MONTHS0-11,1975-01-01,2026-09-07T15:52:18Z,low,10075.0,,who.gho.cm-02,raw/who.gho.cm-02/2026/09/20260907T155218Z-7dbb6db1a58a.json.gz,2
who.gho.cm-02,CM_02:ZWE:SEX_MLE:AGEGROUP_MONTHS0-11,1975-01-01,2026-09-07T15:52:18Z,restated_at,2026-08-04,,who.gho.cm-02,raw/who.gho.cm-02/2026/09/20260907T155218Z-7dbb6db1a58a.json.gz,2
who.gho.cm-02,CM_02:ZWE:SEX_MLE:AGEGROUP_MONTHS0-11,1975-01-01,2026-09-07T15:52:18Z,value,11155.0,,who.gho.cm-02,raw/who.gho.cm-02/2026/09/20260907T155218Z-7dbb6db1a58a.json.gz,2
who.gho.mdg-0000000007,MDG_0000000007:AFG:SEX_BTSX:AGEGROUP_YEARSUNDER5:WEALTHQUINTILE_TOTL,1975-01-01,2026-09-07T16:06:02Z,high,311.501644959,,who.gho.mdg-0000000007,raw/who.gho.mdg-0000000007/2026/09/20260907T160602Z-1adff4f5f376.json.gz,2
who.gho.mdg-0000000007,MDG_0000000007:AFG:SEX_BTSX:AGEGROUP_YEARSUNDER5:WEALTHQUINTILE_TOTL,1975-01-01,2026-09-07T16:06:02Z,low,242.227572375,,who.gho.mdg-0000000007,raw/who.gho.mdg-0000000007/2026/09/20260907T160602Z-1adff4f5f376.json.gz,2
who.gho.mdg-0000000007,MDG_0000000007:AFG:SEX_BTSX:AGEGROUP_YEARSUNDER5:WEALTHQUINTILE_TOTL,1975-01-01,2026-09-07T16:06:02Z,restated_at,2026-08-05,,who.gho.mdg-0000000007,raw/who.gho.mdg-0000000007/2026/09/20260907T160602Z-1adff4f5f376.json.gz,2
who.gho.mdg-0000000007,MDG_0000000007:AFG:SEX_BTSX:AGEGROUP_YEARSUNDER5:WEALTHQUINTILE_TOTL,1975-01-01,2026-09-07T16:06:02Z,value,274.217995757,,who.gho.mdg-0000000007,raw/who.gho.mdg-0000000007/2026/09/20260907T160602Z-1adff4f5f376.json.gz,2
who.gho.mdg-0000000007,MDG_0000000007:AFG:SEX_FMLE:AGEGROUP_YEARSUNDER5:WEALTHQUINTILE_TOTL,1975-01-01,2026-09-07T16:05:48Z,high,305.831131043,,who.gho.mdg-0000000007,raw/who.gho.mdg-0000000007/2026/09/20260907T160548Z-1609a76f5ecc.json.gz,2
who.gho.mdg-0000000007,MDG_0000000007:AFG:SEX_FMLE:AGEGROUP_YEARSUNDER5:WEALTHQUINTILE_TOTL,1975-01-01,2026-09-07T16:05:48Z,low,235.180256834,,who.gho.mdg-0000000007,raw/who.gho.mdg-0000000007/2026/09/20260907T160548Z-1609a76f5ecc.json.gz,2
who.gho.mdg-0000000007,MDG_0000000007:AFG:SEX_FMLE:AGEGROUP_YEARSUNDER5:WEALTHQUINTILE_TOTL,1975-01-01,2026-09-07T16:05:48Z,restated_at,2026-08-05,,who.gho.mdg-0000000007,raw/who.gho.mdg-0000000007/2026/09/20260907T160548Z-1609a76f5ecc.json.gz,2
who.gho.mdg-0000000007,MDG_0000000007:AFG:SEX_FMLE:AGEGROUP_YEARSUNDER5:WEALTHQUINTILE_TOTL,1975-01-01,2026-09-07T16:05:48Z,value,267.671741747,,who.gho.mdg-0000000007,raw/who.gho.mdg-0000000007/2026/09/20260907T160548Z-1609a76f5ecc.json.gz,2
who.gho.mdg-0000000007,MDG_0000000007:AFG:SEX_MLE:AGEGROUP_YEARSUNDER5:WEALTHQUINTILE_TOTL,1975-01-01,2026-09-07T16:06:11Z,high,320.254432634,,who.gho.mdg-0000000007,raw/who.gho.mdg-0000000007/2026/09/20260907T160611Z-e868f3030ca5.json.gz,2
who.gho.mdg-0000000007,MDG_0000000007:AFG:SEX_MLE:AGEGROUP_YEARSUNDER5:WEALTHQUINTILE_TOTL,1975-01-01,2026-09-07T16:06:11Z,low,246.865139108,,who.gho.mdg-0000000007,raw/who.gho.mdg-0000000007/2026/09/20260907T160611Z-e868f3030ca5.json.gz,2
who.gho.mdg-0000000007,MDG_0000000007:AFG:SEX_MLE:AGEGROUP_YEARSUNDER5:WEALTHQUINTILE_TOTL,1975-01-01,2026-09-07T16:06:11Z,restated_at,2026-08-05,,who.gho.mdg-0000000007,raw/who.gho.mdg-0000000007/2026/09/20260907T160611Z-e868f3030ca5.json.gz,2
who.gho.mdg-0000000007,MDG_0000000007:AFG:SEX_MLE:AGEGROUP_YEARSUNDER5:WEALTHQUINTILE_TOTL,1975-01-01,2026-09-07T16:06:11Z,value,280.292454984,,who.gho.mdg-0000000007,raw/who.gho.mdg-0000000007/2026/09/20260907T160611Z-e868f3030ca5.json.gz,2
who.gho.mdg-0000000007,MDG_0000000007:ARE:SEX_BTSX:AGEGROUP_YEARSUNDER5:WEALTHQUINTILE_TOTL,1975-01-01,2026-09-07T16:10:41Z,high,66.97929221,,who.gho.mdg-0000000007,raw/who.gho.mdg-0000000007/2026/09/20260907T161041Z-4752b74784e1.json.gz,2
who.gho.mdg-0000000007,MDG_0000000007:ARE:SEX_BTSX:AGEGROUP_YEARSUNDER5:WEALTHQUINTILE_TOTL,1975-01-01,2026-09-07T16:10:41Z,low,50.434672163,,who.gho.mdg-0000000007,raw/who.gho.mdg-0000000007/2026/09/20260907T161041Z-4752b74784e1.json.gz,2
who.gho.mdg-0000000007,MDG_0000000007:ARE:SEX_BTSX:AGEGROUP_YEARSUNDER5:WEALTHQUINTILE_TOTL,1975-01-01,2026-09-07T16:10:41Z,restated_at,2026-08-05,,who.gho.mdg-0000000007,raw/who.gho.mdg-0000000007/2026/09/20260907T161041Z-4752b74784e1.json.gz,2
who.gho.mdg-0000000007,MDG_0000000007:ARE:SEX_BTSX:AGEGROUP_YEARSUNDER5:WEALTHQUINTILE_TOTL,1975-01-01,2026-09-07T16:10:41Z,value,58.259303194,,who.gho.mdg-0000000007,raw/who.gho.mdg-0000000007/2026/09/20260907T161041Z-4752b74784e1.json.gz,2
who.gho.mdg-0000000007,MDG_0000000007:ARE:SEX_FMLE:AGEGROUP_YEARSUNDER5:WEALTHQUINTILE_TOTL,1975-01-01,2026-09-07T16:06:26Z,high,60.780649657,,who.gho.mdg-0000000007,raw/who.gho.mdg-0000000007/2026/09/20260907T160626Z-083ef708c2ee.json.gz,2
who.gho.mdg-0000000007,MDG_0000000007:ARE:SEX_FMLE:AGEGROUP_YEARSUNDER5:WEALTHQUINTILE_TOTL,1975-01-01,2026-09-07T16:06:26Z,low,45.196460019,,who.gho.mdg-0000000007,raw/who.gho.mdg-0000000007/2026/09/20260907T160626Z-083ef708c2ee.json.gz,2
who.gho.mdg-0000000007,MDG_0000000007:ARE:SEX_FMLE:AGEGROUP_YEARSUNDER5:WEALTHQUINTILE_TOTL,1975-01-01,2026-09-07T16:06:26Z,restated_at,2026-08-05,,who.gho.mdg-0000000007,raw/who.gho.mdg-0000000007/2026/09/20260907T160626Z-083ef708c2ee.json.gz,2
who.gho.mdg-0000000007,MDG_0000000007:ARE:SEX_FMLE:AGEGROUP_YEARSUNDER5:WEALTHQUINTILE_TOTL,1975-01-01,2026-09-07T16:06:26Z,value,52.499029853,,who.gho.mdg-0000000007,raw/who.gho.mdg-0000000007/2026/09/20260907T160626Z-083ef708c2ee.json.gz,2
who.gho.mdg-0000000007,MDG_0000000007:ARE:SEX_MLE:AGEGROUP_YEARSUNDER5:WEALTHQUINTILE_TOTL,1975-01-01,2026-09-07T16:05:52Z,high,73.633342128,,who.gho.mdg-0000000007,raw/who.gho.mdg-0000000007/2026/09/20260907T160552Z-f44dce2e8a23.json.gz,2
who.gho.mdg-0000000007,MDG_0000000007:ARE:SEX_MLE:AGEGROUP_YEARSUNDER5:WEALTHQUINTILE_TOTL,1975-01-01,2026-09-07T16:05:52Z,low,55.008342116,,who.gho.mdg-0000000007,raw/who.gho.mdg-0000000007/2026/09/20260907T160552Z-f44dce2e8a23.json.gz,2
who.gho.mdg-0000000007,MDG_0000000007:ARE:SEX_MLE:AGEGROUP_YEARSUNDER5:WEALTHQUINTILE_TOTL,1975-01-01,2026-09-07T16:05:52Z,restated_at,2026-08-05,,who.gho.mdg-0000000007,raw/who.gho.mdg-0000000007/2026/09/20260907T160552Z-f44dce2e8a23.json.gz,2
who.gho.mdg-0000000007,MDG_0000000007:ARE:SEX_MLE:AGEGROUP_YEARSUNDER5:WEALTHQUINTILE_TOTL,1975-01-01,2026-09-07T16:05:52Z,value,63.768596668,,who.gho.mdg-0000000007,raw/who.gho.mdg-0000000007/2026/09/20260907T160552Z-f44dce2e8a23.json.gz,2
who.gho.mdg-0000000007,MDG_0000000007:ARG:SEX_BTSX:AGEGROUP_YEARSUNDER5:WEALTHQUINTILE_TOTL,1975-01-01,2026-09-07T16:10:24Z,high,66.258277745,,who.gho.mdg-0000000007,raw/who.gho.mdg-0000000007/2026/09/20260907T161024Z-808a2a46070d.json.gz,2
who.gho.mdg-0000000007,MDG_0000000007:ARG:SEX_BTSX:AGEGROUP_YEARSUNDER5:WEALTHQUINTILE_TOTL,1975-01-01,2026-09-07T16:10:24Z,low,60.492629362,,who.gho.mdg-0000000007,raw/who.gho.mdg-0000000007/2026/09/20260907T161024Z-808a2a46070d.json.gz,2
who.gho.mdg-0000000007,MDG_0000000007:ARG:SEX_BTSX:AGEGROUP_YEARSUNDER5:WEALTHQUINTILE_TOTL,1975-01-01,2026-09-07T16:10:24Z,restated_at,2026-08-05,,who.gho.mdg-0000000007,raw/who.gho.mdg-0000000007/2026/09/20260907T161024Z-808a2a46070d.json.gz,2
who.gho.mdg-0000000007,MDG_0000000007:ARG:SEX_BTSX:AGEGROUP_YEARSUNDER5:WEALTHQUINTILE_TOTL,1975-01-01,2026-09-07T16:10:24Z,value,63.301544815,,who.gho.mdg-0000000007,raw/who.gho.mdg-0000000007/2026/09/20260907T161024Z-808a2a46070d.json.gz,2
who.gho.mdg-0000000007,MDG_0000000007:ARG:SEX_FMLE:AGEGROUP_YEARSUNDER5:WEALTHQUINTILE_TOTL,1975-01-01,2026-09-07T16:08:45Z,high,61.865982259,,who.gho.mdg-0000000007,raw/who.gho.mdg-0000000007/2026/09/20260907T160845Z-9b23f1f1b45b.json.gz,2
who.gho.mdg-0000000007,MDG_0000000007:ARG:SEX_FMLE:AGEGROUP_YEARSUNDER5:WEALTHQUINTILE_TOTL,1975-01-01,2026-09-07T16:08:45Z,low,56.213077118,,who.gho.mdg-0000000007,raw/who.gho.mdg-0000000007/2026/09/20260907T160845Z-9b23f1f1b45b.json.gz,2
who.gho.mdg-0000000007,MDG_0000000007:ARG:SEX_FMLE:AGEGROUP_YEARSUNDER5:WEALTHQUINTILE_TOTL,1975-01-01,2026-09-07T16:08:45Z,restated_at,2026-08-05,,who.gho.mdg-0000000007,raw/who.gho.mdg-0000000007/2026/09/20260907T160845Z-9b23f1f1b45b.json.gz,2
who.gho.mdg-0000000007,MDG_0000000007:ARG:SEX_FMLE:AGEGROUP_YEARSUNDER5:WEALTHQUINTILE_TOTL,1975-01-01,2026-09-07T16:08:45Z,value,59.013852734,,who.gho.mdg-0000000007,raw/who.gho.mdg-0000000007/2026/09/20260907T160845Z-9b23f1f1b45b.json.gz,2
who.gho.mdg-0000000007,MDG_0000000007:ARG:SEX_MLE:AGEGROUP_YEARSUNDER5:WEALTHQUINTILE_TOTL,1975-01-01,2026-09-07T16:05:31Z,high,70.657211354,,who.gho.mdg-0000000007,raw/who.gho.mdg-0000000007/2026/09/20260907T160531Z-a90a9bba0858.json.gz,2
who.gho.mdg-0000000007,MDG_0000000007:ARG:SEX_MLE:AGEGROUP_YEARSUNDER5:WEALTHQUINTILE_TOTL,1975-01-01,2026-09-07T16:05:31Z,low,64.298103119,,who.gho.mdg-0000000007,raw/who.gho.mdg-0000000007/2026/09/20260907T160531Z-a90a9bba0858.json.gz,2
who.gho.mdg-0000000007,MDG_0000000007:ARG:SEX_MLE:AGEGROUP_YEARSUNDER5:WEALTHQUINTILE_TOTL,1975-01-01,2026-09-07T16:05:31Z,restated_at,2026-08-05,,who.gho.mdg-0000000007,raw/who.gho.mdg-0000000007/2026/09/20260907T160531Z-a90a9bba0858.json.gz,2
who.gho.mdg-0000000007,MDG_0000000007:ARG:SEX_MLE:AGEGROUP_YEARSUNDER5:WEALTHQUINTILE_TOTL,1975-01-01,2026-09-07T16:05:31Z,value,67.385196929,,who.gho.mdg-0000000007,raw/who.gho.mdg-0000000007/2026/09/20260907T160531Z-a90a9bba0858.json.gz,2
who.gho.mdg-0000000007,MDG_0000000007:ATG:SEX_BTSX:AGEGROUP_YEARSUNDER5:WEALTHQUINTILE_TOTL,1975-01-01,2026-09-07T16:10:58Z,high,24.731944949,,who.gho.mdg-0000000007,raw/who.gho.mdg-0000000007/2026/09/20260907T161058Z-4d8f6ed35960.json.gz,2
who.gho.mdg-0000000007,MDG_0000000007:ATG:SEX_BTSX:AGEGROUP_YEARSUNDER5:WEALTHQUINTILE_TOTL,1975-01-01,2026-09-07T16:10:58Z,low,20.463020229,,who.gho.mdg-0000000007,raw/who.gho.mdg-0000000007/2026/09/20260907T161058Z-4d8f6ed35960.json.gz,2
who.gho.mdg-0000000007,MDG_0000000007:ATG:SEX_BTSX:AGEGROUP_YEARSUNDER5:WEALTHQUINTILE_TOTL,1975-01-01,2026-09-07T16:10:58Z,restated_at,2026-08-05,,who.gho.mdg-0000000007,raw/who.gho.mdg-0000000007/2026/09/20260907T161058Z-4d8f6ed35960.json.gz,2
who.gho.mdg-0000000007,MDG_0000000007:ATG:SEX_BTSX:AGEGROUP_YEARSUNDER5:WEALTHQUINTILE_TOTL,1975-01-01,2026-09-07T16:10:58Z,value,22.514065065,,who.gho.mdg-0000000007,raw/who.gho.mdg-0000000007/2026/09/20260907T161058Z-4d8f6ed35960.json.gz,2
who.gho.mdg-0000000007,MDG_0000000007:ATG:SEX_FMLE:AGEGROUP_YEARSUNDER5:WEALTHQUINTILE_TOTL,1975-01-01,2026-09-07T16:10:58Z,high,22.857483961,,who.gho.mdg-0000000007,raw/who.gho.mdg-0000000007/2026/09/20260907T161058Z-4d8f6ed35960.json.gz,2
who.gho.mdg-0000000007,MDG_0000000007:ATG:SEX_FMLE:AGEGROUP_YEARSUNDER5:WEALTHQUINTILE_TOTL,1975-01-01,2026-09-07T16:10:58Z,low,18.628670877,,who.gho.mdg-0000000007,raw/who.gho.mdg-0000000007/2026/09/20260907T161058Z-4d8f6ed35960.json.gz,2
who.gho.mdg-0000000007,MDG_0000000007:ATG:SEX_FMLE:AGEGROUP_YEARSUNDER5:WEALTHQUINTILE_TOTL,1975-01-01,2026-09-07T16:10:58Z,restated_at,2026-08-05,,who.gho.mdg-0000000007,raw/who.gho.mdg-0000000007/2026/09/20260907T161058Z-4d8f6ed35960.json.gz,2
who.gho.mdg-0000000007,MDG_0000000007:ATG:SEX_FMLE:AGEGROUP_YEARSUNDER5:WEALTHQUINTILE_TOTL,1975-01-01,2026-09-07T16:10:58Z,value,20.682472814,,who.gho.mdg-0000000007,raw/who.gho.mdg-0000000007/2026/09/20260907T161058Z-4d8f6ed35960.json.gz,2
who.gho.mdg-0000000007,MDG_0000000007:ATG:SEX_MLE:AGEGROUP_YEARSUNDER5:WEALTHQUINTILE_TOTL,1975-01-01,2026-09-07T16:10:33Z,high,26.815996099,,who.gho.mdg-0000000007,raw/who.gho.mdg-0000000007/2026/09/20260907T161033Z-0396663e197a.json.gz,2
who.gho.mdg-0000000007,MDG_0000000007:ATG:SEX_MLE:AGEGROUP_YEARSUNDER5:WEALTHQUINTILE_TOTL,1975-01-01,2026-09-07T16:10:33Z,low,21.964496234,,who.gho.mdg-0000000007,raw/who.gho.mdg-0000000007/2026/09/20260907T161033Z-0396663e197a.json.gz,2
who.gho.mdg-0000000007,MDG_0000000007:ATG:SEX_MLE:AGEGROUP_YEARSUNDER5:WEALTHQUINTILE_TOTL,1975-01-01,2026-09-07T16:10:33Z,restated_at,2026-08-05,,who.gho.mdg-0000000007,raw/who.gho.mdg-0000000007/2026/09/20260907T161033Z-0396663e197a.json.gz,2
who.gho.mdg-0000000007,MDG_0000000007:ATG:SEX_MLE:AGEGROUP_YEARSUNDER5:WEALTHQUINTILE_TOTL,1975-01-01,2026-09-07T16:10:33Z,value,24.270134692,,who.gho.mdg-0000000007,raw/who.gho.mdg-0000000007/2026/09/20260907T161033Z-0396663e197a.json.gz,2
who.gho.mdg-0000000007,MDG_0000000007:AUS:SEX_BTSX:AGEGROUP_YEARSUNDER5:WEALTHQUINTILE_TOTL,1975-01-01,2026-09-07T16:06:02Z,high,17.652029625,,who.gho.mdg-0000000007,raw/who.gho.mdg-0000000007/2026/09/20260907T160602Z-1adff4f5f376.json.gz,2
who.gho.mdg-0000000007,MDG_0000000007:AUS:SEX_BTSX:AGEGROUP_YEARSUNDER5:WEALTHQUINTILE_TOTL,1975-01-01,2026-09-07T16:06:02Z,low,16.98978102,,who.gho.mdg-0000000007,raw/who.gho.mdg-0000000007/2026/09/20260907T160602Z-1adff4f5f376.json.gz,2
who.gho.mdg-0000000007,MDG_0000000007:AUS:SEX_BTSX:AGEGROUP_YEARSUNDER5:WEALTHQUINTILE_TOTL,1975-01-01,2026-09-07T16:06:02Z,restated_at,2026-08-05,,who.gho.mdg-0000000007,raw/who.gho.mdg-0000000007/2026/09/20260907T160602Z-1adff4f5f376.json.gz,2
who.gho.mdg-0000000007,MDG_0000000007:AUS:SEX_BTSX:AGEGROUP_YEARSUNDER5:WEALTHQUINTILE_TOTL,1975-01-01,2026-09-07T16:06:02Z,value,17.31998417,,who.gho.mdg-0000000007,raw/who.gho.mdg-0000000007/2026/09/20260907T160602Z-1adff4f5f376.json.gz,2
who.gho.mdg-0000000007,MDG_0000000007:AUS:SEX_FMLE:AGEGROUP_YEARSUNDER5:WEALTHQUINTILE_TOTL,1975-01-01,2026-09-07T16:09:38Z,high,15.416433488,,who.gho.mdg-0000000007,raw/who.gho.mdg-0000000007/2026/09/20260907T160938Z-81612038db74.json.gz,2
who.gho.mdg-0000000007,MDG_0000000007:AUS:SEX_FMLE:AGEGROUP_YEARSUNDER5:WEALTHQUINTILE_TOTL,1975-01-01,2026-09-07T16:09:38Z,low,14.715398815,,who.gho.mdg-0000000007,raw/who.gho.mdg-0000000007/2026/09/20260907T160938Z-81612038db74.json.gz,2
who.gho.mdg-0000000007,MDG_0000000007:AUS:SEX_FMLE:AGEGROUP_YEARSUNDER5:WEALTHQUINTILE_TOTL,1975-01-01,2026-09-07T16:09:38Z,restated_at,2026-08-05,,who.gho.mdg-0000000007,raw/who.gho.mdg-0000000007/2026/09/20260907T160938Z-81612038db74.json.gz,2
who.gho.mdg-0000000007,MDG_0000000007:AUS:SEX_FMLE:AGEGROUP_YEARSUNDER5:WEALTHQUINTILE_TOTL,1975-01-01,2026-09-07T16:09:38Z,value,15.06807413,,who.gho.mdg-0000000007,raw/who.gho.mdg-0000000007/2026/09/20260907T160938Z-81612038db74.json.gz,2
who.gho.mdg-0000000007,MDG_0000000007:AUS:SEX_MLE:AGEGROUP_YEARSUNDER5:WEALTHQUINTILE_TOTL,1975-01-01,2026-09-07T16:10:58Z,high,19.873441606,,who.gho.mdg-0000000007,raw/who.gho.mdg-0000000007/2026/09/20260907T161058Z-4d8f6ed35960.json.gz,2
who.gho.mdg-0000000007,MDG_0000000007:AUS:SEX_MLE:AGEGROUP_YEARSUNDER5:WEALTHQUINTILE_TOTL,1975-01-01,2026-09-07T16:10:58Z,low,19.050908333,,who.gho.mdg-0000000007,raw/who.gho.mdg-0000000007/2026/09/20260907T161058Z-4d8f6ed35960.json.gz,2
who.gho.mdg-0000000007,MDG_0000000007:AUS:SEX_MLE:AGEGROUP_YEARSUNDER5:WEALTHQUINTILE_TOTL,1975-01-01,2026-09-07T16:10:58Z,restated_at,2026-08-05,,who.gho.mdg-0000000007,raw/who.gho.mdg-0000000007/2026/09/20260907T161058Z-4d8f6ed35960.json.gz,2
who.gho.mdg-0000000007,MDG_0000000007:AUS:SEX_MLE:AGEGROUP_YEARSUNDER5:WEALTHQUINTILE_TOTL,1975-01-01,2026-09-07T16:10:58Z,value,19.460329528,,who.gho.mdg-0000000007,raw/who.gho.mdg-0000000007/2026/09/20260907T161058Z-4d8f6ed35960.json.gz,2
who.gho.mdg-0000000007,MDG_0000000007:AUT:SEX_BTSX:AGEGROUP_YEARSUNDER5:WEALTHQUINTILE_TOTL,1975-01-01,2026-09-07T16:06:21Z,high,23.558624786,,who.gho.mdg-0000000007,raw/who.gho.mdg-0000000007/2026/09/20260907T160621Z-1819ad2538c7.json.gz,2
who.gho.mdg-0000000007,MDG_0000000007:AUT:SEX_BTSX:AGEGROUP_YEARSUNDER5:WEALTHQUINTILE_TOTL,1975-01-01,2026-09-07T16:06:21Z,low,22.596527983,,who.gho.mdg-0000000007,raw/who.gho.mdg-0000000007/2026/09/20260907T160621Z-1819ad2538c7.json.gz,2
who.gho.mdg-0000000007,MDG_0000000007:AUT:SEX_BTSX:AGEGROUP_YEARSUNDER5:WEALTHQUINTILE_TOTL,1975-01-01,2026-09-07T16:06:21Z,restated_at,2026-08-05,,who.gho.mdg-0000000007,raw/who.gho.mdg-0000000007/2026/09/20260907T160621Z-1819ad2538c7.json.gz,2
who.gho.mdg-0000000007,MDG_0000000007:AUT:SEX_BTSX:AGEGROUP_YEARSUNDER5:WEALTHQUINTILE_TOTL,1975-01-01,2026-09-07T16:06:21Z,value,23.073358555,,who.gho.mdg-0000000007,raw/who.gho.mdg-0000000007/2026/09/20260907T160621Z-1819ad2538c7.json.gz,2
who.gho.mdg-0000000007,MDG_0000000007:AUT:SEX_FMLE:AGEGROUP_YEARSUNDER5:WEALTHQUINTILE_TOTL,1975-01-01,2026-09-07T16:09:30Z,high,20.401211106,,who.gho.mdg-0000000007,raw/who.gho.mdg-0000000007/2026/09/20260907T160930Z-3a49f2d0e7d2.json.gz,2
who.gho.mdg-0000000007,MDG_0000000007:AUT:SEX_FMLE:AGEGROUP_YEARSUNDER5:WEALTHQUINTILE_TOTL,1975-01-01,2026-09-07T16:09:30Z,low,19.374697391,,who.gho.mdg-0000000007,raw/who.gho.mdg-0000000007/2026/09/20260907T160930Z-3a49f2d0e7d2.json.gz,2
who.gho.mdg-0000000007,MDG_0000000007:AUT:SEX_FMLE:AGEGROUP_YEARSUNDER5:WEALTHQUINTILE_TOTL,1975-01-01,2026-09-07T16:09:30Z,restated_at,2026-08-05,,who.gho.mdg-0000000007,raw/who.gho.mdg-0000000007/2026/09/20260907T160930Z-3a49f2d0e7d2.json.gz,2
who.gho.mdg-0000000007,MDG_0000000007:AUT:SEX_FMLE:AGEGROUP_YEARSUNDER5:WEALTHQUINTILE_TOTL,1975-01-01,2026-09-07T16:09:30Z,value,19.881009441,,who.gho.mdg-0000000007,raw/who.gho.mdg-0000000007/2026/09/20260907T160930Z-3a49f2d0e7d2.json.gz,2
who.gho.mdg-0000000007,MDG_0000000007:AUT:SEX_MLE:AGEGROUP_YEARSUNDER5:WEALTHQUINTILE_TOTL,1975-01-01,2026-09-07T16:09:18Z,high,26.739155526,,who.gho.mdg-0000000007,raw/who.gho.mdg-0000000007/2026/09/20260907T160918Z-1f3ac080847d.json.gz,2
who.gho.mdg-0000000007,MDG_0000000007:AUT:SEX_MLE:AGEGROUP_YEARSUNDER5:WEALTHQUINTILE_TOTL,1975-01-01,2026-09-07T16:09:18Z,low,25.484429368,,who.gho.mdg-0000000007,raw/who.gho.mdg-0000000007/2026/09/20260907T160918Z-1f3ac080847d.json.gz,2
who.gho.mdg-0000000007,MDG_0000000007:AUT:SEX_MLE:AGEGROUP_YEARSUNDER5:WEALTHQUINTILE_TOTL,1975-01-01,2026-09-07T16:09:18Z,restated_at,2026-08-05,,who.gho.mdg-0000000007,raw/who.gho.mdg-0000000007/2026/09/20260907T160918Z-1f3ac080847d.json.gz,2
who.gho.mdg-0000000007,MDG_0000000007:AUT:SEX_MLE:AGEGROUP_YEARSUNDER5:WEALTHQUINTILE_TOTL,1975-01-01,2026-09-07T16:09:18Z,value,26.113172621,,who.gho.mdg-0000000007,raw/who.gho.mdg-0000000007/2026/09/20260907T160918Z-1f3ac080847d.json.gz,2
who.gho.mdg-0000000007,MDG_0000000007:BDI:SEX_BTSX:AGEGROUP_YEARSUNDER5:WEALTHQUINTILE_TOTL,1975-01-01,2026-09-07T16:09:30Z,high,280.281131427,,who.gho.mdg-0000000007,raw/who.gho.mdg-0000000007/2026/09/20260907T160930Z-3a49f2d0e7d2.json.gz,2
who.gho.mdg-0000000007,MDG_0000000007:BDI:SEX_BTSX:AGEGROUP_YEARSUNDER5:WEALTHQUINTILE_TOTL,1975-01-01,2026-09-07T16:09:30Z,low,222.048869014,,who.gho.mdg-0000000007,raw/who.gho.mdg-0000000007/2026/09/20260907T160930Z-3a49f2d0e7d2.json.gz,2
who.gho.mdg-0000000007,MDG_0000000007:BDI:SEX_BTSX:AGEGROUP_YEARSUNDER5:WEALTHQUINTILE_TOTL,1975-01-01,2026-09-07T16:09:30Z,restated_at,2026-08-05,,who.gho.mdg-0000000007,raw/who.gho.mdg-0000000007/2026/09/20260907T160930Z-3a49f2d0e7d2.json.gz,2
who.gho.mdg-0000000007,MDG_0000000007:BDI:SEX_BTSX:AGEGROUP_YEARSUNDER5:WEALTHQUINTILE_TOTL,1975-01-01,2026-09-07T16:09:30Z,value,249.312452165,,who.gho.mdg-0000000007,raw/who.gho.mdg-0000000007/2026/09/20260907T160930Z-3a49f2d0e7d2.json.gz,2
who.gho.mdg-0000000007,MDG_0000000007:BDI:SEX_FMLE:AGEGROUP_YEARSUNDER5:WEALTHQUINTILE_TOTL,1975-01-01,2026-09-07T16:05:57Z,high,274.532570601,,who.gho.mdg-0000000007,raw/who.gho.mdg-0000000007/2026/09/20260907T160557Z-c8e786907d46.json.gz,2
who.gho.mdg-0000000007,MDG_0000000007:BDI:SEX_FMLE:AGEGROUP_YEARSUNDER5:WEALTHQUINTILE_TOTL,1975-01-01,2026-09-07T16:05:57Z,low,216.213946362,,who.gho.mdg-0000000007,raw/who.gho.mdg-0000000007/2026/09/20260907T160557Z-c8e786907d46.json.gz,2
who.gho.mdg-0000000007,MDG_0000000007:BDI:SEX_FMLE:AGEGROUP_YEARSUNDER5:WEALTHQUINTILE_TOTL,1975-01-01,2026-09-07T16:05:57Z,restated_at,2026-08-05,,who.gho.mdg-0000000007,raw/who.gho.mdg-0000000007/2026/09/20260907T160557Z-c8e786907d46.json.gz,2
who.gho.mdg-0000000007,MDG_0000000007:BDI:SEX_FMLE:AGEGROUP_YEARSUNDER5:WEALTHQUINTILE_TOTL,1975-01-01,2026-09-07T16:05:57Z,value,243.717467432,,who.gho.mdg-0000000007,raw/who.gho.mdg-0000000007/2026/09/20260907T160557Z-c8e786907d46.json.gz,2
who.gho.mdg-0000000007,MDG_0000000007:BDI:SEX_MLE:AGEGROUP_YEARSUNDER5:WEALTHQUINTILE_TOTL,1975-01-01,2026-09-07T16:05:06Z,high,287.102776372,,who.gho.mdg-0000000007,raw/who.gho.mdg-0000000007/2026/09/20260907T160506Z-a219a21e2a4a.json.gz,2
who.gho.mdg-0000000007,MDG_0000000007:BDI:SEX_MLE:AGEGROUP_YEARSUNDER5:WEALTHQUINTILE_TOTL,1975-01-01,2026-09-07T16:05:06Z,low,226.488665149,,who.gho.mdg-0000000007,raw/who.gho.mdg-0000000007/2026/09/20260907T160506Z-a219a21e2a4a.json.gz,2
who.gho.mdg-0000000007,MDG_0000000007:BDI:SEX_MLE:AGEGROUP_YEARSUNDER5:WEALTHQUINTILE_TOTL,1975-01-01,2026-09-07T16:05:06Z,restated_at,2026-08-05,,who.gho.mdg-0000000007,raw/who.gho.mdg-0000000007/2026/09/20260907T160506Z-a219a21e2a4a.json.gz,2
who.gho.mdg-0000000007,MDG_0000000007:BDI:SEX_MLE:AGEGROUP_YEARSUNDER5:WEALTHQUINTILE_TOTL,1975-01-01,2026-09-07T16:05:06Z,value,254.795595039,,who.gho.mdg-0000000007,raw/who.gho.mdg-0000000007/2026/09/20260907T160506Z-a219a21e2a4a.json.gz,2
who.gho.mdg-0000000007,MDG_0000000007:BEL:SEX_BTSX:AGEGROUP_YEARSUNDER5:WEALTHQUINTILE_TOTL,1975-01-01,2026-09-07T16:09:18Z,high,18.945166638,,who.gho.mdg-0000000007,raw/who.gho.mdg-0000000007/2026/09/20260907T160918Z-1f3ac080847d.json.gz,2
who.gho.mdg-0000000007,MDG_0000000007:BEL:SEX_BTSX:AGEGROUP_YEARSUNDER5:WEALTHQUINTILE_TOTL,1975-01-01,2026-09-07T16:09:18Z,low,18.247961288,,who.gho.mdg-0000000007,raw/who.gho.mdg-0000000007/2026/09/20260907T160918Z-1f3ac080847d.json.gz,2
who.gho.mdg-0000000007,MDG_0000000007:BEL:SEX_BTSX:AGEGROUP_YEARSUNDER5:WEALTHQUINTILE_TOTL,1975-01-01,2026-09-07T16:09:18Z,restated_at,2026-08-05,,who.gho.mdg-0000000007,raw/who.gho.mdg-0000000007/2026/09/20260907T160918Z-1f3ac080847d.json.gz,2
who.gho.mdg-0000000007,MDG_0000000007:BEL:SEX_BTSX:AGEGROUP_YEARSUNDER5:WEALTHQUINTILE_TOTL,1975-01-01,2026-09-07T16:09:18Z,value,18.598296203,,who.gho.mdg-0000000007,raw/who.gho.mdg-0000000007/2026/09/20260907T160918Z-1f3ac080847d.json.gz,2
who.gho.mdg-0000000007,MDG_0000000007:BEL:SEX_FMLE:AGEGROUP_YEARSUNDER5:WEALTHQUINTILE_TOTL,1975-01-01,2026-09-07T16:05:52Z,high,16.551725114,,who.gho.mdg-0000000007,raw/who.gho.mdg-0000000007/2026/09/20260907T160552Z-f44dce2e8a23.json.gz,2
who.gho.mdg-0000000007,MDG_0000000007:BEL:SEX_FMLE:AGEGROUP_YEARSUNDER5:WEALTHQUINTILE_TOTL,1975-01-01,2026-09-07T16:05:52Z,low,15.765727248,,who.gho.mdg-0000000007,raw/who.gho.mdg-0000000007/2026/09/20260907T160552Z-f44dce2e8a23.json.gz,2
who.gho.mdg-0000000007,MDG_0000000007:BEL:SEX_FMLE:AGEGROUP_YEARSUNDER5:WEALTHQUINTILE_TOTL,1975-01-01,2026-09-07T16:05:52Z,restated_at,2026-08-05,,who.gho.mdg-0000000007,raw/who.gho.mdg-0000000007/2026/09/20260907T160552Z-f44dce2e8a23.json.gz,2
who.gho.mdg-0000000007,MDG_0000000007:BEL:SEX_FMLE:AGEGROUP_YEARSUNDER5:WEALTHQUINTILE_TOTL,1975-01-01,2026-09-07T16:05:52Z,value,16.152514379,,who.gho.mdg-0000000007,raw/who.gho.mdg-0000000007/2026/09/20260907T160552Z-f44dce2e8a23.json.gz,2
who.gho.mdg-0000000007,MDG_0000000007:BEL:SEX_MLE:AGEGROUP_YEARSUNDER5:WEALTHQUINTILE_TOTL,1975-01-01,2026-09-07T16:09:26Z,high,21.383593358,,who.gho.mdg-0000000007,raw/who.gho.mdg-0000000007/2026/09/20260907T160926Z-3ee37906b339.json.gz,2
who.gho.mdg-0000000007,MDG_0000000007:BEL:SEX_MLE:AGEGROUP_YEARSUNDER5:WEALTHQUINTILE_TOTL,1975-01-01,2026-09-07T16:09:26Z,low,20.459836484,,who.gho.mdg-0000000007,raw/who.gho.mdg-0000000007/2026/09/20260907T160926Z-3ee37906b339.json.gz,2
who.gho.mdg-0000000007,MDG_0000000007:BEL:SEX_MLE:AGEGROUP_YEARSUNDER5:WEALTHQUINTILE_TOTL,1975-01-01,2026-09-07T16:09:26Z,restated_at,2026-08-05,,who.gho.mdg-0000000007,raw/who.gho.mdg-0000000007/2026/09/20260907T160926Z-3ee37906b339.json.gz,2
who.gho.mdg-0000000007,MDG_0000000007:BEL:SEX_MLE:AGEGROUP_YEARSUNDER5:WEALTHQUINTILE_TOTL,1975-01-01,2026-09-07T16:09:26Z,value,20.921300828,,who.gho.mdg-0000000007,raw/who.gho.mdg-0000000007/2026/09/20260907T160926Z-3ee37906b339.json.gz,2
who.gho.mdg-0000000007,MDG_0000000007:BEN:SEX_BTSX:AGEGROUP_YEARSUNDER5:WEALTHQUINTILE_TOTL,1975-01-01,2026-09-07T16:08:50Z,high,255.304182803,,who.gho.mdg-0000000007,raw/who.gho.mdg-0000000007/2026/09/20260907T160850Z-957169f3a50e.json.gz,2
who.gho.mdg-0000000007,MDG_0000000007:BEN:SEX_BTSX:AGEGROUP_YEARSUNDER5:WEALTHQUINTILE_TOTL,1975-01-01,2026-09-07T16:08:50Z,low,218.395789933,,who.gho.mdg-0000000007,raw/who.gho.mdg-0000000007/2026/09/20260907T160850Z-957169f3a50e.json.gz,2
who.gho.mdg-0000000007,MDG_0000000007:BEN:SEX_BTSX:AGEGROUP_YEARSUNDER5:WEALTHQUINTILE_TOTL,1975-01-01,2026-09-07T16:08:50Z,restated_at,2026-08-05,,who.gho.mdg-0000000007,raw/who.gho.mdg-0000000007/2026/09/20260907T160850Z-957169f3a50e.json.gz,2
who.gho.mdg-0000000007,MDG_0000000007:BEN:SEX_BTSX:AGEGROUP_YEARSUNDER5:WEALTHQUINTILE_TOTL,1975-01-01,2026-09-07T16:08:50Z,value,235.855416905,,who.gho.mdg-0000000007,raw/who.gho.mdg-0000000007/2026/09/20260907T160850Z-957169f3a50e.json.gz,2
who.gho.mdg-0000000007,MDG_0000000007:BEN:SEX_FMLE:AGEGROUP_YEARSUNDER5:WEALTHQUINTILE_TOTL,1975-01-01,2026-09-07T16:05:31Z,high,244.686632645,,who.gho.mdg-0000000007,raw/who.gho.mdg-0000000007/2026/09/20260907T160531Z-a90a9bba0858.json.gz,2
who.gho.mdg-0000000007,MDG_0000000007:BEN:SEX_FMLE:AGEGROUP_YEARSUNDER5:WEALTHQUINTILE_TOTL,1975-01-01,2026-09-07T16:05:31Z,low,207.847597306,,who.gho.mdg-0000000007,raw/who.gho.mdg-0000000007/2026/09/20260907T160531Z-a90a9bba0858.json.gz,2
who.gho.mdg-0000000007,MDG_0000000007:BEN:SEX_FMLE:AGEGROUP_YEARSUNDER5:WEALTHQUINTILE_TOTL,1975-01-01,2026-09-07T16:05:31Z,restated_at,2026-08-05,,who.gho.mdg-0000000007,raw/who.gho.mdg-0000000007/2026/09/20260907T160531Z-a90a9bba0858.json.gz,2
who.gho.mdg-0000000007,MDG_0000000007:BEN:SEX_FMLE:AGEGROUP_YEARSUNDER5:WEALTHQUINTILE_TOTL,1975-01-01,2026-09-07T16:05:31Z,value,225.204891988,,who.gho.mdg-0000000007,raw/who.gho.mdg-0000000007/2026/09/20260907T160531Z-a90a9bba0858.json.gz,2
who.gho.mdg-0000000007,MDG_0000000007:BEN:SEX_MLE:AGEGROUP_YEARSUNDER5:WEALTHQUINTILE_TOTL,1975-01-01,2026-09-07T16:05:26Z,high,266.809186228,,who.gho.mdg-0000000007,raw/who.gho.mdg-0000000007/2026/09/20260907T160526Z-1363df2b3da0.json.gz,2
who.gho.mdg-0000000007,MDG_0000000007:BEN:SEX_MLE:AGEGROUP_YEARSUNDER5:WEALTHQUINTILE_TOTL,1975-01-01,2026-09-07T16:05:26Z,low,226.83588036,,who.gho.mdg-0000000007,raw/who.gho.mdg-0000000007/2026/09/20260907T160526Z-1363df2b3da0.json.gz,2
who.gho.mdg-0000000007,MDG_0000000007:BEN:SEX_MLE:AGEGROUP_YEARSUNDER5:WEALTHQUINTILE_TOTL,1975-01-01,2026-09-07T16:05:26Z,restated_at,2026-08-05,,who.gho.mdg-0000000007,raw/who.gho.mdg-0000000007/2026/09/20260907T160526Z-1363df2b3da0.json.gz,2
who.gho.mdg-0000000007,MDG_0000000007:BEN:SEX_MLE:AGEGROUP_YEARSUNDER5:WEALTHQUINTILE_TOTL,1975-01-01,2026-09-07T16:05:26Z,value,245.850035364,,who.gho.mdg-0000000007,raw/who.gho.mdg-0000000007/2026/09/20260907T160526Z-1363df2b3da0.json.gz,2
who.gho.mdg-0000000007,MDG_0000000007:BFA:SEX_BTSX:AGEGROUP_YEARSUNDER5:WEALTHQUINTILE_TOTL,1975-01-01,2026-09-07T16:09:59Z,high,306.211612766,,who.gho.mdg-0000000007,raw/who.gho.mdg-0000000007/2026/09/20260907T160959Z-e41937f31aea.json.gz,2
who.gho.mdg-0000000007,MDG_0000000007:BFA:SEX_BTSX:AGEGROUP_YEARSUNDER5:WEALTHQUINTILE_TOTL,1975-01-01,2026-09-07T16:09:59Z,low,256.89222386,,who.gho.mdg-0000000007,raw/who.gho.mdg-0000000007/2026/09/20260907T160959Z-e41937f31aea.json.gz,2
who.gho.mdg-0000000007,MDG_0000000007:BFA:SEX_BTSX:AGEGROUP_YEARSUNDER5:WEALTHQUINTILE_TOTL,1975-01-01,2026-09-07T16:09:59Z,restated_at,2026-08-05,,who.gho.mdg-0000000007,raw/who.gho.mdg-0000000007/2026/09/20260907T160959Z-e41937f31aea.json.gz,2
who.gho.mdg-0000000007,MDG_0000000007:BFA:SEX_BTSX:AGEGROUP_YEARSUNDER5:WEALTHQUINTILE_TOTL,1975-01-01,2026-09-07T16:09:59Z,value,280.060062968,,who.gho.mdg-0000000007,raw/who.gho.mdg-0000000007/2026/09/20260907T160959Z-e41937f31aea.json.gz,2
who.gho.mdg-0000000007,MDG_0000000007:BFA:SEX_FMLE:AGEGROUP_YEARSUNDER5:WEALTHQUINTILE_TOTL,1975-01-01,2026-09-07T16:08:41Z,high,293.530614168,,who.gho.mdg-0000000007,raw/who.gho.mdg-0000000007/2026/09/20260907T160841Z-d67f78e4b8d9.json.gz,2
who.gho.mdg-0000000007,MDG_0000000007:BFA:SEX_FMLE:AGEGROUP_YEARSUNDER5:WEALTHQUINTILE_TOTL,1975-01-01,2026-09-07T16:08:41Z,low,244.567307286,,who.gho.mdg-0000000007,raw/who.gho.mdg-0000000007/2026/09/20260907T160841Z-d67f78e4b8d9.json.gz,2
who.gho.mdg-0000000007,MDG_0000000007:BFA:SEX_FMLE:AGEGROUP_YEARSUNDER5:WEALTHQUINTILE_TOTL,1975-01-01,2026-09-07T16:08:41Z,restated_at,2026-08-05,,who.gho.mdg-0000000007,raw/who.gho.mdg-0000000007/2026/09/20260907T160841Z-d67f78e4b8d9.json.gz,2
who.gho.mdg-0000000007,MDG_0000000007:BFA:SEX_FMLE:AGEGROUP_YEARSUNDER5:WEALTHQUINTILE_TOTL,1975-01-01,2026-09-07T16:08:41Z,value,267.594171269,,who.gho.mdg-0000000007,raw/who.gho.mdg-0000000007/2026/09/20260907T160841Z-d67f78e4b8d9.json.gz,2
who.gho.mdg-0000000007,MDG_0000000007:BFA:SEX_MLE:AGEGROUP_YEARSUNDER5:WEALTHQUINTILE_TOTL,1975-01-01,2026-09-07T16:05:22Z,high,320.333893881,,who.gho.mdg-0000000007,raw/who.gho.mdg-0000000007/2026/09/20260907T160522Z-2bd49e664eea.json.gz,2
who.gho.mdg-0000000007,MDG_0000000007:BFA:SEX_MLE:AGEGROUP_YEARSUNDER5:WEALTHQUINTILE_TOTL,1975-01-01,2026-09-07T16:05:22Z,low,267.156003373,,who.gho.mdg-0000000007,raw/who.gho.mdg-0000000007/2026/09/20260907T160522Z-2bd49e664eea.json.gz,2
who.gho.mdg-0000000007,MDG_0000000007:BFA:SEX_MLE:AGEGROUP_YEARSUNDER5:WEALTHQUINTILE_TOTL,1975-01-01,2026-09-07T16:05:22Z,restated_at,2026-08-05,,who.gho.mdg-0000000007,raw/who.gho.mdg-0000000007/2026/09/20260907T160522Z-2bd49e664eea.json.gz,2
who.gho.mdg-0000000007,MDG_0000000007:BFA:SEX_MLE:AGEGROUP_YEARSUNDER5:WEALTHQUINTILE_TOTL,1975-01-01,2026-09-07T16:05:22Z,value,292.098827651,,who.gho.mdg-0000000007,raw/who.gho.mdg-0000000007/2026/09/20260907T160522Z-2bd49e664eea.json.gz,2
who.gho.mdg-0000000007,MDG_0000000007:BGD:SEX_BTSX:AGEGROUP_YEARSUNDER5:WEALTHQUINTILE_TOTL,1975-01-01,2026-09-07T16:09:51Z,high,288.652395553,,who.gho.mdg-0000000007,raw/who.gho.mdg-0000000007/2026/09/20260907T160951Z-f1aadb832125.json.gz,2
who.gho.mdg-0000000007,MDG_0000000007:BGD:SEX_BTSX:AGEGROUP_YEARSUNDER5:WEALTHQUINTILE_TOTL,1975-01-01,2026-09-07T16:09:51Z,low,258.246171816,,who.gho.mdg-0000000007,raw/who.gho.mdg-0000000007/2026/09/20260907T160951Z-f1aadb832125.json.gz,2
who.gho.mdg-0000000007,MDG_0000000007:BGD:SEX_BTSX:AGEGROUP_YEARSUNDER5:WEALTHQUINTILE_TOTL,1975-01-01,2026-09-07T16:09:51Z,restated_at,2026-08-05,,who.gho.mdg-0000000007,raw/who.gho.mdg-0000000007/2026/09/20260907T160951Z-f1aadb832125.json.gz,2
who.gho.mdg-0000000007,MDG_0000000007:BGD:SEX_BTSX:AGEGROUP_YEARSUNDER5:WEALTHQUINTILE_TOTL,1975-01-01,2026-09-07T16:09:51Z,value,273.047397694,,who.gho.mdg-0000000007,raw/who.gho.mdg-0000000007/2026/09/20260907T160951Z-f1aadb832125.json.gz,2
who.gho.mdg-0000000007,MDG_0000000007:BGD:SEX_FMLE:AGEGROUP_YEARSUNDER5:WEALTHQUINTILE_TOTL,1975-01-01,2026-09-07T16:05:52Z,high,287.193647607,,who.gho.mdg-0000000007,raw/who.gho.mdg-0000000007/2026/09/20260907T160552Z-f44dce2e8a23.json.gz,2
who.gho.mdg-0000000007,MDG_0000000007:BGD:SEX_FMLE:AGEGROUP_YEARSUNDER5:WEALTHQUINTILE_TOTL,1975-01-01,2026-09-07T16:05:52Z,low,255.470293898,,who.gho.mdg-0000000007,raw/who.gho.mdg-0000000007/2026/09/20260907T160552Z-f44dce2e8a23.json.gz,2
who.gho.mdg-0000000007,MDG_0000000007:BGD:SEX_FMLE:AGEGROUP_YEARSUNDER5:WEALTHQUINTILE_TOTL,1975-01-01,2026-09-07T16:05:52Z,restated_at,2026-08-05,,who.gho.mdg-0000000007,raw/who.gho.mdg-0000000007/2026/09/20260907T160552Z-f44dce2e8a23.json.gz,2
who.gho.mdg-0000000007,MDG_0000000007:BGD:SEX_FMLE:AGEGROUP_YEARSUNDER5:WEALTHQUINTILE_TOTL,1975-01-01,2026-09-07T16:05:52Z,value,270.827839916,,who.gho.mdg-0000000007,raw/who.gho.mdg-0000000007/2026/09/20260907T160552Z-f44dce2e8a23.json.gz,2
who.gho.mdg-0000000007,MDG_0000000007:BGD:SEX_MLE:AGEGROUP_YEARSUNDER5:WEALTHQUINTILE_TOTL,1975-01-01,2026-09-07T16:11:22Z,high,291.860957937,,who.gho.mdg-0000000007,raw/who.gho.mdg-0000000007/2026/09/20260907T161122Z-4e9c288e3adb.json.gz,2
who.gho.mdg-0000000007,MDG_0000000007:BGD:SEX_MLE:AGEGROUP_YEARSUNDER5:WEALTHQUINTILE_TOTL,1975-01-01,2026-09-07T16:11:22Z,low,259.280473954,,who.gho.mdg-0000000007,raw/who.gho.mdg-0000000007/2026/09/20260907T161122Z-4e9c288e3adb.json.gz,2
who.gho.mdg-0000000007,MDG_0000000007:BGD:SEX_MLE:AGEGROUP_YEARSUNDER5:WEALTHQUINTILE_TOTL,1975-01-01,2026-09-07T16:11:22Z,restated_at,2026-08-05,,who.gho.mdg-0000000007,raw/who.gho.mdg-0000000007/2026/09/20260907T161122Z-4e9c288e3adb.json.gz,2
who.gho.mdg-0000000007,MDG_0000000007:BGD:SEX_MLE:AGEGROUP_YEARSUNDER5:WEALTHQUINTILE_TOTL,1975-01-01,2026-09-07T16:11:22Z,value,275.164473492,,who.gho.mdg-0000000007,raw/who.gho.mdg-0000000007/2026/09/20260907T161122Z-4e9c288e3adb.json.gz,2
who.gho.mdg-0000000007,MDG_0000000007:BGR:SEX_BTSX:AGEGROUP_YEARSUNDER5:WEALTHQUINTILE_TOTL,1975-01-01,2026-09-07T16:09:51Z,high,29.229715677,,who.gho.mdg-0000000007,raw/who.gho.mdg-0000000007/2026/09/20260907T160951Z-f1aadb832125.json.gz,2
who.gho.mdg-0000000007,MDG_0000000007:BGR:SEX_BTSX:AGEGROUP_YEARSUNDER5:WEALTHQUINTILE_TOTL,1975-01-01,2026-09-07T16:09:51Z,low,27.945398751,,who.gho.mdg-0000000007,raw/who.gho.mdg-0000000007/2026/09/20260907T160951Z-f1aadb832125.json.gz,2
who.gho.mdg-0000000007,MDG_0000000007:BGR:SEX_BTSX:AGEGROUP_YEARSUNDER5:WEALTHQUINTILE_TOTL,1975-01-01,2026-09-07T16:09:51Z,restated_at,2026-08-05,,who.gho.mdg-0000000007,raw/who.gho.mdg-0000000007/2026/09/20260907T160951Z-f1aadb832125.json.gz,2
who.gho.mdg-0000000007,MDG_0000000007:BGR:SEX_BTSX:AGEGROUP_YEARSUNDER5:WEALTHQUINTILE_TOTL,1975-01-01,2026-09-07T16:09:51Z,value,28.583345119,,who.gho.mdg-0000000007,raw/who.gho.mdg-0000000007/2026/09/20260907T160951Z-f1aadb832125.json.gz,2
who.gho.mdg-0000000007,MDG_0000000007:BGR:SEX_FMLE:AGEGROUP_YEARSUNDER5:WEALTHQUINTILE_TOTL,1975-01-01,2026-09-07T16:06:34Z,high,25.737552082,,who.gho.mdg-0000000007,raw/who.gho.mdg-0000000007/2026/09/20260907T160634Z-2774fa4e213c.json.gz,2
who.gho.mdg-0000000007,MDG_0000000007:BGR:SEX_FMLE:AGEGROUP_YEARSUNDER5:WEALTHQUINTILE_TOTL,1975-01-01,2026-09-07T16:06:34Z,low,24.439212887,,who.gho.mdg-0000000007,raw/who.gho.mdg-0000000007/2026/09/20260907T160634Z-2774fa4e213c.json.gz,2
who.gho.mdg-0000000007,MDG_0000000007:BGR:SEX_FMLE:AGEGROUP_YEARSUNDER5:WEALTHQUINTILE_TOTL,1975-01-01,2026-09-07T16:06:34Z,restated_at,2026-08-05,,who.gho.mdg-0000000007,raw/who.gho.mdg-0000000007/2026/09/20260907T160634Z-2774fa4e213c.json.gz,2
who.gho.mdg-0000000007,MDG_0000000007:BGR:SEX_FMLE:AGEGROUP_YEARSUNDER5:WEALTHQUINTILE_TOTL,1975-01-01,2026-09-07T16:06:34Z,value,25.086077302,,who.gho.mdg-0000000007,raw/who.gho.mdg-0000000007/2026/09/20260907T160634Z-2774fa4e213c.json.gz,2
who.gho.mdg-0000000007,MDG_0000000007:BGR:SEX_MLE:AGEGROUP_YEARSUNDER5:WEALTHQUINTILE_TOTL,1975-01-01,2026-09-07T16:10:45Z,high,32.699389484,,who.gho.mdg-0000000007,raw/who.gho.mdg-0000000007/2026/09/20260907T161045Z-53a7d24c459b.json.gz,2
who.gho.mdg-0000000007,MDG_0000000007:BGR:SEX_MLE:AGEGROUP_YEARSUNDER5:WEALTHQUINTILE_TOTL,1975-01-01,2026-09-07T16:10:45Z,low,31.143361724,,who.gho.mdg-0000000007,raw/who.gho.mdg-0000000007/2026/09/20260907T161045Z-53a7d24c459b.json.gz,2
who.gho.mdg-0000000007,MDG_0000000007:BGR:SEX_MLE:AGEGROUP_YEARSUNDER5:WEALTHQUINTILE_TOTL,1975-01-01,2026-09-07T16:10:45Z,restated_at,2026-08-05,,who.gho.mdg-0000000007,raw/who.gho.mdg-0000000007/2026/09/20260907T161045Z-53a7d24c459b.json.gz,2
who.gho.mdg-0000000007,MDG_0000000007:BGR:SEX_MLE:AGEGROUP_YEARSUNDER5:WEALTHQUINTILE_TOTL,1975-01-01,2026-09-07T16:10:45Z,value,31.913606703,,who.gho.mdg-0000000007,raw/who.gho.mdg-0000000007/2026/09/20260907T161045Z-53a7d24c459b.json.gz,2
who.gho.mdg-0000000007,MDG_0000000007:BHR:SEX_BTSX:AGEGROUP_YEARSUNDER5:WEALTHQUINTILE_TOTL,1975-01-01,2026-09-07T16:06:21Z,high,53.535800018,,who.gho.mdg-0000000007,raw/who.gho.mdg-0000000007/2026/09/20260907T160621Z-1819ad2538c7.json.gz,2
who.gho.mdg-0000000007,MDG_0000000007:BHR:SEX_BTSX:AGEGROUP_YEARSUNDER5:WEALTHQUINTILE_TOTL,1975-01-01,2026-09-07T16:06:21Z,low,44.008953473,,who.gho.mdg-0000000007,raw/who.gho.mdg-0000000007/2026/09/20260907T160621Z-1819ad2538c7.json.gz,2
who.gho.mdg-0000000007,MDG_0000000007:BHR:SEX_BTSX:AGEGROUP_YEARSUNDER5:WEALTHQUINTILE_TOTL,1975-01-01,2026-09-07T16:06:21Z,restated_at,2026-08-05,,who.gho.mdg-0000000007,raw/who.gho.mdg-0000000007/2026/09/20260907T160621Z-1819ad2538c7.json.gz,2
who.gho.mdg-0000000007,MDG_0000000007:BHR:SEX_BTSX:AGEGROUP_YEARSUNDER5:WEALTHQUINTILE_TOTL,1975-01-01,2026-09-07T16:06:21Z,value,48.534624472,,who.gho.mdg-0000000007,raw/who.gho.mdg-0000000007/2026/09/20260907T160621Z-1819ad2538c7.json.gz,2
who.gho.mdg-0000000007,MDG_0000000007:BHR:SEX_FMLE:AGEGROUP_YEARSUNDER5:WEALTHQUINTILE_TOTL,1975-01-01,2026-09-07T16:06:34Z,high,51.850886414,,who.gho.mdg-0000000007,raw/who.gho.mdg-0000000007/2026/09/20260907T160634Z-2774fa4e213c.json.gz,2
who.gho.mdg-0000000007,MDG_0000000007:BHR:SEX_FMLE:AGEGROUP_YEARSUNDER5:WEALTHQUINTILE_TOTL,1975-01-01,2026-09-07T16:06:34Z,low,41.978586545,,who.gho.mdg-0000000007,raw/who.gho.mdg-0000000007/2026/09/20260907T160634Z-2774fa4e213c.json.gz,2
who.gho.mdg-0000000007,MDG_0000000007:BHR:SEX_FMLE:AGEGROUP_YEARSUNDER5:WEALTHQUINTILE_TOTL,1975-01-01,2026-09-07T16:06:34Z,restated_at,2026-08-05,,who.gho.mdg-0000000007,raw/who.gho.mdg-0000000007/2026/09/20260907T160634Z-2774fa4e213c.json.gz,2
who.gho.mdg-0000000007,MDG_0000000007:BHR:SEX_FMLE:AGEGROUP_YEARSUNDER5:WEALTHQUINTILE_TOTL,1975-01-01,2026-09-07T16:06:34Z,value,46.650000984,,who.gho.mdg-0000000007,raw/who.gho.mdg-0000000007/2026/09/20260907T160634Z-2774fa4e213c.json.gz,2
who.gho.mdg-0000000007,MDG_0000000007:BHR:SEX_MLE:AGEGROUP_YEARSUNDER5:WEALTHQUINTILE_TOTL,1975-01-01,2026-09-07T16:08:45Z,high,55.813078242,,who.gho.mdg-0000000007,raw/who.gho.mdg-0000000007/2026/09/20260907T160845Z-9b23f1f1b45b.json.gz,2
who.gho.mdg-0000000007,MDG_0000000007:BHR:SEX_MLE:AGEGROUP_YEARSUNDER5:WEALTHQUINTILE_TOTL,1975-01-01,2026-09-07T16:08:45Z,low,45.443983055,,who.gho.mdg-0000000007,raw/who.gho.mdg-0000000007/2026/09/20260907T160845Z-9b23f1f1b45b.json.gz,2
who.gho.mdg-0000000007,MDG_0000000007:BHR:SEX_MLE:AGEGROUP_YEARSUNDER5:WEALTHQUINTILE_TOTL,1975-01-01,2026-09-07T16:08:45Z,restated_at,2026-08-05,,who.gho.mdg-0000000007,raw/who.gho.mdg-0000000007/2026/09/20260907T160845Z-9b23f1f1b45b.json.gz,2
who.gho.mdg-0000000007,MDG_0000000007:BHR:SEX_MLE:AGEGROUP_YEARSUNDER5:WEALTHQUINTILE_TOTL,1975-01-01,2026-09-07T16:08:45Z,value,50.373944164,,who.gho.mdg-0000000007,raw/who.gho.mdg-0000000007/2026/09/20260907T160845Z-9b23f1f1b45b.json.gz,2
who.gho.mdg-0000000007,MDG_0000000007:BHS:SEX_BTSX:AGEGROUP_YEARSUNDER5:WEALTHQUINTILE_TOTL,1975-01-01,2026-09-07T16:05:06Z,high,32.95926632,,who.gho.mdg-0000000007,raw/who.gho.mdg-0000000007/2026/09/20260907T160506Z-a219a21e2a4a.json.gz,2
who.gho.mdg-0000000007,MDG_0000000007:BHS:SEX_BTSX:AGEGROUP_YEARSUNDER5:WEALTHQUINTILE_TOTL,1975-01-01,2026-09-07T16:05:06Z,low,29.592896932,,who.gho.mdg-0000000007,raw/who.gho.mdg-0000000007/2026/09/20260907T160506Z-a219a21e2a4a.json.gz,2
who.gho.mdg-0000000007,MDG_0000000007:BHS:SEX_BTSX:AGEGROUP_YEARSUNDER5:WEALTHQUINTILE_TOTL,1975-01-01,2026-09-07T16:05:06Z,restated_at,2026-08-05,,who.gho.mdg-0000000007,raw/who.gho.mdg-0000000007/2026/09/20260907T160506Z-a219a21e2a4a.json.gz,2
who.gho.mdg-0000000007,MDG_0000000007:BHS:SEX_BTSX:AGEGROUP_YEARSUNDER5:WEALTHQUINTILE_TOTL,1975-01-01,2026-09-07T16:05:06Z,value,31.265458146,,who.gho.mdg-0000000007,raw/who.gho.mdg-0000000007/2026/09/20260907T160506Z-a219a21e2a4a.json.gz,2
who.gho.mdg-0000000007,MDG_0000000007:BHS:SEX_FMLE:AGEGROUP_YEARSUNDER5:WEALTHQUINTILE_TOTL,1975-01-01,2026-09-07T16:05:52Z,high,31.195842137,,who.gho.mdg-0000000007,raw/who.gho.mdg-0000000007/2026/09/20260907T160552Z-f44dce2e8a23.json.gz,2
who.gho.mdg-0000000007,MDG_0000000007:BHS:SEX_FMLE:AGEGROUP_YEARSUNDER5:WEALTHQUINTILE_TOTL,1975-01-01,2026-09-07T16:05:52Z,low,27.504786798,,who.gho.mdg-0000000007,raw/who.gho.mdg-0000000007/2026/09/20260907T160552Z-f44dce2e8a23.json.gz,2
who.gho.mdg-0000000007,MDG_0000000007:BHS:SEX_FMLE:AGEGROUP_YEARSUNDER5:WEALTHQUINTILE_TOTL,1975-01-01,2026-09-07T16:05:52Z,restated_at,2026-08-05,,who.gho.mdg-0000000007,raw/who.gho.mdg-0000000007/2026/09/20260907T160552Z-f44dce2e8a23.json.gz,2
who.gho.mdg-0000000007,MDG_0000000007:BHS:SEX_FMLE:AGEGROUP_YEARSUNDER5:WEALTHQUINTILE_TOTL,1975-01-01,2026-09-07T16:05:52Z,value,29.283385942,,who.gho.mdg-0000000007,raw/who.gho.mdg-0000000007/2026/09/20260907T160552Z-f44dce2e8a23.json.gz,2
who.gho.mdg-0000000007,MDG_0000000007:BHS:SEX_MLE:AGEGROUP_YEARSUNDER5:WEALTHQUINTILE_TOTL,1975-01-01,2026-09-07T16:06:21Z,high,35.185921667,,who.gho.mdg-0000000007,raw/who.gho.mdg-0000000007/2026/09/20260907T160621Z-1819ad2538c7.json.gz,2
who.gho.mdg-0000000007,MDG_0000000007:BHS:SEX_MLE:AGEGROUP_YEARSUNDER5:WEALTHQUINTILE_TOTL,1975-01-01,2026-09-07T16:06:21Z,low,31.142305753,,who.gho.mdg-0000000007,raw/who.gho.mdg-0000000007/2026/09/20260907T160621Z-1819ad2538c7.json.gz,2
who.gho.mdg-0000000007,MDG_0000000007:BHS:SEX_MLE:AGEGROUP_YEARSUNDER5:WEALTHQUINTILE_TOTL,1975-01-01,2026-09-07T16:06:21Z,restated_at,2026-08-05,,who.gho.mdg-0000000007,raw/who.gho.mdg-0000000007/2026/09/20260907T160621Z-1819ad2538c7.json.gz,2
who.gho.mdg-0000000007,MDG_0000000007:BHS:SEX_MLE:AGEGROUP_YEARSUNDER5:WEALTHQUINTILE_TOTL,1975-01-01,2026-09-07T16:06:21Z,value,33.138674321,,who.gho.mdg-0000000007,raw/who.gho.mdg-0000000007/2026/09/20260907T160621Z-1819ad2538c7.json.gz,2
who.gho.mdg-0000000007,MDG_0000000007:BLR:SEX_BTSX:AGEGROUP_YEARSUNDER5:WEALTHQUINTILE_TOTL,1975-01-01,2026-09-07T16:05:01Z,high,23.20859297,,who.gho.mdg-0000000007,raw/who.gho.mdg-0000000007/2026/09/20260907T160501Z-2d19e1a5feef.json.gz,2
who.gho.mdg-0000000007,MDG_0000000007:BLR:SEX_BTSX:AGEGROUP_YEARSUNDER5:WEALTHQUINTILE_TOTL,1975-01-01,2026-09-07T16:05:01Z,low,20.512137764,,who.gho.mdg-0000000007,raw/who.gho.mdg-0000000007/2026/09/20260907T160501Z-2d19e1a5feef.json.gz,2
who.gho.mdg-0000000007,MDG_0000000007:BLR:SEX_BTSX:AGEGROUP_YEARSUNDER5:WEALTHQUINTILE_TOTL,1975-01-01,2026-09-07T16:05:01Z,restated_at,2026-08-05,,who.gho.mdg-0000000007,raw/who.gho.mdg-0000000007/2026/09/20260907T160501Z-2d19e1a5feef.json.gz,2
who.gho.mdg-0000000007,MDG_0000000007:BLR:SEX_BTSX:AGEGROUP_YEARSUNDER5:WEALTHQUINTILE_TOTL,1975-01-01,2026-09-07T16:05:01Z,value,21.80679578,,who.gho.mdg-0000000007,raw/who.gho.mdg-0000000007/2026/09/20260907T160501Z-2d19e1a5feef.json.gz,2
who.gho.mdg-0000000007,MDG_0000000007:BLR:SEX_FMLE:AGEGROUP_YEARSUNDER5:WEALTHQUINTILE_TOTL,1975-01-01,2026-09-07T16:05:26Z,high,19.934535706,,who.gho.mdg-0000000007,raw/who.gho.mdg-0000000007/2026/09/20260907T160526Z-1363df2b3da0.json.gz,2
who.gho.mdg-0000000007,MDG_0000000007:BLR:SEX_FMLE:AGEGROUP_YEARSUNDER5:WEALTHQUINTILE_TOTL,1975-01-01,2026-09-07T16:05:26Z,low,17.345400717,,who.gho.mdg-0000000007,raw/who.gho.mdg-0000000007/2026/09/20260907T160526Z-1363df2b3da0.json.gz,2
who.gho.mdg-0000000007,MDG_0000000007:BLR:SEX_FMLE:AGEGROUP_YEARSUNDER5:WEALTHQUINTILE_TOTL,1975-01-01,2026-09-07T16:05:26Z,restated_at,2026-08-05,,who.gho.mdg-0000000007,raw/who.gho.mdg-0000000007/2026/09/20260907T160526Z-1363df2b3da0.json.gz,2
who.gho.mdg-0000000007,MDG_0000000007:BLR:SEX_FMLE:AGEGROUP_YEARSUNDER5:WEALTHQUINTILE_TOTL,1975-01-01,2026-09-07T16:05:26Z,value,18.571165719,,who.gho.mdg-0000000007,raw/who.gho.mdg-0000000007/2026/09/20260907T160526Z-1363df2b3da0.json.gz,2
who.gho.mdg-0000000007,MDG_0000000007:BLR:SEX_MLE:AGEGROUP_YEARSUNDER5:WEALTHQUINTILE_TOTL,1975-01-01,2026-09-07T16:05:31Z,high,26.556550454,,who.gho.mdg-0000000007,raw/who.gho.mdg-0000000007/2026/09/20260907T160531Z-a90a9bba0858.json.gz,2
who.gho.mdg-0000000007,MDG_0000000007:BLR:SEX_MLE:AGEGROUP_YEARSUNDER5:WEALTHQUINTILE_TOTL,1975-01-01,2026-09-07T16:05:31Z,low,23.343719855,,who.gho.mdg-0000000007,raw/who.gho.mdg-0000000007/2026/09/20260907T160531Z-a90a9bba0858.json.gz,2
who.gho.mdg-0000000007,MDG_0000000007:BLR:SEX_MLE:AGEGROUP_YEARSUNDER5:WEALTHQUINTILE_TOTL,1975-01-01,2026-09-07T16:05:31Z,restated_at,2026-08-05,,who.gho.mdg-0000000007,raw/who.gho.mdg-0000000007/2026/09/20260907T160531Z-a90a9bba0858.json.gz,2
who.gho.mdg-0000000007,MDG_0000000007:BLR:SEX_MLE:AGEGROUP_YEARSUNDER5:WEALTHQUINTILE_TOTL,1975-01-01,2026-09-07T16:05:31Z,value,24.893440988,,who.gho.mdg-0000000007,raw/who.gho.mdg-0000000007/2026/09/20260907T160531Z-a90a9bba0858.json.gz,2
who.gho.mdg-0000000007,MDG_0000000007:BLZ:SEX_BTSX:AGEGROUP_YEARSUNDER5:WEALTHQUINTILE_TOTL,1975-01-01,2026-09-07T16:11:10Z,high,100.890786748,,who.gho.mdg-0000000007,raw/who.gho.mdg-0000000007/2026/09/20260907T161110Z-9f3e1e4fe296.json.gz,2
who.gho.mdg-0000000007,MDG_0000000007:BLZ:SEX_BTSX:AGEGROUP_YEARSUNDER5:WEALTHQUINTILE_TOTL,1975-01-01,2026-09-07T16:11:10Z,low,64.954186898,,who.gho.mdg-0000000007,raw/who.gho.mdg-0000000007/2026/09/20260907T161110Z-9f3e1e4fe296.json.gz,2
who.gho.mdg-0000000007,MDG_0000000007:BLZ:SEX_BTSX:AGEGROUP_YEARSUNDER5:WEALTHQUINTILE_TOTL,1975-01-01,2026-09-07T16:11:10Z,restated_at,2026-08-05,,who.gho.mdg-0000000007,raw/who.gho.mdg-0000000007/2026/09/20260907T161110Z-9f3e1e4fe296.json.gz,2
who.gho.mdg-0000000007,MDG_0000000007:BLZ:SEX_BTSX:AGEGROUP_YEARSUNDER5:WEALTHQUINTILE_TOTL,1975-01-01,2026-09-07T16:11:10Z,value,80.982064448,,who.gho.mdg-0000000007,raw/who.gho.mdg-0000000007/2026/09/20260907T161110Z-9f3e1e4fe296.json.gz,2
who.gho.mdg-0000000007,MDG_0000000007:BLZ:SEX_FMLE:AGEGROUP_YEARSUNDER5:WEALTHQUINTILE_TOTL,1975-01-01,2026-09-07T16:09:22Z,high,93.970280722,,who.gho.mdg-0000000007,raw/who.gho.mdg-0000000007/2026/09/20260907T160922Z-b03be7779b07.json.gz,2
who.gho.mdg-0000000007,MDG_0000000007:BLZ:SEX_FMLE:AGEGROUP_YEARSUNDER5:WEALTHQUINTILE_TOTL,1975-01-01,2026-09-07T16:09:22Z,low,60.250785776,,who.gho.mdg-0000000007,raw/who.gho.mdg-0000000007/2026/09/20260907T160922Z-b03be7779b07.json.gz,2
who.gho.mdg-0000000007,MDG_0000000007:BLZ:SEX_FMLE:AGEGROUP_YEARSUNDER5:WEALTHQUINTILE_TOTL,1975-01-01,2026-09-07T16:09:22Z,restated_at,2026-08-05,,who.gho.mdg-0000000007,raw/who.gho.mdg-0000000007/2026/09/20260907T160922Z-b03be7779b07.json.gz,2
who.gho.mdg-0000000007,MDG_0000000007:BLZ:SEX_FMLE:AGEGROUP_YEARSUNDER5:WEALTHQUINTILE_TOTL,1975-01-01,2026-09-07T16:09:22Z,value,75.24851799,,who.gho.mdg-0000000007,raw/who.gho.mdg-0000000007/2026/09/20260907T160922Z-b03be7779b07.json.gz,2
who.gho.mdg-0000000007,MDG_0000000007:BLZ:SEX_MLE:AGEGROUP_YEARSUNDER5:WEALTHQUINTILE_TOTL,1975-01-01,2026-09-07T16:10:30Z,high,108.259412507,,who.gho.mdg-0000000007,raw/who.gho.mdg-0000000007/2026/09/20260907T161030Z-d2101d8df79b.json.gz,2
who.gho.mdg-0000000007,MDG_0000000007:BLZ:SEX_MLE:AGEGROUP_YEARSUNDER5:WEALTHQUINTILE_TOTL,1975-01-01,2026-09-07T16:10:30Z,low,69.225681795,,who.gho.mdg-0000000007,raw/who.gho.mdg-0000000007/2026/09/20260907T161030Z-d2101d8df79b.json.gz,2
who.gho.mdg-0000000007,MDG_0000000007:BLZ:SEX_MLE:AGEGROUP_YEARSUNDER5:WEALTHQUINTILE_TOTL,1975-01-01,2026-09-07T16:10:30Z,restated_at,2026-08-05,,who.gho.mdg-0000000007,raw/who.gho.mdg-0000000007/2026/09/20260907T161030Z-d2101d8df79b.json.gz,2
who.gho.mdg-0000000007,MDG_0000000007:BLZ:SEX_MLE:AGEGROUP_YEARSUNDER5:WEALTHQUINTILE_TOTL,1975-01-01,2026-09-07T16:10:30Z,value,86.440122391,,who.gho.mdg-0000000007,raw/who.gho.mdg-0000000007/2026/09/20260907T161030Z-d2101d8df79b.json.gz,2
who.gho.mdg-0000000007,MDG_0000000007:BOL:SEX_BTSX:AGEGROUP_YEARSUNDER5:WEALTHQUINTILE_TOTL,1975-01-01,2026-09-07T16:06:26Z,high,207.380136111,,who.gho.mdg-0000000007,raw/who.gho.mdg-0000000007/2026/09/20260907T160626Z-083ef708c2ee.json.gz,2
who.gho.mdg-0000000007,MDG_0000000007:BOL:SEX_BTSX:AGEGROUP_YEARSUNDER5:WEALTHQUINTILE_TOTL,1975-01-01,2026-09-07T16:06:26Z,low,181.210867951,,who.gho.mdg-0000000007,raw/who.gho.mdg-0000000007/2026/09/20260907T160626Z-083ef708c2ee.json.gz,2
who.gho.mdg-0000000007,MDG_0000000007:BOL:SEX_BTSX:AGEGROUP_YEARSUNDER5:WEALTHQUINTILE_TOTL,1975-01-01,2026-09-07T16:06:26Z,restated_at,2026-08-05,,who.gho.mdg-0000000007,raw/who.gho.mdg-0000000007/2026/09/20260907T160626Z-083ef708c2ee.json.gz,2
who.gho.mdg-0000000007,MDG_0000000007:BOL:SEX_BTSX:AGEGROUP_YEARSUNDER5:WEALTHQUINTILE_TOTL,1975-01-01,2026-09-07T16:06:26Z,value,193.703011346,,who.gho.mdg-0000000007,raw/who.gho.mdg-0000000007/2026/09/20260907T160626Z-083ef708c2ee.json.gz,2
who.gho.mdg-0000000007,MDG_0000000007:BOL:SEX_FMLE:AGEGROUP_YEARSUNDER5:WEALTHQUINTILE_TOTL,1975-01-01,2026-09-07T16:10:49Z,high,195.4924612,,who.gho.mdg-0000000007,raw/who.gho.mdg-0000000007/2026/09/20260907T161049Z-6866f52a9543.json.gz,2
who.gho.mdg-0000000007,MDG_0000000007:BOL:SEX_FMLE:AGEGROUP_YEARSUNDER5:WEALTHQUINTILE_TOTL,1975-01-01,2026-09-07T16:10:49Z,low,170.03142176,,who.gho.mdg-0000000007,raw/who.gho.mdg-0000000007/2026/09/20260907T161049Z-6866f52a9543.json.gz,2
who.gho.mdg-0000000007,MDG_0000000007:BOL:SEX_FMLE:AGEGROUP_YEARSUNDER5:WEALTHQUINTILE_TOTL,1975-01-01,2026-09-07T16:10:49Z,restated_at,2026-08-05,,who.gho.mdg-0000000007,raw/who.gho.mdg-0000000007/2026/09/20260907T161049Z-6866f52a9543.json.gz,2
who.gho.mdg-0000000007,MDG_0000000007:BOL:SEX_FMLE:AGEGROUP_YEARSUNDER5:WEALTHQUINTILE_TOTL,1975-01-01,2026-09-07T16:10:49Z,value,182.166068282,,who.gho.mdg-0000000007,raw/who.gho.mdg-0000000007/2026/09/20260907T161049Z-6866f52a9543.json.gz,2
who.gho.mdg-0000000007,MDG_0000000007:BOL:SEX_MLE:AGEGROUP_YEARSUNDER5:WEALTHQUINTILE_TOTL,1975-01-01,2026-09-07T16:04:52Z,high,219.815981574,,who.gho.mdg-0000000007,raw/who.gho.mdg-0000000007/2026/09/20260907T160452Z-cad637d9cec2.json.gz,2
who.gho.mdg-0000000007,MDG_0000000007:BOL:SEX_MLE:AGEGROUP_YEARSUNDER5:WEALTHQUINTILE_TOTL,1975-01-01,2026-09-07T16:04:52Z,low,190.762327251,,who.gho.mdg-0000000007,raw/who.gho.mdg-0000000007/2026/09/20260907T160452Z-cad637d9cec2.json.gz,2
who.gho.mdg-0000000007,MDG_0000000007:BOL:SEX_MLE:AGEGROUP_YEARSUNDER5:WEALTHQUINTILE_TOTL,1975-01-01,2026-09-07T16:04:52Z,restated_at,2026-08-05,,who.gho.mdg-0000000007,raw/who.gho.mdg-0000000007/2026/09/20260907T160452Z-cad637d9cec2.json.gz,2
who.gho.mdg-0000000007,MDG_0000000007:BOL:SEX_MLE:AGEGROUP_YEARSUNDER5:WEALTHQUINTILE_TOTL,1975-01-01,2026-09-07T16:04:52Z,value,204.64035301,,who.gho.mdg-0000000007,raw/who.gho.mdg-0000000007/2026/09/20260907T160452Z-cad637d9cec2.json.gz,2
who.gho.mdg-0000000007,MDG_0000000007:BRA:SEX_BTSX:AGEGROUP_YEARSUNDER5:WEALTHQUINTILE_TOTL,1975-01-01,2026-09-07T16:08:41Z,high,123.908486615,,who.gho.mdg-0000000007,raw/who.gho.mdg-0000000007/2026/09/20260907T160841Z-d67f78e4b8d9.json.gz,2
who.gho.mdg-0000000007,MDG_0000000007:BRA:SEX_BTSX:AGEGROUP_YEARSUNDER5:WEALTHQUINTILE_TOTL,1975-01-01,2026-09-07T16:08:41Z,low,107.35363831,,who.gho.mdg-0000000007,raw/who.gho.mdg-0000000007/2026/09/20260907T160841Z-d67f78e4b8d9.json.gz,2
who.gho.mdg-0000000007,MDG_0000000007:BRA:SEX_BTSX:AGEGROUP_YEARSUNDER5:WEALTHQUINTILE_TOTL,1975-01-01,2026-09-07T16:08:41Z,restated_at,2026-08-05,,who.gho.mdg-0000000007,raw/who.gho.mdg-0000000007/2026/09/20260907T160841Z-d67f78e4b8d9.json.gz,2
who.gho.mdg-0000000007,MDG_0000000007:BRA:SEX_BTSX:AGEGROUP_YEARSUNDER5:WEALTHQUINTILE_TOTL,1975-01-01,2026-09-07T16:08:41Z,value,115.42910793,,who.gho.mdg-0000000007,raw/who.gho.mdg-0000000007/2026/09/20260907T160841Z-d67f78e4b8d9.json.gz,2
who.gho.mdg-0000000007,MDG_0000000007:BRA:SEX_FMLE:AGEGROUP_YEARSUNDER5:WEALTHQUINTILE_TOTL,1975-01-01,2026-09-07T16:05:09Z,high,113.026629241,,who.gho.mdg-0000000007,raw/who.gho.mdg-0000000007/2026/09/20260907T160509Z-9066130499c7.json.gz,2
who.gho.mdg-0000000007,MDG_0000000007:BRA:SEX_FMLE:AGEGROUP_YEARSUNDER5:WEALTHQUINTILE_TOTL,1975-01-01,2026-09-07T16:05:09Z,low,96.765950809,,who.gho.mdg-0000000007,raw/who.gho.mdg-0000000007/2026/09/20260907T160509Z-9066130499c7.json.gz,2
who.gho.mdg-0000000007,MDG_0000000007:BRA:SEX_FMLE:AGEGROUP_YEARSUNDER5:WEALTHQUINTILE_TOTL,1975-01-01,2026-09-07T16:05:09Z,restated_at,2026-08-05,,who.gho.mdg-0000000007,raw/who.gho.mdg-0000000007/2026/09/20260907T160509Z-9066130499c7.json.gz,2
who.gho.mdg-0000000007,MDG_0000000007:BRA:SEX_FMLE:AGEGROUP_YEARSUNDER5:WEALTHQUINTILE_TOTL,1975-01-01,2026-09-07T16:05:09Z,value,104.584623697,,who.gho.mdg-0000000007,raw/who.gho.mdg-0000000007/2026/09/20260907T160509Z-9066130499c7.json.gz,2
who.gho.mdg-0000000007,MDG_0000000007:BRA:SEX_MLE:AGEGROUP_YEARSUNDER5:WEALTHQUINTILE_TOTL,1975-01-01,2026-09-07T16:11:22Z,high,135.654998437,,who.gho.mdg-0000000007,raw/who.gho.mdg-0000000007/2026/09/20260907T161122Z-4e9c288e3adb.json.gz,2
who.gho.mdg-0000000007,MDG_0000000007:BRA:SEX_MLE:AGEGROUP_YEARSUNDER5:WEALTHQUINTILE_TOTL,1975-01-01,2026-09-07T16:11:22Z,low,116.378174833,,who.gho.mdg-0000000007,raw/who.gho.mdg-0000000007/2026/09/20260907T161122Z-4e9c288e3adb.json.gz,2
who.gho.mdg-0000000007,MDG_0000000007:BRA:SEX_MLE:AGEGROUP_YEARSUNDER5:WEALTHQUINTILE_TOTL,1975-01-01,2026-09-07T16:11:22Z,restated_at,2026-08-05,,who.gho.mdg-0000000007,raw/who.gho.mdg-0000000007/2026/09/20260907T161122Z-4e9c288e3adb.json.gz,2
who.gho.mdg-0000000007,MDG_0000000007:BRA:SEX_MLE:AGEGROUP_YEARSUNDER5:WEALTHQUINTILE_TOTL,1975-01-01,2026-09-07T16:11:22Z,value,125.758203838,,who.gho.mdg-0000000007,raw/who.gho.mdg-0000000007/2026/09/20260907T161122Z-4e9c288e3adb.json.gz,2
who.gho.mdg-0000000007,MDG_0000000007:BRB:SEX_BTSX:AGEGROUP_YEARSUNDER5:WEALTHQUINTILE_TOTL,1975-01-01,2026-09-07T16:09:22Z,high,38.141087206,,who.gho.mdg-0000000007,raw/who.gho.mdg-0000000007/2026/09/20260907T160922Z-b03be7779b07.json.gz,2
who.gho.mdg-0000000007,MDG_0000000007:BRB:SEX_BTSX:AGEGROUP_YEARSUNDER5:WEALTHQUINTILE_TOTL,1975-01-01,2026-09-07T16:09:22Z,low,34.757173092,,who.gho.mdg-0000000007,raw/who.gho.mdg-0000000007/2026/09/20260907T160922Z-b03be7779b07.json.gz,2
who.gho.mdg-0000000007,MDG_0000000007:BRB:SEX_BTSX:AGEGROUP_YEARSUNDER5:WEALTHQUINTILE_TOTL,1975-01-01,2026-09-07T16:09:22Z,restated_at,2026-08-05,,who.gho.mdg-0000000007,raw/who.gho.mdg-0000000007/2026/09/20260907T160922Z-b03be7779b07.json.gz,2
who.gho.mdg-0000000007,MDG_0000000007:BRB:SEX_BTSX:AGEGROUP_YEARSUNDER5:WEALTHQUINTILE_TOTL,1975-01-01,2026-09-07T16:09:22Z,value,36.424219426,,who.gho.mdg-0000000007,raw/who.gho.mdg-0000000007/2026/09/20260907T160922Z-b03be7779b07.json.gz,2
who.gho.mdg-0000000007,MDG_0000000007:BRB:SEX_FMLE:AGEGROUP_YEARSUNDER5:WEALTHQUINTILE_TOTL,1975-01-01,2026-09-07T16:06:16Z,high,34.489991575,,who.gho.mdg-0000000007,raw/who.gho.mdg-0000000007/2026/09/20260907T160616Z-615f6bfccb87.json.gz,2
who.gho.mdg-0000000007,MDG_0000000007:BRB:SEX_FMLE:AGEGROUP_YEARSUNDER5:WEALTHQUINTILE_TOTL,1975-01-01,2026-09-07T16:06:16Z,low,30.878530607,,who.gho.mdg-0000000007,raw/who.gho.mdg-0000000007/2026/09/20260907T160616Z-615f6bfccb87.json.gz,2
who.gho.mdg-0000000007,MDG_0000000007:BRB:SEX_FMLE:AGEGROUP_YEARSUNDER5:WEALTHQUINTILE_TOTL,1975-01-01,2026-09-07T16:06:16Z,restated_at,2026-08-05,,who.gho.mdg-0000000007,raw/who.gho.mdg-0000000007/2026/09/20260907T160616Z-615f6bfccb87.json.gz,2
who.gho.mdg-0000000007,MDG_0000000007:BRB:SEX_FMLE:AGEGROUP_YEARSUNDER5:WEALTHQUINTILE_TOTL,1975-01-01,2026-09-07T16:06:16Z,value,32.630228844,,who.gho.mdg-0000000007,raw/who.gho.mdg-0000000007/2026/09/20260907T160616Z-615f6bfccb87.json.gz,2
who.gho.mdg-0000000007,MDG_0000000007:BRB:SEX_MLE:AGEGROUP_YEARSUNDER5:WEALTHQUINTILE_TOTL,1975-01-01,2026-09-07T16:08:59Z,high,42.074529115,,who.gho.mdg-0000000007,raw/who.gho.mdg-0000000007/2026/09/20260907T160859Z-81b3460c41a8.json.gz,2
who.gho.mdg-0000000007,MDG_0000000007:BRB:SEX_MLE:AGEGROUP_YEARSUNDER5:WEALTHQUINTILE_TOTL,1975-01-01,2026-09-07T16:08:59Z,low,37.993679151,,who.gho.mdg-0000000007,raw/who.gho.mdg-0000000007/2026/09/20260907T160859Z-81b3460c41a8.json.gz,2
who.gho.mdg-0000000007,MDG_0000000007:BRB:SEX_MLE:AGEGROUP_YEARSUNDER5:WEALTHQUINTILE_TOTL,1975-01-01,2026-09-07T16:08:59Z,restated_at,2026-08-05,,who.gho.mdg-0000000007,raw/who.gho.mdg-0000000007/2026/09/20260907T160859Z-81b3460c41a8.json.gz,2
who.gho.mdg-0000000007,MDG_0000000007:BRB:SEX_MLE:AGEGROUP_YEARSUNDER5:WEALTHQUINTILE_TOTL,1975-01-01,2026-09-07T16:08:59Z,value,40.013848983,,who.gho.mdg-0000000007,raw/who.gho.mdg-0000000007/2026/09/20260907T160859Z-81b3460c41a8.json.gz,2
who.gho.mdg-0000000007,MDG_0000000007:BRN:SEX_BTSX:AGEGROUP_YEARSUNDER5:WEALTHQUINTILE_TOTL,1975-01-01,2026-09-07T16:06:11Z,high,37.053459153,,who.gho.mdg-0000000007,raw/who.gho.mdg-0000000007/2026/09/20260907T160611Z-e868f3030ca5.json.gz,2
who.gho.mdg-0000000007,MDG_0000000007:BRN:SEX_BTSX:AGEGROUP_YEARSUNDER5:WEALTHQUINTILE_TOTL,1975-01-01,2026-09-07T16:06:11Z,low,32.820112335,,who.gho.mdg-0000000007,raw/who.gho.mdg-0000000007/2026/09/20260907T160611Z-e868f3030ca5.json.gz,2
who.gho.mdg-0000000007,MDG_0000000007:BRN:SEX_BTSX:AGEGROUP_YEARSUNDER5:WEALTHQUINTILE_TOTL,1975-01-01,2026-09-07T16:06:11Z,restated_at,2026-08-05,,who.gho.mdg-0000000007,raw/who.gho.mdg-0000000007/2026/09/20260907T160611Z-e868f3030ca5.json.gz,2
who.gho.mdg-0000000007,MDG_0000000007:BRN:SEX_BTSX:AGEGROUP_YEARSUNDER5:WEALTHQUINTILE_TOTL,1975-01-01,2026-09-07T16:06:11Z,value,34.854689828,,who.gho.mdg-0000000007,raw/who.gho.mdg-0000000007/2026/09/20260907T160611Z-e868f3030ca5.json.gz,2
who.gho.mdg-0000000007,MDG_0000000007:BRN:SEX_FMLE:AGEGROUP_YEARSUNDER5:WEALTHQUINTILE_TOTL,1975-01-01,2026-09-07T16:04:52Z,high,34.183825363,,who.gho.mdg-0000000007,raw/who.gho.mdg-0000000007/2026/09/20260907T160452Z-cad637d9cec2.json.gz,2
who.gho.mdg-0000000007,MDG_0000000007:BRN:SEX_FMLE:AGEGROUP_YEARSUNDER5:WEALTHQUINTILE_TOTL,1975-01-01,2026-09-07T16:04:52Z,low,29.966647241,,who.gho.mdg-0000000007,raw/who.gho.mdg-0000000007/2026/09/20260907T160452Z-cad637d9cec2.json.gz,2
who.gho.mdg-0000000007,MDG_0000000007:BRN:SEX_FMLE:AGEGROUP_YEARSUNDER5:WEALTHQUINTILE_TOTL,1975-01-01,2026-09-07T16:04:52Z,restated_at,2026-08-05,,who.gho.mdg-0000000007,raw/who.gho.mdg-0000000007/2026/09/20260907T160452Z-cad637d9cec2.json.gz,2
who.gho.mdg-0000000007,MDG_0000000007:BRN:SEX_FMLE:AGEGROUP_YEARSUNDER5:WEALTHQUINTILE_TOTL,1975-01-01,2026-09-07T16:04:52Z,value,32.011268471,,who.gho.mdg-0000000007,raw/who.gho.mdg-0000000007/2026/09/20260907T160452Z-cad637d9cec2.json.gz,2
who.gho.mdg-0000000007,MDG_0000000007:BRN:SEX_MLE:AGEGROUP_YEARSUNDER5:WEALTHQUINTILE_TOTL,1975-01-01,2026-09-07T16:10:12Z,high,40.058117963,,who.gho.mdg-0000000007,raw/who.gho.mdg-0000000007/2026/09/20260907T161012Z-af10f639113a.json.gz,2
who.gho.mdg-0000000007,MDG_0000000007:BRN:SEX_MLE:AGEGROUP_YEARSUNDER5:WEALTHQUINTILE_TOTL,1975-01-01,2026-09-07T16:10:12Z,low,35.259265026,,who.gho.mdg-0000000007,raw/who.gho.mdg-0000000007/2026/09/20260907T161012Z-af10f639113a.json.gz,2
who.gho.mdg-0000000007,MDG_0000000007:BRN:SEX_MLE:AGEGROUP_YEARSUNDER5:WEALTHQUINTILE_TOTL,1975-01-01,2026-09-07T16:10:12Z,restated_at,2026-08-05,,who.gho.mdg-0000000007,raw/who.gho.mdg-0000000007/2026/09/20260907T161012Z-af10f639113a.json.gz,2
who.gho.mdg-0000000007,MDG_0000000007:BRN:SEX_MLE:AGEGROUP_YEARSUNDER5:WEALTHQUINTILE_TOTL,1975-01-01,2026-09-07T16:10:12Z,value,37.557321776,,who.gho.mdg-0000000007,raw/who.gho.mdg-0000000007/2026/09/20260907T161012Z-af10f639113a.json.gz,2
who.gho.mdg-0000000007,MDG_0000000007:BTN:SEX_BTSX:AGEGROUP_YEARSUNDER5:WEALTHQUINTILE_TOTL,1975-01-01,2026-09-07T16:11:10Z,high,284.826324516,,who.gho.mdg-0000000007,raw/who.gho.mdg-0000000007/2026/09/20260907T161110Z-9f3e1e4fe296.json.gz,2
who.gho.mdg-0000000007,MDG_0000000007:BTN:SEX_BTSX:AGEGROUP_YEARSUNDER5:WEALTHQUINTILE_TOTL,1975-01-01,2026-09-07T16:11:10Z,low,186.293304835,,who.gho.mdg-0000000007,raw/who.gho.mdg-0000000007/2026/09/20260907T161110Z-9f3e1e4fe296.json.gz,2
who.gho.mdg-0000000007,MDG_0000000007:BTN:SEX_BTSX:AGEGROUP_YEARSUNDER5:WEALTHQUINTILE_TOTL,1975-01-01,2026-09-07T16:11:10Z,restated_at,2026-08-05,,who.gho.mdg-0000000007,raw/who.gho.mdg-0000000007/2026/09/20260907T161110Z-9f3e1e4fe296.json.gz,2
who.gho.mdg-0000000007,MDG_0000000007:BTN:SEX_BTSX:AGEGROUP_YEARSUNDER5:WEALTHQUINTILE_TOTL,1975-01-01,2026-09-07T16:11:10Z,value,230.376688704,,who.gho.mdg-0000000007,raw/who.gho.mdg-0000000007/2026/09/20260907T161110Z-9f3e1e4fe296.json.gz,2
who.gho.mdg-0000000007,MDG_0000000007:BTN:SEX_FMLE:AGEGROUP_YEARSUNDER5:WEALTHQUINTILE_TOTL,1975-01-01,2026-09-07T16:05:14Z,high,276.320334716,,who.gho.mdg-0000000007,raw/who.gho.mdg-0000000007/2026/09/20260907T160514Z-6205b585146a.json.gz,2
who.gho.mdg-0000000007,MDG_0000000007:BTN:SEX_FMLE:AGEGROUP_YEARSUNDER5:WEALTHQUINTILE_TOTL,1975-01-01,2026-09-07T16:05:14Z,low,179.689301433,,who.gho.mdg-0000000007,raw/who.gho.mdg-0000000007/2026/09/20260907T160514Z-6205b585146a.json.gz,2
who.gho.mdg-0000000007,MDG_0000000007:BTN:SEX_FMLE:AGEGROUP_YEARSUNDER5:WEALTHQUINTILE_TOTL,1975-01-01,2026-09-07T16:05:14Z,restated_at,2026-08-05,,who.gho.mdg-0000000007,raw/who.gho.mdg-0000000007/2026/09/20260907T160514Z-6205b585146a.json.gz,2
who.gho.mdg-0000000007,MDG_0000000007:BTN:SEX_FMLE:AGEGROUP_YEARSUNDER5:WEALTHQUINTILE_TOTL,1975-01-01,2026-09-07T16:05:14Z,value,223.086716513,,who.gho.mdg-0000000007,raw/who.gho.mdg-0000000007/2026/09/20260907T160514Z-6205b585146a.json.gz,2
who.gho.mdg-0000000007,MDG_0000000007:BTN:SEX_MLE:AGEGROUP_YEARSUNDER5:WEALTHQUINTILE_TOTL,1975-01-01,2026-09-07T16:06:11Z,high,294.398602028,,who.gho.mdg-0000000007,raw/who.gho.mdg-0000000007/2026/09/20260907T160611Z-e868f3030ca5.json.gz,2
who.gho.mdg-0000000007,MDG_0000000007:BTN:SEX_MLE:AGEGROUP_YEARSUNDER5:WEALTHQUINTILE_TOTL,1975-01-01,2026-09-07T16:06:11Z,low,191.40845957,,who.gho.mdg-0000000007,raw/who.gho.mdg-0000000007/2026/09/20260907T160611Z-e868f3030ca5.json.gz,2
who.gho.mdg-0000000007,MDG_0000000007:BTN:SEX_MLE:AGEGROUP_YEARSUNDER5:WEALTHQUINTILE_TOTL,1975-01-01,2026-09-07T16:06:11Z,restated_at,2026-08-05,,who.gho.mdg-0000000007,raw/who.gho.mdg-0000000007/2026/09/20260907T160611Z-e868f3030ca5.json.gz,2
who.gho.mdg-0000000007,MDG_0000000007:BTN:SEX_MLE:AGEGROUP_YEARSUNDER5:WEALTHQUINTILE_TOTL,1975-01-01,2026-09-07T16:06:11Z,value,237.183501907,,who.gho.mdg-0000000007,raw/who.gho.mdg-0000000007/2026/09/20260907T160611Z-e868f3030ca5.json.gz,2
who.gho.mdg-0000000007,MDG_0000000007:BWA:SEX_BTSX:AGEGROUP_YEARSUNDER5:WEALTHQUINTILE_TOTL,1975-01-01,2026-09-07T16:10:24Z,high,116.017406643,,who.gho.mdg-0000000007,raw/who.gho.mdg-0000000007/2026/09/20260907T161024Z-808a2a46070d.json.gz,2
who.gho.mdg-0000000007,MDG_0000000007:BWA:SEX_BTSX:AGEGROUP_YEARSUNDER5:WEALTHQUINTILE_TOTL,1975-01-01,2026-09-07T16:10:24Z,low,86.973809453,,who.gho.mdg-0000000007,raw/who.gho.mdg-0000000007/2026/09/20260907T161024Z-808a2a46070d.json.gz,2
who.gho.mdg-0000000007,MDG_0000000007:BWA:SEX_BTSX:AGEGROUP_YEARSUNDER5:WEALTHQUINTILE_TOTL,1975-01-01,2026-09-07T16:10:24Z,restated_at,2026-08-05,,who.gho.mdg-0000000007,raw/who.gho.mdg-0000000007/2026/09/20260907T161024Z-808a2a46070d.json.gz,2
who.gho.mdg-0000000007,MDG_0000000007:BWA:SEX_BTSX:AGEGROUP_YEARSUNDER5:WEALTHQUINTILE_TOTL,1975-01-01,2026-09-07T16:10:24Z,value,100.378281213,,who.gho.mdg-0000000007,raw/who.gho.mdg-0000000007/2026/09/20260907T161024Z-808a2a46070d.json.gz,2
who.gho.mdg-0000000007,MDG_0000000007:BWA:SEX_FMLE:AGEGROUP_YEARSUNDER5:WEALTHQUINTILE_TOTL,1975-01-01,2026-09-07T16:09:26Z,high,107.482673807,,who.gho.mdg-0000000007,raw/who.gho.mdg-0000000007/2026/09/20260907T160926Z-3ee37906b339.json.gz,2
who.gho.mdg-0000000007,MDG_0000000007:BWA:SEX_FMLE:AGEGROUP_YEARSUNDER5:WEALTHQUINTILE_TOTL,1975-01-01,2026-09-07T16:09:26Z,low,79.587702839,,who.gho.mdg-0000000007,raw/who.gho.mdg-0000000007/2026/09/20260907T160926Z-3ee37906b339.json.gz,2
who.gho.mdg-0000000007,MDG_0000000007:BWA:SEX_FMLE:AGEGROUP_YEARSUNDER5:WEALTHQUINTILE_TOTL,1975-01-01,2026-09-07T16:09:26Z,restated_at,2026-08-05,,who.gho.mdg-0000000007,raw/who.gho.mdg-0000000007/2026/09/20260907T160926Z-3ee37906b339.json.gz,2
who.gho.mdg-0000000007,MDG_0000000007:BWA:SEX_FMLE:AGEGROUP_YEARSUNDER5:WEALTHQUINTILE_TOTL,1975-01-01,2026-09-07T16:09:26Z,value,92.504383295,,who.gho.mdg-0000000007,raw/who.gho.mdg-0000000007/2026/09/20260907T160926Z-3ee37906b339.json.gz,2
who.gho.mdg-0000000007,MDG_0000000007:BWA:SEX_MLE:AGEGROUP_YEARSUNDER5:WEALTHQUINTILE_TOTL,1975-01-01,2026-09-07T16:06:34Z,high,124.954430962,,who.gho.mdg-0000000007,raw/who.gho.mdg-0000000007/2026/09/20260907T160634Z-2774fa4e213c.json.gz,2
who.gho.mdg-0000000007,MDG_0000000007:BWA:SEX_MLE:AGEGROUP_YEARSUNDER5:WEALTHQUINTILE_TOTL,1975-01-01,2026-09-07T16:06:34Z,low,93.148365057,,who.gho.mdg-0000000007,raw/who.gho.mdg-0000000007/2026/09/20260907T160634Z-2774fa4e213c.json.gz,2
who.gho.mdg-0000000007,MDG_0000000007:BWA:SEX_MLE:AGEGROUP_YEARSUNDER5:WEALTHQUINTILE_TOTL,1975-01-01,2026-09-07T16:06:34Z,restated_at,2026-08-05,,who.gho.mdg-0000000007,raw/who.gho.mdg-0000000007/2026/09/20260907T160634Z-2774fa4e213c.json.gz,2
who.gho.mdg-0000000007,MDG_0000000007:BWA:SEX_MLE:AGEGROUP_YEARSUNDER5:WEALTHQUINTILE_TOTL,1975-01-01,2026-09-07T16:06:34Z,value,107.768996093,,who.gho.mdg-0000000007,raw/who.gho.mdg-0000000007/2026/09/20260907T160634Z-2774fa4e213c.json.gz,2
who.gho.mdg-0000000007,MDG_0000000007:CAF:SEX_BTSX:AGEGROUP_YEARSUNDER5:WEALTHQUINTILE_TOTL,1975-01-01,2026-09-07T16:05:26Z,high,234.851315028,,who.gho.mdg-0000000007,raw/who.gho.mdg-0000000007/2026/09/20260907T160526Z-1363df2b3da0.json.gz,2
who.gho.mdg-0000000007,MDG_0000000007:CAF:SEX_BTSX:AGEGROUP_YEARSUNDER5:WEALTHQUINTILE_TOTL,1975-01-01,2026-09-07T16:05:26Z,low,180.971573108,,who.gho.mdg-0000000007,raw/who.gho.mdg-0000000007/2026/09/20260907T160526Z-1363df2b3da0.json.gz,2
who.gho.mdg-0000000007,MDG_0000000007:CAF:SEX_BTSX:AGEGROUP_YEARSUNDER5:WEALTHQUINTILE_TOTL,1975-01-01,2026-09-07T16:05:26Z,restated_at,2026-08-05,,who.gho.mdg-0000000007,raw/who.gho.mdg-0000000007/2026/09/20260907T160526Z-1363df2b3da0.json.gz,2
who.gho.mdg-0000000007,MDG_0000000007:CAF:SEX_BTSX:AGEGROUP_YEARSUNDER5:WEALTHQUINTILE_TOTL,1975-01-01,2026-09-07T16:05:26Z,value,206.185201925,,who.gho.mdg-0000000007,raw/who.gho.mdg-0000000007/2026/09/20260907T160526Z-1363df2b3da0.json.gz,2
who.gho.mdg-0000000007,MDG_0000000007:CAF:SEX_FMLE:AGEGROUP_YEARSUNDER5:WEALTHQUINTILE_TOTL,1975-01-01,2026-09-07T16:05:26Z,high,229.486017088,,who.gho.mdg-0000000007,raw/who.gho.mdg-0000000007/2026/09/20260907T160526Z-1363df2b3da0.json.gz,2
who.gho.mdg-0000000007,MDG_0000000007:CAF:SEX_FMLE:AGEGROUP_YEARSUNDER5:WEALTHQUINTILE_TOTL,1975-01-01,2026-09-07T16:05:26Z,low,175.807509148,,who.gho.mdg-0000000007,raw/who.gho.mdg-0000000007/2026/09/20260907T160526Z-1363df2b3da0.json.gz,2
who.gho.mdg-0000000007,MDG_0000000007:CAF:SEX_FMLE:AGEGROUP_YEARSUNDER5:WEALTHQUINTILE_TOTL,1975-01-01,2026-09-07T16:05:26Z,restated_at,2026-08-05,,who.gho.mdg-0000000007,raw/who.gho.mdg-0000000007/2026/09/20260907T160526Z-1363df2b3da0.json.gz,2
who.gho.mdg-0000000007,MDG_0000000007:CAF:SEX_FMLE:AGEGROUP_YEARSUNDER5:WEALTHQUINTILE_TOTL,1975-01-01,2026-09-07T16:05:26Z,value,200.570964056,,who.gho.mdg-0000000007,raw/who.gho.mdg-0000000007/2026/09/20260907T160526Z-1363df2b3da0.json.gz,2
who.gho.mdg-0000000007,MDG_0000000007:CAF:SEX_MLE:AGEGROUP_YEARSUNDER5:WEALTHQUINTILE_TOTL,1975-01-01,2026-09-07T16:05:18Z,high,241.275559256,,who.gho.mdg-0000000007,raw/who.gho.mdg-0000000007/2026/09/20260907T160518Z-f66c8acba372.json.gz,2
who.gho.mdg-0000000007,MDG_0000000007:CAF:SEX_MLE:AGEGROUP_YEARSUNDER5:WEALTHQUINTILE_TOTL,1975-01-01,2026-09-07T16:05:18Z,low,185.091314911,,who.gho.mdg-0000000007,raw/who.gho.mdg-0000000007/2026/09/20260907T160518Z-f66c8acba372.json.gz,2
who.gho.mdg-0000000007,MDG_0000000007:CAF:SEX_MLE:AGEGROUP_YEARSUNDER5:WEALTHQUINTILE_TOTL,1975-01-01,2026-09-07T16:05:18Z,restated_at,2026-08-05,,who.gho.mdg-0000000007,raw/who.gho.mdg-0000000007/2026/09/20260907T160518Z-f66c8acba372.json.gz,2
who.gho.mdg-0000000007,MDG_0000000007:CAF:SEX_MLE:AGEGROUP_YEARSUNDER5:WEALTHQUINTILE_TOTL,1975-01-01,2026-09-07T16:05:18Z,value,211.248705968,,who.gho.mdg-0000000007,raw/who.gho.mdg-0000000007/2026/09/20260907T160518Z-f66c8acba372.json.gz,2
who.gho.mdg-0000000007,MDG_0000000007:CAN:SEX_BTSX:AGEGROUP_YEARSUNDER5:WEALTHQUINTILE_TOTL,1975-01-01,2026-09-07T16:06:11Z,high,17.261277297,,who.gho.mdg-0000000007,raw/who.gho.mdg-0000000007/2026/09/20260907T160611Z-e868f3030ca5.json.gz,2
who.gho.mdg-0000000007,MDG_0000000007:CAN:SEX_BTSX:AGEGROUP_YEARSUNDER5:WEALTHQUINTILE_TOTL,1975-01-01,2026-09-07T16:06:11Z,low,16.676380742,,who.gho.mdg-0000000007,raw/who.gho.mdg-0000000007/2026/09/20260907T160611Z-e868f3030ca5.json.gz,2
who.gho.mdg-0000000007,MDG_0000000007:CAN:SEX_BTSX:AGEGROUP_YEARSUNDER5:WEALTHQUINTILE_TOTL,1975-01-01,2026-09-07T16:06:11Z,restated_at,2026-08-05,,who.gho.mdg-0000000007,raw/who.gho.mdg-0000000007/2026/09/20260907T160611Z-e868f3030ca5.json.gz,2
who.gho.mdg-0000000007,MDG_0000000007:CAN:SEX_BTSX:AGEGROUP_YEARSUNDER5:WEALTHQUINTILE_TOTL,1975-01-01,2026-09-07T16:06:11Z,value,16.964712543,,who.gho.mdg-0000000007,raw/who.gho.mdg-0000000007/2026/09/20260907T160611Z-e868f3030ca5.json.gz,2
who.gho.mdg-0000000007,MDG_0000000007:CAN:SEX_FMLE:AGEGROUP_YEARSUNDER5:WEALTHQUINTILE_TOTL,1975-01-01,2026-09-07T16:05:01Z,high,15.334232679,,who.gho.mdg-0000000007,raw/who.gho.mdg-0000000007/2026/09/20260907T160501Z-2d19e1a5feef.json.gz,2
who.gho.mdg-0000000007,MDG_0000000007:CAN:SEX_FMLE:AGEGROUP_YEARSUNDER5:WEALTHQUINTILE_TOTL,1975-01-01,2026-09-07T16:05:01Z,low,14.703361856,,who.gho.mdg-0000000007,raw/who.gho.mdg-0000000007/2026/09/20260907T160501Z-2d19e1a5feef.json.gz,2
who.gho.mdg-0000000007,MDG_0000000007:CAN:SEX_FMLE:AGEGROUP_YEARSUNDER5:WEALTHQUINTILE_TOTL,1975-01-01,2026-09-07T16:05:01Z,restated_at,2026-08-05,,who.gho.mdg-0000000007,raw/who.gho.mdg-0000000007/2026/09/20260907T160501Z-2d19e1a5feef.json.gz,2
who.gho.mdg-0000000007,MDG_0000000007:CAN:SEX_FMLE:AGEGROUP_YEARSUNDER5:WEALTHQUINTILE_TOTL,1975-01-01,2026-09-07T16:05:01Z,value,15.01402538,,who.gho.mdg-0000000007,raw/who.gho.mdg-0000000007/2026/09/20260907T160501Z-2d19e1a5feef.json.gz,2
who.gho.mdg-0000000007,MDG_0000000007:CAN:SEX_MLE:AGEGROUP_YEARSUNDER5:WEALTHQUINTILE_TOTL,1975-01-01,2026-09-07T16:05:31Z,high,19.210264788,,who.gho.mdg-0000000007,raw/who.gho.mdg-0000000007/2026/09/20260907T160531Z-a90a9bba0858.json.gz,2
who.gho.mdg-0000000007,MDG_0000000007:CAN:SEX_MLE:AGEGROUP_YEARSUNDER5:WEALTHQUINTILE_TOTL,1975-01-01,2026-09-07T16:05:31Z,low,18.465140849,,who.gho.mdg-0000000007,raw/who.gho.mdg-0000000007/2026/09/20260907T160531Z-a90a9bba0858.json.gz,2
who.gho.mdg-0000000007,MDG_0000000007:CAN:SEX_MLE:AGEGROUP_YEARSUNDER5:WEALTHQUINTILE_TOTL,1975-01-01,2026-09-07T16:05:31Z,restated_at,2026-08-05,,who.gho.mdg-0000000007,raw/who.gho.mdg-0000000007/2026/09/20260907T160531Z-a90a9bba0858.json.gz,2
who.gho.mdg-0000000007,MDG_0000000007:CAN:SEX_MLE:AGEGROUP_YEARSUNDER5:WEALTHQUINTILE_TOTL,1975-01-01,2026-09-07T16:05:31Z,value,18.824543524,,who.gho.mdg-0000000007,raw/who.gho.mdg-0000000007/2026/09/20260907T160531Z-a90a9bba0858.json.gz,2
who.gho.mdg-0000000007,MDG_0000000007:CHE:SEX_BTSX:AGEGROUP_YEARSUNDER5:WEALTHQUINTILE_TOTL,1975-01-01,2026-09-07T16:06:16Z,high,14.138035816,,who.gho.mdg-0000000007,raw/who.gho.mdg-0000000007/2026/09/20260907T160616Z-615f6bfccb87.json.gz,2
who.gho.mdg-0000000007,MDG_0000000007:CHE:SEX_BTSX:AGEGROUP_YEARSUNDER5:WEALTHQUINTILE_TOTL,1975-01-01,2026-09-07T16:06:16Z,low,13.519889761,,who.gho.mdg-0000000007,raw/who.gho.mdg-0000000007/2026/09/20260907T160616Z-615f6bfccb87.json.gz,2
who.gho.mdg-0000000007,MDG_0000000007:CHE:SEX_BTSX:AGEGROUP_YEARSUNDER5:WEALTHQUINTILE_TOTL,1975-01-01,2026-09-07T16:06:16Z,restated_at,2026-08-05,,who.gho.mdg-0000000007,raw/who.gho.mdg-0000000007/2026/09/20260907T160616Z-615f6bfccb87.json.gz,2
who.gho.mdg-0000000007,MDG_0000000007:CHE:SEX_BTSX:AGEGROUP_YEARSUNDER5:WEALTHQUINTILE_TOTL,1975-01-01,2026-09-07T16:06:16Z,value,13.824335291,,who.gho.mdg-0000000007,raw/who.gho.mdg-0000000007/2026/09/20260907T160616Z-615f6bfccb87.json.gz,2
who.gho.mdg-0000000007,MDG_0000000007:CHE:SEX_FMLE:AGEGROUP_YEARSUNDER5:WEALTHQUINTILE_TOTL,1975-01-01,2026-09-07T16:06:21Z,high,12.204267951,,who.gho.mdg-0000000007,raw/who.gho.mdg-0000000007/2026/09/20260907T160621Z-1819ad2538c7.json.gz,2
who.gho.mdg-0000000007,MDG_0000000007:CHE:SEX_FMLE:AGEGROUP_YEARSUNDER5:WEALTHQUINTILE_TOTL,1975-01-01,2026-09-07T16:06:21Z,low,11.50967297,,who.gho.mdg-0000000007,raw/who.gho.mdg-0000000007/2026/09/20260907T160621Z-1819ad2538c7.json.gz,2
who.gho.mdg-0000000007,MDG_0000000007:CHE:SEX_FMLE:AGEGROUP_YEARSUNDER5:WEALTHQUINTILE_TOTL,1975-01-01,2026-09-07T16:06:21Z,restated_at,2026-08-05,,who.gho.mdg-0000000007,raw/who.gho.mdg-0000000007/2026/09/20260907T160621Z-1819ad2538c7.json.gz,2
who.gho.mdg-0000000007,MDG_0000000007:CHE:SEX_FMLE:AGEGROUP_YEARSUNDER5:WEALTHQUINTILE_TOTL,1975-01-01,2026-09-07T16:06:21Z,value,11.857407203,,who.gho.mdg-0000000007,raw/who.gho.mdg-0000000007/2026/09/20260907T160621Z-1819ad2538c7.json.gz,2
who.gho.mdg-0000000007,MDG_0000000007:CHE:SEX_MLE:AGEGROUP_YEARSUNDER5:WEALTHQUINTILE_TOTL,1975-01-01,2026-09-07T16:09:46Z,high,16.101131597,,who.gho.mdg-0000000007,raw/who.gho.mdg-0000000007/2026/09/20260907T160946Z-716d23d235ed.json.gz,2
who.gho.mdg-0000000007,MDG_0000000007:CHE:SEX_MLE:AGEGROUP_YEARSUNDER5:WEALTHQUINTILE_TOTL,1975-01-01,2026-09-07T16:09:46Z,low,15.305840936,,who.gho.mdg-0000000007,raw/who.gho.mdg-0000000007/2026/09/20260907T160946Z-716d23d235ed.json.gz,2
who.gho.mdg-0000000007,MDG_0000000007:CHE:SEX_MLE:AGEGROUP_YEARSUNDER5:WEALTHQUINTILE_TOTL,1975-01-01,2026-09-07T16:09:46Z,restated_at,2026-08-05,,who.gho.mdg-0000000007,raw/who.gho.mdg-0000000007/2026/09/20260907T160946Z-716d23d235ed.json.gz,2
who.gho.mdg-0000000007,MDG_0000000007:CHE:SEX_MLE:AGEGROUP_YEARSUNDER5:WEALTHQUINTILE_TOTL,1975-01-01,2026-09-07T16:09:46Z,value,15.700041586,,who.gho.mdg-0000000007,raw/who.gho.mdg-0000000007/2026/09/20260907T160946Z-716d23d235ed.json.gz,2
who.gho.mdg-0000000007,MDG_0000000007:CHL:SEX_BTSX:AGEGROUP_YEARSUNDER5:WEALTHQUINTILE_TOTL,1975-01-01,2026-09-07T16:08:50Z,high,66.741052616,,who.gho.mdg-0000000007,raw/who.gho.mdg-0000000007/2026/09/20260907T160850Z-957169f3a50e.json.gz,2
who.gho.mdg-0000000007,MDG_0000000007:CHL:SEX_BTSX:AGEGROUP_YEARSUNDER5:WEALTHQUINTILE_TOTL,1975-01-01,2026-09-07T16:08:50Z,low,63.400320863,,who.gho.mdg-0000000007,raw/who.gho.mdg-0000000007/2026/09/20260907T160850Z-957169f3a50e.json.gz,2
who.gho.mdg-0000000007,MDG_0000000007:CHL:SEX_BTSX:AGEGROUP_YEARSUNDER5:WEALTHQUINTILE_TOTL,1975-01-01,2026-09-07T16:08:50Z,restated_at,2026-08-05,,who.gho.mdg-0000000007,raw/who.gho.mdg-0000000007/2026/09/20260907T160850Z-957169f3a50e.json.gz,2
who.gho.mdg-0000000007,MDG_0000000007:CHL:SEX_BTSX:AGEGROUP_YEARSUNDER5:WEALTHQUINTILE_TOTL,1975-01-01,2026-09-07T16:08:50Z,value,65.007899162,,who.gho.mdg-0000000007,raw/who.gho.mdg-0000000007/2026/09/20260907T160850Z-957169f3a50e.json.gz,2
who.gho.mdg-0000000007,MDG_0000000007:CHL:SEX_FMLE:AGEGROUP_YEARSUNDER5:WEALTHQUINTILE_TOTL,1975-01-01,2026-09-07T16:10:03Z,high,60.830595121,,who.gho.mdg-0000000007,raw/who.gho.mdg-0000000007/2026/09/20260907T161003Z-9bcc9b7e7da4.json.gz,2
who.gho.mdg-0000000007,MDG_0000000007:CHL:SEX_FMLE:AGEGROUP_YEARSUNDER5:WEALTHQUINTILE_TOTL,1975-01-01,2026-09-07T16:10:03Z,low,57.621075571,,who.gho.mdg-0000000007,raw/who.gho.mdg-0000000007/2026/09/20260907T161003Z-9bcc9b7e7da4.json.gz,2
who.gho.mdg-0000000007,MDG_0000000007:CHL:SEX_FMLE:AGEGROUP_YEARSUNDER5:WEALTHQUINTILE_TOTL,1975-01-01,2026-09-07T16:10:03Z,restated_at,2026-08-05,,who.gho.mdg-0000000007,raw/who.gho.mdg-0000000007/2026/09/20260907T161003Z-9bcc9b7e7da4.json.gz,2
who.gho.mdg-0000000007,MDG_0000000007:CHL:SEX_FMLE:AGEGROUP_YEARSUNDER5:WEALTHQUINTILE_TOTL,1975-01-01,2026-09-07T16:10:03Z,value,59.169164569,,who.gho.mdg-0000000007,raw/who.gho.mdg-0000000007/2026/09/20260907T161003Z-9bcc9b7e7da4.json.gz,2
who.gho.mdg-0000000007,MDG_0000000007:CHL:SEX_MLE:AGEGROUP_YEARSUNDER5:WEALTHQUINTILE_TOTL,1975-01-01,2026-09-07T16:05:52Z,high,72.544417457,,who.gho.mdg-0000000007,raw/who.gho.mdg-0000000007/2026/09/20260907T160552Z-f44dce2e8a23.json.gz,2
who.gho.mdg-0000000007,MDG_0000000007:CHL:SEX_MLE:AGEGROUP_YEARSUNDER5:WEALTHQUINTILE_TOTL,1975-01-01,2026-09-07T16:05:52Z,low,68.764884859,,who.gho.mdg-0000000007,raw/who.gho.mdg-0000000007/2026/09/20260907T160552Z-f44dce2e8a23.json.gz,2
who.gho.mdg-0000000007,MDG_0000000007:CHL:SEX_MLE:AGEGROUP_YEARSUNDER5:WEALTHQUINTILE_TOTL,1975-01-01,2026-09-07T16:05:52Z,restated_at,2026-08-05,,who.gho.mdg-0000000007,raw/who.gho.mdg-0000000007/2026/09/20260907T160552Z-f44dce2e8a23.json.gz,2
who.gho.mdg-0000000007,MDG_0000000007:CHL:SEX_MLE:AGEGROUP_YEARSUNDER5:WEALTHQUINTILE_TOTL,1975-01-01,2026-09-07T16:05:52Z,value,70.565675521,,who.gho.mdg-0000000007,raw/who.gho.mdg-0000000007/2026/09/20260907T160552Z-f44dce2e8a23.json.gz,2
who.gho.mdg-0000000007,MDG_0000000007:CHN:SEX_BTSX:AGEGROUP_YEARSUNDER5:WEALTHQUINTILE_TOTL,1975-01-01,2026-09-07T16:08:59Z,high,94.261701301,,who.gho.mdg-0000000007,raw/who.gho.mdg-0000000007/2026/09/20260907T160859Z-81b3460c41a8.json.gz,2
who.gho.mdg-0000000007,MDG_0000000007:CHN:SEX_BTSX:AGEGROUP_YEARSUNDER5:WEALTHQUINTILE_TOTL,1975-01-01,2026-09-07T16:08:59Z,low,74.598916101,,who.gho.mdg-0000000007,raw/who.gho.mdg-0000000007/2026/09/20260907T160859Z-81b3460c41a8.json.gz,2
who.gho.mdg-0000000007,MDG_0000000007:CHN:SEX_BTSX:AGEGROUP_YEARSUNDER5:WEALTHQUINTILE_TOTL,1975-01-01,2026-09-07T16:08:59Z,restated_at,2026-08-05,,who.gho.mdg-0000000007,raw/who.gho.mdg-0000000007/2026/09/20260907T160859Z-81b3460c41a8.json.gz,2
who.gho.mdg-0000000007,MDG_0000000007:CHN:SEX_BTSX:AGEGROUP_YEARSUNDER5:WEALTHQUINTILE_TOTL,1975-01-01,2026-09-07T16:08:59Z,value,84.265415801,,who.gho.mdg-0000000007,raw/who.gho.mdg-0000000007/2026/09/20260907T160859Z-81b3460c41a8.json.gz,2
who.gho.mdg-0000000007,MDG_0000000007:CHN:SEX_FMLE:AGEGROUP_YEARSUNDER5:WEALTHQUINTILE_TOTL,1975-01-01,2026-09-07T16:05:35Z,high,91.562103535,,who.gho.mdg-0000000007,raw/who.gho.mdg-0000000007/2026/09/20260907T160535Z-bcafb05f6fe8.json.gz,2
who.gho.mdg-0000000007,MDG_0000000007:CHN:SEX_FMLE:AGEGROUP_YEARSUNDER5:WEALTHQUINTILE_TOTL,1975-01-01,2026-09-07T16:05:35Z,low,71.501558612,,who.gho.mdg-0000000007,raw/who.gho.mdg-0000000007/2026/09/20260907T160535Z-bcafb05f6fe8.json.gz,2
who.gho.mdg-0000000007,MDG_0000000007:CHN:SEX_FMLE:AGEGROUP_YEARSUNDER5:WEALTHQUINTILE_TOTL,1975-01-01,2026-09-07T16:05:35Z,restated_at,2026-08-05,,who.gho.mdg-0000000007,raw/who.gho.mdg-0000000007/2026/09/20260907T160535Z-bcafb05f6fe8.json.gz,2
who.gho.mdg-0000000007,MDG_0000000007:CHN:SEX_FMLE:AGEGROUP_YEARSUNDER5:WEALTHQUINTILE_TOTL,1975-01-01,2026-09-07T16:05:35Z,value,81.178406963,,who.gho.mdg-0000000007,raw/who.gho.mdg-0000000007/2026/09/20260907T160535Z-bcafb05f6fe8.json.gz,2
who.gho.mdg-0000000007,MDG_0000000007:CHN:SEX_MLE:AGEGROUP_YEARSUNDER5:WEALTHQUINTILE_TOTL,1975-01-01,2026-09-07T16:09:03Z,high,97.791352468,,who.gho.mdg-0000000007,raw/who.gho.mdg-0000000007/2026/09/20260907T160903Z-df09845b881e.json.gz,2
who.gho.mdg-0000000007,MDG_0000000007:CHN:SEX_MLE:AGEGROUP_YEARSUNDER5:WEALTHQUINTILE_TOTL,1975-01-01,2026-09-07T16:09:03Z,low,76.932810078,,who.gho.mdg-0000000007,raw/who.gho.mdg-0000000007/2026/09/20260907T160903Z-df09845b881e.json.gz,2
who.gho.mdg-0000000007,MDG_0000000007:CHN:SEX_MLE:AGEGROUP_YEARSUNDER5:WEALTHQUINTILE_TOTL,1975-01-01,2026-09-07T16:09:03Z,restated_at,2026-08-05,,who.gho.mdg-0000000007,raw/who.gho.mdg-0000000007/2026/09/20260907T160903Z-df09845b881e.json.gz,2
who.gho.mdg-0000000007,MDG_0000000007:CHN:SEX_MLE:AGEGROUP_YEARSUNDER5:WEALTHQUINTILE_TOTL,1975-01-01,2026-09-07T16:09:03Z,value,87.294894384,,who.gho.mdg-0000000007,raw/who.gho.mdg-0000000007/2026/09/20260907T160903Z-df09845b881e.json.gz,2
who.gho.mdg-0000000007,MDG_0000000007:CIV:SEX_BTSX:AGEGROUP_YEARSUNDER5:WEALTHQUINTILE_TOTL,1975-01-01,2026-09-07T16:06:21Z,high,224.010043912,,who.gho.mdg-0000000007,raw/who.gho.mdg-0000000007/2026/09/20260907T160621Z-1819ad2538c7.json.gz,2
who.gho.mdg-0000000007,MDG_0000000007:CIV:SEX_BTSX:AGEGROUP_YEARSUNDER5:WEALTHQUINTILE_TOTL,1975-01-01,2026-09-07T16:06:21Z,low,186.871156953,,who.gho.mdg-0000000007,raw/who.gho.mdg-0000000007/2026/09/20260907T160621Z-1819ad2538c7.json.gz,2
who.gho.mdg-0000000007,MDG_0000000007:CIV:SEX_BTSX:AGEGROUP_YEARSUNDER5:WEALTHQUINTILE_TOTL,1975-01-01,2026-09-07T16:06:21Z,restated_at,2026-08-05,,who.gho.mdg-0000000007,raw/who.gho.mdg-0000000007/2026/09/20260907T160621Z-1819ad2538c7.json.gz,2
who.gho.mdg-0000000007,MDG_0000000007:CIV:SEX_BTSX:AGEGROUP_YEARSUNDER5:WEALTHQUINTILE_TOTL,1975-01-01,2026-09-07T16:06:21Z,value,204.501465806,,who.gho.mdg-0000000007,raw/who.gho.mdg-0000000007/2026/09/20260907T160621Z-1819ad2538c7.json.gz,2
who.gho.mdg-0000000007,MDG_0000000007:CIV:SEX_FMLE:AGEGROUP_YEARSUNDER5:WEALTHQUINTILE_TOTL,1975-01-01,2026-09-07T16:10:45Z,high,208.027851407,,who.gho.mdg-0000000007,raw/who.gho.mdg-0000000007/2026/09/20260907T161045Z-53a7d24c459b.json.gz,2
who.gho.mdg-0000000007,MDG_0000000007:CIV:SEX_FMLE:AGEGROUP_YEARSUNDER5:WEALTHQUINTILE_TOTL,1975-01-01,2026-09-07T16:10:45Z,low,172.357891065,,who.gho.mdg-0000000007,raw/who.gho.mdg-0000000007/2026/09/20260907T161045Z-53a7d24c459b.json.gz,2
who.gho.mdg-0000000007,MDG_0000000007:CIV:SEX_FMLE:AGEGROUP_YEARSUNDER5:WEALTHQUINTILE_TOTL,1975-01-01,2026-09-07T16:10:45Z,restated_at,2026-08-05,,who.gho.mdg-0000000007,raw/who.gho.mdg-0000000007/2026/09/20260907T161045Z-53a7d24c459b.json.gz,2
who.gho.mdg-0000000007,MDG_0000000007:CIV:SEX_FMLE:AGEGROUP_YEARSUNDER5:WEALTHQUINTILE_TOTL,1975-01-01,2026-09-07T16:10:45Z,value,189.148133868,,who.gho.mdg-0000000007,raw/who.gho.mdg-0000000007/2026/09/20260907T161045Z-53a7d24c459b.json.gz,2
who.gho.mdg-0000000007,MDG_0000000007:CIV:SEX_MLE:AGEGROUP_YEARSUNDER5:WEALTHQUINTILE_TOTL,1975-01-01,2026-09-07T16:09:38Z,high,240.193233005,,who.gho.mdg-0000000007,raw/who.gho.mdg-0000000007/2026/09/20260907T160938Z-81612038db74.json.gz,2
who.gho.mdg-0000000007,MDG_0000000007:CIV:SEX_MLE:AGEGROUP_YEARSUNDER5:WEALTHQUINTILE_TOTL,1975-01-01,2026-09-07T16:09:38Z,low,200.031788744,,who.gho.mdg-0000000007,raw/who.gho.mdg-0000000007/2026/09/20260907T160938Z-81612038db74.json.gz,2
who.gho.mdg-0000000007,MDG_0000000007:CIV:SEX_MLE:AGEGROUP_YEARSUNDER5:WEALTHQUINTILE_TOTL,1975-01-01,2026-09-07T16:09:38Z,restated_at,2026-08-05,,who.gho.mdg-0000000007,raw/who.gho.mdg-0000000007/2026/09/20260907T160938Z-81612038db74.json.gz,2
who.gho.mdg-0000000007,MDG_0000000007:CIV:SEX_MLE:AGEGROUP_YEARSUNDER5:WEALTHQUINTILE_TOTL,1975-01-01,2026-09-07T16:09:38Z,value,219.115384232,,who.gho.mdg-0000000007,raw/who.gho.mdg-0000000007/2026/09/20260907T160938Z-81612038db74.json.gz,2
who.gho.mdg-0000000007,MDG_0000000007:CMR:SEX_BTSX:AGEGROUP_YEARSUNDER5:WEALTHQUINTILE_TOTL,1975-01-01,2026-09-07T16:09:51Z,high,211.288585701,,who.gho.mdg-0000000007,raw/who.gho.mdg-0000000007/2026/09/20260907T160951Z-f1aadb832125.json.gz,2
who.gho.mdg-0000000007,MDG_0000000007:CMR:SEX_BTSX:AGEGROUP_YEARSUNDER5:WEALTHQUINTILE_TOTL,1975-01-01,2026-09-07T16:09:51Z,low,175.290901121,,who.gho.mdg-0000000007,raw/who.gho.mdg-0000000007/2026/09/20260907T160951Z-f1aadb832125.json.gz,2
who.gho.mdg-0000000007,MDG_0000000007:CMR:SEX_BTSX:AGEGROUP_YEARSUNDER5:WEALTHQUINTILE_TOTL,1975-01-01,2026-09-07T16:09:51Z,restated_at,2026-08-05,,who.gho.mdg-0000000007,raw/who.gho.mdg-0000000007/2026/09/20260907T160951Z-f1aadb832125.json.gz,2
who.gho.mdg-0000000007,MDG_0000000007:CMR:SEX_BTSX:AGEGROUP_YEARSUNDER5:WEALTHQUINTILE_TOTL,1975-01-01,2026-09-07T16:09:51Z,value,192.229550508,,who.gho.mdg-0000000007,raw/who.gho.mdg-0000000007/2026/09/20260907T160951Z-f1aadb832125.json.gz,2
who.gho.mdg-0000000007,MDG_0000000007:CMR:SEX_FMLE:AGEGROUP_YEARSUNDER5:WEALTHQUINTILE_TOTL,1975-01-01,2026-09-07T16:05:09Z,high,201.59686951,,who.gho.mdg-0000000007,raw/who.gho.mdg-0000000007/2026/09/20260907T160509Z-9066130499c7.json.gz,2
who.gho.mdg-0000000007,MDG_0000000007:CMR:SEX_FMLE:AGEGROUP_YEARSUNDER5:WEALTHQUINTILE_TOTL,1975-01-01,2026-09-07T16:05:09Z,low,166.002995934,,who.gho.mdg-0000000007,raw/who.gho.mdg-0000000007/2026/09/20260907T160509Z-9066130499c7.json.gz,2
who.gho.mdg-0000000007,MDG_0000000007:CMR:SEX_FMLE:AGEGROUP_YEARSUNDER5:WEALTHQUINTILE_TOTL,1975-01-01,2026-09-07T16:05:09Z,restated_at,2026-08-05,,who.gho.mdg-0000000007,raw/who.gho.mdg-0000000007/2026/09/20260907T160509Z-9066130499c7.json.gz,2
who.gho.mdg-0000000007,MDG_0000000007:CMR:SEX_FMLE:AGEGROUP_YEARSUNDER5:WEALTHQUINTILE_TOTL,1975-01-01,2026-09-07T16:05:09Z,value,182.650250159,,who.gho.mdg-0000000007,raw/who.gho.mdg-0000000007/2026/09/20260907T160509Z-9066130499c7.json.gz,2
who.gho.mdg-0000000007,MDG_0000000007:CMR:SEX_MLE:AGEGROUP_YEARSUNDER5:WEALTHQUINTILE_TOTL,1975-01-01,2026-09-07T16:10:17Z,high,221.70349333,,who.gho.mdg-0000000007,raw/who.gho.mdg-0000000007/2026/09/20260907T161017Z-ca4dbf4e12d6.json.gz,2
who.gho.mdg-0000000007,MDG_0000000007:CMR:SEX_MLE:AGEGROUP_YEARSUNDER5:WEALTHQUINTILE_TOTL,1975-01-01,2026-09-07T16:10:17Z,low,183.040651902,,who.gho.mdg-0000000007,raw/who.gho.mdg-0000000007/2026/09/20260907T161017Z-ca4dbf4e12d6.json.gz,2
who.gho.mdg-0000000007,MDG_0000000007:CMR:SEX_MLE:AGEGROUP_YEARSUNDER5:WEALTHQUINTILE_TOTL,1975-01-01,2026-09-07T16:10:17Z,restated_at,2026-08-05,,who.gho.mdg-0000000007,raw/who.gho.mdg-0000000007/2026/09/20260907T161017Z-ca4dbf4e12d6.json.gz,2
who.gho.mdg-0000000007,MDG_0000000007:CMR:SEX_MLE:AGEGROUP_YEARSUNDER5:WEALTHQUINTILE_TOTL,1975-01-01,2026-09-07T16:10:17Z,value,201.324757903,,who.gho.mdg-0000000007,raw/who.gho.mdg-0000000007/2026/09/20260907T161017Z-ca4dbf4e12d6.json.gz,2
who.gho.mdg-0000000007,MDG_0000000007:COD:SEX_BTSX:AGEGROUP_YEARSUNDER5:WEALTHQUINTILE_TOTL,1975-01-01,2026-09-07T16:05:48Z,high,274.194746744,,who.gho.mdg-0000000007,raw/who.gho.mdg-0000000007/2026/09/20260907T160548Z-1609a76f5ecc.json.gz,2
who.gho.mdg-0000000007,MDG_0000000007:COD:SEX_BTSX:AGEGROUP_YEARSUNDER5:WEALTHQUINTILE_TOTL,1975-01-01,2026-09-07T16:05:48Z,low,184.388613983,,who.gho.mdg-0000000007,raw/who.gho.mdg-0000000007/2026/09/20260907T160548Z-1609a76f5ecc.json.gz,2
who.gho.mdg-0000000007,MDG_0000000007:COD:SEX_BTSX:AGEGROUP_YEARSUNDER5:WEALTHQUINTILE_TOTL,1975-01-01,2026-09-07T16:05:48Z,restated_at,2026-08-05,,who.gho.mdg-0000000007,raw/who.gho.mdg-0000000007/2026/09/20260907T160548Z-1609a76f5ecc.json.gz,2
who.gho.mdg-0000000007,MDG_0000000007:COD:SEX_BTSX:AGEGROUP_YEARSUNDER5:WEALTHQUINTILE_TOTL,1975-01-01,2026-09-07T16:05:48Z,value,225.975527994,,who.gho.mdg-0000000007,raw/who.gho.mdg-0000000007/2026/09/20260907T160548Z-1609a76f5ecc.json.gz,2
who.gho.mdg-0000000007,MDG_0000000007:COD:SEX_FMLE:AGEGROUP_YEARSUNDER5:WEALTHQUINTILE_TOTL,1975-01-01,2026-09-07T16:06:16Z,high,263.4285755,,who.gho.mdg-0000000007,raw/who.gho.mdg-0000000007/2026/09/20260907T160616Z-615f6bfccb87.json.gz,2
who.gho.mdg-0000000007,MDG_0000000007:COD:SEX_FMLE:AGEGROUP_YEARSUNDER5:WEALTHQUINTILE_TOTL,1975-01-01,2026-09-07T16:06:16Z,low,176.348024686,,who.gho.mdg-0000000007,raw/who.gho.mdg-0000000007/2026/09/20260907T160616Z-615f6bfccb87.json.gz,2
who.gho.mdg-0000000007,MDG_0000000007:COD:SEX_FMLE:AGEGROUP_YEARSUNDER5:WEALTHQUINTILE_TOTL,1975-01-01,2026-09-07T16:06:16Z,restated_at,2026-08-05,,who.gho.mdg-0000000007,raw/who.gho.mdg-0000000007/2026/09/20260907T160616Z-615f6bfccb87.json.gz,2
who.gho.mdg-0000000007,MDG_0000000007:COD:SEX_FMLE:AGEGROUP_YEARSUNDER5:WEALTHQUINTILE_TOTL,1975-01-01,2026-09-07T16:06:16Z,value,216.322177003,,who.gho.mdg-0000000007,raw/who.gho.mdg-0000000007/2026/09/20260907T160616Z-615f6bfccb87.json.gz,2
who.gho.mdg-0000000007,MDG_0000000007:COD:SEX_MLE:AGEGROUP_YEARSUNDER5:WEALTHQUINTILE_TOTL,1975-01-01,2026-09-07T16:11:10Z,high,285.383450591,,who.gho.mdg-0000000007,raw/who.gho.mdg-0000000007/2026/09/20260907T161110Z-9f3e1e4fe296.json.gz,2
who.gho.mdg-0000000007,MDG_0000000007:COD:SEX_MLE:AGEGROUP_YEARSUNDER5:WEALTHQUINTILE_TOTL,1975-01-01,2026-09-07T16:11:10Z,low,192.057971449,,who.gho.mdg-0000000007,raw/who.gho.mdg-0000000007/2026/09/20260907T161110Z-9f3e1e4fe296.json.gz,2
who.gho.mdg-0000000007,MDG_0000000007:COD:SEX_MLE:AGEGROUP_YEARSUNDER5:WEALTHQUINTILE_TOTL,1975-01-01,2026-09-07T16:11:10Z,restated_at,2026-08-05,,who.gho.mdg-0000000007,raw/who.gho.mdg-0000000007/2026/09/20260907T161110Z-9f3e1e4fe296.json.gz,2
who.gho.mdg-0000000007,MDG_0000000007:COD:SEX_MLE:AGEGROUP_YEARSUNDER5:WEALTHQUINTILE_TOTL,1975-01-01,2026-09-07T16:11:10Z,value,234.97553342,,who.gho.mdg-0000000007,raw/who.gho.mdg-0000000007/2026/09/20260907T161110Z-9f3e1e4fe296.json.gz,2
who.gho.mdg-0000000007,MDG_0000000007:COG:SEX_BTSX:AGEGROUP_YEARSUNDER5:WEALTHQUINTILE_TOTL,1975-01-01,2026-09-07T16:06:21Z,high,162.346088075,,who.gho.mdg-0000000007,raw/who.gho.mdg-0000000007/2026/09/20260907T160621Z-1819ad2538c7.json.gz,2
who.gho.mdg-0000000007,MDG_0000000007:COG:SEX_BTSX:AGEGROUP_YEARSUNDER5:WEALTHQUINTILE_TOTL,1975-01-01,2026-09-07T16:06:21Z,low,92.049456334,,who.gho.mdg-0000000007,raw/who.gho.mdg-0000000007/2026/09/20260907T160621Z-1819ad2538c7.json.gz,2
who.gho.mdg-0000000007,MDG_0000000007:COG:SEX_BTSX:AGEGROUP_YEARSUNDER5:WEALTHQUINTILE_TOTL,1975-01-01,2026-09-07T16:06:21Z,restated_at,2026-08-05,,who.gho.mdg-0000000007,raw/who.gho.mdg-0000000007/2026/09/20260907T160621Z-1819ad2538c7.json.gz,2
who.gho.mdg-0000000007,MDG_0000000007:COG:SEX_BTSX:AGEGROUP_YEARSUNDER5:WEALTHQUINTILE_TOTL,1975-01-01,2026-09-07T16:06:21Z,value,120.376492604,,who.gho.mdg-0000000007,raw/who.gho.mdg-0000000007/2026/09/20260907T160621Z-1819ad2538c7.json.gz,2
who.gho.mdg-0000000007,MDG_0000000007:COG:SEX_FMLE:AGEGROUP_YEARSUNDER5:WEALTHQUINTILE_TOTL,1975-01-01,2026-09-07T16:09:03Z,high,155.108604606,,who.gho.mdg-0000000007,raw/who.gho.mdg-0000000007/2026/09/20260907T160903Z-df09845b881e.json.gz,2
who.gho.mdg-0000000007,MDG_0000000007:COG:SEX_FMLE:AGEGROUP_YEARSUNDER5:WEALTHQUINTILE_TOTL,1975-01-01,2026-09-07T16:09:03Z,low,87.240879483,,who.gho.mdg-0000000007,raw/who.gho.mdg-0000000007/2026/09/20260907T160903Z-df09845b881e.json.gz,2
who.gho.mdg-0000000007,MDG_0000000007:COG:SEX_FMLE:AGEGROUP_YEARSUNDER5:WEALTHQUINTILE_TOTL,1975-01-01,2026-09-07T16:09:03Z,restated_at,2026-08-05,,who.gho.mdg-0000000007,raw/who.gho.mdg-0000000007/2026/09/20260907T160903Z-df09845b881e.json.gz,2
who.gho.mdg-0000000007,MDG_0000000007:COG:SEX_FMLE:AGEGROUP_YEARSUNDER5:WEALTHQUINTILE_TOTL,1975-01-01,2026-09-07T16:09:03Z,value,114.60232735,,who.gho.mdg-0000000007,raw/who.gho.mdg-0000000007/2026/09/20260907T160903Z-df09845b881e.json.gz,2
who.gho.mdg-0000000007,MDG_0000000007:COG:SEX_MLE:AGEGROUP_YEARSUNDER5:WEALTHQUINTILE_TOTL,1975-01-01,2026-09-07T16:09:38Z,high,170.270702236,,who.gho.mdg-0000000007,raw/who.gho.mdg-0000000007/2026/09/20260907T160938Z-81612038db74.json.gz,2
who.gho.mdg-0000000007,MDG_0000000007:COG:SEX_MLE:AGEGROUP_YEARSUNDER5:WEALTHQUINTILE_TOTL,1975-01-01,2026-09-07T16:09:38Z,low,96.049241118,,who.gho.mdg-0000000007,raw/who.gho.mdg-0000000007/2026/09/20260907T160938Z-81612038db74.json.gz,2
who.gho.mdg-0000000007,MDG_0000000007:COG:SEX_MLE:AGEGROUP_YEARSUNDER5:WEALTHQUINTILE_TOTL,1975-01-01,2026-09-07T16:09:38Z,restated_at,2026-08-05,,who.gho.mdg-0000000007,raw/who.gho.mdg-0000000007/2026/09/20260907T160938Z-81612038db74.json.gz,2
who.gho.mdg-0000000007,MDG_0000000007:COG:SEX_MLE:AGEGROUP_YEARSUNDER5:WEALTHQUINTILE_TOTL,1975-01-01,2026-09-07T16:09:38Z,value,125.923453176,,who.gho.mdg-0000000007,raw/who.gho.mdg-0000000007/2026/09/20260907T160938Z-81612038db74.json.gz,2
who.gho.mdg-0000000007,MDG_0000000007:COK:SEX_BTSX:AGEGROUP_YEARSUNDER5:WEALTHQUINTILE_TOTL,1975-01-01,2026-09-07T16:10:41Z,high,43.422588014,,who.gho.mdg-0000000007,raw/who.gho.mdg-0000000007/2026/09/20260907T161041Z-4752b74784e1.json.gz,2
who.gho.mdg-0000000007,MDG_0000000007:COK:SEX_BTSX:AGEGROUP_YEARSUNDER5:WEALTHQUINTILE_TOTL,1975-01-01,2026-09-07T16:10:41Z,low,29.446003297,,who.gho.mdg-0000000007,raw/who.gho.mdg-0000000007/2026/09/20260907T161041Z-4752b74784e1.json.gz,2
who.gho.mdg-0000000007,MDG_0000000007:COK:SEX_BTSX:AGEGROUP_YEARSUNDER5:WEALTHQUINTILE_TOTL,1975-01-01,2026-09-07T16:10:41Z,restated_at,2026-08-05,,who.gho.mdg-0000000007,raw/who.gho.mdg-0000000007/2026/09/20260907T161041Z-4752b74784e1.json.gz,2
who.gho.mdg-0000000007,MDG_0000000007:COK:SEX_BTSX:AGEGROUP_YEARSUNDER5:WEALTHQUINTILE_TOTL,1975-01-01,2026-09-07T16:10:41Z,value,35.659214401,,who.gho.mdg-0000000007,raw/who.gho.mdg-0000000007/2026/09/20260907T161041Z-4752b74784e1.json.gz,2
who.gho.mdg-0000000007,MDG_0000000007:COK:SEX_FMLE:AGEGROUP_YEARSUNDER5:WEALTHQUINTILE_TOTL,1975-01-01,2026-09-07T16:05:18Z,high,42.897488845,,who.gho.mdg-0000000007,raw/who.gho.mdg-0000000007/2026/09/20260907T160518Z-f66c8acba372.json.gz,2
who.gho.mdg-0000000007,MDG_0000000007:COK:SEX_FMLE:AGEGROUP_YEARSUNDER5:WEALTHQUINTILE_TOTL,1975-01-01,2026-09-07T16:05:18Z,low,28.772671566,,who.gho.mdg-0000000007,raw/who.gho.mdg-0000000007/2026/09/20260907T160518Z-f66c8acba372.json.gz,2
who.gho.mdg-0000000007,MDG_0000000007:COK:SEX_FMLE:AGEGROUP_YEARSUNDER5:WEALTHQUINTILE_TOTL,1975-01-01,2026-09-07T16:05:18Z,restated_at,2026-08-05,,who.gho.mdg-0000000007,raw/who.gho.mdg-0000000007/2026/09/20260907T160518Z-f66c8acba372.json.gz,2
who.gho.mdg-0000000007,MDG_0000000007:COK:SEX_FMLE:AGEGROUP_YEARSUNDER5:WEALTHQUINTILE_TOTL,1975-01-01,2026-09-07T16:05:18Z,value,35.091121916,,who.gho.mdg-0000000007,raw/who.gho.mdg-0000000007/2026/09/20260907T160518Z-f66c8acba372.json.gz,2
who.gho.mdg-0000000007,MDG_0000000007:COK:SEX_MLE:AGEGROUP_YEARSUNDER5:WEALTHQUINTILE_TOTL,1975-01-01,2026-09-07T16:09:08Z,high,44.275997103,,who.gho.mdg-0000000007,raw/who.gho.mdg-0000000007/2026/09/20260907T160908Z-96acbc2bc7cb.json.gz,2
who.gho.mdg-0000000007,MDG_0000000007:COK:SEX_MLE:AGEGROUP_YEARSUNDER5:WEALTHQUINTILE_TOTL,1975-01-01,2026-09-07T16:09:08Z,low,29.634586159,,who.gho.mdg-0000000007,raw/who.gho.mdg-0000000007/2026/09/20260907T160908Z-96acbc2bc7cb.json.gz,2
who.gho.mdg-0000000007,MDG_0000000007:COK:SEX_MLE:AGEGROUP_YEARSUNDER5:WEALTHQUINTILE_TOTL,1975-01-01,2026-09-07T16:09:08Z,restated_at,2026-08-05,,who.gho.mdg-0000000007,raw/who.gho.mdg-0000000007/2026/09/20260907T160908Z-96acbc2bc7cb.json.gz,2
who.gho.mdg-0000000007,MDG_0000000007:COK:SEX_MLE:AGEGROUP_YEARSUNDER5:WEALTHQUINTILE_TOTL,1975-01-01,2026-09-07T16:09:08Z,value,36.197185273,,who.gho.mdg-0000000007,raw/who.gho.mdg-0000000007/2026/09/20260907T160908Z-96acbc2bc7cb.json.gz,2
who.gho.mdg-0000000007,MDG_0000000007:COL:SEX_BTSX:AGEGROUP_YEARSUNDER5:WEALTHQUINTILE_TOTL,1975-01-01,2026-09-07T16:09:13Z,high,84.265420401,,who.gho.mdg-0000000007,raw/who.gho.mdg-0000000007/2026/09/20260907T160913Z-86e8fac132bd.json.gz,2
who.gho.mdg-0000000007,MDG_0000000007:COL:SEX_BTSX:AGEGROUP_YEARSUNDER5:WEALTHQUINTILE_TOTL,1975-01-01,2026-09-07T16:09:13Z,low,73.267283569,,who.gho.mdg-0000000007,raw/who.gho.mdg-0000000007/2026/09/20260907T160913Z-86e8fac132bd.json.gz,2
who.gho.mdg-0000000007,MDG_0000000007:COL:SEX_BTSX:AGEGROUP_YEARSUNDER5:WEALTHQUINTILE_TOTL,1975-01-01,2026-09-07T16:09:13Z,restated_at,2026-08-05,,who.gho.mdg-0000000007,raw/who.gho.mdg-0000000007/2026/09/20260907T160913Z-86e8fac132bd.json.gz,2
who.gho.mdg-0000000007,MDG_0000000007:COL:SEX_BTSX:AGEGROUP_YEARSUNDER5:WEALTHQUINTILE_TOTL,1975-01-01,2026-09-07T16:09:13Z,value,78.468137628,,who.gho.mdg-0000000007,raw/who.gho.mdg-0000000007/2026/09/20260907T160913Z-86e8fac132bd.json.gz,2
who.gho.mdg-0000000007,MDG_0000000007:COL:SEX_FMLE:AGEGROUP_YEARSUNDER5:WEALTHQUINTILE_TOTL,1975-01-01,2026-09-07T16:11:14Z,high,77.636909228,,who.gho.mdg-0000000007,raw/who.gho.mdg-0000000007/2026/09/20260907T161114Z-c1ae2408f442.json.gz,2
who.gho.mdg-0000000007,MDG_0000000007:COL:SEX_FMLE:AGEGROUP_YEARSUNDER5:WEALTHQUINTILE_TOTL,1975-01-01,2026-09-07T16:11:14Z,low,66.706766309,,who.gho.mdg-0000000007,raw/who.gho.mdg-0000000007/2026/09/20260907T161114Z-c1ae2408f442.json.gz,2
who.gho.mdg-0000000007,MDG_0000000007:COL:SEX_FMLE:AGEGROUP_YEARSUNDER5:WEALTHQUINTILE_TOTL,1975-01-01,2026-09-07T16:11:14Z,restated_at,2026-08-05,,who.gho.mdg-0000000007,raw/who.gho.mdg-0000000007/2026/09/20260907T161114Z-c1ae2408f442.json.gz,2
who.gho.mdg-0000000007,MDG_0000000007:COL:SEX_FMLE:AGEGROUP_YEARSUNDER5:WEALTHQUINTILE_TOTL,1975-01-01,2026-09-07T16:11:14Z,value,71.944852093,,who.gho.mdg-0000000007,raw/who.gho.mdg-0000000007/2026/09/20260907T161114Z-c1ae2408f442.json.gz,2
who.gho.mdg-0000000007,MDG_0000000007:COL:SEX_MLE:AGEGROUP_YEARSUNDER5:WEALTHQUINTILE_TOTL,1975-01-01,2026-09-07T16:09:54Z,high,91.599828297,,who.gho.mdg-0000000007,raw/who.gho.mdg-0000000007/2026/09/20260907T160954Z-3426e3999bb4.json.gz,2
who.gho.mdg-0000000007,MDG_0000000007:COL:SEX_MLE:AGEGROUP_YEARSUNDER5:WEALTHQUINTILE_TOTL,1975-01-01,2026-09-07T16:09:54Z,low,78.763339239,,who.gho.mdg-0000000007,raw/who.gho.mdg-0000000007/2026/09/20260907T160954Z-3426e3999bb4.json.gz,2
who.gho.mdg-0000000007,MDG_0000000007:COL:SEX_MLE:AGEGROUP_YEARSUNDER5:WEALTHQUINTILE_TOTL,1975-01-01,2026-09-07T16:09:54Z,restated_at,2026-08-05,,who.gho.mdg-0000000007,raw/who.gho.mdg-0000000007/2026/09/20260907T160954Z-3426e3999bb4.json.gz,2
who.gho.mdg-0000000007,MDG_0000000007:COL:SEX_MLE:AGEGROUP_YEARSUNDER5:WEALTHQUINTILE_TOTL,1975-01-01,2026-09-07T16:09:54Z,value,84.689007313,,who.gho.mdg-0000000007,raw/who.gho.mdg-0000000007/2026/09/20260907T160954Z-3426e3999bb4.json.gz,2
who.gho.mdg-0000000007,MDG_0000000007:COM:SEX_BTSX:AGEGROUP_YEARSUNDER5:WEALTHQUINTILE_TOTL,1975-01-01,2026-09-07T16:05:57Z,high,238.334860856,,who.gho.mdg-0000000007,raw/who.gho.mdg-0000000007/2026/09/20260907T160557Z-c8e786907d46.json.gz,2
who.gho.mdg-0000000007,MDG_0000000007:COM:SEX_BTSX:AGEGROUP_YEARSUNDER5:WEALTHQUINTILE_TOTL,1975-01-01,2026-09-07T16:05:57Z,low,172.328895205,,who.gho.mdg-0000000007,raw/who.gho.mdg-0000000007/2026/09/20260907T160557Z-c8e786907d46.json.gz,2
who.gho.mdg-0000000007,MDG_0000000007:COM:SEX_BTSX:AGEGROUP_YEARSUNDER5:WEALTHQUINTILE_TOTL,1975-01-01,2026-09-07T16:05:57Z,restated_at,2026-08-05,,who.gho.mdg-0000000007,raw/who.gho.mdg-0000000007/2026/09/20260907T160557Z-c8e786907d46.json.gz,2
who.gho.mdg-0000000007,MDG_0000000007:COM:SEX_BTSX:AGEGROUP_YEARSUNDER5:WEALTHQUINTILE_TOTL,1975-01-01,2026-09-07T16:05:57Z,value,202.657831927,,who.gho.mdg-0000000007,raw/who.gho.mdg-0000000007/2026/09/20260907T160557Z-c8e786907d46.json.gz,2
who.gho.mdg-0000000007,MDG_0000000007:COM:SEX_FMLE:AGEGROUP_YEARSUNDER5:WEALTHQUINTILE_TOTL,1975-01-01,2026-09-07T16:05:22Z,high,229.805977141,,who.gho.mdg-0000000007,raw/who.gho.mdg-0000000007/2026/09/20260907T160522Z-2bd49e664eea.json.gz,2
who.gho.mdg-0000000007,MDG_0000000007:COM:SEX_FMLE:AGEGROUP_YEARSUNDER5:WEALTHQUINTILE_TOTL,1975-01-01,2026-09-07T16:05:22Z,low,165.327367682,,who.gho.mdg-0000000007,raw/who.gho.mdg-0000000007/2026/09/20260907T160522Z-2bd49e664eea.json.gz,2
who.gho.mdg-0000000007,MDG_0000000007:COM:SEX_FMLE:AGEGROUP_YEARSUNDER5:WEALTHQUINTILE_TOTL,1975-01-01,2026-09-07T16:05:22Z,restated_at,2026-08-05,,who.gho.mdg-0000000007,raw/who.gho.mdg-0000000007/2026/09/20260907T160522Z-2bd49e664eea.json.gz,2
who.gho.mdg-0000000007,MDG_0000000007:COM:SEX_FMLE:AGEGROUP_YEARSUNDER5:WEALTHQUINTILE_TOTL,1975-01-01,2026-09-07T16:05:22Z,value,194.492359626,,who.gho.mdg-0000000007,raw/who.gho.mdg-0000000007/2026/09/20260907T160522Z-2bd49e664eea.json.gz,2
who.gho.mdg-0000000007,MDG_0000000007:COM:SEX_MLE:AGEGROUP_YEARSUNDER5:WEALTHQUINTILE_TOTL,1975-01-01,2026-09-07T16:06:29Z,high,247.931785392,,who.gho.mdg-0000000007,raw/who.gho.mdg-0000000007/2026/09/20260907T160629Z-f6ed87825938.json.gz,2
who.gho.mdg-0000000007,MDG_0000000007:COM:SEX_MLE:AGEGROUP_YEARSUNDER5:WEALTHQUINTILE_TOTL,1975-01-01,2026-09-07T16:06:29Z,low,178.716149418,,who.gho.mdg-0000000007,raw/who.gho.mdg-0000000007/2026/09/20260907T160629Z-f6ed87825938.json.gz,2
who.gho.mdg-0000000007,MDG_0000000007:COM:SEX_MLE:AGEGROUP_YEARSUNDER5:WEALTHQUINTILE_TOTL,1975-01-01,2026-09-07T16:06:29Z,restated_at,2026-08-05,,who.gho.mdg-0000000007,raw/who.gho.mdg-0000000007/2026/09/20260907T160629Z-f6ed87825938.json.gz,2
who.gho.mdg-0000000007,MDG_0000000007:COM:SEX_MLE:AGEGROUP_YEARSUNDER5:WEALTHQUINTILE_TOTL,1975-01-01,2026-09-07T16:06:29Z,value,210.276406555,,who.gho.mdg-0000000007,raw/who.gho.mdg-0000000007/2026/09/20260907T160629Z-f6ed87825938.json.gz,2
who.gho.mdg-0000000007,MDG_0000000007:CPV:SEX_BTSX:AGEGROUP_YEARSUNDER5:WEALTHQUINTILE_TOTL,1975-01-01,2026-09-07T16:05:06Z,high,110.29937776,,who.gho.mdg-0000000007,raw/who.gho.mdg-0000000007/2026/09/20260907T160506Z-a219a21e2a4a.json.gz,2
who.gho.mdg-0000000007,MDG_0000000007:CPV:SEX_BTSX:AGEGROUP_YEARSUNDER5:WEALTHQUINTILE_TOTL,1975-01-01,2026-09-07T16:05:06Z,low,81.466830291,,who.gho.mdg-0000000007,raw/who.gho.mdg-0000000007/2026/09/20260907T160506Z-a219a21e2a4a.json.gz,2
who.gho.mdg-0000000007,MDG_0000000007:CPV:SEX_BTSX:AGEGROUP_YEARSUNDER5:WEALTHQUINTILE_TOTL,1975-01-01,2026-09-07T16:05:06Z,restated_at,2026-08-05,,who.gho.mdg-0000000007,raw/who.gho.mdg-0000000007/2026/09/20260907T160506Z-a219a21e2a4a.json.gz,2
who.gho.mdg-0000000007,MDG_0000000007:CPV:SEX_BTSX:AGEGROUP_YEARSUNDER5:WEALTHQUINTILE_TOTL,1975-01-01,2026-09-07T16:05:06Z,value,95.874473287,,who.gho.mdg-0000000007,raw/who.gho.mdg-0000000007/2026/09/20260907T160506Z-a219a21e2a4a.json.gz,2
who.gho.mdg-0000000007,MDG_0000000007:CPV:SEX_FMLE:AGEGROUP_YEARSUNDER5:WEALTHQUINTILE_TOTL,1975-01-01,2026-09-07T16:09:51Z,high,105.277076649,,who.gho.mdg-0000000007,raw/who.gho.mdg-0000000007/2026/09/20260907T160951Z-f1aadb832125.json.gz,2
who.gho.mdg-0000000007,MDG_0000000007:CPV:SEX_FMLE:AGEGROUP_YEARSUNDER5:WEALTHQUINTILE_TOTL,1975-01-01,2026-09-07T16:09:51Z,low,77.146653372,,who.gho.mdg-0000000007,raw/who.gho.mdg-0000000007/2026/09/20260907T160951Z-f1aadb832125.json.gz,2
who.gho.mdg-0000000007,MDG_0000000007:CPV:SEX_FMLE:AGEGROUP_YEARSUNDER5:WEALTHQUINTILE_TOTL,1975-01-01,2026-09-07T16:09:51Z,restated_at,2026-08-05,,who.gho.mdg-0000000007,raw/who.gho.mdg-0000000007/2026/09/20260907T160951Z-f1aadb832125.json.gz,2
who.gho.mdg-0000000007,MDG_0000000007:CPV:SEX_FMLE:AGEGROUP_YEARSUNDER5:WEALTHQUINTILE_TOTL,1975-01-01,2026-09-07T16:09:51Z,value,91.18813043,,who.gho.mdg-0000000007,raw/who.gho.mdg-0000000007/2026/09/20260907T160951Z-f1aadb832125.json.gz,2
who.gho.mdg-0000000007,MDG_0000000007:CPV:SEX_MLE:AGEGROUP_YEARSUNDER5:WEALTHQUINTILE_TOTL,1975-01-01,2026-09-07T16:05:06Z,high,115.641534196,,who.gho.mdg-0000000007,raw/who.gho.mdg-0000000007/2026/09/20260907T160506Z-a219a21e2a4a.json.gz,2
who.gho.mdg-0000000007,MDG_0000000007:CPV:SEX_MLE:AGEGROUP_YEARSUNDER5:WEALTHQUINTILE_TOTL,1975-01-01,2026-09-07T16:05:06Z,low,85.113025801,,who.gho.mdg-0000000007,raw/who.gho.mdg-0000000007/2026/09/20260907T160506Z-a219a21e2a4a.json.gz,2
who.gho.mdg-0000000007,MDG_0000000007:CPV:SEX_MLE:AGEGROUP_YEARSUNDER5:WEALTHQUINTILE_TOTL,1975-01-01,2026-09-07T16:05:06Z,restated_at,2026-08-05,,who.gho.mdg-0000000007,raw/who.gho.mdg-0000000007/2026/09/20260907T160506Z-a219a21e2a4a.json.gz,2
who.gho.mdg-0000000007,MDG_0000000007:CPV:SEX_MLE:AGEGROUP_YEARSUNDER5:WEALTHQUINTILE_TOTL,1975-01-01,2026-09-07T16:05:06Z,value,100.351291687,,who.gho.mdg-0000000007,raw/who.gho.mdg-0000000007/2026/09/20260907T160506Z-a219a21e2a4a.json.gz,2
who.gho.mdg-0000000007,MDG_0000000007:CRI:SEX_BTSX:AGEGROUP_YEARSUNDER5:WEALTHQUINTILE_TOTL,1975-01-01,2026-09-07T16:10:07Z,high,46.181395322,,who.gho.mdg-0000000007,raw/who.gho.mdg-0000000007/2026/09/20260907T161007Z-28c6cde3082c.json.gz,2
who.gho.mdg-0000000007,MDG_0000000007:CRI:SEX_BTSX:AGEGROUP_YEARSUNDER5:WEALTHQUINTILE_TOTL,1975-01-01,2026-09-07T16:10:07Z,low,44.524762514,,who.gho.mdg-0000000007,raw/who.gho.mdg-0000000007/2026/09/20260907T161007Z-28c6cde3082c.json.gz,2
who.gho.mdg-0000000007,MDG_0000000007:CRI:SEX_BTSX:AGEGROUP_YEARSUNDER5:WEALTHQUINTILE_TOTL,1975-01-01,2026-09-07T16:10:07Z,restated_at,2026-08-05,,who.gho.mdg-0000000007,raw/who.gho.mdg-0000000007/2026/09/20260907T161007Z-28c6cde3082c.json.gz,2
who.gho.mdg-0000000007,MDG_0000000007:CRI:SEX_BTSX:AGEGROUP_YEARSUNDER5:WEALTHQUINTILE_TOTL,1975-01-01,2026-09-07T16:10:07Z,value,45.364518929,,who.gho.mdg-0000000007,raw/who.gho.mdg-0000000007/2026/09/20260907T161007Z-28c6cde3082c.json.gz,2
who.gho.mdg-0000000007,MDG_0000000007:CRI:SEX_FMLE:AGEGROUP_YEARSUNDER5:WEALTHQUINTILE_TOTL,1975-01-01,2026-09-07T16:09:59Z,high,41.574554985,,who.gho.mdg-0000000007,raw/who.gho.mdg-0000000007/2026/09/20260907T160959Z-e41937f31aea.json.gz,2
who.gho.mdg-0000000007,MDG_0000000007:CRI:SEX_FMLE:AGEGROUP_YEARSUNDER5:WEALTHQUINTILE_TOTL,1975-01-01,2026-09-07T16:09:59Z,low,39.698000099,,who.gho.mdg-0000000007,raw/who.gho.mdg-0000000007/2026/09/20260907T160959Z-e41937f31aea.json.gz,2
who.gho.mdg-0000000007,MDG_0000000007:CRI:SEX_FMLE:AGEGROUP_YEARSUNDER5:WEALTHQUINTILE_TOTL,1975-01-01,2026-09-07T16:09:59Z,restated_at,2026-08-05,,who.gho.mdg-0000000007,raw/who.gho.mdg-0000000007/2026/09/20260907T160959Z-e41937f31aea.json.gz,2
who.gho.mdg-0000000007,MDG_0000000007:CRI:SEX_FMLE:AGEGROUP_YEARSUNDER5:WEALTHQUINTILE_TOTL,1975-01-01,2026-09-07T16:09:59Z,value,40.629877717,,who.gho.mdg-0000000007,raw/who.gho.mdg-0000000007/2026/09/20260907T160959Z-e41937f31aea.json.gz,2
who.gho.mdg-0000000007,MDG_0000000007:CRI:SEX_MLE:AGEGROUP_YEARSUNDER5:WEALTHQUINTILE_TOTL,1975-01-01,2026-09-07T16:10:53Z,high,50.915923085,,who.gho.mdg-0000000007,raw/who.gho.mdg-0000000007/2026/09/20260907T161053Z-9a5808e2a757.json.gz,2
who.gho.mdg-0000000007,MDG_0000000007:CRI:SEX_MLE:AGEGROUP_YEARSUNDER5:WEALTHQUINTILE_TOTL,1975-01-01,2026-09-07T16:10:53Z,low,48.784317877,,who.gho.mdg-0000000007,raw/who.gho.mdg-0000000007/2026/09/20260907T161053Z-9a5808e2a757.json.gz,2
who.gho.mdg-0000000007,MDG_0000000007:CRI:SEX_MLE:AGEGROUP_YEARSUNDER5:WEALTHQUINTILE_TOTL,1975-01-01,2026-09-07T16:10:53Z,restated_at,2026-08-05,,who.gho.mdg-0000000007,raw/who.gho.mdg-0000000007/2026/09/20260907T161053Z-9a5808e2a757.json.gz,2
who.gho.mdg-0000000007,MDG_0000000007:CRI:SEX_MLE:AGEGROUP_YEARSUNDER5:WEALTHQUINTILE_TOTL,1975-01-01,2026-09-07T16:10:53Z,value,49.870748655,,who.gho.mdg-0000000007,raw/who.gho.mdg-0000000007/2026/09/20260907T161053Z-9a5808e2a757.json.gz,2
who.gho.mdg-0000000007,MDG_0000000007:CUB:SEX_BTSX:AGEGROUP_YEARSUNDER5:WEALTHQUINTILE_TOTL,1975-01-01,2026-09-07T16:06:21Z,high,33.163748501,,who.gho.mdg-0000000007,raw/who.gho.mdg-0000000007/2026/09/20260907T160621Z-1819ad2538c7.json.gz,2
who.gho.mdg-0000000007,MDG_0000000007:CUB:SEX_BTSX:AGEGROUP_YEARSUNDER5:WEALTHQUINTILE_TOTL,1975-01-01,2026-09-07T16:06:21Z,low,26.083889625,,who.gho.mdg-0000000007,raw/who.gho.mdg-0000000007/2026/09/20260907T160621Z-1819ad2538c7.json.gz,2
who.gho.mdg-0000000007,MDG_0000000007:CUB:SEX_BTSX:AGEGROUP_YEARSUNDER5:WEALTHQUINTILE_TOTL,1975-01-01,2026-09-07T16:06:21Z,restated_at,2026-08-05,,who.gho.mdg-0000000007,raw/who.gho.mdg-0000000007/2026/09/20260907T160621Z-1819ad2538c7.json.gz,2
who.gho.mdg-0000000007,MDG_0000000007:CUB:SEX_BTSX:AGEGROUP_YEARSUNDER5:WEALTHQUINTILE_TOTL,1975-01-01,2026-09-07T16:06:21Z,value,29.425552798,,who.gho.mdg-0000000007,raw/who.gho.mdg-0000000007/2026/09/20260907T160621Z-1819ad2538c7.json.gz,2
who.gho.mdg-0000000007,MDG_0000000007:CUB:SEX_FMLE:AGEGROUP_YEARSUNDER5:WEALTHQUINTILE_TOTL,1975-01-01,2026-09-07T16:11:14Z,high,29.602954983,,who.gho.mdg-0000000007,raw/who.gho.mdg-0000000007/2026/09/20260907T161114Z-c1ae2408f442.json.gz,2
who.gho.mdg-0000000007,MDG_0000000007:CUB:SEX_FMLE:AGEGROUP_YEARSUNDER5:WEALTHQUINTILE_TOTL,1975-01-01,2026-09-07T16:11:14Z,low,23.261714544,,who.gho.mdg-0000000007,raw/who.gho.mdg-0000000007/2026/09/20260907T161114Z-c1ae2408f442.json.gz,2
who.gho.mdg-0000000007,MDG_0000000007:CUB:SEX_FMLE:AGEGROUP_YEARSUNDER5:WEALTHQUINTILE_TOTL,1975-01-01,2026-09-07T16:11:14Z,restated_at,2026-08-05,,who.gho.mdg-0000000007,raw/who.gho.mdg-0000000007/2026/09/20260907T161114Z-c1ae2408f442.json.gz,2
who.gho.mdg-0000000007,MDG_0000000007:CUB:SEX_FMLE:AGEGROUP_YEARSUNDER5:WEALTHQUINTILE_TOTL,1975-01-01,2026-09-07T16:11:14Z,value,26.264927467,,who.gho.mdg-0000000007,raw/who.gho.mdg-0000000007/2026/09/20260907T161114Z-c1ae2408f442.json.gz,2
who.gho.mdg-0000000007,MDG_0000000007:CUB:SEX_MLE:AGEGROUP_YEARSUNDER5:WEALTHQUINTILE_TOTL,1975-01-01,2026-09-07T16:10:58Z,high,36.545708069,,who.gho.mdg-0000000007,raw/who.gho.mdg-0000000007/2026/09/20260907T161058Z-4d8f6ed35960.json.gz,2
who.gho.mdg-0000000007,MDG_0000000007:CUB:SEX_MLE:AGEGROUP_YEARSUNDER5:WEALTHQUINTILE_TOTL,1975-01-01,2026-09-07T16:10:58Z,low,28.742452471,,who.gho.mdg-0000000007,raw/who.gho.mdg-0000000007/2026/09/20260907T161058Z-4d8f6ed35960.json.gz,2
who.gho.mdg-0000000007,MDG_0000000007:CUB:SEX_MLE:AGEGROUP_YEARSUNDER5:WEALTHQUINTILE_TOTL,1975-01-01,2026-09-07T16:10:58Z,restated_at,2026-08-05,,who.gho.mdg-0000000007,raw/who.gho.mdg-0000000007/2026/09/20260907T161058Z-4d8f6ed35960.json.gz,2
who.gho.mdg-0000000007,MDG_0000000007:CUB:SEX_MLE:AGEGROUP_YEARSUNDER5:WEALTHQUINTILE_TOTL,1975-01-01,2026-09-07T16:10:58Z,value,32.438990824,,who.gho.mdg-0000000007,raw/who.gho.mdg-0000000007/2026/09/20260907T161058Z-4d8f6ed35960.json.gz,2
who.gho.mdg-0000000007,MDG_0000000007:CYP:SEX_BTSX:AGEGROUP_YEARSUNDER5:WEALTHQUINTILE_TOTL,1975-01-01,2026-09-07T16:09:13Z,high,36.891301612,,who.gho.mdg-0000000007,raw/who.gho.mdg-0000000007/2026/09/20260907T160913Z-86e8fac132bd.json.gz,2
who.gho.mdg-0000000007,MDG_0000000007:CYP:SEX_BTSX:AGEGROUP_YEARSUNDER5:WEALTHQUINTILE_TOTL,1975-01-01,2026-09-07T16:09:13Z,low,31.651685558,,who.gho.mdg-0000000007,raw/who.gho.mdg-0000000007/2026/09/20260907T160913Z-86e8fac132bd.json.gz,2
who.gho.mdg-0000000007,MDG_0000000007:CYP:SEX_BTSX:AGEGROUP_YEARSUNDER5:WEALTHQUINTILE_TOTL,1975-01-01,2026-09-07T16:09:13Z,restated_at,2026-08-05,,who.gho.mdg-0000000007,raw/who.gho.mdg-0000000007/2026/09/20260907T160913Z-86e8fac132bd.json.gz,2
who.gho.mdg-0000000007,MDG_0000000007:CYP:SEX_BTSX:AGEGROUP_YEARSUNDER5:WEALTHQUINTILE_TOTL,1975-01-01,2026-09-07T16:09:13Z,value,34.098096703,,who.gho.mdg-0000000007,raw/who.gho.mdg-0000000007/2026/09/20260907T160913Z-86e8fac132bd.json.gz,2
who.gho.mdg-0000000007,MDG_0000000007:CYP:SEX_FMLE:AGEGROUP_YEARSUNDER5:WEALTHQUINTILE_TOTL,1975-01-01,2026-09-07T16:09:46Z,high,33.460463296,,who.gho.mdg-0000000007,raw/who.gho.mdg-0000000007/2026/09/20260907T160946Z-716d23d235ed.json.gz,2
who.gho.mdg-0000000007,MDG_0000000007:CYP:SEX_FMLE:AGEGROUP_YEARSUNDER5:WEALTHQUINTILE_TOTL,1975-01-01,2026-09-07T16:09:46Z,low,28.293879939,,who.gho.mdg-0000000007,raw/who.gho.mdg-0000000007/2026/09/20260907T160946Z-716d23d235ed.json.gz,2
who.gho.mdg-0000000007,MDG_0000000007:CYP:SEX_FMLE:AGEGROUP_YEARSUNDER5:WEALTHQUINTILE_TOTL,1975-01-01,2026-09-07T16:09:46Z,restated_at,2026-08-05,,who.gho.mdg-0000000007,raw/who.gho.mdg-0000000007/2026/09/20260907T160946Z-716d23d235ed.json.gz,2
who.gho.mdg-0000000007,MDG_0000000007:CYP:SEX_FMLE:AGEGROUP_YEARSUNDER5:WEALTHQUINTILE_TOTL,1975-01-01,2026-09-07T16:09:46Z,value,30.722273119,,who.gho.mdg-0000000007,raw/who.gho.mdg-0000000007/2026/09/20260907T160946Z-716d23d235ed.json.gz,2
who.gho.mdg-0000000007,MDG_0000000007:CYP:SEX_MLE:AGEGROUP_YEARSUNDER5:WEALTHQUINTILE_TOTL,1975-01-01,2026-09-07T16:08:38Z,high,40.527641329,,who.gho.mdg-0000000007,raw/who.gho.mdg-0000000007/2026/09/20260907T160838Z-ad9f959b97c6.json.gz,2
who.gho.mdg-0000000007,MDG_0000000007:CYP:SEX_MLE:AGEGROUP_YEARSUNDER5:WEALTHQUINTILE_TOTL,1975-01-01,2026-09-07T16:08:38Z,low,34.416057791,,who.gho.mdg-0000000007,raw/who.gho.mdg-0000000007/2026/09/20260907T160838Z-ad9f959b97c6.json.gz,2
who.gho.mdg-0000000007,MDG_0000000007:CYP:SEX_MLE:AGEGROUP_YEARSUNDER5:WEALTHQUINTILE_TOTL,1975-01-01,2026-09-07T16:08:38Z,restated_at,2026-08-05,,who.gho.mdg-0000000007,raw/who.gho.mdg-0000000007/2026/09/20260907T160838Z-ad9f959b97c6.json.gz,2
who.gho.mdg-0000000007,MDG_0000000007:CYP:SEX_MLE:AGEGROUP_YEARSUNDER5:WEALTHQUINTILE_TOTL,1975-01-01,2026-09-07T16:08:38Z,value,37.273751694,,who.gho.mdg-0000000007,raw/who.gho.mdg-0000000007/2026/09/20260907T160838Z-ad9f959b97c6.json.gz,2
who.gho.mdg-0000000007,MDG_0000000007:CZE:SEX_BTSX:AGEGROUP_YEARSUNDER5:WEALTHQUINTILE_TOTL,1975-01-01,2026-09-07T16:05:57Z,high,23.102007837,,who.gho.mdg-0000000007,raw/who.gho.mdg-0000000007/2026/09/20260907T160557Z-c8e786907d46.json.gz,2
who.gho.mdg-0000000007,MDG_0000000007:CZE:SEX_BTSX:AGEGROUP_YEARSUNDER5:WEALTHQUINTILE_TOTL,1975-01-01,2026-09-07T16:05:57Z,low,20.236736914,,who.gho.mdg-0000000007,raw/who.gho.mdg-0000000007/2026/09/20260907T160557Z-c8e786907d46.json.gz,2
who.gho.mdg-0000000007,MDG_0000000007:CZE:SEX_BTSX:AGEGROUP_YEARSUNDER5:WEALTHQUINTILE_TOTL,1975-01-01,2026-09-07T16:05:57Z,restated_at,2026-08-05,,who.gho.mdg-0000000007,raw/who.gho.mdg-0000000007/2026/09/20260907T160557Z-c8e786907d46.json.gz,2
who.gho.mdg-0000000007,MDG_0000000007:CZE:SEX_BTSX:AGEGROUP_YEARSUNDER5:WEALTHQUINTILE_TOTL,1975-01-01,2026-09-07T16:05:57Z,value,21.594646117,,who.gho.mdg-0000000007,raw/who.gho.mdg-0000000007/2026/09/20260907T160557Z-c8e786907d46.json.gz,2
who.gho.mdg-0000000007,MDG_0000000007:CZE:SEX_FMLE:AGEGROUP_YEARSUNDER5:WEALTHQUINTILE_TOTL,1975-01-01,2026-09-07T16:09:26Z,high,19.642063163,,who.gho.mdg-0000000007,raw/who.gho.mdg-0000000007/2026/09/20260907T160926Z-3ee37906b339.json.gz,2
who.gho.mdg-0000000007,MDG_0000000007:CZE:SEX_FMLE:AGEGROUP_YEARSUNDER5:WEALTHQUINTILE_TOTL,1975-01-01,2026-09-07T16:09:26Z,low,16.904782892,,who.gho.mdg-0000000007,raw/who.gho.mdg-0000000007/2026/09/20260907T160926Z-3ee37906b339.json.gz,2
who.gho.mdg-0000000007,MDG_0000000007:CZE:SEX_FMLE:AGEGROUP_YEARSUNDER5:WEALTHQUINTILE_TOTL,1975-01-01,2026-09-07T16:09:26Z,restated_at,2026-08-05,,who.gho.mdg-0000000007,raw/who.gho.mdg-0000000007/2026/09/20260907T160926Z-3ee37906b339.json.gz,2
who.gho.mdg-0000000007,MDG_0000000007:CZE:SEX_FMLE:AGEGROUP_YEARSUNDER5:WEALTHQUINTILE_TOTL,1975-01-01,2026-09-07T16:09:26Z,value,18.199404027,,who.gho.mdg-0000000007,raw/who.gho.mdg-0000000007/2026/09/20260907T160926Z-3ee37906b339.json.gz,2
who.gho.mdg-0000000007,MDG_0000000007:CZE:SEX_MLE:AGEGROUP_YEARSUNDER5:WEALTHQUINTILE_TOTL,1975-01-01,2026-09-07T16:09:41Z,high,26.636633237,,who.gho.mdg-0000000007,raw/who.gho.mdg-0000000007/2026/09/20260907T160941Z-845bd0fc2e92.json.gz,2
who.gho.mdg-0000000007,MDG_0000000007:CZE:SEX_MLE:AGEGROUP_YEARSUNDER5:WEALTHQUINTILE_TOTL,1975-01-01,2026-09-07T16:09:41Z,low,23.159502888,,who.gho.mdg-0000000007,raw/who.gho.mdg-0000000007/2026/09/20260907T160941Z-845bd0fc2e92.json.gz,2
who.gho.mdg-0000000007,MDG_0000000007:CZE:SEX_MLE:AGEGROUP_YEARSUNDER5:WEALTHQUINTILE_TOTL,1975-01-01,2026-09-07T16:09:41Z,restated_at,2026-08-05,,who.gho.mdg-0000000007,raw/who.gho.mdg-0000000007/2026/09/20260907T160941Z-845bd0fc2e92.json.gz,2
who.gho.mdg-0000000007,MDG_0000000007:CZE:SEX_MLE:AGEGROUP_YEARSUNDER5:WEALTHQUINTILE_TOTL,1975-01-01,2026-09-07T16:09:41Z,value,24.820348716,,who.gho.mdg-0000000007,raw/who.gho.mdg-0000000007/2026/09/20260907T160941Z-845bd0fc2e92.json.gz,2
who.gho.mdg-0000000007,MDG_0000000007:DEU:SEX_BTSX:AGEGROUP_YEARSUNDER5:WEALTHQUINTILE_TOTL,1975-01-01,2026-09-07T16:05:38Z,high,21.209052413,,who.gho.mdg-0000000007,raw/who.gho.mdg-0000000007/2026/09/20260907T160538Z-28a5f6808180.json.gz,2
who.gho.mdg-0000000007,MDG_0000000007:DEU:SEX_BTSX:AGEGROUP_YEARSUNDER5:WEALTHQUINTILE_TOTL,1975-01-01,2026-09-07T16:05:38Z,low,20.429826272,,who.gho.mdg-0000000007,raw/who.gho.mdg-0000000007/2026/09/20260907T160538Z-28a5f6808180.json.gz,2
who.gho.mdg-0000000007,MDG_0000000007:DEU:SEX_BTSX:AGEGROUP_YEARSUNDER5:WEALTHQUINTILE_TOTL,1975-01-01,2026-09-07T16:05:38Z,restated_at,2026-08-05,,who.gho.mdg-0000000007,raw/who.gho.mdg-0000000007/2026/09/20260907T160538Z-28a5f6808180.json.gz,2
who.gho.mdg-0000000007,MDG_0000000007:DEU:SEX_BTSX:AGEGROUP_YEARSUNDER5:WEALTHQUINTILE_TOTL,1975-01-01,2026-09-07T16:05:38Z,value,20.81758039,,who.gho.mdg-0000000007,raw/who.gho.mdg-0000000007/2026/09/20260907T160538Z-28a5f6808180.json.gz,2
who.gho.mdg-0000000007,MDG_0000000007:DEU:SEX_FMLE:AGEGROUP_YEARSUNDER5:WEALTHQUINTILE_TOTL,1975-01-01,2026-09-07T16:10:07Z,high,18.375990055,,who.gho.mdg-0000000007,raw/who.gho.mdg-0000000007/2026/09/20260907T161007Z-28c6cde3082c.json.gz,2
who.gho.mdg-0000000007,MDG_0000000007:DEU:SEX_FMLE:AGEGROUP_YEARSUNDER5:WEALTHQUINTILE_TOTL,1975-01-01,2026-09-07T16:10:07Z,low,17.623376075,,who.gho.mdg-0000000007,raw/who.gho.mdg-0000000007/2026/09/20260907T161007Z-28c6cde3082c.json.gz,2
who.gho.mdg-0000000007,MDG_0000000007:DEU:SEX_FMLE:AGEGROUP_YEARSUNDER5:WEALTHQUINTILE_TOTL,1975-01-01,2026-09-07T16:10:07Z,restated_at,2026-08-05,,who.gho.mdg-0000000007,raw/who.gho.mdg-0000000007/2026/09/20260907T161007Z-28c6cde3082c.json.gz,2
who.gho.mdg-0000000007,MDG_0000000007:DEU:SEX_FMLE:AGEGROUP_YEARSUNDER5:WEALTHQUINTILE_TOTL,1975-01-01,2026-09-07T16:10:07Z,value,17.996490879,,who.gho.mdg-0000000007,raw/who.gho.mdg-0000000007/2026/09/20260907T161007Z-28c6cde3082c.json.gz,2
who.gho.mdg-0000000007,MDG_0000000007:DEU:SEX_MLE:AGEGROUP_YEARSUNDER5:WEALTHQUINTILE_TOTL,1975-01-01,2026-09-07T16:06:07Z,high,23.98017067,,who.gho.mdg-0000000007,raw/who.gho.mdg-0000000007/2026/09/20260907T160607Z-9445f1b065fa.json.gz,2
who.gho.mdg-0000000007,MDG_0000000007:DEU:SEX_MLE:AGEGROUP_YEARSUNDER5:WEALTHQUINTILE_TOTL,1975-01-01,2026-09-07T16:06:07Z,low,23.039298605,,who.gho.mdg-0000000007,raw/who.gho.mdg-0000000007/2026/09/20260907T160607Z-9445f1b065fa.json.gz,2
who.gho.mdg-0000000007,MDG_0000000007:DEU:SEX_MLE:AGEGROUP_YEARSUNDER5:WEALTHQUINTILE_TOTL,1975-01-01,2026-09-07T16:06:07Z,restated_at,2026-08-05,,who.gho.mdg-0000000007,raw/who.gho.mdg-0000000007/2026/09/20260907T160607Z-9445f1b065fa.json.gz,2
who.gho.mdg-0000000007,MDG_0000000007:DEU:SEX_MLE:AGEGROUP_YEARSUNDER5:WEALTHQUINTILE_TOTL,1975-01-01,2026-09-07T16:06:07Z,value,23.499312985,,who.gho.mdg-0000000007,raw/who.gho.mdg-0000000007/2026/09/20260907T160607Z-9445f1b065fa.json.gz,2
who.gho.mdg-0000000007,MDG_0000000007:DMA:SEX_BTSX:AGEGROUP_YEARSUNDER5:WEALTHQUINTILE_TOTL,1975-01-01,2026-09-07T16:09:30Z,high,37.890338348,,who.gho.mdg-0000000007,raw/who.gho.mdg-0000000007/2026/09/20260907T160930Z-3a49f2d0e7d2.json.gz,2
who.gho.mdg-0000000007,MDG_0000000007:DMA:SEX_BTSX:AGEGROUP_YEARSUNDER5:WEALTHQUINTILE_TOTL,1975-01-01,2026-09-07T16:09:30Z,low,34.532956493,,who.gho.mdg-0000000007,raw/who.gho.mdg-0000000007/2026/09/20260907T160930Z-3a49f2d0e7d2.json.gz,2
who.gho.mdg-0000000007,MDG_0000000007:DMA:SEX_BTSX:AGEGROUP_YEARSUNDER5:WEALTHQUINTILE_TOTL,1975-01-01,2026-09-07T16:09:30Z,restated_at,2026-08-05,,who.gho.mdg-0000000007,raw/who.gho.mdg-0000000007/2026/09/20260907T160930Z-3a49f2d0e7d2.json.gz,2
who.gho.mdg-0000000007,MDG_0000000007:DMA:SEX_BTSX:AGEGROUP_YEARSUNDER5:WEALTHQUINTILE_TOTL,1975-01-01,2026-09-07T16:09:30Z,value,36.182438844,,who.gho.mdg-0000000007,raw/who.gho.mdg-0000000007/2026/09/20260907T160930Z-3a49f2d0e7d2.json.gz,2
who.gho.mdg-0000000007,MDG_0000000007:DMA:SEX_FMLE:AGEGROUP_YEARSUNDER5:WEALTHQUINTILE_TOTL,1975-01-01,2026-09-07T16:05:14Z,high,36.018684466,,who.gho.mdg-0000000007,raw/who.gho.mdg-0000000007/2026/09/20260907T160514Z-6205b585146a.json.gz,2
who.gho.mdg-0000000007,MDG_0000000007:DMA:SEX_FMLE:AGEGROUP_YEARSUNDER5:WEALTHQUINTILE_TOTL,1975-01-01,2026-09-07T16:05:14Z,low,32.040628893,,who.gho.mdg-0000000007,raw/who.gho.mdg-0000000007/2026/09/20260907T160514Z-6205b585146a.json.gz,2
who.gho.mdg-0000000007,MDG_0000000007:DMA:SEX_FMLE:AGEGROUP_YEARSUNDER5:WEALTHQUINTILE_TOTL,1975-01-01,2026-09-07T16:05:14Z,restated_at,2026-08-05,,who.gho.mdg-0000000007,raw/who.gho.mdg-0000000007/2026/09/20260907T160514Z-6205b585146a.json.gz,2
who.gho.mdg-0000000007,MDG_0000000007:DMA:SEX_FMLE:AGEGROUP_YEARSUNDER5:WEALTHQUINTILE_TOTL,1975-01-01,2026-09-07T16:05:14Z,value,34.007980995,,who.gho.mdg-0000000007,raw/who.gho.mdg-0000000007/2026/09/20260907T160514Z-6205b585146a.json.gz,2
who.gho.mdg-0000000007,MDG_0000000007:DMA:SEX_MLE:AGEGROUP_YEARSUNDER5:WEALTHQUINTILE_TOTL,1975-01-01,2026-09-07T16:04:52Z,high,40.348160428,,who.gho.mdg-0000000007,raw/who.gho.mdg-0000000007/2026/09/20260907T160452Z-cad637d9cec2.json.gz,2
who.gho.mdg-0000000007,MDG_0000000007:DMA:SEX_MLE:AGEGROUP_YEARSUNDER5:WEALTHQUINTILE_TOTL,1975-01-01,2026-09-07T16:04:52Z,low,36.209851572,,who.gho.mdg-0000000007,raw/who.gho.mdg-0000000007/2026/09/20260907T160452Z-cad637d9cec2.json.gz,2
who.gho.mdg-0000000007,MDG_0000000007:DMA:SEX_MLE:AGEGROUP_YEARSUNDER5:WEALTHQUINTILE_TOTL,1975-01-01,2026-09-07T16:04:52Z,restated_at,2026-08-05,,who.gho.mdg-0000000007,raw/who.gho.mdg-0000000007/2026/09/20260907T160452Z-cad637d9cec2.json.gz,2
who.gho.mdg-0000000007,MDG_0000000007:DMA:SEX_MLE:AGEGROUP_YEARSUNDER5:WEALTHQUINTILE_TOTL,1975-01-01,2026-09-07T16:04:52Z,value,38.217505712,,who.gho.mdg-0000000007,raw/who.gho.mdg-0000000007/2026/09/20260907T160452Z-cad637d9cec2.json.gz,2
who.gho.mdg-0000000007,MDG_0000000007:DNK:SEX_BTSX:AGEGROUP_YEARSUNDER5:WEALTHQUINTILE_TOTL,1975-01-01,2026-09-07T16:11:10Z,high,12.641444656,,who.gho.mdg-0000000007,raw/who.gho.mdg-0000000007/2026/09/20260907T161110Z-9f3e1e4fe296.json.gz,2
who.gho.mdg-0000000007,MDG_0000000007:DNK:SEX_BTSX:AGEGROUP_YEARSUNDER5:WEALTHQUINTILE_TOTL,1975-01-01,2026-09-07T16:11:10Z,low,11.984052841,,who.gho.mdg-0000000007,raw/who.gho.mdg-0000000007/2026/09/20260907T161110Z-9f3e1e4fe296.json.gz,2
who.gho.mdg-0000000007,MDG_0000000007:DNK:SEX_BTSX:AGEGROUP_YEARSUNDER5:WEALTHQUINTILE_TOTL,1975-01-01,2026-09-07T16:11:10Z,restated_at,2026-08-05,,who.gho.mdg-0000000007,raw/who.gho.mdg-0000000007/2026/09/20260907T161110Z-9f3e1e4fe296.json.gz,2
who.gho.mdg-0000000007,MDG_0000000007:DNK:SEX_BTSX:AGEGROUP_YEARSUNDER5:WEALTHQUINTILE_TOTL,1975-01-01,2026-09-07T16:11:10Z,value,12.306741131,,who.gho.mdg-0000000007,raw/who.gho.mdg-0000000007/2026/09/20260907T161110Z-9f3e1e4fe296.json.gz,2
who.gho.mdg-0000000007,MDG_0000000007:DNK:SEX_FMLE:AGEGROUP_YEARSUNDER5:WEALTHQUINTILE_TOTL,1975-01-01,2026-09-07T16:10:37Z,high,10.735460196,,who.gho.mdg-0000000007,raw/who.gho.mdg-0000000007/2026/09/20260907T161037Z-dfd3d6a5a745.json.gz,2
who.gho.mdg-0000000007,MDG_0000000007:DNK:SEX_FMLE:AGEGROUP_YEARSUNDER5:WEALTHQUINTILE_TOTL,1975-01-01,2026-09-07T16:10:37Z,low,10.041823611,,who.gho.mdg-0000000007,raw/who.gho.mdg-0000000007/2026/09/20260907T161037Z-dfd3d6a5a745.json.gz,2
who.gho.mdg-0000000007,MDG_0000000007:DNK:SEX_FMLE:AGEGROUP_YEARSUNDER5:WEALTHQUINTILE_TOTL,1975-01-01,2026-09-07T16:10:37Z,restated_at,2026-08-05,,who.gho.mdg-0000000007,raw/who.gho.mdg-0000000007/2026/09/20260907T161037Z-dfd3d6a5a745.json.gz,2
who.gho.mdg-0000000007,MDG_0000000007:DNK:SEX_FMLE:AGEGROUP_YEARSUNDER5:WEALTHQUINTILE_TOTL,1975-01-01,2026-09-07T16:10:37Z,value,10.384367898,,who.gho.mdg-0000000007,raw/who.gho.mdg-0000000007/2026/09/20260907T161037Z-dfd3d6a5a745.json.gz,2
who.gho.mdg-0000000007,MDG_0000000007:DNK:SEX_MLE:AGEGROUP_YEARSUNDER5:WEALTHQUINTILE_TOTL,1975-01-01,2026-09-07T16:06:02Z,high,14.574468347,,who.gho.mdg-0000000007,raw/who.gho.mdg-0000000007/2026/09/20260907T160602Z-1adff4f5f376.json.gz,2
who.gho.mdg-0000000007,MDG_0000000007:DNK:SEX_MLE:AGEGROUP_YEARSUNDER5:WEALTHQUINTILE_TOTL,1975-01-01,2026-09-07T16:06:02Z,low,13.718341374,,who.gho.mdg-0000000007,raw/who.gho.mdg-0000000007/2026/09/20260907T160602Z-1adff4f5f376.json.gz,2
who.gho.mdg-0000000007,MDG_0000000007:DNK:SEX_MLE:AGEGROUP_YEARSUNDER5:WEALTHQUINTILE_TOTL,1975-01-01,2026-09-07T16:06:02Z,restated_at,2026-08-05,,who.gho.mdg-0000000007,raw/who.gho.mdg-0000000007/2026/09/20260907T160602Z-1adff4f5f376.json.gz,2
who.gho.mdg-0000000007,MDG_0000000007:DNK:SEX_MLE:AGEGROUP_YEARSUNDER5:WEALTHQUINTILE_TOTL,1975-01-01,2026-09-07T16:06:02Z,value,14.136179263,,who.gho.mdg-0000000007,raw/who.gho.mdg-0000000007/2026/09/20260907T160602Z-1adff4f5f376.json.gz,2
who.gho.mdg-0000000007,MDG_0000000007:DOM:SEX_BTSX:AGEGROUP_YEARSUNDER5:WEALTHQUINTILE_TOTL,1975-01-01,2026-09-07T16:10:03Z,high,111.967059647,,who.gho.mdg-0000000007,raw/who.gho.mdg-0000000007/2026/09/20260907T161003Z-9bcc9b7e7da4.json.gz,2
who.gho.mdg-0000000007,MDG_0000000007:DOM:SEX_BTSX:AGEGROUP_YEARSUNDER5:WEALTHQUINTILE_TOTL,1975-01-01,2026-09-07T16:10:03Z,low,98.012037193,,who.gho.mdg-0000000007,raw/who.gho.mdg-0000000007/2026/09/20260907T161003Z-9bcc9b7e7da4.json.gz,2
who.gho.mdg-0000000007,MDG_0000000007:DOM:SEX_BTSX:AGEGROUP_YEARSUNDER5:WEALTHQUINTILE_TOTL,1975-01-01,2026-09-07T16:10:03Z,restated_at,2026-08-05,,who.gho.mdg-0000000007,raw/who.gho.mdg-0000000007/2026/09/20260907T161003Z-9bcc9b7e7da4.json.gz,2
who.gho.mdg-0000000007,MDG_0000000007:DOM:SEX_BTSX:AGEGROUP_YEARSUNDER5:WEALTHQUINTILE_TOTL,1975-01-01,2026-09-07T16:10:03Z,value,104.787109417,,who.gho.mdg-0000000007,raw/who.gho.mdg-0000000007/2026/09/20260907T161003Z-9bcc9b7e7da4.json.gz,2
who.gho.mdg-0000000007,MDG_0000000007:DOM:SEX_FMLE:AGEGROUP_YEARSUNDER5:WEALTHQUINTILE_TOTL,1975-01-01,2026-09-07T16:09:34Z,high,107.25197167,,who.gho.mdg-0000000007,raw/who.gho.mdg-0000000007/2026/09/20260907T160934Z-f7f0902b1194.json.gz,2
who.gho.mdg-0000000007,MDG_0000000007:DOM:SEX_FMLE:AGEGROUP_YEARSUNDER5:WEALTHQUINTILE_TOTL,1975-01-01,2026-09-07T16:09:34Z,low,92.984032353,,who.gho.mdg-0000000007,raw/who.gho.mdg-0000000007/2026/09/20260907T160934Z-f7f0902b1194.json.gz,2
who.gho.mdg-0000000007,MDG_0000000007:DOM:SEX_FMLE:AGEGROUP_YEARSUNDER5:WEALTHQUINTILE_TOTL,1975-01-01,2026-09-07T16:09:34Z,restated_at,2026-08-05,,who.gho.mdg-0000000007,raw/who.gho.mdg-0000000007/2026/09/20260907T160934Z-f7f0902b1194.json.gz,2
who.gho.mdg-0000000007,MDG_0000000007:DOM:SEX_FMLE:AGEGROUP_YEARSUNDER5:WEALTHQUINTILE_TOTL,1975-01-01,2026-09-07T16:09:34Z,value,99.770933521,,who.gho.mdg-0000000007,raw/who.gho.mdg-0000000007/2026/09/20260907T160934Z-f7f0902b1194.json.gz,2
who.gho.mdg-0000000007,MDG_0000000007:DOM:SEX_MLE:AGEGROUP_YEARSUNDER5:WEALTHQUINTILE_TOTL,1975-01-01,2026-09-07T16:09:30Z,high,117.44092609,,who.gho.mdg-0000000007,raw/who.gho.mdg-0000000007/2026/09/20260907T160930Z-3a49f2d0e7d2.json.gz,2
who.gho.mdg-0000000007,MDG_0000000007:DOM:SEX_MLE:AGEGROUP_YEARSUNDER5:WEALTHQUINTILE_TOTL,1975-01-01,2026-09-07T16:09:30Z,low,102.142815752,,who.gho.mdg-0000000007,raw/who.gho.mdg-0000000007/2026/09/20260907T160930Z-3a49f2d0e7d2.json.gz,2
who.gho.mdg-0000000007,MDG_0000000007:DOM:SEX_MLE:AGEGROUP_YEARSUNDER5:WEALTHQUINTILE_TOTL,1975-01-01,2026-09-07T16:09:30Z,restated_at,2026-08-05,,who.gho.mdg-0000000007,raw/who.gho.mdg-0000000007/2026/09/20260907T160930Z-3a49f2d0e7d2.json.gz,2
who.gho.mdg-0000000007,MDG_0000000007:DOM:SEX_MLE:AGEGROUP_YEARSUNDER5:WEALTHQUINTILE_TOTL,1975-01-01,2026-09-07T16:09:30Z,value,109.554290938,,who.gho.mdg-0000000007,raw/who.gho.mdg-0000000007/2026/09/20260907T160930Z-3a49f2d0e7d2.json.gz,2
who.gho.mdg-0000000007,MDG_0000000007:DZA:SEX_BTSX:AGEGROUP_YEARSUNDER5:WEALTHQUINTILE_TOTL,1975-01-01,2026-09-07T16:09:54Z,high,226.389529618,,who.gho.mdg-0000000007,raw/who.gho.mdg-0000000007/2026/09/20260907T160954Z-3426e3999bb4.json.gz,2
who.gho.mdg-0000000007,MDG_0000000007:DZA:SEX_BTSX:AGEGROUP_YEARSUNDER5:WEALTHQUINTILE_TOTL,1975-01-01,2026-09-07T16:09:54Z,low,191.67693332,,who.gho.mdg-0000000007,raw/who.gho.mdg-0000000007/2026/09/20260907T160954Z-3426e3999bb4.json.gz,2
who.gho.mdg-0000000007,MDG_0000000007:DZA:SEX_BTSX:AGEGROUP_YEARSUNDER5:WEALTHQUINTILE_TOTL,1975-01-01,2026-09-07T16:09:54Z,restated_at,2026-08-05,,who.gho.mdg-0000000007,raw/who.gho.mdg-0000000007/2026/09/20260907T160954Z-3426e3999bb4.json.gz,2
who.gho.mdg-0000000007,MDG_0000000007:DZA:SEX_BTSX:AGEGROUP_YEARSUNDER5:WEALTHQUINTILE_TOTL,1975-01-01,2026-09-07T16:09:54Z,value,208.345658552,,who.gho.mdg-0000000007,raw/who.gho.mdg-0000000007/2026/09/20260907T160954Z-3426e3999bb4.json.gz,2
who.gho.mdg-0000000007,MDG_0000000007:DZA:SEX_FMLE:AGEGROUP_YEARSUNDER5:WEALTHQUINTILE_TOTL,1975-01-01,2026-09-07T16:10:17Z,high,223.277996951,,who.gho.mdg-0000000007,raw/who.gho.mdg-0000000007/2026/09/20260907T161017Z-ca4dbf4e12d6.json.gz,2
who.gho.mdg-0000000007,MDG_0000000007:DZA:SEX_FMLE:AGEGROUP_YEARSUNDER5:WEALTHQUINTILE_TOTL,1975-01-01,2026-09-07T16:10:17Z,low,188.411667896,,who.gho.mdg-0000000007,raw/who.gho.mdg-0000000007/2026/09/20260907T161017Z-ca4dbf4e12d6.json.gz,2
who.gho.mdg-0000000007,MDG_0000000007:DZA:SEX_FMLE:AGEGROUP_YEARSUNDER5:WEALTHQUINTILE_TOTL,1975-01-01,2026-09-07T16:10:17Z,restated_at,2026-08-05,,who.gho.mdg-0000000007,raw/who.gho.mdg-0000000007/2026/09/20260907T161017Z-ca4dbf4e12d6.json.gz,2
who.gho.mdg-0000000007,MDG_0000000007:DZA:SEX_FMLE:AGEGROUP_YEARSUNDER5:WEALTHQUINTILE_TOTL,1975-01-01,2026-09-07T16:10:17Z,value,205.038627112,,who.gho.mdg-0000000007,raw/who.gho.mdg-0000000007/2026/09/20260907T161017Z-ca4dbf4e12d6.json.gz,2
who.gho.mdg-0000000007,MDG_0000000007:DZA:SEX_MLE:AGEGROUP_YEARSUNDER5:WEALTHQUINTILE_TOTL,1975-01-01,2026-09-07T16:10:58Z,high,230.182881452,,who.gho.mdg-0000000007,raw/who.gho.mdg-0000000007/2026/09/20260907T161058Z-4d8f6ed35960.json.gz,2
who.gho.mdg-0000000007,MDG_0000000007:DZA:SEX_MLE:AGEGROUP_YEARSUNDER5:WEALTHQUINTILE_TOTL,1975-01-01,2026-09-07T16:10:58Z,low,194.285120656,,who.gho.mdg-0000000007,raw/who.gho.mdg-0000000007/2026/09/20260907T161058Z-4d8f6ed35960.json.gz,2
who.gho.mdg-0000000007,MDG_0000000007:DZA:SEX_MLE:AGEGROUP_YEARSUNDER5:WEALTHQUINTILE_TOTL,1975-01-01,2026-09-07T16:10:58Z,restated_at,2026-08-05,,who.gho.mdg-0000000007,raw/who.gho.mdg-0000000007/2026/09/20260907T161058Z-4d8f6ed35960.json.gz,2
who.gho.mdg-0000000007,MDG_0000000007:DZA:SEX_MLE:AGEGROUP_YEARSUNDER5:WEALTHQUINTILE_TOTL,1975-01-01,2026-09-07T16:10:58Z,value,211.43652599,,who.gho.mdg-0000000007,raw/who.gho.mdg-0000000007/2026/09/20260907T161058Z-4d8f6ed35960.json.gz,2
who.gho.mdg-0000000007,MDG_0000000007:ECU:SEX_BTSX:AGEGROUP_YEARSUNDER5:WEALTHQUINTILE_TOTL,1975-01-01,2026-09-07T16:10:33Z,high,125.919278713,,who.gho.mdg-0000000007,raw/who.gho.mdg-0000000007/2026/09/20260907T161033Z-0396663e197a.json.gz,2
who.gho.mdg-0000000007,MDG_0000000007:ECU:SEX_BTSX:AGEGROUP_YEARSUNDER5:WEALTHQUINTILE_TOTL,1975-01-01,2026-09-07T16:10:33Z,low,104.036305992,,who.gho.mdg-0000000007,raw/who.gho.mdg-0000000007/2026/09/20260907T161033Z-0396663e197a.json.gz,2
who.gho.mdg-0000000007,MDG_0000000007:ECU:SEX_BTSX:AGEGROUP_YEARSUNDER5:WEALTHQUINTILE_TOTL,1975-01-01,2026-09-07T16:10:33Z,restated_at,2026-08-05,,who.gho.mdg-0000000007,raw/who.gho.mdg-0000000007/2026/09/20260907T161033Z-0396663e197a.json.gz,2
who.gho.mdg-0000000007,MDG_0000000007:ECU:SEX_BTSX:AGEGROUP_YEARSUNDER5:WEALTHQUINTILE_TOTL,1975-01-01,2026-09-07T16:10:33Z,value,114.504485466,,who.gho.mdg-0000000007,raw/who.gho.mdg-0000000007/2026/09/20260907T161033Z-0396663e197a.json.gz,2
who.gho.mdg-0000000007,MDG_0000000007:ECU:SEX_FMLE:AGEGROUP_YEARSUNDER5:WEALTHQUINTILE_TOTL,1975-01-01,2026-09-07T16:10:41Z,high,116.152381019,,who.gho.mdg-0000000007,raw/who.gho.mdg-0000000007/2026/09/20260907T161041Z-4752b74784e1.json.gz,2
who.gho.mdg-0000000007,MDG_0000000007:ECU:SEX_FMLE:AGEGROUP_YEARSUNDER5:WEALTHQUINTILE_TOTL,1975-01-01,2026-09-07T16:10:41Z,low,94.717690587,,who.gho.mdg-0000000007,raw/who.gho.mdg-0000000007/2026/09/20260907T161041Z-4752b74784e1.json.gz,2
who.gho.mdg-0000000007,MDG_0000000007:ECU:SEX_FMLE:AGEGROUP_YEARSUNDER5:WEALTHQUINTILE_TOTL,1975-01-01,2026-09-07T16:10:41Z,restated_at,2026-08-05,,who.gho.mdg-0000000007,raw/who.gho.mdg-0000000007/2026/09/20260907T161041Z-4752b74784e1.json.gz,2
who.gho.mdg-0000000007,MDG_0000000007:ECU:SEX_FMLE:AGEGROUP_YEARSUNDER5:WEALTHQUINTILE_TOTL,1975-01-01,2026-09-07T16:10:41Z,value,104.950554215,,who.gho.mdg-0000000007,raw/who.gho.mdg-0000000007/2026/09/20260907T161041Z-4752b74784e1.json.gz,2
who.gho.mdg-0000000007,MDG_0000000007:ECU:SEX_MLE:AGEGROUP_YEARSUNDER5:WEALTHQUINTILE_TOTL,1975-01-01,2026-09-07T16:10:17Z,high,136.328765128,,who.gho.mdg-0000000007,raw/who.gho.mdg-0000000007/2026/09/20260907T161017Z-ca4dbf4e12d6.json.gz,2
who.gho.mdg-0000000007,MDG_0000000007:ECU:SEX_MLE:AGEGROUP_YEARSUNDER5:WEALTHQUINTILE_TOTL,1975-01-01,2026-09-07T16:10:17Z,low,111.852091787,,who.gho.mdg-0000000007,raw/who.gho.mdg-0000000007/2026/09/20260907T161017Z-ca4dbf4e12d6.json.gz,2
who.gho.mdg-0000000007,MDG_0000000007:ECU:SEX_MLE:AGEGROUP_YEARSUNDER5:WEALTHQUINTILE_TOTL,1975-01-01,2026-09-07T16:10:17Z,restated_at,2026-08-05,,who.gho.mdg-0000000007,raw/who.gho.mdg-0000000007/2026/09/20260907T161017Z-ca4dbf4e12d6.json.gz,2
who.gho.mdg-0000000007,MDG_0000000007:ECU:SEX_MLE:AGEGROUP_YEARSUNDER5:WEALTHQUINTILE_TOTL,1975-01-01,2026-09-07T16:10:17Z,value,123.489937799,,who.gho.mdg-0000000007,raw/who.gho.mdg-0000000007/2026/09/20260907T161017Z-ca4dbf4e12d6.json.gz,2
who.gho.mdg-0000000007,MDG_0000000007:EGY:SEX_BTSX:AGEGROUP_YEARSUNDER5:WEALTHQUINTILE_TOTL,1975-01-01,2026-09-07T16:08:50Z,high,232.404268991,,who.gho.mdg-0000000007,raw/who.gho.mdg-0000000007/2026/09/20260907T160850Z-957169f3a50e.json.gz,2
who.gho.mdg-0000000007,MDG_0000000007:EGY:SEX_BTSX:AGEGROUP_YEARSUNDER5:WEALTHQUINTILE_TOTL,1975-01-01,2026-09-07T16:08:50Z,low,207.267010926,,who.gho.mdg-0000000007,raw/who.gho.mdg-0000000007/2026/09/20260907T160850Z-957169f3a50e.json.gz,2
who.gho.mdg-0000000007,MDG_0000000007:EGY:SEX_BTSX:AGEGROUP_YEARSUNDER5:WEALTHQUINTILE_TOTL,1975-01-01,2026-09-07T16:08:50Z,restated_at,2026-08-05,,who.gho.mdg-0000000007,raw/who.gho.mdg-0000000007/2026/09/20260907T160850Z-957169f3a50e.json.gz,2
who.gho.mdg-0000000007,MDG_0000000007:EGY:SEX_BTSX:AGEGROUP_YEARSUNDER5:WEALTHQUINTILE_TOTL,1975-01-01,2026-09-07T16:08:50Z,value,219.389427761,,who.gho.mdg-0000000007,raw/who.gho.mdg-0000000007/2026/09/20260907T160850Z-957169f3a50e.json.gz,2
who.gho.mdg-0000000007,MDG_0000000007:EGY:SEX_FMLE:AGEGROUP_YEARSUNDER5:WEALTHQUINTILE_TOTL,1975-01-01,2026-09-07T16:05:48Z,high,238.012301605,,who.gho.mdg-0000000007,raw/who.gho.mdg-0000000007/2026/09/20260907T160548Z-1609a76f5ecc.json.gz,2
who.gho.mdg-0000000007,MDG_0000000007:EGY:SEX_FMLE:AGEGROUP_YEARSUNDER5:WEALTHQUINTILE_TOTL,1975-01-01,2026-09-07T16:05:48Z,low,211.058480675,,who.gho.mdg-0000000007,raw/who.gho.mdg-0000000007/2026/09/20260907T160548Z-1609a76f5ecc.json.gz,2
who.gho.mdg-0000000007,MDG_0000000007:EGY:SEX_FMLE:AGEGROUP_YEARSUNDER5:WEALTHQUINTILE_TOTL,1975-01-01,2026-09-07T16:05:48Z,restated_at,2026-08-05,,who.gho.mdg-0000000007,raw/who.gho.mdg-0000000007/2026/09/20260907T160548Z-1609a76f5ecc.json.gz,2
who.gho.mdg-0000000007,MDG_0000000007:EGY:SEX_FMLE:AGEGROUP_YEARSUNDER5:WEALTHQUINTILE_TOTL,1975-01-01,2026-09-07T16:05:48Z,value,224.130871532,,who.gho.mdg-0000000007,raw/who.gho.mdg-0000000007/2026/09/20260907T160548Z-1609a76f5ecc.json.gz,2
who.gho.mdg-0000000007,MDG_0000000007:EGY:SEX_MLE:AGEGROUP_YEARSUNDER5:WEALTHQUINTILE_TOTL,1975-01-01,2026-09-07T16:11:06Z,high,228.183838477,,who.gho.mdg-0000000007,raw/who.gho.mdg-0000000007/2026/09/20260907T161106Z-078c7101acce.json.gz,2
who.gho.mdg-0000000007,MDG_0000000007:EGY:SEX_MLE:AGEGROUP_YEARSUNDER5:WEALTHQUINTILE_TOTL,1975-01-01,2026-09-07T16:11:06Z,low,202.658147761,,who.gho.mdg-0000000007,raw/who.gho.mdg-0000000007/2026/09/20260907T161106Z-078c7101acce.json.gz,2
who.gho.mdg-0000000007,MDG_0000000007:EGY:SEX_MLE:AGEGROUP_YEARSUNDER5:WEALTHQUINTILE_TOTL,1975-01-01,2026-09-07T16:11:06Z,restated_at,2026-08-05,,who.gho.mdg-0000000007,raw/who.gho.mdg-0000000007/2026/09/20260907T161106Z-078c7101acce.json.gz,2
who.gho.mdg-0000000007,MDG_0000000007:EGY:SEX_MLE:AGEGROUP_YEARSUNDER5:WEALTHQUINTILE_TOTL,1975-01-01,2026-09-07T16:11:06Z,value,214.965061331,,who.gho.mdg-0000000007,raw/who.gho.mdg-0000000007/2026/09/20260907T161106Z-078c7101acce.json.gz,2
who.gho.mdg-0000000007,MDG_0000000007:ERI:SEX_BTSX:AGEGROUP_YEARSUNDER5:WEALTHQUINTILE_TOTL,1975-01-01,2026-09-07T16:09:46Z,high,299.482902408,,who.gho.mdg-0000000007,raw/who.gho.mdg-0000000007/2026/09/20260907T160946Z-716d23d235ed.json.gz,2
who.gho.mdg-0000000007,MDG_0000000007:ERI:SEX_BTSX:AGEGROUP_YEARSUNDER5:WEALTHQUINTILE_TOTL,1975-01-01,2026-09-07T16:09:46Z,low,214.6329613,,who.gho.mdg-0000000007,raw/who.gho.mdg-0000000007/2026/09/20260907T160946Z-716d23d235ed.json.gz,2
who.gho.mdg-0000000007,MDG_0000000007:ERI:SEX_BTSX:AGEGROUP_YEARSUNDER5:WEALTHQUINTILE_TOTL,1975-01-01,2026-09-07T16:09:46Z,restated_at,2026-08-05,,who.gho.mdg-0000000007,raw/who.gho.mdg-0000000007/2026/09/20260907T160946Z-716d23d235ed.json.gz,2
who.gho.mdg-0000000007,MDG_0000000007:ERI:SEX_BTSX:AGEGROUP_YEARSUNDER5:WEALTHQUINTILE_TOTL,1975-01-01,2026-09-07T16:09:46Z,value,254.591146596,,who.gho.mdg-0000000007,raw/who.gho.mdg-0000000007/2026/09/20260907T160946Z-716d23d235ed.json.gz,2
who.gho.mdg-0000000007,MDG_0000000007:ERI:SEX_FMLE:AGEGROUP_YEARSUNDER5:WEALTHQUINTILE_TOTL,1975-01-01,2026-09-07T16:09:34Z,high,282.242729047,,who.gho.mdg-0000000007,raw/who.gho.mdg-0000000007/2026/09/20260907T160934Z-f7f0902b1194.json.gz,2
who.gho.mdg-0000000007,MDG_0000000007:ERI:SEX_FMLE:AGEGROUP_YEARSUNDER5:WEALTHQUINTILE_TOTL,1975-01-01,2026-09-07T16:09:34Z,low,201.045789567,,who.gho.mdg-0000000007,raw/who.gho.mdg-0000000007/2026/09/20260907T160934Z-f7f0902b1194.json.gz,2
who.gho.mdg-0000000007,MDG_0000000007:ERI:SEX_FMLE:AGEGROUP_YEARSUNDER5:WEALTHQUINTILE_TOTL,1975-01-01,2026-09-07T16:09:34Z,restated_at,2026-08-05,,who.gho.mdg-0000000007,raw/who.gho.mdg-0000000007/2026/09/20260907T160934Z-f7f0902b1194.json.gz,2
who.gho.mdg-0000000007,MDG_0000000007:ERI:SEX_FMLE:AGEGROUP_YEARSUNDER5:WEALTHQUINTILE_TOTL,1975-01-01,2026-09-07T16:09:34Z,value,238.994480621,,who.gho.mdg-0000000007,raw/who.gho.mdg-0000000007/2026/09/20260907T160934Z-f7f0902b1194.json.gz,2
who.gho.mdg-0000000007,MDG_0000000007:ERI:SEX_MLE:AGEGROUP_YEARSUNDER5:WEALTHQUINTILE_TOTL,1975-01-01,2026-09-07T16:09:30Z,high,317.438007608,,who.gho.mdg-0000000007,raw/who.gho.mdg-0000000007/2026/09/20260907T160930Z-3a49f2d0e7d2.json.gz,2
who.gho.mdg-0000000007,MDG_0000000007:ERI:SEX_MLE:AGEGROUP_YEARSUNDER5:WEALTHQUINTILE_TOTL,1975-01-01,2026-09-07T16:09:30Z,low,226.644804351,,who.gho.mdg-0000000007,raw/who.gho.mdg-0000000007/2026/09/20260907T160930Z-3a49f2d0e7d2.json.gz,2
who.gho.mdg-0000000007,MDG_0000000007:ERI:SEX_MLE:AGEGROUP_YEARSUNDER5:WEALTHQUINTILE_TOTL,1975-01-01,2026-09-07T16:09:30Z,restated_at,2026-08-05,,who.gho.mdg-0000000007,raw/who.gho.mdg-0000000007/2026/09/20260907T160930Z-3a49f2d0e7d2.json.gz,2
who.gho.mdg-0000000007,MDG_0000000007:ERI:SEX_MLE:AGEGROUP_YEARSUNDER5:WEALTHQUINTILE_TOTL,1975-01-01,2026-09-07T16:09:30Z,value,269.120416901,,who.gho.mdg-0000000007,raw/who.gho.mdg-0000000007/2026/09/20260907T160930Z-3a49f2d0e7d2.json.gz,2
who.gho.mdg-0000000007,MDG_0000000007:ESP:SEX_BTSX:AGEGROUP_YEARSUNDER5:WEALTHQUINTILE_TOTL,1975-01-01,2026-09-07T16:10:21Z,high,22.117995685,,who.gho.mdg-0000000007,raw/who.gho.mdg-0000000007/2026/09/20260907T161021Z-3e9ba1677574.json.gz,2
who.gho.mdg-0000000007,MDG_0000000007:ESP:SEX_BTSX:AGEGROUP_YEARSUNDER5:WEALTHQUINTILE_TOTL,1975-01-01,2026-09-07T16:10:21Z,low,21.280387065,,who.gho.mdg-0000000007,raw/who.gho.mdg-0000000007/2026/09/20260907T161021Z-3e9ba1677574.json.gz,2
who.gho.mdg-0000000007,MDG_0000000007:ESP:SEX_BTSX:AGEGROUP_YEARSUNDER5:WEALTHQUINTILE_TOTL,1975-01-01,2026-09-07T16:10:21Z,restated_at,2026-08-05,,who.gho.mdg-0000000007,raw/who.gho.mdg-0000000007/2026/09/20260907T161021Z-3e9ba1677574.json.gz,2
who.gho.mdg-0000000007,MDG_0000000007:ESP:SEX_BTSX:AGEGROUP_YEARSUNDER5:WEALTHQUINTILE_TOTL,1975-01-01,2026-09-07T16:10:21Z,value,21.69936091,,who.gho.mdg-0000000007,raw/who.gho.mdg-0000000007/2026/09/20260907T161021Z-3e9ba1677574.json.gz,2
who.gho.mdg-0000000007,MDG_0000000007:ESP:SEX_FMLE:AGEGROUP_YEARSUNDER5:WEALTHQUINTILE_TOTL,1975-01-01,2026-09-07T16:11:06Z,high,19.504157813,,who.gho.mdg-0000000007,raw/who.gho.mdg-0000000007/2026/09/20260907T161106Z-078c7101acce.json.gz,2
who.gho.mdg-0000000007,MDG_0000000007:ESP:SEX_FMLE:AGEGROUP_YEARSUNDER5:WEALTHQUINTILE_TOTL,1975-01-01,2026-09-07T16:11:06Z,low,18.674706874,,who.gho.mdg-0000000007,raw/who.gho.mdg-0000000007/2026/09/20260907T161106Z-078c7101acce.json.gz,2
who.gho.mdg-0000000007,MDG_0000000007:ESP:SEX_FMLE:AGEGROUP_YEARSUNDER5:WEALTHQUINTILE_TOTL,1975-01-01,2026-09-07T16:11:06Z,restated_at,2026-08-05,,who.gho.mdg-0000000007,raw/who.gho.mdg-0000000007/2026/09/20260907T161106Z-078c7101acce.json.gz,2
who.gho.mdg-0000000007,MDG_0000000007:ESP:SEX_FMLE:AGEGROUP_YEARSUNDER5:WEALTHQUINTILE_TOTL,1975-01-01,2026-09-07T16:11:06Z,value,19.087226462,,who.gho.mdg-0000000007,raw/who.gho.mdg-0000000007/2026/09/20260907T161106Z-078c7101acce.json.gz,2
who.gho.mdg-0000000007,MDG_0000000007:ESP:SEX_MLE:AGEGROUP_YEARSUNDER5:WEALTHQUINTILE_TOTL,1975-01-01,2026-09-07T16:11:06Z,high,24.678479696,,who.gho.mdg-0000000007,raw/who.gho.mdg-0000000007/2026/09/20260907T161106Z-078c7101acce.json.gz,2
who.gho.mdg-0000000007,MDG_0000000007:ESP:SEX_MLE:AGEGROUP_YEARSUNDER5:WEALTHQUINTILE_TOTL,1975-01-01,2026-09-07T16:11:06Z,low,23.703778609,,who.gho.mdg-0000000007,raw/who.gho.mdg-0000000007/2026/09/20260907T161106Z-078c7101acce.json.gz,2
who.gho.mdg-0000000007,MDG_0000000007:ESP:SEX_MLE:AGEGROUP_YEARSUNDER5:WEALTHQUINTILE_TOTL,1975-01-01,2026-09-07T16:11:06Z,restated_at,2026-08-05,,who.gho.mdg-0000000007,raw/who.gho.mdg-0000000007/2026/09/20260907T161106Z-078c7101acce.json.gz,2
who.gho.mdg-0000000007,MDG_0000000007:ESP:SEX_MLE:AGEGROUP_YEARSUNDER5:WEALTHQUINTILE_TOTL,1975-01-01,2026-09-07T16:11:06Z,value,24.182236505,,who.gho.mdg-0000000007,raw/who.gho.mdg-0000000007/2026/09/20260907T161106Z-078c7101acce.json.gz,2
who.gho.mdg-0000000007,MDG_0000000007:EST:SEX_BTSX:AGEGROUP_YEARSUNDER5:WEALTHQUINTILE_TOTL,1975-01-01,2026-09-07T16:04:56Z,high,23.010624841,,who.gho.mdg-0000000007,raw/who.gho.mdg-0000000007/2026/09/20260907T160456Z-9369d1ec1a28.json.gz,2
who.gho.mdg-0000000007,MDG_0000000007:EST:SEX_BTSX:AGEGROUP_YEARSUNDER5:WEALTHQUINTILE_TOTL,1975-01-01,2026-09-07T16:04:56Z,low,20.568546002,,who.gho.mdg-0000000007,raw/who.gho.mdg-0000000007/2026/09/20260907T160456Z-9369d1ec1a28.json.gz,2
who.gho.mdg-0000000007,MDG_0000000007:EST:SEX_BTSX:AGEGROUP_YEARSUNDER5:WEALTHQUINTILE_TOTL,1975-01-01,2026-09-07T16:04:56Z,restated_at,2026-08-05,,who.gho.mdg-0000000007,raw/who.gho.mdg-0000000007/2026/09/20260907T160456Z-9369d1ec1a28.json.gz,2
who.gho.mdg-0000000007,MDG_0000000007:EST:SEX_BTSX:AGEGROUP_YEARSUNDER5:WEALTHQUINTILE_TOTL,1975-01-01,2026-09-07T16:04:56Z,value,21.735053692,,who.gho.mdg-0000000007,raw/who.gho.mdg-0000000007/2026/09/20260907T160456Z-9369d1ec1a28.json.gz,2
who.gho.mdg-0000000007,MDG_0000000007:EST:SEX_FMLE:AGEGROUP_YEARSUNDER5:WEALTHQUINTILE_TOTL,1975-01-01,2026-09-07T16:04:56Z,high,20.127206331,,who.gho.mdg-0000000007,raw/who.gho.mdg-0000000007/2026/09/20260907T160456Z-9369d1ec1a28.json.gz,2
who.gho.mdg-0000000007,MDG_0000000007:EST:SEX_FMLE:AGEGROUP_YEARSUNDER5:WEALTHQUINTILE_TOTL,1975-01-01,2026-09-07T16:04:56Z,low,17.599000069,,who.gho.mdg-0000000007,raw/who.gho.mdg-0000000007/2026/09/20260907T160456Z-9369d1ec1a28.json.gz,2
who.gho.mdg-0000000007,MDG_0000000007:EST:SEX_FMLE:AGEGROUP_YEARSUNDER5:WEALTHQUINTILE_TOTL,1975-01-01,2026-09-07T16:04:56Z,restated_at,2026-08-05,,who.gho.mdg-0000000007,raw/who.gho.mdg-0000000007/2026/09/20260907T160456Z-9369d1ec1a28.json.gz,2
who.gho.mdg-0000000007,MDG_0000000007:EST:SEX_FMLE:AGEGROUP_YEARSUNDER5:WEALTHQUINTILE_TOTL,1975-01-01,2026-09-07T16:04:56Z,value,18.817277047,,who.gho.mdg-0000000007,raw/who.gho.mdg-0000000007/2026/09/20260907T160456Z-9369d1ec1a28.json.gz,2
who.gho.mdg-0000000007,MDG_0000000007:EST:SEX_MLE:AGEGROUP_YEARSUNDER5:WEALTHQUINTILE_TOTL,1975-01-01,2026-09-07T16:04:56Z,high,26.097747473,,who.gho.mdg-0000000007,raw/who.gho.mdg-0000000007/2026/09/20260907T160456Z-9369d1ec1a28.json.gz,2
who.gho.mdg-0000000007,MDG_0000000007:EST:SEX_MLE:AGEGROUP_YEARSUNDER5:WEALTHQUINTILE_TOTL,1975-01-01,2026-09-07T16:04:56Z,low,23.066963928,,who.gho.mdg-0000000007,raw/who.gho.mdg-0000000007/2026/09/20260907T160456Z-9369d1ec1a28.json.gz,2
who.gho.mdg-0000000007,MDG_0000000007:EST:SEX_MLE:AGEGROUP_YEARSUNDER5:WEALTHQUINTILE_TOTL,1975-01-01,2026-09-07T16:04:56Z,restated_at,2026-08-05,,who.gho.mdg-0000000007,raw/who.gho.mdg-0000000007/2026/09/20260907T160456Z-9369d1ec1a28.json.gz,2
who.gho.mdg-0000000007,MDG_0000000007:EST:SEX_MLE:AGEGROUP_YEARSUNDER5:WEALTHQUINTILE_TOTL,1975-01-01,2026-09-07T16:04:56Z,value,24.509482245,,who.gho.mdg-0000000007,raw/who.gho.mdg-0000000007/2026/09/20260907T160456Z-9369d1ec1a28.json.gz,2
who.gho.mdg-0000000007,MDG_0000000007:ETH:SEX_BTSX:AGEGROUP_YEARSUNDER5:WEALTHQUINTILE_TOTL,1975-01-01,2026-09-07T16:09:34Z,high,318.357638863,,who.gho.mdg-0000000007,raw/who.gho.mdg-0000000007/2026/09/20260907T160934Z-f7f0902b1194.json.gz,2
who.gho.mdg-0000000007,MDG_0000000007:ETH:SEX_BTSX:AGEGROUP_YEARSUNDER5:WEALTHQUINTILE_TOTL,1975-01-01,2026-09-07T16:09:34Z,low,255.320227111,,who.gho.mdg-0000000007,raw/who.gho.mdg-0000000007/2026/09/20260907T160934Z-f7f0902b1194.json.gz,2
who.gho.mdg-0000000007,MDG_0000000007:ETH:SEX_BTSX:AGEGROUP_YEARSUNDER5:WEALTHQUINTILE_TOTL,1975-01-01,2026-09-07T16:09:34Z,restated_at,2026-08-05,,who.gho.mdg-0000000007,raw/who.gho.mdg-0000000007/2026/09/20260907T160934Z-f7f0902b1194.json.gz,2
who.gho.mdg-0000000007,MDG_0000000007:ETH:SEX_BTSX:AGEGROUP_YEARSUNDER5:WEALTHQUINTILE_TOTL,1975-01-01,2026-09-07T16:09:34Z,value,284.837894756,,who.gho.mdg-0000000007,raw/who.gho.mdg-0000000007/2026/09/20260907T160934Z-f7f0902b1194.json.gz,2
who.gho.mdg-0000000007,MDG_0000000007:ETH:SEX_FMLE:AGEGROUP_YEARSUNDER5:WEALTHQUINTILE_TOTL,1975-01-01,2026-09-07T16:05:06Z,high,301.596691727,,who.gho.mdg-0000000007,raw/who.gho.mdg-0000000007/2026/09/20260907T160506Z-a219a21e2a4a.json.gz,2
who.gho.mdg-0000000007,MDG_0000000007:ETH:SEX_FMLE:AGEGROUP_YEARSUNDER5:WEALTHQUINTILE_TOTL,1975-01-01,2026-09-07T16:05:06Z,low,240.349353243,,who.gho.mdg-0000000007,raw/who.gho.mdg-0000000007/2026/09/20260907T160506Z-a219a21e2a4a.json.gz,2
who.gho.mdg-0000000007,MDG_0000000007:ETH:SEX_FMLE:AGEGROUP_YEARSUNDER5:WEALTHQUINTILE_TOTL,1975-01-01,2026-09-07T16:05:06Z,restated_at,2026-08-05,,who.gho.mdg-0000000007,raw/who.gho.mdg-0000000007/2026/09/20260907T160506Z-a219a21e2a4a.json.gz,2
who.gho.mdg-0000000007,MDG_0000000007:ETH:SEX_FMLE:AGEGROUP_YEARSUNDER5:WEALTHQUINTILE_TOTL,1975-01-01,2026-09-07T16:05:06Z,value,269.021711131,,who.gho.mdg-0000000007,raw/who.gho.mdg-0000000007/2026/09/20260907T160506Z-a219a21e2a4a.json.gz,2
who.gho.mdg-0000000007,MDG_0000000007:ETH:SEX_MLE:AGEGROUP_YEARSUNDER5:WEALTHQUINTILE_TOTL,1975-01-01,2026-09-07T16:08:38Z,high,336.208016614,,who.gho.mdg-0000000007,raw/who.gho.mdg-0000000007/2026/09/20260907T160838Z-ad9f959b97c6.json.gz,2
who.gho.mdg-0000000007,MDG_0000000007:ETH:SEX_MLE:AGEGROUP_YEARSUNDER5:WEALTHQUINTILE_TOTL,1975-01-01,2026-09-07T16:08:38Z,low,267.620277479,,who.gho.mdg-0000000007,raw/who.gho.mdg-0000000007/2026/09/20260907T160838Z-ad9f959b97c6.json.gz,2
who.gho.mdg-0000000007,MDG_0000000007:ETH:SEX_MLE:AGEGROUP_YEARSUNDER5:WEALTHQUINTILE_TOTL,1975-01-01,2026-09-07T16:08:38Z,restated_at,2026-08-05,,who.gho.mdg-0000000007,raw/who.gho.mdg-0000000007/2026/09/20260907T160838Z-ad9f959b97c6.json.gz,2
who.gho.mdg-0000000007,MDG_0000000007:ETH:SEX_MLE:AGEGROUP_YEARSUNDER5:WEALTHQUINTILE_TOTL,1975-01-01,2026-09-07T16:08:38Z,value,299.708113178,,who.gho.mdg-0000000007,raw/who.gho.mdg-0000000007/2026/09/20260907T160838Z-ad9f959b97c6.json.gz,2
who.gho.mdg-0000000007,MDG_0000000007:FIN:SEX_BTSX:AGEGROUP_YEARSUNDER5:WEALTHQUINTILE_TOTL,1975-01-01,2026-09-07T16:05:35Z,high,12.613321375,,who.gho.mdg-0000000007,raw/who.gho.mdg-0000000007/2026/09/20260907T160535Z-bcafb05f6fe8.json.gz,2
who.gho.mdg-0000000007,MDG_0000000007:FIN:SEX_BTSX:AGEGROUP_YEARSUNDER5:WEALTHQUINTILE_TOTL,1975-01-01,2026-09-07T16:05:35Z,low,11.957157889,,who.gho.mdg-0000000007,raw/who.gho.mdg-0000000007/2026/09/20260907T160535Z-bcafb05f6fe8.json.gz,2
who.gho.mdg-0000000007,MDG_0000000007:FIN:SEX_BTSX:AGEGROUP_YEARSUNDER5:WEALTHQUINTILE_TOTL,1975-01-01,2026-09-07T16:05:35Z,restated_at,2026-08-05,,who.gho.mdg-0000000007,raw/who.gho.mdg-0000000007/2026/09/20260907T160535Z-bcafb05f6fe8.json.gz,2
who.gho.mdg-0000000007,MDG_0000000007:FIN:SEX_BTSX:AGEGROUP_YEARSUNDER5:WEALTHQUINTILE_TOTL,1975-01-01,2026-09-07T16:05:35Z,value,12.269573371,,who.gho.mdg-0000000007,raw/who.gho.mdg-0000000007/2026/09/20260907T160535Z-bcafb05f6fe8.json.gz,2
who.gho.mdg-0000000007,MDG_0000000007:FIN:SEX_FMLE:AGEGROUP_YEARSUNDER5:WEALTHQUINTILE_TOTL,1975-01-01,2026-09-07T16:05:57Z,high,11.028372162,,who.gho.mdg-0000000007,raw/who.gho.mdg-0000000007/2026/09/20260907T160557Z-c8e786907d46.json.gz,2
who.gho.mdg-0000000007,MDG_0000000007:FIN:SEX_FMLE:AGEGROUP_YEARSUNDER5:WEALTHQUINTILE_TOTL,1975-01-01,2026-09-07T16:05:57Z,low,10.311441149,,who.gho.mdg-0000000007,raw/who.gho.mdg-0000000007/2026/09/20260907T160557Z-c8e786907d46.json.gz,2
who.gho.mdg-0000000007,MDG_0000000007:FIN:SEX_FMLE:AGEGROUP_YEARSUNDER5:WEALTHQUINTILE_TOTL,1975-01-01,2026-09-07T16:05:57Z,restated_at,2026-08-05,,who.gho.mdg-0000000007,raw/who.gho.mdg-0000000007/2026/09/20260907T160557Z-c8e786907d46.json.gz,2
who.gho.mdg-0000000007,MDG_0000000007:FIN:SEX_FMLE:AGEGROUP_YEARSUNDER5:WEALTHQUINTILE_TOTL,1975-01-01,2026-09-07T16:05:57Z,value,10.661279517,,who.gho.mdg-0000000007,raw/who.gho.mdg-0000000007/2026/09/20260907T160557Z-c8e786907d46.json.gz,2
who.gho.mdg-0000000007,MDG_0000000007:FIN:SEX_MLE:AGEGROUP_YEARSUNDER5:WEALTHQUINTILE_TOTL,1975-01-01,2026-09-07T16:10:53Z,high,14.237119784,,who.gho.mdg-0000000007,raw/who.gho.mdg-0000000007/2026/09/20260907T161053Z-9a5808e2a757.json.gz,2
who.gho.mdg-0000000007,MDG_0000000007:FIN:SEX_MLE:AGEGROUP_YEARSUNDER5:WEALTHQUINTILE_TOTL,1975-01-01,2026-09-07T16:10:53Z,low,13.396670607,,who.gho.mdg-0000000007,raw/who.gho.mdg-0000000007/2026/09/20260907T161053Z-9a5808e2a757.json.gz,2
who.gho.mdg-0000000007,MDG_0000000007:FIN:SEX_MLE:AGEGROUP_YEARSUNDER5:WEALTHQUINTILE_TOTL,1975-01-01,2026-09-07T16:10:53Z,restated_at,2026-08-05,,who.gho.mdg-0000000007,raw/who.gho.mdg-0000000007/2026/09/20260907T161053Z-9a5808e2a757.json.gz,2
who.gho.mdg-0000000007,MDG_0000000007:FIN:SEX_MLE:AGEGROUP_YEARSUNDER5:WEALTHQUINTILE_TOTL,1975-01-01,2026-09-07T16:10:53Z,value,13.803625718,,who.gho.mdg-0000000007,raw/who.gho.mdg-0000000007/2026/09/20260907T161053Z-9a5808e2a757.json.gz,2
who.gho.mdg-0000000007,MDG_0000000007:FJI:SEX_BTSX:AGEGROUP_YEARSUNDER5:WEALTHQUINTILE_TOTL,1975-01-01,2026-09-07T16:10:37Z,high,61.322258297,,who.gho.mdg-0000000007,raw/who.gho.mdg-0000000007/2026/09/20260907T161037Z-dfd3d6a5a745.json.gz,2
who.gho.mdg-0000000007,MDG_0000000007:FJI:SEX_BTSX:AGEGROUP_YEARSUNDER5:WEALTHQUINTILE_TOTL,1975-01-01,2026-09-07T16:10:37Z,low,47.324160756,,who.gho.mdg-0000000007,raw/who.gho.mdg-0000000007/2026/09/20260907T161037Z-dfd3d6a5a745.json.gz,2
who.gho.mdg-0000000007,MDG_0000000007:FJI:SEX_BTSX:AGEGROUP_YEARSUNDER5:WEALTHQUINTILE_TOTL,1975-01-01,2026-09-07T16:10:37Z,restated_at,2026-08-05,,who.gho.mdg-0000000007,raw/who.gho.mdg-0000000007/2026/09/20260907T161037Z-dfd3d6a5a745.json.gz,2
who.gho.mdg-0000000007,MDG_0000000007:FJI:SEX_BTSX:AGEGROUP_YEARSUNDER5:WEALTHQUINTILE_TOTL,1975-01-01,2026-09-07T16:10:37Z,value,53.869479622,,who.gho.mdg-0000000007,raw/who.gho.mdg-0000000007/2026/09/20260907T161037Z-dfd3d6a5a745.json.gz,2
who.gho.mdg-0000000007,MDG_0000000007:FJI:SEX_FMLE:AGEGROUP_YEARSUNDER5:WEALTHQUINTILE_TOTL,1975-01-01,2026-09-07T16:06:21Z,high,57.581462659,,who.gho.mdg-0000000007,raw/who.gho.mdg-0000000007/2026/09/20260907T160621Z-1819ad2538c7.json.gz,2
who.gho.mdg-0000000007,MDG_0000000007:FJI:SEX_FMLE:AGEGROUP_YEARSUNDER5:WEALTHQUINTILE_TOTL,1975-01-01,2026-09-07T16:06:21Z,low,43.887894626,,who.gho.mdg-0000000007,raw/who.gho.mdg-0000000007/2026/09/20260907T160621Z-1819ad2538c7.json.gz,2
who.gho.mdg-0000000007,MDG_0000000007:FJI:SEX_FMLE:AGEGROUP_YEARSUNDER5:WEALTHQUINTILE_TOTL,1975-01-01,2026-09-07T16:06:21Z,restated_at,2026-08-05,,who.gho.mdg-0000000007,raw/who.gho.mdg-0000000007/2026/09/20260907T160621Z-1819ad2538c7.json.gz,2
who.gho.mdg-0000000007,MDG_0000000007:FJI:SEX_FMLE:AGEGROUP_YEARSUNDER5:WEALTHQUINTILE_TOTL,1975-01-01,2026-09-07T16:06:21Z,value,50.306592366,,who.gho.mdg-0000000007,raw/who.gho.mdg-0000000007/2026/09/20260907T160621Z-1819ad2538c7.json.gz,2
who.gho.mdg-0000000007,MDG_0000000007:FJI:SEX_MLE:AGEGROUP_YEARSUNDER5:WEALTHQUINTILE_TOTL,1975-01-01,2026-09-07T16:09:51Z,high,65.479733869,,who.gho.mdg-0000000007,raw/who.gho.mdg-0000000007/2026/09/20260907T160951Z-f1aadb832125.json.gz,2
who.gho.mdg-0000000007,MDG_0000000007:FJI:SEX_MLE:AGEGROUP_YEARSUNDER5:WEALTHQUINTILE_TOTL,1975-01-01,2026-09-07T16:09:51Z,low,50.250764566,,who.gho.mdg-0000000007,raw/who.gho.mdg-0000000007/2026/09/20260907T160951Z-f1aadb832125.json.gz,2
who.gho.mdg-0000000007,MDG_0000000007:FJI:SEX_MLE:AGEGROUP_YEARSUNDER5:WEALTHQUINTILE_TOTL,1975-01-01,2026-09-07T16:09:51Z,restated_at,2026-08-05,,who.gho.mdg-0000000007,raw/who.gho.mdg-0000000007/2026/09/20260907T160951Z-f1aadb832125.json.gz,2
who.gho.mdg-0000000007,MDG_0000000007:FJI:SEX_MLE:AGEGROUP_YEARSUNDER5:WEALTHQUINTILE_TOTL,1975-01-01,2026-09-07T16:09:51Z,value,57.320389691,,who.gho.mdg-0000000007,raw/who.gho.mdg-0000000007/2026/09/20260907T160951Z-f1aadb832125.json.gz,2
who.gho.mdg-0000000007,MDG_0000000007:FRA:SEX_BTSX:AGEGROUP_YEARSUNDER5:WEALTHQUINTILE_TOTL,1975-01-01,2026-09-07T16:09:59Z,high,15.224635857,,who.gho.mdg-0000000007,raw/who.gho.mdg-0000000007/2026/09/20260907T160959Z-e41937f31aea.json.gz,2
who.gho.mdg-0000000007,MDG_0000000007:FRA:SEX_BTSX:AGEGROUP_YEARSUNDER5:WEALTHQUINTILE_TOTL,1975-01-01,2026-09-07T16:09:59Z,low,14.655821601,,who.gho.mdg-0000000007,raw/who.gho.mdg-0000000007/2026/09/20260907T160959Z-e41937f31aea.json.gz,2
who.gho.mdg-0000000007,MDG_0000000007:FRA:SEX_BTSX:AGEGROUP_YEARSUNDER5:WEALTHQUINTILE_TOTL,1975-01-01,2026-09-07T16:09:59Z,restated_at,2026-08-05,,who.gho.mdg-0000000007,raw/who.gho.mdg-0000000007/2026/09/20260907T160959Z-e41937f31aea.json.gz,2
who.gho.mdg-0000000007,MDG_0000000007:FRA:SEX_BTSX:AGEGROUP_YEARSUNDER5:WEALTHQUINTILE_TOTL,1975-01-01,2026-09-07T16:09:59Z,value,14.933684802,,who.gho.mdg-0000000007,raw/who.gho.mdg-0000000007/2026/09/20260907T160959Z-e41937f31aea.json.gz,2
who.gho.mdg-0000000007,MDG_0000000007:FRA:SEX_FMLE:AGEGROUP_YEARSUNDER5:WEALTHQUINTILE_TOTL,1975-01-01,2026-09-07T16:06:16Z,high,13.246449684,,who.gho.mdg-0000000007,raw/who.gho.mdg-0000000007/2026/09/20260907T160616Z-615f6bfccb87.json.gz,2
who.gho.mdg-0000000007,MDG_0000000007:FRA:SEX_FMLE:AGEGROUP_YEARSUNDER5:WEALTHQUINTILE_TOTL,1975-01-01,2026-09-07T16:06:16Z,low,12.685267148,,who.gho.mdg-0000000007,raw/who.gho.mdg-0000000007/2026/09/20260907T160616Z-615f6bfccb87.json.gz,2
who.gho.mdg-0000000007,MDG_0000000007:FRA:SEX_FMLE:AGEGROUP_YEARSUNDER5:WEALTHQUINTILE_TOTL,1975-01-01,2026-09-07T16:06:16Z,restated_at,2026-08-05,,who.gho.mdg-0000000007,raw/who.gho.mdg-0000000007/2026/09/20260907T160616Z-615f6bfccb87.json.gz,2
who.gho.mdg-0000000007,MDG_0000000007:FRA:SEX_FMLE:AGEGROUP_YEARSUNDER5:WEALTHQUINTILE_TOTL,1975-01-01,2026-09-07T16:06:16Z,value,12.963455562,,who.gho.mdg-0000000007,raw/who.gho.mdg-0000000007/2026/09/20260907T160616Z-615f6bfccb87.json.gz,2
who.gho.mdg-0000000007,MDG_0000000007:FRA:SEX_MLE:AGEGROUP_YEARSUNDER5:WEALTHQUINTILE_TOTL,1975-01-01,2026-09-07T16:10:53Z,high,17.159820333,,who.gho.mdg-0000000007,raw/who.gho.mdg-0000000007/2026/09/20260907T161053Z-9a5808e2a757.json.gz,2
who.gho.mdg-0000000007,MDG_0000000007:FRA:SEX_MLE:AGEGROUP_YEARSUNDER5:WEALTHQUINTILE_TOTL,1975-01-01,2026-09-07T16:10:53Z,low,16.469853565,,who.gho.mdg-0000000007,raw/who.gho.mdg-0000000007/2026/09/20260907T161053Z-9a5808e2a757.json.gz,2
who.gho.mdg-0000000007,MDG_0000000007:FRA:SEX_MLE:AGEGROUP_YEARSUNDER5:WEALTHQUINTILE_TOTL,1975-01-01,2026-09-07T16:10:53Z,restated_at,2026-08-05,,who.gho.mdg-0000000007,raw/who.gho.mdg-0000000007/2026/09/20260907T161053Z-9a5808e2a757.json.gz,2
who.gho.mdg-0000000007,MDG_0000000007:FRA:SEX_MLE:AGEGROUP_YEARSUNDER5:WEALTHQUINTILE_TOTL,1975-01-01,2026-09-07T16:10:53Z,value,16.808045865,,who.gho.mdg-0000000007,raw/who.gho.mdg-0000000007/2026/09/20260907T161053Z-9a5808e2a757.json.gz,2
who.gho.mdg-0000000007,MDG_0000000007:FSM:SEX_BTSX:AGEGROUP_YEARSUNDER5:WEALTHQUINTILE_TOTL,1975-01-01,2026-09-07T16:04:56Z,high,86.922353596,,who.gho.mdg-0000000007,raw/who.gho.mdg-0000000007/2026/09/20260907T160456Z-9369d1ec1a28.json.gz,2
who.gho.mdg-0000000007,MDG_0000000007:FSM:SEX_BTSX:AGEGROUP_YEARSUNDER5:WEALTHQUINTILE_TOTL,1975-01-01,2026-09-07T16:04:56Z,low,54.313851447,,who.gho.mdg-0000000007,raw/who.gho.mdg-0000000007/2026/09/20260907T160456Z-9369d1ec1a28.json.gz,2
who.gho.mdg-0000000007,MDG_0000000007:FSM:SEX_BTSX:AGEGROUP_YEARSUNDER5:WEALTHQUINTILE_TOTL,1975-01-01,2026-09-07T16:04:56Z,restated_at,2026-08-05,,who.gho.mdg-0000000007,raw/who.gho.mdg-0000000007/2026/09/20260907T160456Z-9369d1ec1a28.json.gz,2
who.gho.mdg-0000000007,MDG_0000000007:FSM:SEX_BTSX:AGEGROUP_YEARSUNDER5:WEALTHQUINTILE_TOTL,1975-01-01,2026-09-07T16:04:56Z,value,68.865365992,,who.gho.mdg-0000000007,raw/who.gho.mdg-0000000007/2026/09/20260907T160456Z-9369d1ec1a28.json.gz,2
who.gho.mdg-0000000007,MDG_0000000007:FSM:SEX_FMLE:AGEGROUP_YEARSUNDER5:WEALTHQUINTILE_TOTL,1975-01-01,2026-09-07T16:06:11Z,high,78.52143971,,who.gho.mdg-0000000007,raw/who.gho.mdg-0000000007/2026/09/20260907T160611Z-e868f3030ca5.json.gz,2
who.gho.mdg-0000000007,MDG_0000000007:FSM:SEX_FMLE:AGEGROUP_YEARSUNDER5:WEALTHQUINTILE_TOTL,1975-01-01,2026-09-07T16:06:11Z,low,48.401003608,,who.gho.mdg-0000000007,raw/who.gho.mdg-0000000007/2026/09/20260907T160611Z-e868f3030ca5.json.gz,2
who.gho.mdg-0000000007,MDG_0000000007:FSM:SEX_FMLE:AGEGROUP_YEARSUNDER5:WEALTHQUINTILE_TOTL,1975-01-01,2026-09-07T16:06:11Z,restated_at,2026-08-05,,who.gho.mdg-0000000007,raw/who.gho.mdg-0000000007/2026/09/20260907T160611Z-e868f3030ca5.json.gz,2
who.gho.mdg-0000000007,MDG_0000000007:FSM:SEX_FMLE:AGEGROUP_YEARSUNDER5:WEALTHQUINTILE_TOTL,1975-01-01,2026-09-07T16:06:11Z,value,61.85830529,,who.gho.mdg-0000000007,raw/who.gho.mdg-0000000007/2026/09/20260907T160611Z-e868f3030ca5.json.gz,2
who.gho.mdg-0000000007,MDG_0000000007:FSM:SEX_MLE:AGEGROUP_YEARSUNDER5:WEALTHQUINTILE_TOTL,1975-01-01,2026-09-07T16:05:35Z,high,95.645344024,,who.gho.mdg-0000000007,raw/who.gho.mdg-0000000007/2026/09/20260907T160535Z-bcafb05f6fe8.json.gz,2
who.gho.mdg-0000000007,MDG_0000000007:FSM:SEX_MLE:AGEGROUP_YEARSUNDER5:WEALTHQUINTILE_TOTL,1975-01-01,2026-09-07T16:05:35Z,low,59.396722026,,who.gho.mdg-0000000007,raw/who.gho.mdg-0000000007/2026/09/20260907T160535Z-bcafb05f6fe8.json.gz,2
who.gho.mdg-0000000007,MDG_0000000007:FSM:SEX_MLE:AGEGROUP_YEARSUNDER5:WEALTHQUINTILE_TOTL,1975-01-01,2026-09-07T16:05:35Z,restated_at,2026-08-05,,who.gho.mdg-0000000007,raw/who.gho.mdg-0000000007/2026/09/20260907T160535Z-bcafb05f6fe8.json.gz,2
who.gho.mdg-0000000007,MDG_0000000007:FSM:SEX_MLE:AGEGROUP_YEARSUNDER5:WEALTHQUINTILE_TOTL,1975-01-01,2026-09-07T16:05:35Z,value,75.601715893,,who.gho.mdg-0000000007,raw/who.gho.mdg-0000000007/2026/09/20260907T160535Z-bcafb05f6fe8.json.gz,2
who.gho.mdg-0000000007,MDG_0000000007:GAB:SEX_BTSX:AGEGROUP_YEARSUNDER5:WEALTHQUINTILE_TOTL,1975-01-01,2026-09-07T16:11:10Z,high,162.829875767,,who.gho.mdg-0000000007,raw/who.gho.mdg-0000000007/2026/09/20260907T161110Z-9f3e1e4fe296.json.gz,2
who.gho.mdg-0000000007,MDG_0000000007:GAB:SEX_BTSX:AGEGROUP_YEARSUNDER5:WEALTHQUINTILE_TOTL,1975-01-01,2026-09-07T16:11:10Z,low,109.845021986,,who.gho.mdg-0000000007,raw/who.gho.mdg-0000000007/2026/09/20260907T161110Z-9f3e1e4fe296.json.gz,2
who.gho.mdg-0000000007,MDG_0000000007:GAB:SEX_BTSX:AGEGROUP_YEARSUNDER5:WEALTHQUINTILE_TOTL,1975-01-01,2026-09-07T16:11:10Z,restated_at,2026-08-05,,who.gho.mdg-0000000007,raw/who.gho.mdg-0000000007/2026/09/20260907T161110Z-9f3e1e4fe296.json.gz,2
who.gho.mdg-0000000007,MDG_0000000007:GAB:SEX_BTSX:AGEGROUP_YEARSUNDER5:WEALTHQUINTILE_TOTL,1975-01-01,2026-09-07T16:11:10Z,value,132.461794098,,who.gho.mdg-0000000007,raw/who.gho.mdg-0000000007/2026/09/20260907T161110Z-9f3e1e4fe296.json.gz,2
who.gho.mdg-0000000007,MDG_0000000007:GAB:SEX_FMLE:AGEGROUP_YEARSUNDER5:WEALTHQUINTILE_TOTL,1975-01-01,2026-09-07T16:05:38Z,high,153.019672612,,who.gho.mdg-0000000007,raw/who.gho.mdg-0000000007/2026/09/20260907T160538Z-28a5f6808180.json.gz,2
who.gho.mdg-0000000007,MDG_0000000007:GAB:SEX_FMLE:AGEGROUP_YEARSUNDER5:WEALTHQUINTILE_TOTL,1975-01-01,2026-09-07T16:05:38Z,low,102.33291181,,who.gho.mdg-0000000007,raw/who.gho.mdg-0000000007/2026/09/20260907T160538Z-28a5f6808180.json.gz,2
who.gho.mdg-0000000007,MDG_0000000007:GAB:SEX_FMLE:AGEGROUP_YEARSUNDER5:WEALTHQUINTILE_TOTL,1975-01-01,2026-09-07T16:05:38Z,restated_at,2026-08-05,,who.gho.mdg-0000000007,raw/who.gho.mdg-0000000007/2026/09/20260907T160538Z-28a5f6808180.json.gz,2
who.gho.mdg-0000000007,MDG_0000000007:GAB:SEX_FMLE:AGEGROUP_YEARSUNDER5:WEALTHQUINTILE_TOTL,1975-01-01,2026-09-07T16:05:38Z,value,123.988182068,,who.gho.mdg-0000000007,raw/who.gho.mdg-0000000007/2026/09/20260907T160538Z-28a5f6808180.json.gz,2
who.gho.mdg-0000000007,MDG_0000000007:GAB:SEX_MLE:AGEGROUP_YEARSUNDER5:WEALTHQUINTILE_TOTL,1975-01-01,2026-09-07T16:09:41Z,high,173.015845727,,who.gho.mdg-0000000007,raw/who.gho.mdg-0000000007/2026/09/20260907T160941Z-845bd0fc2e92.json.gz,2
who.gho.mdg-0000000007,MDG_0000000007:GAB:SEX_MLE:AGEGROUP_YEARSUNDER5:WEALTHQUINTILE_TOTL,1975-01-01,2026-09-07T16:09:41Z,low,115.866797871,,who.gho.mdg-0000000007,raw/who.gho.mdg-0000000007/2026/09/20260907T160941Z-845bd0fc2e92.json.gz,2
who.gho.mdg-0000000007,MDG_0000000007:GAB:SEX_MLE:AGEGROUP_YEARSUNDER5:WEALTHQUINTILE_TOTL,1975-01-01,2026-09-07T16:09:41Z,restated_at,2026-08-05,,who.gho.mdg-0000000007,raw/who.gho.mdg-0000000007/2026/09/20260907T160941Z-845bd0fc2e92.json.gz,2
who.gho.mdg-0000000007,MDG_0000000007:GAB:SEX_MLE:AGEGROUP_YEARSUNDER5:WEALTHQUINTILE_TOTL,1975-01-01,2026-09-07T16:09:41Z,value,140.329688033,,who.gho.mdg-0000000007,raw/who.gho.mdg-0000000007/2026/09/20260907T160941Z-845bd0fc2e92.json.gz,2
who.gho.mdg-0000000007,MDG_0000000007:GBR:SEX_BTSX:AGEGROUP_YEARSUNDER5:WEALTHQUINTILE_TOTL,1975-01-01,2026-09-07T16:09:30Z,high,18.314331603,,who.gho.mdg-0000000007,raw/who.gho.mdg-0000000007/2026/09/20260907T160930Z-3a49f2d0e7d2.json.gz,2
who.gho.mdg-0000000007,MDG_0000000007:GBR:SEX_BTSX:AGEGROUP_YEARSUNDER5:WEALTHQUINTILE_TOTL,1975-01-01,2026-09-07T16:09:30Z,low,17.640841523,,who.gho.mdg-0000000007,raw/who.gho.mdg-0000000007/2026/09/20260907T160930Z-3a49f2d0e7d2.json.gz,2
who.gho.mdg-0000000007,MDG_0000000007:GBR:SEX_BTSX:AGEGROUP_YEARSUNDER5:WEALTHQUINTILE_TOTL,1975-01-01,2026-09-07T16:09:30Z,restated_at,2026-08-05,,who.gho.mdg-0000000007,raw/who.gho.mdg-0000000007/2026/09/20260907T160930Z-3a49f2d0e7d2.json.gz,2
who.gho.mdg-0000000007,MDG_0000000007:GBR:SEX_BTSX:AGEGROUP_YEARSUNDER5:WEALTHQUINTILE_TOTL,1975-01-01,2026-09-07T16:09:30Z,value,17.978079232,,who.gho.mdg-0000000007,raw/who.gho.mdg-0000000007/2026/09/20260907T160930Z-3a49f2d0e7d2.json.gz,2
who.gho.mdg-0000000007,MDG_0000000007:GBR:SEX_FMLE:AGEGROUP_YEARSUNDER5:WEALTHQUINTILE_TOTL,1975-01-01,2026-09-07T16:09:46Z,high,16.104410452,,who.gho.mdg-0000000007,raw/who.gho.mdg-0000000007/2026/09/20260907T160946Z-716d23d235ed.json.gz,2
who.gho.mdg-0000000007,MDG_0000000007:GBR:SEX_FMLE:AGEGROUP_YEARSUNDER5:WEALTHQUINTILE_TOTL,1975-01-01,2026-09-07T16:09:46Z,low,15.439021338,,who.gho.mdg-0000000007,raw/who.gho.mdg-0000000007/2026/09/20260907T160946Z-716d23d235ed.json.gz,2
who.gho.mdg-0000000007,MDG_0000000007:GBR:SEX_FMLE:AGEGROUP_YEARSUNDER5:WEALTHQUINTILE_TOTL,1975-01-01,2026-09-07T16:09:46Z,restated_at,2026-08-05,,who.gho.mdg-0000000007,raw/who.gho.mdg-0000000007/2026/09/20260907T160946Z-716d23d235ed.json.gz,2
who.gho.mdg-0000000007,MDG_0000000007:GBR:SEX_FMLE:AGEGROUP_YEARSUNDER5:WEALTHQUINTILE_TOTL,1975-01-01,2026-09-07T16:09:46Z,value,15.768940325,,who.gho.mdg-0000000007,raw/who.gho.mdg-0000000007/2026/09/20260907T160946Z-716d23d235ed.json.gz,2
who.gho.mdg-0000000007,MDG_0000000007:GBR:SEX_MLE:AGEGROUP_YEARSUNDER5:WEALTHQUINTILE_TOTL,1975-01-01,2026-09-07T16:09:34Z,high,20.475843023,,who.gho.mdg-0000000007,raw/who.gho.mdg-0000000007/2026/09/20260907T160934Z-f7f0902b1194.json.gz,2
who.gho.mdg-0000000007,MDG_0000000007:GBR:SEX_MLE:AGEGROUP_YEARSUNDER5:WEALTHQUINTILE_TOTL,1975-01-01,2026-09-07T16:09:34Z,low,19.668538829,,who.gho.mdg-0000000007,raw/who.gho.mdg-0000000007/2026/09/20260907T160934Z-f7f0902b1194.json.gz,2
who.gho.mdg-0000000007,MDG_0000000007:GBR:SEX_MLE:AGEGROUP_YEARSUNDER5:WEALTHQUINTILE_TOTL,1975-01-01,2026-09-07T16:09:34Z,restated_at,2026-08-05,,who.gho.mdg-0000000007,raw/who.gho.mdg-0000000007/2026/09/20260907T160934Z-f7f0902b1194.json.gz,2
who.gho.mdg-0000000007,MDG_0000000007:GBR:SEX_MLE:AGEGROUP_YEARSUNDER5:WEALTHQUINTILE_TOTL,1975-01-01,2026-09-07T16:09:34Z,value,20.080265622,,who.gho.mdg-0000000007,raw/who.gho.mdg-0000000007/2026/09/20260907T160934Z-f7f0902b1194.json.gz,2
who.gho.mdg-0000000007,MDG_0000000007:GEO:SEX_BTSX:AGEGROUP_YEARSUNDER5:WEALTHQUINTILE_TOTL,1975-01-01,2026-09-07T16:08:41Z,high,109.983901905,,who.gho.mdg-0000000007,raw/who.gho.mdg-0000000007/2026/09/20260907T160841Z-d67f78e4b8d9.json.gz,2
who.gho.mdg-0000000007,MDG_0000000007:GEO:SEX_BTSX:AGEGROUP_YEARSUNDER5:WEALTHQUINTILE_TOTL,1975-01-01,2026-09-07T16:08:41Z,low,46.343729778,,who.gho.mdg-0000000007,raw/who.gho.mdg-0000000007/2026/09/20260907T160841Z-d67f78e4b8d9.json.gz,2
who.gho.mdg-0000000007,MDG_0000000007:GEO:SEX_BTSX:AGEGROUP_YEARSUNDER5:WEALTHQUINTILE_TOTL,1975-01-01,2026-09-07T16:08:41Z,restated_at,2026-08-05,,who.gho.mdg-0000000007,raw/who.gho.mdg-0000000007/2026/09/20260907T160841Z-d67f78e4b8d9.json.gz,2
who.gho.mdg-0000000007,MDG_0000000007:GEO:SEX_BTSX:AGEGROUP_YEARSUNDER5:WEALTHQUINTILE_TOTL,1975-01-01,2026-09-07T16:08:41Z,value,70.679074766,,who.gho.mdg-0000000007,raw/who.gho.mdg-0000000007/2026/09/20260907T160841Z-d67f78e4b8d9.json.gz,2
who.gho.mdg-0000000007,MDG_0000000007:GEO:SEX_FMLE:AGEGROUP_YEARSUNDER5:WEALTHQUINTILE_TOTL,1975-01-01,2026-09-07T16:09:13Z,high,100.162059058,,who.gho.mdg-0000000007,raw/who.gho.mdg-0000000007/2026/09/20260907T160913Z-86e8fac132bd.json.gz,2
who.gho.mdg-0000000007,MDG_0000000007:GEO:SEX_FMLE:AGEGROUP_YEARSUNDER5:WEALTHQUINTILE_TOTL,1975-01-01,2026-09-07T16:09:13Z,low,42.021098751,,who.gho.mdg-0000000007,raw/who.gho.mdg-0000000007/2026/09/20260907T160913Z-86e8fac132bd.json.gz,2
who.gho.mdg-0000000007,MDG_0000000007:GEO:SEX_FMLE:AGEGROUP_YEARSUNDER5:WEALTHQUINTILE_TOTL,1975-01-01,2026-09-07T16:09:13Z,restated_at,2026-08-05,,who.gho.mdg-0000000007,raw/who.gho.mdg-0000000007/2026/09/20260907T160913Z-86e8fac132bd.json.gz,2
who.gho.mdg-0000000007,MDG_0000000007:GEO:SEX_FMLE:AGEGROUP_YEARSUNDER5:WEALTHQUINTILE_TOTL,1975-01-01,2026-09-07T16:09:13Z,value,64.467433338,,who.gho.mdg-0000000007,raw/who.gho.mdg-0000000007/2026/09/20260907T160913Z-86e8fac132bd.json.gz,2
who.gho.mdg-0000000007,MDG_0000000007:GEO:SEX_MLE:AGEGROUP_YEARSUNDER5:WEALTHQUINTILE_TOTL,1975-01-01,2026-09-07T16:06:21Z,high,119.342223167,,who.gho.mdg-0000000007,raw/who.gho.mdg-0000000007/2026/09/20260907T160621Z-1819ad2538c7.json.gz,2
who.gho.mdg-0000000007,MDG_0000000007:GEO:SEX_MLE:AGEGROUP_YEARSUNDER5:WEALTHQUINTILE_TOTL,1975-01-01,2026-09-07T16:06:21Z,low,50.144405879,,who.gho.mdg-0000000007,raw/who.gho.mdg-0000000007/2026/09/20260907T160621Z-1819ad2538c7.json.gz,2
who.gho.mdg-0000000007,MDG_0000000007:GEO:SEX_MLE:AGEGROUP_YEARSUNDER5:WEALTHQUINTILE_TOTL,1975-01-01,2026-09-07T16:06:21Z,restated_at,2026-08-05,,who.gho.mdg-0000000007,raw/who.gho.mdg-0000000007/2026/09/20260907T160621Z-1819ad2538c7.json.gz,2
who.gho.mdg-0000000007,MDG_0000000007:GEO:SEX_MLE:AGEGROUP_YEARSUNDER5:WEALTHQUINTILE_TOTL,1975-01-01,2026-09-07T16:06:21Z,value,76.529478236,,who.gho.mdg-0000000007,raw/who.gho.mdg-0000000007/2026/09/20260907T160621Z-1819ad2538c7.json.gz,2
who.gho.mdg-0000000007,MDG_0000000007:GHA:SEX_BTSX:AGEGROUP_YEARSUNDER5:WEALTHQUINTILE_TOTL,1975-01-01,2026-09-07T16:05:01Z,high,193.805646148,,who.gho.mdg-0000000007,raw/who.gho.mdg-0000000007/2026/09/20260907T160501Z-2d19e1a5feef.json.gz,2
who.gho.mdg-0000000007,MDG_0000000007:GHA:SEX_BTSX:AGEGROUP_YEARSUNDER5:WEALTHQUINTILE_TOTL,1975-01-01,2026-09-07T16:05:01Z,low,180.599083744,,who.gho.mdg-0000000007,raw/who.gho.mdg-0000000007/2026/09/20260907T160501Z-2d19e1a5feef.json.gz,2
who.gho.mdg-0000000007,MDG_0000000007:GHA:SEX_BTSX:AGEGROUP_YEARSUNDER5:WEALTHQUINTILE_TOTL,1975-01-01,2026-09-07T16:05:01Z,restated_at,2026-08-05,,who.gho.mdg-0000000007,raw/who.gho.mdg-0000000007/2026/09/20260907T160501Z-2d19e1a5feef.json.gz,2
who.gho.mdg-0000000007,MDG_0000000007:GHA:SEX_BTSX:AGEGROUP_YEARSUNDER5:WEALTHQUINTILE_TOTL,1975-01-01,2026-09-07T16:05:01Z,value,187.105715479,,who.gho.mdg-0000000007,raw/who.gho.mdg-0000000007/2026/09/20260907T160501Z-2d19e1a5feef.json.gz,2
who.gho.mdg-0000000007,MDG_0000000007:GHA:SEX_FMLE:AGEGROUP_YEARSUNDER5:WEALTHQUINTILE_TOTL,1975-01-01,2026-09-07T16:09:18Z,high,186.398557099,,who.gho.mdg-0000000007,raw/who.gho.mdg-0000000007/2026/09/20260907T160918Z-1f3ac080847d.json.gz,2
who.gho.mdg-0000000007,MDG_0000000007:GHA:SEX_FMLE:AGEGROUP_YEARSUNDER5:WEALTHQUINTILE_TOTL,1975-01-01,2026-09-07T16:09:18Z,low,171.247427016,,who.gho.mdg-0000000007,raw/who.gho.mdg-0000000007/2026/09/20260907T160918Z-1f3ac080847d.json.gz,2
who.gho.mdg-0000000007,MDG_0000000007:GHA:SEX_FMLE:AGEGROUP_YEARSUNDER5:WEALTHQUINTILE_TOTL,1975-01-01,2026-09-07T16:09:18Z,restated_at,2026-08-05,,who.gho.mdg-0000000007,raw/who.gho.mdg-0000000007/2026/09/20260907T160918Z-1f3ac080847d.json.gz,2
who.gho.mdg-0000000007,MDG_0000000007:GHA:SEX_FMLE:AGEGROUP_YEARSUNDER5:WEALTHQUINTILE_TOTL,1975-01-01,2026-09-07T16:09:18Z,value,178.610123524,,who.gho.mdg-0000000007,raw/who.gho.mdg-0000000007/2026/09/20260907T160918Z-1f3ac080847d.json.gz,2
who.gho.mdg-0000000007,MDG_0000000007:GHA:SEX_MLE:AGEGROUP_YEARSUNDER5:WEALTHQUINTILE_TOTL,1975-01-01,2026-09-07T16:09:34Z,high,203.419602383,,who.gho.mdg-0000000007,raw/who.gho.mdg-0000000007/2026/09/20260907T160934Z-f7f0902b1194.json.gz,2
who.gho.mdg-0000000007,MDG_0000000007:GHA:SEX_MLE:AGEGROUP_YEARSUNDER5:WEALTHQUINTILE_TOTL,1975-01-01,2026-09-07T16:09:34Z,low,187.219853359,,who.gho.mdg-0000000007,raw/who.gho.mdg-0000000007/2026/09/20260907T160934Z-f7f0902b1194.json.gz,2
who.gho.mdg-0000000007,MDG_0000000007:GHA:SEX_MLE:AGEGROUP_YEARSUNDER5:WEALTHQUINTILE_TOTL,1975-01-01,2026-09-07T16:09:34Z,restated_at,2026-08-05,,who.gho.mdg-0000000007,raw/who.gho.mdg-0000000007/2026/09/20260907T160934Z-f7f0902b1194.json.gz,2
who.gho.mdg-0000000007,MDG_0000000007:GHA:SEX_MLE:AGEGROUP_YEARSUNDER5:WEALTHQUINTILE_TOTL,1975-01-01,2026-09-07T16:09:34Z,value,195.144999896,,who.gho.mdg-0000000007,raw/who.gho.mdg-0000000007/2026/09/20260907T160934Z-f7f0902b1194.json.gz,2
who.gho.mdg-0000000007,MDG_0000000007:GIN:SEX_BTSX:AGEGROUP_YEARSUNDER5:WEALTHQUINTILE_TOTL,1975-01-01,2026-09-07T16:10:21Z,high,336.247888398,,who.gho.mdg-0000000007,raw/who.gho.mdg-0000000007/2026/09/20260907T161021Z-3e9ba1677574.json.gz,2
who.gho.mdg-0000000007,MDG_0000000007:GIN:SEX_BTSX:AGEGROUP_YEARSUNDER5:WEALTHQUINTILE_TOTL,1975-01-01,2026-09-07T16:10:21Z,low,274.129963171,,who.gho.mdg-0000000007,raw/who.gho.mdg-0000000007/2026/09/20260907T161021Z-3e9ba1677574.json.gz,2
who.gho.mdg-0000000007,MDG_0000000007:GIN:SEX_BTSX:AGEGROUP_YEARSUNDER5:WEALTHQUINTILE_TOTL,1975-01-01,2026-09-07T16:10:21Z,restated_at,2026-08-05,,who.gho.mdg-0000000007,raw/who.gho.mdg-0000000007/2026/09/20260907T161021Z-3e9ba1677574.json.gz,2
who.gho.mdg-0000000007,MDG_0000000007:GIN:SEX_BTSX:AGEGROUP_YEARSUNDER5:WEALTHQUINTILE_TOTL,1975-01-01,2026-09-07T16:10:21Z,value,304.018575391,,who.gho.mdg-0000000007,raw/who.gho.mdg-0000000007/2026/09/20260907T161021Z-3e9ba1677574.json.gz,2
who.gho.mdg-0000000007,MDG_0000000007:GIN:SEX_FMLE:AGEGROUP_YEARSUNDER5:WEALTHQUINTILE_TOTL,1975-01-01,2026-09-07T16:08:45Z,high,329.402855737,,who.gho.mdg-0000000007,raw/who.gho.mdg-0000000007/2026/09/20260907T160845Z-9b23f1f1b45b.json.gz,2
who.gho.mdg-0000000007,MDG_0000000007:GIN:SEX_FMLE:AGEGROUP_YEARSUNDER5:WEALTHQUINTILE_TOTL,1975-01-01,2026-09-07T16:08:45Z,low,267.024245119,,who.gho.mdg-0000000007,raw/who.gho.mdg-0000000007/2026/09/20260907T160845Z-9b23f1f1b45b.json.gz,2
who.gho.mdg-0000000007,MDG_0000000007:GIN:SEX_FMLE:AGEGROUP_YEARSUNDER5:WEALTHQUINTILE_TOTL,1975-01-01,2026-09-07T16:08:45Z,restated_at,2026-08-05,,who.gho.mdg-0000000007,raw/who.gho.mdg-0000000007/2026/09/20260907T160845Z-9b23f1f1b45b.json.gz,2
who.gho.mdg-0000000007,MDG_0000000007:GIN:SEX_FMLE:AGEGROUP_YEARSUNDER5:WEALTHQUINTILE_TOTL,1975-01-01,2026-09-07T16:08:45Z,value,296.557517437,,who.gho.mdg-0000000007,raw/who.gho.mdg-0000000007/2026/09/20260907T160845Z-9b23f1f1b45b.json.gz,2
who.gho.mdg-0000000007,MDG_0000000007:GIN:SEX_MLE:AGEGROUP_YEARSUNDER5:WEALTHQUINTILE_TOTL,1975-01-01,2026-09-07T16:05:35Z,high,344.480987722,,who.gho.mdg-0000000007,raw/who.gho.mdg-0000000007/2026/09/20260907T160535Z-bcafb05f6fe8.json.gz,2
who.gho.mdg-0000000007,MDG_0000000007:GIN:SEX_MLE:AGEGROUP_YEARSUNDER5:WEALTHQUINTILE_TOTL,1975-01-01,2026-09-07T16:05:35Z,low,279.670342592,,who.gho.mdg-0000000007,raw/who.gho.mdg-0000000007/2026/09/20260907T160535Z-bcafb05f6fe8.json.gz,2
who.gho.mdg-0000000007,MDG_0000000007:GIN:SEX_MLE:AGEGROUP_YEARSUNDER5:WEALTHQUINTILE_TOTL,1975-01-01,2026-09-07T16:05:35Z,restated_at,2026-08-05,,who.gho.mdg-0000000007,raw/who.gho.mdg-0000000007/2026/09/20260907T160535Z-bcafb05f6fe8.json.gz,2
who.gho.mdg-0000000007,MDG_0000000007:GIN:SEX_MLE:AGEGROUP_YEARSUNDER5:WEALTHQUINTILE_TOTL,1975-01-01,2026-09-07T16:05:35Z,value,311.050107102,,who.gho.mdg-0000000007,raw/who.gho.mdg-0000000007/2026/09/20260907T160535Z-bcafb05f6fe8.json.gz,2
who.gho.mdg-0000000007,MDG_0000000007:GMB:SEX_BTSX:AGEGROUP_YEARSUNDER5:WEALTHQUINTILE_TOTL,1975-01-01,2026-09-07T16:09:34Z,high,299.752204872,,who.gho.mdg-0000000007,raw/who.gho.mdg-0000000007/2026/09/20260907T160934Z-f7f0902b1194.json.gz,2
who.gho.mdg-0000000007,MDG_0000000007:GMB:SEX_BTSX:AGEGROUP_YEARSUNDER5:WEALTHQUINTILE_TOTL,1975-01-01,2026-09-07T16:09:34Z,low,231.014017818,,who.gho.mdg-0000000007,raw/who.gho.mdg-0000000007/2026/09/20260907T160934Z-f7f0902b1194.json.gz,2
who.gho.mdg-0000000007,MDG_0000000007:GMB:SEX_BTSX:AGEGROUP_YEARSUNDER5:WEALTHQUINTILE_TOTL,1975-01-01,2026-09-07T16:09:34Z,restated_at,2026-08-05,,who.gho.mdg-0000000007,raw/who.gho.mdg-0000000007/2026/09/20260907T160934Z-f7f0902b1194.json.gz,2
who.gho.mdg-0000000007,MDG_0000000007:GMB:SEX_BTSX:AGEGROUP_YEARSUNDER5:WEALTHQUINTILE_TOTL,1975-01-01,2026-09-07T16:09:34Z,value,262.548539535,,who.gho.mdg-0000000007,raw/who.gho.mdg-0000000007/2026/09/20260907T160934Z-f7f0902b1194.json.gz,2
who.gho.mdg-0000000007,MDG_0000000007:GMB:SEX_FMLE:AGEGROUP_YEARSUNDER5:WEALTHQUINTILE_TOTL,1975-01-01,2026-09-07T16:10:58Z,high,288.693016896,,who.gho.mdg-0000000007,raw/who.gho.mdg-0000000007/2026/09/20260907T161058Z-4d8f6ed35960.json.gz,2
who.gho.mdg-0000000007,MDG_0000000007:GMB:SEX_FMLE:AGEGROUP_YEARSUNDER5:WEALTHQUINTILE_TOTL,1975-01-01,2026-09-07T16:10:58Z,low,219.820199178,,who.gho.mdg-0000000007,raw/who.gho.mdg-0000000007/2026/09/20260907T161058Z-4d8f6ed35960.json.gz,2
who.gho.mdg-0000000007,MDG_0000000007:GMB:SEX_FMLE:AGEGROUP_YEARSUNDER5:WEALTHQUINTILE_TOTL,1975-01-01,2026-09-07T16:10:58Z,restated_at,2026-08-05,,who.gho.mdg-0000000007,raw/who.gho.mdg-0000000007/2026/09/20260907T161058Z-4d8f6ed35960.json.gz,2
who.gho.mdg-0000000007,MDG_0000000007:GMB:SEX_FMLE:AGEGROUP_YEARSUNDER5:WEALTHQUINTILE_TOTL,1975-01-01,2026-09-07T16:10:58Z,value,251.181019819,,who.gho.mdg-0000000007,raw/who.gho.mdg-0000000007/2026/09/20260907T161058Z-4d8f6ed35960.json.gz,2
who.gho.mdg-0000000007,MDG_0000000007:GMB:SEX_MLE:AGEGROUP_YEARSUNDER5:WEALTHQUINTILE_TOTL,1975-01-01,2026-09-07T16:09:46Z,high,313.611903621,,who.gho.mdg-0000000007,raw/who.gho.mdg-0000000007/2026/09/20260907T160946Z-716d23d235ed.json.gz,2
who.gho.mdg-0000000007,MDG_0000000007:GMB:SEX_MLE:AGEGROUP_YEARSUNDER5:WEALTHQUINTILE_TOTL,1975-01-01,2026-09-07T16:09:46Z,low,239.260753378,,who.gho.mdg-0000000007,raw/who.gho.mdg-0000000007/2026/09/20260907T160946Z-716d23d235ed.json.gz,2
who.gho.mdg-0000000007,MDG_0000000007:GMB:SEX_MLE:AGEGROUP_YEARSUNDER5:WEALTHQUINTILE_TOTL,1975-01-01,2026-09-07T16:09:46Z,restated_at,2026-08-05,,who.gho.mdg-0000000007,raw/who.gho.mdg-0000000007/2026/09/20260907T160946Z-716d23d235ed.json.gz,2
who.gho.mdg-0000000007,MDG_0000000007:GMB:SEX_MLE:AGEGROUP_YEARSUNDER5:WEALTHQUINTILE_TOTL,1975-01-01,2026-09-07T16:09:46Z,value,273.560660433,,who.gho.mdg-0000000007,raw/who.gho.mdg-0000000007/2026/09/20260907T160946Z-716d23d235ed.json.gz,2
who.gho.mdg-0000000007,MDG_0000000007:GRC:SEX_BTSX:AGEGROUP_YEARSUNDER5:WEALTHQUINTILE_TOTL,1975-01-01,2026-09-07T16:05:52Z,high,26.709984419,,who.gho.mdg-0000000007,raw/who.gho.mdg-0000000007/2026/09/20260907T160552Z-f44dce2e8a23.json.gz,2
who.gho.mdg-0000000007,MDG_0000000007:GRC:SEX_BTSX:AGEGROUP_YEARSUNDER5:WEALTHQUINTILE_TOTL,1975-01-01,2026-09-07T16:05:52Z,low,25.59151889,,who.gho.mdg-0000000007,raw/who.gho.mdg-0000000007/2026/09/20260907T160552Z-f44dce2e8a23.json.gz,2
who.gho.mdg-0000000007,MDG_0000000007:GRC:SEX_BTSX:AGEGROUP_YEARSUNDER5:WEALTHQUINTILE_TOTL,1975-01-01,2026-09-07T16:05:52Z,restated_at,2026-08-05,,who.gho.mdg-0000000007,raw/who.gho.mdg-0000000007/2026/09/20260907T160552Z-f44dce2e8a23.json.gz,2
who.gho.mdg-0000000007,MDG_0000000007:GRC:SEX_BTSX:AGEGROUP_YEARSUNDER5:WEALTHQUINTILE_TOTL,1975-01-01,2026-09-07T16:05:52Z,value,26.13367775,,who.gho.mdg-0000000007,raw/who.gho.mdg-0000000007/2026/09/20260907T160552Z-f44dce2e8a23.json.gz,2
who.gho.mdg-0000000007,MDG_0000000007:GRC:SEX_FMLE:AGEGROUP_YEARSUNDER5:WEALTHQUINTILE_TOTL,1975-01-01,2026-09-07T16:09:34Z,high,24.157948949,,who.gho.mdg-0000000007,raw/who.gho.mdg-0000000007/2026/09/20260907T160934Z-f7f0902b1194.json.gz,2
who.gho.mdg-0000000007,MDG_0000000007:GRC:SEX_FMLE:AGEGROUP_YEARSUNDER5:WEALTHQUINTILE_TOTL,1975-01-01,2026-09-07T16:09:34Z,low,22.963845659,,who.gho.mdg-0000000007,raw/who.gho.mdg-0000000007/2026/09/20260907T160934Z-f7f0902b1194.json.gz,2
who.gho.mdg-0000000007,MDG_0000000007:GRC:SEX_FMLE:AGEGROUP_YEARSUNDER5:WEALTHQUINTILE_TOTL,1975-01-01,2026-09-07T16:09:34Z,restated_at,2026-08-05,,who.gho.mdg-0000000007,raw/who.gho.mdg-0000000007/2026/09/20260907T160934Z-f7f0902b1194.json.gz,2
who.gho.mdg-0000000007,MDG_0000000007:GRC:SEX_FMLE:AGEGROUP_YEARSUNDER5:WEALTHQUINTILE_TOTL,1975-01-01,2026-09-07T16:09:34Z,value,23.546458866,,who.gho.mdg-0000000007,raw/who.gho.mdg-0000000007/2026/09/20260907T160934Z-f7f0902b1194.json.gz,2
who.gho.mdg-0000000007,MDG_0000000007:GRC:SEX_MLE:AGEGROUP_YEARSUNDER5:WEALTHQUINTILE_TOTL,1975-01-01,2026-09-07T16:05:38Z,high,29.300395796,,who.gho.mdg-0000000007,raw/who.gho.mdg-0000000007/2026/09/20260907T160538Z-28a5f6808180.json.gz,2
who.gho.mdg-0000000007,MDG_0000000007:GRC:SEX_MLE:AGEGROUP_YEARSUNDER5:WEALTHQUINTILE_TOTL,1975-01-01,2026-09-07T16:05:38Z,low,27.936501024,,who.gho.mdg-0000000007,raw/who.gho.mdg-0000000007/2026/09/20260907T160538Z-28a5f6808180.json.gz,2
who.gho.mdg-0000000007,MDG_0000000007:GRC:SEX_MLE:AGEGROUP_YEARSUNDER5:WEALTHQUINTILE_TOTL,1975-01-01,2026-09-07T16:05:38Z,restated_at,2026-08-05,,who.gho.mdg-0000000007,raw/who.gho.mdg-0000000007/2026/09/20260907T160538Z-28a5f6808180.json.gz,2
who.gho.mdg-0000000007,MDG_0000000007:GRC:SEX_MLE:AGEGROUP_YEARSUNDER5:WEALTHQUINTILE_TOTL,1975-01-01,2026-09-07T16:05:38Z,value,28.596467468,,who.gho.mdg-0000000007,raw/who.gho.mdg-0000000007/2026/09/20260907T160538Z-28a5f6808180.json.gz,2
who.gho.mdg-0000000007,MDG_0000000007:GRD:SEX_BTSX:AGEGROUP_YEARSUNDER5:WEALTHQUINTILE_TOTL,1975-01-01,2026-09-07T16:04:52Z,high,48.180893682,,who.gho.mdg-0000000007,raw/who.gho.mdg-0000000007/2026/09/20260907T160452Z-cad637d9cec2.json.gz,2
who.gho.mdg-0000000007,MDG_0000000007:GRD:SEX_BTSX:AGEGROUP_YEARSUNDER5:WEALTHQUINTILE_TOTL,1975-01-01,2026-09-07T16:04:52Z,low,37.490687932,,who.gho.mdg-0000000007,raw/who.gho.mdg-0000000007/2026/09/20260907T160452Z-cad637d9cec2.json.gz,2
who.gho.mdg-0000000007,MDG_0000000007:GRD:SEX_BTSX:AGEGROUP_YEARSUNDER5:WEALTHQUINTILE_TOTL,1975-01-01,2026-09-07T16:04:52Z,restated_at,2026-08-05,,who.gho.mdg-0000000007,raw/who.gho.mdg-0000000007/2026/09/20260907T160452Z-cad637d9cec2.json.gz,2
who.gho.mdg-0000000007,MDG_0000000007:GRD:SEX_BTSX:AGEGROUP_YEARSUNDER5:WEALTHQUINTILE_TOTL,1975-01-01,2026-09-07T16:04:52Z,value,42.55883119,,who.gho.mdg-0000000007,raw/who.gho.mdg-0000000007/2026/09/20260907T160452Z-cad637d9cec2.json.gz,2
who.gho.mdg-0000000007,MDG_0000000007:GRD:SEX_FMLE:AGEGROUP_YEARSUNDER5:WEALTHQUINTILE_TOTL,1975-01-01,2026-09-07T16:11:10Z,high,45.120929089,,who.gho.mdg-0000000007,raw/who.gho.mdg-0000000007/2026/09/20260907T161110Z-9f3e1e4fe296.json.gz,2
who.gho.mdg-0000000007,MDG_0000000007:GRD:SEX_FMLE:AGEGROUP_YEARSUNDER5:WEALTHQUINTILE_TOTL,1975-01-01,2026-09-07T16:11:10Z,low,34.790242482,,who.gho.mdg-0000000007,raw/who.gho.mdg-0000000007/2026/09/20260907T161110Z-9f3e1e4fe296.json.gz,2
who.gho.mdg-0000000007,MDG_0000000007:GRD:SEX_FMLE:AGEGROUP_YEARSUNDER5:WEALTHQUINTILE_TOTL,1975-01-01,2026-09-07T16:11:10Z,restated_at,2026-08-05,,who.gho.mdg-0000000007,raw/who.gho.mdg-0000000007/2026/09/20260907T161110Z-9f3e1e4fe296.json.gz,2
who.gho.mdg-0000000007,MDG_0000000007:GRD:SEX_FMLE:AGEGROUP_YEARSUNDER5:WEALTHQUINTILE_TOTL,1975-01-01,2026-09-07T16:11:10Z,value,39.596590125,,who.gho.mdg-0000000007,raw/who.gho.mdg-0000000007/2026/09/20260907T161110Z-9f3e1e4fe296.json.gz,2
who.gho.mdg-0000000007,MDG_0000000007:GRD:SEX_MLE:AGEGROUP_YEARSUNDER5:WEALTHQUINTILE_TOTL,1975-01-01,2026-09-07T16:05:48Z,high,51.50981046,,who.gho.mdg-0000000007,raw/who.gho.mdg-0000000007/2026/09/20260907T160548Z-1609a76f5ecc.json.gz,2
who.gho.mdg-0000000007,MDG_0000000007:GRD:SEX_MLE:AGEGROUP_YEARSUNDER5:WEALTHQUINTILE_TOTL,1975-01-01,2026-09-07T16:05:48Z,low,39.859208053,,who.gho.mdg-0000000007,raw/who.gho.mdg-0000000007/2026/09/20260907T160548Z-1609a76f5ecc.json.gz,2
who.gho.mdg-0000000007,MDG_0000000007:GRD:SEX_MLE:AGEGROUP_YEARSUNDER5:WEALTHQUINTILE_TOTL,1975-01-01,2026-09-07T16:05:48Z,restated_at,2026-08-05,,who.gho.mdg-0000000007,raw/who.gho.mdg-0000000007/2026/09/20260907T160548Z-1609a76f5ecc.json.gz,2
who.gho.mdg-0000000007,MDG_0000000007:GRD:SEX_MLE:AGEGROUP_YEARSUNDER5:WEALTHQUINTILE_TOTL,1975-01-01,2026-09-07T16:05:48Z,value,45.361499187,,who.gho.mdg-0000000007,raw/who.gho.mdg-0000000007/2026/09/20260907T160548Z-1609a76f5ecc.json.gz,2
who.gho.mdg-0000000007,MDG_0000000007:GTM:SEX_BTSX:AGEGROUP_YEARSUNDER5:WEALTHQUINTILE_TOTL,1975-01-01,2026-09-07T16:11:18Z,high,156.28417164,,who.gho.mdg-0000000007,raw/who.gho.mdg-0000000007/2026/09/20260907T161118Z-85c02b5f4e3c.json.gz,2
who.gho.mdg-0000000007,MDG_0000000007:GTM:SEX_BTSX:AGEGROUP_YEARSUNDER5:WEALTHQUINTILE_TOTL,1975-01-01,2026-09-07T16:11:18Z,low,135.204385103,,who.gho.mdg-0000000007,raw/who.gho.mdg-0000000007/2026/09/20260907T161118Z-85c02b5f4e3c.json.gz,2
who.gho.mdg-0000000007,MDG_0000000007:GTM:SEX_BTSX:AGEGROUP_YEARSUNDER5:WEALTHQUINTILE_TOTL,1975-01-01,2026-09-07T16:11:18Z,restated_at,2026-08-05,,who.gho.mdg-0000000007,raw/who.gho.mdg-0000000007/2026/09/20260907T161118Z-85c02b5f4e3c.json.gz,2
who.gho.mdg-0000000007,MDG_0000000007:GTM:SEX_BTSX:AGEGROUP_YEARSUNDER5:WEALTHQUINTILE_TOTL,1975-01-01,2026-09-07T16:11:18Z,value,145.339347299,,who.gho.mdg-0000000007,raw/who.gho.mdg-0000000007/2026/09/20260907T161118Z-85c02b5f4e3c.json.gz,2
who.gho.mdg-0000000007,MDG_0000000007:GTM:SEX_FMLE:AGEGROUP_YEARSUNDER5:WEALTHQUINTILE_TOTL,1975-01-01,2026-09-07T16:10:30Z,high,149.38769696,,who.gho.mdg-0000000007,raw/who.gho.mdg-0000000007/2026/09/20260907T161030Z-d2101d8df79b.json.gz,2
who.gho.mdg-0000000007,MDG_0000000007:GTM:SEX_FMLE:AGEGROUP_YEARSUNDER5:WEALTHQUINTILE_TOTL,1975-01-01,2026-09-07T16:10:30Z,low,128.206626618,,who.gho.mdg-0000000007,raw/who.gho.mdg-0000000007/2026/09/20260907T161030Z-d2101d8df79b.json.gz,2
who.gho.mdg-0000000007,MDG_0000000007:GTM:SEX_FMLE:AGEGROUP_YEARSUNDER5:WEALTHQUINTILE_TOTL,1975-01-01,2026-09-07T16:10:30Z,restated_at,2026-08-05,,who.gho.mdg-0000000007,raw/who.gho.mdg-0000000007/2026/09/20260907T161030Z-d2101d8df79b.json.gz,2
who.gho.mdg-0000000007,MDG_0000000007:GTM:SEX_FMLE:AGEGROUP_YEARSUNDER5:WEALTHQUINTILE_TOTL,1975-01-01,2026-09-07T16:10:30Z,value,138.390644106,,who.gho.mdg-0000000007,raw/who.gho.mdg-0000000007/2026/09/20260907T161030Z-d2101d8df79b.json.gz,2
who.gho.mdg-0000000007,MDG_0000000007:GTM:SEX_MLE:AGEGROUP_YEARSUNDER5:WEALTHQUINTILE_TOTL,1975-01-01,2026-09-07T16:05:48Z,high,164.047549483,,who.gho.mdg-0000000007,raw/who.gho.mdg-0000000007/2026/09/20260907T160548Z-1609a76f5ecc.json.gz,2
who.gho.mdg-0000000007,MDG_0000000007:GTM:SEX_MLE:AGEGROUP_YEARSUNDER5:WEALTHQUINTILE_TOTL,1975-01-01,2026-09-07T16:05:48Z,low,141.059473484,,who.gho.mdg-0000000007,raw/who.gho.mdg-0000000007/2026/09/20260907T160548Z-1609a76f5ecc.json.gz,2
who.gho.mdg-0000000007,MDG_0000000007:GTM:SEX_MLE:AGEGROUP_YEARSUNDER5:WEALTHQUINTILE_TOTL,1975-01-01,2026-09-07T16:05:48Z,restated_at,2026-08-05,,who.gho.mdg-0000000007,raw/who.gho.mdg-0000000007/2026/09/20260907T160548Z-1609a76f5ecc.json.gz,2
who.gho.mdg-0000000007,MDG_0000000007:GTM:SEX_MLE:AGEGROUP_YEARSUNDER5:WEALTHQUINTILE_TOTL,1975-01-01,2026-09-07T16:05:48Z,value,151.878813233,,who.gho.mdg-0000000007,raw/who.gho.mdg-0000000007/2026/09/20260907T160548Z-1609a76f5ecc.json.gz,2
who.gho.mdg-0000000007,MDG_0000000007:GUY:SEX_BTSX:AGEGROUP_YEARSUNDER5:WEALTHQUINTILE_TOTL,1975-01-01,2026-09-07T16:10:24Z,high,85.075848153,,who.gho.mdg-0000000007,raw/who.gho.mdg-0000000007/2026/09/20260907T161024Z-808a2a46070d.json.gz,2
who.gho.mdg-0000000007,MDG_0000000007:GUY:SEX_BTSX:AGEGROUP_YEARSUNDER5:WEALTHQUINTILE_TOTL,1975-01-01,2026-09-07T16:10:24Z,low,63.000592447,,who.gho.mdg-0000000007,raw/who.gho.mdg-0000000007/2026/09/20260907T161024Z-808a2a46070d.json.gz,2
who.gho.mdg-0000000007,MDG_0000000007:GUY:SEX_BTSX:AGEGROUP_YEARSUNDER5:WEALTHQUINTILE_TOTL,1975-01-01,2026-09-07T16:10:24Z,restated_at,2026-08-05,,who.gho.mdg-0000000007,raw/who.gho.mdg-0000000007/2026/09/20260907T161024Z-808a2a46070d.json.gz,2
who.gho.mdg-0000000007,MDG_0000000007:GUY:SEX_BTSX:AGEGROUP_YEARSUNDER5:WEALTHQUINTILE_TOTL,1975-01-01,2026-09-07T16:10:24Z,value,73.054394343,,who.gho.mdg-0000000007,raw/who.gho.mdg-0000000007/2026/09/20260907T161024Z-808a2a46070d.json.gz,2
who.gho.mdg-0000000007,MDG_0000000007:GUY:SEX_FMLE:AGEGROUP_YEARSUNDER5:WEALTHQUINTILE_TOTL,1975-01-01,2026-09-07T16:08:50Z,high,75.566065484,,who.gho.mdg-0000000007,raw/who.gho.mdg-0000000007/2026/09/20260907T160850Z-957169f3a50e.json.gz,2
who.gho.mdg-0000000007,MDG_0000000007:GUY:SEX_FMLE:AGEGROUP_YEARSUNDER5:WEALTHQUINTILE_TOTL,1975-01-01,2026-09-07T16:08:50Z,low,55.265514005,,who.gho.mdg-0000000007,raw/who.gho.mdg-0000000007/2026/09/20260907T160850Z-957169f3a50e.json.gz,2
who.gho.mdg-0000000007,MDG_0000000007:GUY:SEX_FMLE:AGEGROUP_YEARSUNDER5:WEALTHQUINTILE_TOTL,1975-01-01,2026-09-07T16:08:50Z,restated_at,2026-08-05,,who.gho.mdg-0000000007,raw/who.gho.mdg-0000000007/2026/09/20260907T160850Z-957169f3a50e.json.gz,2
who.gho.mdg-0000000007,MDG_0000000007:GUY:SEX_FMLE:AGEGROUP_YEARSUNDER5:WEALTHQUINTILE_TOTL,1975-01-01,2026-09-07T16:08:50Z,value,64.563936769,,who.gho.mdg-0000000007,raw/who.gho.mdg-0000000007/2026/09/20260907T160850Z-957169f3a50e.json.gz,2
who.gho.mdg-0000000007,MDG_0000000007:GUY:SEX_MLE:AGEGROUP_YEARSUNDER5:WEALTHQUINTILE_TOTL,1975-01-01,2026-09-07T16:05:22Z,high,95.030828145,,who.gho.mdg-0000000007,raw/who.gho.mdg-0000000007/2026/09/20260907T160522Z-2bd49e664eea.json.gz,2
who.gho.mdg-0000000007,MDG_0000000007:GUY:SEX_MLE:AGEGROUP_YEARSUNDER5:WEALTHQUINTILE_TOTL,1975-01-01,2026-09-07T16:05:22Z,low,69.733171656,,who.gho.mdg-0000000007,raw/who.gho.mdg-0000000007/2026/09/20260907T160522Z-2bd49e664eea.json.gz,2
who.gho.mdg-0000000007,MDG_0000000007:GUY:SEX_MLE:AGEGROUP_YEARSUNDER5:WEALTHQUINTILE_TOTL,1975-01-01,2026-09-07T16:05:22Z,restated_at,2026-08-05,,who.gho.mdg-0000000007,raw/who.gho.mdg-0000000007/2026/09/20260907T160522Z-2bd49e664eea.json.gz,2
who.gho.mdg-0000000007,MDG_0000000007:GUY:SEX_MLE:AGEGROUP_YEARSUNDER5:WEALTHQUINTILE_TOTL,1975-01-01,2026-09-07T16:05:22Z,value,81.12483517,,who.gho.mdg-0000000007,raw/who.gho.mdg-0000000007/2026/09/20260907T160522Z-2bd49e664eea.json.gz,2
who.gho.mdg-0000000007,MDG_0000000007:HND:SEX_BTSX:AGEGROUP_YEARSUNDER5:WEALTHQUINTILE_TOTL,1975-01-01,2026-09-07T16:10:49Z,high,131.594981054,,who.gho.mdg-0000000007,raw/who.gho.mdg-0000000007/2026/09/20260907T161049Z-6866f52a9543.json.gz,2
who.gho.mdg-0000000007,MDG_0000000007:HND:SEX_BTSX:AGEGROUP_YEARSUNDER5:WEALTHQUINTILE_TOTL,1975-01-01,2026-09-07T16:10:49Z,low,109.154906037,,who.gho.mdg-0000000007,raw/who.gho.mdg-0000000007/2026/09/20260907T161049Z-6866f52a9543.json.gz,2
who.gho.mdg-0000000007,MDG_0000000007:HND:SEX_BTSX:AGEGROUP_YEARSUNDER5:WEALTHQUINTILE_TOTL,1975-01-01,2026-09-07T16:10:49Z,restated_at,2026-08-05,,who.gho.mdg-0000000007,raw/who.gho.mdg-0000000007/2026/09/20260907T161049Z-6866f52a9543.json.gz,2
who.gho.mdg-0000000007,MDG_0000000007:HND:SEX_BTSX:AGEGROUP_YEARSUNDER5:WEALTHQUINTILE_TOTL,1975-01-01,2026-09-07T16:10:49Z,value,119.13900057,,who.gho.mdg-0000000007,raw/who.gho.mdg-0000000007/2026/09/20260907T161049Z-6866f52a9543.json.gz,2
who.gho.mdg-0000000007,MDG_0000000007:HND:SEX_FMLE:AGEGROUP_YEARSUNDER5:WEALTHQUINTILE_TOTL,1975-01-01,2026-09-07T16:11:22Z,high,121.990251176,,who.gho.mdg-0000000007,raw/who.gho.mdg-0000000007/2026/09/20260907T161122Z-4e9c288e3adb.json.gz,2
who.gho.mdg-0000000007,MDG_0000000007:HND:SEX_FMLE:AGEGROUP_YEARSUNDER5:WEALTHQUINTILE_TOTL,1975-01-01,2026-09-07T16:11:22Z,low,100.166165508,,who.gho.mdg-0000000007,raw/who.gho.mdg-0000000007/2026/09/20260907T161122Z-4e9c288e3adb.json.gz,2
who.gho.mdg-0000000007,MDG_0000000007:HND:SEX_FMLE:AGEGROUP_YEARSUNDER5:WEALTHQUINTILE_TOTL,1975-01-01,2026-09-07T16:11:22Z,restated_at,2026-08-05,,who.gho.mdg-0000000007,raw/who.gho.mdg-0000000007/2026/09/20260907T161122Z-4e9c288e3adb.json.gz,2
who.gho.mdg-0000000007,MDG_0000000007:HND:SEX_FMLE:AGEGROUP_YEARSUNDER5:WEALTHQUINTILE_TOTL,1975-01-01,2026-09-07T16:11:22Z,value,109.965410573,,who.gho.mdg-0000000007,raw/who.gho.mdg-0000000007/2026/09/20260907T161122Z-4e9c288e3adb.json.gz,2
who.gho.mdg-0000000007,MDG_0000000007:HND:SEX_MLE:AGEGROUP_YEARSUNDER5:WEALTHQUINTILE_TOTL,1975-01-01,2026-09-07T16:10:33Z,high,141.848869644,,who.gho.mdg-0000000007,raw/who.gho.mdg-0000000007/2026/09/20260907T161033Z-0396663e197a.json.gz,2
who.gho.mdg-0000000007,MDG_0000000007:HND:SEX_MLE:AGEGROUP_YEARSUNDER5:WEALTHQUINTILE_TOTL,1975-01-01,2026-09-07T16:10:33Z,low,116.757073942,,who.gho.mdg-0000000007,raw/who.gho.mdg-0000000007/2026/09/20260907T161033Z-0396663e197a.json.gz,2
who.gho.mdg-0000000007,MDG_0000000007:HND:SEX_MLE:AGEGROUP_YEARSUNDER5:WEALTHQUINTILE_TOTL,1975-01-01,2026-09-07T16:10:33Z,restated_at,2026-08-05,,who.gho.mdg-0000000007,raw/who.gho.mdg-0000000007/2026/09/20260907T161033Z-0396663e197a.json.gz,2
who.gho.mdg-0000000007,MDG_0000000007:HND:SEX_MLE:AGEGROUP_YEARSUNDER5:WEALTHQUINTILE_TOTL,1975-01-01,2026-09-07T16:10:33Z,value,127.870682814,,who.gho.mdg-0000000007,raw/who.gho.mdg-0000000007/2026/09/20260907T161033Z-0396663e197a.json.gz,2
who.gho.mdg-0000000007,MDG_0000000007:HTI:SEX_BTSX:AGEGROUP_YEARSUNDER5:WEALTHQUINTILE_TOTL,1975-01-01,2026-09-07T16:10:33Z,high,236.712673656,,who.gho.mdg-0000000007,raw/who.gho.mdg-0000000007/2026/09/20260907T161033Z-0396663e197a.json.gz,2
who.gho.mdg-0000000007,MDG_0000000007:HTI:SEX_BTSX:AGEGROUP_YEARSUNDER5:WEALTHQUINTILE_TOTL,1975-01-01,2026-09-07T16:10:33Z,low,200.632808421,,who.gho.mdg-0000000007,raw/who.gho.mdg-0000000007/2026/09/20260907T161033Z-0396663e197a.json.gz,2
who.gho.mdg-0000000007,MDG_0000000007:HTI:SEX_BTSX:AGEGROUP_YEARSUNDER5:WEALTHQUINTILE_TOTL,1975-01-01,2026-09-07T16:10:33Z,restated_at,2026-08-05,,who.gho.mdg-0000000007,raw/who.gho.mdg-0000000007/2026/09/20260907T161033Z-0396663e197a.json.gz,2
who.gho.mdg-0000000007,MDG_0000000007:HTI:SEX_BTSX:AGEGROUP_YEARSUNDER5:WEALTHQUINTILE_TOTL,1975-01-01,2026-09-07T16:10:33Z,value,217.643107593,,who.gho.mdg-0000000007,raw/who.gho.mdg-0000000007/2026/09/20260907T161033Z-0396663e197a.json.gz,2
who.gho.mdg-0000000007,MDG_0000000007:HTI:SEX_FMLE:AGEGROUP_YEARSUNDER5:WEALTHQUINTILE_TOTL,1975-01-01,2026-09-07T16:06:29Z,high,224.050463762,,who.gho.mdg-0000000007,raw/who.gho.mdg-0000000007/2026/09/20260907T160629Z-f6ed87825938.json.gz,2
who.gho.mdg-0000000007,MDG_0000000007:HTI:SEX_FMLE:AGEGROUP_YEARSUNDER5:WEALTHQUINTILE_TOTL,1975-01-01,2026-09-07T16:06:29Z,low,188.200790039,,who.gho.mdg-0000000007,raw/who.gho.mdg-0000000007/2026/09/20260907T160629Z-f6ed87825938.json.gz,2
who.gho.mdg-0000000007,MDG_0000000007:HTI:SEX_FMLE:AGEGROUP_YEARSUNDER5:WEALTHQUINTILE_TOTL,1975-01-01,2026-09-07T16:06:29Z,restated_at,2026-08-05,,who.gho.mdg-0000000007,raw/who.gho.mdg-0000000007/2026/09/20260907T160629Z-f6ed87825938.json.gz,2
who.gho.mdg-0000000007,MDG_0000000007:HTI:SEX_FMLE:AGEGROUP_YEARSUNDER5:WEALTHQUINTILE_TOTL,1975-01-01,2026-09-07T16:06:29Z,value,205.234033939,,who.gho.mdg-0000000007,raw/who.gho.mdg-0000000007/2026/09/20260907T160629Z-f6ed87825938.json.gz,2
who.gho.mdg-0000000007,MDG_0000000007:HTI:SEX_MLE:AGEGROUP_YEARSUNDER5:WEALTHQUINTILE_TOTL,1975-01-01,2026-09-07T16:05:35Z,high,250.435578642,,who.gho.mdg-0000000007,raw/who.gho.mdg-0000000007/2026/09/20260907T160535Z-bcafb05f6fe8.json.gz,2
who.gho.mdg-0000000007,MDG_0000000007:HTI:SEX_MLE:AGEGROUP_YEARSUNDER5:WEALTHQUINTILE_TOTL,1975-01-01,2026-09-07T16:05:35Z,low,211.127472077,,who.gho.mdg-0000000007,raw/who.gho.mdg-0000000007/2026/09/20260907T160535Z-bcafb05f6fe8.json.gz,2
who.gho.mdg-0000000007,MDG_0000000007:HTI:SEX_MLE:AGEGROUP_YEARSUNDER5:WEALTHQUINTILE_TOTL,1975-01-01,2026-09-07T16:05:35Z,restated_at,2026-08-05,,who.gho.mdg-0000000007,raw/who.gho.mdg-0000000007/2026/09/20260907T160535Z-bcafb05f6fe8.json.gz,2
who.gho.mdg-0000000007,MDG_0000000007:HTI:SEX_MLE:AGEGROUP_YEARSUNDER5:WEALTHQUINTILE_TOTL,1975-01-01,2026-09-07T16:05:35Z,value,229.209063319,,who.gho.mdg-0000000007,raw/who.gho.mdg-0000000007/2026/09/20260907T160535Z-bcafb05f6fe8.json.gz,2
who.gho.mdg-0000000007,MDG_0000000007:HUN:SEX_BTSX:AGEGROUP_YEARSUNDER5:WEALTHQUINTILE_TOTL,1975-01-01,2026-09-07T16:05:57Z,high,36.350979462,,who.gho.mdg-0000000007,raw/who.gho.mdg-0000000007/2026/09/20260907T160557Z-c8e786907d46.json.gz,2
who.gho.mdg-0000000007,MDG_0000000007:HUN:SEX_BTSX:AGEGROUP_YEARSUNDER5:WEALTHQUINTILE_TOTL,1975-01-01,2026-09-07T16:05:57Z,low,34.632114269,,who.gho.mdg-0000000007,raw/who.gho.mdg-0000000007/2026/09/20260907T160557Z-c8e786907d46.json.gz,2
who.gho.mdg-0000000007,MDG_0000000007:HUN:SEX_BTSX:AGEGROUP_YEARSUNDER5:WEALTHQUINTILE_TOTL,1975-01-01,2026-09-07T16:05:57Z,restated_at,2026-08-05,,who.gho.mdg-0000000007,raw/who.gho.mdg-0000000007/2026/09/20260907T160557Z-c8e786907d46.json.gz,2
who.gho.mdg-0000000007,MDG_0000000007:HUN:SEX_BTSX:AGEGROUP_YEARSUNDER5:WEALTHQUINTILE_TOTL,1975-01-01,2026-09-07T16:05:57Z,value,35.463222314,,who.gho.mdg-0000000007,raw/who.gho.mdg-0000000007/2026/09/20260907T160557Z-c8e786907d46.json.gz,2
who.gho.mdg-0000000007,MDG_0000000007:HUN:SEX_FMLE:AGEGROUP_YEARSUNDER5:WEALTHQUINTILE_TOTL,1975-01-01,2026-09-07T16:10:37Z,high,32.36327246,,who.gho.mdg-0000000007,raw/who.gho.mdg-0000000007/2026/09/20260907T161037Z-dfd3d6a5a745.json.gz,2
who.gho.mdg-0000000007,MDG_0000000007:HUN:SEX_FMLE:AGEGROUP_YEARSUNDER5:WEALTHQUINTILE_TOTL,1975-01-01,2026-09-07T16:10:37Z,low,30.660499035,,who.gho.mdg-0000000007,raw/who.gho.mdg-0000000007/2026/09/20260907T161037Z-dfd3d6a5a745.json.gz,2
who.gho.mdg-0000000007,MDG_0000000007:HUN:SEX_FMLE:AGEGROUP_YEARSUNDER5:WEALTHQUINTILE_TOTL,1975-01-01,2026-09-07T16:10:37Z,restated_at,2026-08-05,,who.gho.mdg-0000000007,raw/who.gho.mdg-0000000007/2026/09/20260907T161037Z-dfd3d6a5a745.json.gz,2
who.gho.mdg-0000000007,MDG_0000000007:HUN:SEX_FMLE:AGEGROUP_YEARSUNDER5:WEALTHQUINTILE_TOTL,1975-01-01,2026-09-07T16:10:37Z,value,31.490170996,,who.gho.mdg-0000000007,raw/who.gho.mdg-0000000007/2026/09/20260907T161037Z-dfd3d6a5a745.json.gz,2
who.gho.mdg-0000000007,MDG_0000000007:HUN:SEX_MLE:AGEGROUP_YEARSUNDER5:WEALTHQUINTILE_TOTL,1975-01-01,2026-09-07T16:10:58Z,high,40.287463589,,who.gho.mdg-0000000007,raw/who.gho.mdg-0000000007/2026/09/20260907T161058Z-4d8f6ed35960.json.gz,2
who.gho.mdg-0000000007,MDG_0000000007:HUN:SEX_MLE:AGEGROUP_YEARSUNDER5:WEALTHQUINTILE_TOTL,1975-01-01,2026-09-07T16:10:58Z,low,38.269874116,,who.gho.mdg-0000000007,raw/who.gho.mdg-0000000007/2026/09/20260907T161058Z-4d8f6ed35960.json.gz,2
who.gho.mdg-0000000007,MDG_0000000007:HUN:SEX_MLE:AGEGROUP_YEARSUNDER5:WEALTHQUINTILE_TOTL,1975-01-01,2026-09-07T16:10:58Z,restated_at,2026-08-05,,who.gho.mdg-0000000007,raw/who.gho.mdg-0000000007/2026/09/20260907T161058Z-4d8f6ed35960.json.gz,2
who.gho.mdg-0000000007,MDG_0000000007:HUN:SEX_MLE:AGEGROUP_YEARSUNDER5:WEALTHQUINTILE_TOTL,1975-01-01,2026-09-07T16:10:58Z,value,39.241607181,,who.gho.mdg-0000000007,raw/who.gho.mdg-0000000007/2026/09/20260907T161058Z-4d8f6ed35960.json.gz,2
who.gho.mdg-0000000007,MDG_0000000007:IDN:SEX_BTSX:AGEGROUP_YEARSUNDER5:WEALTHQUINTILE_TOTL,1975-01-01,2026-09-07T16:10:24Z,high,149.031339477,,who.gho.mdg-0000000007,raw/who.gho.mdg-0000000007/2026/09/20260907T161024Z-808a2a46070d.json.gz,2
who.gho.mdg-0000000007,MDG_0000000007:IDN:SEX_BTSX:AGEGROUP_YEARSUNDER5:WEALTHQUINTILE_TOTL,1975-01-01,2026-09-07T16:10:24Z,low,133.227466329,,who.gho.mdg-0000000007,raw/who.gho.mdg-0000000007/2026/09/20260907T161024Z-808a2a46070d.json.gz,2
who.gho.mdg-0000000007,MDG_0000000007:IDN:SEX_BTSX:AGEGROUP_YEARSUNDER5:WEALTHQUINTILE_TOTL,1975-01-01,2026-09-07T16:10:24Z,restated_at,2026-08-05,,who.gho.mdg-0000000007,raw/who.gho.mdg-0000000007/2026/09/20260907T161024Z-808a2a46070d.json.gz,2
who.gho.mdg-0000000007,MDG_0000000007:IDN:SEX_BTSX:AGEGROUP_YEARSUNDER5:WEALTHQUINTILE_TOTL,1975-01-01,2026-09-07T16:10:24Z,value,140.859752003,,who.gho.mdg-0000000007,raw/who.gho.mdg-0000000007/2026/09/20260907T161024Z-808a2a46070d.json.gz,2
who.gho.mdg-0000000007,MDG_0000000007:IDN:SEX_FMLE:AGEGROUP_YEARSUNDER5:WEALTHQUINTILE_TOTL,1975-01-01,2026-09-07T16:09:22Z,high,137.340697922,,who.gho.mdg-0000000007,raw/who.gho.mdg-0000000007/2026/09/20260907T160922Z-b03be7779b07.json.gz,2
who.gho.mdg-0000000007,MDG_0000000007:IDN:SEX_FMLE:AGEGROUP_YEARSUNDER5:WEALTHQUINTILE_TOTL,1975-01-01,2026-09-07T16:09:22Z,low,122.04142603,,who.gho.mdg-0000000007,raw/who.gho.mdg-0000000007/2026/09/20260907T160922Z-b03be7779b07.json.gz,2
who.gho.mdg-0000000007,MDG_0000000007:IDN:SEX_FMLE:AGEGROUP_YEARSUNDER5:WEALTHQUINTILE_TOTL,1975-01-01,2026-09-07T16:09:22Z,restated_at,2026-08-05,,who.gho.mdg-0000000007,raw/who.gho.mdg-0000000007/2026/09/20260907T160922Z-b03be7779b07.json.gz,2
who.gho.mdg-0000000007,MDG_0000000007:IDN:SEX_FMLE:AGEGROUP_YEARSUNDER5:WEALTHQUINTILE_TOTL,1975-01-01,2026-09-07T16:09:22Z,value,129.441384895,,who.gho.mdg-0000000007,raw/who.gho.mdg-0000000007/2026/09/20260907T160922Z-b03be7779b07.json.gz,2
who.gho.mdg-0000000007,MDG_0000000007:IDN:SEX_MLE:AGEGROUP_YEARSUNDER5:WEALTHQUINTILE_TOTL,1975-01-01,2026-09-07T16:10:17Z,high,160.923108995,,who.gho.mdg-0000000007,raw/who.gho.mdg-0000000007/2026/09/20260907T161017Z-ca4dbf4e12d6.json.gz,2
who.gho.mdg-0000000007,MDG_0000000007:IDN:SEX_MLE:AGEGROUP_YEARSUNDER5:WEALTHQUINTILE_TOTL,1975-01-01,2026-09-07T16:10:17Z,low,143.093416341,,who.gho.mdg-0000000007,raw/who.gho.mdg-0000000007/2026/09/20260907T161017Z-ca4dbf4e12d6.json.gz,2
who.gho.mdg-0000000007,MDG_0000000007:IDN:SEX_MLE:AGEGROUP_YEARSUNDER5:WEALTHQUINTILE_TOTL,1975-01-01,2026-09-07T16:10:17Z,restated_at,2026-08-05,,who.gho.mdg-0000000007,raw/who.gho.mdg-0000000007/2026/09/20260907T161017Z-ca4dbf4e12d6.json.gz,2
who.gho.mdg-0000000007,MDG_0000000007:IDN:SEX_MLE:AGEGROUP_YEARSUNDER5:WEALTHQUINTILE_TOTL,1975-01-01,2026-09-07T16:10:17Z,value,151.748324978,,who.gho.mdg-0000000007,raw/who.gho.mdg-0000000007/2026/09/20260907T161017Z-ca4dbf4e12d6.json.gz,2
who.gho.mdg-0000000007,MDG_0000000007:IND:SEX_BTSX:AGEGROUP_YEARSUNDER5:WEALTHQUINTILE_TOTL,1975-01-01,2026-09-07T16:10:49Z,high,205.364888787,,who.gho.mdg-0000000007,raw/who.gho.mdg-0000000007/2026/09/20260907T161049Z-6866f52a9543.json.gz,2
who.gho.mdg-0000000007,MDG_0000000007:IND:SEX_BTSX:AGEGROUP_YEARSUNDER5:WEALTHQUINTILE_TOTL,1975-01-01,2026-09-07T16:10:49Z,low,187.791595956,,who.gho.mdg-0000000007,raw/who.gho.mdg-0000000007/2026/09/20260907T161049Z-6866f52a9543.json.gz,2
who.gho.mdg-0000000007,MDG_0000000007:IND:SEX_BTSX:AGEGROUP_YEARSUNDER5:WEALTHQUINTILE_TOTL,1975-01-01,2026-09-07T16:10:49Z,restated_at,2026-08-05,,who.gho.mdg-0000000007,raw/who.gho.mdg-0000000007/2026/09/20260907T161049Z-6866f52a9543.json.gz,2
who.gho.mdg-0000000007,MDG_0000000007:IND:SEX_BTSX:AGEGROUP_YEARSUNDER5:WEALTHQUINTILE_TOTL,1975-01-01,2026-09-07T16:10:49Z,value,196.084939891,,who.gho.mdg-0000000007,raw/who.gho.mdg-0000000007/2026/09/20260907T161049Z-6866f52a9543.json.gz,2
who.gho.mdg-0000000007,MDG_0000000007:IND:SEX_FMLE:AGEGROUP_YEARSUNDER5:WEALTHQUINTILE_TOTL,1975-01-01,2026-09-07T16:09:26Z,high,212.012425554,,who.gho.mdg-0000000007,raw/who.gho.mdg-0000000007/2026/09/20260907T160926Z-3ee37906b339.json.gz,2
who.gho.mdg-0000000007,MDG_0000000007:IND:SEX_FMLE:AGEGROUP_YEARSUNDER5:WEALTHQUINTILE_TOTL,1975-01-01,2026-09-07T16:09:26Z,low,193.185985652,,who.gho.mdg-0000000007,raw/who.gho.mdg-0000000007/2026/09/20260907T160926Z-3ee37906b339.json.gz,2
who.gho.mdg-0000000007,MDG_0000000007:IND:SEX_FMLE:AGEGROUP_YEARSUNDER5:WEALTHQUINTILE_TOTL,1975-01-01,2026-09-07T16:09:26Z,restated_at,2026-08-05,,who.gho.mdg-0000000007,raw/who.gho.mdg-0000000007/2026/09/20260907T160926Z-3ee37906b339.json.gz,2
who.gho.mdg-0000000007,MDG_0000000007:IND:SEX_FMLE:AGEGROUP_YEARSUNDER5:WEALTHQUINTILE_TOTL,1975-01-01,2026-09-07T16:09:26Z,value,202.069108863,,who.gho.mdg-0000000007,raw/who.gho.mdg-0000000007/2026/09/20260907T160926Z-3ee37906b339.json.gz,2
who.gho.mdg-0000000007,MDG_0000000007:IND:SEX_MLE:AGEGROUP_YEARSUNDER5:WEALTHQUINTILE_TOTL,1975-01-01,2026-09-07T16:08:45Z,high,199.719856676,,who.gho.mdg-0000000007,raw/who.gho.mdg-0000000007/2026/09/20260907T160845Z-9b23f1f1b45b.json.gz,2
who.gho.mdg-0000000007,MDG_0000000007:IND:SEX_MLE:AGEGROUP_YEARSUNDER5:WEALTHQUINTILE_TOTL,1975-01-01,2026-09-07T16:08:45Z,low,182.070292031,,who.gho.mdg-0000000007,raw/who.gho.mdg-0000000007/2026/09/20260907T160845Z-9b23f1f1b45b.json.gz,2
who.gho.mdg-0000000007,MDG_0000000007:IND:SEX_MLE:AGEGROUP_YEARSUNDER5:WEALTHQUINTILE_TOTL,1975-01-01,2026-09-07T16:08:45Z,restated_at,2026-08-05,,who.gho.mdg-0000000007,raw/who.gho.mdg-0000000007/2026/09/20260907T160845Z-9b23f1f1b45b.json.gz,2
who.gho.mdg-0000000007,MDG_0000000007:IND:SEX_MLE:AGEGROUP_YEARSUNDER5:WEALTHQUINTILE_TOTL,1975-01-01,2026-09-07T16:08:45Z,value,190.426851834,,who.gho.mdg-0000000007,raw/who.gho.mdg-0000000007/2026/09/20260907T160845Z-9b23f1f1b45b.json.gz,2
who.gho.mdg-0000000007,MDG_0000000007:IRL:SEX_BTSX:AGEGROUP_YEARSUNDER5:WEALTHQUINTILE_TOTL,1975-01-01,2026-09-07T16:10:45Z,high,20.41595811,,who.gho.mdg-0000000007,raw/who.gho.mdg-0000000007/2026/09/20260907T161045Z-53a7d24c459b.json.gz,2
who.gho.mdg-0000000007,MDG_0000000007:IRL:SEX_BTSX:AGEGROUP_YEARSUNDER5:WEALTHQUINTILE_TOTL,1975-01-01,2026-09-07T16:10:45Z,low,19.50539938,,who.gho.mdg-0000000007,raw/who.gho.mdg-0000000007/2026/09/20260907T161045Z-53a7d24c459b.json.gz,2
who.gho.mdg-0000000007,MDG_0000000007:IRL:SEX_BTSX:AGEGROUP_YEARSUNDER5:WEALTHQUINTILE_TOTL,1975-01-01,2026-09-07T16:10:45Z,restated_at,2026-08-05,,who.gho.mdg-0000000007,raw/who.gho.mdg-0000000007/2026/09/20260907T161045Z-53a7d24c459b.json.gz,2
who.gho.mdg-0000000007,MDG_0000000007:IRL:SEX_BTSX:AGEGROUP_YEARSUNDER5:WEALTHQUINTILE_TOTL,1975-01-01,2026-09-07T16:10:45Z,value,19.95292207,,who.gho.mdg-0000000007,raw/who.gho.mdg-0000000007/2026/09/20260907T161045Z-53a7d24c459b.json.gz,2
who.gho.mdg-0000000007,MDG_0000000007:IRL:SEX_FMLE:AGEGROUP_YEARSUNDER5:WEALTHQUINTILE_TOTL,1975-01-01,2026-09-07T16:05:09Z,high,18.197810299,,who.gho.mdg-0000000007,raw/who.gho.mdg-0000000007/2026/09/20260907T160509Z-9066130499c7.json.gz,2
who.gho.mdg-0000000007,MDG_0000000007:IRL:SEX_FMLE:AGEGROUP_YEARSUNDER5:WEALTHQUINTILE_TOTL,1975-01-01,2026-09-07T16:05:09Z,low,17.194442157,,who.gho.mdg-0000000007,raw/who.gho.mdg-0000000007/2026/09/20260907T160509Z-9066130499c7.json.gz,2
who.gho.mdg-0000000007,MDG_0000000007:IRL:SEX_FMLE:AGEGROUP_YEARSUNDER5:WEALTHQUINTILE_TOTL,1975-01-01,2026-09-07T16:05:09Z,restated_at,2026-08-05,,who.gho.mdg-0000000007,raw/who.gho.mdg-0000000007/2026/09/20260907T160509Z-9066130499c7.json.gz,2
who.gho.mdg-0000000007,MDG_0000000007:IRL:SEX_FMLE:AGEGROUP_YEARSUNDER5:WEALTHQUINTILE_TOTL,1975-01-01,2026-09-07T16:05:09Z,value,17.689424984,,who.gho.mdg-0000000007,raw/who.gho.mdg-0000000007/2026/09/20260907T160509Z-9066130499c7.json.gz,2
who.gho.mdg-0000000007,MDG_0000000007:IRL:SEX_MLE:AGEGROUP_YEARSUNDER5:WEALTHQUINTILE_TOTL,1975-01-01,2026-09-07T16:10:03Z,high,22.697231614,,who.gho.mdg-0000000007,raw/who.gho.mdg-0000000007/2026/09/20260907T161003Z-9bcc9b7e7da4.json.gz,2
who.gho.mdg-0000000007,MDG_0000000007:IRL:SEX_MLE:AGEGROUP_YEARSUNDER5:WEALTHQUINTILE_TOTL,1975-01-01,2026-09-07T16:10:03Z,low,21.521530486,,who.gho.mdg-0000000007,raw/who.gho.mdg-0000000007/2026/09/20260907T161003Z-9bcc9b7e7da4.json.gz,2
who.gho.mdg-0000000007,MDG_0000000007:IRL:SEX_MLE:AGEGROUP_YEARSUNDER5:WEALTHQUINTILE_TOTL,1975-01-01,2026-09-07T16:10:03Z,restated_at,2026-08-05,,who.gho.mdg-0000000007,raw/who.gho.mdg-0000000007/2026/09/20260907T161003Z-9bcc9b7e7da4.json.gz,2
who.gho.mdg-0000000007,MDG_0000000007:IRL:SEX_MLE:AGEGROUP_YEARSUNDER5:WEALTHQUINTILE_TOTL,1975-01-01,2026-09-07T16:10:03Z,value,22.105374646,,who.gho.mdg-0000000007,raw/who.gho.mdg-0000000007/2026/09/20260907T161003Z-9bcc9b7e7da4.json.gz,2
who.gho.mdg-0000000007,MDG_0000000007:IRN:SEX_BTSX:AGEGROUP_YEARSUNDER5:WEALTHQUINTILE_TOTL,1975-01-01,2026-09-07T16:10:49Z,high,174.454661972,,who.gho.mdg-0000000007,raw/who.gho.mdg-0000000007/2026/09/20260907T161049Z-6866f52a9543.json.gz,2
who.gho.mdg-0000000007,MDG_0000000007:IRN:SEX_BTSX:AGEGROUP_YEARSUNDER5:WEALTHQUINTILE_TOTL,1975-01-01,2026-09-07T16:10:49Z,low,136.51641692,,who.gho.mdg-0000000007,raw/who.gho.mdg-0000000007/2026/09/20260907T161049Z-6866f52a9543.json.gz,2
who.gho.mdg-0000000007,MDG_0000000007:IRN:SEX_BTSX:AGEGROUP_YEARSUNDER5:WEALTHQUINTILE_TOTL,1975-01-01,2026-09-07T16:10:49Z,restated_at,2026-08-05,,who.gho.mdg-0000000007,raw/who.gho.mdg-0000000007/2026/09/20260907T161049Z-6866f52a9543.json.gz,2
who.gho.mdg-0000000007,MDG_0000000007:IRN:SEX_BTSX:AGEGROUP_YEARSUNDER5:WEALTHQUINTILE_TOTL,1975-01-01,2026-09-07T16:10:49Z,value,154.320938268,,who.gho.mdg-0000000007,raw/who.gho.mdg-0000000007/2026/09/20260907T161049Z-6866f52a9543.json.gz,2
who.gho.mdg-0000000007,MDG_0000000007:IRN:SEX_FMLE:AGEGROUP_YEARSUNDER5:WEALTHQUINTILE_TOTL,1975-01-01,2026-09-07T16:06:21Z,high,176.062398003,,who.gho.mdg-0000000007,raw/who.gho.mdg-0000000007/2026/09/20260907T160621Z-1819ad2538c7.json.gz,2
who.gho.mdg-0000000007,MDG_0000000007:IRN:SEX_FMLE:AGEGROUP_YEARSUNDER5:WEALTHQUINTILE_TOTL,1975-01-01,2026-09-07T16:06:21Z,low,136.923097471,,who.gho.mdg-0000000007,raw/who.gho.mdg-0000000007/2026/09/20260907T160621Z-1819ad2538c7.json.gz,2
who.gho.mdg-0000000007,MDG_0000000007:IRN:SEX_FMLE:AGEGROUP_YEARSUNDER5:WEALTHQUINTILE_TOTL,1975-01-01,2026-09-07T16:06:21Z,restated_at,2026-08-05,,who.gho.mdg-0000000007,raw/who.gho.mdg-0000000007/2026/09/20260907T160621Z-1819ad2538c7.json.gz,2
who.gho.mdg-0000000007,MDG_0000000007:IRN:SEX_FMLE:AGEGROUP_YEARSUNDER5:WEALTHQUINTILE_TOTL,1975-01-01,2026-09-07T16:06:21Z,value,155.329896097,,who.gho.mdg-0000000007,raw/who.gho.mdg-0000000007/2026/09/20260907T160621Z-1819ad2538c7.json.gz,2
who.gho.mdg-0000000007,MDG_0000000007:IRN:SEX_MLE:AGEGROUP_YEARSUNDER5:WEALTHQUINTILE_TOTL,1975-01-01,2026-09-07T16:09:30Z,high,173.929981464,,who.gho.mdg-0000000007,raw/who.gho.mdg-0000000007/2026/09/20260907T160930Z-3a49f2d0e7d2.json.gz,2
who.gho.mdg-0000000007,MDG_0000000007:IRN:SEX_MLE:AGEGROUP_YEARSUNDER5:WEALTHQUINTILE_TOTL,1975-01-01,2026-09-07T16:09:30Z,low,135.155692662,,who.gho.mdg-0000000007,raw/who.gho.mdg-0000000007/2026/09/20260907T160930Z-3a49f2d0e7d2.json.gz,2
who.gho.mdg-0000000007,MDG_0000000007:IRN:SEX_MLE:AGEGROUP_YEARSUNDER5:WEALTHQUINTILE_TOTL,1975-01-01,2026-09-07T16:09:30Z,restated_at,2026-08-05,,who.gho.mdg-0000000007,raw/who.gho.mdg-0000000007/2026/09/20260907T160930Z-3a49f2d0e7d2.json.gz,2
who.gho.mdg-0000000007,MDG_0000000007:IRN:SEX_MLE:AGEGROUP_YEARSUNDER5:WEALTHQUINTILE_TOTL,1975-01-01,2026-09-07T16:09:30Z,value,153.143639901,,who.gho.mdg-0000000007,raw/who.gho.mdg-0000000007/2026/09/20260907T160930Z-3a49f2d0e7d2.json.gz,2
who.gho.mdg-0000000007,MDG_0000000007:IRQ:SEX_BTSX:AGEGROUP_YEARSUNDER5:WEALTHQUINTILE_TOTL,1975-01-01,2026-09-07T16:05:09Z,high,98.704546041,,who.gho.mdg-0000000007,raw/who.gho.mdg-0000000007/2026/09/20260907T160509Z-9066130499c7.json.gz,2
who.gho.mdg-0000000007,MDG_0000000007:IRQ:SEX_BTSX:AGEGROUP_YEARSUNDER5:WEALTHQUINTILE_TOTL,1975-01-01,2026-09-07T16:05:09Z,low,80.727281312,,who.gho.mdg-0000000007,raw/who.gho.mdg-0000000007/2026/09/20260907T160509Z-9066130499c7.json.gz,2
who.gho.mdg-0000000007,MDG_0000000007:IRQ:SEX_BTSX:AGEGROUP_YEARSUNDER5:WEALTHQUINTILE_TOTL,1975-01-01,2026-09-07T16:05:09Z,restated_at,2026-08-05,,who.gho.mdg-0000000007,raw/who.gho.mdg-0000000007/2026/09/20260907T160509Z-9066130499c7.json.gz,2
who.gho.mdg-0000000007,MDG_0000000007:IRQ:SEX_BTSX:AGEGROUP_YEARSUNDER5:WEALTHQUINTILE_TOTL,1975-01-01,2026-09-07T16:05:09Z,value,89.203667674,,who.gho.mdg-0000000007,raw/who.gho.mdg-0000000007/2026/09/20260907T160509Z-9066130499c7.json.gz,2
who.gho.mdg-0000000007,MDG_0000000007:IRQ:SEX_FMLE:AGEGROUP_YEARSUNDER5:WEALTHQUINTILE_TOTL,1975-01-01,2026-09-07T16:09:30Z,high,93.208521647,,who.gho.mdg-0000000007,raw/who.gho.mdg-0000000007/2026/09/20260907T160930Z-3a49f2d0e7d2.json.gz,2
who.gho.mdg-0000000007,MDG_0000000007:IRQ:SEX_FMLE:AGEGROUP_YEARSUNDER5:WEALTHQUINTILE_TOTL,1975-01-01,2026-09-07T16:09:30Z,low,75.305302505,,who.gho.mdg-0000000007,raw/who.gho.mdg-0000000007/2026/09/20260907T160930Z-3a49f2d0e7d2.json.gz,2
who.gho.mdg-0000000007,MDG_0000000007:IRQ:SEX_FMLE:AGEGROUP_YEARSUNDER5:WEALTHQUINTILE_TOTL,1975-01-01,2026-09-07T16:09:30Z,restated_at,2026-08-05,,who.gho.mdg-0000000007,raw/who.gho.mdg-0000000007/2026/09/20260907T160930Z-3a49f2d0e7d2.json.gz,2
who.gho.mdg-0000000007,MDG_0000000007:IRQ:SEX_FMLE:AGEGROUP_YEARSUNDER5:WEALTHQUINTILE_TOTL,1975-01-01,2026-09-07T16:09:30Z,value,83.825216877,,who.gho.mdg-0000000007,raw/who.gho.mdg-0000000007/2026/09/20260907T160930Z-3a49f2d0e7d2.json.gz,2
who.gho.mdg-0000000007,MDG_0000000007:IRQ:SEX_MLE:AGEGROUP_YEARSUNDER5:WEALTHQUINTILE_TOTL,1975-01-01,2026-09-07T16:08:38Z,high,104.82357315,,who.gho.mdg-0000000007,raw/who.gho.mdg-0000000007/2026/09/20260907T160838Z-ad9f959b97c6.json.gz,2
who.gho.mdg-0000000007,MDG_0000000007:IRQ:SEX_MLE:AGEGROUP_YEARSUNDER5:WEALTHQUINTILE_TOTL,1975-01-01,2026-09-07T16:08:38Z,low,85.035783988,,who.gho.mdg-0000000007,raw/who.gho.mdg-0000000007/2026/09/20260907T160838Z-ad9f959b97c6.json.gz,2
who.gho.mdg-0000000007,MDG_0000000007:IRQ:SEX_MLE:AGEGROUP_YEARSUNDER5:WEALTHQUINTILE_TOTL,1975-01-01,2026-09-07T16:08:38Z,restated_at,2026-08-05,,who.gho.mdg-0000000007,raw/who.gho.mdg-0000000007/2026/09/20260907T160838Z-ad9f959b97c6.json.gz,2
who.gho.mdg-0000000007,MDG_0000000007:IRQ:SEX_MLE:AGEGROUP_YEARSUNDER5:WEALTHQUINTILE_TOTL,1975-01-01,2026-09-07T16:08:38Z,value,94.252215608,,who.gho.mdg-0000000007,raw/who.gho.mdg-0000000007/2026/09/20260907T160838Z-ad9f959b97c6.json.gz,2
who.gho.mdg-0000000007,MDG_0000000007:ISL:SEX_BTSX:AGEGROUP_YEARSUNDER5:WEALTHQUINTILE_TOTL,1975-01-01,2026-09-07T16:10:03Z,high,13.783813023,,who.gho.mdg-0000000007,raw/who.gho.mdg-0000000007/2026/09/20260907T161003Z-9bcc9b7e7da4.json.gz,2
who.gho.mdg-0000000007,MDG_0000000007:ISL:SEX_BTSX:AGEGROUP_YEARSUNDER5:WEALTHQUINTILE_TOTL,1975-01-01,2026-09-07T16:10:03Z,low,11.95273913,,who.gho.mdg-0000000007,raw/who.gho.mdg-0000000007/2026/09/20260907T161003Z-9bcc9b7e7da4.json.gz,2
who.gho.mdg-0000000007,MDG_0000000007:ISL:SEX_BTSX:AGEGROUP_YEARSUNDER5:WEALTHQUINTILE_TOTL,1975-01-01,2026-09-07T16:10:03Z,restated_at,2026-08-05,,who.gho.mdg-0000000007,raw/who.gho.mdg-0000000007/2026/09/20260907T161003Z-9bcc9b7e7da4.json.gz,2
who.gho.mdg-0000000007,MDG_0000000007:ISL:SEX_BTSX:AGEGROUP_YEARSUNDER5:WEALTHQUINTILE_TOTL,1975-01-01,2026-09-07T16:10:03Z,value,12.849753891,,who.gho.mdg-0000000007,raw/who.gho.mdg-0000000007/2026/09/20260907T161003Z-9bcc9b7e7da4.json.gz,2
who.gho.mdg-0000000007,MDG_0000000007:ISL:SEX_FMLE:AGEGROUP_YEARSUNDER5:WEALTHQUINTILE_TOTL,1975-01-01,2026-09-07T16:09:26Z,high,12.512790081,,who.gho.mdg-0000000007,raw/who.gho.mdg-0000000007/2026/09/20260907T160926Z-3ee37906b339.json.gz,2
who.gho.mdg-0000000007,MDG_0000000007:ISL:SEX_FMLE:AGEGROUP_YEARSUNDER5:WEALTHQUINTILE_TOTL,1975-01-01,2026-09-07T16:09:26Z,low,10.652768844,,who.gho.mdg-0000000007,raw/who.gho.mdg-0000000007/2026/09/20260907T160926Z-3ee37906b339.json.gz,2
who.gho.mdg-0000000007,MDG_0000000007:ISL:SEX_FMLE:AGEGROUP_YEARSUNDER5:WEALTHQUINTILE_TOTL,1975-01-01,2026-09-07T16:09:26Z,restated_at,2026-08-05,,who.gho.mdg-0000000007,raw/who.gho.mdg-0000000007/2026/09/20260907T160926Z-3ee37906b339.json.gz,2
who.gho.mdg-0000000007,MDG_0000000007:ISL:SEX_FMLE:AGEGROUP_YEARSUNDER5:WEALTHQUINTILE_TOTL,1975-01-01,2026-09-07T16:09:26Z,value,11.548908534,,who.gho.mdg-0000000007,raw/who.gho.mdg-0000000007/2026/09/20260907T160926Z-3ee37906b339.json.gz,2
who.gho.mdg-0000000007,MDG_0000000007:ISL:SEX_MLE:AGEGROUP_YEARSUNDER5:WEALTHQUINTILE_TOTL,1975-01-01,2026-09-07T16:08:54Z,high,15.195761275,,who.gho.mdg-0000000007,raw/who.gho.mdg-0000000007/2026/09/20260907T160854Z-e3873ac72928.json.gz,2
who.gho.mdg-0000000007,MDG_0000000007:ISL:SEX_MLE:AGEGROUP_YEARSUNDER5:WEALTHQUINTILE_TOTL,1975-01-01,2026-09-07T16:08:54Z,low,13.029752589,,who.gho.mdg-0000000007,raw/who.gho.mdg-0000000007/2026/09/20260907T160854Z-e3873ac72928.json.gz,2
who.gho.mdg-0000000007,MDG_0000000007:ISL:SEX_MLE:AGEGROUP_YEARSUNDER5:WEALTHQUINTILE_TOTL,1975-01-01,2026-09-07T16:08:54Z,restated_at,2026-08-05,,who.gho.mdg-0000000007,raw/who.gho.mdg-0000000007/2026/09/20260907T160854Z-e3873ac72928.json.gz,2
who.gho.mdg-0000000007,MDG_0000000007:ISL:SEX_MLE:AGEGROUP_YEARSUNDER5:WEALTHQUINTILE_TOTL,1975-01-01,2026-09-07T16:08:54Z,value,14.079887911,,who.gho.mdg-0000000007,raw/who.gho.mdg-0000000007/2026/09/20260907T160854Z-e3873ac72928.json.gz,2
who.gho.mdg-0000000007,MDG_0000000007:ISR:SEX_BTSX:AGEGROUP_YEARSUNDER5:WEALTHQUINTILE_TOTL,1975-01-01,2026-09-07T16:09:41Z,high,25.707329041,,who.gho.mdg-0000000007,raw/who.gho.mdg-0000000007/2026/09/20260907T160941Z-845bd0fc2e92.json.gz,2
who.gho.mdg-0000000007,MDG_0000000007:ISR:SEX_BTSX:AGEGROUP_YEARSUNDER5:WEALTHQUINTILE_TOTL,1975-01-01,2026-09-07T16:09:41Z,low,24.043652239,,who.gho.mdg-0000000007,raw/who.gho.mdg-0000000007/2026/09/20260907T160941Z-845bd0fc2e92.json.gz,2
who.gho.mdg-0000000007,MDG_0000000007:ISR:SEX_BTSX:AGEGROUP_YEARSUNDER5:WEALTHQUINTILE_TOTL,1975-01-01,2026-09-07T16:09:41Z,restated_at,2026-08-05,,who.gho.mdg-0000000007,raw/who.gho.mdg-0000000007/2026/09/20260907T160941Z-845bd0fc2e92.json.gz,2
who.gho.mdg-0000000007,MDG_0000000007:ISR:SEX_BTSX:AGEGROUP_YEARSUNDER5:WEALTHQUINTILE_TOTL,1975-01-01,2026-09-07T16:09:41Z,value,24.808594189,,who.gho.mdg-0000000007,raw/who.gho.mdg-0000000007/2026/09/20260907T160941Z-845bd0fc2e92.json.gz,2
who.gho.mdg-0000000007,MDG_0000000007:ISR:SEX_FMLE:AGEGROUP_YEARSUNDER5:WEALTHQUINTILE_TOTL,1975-01-01,2026-09-07T16:09:54Z,high,23.702452635,,who.gho.mdg-0000000007,raw/who.gho.mdg-0000000007/2026/09/20260907T160954Z-3426e3999bb4.json.gz,2
who.gho.mdg-0000000007,MDG_0000000007:ISR:SEX_FMLE:AGEGROUP_YEARSUNDER5:WEALTHQUINTILE_TOTL,1975-01-01,2026-09-07T16:09:54Z,low,22.010012943,,who.gho.mdg-0000000007,raw/who.gho.mdg-0000000007/2026/09/20260907T160954Z-3426e3999bb4.json.gz,2
who.gho.mdg-0000000007,MDG_0000000007:ISR:SEX_FMLE:AGEGROUP_YEARSUNDER5:WEALTHQUINTILE_TOTL,1975-01-01,2026-09-07T16:09:54Z,restated_at,2026-08-05,,who.gho.mdg-0000000007,raw/who.gho.mdg-0000000007/2026/09/20260907T160954Z-3426e3999bb4.json.gz,2
who.gho.mdg-0000000007,MDG_0000000007:ISR:SEX_FMLE:AGEGROUP_YEARSUNDER5:WEALTHQUINTILE_TOTL,1975-01-01,2026-09-07T16:09:54Z,value,22.808218367,,who.gho.mdg-0000000007,raw/who.gho.mdg-0000000007/2026/09/20260907T160954Z-3426e3999bb4.json.gz,2
who.gho.mdg-0000000007,MDG_0000000007:ISR:SEX_MLE:AGEGROUP_YEARSUNDER5:WEALTHQUINTILE_TOTL,1975-01-01,2026-09-07T16:10:07Z,high,27.770930577,,who.gho.mdg-0000000007,raw/who.gho.mdg-0000000007/2026/09/20260907T161007Z-28c6cde3082c.json.gz,2
who.gho.mdg-0000000007,MDG_0000000007:ISR:SEX_MLE:AGEGROUP_YEARSUNDER5:WEALTHQUINTILE_TOTL,1975-01-01,2026-09-07T16:10:07Z,low,25.819776518,,who.gho.mdg-0000000007,raw/who.gho.mdg-0000000007/2026/09/20260907T161007Z-28c6cde3082c.json.gz,2
who.gho.mdg-0000000007,MDG_0000000007:ISR:SEX_MLE:AGEGROUP_YEARSUNDER5:WEALTHQUINTILE_TOTL,1975-01-01,2026-09-07T16:10:07Z,restated_at,2026-08-05,,who.gho.mdg-0000000007,raw/who.gho.mdg-0000000007/2026/09/20260907T161007Z-28c6cde3082c.json.gz,2
who.gho.mdg-0000000007,MDG_0000000007:ISR:SEX_MLE:AGEGROUP_YEARSUNDER5:WEALTHQUINTILE_TOTL,1975-01-01,2026-09-07T16:10:07Z,value,26.722127951,,who.gho.mdg-0000000007,raw/who.gho.mdg-0000000007/2026/09/20260907T161007Z-28c6cde3082c.json.gz,2
who.gho.mdg-0000000007,MDG_0000000007:ITA:SEX_BTSX:AGEGROUP_YEARSUNDER5:WEALTHQUINTILE_TOTL,1975-01-01,2026-09-07T16:10:49Z,high,23.540002694,,who.gho.mdg-0000000007,raw/who.gho.mdg-0000000007/2026/09/20260907T161049Z-6866f52a9543.json.gz,2
who.gho.mdg-0000000007,MDG_0000000007:ITA:SEX_BTSX:AGEGROUP_YEARSUNDER5:WEALTHQUINTILE_TOTL,1975-01-01,2026-09-07T16:10:49Z,low,22.648037709,,who.gho.mdg-0000000007,raw/who.gho.mdg-0000000007/2026/09/20260907T161049Z-6866f52a9543.json.gz,2
who.gho.mdg-0000000007,MDG_0000000007:ITA:SEX_BTSX:AGEGROUP_YEARSUNDER5:WEALTHQUINTILE_TOTL,1975-01-01,2026-09-07T16:10:49Z,restated_at,2026-08-05,,who.gho.mdg-0000000007,raw/who.gho.mdg-0000000007/2026/09/20260907T161049Z-6866f52a9543.json.gz,2
who.gho.mdg-0000000007,MDG_0000000007:ITA:SEX_BTSX:AGEGROUP_YEARSUNDER5:WEALTHQUINTILE_TOTL,1975-01-01,2026-09-07T16:10:49Z,value,23.083556527,,who.gho.mdg-0000000007,raw/who.gho.mdg-0000000007/2026/09/20260907T161049Z-6866f52a9543.json.gz,2
who.gho.mdg-0000000007,MDG_0000000007:ITA:SEX_FMLE:AGEGROUP_YEARSUNDER5:WEALTHQUINTILE_TOTL,1975-01-01,2026-09-07T16:06:11Z,high,20.92032256,,who.gho.mdg-0000000007,raw/who.gho.mdg-0000000007/2026/09/20260907T160611Z-e868f3030ca5.json.gz,2
who.gho.mdg-0000000007,MDG_0000000007:ITA:SEX_FMLE:AGEGROUP_YEARSUNDER5:WEALTHQUINTILE_TOTL,1975-01-01,2026-09-07T16:06:11Z,low,20.057486567,,who.gho.mdg-0000000007,raw/who.gho.mdg-0000000007/2026/09/20260907T160611Z-e868f3030ca5.json.gz,2
who.gho.mdg-0000000007,MDG_0000000007:ITA:SEX_FMLE:AGEGROUP_YEARSUNDER5:WEALTHQUINTILE_TOTL,1975-01-01,2026-09-07T16:06:11Z,restated_at,2026-08-05,,who.gho.mdg-0000000007,raw/who.gho.mdg-0000000007/2026/09/20260907T160611Z-e868f3030ca5.json.gz,2
who.gho.mdg-0000000007,MDG_0000000007:ITA:SEX_FMLE:AGEGROUP_YEARSUNDER5:WEALTHQUINTILE_TOTL,1975-01-01,2026-09-07T16:06:11Z,value,20.473488733,,who.gho.mdg-0000000007,raw/who.gho.mdg-0000000007/2026/09/20260907T160611Z-e868f3030ca5.json.gz,2
who.gho.mdg-0000000007,MDG_0000000007:ITA:SEX_MLE:AGEGROUP_YEARSUNDER5:WEALTHQUINTILE_TOTL,1975-01-01,2026-09-07T16:09:03Z,high,26.08714016,,who.gho.mdg-0000000007,raw/who.gho.mdg-0000000007/2026/09/20260907T160903Z-df09845b881e.json.gz,2
who.gho.mdg-0000000007,MDG_0000000007:ITA:SEX_MLE:AGEGROUP_YEARSUNDER5:WEALTHQUINTILE_TOTL,1975-01-01,2026-09-07T16:09:03Z,low,25.049138683,,who.gho.mdg-0000000007,raw/who.gho.mdg-0000000007/2026/09/20260907T160903Z-df09845b881e.json.gz,2
who.gho.mdg-0000000007,MDG_0000000007:ITA:SEX_MLE:AGEGROUP_YEARSUNDER5:WEALTHQUINTILE_TOTL,1975-01-01,2026-09-07T16:09:03Z,restated_at,2026-08-05,,who.gho.mdg-0000000007,raw/who.gho.mdg-0000000007/2026/09/20260907T160903Z-df09845b881e.json.gz,2
who.gho.mdg-0000000007,MDG_0000000007:ITA:SEX_MLE:AGEGROUP_YEARSUNDER5:WEALTHQUINTILE_TOTL,1975-01-01,2026-09-07T16:09:03Z,value,25.566586013,,who.gho.mdg-0000000007,raw/who.gho.mdg-0000000007/2026/09/20260907T160903Z-df09845b881e.json.gz,2
who.gho.mdg-0000000007,MDG_0000000007:JAM:SEX_BTSX:AGEGROUP_YEARSUNDER5:WEALTHQUINTILE_TOTL,1975-01-01,2026-09-07T16:05:48Z,high,53.069561749,,who.gho.mdg-0000000007,raw/who.gho.mdg-0000000007/2026/09/20260907T160548Z-1609a76f5ecc.json.gz,2
who.gho.mdg-0000000007,MDG_0000000007:JAM:SEX_BTSX:AGEGROUP_YEARSUNDER5:WEALTHQUINTILE_TOTL,1975-01-01,2026-09-07T16:05:48Z,low,38.056698414,,who.gho.mdg-0000000007,raw/who.gho.mdg-0000000007/2026/09/20260907T160548Z-1609a76f5ecc.json.gz,2
who.gho.mdg-0000000007,MDG_0000000007:JAM:SEX_BTSX:AGEGROUP_YEARSUNDER5:WEALTHQUINTILE_TOTL,1975-01-01,2026-09-07T16:05:48Z,restated_at,2026-08-05,,who.gho.mdg-0000000007,raw/who.gho.mdg-0000000007/2026/09/20260907T160548Z-1609a76f5ecc.json.gz,2
who.gho.mdg-0000000007,MDG_0000000007:JAM:SEX_BTSX:AGEGROUP_YEARSUNDER5:WEALTHQUINTILE_TOTL,1975-01-01,2026-09-07T16:05:48Z,value,44.965547666,,who.gho.mdg-0000000007,raw/who.gho.mdg-0000000007/2026/09/20260907T160548Z-1609a76f5ecc.json.gz,2
who.gho.mdg-0000000007,MDG_0000000007:JAM:SEX_FMLE:AGEGROUP_YEARSUNDER5:WEALTHQUINTILE_TOTL,1975-01-01,2026-09-07T16:09:30Z,high,47.377943803,,who.gho.mdg-0000000007,raw/who.gho.mdg-0000000007/2026/09/20260907T160930Z-3a49f2d0e7d2.json.gz,2
who.gho.mdg-0000000007,MDG_0000000007:JAM:SEX_FMLE:AGEGROUP_YEARSUNDER5:WEALTHQUINTILE_TOTL,1975-01-01,2026-09-07T16:09:30Z,low,33.545218195,,who.gho.mdg-0000000007,raw/who.gho.mdg-0000000007/2026/09/20260907T160930Z-3a49f2d0e7d2.json.gz,2
who.gho.mdg-0000000007,MDG_0000000007:JAM:SEX_FMLE:AGEGROUP_YEARSUNDER5:WEALTHQUINTILE_TOTL,1975-01-01,2026-09-07T16:09:30Z,restated_at,2026-08-05,,who.gho.mdg-0000000007,raw/who.gho.mdg-0000000007/2026/09/20260907T160930Z-3a49f2d0e7d2.json.gz,2
who.gho.mdg-0000000007,MDG_0000000007:JAM:SEX_FMLE:AGEGROUP_YEARSUNDER5:WEALTHQUINTILE_TOTL,1975-01-01,2026-09-07T16:09:30Z,value,39.919672023,,who.gho.mdg-0000000007,raw/who.gho.mdg-0000000007/2026/09/20260907T160930Z-3a49f2d0e7d2.json.gz,2
who.gho.mdg-0000000007,MDG_0000000007:JAM:SEX_MLE:AGEGROUP_YEARSUNDER5:WEALTHQUINTILE_TOTL,1975-01-01,2026-09-07T16:10:33Z,high,58.790527868,,who.gho.mdg-0000000007,raw/who.gho.mdg-0000000007/2026/09/20260907T161033Z-0396663e197a.json.gz,2
who.gho.mdg-0000000007,MDG_0000000007:JAM:SEX_MLE:AGEGROUP_YEARSUNDER5:WEALTHQUINTILE_TOTL,1975-01-01,2026-09-07T16:10:33Z,low,42.053185495,,who.gho.mdg-0000000007,raw/who.gho.mdg-0000000007/2026/09/20260907T161033Z-0396663e197a.json.gz,2
who.gho.mdg-0000000007,MDG_0000000007:JAM:SEX_MLE:AGEGROUP_YEARSUNDER5:WEALTHQUINTILE_TOTL,1975-01-01,2026-09-07T16:10:33Z,restated_at,2026-08-05,,who.gho.mdg-0000000007,raw/who.gho.mdg-0000000007/2026/09/20260907T161033Z-0396663e197a.json.gz,2
who.gho.mdg-0000000007,MDG_0000000007:JAM:SEX_MLE:AGEGROUP_YEARSUNDER5:WEALTHQUINTILE_TOTL,1975-01-01,2026-09-07T16:10:33Z,value,49.766925057,,who.gho.mdg-0000000007,raw/who.gho.mdg-0000000007/2026/09/20260907T161033Z-0396663e197a.json.gz,2
who.gho.mdg-0000000007,MDG_0000000007:JOR:SEX_BTSX:AGEGROUP_YEARSUNDER5:WEALTHQUINTILE_TOTL,1975-01-01,2026-09-07T16:09:22Z,high,75.397097617,,who.gho.mdg-0000000007,raw/who.gho.mdg-0000000007/2026/09/20260907T160922Z-b03be7779b07.json.gz,2
who.gho.mdg-0000000007,MDG_0000000007:JOR:SEX_BTSX:AGEGROUP_YEARSUNDER5:WEALTHQUINTILE_TOTL,1975-01-01,2026-09-07T16:09:22Z,low,65.546955753,,who.gho.mdg-0000000007,raw/who.gho.mdg-0000000007/2026/09/20260907T160922Z-b03be7779b07.json.gz,2
who.gho.mdg-0000000007,MDG_0000000007:JOR:SEX_BTSX:AGEGROUP_YEARSUNDER5:WEALTHQUINTILE_TOTL,1975-01-01,2026-09-07T16:09:22Z,restated_at,2026-08-05,,who.gho.mdg-0000000007,raw/who.gho.mdg-0000000007/2026/09/20260907T160922Z-b03be7779b07.json.gz,2
who.gho.mdg-0000000007,MDG_0000000007:JOR:SEX_BTSX:AGEGROUP_YEARSUNDER5:WEALTHQUINTILE_TOTL,1975-01-01,2026-09-07T16:09:22Z,value,70.20898063,,who.gho.mdg-0000000007,raw/who.gho.mdg-0000000007/2026/09/20260907T160922Z-b03be7779b07.json.gz,2
who.gho.mdg-0000000007,MDG_0000000007:JOR:SEX_FMLE:AGEGROUP_YEARSUNDER5:WEALTHQUINTILE_TOTL,1975-01-01,2026-09-07T16:06:16Z,high,75.466714269,,who.gho.mdg-0000000007,raw/who.gho.mdg-0000000007/2026/09/20260907T160616Z-615f6bfccb87.json.gz,2
who.gho.mdg-0000000007,MDG_0000000007:JOR:SEX_FMLE:AGEGROUP_YEARSUNDER5:WEALTHQUINTILE_TOTL,1975-01-01,2026-09-07T16:06:16Z,low,65.082929753,,who.gho.mdg-0000000007,raw/who.gho.mdg-0000000007/2026/09/20260907T160616Z-615f6bfccb87.json.gz,2
who.gho.mdg-0000000007,MDG_0000000007:JOR:SEX_FMLE:AGEGROUP_YEARSUNDER5:WEALTHQUINTILE_TOTL,1975-01-01,2026-09-07T16:06:16Z,restated_at,2026-08-05,,who.gho.mdg-0000000007,raw/who.gho.mdg-0000000007/2026/09/20260907T160616Z-615f6bfccb87.json.gz,2
who.gho.mdg-0000000007,MDG_0000000007:JOR:SEX_FMLE:AGEGROUP_YEARSUNDER5:WEALTHQUINTILE_TOTL,1975-01-01,2026-09-07T16:06:16Z,value,69.956562045,,who.gho.mdg-0000000007,raw/who.gho.mdg-0000000007/2026/09/20260907T160616Z-615f6bfccb87.json.gz,2
who.gho.mdg-0000000007,MDG_0000000007:JOR:SEX_MLE:AGEGROUP_YEARSUNDER5:WEALTHQUINTILE_TOTL,1975-01-01,2026-09-07T16:06:29Z,high,75.848615977,,who.gho.mdg-0000000007,raw/who.gho.mdg-0000000007/2026/09/20260907T160629Z-f6ed87825938.json.gz,2
who.gho.mdg-0000000007,MDG_0000000007:JOR:SEX_MLE:AGEGROUP_YEARSUNDER5:WEALTHQUINTILE_TOTL,1975-01-01,2026-09-07T16:06:29Z,low,65.489403892,,who.gho.mdg-0000000007,raw/who.gho.mdg-0000000007/2026/09/20260907T160629Z-f6ed87825938.json.gz,2
who.gho.mdg-0000000007,MDG_0000000007:JOR:SEX_MLE:AGEGROUP_YEARSUNDER5:WEALTHQUINTILE_TOTL,1975-01-01,2026-09-07T16:06:29Z,restated_at,2026-08-05,,who.gho.mdg-0000000007,raw/who.gho.mdg-0000000007/2026/09/20260907T160629Z-f6ed87825938.json.gz,2
who.gho.mdg-0000000007,MDG_0000000007:JOR:SEX_MLE:AGEGROUP_YEARSUNDER5:WEALTHQUINTILE_TOTL,1975-01-01,2026-09-07T16:06:29Z,value,70.418741055,,who.gho.mdg-0000000007,raw/who.gho.mdg-0000000007/2026/09/20260907T160629Z-f6ed87825938.json.gz,2
who.gho.mdg-0000000007,MDG_0000000007:JPN:SEX_BTSX:AGEGROUP_YEARSUNDER5:WEALTHQUINTILE_TOTL,1975-01-01,2026-09-07T16:06:16Z,high,13.52674209,,who.gho.mdg-0000000007,raw/who.gho.mdg-0000000007/2026/09/20260907T160616Z-615f6bfccb87.json.gz,2
who.gho.mdg-0000000007,MDG_0000000007:JPN:SEX_BTSX:AGEGROUP_YEARSUNDER5:WEALTHQUINTILE_TOTL,1975-01-01,2026-09-07T16:06:16Z,low,13.025960022,,who.gho.mdg-0000000007,raw/who.gho.mdg-0000000007/2026/09/20260907T160616Z-615f6bfccb87.json.gz,2
who.gho.mdg-0000000007,MDG_0000000007:JPN:SEX_BTSX:AGEGROUP_YEARSUNDER5:WEALTHQUINTILE_TOTL,1975-01-01,2026-09-07T16:06:16Z,restated_at,2026-08-05,,who.gho.mdg-0000000007,raw/who.gho.mdg-0000000007/2026/09/20260907T160616Z-615f6bfccb87.json.gz,2
who.gho.mdg-0000000007,MDG_0000000007:JPN:SEX_BTSX:AGEGROUP_YEARSUNDER5:WEALTHQUINTILE_TOTL,1975-01-01,2026-09-07T16:06:16Z,value,13.268373423,,who.gho.mdg-0000000007,raw/who.gho.mdg-0000000007/2026/09/20260907T160616Z-615f6bfccb87.json.gz,2
who.gho.mdg-0000000007,MDG_0000000007:JPN:SEX_FMLE:AGEGROUP_YEARSUNDER5:WEALTHQUINTILE_TOTL,1975-01-01,2026-09-07T16:09:34Z,high,11.813056537,,who.gho.mdg-0000000007,raw/who.gho.mdg-0000000007/2026/09/20260907T160934Z-f7f0902b1194.json.gz,2
who.gho.mdg-0000000007,MDG_0000000007:JPN:SEX_FMLE:AGEGROUP_YEARSUNDER5:WEALTHQUINTILE_TOTL,1975-01-01,2026-09-07T16:09:34Z,low,11.336372256,,who.gho.mdg-0000000007,raw/who.gho.mdg-0000000007/2026/09/20260907T160934Z-f7f0902b1194.json.gz,2
who.gho.mdg-0000000007,MDG_0000000007:JPN:SEX_FMLE:AGEGROUP_YEARSUNDER5:WEALTHQUINTILE_TOTL,1975-01-01,2026-09-07T16:09:34Z,restated_at,2026-08-05,,who.gho.mdg-0000000007,raw/who.gho.mdg-0000000007/2026/09/20260907T160934Z-f7f0902b1194.json.gz,2
who.gho.mdg-0000000007,MDG_0000000007:JPN:SEX_FMLE:AGEGROUP_YEARSUNDER5:WEALTHQUINTILE_TOTL,1975-01-01,2026-09-07T16:09:34Z,value,11.571327034,,who.gho.mdg-0000000007,raw/who.gho.mdg-0000000007/2026/09/20260907T160934Z-f7f0902b1194.json.gz,2
who.gho.mdg-0000000007,MDG_0000000007:JPN:SEX_MLE:AGEGROUP_YEARSUNDER5:WEALTHQUINTILE_TOTL,1975-01-01,2026-09-07T16:05:57Z,high,15.18532894,,who.gho.mdg-0000000007,raw/who.gho.mdg-0000000007/2026/09/20260907T160557Z-c8e786907d46.json.gz,2
who.gho.mdg-0000000007,MDG_0000000007:JPN:SEX_MLE:AGEGROUP_YEARSUNDER5:WEALTHQUINTILE_TOTL,1975-01-01,2026-09-07T16:05:57Z,low,14.607118631,,who.gho.mdg-0000000007,raw/who.gho.mdg-0000000007/2026/09/20260907T160557Z-c8e786907d46.json.gz,2
who.gho.mdg-0000000007,MDG_0000000007:JPN:SEX_MLE:AGEGROUP_YEARSUNDER5:WEALTHQUINTILE_TOTL,1975-01-01,2026-09-07T16:05:57Z,restated_at,2026-08-05,,who.gho.mdg-0000000007,raw/who.gho.mdg-0000000007/2026/09/20260907T160557Z-c8e786907d46.json.gz,2
who.gho.mdg-0000000007,MDG_0000000007:JPN:SEX_MLE:AGEGROUP_YEARSUNDER5:WEALTHQUINTILE_TOTL,1975-01-01,2026-09-07T16:05:57Z,value,14.889093856,,who.gho.mdg-0000000007,raw/who.gho.mdg-0000000007/2026/09/20260907T160557Z-c8e786907d46.json.gz,2
who.gho.mdg-0000000007,MDG_0000000007:KAZ:SEX_BTSX:AGEGROUP_YEARSUNDER5:WEALTHQUINTILE_TOTL,1975-01-01,2026-09-07T16:09:59Z,high,90.193350307,,who.gho.mdg-0000000007,raw/who.gho.mdg-0000000007/2026/09/20260907T160959Z-e41937f31aea.json.gz,2
who.gho.mdg-0000000007,MDG_0000000007:KAZ:SEX_BTSX:AGEGROUP_YEARSUNDER5:WEALTHQUINTILE_TOTL,1975-01-01,2026-09-07T16:09:59Z,low,67.253382151,,who.gho.mdg-0000000007,raw/who.gho.mdg-0000000007/2026/09/20260907T160959Z-e41937f31aea.json.gz,2
who.gho.mdg-0000000007,MDG_0000000007:KAZ:SEX_BTSX:AGEGROUP_YEARSUNDER5:WEALTHQUINTILE_TOTL,1975-01-01,2026-09-07T16:09:59Z,restated_at,2026-08-05,,who.gho.mdg-0000000007,raw/who.gho.mdg-0000000007/2026/09/20260907T160959Z-e41937f31aea.json.gz,2
who.gho.mdg-0000000007,MDG_0000000007:KAZ:SEX_BTSX:AGEGROUP_YEARSUNDER5:WEALTHQUINTILE_TOTL,1975-01-01,2026-09-07T16:09:59Z,value,78.063711516,,who.gho.mdg-0000000007,raw/who.gho.mdg-0000000007/2026/09/20260907T160959Z-e41937f31aea.json.gz,2
who.gho.mdg-0000000007,MDG_0000000007:KAZ:SEX_FMLE:AGEGROUP_YEARSUNDER5:WEALTHQUINTILE_TOTL,1975-01-01,2026-09-07T16:06:26Z,high,80.435033667,,who.gho.mdg-0000000007,raw/who.gho.mdg-0000000007/2026/09/20260907T160626Z-083ef708c2ee.json.gz,2
who.gho.mdg-0000000007,MDG_0000000007:KAZ:SEX_FMLE:AGEGROUP_YEARSUNDER5:WEALTHQUINTILE_TOTL,1975-01-01,2026-09-07T16:06:26Z,low,59.21329698,,who.gho.mdg-0000000007,raw/who.gho.mdg-0000000007/2026/09/20260907T160626Z-083ef708c2ee.json.gz,2
who.gho.mdg-0000000007,MDG_0000000007:KAZ:SEX_FMLE:AGEGROUP_YEARSUNDER5:WEALTHQUINTILE_TOTL,1975-01-01,2026-09-07T16:06:26Z,restated_at,2026-08-05,,who.gho.mdg-0000000007,raw/who.gho.mdg-0000000007/2026/09/20260907T160626Z-083ef708c2ee.json.gz,2
who.gho.mdg-0000000007,MDG_0000000007:KAZ:SEX_FMLE:AGEGROUP_YEARSUNDER5:WEALTHQUINTILE_TOTL,1975-01-01,2026-09-07T16:06:26Z,value,68.918117749,,who.gho.mdg-0000000007,raw/who.gho.mdg-0000000007/2026/09/20260907T160626Z-083ef708c2ee.json.gz,2
who.gho.mdg-0000000007,MDG_0000000007:KAZ:SEX_MLE:AGEGROUP_YEARSUNDER5:WEALTHQUINTILE_TOTL,1975-01-01,2026-09-07T16:11:01Z,high,100.670096115,,who.gho.mdg-0000000007,raw/who.gho.mdg-0000000007/2026/09/20260907T161101Z-fc76d9a7e10d.json.gz,2
who.gho.mdg-0000000007,MDG_0000000007:KAZ:SEX_MLE:AGEGROUP_YEARSUNDER5:WEALTHQUINTILE_TOTL,1975-01-01,2026-09-07T16:11:01Z,low,74.306342453,,who.gho.mdg-0000000007,raw/who.gho.mdg-0000000007/2026/09/20260907T161101Z-fc76d9a7e10d.json.gz,2
who.gho.mdg-0000000007,MDG_0000000007:KAZ:SEX_MLE:AGEGROUP_YEARSUNDER5:WEALTHQUINTILE_TOTL,1975-01-01,2026-09-07T16:11:01Z,restated_at,2026-08-05,,who.gho.mdg-0000000007,raw/who.gho.mdg-0000000007/2026/09/20260907T161101Z-fc76d9a7e10d.json.gz,2
who.gho.mdg-0000000007,MDG_0000000007:KAZ:SEX_MLE:AGEGROUP_YEARSUNDER5:WEALTHQUINTILE_TOTL,1975-01-01,2026-09-07T16:11:01Z,value,86.593526485,,who.gho.mdg-0000000007,raw/who.gho.mdg-0000000007/2026/09/20260907T161101Z-fc76d9a7e10d.json.gz,2
who.gho.mdg-0000000007,MDG_0000000007:KEN:SEX_BTSX:AGEGROUP_YEARSUNDER5:WEALTHQUINTILE_TOTL,1975-01-01,2026-09-07T16:10:03Z,high,140.598160811,,who.gho.mdg-0000000007,raw/who.gho.mdg-0000000007/2026/09/20260907T161003Z-9bcc9b7e7da4.json.gz,2
who.gho.mdg-0000000007,MDG_0000000007:KEN:SEX_BTSX:AGEGROUP_YEARSUNDER5:WEALTHQUINTILE_TOTL,1975-01-01,2026-09-07T16:10:03Z,low,122.130023257,,who.gho.mdg-0000000007,raw/who.gho.mdg-0000000007/2026/09/20260907T161003Z-9bcc9b7e7da4.json.gz,2
who.gho.mdg-0000000007,MDG_0000000007:KEN:SEX_BTSX:AGEGROUP_YEARSUNDER5:WEALTHQUINTILE_TOTL,1975-01-01,2026-09-07T16:10:03Z,restated_at,2026-08-05,,who.gho.mdg-0000000007,raw/who.gho.mdg-0000000007/2026/09/20260907T161003Z-9bcc9b7e7da4.json.gz,2
who.gho.mdg-0000000007,MDG_0000000007:KEN:SEX_BTSX:AGEGROUP_YEARSUNDER5:WEALTHQUINTILE_TOTL,1975-01-01,2026-09-07T16:10:03Z,value,130.988095027,,who.gho.mdg-0000000007,raw/who.gho.mdg-0000000007/2026/09/20260907T161003Z-9bcc9b7e7da4.json.gz,2
who.gho.mdg-0000000007,MDG_0000000007:KEN:SEX_FMLE:AGEGROUP_YEARSUNDER5:WEALTHQUINTILE_TOTL,1975-01-01,2026-09-07T16:10:45Z,high,133.854330664,,who.gho.mdg-0000000007,raw/who.gho.mdg-0000000007/2026/09/20260907T161045Z-53a7d24c459b.json.gz,2
who.gho.mdg-0000000007,MDG_0000000007:KEN:SEX_FMLE:AGEGROUP_YEARSUNDER5:WEALTHQUINTILE_TOTL,1975-01-01,2026-09-07T16:10:45Z,low,115.364810078,,who.gho.mdg-0000000007,raw/who.gho.mdg-0000000007/2026/09/20260907T161045Z-53a7d24c459b.json.gz,2
who.gho.mdg-0000000007,MDG_0000000007:KEN:SEX_FMLE:AGEGROUP_YEARSUNDER5:WEALTHQUINTILE_TOTL,1975-01-01,2026-09-07T16:10:45Z,restated_at,2026-08-05,,who.gho.mdg-0000000007,raw/who.gho.mdg-0000000007/2026/09/20260907T161045Z-53a7d24c459b.json.gz,2
who.gho.mdg-0000000007,MDG_0000000007:KEN:SEX_FMLE:AGEGROUP_YEARSUNDER5:WEALTHQUINTILE_TOTL,1975-01-01,2026-09-07T16:10:45Z,value,124.290057333,,who.gho.mdg-0000000007,raw/who.gho.mdg-0000000007/2026/09/20260907T161045Z-53a7d24c459b.json.gz,2
who.gho.mdg-0000000007,MDG_0000000007:KEN:SEX_MLE:AGEGROUP_YEARSUNDER5:WEALTHQUINTILE_TOTL,1975-01-01,2026-09-07T16:05:31Z,high,147.832362266,,who.gho.mdg-0000000007,raw/who.gho.mdg-0000000007/2026/09/20260907T160531Z-a90a9bba0858.json.gz,2
who.gho.mdg-0000000007,MDG_0000000007:KEN:SEX_MLE:AGEGROUP_YEARSUNDER5:WEALTHQUINTILE_TOTL,1975-01-01,2026-09-07T16:05:31Z,low,127.696666713,,who.gho.mdg-0000000007,raw/who.gho.mdg-0000000007/2026/09/20260907T160531Z-a90a9bba0858.json.gz,2
who.gho.mdg-0000000007,MDG_0000000007:KEN:SEX_MLE:AGEGROUP_YEARSUNDER5:WEALTHQUINTILE_TOTL,1975-01-01,2026-09-07T16:05:31Z,restated_at,2026-08-05,,who.gho.mdg-0000000007,raw/who.gho.mdg-0000000007/2026/09/20260907T160531Z-a90a9bba0858.json.gz,2
who.gho.mdg-0000000007,MDG_0000000007:KEN:SEX_MLE:AGEGROUP_YEARSUNDER5:WEALTHQUINTILE_TOTL,1975-01-01,2026-09-07T16:05:31Z,value,137.357030077,,who.gho.mdg-0000000007,raw/who.gho.mdg-0000000007/2026/09/20260907T160531Z-a90a9bba0858.json.gz,2
who.gho.mdg-0000000007,MDG_0000000007:KGZ:SEX_BTSX:AGEGROUP_YEARSUNDER5:WEALTHQUINTILE_TOTL,1975-01-01,2026-09-07T16:05:57Z,high,147.893684806,,who.gho.mdg-0000000007,raw/who.gho.mdg-0000000007/2026/09/20260907T160557Z-c8e786907d46.json.gz,2
who.gho.mdg-0000000007,MDG_0000000007:KGZ:SEX_BTSX:AGEGROUP_YEARSUNDER5:WEALTHQUINTILE_TOTL,1975-01-01,2026-09-07T16:05:57Z,low,86.495745178,,who.gho.mdg-0000000007,raw/who.gho.mdg-0000000007/2026/09/20260907T160557Z-c8e786907d46.json.gz,2
who.gho.mdg-0000000007,MDG_0000000007:KGZ:SEX_BTSX:AGEGROUP_YEARSUNDER5:WEALTHQUINTILE_TOTL,1975-01-01,2026-09-07T16:05:57Z,restated_at,2026-08-05,,who.gho.mdg-0000000007,raw/who.gho.mdg-0000000007/2026/09/20260907T160557Z-c8e786907d46.json.gz,2
who.gho.mdg-0000000007,MDG_0000000007:KGZ:SEX_BTSX:AGEGROUP_YEARSUNDER5:WEALTHQUINTILE_TOTL,1975-01-01,2026-09-07T16:05:57Z,value,113.452491403,,who.gho.mdg-0000000007,raw/who.gho.mdg-0000000007/2026/09/20260907T160557Z-c8e786907d46.json.gz,2
who.gho.mdg-0000000007,MDG_0000000007:KHM:SEX_BTSX:AGEGROUP_YEARSUNDER5:WEALTHQUINTILE_TOTL,1975-01-01,2026-09-07T16:09:46Z,high,664.155250924,,who.gho.mdg-0000000007,raw/who.gho.mdg-0000000007/2026/09/20260907T160946Z-716d23d235ed.json.gz,2
who.gho.mdg-0000000007,MDG_0000000007:KHM:SEX_BTSX:AGEGROUP_YEARSUNDER5:WEALTHQUINTILE_TOTL,1975-01-01,2026-09-07T16:09:46Z,low,423.826232706,,who.gho.mdg-0000000007,raw/who.gho.mdg-0000000007/2026/09/20260907T160946Z-716d23d235ed.json.gz,2
who.gho.mdg-0000000007,MDG_0000000007:KHM:SEX_BTSX:AGEGROUP_YEARSUNDER5:WEALTHQUINTILE_TOTL,1975-01-01,2026-09-07T16:09:46Z,restated_at,2026-08-05,,who.gho.mdg-0000000007,raw/who.gho.mdg-0000000007/2026/09/20260907T160946Z-716d23d235ed.json.gz,2
who.gho.mdg-0000000007,MDG_0000000007:KHM:SEX_BTSX:AGEGROUP_YEARSUNDER5:WEALTHQUINTILE_TOTL,1975-01-01,2026-09-07T16:09:46Z,value,534.999944538,,who.gho.mdg-0000000007,raw/who.gho.mdg-0000000007/2026/09/20260907T160946Z-716d23d235ed.json.gz,2
who.gho.mdg-0000000007,MDG_0000000007:KIR:SEX_BTSX:AGEGROUP_YEARSUNDER5:WEALTHQUINTILE_TOTL,1975-01-01,2026-09-07T16:10:41Z,high,142.652323607,,who.gho.mdg-0000000007,raw/who.gho.mdg-0000000007/2026/09/20260907T161041Z-4752b74784e1.json.gz,2
who.gho.mdg-0000000007,MDG_0000000007:KIR:SEX_BTSX:AGEGROUP_YEARSUNDER5:WEALTHQUINTILE_TOTL,1975-01-01,2026-09-07T16:10:41Z,low,109.63872435,,who.gho.mdg-0000000007,raw/who.gho.mdg-0000000007/2026/09/20260907T161041Z-4752b74784e1.json.gz,2
who.gho.mdg-0000000007,MDG_0000000007:KIR:SEX_BTSX:AGEGROUP_YEARSUNDER5:WEALTHQUINTILE_TOTL,1975-01-01,2026-09-07T16:10:41Z,restated_at,2026-08-05,,who.gho.mdg-0000000007,raw/who.gho.mdg-0000000007/2026/09/20260907T161041Z-4752b74784e1.json.gz,2
who.gho.mdg-0000000007,MDG_0000000007:KIR:SEX_BTSX:AGEGROUP_YEARSUNDER5:WEALTHQUINTILE_TOTL,1975-01-01,2026-09-07T16:10:41Z,value,125.001687773,,who.gho.mdg-0000000007,raw/who.gho.mdg-0000000007/2026/09/20260907T161041Z-4752b74784e1.json.gz,2
who.gho.mdg-0000000007,MDG_0000000007:KIR:SEX_FMLE:AGEGROUP_YEARSUNDER5:WEALTHQUINTILE_TOTL,1975-01-01,2026-09-07T16:04:52Z,high,134.477443863,,who.gho.mdg-0000000007,raw/who.gho.mdg-0000000007/2026/09/20260907T160452Z-cad637d9cec2.json.gz,2
who.gho.mdg-0000000007,MDG_0000000007:KIR:SEX_FMLE:AGEGROUP_YEARSUNDER5:WEALTHQUINTILE_TOTL,1975-01-01,2026-09-07T16:04:52Z,low,102.71922684,,who.gho.mdg-0000000007,raw/who.gho.mdg-0000000007/2026/09/20260907T160452Z-cad637d9cec2.json.gz,2
who.gho.mdg-0000000007,MDG_0000000007:KIR:SEX_FMLE:AGEGROUP_YEARSUNDER5:WEALTHQUINTILE_TOTL,1975-01-01,2026-09-07T16:04:52Z,restated_at,2026-08-05,,who.gho.mdg-0000000007,raw/who.gho.mdg-0000000007/2026/09/20260907T160452Z-cad637d9cec2.json.gz,2
who.gho.mdg-0000000007,MDG_0000000007:KIR:SEX_FMLE:AGEGROUP_YEARSUNDER5:WEALTHQUINTILE_TOTL,1975-01-01,2026-09-07T16:04:52Z,value,117.534028499,,who.gho.mdg-0000000007,raw/who.gho.mdg-0000000007/2026/09/20260907T160452Z-cad637d9cec2.json.gz,2
who.gho.mdg-0000000007,MDG_0000000007:KIR:SEX_MLE:AGEGROUP_YEARSUNDER5:WEALTHQUINTILE_TOTL,1975-01-01,2026-09-07T16:11:10Z,high,151.280159864,,who.gho.mdg-0000000007,raw/who.gho.mdg-0000000007/2026/09/20260907T161110Z-9f3e1e4fe296.json.gz,2
who.gho.mdg-0000000007,MDG_0000000007:KIR:SEX_MLE:AGEGROUP_YEARSUNDER5:WEALTHQUINTILE_TOTL,1975-01-01,2026-09-07T16:11:10Z,low,115.410442027,,who.gho.mdg-0000000007,raw/who.gho.mdg-0000000007/2026/09/20260907T161110Z-9f3e1e4fe296.json.gz,2
who.gho.mdg-0000000007,MDG_0000000007:KIR:SEX_MLE:AGEGROUP_YEARSUNDER5:WEALTHQUINTILE_TOTL,1975-01-01,2026-09-07T16:11:10Z,restated_at,2026-08-05,,who.gho.mdg-0000000007,raw/who.gho.mdg-0000000007/2026/09/20260907T161110Z-9f3e1e4fe296.json.gz,2
who.gho.mdg-0000000007,MDG_0000000007:KIR:SEX_MLE:AGEGROUP_YEARSUNDER5:WEALTHQUINTILE_TOTL,1975-01-01,2026-09-07T16:11:10Z,value,132.08189679,,who.gho.mdg-0000000007,raw/who.gho.mdg-0000000007/2026/09/20260907T161110Z-9f3e1e4fe296.json.gz,2
who.gho.mdg-0000000007,MDG_0000000007:KNA:SEX_BTSX:AGEGROUP_YEARSUNDER5:WEALTHQUINTILE_TOTL,1975-01-01,2026-09-07T16:05:57Z,high,64.162078608,,who.gho.mdg-0000000007,raw/who.gho.mdg-0000000007/2026/09/20260907T160557Z-c8e786907d46.json.gz,2
who.gho.mdg-0000000007,MDG_0000000007:KNA:SEX_BTSX:AGEGROUP_YEARSUNDER5:WEALTHQUINTILE_TOTL,1975-01-01,2026-09-07T16:05:57Z,low,54.502238579,,who.gho.mdg-0000000007,raw/who.gho.mdg-0000000007/2026/09/20260907T160557Z-c8e786907d46.json.gz,2
who.gho.mdg-0000000007,MDG_0000000007:KNA:SEX_BTSX:AGEGROUP_YEARSUNDER5:WEALTHQUINTILE_TOTL,1975-01-01,2026-09-07T16:05:57Z,restated_at,2026-08-05,,who.gho.mdg-0000000007,raw/who.gho.mdg-0000000007/2026/09/20260907T160557Z-c8e786907d46.json.gz,2
who.gho.mdg-0000000007,MDG_0000000007:KNA:SEX_BTSX:AGEGROUP_YEARSUNDER5:WEALTHQUINTILE_TOTL,1975-01-01,2026-09-07T16:05:57Z,value,59.155355565,,who.gho.mdg-0000000007,raw/who.gho.mdg-0000000007/2026/09/20260907T160557Z-c8e786907d46.json.gz,2
who.gho.mdg-0000000007,MDG_0000000007:KNA:SEX_FMLE:AGEGROUP_YEARSUNDER5:WEALTHQUINTILE_TOTL,1975-01-01,2026-09-07T16:11:10Z,high,59.420905926,,who.gho.mdg-0000000007,raw/who.gho.mdg-0000000007/2026/09/20260907T161110Z-9f3e1e4fe296.json.gz,2
who.gho.mdg-0000000007,MDG_0000000007:KNA:SEX_FMLE:AGEGROUP_YEARSUNDER5:WEALTHQUINTILE_TOTL,1975-01-01,2026-09-07T16:11:10Z,low,49.237153851,,who.gho.mdg-0000000007,raw/who.gho.mdg-0000000007/2026/09/20260907T161110Z-9f3e1e4fe296.json.gz,2
who.gho.mdg-0000000007,MDG_0000000007:KNA:SEX_FMLE:AGEGROUP_YEARSUNDER5:WEALTHQUINTILE_TOTL,1975-01-01,2026-09-07T16:11:10Z,restated_at,2026-08-05,,who.gho.mdg-0000000007,raw/who.gho.mdg-0000000007/2026/09/20260907T161110Z-9f3e1e4fe296.json.gz,2
who.gho.mdg-0000000007,MDG_0000000007:KNA:SEX_FMLE:AGEGROUP_YEARSUNDER5:WEALTHQUINTILE_TOTL,1975-01-01,2026-09-07T16:11:10Z,value,54.088875978,,who.gho.mdg-0000000007,raw/who.gho.mdg-0000000007/2026/09/20260907T161110Z-9f3e1e4fe296.json.gz,2
who.gho.mdg-0000000007,MDG_0000000007:KNA:SEX_MLE:AGEGROUP_YEARSUNDER5:WEALTHQUINTILE_TOTL,1975-01-01,2026-09-07T16:05:06Z,high,69.917339809,,who.gho.mdg-0000000007,raw/who.gho.mdg-0000000007/2026/09/20260907T160506Z-a219a21e2a4a.json.gz,2
who.gho.mdg-0000000007,MDG_0000000007:KNA:SEX_MLE:AGEGROUP_YEARSUNDER5:WEALTHQUINTILE_TOTL,1975-01-01,2026-09-07T16:05:06Z,low,58.554217737,,who.gho.mdg-0000000007,raw/who.gho.mdg-0000000007/2026/09/20260907T160506Z-a219a21e2a4a.json.gz,2
who.gho.mdg-0000000007,MDG_0000000007:KNA:SEX_MLE:AGEGROUP_YEARSUNDER5:WEALTHQUINTILE_TOTL,1975-01-01,2026-09-07T16:05:06Z,restated_at,2026-08-05,,who.gho.mdg-0000000007,raw/who.gho.mdg-0000000007/2026/09/20260907T160506Z-a219a21e2a4a.json.gz,2
who.gho.mdg-0000000007,MDG_0000000007:KNA:SEX_MLE:AGEGROUP_YEARSUNDER5:WEALTHQUINTILE_TOTL,1975-01-01,2026-09-07T16:05:06Z,value,63.997279782,,who.gho.mdg-0000000007,raw/who.gho.mdg-0000000007/2026/09/20260907T160506Z-a219a21e2a4a.json.gz,2
who.gho.mdg-0000000007,MDG_0000000007:KOR:SEX_BTSX:AGEGROUP_YEARSUNDER5:WEALTHQUINTILE_TOTL,1975-01-01,2026-09-07T16:10:37Z,high,48.767512153,,who.gho.mdg-0000000007,raw/who.gho.mdg-0000000007/2026/09/20260907T161037Z-dfd3d6a5a745.json.gz,2
who.gho.mdg-0000000007,MDG_0000000007:KOR:SEX_BTSX:AGEGROUP_YEARSUNDER5:WEALTHQUINTILE_TOTL,1975-01-01,2026-09-07T16:10:37Z,low,43.812556149,,who.gho.mdg-0000000007,raw/who.gho.mdg-0000000007/2026/09/20260907T161037Z-dfd3d6a5a745.json.gz,2
who.gho.mdg-0000000007,MDG_0000000007:KOR:SEX_BTSX:AGEGROUP_YEARSUNDER5:WEALTHQUINTILE_TOTL,1975-01-01,2026-09-07T16:10:37Z,restated_at,2026-08-05,,who.gho.mdg-0000000007,raw/who.gho.mdg-0000000007/2026/09/20260907T161037Z-dfd3d6a5a745.json.gz,2
who.gho.mdg-0000000007,MDG_0000000007:KOR:SEX_BTSX:AGEGROUP_YEARSUNDER5:WEALTHQUINTILE_TOTL,1975-01-01,2026-09-07T16:10:37Z,value,46.184737119,,who.gho.mdg-0000000007,raw/who.gho.mdg-0000000007/2026/09/20260907T161037Z-dfd3d6a5a745.json.gz,2
who.gho.mdg-0000000007,MDG_0000000007:KOR:SEX_FMLE:AGEGROUP_YEARSUNDER5:WEALTHQUINTILE_TOTL,1975-01-01,2026-09-07T16:06:02Z,high,45.754199161,,who.gho.mdg-0000000007,raw/who.gho.mdg-0000000007/2026/09/20260907T160602Z-1adff4f5f376.json.gz,2
who.gho.mdg-0000000007,MDG_0000000007:KOR:SEX_FMLE:AGEGROUP_YEARSUNDER5:WEALTHQUINTILE_TOTL,1975-01-01,2026-09-07T16:06:02Z,low,40.199827956,,who.gho.mdg-0000000007,raw/who.gho.mdg-0000000007/2026/09/20260907T160602Z-1adff4f5f376.json.gz,2
who.gho.mdg-0000000007,MDG_0000000007:KOR:SEX_FMLE:AGEGROUP_YEARSUNDER5:WEALTHQUINTILE_TOTL,1975-01-01,2026-09-07T16:06:02Z,restated_at,2026-08-05,,who.gho.mdg-0000000007,raw/who.gho.mdg-0000000007/2026/09/20260907T160602Z-1adff4f5f376.json.gz,2
who.gho.mdg-0000000007,MDG_0000000007:KOR:SEX_FMLE:AGEGROUP_YEARSUNDER5:WEALTHQUINTILE_TOTL,1975-01-01,2026-09-07T16:06:02Z,value,42.944327543,,who.gho.mdg-0000000007,raw/who.gho.mdg-0000000007/2026/09/20260907T160602Z-1adff4f5f376.json.gz,2
who.gho.mdg-0000000007,MDG_0000000007:KOR:SEX_MLE:AGEGROUP_YEARSUNDER5:WEALTHQUINTILE_TOTL,1975-01-01,2026-09-07T16:09:41Z,high,52.378243639,,who.gho.mdg-0000000007,raw/who.gho.mdg-0000000007/2026/09/20260907T160941Z-845bd0fc2e92.json.gz,2
who.gho.mdg-0000000007,MDG_0000000007:KOR:SEX_MLE:AGEGROUP_YEARSUNDER5:WEALTHQUINTILE_TOTL,1975-01-01,2026-09-07T16:09:41Z,low,46.354369333,,who.gho.mdg-0000000007,raw/who.gho.mdg-0000000007/2026/09/20260907T160941Z-845bd0fc2e92.json.gz,2
who.gho.mdg-0000000007,MDG_0000000007:KOR:SEX_MLE:AGEGROUP_YEARSUNDER5:WEALTHQUINTILE_TOTL,1975-01-01,2026-09-07T16:09:41Z,restated_at,2026-08-05,,who.gho.mdg-0000000007,raw/who.gho.mdg-0000000007/2026/09/20260907T160941Z-845bd0fc2e92.json.gz,2
who.gho.mdg-0000000007,MDG_0000000007:KOR:SEX_MLE:AGEGROUP_YEARSUNDER5:WEALTHQUINTILE_TOTL,1975-01-01,2026-09-07T16:09:41Z,value,49.259105527,,who.gho.mdg-0000000007,raw/who.gho.mdg-0000000007/2026/09/20260907T160941Z-845bd0fc2e92.json.gz,2
who.gho.mdg-0000000007,MDG_0000000007:KWT:SEX_BTSX:AGEGROUP_YEARSUNDER5:WEALTHQUINTILE_TOTL,1975-01-01,2026-09-07T16:05:26Z,high,52.662316023,,who.gho.mdg-0000000007,raw/who.gho.mdg-0000000007/2026/09/20260907T160526Z-1363df2b3da0.json.gz,2
who.gho.mdg-0000000007,MDG_0000000007:KWT:SEX_BTSX:AGEGROUP_YEARSUNDER5:WEALTHQUINTILE_TOTL,1975-01-01,2026-09-07T16:05:26Z,low,49.712121208,,who.gho.mdg-0000000007,raw/who.gho.mdg-0000000007/2026/09/20260907T160526Z-1363df2b3da0.json.gz,2
who.gho.mdg-0000000007,MDG_0000000007:KWT:SEX_BTSX:AGEGROUP_YEARSUNDER5:WEALTHQUINTILE_TOTL,1975-01-01,2026-09-07T16:05:26Z,restated_at,2026-08-05,,who.gho.mdg-0000000007,raw/who.gho.mdg-0000000007/2026/09/20260907T160526Z-1363df2b3da0.json.gz,2
who.gho.mdg-0000000007,MDG_0000000007:KWT:SEX_BTSX:AGEGROUP_YEARSUNDER5:WEALTHQUINTILE_TOTL,1975-01-01,2026-09-07T16:05:26Z,value,51.220120744,,who.gho.mdg-0000000007,raw/who.gho.mdg-0000000007/2026/09/20260907T160526Z-1363df2b3da0.json.gz,2
who.gho.mdg-0000000007,MDG_0000000007:KWT:SEX_FMLE:AGEGROUP_YEARSUNDER5:WEALTHQUINTILE_TOTL,1975-01-01,2026-09-07T16:09:51Z,high,49.551390884,,who.gho.mdg-0000000007,raw/who.gho.mdg-0000000007/2026/09/20260907T160951Z-f1aadb832125.json.gz,2
who.gho.mdg-0000000007,MDG_0000000007:KWT:SEX_FMLE:AGEGROUP_YEARSUNDER5:WEALTHQUINTILE_TOTL,1975-01-01,2026-09-07T16:09:51Z,low,46.307856097,,who.gho.mdg-0000000007,raw/who.gho.mdg-0000000007/2026/09/20260907T160951Z-f1aadb832125.json.gz,2
who.gho.mdg-0000000007,MDG_0000000007:KWT:SEX_FMLE:AGEGROUP_YEARSUNDER5:WEALTHQUINTILE_TOTL,1975-01-01,2026-09-07T16:09:51Z,restated_at,2026-08-05,,who.gho.mdg-0000000007,raw/who.gho.mdg-0000000007/2026/09/20260907T160951Z-f1aadb832125.json.gz,2
who.gho.mdg-0000000007,MDG_0000000007:KWT:SEX_FMLE:AGEGROUP_YEARSUNDER5:WEALTHQUINTILE_TOTL,1975-01-01,2026-09-07T16:09:51Z,value,47.934747403,,who.gho.mdg-0000000007,raw/who.gho.mdg-0000000007/2026/09/20260907T160951Z-f1aadb832125.json.gz,2
who.gho.mdg-0000000007,MDG_0000000007:KWT:SEX_MLE:AGEGROUP_YEARSUNDER5:WEALTHQUINTILE_TOTL,1975-01-01,2026-09-07T16:05:31Z,high,56.075046161,,who.gho.mdg-0000000007,raw/who.gho.mdg-0000000007/2026/09/20260907T160531Z-a90a9bba0858.json.gz,2
who.gho.mdg-0000000007,MDG_0000000007:KWT:SEX_MLE:AGEGROUP_YEARSUNDER5:WEALTHQUINTILE_TOTL,1975-01-01,2026-09-07T16:05:31Z,low,52.546151435,,who.gho.mdg-0000000007,raw/who.gho.mdg-0000000007/2026/09/20260907T160531Z-a90a9bba0858.json.gz,2
who.gho.mdg-0000000007,MDG_0000000007:KWT:SEX_MLE:AGEGROUP_YEARSUNDER5:WEALTHQUINTILE_TOTL,1975-01-01,2026-09-07T16:05:31Z,restated_at,2026-08-05,,who.gho.mdg-0000000007,raw/who.gho.mdg-0000000007/2026/09/20260907T160531Z-a90a9bba0858.json.gz,2
who.gho.mdg-0000000007,MDG_0000000007:KWT:SEX_MLE:AGEGROUP_YEARSUNDER5:WEALTHQUINTILE_TOTL,1975-01-01,2026-09-07T16:05:31Z,value,54.316164731,,who.gho.mdg-0000000007,raw/who.gho.mdg-0000000007/2026/09/20260907T160531Z-a90a9bba0858.json.gz,2
who.gho.mdg-0000000007,MDG_0000000007:LBN:SEX_BTSX:AGEGROUP_YEARSUNDER5:WEALTHQUINTILE_TOTL,1975-01-01,2026-09-07T16:09:41Z,high,67.314322195,,who.gho.mdg-0000000007,raw/who.gho.mdg-0000000007/2026/09/20260907T160941Z-845bd0fc2e92.json.gz,2
who.gho.mdg-0000000007,MDG_0000000007:LBN:SEX_BTSX:AGEGROUP_YEARSUNDER5:WEALTHQUINTILE_TOTL,1975-01-01,2026-09-07T16:09:41Z,low,48.392257008,,who.gho.mdg-0000000007,raw/who.gho.mdg-0000000007/2026/09/20260907T160941Z-845bd0fc2e92.json.gz,2
who.gho.mdg-0000000007,MDG_0000000007:LBN:SEX_BTSX:AGEGROUP_YEARSUNDER5:WEALTHQUINTILE_TOTL,1975-01-01,2026-09-07T16:09:41Z,restated_at,2026-08-05,,who.gho.mdg-0000000007,raw/who.gho.mdg-0000000007/2026/09/20260907T160941Z-845bd0fc2e92.json.gz,2
who.gho.mdg-0000000007,MDG_0000000007:LBN:SEX_BTSX:AGEGROUP_YEARSUNDER5:WEALTHQUINTILE_TOTL,1975-01-01,2026-09-07T16:09:41Z,value,57.144169775,,who.gho.mdg-0000000007,raw/who.gho.mdg-0000000007/2026/09/20260907T160941Z-845bd0fc2e92.json.gz,2
who.gho.mdg-0000000007,MDG_0000000007:LBN:SEX_FMLE:AGEGROUP_YEARSUNDER5:WEALTHQUINTILE_TOTL,1975-01-01,2026-09-07T16:10:45Z,high,63.199056141,,who.gho.mdg-0000000007,raw/who.gho.mdg-0000000007/2026/09/20260907T161045Z-53a7d24c459b.json.gz,2
who.gho.mdg-0000000007,MDG_0000000007:LBN:SEX_FMLE:AGEGROUP_YEARSUNDER5:WEALTHQUINTILE_TOTL,1975-01-01,2026-09-07T16:10:45Z,low,44.896077469,,who.gho.mdg-0000000007,raw/who.gho.mdg-0000000007/2026/09/20260907T161045Z-53a7d24c459b.json.gz,2
who.gho.mdg-0000000007,MDG_0000000007:LBN:SEX_FMLE:AGEGROUP_YEARSUNDER5:WEALTHQUINTILE_TOTL,1975-01-01,2026-09-07T16:10:45Z,restated_at,2026-08-05,,who.gho.mdg-0000000007,raw/who.gho.mdg-0000000007/2026/09/20260907T161045Z-53a7d24c459b.json.gz,2
who.gho.mdg-0000000007,MDG_0000000007:LBN:SEX_FMLE:AGEGROUP_YEARSUNDER5:WEALTHQUINTILE_TOTL,1975-01-01,2026-09-07T16:10:45Z,value,53.233204724,,who.gho.mdg-0000000007,raw/who.gho.mdg-0000000007/2026/09/20260907T161045Z-53a7d24c459b.json.gz,2
who.gho.mdg-0000000007,MDG_0000000007:LBN:SEX_MLE:AGEGROUP_YEARSUNDER5:WEALTHQUINTILE_TOTL,1975-01-01,2026-09-07T16:10:49Z,high,71.976287981,,who.gho.mdg-0000000007,raw/who.gho.mdg-0000000007/2026/09/20260907T161049Z-6866f52a9543.json.gz,2
who.gho.mdg-0000000007,MDG_0000000007:LBN:SEX_MLE:AGEGROUP_YEARSUNDER5:WEALTHQUINTILE_TOTL,1975-01-01,2026-09-07T16:10:49Z,low,51.317069307,,who.gho.mdg-0000000007,raw/who.gho.mdg-0000000007/2026/09/20260907T161049Z-6866f52a9543.json.gz,2
who.gho.mdg-0000000007,MDG_0000000007:LBN:SEX_MLE:AGEGROUP_YEARSUNDER5:WEALTHQUINTILE_TOTL,1975-01-01,2026-09-07T16:10:49Z,restated_at,2026-08-05,,who.gho.mdg-0000000007,raw/who.gho.mdg-0000000007/2026/09/20260907T161049Z-6866f52a9543.json.gz,2
who.gho.mdg-0000000007,MDG_0000000007:LBN:SEX_MLE:AGEGROUP_YEARSUNDER5:WEALTHQUINTILE_TOTL,1975-01-01,2026-09-07T16:10:49Z,value,60.833809694,,who.gho.mdg-0000000007,raw/who.gho.mdg-0000000007/2026/09/20260907T161049Z-6866f52a9543.json.gz,2
who.gho.mdg-0000000007,MDG_0000000007:LBR:SEX_BTSX:AGEGROUP_YEARSUNDER5:WEALTHQUINTILE_TOTL,1975-01-01,2026-09-07T16:08:45Z,high,292.904937407,,who.gho.mdg-0000000007,raw/who.gho.mdg-0000000007/2026/09/20260907T160845Z-9b23f1f1b45b.json.gz,2
who.gho.mdg-0000000007,MDG_0000000007:LBR:SEX_BTSX:AGEGROUP_YEARSUNDER5:WEALTHQUINTILE_TOTL,1975-01-01,2026-09-07T16:08:45Z,low,237.518665092,,who.gho.mdg-0000000007,raw/who.gho.mdg-0000000007/2026/09/20260907T160845Z-9b23f1f1b45b.json.gz,2
who.gho.mdg-0000000007,MDG_0000000007:LBR:SEX_BTSX:AGEGROUP_YEARSUNDER5:WEALTHQUINTILE_TOTL,1975-01-01,2026-09-07T16:08:45Z,restated_at,2026-08-05,,who.gho.mdg-0000000007,raw/who.gho.mdg-0000000007/2026/09/20260907T160845Z-9b23f1f1b45b.json.gz,2
who.gho.mdg-0000000007,MDG_0000000007:LBR:SEX_BTSX:AGEGROUP_YEARSUNDER5:WEALTHQUINTILE_TOTL,1975-01-01,2026-09-07T16:08:45Z,value,264.208909083,,who.gho.mdg-0000000007,raw/who.gho.mdg-0000000007/2026/09/20260907T160845Z-9b23f1f1b45b.json.gz,2
who.gho.mdg-0000000007,MDG_0000000007:LBR:SEX_FMLE:AGEGROUP_YEARSUNDER5:WEALTHQUINTILE_TOTL,1975-01-01,2026-09-07T16:06:21Z,high,275.666681259,,who.gho.mdg-0000000007,raw/who.gho.mdg-0000000007/2026/09/20260907T160621Z-1819ad2538c7.json.gz,2
who.gho.mdg-0000000007,MDG_0000000007:LBR:SEX_FMLE:AGEGROUP_YEARSUNDER5:WEALTHQUINTILE_TOTL,1975-01-01,2026-09-07T16:06:21Z,low,221.896956166,,who.gho.mdg-0000000007,raw/who.gho.mdg-0000000007/2026/09/20260907T160621Z-1819ad2538c7.json.gz,2
who.gho.mdg-0000000007,MDG_0000000007:LBR:SEX_FMLE:AGEGROUP_YEARSUNDER5:WEALTHQUINTILE_TOTL,1975-01-01,2026-09-07T16:06:21Z,restated_at,2026-08-05,,who.gho.mdg-0000000007,raw/who.gho.mdg-0000000007/2026/09/20260907T160621Z-1819ad2538c7.json.gz,2
who.gho.mdg-0000000007,MDG_0000000007:LBR:SEX_FMLE:AGEGROUP_YEARSUNDER5:WEALTHQUINTILE_TOTL,1975-01-01,2026-09-07T16:06:21Z,value,247.847906439,,who.gho.mdg-0000000007,raw/who.gho.mdg-0000000007/2026/09/20260907T160621Z-1819ad2538c7.json.gz,2
who.gho.mdg-0000000007,MDG_0000000007:LBR:SEX_MLE:AGEGROUP_YEARSUNDER5:WEALTHQUINTILE_TOTL,1975-01-01,2026-09-07T16:06:29Z,high,311.091806306,,who.gho.mdg-0000000007,raw/who.gho.mdg-0000000007/2026/09/20260907T160629Z-f6ed87825938.json.gz,2
who.gho.mdg-0000000007,MDG_0000000007:LBR:SEX_MLE:AGEGROUP_YEARSUNDER5:WEALTHQUINTILE_TOTL,1975-01-01,2026-09-07T16:06:29Z,low,251.213672647,,who.gho.mdg-0000000007,raw/who.gho.mdg-0000000007/2026/09/20260907T160629Z-f6ed87825938.json.gz,2
who.gho.mdg-0000000007,MDG_0000000007:LBR:SEX_MLE:AGEGROUP_YEARSUNDER5:WEALTHQUINTILE_TOTL,1975-01-01,2026-09-07T16:06:29Z,restated_at,2026-08-05,,who.gho.mdg-0000000007,raw/who.gho.mdg-0000000007/2026/09/20260907T160629Z-f6ed87825938.json.gz,2
who.gho.mdg-0000000007,MDG_0000000007:LBR:SEX_MLE:AGEGROUP_YEARSUNDER5:WEALTHQUINTILE_TOTL,1975-01-01,2026-09-07T16:06:29Z,value,279.87209641,,who.gho.mdg-0000000007,raw/who.gho.mdg-0000000007/2026/09/20260907T160629Z-f6ed87825938.json.gz,2
who.gho.mdg-0000000007,MDG_0000000007:LBY:SEX_BTSX:AGEGROUP_YEARSUNDER5:WEALTHQUINTILE_TOTL,1975-01-01,2026-09-07T16:11:14Z,high,115.172253356,,who.gho.mdg-0000000007,raw/who.gho.mdg-0000000007/2026/09/20260907T161114Z-c1ae2408f442.json.gz,2
who.gho.mdg-0000000007,MDG_0000000007:LBY:SEX_BTSX:AGEGROUP_YEARSUNDER5:WEALTHQUINTILE_TOTL,1975-01-01,2026-09-07T16:11:14Z,low,79.817484583,,who.gho.mdg-0000000007,raw/who.gho.mdg-0000000007/2026/09/20260907T161114Z-c1ae2408f442.json.gz,2
who.gho.mdg-0000000007,MDG_0000000007:LBY:SEX_BTSX:AGEGROUP_YEARSUNDER5:WEALTHQUINTILE_TOTL,1975-01-01,2026-09-07T16:11:14Z,restated_at,2026-08-05,,who.gho.mdg-0000000007,raw/who.gho.mdg-0000000007/2026/09/20260907T161114Z-c1ae2408f442.json.gz,2
who.gho.mdg-0000000007,MDG_0000000007:LBY:SEX_BTSX:AGEGROUP_YEARSUNDER5:WEALTHQUINTILE_TOTL,1975-01-01,2026-09-07T16:11:14Z,value,95.800422795,,who.gho.mdg-0000000007,raw/who.gho.mdg-0000000007/2026/09/20260907T161114Z-c1ae2408f442.json.gz,2
who.gho.mdg-0000000007,MDG_0000000007:LBY:SEX_FMLE:AGEGROUP_YEARSUNDER5:WEALTHQUINTILE_TOTL,1975-01-01,2026-09-07T16:06:21Z,high,109.702165641,,who.gho.mdg-0000000007,raw/who.gho.mdg-0000000007/2026/09/20260907T160621Z-1819ad2538c7.json.gz,2
who.gho.mdg-0000000007,MDG_0000000007:LBY:SEX_FMLE:AGEGROUP_YEARSUNDER5:WEALTHQUINTILE_TOTL,1975-01-01,2026-09-07T16:06:21Z,low,75.040207304,,who.gho.mdg-0000000007,raw/who.gho.mdg-0000000007/2026/09/20260907T160621Z-1819ad2538c7.json.gz,2
who.gho.mdg-0000000007,MDG_0000000007:LBY:SEX_FMLE:AGEGROUP_YEARSUNDER5:WEALTHQUINTILE_TOTL,1975-01-01,2026-09-07T16:06:21Z,restated_at,2026-08-05,,who.gho.mdg-0000000007,raw/who.gho.mdg-0000000007/2026/09/20260907T160621Z-1819ad2538c7.json.gz,2
who.gho.mdg-0000000007,MDG_0000000007:LBY:SEX_FMLE:AGEGROUP_YEARSUNDER5:WEALTHQUINTILE_TOTL,1975-01-01,2026-09-07T16:06:21Z,value,90.733831203,,who.gho.mdg-0000000007,raw/who.gho.mdg-0000000007/2026/09/20260907T160621Z-1819ad2538c7.json.gz,2
who.gho.mdg-0000000007,MDG_0000000007:LBY:SEX_MLE:AGEGROUP_YEARSUNDER5:WEALTHQUINTILE_TOTL,1975-01-01,2026-09-07T16:10:07Z,high,121.180009494,,who.gho.mdg-0000000007,raw/who.gho.mdg-0000000007/2026/09/20260907T161007Z-28c6cde3082c.json.gz,2
who.gho.mdg-0000000007,MDG_0000000007:LBY:SEX_MLE:AGEGROUP_YEARSUNDER5:WEALTHQUINTILE_TOTL,1975-01-01,2026-09-07T16:10:07Z,low,83.7148922,,who.gho.mdg-0000000007,raw/who.gho.mdg-0000000007/2026/09/20260907T161007Z-28c6cde3082c.json.gz,2
who.gho.mdg-0000000007,MDG_0000000007:LBY:SEX_MLE:AGEGROUP_YEARSUNDER5:WEALTHQUINTILE_TOTL,1975-01-01,2026-09-07T16:10:07Z,restated_at,2026-08-05,,who.gho.mdg-0000000007,raw/who.gho.mdg-0000000007/2026/09/20260907T161007Z-28c6cde3082c.json.gz,2
who.gho.mdg-0000000007,MDG_0000000007:LBY:SEX_MLE:AGEGROUP_YEARSUNDER5:WEALTHQUINTILE_TOTL,1975-01-01,2026-09-07T16:10:07Z,value,100.578759293,,who.gho.mdg-0000000007,raw/who.gho.mdg-0000000007/2026/09/20260907T161007Z-28c6cde3082c.json.gz,2
who.gho.mdg-0000000007,MDG_0000000007:LCA:SEX_BTSX:AGEGROUP_YEARSUNDER5:WEALTHQUINTILE_TOTL,1975-01-01,2026-09-07T16:09:22Z,high,48.478851231,,who.gho.mdg-0000000007,raw/who.gho.mdg-0000000007/2026/09/20260907T160922Z-b03be7779b07.json.gz,2
who.gho.mdg-0000000007,MDG_0000000007:LCA:SEX_BTSX:AGEGROUP_YEARSUNDER5:WEALTHQUINTILE_TOTL,1975-01-01,2026-09-07T16:09:22Z,low,45.021248984,,who.gho.mdg-0000000007,raw/who.gho.mdg-0000000007/2026/09/20260907T160922Z-b03be7779b07.json.gz,2
who.gho.mdg-0000000007,MDG_0000000007:LCA:SEX_BTSX:AGEGROUP_YEARSUNDER5:WEALTHQUINTILE_TOTL,1975-01-01,2026-09-07T16:09:22Z,restated_at,2026-08-05,,who.gho.mdg-0000000007,raw/who.gho.mdg-0000000007/2026/09/20260907T160922Z-b03be7779b07.json.gz,2
who.gho.mdg-0000000007,MDG_0000000007:LCA:SEX_BTSX:AGEGROUP_YEARSUNDER5:WEALTHQUINTILE_TOTL,1975-01-01,2026-09-07T16:09:22Z,value,46.720665951,,who.gho.mdg-0000000007,raw/who.gho.mdg-0000000007/2026/09/20260907T160922Z-b03be7779b07.json.gz,2
who.gho.mdg-0000000007,MDG_0000000007:LCA:SEX_FMLE:AGEGROUP_YEARSUNDER5:WEALTHQUINTILE_TOTL,1975-01-01,2026-09-07T16:09:22Z,high,44.542888833,,who.gho.mdg-0000000007,raw/who.gho.mdg-0000000007/2026/09/20260907T160922Z-b03be7779b07.json.gz,2
who.gho.mdg-0000000007,MDG_0000000007:LCA:SEX_FMLE:AGEGROUP_YEARSUNDER5:WEALTHQUINTILE_TOTL,1975-01-01,2026-09-07T16:09:22Z,low,40.512150108,,who.gho.mdg-0000000007,raw/who.gho.mdg-0000000007/2026/09/20260907T160922Z-b03be7779b07.json.gz,2
who.gho.mdg-0000000007,MDG_0000000007:LCA:SEX_FMLE:AGEGROUP_YEARSUNDER5:WEALTHQUINTILE_TOTL,1975-01-01,2026-09-07T16:09:22Z,restated_at,2026-08-05,,who.gho.mdg-0000000007,raw/who.gho.mdg-0000000007/2026/09/20260907T160922Z-b03be7779b07.json.gz,2
who.gho.mdg-0000000007,MDG_0000000007:LCA:SEX_FMLE:AGEGROUP_YEARSUNDER5:WEALTHQUINTILE_TOTL,1975-01-01,2026-09-07T16:09:22Z,value,42.511747236,,who.gho.mdg-0000000007,raw/who.gho.mdg-0000000007/2026/09/20260907T160922Z-b03be7779b07.json.gz,2
who.gho.mdg-0000000007,MDG_0000000007:LCA:SEX_MLE:AGEGROUP_YEARSUNDER5:WEALTHQUINTILE_TOTL,1975-01-01,2026-09-07T16:10:41Z,high,52.95302039,,who.gho.mdg-0000000007,raw/who.gho.mdg-0000000007/2026/09/20260907T161041Z-4752b74784e1.json.gz,2
who.gho.mdg-0000000007,MDG_0000000007:LCA:SEX_MLE:AGEGROUP_YEARSUNDER5:WEALTHQUINTILE_TOTL,1975-01-01,2026-09-07T16:10:41Z,low,48.569475454,,who.gho.mdg-0000000007,raw/who.gho.mdg-0000000007/2026/09/20260907T161041Z-4752b74784e1.json.gz,2
who.gho.mdg-0000000007,MDG_0000000007:LCA:SEX_MLE:AGEGROUP_YEARSUNDER5:WEALTHQUINTILE_TOTL,1975-01-01,2026-09-07T16:10:41Z,restated_at,2026-08-05,,who.gho.mdg-0000000007,raw/who.gho.mdg-0000000007/2026/09/20260907T161041Z-4752b74784e1.json.gz,2
who.gho.mdg-0000000007,MDG_0000000007:LCA:SEX_MLE:AGEGROUP_YEARSUNDER5:WEALTHQUINTILE_TOTL,1975-01-01,2026-09-07T16:10:41Z,value,50.745534974,,who.gho.mdg-0000000007,raw/who.gho.mdg-0000000007/2026/09/20260907T161041Z-4752b74784e1.json.gz,2
who.gho.mdg-0000000007,MDG_0000000007:LKA:SEX_BTSX:AGEGROUP_YEARSUNDER5:WEALTHQUINTILE_TOTL,1975-01-01,2026-09-07T16:09:08Z,high,66.624075346,,who.gho.mdg-0000000007,raw/who.gho.mdg-0000000007/2026/09/20260907T160908Z-96acbc2bc7cb.json.gz,2
who.gho.mdg-0000000007,MDG_0000000007:LKA:SEX_BTSX:AGEGROUP_YEARSUNDER5:WEALTHQUINTILE_TOTL,1975-01-01,2026-09-07T16:09:08Z,low,61.096142753,,who.gho.mdg-0000000007,raw/who.gho.mdg-0000000007/2026/09/20260907T160908Z-96acbc2bc7cb.json.gz,2
who.gho.mdg-0000000007,MDG_0000000007:LKA:SEX_BTSX:AGEGROUP_YEARSUNDER5:WEALTHQUINTILE_TOTL,1975-01-01,2026-09-07T16:09:08Z,restated_at,2026-08-05,,who.gho.mdg-0000000007,raw/who.gho.mdg-0000000007/2026/09/20260907T160908Z-96acbc2bc7cb.json.gz,2
who.gho.mdg-0000000007,MDG_0000000007:LKA:SEX_BTSX:AGEGROUP_YEARSUNDER5:WEALTHQUINTILE_TOTL,1975-01-01,2026-09-07T16:09:08Z,value,63.847414786,,who.gho.mdg-0000000007,raw/who.gho.mdg-0000000007/2026/09/20260907T160908Z-96acbc2bc7cb.json.gz,2
who.gho.mdg-0000000007,MDG_0000000007:LKA:SEX_FMLE:AGEGROUP_YEARSUNDER5:WEALTHQUINTILE_TOTL,1975-01-01,2026-09-07T16:05:09Z,high,63.258218642,,who.gho.mdg-0000000007,raw/who.gho.mdg-0000000007/2026/09/20260907T160509Z-9066130499c7.json.gz,2
who.gho.mdg-0000000007,MDG_0000000007:LKA:SEX_FMLE:AGEGROUP_YEARSUNDER5:WEALTHQUINTILE_TOTL,1975-01-01,2026-09-07T16:05:09Z,low,57.73283185,,who.gho.mdg-0000000007,raw/who.gho.mdg-0000000007/2026/09/20260907T160509Z-9066130499c7.json.gz,2
who.gho.mdg-0000000007,MDG_0000000007:LKA:SEX_FMLE:AGEGROUP_YEARSUNDER5:WEALTHQUINTILE_TOTL,1975-01-01,2026-09-07T16:05:09Z,restated_at,2026-08-05,,who.gho.mdg-0000000007,raw/who.gho.mdg-0000000007/2026/09/20260907T160509Z-9066130499c7.json.gz,2
who.gho.mdg-0000000007,MDG_0000000007:LKA:SEX_FMLE:AGEGROUP_YEARSUNDER5:WEALTHQUINTILE_TOTL,1975-01-01,2026-09-07T16:05:09Z,value,60.446068955,,who.gho.mdg-0000000007,raw/who.gho.mdg-0000000007/2026/09/20260907T160509Z-9066130499c7.json.gz,2
who.gho.mdg-0000000007,MDG_0000000007:LKA:SEX_MLE:AGEGROUP_YEARSUNDER5:WEALTHQUINTILE_TOTL,1975-01-01,2026-09-07T16:10:24Z,high,70.127499904,,who.gho.mdg-0000000007,raw/who.gho.mdg-0000000007/2026/09/20260907T161024Z-808a2a46070d.json.gz,2
who.gho.mdg-0000000007,MDG_0000000007:LKA:SEX_MLE:AGEGROUP_YEARSUNDER5:WEALTHQUINTILE_TOTL,1975-01-01,2026-09-07T16:10:24Z,low,64.089783673,,who.gho.mdg-0000000007,raw/who.gho.mdg-0000000007/2026/09/20260907T161024Z-808a2a46070d.json.gz,2
who.gho.mdg-0000000007,MDG_0000000007:LKA:SEX_MLE:AGEGROUP_YEARSUNDER5:WEALTHQUINTILE_TOTL,1975-01-01,2026-09-07T16:10:24Z,restated_at,2026-08-05,,who.gho.mdg-0000000007,raw/who.gho.mdg-0000000007/2026/09/20260907T161024Z-808a2a46070d.json.gz,2
who.gho.mdg-0000000007,MDG_0000000007:LKA:SEX_MLE:AGEGROUP_YEARSUNDER5:WEALTHQUINTILE_TOTL,1975-01-01,2026-09-07T16:10:24Z,value,67.11019003,,who.gho.mdg-0000000007,raw/who.gho.mdg-0000000007/2026/09/20260907T161024Z-808a2a46070d.json.gz,2
who.gho.mdg-0000000007,MDG_0000000007:LSO:SEX_BTSX:AGEGROUP_YEARSUNDER5:WEALTHQUINTILE_TOTL,1975-01-01,2026-09-07T16:05:14Z,high,169.690910719,,who.gho.mdg-0000000007,raw/who.gho.mdg-0000000007/2026/09/20260907T160514Z-6205b585146a.json.gz,2
who.gho.mdg-0000000007,MDG_0000000007:LSO:SEX_BTSX:AGEGROUP_YEARSUNDER5:WEALTHQUINTILE_TOTL,1975-01-01,2026-09-07T16:05:14Z,low,138.672621529,,who.gho.mdg-0000000007,raw/who.gho.mdg-0000000007/2026/09/20260907T160514Z-6205b585146a.json.gz,2
who.gho.mdg-0000000007,MDG_0000000007:LSO:SEX_BTSX:AGEGROUP_YEARSUNDER5:WEALTHQUINTILE_TOTL,1975-01-01,2026-09-07T16:05:14Z,restated_at,2026-08-05,,who.gho.mdg-0000000007,raw/who.gho.mdg-0000000007/2026/09/20260907T160514Z-6205b585146a.json.gz,2
who.gho.mdg-0000000007,MDG_0000000007:LSO:SEX_BTSX:AGEGROUP_YEARSUNDER5:WEALTHQUINTILE_TOTL,1975-01-01,2026-09-07T16:05:14Z,value,153.31640422,,who.gho.mdg-0000000007,raw/who.gho.mdg-0000000007/2026/09/20260907T160514Z-6205b585146a.json.gz,2
who.gho.mdg-0000000007,MDG_0000000007:LSO:SEX_FMLE:AGEGROUP_YEARSUNDER5:WEALTHQUINTILE_TOTL,1975-01-01,2026-09-07T16:10:24Z,high,161.972785696,,who.gho.mdg-0000000007,raw/who.gho.mdg-0000000007/2026/09/20260907T161024Z-808a2a46070d.json.gz,2
who.gho.mdg-0000000007,MDG_0000000007:LSO:SEX_FMLE:AGEGROUP_YEARSUNDER5:WEALTHQUINTILE_TOTL,1975-01-01,2026-09-07T16:10:24Z,low,130.97941112,,who.gho.mdg-0000000007,raw/who.gho.mdg-0000000007/2026/09/20260907T161024Z-808a2a46070d.json.gz,2
who.gho.mdg-0000000007,MDG_0000000007:LSO:SEX_FMLE:AGEGROUP_YEARSUNDER5:WEALTHQUINTILE_TOTL,1975-01-01,2026-09-07T16:10:24Z,restated_at,2026-08-05,,who.gho.mdg-0000000007,raw/who.gho.mdg-0000000007/2026/09/20260907T161024Z-808a2a46070d.json.gz,2
who.gho.mdg-0000000007,MDG_0000000007:LSO:SEX_FMLE:AGEGROUP_YEARSUNDER5:WEALTHQUINTILE_TOTL,1975-01-01,2026-09-07T16:10:24Z,value,145.575478668,,who.gho.mdg-0000000007,raw/who.gho.mdg-0000000007/2026/09/20260907T161024Z-808a2a46070d.json.gz,2
who.gho.mdg-0000000007,MDG_0000000007:LSO:SEX_MLE:AGEGROUP_YEARSUNDER5:WEALTHQUINTILE_TOTL,1975-01-01,2026-09-07T16:09:22Z,high,178.088375126,,who.gho.mdg-0000000007,raw/who.gho.mdg-0000000007/2026/09/20260907T160922Z-b03be7779b07.json.gz,2
who.gho.mdg-0000000007,MDG_0000000007:LSO:SEX_MLE:AGEGROUP_YEARSUNDER5:WEALTHQUINTILE_TOTL,1975-01-01,2026-09-07T16:09:22Z,low,144.709906834,,who.gho.mdg-0000000007,raw/who.gho.mdg-0000000007/2026/09/20260907T160922Z-b03be7779b07.json.gz,2
who.gho.mdg-0000000007,MDG_0000000007:LSO:SEX_MLE:AGEGROUP_YEARSUNDER5:WEALTHQUINTILE_TOTL,1975-01-01,2026-09-07T16:09:22Z,restated_at,2026-08-05,,who.gho.mdg-0000000007,raw/who.gho.mdg-0000000007/2026/09/20260907T160922Z-b03be7779b07.json.gz,2
who.gho.mdg-0000000007,MDG_0000000007:LSO:SEX_MLE:AGEGROUP_YEARSUNDER5:WEALTHQUINTILE_TOTL,1975-01-01,2026-09-07T16:09:22Z,value,160.614537113,,who.gho.mdg-0000000007,raw/who.gho.mdg-0000000007/2026/09/20260907T160922Z-b03be7779b07.json.gz,2
who.gho.mdg-0000000007,MDG_0000000007:LTU:SEX_BTSX:AGEGROUP_YEARSUNDER5:WEALTHQUINTILE_TOTL,1975-01-01,2026-09-07T16:05:31Z,high,23.383330833,,who.gho.mdg-0000000007,raw/who.gho.mdg-0000000007/2026/09/20260907T160531Z-a90a9bba0858.json.gz,2
who.gho.mdg-0000000007,MDG_0000000007:LTU:SEX_BTSX:AGEGROUP_YEARSUNDER5:WEALTHQUINTILE_TOTL,1975-01-01,2026-09-07T16:05:31Z,low,22.043517321,,who.gho.mdg-0000000007,raw/who.gho.mdg-0000000007/2026/09/20260907T160531Z-a90a9bba0858.json.gz,2
who.gho.mdg-0000000007,MDG_0000000007:LTU:SEX_BTSX:AGEGROUP_YEARSUNDER5:WEALTHQUINTILE_TOTL,1975-01-01,2026-09-07T16:05:31Z,restated_at,2026-08-05,,who.gho.mdg-0000000007,raw/who.gho.mdg-0000000007/2026/09/20260907T160531Z-a90a9bba0858.json.gz,2
who.gho.mdg-0000000007,MDG_0000000007:LTU:SEX_BTSX:AGEGROUP_YEARSUNDER5:WEALTHQUINTILE_TOTL,1975-01-01,2026-09-07T16:05:31Z,value,22.696571773,,who.gho.mdg-0000000007,raw/who.gho.mdg-0000000007/2026/09/20260907T160531Z-a90a9bba0858.json.gz,2
who.gho.mdg-0000000007,MDG_0000000007:LTU:SEX_FMLE:AGEGROUP_YEARSUNDER5:WEALTHQUINTILE_TOTL,1975-01-01,2026-09-07T16:10:30Z,high,20.273350492,,who.gho.mdg-0000000007,raw/who.gho.mdg-0000000007/2026/09/20260907T161030Z-d2101d8df79b.json.gz,2
who.gho.mdg-0000000007,MDG_0000000007:LTU:SEX_FMLE:AGEGROUP_YEARSUNDER5:WEALTHQUINTILE_TOTL,1975-01-01,2026-09-07T16:10:30Z,low,18.917152578,,who.gho.mdg-0000000007,raw/who.gho.mdg-0000000007/2026/09/20260907T161030Z-d2101d8df79b.json.gz,2
who.gho.mdg-0000000007,MDG_0000000007:LTU:SEX_FMLE:AGEGROUP_YEARSUNDER5:WEALTHQUINTILE_TOTL,1975-01-01,2026-09-07T16:10:30Z,restated_at,2026-08-05,,who.gho.mdg-0000000007,raw/who.gho.mdg-0000000007/2026/09/20260907T161030Z-d2101d8df79b.json.gz,2
who.gho.mdg-0000000007,MDG_0000000007:LTU:SEX_FMLE:AGEGROUP_YEARSUNDER5:WEALTHQUINTILE_TOTL,1975-01-01,2026-09-07T16:10:30Z,value,19.58826475,,who.gho.mdg-0000000007,raw/who.gho.mdg-0000000007/2026/09/20260907T161030Z-d2101d8df79b.json.gz,2
who.gho.mdg-0000000007,MDG_0000000007:LTU:SEX_MLE:AGEGROUP_YEARSUNDER5:WEALTHQUINTILE_TOTL,1975-01-01,2026-09-07T16:11:14Z,high,26.527798109,,who.gho.mdg-0000000007,raw/who.gho.mdg-0000000007/2026/09/20260907T161114Z-c1ae2408f442.json.gz,2
who.gho.mdg-0000000007,MDG_0000000007:LTU:SEX_MLE:AGEGROUP_YEARSUNDER5:WEALTHQUINTILE_TOTL,1975-01-01,2026-09-07T16:11:14Z,low,24.852162666,,who.gho.mdg-0000000007,raw/who.gho.mdg-0000000007/2026/09/20260907T161114Z-c1ae2408f442.json.gz,2
who.gho.mdg-0000000007,MDG_0000000007:LTU:SEX_MLE:AGEGROUP_YEARSUNDER5:WEALTHQUINTILE_TOTL,1975-01-01,2026-09-07T16:11:14Z,restated_at,2026-08-05,,who.gho.mdg-0000000007,raw/who.gho.mdg-0000000007/2026/09/20260907T161114Z-c1ae2408f442.json.gz,2
who.gho.mdg-0000000007,MDG_0000000007:LTU:SEX_MLE:AGEGROUP_YEARSUNDER5:WEALTHQUINTILE_TOTL,1975-01-01,2026-09-07T16:11:14Z,value,25.667185395,,who.gho.mdg-0000000007,raw/who.gho.mdg-0000000007/2026/09/20260907T161114Z-c1ae2408f442.json.gz,2
who.gho.mdg-0000000007,MDG_0000000007:LUX:SEX_BTSX:AGEGROUP_YEARSUNDER5:WEALTHQUINTILE_TOTL,1975-01-01,2026-09-07T16:10:24Z,high,17.852606939,,who.gho.mdg-0000000007,raw/who.gho.mdg-0000000007/2026/09/20260907T161024Z-808a2a46070d.json.gz,2
who.gho.mdg-0000000007,MDG_0000000007:LUX:SEX_BTSX:AGEGROUP_YEARSUNDER5:WEALTHQUINTILE_TOTL,1975-01-01,2026-09-07T16:10:24Z,low,15.607998662,,who.gho.mdg-0000000007,raw/who.gho.mdg-0000000007/2026/09/20260907T161024Z-808a2a46070d.json.gz,2
who.gho.mdg-0000000007,MDG_0000000007:LUX:SEX_BTSX:AGEGROUP_YEARSUNDER5:WEALTHQUINTILE_TOTL,1975-01-01,2026-09-07T16:10:24Z,restated_at,2026-08-05,,who.gho.mdg-0000000007,raw/who.gho.mdg-0000000007/2026/09/20260907T161024Z-808a2a46070d.json.gz,2
who.gho.mdg-0000000007,MDG_0000000007:LUX:SEX_BTSX:AGEGROUP_YEARSUNDER5:WEALTHQUINTILE_TOTL,1975-01-01,2026-09-07T16:10:24Z,value,16.689554181,,who.gho.mdg-0000000007,raw/who.gho.mdg-0000000007/2026/09/20260907T161024Z-808a2a46070d.json.gz,2
who.gho.mdg-0000000007,MDG_0000000007:LUX:SEX_FMLE:AGEGROUP_YEARSUNDER5:WEALTHQUINTILE_TOTL,1975-01-01,2026-09-07T16:11:06Z,high,15.658982593,,who.gho.mdg-0000000007,raw/who.gho.mdg-0000000007/2026/09/20260907T161106Z-078c7101acce.json.gz,2
who.gho.mdg-0000000007,MDG_0000000007:LUX:SEX_FMLE:AGEGROUP_YEARSUNDER5:WEALTHQUINTILE_TOTL,1975-01-01,2026-09-07T16:11:06Z,low,13.464495562,,who.gho.mdg-0000000007,raw/who.gho.mdg-0000000007/2026/09/20260907T161106Z-078c7101acce.json.gz,2
who.gho.mdg-0000000007,MDG_0000000007:LUX:SEX_FMLE:AGEGROUP_YEARSUNDER5:WEALTHQUINTILE_TOTL,1975-01-01,2026-09-07T16:11:06Z,restated_at,2026-08-05,,who.gho.mdg-0000000007,raw/who.gho.mdg-0000000007/2026/09/20260907T161106Z-078c7101acce.json.gz,2
who.gho.mdg-0000000007,MDG_0000000007:LUX:SEX_FMLE:AGEGROUP_YEARSUNDER5:WEALTHQUINTILE_TOTL,1975-01-01,2026-09-07T16:11:06Z,value,14.523681107,,who.gho.mdg-0000000007,raw/who.gho.mdg-0000000007/2026/09/20260907T161106Z-078c7101acce.json.gz,2
who.gho.mdg-0000000007,MDG_0000000007:LUX:SEX_MLE:AGEGROUP_YEARSUNDER5:WEALTHQUINTILE_TOTL,1975-01-01,2026-09-07T16:05:22Z,high,20.143944271,,who.gho.mdg-0000000007,raw/who.gho.mdg-0000000007/2026/09/20260907T160522Z-2bd49e664eea.json.gz,2
who.gho.mdg-0000000007,MDG_0000000007:LUX:SEX_MLE:AGEGROUP_YEARSUNDER5:WEALTHQUINTILE_TOTL,1975-01-01,2026-09-07T16:05:22Z,low,17.436000655,,who.gho.mdg-0000000007,raw/who.gho.mdg-0000000007/2026/09/20260907T160522Z-2bd49e664eea.json.gz,2
who.gho.mdg-0000000007,MDG_0000000007:LUX:SEX_MLE:AGEGROUP_YEARSUNDER5:WEALTHQUINTILE_TOTL,1975-01-01,2026-09-07T16:05:22Z,restated_at,2026-08-05,,who.gho.mdg-0000000007,raw/who.gho.mdg-0000000007/2026/09/20260907T160522Z-2bd49e664eea.json.gz,2
who.gho.mdg-0000000007,MDG_0000000007:LUX:SEX_MLE:AGEGROUP_YEARSUNDER5:WEALTHQUINTILE_TOTL,1975-01-01,2026-09-07T16:05:22Z,value,18.754262772,,who.gho.mdg-0000000007,raw/who.gho.mdg-0000000007/2026/09/20260907T160522Z-2bd49e664eea.json.gz,2
who.gho.mdg-0000000007,MDG_0000000007:LVA:SEX_BTSX:AGEGROUP_YEARSUNDER5:WEALTHQUINTILE_TOTL,1975-01-01,2026-09-07T16:04:56Z,high,23.767273679,,who.gho.mdg-0000000007,raw/who.gho.mdg-0000000007/2026/09/20260907T160456Z-9369d1ec1a28.json.gz,2
who.gho.mdg-0000000007,MDG_0000000007:LVA:SEX_BTSX:AGEGROUP_YEARSUNDER5:WEALTHQUINTILE_TOTL,1975-01-01,2026-09-07T16:04:56Z,low,20.697593876,,who.gho.mdg-0000000007,raw/who.gho.mdg-0000000007/2026/09/20260907T160456Z-9369d1ec1a28.json.gz,2
who.gho.mdg-0000000007,MDG_0000000007:LVA:SEX_BTSX:AGEGROUP_YEARSUNDER5:WEALTHQUINTILE_TOTL,1975-01-01,2026-09-07T16:04:56Z,restated_at,2026-08-05,,who.gho.mdg-0000000007,raw/who.gho.mdg-0000000007/2026/09/20260907T160456Z-9369d1ec1a28.json.gz,2
who.gho.mdg-0000000007,MDG_0000000007:LVA:SEX_BTSX:AGEGROUP_YEARSUNDER5:WEALTHQUINTILE_TOTL,1975-01-01,2026-09-07T16:04:56Z,value,22.160789697,,who.gho.mdg-0000000007,raw/who.gho.mdg-0000000007/2026/09/20260907T160456Z-9369d1ec1a28.json.gz,2
who.gho.mdg-0000000007,MDG_0000000007:LVA:SEX_FMLE:AGEGROUP_YEARSUNDER5:WEALTHQUINTILE_TOTL,1975-01-01,2026-09-07T16:04:56Z,high,20.665013753,,who.gho.mdg-0000000007,raw/who.gho.mdg-0000000007/2026/09/20260907T160456Z-9369d1ec1a28.json.gz,2
who.gho.mdg-0000000007,MDG_0000000007:LVA:SEX_FMLE:AGEGROUP_YEARSUNDER5:WEALTHQUINTILE_TOTL,1975-01-01,2026-09-07T16:04:56Z,low,17.741588254,,who.gho.mdg-0000000007,raw/who.gho.mdg-0000000007/2026/09/20260907T160456Z-9369d1ec1a28.json.gz,2
who.gho.mdg-0000000007,MDG_0000000007:LVA:SEX_FMLE:AGEGROUP_YEARSUNDER5:WEALTHQUINTILE_TOTL,1975-01-01,2026-09-07T16:04:56Z,restated_at,2026-08-05,,who.gho.mdg-0000000007,raw/who.gho.mdg-0000000007/2026/09/20260907T160456Z-9369d1ec1a28.json.gz,2
who.gho.mdg-0000000007,MDG_0000000007:LVA:SEX_FMLE:AGEGROUP_YEARSUNDER5:WEALTHQUINTILE_TOTL,1975-01-01,2026-09-07T16:04:56Z,value,19.144158421,,who.gho.mdg-0000000007,raw/who.gho.mdg-0000000007/2026/09/20260907T160456Z-9369d1ec1a28.json.gz,2
who.gho.mdg-0000000007,MDG_0000000007:LVA:SEX_MLE:AGEGROUP_YEARSUNDER5:WEALTHQUINTILE_TOTL,1975-01-01,2026-09-07T16:04:56Z,high,26.963648572,,who.gho.mdg-0000000007,raw/who.gho.mdg-0000000007/2026/09/20260907T160456Z-9369d1ec1a28.json.gz,2
who.gho.mdg-0000000007,MDG_0000000007:LVA:SEX_MLE:AGEGROUP_YEARSUNDER5:WEALTHQUINTILE_TOTL,1975-01-01,2026-09-07T16:04:56Z,low,23.289962267,,who.gho.mdg-0000000007,raw/who.gho.mdg-0000000007/2026/09/20260907T160456Z-9369d1ec1a28.json.gz,2
who.gho.mdg-0000000007,MDG_0000000007:LVA:SEX_MLE:AGEGROUP_YEARSUNDER5:WEALTHQUINTILE_TOTL,1975-01-01,2026-09-07T16:04:56Z,restated_at,2026-08-05,,who.gho.mdg-0000000007,raw/who.gho.mdg-0000000007/2026/09/20260907T160456Z-9369d1ec1a28.json.gz,2
who.gho.mdg-0000000007,MDG_0000000007:LVA:SEX_MLE:AGEGROUP_YEARSUNDER5:WEALTHQUINTILE_TOTL,1975-01-01,2026-09-07T16:04:56Z,value,25.046226698,,who.gho.mdg-0000000007,raw/who.gho.mdg-0000000007/2026/09/20260907T160456Z-9369d1ec1a28.json.gz,2
who.gho.mdg-0000000007,MDG_0000000007:MAR:SEX_BTSX:AGEGROUP_YEARSUNDER5:WEALTHQUINTILE_TOTL,1975-01-01,2026-09-07T16:09:59Z,high,182.027693466,,who.gho.mdg-0000000007,raw/who.gho.mdg-0000000007/2026/09/20260907T160959Z-e41937f31aea.json.gz,2
who.gho.mdg-0000000007,MDG_0000000007:MAR:SEX_BTSX:AGEGROUP_YEARSUNDER5:WEALTHQUINTILE_TOTL,1975-01-01,2026-09-07T16:09:59Z,low,157.508661882,,who.gho.mdg-0000000007,raw/who.gho.mdg-0000000007/2026/09/20260907T160959Z-e41937f31aea.json.gz,2
who.gho.mdg-0000000007,MDG_0000000007:MAR:SEX_BTSX:AGEGROUP_YEARSUNDER5:WEALTHQUINTILE_TOTL,1975-01-01,2026-09-07T16:09:59Z,restated_at,2026-08-05,,who.gho.mdg-0000000007,raw/who.gho.mdg-0000000007/2026/09/20260907T160959Z-e41937f31aea.json.gz,2
who.gho.mdg-0000000007,MDG_0000000007:MAR:SEX_BTSX:AGEGROUP_YEARSUNDER5:WEALTHQUINTILE_TOTL,1975-01-01,2026-09-07T16:09:59Z,value,169.160231916,,who.gho.mdg-0000000007,raw/who.gho.mdg-0000000007/2026/09/20260907T160959Z-e41937f31aea.json.gz,2
who.gho.mdg-0000000007,MDG_0000000007:MAR:SEX_FMLE:AGEGROUP_YEARSUNDER5:WEALTHQUINTILE_TOTL,1975-01-01,2026-09-07T16:05:38Z,high,176.910029388,,who.gho.mdg-0000000007,raw/who.gho.mdg-0000000007/2026/09/20260907T160538Z-28a5f6808180.json.gz,2
who.gho.mdg-0000000007,MDG_0000000007:MAR:SEX_FMLE:AGEGROUP_YEARSUNDER5:WEALTHQUINTILE_TOTL,1975-01-01,2026-09-07T16:05:38Z,low,152.037473285,,who.gho.mdg-0000000007,raw/who.gho.mdg-0000000007/2026/09/20260907T160538Z-28a5f6808180.json.gz,2
who.gho.mdg-0000000007,MDG_0000000007:MAR:SEX_FMLE:AGEGROUP_YEARSUNDER5:WEALTHQUINTILE_TOTL,1975-01-01,2026-09-07T16:05:38Z,restated_at,2026-08-05,,who.gho.mdg-0000000007,raw/who.gho.mdg-0000000007/2026/09/20260907T160538Z-28a5f6808180.json.gz,2
who.gho.mdg-0000000007,MDG_0000000007:MAR:SEX_FMLE:AGEGROUP_YEARSUNDER5:WEALTHQUINTILE_TOTL,1975-01-01,2026-09-07T16:05:38Z,value,163.888604795,,who.gho.mdg-0000000007,raw/who.gho.mdg-0000000007/2026/09/20260907T160538Z-28a5f6808180.json.gz,2
who.gho.mdg-0000000007,MDG_0000000007:MAR:SEX_MLE:AGEGROUP_YEARSUNDER5:WEALTHQUINTILE_TOTL,1975-01-01,2026-09-07T16:04:52Z,high,187.746477028,,who.gho.mdg-0000000007,raw/who.gho.mdg-0000000007/2026/09/20260907T160452Z-cad637d9cec2.json.gz,2
who.gho.mdg-0000000007,MDG_0000000007:MAR:SEX_MLE:AGEGROUP_YEARSUNDER5:WEALTHQUINTILE_TOTL,1975-01-01,2026-09-07T16:04:52Z,low,161.726482232,,who.gho.mdg-0000000007,raw/who.gho.mdg-0000000007/2026/09/20260907T160452Z-cad637d9cec2.json.gz,2
who.gho.mdg-0000000007,MDG_0000000007:MAR:SEX_MLE:AGEGROUP_YEARSUNDER5:WEALTHQUINTILE_TOTL,1975-01-01,2026-09-07T16:04:52Z,restated_at,2026-08-05,,who.gho.mdg-0000000007,raw/who.gho.mdg-0000000007/2026/09/20260907T160452Z-cad637d9cec2.json.gz,2
who.gho.mdg-0000000007,MDG_0000000007:MAR:SEX_MLE:AGEGROUP_YEARSUNDER5:WEALTHQUINTILE_TOTL,1975-01-01,2026-09-07T16:04:52Z,value,174.262414566,,who.gho.mdg-0000000007,raw/who.gho.mdg-0000000007/2026/09/20260907T160452Z-cad637d9cec2.json.gz,2
who.gho.mdg-0000000007,MDG_0000000007:MDA:SEX_BTSX:AGEGROUP_YEARSUNDER5:WEALTHQUINTILE_TOTL,1975-01-01,2026-09-07T16:09:18Z,high,74.521567601,,who.gho.mdg-0000000007,raw/who.gho.mdg-0000000007/2026/09/20260907T160918Z-1f3ac080847d.json.gz,2
who.gho.mdg-0000000007,MDG_0000000007:MDA:SEX_BTSX:AGEGROUP_YEARSUNDER5:WEALTHQUINTILE_TOTL,1975-01-01,2026-09-07T16:09:18Z,low,43.540549947,,who.gho.mdg-0000000007,raw/who.gho.mdg-0000000007/2026/09/20260907T160918Z-1f3ac080847d.json.gz,2
who.gho.mdg-0000000007,MDG_0000000007:MDA:SEX_BTSX:AGEGROUP_YEARSUNDER5:WEALTHQUINTILE_TOTL,1975-01-01,2026-09-07T16:09:18Z,restated_at,2026-08-05,,who.gho.mdg-0000000007,raw/who.gho.mdg-0000000007/2026/09/20260907T160918Z-1f3ac080847d.json.gz,2
who.gho.mdg-0000000007,MDG_0000000007:MDA:SEX_BTSX:AGEGROUP_YEARSUNDER5:WEALTHQUINTILE_TOTL,1975-01-01,2026-09-07T16:09:18Z,value,56.988164926,,who.gho.mdg-0000000007,raw/who.gho.mdg-0000000007/2026/09/20260907T160918Z-1f3ac080847d.json.gz,2
who.gho.mdg-0000000007,MDG_0000000007:MDA:SEX_FMLE:AGEGROUP_YEARSUNDER5:WEALTHQUINTILE_TOTL,1975-01-01,2026-09-07T16:05:38Z,high,67.35029577,,who.gho.mdg-0000000007,raw/who.gho.mdg-0000000007/2026/09/20260907T160538Z-28a5f6808180.json.gz,2
who.gho.mdg-0000000007,MDG_0000000007:MDA:SEX_FMLE:AGEGROUP_YEARSUNDER5:WEALTHQUINTILE_TOTL,1975-01-01,2026-09-07T16:05:38Z,low,39.043670643,,who.gho.mdg-0000000007,raw/who.gho.mdg-0000000007/2026/09/20260907T160538Z-28a5f6808180.json.gz,2
who.gho.mdg-0000000007,MDG_0000000007:MDA:SEX_FMLE:AGEGROUP_YEARSUNDER5:WEALTHQUINTILE_TOTL,1975-01-01,2026-09-07T16:05:38Z,restated_at,2026-08-05,,who.gho.mdg-0000000007,raw/who.gho.mdg-0000000007/2026/09/20260907T160538Z-28a5f6808180.json.gz,2
who.gho.mdg-0000000007,MDG_0000000007:MDA:SEX_FMLE:AGEGROUP_YEARSUNDER5:WEALTHQUINTILE_TOTL,1975-01-01,2026-09-07T16:05:38Z,value,51.04763179,,who.gho.mdg-0000000007,raw/who.gho.mdg-0000000007/2026/09/20260907T160538Z-28a5f6808180.json.gz,2
who.gho.mdg-0000000007,MDG_0000000007:MDA:SEX_MLE:AGEGROUP_YEARSUNDER5:WEALTHQUINTILE_TOTL,1975-01-01,2026-09-07T16:08:45Z,high,81.797976511,,who.gho.mdg-0000000007,raw/who.gho.mdg-0000000007/2026/09/20260907T160845Z-9b23f1f1b45b.json.gz,2
who.gho.mdg-0000000007,MDG_0000000007:MDA:SEX_MLE:AGEGROUP_YEARSUNDER5:WEALTHQUINTILE_TOTL,1975-01-01,2026-09-07T16:08:45Z,low,47.651774254,,who.gho.mdg-0000000007,raw/who.gho.mdg-0000000007/2026/09/20260907T160845Z-9b23f1f1b45b.json.gz,2
who.gho.mdg-0000000007,MDG_0000000007:MDA:SEX_MLE:AGEGROUP_YEARSUNDER5:WEALTHQUINTILE_TOTL,1975-01-01,2026-09-07T16:08:45Z,restated_at,2026-08-05,,who.gho.mdg-0000000007,raw/who.gho.mdg-0000000007/2026/09/20260907T160845Z-9b23f1f1b45b.json.gz,2
who.gho.mdg-0000000007,MDG_0000000007:MDA:SEX_MLE:AGEGROUP_YEARSUNDER5:WEALTHQUINTILE_TOTL,1975-01-01,2026-09-07T16:08:45Z,value,62.689694213,,who.gho.mdg-0000000007,raw/who.gho.mdg-0000000007/2026/09/20260907T160845Z-9b23f1f1b45b.json.gz,2
who.gho.mdg-0000000007,MDG_0000000007:MDG:SEX_BTSX:AGEGROUP_YEARSUNDER5:WEALTHQUINTILE_TOTL,1975-01-01,2026-09-07T16:09:26Z,high,178.285788339,,who.gho.mdg-0000000007,raw/who.gho.mdg-0000000007/2026/09/20260907T160926Z-3ee37906b339.json.gz,2
who.gho.mdg-0000000007,MDG_0000000007:MDG:SEX_BTSX:AGEGROUP_YEARSUNDER5:WEALTHQUINTILE_TOTL,1975-01-01,2026-09-07T16:09:26Z,low,144.971034885,,who.gho.mdg-0000000007,raw/who.gho.mdg-0000000007/2026/09/20260907T160926Z-3ee37906b339.json.gz,2
who.gho.mdg-0000000007,MDG_0000000007:MDG:SEX_BTSX:AGEGROUP_YEARSUNDER5:WEALTHQUINTILE_TOTL,1975-01-01,2026-09-07T16:09:26Z,restated_at,2026-08-05,,who.gho.mdg-0000000007,raw/who.gho.mdg-0000000007/2026/09/20260907T160926Z-3ee37906b339.json.gz,2
who.gho.mdg-0000000007,MDG_0000000007:MDG:SEX_BTSX:AGEGROUP_YEARSUNDER5:WEALTHQUINTILE_TOTL,1975-01-01,2026-09-07T16:09:26Z,value,160.659101536,,who.gho.mdg-0000000007,raw/who.gho.mdg-0000000007/2026/09/20260907T160926Z-3ee37906b339.json.gz,2
who.gho.mdg-0000000007,MDG_0000000007:MDG:SEX_FMLE:AGEGROUP_YEARSUNDER5:WEALTHQUINTILE_TOTL,1975-01-01,2026-09-07T16:10:24Z,high,171.37852904,,who.gho.mdg-0000000007,raw/who.gho.mdg-0000000007/2026/09/20260907T161024Z-808a2a46070d.json.gz,2
who.gho.mdg-0000000007,MDG_0000000007:MDG:SEX_FMLE:AGEGROUP_YEARSUNDER5:WEALTHQUINTILE_TOTL,1975-01-01,2026-09-07T16:10:24Z,low,138.617616801,,who.gho.mdg-0000000007,raw/who.gho.mdg-0000000007/2026/09/20260907T161024Z-808a2a46070d.json.gz,2
who.gho.mdg-0000000007,MDG_0000000007:MDG:SEX_FMLE:AGEGROUP_YEARSUNDER5:WEALTHQUINTILE_TOTL,1975-01-01,2026-09-07T16:10:24Z,restated_at,2026-08-05,,who.gho.mdg-0000000007,raw/who.gho.mdg-0000000007/2026/09/20260907T161024Z-808a2a46070d.json.gz,2
who.gho.mdg-0000000007,MDG_0000000007:MDG:SEX_FMLE:AGEGROUP_YEARSUNDER5:WEALTHQUINTILE_TOTL,1975-01-01,2026-09-07T16:10:24Z,value,153.966576742,,who.gho.mdg-0000000007,raw/who.gho.mdg-0000000007/2026/09/20260907T161024Z-808a2a46070d.json.gz,2
who.gho.mdg-0000000007,MDG_0000000007:MDG:SEX_MLE:AGEGROUP_YEARSUNDER5:WEALTHQUINTILE_TOTL,1975-01-01,2026-09-07T16:05:09Z,high,185.796981916,,who.gho.mdg-0000000007,raw/who.gho.mdg-0000000007/2026/09/20260907T160509Z-9066130499c7.json.gz,2
who.gho.mdg-0000000007,MDG_0000000007:MDG:SEX_MLE:AGEGROUP_YEARSUNDER5:WEALTHQUINTILE_TOTL,1975-01-01,2026-09-07T16:05:09Z,low,150.40590788,,who.gho.mdg-0000000007,raw/who.gho.mdg-0000000007/2026/09/20260907T160509Z-9066130499c7.json.gz,2
who.gho.mdg-0000000007,MDG_0000000007:MDG:SEX_MLE:AGEGROUP_YEARSUNDER5:WEALTHQUINTILE_TOTL,1975-01-01,2026-09-07T16:05:09Z,restated_at,2026-08-05,,who.gho.mdg-0000000007,raw/who.gho.mdg-0000000007/2026/09/20260907T160509Z-9066130499c7.json.gz,2
who.gho.mdg-0000000007,MDG_0000000007:MDG:SEX_MLE:AGEGROUP_YEARSUNDER5:WEALTHQUINTILE_TOTL,1975-01-01,2026-09-07T16:05:09Z,value,167.080959455,,who.gho.mdg-0000000007,raw/who.gho.mdg-0000000007/2026/09/20260907T160509Z-9066130499c7.json.gz,2
who.gho.mdg-0000000007,MDG_0000000007:MDV:SEX_BTSX:AGEGROUP_YEARSUNDER5:WEALTHQUINTILE_TOTL,1975-01-01,2026-09-07T16:10:17Z,high,230.727620162,,who.gho.mdg-0000000007,raw/who.gho.mdg-0000000007/2026/09/20260907T161017Z-ca4dbf4e12d6.json.gz,2
who.gho.mdg-0000000007,MDG_0000000007:MDV:SEX_BTSX:AGEGROUP_YEARSUNDER5:WEALTHQUINTILE_TOTL,1975-01-01,2026-09-07T16:10:17Z,low,175.782102616,,who.gho.mdg-0000000007,raw/who.gho.mdg-0000000007/2026/09/20260907T161017Z-ca4dbf4e12d6.json.gz,2
who.gho.mdg-0000000007,MDG_0000000007:MDV:SEX_BTSX:AGEGROUP_YEARSUNDER5:WEALTHQUINTILE_TOTL,1975-01-01,2026-09-07T16:10:17Z,restated_at,2026-08-05,,who.gho.mdg-0000000007,raw/who.gho.mdg-0000000007/2026/09/20260907T161017Z-ca4dbf4e12d6.json.gz,2
who.gho.mdg-0000000007,MDG_0000000007:MDV:SEX_BTSX:AGEGROUP_YEARSUNDER5:WEALTHQUINTILE_TOTL,1975-01-01,2026-09-07T16:10:17Z,value,201.698244516,,who.gho.mdg-0000000007,raw/who.gho.mdg-0000000007/2026/09/20260907T161017Z-ca4dbf4e12d6.json.gz,2
who.gho.mdg-0000000007,MDG_0000000007:MDV:SEX_FMLE:AGEGROUP_YEARSUNDER5:WEALTHQUINTILE_TOTL,1975-01-01,2026-09-07T16:06:21Z,high,220.344506564,,who.gho.mdg-0000000007,raw/who.gho.mdg-0000000007/2026/09/20260907T160621Z-1819ad2538c7.json.gz,2
who.gho.mdg-0000000007,MDG_0000000007:MDV:SEX_FMLE:AGEGROUP_YEARSUNDER5:WEALTHQUINTILE_TOTL,1975-01-01,2026-09-07T16:06:21Z,low,165.156115197,,who.gho.mdg-0000000007,raw/who.gho.mdg-0000000007/2026/09/20260907T160621Z-1819ad2538c7.json.gz,2
who.gho.mdg-0000000007,MDG_0000000007:MDV:SEX_FMLE:AGEGROUP_YEARSUNDER5:WEALTHQUINTILE_TOTL,1975-01-01,2026-09-07T16:06:21Z,restated_at,2026-08-05,,who.gho.mdg-0000000007,raw/who.gho.mdg-0000000007/2026/09/20260907T160621Z-1819ad2538c7.json.gz,2
who.gho.mdg-0000000007,MDG_0000000007:MDV:SEX_FMLE:AGEGROUP_YEARSUNDER5:WEALTHQUINTILE_TOTL,1975-01-01,2026-09-07T16:06:21Z,value,191.242086787,,who.gho.mdg-0000000007,raw/who.gho.mdg-0000000007/2026/09/20260907T160621Z-1819ad2538c7.json.gz,2
who.gho.mdg-0000000007,MDG_0000000007:MDV:SEX_MLE:AGEGROUP_YEARSUNDER5:WEALTHQUINTILE_TOTL,1975-01-01,2026-09-07T16:09:34Z,high,242.823467105,,who.gho.mdg-0000000007,raw/who.gho.mdg-0000000007/2026/09/20260907T160934Z-f7f0902b1194.json.gz,2
who.gho.mdg-0000000007,MDG_0000000007:MDV:SEX_MLE:AGEGROUP_YEARSUNDER5:WEALTHQUINTILE_TOTL,1975-01-01,2026-09-07T16:09:34Z,low,183.266016708,,who.gho.mdg-0000000007,raw/who.gho.mdg-0000000007/2026/09/20260907T160934Z-f7f0902b1194.json.gz,2
who.gho.mdg-0000000007,MDG_0000000007:MDV:SEX_MLE:AGEGROUP_YEARSUNDER5:WEALTHQUINTILE_TOTL,1975-01-01,2026-09-07T16:09:34Z,restated_at,2026-08-05,,who.gho.mdg-0000000007,raw/who.gho.mdg-0000000007/2026/09/20260907T160934Z-f7f0902b1194.json.gz,2
who.gho.mdg-0000000007,MDG_0000000007:MDV:SEX_MLE:AGEGROUP_YEARSUNDER5:WEALTHQUINTILE_TOTL,1975-01-01,2026-09-07T16:09:34Z,value,211.399286449,,who.gho.mdg-0000000007,raw/who.gho.mdg-0000000007/2026/09/20260907T160934Z-f7f0902b1194.json.gz,2
who.gho.mdg-0000000007,MDG_0000000007:MEX:SEX_BTSX:AGEGROUP_YEARSUNDER5:WEALTHQUINTILE_TOTL,1975-01-01,2026-09-07T16:05:06Z,high,96.457262232,,who.gho.mdg-0000000007,raw/who.gho.mdg-0000000007/2026/09/20260907T160506Z-a219a21e2a4a.json.gz,2
who.gho.mdg-0000000007,MDG_0000000007:MEX:SEX_BTSX:AGEGROUP_YEARSUNDER5:WEALTHQUINTILE_TOTL,1975-01-01,2026-09-07T16:05:06Z,low,81.404592504,,who.gho.mdg-0000000007,raw/who.gho.mdg-0000000007/2026/09/20260907T160506Z-a219a21e2a4a.json.gz,2
who.gho.mdg-0000000007,MDG_0000000007:MEX:SEX_BTSX:AGEGROUP_YEARSUNDER5:WEALTHQUINTILE_TOTL,1975-01-01,2026-09-07T16:05:06Z,restated_at,2026-08-05,,who.gho.mdg-0000000007,raw/who.gho.mdg-0000000007/2026/09/20260907T160506Z-a219a21e2a4a.json.gz,2
who.gho.mdg-0000000007,MDG_0000000007:MEX:SEX_BTSX:AGEGROUP_YEARSUNDER5:WEALTHQUINTILE_TOTL,1975-01-01,2026-09-07T16:05:06Z,value,88.649062493,,who.gho.mdg-0000000007,raw/who.gho.mdg-0000000007/2026/09/20260907T160506Z-a219a21e2a4a.json.gz,2
who.gho.mdg-0000000007,MDG_0000000007:MEX:SEX_FMLE:AGEGROUP_YEARSUNDER5:WEALTHQUINTILE_TOTL,1975-01-01,2026-09-07T16:06:26Z,high,90.288496149,,who.gho.mdg-0000000007,raw/who.gho.mdg-0000000007/2026/09/20260907T160626Z-083ef708c2ee.json.gz,2
who.gho.mdg-0000000007,MDG_0000000007:MEX:SEX_FMLE:AGEGROUP_YEARSUNDER5:WEALTHQUINTILE_TOTL,1975-01-01,2026-09-07T16:06:26Z,low,75.343528511,,who.gho.mdg-0000000007,raw/who.gho.mdg-0000000007/2026/09/20260907T160626Z-083ef708c2ee.json.gz,2
who.gho.mdg-0000000007,MDG_0000000007:MEX:SEX_FMLE:AGEGROUP_YEARSUNDER5:WEALTHQUINTILE_TOTL,1975-01-01,2026-09-07T16:06:26Z,restated_at,2026-08-05,,who.gho.mdg-0000000007,raw/who.gho.mdg-0000000007/2026/09/20260907T160626Z-083ef708c2ee.json.gz,2
who.gho.mdg-0000000007,MDG_0000000007:MEX:SEX_FMLE:AGEGROUP_YEARSUNDER5:WEALTHQUINTILE_TOTL,1975-01-01,2026-09-07T16:06:26Z,value,82.418943436,,who.gho.mdg-0000000007,raw/who.gho.mdg-0000000007/2026/09/20260907T160626Z-083ef708c2ee.json.gz,2
who.gho.mdg-0000000007,MDG_0000000007:MEX:SEX_MLE:AGEGROUP_YEARSUNDER5:WEALTHQUINTILE_TOTL,1975-01-01,2026-09-07T16:08:50Z,high,103.21338552,,who.gho.mdg-0000000007,raw/who.gho.mdg-0000000007/2026/09/20260907T160850Z-957169f3a50e.json.gz,2
who.gho.mdg-0000000007,MDG_0000000007:MEX:SEX_MLE:AGEGROUP_YEARSUNDER5:WEALTHQUINTILE_TOTL,1975-01-01,2026-09-07T16:08:50Z,low,86.220114537,,who.gho.mdg-0000000007,raw/who.gho.mdg-0000000007/2026/09/20260907T160850Z-957169f3a50e.json.gz,2
who.gho.mdg-0000000007,MDG_0000000007:MEX:SEX_MLE:AGEGROUP_YEARSUNDER5:WEALTHQUINTILE_TOTL,1975-01-01,2026-09-07T16:08:50Z,restated_at,2026-08-05,,who.gho.mdg-0000000007,raw/who.gho.mdg-0000000007/2026/09/20260907T160850Z-957169f3a50e.json.gz,2
who.gho.mdg-0000000007,MDG_0000000007:MEX:SEX_MLE:AGEGROUP_YEARSUNDER5:WEALTHQUINTILE_TOTL,1975-01-01,2026-09-07T16:08:50Z,value,94.560031077,,who.gho.mdg-0000000007,raw/who.gho.mdg-0000000007/2026/09/20260907T160850Z-957169f3a50e.json.gz,2
who.gho.mdg-0000000007,MDG_0000000007:MHL:SEX_BTSX:AGEGROUP_YEARSUNDER5:WEALTHQUINTILE_TOTL,1975-01-01,2026-09-07T16:06:02Z,high,78.859976389,,who.gho.mdg-0000000007,raw/who.gho.mdg-0000000007/2026/09/20260907T160602Z-1adff4f5f376.json.gz,2
who.gho.mdg-0000000007,MDG_0000000007:MHL:SEX_BTSX:AGEGROUP_YEARSUNDER5:WEALTHQUINTILE_TOTL,1975-01-01,2026-09-07T16:06:02Z,low,59.267065022,,who.gho.mdg-0000000007,raw/who.gho.mdg-0000000007/2026/09/20260907T160602Z-1adff4f5f376.json.gz,2
who.gho.mdg-0000000007,MDG_0000000007:MHL:SEX_BTSX:AGEGROUP_YEARSUNDER5:WEALTHQUINTILE_TOTL,1975-01-01,2026-09-07T16:06:02Z,restated_at,2026-08-05,,who.gho.mdg-0000000007,raw/who.gho.mdg-0000000007/2026/09/20260907T160602Z-1adff4f5f376.json.gz,2
who.gho.mdg-0000000007,MDG_0000000007:MHL:SEX_BTSX:AGEGROUP_YEARSUNDER5:WEALTHQUINTILE_TOTL,1975-01-01,2026-09-07T16:06:02Z,value,68.562054592,,who.gho.mdg-0000000007,raw/who.gho.mdg-0000000007/2026/09/20260907T160602Z-1adff4f5f376.json.gz,2
who.gho.mdg-0000000007,MDG_0000000007:MHL:SEX_FMLE:AGEGROUP_YEARSUNDER5:WEALTHQUINTILE_TOTL,1975-01-01,2026-09-07T16:09:18Z,high,73.355929727,,who.gho.mdg-0000000007,raw/who.gho.mdg-0000000007/2026/09/20260907T160918Z-1f3ac080847d.json.gz,2
who.gho.mdg-0000000007,MDG_0000000007:MHL:SEX_FMLE:AGEGROUP_YEARSUNDER5:WEALTHQUINTILE_TOTL,1975-01-01,2026-09-07T16:09:18Z,low,54.268787832,,who.gho.mdg-0000000007,raw/who.gho.mdg-0000000007/2026/09/20260907T160918Z-1f3ac080847d.json.gz,2
who.gho.mdg-0000000007,MDG_0000000007:MHL:SEX_FMLE:AGEGROUP_YEARSUNDER5:WEALTHQUINTILE_TOTL,1975-01-01,2026-09-07T16:09:18Z,restated_at,2026-08-05,,who.gho.mdg-0000000007,raw/who.gho.mdg-0000000007/2026/09/20260907T160918Z-1f3ac080847d.json.gz,2
who.gho.mdg-0000000007,MDG_0000000007:MHL:SEX_FMLE:AGEGROUP_YEARSUNDER5:WEALTHQUINTILE_TOTL,1975-01-01,2026-09-07T16:09:18Z,value,63.212347083,,who.gho.mdg-0000000007,raw/who.gho.mdg-0000000007/2026/09/20260907T160918Z-1f3ac080847d.json.gz,2
who.gho.mdg-0000000007,MDG_0000000007:MHL:SEX_MLE:AGEGROUP_YEARSUNDER5:WEALTHQUINTILE_TOTL,1975-01-01,2026-09-07T16:11:22Z,high,85.227008961,,who.gho.mdg-0000000007,raw/who.gho.mdg-0000000007/2026/09/20260907T161122Z-4e9c288e3adb.json.gz,2
who.gho.mdg-0000000007,MDG_0000000007:MHL:SEX_MLE:AGEGROUP_YEARSUNDER5:WEALTHQUINTILE_TOTL,1975-01-01,2026-09-07T16:11:22Z,low,63.264150038,,who.gho.mdg-0000000007,raw/who.gho.mdg-0000000007/2026/09/20260907T161122Z-4e9c288e3adb.json.gz,2
who.gho.mdg-0000000007,MDG_0000000007:MHL:SEX_MLE:AGEGROUP_YEARSUNDER5:WEALTHQUINTILE_TOTL,1975-01-01,2026-09-07T16:11:22Z,restated_at,2026-08-05,,who.gho.mdg-0000000007,raw/who.gho.mdg-0000000007/2026/09/20260907T161122Z-4e9c288e3adb.json.gz,2
who.gho.mdg-0000000007,MDG_0000000007:MHL:SEX_MLE:AGEGROUP_YEARSUNDER5:WEALTHQUINTILE_TOTL,1975-01-01,2026-09-07T16:11:22Z,value,73.666872027,,who.gho.mdg-0000000007,raw/who.gho.mdg-0000000007/2026/09/20260907T161122Z-4e9c288e3adb.json.gz,2
who.gho.mdg-0000000007,MDG_0000000007:MLI:SEX_BTSX:AGEGROUP_YEARSUNDER5:WEALTHQUINTILE_TOTL,1975-01-01,2026-09-07T16:06:29Z,high,379.759428163,,who.gho.mdg-0000000007,raw/who.gho.mdg-0000000007/2026/09/20260907T160629Z-f6ed87825938.json.gz,2
who.gho.mdg-0000000007,MDG_0000000007:MLI:SEX_BTSX:AGEGROUP_YEARSUNDER5:WEALTHQUINTILE_TOTL,1975-01-01,2026-09-07T16:06:29Z,low,319.736293097,,who.gho.mdg-0000000007,raw/who.gho.mdg-0000000007/2026/09/20260907T160629Z-f6ed87825938.json.gz,2
who.gho.mdg-0000000007,MDG_0000000007:MLI:SEX_BTSX:AGEGROUP_YEARSUNDER5:WEALTHQUINTILE_TOTL,1975-01-01,2026-09-07T16:06:29Z,restated_at,2026-08-05,,who.gho.mdg-0000000007,raw/who.gho.mdg-0000000007/2026/09/20260907T160629Z-f6ed87825938.json.gz,2
who.gho.mdg-0000000007,MDG_0000000007:MLI:SEX_BTSX:AGEGROUP_YEARSUNDER5:WEALTHQUINTILE_TOTL,1975-01-01,2026-09-07T16:06:29Z,value,348.649901247,,who.gho.mdg-0000000007,raw/who.gho.mdg-0000000007/2026/09/20260907T160629Z-f6ed87825938.json.gz,2
who.gho.mdg-0000000007,MDG_0000000007:MLI:SEX_FMLE:AGEGROUP_YEARSUNDER5:WEALTHQUINTILE_TOTL,1975-01-01,2026-09-07T16:05:43Z,high,370.74367035,,who.gho.mdg-0000000007,raw/who.gho.mdg-0000000007/2026/09/20260907T160543Z-0bdfcfeb6714.json.gz,2
who.gho.mdg-0000000007,MDG_0000000007:MLI:SEX_FMLE:AGEGROUP_YEARSUNDER5:WEALTHQUINTILE_TOTL,1975-01-01,2026-09-07T16:05:43Z,low,311.731139752,,who.gho.mdg-0000000007,raw/who.gho.mdg-0000000007/2026/09/20260907T160543Z-0bdfcfeb6714.json.gz,2
who.gho.mdg-0000000007,MDG_0000000007:MLI:SEX_FMLE:AGEGROUP_YEARSUNDER5:WEALTHQUINTILE_TOTL,1975-01-01,2026-09-07T16:05:43Z,restated_at,2026-08-05,,who.gho.mdg-0000000007,raw/who.gho.mdg-0000000007/2026/09/20260907T160543Z-0bdfcfeb6714.json.gz,2
who.gho.mdg-0000000007,MDG_0000000007:MLI:SEX_FMLE:AGEGROUP_YEARSUNDER5:WEALTHQUINTILE_TOTL,1975-01-01,2026-09-07T16:05:43Z,value,340.294985677,,who.gho.mdg-0000000007,raw/who.gho.mdg-0000000007/2026/09/20260907T160543Z-0bdfcfeb6714.json.gz,2
who.gho.mdg-0000000007,MDG_0000000007:MLI:SEX_MLE:AGEGROUP_YEARSUNDER5:WEALTHQUINTILE_TOTL,1975-01-01,2026-09-07T16:06:29Z,high,389.412313047,,who.gho.mdg-0000000007,raw/who.gho.mdg-0000000007/2026/09/20260907T160629Z-f6ed87825938.json.gz,2
who.gho.mdg-0000000007,MDG_0000000007:MLI:SEX_MLE:AGEGROUP_YEARSUNDER5:WEALTHQUINTILE_TOTL,1975-01-01,2026-09-07T16:06:29Z,low,327.094457154,,who.gho.mdg-0000000007,raw/who.gho.mdg-0000000007/2026/09/20260907T160629Z-f6ed87825938.json.gz,2
who.gho.mdg-0000000007,MDG_0000000007:MLI:SEX_MLE:AGEGROUP_YEARSUNDER5:WEALTHQUINTILE_TOTL,1975-01-01,2026-09-07T16:06:29Z,restated_at,2026-08-05,,who.gho.mdg-0000000007,raw/who.gho.mdg-0000000007/2026/09/20260907T160629Z-f6ed87825938.json.gz,2
who.gho.mdg-0000000007,MDG_0000000007:MLI:SEX_MLE:AGEGROUP_YEARSUNDER5:WEALTHQUINTILE_TOTL,1975-01-01,2026-09-07T16:06:29Z,value,356.757858485,,who.gho.mdg-0000000007,raw/who.gho.mdg-0000000007/2026/09/20260907T160629Z-f6ed87825938.json.gz,2
who.gho.mdg-0000000007,MDG_0000000007:MLT:SEX_BTSX:AGEGROUP_YEARSUNDER5:WEALTHQUINTILE_TOTL,1975-01-01,2026-09-07T16:09:13Z,high,22.5851233,,who.gho.mdg-0000000007,raw/who.gho.mdg-0000000007/2026/09/20260907T160913Z-86e8fac132bd.json.gz,2
who.gho.mdg-0000000007,MDG_0000000007:MLT:SEX_BTSX:AGEGROUP_YEARSUNDER5:WEALTHQUINTILE_TOTL,1975-01-01,2026-09-07T16:09:13Z,low,20.305458987,,who.gho.mdg-0000000007,raw/who.gho.mdg-0000000007/2026/09/20260907T160913Z-86e8fac132bd.json.gz,2
who.gho.mdg-0000000007,MDG_0000000007:MLT:SEX_BTSX:AGEGROUP_YEARSUNDER5:WEALTHQUINTILE_TOTL,1975-01-01,2026-09-07T16:09:13Z,restated_at,2026-08-05,,who.gho.mdg-0000000007,raw/who.gho.mdg-0000000007/2026/09/20260907T160913Z-86e8fac132bd.json.gz,2
who.gho.mdg-0000000007,MDG_0000000007:MLT:SEX_BTSX:AGEGROUP_YEARSUNDER5:WEALTHQUINTILE_TOTL,1975-01-01,2026-09-07T16:09:13Z,value,21.400770613,,who.gho.mdg-0000000007,raw/who.gho.mdg-0000000007/2026/09/20260907T160913Z-86e8fac132bd.json.gz,2
who.gho.mdg-0000000007,MDG_0000000007:MLT:SEX_FMLE:AGEGROUP_YEARSUNDER5:WEALTHQUINTILE_TOTL,1975-01-01,2026-09-07T16:06:07Z,high,20.556040371,,who.gho.mdg-0000000007,raw/who.gho.mdg-0000000007/2026/09/20260907T160607Z-9445f1b065fa.json.gz,2
who.gho.mdg-0000000007,MDG_0000000007:MLT:SEX_FMLE:AGEGROUP_YEARSUNDER5:WEALTHQUINTILE_TOTL,1975-01-01,2026-09-07T16:06:07Z,low,18.151432062,,who.gho.mdg-0000000007,raw/who.gho.mdg-0000000007/2026/09/20260907T160607Z-9445f1b065fa.json.gz,2
who.gho.mdg-0000000007,MDG_0000000007:MLT:SEX_FMLE:AGEGROUP_YEARSUNDER5:WEALTHQUINTILE_TOTL,1975-01-01,2026-09-07T16:06:07Z,restated_at,2026-08-05,,who.gho.mdg-0000000007,raw/who.gho.mdg-0000000007/2026/09/20260907T160607Z-9445f1b065fa.json.gz,2
who.gho.mdg-0000000007,MDG_0000000007:MLT:SEX_FMLE:AGEGROUP_YEARSUNDER5:WEALTHQUINTILE_TOTL,1975-01-01,2026-09-07T16:06:07Z,value,19.31237061,,who.gho.mdg-0000000007,raw/who.gho.mdg-0000000007/2026/09/20260907T160607Z-9445f1b065fa.json.gz,2
who.gho.mdg-0000000007,MDG_0000000007:MLT:SEX_MLE:AGEGROUP_YEARSUNDER5:WEALTHQUINTILE_TOTL,1975-01-01,2026-09-07T16:10:58Z,high,24.778702926,,who.gho.mdg-0000000007,raw/who.gho.mdg-0000000007/2026/09/20260907T161058Z-4d8f6ed35960.json.gz,2
who.gho.mdg-0000000007,MDG_0000000007:MLT:SEX_MLE:AGEGROUP_YEARSUNDER5:WEALTHQUINTILE_TOTL,1975-01-01,2026-09-07T16:10:58Z,low,22.060744932,,who.gho.mdg-0000000007,raw/who.gho.mdg-0000000007/2026/09/20260907T161058Z-4d8f6ed35960.json.gz,2
who.gho.mdg-0000000007,MDG_0000000007:MLT:SEX_MLE:AGEGROUP_YEARSUNDER5:WEALTHQUINTILE_TOTL,1975-01-01,2026-09-07T16:10:58Z,restated_at,2026-08-05,,who.gho.mdg-0000000007,raw/who.gho.mdg-0000000007/2026/09/20260907T161058Z-4d8f6ed35960.json.gz,2
who.gho.mdg-0000000007,MDG_0000000007:MLT:SEX_MLE:AGEGROUP_YEARSUNDER5:WEALTHQUINTILE_TOTL,1975-01-01,2026-09-07T16:10:58Z,value,23.405108104,,who.gho.mdg-0000000007,raw/who.gho.mdg-0000000007/2026/09/20260907T161058Z-4d8f6ed35960.json.gz,2
who.gho.mdg-0000000007,MDG_0000000007:MMR:SEX_BTSX:AGEGROUP_YEARSUNDER5:WEALTHQUINTILE_TOTL,1975-01-01,2026-09-07T16:06:07Z,high,183.985903913,,who.gho.mdg-0000000007,raw/who.gho.mdg-0000000007/2026/09/20260907T160607Z-9445f1b065fa.json.gz,2
who.gho.mdg-0000000007,MDG_0000000007:MMR:SEX_BTSX:AGEGROUP_YEARSUNDER5:WEALTHQUINTILE_TOTL,1975-01-01,2026-09-07T16:06:07Z,low,131.653408068,,who.gho.mdg-0000000007,raw/who.gho.mdg-0000000007/2026/09/20260907T160607Z-9445f1b065fa.json.gz,2
who.gho.mdg-0000000007,MDG_0000000007:MMR:SEX_BTSX:AGEGROUP_YEARSUNDER5:WEALTHQUINTILE_TOTL,1975-01-01,2026-09-07T16:06:07Z,restated_at,2026-08-05,,who.gho.mdg-0000000007,raw/who.gho.mdg-0000000007/2026/09/20260907T160607Z-9445f1b065fa.json.gz,2
who.gho.mdg-0000000007,MDG_0000000007:MMR:SEX_BTSX:AGEGROUP_YEARSUNDER5:WEALTHQUINTILE_TOTL,1975-01-01,2026-09-07T16:06:07Z,value,155.510896182,,who.gho.mdg-0000000007,raw/who.gho.mdg-0000000007/2026/09/20260907T160607Z-9445f1b065fa.json.gz,2
who.gho.mdg-0000000007,MDG_0000000007:MMR:SEX_FMLE:AGEGROUP_YEARSUNDER5:WEALTHQUINTILE_TOTL,1975-01-01,2026-09-07T16:09:59Z,high,174.296370548,,who.gho.mdg-0000000007,raw/who.gho.mdg-0000000007/2026/09/20260907T160959Z-e41937f31aea.json.gz,2
who.gho.mdg-0000000007,MDG_0000000007:MMR:SEX_FMLE:AGEGROUP_YEARSUNDER5:WEALTHQUINTILE_TOTL,1975-01-01,2026-09-07T16:09:59Z,low,123.421047452,,who.gho.mdg-0000000007,raw/who.gho.mdg-0000000007/2026/09/20260907T160959Z-e41937f31aea.json.gz,2
who.gho.mdg-0000000007,MDG_0000000007:MMR:SEX_FMLE:AGEGROUP_YEARSUNDER5:WEALTHQUINTILE_TOTL,1975-01-01,2026-09-07T16:09:59Z,restated_at,2026-08-05,,who.gho.mdg-0000000007,raw/who.gho.mdg-0000000007/2026/09/20260907T160959Z-e41937f31aea.json.gz,2
who.gho.mdg-0000000007,MDG_0000000007:MMR:SEX_FMLE:AGEGROUP_YEARSUNDER5:WEALTHQUINTILE_TOTL,1975-01-01,2026-09-07T16:09:59Z,value,146.5849683,,who.gho.mdg-0000000007,raw/who.gho.mdg-0000000007/2026/09/20260907T160959Z-e41937f31aea.json.gz,2
who.gho.mdg-0000000007,MDG_0000000007:MMR:SEX_MLE:AGEGROUP_YEARSUNDER5:WEALTHQUINTILE_TOTL,1975-01-01,2026-09-07T16:09:41Z,high,194.821051946,,who.gho.mdg-0000000007,raw/who.gho.mdg-0000000007/2026/09/20260907T160941Z-845bd0fc2e92.json.gz,2
who.gho.mdg-0000000007,MDG_0000000007:MMR:SEX_MLE:AGEGROUP_YEARSUNDER5:WEALTHQUINTILE_TOTL,1975-01-01,2026-09-07T16:09:41Z,low,138.357123358,,who.gho.mdg-0000000007,raw/who.gho.mdg-0000000007/2026/09/20260907T160941Z-845bd0fc2e92.json.gz,2
who.gho.mdg-0000000007,MDG_0000000007:MMR:SEX_MLE:AGEGROUP_YEARSUNDER5:WEALTHQUINTILE_TOTL,1975-01-01,2026-09-07T16:09:41Z,restated_at,2026-08-05,,who.gho.mdg-0000000007,raw/who.gho.mdg-0000000007/2026/09/20260907T160941Z-845bd0fc2e92.json.gz,2
who.gho.mdg-0000000007,MDG_0000000007:MMR:SEX_MLE:AGEGROUP_YEARSUNDER5:WEALTHQUINTILE_TOTL,1975-01-01,2026-09-07T16:09:41Z,value,163.607267118,,who.gho.mdg-0000000007,raw/who.gho.mdg-0000000007/2026/09/20260907T160941Z-845bd0fc2e92.json.gz,2
who.gho.mdg-0000000007,MDG_0000000007:MOZ:SEX_BTSX:AGEGROUP_YEARSUNDER5:WEALTHQUINTILE_TOTL,1975-01-01,2026-09-07T16:10:45Z,high,315.591947964,,who.gho.mdg-0000000007,raw/who.gho.mdg-0000000007/2026/09/20260907T161045Z-53a7d24c459b.json.gz,2
who.gho.mdg-0000000007,MDG_0000000007:MOZ:SEX_BTSX:AGEGROUP_YEARSUNDER5:WEALTHQUINTILE_TOTL,1975-01-01,2026-09-07T16:10:45Z,low,226.617936515,,who.gho.mdg-0000000007,raw/who.gho.mdg-0000000007/2026/09/20260907T161045Z-53a7d24c459b.json.gz,2
who.gho.mdg-0000000007,MDG_0000000007:MOZ:SEX_BTSX:AGEGROUP_YEARSUNDER5:WEALTHQUINTILE_TOTL,1975-01-01,2026-09-07T16:10:45Z,restated_at,2026-08-05,,who.gho.mdg-0000000007,raw/who.gho.mdg-0000000007/2026/09/20260907T161045Z-53a7d24c459b.json.gz,2
who.gho.mdg-0000000007,MDG_0000000007:MOZ:SEX_BTSX:AGEGROUP_YEARSUNDER5:WEALTHQUINTILE_TOTL,1975-01-01,2026-09-07T16:10:45Z,value,267.01904245,,who.gho.mdg-0000000007,raw/who.gho.mdg-0000000007/2026/09/20260907T161045Z-53a7d24c459b.json.gz,2
who.gho.mdg-0000000007,MDG_0000000007:MOZ:SEX_FMLE:AGEGROUP_YEARSUNDER5:WEALTHQUINTILE_TOTL,1975-01-01,2026-09-07T16:05:26Z,high,304.395429031,,who.gho.mdg-0000000007,raw/who.gho.mdg-0000000007/2026/09/20260907T160526Z-1363df2b3da0.json.gz,2
who.gho.mdg-0000000007,MDG_0000000007:MOZ:SEX_FMLE:AGEGROUP_YEARSUNDER5:WEALTHQUINTILE_TOTL,1975-01-01,2026-09-07T16:05:26Z,low,217.247711463,,who.gho.mdg-0000000007,raw/who.gho.mdg-0000000007/2026/09/20260907T160526Z-1363df2b3da0.json.gz,2
who.gho.mdg-0000000007,MDG_0000000007:MOZ:SEX_FMLE:AGEGROUP_YEARSUNDER5:WEALTHQUINTILE_TOTL,1975-01-01,2026-09-07T16:05:26Z,restated_at,2026-08-05,,who.gho.mdg-0000000007,raw/who.gho.mdg-0000000007/2026/09/20260907T160526Z-1363df2b3da0.json.gz,2
who.gho.mdg-0000000007,MDG_0000000007:MOZ:SEX_FMLE:AGEGROUP_YEARSUNDER5:WEALTHQUINTILE_TOTL,1975-01-01,2026-09-07T16:05:26Z,value,256.815099115,,who.gho.mdg-0000000007,raw/who.gho.mdg-0000000007/2026/09/20260907T160526Z-1363df2b3da0.json.gz,2
who.gho.mdg-0000000007,MDG_0000000007:MOZ:SEX_MLE:AGEGROUP_YEARSUNDER5:WEALTHQUINTILE_TOTL,1975-01-01,2026-09-07T16:10:24Z,high,327.701094093,,who.gho.mdg-0000000007,raw/who.gho.mdg-0000000007/2026/09/20260907T161024Z-808a2a46070d.json.gz,2
who.gho.mdg-0000000007,MDG_0000000007:MOZ:SEX_MLE:AGEGROUP_YEARSUNDER5:WEALTHQUINTILE_TOTL,1975-01-01,2026-09-07T16:10:24Z,low,234.793347106,,who.gho.mdg-0000000007,raw/who.gho.mdg-0000000007/2026/09/20260907T161024Z-808a2a46070d.json.gz,2
who.gho.mdg-0000000007,MDG_0000000007:MOZ:SEX_MLE:AGEGROUP_YEARSUNDER5:WEALTHQUINTILE_TOTL,1975-01-01,2026-09-07T16:10:24Z,restated_at,2026-08-05,,who.gho.mdg-0000000007,raw/who.gho.mdg-0000000007/2026/09/20260907T161024Z-808a2a46070d.json.gz,2
who.gho.mdg-0000000007,MDG_0000000007:MOZ:SEX_MLE:AGEGROUP_YEARSUNDER5:WEALTHQUINTILE_TOTL,1975-01-01,2026-09-07T16:10:24Z,value,276.947824676,,who.gho.mdg-0000000007,raw/who.gho.mdg-0000000007/2026/09/20260907T161024Z-808a2a46070d.json.gz,2
who.gho.mdg-0000000007,MDG_0000000007:MRT:SEX_BTSX:AGEGROUP_YEARSUNDER5:WEALTHQUINTILE_TOTL,1975-01-01,2026-09-07T16:10:41Z,high,207.543138931,,who.gho.mdg-0000000007,raw/who.gho.mdg-0000000007/2026/09/20260907T161041Z-4752b74784e1.json.gz,2
who.gho.mdg-0000000007,MDG_0000000007:MRT:SEX_BTSX:AGEGROUP_YEARSUNDER5:WEALTHQUINTILE_TOTL,1975-01-01,2026-09-07T16:10:41Z,low,172.455553621,,who.gho.mdg-0000000007,raw/who.gho.mdg-0000000007/2026/09/20260907T161041Z-4752b74784e1.json.gz,2
who.gho.mdg-0000000007,MDG_0000000007:MRT:SEX_BTSX:AGEGROUP_YEARSUNDER5:WEALTHQUINTILE_TOTL,1975-01-01,2026-09-07T16:10:41Z,restated_at,2026-08-05,,who.gho.mdg-0000000007,raw/who.gho.mdg-0000000007/2026/09/20260907T161041Z-4752b74784e1.json.gz,2
who.gho.mdg-0000000007,MDG_0000000007:MRT:SEX_BTSX:AGEGROUP_YEARSUNDER5:WEALTHQUINTILE_TOTL,1975-01-01,2026-09-07T16:10:41Z,value,189.110841218,,who.gho.mdg-0000000007,raw/who.gho.mdg-0000000007/2026/09/20260907T161041Z-4752b74784e1.json.gz,2
who.gho.mdg-0000000007,MDG_0000000007:MRT:SEX_FMLE:AGEGROUP_YEARSUNDER5:WEALTHQUINTILE_TOTL,1975-01-01,2026-09-07T16:06:21Z,high,196.60623553,,who.gho.mdg-0000000007,raw/who.gho.mdg-0000000007/2026/09/20260907T160621Z-1819ad2538c7.json.gz,2
who.gho.mdg-0000000007,MDG_0000000007:MRT:SEX_FMLE:AGEGROUP_YEARSUNDER5:WEALTHQUINTILE_TOTL,1975-01-01,2026-09-07T16:06:21Z,low,161.876160702,,who.gho.mdg-0000000007,raw/who.gho.mdg-0000000007/2026/09/20260907T160621Z-1819ad2538c7.json.gz,2
who.gho.mdg-0000000007,MDG_0000000007:MRT:SEX_FMLE:AGEGROUP_YEARSUNDER5:WEALTHQUINTILE_TOTL,1975-01-01,2026-09-07T16:06:21Z,restated_at,2026-08-05,,who.gho.mdg-0000000007,raw/who.gho.mdg-0000000007/2026/09/20260907T160621Z-1819ad2538c7.json.gz,2
who.gho.mdg-0000000007,MDG_0000000007:MRT:SEX_FMLE:AGEGROUP_YEARSUNDER5:WEALTHQUINTILE_TOTL,1975-01-01,2026-09-07T16:06:21Z,value,178.242650923,,who.gho.mdg-0000000007,raw/who.gho.mdg-0000000007/2026/09/20260907T160621Z-1819ad2538c7.json.gz,2
who.gho.mdg-0000000007,MDG_0000000007:MRT:SEX_MLE:AGEGROUP_YEARSUNDER5:WEALTHQUINTILE_TOTL,1975-01-01,2026-09-07T16:09:03Z,high,219.50250449,,who.gho.mdg-0000000007,raw/who.gho.mdg-0000000007/2026/09/20260907T160903Z-df09845b881e.json.gz,2
who.gho.mdg-0000000007,MDG_0000000007:MRT:SEX_MLE:AGEGROUP_YEARSUNDER5:WEALTHQUINTILE_TOTL,1975-01-01,2026-09-07T16:09:03Z,low,181.258991748,,who.gho.mdg-0000000007,raw/who.gho.mdg-0000000007/2026/09/20260907T160903Z-df09845b881e.json.gz,2
who.gho.mdg-0000000007,MDG_0000000007:MRT:SEX_MLE:AGEGROUP_YEARSUNDER5:WEALTHQUINTILE_TOTL,1975-01-01,2026-09-07T16:09:03Z,restated_at,2026-08-05,,who.gho.mdg-0000000007,raw/who.gho.mdg-0000000007/2026/09/20260907T160903Z-df09845b881e.json.gz,2
who.gho.mdg-0000000007,MDG_0000000007:MRT:SEX_MLE:AGEGROUP_YEARSUNDER5:WEALTHQUINTILE_TOTL,1975-01-01,2026-09-07T16:09:03Z,value,199.479411854,,who.gho.mdg-0000000007,raw/who.gho.mdg-0000000007/2026/09/20260907T160903Z-df09845b881e.json.gz,2
who.gho.mdg-0000000007,MDG_0000000007:MSR:SEX_BTSX:AGEGROUP_YEARSUNDER5:WEALTHQUINTILE_TOTL,1975-01-01,2026-09-07T16:08:50Z,high,51.473226773,,who.gho.mdg-0000000007,raw/who.gho.mdg-0000000007/2026/09/20260907T160850Z-957169f3a50e.json.gz,2
who.gho.mdg-0000000007,MDG_0000000007:MSR:SEX_BTSX:AGEGROUP_YEARSUNDER5:WEALTHQUINTILE_TOTL,1975-01-01,2026-09-07T16:08:50Z,low,37.127487069,,who.gho.mdg-0000000007,raw/who.gho.mdg-0000000007/2026/09/20260907T160850Z-957169f3a50e.json.gz,2
who.gho.mdg-0000000007,MDG_0000000007:MSR:SEX_BTSX:AGEGROUP_YEARSUNDER5:WEALTHQUINTILE_TOTL,1975-01-01,2026-09-07T16:08:50Z,restated_at,2026-08-05,,who.gho.mdg-0000000007,raw/who.gho.mdg-0000000007/2026/09/20260907T160850Z-957169f3a50e.json.gz,2
who.gho.mdg-0000000007,MDG_0000000007:MSR:SEX_BTSX:AGEGROUP_YEARSUNDER5:WEALTHQUINTILE_TOTL,1975-01-01,2026-09-07T16:08:50Z,value,43.796939984,,who.gho.mdg-0000000007,raw/who.gho.mdg-0000000007/2026/09/20260907T160850Z-957169f3a50e.json.gz,2
who.gho.mdg-0000000007,MDG_0000000007:MSR:SEX_FMLE:AGEGROUP_YEARSUNDER5:WEALTHQUINTILE_TOTL,1975-01-01,2026-09-07T16:09:46Z,high,52.323672299,,who.gho.mdg-0000000007,raw/who.gho.mdg-0000000007/2026/09/20260907T160946Z-716d23d235ed.json.gz,2
who.gho.mdg-0000000007,MDG_0000000007:MSR:SEX_FMLE:AGEGROUP_YEARSUNDER5:WEALTHQUINTILE_TOTL,1975-01-01,2026-09-07T16:09:46Z,low,37.584753275,,who.gho.mdg-0000000007,raw/who.gho.mdg-0000000007/2026/09/20260907T160946Z-716d23d235ed.json.gz,2
who.gho.mdg-0000000007,MDG_0000000007:MSR:SEX_FMLE:AGEGROUP_YEARSUNDER5:WEALTHQUINTILE_TOTL,1975-01-01,2026-09-07T16:09:46Z,restated_at,2026-08-05,,who.gho.mdg-0000000007,raw/who.gho.mdg-0000000007/2026/09/20260907T160946Z-716d23d235ed.json.gz,2
who.gho.mdg-0000000007,MDG_0000000007:MSR:SEX_FMLE:AGEGROUP_YEARSUNDER5:WEALTHQUINTILE_TOTL,1975-01-01,2026-09-07T16:09:46Z,value,44.465717838,,who.gho.mdg-0000000007,raw/who.gho.mdg-0000000007/2026/09/20260907T160946Z-716d23d235ed.json.gz,2
who.gho.mdg-0000000007,MDG_0000000007:MSR:SEX_MLE:AGEGROUP_YEARSUNDER5:WEALTHQUINTILE_TOTL,1975-01-01,2026-09-07T16:09:30Z,high,50.835826865,,who.gho.mdg-0000000007,raw/who.gho.mdg-0000000007/2026/09/20260907T160930Z-3a49f2d0e7d2.json.gz,2
who.gho.mdg-0000000007,MDG_0000000007:MSR:SEX_MLE:AGEGROUP_YEARSUNDER5:WEALTHQUINTILE_TOTL,1975-01-01,2026-09-07T16:09:30Z,low,36.489474996,,who.gho.mdg-0000000007,raw/who.gho.mdg-0000000007/2026/09/20260907T160930Z-3a49f2d0e7d2.json.gz,2
who.gho.mdg-0000000007,MDG_0000000007:MSR:SEX_MLE:AGEGROUP_YEARSUNDER5:WEALTHQUINTILE_TOTL,1975-01-01,2026-09-07T16:09:30Z,restated_at,2026-08-05,,who.gho.mdg-0000000007,raw/who.gho.mdg-0000000007/2026/09/20260907T160930Z-3a49f2d0e7d2.json.gz,2
who.gho.mdg-0000000007,MDG_0000000007:MSR:SEX_MLE:AGEGROUP_YEARSUNDER5:WEALTHQUINTILE_TOTL,1975-01-01,2026-09-07T16:09:30Z,value,43.089241534,,who.gho.mdg-0000000007,raw/who.gho.mdg-0000000007/2026/09/20260907T160930Z-3a49f2d0e7d2.json.gz,2
who.gho.mdg-0000000007,MDG_0000000007:MUS:SEX_BTSX:AGEGROUP_YEARSUNDER5:WEALTHQUINTILE_TOTL,1975-01-01,2026-09-07T16:05:48Z,high,65.244335255,,who.gho.mdg-0000000007,raw/who.gho.mdg-0000000007/2026/09/20260907T160548Z-1609a76f5ecc.json.gz,2
who.gho.mdg-0000000007,MDG_0000000007:MUS:SEX_BTSX:AGEGROUP_YEARSUNDER5:WEALTHQUINTILE_TOTL,1975-01-01,2026-09-07T16:05:48Z,low,61.567769295,,who.gho.mdg-0000000007,raw/who.gho.mdg-0000000007/2026/09/20260907T160548Z-1609a76f5ecc.json.gz,2
who.gho.mdg-0000000007,MDG_0000000007:MUS:SEX_BTSX:AGEGROUP_YEARSUNDER5:WEALTHQUINTILE_TOTL,1975-01-01,2026-09-07T16:05:48Z,restated_at,2026-08-05,,who.gho.mdg-0000000007,raw/who.gho.mdg-0000000007/2026/09/20260907T160548Z-1609a76f5ecc.json.gz,2
who.gho.mdg-0000000007,MDG_0000000007:MUS:SEX_BTSX:AGEGROUP_YEARSUNDER5:WEALTHQUINTILE_TOTL,1975-01-01,2026-09-07T16:05:48Z,value,63.381053036,,who.gho.mdg-0000000007,raw/who.gho.mdg-0000000007/2026/09/20260907T160548Z-1609a76f5ecc.json.gz,2
who.gho.mdg-0000000007,MDG_0000000007:MUS:SEX_FMLE:AGEGROUP_YEARSUNDER5:WEALTHQUINTILE_TOTL,1975-01-01,2026-09-07T16:10:41Z,high,60.338686117,,who.gho.mdg-0000000007,raw/who.gho.mdg-0000000007/2026/09/20260907T161041Z-4752b74784e1.json.gz,2
who.gho.mdg-0000000007,MDG_0000000007:MUS:SEX_FMLE:AGEGROUP_YEARSUNDER5:WEALTHQUINTILE_TOTL,1975-01-01,2026-09-07T16:10:41Z,low,56.452047047,,who.gho.mdg-0000000007,raw/who.gho.mdg-0000000007/2026/09/20260907T161041Z-4752b74784e1.json.gz,2
who.gho.mdg-0000000007,MDG_0000000007:MUS:SEX_FMLE:AGEGROUP_YEARSUNDER5:WEALTHQUINTILE_TOTL,1975-01-01,2026-09-07T16:10:41Z,restated_at,2026-08-05,,who.gho.mdg-0000000007,raw/who.gho.mdg-0000000007/2026/09/20260907T161041Z-4752b74784e1.json.gz,2
who.gho.mdg-0000000007,MDG_0000000007:MUS:SEX_FMLE:AGEGROUP_YEARSUNDER5:WEALTHQUINTILE_TOTL,1975-01-01,2026-09-07T16:10:41Z,value,58.377485759,,who.gho.mdg-0000000007,raw/who.gho.mdg-0000000007/2026/09/20260907T161041Z-4752b74784e1.json.gz,2
who.gho.mdg-0000000007,MDG_0000000007:MUS:SEX_MLE:AGEGROUP_YEARSUNDER5:WEALTHQUINTILE_TOTL,1975-01-01,2026-09-07T16:09:30Z,high,70.318204895,,who.gho.mdg-0000000007,raw/who.gho.mdg-0000000007/2026/09/20260907T160930Z-3a49f2d0e7d2.json.gz,2
who.gho.mdg-0000000007,MDG_0000000007:MUS:SEX_MLE:AGEGROUP_YEARSUNDER5:WEALTHQUINTILE_TOTL,1975-01-01,2026-09-07T16:09:30Z,low,66.015157295,,who.gho.mdg-0000000007,raw/who.gho.mdg-0000000007/2026/09/20260907T160930Z-3a49f2d0e7d2.json.gz,2
who.gho.mdg-0000000007,MDG_0000000007:MUS:SEX_MLE:AGEGROUP_YEARSUNDER5:WEALTHQUINTILE_TOTL,1975-01-01,2026-09-07T16:09:30Z,restated_at,2026-08-05,,who.gho.mdg-0000000007,raw/who.gho.mdg-0000000007/2026/09/20260907T160930Z-3a49f2d0e7d2.json.gz,2
who.gho.mdg-0000000007,MDG_0000000007:MUS:SEX_MLE:AGEGROUP_YEARSUNDER5:WEALTHQUINTILE_TOTL,1975-01-01,2026-09-07T16:09:30Z,value,68.136160367,,who.gho.mdg-0000000007,raw/who.gho.mdg-0000000007/2026/09/20260907T160930Z-3a49f2d0e7d2.json.gz,2
who.gho.mdg-0000000007,MDG_0000000007:MWI:SEX_BTSX:AGEGROUP_YEARSUNDER5:WEALTHQUINTILE_TOTL,1975-01-01,2026-09-07T16:05:35Z,high,330.148381891,,who.gho.mdg-0000000007,raw/who.gho.mdg-0000000007/2026/09/20260907T160535Z-bcafb05f6fe8.json.gz,2
who.gho.mdg-0000000007,MDG_0000000007:MWI:SEX_BTSX:AGEGROUP_YEARSUNDER5:WEALTHQUINTILE_TOTL,1975-01-01,2026-09-07T16:05:35Z,low,281.131537809,,who.gho.mdg-0000000007,raw/who.gho.mdg-0000000007/2026/09/20260907T160535Z-bcafb05f6fe8.json.gz,2
who.gho.mdg-0000000007,MDG_0000000007:MWI:SEX_BTSX:AGEGROUP_YEARSUNDER5:WEALTHQUINTILE_TOTL,1975-01-01,2026-09-07T16:05:35Z,restated_at,2026-08-05,,who.gho.mdg-0000000007,raw/who.gho.mdg-0000000007/2026/09/20260907T160535Z-bcafb05f6fe8.json.gz,2
who.gho.mdg-0000000007,MDG_0000000007:MWI:SEX_BTSX:AGEGROUP_YEARSUNDER5:WEALTHQUINTILE_TOTL,1975-01-01,2026-09-07T16:05:35Z,value,304.452594605,,who.gho.mdg-0000000007,raw/who.gho.mdg-0000000007/2026/09/20260907T160535Z-bcafb05f6fe8.json.gz,2
who.gho.mdg-0000000007,MDG_0000000007:MWI:SEX_FMLE:AGEGROUP_YEARSUNDER5:WEALTHQUINTILE_TOTL,1975-01-01,2026-09-07T16:05:43Z,high,316.825076621,,who.gho.mdg-0000000007,raw/who.gho.mdg-0000000007/2026/09/20260907T160543Z-0bdfcfeb6714.json.gz,2
who.gho.mdg-0000000007,MDG_0000000007:MWI:SEX_FMLE:AGEGROUP_YEARSUNDER5:WEALTHQUINTILE_TOTL,1975-01-01,2026-09-07T16:05:43Z,low,268.309921839,,who.gho.mdg-0000000007,raw/who.gho.mdg-0000000007/2026/09/20260907T160543Z-0bdfcfeb6714.json.gz,2
who.gho.mdg-0000000007,MDG_0000000007:MWI:SEX_FMLE:AGEGROUP_YEARSUNDER5:WEALTHQUINTILE_TOTL,1975-01-01,2026-09-07T16:05:43Z,restated_at,2026-08-05,,who.gho.mdg-0000000007,raw/who.gho.mdg-0000000007/2026/09/20260907T160543Z-0bdfcfeb6714.json.gz,2
who.gho.mdg-0000000007,MDG_0000000007:MWI:SEX_FMLE:AGEGROUP_YEARSUNDER5:WEALTHQUINTILE_TOTL,1975-01-01,2026-09-07T16:05:43Z,value,291.326149289,,who.gho.mdg-0000000007,raw/who.gho.mdg-0000000007/2026/09/20260907T160543Z-0bdfcfeb6714.json.gz,2
who.gho.mdg-0000000007,MDG_0000000007:MWI:SEX_MLE:AGEGROUP_YEARSUNDER5:WEALTHQUINTILE_TOTL,1975-01-01,2026-09-07T16:06:34Z,high,344.621893301,,who.gho.mdg-0000000007,raw/who.gho.mdg-0000000007/2026/09/20260907T160634Z-2774fa4e213c.json.gz,2
who.gho.mdg-0000000007,MDG_0000000007:MWI:SEX_MLE:AGEGROUP_YEARSUNDER5:WEALTHQUINTILE_TOTL,1975-01-01,2026-09-07T16:06:34Z,low,291.932179961,,who.gho.mdg-0000000007,raw/who.gho.mdg-0000000007/2026/09/20260907T160634Z-2774fa4e213c.json.gz,2
who.gho.mdg-0000000007,MDG_0000000007:MWI:SEX_MLE:AGEGROUP_YEARSUNDER5:WEALTHQUINTILE_TOTL,1975-01-01,2026-09-07T16:06:34Z,restated_at,2026-08-05,,who.gho.mdg-0000000007,raw/who.gho.mdg-0000000007/2026/09/20260907T160634Z-2774fa4e213c.json.gz,2
who.gho.mdg-0000000007,MDG_0000000007:MWI:SEX_MLE:AGEGROUP_YEARSUNDER5:WEALTHQUINTILE_TOTL,1975-01-01,2026-09-07T16:06:34Z,value,317.076354883,,who.gho.mdg-0000000007,raw/who.gho.mdg-0000000007/2026/09/20260907T160634Z-2774fa4e213c.json.gz,2
who.gho.mdg-0000000007,MDG_0000000007:MYS:SEX_BTSX:AGEGROUP_YEARSUNDER5:WEALTHQUINTILE_TOTL,1975-01-01,2026-09-07T16:06:34Z,high,44.815018254,,who.gho.mdg-0000000007,raw/who.gho.mdg-0000000007/2026/09/20260907T160634Z-2774fa4e213c.json.gz,2
who.gho.mdg-0000000007,MDG_0000000007:MYS:SEX_BTSX:AGEGROUP_YEARSUNDER5:WEALTHQUINTILE_TOTL,1975-01-01,2026-09-07T16:06:34Z,low,40.08985692,,who.gho.mdg-0000000007,raw/who.gho.mdg-0000000007/2026/09/20260907T160634Z-2774fa4e213c.json.gz,2
who.gho.mdg-0000000007,MDG_0000000007:MYS:SEX_BTSX:AGEGROUP_YEARSUNDER5:WEALTHQUINTILE_TOTL,1975-01-01,2026-09-07T16:06:34Z,restated_at,2026-08-05,,who.gho.mdg-0000000007,raw/who.gho.mdg-0000000007/2026/09/20260907T160634Z-2774fa4e213c.json.gz,2
who.gho.mdg-0000000007,MDG_0000000007:MYS:SEX_BTSX:AGEGROUP_YEARSUNDER5:WEALTHQUINTILE_TOTL,1975-01-01,2026-09-07T16:06:34Z,value,42.436717293,,who.gho.mdg-0000000007,raw/who.gho.mdg-0000000007/2026/09/20260907T160634Z-2774fa4e213c.json.gz,2
who.gho.mdg-0000000007,MDG_0000000007:MYS:SEX_FMLE:AGEGROUP_YEARSUNDER5:WEALTHQUINTILE_TOTL,1975-01-01,2026-09-07T16:05:09Z,high,41.512426461,,who.gho.mdg-0000000007,raw/who.gho.mdg-0000000007/2026/09/20260907T160509Z-9066130499c7.json.gz,2
who.gho.mdg-0000000007,MDG_0000000007:MYS:SEX_FMLE:AGEGROUP_YEARSUNDER5:WEALTHQUINTILE_TOTL,1975-01-01,2026-09-07T16:05:09Z,low,35.896724705,,who.gho.mdg-0000000007,raw/who.gho.mdg-0000000007/2026/09/20260907T160509Z-9066130499c7.json.gz,2
who.gho.mdg-0000000007,MDG_0000000007:MYS:SEX_FMLE:AGEGROUP_YEARSUNDER5:WEALTHQUINTILE_TOTL,1975-01-01,2026-09-07T16:05:09Z,restated_at,2026-08-05,,who.gho.mdg-0000000007,raw/who.gho.mdg-0000000007/2026/09/20260907T160509Z-9066130499c7.json.gz,2
who.gho.mdg-0000000007,MDG_0000000007:MYS:SEX_FMLE:AGEGROUP_YEARSUNDER5:WEALTHQUINTILE_TOTL,1975-01-01,2026-09-07T16:05:09Z,value,38.646467374,,who.gho.mdg-0000000007,raw/who.gho.mdg-0000000007/2026/09/20260907T160509Z-9066130499c7.json.gz,2
who.gho.mdg-0000000007,MDG_0000000007:MYS:SEX_MLE:AGEGROUP_YEARSUNDER5:WEALTHQUINTILE_TOTL,1975-01-01,2026-09-07T16:09:30Z,high,49.141417877,,who.gho.mdg-0000000007,raw/who.gho.mdg-0000000007/2026/09/20260907T160930Z-3a49f2d0e7d2.json.gz,2
who.gho.mdg-0000000007,MDG_0000000007:MYS:SEX_MLE:AGEGROUP_YEARSUNDER5:WEALTHQUINTILE_TOTL,1975-01-01,2026-09-07T16:09:30Z,low,42.937623173,,who.gho.mdg-0000000007,raw/who.gho.mdg-0000000007/2026/09/20260907T160930Z-3a49f2d0e7d2.json.gz,2
who.gho.mdg-0000000007,MDG_0000000007:MYS:SEX_MLE:AGEGROUP_YEARSUNDER5:WEALTHQUINTILE_TOTL,1975-01-01,2026-09-07T16:09:30Z,restated_at,2026-08-05,,who.gho.mdg-0000000007,raw/who.gho.mdg-0000000007/2026/09/20260907T160930Z-3a49f2d0e7d2.json.gz,2
who.gho.mdg-0000000007,MDG_0000000007:MYS:SEX_MLE:AGEGROUP_YEARSUNDER5:WEALTHQUINTILE_TOTL,1975-01-01,2026-09-07T16:09:30Z,value,45.98457543,,who.gho.mdg-0000000007,raw/who.gho.mdg-0000000007/2026/09/20260907T160930Z-3a49f2d0e7d2.json.gz,2
who.gho.mdg-0000000007,MDG_0000000007:NAM:SEX_BTSX:AGEGROUP_YEARSUNDER5:WEALTHQUINTILE_TOTL,1975-01-01,2026-09-07T16:09:59Z,high,116.973173668,,who.gho.mdg-0000000007,raw/who.gho.mdg-0000000007/2026/09/20260907T160959Z-e41937f31aea.json.gz,2
who.gho.mdg-0000000007,MDG_0000000007:NAM:SEX_BTSX:AGEGROUP_YEARSUNDER5:WEALTHQUINTILE_TOTL,1975-01-01,2026-09-07T16:09:59Z,low,85.204004975,,who.gho.mdg-0000000007,raw/who.gho.mdg-0000000007/2026/09/20260907T160959Z-e41937f31aea.json.gz,2
who.gho.mdg-0000000007,MDG_0000000007:NAM:SEX_BTSX:AGEGROUP_YEARSUNDER5:WEALTHQUINTILE_TOTL,1975-01-01,2026-09-07T16:09:59Z,restated_at,2026-08-05,,who.gho.mdg-0000000007,raw/who.gho.mdg-0000000007/2026/09/20260907T160959Z-e41937f31aea.json.gz,2
who.gho.mdg-0000000007,MDG_0000000007:NAM:SEX_BTSX:AGEGROUP_YEARSUNDER5:WEALTHQUINTILE_TOTL,1975-01-01,2026-09-07T16:09:59Z,value,99.889757768,,who.gho.mdg-0000000007,raw/who.gho.mdg-0000000007/2026/09/20260907T160959Z-e41937f31aea.json.gz,2
who.gho.mdg-0000000007,MDG_0000000007:NAM:SEX_FMLE:AGEGROUP_YEARSUNDER5:WEALTHQUINTILE_TOTL,1975-01-01,2026-09-07T16:09:26Z,high,110.504749855,,who.gho.mdg-0000000007,raw/who.gho.mdg-0000000007/2026/09/20260907T160926Z-3ee37906b339.json.gz,2
who.gho.mdg-0000000007,MDG_0000000007:NAM:SEX_FMLE:AGEGROUP_YEARSUNDER5:WEALTHQUINTILE_TOTL,1975-01-01,2026-09-07T16:09:26Z,low,79.777912214,,who.gho.mdg-0000000007,raw/who.gho.mdg-0000000007/2026/09/20260907T160926Z-3ee37906b339.json.gz,2
who.gho.mdg-0000000007,MDG_0000000007:NAM:SEX_FMLE:AGEGROUP_YEARSUNDER5:WEALTHQUINTILE_TOTL,1975-01-01,2026-09-07T16:09:26Z,restated_at,2026-08-05,,who.gho.mdg-0000000007,raw/who.gho.mdg-0000000007/2026/09/20260907T160926Z-3ee37906b339.json.gz,2
who.gho.mdg-0000000007,MDG_0000000007:NAM:SEX_FMLE:AGEGROUP_YEARSUNDER5:WEALTHQUINTILE_TOTL,1975-01-01,2026-09-07T16:09:26Z,value,93.982760509,,who.gho.mdg-0000000007,raw/who.gho.mdg-0000000007/2026/09/20260907T160926Z-3ee37906b339.json.gz,2
who.gho.mdg-0000000007,MDG_0000000007:NAM:SEX_MLE:AGEGROUP_YEARSUNDER5:WEALTHQUINTILE_TOTL,1975-01-01,2026-09-07T16:05:52Z,high,123.754902442,,who.gho.mdg-0000000007,raw/who.gho.mdg-0000000007/2026/09/20260907T160552Z-f44dce2e8a23.json.gz,2
who.gho.mdg-0000000007,MDG_0000000007:NAM:SEX_MLE:AGEGROUP_YEARSUNDER5:WEALTHQUINTILE_TOTL,1975-01-01,2026-09-07T16:05:52Z,low,89.717841065,,who.gho.mdg-0000000007,raw/who.gho.mdg-0000000007/2026/09/20260907T160552Z-f44dce2e8a23.json.gz,2
who.gho.mdg-0000000007,MDG_0000000007:NAM:SEX_MLE:AGEGROUP_YEARSUNDER5:WEALTHQUINTILE_TOTL,1975-01-01,2026-09-07T16:05:52Z,restated_at,2026-08-05,,who.gho.mdg-0000000007,raw/who.gho.mdg-0000000007/2026/09/20260907T160552Z-f44dce2e8a23.json.gz,2
who.gho.mdg-0000000007,MDG_0000000007:NAM:SEX_MLE:AGEGROUP_YEARSUNDER5:WEALTHQUINTILE_TOTL,1975-01-01,2026-09-07T16:05:52Z,value,105.454350429,,who.gho.mdg-0000000007,raw/who.gho.mdg-0000000007/2026/09/20260907T160552Z-f44dce2e8a23.json.gz,2
who.gho.mdg-0000000007,MDG_0000000007:NER:SEX_BTSX:AGEGROUP_YEARSUNDER5:WEALTHQUINTILE_TOTL,1975-01-01,2026-09-07T16:11:22Z,high,379.865925406,,who.gho.mdg-0000000007,raw/who.gho.mdg-0000000007/2026/09/20260907T161122Z-4e9c288e3adb.json.gz,2
who.gho.mdg-0000000007,MDG_0000000007:NER:SEX_BTSX:AGEGROUP_YEARSUNDER5:WEALTHQUINTILE_TOTL,1975-01-01,2026-09-07T16:11:22Z,low,310.346427092,,who.gho.mdg-0000000007,raw/who.gho.mdg-0000000007/2026/09/20260907T161122Z-4e9c288e3adb.json.gz,2
who.gho.mdg-0000000007,MDG_0000000007:NER:SEX_BTSX:AGEGROUP_YEARSUNDER5:WEALTHQUINTILE_TOTL,1975-01-01,2026-09-07T16:11:22Z,restated_at,2026-08-05,,who.gho.mdg-0000000007,raw/who.gho.mdg-0000000007/2026/09/20260907T161122Z-4e9c288e3adb.json.gz,2
who.gho.mdg-0000000007,MDG_0000000007:NER:SEX_BTSX:AGEGROUP_YEARSUNDER5:WEALTHQUINTILE_TOTL,1975-01-01,2026-09-07T16:11:22Z,value,343.547400962,,who.gho.mdg-0000000007,raw/who.gho.mdg-0000000007/2026/09/20260907T161122Z-4e9c288e3adb.json.gz,2
who.gho.mdg-0000000007,MDG_0000000007:NER:SEX_FMLE:AGEGROUP_YEARSUNDER5:WEALTHQUINTILE_TOTL,1975-01-01,2026-09-07T16:05:22Z,high,376.307792304,,who.gho.mdg-0000000007,raw/who.gho.mdg-0000000007/2026/09/20260907T160522Z-2bd49e664eea.json.gz,2
who.gho.mdg-0000000007,MDG_0000000007:NER:SEX_FMLE:AGEGROUP_YEARSUNDER5:WEALTHQUINTILE_TOTL,1975-01-01,2026-09-07T16:05:22Z,low,306.248676873,,who.gho.mdg-0000000007,raw/who.gho.mdg-0000000007/2026/09/20260907T160522Z-2bd49e664eea.json.gz,2
who.gho.mdg-0000000007,MDG_0000000007:NER:SEX_FMLE:AGEGROUP_YEARSUNDER5:WEALTHQUINTILE_TOTL,1975-01-01,2026-09-07T16:05:22Z,restated_at,2026-08-05,,who.gho.mdg-0000000007,raw/who.gho.mdg-0000000007/2026/09/20260907T160522Z-2bd49e664eea.json.gz,2
who.gho.mdg-0000000007,MDG_0000000007:NER:SEX_FMLE:AGEGROUP_YEARSUNDER5:WEALTHQUINTILE_TOTL,1975-01-01,2026-09-07T16:05:22Z,value,339.32130249,,who.gho.mdg-0000000007,raw/who.gho.mdg-0000000007/2026/09/20260907T160522Z-2bd49e664eea.json.gz,2
who.gho.mdg-0000000007,MDG_0000000007:NER:SEX_MLE:AGEGROUP_YEARSUNDER5:WEALTHQUINTILE_TOTL,1975-01-01,2026-09-07T16:10:49Z,high,384.379220486,,who.gho.mdg-0000000007,raw/who.gho.mdg-0000000007/2026/09/20260907T161049Z-6866f52a9543.json.gz,2
who.gho.mdg-0000000007,MDG_0000000007:NER:SEX_MLE:AGEGROUP_YEARSUNDER5:WEALTHQUINTILE_TOTL,1975-01-01,2026-09-07T16:10:49Z,low,313.384202404,,who.gho.mdg-0000000007,raw/who.gho.mdg-0000000007/2026/09/20260907T161049Z-6866f52a9543.json.gz,2
who.gho.mdg-0000000007,MDG_0000000007:NER:SEX_MLE:AGEGROUP_YEARSUNDER5:WEALTHQUINTILE_TOTL,1975-01-01,2026-09-07T16:10:49Z,restated_at,2026-08-05,,who.gho.mdg-0000000007,raw/who.gho.mdg-0000000007/2026/09/20260907T161049Z-6866f52a9543.json.gz,2
who.gho.mdg-0000000007,MDG_0000000007:NER:SEX_MLE:AGEGROUP_YEARSUNDER5:WEALTHQUINTILE_TOTL,1975-01-01,2026-09-07T16:10:49Z,value,347.574466168,,who.gho.mdg-0000000007,raw/who.gho.mdg-0000000007/2026/09/20260907T161049Z-6866f52a9543.json.gz,2
who.gho.mdg-0000000007,MDG_0000000007:NGA:SEX_BTSX:AGEGROUP_YEARSUNDER5:WEALTHQUINTILE_TOTL,1975-01-01,2026-09-07T16:05:52Z,high,270.478725972,,who.gho.mdg-0000000007,raw/who.gho.mdg-0000000007/2026/09/20260907T160552Z-f44dce2e8a23.json.gz,2
who.gho.mdg-0000000007,MDG_0000000007:NGA:SEX_BTSX:AGEGROUP_YEARSUNDER5:WEALTHQUINTILE_TOTL,1975-01-01,2026-09-07T16:05:52Z,low,218.600976761,,who.gho.mdg-0000000007,raw/who.gho.mdg-0000000007/2026/09/20260907T160552Z-f44dce2e8a23.json.gz,2
who.gho.mdg-0000000007,MDG_0000000007:NGA:SEX_BTSX:AGEGROUP_YEARSUNDER5:WEALTHQUINTILE_TOTL,1975-01-01,2026-09-07T16:05:52Z,restated_at,2026-08-05,,who.gho.mdg-0000000007,raw/who.gho.mdg-0000000007/2026/09/20260907T160552Z-f44dce2e8a23.json.gz,2
who.gho.mdg-0000000007,MDG_0000000007:NGA:SEX_BTSX:AGEGROUP_YEARSUNDER5:WEALTHQUINTILE_TOTL,1975-01-01,2026-09-07T16:05:52Z,value,243.326065346,,who.gho.mdg-0000000007,raw/who.gho.mdg-0000000007/2026/09/20260907T160552Z-f44dce2e8a23.json.gz,2
who.gho.mdg-0000000007,MDG_0000000007:NGA:SEX_FMLE:AGEGROUP_YEARSUNDER5:WEALTHQUINTILE_TOTL,1975-01-01,2026-09-07T16:06:29Z,high,259.780720863,,who.gho.mdg-0000000007,raw/who.gho.mdg-0000000007/2026/09/20260907T160629Z-f6ed87825938.json.gz,2
who.gho.mdg-0000000007,MDG_0000000007:NGA:SEX_FMLE:AGEGROUP_YEARSUNDER5:WEALTHQUINTILE_TOTL,1975-01-01,2026-09-07T16:06:29Z,low,209.03599145,,who.gho.mdg-0000000007,raw/who.gho.mdg-0000000007/2026/09/20260907T160629Z-f6ed87825938.json.gz,2
who.gho.mdg-0000000007,MDG_0000000007:NGA:SEX_FMLE:AGEGROUP_YEARSUNDER5:WEALTHQUINTILE_TOTL,1975-01-01,2026-09-07T16:06:29Z,restated_at,2026-08-05,,who.gho.mdg-0000000007,raw/who.gho.mdg-0000000007/2026/09/20260907T160629Z-f6ed87825938.json.gz,2
who.gho.mdg-0000000007,MDG_0000000007:NGA:SEX_FMLE:AGEGROUP_YEARSUNDER5:WEALTHQUINTILE_TOTL,1975-01-01,2026-09-07T16:06:29Z,value,233.494311348,,who.gho.mdg-0000000007,raw/who.gho.mdg-0000000007/2026/09/20260907T160629Z-f6ed87825938.json.gz,2
who.gho.mdg-0000000007,MDG_0000000007:NGA:SEX_MLE:AGEGROUP_YEARSUNDER5:WEALTHQUINTILE_TOTL,1975-01-01,2026-09-07T16:06:02Z,high,281.440704676,,who.gho.mdg-0000000007,raw/who.gho.mdg-0000000007/2026/09/20260907T160602Z-1adff4f5f376.json.gz,2
who.gho.mdg-0000000007,MDG_0000000007:NGA:SEX_MLE:AGEGROUP_YEARSUNDER5:WEALTHQUINTILE_TOTL,1975-01-01,2026-09-07T16:06:02Z,low,226.842619127,,who.gho.mdg-0000000007,raw/who.gho.mdg-0000000007/2026/09/20260907T160602Z-1adff4f5f376.json.gz,2
who.gho.mdg-0000000007,MDG_0000000007:NGA:SEX_MLE:AGEGROUP_YEARSUNDER5:WEALTHQUINTILE_TOTL,1975-01-01,2026-09-07T16:06:02Z,restated_at,2026-08-05,,who.gho.mdg-0000000007,raw/who.gho.mdg-0000000007/2026/09/20260907T160602Z-1adff4f5f376.json.gz,2
who.gho.mdg-0000000007,MDG_0000000007:NGA:SEX_MLE:AGEGROUP_YEARSUNDER5:WEALTHQUINTILE_TOTL,1975-01-01,2026-09-07T16:06:02Z,value,252.847420445,,who.gho.mdg-0000000007,raw/who.gho.mdg-0000000007/2026/09/20260907T160602Z-1adff4f5f376.json.gz,2
who.gho.mdg-0000000007,MDG_0000000007:NIC:SEX_BTSX:AGEGROUP_YEARSUNDER5:WEALTHQUINTILE_TOTL,1975-01-01,2026-09-07T16:10:12Z,high,169.241787223,,who.gho.mdg-0000000007,raw/who.gho.mdg-0000000007/2026/09/20260907T161012Z-af10f639113a.json.gz,2
who.gho.mdg-0000000007,MDG_0000000007:NIC:SEX_BTSX:AGEGROUP_YEARSUNDER5:WEALTHQUINTILE_TOTL,1975-01-01,2026-09-07T16:10:12Z,low,137.168578261,,who.gho.mdg-0000000007,raw/who.gho.mdg-0000000007/2026/09/20260907T161012Z-af10f639113a.json.gz,2
who.gho.mdg-0000000007,MDG_0000000007:NIC:SEX_BTSX:AGEGROUP_YEARSUNDER5:WEALTHQUINTILE_TOTL,1975-01-01,2026-09-07T16:10:12Z,restated_at,2026-08-05,,who.gho.mdg-0000000007,raw/who.gho.mdg-0000000007/2026/09/20260907T161012Z-af10f639113a.json.gz,2
who.gho.mdg-0000000007,MDG_0000000007:NIC:SEX_BTSX:AGEGROUP_YEARSUNDER5:WEALTHQUINTILE_TOTL,1975-01-01,2026-09-07T16:10:12Z,value,151.928660562,,who.gho.mdg-0000000007,raw/who.gho.mdg-0000000007/2026/09/20260907T161012Z-af10f639113a.json.gz,2
who.gho.mdg-0000000007,MDG_0000000007:NIC:SEX_FMLE:AGEGROUP_YEARSUNDER5:WEALTHQUINTILE_TOTL,1975-01-01,2026-09-07T16:09:51Z,high,158.301887837,,who.gho.mdg-0000000007,raw/who.gho.mdg-0000000007/2026/09/20260907T160951Z-f1aadb832125.json.gz,2
who.gho.mdg-0000000007,MDG_0000000007:NIC:SEX_FMLE:AGEGROUP_YEARSUNDER5:WEALTHQUINTILE_TOTL,1975-01-01,2026-09-07T16:09:51Z,low,127.228235786,,who.gho.mdg-0000000007,raw/who.gho.mdg-0000000007/2026/09/20260907T160951Z-f1aadb832125.json.gz,2
who.gho.mdg-0000000007,MDG_0000000007:NIC:SEX_FMLE:AGEGROUP_YEARSUNDER5:WEALTHQUINTILE_TOTL,1975-01-01,2026-09-07T16:09:51Z,restated_at,2026-08-05,,who.gho.mdg-0000000007,raw/who.gho.mdg-0000000007/2026/09/20260907T160951Z-f1aadb832125.json.gz,2
who.gho.mdg-0000000007,MDG_0000000007:NIC:SEX_FMLE:AGEGROUP_YEARSUNDER5:WEALTHQUINTILE_TOTL,1975-01-01,2026-09-07T16:09:51Z,value,141.53216412,,who.gho.mdg-0000000007,raw/who.gho.mdg-0000000007/2026/09/20260907T160951Z-f1aadb832125.json.gz,2
who.gho.mdg-0000000007,MDG_0000000007:NIC:SEX_MLE:AGEGROUP_YEARSUNDER5:WEALTHQUINTILE_TOTL,1975-01-01,2026-09-07T16:05:43Z,high,180.758382581,,who.gho.mdg-0000000007,raw/who.gho.mdg-0000000007/2026/09/20260907T160543Z-0bdfcfeb6714.json.gz,2
who.gho.mdg-0000000007,MDG_0000000007:NIC:SEX_MLE:AGEGROUP_YEARSUNDER5:WEALTHQUINTILE_TOTL,1975-01-01,2026-09-07T16:05:43Z,low,145.468926481,,who.gho.mdg-0000000007,raw/who.gho.mdg-0000000007/2026/09/20260907T160543Z-0bdfcfeb6714.json.gz,2
who.gho.mdg-0000000007,MDG_0000000007:NIC:SEX_MLE:AGEGROUP_YEARSUNDER5:WEALTHQUINTILE_TOTL,1975-01-01,2026-09-07T16:05:43Z,restated_at,2026-08-05,,who.gho.mdg-0000000007,raw/who.gho.mdg-0000000007/2026/09/20260907T160543Z-0bdfcfeb6714.json.gz,2
who.gho.mdg-0000000007,MDG_0000000007:NIC:SEX_MLE:AGEGROUP_YEARSUNDER5:WEALTHQUINTILE_TOTL,1975-01-01,2026-09-07T16:05:43Z,value,161.805334141,,who.gho.mdg-0000000007,raw/who.gho.mdg-0000000007/2026/09/20260907T160543Z-0bdfcfeb6714.json.gz,2
who.gho.mdg-0000000007,MDG_0000000007:NIU:SEX_BTSX:AGEGROUP_YEARSUNDER5:WEALTHQUINTILE_TOTL,1975-01-01,2026-09-07T16:09:30Z,high,50.054253596,,who.gho.mdg-0000000007,raw/who.gho.mdg-0000000007/2026/09/20260907T160930Z-3a49f2d0e7d2.json.gz,2
who.gho.mdg-0000000007,MDG_0000000007:NIU:SEX_BTSX:AGEGROUP_YEARSUNDER5:WEALTHQUINTILE_TOTL,1975-01-01,2026-09-07T16:09:30Z,low,31.677345291,,who.gho.mdg-0000000007,raw/who.gho.mdg-0000000007/2026/09/20260907T160930Z-3a49f2d0e7d2.json.gz,2
who.gho.mdg-0000000007,MDG_0000000007:NIU:SEX_BTSX:AGEGROUP_YEARSUNDER5:WEALTHQUINTILE_TOTL,1975-01-01,2026-09-07T16:09:30Z,restated_at,2026-08-05,,who.gho.mdg-0000000007,raw/who.gho.mdg-0000000007/2026/09/20260907T160930Z-3a49f2d0e7d2.json.gz,2
who.gho.mdg-0000000007,MDG_0000000007:NIU:SEX_BTSX:AGEGROUP_YEARSUNDER5:WEALTHQUINTILE_TOTL,1975-01-01,2026-09-07T16:09:30Z,value,39.869512243,,who.gho.mdg-0000000007,raw/who.gho.mdg-0000000007/2026/09/20260907T160930Z-3a49f2d0e7d2.json.gz,2
who.gho.mdg-0000000007,MDG_0000000007:NIU:SEX_FMLE:AGEGROUP_YEARSUNDER5:WEALTHQUINTILE_TOTL,1975-01-01,2026-09-07T16:10:12Z,high,45.253922874,,who.gho.mdg-0000000007,raw/who.gho.mdg-0000000007/2026/09/20260907T161012Z-af10f639113a.json.gz,2
who.gho.mdg-0000000007,MDG_0000000007:NIU:SEX_FMLE:AGEGROUP_YEARSUNDER5:WEALTHQUINTILE_TOTL,1975-01-01,2026-09-07T16:10:12Z,low,28.305128365,,who.gho.mdg-0000000007,raw/who.gho.mdg-0000000007/2026/09/20260907T161012Z-af10f639113a.json.gz,2
who.gho.mdg-0000000007,MDG_0000000007:NIU:SEX_FMLE:AGEGROUP_YEARSUNDER5:WEALTHQUINTILE_TOTL,1975-01-01,2026-09-07T16:10:12Z,restated_at,2026-08-05,,who.gho.mdg-0000000007,raw/who.gho.mdg-0000000007/2026/09/20260907T161012Z-af10f639113a.json.gz,2
who.gho.mdg-0000000007,MDG_0000000007:NIU:SEX_FMLE:AGEGROUP_YEARSUNDER5:WEALTHQUINTILE_TOTL,1975-01-01,2026-09-07T16:10:12Z,value,35.751957259,,who.gho.mdg-0000000007,raw/who.gho.mdg-0000000007/2026/09/20260907T161012Z-af10f639113a.json.gz,2
who.gho.mdg-0000000007,MDG_0000000007:NIU:SEX_MLE:AGEGROUP_YEARSUNDER5:WEALTHQUINTILE_TOTL,1975-01-01,2026-09-07T16:05:18Z,high,55.176616786,,who.gho.mdg-0000000007,raw/who.gho.mdg-0000000007/2026/09/20260907T160518Z-f66c8acba372.json.gz,2
who.gho.mdg-0000000007,MDG_0000000007:NIU:SEX_MLE:AGEGROUP_YEARSUNDER5:WEALTHQUINTILE_TOTL,1975-01-01,2026-09-07T16:05:18Z,low,34.5735476,,who.gho.mdg-0000000007,raw/who.gho.mdg-0000000007/2026/09/20260907T160518Z-f66c8acba372.json.gz,2
who.gho.mdg-0000000007,MDG_0000000007:NIU:SEX_MLE:AGEGROUP_YEARSUNDER5:WEALTHQUINTILE_TOTL,1975-01-01,2026-09-07T16:05:18Z,restated_at,2026-08-05,,who.gho.mdg-0000000007,raw/who.gho.mdg-0000000007/2026/09/20260907T160518Z-f66c8acba372.json.gz,2
who.gho.mdg-0000000007,MDG_0000000007:NIU:SEX_MLE:AGEGROUP_YEARSUNDER5:WEALTHQUINTILE_TOTL,1975-01-01,2026-09-07T16:05:18Z,value,43.727039812,,who.gho.mdg-0000000007,raw/who.gho.mdg-0000000007/2026/09/20260907T160518Z-f66c8acba372.json.gz,2
who.gho.mdg-0000000007,MDG_0000000007:NLD:SEX_BTSX:AGEGROUP_YEARSUNDER5:WEALTHQUINTILE_TOTL,1975-01-01,2026-09-07T16:09:59Z,high,13.3106612,,who.gho.mdg-0000000007,raw/who.gho.mdg-0000000007/2026/09/20260907T160959Z-e41937f31aea.json.gz,2
who.gho.mdg-0000000007,MDG_0000000007:NLD:SEX_BTSX:AGEGROUP_YEARSUNDER5:WEALTHQUINTILE_TOTL,1975-01-01,2026-09-07T16:09:59Z,low,12.861493243,,who.gho.mdg-0000000007,raw/who.gho.mdg-0000000007/2026/09/20260907T160959Z-e41937f31aea.json.gz,2
who.gho.mdg-0000000007,MDG_0000000007:NLD:SEX_BTSX:AGEGROUP_YEARSUNDER5:WEALTHQUINTILE_TOTL,1975-01-01,2026-09-07T16:09:59Z,restated_at,2026-08-05,,who.gho.mdg-0000000007,raw/who.gho.mdg-0000000007/2026/09/20260907T160959Z-e41937f31aea.json.gz,2
who.gho.mdg-0000000007,MDG_0000000007:NLD:SEX_BTSX:AGEGROUP_YEARSUNDER5:WEALTHQUINTILE_TOTL,1975-01-01,2026-09-07T16:09:59Z,value,13.080447138,,who.gho.mdg-0000000007,raw/who.gho.mdg-0000000007/2026/09/20260907T160959Z-e41937f31aea.json.gz,2
who.gho.mdg-0000000007,MDG_0000000007:NLD:SEX_FMLE:AGEGROUP_YEARSUNDER5:WEALTHQUINTILE_TOTL,1975-01-01,2026-09-07T16:11:06Z,high,11.607882508,,who.gho.mdg-0000000007,raw/who.gho.mdg-0000000007/2026/09/20260907T161106Z-078c7101acce.json.gz,2
who.gho.mdg-0000000007,MDG_0000000007:NLD:SEX_FMLE:AGEGROUP_YEARSUNDER5:WEALTHQUINTILE_TOTL,1975-01-01,2026-09-07T16:11:06Z,low,11.09896867,,who.gho.mdg-0000000007,raw/who.gho.mdg-0000000007/2026/09/20260907T161106Z-078c7101acce.json.gz,2
who.gho.mdg-0000000007,MDG_0000000007:NLD:SEX_FMLE:AGEGROUP_YEARSUNDER5:WEALTHQUINTILE_TOTL,1975-01-01,2026-09-07T16:11:06Z,restated_at,2026-08-05,,who.gho.mdg-0000000007,raw/who.gho.mdg-0000000007/2026/09/20260907T161106Z-078c7101acce.json.gz,2
who.gho.mdg-0000000007,MDG_0000000007:NLD:SEX_FMLE:AGEGROUP_YEARSUNDER5:WEALTHQUINTILE_TOTL,1975-01-01,2026-09-07T16:11:06Z,value,11.34734102,,who.gho.mdg-0000000007,raw/who.gho.mdg-0000000007/2026/09/20260907T161106Z-078c7101acce.json.gz,2
who.gho.mdg-0000000007,MDG_0000000007:NLD:SEX_MLE:AGEGROUP_YEARSUNDER5:WEALTHQUINTILE_TOTL,1975-01-01,2026-09-07T16:05:35Z,high,15.038192627,,who.gho.mdg-0000000007,raw/who.gho.mdg-0000000007/2026/09/20260907T160535Z-bcafb05f6fe8.json.gz,2
who.gho.mdg-0000000007,MDG_0000000007:NLD:SEX_MLE:AGEGROUP_YEARSUNDER5:WEALTHQUINTILE_TOTL,1975-01-01,2026-09-07T16:05:35Z,low,14.436287452,,who.gho.mdg-0000000007,raw/who.gho.mdg-0000000007/2026/09/20260907T160535Z-bcafb05f6fe8.json.gz,2
who.gho.mdg-0000000007,MDG_0000000007:NLD:SEX_MLE:AGEGROUP_YEARSUNDER5:WEALTHQUINTILE_TOTL,1975-01-01,2026-09-07T16:05:35Z,restated_at,2026-08-05,,who.gho.mdg-0000000007,raw/who.gho.mdg-0000000007/2026/09/20260907T160535Z-bcafb05f6fe8.json.gz,2
who.gho.mdg-0000000007,MDG_0000000007:NLD:SEX_MLE:AGEGROUP_YEARSUNDER5:WEALTHQUINTILE_TOTL,1975-01-01,2026-09-07T16:05:35Z,value,14.72488988,,who.gho.mdg-0000000007,raw/who.gho.mdg-0000000007/2026/09/20260907T160535Z-bcafb05f6fe8.json.gz,2
who.gho.mdg-0000000007,MDG_0000000007:NOR:SEX_BTSX:AGEGROUP_YEARSUNDER5:WEALTHQUINTILE_TOTL,1975-01-01,2026-09-07T16:05:48Z,high,13.314137491,,who.gho.mdg-0000000007,raw/who.gho.mdg-0000000007/2026/09/20260907T160548Z-1609a76f5ecc.json.gz,2
who.gho.mdg-0000000007,MDG_0000000007:NOR:SEX_BTSX:AGEGROUP_YEARSUNDER5:WEALTHQUINTILE_TOTL,1975-01-01,2026-09-07T16:05:48Z,low,12.56134401,,who.gho.mdg-0000000007,raw/who.gho.mdg-0000000007/2026/09/20260907T160548Z-1609a76f5ecc.json.gz,2
who.gho.mdg-0000000007,MDG_0000000007:NOR:SEX_BTSX:AGEGROUP_YEARSUNDER5:WEALTHQUINTILE_TOTL,1975-01-01,2026-09-07T16:05:48Z,restated_at,2026-08-05,,who.gho.mdg-0000000007,raw/who.gho.mdg-0000000007/2026/09/20260907T160548Z-1609a76f5ecc.json.gz,2
who.gho.mdg-0000000007,MDG_0000000007:NOR:SEX_BTSX:AGEGROUP_YEARSUNDER5:WEALTHQUINTILE_TOTL,1975-01-01,2026-09-07T16:05:48Z,value,12.929897218,,who.gho.mdg-0000000007,raw/who.gho.mdg-0000000007/2026/09/20260907T160548Z-1609a76f5ecc.json.gz,2
who.gho.mdg-0000000007,MDG_0000000007:NOR:SEX_FMLE:AGEGROUP_YEARSUNDER5:WEALTHQUINTILE_TOTL,1975-01-01,2026-09-07T16:06:29Z,high,11.485167705,,who.gho.mdg-0000000007,raw/who.gho.mdg-0000000007/2026/09/20260907T160629Z-f6ed87825938.json.gz,2
who.gho.mdg-0000000007,MDG_0000000007:NOR:SEX_FMLE:AGEGROUP_YEARSUNDER5:WEALTHQUINTILE_TOTL,1975-01-01,2026-09-07T16:06:29Z,low,10.706161992,,who.gho.mdg-0000000007,raw/who.gho.mdg-0000000007/2026/09/20260907T160629Z-f6ed87825938.json.gz,2
who.gho.mdg-0000000007,MDG_0000000007:NOR:SEX_FMLE:AGEGROUP_YEARSUNDER5:WEALTHQUINTILE_TOTL,1975-01-01,2026-09-07T16:06:29Z,restated_at,2026-08-05,,who.gho.mdg-0000000007,raw/who.gho.mdg-0000000007/2026/09/20260907T160629Z-f6ed87825938.json.gz,2
who.gho.mdg-0000000007,MDG_0000000007:NOR:SEX_FMLE:AGEGROUP_YEARSUNDER5:WEALTHQUINTILE_TOTL,1975-01-01,2026-09-07T16:06:29Z,value,11.089336093,,who.gho.mdg-0000000007,raw/who.gho.mdg-0000000007/2026/09/20260907T160629Z-f6ed87825938.json.gz,2
who.gho.mdg-0000000007,MDG_0000000007:NOR:SEX_MLE:AGEGROUP_YEARSUNDER5:WEALTHQUINTILE_TOTL,1975-01-01,2026-09-07T16:10:37Z,high,15.174627643,,who.gho.mdg-0000000007,raw/who.gho.mdg-0000000007/2026/09/20260907T161037Z-dfd3d6a5a745.json.gz,2
who.gho.mdg-0000000007,MDG_0000000007:NOR:SEX_MLE:AGEGROUP_YEARSUNDER5:WEALTHQUINTILE_TOTL,1975-01-01,2026-09-07T16:10:37Z,low,14.208897801,,who.gho.mdg-0000000007,raw/who.gho.mdg-0000000007/2026/09/20260907T161037Z-dfd3d6a5a745.json.gz,2
who.gho.mdg-0000000007,MDG_0000000007:NOR:SEX_MLE:AGEGROUP_YEARSUNDER5:WEALTHQUINTILE_TOTL,1975-01-01,2026-09-07T16:10:37Z,restated_at,2026-08-05,,who.gho.mdg-0000000007,raw/who.gho.mdg-0000000007/2026/09/20260907T161037Z-dfd3d6a5a745.json.gz,2
who.gho.mdg-0000000007,MDG_0000000007:NOR:SEX_MLE:AGEGROUP_YEARSUNDER5:WEALTHQUINTILE_TOTL,1975-01-01,2026-09-07T16:10:37Z,value,14.68259646,,who.gho.mdg-0000000007,raw/who.gho.mdg-0000000007/2026/09/20260907T161037Z-dfd3d6a5a745.json.gz,2
who.gho.mdg-0000000007,MDG_0000000007:NPL:SEX_BTSX:AGEGROUP_YEARSUNDER5:WEALTHQUINTILE_TOTL,1975-01-01,2026-09-07T16:11:18Z,high,260.255401943,,who.gho.mdg-0000000007,raw/who.gho.mdg-0000000007/2026/09/20260907T161118Z-85c02b5f4e3c.json.gz,2
who.gho.mdg-0000000007,MDG_0000000007:NPL:SEX_BTSX:AGEGROUP_YEARSUNDER5:WEALTHQUINTILE_TOTL,1975-01-01,2026-09-07T16:11:18Z,low,219.815880943,,who.gho.mdg-0000000007,raw/who.gho.mdg-0000000007/2026/09/20260907T161118Z-85c02b5f4e3c.json.gz,2
who.gho.mdg-0000000007,MDG_0000000007:NPL:SEX_BTSX:AGEGROUP_YEARSUNDER5:WEALTHQUINTILE_TOTL,1975-01-01,2026-09-07T16:11:18Z,restated_at,2026-08-05,,who.gho.mdg-0000000007,raw/who.gho.mdg-0000000007/2026/09/20260907T161118Z-85c02b5f4e3c.json.gz,2
who.gho.mdg-0000000007,MDG_0000000007:NPL:SEX_BTSX:AGEGROUP_YEARSUNDER5:WEALTHQUINTILE_TOTL,1975-01-01,2026-09-07T16:11:18Z,value,238.979726356,,who.gho.mdg-0000000007,raw/who.gho.mdg-0000000007/2026/09/20260907T161118Z-85c02b5f4e3c.json.gz,2
who.gho.mdg-0000000007,MDG_0000000007:NPL:SEX_FMLE:AGEGROUP_YEARSUNDER5:WEALTHQUINTILE_TOTL,1975-01-01,2026-09-07T16:06:29Z,high,261.656291571,,who.gho.mdg-0000000007,raw/who.gho.mdg-0000000007/2026/09/20260907T160629Z-f6ed87825938.json.gz,2
who.gho.mdg-0000000007,MDG_0000000007:NPL:SEX_FMLE:AGEGROUP_YEARSUNDER5:WEALTHQUINTILE_TOTL,1975-01-01,2026-09-07T16:06:29Z,low,219.705018057,,who.gho.mdg-0000000007,raw/who.gho.mdg-0000000007/2026/09/20260907T160629Z-f6ed87825938.json.gz,2
who.gho.mdg-0000000007,MDG_0000000007:NPL:SEX_FMLE:AGEGROUP_YEARSUNDER5:WEALTHQUINTILE_TOTL,1975-01-01,2026-09-07T16:06:29Z,restated_at,2026-08-05,,who.gho.mdg-0000000007,raw/who.gho.mdg-0000000007/2026/09/20260907T160629Z-f6ed87825938.json.gz,2
who.gho.mdg-0000000007,MDG_0000000007:NPL:SEX_FMLE:AGEGROUP_YEARSUNDER5:WEALTHQUINTILE_TOTL,1975-01-01,2026-09-07T16:06:29Z,value,239.669128214,,who.gho.mdg-0000000007,raw/who.gho.mdg-0000000007/2026/09/20260907T160629Z-f6ed87825938.json.gz,2
who.gho.mdg-0000000007,MDG_0000000007:NPL:SEX_MLE:AGEGROUP_YEARSUNDER5:WEALTHQUINTILE_TOTL,1975-01-01,2026-09-07T16:11:22Z,high,260.267317197,,who.gho.mdg-0000000007,raw/who.gho.mdg-0000000007/2026/09/20260907T161122Z-4e9c288e3adb.json.gz,2
who.gho.mdg-0000000007,MDG_0000000007:NPL:SEX_MLE:AGEGROUP_YEARSUNDER5:WEALTHQUINTILE_TOTL,1975-01-01,2026-09-07T16:11:22Z,low,218.580520901,,who.gho.mdg-0000000007,raw/who.gho.mdg-0000000007/2026/09/20260907T161122Z-4e9c288e3adb.json.gz,2
who.gho.mdg-0000000007,MDG_0000000007:NPL:SEX_MLE:AGEGROUP_YEARSUNDER5:WEALTHQUINTILE_TOTL,1975-01-01,2026-09-07T16:11:22Z,restated_at,2026-08-05,,who.gho.mdg-0000000007,raw/who.gho.mdg-0000000007/2026/09/20260907T161122Z-4e9c288e3adb.json.gz,2
who.gho.mdg-0000000007,MDG_0000000007:NPL:SEX_MLE:AGEGROUP_YEARSUNDER5:WEALTHQUINTILE_TOTL,1975-01-01,2026-09-07T16:11:22Z,value,238.398134375,,who.gho.mdg-0000000007,raw/who.gho.mdg-0000000007/2026/09/20260907T161122Z-4e9c288e3adb.json.gz,2
who.gho.mdg-0000000007,MDG_0000000007:NZL:SEX_BTSX:AGEGROUP_YEARSUNDER5:WEALTHQUINTILE_TOTL,1975-01-01,2026-09-07T16:06:21Z,high,18.69718964,,who.gho.mdg-0000000007,raw/who.gho.mdg-0000000007/2026/09/20260907T160621Z-1819ad2538c7.json.gz,2
who.gho.mdg-0000000007,MDG_0000000007:NZL:SEX_BTSX:AGEGROUP_YEARSUNDER5:WEALTHQUINTILE_TOTL,1975-01-01,2026-09-07T16:06:21Z,low,17.915714956,,who.gho.mdg-0000000007,raw/who.gho.mdg-0000000007/2026/09/20260907T160621Z-1819ad2538c7.json.gz,2
who.gho.mdg-0000000007,MDG_0000000007:NZL:SEX_BTSX:AGEGROUP_YEARSUNDER5:WEALTHQUINTILE_TOTL,1975-01-01,2026-09-07T16:06:21Z,restated_at,2026-08-05,,who.gho.mdg-0000000007,raw/who.gho.mdg-0000000007/2026/09/20260907T160621Z-1819ad2538c7.json.gz,2
who.gho.mdg-0000000007,MDG_0000000007:NZL:SEX_BTSX:AGEGROUP_YEARSUNDER5:WEALTHQUINTILE_TOTL,1975-01-01,2026-09-07T16:06:21Z,value,18.297804042,,who.gho.mdg-0000000007,raw/who.gho.mdg-0000000007/2026/09/20260907T160621Z-1819ad2538c7.json.gz,2
who.gho.mdg-0000000007,MDG_0000000007:NZL:SEX_FMLE:AGEGROUP_YEARSUNDER5:WEALTHQUINTILE_TOTL,1975-01-01,2026-09-07T16:08:45Z,high,16.236683902,,who.gho.mdg-0000000007,raw/who.gho.mdg-0000000007/2026/09/20260907T160845Z-9b23f1f1b45b.json.gz,2
who.gho.mdg-0000000007,MDG_0000000007:NZL:SEX_FMLE:AGEGROUP_YEARSUNDER5:WEALTHQUINTILE_TOTL,1975-01-01,2026-09-07T16:08:45Z,low,15.345155876,,who.gho.mdg-0000000007,raw/who.gho.mdg-0000000007/2026/09/20260907T160845Z-9b23f1f1b45b.json.gz,2
who.gho.mdg-0000000007,MDG_0000000007:NZL:SEX_FMLE:AGEGROUP_YEARSUNDER5:WEALTHQUINTILE_TOTL,1975-01-01,2026-09-07T16:08:45Z,restated_at,2026-08-05,,who.gho.mdg-0000000007,raw/who.gho.mdg-0000000007/2026/09/20260907T160845Z-9b23f1f1b45b.json.gz,2
who.gho.mdg-0000000007,MDG_0000000007:NZL:SEX_FMLE:AGEGROUP_YEARSUNDER5:WEALTHQUINTILE_TOTL,1975-01-01,2026-09-07T16:08:45Z,value,15.78585461,,who.gho.mdg-0000000007,raw/who.gho.mdg-0000000007/2026/09/20260907T160845Z-9b23f1f1b45b.json.gz,2
who.gho.mdg-0000000007,MDG_0000000007:NZL:SEX_MLE:AGEGROUP_YEARSUNDER5:WEALTHQUINTILE_TOTL,1975-01-01,2026-09-07T16:08:50Z,high,21.224489912,,who.gho.mdg-0000000007,raw/who.gho.mdg-0000000007/2026/09/20260907T160850Z-957169f3a50e.json.gz,2
who.gho.mdg-0000000007,MDG_0000000007:NZL:SEX_MLE:AGEGROUP_YEARSUNDER5:WEALTHQUINTILE_TOTL,1975-01-01,2026-09-07T16:08:50Z,low,20.178940501,,who.gho.mdg-0000000007,raw/who.gho.mdg-0000000007/2026/09/20260907T160850Z-957169f3a50e.json.gz,2
who.gho.mdg-0000000007,MDG_0000000007:NZL:SEX_MLE:AGEGROUP_YEARSUNDER5:WEALTHQUINTILE_TOTL,1975-01-01,2026-09-07T16:08:50Z,restated_at,2026-08-05,,who.gho.mdg-0000000007,raw/who.gho.mdg-0000000007/2026/09/20260907T160850Z-957169f3a50e.json.gz,2
who.gho.mdg-0000000007,MDG_0000000007:NZL:SEX_MLE:AGEGROUP_YEARSUNDER5:WEALTHQUINTILE_TOTL,1975-01-01,2026-09-07T16:08:50Z,value,20.690091075,,who.gho.mdg-0000000007,raw/who.gho.mdg-0000000007/2026/09/20260907T160850Z-957169f3a50e.json.gz,2
who.gho.mdg-0000000007,MDG_0000000007:OMN:SEX_BTSX:AGEGROUP_YEARSUNDER5:WEALTHQUINTILE_TOTL,1975-01-01,2026-09-07T16:09:51Z,high,194.369074453,,who.gho.mdg-0000000007,raw/who.gho.mdg-0000000007/2026/09/20260907T160951Z-f1aadb832125.json.gz,2
who.gho.mdg-0000000007,MDG_0000000007:OMN:SEX_BTSX:AGEGROUP_YEARSUNDER5:WEALTHQUINTILE_TOTL,1975-01-01,2026-09-07T16:09:51Z,low,148.166894183,,who.gho.mdg-0000000007,raw/who.gho.mdg-0000000007/2026/09/20260907T160951Z-f1aadb832125.json.gz,2
who.gho.mdg-0000000007,MDG_0000000007:OMN:SEX_BTSX:AGEGROUP_YEARSUNDER5:WEALTHQUINTILE_TOTL,1975-01-01,2026-09-07T16:09:51Z,restated_at,2026-08-05,,who.gho.mdg-0000000007,raw/who.gho.mdg-0000000007/2026/09/20260907T160951Z-f1aadb832125.json.gz,2
who.gho.mdg-0000000007,MDG_0000000007:OMN:SEX_BTSX:AGEGROUP_YEARSUNDER5:WEALTHQUINTILE_TOTL,1975-01-01,2026-09-07T16:09:51Z,value,170.413849563,,who.gho.mdg-0000000007,raw/who.gho.mdg-0000000007/2026/09/20260907T160951Z-f1aadb832125.json.gz,2
who.gho.mdg-0000000007,MDG_0000000007:OMN:SEX_FMLE:AGEGROUP_YEARSUNDER5:WEALTHQUINTILE_TOTL,1975-01-01,2026-09-07T16:05:57Z,high,188.495141616,,who.gho.mdg-0000000007,raw/who.gho.mdg-0000000007/2026/09/20260907T160557Z-c8e786907d46.json.gz,2
who.gho.mdg-0000000007,MDG_0000000007:OMN:SEX_FMLE:AGEGROUP_YEARSUNDER5:WEALTHQUINTILE_TOTL,1975-01-01,2026-09-07T16:05:57Z,low,141.731050812,,who.gho.mdg-0000000007,raw/who.gho.mdg-0000000007/2026/09/20260907T160557Z-c8e786907d46.json.gz,2
who.gho.mdg-0000000007,MDG_0000000007:OMN:SEX_FMLE:AGEGROUP_YEARSUNDER5:WEALTHQUINTILE_TOTL,1975-01-01,2026-09-07T16:05:57Z,restated_at,2026-08-05,,who.gho.mdg-0000000007,raw/who.gho.mdg-0000000007/2026/09/20260907T160557Z-c8e786907d46.json.gz,2
who.gho.mdg-0000000007,MDG_0000000007:OMN:SEX_FMLE:AGEGROUP_YEARSUNDER5:WEALTHQUINTILE_TOTL,1975-01-01,2026-09-07T16:05:57Z,value,164.029918239,,who.gho.mdg-0000000007,raw/who.gho.mdg-0000000007/2026/09/20260907T160557Z-c8e786907d46.json.gz,2
who.gho.mdg-0000000007,MDG_0000000007:OMN:SEX_MLE:AGEGROUP_YEARSUNDER5:WEALTHQUINTILE_TOTL,1975-01-01,2026-09-07T16:09:46Z,high,202.377031605,,who.gho.mdg-0000000007,raw/who.gho.mdg-0000000007/2026/09/20260907T160946Z-716d23d235ed.json.gz,2
who.gho.mdg-0000000007,MDG_0000000007:OMN:SEX_MLE:AGEGROUP_YEARSUNDER5:WEALTHQUINTILE_TOTL,1975-01-01,2026-09-07T16:09:46Z,low,152.202428343,,who.gho.mdg-0000000007,raw/who.gho.mdg-0000000007/2026/09/20260907T160946Z-716d23d235ed.json.gz,2
who.gho.mdg-0000000007,MDG_0000000007:OMN:SEX_MLE:AGEGROUP_YEARSUNDER5:WEALTHQUINTILE_TOTL,1975-01-01,2026-09-07T16:09:46Z,restated_at,2026-08-05,,who.gho.mdg-0000000007,raw/who.gho.mdg-0000000007/2026/09/20260907T160946Z-716d23d235ed.json.gz,2
who.gho.mdg-0000000007,MDG_0000000007:OMN:SEX_MLE:AGEGROUP_YEARSUNDER5:WEALTHQUINTILE_TOTL,1975-01-01,2026-09-07T16:09:46Z,value,176.181111075,,who.gho.mdg-0000000007,raw/who.gho.mdg-0000000007/2026/09/20260907T160946Z-716d23d235ed.json.gz,2
who.gho.mdg-0000000007,MDG_0000000007:PAK:SEX_BTSX:AGEGROUP_YEARSUNDER5:WEALTHQUINTILE_TOTL,1975-01-01,2026-09-07T16:09:26Z,high,188.491578384,,who.gho.mdg-0000000007,raw/who.gho.mdg-0000000007/2026/09/20260907T160926Z-3ee37906b339.json.gz,2
who.gho.mdg-0000000007,MDG_0000000007:PAK:SEX_BTSX:AGEGROUP_YEARSUNDER5:WEALTHQUINTILE_TOTL,1975-01-01,2026-09-07T16:09:26Z,low,164.792447698,,who.gho.mdg-0000000007,raw/who.gho.mdg-0000000007/2026/09/20260907T160926Z-3ee37906b339.json.gz,2
who.gho.mdg-0000000007,MDG_0000000007:PAK:SEX_BTSX:AGEGROUP_YEARSUNDER5:WEALTHQUINTILE_TOTL,1975-01-01,2026-09-07T16:09:26Z,restated_at,2026-08-05,,who.gho.mdg-0000000007,raw/who.gho.mdg-0000000007/2026/09/20260907T160926Z-3ee37906b339.json.gz,2
who.gho.mdg-0000000007,MDG_0000000007:PAK:SEX_BTSX:AGEGROUP_YEARSUNDER5:WEALTHQUINTILE_TOTL,1975-01-01,2026-09-07T16:09:26Z,value,176.432420272,,who.gho.mdg-0000000007,raw/who.gho.mdg-0000000007/2026/09/20260907T160926Z-3ee37906b339.json.gz,2
who.gho.mdg-0000000007,MDG_0000000007:PAK:SEX_FMLE:AGEGROUP_YEARSUNDER5:WEALTHQUINTILE_TOTL,1975-01-01,2026-09-07T16:10:07Z,high,188.971551883,,who.gho.mdg-0000000007,raw/who.gho.mdg-0000000007/2026/09/20260907T161007Z-28c6cde3082c.json.gz,2
who.gho.mdg-0000000007,MDG_0000000007:PAK:SEX_FMLE:AGEGROUP_YEARSUNDER5:WEALTHQUINTILE_TOTL,1975-01-01,2026-09-07T16:10:07Z,low,163.94220716,,who.gho.mdg-0000000007,raw/who.gho.mdg-0000000007/2026/09/20260907T161007Z-28c6cde3082c.json.gz,2
who.gho.mdg-0000000007,MDG_0000000007:PAK:SEX_FMLE:AGEGROUP_YEARSUNDER5:WEALTHQUINTILE_TOTL,1975-01-01,2026-09-07T16:10:07Z,restated_at,2026-08-05,,who.gho.mdg-0000000007,raw/who.gho.mdg-0000000007/2026/09/20260907T161007Z-28c6cde3082c.json.gz,2
who.gho.mdg-0000000007,MDG_0000000007:PAK:SEX_FMLE:AGEGROUP_YEARSUNDER5:WEALTHQUINTILE_TOTL,1975-01-01,2026-09-07T16:10:07Z,value,176.132531497,,who.gho.mdg-0000000007,raw/who.gho.mdg-0000000007/2026/09/20260907T161007Z-28c6cde3082c.json.gz,2
who.gho.mdg-0000000007,MDG_0000000007:PAK:SEX_MLE:AGEGROUP_YEARSUNDER5:WEALTHQUINTILE_TOTL,1975-01-01,2026-09-07T16:10:49Z,high,189.164001534,,who.gho.mdg-0000000007,raw/who.gho.mdg-0000000007/2026/09/20260907T161049Z-6866f52a9543.json.gz,2
who.gho.mdg-0000000007,MDG_0000000007:PAK:SEX_MLE:AGEGROUP_YEARSUNDER5:WEALTHQUINTILE_TOTL,1975-01-01,2026-09-07T16:10:49Z,low,164.409911161,,who.gho.mdg-0000000007,raw/who.gho.mdg-0000000007/2026/09/20260907T161049Z-6866f52a9543.json.gz,2
who.gho.mdg-0000000007,MDG_0000000007:PAK:SEX_MLE:AGEGROUP_YEARSUNDER5:WEALTHQUINTILE_TOTL,1975-01-01,2026-09-07T16:10:49Z,restated_at,2026-08-05,,who.gho.mdg-0000000007,raw/who.gho.mdg-0000000007/2026/09/20260907T161049Z-6866f52a9543.json.gz,2
who.gho.mdg-0000000007,MDG_0000000007:PAK:SEX_MLE:AGEGROUP_YEARSUNDER5:WEALTHQUINTILE_TOTL,1975-01-01,2026-09-07T16:10:49Z,value,176.60215419,,who.gho.mdg-0000000007,raw/who.gho.mdg-0000000007/2026/09/20260907T161049Z-6866f52a9543.json.gz,2
who.gho.mdg-0000000007,MDG_0000000007:PAN:SEX_BTSX:AGEGROUP_YEARSUNDER5:WEALTHQUINTILE_TOTL,1975-01-01,2026-09-07T16:09:38Z,high,58.041226466,,who.gho.mdg-0000000007,raw/who.gho.mdg-0000000007/2026/09/20260907T160938Z-81612038db74.json.gz,2
who.gho.mdg-0000000007,MDG_0000000007:PAN:SEX_BTSX:AGEGROUP_YEARSUNDER5:WEALTHQUINTILE_TOTL,1975-01-01,2026-09-07T16:09:38Z,low,46.949158906,,who.gho.mdg-0000000007,raw/who.gho.mdg-0000000007/2026/09/20260907T160938Z-81612038db74.json.gz,2
who.gho.mdg-0000000007,MDG_0000000007:PAN:SEX_BTSX:AGEGROUP_YEARSUNDER5:WEALTHQUINTILE_TOTL,1975-01-01,2026-09-07T16:09:38Z,restated_at,2026-08-05,,who.gho.mdg-0000000007,raw/who.gho.mdg-0000000007/2026/09/20260907T160938Z-81612038db74.json.gz,2
who.gho.mdg-0000000007,MDG_0000000007:PAN:SEX_BTSX:AGEGROUP_YEARSUNDER5:WEALTHQUINTILE_TOTL,1975-01-01,2026-09-07T16:09:38Z,value,52.005706989,,who.gho.mdg-0000000007,raw/who.gho.mdg-0000000007/2026/09/20260907T160938Z-81612038db74.json.gz,2
who.gho.mdg-0000000007,MDG_0000000007:PAN:SEX_FMLE:AGEGROUP_YEARSUNDER5:WEALTHQUINTILE_TOTL,1975-01-01,2026-09-07T16:06:26Z,high,53.795739815,,who.gho.mdg-0000000007,raw/who.gho.mdg-0000000007/2026/09/20260907T160626Z-083ef708c2ee.json.gz,2
who.gho.mdg-0000000007,MDG_0000000007:PAN:SEX_FMLE:AGEGROUP_YEARSUNDER5:WEALTHQUINTILE_TOTL,1975-01-01,2026-09-07T16:06:26Z,low,42.732708467,,who.gho.mdg-0000000007,raw/who.gho.mdg-0000000007/2026/09/20260907T160626Z-083ef708c2ee.json.gz,2
who.gho.mdg-0000000007,MDG_0000000007:PAN:SEX_FMLE:AGEGROUP_YEARSUNDER5:WEALTHQUINTILE_TOTL,1975-01-01,2026-09-07T16:06:26Z,restated_at,2026-08-05,,who.gho.mdg-0000000007,raw/who.gho.mdg-0000000007/2026/09/20260907T160626Z-083ef708c2ee.json.gz,2
who.gho.mdg-0000000007,MDG_0000000007:PAN:SEX_FMLE:AGEGROUP_YEARSUNDER5:WEALTHQUINTILE_TOTL,1975-01-01,2026-09-07T16:06:26Z,value,47.846812628,,who.gho.mdg-0000000007,raw/who.gho.mdg-0000000007/2026/09/20260907T160626Z-083ef708c2ee.json.gz,2
who.gho.mdg-0000000007,MDG_0000000007:PAN:SEX_MLE:AGEGROUP_YEARSUNDER5:WEALTHQUINTILE_TOTL,1975-01-01,2026-09-07T16:10:45Z,high,62.757624782,,who.gho.mdg-0000000007,raw/who.gho.mdg-0000000007/2026/09/20260907T161045Z-53a7d24c459b.json.gz,2
who.gho.mdg-0000000007,MDG_0000000007:PAN:SEX_MLE:AGEGROUP_YEARSUNDER5:WEALTHQUINTILE_TOTL,1975-01-01,2026-09-07T16:10:45Z,low,50.276670867,,who.gho.mdg-0000000007,raw/who.gho.mdg-0000000007/2026/09/20260907T161045Z-53a7d24c459b.json.gz,2
who.gho.mdg-0000000007,MDG_0000000007:PAN:SEX_MLE:AGEGROUP_YEARSUNDER5:WEALTHQUINTILE_TOTL,1975-01-01,2026-09-07T16:10:45Z,restated_at,2026-08-05,,who.gho.mdg-0000000007,raw/who.gho.mdg-0000000007/2026/09/20260907T161045Z-53a7d24c459b.json.gz,2
who.gho.mdg-0000000007,MDG_0000000007:PAN:SEX_MLE:AGEGROUP_YEARSUNDER5:WEALTHQUINTILE_TOTL,1975-01-01,2026-09-07T16:10:45Z,value,55.979396186,,who.gho.mdg-0000000007,raw/who.gho.mdg-0000000007/2026/09/20260907T161045Z-53a7d24c459b.json.gz,2
who.gho.mdg-0000000007,MDG_0000000007:PER:SEX_BTSX:AGEGROUP_YEARSUNDER5:WEALTHQUINTILE_TOTL,1975-01-01,2026-09-07T16:06:11Z,high,152.496840145,,who.gho.mdg-0000000007,raw/who.gho.mdg-0000000007/2026/09/20260907T160611Z-e868f3030ca5.json.gz,2
who.gho.mdg-0000000007,MDG_0000000007:PER:SEX_BTSX:AGEGROUP_YEARSUNDER5:WEALTHQUINTILE_TOTL,1975-01-01,2026-09-07T16:06:11Z,low,135.230894854,,who.gho.mdg-0000000007,raw/who.gho.mdg-0000000007/2026/09/20260907T160611Z-e868f3030ca5.json.gz,2
who.gho.mdg-0000000007,MDG_0000000007:PER:SEX_BTSX:AGEGROUP_YEARSUNDER5:WEALTHQUINTILE_TOTL,1975-01-01,2026-09-07T16:06:11Z,restated_at,2026-08-05,,who.gho.mdg-0000000007,raw/who.gho.mdg-0000000007/2026/09/20260907T160611Z-e868f3030ca5.json.gz,2
who.gho.mdg-0000000007,MDG_0000000007:PER:SEX_BTSX:AGEGROUP_YEARSUNDER5:WEALTHQUINTILE_TOTL,1975-01-01,2026-09-07T16:06:11Z,value,143.624926178,,who.gho.mdg-0000000007,raw/who.gho.mdg-0000000007/2026/09/20260907T160611Z-e868f3030ca5.json.gz,2
who.gho.mdg-0000000007,MDG_0000000007:PER:SEX_FMLE:AGEGROUP_YEARSUNDER5:WEALTHQUINTILE_TOTL,1975-01-01,2026-09-07T16:09:34Z,high,145.689634486,,who.gho.mdg-0000000007,raw/who.gho.mdg-0000000007/2026/09/20260907T160934Z-f7f0902b1194.json.gz,2
who.gho.mdg-0000000007,MDG_0000000007:PER:SEX_FMLE:AGEGROUP_YEARSUNDER5:WEALTHQUINTILE_TOTL,1975-01-01,2026-09-07T16:09:34Z,low,128.686958206,,who.gho.mdg-0000000007,raw/who.gho.mdg-0000000007/2026/09/20260907T160934Z-f7f0902b1194.json.gz,2
who.gho.mdg-0000000007,MDG_0000000007:PER:SEX_FMLE:AGEGROUP_YEARSUNDER5:WEALTHQUINTILE_TOTL,1975-01-01,2026-09-07T16:09:34Z,restated_at,2026-08-05,,who.gho.mdg-0000000007,raw/who.gho.mdg-0000000007/2026/09/20260907T160934Z-f7f0902b1194.json.gz,2
who.gho.mdg-0000000007,MDG_0000000007:PER:SEX_FMLE:AGEGROUP_YEARSUNDER5:WEALTHQUINTILE_TOTL,1975-01-01,2026-09-07T16:09:34Z,value,136.899284802,,who.gho.mdg-0000000007,raw/who.gho.mdg-0000000007/2026/09/20260907T160934Z-f7f0902b1194.json.gz,2
who.gho.mdg-0000000007,MDG_0000000007:PER:SEX_MLE:AGEGROUP_YEARSUNDER5:WEALTHQUINTILE_TOTL,1975-01-01,2026-09-07T16:09:13Z,high,159.599968317,,who.gho.mdg-0000000007,raw/who.gho.mdg-0000000007/2026/09/20260907T160913Z-86e8fac132bd.json.gz,2
who.gho.mdg-0000000007,MDG_0000000007:PER:SEX_MLE:AGEGROUP_YEARSUNDER5:WEALTHQUINTILE_TOTL,1975-01-01,2026-09-07T16:09:13Z,low,141.038791518,,who.gho.mdg-0000000007,raw/who.gho.mdg-0000000007/2026/09/20260907T160913Z-86e8fac132bd.json.gz,2
who.gho.mdg-0000000007,MDG_0000000007:PER:SEX_MLE:AGEGROUP_YEARSUNDER5:WEALTHQUINTILE_TOTL,1975-01-01,2026-09-07T16:09:13Z,restated_at,2026-08-05,,who.gho.mdg-0000000007,raw/who.gho.mdg-0000000007/2026/09/20260907T160913Z-86e8fac132bd.json.gz,2
who.gho.mdg-0000000007,MDG_0000000007:PER:SEX_MLE:AGEGROUP_YEARSUNDER5:WEALTHQUINTILE_TOTL,1975-01-01,2026-09-07T16:09:13Z,value,150.135391592,,who.gho.mdg-0000000007,raw/who.gho.mdg-0000000007/2026/09/20260907T160913Z-86e8fac132bd.json.gz,2
who.gho.mdg-0000000007,MDG_0000000007:PHL:SEX_BTSX:AGEGROUP_YEARSUNDER5:WEALTHQUINTILE_TOTL,1975-01-01,2026-09-07T16:10:45Z,high,88.987741371,,who.gho.mdg-0000000007,raw/who.gho.mdg-0000000007/2026/09/20260907T161045Z-53a7d24c459b.json.gz,2
who.gho.mdg-0000000007,MDG_0000000007:PHL:SEX_BTSX:AGEGROUP_YEARSUNDER5:WEALTHQUINTILE_TOTL,1975-01-01,2026-09-07T16:10:45Z,low,74.85469664,,who.gho.mdg-0000000007,raw/who.gho.mdg-0000000007/2026/09/20260907T161045Z-53a7d24c459b.json.gz,2
who.gho.mdg-0000000007,MDG_0000000007:PHL:SEX_BTSX:AGEGROUP_YEARSUNDER5:WEALTHQUINTILE_TOTL,1975-01-01,2026-09-07T16:10:45Z,restated_at,2026-08-05,,who.gho.mdg-0000000007,raw/who.gho.mdg-0000000007/2026/09/20260907T161045Z-53a7d24c459b.json.gz,2
who.gho.mdg-0000000007,MDG_0000000007:PHL:SEX_BTSX:AGEGROUP_YEARSUNDER5:WEALTHQUINTILE_TOTL,1975-01-01,2026-09-07T16:10:45Z,value,81.817984949,,who.gho.mdg-0000000007,raw/who.gho.mdg-0000000007/2026/09/20260907T161045Z-53a7d24c459b.json.gz,2
who.gho.mdg-0000000007,MDG_0000000007:PHL:SEX_FMLE:AGEGROUP_YEARSUNDER5:WEALTHQUINTILE_TOTL,1975-01-01,2026-09-07T16:05:35Z,high,82.39757071,,who.gho.mdg-0000000007,raw/who.gho.mdg-0000000007/2026/09/20260907T160535Z-bcafb05f6fe8.json.gz,2
who.gho.mdg-0000000007,MDG_0000000007:PHL:SEX_FMLE:AGEGROUP_YEARSUNDER5:WEALTHQUINTILE_TOTL,1975-01-01,2026-09-07T16:05:35Z,low,68.840251056,,who.gho.mdg-0000000007,raw/who.gho.mdg-0000000007/2026/09/20260907T160535Z-bcafb05f6fe8.json.gz,2
who.gho.mdg-0000000007,MDG_0000000007:PHL:SEX_FMLE:AGEGROUP_YEARSUNDER5:WEALTHQUINTILE_TOTL,1975-01-01,2026-09-07T16:05:35Z,restated_at,2026-08-05,,who.gho.mdg-0000000007,raw/who.gho.mdg-0000000007/2026/09/20260907T160535Z-bcafb05f6fe8.json.gz,2
who.gho.mdg-0000000007,MDG_0000000007:PHL:SEX_FMLE:AGEGROUP_YEARSUNDER5:WEALTHQUINTILE_TOTL,1975-01-01,2026-09-07T16:05:35Z,value,75.480209904,,who.gho.mdg-0000000007,raw/who.gho.mdg-0000000007/2026/09/20260907T160535Z-bcafb05f6fe8.json.gz,2
who.gho.mdg-0000000007,MDG_0000000007:PHL:SEX_MLE:AGEGROUP_YEARSUNDER5:WEALTHQUINTILE_TOTL,1975-01-01,2026-09-07T16:05:31Z,high,95.834475266,,who.gho.mdg-0000000007,raw/who.gho.mdg-0000000007/2026/09/20260907T160531Z-a90a9bba0858.json.gz,2
who.gho.mdg-0000000007,MDG_0000000007:PHL:SEX_MLE:AGEGROUP_YEARSUNDER5:WEALTHQUINTILE_TOTL,1975-01-01,2026-09-07T16:05:31Z,low,80.187232777,,who.gho.mdg-0000000007,raw/who.gho.mdg-0000000007/2026/09/20260907T160531Z-a90a9bba0858.json.gz,2
who.gho.mdg-0000000007,MDG_0000000007:PHL:SEX_MLE:AGEGROUP_YEARSUNDER5:WEALTHQUINTILE_TOTL,1975-01-01,2026-09-07T16:05:31Z,restated_at,2026-08-05,,who.gho.mdg-0000000007,raw/who.gho.mdg-0000000007/2026/09/20260907T160531Z-a90a9bba0858.json.gz,2
who.gho.mdg-0000000007,MDG_0000000007:PHL:SEX_MLE:AGEGROUP_YEARSUNDER5:WEALTHQUINTILE_TOTL,1975-01-01,2026-09-07T16:05:31Z,value,87.7345011,,who.gho.mdg-0000000007,raw/who.gho.mdg-0000000007/2026/09/20260907T160531Z-a90a9bba0858.json.gz,2
who.gho.mdg-0000000007,MDG_0000000007:PLW:SEX_BTSX:AGEGROUP_YEARSUNDER5:WEALTHQUINTILE_TOTL,1975-01-01,2026-09-07T16:05:48Z,high,78.912990602,,who.gho.mdg-0000000007,raw/who.gho.mdg-0000000007/2026/09/20260907T160548Z-1609a76f5ecc.json.gz,2
who.gho.mdg-0000000007,MDG_0000000007:PLW:SEX_BTSX:AGEGROUP_YEARSUNDER5:WEALTHQUINTILE_TOTL,1975-01-01,2026-09-07T16:05:48Z,low,46.243492336,,who.gho.mdg-0000000007,raw/who.gho.mdg-0000000007/2026/09/20260907T160548Z-1609a76f5ecc.json.gz,2
who.gho.mdg-0000000007,MDG_0000000007:PLW:SEX_BTSX:AGEGROUP_YEARSUNDER5:WEALTHQUINTILE_TOTL,1975-01-01,2026-09-07T16:05:48Z,restated_at,2026-08-05,,who.gho.mdg-0000000007,raw/who.gho.mdg-0000000007/2026/09/20260907T160548Z-1609a76f5ecc.json.gz,2
who.gho.mdg-0000000007,MDG_0000000007:PLW:SEX_BTSX:AGEGROUP_YEARSUNDER5:WEALTHQUINTILE_TOTL,1975-01-01,2026-09-07T16:05:48Z,value,60.744509519,,who.gho.mdg-0000000007,raw/who.gho.mdg-0000000007/2026/09/20260907T160548Z-1609a76f5ecc.json.gz,2
who.gho.mdg-0000000007,MDG_0000000007:PLW:SEX_FMLE:AGEGROUP_YEARSUNDER5:WEALTHQUINTILE_TOTL,1975-01-01,2026-09-07T16:08:54Z,high,71.954690488,,who.gho.mdg-0000000007,raw/who.gho.mdg-0000000007/2026/09/20260907T160854Z-e3873ac72928.json.gz,2
who.gho.mdg-0000000007,MDG_0000000007:PLW:SEX_FMLE:AGEGROUP_YEARSUNDER5:WEALTHQUINTILE_TOTL,1975-01-01,2026-09-07T16:08:54Z,low,41.738826462,,who.gho.mdg-0000000007,raw/who.gho.mdg-0000000007/2026/09/20260907T160854Z-e3873ac72928.json.gz,2
who.gho.mdg-0000000007,MDG_0000000007:PLW:SEX_FMLE:AGEGROUP_YEARSUNDER5:WEALTHQUINTILE_TOTL,1975-01-01,2026-09-07T16:08:54Z,restated_at,2026-08-05,,who.gho.mdg-0000000007,raw/who.gho.mdg-0000000007/2026/09/20260907T160854Z-e3873ac72928.json.gz,2
who.gho.mdg-0000000007,MDG_0000000007:PLW:SEX_FMLE:AGEGROUP_YEARSUNDER5:WEALTHQUINTILE_TOTL,1975-01-01,2026-09-07T16:08:54Z,value,54.929180548,,who.gho.mdg-0000000007,raw/who.gho.mdg-0000000007/2026/09/20260907T160854Z-e3873ac72928.json.gz,2
who.gho.mdg-0000000007,MDG_0000000007:PLW:SEX_MLE:AGEGROUP_YEARSUNDER5:WEALTHQUINTILE_TOTL,1975-01-01,2026-09-07T16:08:50Z,high,86.365907476,,who.gho.mdg-0000000007,raw/who.gho.mdg-0000000007/2026/09/20260907T160850Z-957169f3a50e.json.gz,2
who.gho.mdg-0000000007,MDG_0000000007:PLW:SEX_MLE:AGEGROUP_YEARSUNDER5:WEALTHQUINTILE_TOTL,1975-01-01,2026-09-07T16:08:50Z,low,50.313173597,,who.gho.mdg-0000000007,raw/who.gho.mdg-0000000007/2026/09/20260907T160850Z-957169f3a50e.json.gz,2
who.gho.mdg-0000000007,MDG_0000000007:PLW:SEX_MLE:AGEGROUP_YEARSUNDER5:WEALTHQUINTILE_TOTL,1975-01-01,2026-09-07T16:08:50Z,restated_at,2026-08-05,,who.gho.mdg-0000000007,raw/who.gho.mdg-0000000007/2026/09/20260907T160850Z-957169f3a50e.json.gz,2
who.gho.mdg-0000000007,MDG_0000000007:PLW:SEX_MLE:AGEGROUP_YEARSUNDER5:WEALTHQUINTILE_TOTL,1975-01-01,2026-09-07T16:08:50Z,value,66.213598183,,who.gho.mdg-0000000007,raw/who.gho.mdg-0000000007/2026/09/20260907T160850Z-957169f3a50e.json.gz,2
who.gho.mdg-0000000007,MDG_0000000007:PNG:SEX_BTSX:AGEGROUP_YEARSUNDER5:WEALTHQUINTILE_TOTL,1975-01-01,2026-09-07T16:10:33Z,high,135.649941047,,who.gho.mdg-0000000007,raw/who.gho.mdg-0000000007/2026/09/20260907T161033Z-0396663e197a.json.gz,2
who.gho.mdg-0000000007,MDG_0000000007:PNG:SEX_BTSX:AGEGROUP_YEARSUNDER5:WEALTHQUINTILE_TOTL,1975-01-01,2026-09-07T16:10:33Z,low,106.906936767,,who.gho.mdg-0000000007,raw/who.gho.mdg-0000000007/2026/09/20260907T161033Z-0396663e197a.json.gz,2
who.gho.mdg-0000000007,MDG_0000000007:PNG:SEX_BTSX:AGEGROUP_YEARSUNDER5:WEALTHQUINTILE_TOTL,1975-01-01,2026-09-07T16:10:33Z,restated_at,2026-08-05,,who.gho.mdg-0000000007,raw/who.gho.mdg-0000000007/2026/09/20260907T161033Z-0396663e197a.json.gz,2
who.gho.mdg-0000000007,MDG_0000000007:PNG:SEX_BTSX:AGEGROUP_YEARSUNDER5:WEALTHQUINTILE_TOTL,1975-01-01,2026-09-07T16:10:33Z,value,121.471466002,,who.gho.mdg-0000000007,raw/who.gho.mdg-0000000007/2026/09/20260907T161033Z-0396663e197a.json.gz,2
who.gho.mdg-0000000007,MDG_0000000007:PNG:SEX_FMLE:AGEGROUP_YEARSUNDER5:WEALTHQUINTILE_TOTL,1975-01-01,2026-09-07T16:10:24Z,high,130.587933329,,who.gho.mdg-0000000007,raw/who.gho.mdg-0000000007/2026/09/20260907T161024Z-808a2a46070d.json.gz,2
who.gho.mdg-0000000007,MDG_0000000007:PNG:SEX_FMLE:AGEGROUP_YEARSUNDER5:WEALTHQUINTILE_TOTL,1975-01-01,2026-09-07T16:10:24Z,low,101.674112239,,who.gho.mdg-0000000007,raw/who.gho.mdg-0000000007/2026/09/20260907T161024Z-808a2a46070d.json.gz,2
who.gho.mdg-0000000007,MDG_0000000007:PNG:SEX_FMLE:AGEGROUP_YEARSUNDER5:WEALTHQUINTILE_TOTL,1975-01-01,2026-09-07T16:10:24Z,restated_at,2026-08-05,,who.gho.mdg-0000000007,raw/who.gho.mdg-0000000007/2026/09/20260907T161024Z-808a2a46070d.json.gz,2
who.gho.mdg-0000000007,MDG_0000000007:PNG:SEX_FMLE:AGEGROUP_YEARSUNDER5:WEALTHQUINTILE_TOTL,1975-01-01,2026-09-07T16:10:24Z,value,115.88113436,,who.gho.mdg-0000000007,raw/who.gho.mdg-0000000007/2026/09/20260907T161024Z-808a2a46070d.json.gz,2
who.gho.mdg-0000000007,MDG_0000000007:PNG:SEX_MLE:AGEGROUP_YEARSUNDER5:WEALTHQUINTILE_TOTL,1975-01-01,2026-09-07T16:05:14Z,high,142.344765734,,who.gho.mdg-0000000007,raw/who.gho.mdg-0000000007/2026/09/20260907T160514Z-6205b585146a.json.gz,2
who.gho.mdg-0000000007,MDG_0000000007:PNG:SEX_MLE:AGEGROUP_YEARSUNDER5:WEALTHQUINTILE_TOTL,1975-01-01,2026-09-07T16:05:14Z,low,110.677951628,,who.gho.mdg-0000000007,raw/who.gho.mdg-0000000007/2026/09/20260907T160514Z-6205b585146a.json.gz,2
who.gho.mdg-0000000007,MDG_0000000007:PNG:SEX_MLE:AGEGROUP_YEARSUNDER5:WEALTHQUINTILE_TOTL,1975-01-01,2026-09-07T16:05:14Z,restated_at,2026-08-05,,who.gho.mdg-0000000007,raw/who.gho.mdg-0000000007/2026/09/20260907T160514Z-6205b585146a.json.gz,2
who.gho.mdg-0000000007,MDG_0000000007:PNG:SEX_MLE:AGEGROUP_YEARSUNDER5:WEALTHQUINTILE_TOTL,1975-01-01,2026-09-07T16:05:14Z,value,126.532080476,,who.gho.mdg-0000000007,raw/who.gho.mdg-0000000007/2026/09/20260907T160514Z-6205b585146a.json.gz,2
who.gho.mdg-0000000007,MDG_0000000007:POL:SEX_BTSX:AGEGROUP_YEARSUNDER5:WEALTHQUINTILE_TOTL,1975-01-01,2026-09-07T16:08:54Z,high,28.480012656,,who.gho.mdg-0000000007,raw/who.gho.mdg-0000000007/2026/09/20260907T160854Z-e3873ac72928.json.gz,2
who.gho.mdg-0000000007,MDG_0000000007:POL:SEX_BTSX:AGEGROUP_YEARSUNDER5:WEALTHQUINTILE_TOTL,1975-01-01,2026-09-07T16:08:54Z,low,27.295425041,,who.gho.mdg-0000000007,raw/who.gho.mdg-0000000007/2026/09/20260907T160854Z-e3873ac72928.json.gz,2
who.gho.mdg-0000000007,MDG_0000000007:POL:SEX_BTSX:AGEGROUP_YEARSUNDER5:WEALTHQUINTILE_TOTL,1975-01-01,2026-09-07T16:08:54Z,restated_at,2026-08-05,,who.gho.mdg-0000000007,raw/who.gho.mdg-0000000007/2026/09/20260907T160854Z-e3873ac72928.json.gz,2
who.gho.mdg-0000000007,MDG_0000000007:POL:SEX_BTSX:AGEGROUP_YEARSUNDER5:WEALTHQUINTILE_TOTL,1975-01-01,2026-09-07T16:08:54Z,value,27.891128255,,who.gho.mdg-0000000007,raw/who.gho.mdg-0000000007/2026/09/20260907T160854Z-e3873ac72928.json.gz,2
who.gho.mdg-0000000007,MDG_0000000007:POL:SEX_FMLE:AGEGROUP_YEARSUNDER5:WEALTHQUINTILE_TOTL,1975-01-01,2026-09-07T16:08:45Z,high,24.569435698,,who.gho.mdg-0000000007,raw/who.gho.mdg-0000000007/2026/09/20260907T160845Z-9b23f1f1b45b.json.gz,2
who.gho.mdg-0000000007,MDG_0000000007:POL:SEX_FMLE:AGEGROUP_YEARSUNDER5:WEALTHQUINTILE_TOTL,1975-01-01,2026-09-07T16:08:45Z,low,23.453302461,,who.gho.mdg-0000000007,raw/who.gho.mdg-0000000007/2026/09/20260907T160845Z-9b23f1f1b45b.json.gz,2
who.gho.mdg-0000000007,MDG_0000000007:POL:SEX_FMLE:AGEGROUP_YEARSUNDER5:WEALTHQUINTILE_TOTL,1975-01-01,2026-09-07T16:08:45Z,restated_at,2026-08-05,,who.gho.mdg-0000000007,raw/who.gho.mdg-0000000007/2026/09/20260907T160845Z-9b23f1f1b45b.json.gz,2
who.gho.mdg-0000000007,MDG_0000000007:POL:SEX_FMLE:AGEGROUP_YEARSUNDER5:WEALTHQUINTILE_TOTL,1975-01-01,2026-09-07T16:08:45Z,value,24.025056955,,who.gho.mdg-0000000007,raw/who.gho.mdg-0000000007/2026/09/20260907T160845Z-9b23f1f1b45b.json.gz,2
who.gho.mdg-0000000007,MDG_0000000007:POL:SEX_MLE:AGEGROUP_YEARSUNDER5:WEALTHQUINTILE_TOTL,1975-01-01,2026-09-07T16:05:09Z,high,32.27848178,,who.gho.mdg-0000000007,raw/who.gho.mdg-0000000007/2026/09/20260907T160509Z-9066130499c7.json.gz,2
who.gho.mdg-0000000007,MDG_0000000007:POL:SEX_MLE:AGEGROUP_YEARSUNDER5:WEALTHQUINTILE_TOTL,1975-01-01,2026-09-07T16:05:09Z,low,30.873297894,,who.gho.mdg-0000000007,raw/who.gho.mdg-0000000007/2026/09/20260907T160509Z-9066130499c7.json.gz,2
who.gho.mdg-0000000007,MDG_0000000007:POL:SEX_MLE:AGEGROUP_YEARSUNDER5:WEALTHQUINTILE_TOTL,1975-01-01,2026-09-07T16:05:09Z,restated_at,2026-08-05,,who.gho.mdg-0000000007,raw/who.gho.mdg-0000000007/2026/09/20260907T160509Z-9066130499c7.json.gz,2
who.gho.mdg-0000000007,MDG_0000000007:POL:SEX_MLE:AGEGROUP_YEARSUNDER5:WEALTHQUINTILE_TOTL,1975-01-01,2026-09-07T16:05:09Z,value,31.574395256,,who.gho.mdg-0000000007,raw/who.gho.mdg-0000000007/2026/09/20260907T160509Z-9066130499c7.json.gz,2
who.gho.mdg-0000000007,MDG_0000000007:PRK:SEX_BTSX:AGEGROUP_YEARSUNDER5:WEALTHQUINTILE_TOTL,1975-01-01,2026-09-07T16:05:06Z,high,67.6012329,,who.gho.mdg-0000000007,raw/who.gho.mdg-0000000007/2026/09/20260907T160506Z-a219a21e2a4a.json.gz,2
who.gho.mdg-0000000007,MDG_0000000007:PRK:SEX_BTSX:AGEGROUP_YEARSUNDER5:WEALTHQUINTILE_TOTL,1975-01-01,2026-09-07T16:05:06Z,low,41.348130501,,who.gho.mdg-0000000007,raw/who.gho.mdg-0000000007/2026/09/20260907T160506Z-a219a21e2a4a.json.gz,2
who.gho.mdg-0000000007,MDG_0000000007:PRK:SEX_BTSX:AGEGROUP_YEARSUNDER5:WEALTHQUINTILE_TOTL,1975-01-01,2026-09-07T16:05:06Z,restated_at,2025-04-15,,who.gho.mdg-0000000007,raw/who.gho.mdg-0000000007/2026/09/20260907T160506Z-a219a21e2a4a.json.gz,2
who.gho.mdg-0000000007,MDG_0000000007:PRK:SEX_BTSX:AGEGROUP_YEARSUNDER5:WEALTHQUINTILE_TOTL,1975-01-01,2026-09-07T16:05:06Z,value,52.798692536,,who.gho.mdg-0000000007,raw/who.gho.mdg-0000000007/2026/09/20260907T160506Z-a219a21e2a4a.json.gz,2
who.gho.mdg-0000000007,MDG_0000000007:PRK:SEX_FMLE:AGEGROUP_YEARSUNDER5:WEALTHQUINTILE_TOTL,1975-01-01,2026-09-07T16:11:18Z,high,61.793265176,,who.gho.mdg-0000000007,raw/who.gho.mdg-0000000007/2026/09/20260907T161118Z-85c02b5f4e3c.json.gz,2
who.gho.mdg-0000000007,MDG_0000000007:PRK:SEX_FMLE:AGEGROUP_YEARSUNDER5:WEALTHQUINTILE_TOTL,1975-01-01,2026-09-07T16:11:18Z,low,37.445300801,,who.gho.mdg-0000000007,raw/who.gho.mdg-0000000007/2026/09/20260907T161118Z-85c02b5f4e3c.json.gz,2
who.gho.mdg-0000000007,MDG_0000000007:PRK:SEX_FMLE:AGEGROUP_YEARSUNDER5:WEALTHQUINTILE_TOTL,1975-01-01,2026-09-07T16:11:18Z,restated_at,2026-08-05,,who.gho.mdg-0000000007,raw/who.gho.mdg-0000000007/2026/09/20260907T161118Z-85c02b5f4e3c.json.gz,2
who.gho.mdg-0000000007,MDG_0000000007:PRK:SEX_FMLE:AGEGROUP_YEARSUNDER5:WEALTHQUINTILE_TOTL,1975-01-01,2026-09-07T16:11:18Z,value,48.039399961,,who.gho.mdg-0000000007,raw/who.gho.mdg-0000000007/2026/09/20260907T161118Z-85c02b5f4e3c.json.gz,2
who.gho.mdg-0000000007,MDG_0000000007:PRK:SEX_MLE:AGEGROUP_YEARSUNDER5:WEALTHQUINTILE_TOTL,1975-01-01,2026-09-07T16:10:24Z,high,73.401591321,,who.gho.mdg-0000000007,raw/who.gho.mdg-0000000007/2026/09/20260907T161024Z-808a2a46070d.json.gz,2
who.gho.mdg-0000000007,MDG_0000000007:PRK:SEX_MLE:AGEGROUP_YEARSUNDER5:WEALTHQUINTILE_TOTL,1975-01-01,2026-09-07T16:10:24Z,low,44.732122338,,who.gho.mdg-0000000007,raw/who.gho.mdg-0000000007/2026/09/20260907T161024Z-808a2a46070d.json.gz,2
who.gho.mdg-0000000007,MDG_0000000007:PRK:SEX_MLE:AGEGROUP_YEARSUNDER5:WEALTHQUINTILE_TOTL,1975-01-01,2026-09-07T16:10:24Z,restated_at,2026-08-05,,who.gho.mdg-0000000007,raw/who.gho.mdg-0000000007/2026/09/20260907T161024Z-808a2a46070d.json.gz,2
who.gho.mdg-0000000007,MDG_0000000007:PRK:SEX_MLE:AGEGROUP_YEARSUNDER5:WEALTHQUINTILE_TOTL,1975-01-01,2026-09-07T16:10:24Z,value,57.392054374,,who.gho.mdg-0000000007,raw/who.gho.mdg-0000000007/2026/09/20260907T161024Z-808a2a46070d.json.gz,2
who.gho.mdg-0000000007,MDG_0000000007:PRT:SEX_BTSX:AGEGROUP_YEARSUNDER5:WEALTHQUINTILE_TOTL,1975-01-01,2026-09-07T16:06:02Z,high,44.460857752,,who.gho.mdg-0000000007,raw/who.gho.mdg-0000000007/2026/09/20260907T160602Z-1adff4f5f376.json.gz,2
who.gho.mdg-0000000007,MDG_0000000007:PRT:SEX_BTSX:AGEGROUP_YEARSUNDER5:WEALTHQUINTILE_TOTL,1975-01-01,2026-09-07T16:06:02Z,low,42.642768725,,who.gho.mdg-0000000007,raw/who.gho.mdg-0000000007/2026/09/20260907T160602Z-1adff4f5f376.json.gz,2
who.gho.mdg-0000000007,MDG_0000000007:PRT:SEX_BTSX:AGEGROUP_YEARSUNDER5:WEALTHQUINTILE_TOTL,1975-01-01,2026-09-07T16:06:02Z,restated_at,2026-08-05,,who.gho.mdg-0000000007,raw/who.gho.mdg-0000000007/2026/09/20260907T160602Z-1adff4f5f376.json.gz,2
who.gho.mdg-0000000007,MDG_0000000007:PRT:SEX_BTSX:AGEGROUP_YEARSUNDER5:WEALTHQUINTILE_TOTL,1975-01-01,2026-09-07T16:06:02Z,value,43.520948548,,who.gho.mdg-0000000007,raw/who.gho.mdg-0000000007/2026/09/20260907T160602Z-1adff4f5f376.json.gz,2
who.gho.mdg-0000000007,MDG_0000000007:PRT:SEX_FMLE:AGEGROUP_YEARSUNDER5:WEALTHQUINTILE_TOTL,1975-01-01,2026-09-07T16:11:01Z,high,39.508822238,,who.gho.mdg-0000000007,raw/who.gho.mdg-0000000007/2026/09/20260907T161101Z-fc76d9a7e10d.json.gz,2
who.gho.mdg-0000000007,MDG_0000000007:PRT:SEX_FMLE:AGEGROUP_YEARSUNDER5:WEALTHQUINTILE_TOTL,1975-01-01,2026-09-07T16:11:01Z,low,37.691177336,,who.gho.mdg-0000000007,raw/who.gho.mdg-0000000007/2026/09/20260907T161101Z-fc76d9a7e10d.json.gz,2
who.gho.mdg-0000000007,MDG_0000000007:PRT:SEX_FMLE:AGEGROUP_YEARSUNDER5:WEALTHQUINTILE_TOTL,1975-01-01,2026-09-07T16:11:01Z,restated_at,2026-08-05,,who.gho.mdg-0000000007,raw/who.gho.mdg-0000000007/2026/09/20260907T161101Z-fc76d9a7e10d.json.gz,2
who.gho.mdg-0000000007,MDG_0000000007:PRT:SEX_FMLE:AGEGROUP_YEARSUNDER5:WEALTHQUINTILE_TOTL,1975-01-01,2026-09-07T16:11:01Z,value,38.564247084,,who.gho.mdg-0000000007,raw/who.gho.mdg-0000000007/2026/09/20260907T161101Z-fc76d9a7e10d.json.gz,2
who.gho.mdg-0000000007,MDG_0000000007:PRT:SEX_MLE:AGEGROUP_YEARSUNDER5:WEALTHQUINTILE_TOTL,1975-01-01,2026-09-07T16:05:31Z,high,49.356984503,,who.gho.mdg-0000000007,raw/who.gho.mdg-0000000007/2026/09/20260907T160531Z-a90a9bba0858.json.gz,2
who.gho.mdg-0000000007,MDG_0000000007:PRT:SEX_MLE:AGEGROUP_YEARSUNDER5:WEALTHQUINTILE_TOTL,1975-01-01,2026-09-07T16:05:31Z,low,47.185999829,,who.gho.mdg-0000000007,raw/who.gho.mdg-0000000007/2026/09/20260907T160531Z-a90a9bba0858.json.gz,2
who.gho.mdg-0000000007,MDG_0000000007:PRT:SEX_MLE:AGEGROUP_YEARSUNDER5:WEALTHQUINTILE_TOTL,1975-01-01,2026-09-07T16:05:31Z,restated_at,2026-08-05,,who.gho.mdg-0000000007,raw/who.gho.mdg-0000000007/2026/09/20260907T160531Z-a90a9bba0858.json.gz,2
who.gho.mdg-0000000007,MDG_0000000007:PRT:SEX_MLE:AGEGROUP_YEARSUNDER5:WEALTHQUINTILE_TOTL,1975-01-01,2026-09-07T16:05:31Z,value,48.242445282,,who.gho.mdg-0000000007,raw/who.gho.mdg-0000000007/2026/09/20260907T160531Z-a90a9bba0858.json.gz,2
who.gho.mdg-0000000007,MDG_0000000007:PRY:SEX_BTSX:AGEGROUP_YEARSUNDER5:WEALTHQUINTILE_TOTL,1975-01-01,2026-09-07T16:11:18Z,high,80.428446477,,who.gho.mdg-0000000007,raw/who.gho.mdg-0000000007/2026/09/20260907T161118Z-85c02b5f4e3c.json.gz,2
who.gho.mdg-0000000007,MDG_0000000007:PRY:SEX_BTSX:AGEGROUP_YEARSUNDER5:WEALTHQUINTILE_TOTL,1975-01-01,2026-09-07T16:11:18Z,low,66.474200137,,who.gho.mdg-0000000007,raw/who.gho.mdg-0000000007/2026/09/20260907T161118Z-85c02b5f4e3c.json.gz,2
who.gho.mdg-0000000007,MDG_0000000007:PRY:SEX_BTSX:AGEGROUP_YEARSUNDER5:WEALTHQUINTILE_TOTL,1975-01-01,2026-09-07T16:11:18Z,restated_at,2026-08-05,,who.gho.mdg-0000000007,raw/who.gho.mdg-0000000007/2026/09/20260907T161118Z-85c02b5f4e3c.json.gz,2
who.gho.mdg-0000000007,MDG_0000000007:PRY:SEX_BTSX:AGEGROUP_YEARSUNDER5:WEALTHQUINTILE_TOTL,1975-01-01,2026-09-07T16:11:18Z,value,73.149678038,,who.gho.mdg-0000000007,raw/who.gho.mdg-0000000007/2026/09/20260907T161118Z-85c02b5f4e3c.json.gz,2
who.gho.mdg-0000000007,MDG_0000000007:PRY:SEX_FMLE:AGEGROUP_YEARSUNDER5:WEALTHQUINTILE_TOTL,1975-01-01,2026-09-07T16:10:58Z,high,75.504992343,,who.gho.mdg-0000000007,raw/who.gho.mdg-0000000007/2026/09/20260907T161058Z-4d8f6ed35960.json.gz,2
who.gho.mdg-0000000007,MDG_0000000007:PRY:SEX_FMLE:AGEGROUP_YEARSUNDER5:WEALTHQUINTILE_TOTL,1975-01-01,2026-09-07T16:10:58Z,low,61.415664893,,who.gho.mdg-0000000007,raw/who.gho.mdg-0000000007/2026/09/20260907T161058Z-4d8f6ed35960.json.gz,2
who.gho.mdg-0000000007,MDG_0000000007:PRY:SEX_FMLE:AGEGROUP_YEARSUNDER5:WEALTHQUINTILE_TOTL,1975-01-01,2026-09-07T16:10:58Z,restated_at,2026-08-05,,who.gho.mdg-0000000007,raw/who.gho.mdg-0000000007/2026/09/20260907T161058Z-4d8f6ed35960.json.gz,2
who.gho.mdg-0000000007,MDG_0000000007:PRY:SEX_FMLE:AGEGROUP_YEARSUNDER5:WEALTHQUINTILE_TOTL,1975-01-01,2026-09-07T16:10:58Z,value,68.157354011,,who.gho.mdg-0000000007,raw/who.gho.mdg-0000000007/2026/09/20260907T161058Z-4d8f6ed35960.json.gz,2
who.gho.mdg-0000000007,MDG_0000000007:PRY:SEX_MLE:AGEGROUP_YEARSUNDER5:WEALTHQUINTILE_TOTL,1975-01-01,2026-09-07T16:09:54Z,high,85.941814911,,who.gho.mdg-0000000007,raw/who.gho.mdg-0000000007/2026/09/20260907T160954Z-3426e3999bb4.json.gz,2
who.gho.mdg-0000000007,MDG_0000000007:PRY:SEX_MLE:AGEGROUP_YEARSUNDER5:WEALTHQUINTILE_TOTL,1975-01-01,2026-09-07T16:09:54Z,low,70.533512072,,who.gho.mdg-0000000007,raw/who.gho.mdg-0000000007/2026/09/20260907T160954Z-3426e3999bb4.json.gz,2
who.gho.mdg-0000000007,MDG_0000000007:PRY:SEX_MLE:AGEGROUP_YEARSUNDER5:WEALTHQUINTILE_TOTL,1975-01-01,2026-09-07T16:09:54Z,restated_at,2026-08-05,,who.gho.mdg-0000000007,raw/who.gho.mdg-0000000007/2026/09/20260907T160954Z-3426e3999bb4.json.gz,2
who.gho.mdg-0000000007,MDG_0000000007:PRY:SEX_MLE:AGEGROUP_YEARSUNDER5:WEALTHQUINTILE_TOTL,1975-01-01,2026-09-07T16:09:54Z,value,77.910814365,,who.gho.mdg-0000000007,raw/who.gho.mdg-0000000007/2026/09/20260907T160954Z-3426e3999bb4.json.gz,2
who.gho.mdg-0000000007,MDG_0000000007:PSE:SEX_BTSX:AGEGROUP_YEARSUNDER5:WEALTHQUINTILE_TOTL,1975-01-01,2026-09-07T16:05:26Z,high,132.189161714,,who.gho.mdg-0000000007,raw/who.gho.mdg-0000000007/2026/09/20260907T160526Z-1363df2b3da0.json.gz,2
who.gho.mdg-0000000007,MDG_0000000007:PSE:SEX_BTSX:AGEGROUP_YEARSUNDER5:WEALTHQUINTILE_TOTL,1975-01-01,2026-09-07T16:05:26Z,low,90.480844629,,who.gho.mdg-0000000007,raw/who.gho.mdg-0000000007/2026/09/20260907T160526Z-1363df2b3da0.json.gz,2
who.gho.mdg-0000000007,MDG_0000000007:PSE:SEX_BTSX:AGEGROUP_YEARSUNDER5:WEALTHQUINTILE_TOTL,1975-01-01,2026-09-07T16:05:26Z,restated_at,2026-08-05,,who.gho.mdg-0000000007,raw/who.gho.mdg-0000000007/2026/09/20260907T160526Z-1363df2b3da0.json.gz,2
who.gho.mdg-0000000007,MDG_0000000007:PSE:SEX_BTSX:AGEGROUP_YEARSUNDER5:WEALTHQUINTILE_TOTL,1975-01-01,2026-09-07T16:05:26Z,value,108.971336887,,who.gho.mdg-0000000007,raw/who.gho.mdg-0000000007/2026/09/20260907T160526Z-1363df2b3da0.json.gz,2
who.gho.mdg-0000000007,MDG_0000000007:PSE:SEX_FMLE:AGEGROUP_YEARSUNDER5:WEALTHQUINTILE_TOTL,1975-01-01,2026-09-07T16:09:08Z,high,127.602593976,,who.gho.mdg-0000000007,raw/who.gho.mdg-0000000007/2026/09/20260907T160908Z-96acbc2bc7cb.json.gz,2
who.gho.mdg-0000000007,MDG_0000000007:PSE:SEX_FMLE:AGEGROUP_YEARSUNDER5:WEALTHQUINTILE_TOTL,1975-01-01,2026-09-07T16:09:08Z,low,86.582583854,,who.gho.mdg-0000000007,raw/who.gho.mdg-0000000007/2026/09/20260907T160908Z-96acbc2bc7cb.json.gz,2
who.gho.mdg-0000000007,MDG_0000000007:PSE:SEX_FMLE:AGEGROUP_YEARSUNDER5:WEALTHQUINTILE_TOTL,1975-01-01,2026-09-07T16:09:08Z,restated_at,2026-08-05,,who.gho.mdg-0000000007,raw/who.gho.mdg-0000000007/2026/09/20260907T160908Z-96acbc2bc7cb.json.gz,2
who.gho.mdg-0000000007,MDG_0000000007:PSE:SEX_FMLE:AGEGROUP_YEARSUNDER5:WEALTHQUINTILE_TOTL,1975-01-01,2026-09-07T16:09:08Z,value,104.592352046,,who.gho.mdg-0000000007,raw/who.gho.mdg-0000000007/2026/09/20260907T160908Z-96acbc2bc7cb.json.gz,2
who.gho.mdg-0000000007,MDG_0000000007:PSE:SEX_MLE:AGEGROUP_YEARSUNDER5:WEALTHQUINTILE_TOTL,1975-01-01,2026-09-07T16:06:29Z,high,138.199242574,,who.gho.mdg-0000000007,raw/who.gho.mdg-0000000007/2026/09/20260907T160629Z-f6ed87825938.json.gz,2
who.gho.mdg-0000000007,MDG_0000000007:PSE:SEX_MLE:AGEGROUP_YEARSUNDER5:WEALTHQUINTILE_TOTL,1975-01-01,2026-09-07T16:06:29Z,low,93.584431698,,who.gho.mdg-0000000007,raw/who.gho.mdg-0000000007/2026/09/20260907T160629Z-f6ed87825938.json.gz,2
who.gho.mdg-0000000007,MDG_0000000007:PSE:SEX_MLE:AGEGROUP_YEARSUNDER5:WEALTHQUINTILE_TOTL,1975-01-01,2026-09-07T16:06:29Z,restated_at,2026-08-05,,who.gho.mdg-0000000007,raw/who.gho.mdg-0000000007/2026/09/20260907T160629Z-f6ed87825938.json.gz,2
who.gho.mdg-0000000007,MDG_0000000007:PSE:SEX_MLE:AGEGROUP_YEARSUNDER5:WEALTHQUINTILE_TOTL,1975-01-01,2026-09-07T16:06:29Z,value,112.989751231,,who.gho.mdg-0000000007,raw/who.gho.mdg-0000000007/2026/09/20260907T160629Z-f6ed87825938.json.gz,2
who.gho.mdg-0000000007,MDG_0000000007:QAT:SEX_BTSX:AGEGROUP_YEARSUNDER5:WEALTHQUINTILE_TOTL,1975-01-01,2026-09-07T16:05:22Z,high,58.168391565,,who.gho.mdg-0000000007,raw/who.gho.mdg-0000000007/2026/09/20260907T160522Z-2bd49e664eea.json.gz,2
who.gho.mdg-0000000007,MDG_0000000007:QAT:SEX_BTSX:AGEGROUP_YEARSUNDER5:WEALTHQUINTILE_TOTL,1975-01-01,2026-09-07T16:05:22Z,low,38.817058816,,who.gho.mdg-0000000007,raw/who.gho.mdg-0000000007/2026/09/20260907T160522Z-2bd49e664eea.json.gz,2
who.gho.mdg-0000000007,MDG_0000000007:QAT:SEX_BTSX:AGEGROUP_YEARSUNDER5:WEALTHQUINTILE_TOTL,1975-01-01,2026-09-07T16:05:22Z,restated_at,2026-08-05,,who.gho.mdg-0000000007,raw/who.gho.mdg-0000000007/2026/09/20260907T160522Z-2bd49e664eea.json.gz,2
who.gho.mdg-0000000007,MDG_0000000007:QAT:SEX_BTSX:AGEGROUP_YEARSUNDER5:WEALTHQUINTILE_TOTL,1975-01-01,2026-09-07T16:05:22Z,value,47.448783683,,who.gho.mdg-0000000007,raw/who.gho.mdg-0000000007/2026/09/20260907T160522Z-2bd49e664eea.json.gz,2
who.gho.mdg-0000000007,MDG_0000000007:QAT:SEX_FMLE:AGEGROUP_YEARSUNDER5:WEALTHQUINTILE_TOTL,1975-01-01,2026-09-07T16:05:06Z,high,53.922225717,,who.gho.mdg-0000000007,raw/who.gho.mdg-0000000007/2026/09/20260907T160506Z-a219a21e2a4a.json.gz,2
who.gho.mdg-0000000007,MDG_0000000007:QAT:SEX_FMLE:AGEGROUP_YEARSUNDER5:WEALTHQUINTILE_TOTL,1975-01-01,2026-09-07T16:05:06Z,low,35.584802981,,who.gho.mdg-0000000007,raw/who.gho.mdg-0000000007/2026/09/20260907T160506Z-a219a21e2a4a.json.gz,2
who.gho.mdg-0000000007,MDG_0000000007:QAT:SEX_FMLE:AGEGROUP_YEARSUNDER5:WEALTHQUINTILE_TOTL,1975-01-01,2026-09-07T16:05:06Z,restated_at,2026-08-05,,who.gho.mdg-0000000007,raw/who.gho.mdg-0000000007/2026/09/20260907T160506Z-a219a21e2a4a.json.gz,2
who.gho.mdg-0000000007,MDG_0000000007:QAT:SEX_FMLE:AGEGROUP_YEARSUNDER5:WEALTHQUINTILE_TOTL,1975-01-01,2026-09-07T16:05:06Z,value,43.709207155,,who.gho.mdg-0000000007,raw/who.gho.mdg-0000000007/2026/09/20260907T160506Z-a219a21e2a4a.json.gz,2
who.gho.mdg-0000000007,MDG_0000000007:QAT:SEX_MLE:AGEGROUP_YEARSUNDER5:WEALTHQUINTILE_TOTL,1975-01-01,2026-09-07T16:09:41Z,high,62.558237385,,who.gho.mdg-0000000007,raw/who.gho.mdg-0000000007/2026/09/20260907T160941Z-845bd0fc2e92.json.gz,2
who.gho.mdg-0000000007,MDG_0000000007:QAT:SEX_MLE:AGEGROUP_YEARSUNDER5:WEALTHQUINTILE_TOTL,1975-01-01,2026-09-07T16:09:41Z,low,41.496966783,,who.gho.mdg-0000000007,raw/who.gho.mdg-0000000007/2026/09/20260907T160941Z-845bd0fc2e92.json.gz,2
who.gho.mdg-0000000007,MDG_0000000007:QAT:SEX_MLE:AGEGROUP_YEARSUNDER5:WEALTHQUINTILE_TOTL,1975-01-01,2026-09-07T16:09:41Z,restated_at,2026-08-05,,who.gho.mdg-0000000007,raw/who.gho.mdg-0000000007/2026/09/20260907T160941Z-845bd0fc2e92.json.gz,2
who.gho.mdg-0000000007,MDG_0000000007:QAT:SEX_MLE:AGEGROUP_YEARSUNDER5:WEALTHQUINTILE_TOTL,1975-01-01,2026-09-07T16:09:41Z,value,50.852527736,,who.gho.mdg-0000000007,raw/who.gho.mdg-0000000007/2026/09/20260907T160941Z-845bd0fc2e92.json.gz,2
who.gho.mdg-0000000007,MDG_0000000007:ROU:SEX_BTSX:AGEGROUP_YEARSUNDER5:WEALTHQUINTILE_TOTL,1975-01-01,2026-09-07T16:11:14Z,high,43.648272863,,who.gho.mdg-0000000007,raw/who.gho.mdg-0000000007/2026/09/20260907T161114Z-c1ae2408f442.json.gz,2
who.gho.mdg-0000000007,MDG_0000000007:ROU:SEX_BTSX:AGEGROUP_YEARSUNDER5:WEALTHQUINTILE_TOTL,1975-01-01,2026-09-07T16:11:14Z,low,41.433654198,,who.gho.mdg-0000000007,raw/who.gho.mdg-0000000007/2026/09/20260907T161114Z-c1ae2408f442.json.gz,2
who.gho.mdg-0000000007,MDG_0000000007:ROU:SEX_BTSX:AGEGROUP_YEARSUNDER5:WEALTHQUINTILE_TOTL,1975-01-01,2026-09-07T16:11:14Z,restated_at,2026-08-05,,who.gho.mdg-0000000007,raw/who.gho.mdg-0000000007/2026/09/20260907T161114Z-c1ae2408f442.json.gz,2
who.gho.mdg-0000000007,MDG_0000000007:ROU:SEX_BTSX:AGEGROUP_YEARSUNDER5:WEALTHQUINTILE_TOTL,1975-01-01,2026-09-07T16:11:14Z,value,42.521936689,,who.gho.mdg-0000000007,raw/who.gho.mdg-0000000007/2026/09/20260907T161114Z-c1ae2408f442.json.gz,2
who.gho.mdg-0000000007,MDG_0000000007:ROU:SEX_FMLE:AGEGROUP_YEARSUNDER5:WEALTHQUINTILE_TOTL,1975-01-01,2026-09-07T16:10:37Z,high,40.31039572,,who.gho.mdg-0000000007,raw/who.gho.mdg-0000000007/2026/09/20260907T161037Z-dfd3d6a5a745.json.gz,2
who.gho.mdg-0000000007,MDG_0000000007:ROU:SEX_FMLE:AGEGROUP_YEARSUNDER5:WEALTHQUINTILE_TOTL,1975-01-01,2026-09-07T16:10:37Z,low,38.133947274,,who.gho.mdg-0000000007,raw/who.gho.mdg-0000000007/2026/09/20260907T161037Z-dfd3d6a5a745.json.gz,2
who.gho.mdg-0000000007,MDG_0000000007:ROU:SEX_FMLE:AGEGROUP_YEARSUNDER5:WEALTHQUINTILE_TOTL,1975-01-01,2026-09-07T16:10:37Z,restated_at,2026-08-05,,who.gho.mdg-0000000007,raw/who.gho.mdg-0000000007/2026/09/20260907T161037Z-dfd3d6a5a745.json.gz,2
who.gho.mdg-0000000007,MDG_0000000007:ROU:SEX_FMLE:AGEGROUP_YEARSUNDER5:WEALTHQUINTILE_TOTL,1975-01-01,2026-09-07T16:10:37Z,value,39.206820578,,who.gho.mdg-0000000007,raw/who.gho.mdg-0000000007/2026/09/20260907T161037Z-dfd3d6a5a745.json.gz,2
who.gho.mdg-0000000007,MDG_0000000007:ROU:SEX_MLE:AGEGROUP_YEARSUNDER5:WEALTHQUINTILE_TOTL,1975-01-01,2026-09-07T16:11:22Z,high,46.921217096,,who.gho.mdg-0000000007,raw/who.gho.mdg-0000000007/2026/09/20260907T161122Z-4e9c288e3adb.json.gz,2
who.gho.mdg-0000000007,MDG_0000000007:ROU:SEX_MLE:AGEGROUP_YEARSUNDER5:WEALTHQUINTILE_TOTL,1975-01-01,2026-09-07T16:11:22Z,low,44.484094381,,who.gho.mdg-0000000007,raw/who.gho.mdg-0000000007/2026/09/20260907T161122Z-4e9c288e3adb.json.gz,2
who.gho.mdg-0000000007,MDG_0000000007:ROU:SEX_MLE:AGEGROUP_YEARSUNDER5:WEALTHQUINTILE_TOTL,1975-01-01,2026-09-07T16:11:22Z,restated_at,2026-08-05,,who.gho.mdg-0000000007,raw/who.gho.mdg-0000000007/2026/09/20260907T161122Z-4e9c288e3adb.json.gz,2
who.gho.mdg-0000000007,MDG_0000000007:ROU:SEX_MLE:AGEGROUP_YEARSUNDER5:WEALTHQUINTILE_TOTL,1975-01-01,2026-09-07T16:11:22Z,value,45.669874387,,who.gho.mdg-0000000007,raw/who.gho.mdg-0000000007/2026/09/20260907T161122Z-4e9c288e3adb.json.gz,2
who.gho.mdg-0000000007,MDG_0000000007:RUS:SEX_BTSX:AGEGROUP_YEARSUNDER5:WEALTHQUINTILE_TOTL,1975-01-01,2026-09-07T16:11:18Z,high,29.143195399,,who.gho.mdg-0000000007,raw/who.gho.mdg-0000000007/2026/09/20260907T161118Z-85c02b5f4e3c.json.gz,2
who.gho.mdg-0000000007,MDG_0000000007:RUS:SEX_BTSX:AGEGROUP_YEARSUNDER5:WEALTHQUINTILE_TOTL,1975-01-01,2026-09-07T16:11:18Z,low,26.183412097,,who.gho.mdg-0000000007,raw/who.gho.mdg-0000000007/2026/09/20260907T161118Z-85c02b5f4e3c.json.gz,2
who.gho.mdg-0000000007,MDG_0000000007:RUS:SEX_BTSX:AGEGROUP_YEARSUNDER5:WEALTHQUINTILE_TOTL,1975-01-01,2026-09-07T16:11:18Z,restated_at,2026-08-05,,who.gho.mdg-0000000007,raw/who.gho.mdg-0000000007/2026/09/20260907T161118Z-85c02b5f4e3c.json.gz,2
who.gho.mdg-0000000007,MDG_0000000007:RUS:SEX_BTSX:AGEGROUP_YEARSUNDER5:WEALTHQUINTILE_TOTL,1975-01-01,2026-09-07T16:11:18Z,value,27.616441023,,who.gho.mdg-0000000007,raw/who.gho.mdg-0000000007/2026/09/20260907T161118Z-85c02b5f4e3c.json.gz,2
who.gho.mdg-0000000007,MDG_0000000007:RUS:SEX_FMLE:AGEGROUP_YEARSUNDER5:WEALTHQUINTILE_TOTL,1975-01-01,2026-09-07T16:10:58Z,high,25.328173199,,who.gho.mdg-0000000007,raw/who.gho.mdg-0000000007/2026/09/20260907T161058Z-4d8f6ed35960.json.gz,2
who.gho.mdg-0000000007,MDG_0000000007:RUS:SEX_FMLE:AGEGROUP_YEARSUNDER5:WEALTHQUINTILE_TOTL,1975-01-01,2026-09-07T16:10:58Z,low,22.491003999,,who.gho.mdg-0000000007,raw/who.gho.mdg-0000000007/2026/09/20260907T161058Z-4d8f6ed35960.json.gz,2
who.gho.mdg-0000000007,MDG_0000000007:RUS:SEX_FMLE:AGEGROUP_YEARSUNDER5:WEALTHQUINTILE_TOTL,1975-01-01,2026-09-07T16:10:58Z,restated_at,2026-08-05,,who.gho.mdg-0000000007,raw/who.gho.mdg-0000000007/2026/09/20260907T161058Z-4d8f6ed35960.json.gz,2
who.gho.mdg-0000000007,MDG_0000000007:RUS:SEX_FMLE:AGEGROUP_YEARSUNDER5:WEALTHQUINTILE_TOTL,1975-01-01,2026-09-07T16:10:58Z,value,23.839857178,,who.gho.mdg-0000000007,raw/who.gho.mdg-0000000007/2026/09/20260907T161058Z-4d8f6ed35960.json.gz,2
who.gho.mdg-0000000007,MDG_0000000007:RUS:SEX_MLE:AGEGROUP_YEARSUNDER5:WEALTHQUINTILE_TOTL,1975-01-01,2026-09-07T16:11:18Z,high,33.048367536,,who.gho.mdg-0000000007,raw/who.gho.mdg-0000000007/2026/09/20260907T161118Z-85c02b5f4e3c.json.gz,2
who.gho.mdg-0000000007,MDG_0000000007:RUS:SEX_MLE:AGEGROUP_YEARSUNDER5:WEALTHQUINTILE_TOTL,1975-01-01,2026-09-07T16:11:18Z,low,29.502739333,,who.gho.mdg-0000000007,raw/who.gho.mdg-0000000007/2026/09/20260907T161118Z-85c02b5f4e3c.json.gz,2
who.gho.mdg-0000000007,MDG_0000000007:RUS:SEX_MLE:AGEGROUP_YEARSUNDER5:WEALTHQUINTILE_TOTL,1975-01-01,2026-09-07T16:11:18Z,restated_at,2026-08-05,,who.gho.mdg-0000000007,raw/who.gho.mdg-0000000007/2026/09/20260907T161118Z-85c02b5f4e3c.json.gz,2
who.gho.mdg-0000000007,MDG_0000000007:RUS:SEX_MLE:AGEGROUP_YEARSUNDER5:WEALTHQUINTILE_TOTL,1975-01-01,2026-09-07T16:11:18Z,value,31.216819844,,who.gho.mdg-0000000007,raw/who.gho.mdg-0000000007/2026/09/20260907T161118Z-85c02b5f4e3c.json.gz,2
who.gho.mdg-0000000007,MDG_0000000007:RWA:SEX_BTSX:AGEGROUP_YEARSUNDER5:WEALTHQUINTILE_TOTL,1975-01-01,2026-09-07T16:09:54Z,high,265.236718642,,who.gho.mdg-0000000007,raw/who.gho.mdg-0000000007/2026/09/20260907T160954Z-3426e3999bb4.json.gz,2
who.gho.mdg-0000000007,MDG_0000000007:RWA:SEX_BTSX:AGEGROUP_YEARSUNDER5:WEALTHQUINTILE_TOTL,1975-01-01,2026-09-07T16:09:54Z,low,227.232991048,,who.gho.mdg-0000000007,raw/who.gho.mdg-0000000007/2026/09/20260907T160954Z-3426e3999bb4.json.gz,2
who.gho.mdg-0000000007,MDG_0000000007:RWA:SEX_BTSX:AGEGROUP_YEARSUNDER5:WEALTHQUINTILE_TOTL,1975-01-01,2026-09-07T16:09:54Z,restated_at,2026-08-05,,who.gho.mdg-0000000007,raw/who.gho.mdg-0000000007/2026/09/20260907T160954Z-3426e3999bb4.json.gz,2
who.gho.mdg-0000000007,MDG_0000000007:RWA:SEX_BTSX:AGEGROUP_YEARSUNDER5:WEALTHQUINTILE_TOTL,1975-01-01,2026-09-07T16:09:54Z,value,245.415092206,,who.gho.mdg-0000000007,raw/who.gho.mdg-0000000007/2026/09/20260907T160954Z-3426e3999bb4.json.gz,2
who.gho.mdg-0000000007,MDG_0000000007:RWA:SEX_FMLE:AGEGROUP_YEARSUNDER5:WEALTHQUINTILE_TOTL,1975-01-01,2026-09-07T16:10:33Z,high,254.602023632,,who.gho.mdg-0000000007,raw/who.gho.mdg-0000000007/2026/09/20260907T161033Z-0396663e197a.json.gz,2
who.gho.mdg-0000000007,MDG_0000000007:RWA:SEX_FMLE:AGEGROUP_YEARSUNDER5:WEALTHQUINTILE_TOTL,1975-01-01,2026-09-07T16:10:33Z,low,216.965320272,,who.gho.mdg-0000000007,raw/who.gho.mdg-0000000007/2026/09/20260907T161033Z-0396663e197a.json.gz,2
who.gho.mdg-0000000007,MDG_0000000007:RWA:SEX_FMLE:AGEGROUP_YEARSUNDER5:WEALTHQUINTILE_TOTL,1975-01-01,2026-09-07T16:10:33Z,restated_at,2026-08-05,,who.gho.mdg-0000000007,raw/who.gho.mdg-0000000007/2026/09/20260907T161033Z-0396663e197a.json.gz,2
who.gho.mdg-0000000007,MDG_0000000007:RWA:SEX_FMLE:AGEGROUP_YEARSUNDER5:WEALTHQUINTILE_TOTL,1975-01-01,2026-09-07T16:10:33Z,value,234.994194886,,who.gho.mdg-0000000007,raw/who.gho.mdg-0000000007/2026/09/20260907T161033Z-0396663e197a.json.gz,2
who.gho.mdg-0000000007,MDG_0000000007:RWA:SEX_MLE:AGEGROUP_YEARSUNDER5:WEALTHQUINTILE_TOTL,1975-01-01,2026-09-07T16:09:22Z,high,276.816897497,,who.gho.mdg-0000000007,raw/who.gho.mdg-0000000007/2026/09/20260907T160922Z-b03be7779b07.json.gz,2
who.gho.mdg-0000000007,MDG_0000000007:RWA:SEX_MLE:AGEGROUP_YEARSUNDER5:WEALTHQUINTILE_TOTL,1975-01-01,2026-09-07T16:09:22Z,low,235.79333885,,who.gho.mdg-0000000007,raw/who.gho.mdg-0000000007/2026/09/20260907T160922Z-b03be7779b07.json.gz,2
who.gho.mdg-0000000007,MDG_0000000007:RWA:SEX_MLE:AGEGROUP_YEARSUNDER5:WEALTHQUINTILE_TOTL,1975-01-01,2026-09-07T16:09:22Z,restated_at,2026-08-05,,who.gho.mdg-0000000007,raw/who.gho.mdg-0000000007/2026/09/20260907T160922Z-b03be7779b07.json.gz,2
who.gho.mdg-0000000007,MDG_0000000007:RWA:SEX_MLE:AGEGROUP_YEARSUNDER5:WEALTHQUINTILE_TOTL,1975-01-01,2026-09-07T16:09:22Z,value,255.411362756,,who.gho.mdg-0000000007,raw/who.gho.mdg-0000000007/2026/09/20260907T160922Z-b03be7779b07.json.gz,2
who.gho.mdg-0000000007,MDG_0000000007:SAU:SEX_BTSX:AGEGROUP_YEARSUNDER5:WEALTHQUINTILE_TOTL,1975-01-01,2026-09-07T16:06:16Z,high,167.002055065,,who.gho.mdg-0000000007,raw/who.gho.mdg-0000000007/2026/09/20260907T160616Z-615f6bfccb87.json.gz,2
who.gho.mdg-0000000007,MDG_0000000007:SAU:SEX_BTSX:AGEGROUP_YEARSUNDER5:WEALTHQUINTILE_TOTL,1975-01-01,2026-09-07T16:06:16Z,low,102.681006235,,who.gho.mdg-0000000007,raw/who.gho.mdg-0000000007/2026/09/20260907T160616Z-615f6bfccb87.json.gz,2
who.gho.mdg-0000000007,MDG_0000000007:SAU:SEX_BTSX:AGEGROUP_YEARSUNDER5:WEALTHQUINTILE_TOTL,1975-01-01,2026-09-07T16:06:16Z,restated_at,2026-08-05,,who.gho.mdg-0000000007,raw/who.gho.mdg-0000000007/2026/09/20260907T160616Z-615f6bfccb87.json.gz,2
who.gho.mdg-0000000007,MDG_0000000007:SAU:SEX_BTSX:AGEGROUP_YEARSUNDER5:WEALTHQUINTILE_TOTL,1975-01-01,2026-09-07T16:06:16Z,value,130.392670632,,who.gho.mdg-0000000007,raw/who.gho.mdg-0000000007/2026/09/20260907T160616Z-615f6bfccb87.json.gz,2
who.gho.mdg-0000000007,MDG_0000000007:SAU:SEX_FMLE:AGEGROUP_YEARSUNDER5:WEALTHQUINTILE_TOTL,1975-01-01,2026-09-07T16:05:31Z,high,160.843796987,,who.gho.mdg-0000000007,raw/who.gho.mdg-0000000007/2026/09/20260907T160531Z-a90a9bba0858.json.gz,2
who.gho.mdg-0000000007,MDG_0000000007:SAU:SEX_FMLE:AGEGROUP_YEARSUNDER5:WEALTHQUINTILE_TOTL,1975-01-01,2026-09-07T16:05:31Z,low,97.920005098,,who.gho.mdg-0000000007,raw/who.gho.mdg-0000000007/2026/09/20260907T160531Z-a90a9bba0858.json.gz,2
who.gho.mdg-0000000007,MDG_0000000007:SAU:SEX_FMLE:AGEGROUP_YEARSUNDER5:WEALTHQUINTILE_TOTL,1975-01-01,2026-09-07T16:05:31Z,restated_at,2026-08-05,,who.gho.mdg-0000000007,raw/who.gho.mdg-0000000007/2026/09/20260907T160531Z-a90a9bba0858.json.gz,2
who.gho.mdg-0000000007,MDG_0000000007:SAU:SEX_FMLE:AGEGROUP_YEARSUNDER5:WEALTHQUINTILE_TOTL,1975-01-01,2026-09-07T16:05:31Z,value,124.905069268,,who.gho.mdg-0000000007,raw/who.gho.mdg-0000000007/2026/09/20260907T160531Z-a90a9bba0858.json.gz,2
who.gho.mdg-0000000007,MDG_0000000007:SAU:SEX_MLE:AGEGROUP_YEARSUNDER5:WEALTHQUINTILE_TOTL,1975-01-01,2026-09-07T16:08:59Z,high,173.898844787,,who.gho.mdg-0000000007,raw/who.gho.mdg-0000000007/2026/09/20260907T160859Z-81b3460c41a8.json.gz,2
who.gho.mdg-0000000007,MDG_0000000007:SAU:SEX_MLE:AGEGROUP_YEARSUNDER5:WEALTHQUINTILE_TOTL,1975-01-01,2026-09-07T16:08:59Z,low,106.48003451,,who.gho.mdg-0000000007,raw/who.gho.mdg-0000000007/2026/09/20260907T160859Z-81b3460c41a8.json.gz,2
who.gho.mdg-0000000007,MDG_0000000007:SAU:SEX_MLE:AGEGROUP_YEARSUNDER5:WEALTHQUINTILE_TOTL,1975-01-01,2026-09-07T16:08:59Z,restated_at,2026-08-05,,who.gho.mdg-0000000007,raw/who.gho.mdg-0000000007/2026/09/20260907T160859Z-81b3460c41a8.json.gz,2
who.gho.mdg-0000000007,MDG_0000000007:SAU:SEX_MLE:AGEGROUP_YEARSUNDER5:WEALTHQUINTILE_TOTL,1975-01-01,2026-09-07T16:08:59Z,value,135.584479918,,who.gho.mdg-0000000007,raw/who.gho.mdg-0000000007/2026/09/20260907T160859Z-81b3460c41a8.json.gz,2
who.gho.mdg-0000000007,MDG_0000000007:SDN:SEX_BTSX:AGEGROUP_YEARSUNDER5:WEALTHQUINTILE_TOTL,1975-01-01,2026-09-07T16:06:11Z,high,165.94099055,,who.gho.mdg-0000000007,raw/who.gho.mdg-0000000007/2026/09/20260907T160611Z-e868f3030ca5.json.gz,2
who.gho.mdg-0000000007,MDG_0000000007:SDN:SEX_BTSX:AGEGROUP_YEARSUNDER5:WEALTHQUINTILE_TOTL,1975-01-01,2026-09-07T16:06:11Z,low,142.636409542,,who.gho.mdg-0000000007,raw/who.gho.mdg-0000000007/2026/09/20260907T160611Z-e868f3030ca5.json.gz,2
who.gho.mdg-0000000007,MDG_0000000007:SDN:SEX_BTSX:AGEGROUP_YEARSUNDER5:WEALTHQUINTILE_TOTL,1975-01-01,2026-09-07T16:06:11Z,restated_at,2026-08-05,,who.gho.mdg-0000000007,raw/who.gho.mdg-0000000007/2026/09/20260907T160611Z-e868f3030ca5.json.gz,2
who.gho.mdg-0000000007,MDG_0000000007:SDN:SEX_BTSX:AGEGROUP_YEARSUNDER5:WEALTHQUINTILE_TOTL,1975-01-01,2026-09-07T16:06:11Z,value,153.87471482,,who.gho.mdg-0000000007,raw/who.gho.mdg-0000000007/2026/09/20260907T160611Z-e868f3030ca5.json.gz,2
who.gho.mdg-0000000007,MDG_0000000007:SDN:SEX_FMLE:AGEGROUP_YEARSUNDER5:WEALTHQUINTILE_TOTL,1975-01-01,2026-09-07T16:09:34Z,high,157.783810043,,who.gho.mdg-0000000007,raw/who.gho.mdg-0000000007/2026/09/20260907T160934Z-f7f0902b1194.json.gz,2
who.gho.mdg-0000000007,MDG_0000000007:SDN:SEX_FMLE:AGEGROUP_YEARSUNDER5:WEALTHQUINTILE_TOTL,1975-01-01,2026-09-07T16:09:34Z,low,134.788146594,,who.gho.mdg-0000000007,raw/who.gho.mdg-0000000007/2026/09/20260907T160934Z-f7f0902b1194.json.gz,2
who.gho.mdg-0000000007,MDG_0000000007:SDN:SEX_FMLE:AGEGROUP_YEARSUNDER5:WEALTHQUINTILE_TOTL,1975-01-01,2026-09-07T16:09:34Z,restated_at,2026-08-05,,who.gho.mdg-0000000007,raw/who.gho.mdg-0000000007/2026/09/20260907T160934Z-f7f0902b1194.json.gz,2
who.gho.mdg-0000000007,MDG_0000000007:SDN:SEX_FMLE:AGEGROUP_YEARSUNDER5:WEALTHQUINTILE_TOTL,1975-01-01,2026-09-07T16:09:34Z,value,146.039818016,,who.gho.mdg-0000000007,raw/who.gho.mdg-0000000007/2026/09/20260907T160934Z-f7f0902b1194.json.gz,2
who.gho.mdg-0000000007,MDG_0000000007:SDN:SEX_MLE:AGEGROUP_YEARSUNDER5:WEALTHQUINTILE_TOTL,1975-01-01,2026-09-07T16:11:14Z,high,174.443400642,,who.gho.mdg-0000000007,raw/who.gho.mdg-0000000007/2026/09/20260907T161114Z-c1ae2408f442.json.gz,2
who.gho.mdg-0000000007,MDG_0000000007:SDN:SEX_MLE:AGEGROUP_YEARSUNDER5:WEALTHQUINTILE_TOTL,1975-01-01,2026-09-07T16:11:14Z,low,149.022562491,,who.gho.mdg-0000000007,raw/who.gho.mdg-0000000007/2026/09/20260907T161114Z-c1ae2408f442.json.gz,2
who.gho.mdg-0000000007,MDG_0000000007:SDN:SEX_MLE:AGEGROUP_YEARSUNDER5:WEALTHQUINTILE_TOTL,1975-01-01,2026-09-07T16:11:14Z,restated_at,2026-08-05,,who.gho.mdg-0000000007,raw/who.gho.mdg-0000000007/2026/09/20260907T161114Z-c1ae2408f442.json.gz,2
who.gho.mdg-0000000007,MDG_0000000007:SDN:SEX_MLE:AGEGROUP_YEARSUNDER5:WEALTHQUINTILE_TOTL,1975-01-01,2026-09-07T16:11:14Z,value,161.312201043,,who.gho.mdg-0000000007,raw/who.gho.mdg-0000000007/2026/09/20260907T161114Z-c1ae2408f442.json.gz,2
who.gho.mdg-0000000007,MDG_0000000007:SEN:SEX_BTSX:AGEGROUP_YEARSUNDER5:WEALTHQUINTILE_TOTL,1975-01-01,2026-09-07T16:09:13Z,high,268.193459613,,who.gho.mdg-0000000007,raw/who.gho.mdg-0000000007/2026/09/20260907T160913Z-86e8fac132bd.json.gz,2
who.gho.mdg-0000000007,MDG_0000000007:SEN:SEX_BTSX:AGEGROUP_YEARSUNDER5:WEALTHQUINTILE_TOTL,1975-01-01,2026-09-07T16:09:13Z,low,237.23170596,,who.gho.mdg-0000000007,raw/who.gho.mdg-0000000007/2026/09/20260907T160913Z-86e8fac132bd.json.gz,2
who.gho.mdg-0000000007,MDG_0000000007:SEN:SEX_BTSX:AGEGROUP_YEARSUNDER5:WEALTHQUINTILE_TOTL,1975-01-01,2026-09-07T16:09:13Z,restated_at,2026-08-05,,who.gho.mdg-0000000007,raw/who.gho.mdg-0000000007/2026/09/20260907T160913Z-86e8fac132bd.json.gz,2
who.gho.mdg-0000000007,MDG_0000000007:SEN:SEX_BTSX:AGEGROUP_YEARSUNDER5:WEALTHQUINTILE_TOTL,1975-01-01,2026-09-07T16:09:13Z,value,252.708060236,,who.gho.mdg-0000000007,raw/who.gho.mdg-0000000007/2026/09/20260907T160913Z-86e8fac132bd.json.gz,2
who.gho.mdg-0000000007,MDG_0000000007:SEN:SEX_FMLE:AGEGROUP_YEARSUNDER5:WEALTHQUINTILE_TOTL,1975-01-01,2026-09-07T16:06:29Z,high,263.141466655,,who.gho.mdg-0000000007,raw/who.gho.mdg-0000000007/2026/09/20260907T160629Z-f6ed87825938.json.gz,2
who.gho.mdg-0000000007,MDG_0000000007:SEN:SEX_FMLE:AGEGROUP_YEARSUNDER5:WEALTHQUINTILE_TOTL,1975-01-01,2026-09-07T16:06:29Z,low,231.341974611,,who.gho.mdg-0000000007,raw/who.gho.mdg-0000000007/2026/09/20260907T160629Z-f6ed87825938.json.gz,2
who.gho.mdg-0000000007,MDG_0000000007:SEN:SEX_FMLE:AGEGROUP_YEARSUNDER5:WEALTHQUINTILE_TOTL,1975-01-01,2026-09-07T16:06:29Z,restated_at,2026-08-05,,who.gho.mdg-0000000007,raw/who.gho.mdg-0000000007/2026/09/20260907T160629Z-f6ed87825938.json.gz,2
who.gho.mdg-0000000007,MDG_0000000007:SEN:SEX_FMLE:AGEGROUP_YEARSUNDER5:WEALTHQUINTILE_TOTL,1975-01-01,2026-09-07T16:06:29Z,value,246.965733538,,who.gho.mdg-0000000007,raw/who.gho.mdg-0000000007/2026/09/20260907T160629Z-f6ed87825938.json.gz,2
who.gho.mdg-0000000007,MDG_0000000007:SEN:SEX_MLE:AGEGROUP_YEARSUNDER5:WEALTHQUINTILE_TOTL,1975-01-01,2026-09-07T16:05:18Z,high,274.468004596,,who.gho.mdg-0000000007,raw/who.gho.mdg-0000000007/2026/09/20260907T160518Z-f66c8acba372.json.gz,2
who.gho.mdg-0000000007,MDG_0000000007:SEN:SEX_MLE:AGEGROUP_YEARSUNDER5:WEALTHQUINTILE_TOTL,1975-01-01,2026-09-07T16:05:18Z,low,241.898880057,,who.gho.mdg-0000000007,raw/who.gho.mdg-0000000007/2026/09/20260907T160518Z-f66c8acba372.json.gz,2
who.gho.mdg-0000000007,MDG_0000000007:SEN:SEX_MLE:AGEGROUP_YEARSUNDER5:WEALTHQUINTILE_TOTL,1975-01-01,2026-09-07T16:05:18Z,restated_at,2026-08-05,,who.gho.mdg-0000000007,raw/who.gho.mdg-0000000007/2026/09/20260907T160518Z-f66c8acba372.json.gz,2
who.gho.mdg-0000000007,MDG_0000000007:SEN:SEX_MLE:AGEGROUP_YEARSUNDER5:WEALTHQUINTILE_TOTL,1975-01-01,2026-09-07T16:05:18Z,value,257.929031329,,who.gho.mdg-0000000007,raw/who.gho.mdg-0000000007/2026/09/20260907T160518Z-f66c8acba372.json.gz,2
who.gho.mdg-0000000007,MDG_0000000007:SGP:SEX_BTSX:AGEGROUP_YEARSUNDER5:WEALTHQUINTILE_TOTL,1975-01-01,2026-09-07T16:10:30Z,high,18.200770046,,who.gho.mdg-0000000007,raw/who.gho.mdg-0000000007/2026/09/20260907T161030Z-d2101d8df79b.json.gz,2
who.gho.mdg-0000000007,MDG_0000000007:SGP:SEX_BTSX:AGEGROUP_YEARSUNDER5:WEALTHQUINTILE_TOTL,1975-01-01,2026-09-07T16:10:30Z,low,16.907058458,,who.gho.mdg-0000000007,raw/who.gho.mdg-0000000007/2026/09/20260907T161030Z-d2101d8df79b.json.gz,2
who.gho.mdg-0000000007,MDG_0000000007:SGP:SEX_BTSX:AGEGROUP_YEARSUNDER5:WEALTHQUINTILE_TOTL,1975-01-01,2026-09-07T16:10:30Z,restated_at,2026-08-05,,who.gho.mdg-0000000007,raw/who.gho.mdg-0000000007/2026/09/20260907T161030Z-d2101d8df79b.json.gz,2
who.gho.mdg-0000000007,MDG_0000000007:SGP:SEX_BTSX:AGEGROUP_YEARSUNDER5:WEALTHQUINTILE_TOTL,1975-01-01,2026-09-07T16:10:30Z,value,17.566404095,,who.gho.mdg-0000000007,raw/who.gho.mdg-0000000007/2026/09/20260907T161030Z-d2101d8df79b.json.gz,2
who.gho.mdg-0000000007,MDG_0000000007:SGP:SEX_FMLE:AGEGROUP_YEARSUNDER5:WEALTHQUINTILE_TOTL,1975-01-01,2026-09-07T16:05:26Z,high,16.069888855,,who.gho.mdg-0000000007,raw/who.gho.mdg-0000000007/2026/09/20260907T160526Z-1363df2b3da0.json.gz,2
who.gho.mdg-0000000007,MDG_0000000007:SGP:SEX_FMLE:AGEGROUP_YEARSUNDER5:WEALTHQUINTILE_TOTL,1975-01-01,2026-09-07T16:05:26Z,low,14.795268607,,who.gho.mdg-0000000007,raw/who.gho.mdg-0000000007/2026/09/20260907T160526Z-1363df2b3da0.json.gz,2
who.gho.mdg-0000000007,MDG_0000000007:SGP:SEX_FMLE:AGEGROUP_YEARSUNDER5:WEALTHQUINTILE_TOTL,1975-01-01,2026-09-07T16:05:26Z,restated_at,2026-08-05,,who.gho.mdg-0000000007,raw/who.gho.mdg-0000000007/2026/09/20260907T160526Z-1363df2b3da0.json.gz,2
who.gho.mdg-0000000007,MDG_0000000007:SGP:SEX_FMLE:AGEGROUP_YEARSUNDER5:WEALTHQUINTILE_TOTL,1975-01-01,2026-09-07T16:05:26Z,value,15.43407045,,who.gho.mdg-0000000007,raw/who.gho.mdg-0000000007/2026/09/20260907T160526Z-1363df2b3da0.json.gz,2
who.gho.mdg-0000000007,MDG_0000000007:SGP:SEX_MLE:AGEGROUP_YEARSUNDER5:WEALTHQUINTILE_TOTL,1975-01-01,2026-09-07T16:05:52Z,high,20.353764202,,who.gho.mdg-0000000007,raw/who.gho.mdg-0000000007/2026/09/20260907T160552Z-f44dce2e8a23.json.gz,2
who.gho.mdg-0000000007,MDG_0000000007:SGP:SEX_MLE:AGEGROUP_YEARSUNDER5:WEALTHQUINTILE_TOTL,1975-01-01,2026-09-07T16:05:52Z,low,18.809814186,,who.gho.mdg-0000000007,raw/who.gho.mdg-0000000007/2026/09/20260907T160552Z-f44dce2e8a23.json.gz,2
who.gho.mdg-0000000007,MDG_0000000007:SGP:SEX_MLE:AGEGROUP_YEARSUNDER5:WEALTHQUINTILE_TOTL,1975-01-01,2026-09-07T16:05:52Z,restated_at,2026-08-05,,who.gho.mdg-0000000007,raw/who.gho.mdg-0000000007/2026/09/20260907T160552Z-f44dce2e8a23.json.gz,2
who.gho.mdg-0000000007,MDG_0000000007:SGP:SEX_MLE:AGEGROUP_YEARSUNDER5:WEALTHQUINTILE_TOTL,1975-01-01,2026-09-07T16:05:52Z,value,19.60383975,,who.gho.mdg-0000000007,raw/who.gho.mdg-0000000007/2026/09/20260907T160552Z-f44dce2e8a23.json.gz,2
who.gho.mdg-0000000007,MDG_0000000007:SLB:SEX_BTSX:AGEGROUP_YEARSUNDER5:WEALTHQUINTILE_TOTL,1975-01-01,2026-09-07T16:05:01Z,high,92.472417176,,who.gho.mdg-0000000007,raw/who.gho.mdg-0000000007/2026/09/20260907T160501Z-2d19e1a5feef.json.gz,2
who.gho.mdg-0000000007,MDG_0000000007:SLB:SEX_BTSX:AGEGROUP_YEARSUNDER5:WEALTHQUINTILE_TOTL,1975-01-01,2026-09-07T16:05:01Z,low,66.321492159,,who.gho.mdg-0000000007,raw/who.gho.mdg-0000000007/2026/09/20260907T160501Z-2d19e1a5feef.json.gz,2
who.gho.mdg-0000000007,MDG_0000000007:SLB:SEX_BTSX:AGEGROUP_YEARSUNDER5:WEALTHQUINTILE_TOTL,1975-01-01,2026-09-07T16:05:01Z,restated_at,2026-08-05,,who.gho.mdg-0000000007,raw/who.gho.mdg-0000000007/2026/09/20260907T160501Z-2d19e1a5feef.json.gz,2
who.gho.mdg-0000000007,MDG_0000000007:SLB:SEX_BTSX:AGEGROUP_YEARSUNDER5:WEALTHQUINTILE_TOTL,1975-01-01,2026-09-07T16:05:01Z,value,78.781094955,,who.gho.mdg-0000000007,raw/who.gho.mdg-0000000007/2026/09/20260907T160501Z-2d19e1a5feef.json.gz,2
who.gho.mdg-0000000007,MDG_0000000007:SLB:SEX_FMLE:AGEGROUP_YEARSUNDER5:WEALTHQUINTILE_TOTL,1975-01-01,2026-09-07T16:09:59Z,high,87.486118034,,who.gho.mdg-0000000007,raw/who.gho.mdg-0000000007/2026/09/20260907T160959Z-e41937f31aea.json.gz,2
who.gho.mdg-0000000007,MDG_0000000007:SLB:SEX_FMLE:AGEGROUP_YEARSUNDER5:WEALTHQUINTILE_TOTL,1975-01-01,2026-09-07T16:09:59Z,low,62.189063544,,who.gho.mdg-0000000007,raw/who.gho.mdg-0000000007/2026/09/20260907T160959Z-e41937f31aea.json.gz,2
who.gho.mdg-0000000007,MDG_0000000007:SLB:SEX_FMLE:AGEGROUP_YEARSUNDER5:WEALTHQUINTILE_TOTL,1975-01-01,2026-09-07T16:09:59Z,restated_at,2026-08-05,,who.gho.mdg-0000000007,raw/who.gho.mdg-0000000007/2026/09/20260907T160959Z-e41937f31aea.json.gz,2
who.gho.mdg-0000000007,MDG_0000000007:SLB:SEX_FMLE:AGEGROUP_YEARSUNDER5:WEALTHQUINTILE_TOTL,1975-01-01,2026-09-07T16:09:59Z,value,74.304703393,,who.gho.mdg-0000000007,raw/who.gho.mdg-0000000007/2026/09/20260907T160959Z-e41937f31aea.json.gz,2
who.gho.mdg-0000000007,MDG_0000000007:SLB:SEX_MLE:AGEGROUP_YEARSUNDER5:WEALTHQUINTILE_TOTL,1975-01-01,2026-09-07T16:09:59Z,high,97.976007237,,who.gho.mdg-0000000007,raw/who.gho.mdg-0000000007/2026/09/20260907T160959Z-e41937f31aea.json.gz,2
who.gho.mdg-0000000007,MDG_0000000007:SLB:SEX_MLE:AGEGROUP_YEARSUNDER5:WEALTHQUINTILE_TOTL,1975-01-01,2026-09-07T16:09:59Z,low,69.750726123,,who.gho.mdg-0000000007,raw/who.gho.mdg-0000000007/2026/09/20260907T160959Z-e41937f31aea.json.gz,2
who.gho.mdg-0000000007,MDG_0000000007:SLB:SEX_MLE:AGEGROUP_YEARSUNDER5:WEALTHQUINTILE_TOTL,1975-01-01,2026-09-07T16:09:59Z,restated_at,2026-08-05,,who.gho.mdg-0000000007,raw/who.gho.mdg-0000000007/2026/09/20260907T160959Z-e41937f31aea.json.gz,2
who.gho.mdg-0000000007,MDG_0000000007:SLB:SEX_MLE:AGEGROUP_YEARSUNDER5:WEALTHQUINTILE_TOTL,1975-01-01,2026-09-07T16:09:59Z,value,83.08433479,,who.gho.mdg-0000000007,raw/who.gho.mdg-0000000007/2026/09/20260907T160959Z-e41937f31aea.json.gz,2
who.gho.mdg-0000000007,MDG_0000000007:SLE:SEX_BTSX:AGEGROUP_YEARSUNDER5:WEALTHQUINTILE_TOTL,1975-01-01,2026-09-07T16:06:26Z,high,338.601081725,,who.gho.mdg-0000000007,raw/who.gho.mdg-0000000007/2026/09/20260907T160626Z-083ef708c2ee.json.gz,2
who.gho.mdg-0000000007,MDG_0000000007:SLE:SEX_BTSX:AGEGROUP_YEARSUNDER5:WEALTHQUINTILE_TOTL,1975-01-01,2026-09-07T16:06:26Z,low,277.56288683,,who.gho.mdg-0000000007,raw/who.gho.mdg-0000000007/2026/09/20260907T160626Z-083ef708c2ee.json.gz,2
who.gho.mdg-0000000007,MDG_0000000007:SLE:SEX_BTSX:AGEGROUP_YEARSUNDER5:WEALTHQUINTILE_TOTL,1975-01-01,2026-09-07T16:06:26Z,restated_at,2026-08-05,,who.gho.mdg-0000000007,raw/who.gho.mdg-0000000007/2026/09/20260907T160626Z-083ef708c2ee.json.gz,2
who.gho.mdg-0000000007,MDG_0000000007:SLE:SEX_BTSX:AGEGROUP_YEARSUNDER5:WEALTHQUINTILE_TOTL,1975-01-01,2026-09-07T16:06:26Z,value,307.151149215,,who.gho.mdg-0000000007,raw/who.gho.mdg-0000000007/2026/09/20260907T160626Z-083ef708c2ee.json.gz,2
who.gho.mdg-0000000007,MDG_0000000007:SLE:SEX_FMLE:AGEGROUP_YEARSUNDER5:WEALTHQUINTILE_TOTL,1975-01-01,2026-09-07T16:11:06Z,high,326.394966033,,who.gho.mdg-0000000007,raw/who.gho.mdg-0000000007/2026/09/20260907T161106Z-078c7101acce.json.gz,2
who.gho.mdg-0000000007,MDG_0000000007:SLE:SEX_FMLE:AGEGROUP_YEARSUNDER5:WEALTHQUINTILE_TOTL,1975-01-01,2026-09-07T16:11:06Z,low,264.941997762,,who.gho.mdg-0000000007,raw/who.gho.mdg-0000000007/2026/09/20260907T161106Z-078c7101acce.json.gz,2
who.gho.mdg-0000000007,MDG_0000000007:SLE:SEX_FMLE:AGEGROUP_YEARSUNDER5:WEALTHQUINTILE_TOTL,1975-01-01,2026-09-07T16:11:06Z,restated_at,2026-08-05,,who.gho.mdg-0000000007,raw/who.gho.mdg-0000000007/2026/09/20260907T161106Z-078c7101acce.json.gz,2
who.gho.mdg-0000000007,MDG_0000000007:SLE:SEX_FMLE:AGEGROUP_YEARSUNDER5:WEALTHQUINTILE_TOTL,1975-01-01,2026-09-07T16:11:06Z,value,294.640085297,,who.gho.mdg-0000000007,raw/who.gho.mdg-0000000007/2026/09/20260907T161106Z-078c7101acce.json.gz,2
who.gho.mdg-0000000007,MDG_0000000007:SLE:SEX_MLE:AGEGROUP_YEARSUNDER5:WEALTHQUINTILE_TOTL,1975-01-01,2026-09-07T16:09:13Z,high,352.800931047,,who.gho.mdg-0000000007,raw/who.gho.mdg-0000000007/2026/09/20260907T160913Z-86e8fac132bd.json.gz,2
who.gho.mdg-0000000007,MDG_0000000007:SLE:SEX_MLE:AGEGROUP_YEARSUNDER5:WEALTHQUINTILE_TOTL,1975-01-01,2026-09-07T16:09:13Z,low,287.444657144,,who.gho.mdg-0000000007,raw/who.gho.mdg-0000000007/2026/09/20260907T160913Z-86e8fac132bd.json.gz,2
who.gho.mdg-0000000007,MDG_0000000007:SLE:SEX_MLE:AGEGROUP_YEARSUNDER5:WEALTHQUINTILE_TOTL,1975-01-01,2026-09-07T16:09:13Z,restated_at,2026-08-05,,who.gho.mdg-0000000007,raw/who.gho.mdg-0000000007/2026/09/20260907T160913Z-86e8fac132bd.json.gz,2
who.gho.mdg-0000000007,MDG_0000000007:SLE:SEX_MLE:AGEGROUP_YEARSUNDER5:WEALTHQUINTILE_TOTL,1975-01-01,2026-09-07T16:09:13Z,value,318.885740292,,who.gho.mdg-0000000007,raw/who.gho.mdg-0000000007/2026/09/20260907T160913Z-86e8fac132bd.json.gz,2
who.gho.mdg-0000000007,MDG_0000000007:SLV:SEX_BTSX:AGEGROUP_YEARSUNDER5:WEALTHQUINTILE_TOTL,1975-01-01,2026-09-07T16:05:18Z,high,154.334201517,,who.gho.mdg-0000000007,raw/who.gho.mdg-0000000007/2026/09/20260907T160518Z-f66c8acba372.json.gz,2
who.gho.mdg-0000000007,MDG_0000000007:SLV:SEX_BTSX:AGEGROUP_YEARSUNDER5:WEALTHQUINTILE_TOTL,1975-01-01,2026-09-07T16:05:18Z,low,119.41652175,,who.gho.mdg-0000000007,raw/who.gho.mdg-0000000007/2026/09/20260907T160518Z-f66c8acba372.json.gz,2
who.gho.mdg-0000000007,MDG_0000000007:SLV:SEX_BTSX:AGEGROUP_YEARSUNDER5:WEALTHQUINTILE_TOTL,1975-01-01,2026-09-07T16:05:18Z,restated_at,2026-08-05,,who.gho.mdg-0000000007,raw/who.gho.mdg-0000000007/2026/09/20260907T160518Z-f66c8acba372.json.gz,2
who.gho.mdg-0000000007,MDG_0000000007:SLV:SEX_BTSX:AGEGROUP_YEARSUNDER5:WEALTHQUINTILE_TOTL,1975-01-01,2026-09-07T16:05:18Z,value,134.880912132,,who.gho.mdg-0000000007,raw/who.gho.mdg-0000000007/2026/09/20260907T160518Z-f66c8acba372.json.gz,2
who.gho.mdg-0000000007,MDG_0000000007:SLV:SEX_FMLE:AGEGROUP_YEARSUNDER5:WEALTHQUINTILE_TOTL,1975-01-01,2026-09-07T16:04:52Z,high,145.323733032,,who.gho.mdg-0000000007,raw/who.gho.mdg-0000000007/2026/09/20260907T160452Z-cad637d9cec2.json.gz,2
who.gho.mdg-0000000007,MDG_0000000007:SLV:SEX_FMLE:AGEGROUP_YEARSUNDER5:WEALTHQUINTILE_TOTL,1975-01-01,2026-09-07T16:04:52Z,low,110.627489486,,who.gho.mdg-0000000007,raw/who.gho.mdg-0000000007/2026/09/20260907T160452Z-cad637d9cec2.json.gz,2
who.gho.mdg-0000000007,MDG_0000000007:SLV:SEX_FMLE:AGEGROUP_YEARSUNDER5:WEALTHQUINTILE_TOTL,1975-01-01,2026-09-07T16:04:52Z,restated_at,2026-08-05,,who.gho.mdg-0000000007,raw/who.gho.mdg-0000000007/2026/09/20260907T160452Z-cad637d9cec2.json.gz,2
who.gho.mdg-0000000007,MDG_0000000007:SLV:SEX_FMLE:AGEGROUP_YEARSUNDER5:WEALTHQUINTILE_TOTL,1975-01-01,2026-09-07T16:04:52Z,value,126.032027333,,who.gho.mdg-0000000007,raw/who.gho.mdg-0000000007/2026/09/20260907T160452Z-cad637d9cec2.json.gz,2
who.gho.mdg-0000000007,MDG_0000000007:SLV:SEX_MLE:AGEGROUP_YEARSUNDER5:WEALTHQUINTILE_TOTL,1975-01-01,2026-09-07T16:06:29Z,high,164.720105477,,who.gho.mdg-0000000007,raw/who.gho.mdg-0000000007/2026/09/20260907T160629Z-f6ed87825938.json.gz,2
who.gho.mdg-0000000007,MDG_0000000007:SLV:SEX_MLE:AGEGROUP_YEARSUNDER5:WEALTHQUINTILE_TOTL,1975-01-01,2026-09-07T16:06:29Z,low,126.42560478,,who.gho.mdg-0000000007,raw/who.gho.mdg-0000000007/2026/09/20260907T160629Z-f6ed87825938.json.gz,2
who.gho.mdg-0000000007,MDG_0000000007:SLV:SEX_MLE:AGEGROUP_YEARSUNDER5:WEALTHQUINTILE_TOTL,1975-01-01,2026-09-07T16:06:29Z,restated_at,2026-08-05,,who.gho.mdg-0000000007,raw/who.gho.mdg-0000000007/2026/09/20260907T160629Z-f6ed87825938.json.gz,2
who.gho.mdg-0000000007,MDG_0000000007:SLV:SEX_MLE:AGEGROUP_YEARSUNDER5:WEALTHQUINTILE_TOTL,1975-01-01,2026-09-07T16:06:29Z,value,143.243407134,,who.gho.mdg-0000000007,raw/who.gho.mdg-0000000007/2026/09/20260907T160629Z-f6ed87825938.json.gz,2
who.gho.mdg-0000000007,MDG_0000000007:SSD:SEX_BTSX:AGEGROUP_YEARSUNDER5:WEALTHQUINTILE_TOTL,1975-01-01,2026-09-07T16:09:18Z,high,411.013479782,,who.gho.mdg-0000000007,raw/who.gho.mdg-0000000007/2026/09/20260907T160918Z-1f3ac080847d.json.gz,2
who.gho.mdg-0000000007,MDG_0000000007:SSD:SEX_BTSX:AGEGROUP_YEARSUNDER5:WEALTHQUINTILE_TOTL,1975-01-01,2026-09-07T16:09:18Z,low,225.56462956,,who.gho.mdg-0000000007,raw/who.gho.mdg-0000000007/2026/09/20260907T160918Z-1f3ac080847d.json.gz,2
who.gho.mdg-0000000007,MDG_0000000007:SSD:SEX_BTSX:AGEGROUP_YEARSUNDER5:WEALTHQUINTILE_TOTL,1975-01-01,2026-09-07T16:09:18Z,restated_at,2026-08-05,,who.gho.mdg-0000000007,raw/who.gho.mdg-0000000007/2026/09/20260907T160918Z-1f3ac080847d.json.gz,2
who.gho.mdg-0000000007,MDG_0000000007:SSD:SEX_BTSX:AGEGROUP_YEARSUNDER5:WEALTHQUINTILE_TOTL,1975-01-01,2026-09-07T16:09:18Z,value,303.854431952,,who.gho.mdg-0000000007,raw/who.gho.mdg-0000000007/2026/09/20260907T160918Z-1f3ac080847d.json.gz,2
who.gho.mdg-0000000007,MDG_0000000007:SSD:SEX_FMLE:AGEGROUP_YEARSUNDER5:WEALTHQUINTILE_TOTL,1975-01-01,2026-09-07T16:11:06Z,high,403.323508118,,who.gho.mdg-0000000007,raw/who.gho.mdg-0000000007/2026/09/20260907T161106Z-078c7101acce.json.gz,2
who.gho.mdg-0000000007,MDG_0000000007:SSD:SEX_FMLE:AGEGROUP_YEARSUNDER5:WEALTHQUINTILE_TOTL,1975-01-01,2026-09-07T16:11:06Z,low,218.927373372,,who.gho.mdg-0000000007,raw/who.gho.mdg-0000000007/2026/09/20260907T161106Z-078c7101acce.json.gz,2
who.gho.mdg-0000000007,MDG_0000000007:SSD:SEX_FMLE:AGEGROUP_YEARSUNDER5:WEALTHQUINTILE_TOTL,1975-01-01,2026-09-07T16:11:06Z,restated_at,2026-08-05,,who.gho.mdg-0000000007,raw/who.gho.mdg-0000000007/2026/09/20260907T161106Z-078c7101acce.json.gz,2
who.gho.mdg-0000000007,MDG_0000000007:SSD:SEX_FMLE:AGEGROUP_YEARSUNDER5:WEALTHQUINTILE_TOTL,1975-01-01,2026-09-07T16:11:06Z,value,297.352339193,,who.gho.mdg-0000000007,raw/who.gho.mdg-0000000007/2026/09/20260907T161106Z-078c7101acce.json.gz,2
who.gho.mdg-0000000007,MDG_0000000007:SSD:SEX_MLE:AGEGROUP_YEARSUNDER5:WEALTHQUINTILE_TOTL,1975-01-01,2026-09-07T16:06:21Z,high,419.801086528,,who.gho.mdg-0000000007,raw/who.gho.mdg-0000000007/2026/09/20260907T160621Z-1819ad2538c7.json.gz,2
who.gho.mdg-0000000007,MDG_0000000007:SSD:SEX_MLE:AGEGROUP_YEARSUNDER5:WEALTHQUINTILE_TOTL,1975-01-01,2026-09-07T16:06:21Z,low,228.732527098,,who.gho.mdg-0000000007,raw/who.gho.mdg-0000000007/2026/09/20260907T160621Z-1819ad2538c7.json.gz,2
who.gho.mdg-0000000007,MDG_0000000007:SSD:SEX_MLE:AGEGROUP_YEARSUNDER5:WEALTHQUINTILE_TOTL,1975-01-01,2026-09-07T16:06:21Z,restated_at,2026-08-05,,who.gho.mdg-0000000007,raw/who.gho.mdg-0000000007/2026/09/20260907T160621Z-1819ad2538c7.json.gz,2
who.gho.mdg-0000000007,MDG_0000000007:SSD:SEX_MLE:AGEGROUP_YEARSUNDER5:WEALTHQUINTILE_TOTL,1975-01-01,2026-09-07T16:06:21Z,value,309.842537403,,who.gho.mdg-0000000007,raw/who.gho.mdg-0000000007/2026/09/20260907T160621Z-1819ad2538c7.json.gz,2
who.gho.mdg-0000000007,MDG_0000000007:STP:SEX_BTSX:AGEGROUP_YEARSUNDER5:WEALTHQUINTILE_TOTL,1975-01-01,2026-09-07T16:10:07Z,high,108.062448196,,who.gho.mdg-0000000007,raw/who.gho.mdg-0000000007/2026/09/20260907T161007Z-28c6cde3082c.json.gz,2
who.gho.mdg-0000000007,MDG_0000000007:STP:SEX_BTSX:AGEGROUP_YEARSUNDER5:WEALTHQUINTILE_TOTL,1975-01-01,2026-09-07T16:10:07Z,low,72.884903304,,who.gho.mdg-0000000007,raw/who.gho.mdg-0000000007/2026/09/20260907T161007Z-28c6cde3082c.json.gz,2
who.gho.mdg-0000000007,MDG_0000000007:STP:SEX_BTSX:AGEGROUP_YEARSUNDER5:WEALTHQUINTILE_TOTL,1975-01-01,2026-09-07T16:10:07Z,restated_at,2026-08-05,,who.gho.mdg-0000000007,raw/who.gho.mdg-0000000007/2026/09/20260907T161007Z-28c6cde3082c.json.gz,2
who.gho.mdg-0000000007,MDG_0000000007:STP:SEX_BTSX:AGEGROUP_YEARSUNDER5:WEALTHQUINTILE_TOTL,1975-01-01,2026-09-07T16:10:07Z,value,88.607132303,,who.gho.mdg-0000000007,raw/who.gho.mdg-0000000007/2026/09/20260907T161007Z-28c6cde3082c.json.gz,2
who.gho.mdg-0000000007,MDG_0000000007:STP:SEX_FMLE:AGEGROUP_YEARSUNDER5:WEALTHQUINTILE_TOTL,1975-01-01,2026-09-07T16:09:26Z,high,102.032063285,,who.gho.mdg-0000000007,raw/who.gho.mdg-0000000007/2026/09/20260907T160926Z-3ee37906b339.json.gz,2
who.gho.mdg-0000000007,MDG_0000000007:STP:SEX_FMLE:AGEGROUP_YEARSUNDER5:WEALTHQUINTILE_TOTL,1975-01-01,2026-09-07T16:09:26Z,low,68.385124004,,who.gho.mdg-0000000007,raw/who.gho.mdg-0000000007/2026/09/20260907T160926Z-3ee37906b339.json.gz,2
who.gho.mdg-0000000007,MDG_0000000007:STP:SEX_FMLE:AGEGROUP_YEARSUNDER5:WEALTHQUINTILE_TOTL,1975-01-01,2026-09-07T16:09:26Z,restated_at,2026-08-05,,who.gho.mdg-0000000007,raw/who.gho.mdg-0000000007/2026/09/20260907T160926Z-3ee37906b339.json.gz,2
who.gho.mdg-0000000007,MDG_0000000007:STP:SEX_FMLE:AGEGROUP_YEARSUNDER5:WEALTHQUINTILE_TOTL,1975-01-01,2026-09-07T16:09:26Z,value,83.261294566,,who.gho.mdg-0000000007,raw/who.gho.mdg-0000000007/2026/09/20260907T160926Z-3ee37906b339.json.gz,2
who.gho.mdg-0000000007,MDG_0000000007:STP:SEX_MLE:AGEGROUP_YEARSUNDER5:WEALTHQUINTILE_TOTL,1975-01-01,2026-09-07T16:05:48Z,high,114.372663805,,who.gho.mdg-0000000007,raw/who.gho.mdg-0000000007/2026/09/20260907T160548Z-1609a76f5ecc.json.gz,2
who.gho.mdg-0000000007,MDG_0000000007:STP:SEX_MLE:AGEGROUP_YEARSUNDER5:WEALTHQUINTILE_TOTL,1975-01-01,2026-09-07T16:05:48Z,low,76.663936484,,who.gho.mdg-0000000007,raw/who.gho.mdg-0000000007/2026/09/20260907T160548Z-1609a76f5ecc.json.gz,2
who.gho.mdg-0000000007,MDG_0000000007:STP:SEX_MLE:AGEGROUP_YEARSUNDER5:WEALTHQUINTILE_TOTL,1975-01-01,2026-09-07T16:05:48Z,restated_at,2026-08-05,,who.gho.mdg-0000000007,raw/who.gho.mdg-0000000007/2026/09/20260907T160548Z-1609a76f5ecc.json.gz,2
who.gho.mdg-0000000007,MDG_0000000007:STP:SEX_MLE:AGEGROUP_YEARSUNDER5:WEALTHQUINTILE_TOTL,1975-01-01,2026-09-07T16:05:48Z,value,93.732409066,,who.gho.mdg-0000000007,raw/who.gho.mdg-0000000007/2026/09/20260907T160548Z-1609a76f5ecc.json.gz,2
who.gho.mdg-0000000007,MDG_0000000007:SVK:SEX_BTSX:AGEGROUP_YEARSUNDER5:WEALTHQUINTILE_TOTL,1975-01-01,2026-09-07T16:09:54Z,high,28.82152041,,who.gho.mdg-0000000007,raw/who.gho.mdg-0000000007/2026/09/20260907T160954Z-3426e3999bb4.json.gz,2
who.gho.mdg-0000000007,MDG_0000000007:SVK:SEX_BTSX:AGEGROUP_YEARSUNDER5:WEALTHQUINTILE_TOTL,1975-01-01,2026-09-07T16:09:54Z,low,25.625887382,,who.gho.mdg-0000000007,raw/who.gho.mdg-0000000007/2026/09/20260907T160954Z-3426e3999bb4.json.gz,2
who.gho.mdg-0000000007,MDG_0000000007:SVK:SEX_BTSX:AGEGROUP_YEARSUNDER5:WEALTHQUINTILE_TOTL,1975-01-01,2026-09-07T16:09:54Z,restated_at,2026-08-05,,who.gho.mdg-0000000007,raw/who.gho.mdg-0000000007/2026/09/20260907T160954Z-3426e3999bb4.json.gz,2
who.gho.mdg-0000000007,MDG_0000000007:SVK:SEX_BTSX:AGEGROUP_YEARSUNDER5:WEALTHQUINTILE_TOTL,1975-01-01,2026-09-07T16:09:54Z,value,27.159790394,,who.gho.mdg-0000000007,raw/who.gho.mdg-0000000007/2026/09/20260907T160954Z-3426e3999bb4.json.gz,2
who.gho.mdg-0000000007,MDG_0000000007:SVK:SEX_FMLE:AGEGROUP_YEARSUNDER5:WEALTHQUINTILE_TOTL,1975-01-01,2026-09-07T16:08:38Z,high,25.376509463,,who.gho.mdg-0000000007,raw/who.gho.mdg-0000000007/2026/09/20260907T160838Z-ad9f959b97c6.json.gz,2
who.gho.mdg-0000000007,MDG_0000000007:SVK:SEX_FMLE:AGEGROUP_YEARSUNDER5:WEALTHQUINTILE_TOTL,1975-01-01,2026-09-07T16:08:38Z,low,22.160225713,,who.gho.mdg-0000000007,raw/who.gho.mdg-0000000007/2026/09/20260907T160838Z-ad9f959b97c6.json.gz,2
who.gho.mdg-0000000007,MDG_0000000007:SVK:SEX_FMLE:AGEGROUP_YEARSUNDER5:WEALTHQUINTILE_TOTL,1975-01-01,2026-09-07T16:08:38Z,restated_at,2026-08-05,,who.gho.mdg-0000000007,raw/who.gho.mdg-0000000007/2026/09/20260907T160838Z-ad9f959b97c6.json.gz,2
who.gho.mdg-0000000007,MDG_0000000007:SVK:SEX_FMLE:AGEGROUP_YEARSUNDER5:WEALTHQUINTILE_TOTL,1975-01-01,2026-09-07T16:08:38Z,value,23.694774051,,who.gho.mdg-0000000007,raw/who.gho.mdg-0000000007/2026/09/20260907T160838Z-ad9f959b97c6.json.gz,2
who.gho.mdg-0000000007,MDG_0000000007:SVK:SEX_MLE:AGEGROUP_YEARSUNDER5:WEALTHQUINTILE_TOTL,1975-01-01,2026-09-07T16:08:50Z,high,32.508794242,,who.gho.mdg-0000000007,raw/who.gho.mdg-0000000007/2026/09/20260907T160850Z-957169f3a50e.json.gz,2
who.gho.mdg-0000000007,MDG_0000000007:SVK:SEX_MLE:AGEGROUP_YEARSUNDER5:WEALTHQUINTILE_TOTL,1975-01-01,2026-09-07T16:08:50Z,low,28.568714305,,who.gho.mdg-0000000007,raw/who.gho.mdg-0000000007/2026/09/20260907T160850Z-957169f3a50e.json.gz,2
who.gho.mdg-0000000007,MDG_0000000007:SVK:SEX_MLE:AGEGROUP_YEARSUNDER5:WEALTHQUINTILE_TOTL,1975-01-01,2026-09-07T16:08:50Z,restated_at,2026-08-05,,who.gho.mdg-0000000007,raw/who.gho.mdg-0000000007/2026/09/20260907T160850Z-957169f3a50e.json.gz,2
who.gho.mdg-0000000007,MDG_0000000007:SVK:SEX_MLE:AGEGROUP_YEARSUNDER5:WEALTHQUINTILE_TOTL,1975-01-01,2026-09-07T16:08:50Z,value,30.449020504,,who.gho.mdg-0000000007,raw/who.gho.mdg-0000000007/2026/09/20260907T160850Z-957169f3a50e.json.gz,2
who.gho.mdg-0000000007,MDG_0000000007:SWE:SEX_BTSX:AGEGROUP_YEARSUNDER5:WEALTHQUINTILE_TOTL,1975-01-01,2026-09-07T16:09:51Z,high,10.597150132,,who.gho.mdg-0000000007,raw/who.gho.mdg-0000000007/2026/09/20260907T160951Z-f1aadb832125.json.gz,2
who.gho.mdg-0000000007,MDG_0000000007:SWE:SEX_BTSX:AGEGROUP_YEARSUNDER5:WEALTHQUINTILE_TOTL,1975-01-01,2026-09-07T16:09:51Z,low,10.092651849,,who.gho.mdg-0000000007,raw/who.gho.mdg-0000000007/2026/09/20260907T160951Z-f1aadb832125.json.gz,2
who.gho.mdg-0000000007,MDG_0000000007:SWE:SEX_BTSX:AGEGROUP_YEARSUNDER5:WEALTHQUINTILE_TOTL,1975-01-01,2026-09-07T16:09:51Z,restated_at,2026-08-05,,who.gho.mdg-0000000007,raw/who.gho.mdg-0000000007/2026/09/20260907T160951Z-f1aadb832125.json.gz,2
who.gho.mdg-0000000007,MDG_0000000007:SWE:SEX_BTSX:AGEGROUP_YEARSUNDER5:WEALTHQUINTILE_TOTL,1975-01-01,2026-09-07T16:09:51Z,value,10.344958186,,who.gho.mdg-0000000007,raw/who.gho.mdg-0000000007/2026/09/20260907T160951Z-f1aadb832125.json.gz,2
who.gho.mdg-0000000007,MDG_0000000007:SWE:SEX_FMLE:AGEGROUP_YEARSUNDER5:WEALTHQUINTILE_TOTL,1975-01-01,2026-09-07T16:09:13Z,high,9.301837577,,who.gho.mdg-0000000007,raw/who.gho.mdg-0000000007/2026/09/20260907T160913Z-86e8fac132bd.json.gz,2
who.gho.mdg-0000000007,MDG_0000000007:SWE:SEX_FMLE:AGEGROUP_YEARSUNDER5:WEALTHQUINTILE_TOTL,1975-01-01,2026-09-07T16:09:13Z,low,8.750414355,,who.gho.mdg-0000000007,raw/who.gho.mdg-0000000007/2026/09/20260907T160913Z-86e8fac132bd.json.gz,2
who.gho.mdg-0000000007,MDG_0000000007:SWE:SEX_FMLE:AGEGROUP_YEARSUNDER5:WEALTHQUINTILE_TOTL,1975-01-01,2026-09-07T16:09:13Z,restated_at,2026-08-05,,who.gho.mdg-0000000007,raw/who.gho.mdg-0000000007/2026/09/20260907T160913Z-86e8fac132bd.json.gz,2
who.gho.mdg-0000000007,MDG_0000000007:SWE:SEX_FMLE:AGEGROUP_YEARSUNDER5:WEALTHQUINTILE_TOTL,1975-01-01,2026-09-07T16:09:13Z,value,9.024267914,,who.gho.mdg-0000000007,raw/who.gho.mdg-0000000007/2026/09/20260907T160913Z-86e8fac132bd.json.gz,2
who.gho.mdg-0000000007,MDG_0000000007:SWE:SEX_MLE:AGEGROUP_YEARSUNDER5:WEALTHQUINTILE_TOTL,1975-01-01,2026-09-07T16:05:26Z,high,11.930662611,,who.gho.mdg-0000000007,raw/who.gho.mdg-0000000007/2026/09/20260907T160526Z-1363df2b3da0.json.gz,2
who.gho.mdg-0000000007,MDG_0000000007:SWE:SEX_MLE:AGEGROUP_YEARSUNDER5:WEALTHQUINTILE_TOTL,1975-01-01,2026-09-07T16:05:26Z,low,11.281095073,,who.gho.mdg-0000000007,raw/who.gho.mdg-0000000007/2026/09/20260907T160526Z-1363df2b3da0.json.gz,2
who.gho.mdg-0000000007,MDG_0000000007:SWE:SEX_MLE:AGEGROUP_YEARSUNDER5:WEALTHQUINTILE_TOTL,1975-01-01,2026-09-07T16:05:26Z,restated_at,2026-08-05,,who.gho.mdg-0000000007,raw/who.gho.mdg-0000000007/2026/09/20260907T160526Z-1363df2b3da0.json.gz,2
who.gho.mdg-0000000007,MDG_0000000007:SWE:SEX_MLE:AGEGROUP_YEARSUNDER5:WEALTHQUINTILE_TOTL,1975-01-01,2026-09-07T16:05:26Z,value,11.600514799,,who.gho.mdg-0000000007,raw/who.gho.mdg-0000000007/2026/09/20260907T160526Z-1363df2b3da0.json.gz,2
who.gho.mdg-0000000007,MDG_0000000007:SWZ:SEX_BTSX:AGEGROUP_YEARSUNDER5:WEALTHQUINTILE_TOTL,1975-01-01,2026-09-07T16:06:21Z,high,168.91621187,,who.gho.mdg-0000000007,raw/who.gho.mdg-0000000007/2026/09/20260907T160621Z-1819ad2538c7.json.gz,2
who.gho.mdg-0000000007,MDG_0000000007:SWZ:SEX_BTSX:AGEGROUP_YEARSUNDER5:WEALTHQUINTILE_TOTL,1975-01-01,2026-09-07T16:06:21Z,low,120.778870972,,who.gho.mdg-0000000007,raw/who.gho.mdg-0000000007/2026/09/20260907T160621Z-1819ad2538c7.json.gz,2
who.gho.mdg-0000000007,MDG_0000000007:SWZ:SEX_BTSX:AGEGROUP_YEARSUNDER5:WEALTHQUINTILE_TOTL,1975-01-01,2026-09-07T16:06:21Z,restated_at,2026-08-05,,who.gho.mdg-0000000007,raw/who.gho.mdg-0000000007/2026/09/20260907T160621Z-1819ad2538c7.json.gz,2
who.gho.mdg-0000000007,MDG_0000000007:SWZ:SEX_BTSX:AGEGROUP_YEARSUNDER5:WEALTHQUINTILE_TOTL,1975-01-01,2026-09-07T16:06:21Z,value,142.085259327,,who.gho.mdg-0000000007,raw/who.gho.mdg-0000000007/2026/09/20260907T160621Z-1819ad2538c7.json.gz,2
who.gho.mdg-0000000007,MDG_0000000007:SWZ:SEX_FMLE:AGEGROUP_YEARSUNDER5:WEALTHQUINTILE_TOTL,1975-01-01,2026-09-07T16:05:06Z,high,158.43196928,,who.gho.mdg-0000000007,raw/who.gho.mdg-0000000007/2026/09/20260907T160506Z-a219a21e2a4a.json.gz,2
who.gho.mdg-0000000007,MDG_0000000007:SWZ:SEX_FMLE:AGEGROUP_YEARSUNDER5:WEALTHQUINTILE_TOTL,1975-01-01,2026-09-07T16:05:06Z,low,112.288230973,,who.gho.mdg-0000000007,raw/who.gho.mdg-0000000007/2026/09/20260907T160506Z-a219a21e2a4a.json.gz,2
who.gho.mdg-0000000007,MDG_0000000007:SWZ:SEX_FMLE:AGEGROUP_YEARSUNDER5:WEALTHQUINTILE_TOTL,1975-01-01,2026-09-07T16:05:06Z,restated_at,2026-08-05,,who.gho.mdg-0000000007,raw/who.gho.mdg-0000000007/2026/09/20260907T160506Z-a219a21e2a4a.json.gz,2
who.gho.mdg-0000000007,MDG_0000000007:SWZ:SEX_FMLE:AGEGROUP_YEARSUNDER5:WEALTHQUINTILE_TOTL,1975-01-01,2026-09-07T16:05:06Z,value,132.829326329,,who.gho.mdg-0000000007,raw/who.gho.mdg-0000000007/2026/09/20260907T160506Z-a219a21e2a4a.json.gz,2
who.gho.mdg-0000000007,MDG_0000000007:SWZ:SEX_MLE:AGEGROUP_YEARSUNDER5:WEALTHQUINTILE_TOTL,1975-01-01,2026-09-07T16:10:58Z,high,179.814725585,,who.gho.mdg-0000000007,raw/who.gho.mdg-0000000007/2026/09/20260907T161058Z-4d8f6ed35960.json.gz,2
who.gho.mdg-0000000007,MDG_0000000007:SWZ:SEX_MLE:AGEGROUP_YEARSUNDER5:WEALTHQUINTILE_TOTL,1975-01-01,2026-09-07T16:10:58Z,low,127.60674144,,who.gho.mdg-0000000007,raw/who.gho.mdg-0000000007/2026/09/20260907T161058Z-4d8f6ed35960.json.gz,2
who.gho.mdg-0000000007,MDG_0000000007:SWZ:SEX_MLE:AGEGROUP_YEARSUNDER5:WEALTHQUINTILE_TOTL,1975-01-01,2026-09-07T16:10:58Z,restated_at,2026-08-05,,who.gho.mdg-0000000007,raw/who.gho.mdg-0000000007/2026/09/20260907T161058Z-4d8f6ed35960.json.gz,2
who.gho.mdg-0000000007,MDG_0000000007:SWZ:SEX_MLE:AGEGROUP_YEARSUNDER5:WEALTHQUINTILE_TOTL,1975-01-01,2026-09-07T16:10:58Z,value,150.804078275,,who.gho.mdg-0000000007,raw/who.gho.mdg-0000000007/2026/09/20260907T161058Z-4d8f6ed35960.json.gz,2
who.gho.mdg-0000000007,MDG_0000000007:SYC:SEX_BTSX:AGEGROUP_YEARSUNDER5:WEALTHQUINTILE_TOTL,1975-01-01,2026-09-07T16:06:07Z,high,54.126272212,,who.gho.mdg-0000000007,raw/who.gho.mdg-0000000007/2026/09/20260907T160607Z-9445f1b065fa.json.gz,2
who.gho.mdg-0000000007,MDG_0000000007:SYC:SEX_BTSX:AGEGROUP_YEARSUNDER5:WEALTHQUINTILE_TOTL,1975-01-01,2026-09-07T16:06:07Z,low,47.88429942,,who.gho.mdg-0000000007,raw/who.gho.mdg-0000000007/2026/09/20260907T160607Z-9445f1b065fa.json.gz,2
who.gho.mdg-0000000007,MDG_0000000007:SYC:SEX_BTSX:AGEGROUP_YEARSUNDER5:WEALTHQUINTILE_TOTL,1975-01-01,2026-09-07T16:06:07Z,restated_at,2026-08-05,,who.gho.mdg-0000000007,raw/who.gho.mdg-0000000007/2026/09/20260907T160607Z-9445f1b065fa.json.gz,2
who.gho.mdg-0000000007,MDG_0000000007:SYC:SEX_BTSX:AGEGROUP_YEARSUNDER5:WEALTHQUINTILE_TOTL,1975-01-01,2026-09-07T16:06:07Z,value,50.854365817,,who.gho.mdg-0000000007,raw/who.gho.mdg-0000000007/2026/09/20260907T160607Z-9445f1b065fa.json.gz,2
who.gho.mdg-0000000007,MDG_0000000007:SYC:SEX_FMLE:AGEGROUP_YEARSUNDER5:WEALTHQUINTILE_TOTL,1975-01-01,2026-09-07T16:09:41Z,high,51.855166299,,who.gho.mdg-0000000007,raw/who.gho.mdg-0000000007/2026/09/20260907T160941Z-845bd0fc2e92.json.gz,2
who.gho.mdg-0000000007,MDG_0000000007:SYC:SEX_FMLE:AGEGROUP_YEARSUNDER5:WEALTHQUINTILE_TOTL,1975-01-01,2026-09-07T16:09:41Z,low,44.834529385,,who.gho.mdg-0000000007,raw/who.gho.mdg-0000000007/2026/09/20260907T160941Z-845bd0fc2e92.json.gz,2
who.gho.mdg-0000000007,MDG_0000000007:SYC:SEX_FMLE:AGEGROUP_YEARSUNDER5:WEALTHQUINTILE_TOTL,1975-01-01,2026-09-07T16:09:41Z,restated_at,2026-08-05,,who.gho.mdg-0000000007,raw/who.gho.mdg-0000000007/2026/09/20260907T160941Z-845bd0fc2e92.json.gz,2
who.gho.mdg-0000000007,MDG_0000000007:SYC:SEX_FMLE:AGEGROUP_YEARSUNDER5:WEALTHQUINTILE_TOTL,1975-01-01,2026-09-07T16:09:41Z,value,48.196650064,,who.gho.mdg-0000000007,raw/who.gho.mdg-0000000007/2026/09/20260907T160941Z-845bd0fc2e92.json.gz,2
who.gho.mdg-0000000007,MDG_0000000007:SYC:SEX_MLE:AGEGROUP_YEARSUNDER5:WEALTHQUINTILE_TOTL,1975-01-01,2026-09-07T16:05:48Z,high,57.17665872,,who.gho.mdg-0000000007,raw/who.gho.mdg-0000000007/2026/09/20260907T160548Z-1609a76f5ecc.json.gz,2
who.gho.mdg-0000000007,MDG_0000000007:SYC:SEX_MLE:AGEGROUP_YEARSUNDER5:WEALTHQUINTILE_TOTL,1975-01-01,2026-09-07T16:05:48Z,low,49.93917337,,who.gho.mdg-0000000007,raw/who.gho.mdg-0000000007/2026/09/20260907T160548Z-1609a76f5ecc.json.gz,2
who.gho.mdg-0000000007,MDG_0000000007:SYC:SEX_MLE:AGEGROUP_YEARSUNDER5:WEALTHQUINTILE_TOTL,1975-01-01,2026-09-07T16:05:48Z,restated_at,2026-08-05,,who.gho.mdg-0000000007,raw/who.gho.mdg-0000000007/2026/09/20260907T160548Z-1609a76f5ecc.json.gz,2
who.gho.mdg-0000000007,MDG_0000000007:SYC:SEX_MLE:AGEGROUP_YEARSUNDER5:WEALTHQUINTILE_TOTL,1975-01-01,2026-09-07T16:05:48Z,value,53.391135812,,who.gho.mdg-0000000007,raw/who.gho.mdg-0000000007/2026/09/20260907T160548Z-1609a76f5ecc.json.gz,2
who.gho.mdg-0000000007,MDG_0000000007:SYR:SEX_BTSX:AGEGROUP_YEARSUNDER5:WEALTHQUINTILE_TOTL,1975-01-01,2026-09-07T16:10:53Z,high,87.634096835,,who.gho.mdg-0000000007,raw/who.gho.mdg-0000000007/2026/09/20260907T161053Z-9a5808e2a757.json.gz,2
who.gho.mdg-0000000007,MDG_0000000007:SYR:SEX_BTSX:AGEGROUP_YEARSUNDER5:WEALTHQUINTILE_TOTL,1975-01-01,2026-09-07T16:10:53Z,low,72.864566322,,who.gho.mdg-0000000007,raw/who.gho.mdg-0000000007/2026/09/20260907T161053Z-9a5808e2a757.json.gz,2
who.gho.mdg-0000000007,MDG_0000000007:SYR:SEX_BTSX:AGEGROUP_YEARSUNDER5:WEALTHQUINTILE_TOTL,1975-01-01,2026-09-07T16:10:53Z,restated_at,2026-08-05,,who.gho.mdg-0000000007,raw/who.gho.mdg-0000000007/2026/09/20260907T161053Z-9a5808e2a757.json.gz,2
who.gho.mdg-0000000007,MDG_0000000007:SYR:SEX_BTSX:AGEGROUP_YEARSUNDER5:WEALTHQUINTILE_TOTL,1975-01-01,2026-09-07T16:10:53Z,value,79.932883372,,who.gho.mdg-0000000007,raw/who.gho.mdg-0000000007/2026/09/20260907T161053Z-9a5808e2a757.json.gz,2
who.gho.mdg-0000000007,MDG_0000000007:SYR:SEX_FMLE:AGEGROUP_YEARSUNDER5:WEALTHQUINTILE_TOTL,1975-01-01,2026-09-07T16:10:07Z,high,86.595293013,,who.gho.mdg-0000000007,raw/who.gho.mdg-0000000007/2026/09/20260907T161007Z-28c6cde3082c.json.gz,2
who.gho.mdg-0000000007,MDG_0000000007:SYR:SEX_FMLE:AGEGROUP_YEARSUNDER5:WEALTHQUINTILE_TOTL,1975-01-01,2026-09-07T16:10:07Z,low,71.453211631,,who.gho.mdg-0000000007,raw/who.gho.mdg-0000000007/2026/09/20260907T161007Z-28c6cde3082c.json.gz,2
who.gho.mdg-0000000007,MDG_0000000007:SYR:SEX_FMLE:AGEGROUP_YEARSUNDER5:WEALTHQUINTILE_TOTL,1975-01-01,2026-09-07T16:10:07Z,restated_at,2026-08-05,,who.gho.mdg-0000000007,raw/who.gho.mdg-0000000007/2026/09/20260907T161007Z-28c6cde3082c.json.gz,2
who.gho.mdg-0000000007,MDG_0000000007:SYR:SEX_FMLE:AGEGROUP_YEARSUNDER5:WEALTHQUINTILE_TOTL,1975-01-01,2026-09-07T16:10:07Z,value,78.633484347,,who.gho.mdg-0000000007,raw/who.gho.mdg-0000000007/2026/09/20260907T161007Z-28c6cde3082c.json.gz,2
who.gho.mdg-0000000007,MDG_0000000007:SYR:SEX_MLE:AGEGROUP_YEARSUNDER5:WEALTHQUINTILE_TOTL,1975-01-01,2026-09-07T16:09:22Z,high,89.329767417,,who.gho.mdg-0000000007,raw/who.gho.mdg-0000000007/2026/09/20260907T160922Z-b03be7779b07.json.gz,2
who.gho.mdg-0000000007,MDG_0000000007:SYR:SEX_MLE:AGEGROUP_YEARSUNDER5:WEALTHQUINTILE_TOTL,1975-01-01,2026-09-07T16:09:22Z,low,73.644571095,,who.gho.mdg-0000000007,raw/who.gho.mdg-0000000007/2026/09/20260907T160922Z-b03be7779b07.json.gz,2
who.gho.mdg-0000000007,MDG_0000000007:SYR:SEX_MLE:AGEGROUP_YEARSUNDER5:WEALTHQUINTILE_TOTL,1975-01-01,2026-09-07T16:09:22Z,restated_at,2026-08-05,,who.gho.mdg-0000000007,raw/who.gho.mdg-0000000007/2026/09/20260907T160922Z-b03be7779b07.json.gz,2
who.gho.mdg-0000000007,MDG_0000000007:SYR:SEX_MLE:AGEGROUP_YEARSUNDER5:WEALTHQUINTILE_TOTL,1975-01-01,2026-09-07T16:09:22Z,value,81.130418116,,who.gho.mdg-0000000007,raw/who.gho.mdg-0000000007/2026/09/20260907T160922Z-b03be7779b07.json.gz,2
who.gho.mdg-0000000007,MDG_0000000007:TCA:SEX_BTSX:AGEGROUP_YEARSUNDER5:WEALTHQUINTILE_TOTL,1975-01-01,2026-09-07T16:09:18Z,high,59.209062866,,who.gho.mdg-0000000007,raw/who.gho.mdg-0000000007/2026/09/20260907T160918Z-1f3ac080847d.json.gz,2
who.gho.mdg-0000000007,MDG_0000000007:TCA:SEX_BTSX:AGEGROUP_YEARSUNDER5:WEALTHQUINTILE_TOTL,1975-01-01,2026-09-07T16:09:18Z,low,42.289535121,,who.gho.mdg-0000000007,raw/who.gho.mdg-0000000007/2026/09/20260907T160918Z-1f3ac080847d.json.gz,2
who.gho.mdg-0000000007,MDG_0000000007:TCA:SEX_BTSX:AGEGROUP_YEARSUNDER5:WEALTHQUINTILE_TOTL,1975-01-01,2026-09-07T16:09:18Z,restated_at,2026-08-05,,who.gho.mdg-0000000007,raw/who.gho.mdg-0000000007/2026/09/20260907T160918Z-1f3ac080847d.json.gz,2
who.gho.mdg-0000000007,MDG_0000000007:TCA:SEX_BTSX:AGEGROUP_YEARSUNDER5:WEALTHQUINTILE_TOTL,1975-01-01,2026-09-07T16:09:18Z,value,50.070256497,,who.gho.mdg-0000000007,raw/who.gho.mdg-0000000007/2026/09/20260907T160918Z-1f3ac080847d.json.gz,2
who.gho.mdg-0000000007,MDG_0000000007:TCA:SEX_FMLE:AGEGROUP_YEARSUNDER5:WEALTHQUINTILE_TOTL,1975-01-01,2026-09-07T16:05:22Z,high,49.129039728,,who.gho.mdg-0000000007,raw/who.gho.mdg-0000000007/2026/09/20260907T160522Z-2bd49e664eea.json.gz,2
who.gho.mdg-0000000007,MDG_0000000007:TCA:SEX_FMLE:AGEGROUP_YEARSUNDER5:WEALTHQUINTILE_TOTL,1975-01-01,2026-09-07T16:05:22Z,low,34.789744874,,who.gho.mdg-0000000007,raw/who.gho.mdg-0000000007/2026/09/20260907T160522Z-2bd49e664eea.json.gz,2
who.gho.mdg-0000000007,MDG_0000000007:TCA:SEX_FMLE:AGEGROUP_YEARSUNDER5:WEALTHQUINTILE_TOTL,1975-01-01,2026-09-07T16:05:22Z,restated_at,2026-08-05,,who.gho.mdg-0000000007,raw/who.gho.mdg-0000000007/2026/09/20260907T160522Z-2bd49e664eea.json.gz,2
who.gho.mdg-0000000007,MDG_0000000007:TCA:SEX_FMLE:AGEGROUP_YEARSUNDER5:WEALTHQUINTILE_TOTL,1975-01-01,2026-09-07T16:05:22Z,value,41.294847625,,who.gho.mdg-0000000007,raw/who.gho.mdg-0000000007/2026/09/20260907T160522Z-2bd49e664eea.json.gz,2
who.gho.mdg-0000000007,MDG_0000000007:TCA:SEX_MLE:AGEGROUP_YEARSUNDER5:WEALTHQUINTILE_TOTL,1975-01-01,2026-09-07T16:04:56Z,high,69.328385102,,who.gho.mdg-0000000007,raw/who.gho.mdg-0000000007/2026/09/20260907T160456Z-9369d1ec1a28.json.gz,2
who.gho.mdg-0000000007,MDG_0000000007:TCA:SEX_MLE:AGEGROUP_YEARSUNDER5:WEALTHQUINTILE_TOTL,1975-01-01,2026-09-07T16:04:56Z,low,49.384019693,,who.gho.mdg-0000000007,raw/who.gho.mdg-0000000007/2026/09/20260907T160456Z-9369d1ec1a28.json.gz,2
who.gho.mdg-0000000007,MDG_0000000007:TCA:SEX_MLE:AGEGROUP_YEARSUNDER5:WEALTHQUINTILE_TOTL,1975-01-01,2026-09-07T16:04:56Z,restated_at,2026-08-05,,who.gho.mdg-0000000007,raw/who.gho.mdg-0000000007/2026/09/20260907T160456Z-9369d1ec1a28.json.gz,2
who.gho.mdg-0000000007,MDG_0000000007:TCA:SEX_MLE:AGEGROUP_YEARSUNDER5:WEALTHQUINTILE_TOTL,1975-01-01,2026-09-07T16:04:56Z,value,58.469471802,,who.gho.mdg-0000000007,raw/who.gho.mdg-0000000007/2026/09/20260907T160456Z-9369d1ec1a28.json.gz,2
who.gho.mdg-0000000007,MDG_0000000007:TCD:SEX_BTSX:AGEGROUP_YEARSUNDER5:WEALTHQUINTILE_TOTL,1975-01-01,2026-09-07T16:09:03Z,high,276.577024036,,who.gho.mdg-0000000007,raw/who.gho.mdg-0000000007/2026/09/20260907T160903Z-df09845b881e.json.gz,2
who.gho.mdg-0000000007,MDG_0000000007:TCD:SEX_BTSX:AGEGROUP_YEARSUNDER5:WEALTHQUINTILE_TOTL,1975-01-01,2026-09-07T16:09:03Z,low,221.463300141,,who.gho.mdg-0000000007,raw/who.gho.mdg-0000000007/2026/09/20260907T160903Z-df09845b881e.json.gz,2
who.gho.mdg-0000000007,MDG_0000000007:TCD:SEX_BTSX:AGEGROUP_YEARSUNDER5:WEALTHQUINTILE_TOTL,1975-01-01,2026-09-07T16:09:03Z,restated_at,2026-08-05,,who.gho.mdg-0000000007,raw/who.gho.mdg-0000000007/2026/09/20260907T160903Z-df09845b881e.json.gz,2
who.gho.mdg-0000000007,MDG_0000000007:TCD:SEX_BTSX:AGEGROUP_YEARSUNDER5:WEALTHQUINTILE_TOTL,1975-01-01,2026-09-07T16:09:03Z,value,247.738810746,,who.gho.mdg-0000000007,raw/who.gho.mdg-0000000007/2026/09/20260907T160903Z-df09845b881e.json.gz,2
who.gho.mdg-0000000007,MDG_0000000007:TCD:SEX_FMLE:AGEGROUP_YEARSUNDER5:WEALTHQUINTILE_TOTL,1975-01-01,2026-09-07T16:05:26Z,high,265.441121716,,who.gho.mdg-0000000007,raw/who.gho.mdg-0000000007/2026/09/20260907T160526Z-1363df2b3da0.json.gz,2
who.gho.mdg-0000000007,MDG_0000000007:TCD:SEX_FMLE:AGEGROUP_YEARSUNDER5:WEALTHQUINTILE_TOTL,1975-01-01,2026-09-07T16:05:26Z,low,211.483014125,,who.gho.mdg-0000000007,raw/who.gho.mdg-0000000007/2026/09/20260907T160526Z-1363df2b3da0.json.gz,2
who.gho.mdg-0000000007,MDG_0000000007:TCD:SEX_FMLE:AGEGROUP_YEARSUNDER5:WEALTHQUINTILE_TOTL,1975-01-01,2026-09-07T16:05:26Z,restated_at,2026-08-05,,who.gho.mdg-0000000007,raw/who.gho.mdg-0000000007/2026/09/20260907T160526Z-1363df2b3da0.json.gz,2
who.gho.mdg-0000000007,MDG_0000000007:TCD:SEX_FMLE:AGEGROUP_YEARSUNDER5:WEALTHQUINTILE_TOTL,1975-01-01,2026-09-07T16:05:26Z,value,236.705189141,,who.gho.mdg-0000000007,raw/who.gho.mdg-0000000007/2026/09/20260907T160526Z-1363df2b3da0.json.gz,2
who.gho.mdg-0000000007,MDG_0000000007:TCD:SEX_MLE:AGEGROUP_YEARSUNDER5:WEALTHQUINTILE_TOTL,1975-01-01,2026-09-07T16:06:21Z,high,288.72799057,,who.gho.mdg-0000000007,raw/who.gho.mdg-0000000007/2026/09/20260907T160621Z-1819ad2538c7.json.gz,2
who.gho.mdg-0000000007,MDG_0000000007:TCD:SEX_MLE:AGEGROUP_YEARSUNDER5:WEALTHQUINTILE_TOTL,1975-01-01,2026-09-07T16:06:21Z,low,230.273916634,,who.gho.mdg-0000000007,raw/who.gho.mdg-0000000007/2026/09/20260907T160621Z-1819ad2538c7.json.gz,2
who.gho.mdg-0000000007,MDG_0000000007:TCD:SEX_MLE:AGEGROUP_YEARSUNDER5:WEALTHQUINTILE_TOTL,1975-01-01,2026-09-07T16:06:21Z,restated_at,2026-08-05,,who.gho.mdg-0000000007,raw/who.gho.mdg-0000000007/2026/09/20260907T160621Z-1819ad2538c7.json.gz,2
who.gho.mdg-0000000007,MDG_0000000007:TCD:SEX_MLE:AGEGROUP_YEARSUNDER5:WEALTHQUINTILE_TOTL,1975-01-01,2026-09-07T16:06:21Z,value,257.788908793,,who.gho.mdg-0000000007,raw/who.gho.mdg-0000000007/2026/09/20260907T160621Z-1819ad2538c7.json.gz,2
who.gho.mdg-0000000007,MDG_0000000007:TGO:SEX_BTSX:AGEGROUP_YEARSUNDER5:WEALTHQUINTILE_TOTL,1975-01-01,2026-09-07T16:10:45Z,high,222.453677559,,who.gho.mdg-0000000007,raw/who.gho.mdg-0000000007/2026/09/20260907T161045Z-53a7d24c459b.json.gz,2
who.gho.mdg-0000000007,MDG_0000000007:TGO:SEX_BTSX:AGEGROUP_YEARSUNDER5:WEALTHQUINTILE_TOTL,1975-01-01,2026-09-07T16:10:45Z,low,184.006473818,,who.gho.mdg-0000000007,raw/who.gho.mdg-0000000007/2026/09/20260907T161045Z-53a7d24c459b.json.gz,2
who.gho.mdg-0000000007,MDG_0000000007:TGO:SEX_BTSX:AGEGROUP_YEARSUNDER5:WEALTHQUINTILE_TOTL,1975-01-01,2026-09-07T16:10:45Z,restated_at,2026-08-05,,who.gho.mdg-0000000007,raw/who.gho.mdg-0000000007/2026/09/20260907T161045Z-53a7d24c459b.json.gz,2
who.gho.mdg-0000000007,MDG_0000000007:TGO:SEX_BTSX:AGEGROUP_YEARSUNDER5:WEALTHQUINTILE_TOTL,1975-01-01,2026-09-07T16:10:45Z,value,202.053874914,,who.gho.mdg-0000000007,raw/who.gho.mdg-0000000007/2026/09/20260907T161045Z-53a7d24c459b.json.gz,2
who.gho.mdg-0000000007,MDG_0000000007:TGO:SEX_FMLE:AGEGROUP_YEARSUNDER5:WEALTHQUINTILE_TOTL,1975-01-01,2026-09-07T16:09:08Z,high,212.388320715,,who.gho.mdg-0000000007,raw/who.gho.mdg-0000000007/2026/09/20260907T160908Z-96acbc2bc7cb.json.gz,2
who.gho.mdg-0000000007,MDG_0000000007:TGO:SEX_FMLE:AGEGROUP_YEARSUNDER5:WEALTHQUINTILE_TOTL,1975-01-01,2026-09-07T16:09:08Z,low,174.171950171,,who.gho.mdg-0000000007,raw/who.gho.mdg-0000000007/2026/09/20260907T160908Z-96acbc2bc7cb.json.gz,2
who.gho.mdg-0000000007,MDG_0000000007:TGO:SEX_FMLE:AGEGROUP_YEARSUNDER5:WEALTHQUINTILE_TOTL,1975-01-01,2026-09-07T16:09:08Z,restated_at,2026-08-05,,who.gho.mdg-0000000007,raw/who.gho.mdg-0000000007/2026/09/20260907T160908Z-96acbc2bc7cb.json.gz,2
who.gho.mdg-0000000007,MDG_0000000007:TGO:SEX_FMLE:AGEGROUP_YEARSUNDER5:WEALTHQUINTILE_TOTL,1975-01-01,2026-09-07T16:09:08Z,value,192.121753588,,who.gho.mdg-0000000007,raw/who.gho.mdg-0000000007/2026/09/20260907T160908Z-96acbc2bc7cb.json.gz,2
who.gho.mdg-0000000007,MDG_0000000007:TGO:SEX_MLE:AGEGROUP_YEARSUNDER5:WEALTHQUINTILE_TOTL,1975-01-01,2026-09-07T16:05:26Z,high,233.748702499,,who.gho.mdg-0000000007,raw/who.gho.mdg-0000000007/2026/09/20260907T160526Z-1363df2b3da0.json.gz,2
who.gho.mdg-0000000007,MDG_0000000007:TGO:SEX_MLE:AGEGROUP_YEARSUNDER5:WEALTHQUINTILE_TOTL,1975-01-01,2026-09-07T16:05:26Z,low,192.10968583,,who.gho.mdg-0000000007,raw/who.gho.mdg-0000000007/2026/09/20260907T160526Z-1363df2b3da0.json.gz,2
who.gho.mdg-0000000007,MDG_0000000007:TGO:SEX_MLE:AGEGROUP_YEARSUNDER5:WEALTHQUINTILE_TOTL,1975-01-01,2026-09-07T16:05:26Z,restated_at,2026-08-05,,who.gho.mdg-0000000007,raw/who.gho.mdg-0000000007/2026/09/20260907T160526Z-1363df2b3da0.json.gz,2
who.gho.mdg-0000000007,MDG_0000000007:TGO:SEX_MLE:AGEGROUP_YEARSUNDER5:WEALTHQUINTILE_TOTL,1975-01-01,2026-09-07T16:05:26Z,value,211.507597099,,who.gho.mdg-0000000007,raw/who.gho.mdg-0000000007/2026/09/20260907T160526Z-1363df2b3da0.json.gz,2
who.gho.mdg-0000000007,MDG_0000000007:THA:SEX_BTSX:AGEGROUP_YEARSUNDER5:WEALTHQUINTILE_TOTL,1975-01-01,2026-09-07T16:08:50Z,high,83.043503214,,who.gho.mdg-0000000007,raw/who.gho.mdg-0000000007/2026/09/20260907T160850Z-957169f3a50e.json.gz,2
who.gho.mdg-0000000007,MDG_0000000007:THA:SEX_BTSX:AGEGROUP_YEARSUNDER5:WEALTHQUINTILE_TOTL,1975-01-01,2026-09-07T16:08:50Z,low,72.425067386,,who.gho.mdg-0000000007,raw/who.gho.mdg-0000000007/2026/09/20260907T160850Z-957169f3a50e.json.gz,2
who.gho.mdg-0000000007,MDG_0000000007:THA:SEX_BTSX:AGEGROUP_YEARSUNDER5:WEALTHQUINTILE_TOTL,1975-01-01,2026-09-07T16:08:50Z,restated_at,2026-08-05,,who.gho.mdg-0000000007,raw/who.gho.mdg-0000000007/2026/09/20260907T160850Z-957169f3a50e.json.gz,2
who.gho.mdg-0000000007,MDG_0000000007:THA:SEX_BTSX:AGEGROUP_YEARSUNDER5:WEALTHQUINTILE_TOTL,1975-01-01,2026-09-07T16:08:50Z,value,77.525633431,,who.gho.mdg-0000000007,raw/who.gho.mdg-0000000007/2026/09/20260907T160850Z-957169f3a50e.json.gz,2
who.gho.mdg-0000000007,MDG_0000000007:THA:SEX_FMLE:AGEGROUP_YEARSUNDER5:WEALTHQUINTILE_TOTL,1975-01-01,2026-09-07T16:05:01Z,high,76.78566051,,who.gho.mdg-0000000007,raw/who.gho.mdg-0000000007/2026/09/20260907T160501Z-2d19e1a5feef.json.gz,2
who.gho.mdg-0000000007,MDG_0000000007:THA:SEX_FMLE:AGEGROUP_YEARSUNDER5:WEALTHQUINTILE_TOTL,1975-01-01,2026-09-07T16:05:01Z,low,65.762690166,,who.gho.mdg-0000000007,raw/who.gho.mdg-0000000007/2026/09/20260907T160501Z-2d19e1a5feef.json.gz,2
who.gho.mdg-0000000007,MDG_0000000007:THA:SEX_FMLE:AGEGROUP_YEARSUNDER5:WEALTHQUINTILE_TOTL,1975-01-01,2026-09-07T16:05:01Z,restated_at,2026-08-05,,who.gho.mdg-0000000007,raw/who.gho.mdg-0000000007/2026/09/20260907T160501Z-2d19e1a5feef.json.gz,2
who.gho.mdg-0000000007,MDG_0000000007:THA:SEX_FMLE:AGEGROUP_YEARSUNDER5:WEALTHQUINTILE_TOTL,1975-01-01,2026-09-07T16:05:01Z,value,71.037328996,,who.gho.mdg-0000000007,raw/who.gho.mdg-0000000007/2026/09/20260907T160501Z-2d19e1a5feef.json.gz,2
who.gho.mdg-0000000007,MDG_0000000007:THA:SEX_MLE:AGEGROUP_YEARSUNDER5:WEALTHQUINTILE_TOTL,1975-01-01,2026-09-07T16:05:35Z,high,89.952764565,,who.gho.mdg-0000000007,raw/who.gho.mdg-0000000007/2026/09/20260907T160535Z-bcafb05f6fe8.json.gz,2
who.gho.mdg-0000000007,MDG_0000000007:THA:SEX_MLE:AGEGROUP_YEARSUNDER5:WEALTHQUINTILE_TOTL,1975-01-01,2026-09-07T16:05:35Z,low,77.708922973,,who.gho.mdg-0000000007,raw/who.gho.mdg-0000000007/2026/09/20260907T160535Z-bcafb05f6fe8.json.gz,2
who.gho.mdg-0000000007,MDG_0000000007:THA:SEX_MLE:AGEGROUP_YEARSUNDER5:WEALTHQUINTILE_TOTL,1975-01-01,2026-09-07T16:05:35Z,restated_at,2026-08-05,,who.gho.mdg-0000000007,raw/who.gho.mdg-0000000007/2026/09/20260907T160535Z-bcafb05f6fe8.json.gz,2
who.gho.mdg-0000000007,MDG_0000000007:THA:SEX_MLE:AGEGROUP_YEARSUNDER5:WEALTHQUINTILE_TOTL,1975-01-01,2026-09-07T16:05:35Z,value,83.665704196,,who.gho.mdg-0000000007,raw/who.gho.mdg-0000000007/2026/09/20260907T160535Z-bcafb05f6fe8.json.gz,2
who.gho.mdg-0000000007,MDG_0000000007:TJK:SEX_BTSX:AGEGROUP_YEARSUNDER5:WEALTHQUINTILE_TOTL,1975-01-01,2026-09-07T16:05:48Z,high,169.477076235,,who.gho.mdg-0000000007,raw/who.gho.mdg-0000000007/2026/09/20260907T160548Z-1609a76f5ecc.json.gz,2
who.gho.mdg-0000000007,MDG_0000000007:TJK:SEX_BTSX:AGEGROUP_YEARSUNDER5:WEALTHQUINTILE_TOTL,1975-01-01,2026-09-07T16:05:48Z,low,112.21315442,,who.gho.mdg-0000000007,raw/who.gho.mdg-0000000007/2026/09/20260907T160548Z-1609a76f5ecc.json.gz,2
who.gho.mdg-0000000007,MDG_0000000007:TJK:SEX_BTSX:AGEGROUP_YEARSUNDER5:WEALTHQUINTILE_TOTL,1975-01-01,2026-09-07T16:05:48Z,restated_at,2026-08-05,,who.gho.mdg-0000000007,raw/who.gho.mdg-0000000007/2026/09/20260907T160548Z-1609a76f5ecc.json.gz,2
who.gho.mdg-0000000007,MDG_0000000007:TJK:SEX_BTSX:AGEGROUP_YEARSUNDER5:WEALTHQUINTILE_TOTL,1975-01-01,2026-09-07T16:05:48Z,value,138.582127536,,who.gho.mdg-0000000007,raw/who.gho.mdg-0000000007/2026/09/20260907T160548Z-1609a76f5ecc.json.gz,2
who.gho.mdg-0000000007,MDG_0000000007:TJK:SEX_FMLE:AGEGROUP_YEARSUNDER5:WEALTHQUINTILE_TOTL,1975-01-01,2026-09-07T16:05:18Z,high,158.946611899,,who.gho.mdg-0000000007,raw/who.gho.mdg-0000000007/2026/09/20260907T160518Z-f66c8acba372.json.gz,2
who.gho.mdg-0000000007,MDG_0000000007:TJK:SEX_FMLE:AGEGROUP_YEARSUNDER5:WEALTHQUINTILE_TOTL,1975-01-01,2026-09-07T16:05:18Z,low,104.99951214,,who.gho.mdg-0000000007,raw/who.gho.mdg-0000000007/2026/09/20260907T160518Z-f66c8acba372.json.gz,2
who.gho.mdg-0000000007,MDG_0000000007:TJK:SEX_FMLE:AGEGROUP_YEARSUNDER5:WEALTHQUINTILE_TOTL,1975-01-01,2026-09-07T16:05:18Z,restated_at,2026-08-05,,who.gho.mdg-0000000007,raw/who.gho.mdg-0000000007/2026/09/20260907T160518Z-f66c8acba372.json.gz,2
who.gho.mdg-0000000007,MDG_0000000007:TJK:SEX_FMLE:AGEGROUP_YEARSUNDER5:WEALTHQUINTILE_TOTL,1975-01-01,2026-09-07T16:05:18Z,value,129.955290914,,who.gho.mdg-0000000007,raw/who.gho.mdg-0000000007/2026/09/20260907T160518Z-f66c8acba372.json.gz,2
who.gho.mdg-0000000007,MDG_0000000007:TJK:SEX_MLE:AGEGROUP_YEARSUNDER5:WEALTHQUINTILE_TOTL,1975-01-01,2026-09-07T16:06:11Z,high,179.80539706,,who.gho.mdg-0000000007,raw/who.gho.mdg-0000000007/2026/09/20260907T160611Z-e868f3030ca5.json.gz,2
who.gho.mdg-0000000007,MDG_0000000007:TJK:SEX_MLE:AGEGROUP_YEARSUNDER5:WEALTHQUINTILE_TOTL,1975-01-01,2026-09-07T16:06:11Z,low,118.846249207,,who.gho.mdg-0000000007,raw/who.gho.mdg-0000000007/2026/09/20260907T160611Z-e868f3030ca5.json.gz,2
who.gho.mdg-0000000007,MDG_0000000007:TJK:SEX_MLE:AGEGROUP_YEARSUNDER5:WEALTHQUINTILE_TOTL,1975-01-01,2026-09-07T16:06:11Z,restated_at,2026-08-05,,who.gho.mdg-0000000007,raw/who.gho.mdg-0000000007/2026/09/20260907T160611Z-e868f3030ca5.json.gz,2
who.gho.mdg-0000000007,MDG_0000000007:TJK:SEX_MLE:AGEGROUP_YEARSUNDER5:WEALTHQUINTILE_TOTL,1975-01-01,2026-09-07T16:06:11Z,value,146.75332012,,who.gho.mdg-0000000007,raw/who.gho.mdg-0000000007/2026/09/20260907T160611Z-e868f3030ca5.json.gz,2
who.gho.mdg-0000000007,MDG_0000000007:TON:SEX_BTSX:AGEGROUP_YEARSUNDER5:WEALTHQUINTILE_TOTL,1975-01-01,2026-09-07T16:10:49Z,high,45.112956191,,who.gho.mdg-0000000007,raw/who.gho.mdg-0000000007/2026/09/20260907T161049Z-6866f52a9543.json.gz,2
who.gho.mdg-0000000007,MDG_0000000007:TON:SEX_BTSX:AGEGROUP_YEARSUNDER5:WEALTHQUINTILE_TOTL,1975-01-01,2026-09-07T16:10:49Z,low,30.605799099,,who.gho.mdg-0000000007,raw/who.gho.mdg-0000000007/2026/09/20260907T161049Z-6866f52a9543.json.gz,2
who.gho.mdg-0000000007,MDG_0000000007:TON:SEX_BTSX:AGEGROUP_YEARSUNDER5:WEALTHQUINTILE_TOTL,1975-01-01,2026-09-07T16:10:49Z,restated_at,2026-08-05,,who.gho.mdg-0000000007,raw/who.gho.mdg-0000000007/2026/09/20260907T161049Z-6866f52a9543.json.gz,2
who.gho.mdg-0000000007,MDG_0000000007:TON:SEX_BTSX:AGEGROUP_YEARSUNDER5:WEALTHQUINTILE_TOTL,1975-01-01,2026-09-07T16:10:49Z,value,37.006763303,,who.gho.mdg-0000000007,raw/who.gho.mdg-0000000007/2026/09/20260907T161049Z-6866f52a9543.json.gz,2
who.gho.mdg-0000000007,MDG_0000000007:TON:SEX_FMLE:AGEGROUP_YEARSUNDER5:WEALTHQUINTILE_TOTL,1975-01-01,2026-09-07T16:08:41Z,high,40.250383981,,who.gho.mdg-0000000007,raw/who.gho.mdg-0000000007/2026/09/20260907T160841Z-d67f78e4b8d9.json.gz,2
who.gho.mdg-0000000007,MDG_0000000007:TON:SEX_FMLE:AGEGROUP_YEARSUNDER5:WEALTHQUINTILE_TOTL,1975-01-01,2026-09-07T16:08:41Z,low,26.956301973,,who.gho.mdg-0000000007,raw/who.gho.mdg-0000000007/2026/09/20260907T160841Z-d67f78e4b8d9.json.gz,2
who.gho.mdg-0000000007,MDG_0000000007:TON:SEX_FMLE:AGEGROUP_YEARSUNDER5:WEALTHQUINTILE_TOTL,1975-01-01,2026-09-07T16:08:41Z,restated_at,2026-08-05,,who.gho.mdg-0000000007,raw/who.gho.mdg-0000000007/2026/09/20260907T160841Z-d67f78e4b8d9.json.gz,2
who.gho.mdg-0000000007,MDG_0000000007:TON:SEX_FMLE:AGEGROUP_YEARSUNDER5:WEALTHQUINTILE_TOTL,1975-01-01,2026-09-07T16:08:41Z,value,32.860817234,,who.gho.mdg-0000000007,raw/who.gho.mdg-0000000007/2026/09/20260907T160841Z-d67f78e4b8d9.json.gz,2
who.gho.mdg-0000000007,MDG_0000000007:TON:SEX_MLE:AGEGROUP_YEARSUNDER5:WEALTHQUINTILE_TOTL,1975-01-01,2026-09-07T16:05:18Z,high,50.267589167,,who.gho.mdg-0000000007,raw/who.gho.mdg-0000000007/2026/09/20260907T160518Z-f66c8acba372.json.gz,2
who.gho.mdg-0000000007,MDG_0000000007:TON:SEX_MLE:AGEGROUP_YEARSUNDER5:WEALTHQUINTILE_TOTL,1975-01-01,2026-09-07T16:05:18Z,low,33.708476654,,who.gho.mdg-0000000007,raw/who.gho.mdg-0000000007/2026/09/20260907T160518Z-f66c8acba372.json.gz,2
who.gho.mdg-0000000007,MDG_0000000007:TON:SEX_MLE:AGEGROUP_YEARSUNDER5:WEALTHQUINTILE_TOTL,1975-01-01,2026-09-07T16:05:18Z,restated_at,2026-08-05,,who.gho.mdg-0000000007,raw/who.gho.mdg-0000000007/2026/09/20260907T160518Z-f66c8acba372.json.gz,2
who.gho.mdg-0000000007,MDG_0000000007:TON:SEX_MLE:AGEGROUP_YEARSUNDER5:WEALTHQUINTILE_TOTL,1975-01-01,2026-09-07T16:05:18Z,value,40.963877948,,who.gho.mdg-0000000007,raw/who.gho.mdg-0000000007/2026/09/20260907T160518Z-f66c8acba372.json.gz,2
who.gho.mdg-0000000007,MDG_0000000007:TTO:SEX_BTSX:AGEGROUP_YEARSUNDER5:WEALTHQUINTILE_TOTL,1975-01-01,2026-09-07T16:05:18Z,high,52.688783574,,who.gho.mdg-0000000007,raw/who.gho.mdg-0000000007/2026/09/20260907T160518Z-f66c8acba372.json.gz,2
who.gho.mdg-0000000007,MDG_0000000007:TTO:SEX_BTSX:AGEGROUP_YEARSUNDER5:WEALTHQUINTILE_TOTL,1975-01-01,2026-09-07T16:05:18Z,low,40.409533445,,who.gho.mdg-0000000007,raw/who.gho.mdg-0000000007/2026/09/20260907T160518Z-f66c8acba372.json.gz,2
who.gho.mdg-0000000007,MDG_0000000007:TTO:SEX_BTSX:AGEGROUP_YEARSUNDER5:WEALTHQUINTILE_TOTL,1975-01-01,2026-09-07T16:05:18Z,restated_at,2026-08-05,,who.gho.mdg-0000000007,raw/who.gho.mdg-0000000007/2026/09/20260907T160518Z-f66c8acba372.json.gz,2
who.gho.mdg-0000000007,MDG_0000000007:TTO:SEX_BTSX:AGEGROUP_YEARSUNDER5:WEALTHQUINTILE_TOTL,1975-01-01,2026-09-07T16:05:18Z,value,46.039950539,,who.gho.mdg-0000000007,raw/who.gho.mdg-0000000007/2026/09/20260907T160518Z-f66c8acba372.json.gz,2
who.gho.mdg-0000000007,MDG_0000000007:TTO:SEX_FMLE:AGEGROUP_YEARSUNDER5:WEALTHQUINTILE_TOTL,1975-01-01,2026-09-07T16:10:17Z,high,48.878180864,,who.gho.mdg-0000000007,raw/who.gho.mdg-0000000007/2026/09/20260907T161017Z-ca4dbf4e12d6.json.gz,2
who.gho.mdg-0000000007,MDG_0000000007:TTO:SEX_FMLE:AGEGROUP_YEARSUNDER5:WEALTHQUINTILE_TOTL,1975-01-01,2026-09-07T16:10:17Z,low,36.910061045,,who.gho.mdg-0000000007,raw/who.gho.mdg-0000000007/2026/09/20260907T161017Z-ca4dbf4e12d6.json.gz,2
who.gho.mdg-0000000007,MDG_0000000007:TTO:SEX_FMLE:AGEGROUP_YEARSUNDER5:WEALTHQUINTILE_TOTL,1975-01-01,2026-09-07T16:10:17Z,restated_at,2026-08-05,,who.gho.mdg-0000000007,raw/who.gho.mdg-0000000007/2026/09/20260907T161017Z-ca4dbf4e12d6.json.gz,2
who.gho.mdg-0000000007,MDG_0000000007:TTO:SEX_FMLE:AGEGROUP_YEARSUNDER5:WEALTHQUINTILE_TOTL,1975-01-01,2026-09-07T16:10:17Z,value,42.417060097,,who.gho.mdg-0000000007,raw/who.gho.mdg-0000000007/2026/09/20260907T161017Z-ca4dbf4e12d6.json.gz,2
who.gho.mdg-0000000007,MDG_0000000007:TTO:SEX_MLE:AGEGROUP_YEARSUNDER5:WEALTHQUINTILE_TOTL,1975-01-01,2026-09-07T16:09:38Z,high,56.907879232,,who.gho.mdg-0000000007,raw/who.gho.mdg-0000000007/2026/09/20260907T160938Z-81612038db74.json.gz,2
who.gho.mdg-0000000007,MDG_0000000007:TTO:SEX_MLE:AGEGROUP_YEARSUNDER5:WEALTHQUINTILE_TOTL,1975-01-01,2026-09-07T16:09:38Z,low,43.238517236,,who.gho.mdg-0000000007,raw/who.gho.mdg-0000000007/2026/09/20260907T160938Z-81612038db74.json.gz,2
who.gho.mdg-0000000007,MDG_0000000007:TTO:SEX_MLE:AGEGROUP_YEARSUNDER5:WEALTHQUINTILE_TOTL,1975-01-01,2026-09-07T16:09:38Z,restated_at,2026-08-05,,who.gho.mdg-0000000007,raw/who.gho.mdg-0000000007/2026/09/20260907T160938Z-81612038db74.json.gz,2
who.gho.mdg-0000000007,MDG_0000000007:TTO:SEX_MLE:AGEGROUP_YEARSUNDER5:WEALTHQUINTILE_TOTL,1975-01-01,2026-09-07T16:09:38Z,value,49.48558917,,who.gho.mdg-0000000007,raw/who.gho.mdg-0000000007/2026/09/20260907T160938Z-81612038db74.json.gz,2
who.gho.mdg-0000000007,MDG_0000000007:TUN:SEX_BTSX:AGEGROUP_YEARSUNDER5:WEALTHQUINTILE_TOTL,1975-01-01,2026-09-07T16:10:58Z,high,148.656024299,,who.gho.mdg-0000000007,raw/who.gho.mdg-0000000007/2026/09/20260907T161058Z-4d8f6ed35960.json.gz,2
who.gho.mdg-0000000007,MDG_0000000007:TUN:SEX_BTSX:AGEGROUP_YEARSUNDER5:WEALTHQUINTILE_TOTL,1975-01-01,2026-09-07T16:10:58Z,low,121.880044609,,who.gho.mdg-0000000007,raw/who.gho.mdg-0000000007/2026/09/20260907T161058Z-4d8f6ed35960.json.gz,2
who.gho.mdg-0000000007,MDG_0000000007:TUN:SEX_BTSX:AGEGROUP_YEARSUNDER5:WEALTHQUINTILE_TOTL,1975-01-01,2026-09-07T16:10:58Z,restated_at,2026-08-05,,who.gho.mdg-0000000007,raw/who.gho.mdg-0000000007/2026/09/20260907T161058Z-4d8f6ed35960.json.gz,2
who.gho.mdg-0000000007,MDG_0000000007:TUN:SEX_BTSX:AGEGROUP_YEARSUNDER5:WEALTHQUINTILE_TOTL,1975-01-01,2026-09-07T16:10:58Z,value,134.507461169,,who.gho.mdg-0000000007,raw/who.gho.mdg-0000000007/2026/09/20260907T161058Z-4d8f6ed35960.json.gz,2
who.gho.mdg-0000000007,MDG_0000000007:TUN:SEX_FMLE:AGEGROUP_YEARSUNDER5:WEALTHQUINTILE_TOTL,1975-01-01,2026-09-07T16:09:34Z,high,145.52962165,,who.gho.mdg-0000000007,raw/who.gho.mdg-0000000007/2026/09/20260907T160934Z-f7f0902b1194.json.gz,2
who.gho.mdg-0000000007,MDG_0000000007:TUN:SEX_FMLE:AGEGROUP_YEARSUNDER5:WEALTHQUINTILE_TOTL,1975-01-01,2026-09-07T16:09:34Z,low,118.646273748,,who.gho.mdg-0000000007,raw/who.gho.mdg-0000000007/2026/09/20260907T160934Z-f7f0902b1194.json.gz,2
who.gho.mdg-0000000007,MDG_0000000007:TUN:SEX_FMLE:AGEGROUP_YEARSUNDER5:WEALTHQUINTILE_TOTL,1975-01-01,2026-09-07T16:09:34Z,restated_at,2026-08-05,,who.gho.mdg-0000000007,raw/who.gho.mdg-0000000007/2026/09/20260907T160934Z-f7f0902b1194.json.gz,2
who.gho.mdg-0000000007,MDG_0000000007:TUN:SEX_FMLE:AGEGROUP_YEARSUNDER5:WEALTHQUINTILE_TOTL,1975-01-01,2026-09-07T16:09:34Z,value,131.582186329,,who.gho.mdg-0000000007,raw/who.gho.mdg-0000000007/2026/09/20260907T160934Z-f7f0902b1194.json.gz,2
who.gho.mdg-0000000007,MDG_0000000007:TUN:SEX_MLE:AGEGROUP_YEARSUNDER5:WEALTHQUINTILE_TOTL,1975-01-01,2026-09-07T16:11:22Z,high,152.232091852,,who.gho.mdg-0000000007,raw/who.gho.mdg-0000000007/2026/09/20260907T161122Z-4e9c288e3adb.json.gz,2
who.gho.mdg-0000000007,MDG_0000000007:TUN:SEX_MLE:AGEGROUP_YEARSUNDER5:WEALTHQUINTILE_TOTL,1975-01-01,2026-09-07T16:11:22Z,low,124.014600646,,who.gho.mdg-0000000007,raw/who.gho.mdg-0000000007/2026/09/20260907T161122Z-4e9c288e3adb.json.gz,2
who.gho.mdg-0000000007,MDG_0000000007:TUN:SEX_MLE:AGEGROUP_YEARSUNDER5:WEALTHQUINTILE_TOTL,1975-01-01,2026-09-07T16:11:22Z,restated_at,2026-08-05,,who.gho.mdg-0000000007,raw/who.gho.mdg-0000000007/2026/09/20260907T161122Z-4e9c288e3adb.json.gz,2
who.gho.mdg-0000000007,MDG_0000000007:TUN:SEX_MLE:AGEGROUP_YEARSUNDER5:WEALTHQUINTILE_TOTL,1975-01-01,2026-09-07T16:11:22Z,value,137.281354407,,who.gho.mdg-0000000007,raw/who.gho.mdg-0000000007/2026/09/20260907T161122Z-4e9c288e3adb.json.gz,2
who.gho.mdg-0000000007,MDG_0000000007:TUR:SEX_BTSX:AGEGROUP_YEARSUNDER5:WEALTHQUINTILE_TOTL,1975-01-01,2026-09-07T16:09:30Z,high,168.666176273,,who.gho.mdg-0000000007,raw/who.gho.mdg-0000000007/2026/09/20260907T160930Z-3a49f2d0e7d2.json.gz,2
who.gho.mdg-0000000007,MDG_0000000007:TUR:SEX_BTSX:AGEGROUP_YEARSUNDER5:WEALTHQUINTILE_TOTL,1975-01-01,2026-09-07T16:09:30Z,low,147.93849448,,who.gho.mdg-0000000007,raw/who.gho.mdg-0000000007/2026/09/20260907T160930Z-3a49f2d0e7d2.json.gz,2
who.gho.mdg-0000000007,MDG_0000000007:TUR:SEX_BTSX:AGEGROUP_YEARSUNDER5:WEALTHQUINTILE_TOTL,1975-01-01,2026-09-07T16:09:30Z,restated_at,2026-08-05,,who.gho.mdg-0000000007,raw/who.gho.mdg-0000000007/2026/09/20260907T160930Z-3a49f2d0e7d2.json.gz,2
who.gho.mdg-0000000007,MDG_0000000007:TUR:SEX_BTSX:AGEGROUP_YEARSUNDER5:WEALTHQUINTILE_TOTL,1975-01-01,2026-09-07T16:09:30Z,value,158.010244793,,who.gho.mdg-0000000007,raw/who.gho.mdg-0000000007/2026/09/20260907T160930Z-3a49f2d0e7d2.json.gz,2
who.gho.mdg-0000000007,MDG_0000000007:TUR:SEX_FMLE:AGEGROUP_YEARSUNDER5:WEALTHQUINTILE_TOTL,1975-01-01,2026-09-07T16:05:38Z,high,163.345293662,,who.gho.mdg-0000000007,raw/who.gho.mdg-0000000007/2026/09/20260907T160538Z-28a5f6808180.json.gz,2
who.gho.mdg-0000000007,MDG_0000000007:TUR:SEX_FMLE:AGEGROUP_YEARSUNDER5:WEALTHQUINTILE_TOTL,1975-01-01,2026-09-07T16:05:38Z,low,141.960592672,,who.gho.mdg-0000000007,raw/who.gho.mdg-0000000007/2026/09/20260907T160538Z-28a5f6808180.json.gz,2
who.gho.mdg-0000000007,MDG_0000000007:TUR:SEX_FMLE:AGEGROUP_YEARSUNDER5:WEALTHQUINTILE_TOTL,1975-01-01,2026-09-07T16:05:38Z,restated_at,2026-08-05,,who.gho.mdg-0000000007,raw/who.gho.mdg-0000000007/2026/09/20260907T160538Z-28a5f6808180.json.gz,2
who.gho.mdg-0000000007,MDG_0000000007:TUR:SEX_FMLE:AGEGROUP_YEARSUNDER5:WEALTHQUINTILE_TOTL,1975-01-01,2026-09-07T16:05:38Z,value,152.489718576,,who.gho.mdg-0000000007,raw/who.gho.mdg-0000000007/2026/09/20260907T160538Z-28a5f6808180.json.gz,2
who.gho.mdg-0000000007,MDG_0000000007:TUR:SEX_MLE:AGEGROUP_YEARSUNDER5:WEALTHQUINTILE_TOTL,1975-01-01,2026-09-07T16:08:45Z,high,174.821805934,,who.gho.mdg-0000000007,raw/who.gho.mdg-0000000007/2026/09/20260907T160845Z-9b23f1f1b45b.json.gz,2
who.gho.mdg-0000000007,MDG_0000000007:TUR:SEX_MLE:AGEGROUP_YEARSUNDER5:WEALTHQUINTILE_TOTL,1975-01-01,2026-09-07T16:08:45Z,low,152.460326084,,who.gho.mdg-0000000007,raw/who.gho.mdg-0000000007/2026/09/20260907T160845Z-9b23f1f1b45b.json.gz,2
who.gho.mdg-0000000007,MDG_0000000007:TUR:SEX_MLE:AGEGROUP_YEARSUNDER5:WEALTHQUINTILE_TOTL,1975-01-01,2026-09-07T16:08:45Z,restated_at,2026-08-05,,who.gho.mdg-0000000007,raw/who.gho.mdg-0000000007/2026/09/20260907T160845Z-9b23f1f1b45b.json.gz,2
who.gho.mdg-0000000007,MDG_0000000007:TUR:SEX_MLE:AGEGROUP_YEARSUNDER5:WEALTHQUINTILE_TOTL,1975-01-01,2026-09-07T16:08:45Z,value,163.186309327,,who.gho.mdg-0000000007,raw/who.gho.mdg-0000000007/2026/09/20260907T160845Z-9b23f1f1b45b.json.gz,2
who.gho.mdg-0000000007,MDG_0000000007:TUV:SEX_BTSX:AGEGROUP_YEARSUNDER5:WEALTHQUINTILE_TOTL,1975-01-01,2026-09-07T16:09:34Z,high,98.294047474,,who.gho.mdg-0000000007,raw/who.gho.mdg-0000000007/2026/09/20260907T160934Z-f7f0902b1194.json.gz,2
who.gho.mdg-0000000007,MDG_0000000007:TUV:SEX_BTSX:AGEGROUP_YEARSUNDER5:WEALTHQUINTILE_TOTL,1975-01-01,2026-09-07T16:09:34Z,low,69.477663729,,who.gho.mdg-0000000007,raw/who.gho.mdg-0000000007/2026/09/20260907T160934Z-f7f0902b1194.json.gz,2
who.gho.mdg-0000000007,MDG_0000000007:TUV:SEX_BTSX:AGEGROUP_YEARSUNDER5:WEALTHQUINTILE_TOTL,1975-01-01,2026-09-07T16:09:34Z,restated_at,2026-08-05,,who.gho.mdg-0000000007,raw/who.gho.mdg-0000000007/2026/09/20260907T160934Z-f7f0902b1194.json.gz,2
who.gho.mdg-0000000007,MDG_0000000007:TUV:SEX_BTSX:AGEGROUP_YEARSUNDER5:WEALTHQUINTILE_TOTL,1975-01-01,2026-09-07T16:09:34Z,value,82.903977176,,who.gho.mdg-0000000007,raw/who.gho.mdg-0000000007/2026/09/20260907T160934Z-f7f0902b1194.json.gz,2
who.gho.mdg-0000000007,MDG_0000000007:TUV:SEX_FMLE:AGEGROUP_YEARSUNDER5:WEALTHQUINTILE_TOTL,1975-01-01,2026-09-07T16:09:22Z,high,88.048110859,,who.gho.mdg-0000000007,raw/who.gho.mdg-0000000007/2026/09/20260907T160922Z-b03be7779b07.json.gz,2
who.gho.mdg-0000000007,MDG_0000000007:TUV:SEX_FMLE:AGEGROUP_YEARSUNDER5:WEALTHQUINTILE_TOTL,1975-01-01,2026-09-07T16:09:22Z,low,61.799822286,,who.gho.mdg-0000000007,raw/who.gho.mdg-0000000007/2026/09/20260907T160922Z-b03be7779b07.json.gz,2
who.gho.mdg-0000000007,MDG_0000000007:TUV:SEX_FMLE:AGEGROUP_YEARSUNDER5:WEALTHQUINTILE_TOTL,1975-01-01,2026-09-07T16:09:22Z,restated_at,2026-08-05,,who.gho.mdg-0000000007,raw/who.gho.mdg-0000000007/2026/09/20260907T160922Z-b03be7779b07.json.gz,2
who.gho.mdg-0000000007,MDG_0000000007:TUV:SEX_FMLE:AGEGROUP_YEARSUNDER5:WEALTHQUINTILE_TOTL,1975-01-01,2026-09-07T16:09:22Z,value,73.875612059,,who.gho.mdg-0000000007,raw/who.gho.mdg-0000000007/2026/09/20260907T160922Z-b03be7779b07.json.gz,2
who.gho.mdg-0000000007,MDG_0000000007:TUV:SEX_MLE:AGEGROUP_YEARSUNDER5:WEALTHQUINTILE_TOTL,1975-01-01,2026-09-07T16:09:08Z,high,108.685825025,,who.gho.mdg-0000000007,raw/who.gho.mdg-0000000007/2026/09/20260907T160908Z-96acbc2bc7cb.json.gz,2
who.gho.mdg-0000000007,MDG_0000000007:TUV:SEX_MLE:AGEGROUP_YEARSUNDER5:WEALTHQUINTILE_TOTL,1975-01-01,2026-09-07T16:09:08Z,low,76.336669744,,who.gho.mdg-0000000007,raw/who.gho.mdg-0000000007/2026/09/20260907T160908Z-96acbc2bc7cb.json.gz,2
who.gho.mdg-0000000007,MDG_0000000007:TUV:SEX_MLE:AGEGROUP_YEARSUNDER5:WEALTHQUINTILE_TOTL,1975-01-01,2026-09-07T16:09:08Z,restated_at,2026-08-05,,who.gho.mdg-0000000007,raw/who.gho.mdg-0000000007/2026/09/20260907T160908Z-96acbc2bc7cb.json.gz,2
who.gho.mdg-0000000007,MDG_0000000007:TUV:SEX_MLE:AGEGROUP_YEARSUNDER5:WEALTHQUINTILE_TOTL,1975-01-01,2026-09-07T16:09:08Z,value,91.333929239,,who.gho.mdg-0000000007,raw/who.gho.mdg-0000000007/2026/09/20260907T160908Z-96acbc2bc7cb.json.gz,2
who.gho.mdg-0000000007,MDG_0000000007:TZA:SEX_BTSX:AGEGROUP_YEARSUNDER5:WEALTHQUINTILE_TOTL,1975-01-01,2026-09-07T16:11:26Z,high,214.018745927,,who.gho.mdg-0000000007,raw/who.gho.mdg-0000000007/2026/09/20260907T161126Z-f3f9061ab4f7.json.gz,2
who.gho.mdg-0000000007,MDG_0000000007:TZA:SEX_BTSX:AGEGROUP_YEARSUNDER5:WEALTHQUINTILE_TOTL,1975-01-01,2026-09-07T16:11:26Z,low,180.396166986,,who.gho.mdg-0000000007,raw/who.gho.mdg-0000000007/2026/09/20260907T161126Z-f3f9061ab4f7.json.gz,2
who.gho.mdg-0000000007,MDG_0000000007:TZA:SEX_BTSX:AGEGROUP_YEARSUNDER5:WEALTHQUINTILE_TOTL,1975-01-01,2026-09-07T16:11:26Z,restated_at,2026-08-05,,who.gho.mdg-0000000007,raw/who.gho.mdg-0000000007/2026/09/20260907T161126Z-f3f9061ab4f7.json.gz,2
who.gho.mdg-0000000007,MDG_0000000007:TZA:SEX_BTSX:AGEGROUP_YEARSUNDER5:WEALTHQUINTILE_TOTL,1975-01-01,2026-09-07T16:11:26Z,value,196.559424294,,who.gho.mdg-0000000007,raw/who.gho.mdg-0000000007/2026/09/20260907T161126Z-f3f9061ab4f7.json.gz,2
who.gho.mdg-0000000007,MDG_0000000007:TZA:SEX_FMLE:AGEGROUP_YEARSUNDER5:WEALTHQUINTILE_TOTL,1975-01-01,2026-09-07T16:11:18Z,high,205.67388962,,who.gho.mdg-0000000007,raw/who.gho.mdg-0000000007/2026/09/20260907T161118Z-85c02b5f4e3c.json.gz,2
who.gho.mdg-0000000007,MDG_0000000007:TZA:SEX_FMLE:AGEGROUP_YEARSUNDER5:WEALTHQUINTILE_TOTL,1975-01-01,2026-09-07T16:11:18Z,low,172.095867785,,who.gho.mdg-0000000007,raw/who.gho.mdg-0000000007/2026/09/20260907T161118Z-85c02b5f4e3c.json.gz,2
who.gho.mdg-0000000007,MDG_0000000007:TZA:SEX_FMLE:AGEGROUP_YEARSUNDER5:WEALTHQUINTILE_TOTL,1975-01-01,2026-09-07T16:11:18Z,restated_at,2026-08-05,,who.gho.mdg-0000000007,raw/who.gho.mdg-0000000007/2026/09/20260907T161118Z-85c02b5f4e3c.json.gz,2
who.gho.mdg-0000000007,MDG_0000000007:TZA:SEX_FMLE:AGEGROUP_YEARSUNDER5:WEALTHQUINTILE_TOTL,1975-01-01,2026-09-07T16:11:18Z,value,187.926881097,,who.gho.mdg-0000000007,raw/who.gho.mdg-0000000007/2026/09/20260907T161118Z-85c02b5f4e3c.json.gz,2
who.gho.mdg-0000000007,MDG_0000000007:TZA:SEX_MLE:AGEGROUP_YEARSUNDER5:WEALTHQUINTILE_TOTL,1975-01-01,2026-09-07T16:09:54Z,high,223.383336951,,who.gho.mdg-0000000007,raw/who.gho.mdg-0000000007/2026/09/20260907T160954Z-3426e3999bb4.json.gz,2
who.gho.mdg-0000000007,MDG_0000000007:TZA:SEX_MLE:AGEGROUP_YEARSUNDER5:WEALTHQUINTILE_TOTL,1975-01-01,2026-09-07T16:09:54Z,low,187.179057769,,who.gho.mdg-0000000007,raw/who.gho.mdg-0000000007/2026/09/20260907T160954Z-3426e3999bb4.json.gz,2
who.gho.mdg-0000000007,MDG_0000000007:TZA:SEX_MLE:AGEGROUP_YEARSUNDER5:WEALTHQUINTILE_TOTL,1975-01-01,2026-09-07T16:09:54Z,restated_at,2026-08-05,,who.gho.mdg-0000000007,raw/who.gho.mdg-0000000007/2026/09/20260907T160954Z-3426e3999bb4.json.gz,2
who.gho.mdg-0000000007,MDG_0000000007:TZA:SEX_MLE:AGEGROUP_YEARSUNDER5:WEALTHQUINTILE_TOTL,1975-01-01,2026-09-07T16:09:54Z,value,204.72682763,,who.gho.mdg-0000000007,raw/who.gho.mdg-0000000007/2026/09/20260907T160954Z-3426e3999bb4.json.gz,2
who.gho.mdg-0000000007,MDG_0000000007:UGA:SEX_BTSX:AGEGROUP_YEARSUNDER5:WEALTHQUINTILE_TOTL,1975-01-01,2026-09-07T16:11:01Z,high,224.171538464,,who.gho.mdg-0000000007,raw/who.gho.mdg-0000000007/2026/09/20260907T161101Z-fc76d9a7e10d.json.gz,2
who.gho.mdg-0000000007,MDG_0000000007:UGA:SEX_BTSX:AGEGROUP_YEARSUNDER5:WEALTHQUINTILE_TOTL,1975-01-01,2026-09-07T16:11:01Z,low,185.0367353,,who.gho.mdg-0000000007,raw/who.gho.mdg-0000000007/2026/09/20260907T161101Z-fc76d9a7e10d.json.gz,2
who.gho.mdg-0000000007,MDG_0000000007:UGA:SEX_BTSX:AGEGROUP_YEARSUNDER5:WEALTHQUINTILE_TOTL,1975-01-01,2026-09-07T16:11:01Z,restated_at,2026-08-05,,who.gho.mdg-0000000007,raw/who.gho.mdg-0000000007/2026/09/20260907T161101Z-fc76d9a7e10d.json.gz,2
who.gho.mdg-0000000007,MDG_0000000007:UGA:SEX_BTSX:AGEGROUP_YEARSUNDER5:WEALTHQUINTILE_TOTL,1975-01-01,2026-09-07T16:11:01Z,value,203.980615957,,who.gho.mdg-0000000007,raw/who.gho.mdg-0000000007/2026/09/20260907T161101Z-fc76d9a7e10d.json.gz,2
who.gho.mdg-0000000007,MDG_0000000007:UGA:SEX_FMLE:AGEGROUP_YEARSUNDER5:WEALTHQUINTILE_TOTL,1975-01-01,2026-09-07T16:10:07Z,high,210.52293986,,who.gho.mdg-0000000007,raw/who.gho.mdg-0000000007/2026/09/20260907T161007Z-28c6cde3082c.json.gz,2
who.gho.mdg-0000000007,MDG_0000000007:UGA:SEX_FMLE:AGEGROUP_YEARSUNDER5:WEALTHQUINTILE_TOTL,1975-01-01,2026-09-07T16:10:07Z,low,172.419424226,,who.gho.mdg-0000000007,raw/who.gho.mdg-0000000007/2026/09/20260907T161007Z-28c6cde3082c.json.gz,2
who.gho.mdg-0000000007,MDG_0000000007:UGA:SEX_FMLE:AGEGROUP_YEARSUNDER5:WEALTHQUINTILE_TOTL,1975-01-01,2026-09-07T16:10:07Z,restated_at,2026-08-05,,who.gho.mdg-0000000007,raw/who.gho.mdg-0000000007/2026/09/20260907T161007Z-28c6cde3082c.json.gz,2
who.gho.mdg-0000000007,MDG_0000000007:UGA:SEX_FMLE:AGEGROUP_YEARSUNDER5:WEALTHQUINTILE_TOTL,1975-01-01,2026-09-07T16:10:07Z,value,190.646882842,,who.gho.mdg-0000000007,raw/who.gho.mdg-0000000007/2026/09/20260907T161007Z-28c6cde3082c.json.gz,2
who.gho.mdg-0000000007,MDG_0000000007:UGA:SEX_MLE:AGEGROUP_YEARSUNDER5:WEALTHQUINTILE_TOTL,1975-01-01,2026-09-07T16:08:59Z,high,238.559356881,,who.gho.mdg-0000000007,raw/who.gho.mdg-0000000007/2026/09/20260907T160859Z-81b3460c41a8.json.gz,2
who.gho.mdg-0000000007,MDG_0000000007:UGA:SEX_MLE:AGEGROUP_YEARSUNDER5:WEALTHQUINTILE_TOTL,1975-01-01,2026-09-07T16:08:59Z,low,195.979904199,,who.gho.mdg-0000000007,raw/who.gho.mdg-0000000007/2026/09/20260907T160859Z-81b3460c41a8.json.gz,2
who.gho.mdg-0000000007,MDG_0000000007:UGA:SEX_MLE:AGEGROUP_YEARSUNDER5:WEALTHQUINTILE_TOTL,1975-01-01,2026-09-07T16:08:59Z,restated_at,2026-08-05,,who.gho.mdg-0000000007,raw/who.gho.mdg-0000000007/2026/09/20260907T160859Z-81b3460c41a8.json.gz,2
who.gho.mdg-0000000007,MDG_0000000007:UGA:SEX_MLE:AGEGROUP_YEARSUNDER5:WEALTHQUINTILE_TOTL,1975-01-01,2026-09-07T16:08:59Z,value,216.482455587,,who.gho.mdg-0000000007,raw/who.gho.mdg-0000000007/2026/09/20260907T160859Z-81b3460c41a8.json.gz,2
who.gho.mdg-0000000007,MDG_0000000007:UKR:SEX_BTSX:AGEGROUP_YEARSUNDER5:WEALTHQUINTILE_TOTL,1975-01-01,2026-09-07T16:08:41Z,high,38.545594864,,who.gho.mdg-0000000007,raw/who.gho.mdg-0000000007/2026/09/20260907T160841Z-d67f78e4b8d9.json.gz,2
who.gho.mdg-0000000007,MDG_0000000007:UKR:SEX_BTSX:AGEGROUP_YEARSUNDER5:WEALTHQUINTILE_TOTL,1975-01-01,2026-09-07T16:08:41Z,low,22.269702071,,who.gho.mdg-0000000007,raw/who.gho.mdg-0000000007/2026/09/20260907T160841Z-d67f78e4b8d9.json.gz,2
who.gho.mdg-0000000007,MDG_0000000007:UKR:SEX_BTSX:AGEGROUP_YEARSUNDER5:WEALTHQUINTILE_TOTL,1975-01-01,2026-09-07T16:08:41Z,restated_at,2026-08-05,,who.gho.mdg-0000000007,raw/who.gho.mdg-0000000007/2026/09/20260907T160841Z-d67f78e4b8d9.json.gz,2
who.gho.mdg-0000000007,MDG_0000000007:UKR:SEX_BTSX:AGEGROUP_YEARSUNDER5:WEALTHQUINTILE_TOTL,1975-01-01,2026-09-07T16:08:41Z,value,29.143477633,,who.gho.mdg-0000000007,raw/who.gho.mdg-0000000007/2026/09/20260907T160841Z-d67f78e4b8d9.json.gz,2
who.gho.mdg-0000000007,MDG_0000000007:UKR:SEX_FMLE:AGEGROUP_YEARSUNDER5:WEALTHQUINTILE_TOTL,1975-01-01,2026-09-07T16:05:48Z,high,34.494880566,,who.gho.mdg-0000000007,raw/who.gho.mdg-0000000007/2026/09/20260907T160548Z-1609a76f5ecc.json.gz,2
who.gho.mdg-0000000007,MDG_0000000007:UKR:SEX_FMLE:AGEGROUP_YEARSUNDER5:WEALTHQUINTILE_TOTL,1975-01-01,2026-09-07T16:05:48Z,low,19.617841631,,who.gho.mdg-0000000007,raw/who.gho.mdg-0000000007/2026/09/20260907T160548Z-1609a76f5ecc.json.gz,2
who.gho.mdg-0000000007,MDG_0000000007:UKR:SEX_FMLE:AGEGROUP_YEARSUNDER5:WEALTHQUINTILE_TOTL,1975-01-01,2026-09-07T16:05:48Z,restated_at,2026-08-05,,who.gho.mdg-0000000007,raw/who.gho.mdg-0000000007/2026/09/20260907T160548Z-1609a76f5ecc.json.gz,2
who.gho.mdg-0000000007,MDG_0000000007:UKR:SEX_FMLE:AGEGROUP_YEARSUNDER5:WEALTHQUINTILE_TOTL,1975-01-01,2026-09-07T16:05:48Z,value,25.90857654,,who.gho.mdg-0000000007,raw/who.gho.mdg-0000000007/2026/09/20260907T160548Z-1609a76f5ecc.json.gz,2
who.gho.mdg-0000000007,MDG_0000000007:UKR:SEX_MLE:AGEGROUP_YEARSUNDER5:WEALTHQUINTILE_TOTL,1975-01-01,2026-09-07T16:05:26Z,high,42.908548666,,who.gho.mdg-0000000007,raw/who.gho.mdg-0000000007/2026/09/20260907T160526Z-1363df2b3da0.json.gz,2
who.gho.mdg-0000000007,MDG_0000000007:UKR:SEX_MLE:AGEGROUP_YEARSUNDER5:WEALTHQUINTILE_TOTL,1975-01-01,2026-09-07T16:05:26Z,low,24.673800628,,who.gho.mdg-0000000007,raw/who.gho.mdg-0000000007/2026/09/20260907T160526Z-1363df2b3da0.json.gz,2
who.gho.mdg-0000000007,MDG_0000000007:UKR:SEX_MLE:AGEGROUP_YEARSUNDER5:WEALTHQUINTILE_TOTL,1975-01-01,2026-09-07T16:05:26Z,restated_at,2026-08-05,,who.gho.mdg-0000000007,raw/who.gho.mdg-0000000007/2026/09/20260907T160526Z-1363df2b3da0.json.gz,2
who.gho.mdg-0000000007,MDG_0000000007:UKR:SEX_MLE:AGEGROUP_YEARSUNDER5:WEALTHQUINTILE_TOTL,1975-01-01,2026-09-07T16:05:26Z,value,32.271000077,,who.gho.mdg-0000000007,raw/who.gho.mdg-0000000007/2026/09/20260907T160526Z-1363df2b3da0.json.gz,2
who.gho.mdg-0000000007,MDG_0000000007:URY:SEX_BTSX:AGEGROUP_YEARSUNDER5:WEALTHQUINTILE_TOTL,1975-01-01,2026-09-07T16:05:01Z,high,56.035013113,,who.gho.mdg-0000000007,raw/who.gho.mdg-0000000007/2026/09/20260907T160501Z-2d19e1a5feef.json.gz,2
who.gho.mdg-0000000007,MDG_0000000007:URY:SEX_BTSX:AGEGROUP_YEARSUNDER5:WEALTHQUINTILE_TOTL,1975-01-01,2026-09-07T16:05:01Z,low,53.91415022,,who.gho.mdg-0000000007,raw/who.gho.mdg-0000000007/2026/09/20260907T160501Z-2d19e1a5feef.json.gz,2
who.gho.mdg-0000000007,MDG_0000000007:URY:SEX_BTSX:AGEGROUP_YEARSUNDER5:WEALTHQUINTILE_TOTL,1975-01-01,2026-09-07T16:05:01Z,restated_at,2026-08-05,,who.gho.mdg-0000000007,raw/who.gho.mdg-0000000007/2026/09/20260907T160501Z-2d19e1a5feef.json.gz,2
who.gho.mdg-0000000007,MDG_0000000007:URY:SEX_BTSX:AGEGROUP_YEARSUNDER5:WEALTHQUINTILE_TOTL,1975-01-01,2026-09-07T16:05:01Z,value,54.955261921,,who.gho.mdg-0000000007,raw/who.gho.mdg-0000000007/2026/09/20260907T160501Z-2d19e1a5feef.json.gz,2
who.gho.mdg-0000000007,MDG_0000000007:URY:SEX_FMLE:AGEGROUP_YEARSUNDER5:WEALTHQUINTILE_TOTL,1975-01-01,2026-09-07T16:09:38Z,high,50.680769119,,who.gho.mdg-0000000007,raw/who.gho.mdg-0000000007/2026/09/20260907T160938Z-81612038db74.json.gz,2
who.gho.mdg-0000000007,MDG_0000000007:URY:SEX_FMLE:AGEGROUP_YEARSUNDER5:WEALTHQUINTILE_TOTL,1975-01-01,2026-09-07T16:09:38Z,low,48.34812921,,who.gho.mdg-0000000007,raw/who.gho.mdg-0000000007/2026/09/20260907T160938Z-81612038db74.json.gz,2
who.gho.mdg-0000000007,MDG_0000000007:URY:SEX_FMLE:AGEGROUP_YEARSUNDER5:WEALTHQUINTILE_TOTL,1975-01-01,2026-09-07T16:09:38Z,restated_at,2026-08-05,,who.gho.mdg-0000000007,raw/who.gho.mdg-0000000007/2026/09/20260907T160938Z-81612038db74.json.gz,2
who.gho.mdg-0000000007,MDG_0000000007:URY:SEX_FMLE:AGEGROUP_YEARSUNDER5:WEALTHQUINTILE_TOTL,1975-01-01,2026-09-07T16:09:38Z,value,49.490036343,,who.gho.mdg-0000000007,raw/who.gho.mdg-0000000007/2026/09/20260907T160938Z-81612038db74.json.gz,2
who.gho.mdg-0000000007,MDG_0000000007:URY:SEX_MLE:AGEGROUP_YEARSUNDER5:WEALTHQUINTILE_TOTL,1975-01-01,2026-09-07T16:05:52Z,high,61.538494827,,who.gho.mdg-0000000007,raw/who.gho.mdg-0000000007/2026/09/20260907T160552Z-f44dce2e8a23.json.gz,2
who.gho.mdg-0000000007,MDG_0000000007:URY:SEX_MLE:AGEGROUP_YEARSUNDER5:WEALTHQUINTILE_TOTL,1975-01-01,2026-09-07T16:05:52Z,low,58.861217268,,who.gho.mdg-0000000007,raw/who.gho.mdg-0000000007/2026/09/20260907T160552Z-f44dce2e8a23.json.gz,2
who.gho.mdg-0000000007,MDG_0000000007:URY:SEX_MLE:AGEGROUP_YEARSUNDER5:WEALTHQUINTILE_TOTL,1975-01-01,2026-09-07T16:05:52Z,restated_at,2026-08-05,,who.gho.mdg-0000000007,raw/who.gho.mdg-0000000007/2026/09/20260907T160552Z-f44dce2e8a23.json.gz,2
who.gho.mdg-0000000007,MDG_0000000007:URY:SEX_MLE:AGEGROUP_YEARSUNDER5:WEALTHQUINTILE_TOTL,1975-01-01,2026-09-07T16:05:52Z,value,60.18706876,,who.gho.mdg-0000000007,raw/who.gho.mdg-0000000007/2026/09/20260907T160552Z-f44dce2e8a23.json.gz,2
who.gho.mdg-0000000007,MDG_0000000007:USA:SEX_BTSX:AGEGROUP_YEARSUNDER5:WEALTHQUINTILE_TOTL,1975-01-01,2026-09-07T16:05:48Z,high,19.093318689,,who.gho.mdg-0000000007,raw/who.gho.mdg-0000000007/2026/09/20260907T160548Z-1609a76f5ecc.json.gz,2
who.gho.mdg-0000000007,MDG_0000000007:USA:SEX_BTSX:AGEGROUP_YEARSUNDER5:WEALTHQUINTILE_TOTL,1975-01-01,2026-09-07T16:05:48Z,low,18.478572734,,who.gho.mdg-0000000007,raw/who.gho.mdg-0000000007/2026/09/20260907T160548Z-1609a76f5ecc.json.gz,2
who.gho.mdg-0000000007,MDG_0000000007:USA:SEX_BTSX:AGEGROUP_YEARSUNDER5:WEALTHQUINTILE_TOTL,1975-01-01,2026-09-07T16:05:48Z,restated_at,2026-08-05,,who.gho.mdg-0000000007,raw/who.gho.mdg-0000000007/2026/09/20260907T160548Z-1609a76f5ecc.json.gz,2
who.gho.mdg-0000000007,MDG_0000000007:USA:SEX_BTSX:AGEGROUP_YEARSUNDER5:WEALTHQUINTILE_TOTL,1975-01-01,2026-09-07T16:05:48Z,value,18.778488041,,who.gho.mdg-0000000007,raw/who.gho.mdg-0000000007/2026/09/20260907T160548Z-1609a76f5ecc.json.gz,2
who.gho.mdg-0000000007,MDG_0000000007:USA:SEX_FMLE:AGEGROUP_YEARSUNDER5:WEALTHQUINTILE_TOTL,1975-01-01,2026-09-07T16:10:53Z,high,16.86251285,,who.gho.mdg-0000000007,raw/who.gho.mdg-0000000007/2026/09/20260907T161053Z-9a5808e2a757.json.gz,2
who.gho.mdg-0000000007,MDG_0000000007:USA:SEX_FMLE:AGEGROUP_YEARSUNDER5:WEALTHQUINTILE_TOTL,1975-01-01,2026-09-07T16:10:53Z,low,16.281781545,,who.gho.mdg-0000000007,raw/who.gho.mdg-0000000007/2026/09/20260907T161053Z-9a5808e2a757.json.gz,2
who.gho.mdg-0000000007,MDG_0000000007:USA:SEX_FMLE:AGEGROUP_YEARSUNDER5:WEALTHQUINTILE_TOTL,1975-01-01,2026-09-07T16:10:53Z,restated_at,2026-08-05,,who.gho.mdg-0000000007,raw/who.gho.mdg-0000000007/2026/09/20260907T161053Z-9a5808e2a757.json.gz,2
who.gho.mdg-0000000007,MDG_0000000007:USA:SEX_FMLE:AGEGROUP_YEARSUNDER5:WEALTHQUINTILE_TOTL,1975-01-01,2026-09-07T16:10:53Z,value,16.565574327,,who.gho.mdg-0000000007,raw/who.gho.mdg-0000000007/2026/09/20260907T161053Z-9a5808e2a757.json.gz,2
who.gho.mdg-0000000007,MDG_0000000007:USA:SEX_MLE:AGEGROUP_YEARSUNDER5:WEALTHQUINTILE_TOTL,1975-01-01,2026-09-07T16:10:58Z,high,21.247017149,,who.gho.mdg-0000000007,raw/who.gho.mdg-0000000007/2026/09/20260907T161058Z-4d8f6ed35960.json.gz,2
who.gho.mdg-0000000007,MDG_0000000007:USA:SEX_MLE:AGEGROUP_YEARSUNDER5:WEALTHQUINTILE_TOTL,1975-01-01,2026-09-07T16:10:58Z,low,20.54110034,,who.gho.mdg-0000000007,raw/who.gho.mdg-0000000007/2026/09/20260907T161058Z-4d8f6ed35960.json.gz,2
who.gho.mdg-0000000007,MDG_0000000007:USA:SEX_MLE:AGEGROUP_YEARSUNDER5:WEALTHQUINTILE_TOTL,1975-01-01,2026-09-07T16:10:58Z,restated_at,2026-08-05,,who.gho.mdg-0000000007,raw/who.gho.mdg-0000000007/2026/09/20260907T161058Z-4d8f6ed35960.json.gz,2
who.gho.mdg-0000000007,MDG_0000000007:USA:SEX_MLE:AGEGROUP_YEARSUNDER5:WEALTHQUINTILE_TOTL,1975-01-01,2026-09-07T16:10:58Z,value,20.885504661,,who.gho.mdg-0000000007,raw/who.gho.mdg-0000000007/2026/09/20260907T161058Z-4d8f6ed35960.json.gz,2
who.gho.mdg-0000000007,MDG_0000000007:VCT:SEX_BTSX:AGEGROUP_YEARSUNDER5:WEALTHQUINTILE_TOTL,1975-01-01,2026-09-07T16:08:54Z,high,80.137836844,,who.gho.mdg-0000000007,raw/who.gho.mdg-0000000007/2026/09/20260907T160854Z-e3873ac72928.json.gz,2
who.gho.mdg-0000000007,MDG_0000000007:VCT:SEX_BTSX:AGEGROUP_YEARSUNDER5:WEALTHQUINTILE_TOTL,1975-01-01,2026-09-07T16:08:54Z,low,74.009515681,,who.gho.mdg-0000000007,raw/who.gho.mdg-0000000007/2026/09/20260907T160854Z-e3873ac72928.json.gz,2
who.gho.mdg-0000000007,MDG_0000000007:VCT:SEX_BTSX:AGEGROUP_YEARSUNDER5:WEALTHQUINTILE_TOTL,1975-01-01,2026-09-07T16:08:54Z,restated_at,2026-08-05,,who.gho.mdg-0000000007,raw/who.gho.mdg-0000000007/2026/09/20260907T160854Z-e3873ac72928.json.gz,2
who.gho.mdg-0000000007,MDG_0000000007:VCT:SEX_BTSX:AGEGROUP_YEARSUNDER5:WEALTHQUINTILE_TOTL,1975-01-01,2026-09-07T16:08:54Z,value,76.990261572,,who.gho.mdg-0000000007,raw/who.gho.mdg-0000000007/2026/09/20260907T160854Z-e3873ac72928.json.gz,2
who.gho.mdg-0000000007,MDG_0000000007:VCT:SEX_FMLE:AGEGROUP_YEARSUNDER5:WEALTHQUINTILE_TOTL,1975-01-01,2026-09-07T16:10:07Z,high,75.765004636,,who.gho.mdg-0000000007,raw/who.gho.mdg-0000000007/2026/09/20260907T161007Z-28c6cde3082c.json.gz,2
who.gho.mdg-0000000007,MDG_0000000007:VCT:SEX_FMLE:AGEGROUP_YEARSUNDER5:WEALTHQUINTILE_TOTL,1975-01-01,2026-09-07T16:10:07Z,low,68.841536002,,who.gho.mdg-0000000007,raw/who.gho.mdg-0000000007/2026/09/20260907T161007Z-28c6cde3082c.json.gz,2
who.gho.mdg-0000000007,MDG_0000000007:VCT:SEX_FMLE:AGEGROUP_YEARSUNDER5:WEALTHQUINTILE_TOTL,1975-01-01,2026-09-07T16:10:07Z,restated_at,2026-08-05,,who.gho.mdg-0000000007,raw/who.gho.mdg-0000000007/2026/09/20260907T161007Z-28c6cde3082c.json.gz,2
who.gho.mdg-0000000007,MDG_0000000007:VCT:SEX_FMLE:AGEGROUP_YEARSUNDER5:WEALTHQUINTILE_TOTL,1975-01-01,2026-09-07T16:10:07Z,value,72.222948016,,who.gho.mdg-0000000007,raw/who.gho.mdg-0000000007/2026/09/20260907T161007Z-28c6cde3082c.json.gz,2
who.gho.mdg-0000000007,MDG_0000000007:VCT:SEX_MLE:AGEGROUP_YEARSUNDER5:WEALTHQUINTILE_TOTL,1975-01-01,2026-09-07T16:04:56Z,high,85.404236017,,who.gho.mdg-0000000007,raw/who.gho.mdg-0000000007/2026/09/20260907T160456Z-9369d1ec1a28.json.gz,2
who.gho.mdg-0000000007,MDG_0000000007:VCT:SEX_MLE:AGEGROUP_YEARSUNDER5:WEALTHQUINTILE_TOTL,1975-01-01,2026-09-07T16:04:56Z,low,77.848839746,,who.gho.mdg-0000000007,raw/who.gho.mdg-0000000007/2026/09/20260907T160456Z-9369d1ec1a28.json.gz,2
who.gho.mdg-0000000007,MDG_0000000007:VCT:SEX_MLE:AGEGROUP_YEARSUNDER5:WEALTHQUINTILE_TOTL,1975-01-01,2026-09-07T16:04:56Z,restated_at,2026-08-05,,who.gho.mdg-0000000007,raw/who.gho.mdg-0000000007/2026/09/20260907T160456Z-9369d1ec1a28.json.gz,2
who.gho.mdg-0000000007,MDG_0000000007:VCT:SEX_MLE:AGEGROUP_YEARSUNDER5:WEALTHQUINTILE_TOTL,1975-01-01,2026-09-07T16:04:56Z,value,81.501342934,,who.gho.mdg-0000000007,raw/who.gho.mdg-0000000007/2026/09/20260907T160456Z-9369d1ec1a28.json.gz,2
who.gho.mdg-0000000007,MDG_0000000007:VEN:SEX_BTSX:AGEGROUP_YEARSUNDER5:WEALTHQUINTILE_TOTL,1975-01-01,2026-09-07T16:10:58Z,high,59.622023267,,who.gho.mdg-0000000007,raw/who.gho.mdg-0000000007/2026/09/20260907T161058Z-4d8f6ed35960.json.gz,2
who.gho.mdg-0000000007,MDG_0000000007:VEN:SEX_BTSX:AGEGROUP_YEARSUNDER5:WEALTHQUINTILE_TOTL,1975-01-01,2026-09-07T16:10:58Z,low,48.255744742,,who.gho.mdg-0000000007,raw/who.gho.mdg-0000000007/2026/09/20260907T161058Z-4d8f6ed35960.json.gz,2
who.gho.mdg-0000000007,MDG_0000000007:VEN:SEX_BTSX:AGEGROUP_YEARSUNDER5:WEALTHQUINTILE_TOTL,1975-01-01,2026-09-07T16:10:58Z,restated_at,2026-08-05,,who.gho.mdg-0000000007,raw/who.gho.mdg-0000000007/2026/09/20260907T161058Z-4d8f6ed35960.json.gz,2
who.gho.mdg-0000000007,MDG_0000000007:VEN:SEX_BTSX:AGEGROUP_YEARSUNDER5:WEALTHQUINTILE_TOTL,1975-01-01,2026-09-07T16:10:58Z,value,53.815907665,,who.gho.mdg-0000000007,raw/who.gho.mdg-0000000007/2026/09/20260907T161058Z-4d8f6ed35960.json.gz,2
who.gho.mdg-0000000007,MDG_0000000007:VEN:SEX_FMLE:AGEGROUP_YEARSUNDER5:WEALTHQUINTILE_TOTL,1975-01-01,2026-09-07T16:05:38Z,high,54.411254105,,who.gho.mdg-0000000007,raw/who.gho.mdg-0000000007/2026/09/20260907T160538Z-28a5f6808180.json.gz,2
who.gho.mdg-0000000007,MDG_0000000007:VEN:SEX_FMLE:AGEGROUP_YEARSUNDER5:WEALTHQUINTILE_TOTL,1975-01-01,2026-09-07T16:05:38Z,low,43.468197782,,who.gho.mdg-0000000007,raw/who.gho.mdg-0000000007/2026/09/20260907T160538Z-28a5f6808180.json.gz,2
who.gho.mdg-0000000007,MDG_0000000007:VEN:SEX_FMLE:AGEGROUP_YEARSUNDER5:WEALTHQUINTILE_TOTL,1975-01-01,2026-09-07T16:05:38Z,restated_at,2026-08-05,,who.gho.mdg-0000000007,raw/who.gho.mdg-0000000007/2026/09/20260907T160538Z-28a5f6808180.json.gz,2
who.gho.mdg-0000000007,MDG_0000000007:VEN:SEX_FMLE:AGEGROUP_YEARSUNDER5:WEALTHQUINTILE_TOTL,1975-01-01,2026-09-07T16:05:38Z,value,48.783740013,,who.gho.mdg-0000000007,raw/who.gho.mdg-0000000007/2026/09/20260907T160538Z-28a5f6808180.json.gz,2
who.gho.mdg-0000000007,MDG_0000000007:VEN:SEX_MLE:AGEGROUP_YEARSUNDER5:WEALTHQUINTILE_TOTL,1975-01-01,2026-09-07T16:08:54Z,high,65.100301539,,who.gho.mdg-0000000007,raw/who.gho.mdg-0000000007/2026/09/20260907T160854Z-e3873ac72928.json.gz,2
who.gho.mdg-0000000007,MDG_0000000007:VEN:SEX_MLE:AGEGROUP_YEARSUNDER5:WEALTHQUINTILE_TOTL,1975-01-01,2026-09-07T16:08:54Z,low,52.382412289,,who.gho.mdg-0000000007,raw/who.gho.mdg-0000000007/2026/09/20260907T160854Z-e3873ac72928.json.gz,2
who.gho.mdg-0000000007,MDG_0000000007:VEN:SEX_MLE:AGEGROUP_YEARSUNDER5:WEALTHQUINTILE_TOTL,1975-01-01,2026-09-07T16:08:54Z,restated_at,2026-08-05,,who.gho.mdg-0000000007,raw/who.gho.mdg-0000000007/2026/09/20260907T160854Z-e3873ac72928.json.gz,2
who.gho.mdg-0000000007,MDG_0000000007:VEN:SEX_MLE:AGEGROUP_YEARSUNDER5:WEALTHQUINTILE_TOTL,1975-01-01,2026-09-07T16:08:54Z,value,58.581892422,,who.gho.mdg-0000000007,raw/who.gho.mdg-0000000007/2026/09/20260907T160854Z-e3873ac72928.json.gz,2
who.gho.mdg-0000000007,MDG_0000000007:VGB:SEX_BTSX:AGEGROUP_YEARSUNDER5:WEALTHQUINTILE_TOTL,1975-01-01,2026-09-07T16:05:09Z,high,46.465521425,,who.gho.mdg-0000000007,raw/who.gho.mdg-0000000007/2026/09/20260907T160509Z-9066130499c7.json.gz,2
who.gho.mdg-0000000007,MDG_0000000007:VGB:SEX_BTSX:AGEGROUP_YEARSUNDER5:WEALTHQUINTILE_TOTL,1975-01-01,2026-09-07T16:05:09Z,low,32.957031389,,who.gho.mdg-0000000007,raw/who.gho.mdg-0000000007/2026/09/20260907T160509Z-9066130499c7.json.gz,2
who.gho.mdg-0000000007,MDG_0000000007:VGB:SEX_BTSX:AGEGROUP_YEARSUNDER5:WEALTHQUINTILE_TOTL,1975-01-01,2026-09-07T16:05:09Z,restated_at,2026-08-05,,who.gho.mdg-0000000007,raw/who.gho.mdg-0000000007/2026/09/20260907T160509Z-9066130499c7.json.gz,2
who.gho.mdg-0000000007,MDG_0000000007:VGB:SEX_BTSX:AGEGROUP_YEARSUNDER5:WEALTHQUINTILE_TOTL,1975-01-01,2026-09-07T16:05:09Z,value,39.130560944,,who.gho.mdg-0000000007,raw/who.gho.mdg-0000000007/2026/09/20260907T160509Z-9066130499c7.json.gz,2
who.gho.mdg-0000000007,MDG_0000000007:VGB:SEX_FMLE:AGEGROUP_YEARSUNDER5:WEALTHQUINTILE_TOTL,1975-01-01,2026-09-07T16:11:18Z,high,37.346797664,,who.gho.mdg-0000000007,raw/who.gho.mdg-0000000007/2026/09/20260907T161118Z-85c02b5f4e3c.json.gz,2
who.gho.mdg-0000000007,MDG_0000000007:VGB:SEX_FMLE:AGEGROUP_YEARSUNDER5:WEALTHQUINTILE_TOTL,1975-01-01,2026-09-07T16:11:18Z,low,26.371000438,,who.gho.mdg-0000000007,raw/who.gho.mdg-0000000007/2026/09/20260907T161118Z-85c02b5f4e3c.json.gz,2
who.gho.mdg-0000000007,MDG_0000000007:VGB:SEX_FMLE:AGEGROUP_YEARSUNDER5:WEALTHQUINTILE_TOTL,1975-01-01,2026-09-07T16:11:18Z,restated_at,2026-08-05,,who.gho.mdg-0000000007,raw/who.gho.mdg-0000000007/2026/09/20260907T161118Z-85c02b5f4e3c.json.gz,2
who.gho.mdg-0000000007,MDG_0000000007:VGB:SEX_FMLE:AGEGROUP_YEARSUNDER5:WEALTHQUINTILE_TOTL,1975-01-01,2026-09-07T16:11:18Z,value,31.327496713,,who.gho.mdg-0000000007,raw/who.gho.mdg-0000000007/2026/09/20260907T161118Z-85c02b5f4e3c.json.gz,2
who.gho.mdg-0000000007,MDG_0000000007:VGB:SEX_MLE:AGEGROUP_YEARSUNDER5:WEALTHQUINTILE_TOTL,1975-01-01,2026-09-07T16:10:58Z,high,55.391895032,,who.gho.mdg-0000000007,raw/who.gho.mdg-0000000007/2026/09/20260907T161058Z-4d8f6ed35960.json.gz,2
who.gho.mdg-0000000007,MDG_0000000007:VGB:SEX_MLE:AGEGROUP_YEARSUNDER5:WEALTHQUINTILE_TOTL,1975-01-01,2026-09-07T16:10:58Z,low,39.127136806,,who.gho.mdg-0000000007,raw/who.gho.mdg-0000000007/2026/09/20260907T161058Z-4d8f6ed35960.json.gz,2
who.gho.mdg-0000000007,MDG_0000000007:VGB:SEX_MLE:AGEGROUP_YEARSUNDER5:WEALTHQUINTILE_TOTL,1975-01-01,2026-09-07T16:10:58Z,restated_at,2026-08-05,,who.gho.mdg-0000000007,raw/who.gho.mdg-0000000007/2026/09/20260907T161058Z-4d8f6ed35960.json.gz,2
who.gho.mdg-0000000007,MDG_0000000007:VGB:SEX_MLE:AGEGROUP_YEARSUNDER5:WEALTHQUINTILE_TOTL,1975-01-01,2026-09-07T16:10:58Z,value,46.566911044,,who.gho.mdg-0000000007,raw/who.gho.mdg-0000000007/2026/09/20260907T161058Z-4d8f6ed35960.json.gz,2
who.gho.mdg-0000000007,MDG_0000000007:VNM:SEX_BTSX:AGEGROUP_YEARSUNDER5:WEALTHQUINTILE_TOTL,1975-01-01,2026-09-07T16:11:18Z,high,87.32027966,,who.gho.mdg-0000000007,raw/who.gho.mdg-0000000007/2026/09/20260907T161118Z-85c02b5f4e3c.json.gz,2
who.gho.mdg-0000000007,MDG_0000000007:VNM:SEX_BTSX:AGEGROUP_YEARSUNDER5:WEALTHQUINTILE_TOTL,1975-01-01,2026-09-07T16:11:18Z,low,70.661588029,,who.gho.mdg-0000000007,raw/who.gho.mdg-0000000007/2026/09/20260907T161118Z-85c02b5f4e3c.json.gz,2
who.gho.mdg-0000000007,MDG_0000000007:VNM:SEX_BTSX:AGEGROUP_YEARSUNDER5:WEALTHQUINTILE_TOTL,1975-01-01,2026-09-07T16:11:18Z,restated_at,2026-08-05,,who.gho.mdg-0000000007,raw/who.gho.mdg-0000000007/2026/09/20260907T161118Z-85c02b5f4e3c.json.gz,2
who.gho.mdg-0000000007,MDG_0000000007:VNM:SEX_BTSX:AGEGROUP_YEARSUNDER5:WEALTHQUINTILE_TOTL,1975-01-01,2026-09-07T16:11:18Z,value,78.52253011,,who.gho.mdg-0000000007,raw/who.gho.mdg-0000000007/2026/09/20260907T161118Z-85c02b5f4e3c.json.gz,2
who.gho.mdg-0000000007,MDG_0000000007:VNM:SEX_FMLE:AGEGROUP_YEARSUNDER5:WEALTHQUINTILE_TOTL,1975-01-01,2026-09-07T16:09:03Z,high,75.16014443,,who.gho.mdg-0000000007,raw/who.gho.mdg-0000000007/2026/09/20260907T160903Z-df09845b881e.json.gz,2
who.gho.mdg-0000000007,MDG_0000000007:VNM:SEX_FMLE:AGEGROUP_YEARSUNDER5:WEALTHQUINTILE_TOTL,1975-01-01,2026-09-07T16:09:03Z,low,60.087577869,,who.gho.mdg-0000000007,raw/who.gho.mdg-0000000007/2026/09/20260907T160903Z-df09845b881e.json.gz,2
who.gho.mdg-0000000007,MDG_0000000007:VNM:SEX_FMLE:AGEGROUP_YEARSUNDER5:WEALTHQUINTILE_TOTL,1975-01-01,2026-09-07T16:09:03Z,restated_at,2026-08-05,,who.gho.mdg-0000000007,raw/who.gho.mdg-0000000007/2026/09/20260907T160903Z-df09845b881e.json.gz,2
who.gho.mdg-0000000007,MDG_0000000007:VNM:SEX_FMLE:AGEGROUP_YEARSUNDER5:WEALTHQUINTILE_TOTL,1975-01-01,2026-09-07T16:09:03Z,value,67.074735848,,who.gho.mdg-0000000007,raw/who.gho.mdg-0000000007/2026/09/20260907T160903Z-df09845b881e.json.gz,2
who.gho.mdg-0000000007,MDG_0000000007:VNM:SEX_MLE:AGEGROUP_YEARSUNDER5:WEALTHQUINTILE_TOTL,1975-01-01,2026-09-07T16:10:07Z,high,99.687026714,,who.gho.mdg-0000000007,raw/who.gho.mdg-0000000007/2026/09/20260907T161007Z-28c6cde3082c.json.gz,2
who.gho.mdg-0000000007,MDG_0000000007:VNM:SEX_MLE:AGEGROUP_YEARSUNDER5:WEALTHQUINTILE_TOTL,1975-01-01,2026-09-07T16:10:07Z,low,80.230435948,,who.gho.mdg-0000000007,raw/who.gho.mdg-0000000007/2026/09/20260907T161007Z-28c6cde3082c.json.gz,2
who.gho.mdg-0000000007,MDG_0000000007:VNM:SEX_MLE:AGEGROUP_YEARSUNDER5:WEALTHQUINTILE_TOTL,1975-01-01,2026-09-07T16:10:07Z,restated_at,2026-08-05,,who.gho.mdg-0000000007,raw/who.gho.mdg-0000000007/2026/09/20260907T161007Z-28c6cde3082c.json.gz,2
who.gho.mdg-0000000007,MDG_0000000007:VNM:SEX_MLE:AGEGROUP_YEARSUNDER5:WEALTHQUINTILE_TOTL,1975-01-01,2026-09-07T16:10:07Z,value,89.367662578,,who.gho.mdg-0000000007,raw/who.gho.mdg-0000000007/2026/09/20260907T161007Z-28c6cde3082c.json.gz,2
who.gho.mdg-0000000007,MDG_0000000007:VUT:SEX_BTSX:AGEGROUP_YEARSUNDER5:WEALTHQUINTILE_TOTL,1975-01-01,2026-09-07T16:09:30Z,high,110.27562762,,who.gho.mdg-0000000007,raw/who.gho.mdg-0000000007/2026/09/20260907T160930Z-3a49f2d0e7d2.json.gz,2
who.gho.mdg-0000000007,MDG_0000000007:VUT:SEX_BTSX:AGEGROUP_YEARSUNDER5:WEALTHQUINTILE_TOTL,1975-01-01,2026-09-07T16:09:30Z,low,70.45486519,,who.gho.mdg-0000000007,raw/who.gho.mdg-0000000007/2026/09/20260907T160930Z-3a49f2d0e7d2.json.gz,2
who.gho.mdg-0000000007,MDG_0000000007:VUT:SEX_BTSX:AGEGROUP_YEARSUNDER5:WEALTHQUINTILE_TOTL,1975-01-01,2026-09-07T16:09:30Z,restated_at,2026-08-05,,who.gho.mdg-0000000007,raw/who.gho.mdg-0000000007/2026/09/20260907T160930Z-3a49f2d0e7d2.json.gz,2
who.gho.mdg-0000000007,MDG_0000000007:VUT:SEX_BTSX:AGEGROUP_YEARSUNDER5:WEALTHQUINTILE_TOTL,1975-01-01,2026-09-07T16:09:30Z,value,87.754108426,,who.gho.mdg-0000000007,raw/who.gho.mdg-0000000007/2026/09/20260907T160930Z-3a49f2d0e7d2.json.gz,2
who.gho.mdg-0000000007,MDG_0000000007:VUT:SEX_FMLE:AGEGROUP_YEARSUNDER5:WEALTHQUINTILE_TOTL,1975-01-01,2026-09-07T16:10:07Z,high,105.802560387,,who.gho.mdg-0000000007,raw/who.gho.mdg-0000000007/2026/09/20260907T161007Z-28c6cde3082c.json.gz,2
who.gho.mdg-0000000007,MDG_0000000007:VUT:SEX_FMLE:AGEGROUP_YEARSUNDER5:WEALTHQUINTILE_TOTL,1975-01-01,2026-09-07T16:10:07Z,low,66.526808681,,who.gho.mdg-0000000007,raw/who.gho.mdg-0000000007/2026/09/20260907T161007Z-28c6cde3082c.json.gz,2
who.gho.mdg-0000000007,MDG_0000000007:VUT:SEX_FMLE:AGEGROUP_YEARSUNDER5:WEALTHQUINTILE_TOTL,1975-01-01,2026-09-07T16:10:07Z,restated_at,2026-08-05,,who.gho.mdg-0000000007,raw/who.gho.mdg-0000000007/2026/09/20260907T161007Z-28c6cde3082c.json.gz,2
who.gho.mdg-0000000007,MDG_0000000007:VUT:SEX_FMLE:AGEGROUP_YEARSUNDER5:WEALTHQUINTILE_TOTL,1975-01-01,2026-09-07T16:10:07Z,value,83.795858824,,who.gho.mdg-0000000007,raw/who.gho.mdg-0000000007/2026/09/20260907T161007Z-28c6cde3082c.json.gz,2
who.gho.mdg-0000000007,MDG_0000000007:VUT:SEX_MLE:AGEGROUP_YEARSUNDER5:WEALTHQUINTILE_TOTL,1975-01-01,2026-09-07T16:11:18Z,high,115.561870154,,who.gho.mdg-0000000007,raw/who.gho.mdg-0000000007/2026/09/20260907T161118Z-85c02b5f4e3c.json.gz,2
who.gho.mdg-0000000007,MDG_0000000007:VUT:SEX_MLE:AGEGROUP_YEARSUNDER5:WEALTHQUINTILE_TOTL,1975-01-01,2026-09-07T16:11:18Z,low,72.91422229,,who.gho.mdg-0000000007,raw/who.gho.mdg-0000000007/2026/09/20260907T161118Z-85c02b5f4e3c.json.gz,2
who.gho.mdg-0000000007,MDG_0000000007:VUT:SEX_MLE:AGEGROUP_YEARSUNDER5:WEALTHQUINTILE_TOTL,1975-01-01,2026-09-07T16:11:18Z,restated_at,2026-08-05,,who.gho.mdg-0000000007,raw/who.gho.mdg-0000000007/2026/09/20260907T161118Z-85c02b5f4e3c.json.gz,2
who.gho.mdg-0000000007,MDG_0000000007:VUT:SEX_MLE:AGEGROUP_YEARSUNDER5:WEALTHQUINTILE_TOTL,1975-01-01,2026-09-07T16:11:18Z,value,91.61498393,,who.gho.mdg-0000000007,raw/who.gho.mdg-0000000007/2026/09/20260907T161118Z-85c02b5f4e3c.json.gz,2
who.gho.mdg-0000000007,MDG_0000000007:WSM:SEX_BTSX:AGEGROUP_YEARSUNDER5:WEALTHQUINTILE_TOTL,1975-01-01,2026-09-07T16:05:01Z,high,67.631676333,,who.gho.mdg-0000000007,raw/who.gho.mdg-0000000007/2026/09/20260907T160501Z-2d19e1a5feef.json.gz,2
who.gho.mdg-0000000007,MDG_0000000007:WSM:SEX_BTSX:AGEGROUP_YEARSUNDER5:WEALTHQUINTILE_TOTL,1975-01-01,2026-09-07T16:05:01Z,low,46.06997559,,who.gho.mdg-0000000007,raw/who.gho.mdg-0000000007/2026/09/20260907T160501Z-2d19e1a5feef.json.gz,2
who.gho.mdg-0000000007,MDG_0000000007:WSM:SEX_BTSX:AGEGROUP_YEARSUNDER5:WEALTHQUINTILE_TOTL,1975-01-01,2026-09-07T16:05:01Z,restated_at,2026-08-05,,who.gho.mdg-0000000007,raw/who.gho.mdg-0000000007/2026/09/20260907T160501Z-2d19e1a5feef.json.gz,2
who.gho.mdg-0000000007,MDG_0000000007:WSM:SEX_BTSX:AGEGROUP_YEARSUNDER5:WEALTHQUINTILE_TOTL,1975-01-01,2026-09-07T16:05:01Z,value,56.092938598,,who.gho.mdg-0000000007,raw/who.gho.mdg-0000000007/2026/09/20260907T160501Z-2d19e1a5feef.json.gz,2
who.gho.mdg-0000000007,MDG_0000000007:WSM:SEX_FMLE:AGEGROUP_YEARSUNDER5:WEALTHQUINTILE_TOTL,1975-01-01,2026-09-07T16:05:43Z,high,62.515422445,,who.gho.mdg-0000000007,raw/who.gho.mdg-0000000007/2026/09/20260907T160543Z-0bdfcfeb6714.json.gz,2
who.gho.mdg-0000000007,MDG_0000000007:WSM:SEX_FMLE:AGEGROUP_YEARSUNDER5:WEALTHQUINTILE_TOTL,1975-01-01,2026-09-07T16:05:43Z,low,42.057044379,,who.gho.mdg-0000000007,raw/who.gho.mdg-0000000007/2026/09/20260907T160543Z-0bdfcfeb6714.json.gz,2
who.gho.mdg-0000000007,MDG_0000000007:WSM:SEX_FMLE:AGEGROUP_YEARSUNDER5:WEALTHQUINTILE_TOTL,1975-01-01,2026-09-07T16:05:43Z,restated_at,2026-08-05,,who.gho.mdg-0000000007,raw/who.gho.mdg-0000000007/2026/09/20260907T160543Z-0bdfcfeb6714.json.gz,2
who.gho.mdg-0000000007,MDG_0000000007:WSM:SEX_FMLE:AGEGROUP_YEARSUNDER5:WEALTHQUINTILE_TOTL,1975-01-01,2026-09-07T16:05:43Z,value,51.453768324,,who.gho.mdg-0000000007,raw/who.gho.mdg-0000000007/2026/09/20260907T160543Z-0bdfcfeb6714.json.gz,2
who.gho.mdg-0000000007,MDG_0000000007:WSM:SEX_MLE:AGEGROUP_YEARSUNDER5:WEALTHQUINTILE_TOTL,1975-01-01,2026-09-07T16:10:17Z,high,73.20102984,,who.gho.mdg-0000000007,raw/who.gho.mdg-0000000007/2026/09/20260907T161017Z-ca4dbf4e12d6.json.gz,2
who.gho.mdg-0000000007,MDG_0000000007:WSM:SEX_MLE:AGEGROUP_YEARSUNDER5:WEALTHQUINTILE_TOTL,1975-01-01,2026-09-07T16:10:17Z,low,49.519314504,,who.gho.mdg-0000000007,raw/who.gho.mdg-0000000007/2026/09/20260907T161017Z-ca4dbf4e12d6.json.gz,2
who.gho.mdg-0000000007,MDG_0000000007:WSM:SEX_MLE:AGEGROUP_YEARSUNDER5:WEALTHQUINTILE_TOTL,1975-01-01,2026-09-07T16:10:17Z,restated_at,2026-08-05,,who.gho.mdg-0000000007,raw/who.gho.mdg-0000000007/2026/09/20260907T161017Z-ca4dbf4e12d6.json.gz,2
who.gho.mdg-0000000007,MDG_0000000007:WSM:SEX_MLE:AGEGROUP_YEARSUNDER5:WEALTHQUINTILE_TOTL,1975-01-01,2026-09-07T16:10:17Z,value,60.35051342,,who.gho.mdg-0000000007,raw/who.gho.mdg-0000000007/2026/09/20260907T161017Z-ca4dbf4e12d6.json.gz,2
who.gho.mdg-0000000007,MDG_0000000007:YEM:SEX_BTSX:AGEGROUP_YEARSUNDER5:WEALTHQUINTILE_TOTL,1975-01-01,2026-09-07T16:10:53Z,high,297.363804544,,who.gho.mdg-0000000007,raw/who.gho.mdg-0000000007/2026/09/20260907T161053Z-9a5808e2a757.json.gz,2
who.gho.mdg-0000000007,MDG_0000000007:YEM:SEX_BTSX:AGEGROUP_YEARSUNDER5:WEALTHQUINTILE_TOTL,1975-01-01,2026-09-07T16:10:53Z,low,252.196909295,,who.gho.mdg-0000000007,raw/who.gho.mdg-0000000007/2026/09/20260907T161053Z-9a5808e2a757.json.gz,2
who.gho.mdg-0000000007,MDG_0000000007:YEM:SEX_BTSX:AGEGROUP_YEARSUNDER5:WEALTHQUINTILE_TOTL,1975-01-01,2026-09-07T16:10:53Z,restated_at,2026-08-05,,who.gho.mdg-0000000007,raw/who.gho.mdg-0000000007/2026/09/20260907T161053Z-9a5808e2a757.json.gz,2
who.gho.mdg-0000000007,MDG_0000000007:YEM:SEX_BTSX:AGEGROUP_YEARSUNDER5:WEALTHQUINTILE_TOTL,1975-01-01,2026-09-07T16:10:53Z,value,273.76085636,,who.gho.mdg-0000000007,raw/who.gho.mdg-0000000007/2026/09/20260907T161053Z-9a5808e2a757.json.gz,2
who.gho.mdg-0000000007,MDG_0000000007:YEM:SEX_FMLE:AGEGROUP_YEARSUNDER5:WEALTHQUINTILE_TOTL,1975-01-01,2026-09-07T16:08:45Z,high,288.493303404,,who.gho.mdg-0000000007,raw/who.gho.mdg-0000000007/2026/09/20260907T160845Z-9b23f1f1b45b.json.gz,2
who.gho.mdg-0000000007,MDG_0000000007:YEM:SEX_FMLE:AGEGROUP_YEARSUNDER5:WEALTHQUINTILE_TOTL,1975-01-01,2026-09-07T16:08:45Z,low,242.983529458,,who.gho.mdg-0000000007,raw/who.gho.mdg-0000000007/2026/09/20260907T160845Z-9b23f1f1b45b.json.gz,2
who.gho.mdg-0000000007,MDG_0000000007:YEM:SEX_FMLE:AGEGROUP_YEARSUNDER5:WEALTHQUINTILE_TOTL,1975-01-01,2026-09-07T16:08:45Z,restated_at,2026-08-05,,who.gho.mdg-0000000007,raw/who.gho.mdg-0000000007/2026/09/20260907T160845Z-9b23f1f1b45b.json.gz,2
who.gho.mdg-0000000007,MDG_0000000007:YEM:SEX_FMLE:AGEGROUP_YEARSUNDER5:WEALTHQUINTILE_TOTL,1975-01-01,2026-09-07T16:08:45Z,value,264.877790242,,who.gho.mdg-0000000007,raw/who.gho.mdg-0000000007/2026/09/20260907T160845Z-9b23f1f1b45b.json.gz,2
who.gho.mdg-0000000007,MDG_0000000007:YEM:SEX_MLE:AGEGROUP_YEARSUNDER5:WEALTHQUINTILE_TOTL,1975-01-01,2026-09-07T16:05:35Z,high,307.429947536,,who.gho.mdg-0000000007,raw/who.gho.mdg-0000000007/2026/09/20260907T160535Z-bcafb05f6fe8.json.gz,2
who.gho.mdg-0000000007,MDG_0000000007:YEM:SEX_MLE:AGEGROUP_YEARSUNDER5:WEALTHQUINTILE_TOTL,1975-01-01,2026-09-07T16:05:35Z,low,259.653534957,,who.gho.mdg-0000000007,raw/who.gho.mdg-0000000007/2026/09/20260907T160535Z-bcafb05f6fe8.json.gz,2
who.gho.mdg-0000000007,MDG_0000000007:YEM:SEX_MLE:AGEGROUP_YEARSUNDER5:WEALTHQUINTILE_TOTL,1975-01-01,2026-09-07T16:05:35Z,restated_at,2026-08-05,,who.gho.mdg-0000000007,raw/who.gho.mdg-0000000007/2026/09/20260907T160535Z-bcafb05f6fe8.json.gz,2
who.gho.mdg-0000000007,MDG_0000000007:YEM:SEX_MLE:AGEGROUP_YEARSUNDER5:WEALTHQUINTILE_TOTL,1975-01-01,2026-09-07T16:05:35Z,value,282.286980383,,who.gho.mdg-0000000007,raw/who.gho.mdg-0000000007/2026/09/20260907T160535Z-bcafb05f6fe8.json.gz,2
who.gho.mdg-0000000007,MDG_0000000007:ZAF:SEX_BTSX:AGEGROUP_YEARSUNDER5:WEALTHQUINTILE_TOTL,1975-01-01,2026-09-07T16:10:45Z,high,151.925174913,,who.gho.mdg-0000000007,raw/who.gho.mdg-0000000007/2026/09/20260907T161045Z-53a7d24c459b.json.gz,2
who.gho.mdg-0000000007,MDG_0000000007:ZAF:SEX_BTSX:AGEGROUP_YEARSUNDER5:WEALTHQUINTILE_TOTL,1975-01-01,2026-09-07T16:10:45Z,low,102.773512151,,who.gho.mdg-0000000007,raw/who.gho.mdg-0000000007/2026/09/20260907T161045Z-53a7d24c459b.json.gz,2
who.gho.mdg-0000000007,MDG_0000000007:ZAF:SEX_BTSX:AGEGROUP_YEARSUNDER5:WEALTHQUINTILE_TOTL,1975-01-01,2026-09-07T16:10:45Z,restated_at,2026-08-05,,who.gho.mdg-0000000007,raw/who.gho.mdg-0000000007/2026/09/20260907T161045Z-53a7d24c459b.json.gz,2
who.gho.mdg-0000000007,MDG_0000000007:ZAF:SEX_BTSX:AGEGROUP_YEARSUNDER5:WEALTHQUINTILE_TOTL,1975-01-01,2026-09-07T16:10:45Z,value,124.859669341,,who.gho.mdg-0000000007,raw/who.gho.mdg-0000000007/2026/09/20260907T161045Z-53a7d24c459b.json.gz,2
who.gho.mdg-0000000007,MDG_0000000007:ZMB:SEX_BTSX:AGEGROUP_YEARSUNDER5:WEALTHQUINTILE_TOTL,1975-01-01,2026-09-07T16:08:59Z,high,170.368987939,,who.gho.mdg-0000000007,raw/who.gho.mdg-0000000007/2026/09/20260907T160859Z-81b3460c41a8.json.gz,2
who.gho.mdg-0000000007,MDG_0000000007:ZMB:SEX_BTSX:AGEGROUP_YEARSUNDER5:WEALTHQUINTILE_TOTL,1975-01-01,2026-09-07T16:08:59Z,low,142.775242088,,who.gho.mdg-0000000007,raw/who.gho.mdg-0000000007/2026/09/20260907T160859Z-81b3460c41a8.json.gz,2
who.gho.mdg-0000000007,MDG_0000000007:ZMB:SEX_BTSX:AGEGROUP_YEARSUNDER5:WEALTHQUINTILE_TOTL,1975-01-01,2026-09-07T16:08:59Z,restated_at,2026-08-05,,who.gho.mdg-0000000007,raw/who.gho.mdg-0000000007/2026/09/20260907T160859Z-81b3460c41a8.json.gz,2
who.gho.mdg-0000000007,MDG_0000000007:ZMB:SEX_BTSX:AGEGROUP_YEARSUNDER5:WEALTHQUINTILE_TOTL,1975-01-01,2026-09-07T16:08:59Z,value,156.213850626,,who.gho.mdg-0000000007,raw/who.gho.mdg-0000000007/2026/09/20260907T160859Z-81b3460c41a8.json.gz,2
who.gho.mdg-0000000007,MDG_0000000007:ZMB:SEX_FMLE:AGEGROUP_YEARSUNDER5:WEALTHQUINTILE_TOTL,1975-01-01,2026-09-07T16:05:01Z,high,164.667612569,,who.gho.mdg-0000000007,raw/who.gho.mdg-0000000007/2026/09/20260907T160501Z-2d19e1a5feef.json.gz,2
who.gho.mdg-0000000007,MDG_0000000007:ZMB:SEX_FMLE:AGEGROUP_YEARSUNDER5:WEALTHQUINTILE_TOTL,1975-01-01,2026-09-07T16:05:01Z,low,137.051313272,,who.gho.mdg-0000000007,raw/who.gho.mdg-0000000007/2026/09/20260907T160501Z-2d19e1a5feef.json.gz,2
who.gho.mdg-0000000007,MDG_0000000007:ZMB:SEX_FMLE:AGEGROUP_YEARSUNDER5:WEALTHQUINTILE_TOTL,1975-01-01,2026-09-07T16:05:01Z,restated_at,2026-08-05,,who.gho.mdg-0000000007,raw/who.gho.mdg-0000000007/2026/09/20260907T160501Z-2d19e1a5feef.json.gz,2
who.gho.mdg-0000000007,MDG_0000000007:ZMB:SEX_FMLE:AGEGROUP_YEARSUNDER5:WEALTHQUINTILE_TOTL,1975-01-01,2026-09-07T16:05:01Z,value,150.347109487,,who.gho.mdg-0000000007,raw/who.gho.mdg-0000000007/2026/09/20260907T160501Z-2d19e1a5feef.json.gz,2
who.gho.mdg-0000000007,MDG_0000000007:ZMB:SEX_MLE:AGEGROUP_YEARSUNDER5:WEALTHQUINTILE_TOTL,1975-01-01,2026-09-07T16:06:02Z,high,176.659112232,,who.gho.mdg-0000000007,raw/who.gho.mdg-0000000007/2026/09/20260907T160602Z-1adff4f5f376.json.gz,2
who.gho.mdg-0000000007,MDG_0000000007:ZMB:SEX_MLE:AGEGROUP_YEARSUNDER5:WEALTHQUINTILE_TOTL,1975-01-01,2026-09-07T16:06:02Z,low,147.677468877,,who.gho.mdg-0000000007,raw/who.gho.mdg-0000000007/2026/09/20260907T160602Z-1adff4f5f376.json.gz,2
who.gho.mdg-0000000007,MDG_0000000007:ZMB:SEX_MLE:AGEGROUP_YEARSUNDER5:WEALTHQUINTILE_TOTL,1975-01-01,2026-09-07T16:06:02Z,restated_at,2026-08-05,,who.gho.mdg-0000000007,raw/who.gho.mdg-0000000007/2026/09/20260907T160602Z-1adff4f5f376.json.gz,2
who.gho.mdg-0000000007,MDG_0000000007:ZMB:SEX_MLE:AGEGROUP_YEARSUNDER5:WEALTHQUINTILE_TOTL,1975-01-01,2026-09-07T16:06:02Z,value,161.765057909,,who.gho.mdg-0000000007,raw/who.gho.mdg-0000000007/2026/09/20260907T160602Z-1adff4f5f376.json.gz,2
who.gho.mdg-0000000007,MDG_0000000007:ZWE:SEX_BTSX:AGEGROUP_YEARSUNDER5:WEALTHQUINTILE_TOTL,1975-01-01,2026-09-07T16:05:06Z,high,132.735489868,,who.gho.mdg-0000000007,raw/who.gho.mdg-0000000007/2026/09/20260907T160506Z-a219a21e2a4a.json.gz,2
who.gho.mdg-0000000007,MDG_0000000007:ZWE:SEX_BTSX:AGEGROUP_YEARSUNDER5:WEALTHQUINTILE_TOTL,1975-01-01,2026-09-07T16:05:06Z,low,109.658159879,,who.gho.mdg-0000000007,raw/who.gho.mdg-0000000007/2026/09/20260907T160506Z-a219a21e2a4a.json.gz,2
who.gho.mdg-0000000007,MDG_0000000007:ZWE:SEX_BTSX:AGEGROUP_YEARSUNDER5:WEALTHQUINTILE_TOTL,1975-01-01,2026-09-07T16:05:06Z,restated_at,2026-08-05,,who.gho.mdg-0000000007,raw/who.gho.mdg-0000000007/2026/09/20260907T160506Z-a219a21e2a4a.json.gz,2
who.gho.mdg-0000000007,MDG_0000000007:ZWE:SEX_BTSX:AGEGROUP_YEARSUNDER5:WEALTHQUINTILE_TOTL,1975-01-01,2026-09-07T16:05:06Z,value,120.868762849,,who.gho.mdg-0000000007,raw/who.gho.mdg-0000000007/2026/09/20260907T160506Z-a219a21e2a4a.json.gz,2
who.gho.mdg-0000000007,MDG_0000000007:ZWE:SEX_FMLE:AGEGROUP_YEARSUNDER5:WEALTHQUINTILE_TOTL,1975-01-01,2026-09-07T16:06:16Z,high,123.323431482,,who.gho.mdg-0000000007,raw/who.gho.mdg-0000000007/2026/09/20260907T160616Z-615f6bfccb87.json.gz,2
who.gho.mdg-0000000007,MDG_0000000007:ZWE:SEX_FMLE:AGEGROUP_YEARSUNDER5:WEALTHQUINTILE_TOTL,1975-01-01,2026-09-07T16:06:16Z,low,100.980059806,,who.gho.mdg-0000000007,raw/who.gho.mdg-0000000007/2026/09/20260907T160616Z-615f6bfccb87.json.gz,2
who.gho.mdg-0000000007,MDG_0000000007:ZWE:SEX_FMLE:AGEGROUP_YEARSUNDER5:WEALTHQUINTILE_TOTL,1975-01-01,2026-09-07T16:06:16Z,restated_at,2026-08-05,,who.gho.mdg-0000000007,raw/who.gho.mdg-0000000007/2026/09/20260907T160616Z-615f6bfccb87.json.gz,2
who.gho.mdg-0000000007,MDG_0000000007:ZWE:SEX_FMLE:AGEGROUP_YEARSUNDER5:WEALTHQUINTILE_TOTL,1975-01-01,2026-09-07T16:06:16Z,value,111.714172102,,who.gho.mdg-0000000007,raw/who.gho.mdg-0000000007/2026/09/20260907T160616Z-615f6bfccb87.json.gz,2
who.gho.mdg-0000000007,MDG_0000000007:ZWE:SEX_MLE:AGEGROUP_YEARSUNDER5:WEALTHQUINTILE_TOTL,1975-01-01,2026-09-07T16:10:21Z,high,142.769627511,,who.gho.mdg-0000000007,raw/who.gho.mdg-0000000007/2026/09/20260907T161021Z-3e9ba1677574.json.gz,2
who.gho.mdg-0000000007,MDG_0000000007:ZWE:SEX_MLE:AGEGROUP_YEARSUNDER5:WEALTHQUINTILE_TOTL,1975-01-01,2026-09-07T16:10:21Z,low,117.136773792,,who.gho.mdg-0000000007,raw/who.gho.mdg-0000000007/2026/09/20260907T161021Z-3e9ba1677574.json.gz,2
who.gho.mdg-0000000007,MDG_0000000007:ZWE:SEX_MLE:AGEGROUP_YEARSUNDER5:WEALTHQUINTILE_TOTL,1975-01-01,2026-09-07T16:10:21Z,restated_at,2026-08-05,,who.gho.mdg-0000000007,raw/who.gho.mdg-0000000007/2026/09/20260907T161021Z-3e9ba1677574.json.gz,2
who.gho.mdg-0000000007,MDG_0000000007:ZWE:SEX_MLE:AGEGROUP_YEARSUNDER5:WEALTHQUINTILE_TOTL,1975-01-01,2026-09-07T16:10:21Z,value,129.627078356,,who.gho.mdg-0000000007,raw/who.gho.mdg-0000000007/2026/09/20260907T161021Z-3e9ba1677574.json.gz,2
