indicator_code,indicator_name,last_published,days_since,status
EMFLIMITELECTRICRF,Electric field (V/m),2017-05-31,3400,ok
EMFLIMITMAGNETIC,Magnetic flux density (microT),2018-06-20,3015,ok
HCF_NO_ELECTRICITY,Percentage of health-care facilities with no access to any electricity supply (%),2022-12-22,1369,ok
HIV_ARTCOVERAGE,Estimated antiretroviral therapy coverage among people living with HIV (%),2026-07-31,52,ok
HIV_0000000006,Number of people dying from HIV-related causes,2026-07-31,52,ok
HIV_0000000023,Estimated number of children needing antiretroviral therapy based on WHO methods,2026-07-31,52,ok
HIV_0000000021,Estimated number of pregnant women living with HIV needing antiretrovirals for preventing mother-to-child transmission,2026-07-31,52,ok
HIV_0000000020,Estimated number of pregnant women living with HIV,2026-07-31,52,ok
HIV_0000000012,"Reported number of children receiving antiretroviral therapy, month and year of report",2013-06-11,4850,ok
HIV_0000000024,Estimated antiretroviral therapy coverage among children,2026-07-31,52,ok
EQ_CONDOMUSE,People who identify the use of condoms as a way to avoid AIDS (%),,,empty
HIV_0000000011,Reported number of children receiving antiretroviral therapy,2026-07-31,52,ok
HIV_0000000007,"Testing and counselling facilities, reported number",2016-03-21,3836,ok
HRH_03,Number of midwifery personnel,,,empty
HRH_02,Number of physicians,,,empty
HRH_01,Number of nursing personnel,,,empty
HRH_09,Number of other health workers,,,empty
FINPROTECTION_IMPOV_ESTIMATE_AVAILABLE,Availability of estimates on impoverishment due to out-of-pocket health expenditures,2018-12-06,2846,ok
HRH_04,Number of pharmacists,,,empty
HRH_08,Number of radiographers,,,empty
GOE_Q203,Lack of integration between various health services,2018-03-28,3099,ok
FINPROTECTION_IMP_PG_190_STD,"Increase in poverty gap due to household  health expenditures, expressed as a proportion of the $1.90 a-day poverty line (%)",2023-05-25,1215,ok
FINPROTECTION_IMP_PG_190,"Increase in poverty gap  due to household  health expenditures at the $1.90 a day poverty line, in cents of international dollars",,,empty
HCF_REL_ELECTRICITY,Percentage of health-care facilities with reliable electricity supply (%),2022-12-22,1369,ok
HRH_18,Number of personal care workers,,,empty
FINPROTECTION_CATA_TOT_10_LEVEL_MILLION,"Population with household spending on health greater than 10% of total household budget (SDG 3.8.2, estimated data) (millions)",2023-05-04,1236,ok
HRH_13,Number of laboratory scientists,,,empty
HIV_0000000008,"Testing and counselling facilities, estimated number per 100 000 adult population",2016-03-21,3836,ok
EMFSAR,Specific absorption rate (SAR) (W/kg),2017-05-31,3400,ok
GDO_q10x1x1,Availability of generic anti-dementia medication,2021-06-25,1914,ok
HRH_15,Number of dentists,,,empty
EMFSTATUS,Legislative status,2018-06-11,3024,ok
GDO_q10x1x2,Availability of at least one anti-dementia medication approved for on-label use reimbursement,2021-06-25,1914,ok
EMFLIMITPOWERDENSITY,Power density (W/m^2),2017-05-31,3400,ok
FINPROTECTION_CATA_TOT_10_LEVEL_SH,"Population with household spending on health greater than 10% of total household budget (SDG 3.8.2, estimated data) (%)",2023-05-04,1236,ok
EQ_OVERWEIGHTADULT,Prevalence of overweight and obesity,,,empty
FINPROTECTION_CATA_TOT_10_POP,"Population with household spending on health greater than 10% of total household budget (SDG 3.8.2, reported data) (%)",2024-06-04,839,ok
HIV_0000000016,Number of pregnant women living with HIV who received antiretrovirals for preventing mother-to-child transmission,2026-07-31,52,ok
HIV_0000000015,Number of pregnant women living with HIV who received antiretrovirals for preventing mother-to-child transmission,,,empty
FINPROTECTION_IMP_NP190_POP,Population  pushed below the $1.90 a day  poverty line by household  health expenditures (%),2023-05-25,1215,ok
HIV_0000000022,Estimated number of people eligible for antiretroviral therapy according to 2010 guidelines,2014-02-11,4605,ok
EMFLIMITELECTRIC900,Electric field limit at 900 MHz (V/m),,,empty
HIV_0000000025,"Testing and counselling facilities, reporting period",2016-03-22,3835,ok
EMFSTANDARD,Existence of standards,2018-06-11,3024,ok
EMFLIMITPOWERDENSITY1800,Power density limit at 1800 MHz (W/m^2),,,empty
EMFLIMITELECTRICLF,Electric field (kV/m),2018-06-11,3024,ok
FINPROTECTION_CATA_TOT_25_POP,"Population with household spending on health greater than 25% of total household budget (SDG 3.8.2, reported data) (%)",2024-06-04,839,ok
HRH_10,Number of dental technicians/assistants,,,empty
FINPROTECTION_CATA_TOT_25_LEVEL_MILLION,"Population with household spending on health greater than 25% of total household budget (SDG 3.8.2, estimated data) (millions)",2023-05-04,1236,ok
HRH_27,Laboratory health workers density (per 1000 population),,,empty
FINPROTECTION_IMP_NP_190_LEVEL_MILLION,Total population  pushed below the $1.90 a day  poverty line by household  health expenditures (millions),2023-05-18,1222,ok
HRH_31,Environmental and public health workers density (per 1000 population),,,empty
HRH_26,Physicians density (per 1000 population),,,empty
HRH_19,Number of pharmaceutical personnel,,,empty
HRH_11,Number of health management & support workers,,,empty
HSS_COMPREHENSIVEHEALTHPOLICY,Countries that have a comprehensive national health sector policy/ strategy/ plan with goals and targets updated within the last 5 years,,,empty
HRH_12,Number of environment and public health workers,,,empty
HRH_14,Number of laboratory technicians/assistants,,,empty
HRH_33,Nursing and midwifery personnel density (per 1000 population),,,empty
HRH_32,Health management & support workers density (per 1000 population),,,empty
HRH_30,Other health workers density (per 1000 population),,,empty
AIR_16,Household air pollution attributable DALYs in children under 5 years,,,empty
fps,Demand for family planning satisfied - modern and traditional methods (%),,,empty
GDO_q12x1,Existence of dementia carer support services,2021-06-25,1914,ok
HWF_0004,Specialist medical practitioners (number),2026-01-23,241,ok
HWF_0006,"Nursing and midwifery personnel (per 10,000)",2026-03-11,194,ok
AIR_12,Household air pollution attributable deaths in children under 5 years,,,empty
GBD_DALYRTAGE,"Age-standardized DALYs (per 100,000)",2014-07-04,4462,ok
AIR_10,Ambient air pollution  attributable DALYs per 100'000 children under 5 years,,,empty
HWF_0008,Nursing personnel (number),2026-01-23,241,ok
GDO_q12x1x1,Implementation level [national/subnational] of dementia carer support services,2021-06-25,1914,ok
AIR_3,Percentage of the total population living in cities > 100'000 inhabitants,,,empty
HIV_0000000001,Estimated number of people (all ages) living with HIV,2026-07-31,52,ok
GDO_q12x1x2,Existence of dedicated resources for dementia carer support services,2021-06-25,1914,ok
HWF_0001,"Medical doctors (per 10,000)",2026-03-11,194,ok
HIV_0000000026,Number of new HIV infections,2026-07-31,52,ok
HRH_46,Number of biomedical technicians,2018-08-29,2945,ok
AIR_13,Household air pollution attributable deaths per 100'000 capita,,,empty
HWF_0007,Nursing and midwifery personnel  (number),2026-01-23,241,ok
HWF_0002,Medical doctors (number),2026-01-23,241,ok
HRH_07,Number of traditional birth attendants,,,empty
HRH_06,Number of community health workers,,,empty
HWF_0018,Environmental and Occupational Health Inspectors and Associates  (number),2026-01-23,241,ok
HWF_0014,"Pharmacists  (per 10,000)",2026-03-11,194,ok
HWF_0010,"Dentists (per 10,000)",2026-03-11,194,ok
HWF_0023,Traditional and Complementary Medicine Professionals  (number),2026-01-23,241,ok
AIR_11,Household air pollution attributable deaths,2026-06-15,98,ok
AIR_14,Household air pollution  attributable deaths per 100'000 children under 5 years,,,empty
AIR_17,Household air pollution attributable DALYs (per 100 000 population),,,empty
AIR_39,"Household air pollution attributable DALYs (per 100 000, age-standardized)",2026-06-15,98,ok
HWF_0005,Medical doctors not further defined (number),2026-01-23,241,ok
HRH_25,Pharmaceutical personnel density (per 1000 population),,,empty
HRH_43,Number of licensed qualified anaesthesiologists actively working,2017-02-17,3503,ok
AIR_43,Ambient air pollution attributable DALYs,,,empty
AIR_44,DALYs attributable to ambient air pollution (age-standardized),,,empty
AIR_3_1,Percent of urban inhabitants living in cities covered by PM measurements,,,empty
HRH_45,Biomedical technicians density (per 10 000 population),2018-08-29,2945,ok
AIR_41,Ambient air pollution attributable deaths,2026-06-15,98,ok
HSS_MONITORPROGRESS,Countries that have monitored the progress of their national health policy/strategy/plan regularly,,,empty
MENING_2,Number of suspected meningitis cases reported,2015-04-21,4171,ok
HSS_UHCLEGISLATION,Countries that have passed legislation on Universal Health Coverage (UHC),2017-04-04,3457,ok
HWF_0003,Generalist medical practitioners (number),2026-01-23,241,ok
FINPROTECTION_IMP_NP_310_LEVEL_MILLION,Total population pushed below the $3.20 a day poverty line by household health expenditures (millions),2023-05-18,1222,ok
MENING_1,Number of suspected meningitis deaths reported,2015-04-21,4171,ok
MH_10,"Mental health outpatient facilities (per 100,000)",2019-04-25,2706,ok
GB_XPD_RSDV,Research and development (R&amp;D) expenditure as a proportion of GDP,,,empty
MH_11,"Mental health day treatment facilities (per 100,000)",2019-04-25,2706,ok
FINPROTECTION_IMP_NP_310_LEVEL_SH,"Total population pushed below the $3.20 a day poverty line by household health expenditures (%, regional, global)",2023-05-18,1222,ok
GDO_q10x1,National regulator approval of anti-dementia medication,2021-06-25,1914,ok
IHR07,Human resources,,,empty
fullv,Full immunization coverage among one-year-olds (%),,,empty
GDO_q10x2_1AVAIL,Availability of atleast one adult hygiene products for people with dementia,2021-06-25,1914,ok
HWF_0012,Dental Assistants and Therapists (number),2026-01-23,241,ok
HWF_0011,Dentists (number),2026-01-23,241,ok
HWF_0009,Midwifery personnel (number),2026-01-23,241,ok
AIR_18,Household air pollution  attributable DALYs per 100'000 children under 5 years,,,empty
HWF_0017,Environmental and Occupational Health and Hygiene Professionals  (number),2026-01-23,241,ok
IHR03,Surveillance,,,empty
IHR12,Chemical,,,empty
IR_ORGANOCHLORINE_PRESENCE,Organochlorine resistance reported for at least one site,2017-06-12,3388,ok
itnch,Children aged < 5 years sleeping under insecticide-treated nets (%),,,empty
AIR_36,Joint effects of air pollution attributable deaths in children under 5 years,,,empty
IHR09,Points of entry,,,empty
AIR_35,Joint effects of air pollution attributable deaths,2026-06-15,98,ok
AIR_42,"Ambient air pollution attributable death rate (per 100 000 population, age-standardized)",2026-06-15,98,ok
MH_14,"Community residential facilities (per 100,000)",2019-04-25,2706,ok
AIR_46,YLLs attributable to ambient air pollution (age-standardized),,,empty
MH_12,Age-standardized suicide rates (per 100 000 population),2025-01-28,601,ok
AIR_5,Ambient air pollution attributable death rate (per 100 000 population),,,empty
MH_20,"Outpatient visits (per 100,000)",2015-07-07,4094,ok
MH_15,"Beds in community residential facilities (per 100,000)",2019-04-25,2706,ok
MENING_3,Number of meningitis epidemic districts,2015-06-29,4102,ok
AIR_4,Ambient air pollution attributable deaths in children under 5 years,,,empty
MH_19,"Mental hospital admissions (per 100,000)",2015-07-07,4094,ok
MH_21,"Total workforce in mental health sector (per 100,000)",,,empty
AIR_51,Household air pollution attributable death rate (per 100 000 population),,,empty
MH_1,Mental health policy,2013-10-10,4729,ok
AIR_50,"Ambient air pollution attributable deaths (per 100 000 population, age-standardized)",,,empty
AIR_52,"Household air pollution attributable death rate (per 100 000 population, age-standardized)",2026-06-15,98,ok
GDO_q11x2x3,Dementia nongovernmental organization staff primarily salaried/volunteer,2021-06-25,1914,ok
MH_17,"Mental hospitals (per 100,000)",2019-04-25,2706,ok
EMFLIMITPOWERDENSITY900,Power density limit at 900 MHz (W/m^2),,,empty
FINPROTECTION_CATA_ESTIMATE_AVAILABLE,Availability of estimates on large  health expenditures as a share of total expenditure or income,2018-12-07,2845,ok
MH_2,Mental health plan,2013-10-10,4729,ok
MH_8,"Social workers working in mental health sector (per 100,000)",2019-04-25,2706,ok
GDO_q11x2x5,Provision of governmental funding to dementia nongovernmental organization for activities/services,2021-06-25,1914,ok
MH_7,"Nurses working in mental health sector (per 100,000)",2019-04-25,2706,ok
EMFPOWERFREQUENCY,Power frequency (Hz),2018-06-11,3024,ok
FINPROTECTION_CATA_TOT_25_LEVEL_SH,"Population with household spending on health greater than 25% of total household budget (SDG 3.8.2, estimated data) (%)",2023-05-04,1236,ok
MH_6,"Psychiatrists working in mental health sector (per 100,000)",2019-04-25,2706,ok
FINPROTECTION_IMP_NP_190_LEVEL_SH,Total population  pushed below the $1.90 a day  poverty line by household  health expenditures (%),2023-05-18,1222,ok
MORT_100,"Number of deaths in children aged <5 years, by cause",2024-03-25,910,ok
MH_25,Stand-alone policy or plan for mental health,2019-04-25,2706,ok
MH_5,Government expenditures on mental hospitals as a percentage of total government expenditures on mental health (%),2019-04-25,2706,ok
HIV_0000000009,Reported number of people receiving antiretroviral therapy,2026-07-31,52,ok
HRH_17,Number of medical assistants,,,empty
MH_24,"Mental health units in general hospitals admissions (per 100,000)",2015-07-07,4094,ok
HRH_16,Number of traditional medicine practitioners,,,empty
HRH_05,Number of pharmaceutical technicians/assistants,,,empty
MORT_300,Distribution of causes of death among children aged < 5 years (%),2022-11-29,1392,ok
MH_23,"Other non-specialized doctors in mental health sector (per 100,000)",,,empty
AIR_63,Household and ambient air pollution attributable DALYs in children under 5 years ('000),,,empty
GDO_q12x2_3,Existence of respite care for dementia carers,2021-06-25,1914,ok
MH_4,Government expenditures on mental health as a percentage of total government expenditures on health (%),2013-10-10,4729,ok
GDO_q10x2_HOSUE,Availability of atleast one housing adjustment for people with dementia,2021-06-25,1914,ok
GDO_q11x2x1,Dementia nongovernmental organization equipped with office,2021-06-25,1914,ok
GDO_q12x2_2,Existence of psycho-social supports for dementia carers,2021-06-25,1914,ok
GDO_q12x2_4,Existence of information on legal rights for dementia carers,2021-06-25,1914,ok
GDO_q12x2x1x1_2PUB,Majority provider of psycho-social supports for dementia carers (Public sector),2021-06-25,1914,ok
GDO_q12x2x1x1_1PUB,Majority provider of dementia carer training and education (Public sector),2021-06-25,1914,ok
GDO_q12x2x1x1_1,"Accessibility of dementia carer training and education [Capital/capital and main cities/capital, main cities, rural areas]",2021-06-25,1914,ok
AIR_9,Ambient air pollution attributable DALYs  (per 100 000 population),,,empty
GDO_q12x2x1x1_3,"Accessibility of respite care for dementia carers [Capital/capital and main cities/capital, main cities, rural areas]",2021-06-25,1914,ok
AMR_GI_001,Status of countries enrolled in GLASS,,,empty
GDO_q12x2x1x1_2PRV,Majority provider of psycho-social supports for dementia carers (Private sector),2021-06-25,1914,ok
AMRGLASS_SURVL03,Number of local clinical laboratories in each country performing AST to support national AMR surveillance sites,,,empty
GDO_q12x2x1x1_2,"Accessibility of psycho-social supports for dementia carers [Capital/capital and main cities/capital, main cities, rural areas]",2021-06-25,1914,ok
GDO_q12x2x1x1_1PRV,Majority provider of dementia carer training and education (Private sector),2021-06-25,1914,ok
HWWS_2,Handwashing with soap after cleaning child's stool (%),2013-06-11,4850,ok
GDO_q12x2x1x1_3PRV,Majority provider of respite care for dementia carers (Private sector),2021-06-25,1914,ok
GDO_q12x2x1x1_4,"Accessibility of information on legal rights for dementia carers [Capital/capital and main cities/capital, main cities, rural areas]",2021-06-25,1914,ok
IHR02,Coordination,,,empty
IHR06,Risk communication,,,empty
AMRGLASS_COORD01,Functioning national AMR surveillance plan,,,empty
anc15,Antenatal care coverage - at least one visit (in the five years preceding the survey) (%),,,empty
IHR08,Laboratory,,,empty
anc4,Antenatal care coverage - at least four visits (in the two or three years preceding the survey) (%),,,empty
LEAD_10,Lead attributable DALYs per 100'000 children under 5 years,2013-06-11,4850,ok
IR_PYRETHROID_EXTENT,Percentage of sites for which pyrethroid resistance was reported,2017-06-12,3388,ok
IHR11,Food safety,,,empty
IR_ORGANOCHLORINE_EXTENT,Percentage of sites for which organochlorine resistance was reported,2017-06-12,3388,ok
IHR13,Radionuclear,,,empty
imr,Infant mortality rate (deaths per 1000 live births),,,empty
IR_ORGANOPHOSPHATE_EXTENT,Percentage of sites for which organophosphate resistance was reported,2017-06-12,3388,ok
IR_ORGANOPHOSPHATE_PRESENCE,Organophosphate resistance reported for at least one site,2017-06-12,3388,ok
AIR_61,Household and ambient air pollution attributable DALYs (per 100 000 capita),,,empty
AIR_8,Ambient air pollution attributable DALYs  in children under 5 years,,,empty
LEAD_2,Percentage of the children under 15 years with blood lead levels above 10ug/dl,2013-06-11,4850,ok
AMR_GI_002,Status of National coordination center establishment,,,empty
AMR_GI_003,Status of National plans to implement and strengthen antimicrobial surveillance,,,empty
GDO_q12x2x1x1_2NGO,Majority provider of psycho-social supports for dementia carers (NGO),2021-06-25,1914,ok
AIR_90,"Ambient air pollution attributable DALYs  (per 100 000 population, age-standardized)",2026-06-15,98,ok
AMRGLASS_QA03,EQA provided to local laboratories participating in GLASS,,,empty
HWF_0021,Physiotherapists (number),2026-01-23,241,ok
AMRGLASS_SURVL02,Number of National surveillance sites in each country providing data to GLASS: outpatient facility category,,,empty
AMRGLASS_COORD03,Nomination of National Focal Point (NFP),,,empty
ITU_IDI_RANK,ICT Development Index (IDI) rank,2013-11-21,4687,ok
HWWS_1,Handwashing with soap after using the toilet (%),2013-06-11,4850,ok
HWF_0016,Pharmaceutical Technicians and Assistants  (number),2026-01-23,241,ok
IHR10,Zoonosis,,,empty
HWF_0022,Physiotherapy Technicians and Assistants  (number),2026-01-23,241,ok
IHR01,Legislation,,,empty
IHR04,Response,,,empty
IR_CARBAMATE_PRESENCE,Carbamate resistance reported for at least one site,2017-06-12,3388,ok
AIR_6,Ambient air pollution  attributable deaths per 100'000 children under 5 years,,,empty
IR_PYRETHROID_PRESENCE,Pyrethroid resistance reported for at least one site,2017-06-12,3388,ok
AIR_62,"Household and ambient air pollution attributable DALYs (per 100 000 capita, age-standardized)",2026-06-15,98,ok
AIR_60,Household and ambient air pollution attributable DALYs,2024-10-03,718,ok
FINPROTECTION_IMP_PG_310,"Increase in poverty gap  due to household  health expenditures at the $3.10a day poverty line, in cents of international dollars",,,empty
FINPROTECTION_IMP_NP310_POP,"Population pushed below the $3.20 a day poverty line by household health expenditures (%, national, rural, urban)",2023-05-25,1215,ok
HRH_24,Number of nursing and midwifery personnel,,,empty
FINPROTECTION_IMP_PG_310_STD,"Increase in poverty gap due to household health expenditures, expressed as a proportion of the $3.20 a-day poverty line (%, national, rural, urban)",2023-05-25,1215,ok
fpsmo,Demand for family planning satisfied - modern methods (%),,,empty
GDO_q10x2_TECH,Availability of  atleast one assistive technology for people with dementia,2021-06-25,1914,ok
HRH_20,Number of laboratory health workers,,,empty
HRH_21,Number of dentistry personnel,,,empty
HRH_23,Number of other health workers,,,empty
HRH_22,Number of community and traditional health workers,,,empty
GDO_q12x2x1x1_5PUB,Majority provider of information  on financial benefits/social protection for dementia carers (Public sector),2021-06-25,1914,ok
HRH_28,Dentistry personnel density (per 1000 population),,,empty
HRH_29,Community and traditional health workers density (per 1000 population),,,empty
HRH_40,Biomedical engineers density (per 10 000 population),2018-08-29,2945,ok
HRH_41,Number of licensed qualified surgeons actively working,2017-02-17,3503,ok
GDO_q11x2x2_2,Dementia nongovernmental organization office branches (Local),2021-06-25,1914,ok
GDO_q12x2x1x1_4PUB,Majority provider of information  on legal rights for dementia carers (Public sector),2021-06-25,1914,ok
HRH_42,Number of licensed qualified obstetricians actively working,2017-02-17,3503,ok
HRH_44,Number of biomedical engineers,2018-09-03,2940,ok
GDO_q11x2x2_1,Dementia nongovernmental organization office branches (Sub-national),2021-06-25,1914,ok
GDO_q11x1,Existence of dementia national nongovernmental organization,2021-06-25,1914,ok
GDO_q13x3,Existence of at least one functioning risk reduction campaign,2021-06-25,1914,ok
GDO_q12x2x4x3,Estimated number of dementia carers receiving information on legal rights,2021-06-25,1914,ok
GDO_q12x2x2x3,Estimated number of dementia carers receiving psycho-social supports,2021-06-25,1914,ok
GDO_q13x1x1,Implementation level [national/subnational] of dementia awareness campaign,2021-06-25,1914,ok
GDO_q12x2x3x3,Estimated number of dementia carers receiving respite care,2021-06-25,1914,ok
GDO_q13x1,Existence of at least one functioning dementia awareness campaign,2021-06-25,1914,ok
GDO_q11x2x2_3,Dementia nongovernmental organization office branches (National only),2021-06-25,1914,ok
GDO_q12x1x3,Existence of implementation plan for dementia carer support services,2021-06-25,1914,ok
GDO_q11x2x6,Dementia nongovernmental organization's involvement in policy development,2021-06-25,1914,ok
GDO_q12x2x1x1_4PRV,Majority provider of information on legal rights for dementia carers (Private sector),2021-06-25,1914,ok
GDO_q12x2_5,Existence of financial benefits/social protection for dementia carers,2021-06-25,1914,ok
bcgv,BCG immunization coverage among one-year-olds (%),,,empty
AMRGLASS_QA02,EQA provided for bacterial identification and AST,,,empty
GDO_q12x2x1x1_3NGO,Majority provider of respite care for dementia carers (NGO),2021-06-25,1914,ok
GDO_q12x2x1x1_5,"Accessibility of financial benefits/social protection for dementia carers [Capital/capital and main cities/capital, main cities, rural areas]",2021-06-25,1914,ok
LEPTO_YLD100K,Years of healthy life lost to disability (YLDs) (per 100 000 population) due to leptospirosis,,,empty
M_def_1_text_youth,Youth indicator 1 definition,,,empty
GDO_q14x1,Availability of dementia-friendly initiatives that improve accessibility,2021-06-25,1914,ok
GDO_q12x2x1x1_5PRV,Majority provider of information on financial benefits/social protection for dementia carers (Private sector),2021-06-25,1914,ok
LEAD_3,Percentage of the adults (15+ years) with blood lead levels above 5ug/dl,2013-06-11,4850,ok
GDO_q14x2_2,Existence of dementia-friendly initiative to improve accessibility of public transportation,2021-06-25,1914,ok
GDO_q14x2_3,Existence of dementia-friendly initiative for assistance with home modification,2021-06-25,1914,ok
LEAD_5,Lead attributable deaths,2013-06-11,4850,ok
GDO_q12x2x1x3,Estimated number of dementia carers receiving training and education,2021-06-25,1914,ok
GDO_q14x2_4,Existence of dementia-friendly initiative with assistive technology for loss of capacity,2021-06-25,1914,ok
itnwm,Pregnant women sleeping under insecticide-treated nets (%),,,empty
GDO_q14x2_5,Existence of dementia-friendly initiative supporting community places for older people,2021-06-25,1914,ok
LEAD_1,Percentage of the children under 15 years with blood lead levels above 5ug/dl,2013-06-11,4850,ok
LEPTO_YLL,Years of life lost (YLLs) due to leptospirosis,,,empty
LEADCONTROL,Legally-binding controls on lead paint,2024-01-26,969,ok
GDO_q16x1,Routine monitoring of people with dementia,2021-06-25,1914,ok
GDO_q16x1x1_1,Data sources used to routinely monitor people with dementia (Clinical records),2017-11-28,3219,ok
GDO_q15x2_5,Existence of dementia training for community workers,2021-06-25,1914,ok
LEPTO_YLD,Years of healthy life lost to disability (YLDs) due to leptospirosis,,,empty
LEPTO_MORTALITY,Estimated leptospirosis deaths (per 100 000 population),,,empty
M_def_1_prev_adult,Adult indicator 1 rate,,,empty
GDO_q16x1x1_3,Data sources used to routinely monitor people with dementia (Administrative data),2017-11-28,3219,ok
GDO_q16x1x1_4,Data sources used to routinely monitor people with dementia (Facility survey or records),2017-11-28,3219,ok
M_Est_tob_daily,Estimate of daily tobacco use prevalence (%),,,empty
M_Est_tob_daily_crude,"Daily tobacco smoking, crude adjusted",,,empty
M_Group,Monitoring tobacco use and prevention policies,2023-10-17,1070,ok
M_Est_cig_curr,Estimate of current cigarette smoking prevalence (%),2026-01-15,249,ok
LIFE_0000000030,nqx - probability of dying between ages x and x+n,2024-09-09,742,ok
M_Est_cig_daily_crude,"Daily cigarette smoking, crude adjusted",,,empty
M_smkless_def_text_youth,Youth smokeless tobacco use indicator definition,,,empty
LEAD_7,Lead attributable deaths per 100'000 capita,2013-06-11,4850,ok
LEAD_8,Lead attributable DALYs per 100'000 capita,2013-06-11,4850,ok
LEPTO_DALY,Disability-adjusted life years (DALYs) due to leptospirosis,,,empty
LEPTO_DALY100K,Disability-adjusted life years (DALYs) (per 100 000 population) due to leptospirosis,,,empty
LEPTO_MORBIDITY,Estimated leptospirosis incidence (per 100 000 population),,,empty
M_smkless_def_text_adult,Adult smokeless tobacco use indicator definition,,,empty
M_svy_national_adult,Representativeness of survey of adults,,,empty
LIFE_0000000033,nLx - person-years lived between ages x and x+n,2024-09-09,742,ok
M_smkless_age_range_adult,Adult survey age range - smokeless,,,empty
LIFE_0000000031,lx - number of people left alive at age x,2024-09-09,742,ok
M_smkless_svy_yr_adult,Year of survey of adults - smokeless,,,empty
M_smkless_survey_title_youth,Name of survey of youth - smokeless,,,empty
M_survey_title_youth,Name of survey of youth,,,empty
GDO_q12x2x1x1_1NGO,Majority provider of dementia carer training and education (NGO),2021-06-25,1914,ok
MALARIA002,Estimated number of malaria cases,,,empty
HWF_0024,Community Health Workers (number),2026-01-23,241,ok
HWF_0013,Dental Prosthetic Technicians (number),2026-01-23,241,ok
HWF_0019,Medical and Pathology Laboratory scientists  (number),2026-01-23,241,ok
HWF_0020,Medical and Pathology Laboratory Technicians  (number),2026-01-23,241,ok
IHR05,Preparedness,,,empty
HWF_0015,Pharmacists  (number),2026-01-23,241,ok
IR_CARBAMATE_EXTENT,Percentage of sites for which carbamate resistance was reported,2017-06-12,3388,ok
IR_INSECTICIDERESISTANCE_PREV,Number of insecticide classes to which resistance was reported,2017-06-12,3388,ok
AIR_15,Household air pollution attributable DALYs,2026-06-15,98,ok
AIR_45,Ambient air pollution attributable YLLs,,,empty
MH_18,"Mental health units in general hospitals (per 100,000)",2019-04-25,2706,ok
AIR_7,Ambient air pollution attributable DALYs,2026-06-15,98,ok
MH_13,"Beds for mental health in general hospitals (per 100,000)",2019-04-25,2706,ok
MH_16,"Beds in mental hospitals (per 100,000)",2019-04-25,2706,ok
MH_9,"Psychologists working in mental health sector (per 100,000)",2019-04-25,2706,ok
MH_3,Stand-alone mental health legislation,2019-04-25,2706,ok
MH_22,"Occupational therapists in mental health sector (per 100,000)",,,empty
ASSISTIVETECH_METNEED,Prevalence of met need of assistive products (%),2022-06-16,1558,ok
Camp_nat,At least one national mass media campaign ran during the survey period,2023-11-01,1055,ok
GDO_q12x2x1x1_3PUB,Majority provider of respite care for dementia carers (Public sector),2021-06-25,1914,ok
MORT_500,Number of deaths,,,empty
M_def_2_prev_adult,Adult indicator 2 rate,,,empty
anc45,Antenatal care coverage - at least four visits (in the five years preceding the survey) (%),,,empty
asfr1,Adolescent fertility rate (per 1000 women aged 15-19 years),2022-05-26,1579,ok
Camp_eval_impact,Outcome evaluation was employed to assess effectiveness,2023-11-01,1055,ok
BP_05,Mean systolic blood pressure (crude estimate),2013-06-11,4850,ok
BP_06,Mean systolic blood pressure (age-standardized estimate),2017-01-11,3540,ok
Camp_news,Earned media/public relations were used to promote the campaign,2023-11-01,1055,ok
Camp_media_planning,Campaign utilized media planning,2023-11-01,1055,ok
Camp_tv_radio,Campaign aired on television and/or radio,2023-11-01,1055,ok
M_svy_age_adult,Adult survey age range,,,empty
MORT_700,Projection of deaths per 100 000 population,2013-11-08,4700,ok
Camp_airtime,Process evaluation was employed to assess implementation,,,empty
carep,Children aged < 5 years with pneumonia symptoms taken to a health facility (%),2022-05-26,1579,ok
CaseCS,"Congenital syphilis number of cases, reported",2025-07-10,438,ok
M_smkless_svy_national_adult,Representativeness of survey of adults - smokeless,,,empty
LIFE_0000000032,ndx - number of people dying between ages x and x+n,2024-09-09,742,ok
M_smkless_svy_yr_youth,Year of survey of youth - smokeless,,,empty
GDO_q14x2_6,Existence of dementia-friendly initiative supporting social opportunities,2021-06-25,1914,ok
GDO_q15x2_2,Existence of dementia training for police and fire services,2021-06-25,1914,ok
GDO_q15x2_3,Existence of dementia training for first responders,2021-06-25,1914,ok
GDO_q16x1x1_2,Data sources used to routinely monitor people with dementia (Household surveys),2017-11-28,3219,ok
GDO_q16x2_3,Availability of routine outpatient intervention and treatment records for people with dementia for monitoring purposes,2021-06-25,1914,ok
GDO_q16x1x2_2,Data used to routinely monitor people with dementia can be disaggregated,2017-11-28,3219,ok
BP_03,Raised blood pressure (SBP>=140 OR DBP>=90) (crude estimate),2025-10-29,327,ok
CATARACTSURGICAL,Cataract surgical coverage of adults aged 50 and over (%),2017-01-17,3534,ok
CC_2,Climate change attributable DALYs ('000),2013-06-11,4850,ok
CC_8,Climate change  attributable DALYs per 100'000 children under 5 years,2013-06-11,4850,ok
CC_3,Climate change attributable deaths per 100'000 capita,2013-06-11,4850,ok
GDO_q16x1x1_other,Data sources used to routinely monitor people with dementia (Other),2017-11-28,3219,ok
CCO_1,Poverty headcount ratio at $1.25 a day (PPP) (% of population),2013-07-17,4814,ok
CC_5,Climate change attributable deaths ('000) in children under 5 years,2013-06-11,4850,ok
GDO_q15x1,Inclusion of dementia training and education for non-health workers,2021-06-25,1914,ok
GDO_q15x2_1,Existence of dementia training for volunteers,2021-06-25,1914,ok
GDO_q15x2_6,Existence of dementia training for school children,2021-06-25,1914,ok
GDO_q15x2_4,Existence of dementia training for legal professionals,2021-06-25,1914,ok
GDO_q17x2,Dementia integrated into other national research plan/programme,2021-06-25,1914,ok
CC_6,Climate change  attributable deaths per 100'000 children under 5 years,2013-06-11,4850,ok
GDO_q16x1x2_1,Electronic availability of data sources used to routinely monitor people with dementia,2017-12-08,3209,ok
GDO_q16x2_1,Availability of routine hospital admissions records for people with dementia for monitoring purposes,2021-06-25,1914,ok
GDO_q16x2_4,Availability of routine pharmaceutical records for people with dementia for monitoring purposes,2021-06-25,1914,ok
GDO_q16x2_2,Availability of routine outpatient visit records for people with dementia for monitoring purposes,2021-06-25,1914,ok
M_Est_cig_curr_crude,"Current cigarette smoking, crude adjusted",,,empty
CHOLERA_0000000002,Number of reported deaths from cholera,2017-09-01,3307,ok
M_Est_cig_daily,Estimate of daily cigarette smoking prevalence (%),,,empty
GDO_q17x2x1_3,Identification of other research plans in which dementia is integrated (Neuro or neurodegenerative disease),2021-06-25,1914,ok
cci,Composite coverage index (%),,,empty
GDO_q18x2x3_3,"Total expenditure on dementia implementation research (local currency, self-report)",2021-06-25,1914,ok
CC_7,Climate change attributable DALYs ('000) in children under 5 years,2013-06-11,4850,ok
GDO_q19x3x1_1,Number of investigational pharmaceutical trials for dementia,2021-06-25,1914,ok
GDO_q19x2,Number of people with dementia involved in research routinely monitored,2021-06-25,1914,ok
CCO_3,Gender inequality index rank,2016-06-29,3736,ok
MDG_0000000001,Infant mortality rate (probability of dying between birth and age 1 per 1000 live births),2026-08-04,48,ok
MALARIA004,Number of under-five deaths from malaria,,,empty
csection5,Births by caesarean section (in the five years preceding the survey) (%),,,empty
DEVICES03,Total density per 100 000 population: District/rural hospitals,2016-01-28,3889,ok
CM_03,Number of neonatal deaths,2026-08-05,47,ok
DEVICES09,Total density per million population: Computed tomography units,2023-06-19,1190,ok
DEVICES08,Total density per million population: Magnetic Resonance Imaging,2023-06-19,1190,ok
M_smkless_age_range_youth,Youth survey age range - smokeless,,,empty
DEVICES04,Total density per 100 000 population: Provincial hospitals,2016-01-28,3889,ok
M_smkless_svy_national_youth,Representativeness of survey of youth - smokeless,,,empty
M_survey_title_adult,Name of survey of adults,,,empty
M_svy_national_youth,Representativeness of youth survey,,,empty
M_svy_yr_adult,Year of latest adult prevalence survey,,,empty
MDG_0000000018,Deaths due to tuberculosis among HIV-positive people (per 100 000 population),,,empty
csection,Births by caesarean section (in the two or three years preceding the survey) (%),,,empty
MDG_0000000005,Contraceptive prevalence (%),,,empty
MDG_0000000019,Prevalence of HIV among adults aged >=15 years (per 100 000 population),,,empty
MDG_0000000020,Incidence of tuberculosis (per 100 000 population per year),2025-11-11,314,ok
MCV2,Measles-containing-vaccine second-dose (MCV2) immunization coverage by the locally recommended age (%) (WUENIC),2026-07-14,69,ok
MDG_0000000011,Median consumer price ratio of selected generic medicines - Public,2015-06-12,4119,ok
MDG_0000000007,Under-five mortality rate (probability of dying by age 5 per 1000 live births),2026-08-05,47,ok
MDG_0000000006_AGE1519,"Unmet need for family planning, among girls aged 15-19 (%)",,,empty
cpmt,Contraceptive prevalence - modern and traditional methods (%),,,empty
MALARIA003,Estimated number of malaria deaths,,,empty
DEVICES00,Total density per 100 000 population: Hospitals,2016-01-28,3889,ok
CCO_2,Human development index rank,2016-04-14,3812,ok
DEVICES05,Total density per 100 000 population: Specialized hospitals,2016-01-28,3889,ok
MDG_0000000016,Deaths due to malaria (per 100 000 population),,,empty
MDG_0000000014,Children aged <5 years with fever who received treatment with any antimalarial (%),,,empty
MDG_0000000023,Prevalence of tuberculosis (per 100 000 population),,,empty
DEVICES15,Health technology (medical device) national policy,2022-12-12,1379,ok
DEVICES07,Types of lists recommending health technology for high burden diseases,2016-03-01,3856,ok
MDG_0000000029,Prevalence of HIV among adults aged 15 to 49 (%),2026-07-31,52,ok
DEVICES23,Total density per million females aged from 50 to 69 years old: Mammography units,2023-06-19,1190,ok
MDG_0000000030,Smear-positive tuberculosis case-detection rate (%),2013-06-11,4850,ok
CHOLERA_0000000001,Number of reported cases of cholera,2017-09-01,3307,ok
CHILDMORT5TO14,Mortality rate for 5-14 year-olds (probability of dying per 1000 children aged 5-14 years),2026-08-05,47,ok
CM_01,Number of under-five deaths,2026-08-05,47,ok
AMRGLASS_QA05,Types of AST standards followed by countries,,,empty
GDO_q12x2x1x1_4NGO,Majority provider of information on legal rights for dementia carers (NGO),2021-06-25,1914,ok
GDO_q12x2x1x1_5NGO,Majority provider of information on financial benefits/social protection for dementia carers (NGO),2021-06-25,1914,ok
AMRGLASS_SURVL01,Number of national surveillance sites in each country providing data to GLASS: hospital category,,,empty
CM_02,Number of infant deaths,2026-08-04,48,ok
GDO_q12x2x5x3,Estimated number of dementia carers receiving financial benefits/social protection,2021-06-25,1914,ok
AMRGLASS_COORD02,Establishment of National Coordination Centre (NCC),,,empty
GDO_q13x3x1,Implementation level [national/subnational] of dementia risk reduction campaign,2021-06-25,1914,ok
AMRGLASS_COORD04,Establishment of national reference laboratory (NRL),,,empty
AMRGLASS_QA04,GLASS pathogens testing covered by EQA,,,empty
AMRGLASS_QA01,EQA provided to the national reference laboratory (NRL),,,empty
LEAD_6,Lead attributable DALYs ('000),2013-06-11,4850,ok
ITU_IDI,ICT Development Index (IDI),2013-11-21,4687,ok
ITU_ICT_2,Mobile-cellular telephone subscriptions per 100 inhabitants,2014-01-07,4640,ok
ITU_ICT_1,Percentage of individuals using the Internet,2013-11-21,4687,ok
BP_04,Raised blood pressure (SBP>=140 OR DBP>=90) (age-standardized estimate),2025-10-29,327,ok
Camp_aud_research,Formative research was conducted,2023-11-01,1055,ok
LEAD_4,Percentage of the adults (15+ years) with blood lead levels above 10ug/dl,2013-06-11,4850,ok
LEAD_9,Lead attributable DALYs ('000) in children under 5 years,2013-06-11,4850,ok
GDO_q18x2x3_1,"Total expenditure on dementia basic research (local currency, self-report)",2021-06-25,1914,ok
GDO_q17x2x1_4,Identification of other research plans in which dementia is integrated (NCD),2021-06-25,1914,ok
GDO_q18x2x3_2,"Total expenditure on dementia clinical/translational research (local currency, self-report)",2021-06-25,1914,ok
GDO_q1x1x1,"Inclusion of dementia in a branch of government [health, ageing, social services, mental health, noncommunicable disease]",2021-06-25,1914,ok
LEPTO_YLL100K,Years of life lost (YLLs)  (per 100 000 population) due to leptospirosis,,,empty
GDO_q17x2x1_1,Identification of other research plans in which dementia is integrated (Mental health),2021-06-25,1914,ok
E1_compliance,Compliance of ban on advertising on national TV and radio,2015-08-20,4050,ok
GDO_q17x1x1,Implementation level [national/subnational] of dementia research plan/programme,2021-06-25,1914,ok
GDO_q17x2x1_2,Identification of other research plans in which dementia is integrated (Ageing),2021-06-25,1914,ok
GDO_q1x1,Inclusion of dementia in ministry portfolio,2021-06-25,1914,ok
GDO_q18x2,Availability of funding for dementia-specific research plan/programme,2021-06-25,1914,ok
DEVICES11,Total density per million population: Gamma camera or Nuclear medicine,2023-06-19,1190,ok
DEVICES12,Total density per million population: Linear Accelerator,2016-01-28,3889,ok
DEVICES17,Procurement of medical devices carried out at the national level,2022-12-12,1379,ok
DEVICES16,Unit in the Ministry of Health responsible for the management of medical devices,2022-12-12,1379,ok
MDG_0000000032,Maternal mortality ratio (per 100 000 live births) - Country reported estimates,2013-06-11,4850,ok
MALARIA005,Malaria incidence per 100 000 population,,,empty
MDG_0000000003,Adolescent birth rate (per 1000 women),2026-04-02,172,ok
MDG_0000000005_AGE1519,"Contraceptive prevalence, among girls aged 15-19 (%)",,,empty
MDG_0000000021,Population aged 15-24 years with comprehensive correct knowledge of HIV/AIDS (%),,,empty
GDO_q15x2_7,Existence of dementia training for financial service staff,2021-06-25,1914,ok
MDG_0000000027,Children aged <5 years stunted (%),,,empty
MDG_0000000025_AGE1519,"Births attended by skilled health personnel, among girls aged 15-19 (%)",,,empty
MDG_0000000015,Prevalence of condom use by adults during higher-risk sex (15-49) (%),2015-06-10,4121,ok
MDG_0000000031,Smear-positive tuberculosis treatment-success rate (%),2014-01-17,4630,ok
M_smkless_prev_adult,Adult smokeless tobacco use indicator rate,,,empty
GDO_q14x2_1,Existence of dementia-friendly initiative to improve accessibility of public spaces,2021-06-25,1914,ok
GDO_q15x2_8,Existence of dementia training for retail and hospitality staff,2021-06-25,1914,ok
M_def_1_prev_youth,Youth indicator 1 rate,,,empty
M_smkless_prev_youth,Youth smokeless tobacco use indicator rate,,,empty
LIFE_0000000035,ex - expectation of life at age x,2024-09-09,742,ok
M_def_1_text_adult,Adult indicator 1 definition,,,empty
M_def_2_text_adult,Adult indicator 2 definition,,,empty
M_Est_tob_curr,Estimate of current tobacco use prevalence (%),2026-01-15,249,ok
M_def_2_text_youth,Youth indicator 2 definition,,,empty
M_def_2_prev_youth,Youth indicator 2 rate,,,empty
LIFE_0000000034,Tx - person-years lived above age x,2024-09-09,742,ok
NTD_TSOL1,Status of endemicity of Taenia solium,2022-03-31,1635,ok
LIFE_0000000029,nMx - age-specific death rate between ages x and x+n,2024-09-09,742,ok
M_smkless_survey_title_adult,Name of survey of adults - smokeless,,,empty
NTD_LEPR5,Number of new G2D leprosy cases,2026-09-14,7,ok
NTD_ONCHEMO,Estimated number of individuals in the country requiring preventive chemotherapy for onchocerciasis,2025-10-07,349,ok
GDO_q2x1x2,Availability of funding for dementia national plan,2021-06-25,1914,ok
GDO_q2x1,Existence of dementia national plan,2021-06-25,1914,ok
GDO_q35,Estimated population-based prevalence of depression,2018-02-27,3128,ok
M_svy_age_youth,Youth survey age range,,,empty
GDO_q2x2x1_other,Identification of other plans in which dementia is integrated (Other),2021-06-25,1914,ok
M_svy_yr_youth,Year of survey of youth,,,empty
MALARIA001,Malaria - number of reported deaths,,,empty
Camp_mat_tested,Campaign was pre-tested,2023-11-01,1055,ok
GDO_q2x4_5,Inclusion of universal health coverage as a guiding principle of the dementia plan,2021-06-25,1914,ok
GDO_q2x4_4,Inclusion of multisectoral collaboration as a guiding principles of the dementia plan,2021-06-25,1914,ok
Camp_gov_prog,Campaign was part of a comprehensive tobacco control programme,2023-11-01,1055,ok
GDO_q2x5_3,"Inclusion of dementia diagnosis, care and support as a specific action of the dementia plan",2021-06-25,1914,ok
GDO_q2x5_1,Inclusion of dementia-friendly communities as a specific action of the dementia plan,2021-06-25,1914,ok
GDO_q2x5_6,Inclusion of improved information system as a specific action of the dementia plan,2021-06-25,1914,ok
GDO_q3x1,Existence of dementia legislation,2021-06-25,1914,ok
MDG_0000000024,Tuberculosis treatment success under DOTS (%),,,empty
GDO_q3x4_1,Existence of legislation for advanced care directives for people with dementia,2021-06-25,1914,ok
MDG_0000000026,Maternal mortality ratio (per 100 000 live births),2025-04-10,529,ok
MDG_0000000033,Antiretroviral therapy coverage among people with HIV infection eligible for ART according to 2010 guidelines (%),2014-02-11,4605,ok
GDO_q20,Total number of published dementia research output,2017-12-07,3210,ok
GDO_Q2x2x1_MENTAL,Identification of other plans in which dementia is integrated (Mental health),2021-06-25,1914,ok
GDO_q4x1x2,Existence of approved government dementia standards/ guidelines/ protocols,2021-06-25,1914,ok
GDO_q2x1x3,Targets for monitoring implementation of dementia national plan,2021-06-25,1914,ok
GDO_Q2x2x1_AGE,Identification of other plans in which dementia is integrated (Ageing),2021-06-25,1914,ok
GDO_q4x3x4_3,Existence of standards/ guidelines/ protocols of care in nursing & residential care facilities for people with dementia,2021-06-25,1914,ok
GDO_q4x2_3,Existence of standards/ guidelines/ protocols for management of dementia,2021-06-25,1914,ok
GDO_Q2x2x1_NCD,Identification of other plans in which dementia is integrated (NCD),2021-06-25,1914,ok
GDO_q2x3x1_1,Percentage of sub-national regions covered by dementia plan,2021-06-25,1914,ok
GDO_q2x3,Existence of dementia sub-national plan(s),2021-06-25,1914,ok
GDO_q2x5_7,Inclusion of research and innovation as a specific action of the dementia plan,2021-06-25,1914,ok
GDO_q5x1x1_1,Identification of different sectors in dementia care coordination  (Health),2021-06-25,1914,ok
GDO_q5x1x1_4,Identification of different sectors in dementia care coordination (Employment),2021-06-25,1914,ok
GDO_q3x4_3,Existence of legislation to end discrimination against carers of people with dementia,2021-06-25,1914,ok
GDO_q3x2,Existence of other laws that apply to the rights of people with dementia,2021-06-25,1914,ok
GDO_q5x1x1_8,Identification of different sectors in dementia care coordination (Private sector),2021-06-25,1914,ok
GDO_q4x2_1,Existence of standards/ guidelines/ protocols for prevention and risk reduction of dementia,2021-06-25,1914,ok
GDO_q3x3a_1,Existence of legislation for supported decision making for people with dementia,2021-06-25,1914,ok
GDO_q4x2_5,Existence of standards/ guidelines/ protocols for treatment and support of carers and families of people with dementia,2021-06-25,1914,ok
GDO_q3x3a_3,Existence of legislation to promote community-based services for people with dementia,2021-06-25,1914,ok
GDO_q4x1x1_SQ002,Implementation level of dementia standards/ guidelines/ protocols (Sub-national),2021-06-25,1914,ok
GDO_q4x3x4_4,Existence of standards/ guidelines/ protocols of care in hospital for people with dementia,2021-06-25,1914,ok
GDO_q5x1x1_7,Identification of different sectors in dementia care coordination (Civil society),2021-06-25,1914,ok
GDO_q4x2_2,Existence of standards/ guidelines/ protocols for diagnosis of dementia,2021-06-25,1914,ok
GDO_q4x2_4,Existence of standards/ guidelines/ protocols for other post-diagnostic supports of people with dementia,2021-06-25,1914,ok
GDO_q4x3x4_1,"Existence of standards/ guidelines/ protocols for advance care directives, power of attorney or guardianship for people with dementia",2021-06-25,1914,ok
E14a_prod_tv_films,Ban on appearance of tobacco products in TV and/or films,2023-10-31,1056,ok
GDO_q5x1x1_3,Identification of different sectors in dementia care coordination (Education),2021-06-25,1914,ok
GDO_q5x1x1_2,Identification of different sectors in dementia care coordination (Social),2021-06-25,1914,ok
dptv,DTP3 immunization coverage among one-year-olds (%),,,empty
GDO_q5x1x1_5,Identification of different sectors in dementia care coordination (Justice),2021-06-25,1914,ok
DEVICES20,Availability of technical specifications of medical devices to support procurement or donations,2022-12-12,1379,ok
DEVICES21,Total density per million population: Telecobalt Unit,2016-01-28,3889,ok
DEVICES22,Total density per million population: Radiotherapy units,2023-06-19,1190,ok
E_Group,"Enforcing bans on tobacco advertising, promotion and sponsorship",2023-10-17,1070,ok
E10_compliance,Compliance of ban on promotional discounts,2015-08-20,4050,ok
CATARACTSURGICALEFFECTIVE,Effective cataract surgical coverage of adults aged 50 and over (%),2017-01-17,3534,ok
GDO_q16x3,Availability and status of dementia reporting in the past two years,2021-06-25,1914,ok
CC_1,Climate change attributable deaths,2013-06-11,4850,ok
CC_4,Climate change attributable DALYs per 100'000 capita,2013-06-11,4850,ok
cci2030,Composite coverage index (%),,,empty
MDG_0000000010,Median availability of selected generic medicines (%) - Public,2015-06-12,4119,ok
CCO_WHS9_85,Literacy rate among adults aged >= 15 years (%),,,empty
CHOLERA_0000000003,Cholera case fatality rate,2017-09-01,3307,ok
cpmo,Contraceptive prevalence - modern methods (%),,,empty
GDO_q1x2,Existence of dementia representative in ministry,2021-06-25,1914,ok
GDO_q18x2x1_1,"Total expenditure on dementia research (local currency, self-report)",2021-06-25,1914,ok
GDO_q16x2_5,Availability of routine antipsychotic prescription records for people with dementia for monitoring purposes,2021-06-25,1914,ok
GDO_q17x1,Existence of a current dementia research plan/programme,2021-06-25,1914,ok
MDG_0000000013,Children aged <5 years sleeping under insecticide-treated nets (%),,,empty
GDO_q17x2x2,Implementation level [national/subnational] of research plan in which dementia is integrated,2021-06-25,1914,ok
DEVICES06,Availability of national standards or recommended lists of medical devices,2022-12-12,1379,ok
GDO_q19x3,Availability of investigational pharmaceutical trials for dementia,2021-06-25,1914,ok
MDG_0000000017,Deaths due to tuberculosis among HIV-negative people (per 100 000 population),2025-11-11,314,ok
MDG_0000000025,Births attended by skilled health personnel (%),2026-04-21,153,ok
MDG_0000000022,Tuberculosis detection rate under DOTS (%),,,empty
DEVICES02,Total density per 100 000 population: Health centres,2016-01-28,3889,ok
DEVICES01,Total density per 100 000 population: Health posts,2014-03-03,4585,ok
E13_brand_placement,Ban on appearance of tobacco brands in TV and/or films (product placement),2023-10-31,1056,ok
E14_prod_tv_films,Appearance of tobacco products in TV and/or films,2015-08-19,4051,ok
GDO_q6x1_3,"Number of geriatricians or psychogeriatricians (per 100,000)",2017-12-08,3209,ok
GDO_q6x2_2,Inclusion of basic dementia competencies in training of specialists,2021-06-25,1914,ok
GDO_q5x1x1_other,Identification of different sectors in dementia care coordination (Other),2021-06-25,1914,ok
GDO_q8x1,Existence of community-based health or social care services for dementia,2021-06-25,1914,ok
GDO_q8x2_4,Availability of activities of daily living support services in community for dementia,2021-06-25,1914,ok
GDO_q5x2,Availability of dementia care coordination standards/ guidelines/ protocols,2021-06-25,1914,ok
GDO_q5x1x3,Presence of formal agreement/joint plan for dementia care coordination,2021-06-25,1914,ok
E15d_csr_ban,Ban on Corporate Social Responsibility activities (CSR),,,empty
GDO_q6x2_1,Inclusion of basic dementia competencies in training of physicians,2021-06-25,1914,ok
GDO_q8x3_1,"Accessibility of diagnostic services in community for dementia [Capital/capital and main cities/capital, main cities, rural areas]",2021-06-25,1914,ok
E15c_sponsor_publicity,"Banning the publicity of financial or other sponsorship or support by the tobacco industry of events, activities, individuals",2023-10-31,1056,ok
E17_csr_promo_others,Ban on entities other than tobacco companies/tobacco industry publicizing the Corporate Social Responsibility activities of the tobacco companies,2015-08-19,4051,ok
GDO_q8x3_4,"Accessibility of activities of daily living support services in community for dementia [Capital/capital and main cities/capital, main cities, rural areas]",2021-06-25,1914,ok
NTD_TSOL3,Number of pigs in the country,2022-03-31,1635,ok
GDO_q8x2_2,Availability of behaviour and psychological management in community for dementia,2021-06-25,1914,ok
GDO_q7x1_AVAIL,Availability of dementia diagnostic rate,2021-08-24,1854,ok
NTD_YAWSEND,Status of yaws endemicity,2025-07-01,447,ok
NUTRITION_570,Early initiation of breastfeeding (%),2019-05-16,2685,ok
E19_movies_anti_tob_ads,"Required anti-tobacco ads for any visual entertainment media product that depicts tobacco products, use or images",2015-08-19,4051,ok
E16_csr_promo_self,Ban on tobacco companies/tobacco industry publicizing their “Corporate Social Responsibility” activities,2015-08-19,4051,ok
NUTRITION_ANT_WHZ_NE2,"Overweight prevalence among children under 5 years of age (% weight-for-height >+2 SD), survey-based estimates",2026-08-14,38,ok
GDO_q8x3_3,"Accessibility of psychosocial and rehabilitation services in community for dementia [Capital/capital and main cities/capital, main cities, rural areas]",2021-06-25,1914,ok
NTD_LEPR3,Leprosy - Number of cases registered for treatment,2026-09-14,7,ok
E19_indirect_ad_fines,Law requires fines for violations of indirect advertising bans,,,empty
NUTRITION_ANT_HAZ_NE2,"Stunting prevalence among children under 5 years of age (% height-for-age <-2 SD), survey-based estimates",2026-08-12,40,ok
NTD_LEPR4,Leprosy registered prevalence rate per 1 000 000 population,2026-09-14,7,ok
NTD_LEPR7,Leprosy - New leprosy cases with G2D rate per 1 000 000 population,2026-09-14,7,ok
E2_intl_tv_radio,"Ban on advertising: International TV and radio (broadcast from abroad, including satellite)",2023-10-31,1056,ok
NTD_TRA5,Number of people operated for trachomatous trichiasis,2026-07-15,68,ok
NTD_YAWSNUM,Number of cases of yaws reported,2018-01-08,3178,ok
NTD_TSOL4,Practice of backyard pig production,2022-03-31,1635,ok
GDO_q6x2_6,Inclusion of basic dementia competencies in training of personal support workers,2021-06-25,1914,ok
E18_csr_anti_tobacco_media,"Ban on tobacco companies funding or making contributions (including in-kind contributions) to smoking prevention media campaigns, including those directed at youth",2023-10-31,1056,ok
NUTRITION_564,Children aged <5 years wasted for age (%),2016-04-12,3814,ok
NUTOVERWEIGHTPREV,"Overweight prevalence among children under 5 years of age (% weight-for-height >+2 SD), model-based estimates",2026-08-14,38,ok
E25_ban_display_pt_of_sale,Ban on display of tobacco products at points of sale,2015-08-19,4051,ok
GDO_q5x1x2,Implementation level [national/subnational] of dementia care coordination,2021-06-25,1914,ok
GDO_q6x2_3,Inclusion of basic dementia competencies in training of nurses,2021-06-25,1914,ok
E27_indirect_ad_fines,Law requires fines for violations of indirect advertising bans,2015-08-19,4051,ok
GDO_q8x2_1,Availability of diagnostic services in community for dementia,2021-06-25,1914,ok
E20_subnational_exists,"Subnational laws or regulations exist banning some or all types of tobacco advertising, promotion and sponsorship",,,empty
GDO_q8x2_3,Availability of psychosocial and rehabilitation services in community for dementia,2021-06-25,1914,ok
E22_subnational_exists,"Subnational bans on tobacco advertising, promotion and sponsorship",2015-08-19,4051,ok
GDO_q8x3_2,"Accessibility of behaviour and psychological management in community for dementia [Capital/capital and main cities/capital, main cities, rural areas]",2021-06-25,1914,ok
DEVICES10,Total density per million population: Positron Emission tomography,2023-06-19,1190,ok
E5_compliance,Compliance of ban on advertising on billboards and outdoor advertising,2015-08-20,4050,ok
E3_nat_print,Ban on advertising: Local magazines and newspapers,2023-10-31,1056,ok
DEVICES13,Type of nomenclature system,2023-06-20,1189,ok
GDO_q2x4_3,Inclusion of empowerment as a guiding principle of the dementia plan,2021-06-25,1914,ok
DEVICES14,Use of nomenclature system,2023-06-20,1189,ok
GDO_q2x5_4,Inclusion of dementia workforce training as a specific action of the dementia plan,2021-06-25,1914,ok
DEVICES18,Availability of national list of approved medical devices for procurement or reimbursement,2022-12-12,1379,ok
GDO_Q2x2x1_DISAB,Identification of other plans in which dementia is integrated (Disability),2021-06-25,1914,ok
GDO_q2x2,Dementia integrated into other national plan,2021-06-25,1914,ok
E1_nat_tv_radio,Ban on advertising: National TV and radio,2023-10-31,1056,ok
DEVICES19,"National guidelines, policies or recommendations on the procurement of medical devices",2022-12-12,1379,ok
GDO_q2x4_1,Inclusion of human rights as a guiding principle of the dementia plan,2021-06-25,1914,ok
GDO_q2x4_2,Inclusion of equity as a guiding principle of the dementia plan,2021-06-25,1914,ok
NTD_LEPR2,New leprosy case detection rate per 1 000 000 population,2026-09-14,7,ok
GDO_q2x5_2,Inclusion of dementia risk reduction as a specific action of the dementia plan,2021-06-25,1914,ok
E6_pt_of_sale,Ban on advertising: Point of sale,2015-08-19,4051,ok
NTD_ONCTREAT,Reported number of individuals treated for onchocerciasis,2025-10-07,349,ok
MDG_0000000034,"Antiretroviral therapy coverage among people with advanced HIV infection (%), WHO 2006 guidelines",2013-06-11,4850,ok
GDO_q2x5_5,Inclusion of support for dementia carers and families as a specific action of the dementia plan,2021-06-25,1914,ok
E23_subnat_complete_bans_exist,"Subnational advertising, promotion and sponsorship bans - at least one jurisdiction has a comprehensive ban in place",2015-08-19,4051,ok
E3_compliance,Compliance of ban on advertising on local magazines and newspapers,2015-08-20,4050,ok
E4_intl_print,Ban on advertising: International magazines and newspapers,2023-10-31,1056,ok
NTD_LEPR8,Leprosy - Number of new leprosy cases among children (less than 15 years of age),2026-09-14,7,ok
NTD_LEPR9,Number of new leprosy cases with G2D among children (less than 15 years of age),2026-09-14,7,ok
E8_direct_ad_fines,Law requires fines for violations of direct advertising bans,,,empty
NTD_ONCHSTATUS,Status of endemicity of onchocerciasis,2025-10-07,349,ok
NTD_PINTASTATUS,Status of pinta endemicity,2014-10-23,4351,ok
NTD_RAB2,Reported number of human rabies deaths,2026-07-15,68,ok
NTD_TSOL2,Presence of porcine cysticercosis,,,empty
NUTOVERWEIGHTNUM,"Overweight numbers among children under 5 years of age (thousands), model-based estimates",2026-08-14,38,ok
ebreast5,Early initiation of breastfeeding (in the five years preceding the survey) (%),,,empty
EC_indirect_compliance,Compliance with bans on promotion and sponsorship,2015-08-20,4050,ok
E6_compliance,Compliance of ban on advertising at point of sale,2015-08-20,4050,ok
E6b_ban_display_pt_of_sale,Ban on display of tobacco products at points of sale,2023-10-31,1056,ok
E9_compliance,Compliance of ban on free distribution of tobacco products in the mail or through other means,2015-08-20,4050,ok
E9_free_distrib,Ban on free distribution of tobacco products in the mail or through other means,2023-10-31,1056,ok
ebreast,Early initiation of breastfeeding (in the two or three years preceding the survey) (%),,,empty
E7_internet,Ban on advertising: Internet,2023-10-31,1056,ok
EC_direct_compliance,Compliance with bans on direct advertising,2015-08-20,4050,ok
EMFLIMITELECTRIC,Electric field (kV/m),2017-05-31,3400,ok
GDO_q8x4_5,"Majority provider of palliative and end-of-life care services in community for dementia [public, private]",2021-06-25,1914,ok
GDO_q8x4_6,"Majority provider of social and financial protection for dementia [public, private]",2021-06-25,1914,ok
GDO_q8x5_3,Estimated number of people receiving psychosocial and rehabilitation services in community for dementia,2021-06-25,1914,ok
GDO_q8x5_2,Estimated number of people receiving behaviour and psychological management services in community for dementia,2021-06-25,1914,ok
GDO_q8x4_3,"Majority provider of psychosocial and rehabilitation services in community for dementia [public, private]",2021-06-25,1914,ok
GDO_q8x5_5,Estimated number of people receiving palliative and end-of-life care services in community for dementia,2021-06-25,1914,ok
GDO_q9_1,Dementia care facilities [hospitals],2021-06-25,1914,ok
GDO_q9_3,Care facilities [hospice centres],2021-06-25,1914,ok
GDO_q9_5,Outpatient health centres,2021-06-25,1914,ok
GDO_q9x1_5,"Total dementia hospital admissions (per 100,000)",2021-03-23,2008,ok
GDO_q9x1_3,"Dementia-specific hospital beds (per 10,000 population)",2021-03-23,2008,ok
GDO_q9x1_7,Estimated percentage of hospitals following national dementia standards,2021-06-25,1914,ok
GDO_q9x2_1,"Density of residential long-term care facilities (per 100,000 population)",2021-03-23,2008,ok
RSUD_46,"Length of stay for inpatient detoxification, days",2013-06-11,4850,ok
RSUD_42,Specialized treatment services for substance use disorders and TB,2013-06-11,4850,ok
RSUD_400,Main substance at treatment entry,2017-08-28,3311,ok
GDO_q9x2_3,"Dementia-specific residential long-term care beds (per 10,000 population)",2021-03-23,2008,ok
GDO_q9x2_4,Estimated number of people with dementia living in residential long-term care,2021-06-25,1914,ok
RSUD_420,Guidelines on pharmacological treatment for substance use disorders,2017-09-01,3307,ok
RSUD_440,Pharmacotherapy with buprenorphine,2017-09-01,3307,ok
RSUD_450,Pharmacotherapy with buprenorphine/naloxone,2017-09-01,3307,ok
GDO_q8x3_6,"Accessibility of social and financial protection for dementia [Capital/capital and main cities/capital, main cities, rural areas]",2021-06-25,1914,ok
GDO_q8x4_1,"Majority provider of diagnostic services in community for dementia [public, private]",2021-06-25,1914,ok
RSUD_430,Pharmacotherapy with methadone,2017-08-28,3311,ok
RSUD_44,"Treatment slots for alcohol and drug use disorders, outpatient, per 10 000",2013-06-11,4850,ok
RSUD_45,"Beds for the treatment of substance use disorders, per 100 000",2013-06-11,4850,ok
RSUD_460,Access restrictions to maintenance treatment,2017-09-01,3307,ok
RSUD_480,Registration of medications for alcohol dependence and withdrawal,2017-09-01,3307,ok
GDO_q9_6,Outpatient social centres,2021-06-25,1914,ok
NUTRITION_2005,Proportion of children aged 6-23 months who receive a minimum acceptable diet,2019-05-17,2684,ok
RSUD_43,Open access services for substance use disorders,2013-06-11,4850,ok
RSUD_47,"Length of stay for inpatient short-term treatment, days",2013-06-11,4850,ok
RSUD_470,Timeframe for maintenance treatment of opioid dependence,2017-09-01,3307,ok
RSUD_500,Registration of medications for opioid withdrawal,2017-09-01,3307,ok
RSUD_51,Methadone used for the treatment of opioid dependence,2013-06-11,4850,ok
RSUD_540,Screening and brief intervention for substance use in antenatal services,2017-09-06,3302,ok
RSUD_520,Availability of naloxone,2017-09-01,3307,ok
RSUD_550,Recommendations for screening and brief interventions for substance use in primary health care,2017-09-06,3302,ok
GDO_q3x1x1_1,Implementation level [national/subnational] of dementia legislation,2021-06-25,1914,ok
GDO_q4x3x4_2,Existence of standards/ guidelines/ protocols for palliative and end-of-life care for people with dementia,2021-06-25,1914,ok
GDO_q3x3a_2,Existence of legislation to file appeals protecting the rights of people with dementia,2021-06-25,1914,ok
GDO_q3x3a_4,Existence of legislation to promote monitoring of human rights conditions of people with dementia in facilities where they reside,2021-06-25,1914,ok
GDO_q3x3b_1,Existence of legislation to end coercieve practices for people with dementia,2021-06-25,1914,ok
GDO_q3x4_2,Existence of legislation to end discrimination against people with dementia,2021-06-25,1914,ok
GDO_q4x1x1_SQ001,Implementation level of dementia standards/ guidelines/ protocols (National),2021-06-25,1914,ok
GDO_q4x1,Existence of dementia standards/ guidelines/ protocols,2021-06-25,1914,ok
E14_compliance,Compliance of ban on appearance of tobacco products in TV and/or films,2015-08-20,4050,ok
E10_promo_discounts,Ban on promotional discounts,2023-10-31,1056,ok
E11_brand_stretching,Ban on non-tobacco goods AND services identified with tobacco brand names,2023-10-31,1056,ok
E11_compliance,Compliance of ban on non-tobacco goods AND services identified with tobacco brand names,2015-08-20,4050,ok
E12_brand_sharing,Ban on brand name of non-tobacco products used for tobacco product,2023-10-31,1056,ok
E12_compliance,Compliance of ban on brand name of non-tobacco products used for tobacco product,2015-08-20,4050,ok
E13_compliance,Compliance of ban on appearance of tobacco brands in TV and/or films (product placement),2015-08-20,4050,ok
E14b_movies_anti_tob_ads,"Requirement to present prescribed anti-tobacco ads before, during or after the broadcasting or showing of any visual entertainment media product that depicts tobacco products, use ",2023-10-31,1056,ok
GDO_q6x2_4,Inclusion of basic dementia competencies in training of pharmaceutical personnel,2021-06-25,1914,ok
E15_compliance,Compliance of ban on sponsored events,2015-08-20,4050,ok
GDO_q6x2_5,Inclusion of basic dementia competencies in training of social workers,2021-06-25,1914,ok
E15_sponsored_events,Sponsored events,2015-08-19,4051,ok
E15a_sponsorship,Complete ban on sponsorship,2023-10-31,1056,ok
GDO_q5x1,Availability of mechanisms to coordinate dementia care across sectors,2021-06-25,1914,ok
E15b_sponsor_contribution,"Ban on any form of contribution (financial or other support) to any event, activity or individual",2023-10-31,1056,ok
GDO_q5x1x1_6,Identification of different sectors in dementia care coordination (Housing),2021-06-25,1914,ok
GDO_q6x1_2,"Number of neurologists (per 100,000)",2017-12-08,3209,ok
NUTRITION_579,Exclusive breastfeeding under 6 months (%),2013-06-11,4850,ok
RSUD_48,"Length of stay for inpatient long-term residential treatment, days",2013-06-11,4850,ok
RSUD_49,Opioid agonist pharmacotherapy for the treatment of opioid dependence (detoxification or maintenance),2013-06-11,4850,ok
NUTRITION_WH_3,"Severe wasted prevalence among children under 5 years of age   (% weight-for-height <-3 SD), survey-based estimates",2026-08-14,38,ok
RSUD_50,Timeframe of opioid agonist treatment,2013-06-11,4850,ok
RSUD_510,Registration of naloxone for injection for opioid overdose,2017-09-01,3307,ok
RSUD_52,Methadone used for detoxification or maintenance,2013-06-11,4850,ok
RSUD_54,Buprenorphine used for the treatment of opioid dependence,2013-06-11,4850,ok
GDO_q9x5_1,"Density of outpatient health centres (per 100,000 population)",2021-03-23,2008,ok
RSUD_55,Buprenorphine used for detoxification or maintenance,2013-06-11,4850,ok
GDO_q9x5_2,Estimated number of people with dementia receiving services at outpatient health centre,2021-06-25,1914,ok
GHE_YLDNUM,Years of healthy life lost due to disability (YLDs),2014-07-04,4462,ok
GHED_EXT_pc_US_SHA2011,External health expenditure (EXT) per capita in US$,2026-04-10,164,ok
GHED_GGHE-D_pc_US_SHA2011,Domestic general government health expenditure (GGHE-D) per capita in US$,2026-04-10,164,ok
GHED_GGHE-DGGE_SHA2011,Domestic general government health expenditure (GGHE-D) as percentage of general government expenditure (GGE) (%),2026-04-10,164,ok
GDO_q9x2_2,Residential long-term care beds (per 10 000 population),2021-03-23,2008,ok
GDO_q9x3_2,Hospice centre beds (per 10 000 population),2021-03-23,2008,ok
GDO_q9x3_1,"Density of hospice centres (per 100,000 population)",2021-03-23,2008,ok
GDO_q9x3_3,"Dementia-specific hospice care beds (per 10,000 population)",2021-03-23,2008,ok
NUTRITION_WA_2,"Underweight prevalence among children under 5 years of age   (% weight-for-age <-2 SD), survey-based estimates",2026-08-12,40,ok
O_Avail_hlth_clin,Treatment for tobacco dependence available in health clinics or other primary care facilities,2023-10-17,1070,ok
RSUD_65,Prescription requirements for buprenorphine,2013-06-11,4850,ok
RSUD_62,Supervision requirements for buprenorphine administration,2013-06-11,4850,ok
RSUD_590,Prevention programmes for specific populations for alcohol,2017-09-06,3302,ok
RSUD_57,Buprenorphine/naloxone used for detoxification or maintenance,2013-06-11,4850,ok
GHE_DALYNUM,Disability-adjusted life years (DALYs),2014-06-30,4466,ok
RSUD_630,Programmes readily available,2017-09-06,3302,ok
RSUD_64,Prescription requirements for methadone,2013-06-11,4850,ok
RSUD_660,Treatment programmes for women with alcohol use disorders,2017-09-06,3302,ok
NUTSEVWASTINGNUM,"Severe wasted numbers among children under 5 years of age (millions), model-based estimates",2026-08-14,38,ok
NUTSTUNTINGNUM,"Stunting numbers among children under 5 years of age (millions), model-based estimates",2026-08-12,40,ok
O_Bup_ins,Bupropion - cost covered,2023-10-31,1056,ok
GHE_DALYRATE,Disability-adjusted life years (DALYs) (per 100 000 population),2014-07-03,4463,ok
GHE_YLDRATE,Years of healthy life lost due to disability (YLDs) (per 100 000 population),2014-07-05,4461,ok
O_Avail_other,Treatment for tobacco dependence available in other settings,2023-10-17,1070,ok
O_Ins_community,Treatment for tobacco dependence in the community cost covered,2023-10-17,1070,ok
O_Ins_hlth_clin,Treatment for tobacco dependence in health clinics or other primary care facilities cost covered,2023-10-17,1070,ok
GDO_q9x2_5,Estimated percentage of residential long-term care facilities following national dementia standards,2021-06-25,1914,ok
GDO_q9x4_1,"Density of adult day centres (per 100,000 population)",2021-03-23,2008,ok
GDO_q9x4_3,"Dementia-specific adult day centre places (per 10,000 population)",2021-03-23,2008,ok
GDO_q9x6_2,Estimated number of people with dementia receiving services at outpatient social centre,2021-06-25,1914,ok
RSUD_58,Methadone provision in clinical and community-based settings,2013-06-11,4850,ok
RSUD_600,Prevention programmes for drugs,2017-09-06,3302,ok
GHED_CHE_pc_US_SHA2011,Current health expenditure (CHE) per capita in US$,2026-04-10,164,ok
GHED_CHEGDP_SHA2011,Current health expenditure (CHE) as percentage of gross domestic product (GDP) (%),2026-04-10,164,ok
RSUD_640,Standards of treatment and care for public specialized treatment facilities,2017-09-06,3302,ok
RSUD_670,Treatment programmes for women with drug use disorders,2017-09-06,3302,ok
RSUD_650,Special treatment programmes for gambling disorder,2017-09-06,3302,ok
GHED_EXT_pc_PPP_SHA2011,External health expenditure (EXT) per capita in PPP int$,,,empty
NUTRITION_WH_2,"Wasting prevalence among children under 5 years of age (% weight-for-height <-2 SD), survey-based estimates",2026-08-13,39,ok
O_Avail_hlthSPACEclin,Treatment for tobacco dependence available in health clinics or other primary care facilities,,,empty
NUTSEVWASTINGPREV,"Severe wasted prevalence among children under 5 years of age (%), model-based estimates",2026-08-14,38,ok
RSUD_68,Pharmacotherapy used for the management of alcohol withdrawal,2013-06-11,4850,ok
NUTSTUNTINGPREV,"Stunting prevalence among children under 5 years of age (% height-for-age <-2 SD), model-based estimates",2026-08-12,40,ok
NUTWASTINGNUM,"Wasted numbers among children under 5 years of age (millions), model-based estimates",2026-08-13,39,ok
RSUD_70,Pharmacotherapy used for the management of cannabis withdrawal,2013-06-11,4850,ok
NUTWASTINGPREV,"Wasted prevalence among children under 5 years of age (%), model-based estimates",2026-08-13,39,ok
RSUD_56,Buprenorphine/naloxone used for the treatment of opioid dependence,2013-06-11,4850,ok
RSUD_570,Groups and agencies involved in prevention programs,2017-09-06,3302,ok
OA_DMFT,"Decayed, missing, or filled teeth",,,empty
RSUD_680,Special housing services for alcohol use disorders,2017-09-06,3302,ok
obesewm,"Obesity prevalence in non-pregnant women aged 15-49 years, BMI >= 30 (%)",,,empty
RSUD_71,Essential list of medicines,2013-06-11,4850,ok
RSUD_75,Funding method for substance use disorder prevention,2013-06-11,4850,ok
RSUD_72,"Essential list of medicines, pharmacotherapy for substance use disorders",2013-06-11,4850,ok
RSUD_60,Buprenorphine/naloxone provision in clinical and community-based settings,2013-06-11,4850,ok
RSUD_750,Standards of care for professionals providing treatment for alcohol and drug use disorders,2017-08-28,3311,ok
RSUD_61,Supervision requirements for methadone administration,2013-06-11,4850,ok
RSUD_610,Prevention programmes for specific populations for drugs,2017-09-06,3302,ok
RSUD_620,"HIV, Hepatitis counselling and treatment availability in specialized facilities and services",2017-09-06,3302,ok
RSUD_66,Prescription requirements for buprenorphine/naloxone,2013-06-11,4850,ok
RSUD_74,Budget line for substance use disorder prevention,2013-06-11,4850,ok
RSUD_760,Educational attainment in prevention,2017-08-28,3311,ok
RSUD_77,Programmes for the prevention of substance use disorders for special populations,2013-06-11,4850,ok
RSUD_78,Screening and brief interventions for substance use and substance use disorders,2013-06-11,4850,ok
RSUD_780,Continuing professional development in prevention,2017-08-28,3311,ok
RSUD_770,Postgraduate training programme in prevention,2017-08-28,3311,ok
NUTUNDERWEIGHTNUM,"Underweight numbers among children under 5 years of age (millions), model-based estimates",2026-08-12,40,ok
RSUD_790,Educational attainment in treatment,2017-08-28,3311,ok
NUTUNDERWEIGHTPREV,"Underweight prevalence among children under 5 years of age (%), model-based estimates",2026-08-12,40,ok
O_Avail_community,Treatment for tobacco dependence available in the community,2023-10-17,1070,ok
GDO_q8x2_6,Availability of social and financial protection for dementia,2021-06-25,1914,ok
GDO_q8x2_5,Availability of palliative and end-of-life care services in community for dementia,2021-06-25,1914,ok
GDO_q8x3_5,"Accessibility of palliative and end-of-life care services in community for dementia [Capital/capital and main cities/capital, main cities, rural areas]",2021-06-25,1914,ok
GDO_q8x4_4,"Majority provider of activities of daily living support services in community for dementia [public, private]",2021-06-25,1914,ok
RSUD_490,Registration of medications for opioid dependence,2017-09-01,3307,ok
E21_vending_machines,Complete ban on tobacco vending machines,2015-08-19,4051,ok
GDO_q8x4_2,"Majority provider of behaviour and psychological management in community for dementia [public, private]",2021-06-25,1914,ok
E26_direct_ad_fines,Law requires fines for violations of direct advertising bans,2015-08-19,4051,ok
E24_internet_sales_ban,Ban on internet sales of tobacco products,2023-10-31,1056,ok
EMFLIMITELECTRIC1800,Electric field limit at 1800 MHz (V/m),,,empty
RSUD_40,"Treatment setting for substance use disorders, most common",2013-06-11,4850,ok
E5_billboards,Ban on advertising: Billboards and outdoor advertising,2023-10-31,1056,ok
RSUD_41,Specialized treatment services for drug use disoders and HIV/AIDS,2013-06-11,4850,ok
RSUD_410,Reported treatment coverage for substance dependence,2018-03-08,3119,ok
RSUD_730,Open access interventions for drugs,2017-09-06,3302,ok
RSUD_5,"Age-standardized DALYs, alcohol and drug use disorders, per 100 000",2013-06-11,4850,ok
GOE_Q002,strategy refers to the use of ICT to support UHC,2018-03-28,3099,ok
RSUD_690,Special housing services for drug use disorders,2017-09-06,3302,ok
RSUD_53,Methadone formulation used for the treatment of opiod dependence,2013-06-11,4850,ok
O_Group,Offering help to quit tobacco use,2023-10-17,1070,ok
O_NRT_ins,Nicotine replacement therapy - cost covered,2023-10-31,1056,ok
O_Varen_where,Varenicline - place available,2023-10-31,1056,ok
RSUD_8,Epidemiological data collection system for substance use disorders,2013-06-11,4850,ok
RSUD_81,Clinical supervision of health care staff,2013-06-11,4850,ok
RSUD_810,Continuing professional development in treatment,2017-08-28,3311,ok
RSUD_820,Epidemiological data collection for substance use,2017-08-28,3311,ok
GHED_PVT-DCHE_SHA2011,Domestic private health expenditure (PVT-D) as percentage of current health expenditure (CHE) (%),2026-04-10,164,ok
GHED_GGHE-DGDP_SHA2011,Domestic general government health expenditure (GGHE-D) as percentage of gross domestic product (GDP) (%),2026-04-10,164,ok
OCC_15,Occupational ergonomic stressors attributable deaths,2013-06-11,4850,ok
GOE_Q013,Proportion of private funding,2018-03-28,3099,ok
GHED_PVT-D_pc_PPP_SHA2011,Domestic private health expenditure (PVT-D) per capita in PPP int$,,,empty
GOE_Q004,National eHealth strategy refers to objectives of UHC,2018-03-28,3099,ok
OCC_5,Occupational airborne particulates attributable deaths,2013-06-11,4850,ok
GOE_Q022,Institutions offer in-service training to health professionals on ICT for health,2018-03-28,3099,ok
GOE_Q030_2,Promoting standards and interoperability,2018-03-28,3099,ok
GHED_GGHE-D_pc_PPP_SHA2011,Domestic general government health expenditure (GGHE-D) per capita in PPP int$,,,empty
GOE_Q018,Tertiary institutions provide students of health sciences with training on eHealth,2018-03-28,3099,ok
GHED_OOP_pc_PPP_SHA2011,Out-of-pocket expenditure (OOP) per capita in PPP int$,,,empty
OCC_11,Occupational carcinogens attributable deaths per 100'000 capita,2013-06-11,4850,ok
GHED_OOP_pc_US_SHA2011,Out-of-pocket expenditure (OOP) per capita in US$,2026-04-10,164,ok
GOE_Q007,Public funding for eHealth,2018-03-28,3099,ok
GOE_Q011,Strategy implementation funding available for eHealth,2018-03-28,3099,ok
GOE_Q014,Proportion of donor/non public development funding,2018-03-28,3099,ok
GOE_Q030_5,Promoting the development and adoption of mHealth,2018-03-28,3099,ok
GOE_Q032,Providing incentives and guidance for innovation research and evaluation of health,2018-03-28,3099,ok
OCC_17,Occupational ergonomic stressors attributable deaths per 100'000 capita,2013-06-11,4850,ok
OCC_16,Occupational ergonomic stressors attributable DALYs ('000),2013-06-11,4850,ok
OCC_20,Occupational injuries attributable DALYs ('000),2013-06-11,4850,ok
OCC_22,Occupational injuries attributable DALYs per 100'000 capita,2013-06-11,4850,ok
OCC_6,Occupational airborne particulates attributable DALYs ('000),2013-06-11,4850,ok
OCC_7,Occupational airborne particulates attributable deaths per 100'000 capita,2013-06-11,4850,ok
OCC_9,Occupational carcinogens attributable deaths,2013-06-11,4850,ok
GOE_Q030_3,Providing guidance on privacy and security,2018-03-28,3099,ok
GOE_Q030_4,Providing oversight and enforcement of data ownership,2018-03-28,3099,ok
RSUD_89,Opioid agonist pharmacotherapy for the treatment of opioid dependence (maintenance),2013-06-11,4850,ok
RSUD_76,"Prevention activities for substance use disorders, main focus",2013-06-11,4850,ok
RSUD_890,Treatment programmes for children and adolescents with alcohol use disorders,2017-08-28,3311,ok
GHED_PVT-D_pc_US_SHA2011,Domestic private health expenditure (PVT-D) per capita in US$,2026-04-10,164,ok
GOE_Q012,Proportion of public funding,2018-03-28,3099,ok
GOE_Q015,Proportion ofpublic private partnerships funding,2018-03-28,3099,ok
GOE_Q010,Public-private partnerships for eHealth,2018-03-28,3099,ok
RSUD_83,"Standards of care for health professionals, maintenance",2013-06-11,4850,ok
RSUD_86,NGOs for drug use disorders,2013-06-11,4850,ok
RSUD_85,NGOs for alcohol use disorders,2013-06-11,4850,ok
RSUD_800,Postgraduate training programme in treatment,2017-08-28,3311,ok
RSUD_84,"Standards of care for health professionals, human rights",2013-06-11,4850,ok
RSUD_840,Regular reports on epidemiological and service delivery data for substance use,2017-08-28,3311,ok
RSUD_850,System of monitoring alcohol involvement in forensic pathology,2017-08-28,3311,ok
RSUD_87,Self-help groups for substance use disorders,2013-06-11,4850,ok
RSUD_870,Epidemiological data collection system for substance use among children and adolescents,2017-08-28,3311,ok
SA_0000001402,"Alcohol, estimate of five-year change in recorded per capita (15+) consumption 2006-2010",2014-05-03,4524,ok
SA_0000001401_ARCHIVED,"Alcohol, recorded per capita (15+) consumption (in litres of pure alcohol), three-year average",2023-08-11,1137,ok
SA_0000001398,"Alcohol, consumption of pure alcohol by type of beverage (%)",2026-07-06,77,ok
SA_0000001400_ARCHIVED,"Alcohol, recorded per capita (15+) consumption (in litres of pure alcohol)",2020-05-27,2308,ok
O_Bup_sold,Bupropion - legally sold,2023-10-31,1056,ok
O_Ins_off_hlth_prof,Treatment for tobacco dependence in offices of health professionals cost covered,2023-10-17,1070,ok
O_NRT_where,Nicotine replacement therapy - place available,2023-10-31,1056,ok
OCC_1,Occupational risk factors attributable deaths,2013-06-11,4850,ok
OCC_10,Occupational carcinogens attributable DALYs ('000),2013-06-11,4850,ok
OCC_13,Occupational noise attributable DALYs ('000),2013-06-11,4850,ok
OCC_14,Occupational noise attributable DALYs per 100'000 capita,2013-06-11,4850,ok
OCC_18,Occupational ergonomic stressors attributable DALYs per 100'000 capita,2013-06-11,4850,ok
OCC_2,Occupational risk factors attributable DALYs ('000),2013-06-11,4850,ok
OCC_21,Occupational injuries attributable deaths per 100'000 capita,2013-06-11,4850,ok
OCC_19,Occupational injuries attributable deaths,2013-06-11,4850,ok
OCC_4,Occupational risk factors attributable DALYs per 100'000 capita,2013-06-11,4850,ok
OCC_3,Occupational risk factors attributable deaths per 100'000 capita,2013-06-11,4850,ok
GOE_Q119_3,Enabling access to education where learning facilities are limited,2018-03-28,3099,ok
GOE_Q030_1,Regulating mobile devices and software,2018-03-28,3099,ok
GOE_Q062,Demand,2018-03-28,3099,ok
GOE_Q060,Effectiveness,2018-03-28,3099,ok
OCC_12,Occupational carcinogens attributable DALYs per 100'000 capita,2013-06-11,4850,ok
GDO_q9x1_4,"Geriatric-specific hospital beds (per 10,000 population)",2021-03-23,2008,ok
GOE_Q064,Policy,2018-03-28,3099,ok
RSUD_900,Treatment programmes for children and adolescents with drug use disorders,2017-08-28,3311,ok
GDO_q8x5_4,Estimated number of people receiving activities of daily living support services in community for dementia,2021-06-25,1914,ok
RSUD_530,Screening and brief intervention for substance use in primary health care,2017-08-28,3311,ok
GDO_q8x5_6,Estimated number of people with dementia receiving social and financial protection for dementia,2021-06-25,1914,ok
GDO_q9_4,Adult day centres,2021-06-25,1914,ok
GDO_q9_2,Care facilities [long-term care],2021-06-25,1914,ok
GDO_q9x4_2,"Adult day centre places (per 10,000 population)",2021-03-23,2008,ok
GDO_q9x6_1,"Density of outpatient social centres (per 100,000 population)",2021-03-23,2008,ok
RSUD_560,Recommendations for screening and brief interventions for substance use in antenatal services,2017-09-06,3302,ok
SA_0000001404,"Alcohol, drinkers only per capita (15+) consumption in litres of pure alcohol, three-year average",2024-06-21,822,ok
GHED_CHE_pc_PPP_SHA2011,Current health expenditure (CHE) per capita in PPP int$,,,empty
RSUD_580,Prevention programmes for alcohol,2017-09-06,3302,ok
RSUD_59,Buprenorphine provision in clinical and community-based settings,2013-06-11,4850,ok
RSUD_63,Supervision requirements for buprenorphine/naloxone administration,2013-06-11,4850,ok
RSUD_67,Commencement of treatment with opioid agonists,2013-06-11,4850,ok
RSUD_7,Psychoactive substance causing entry into treatment,2013-06-11,4850,ok
GHE_YLLNUM,Years of life lost from mortality (YLLs),2014-07-04,4462,ok
RSUD_69,Pharmacotherapy used for the management of benzodiazepine withdrawal,2013-06-11,4850,ok
SA_0000001406_ARCHIVED,"Alcohol, unrecorded per capita (15+) consumption (in litres of pure alcohol)",2018-09-27,2916,ok
GHE_YLLRATE,Years of life lost from mortality (YLLs) (per 100 000 population),2014-07-03,4463,ok
RSUD_73,Government unit for substance use disorder prevention,2013-06-11,4850,ok
RSUD_710,Employment services for drug use disorders,2017-09-06,3302,ok
RSUD_720,Open access interventions for alcohol,2017-09-06,3302,ok
GHED_GGHE-DCHE_SHA2011,Domestic general government health expenditure (GGHE-D) as percentage of current health expenditure (CHE) (%),2026-04-10,164,ok
GHED_EXTCHE_SHA2011,External health expenditure (EXT) as percentage of current health expenditure (CHE) (%),2026-04-10,164,ok
OCC_8,Occupational airborne particulates attributable DALYs per 100'000 capita,2013-06-11,4850,ok
RSUD_700,Employment services for alcohol use disorders,2017-09-06,3302,ok
ORGANKIDNEYNUM,Kidney transplants (absolute number),,,empty
ORGANTOTALNUM,Total organs transplanted (absolute number),,,empty
RSUD_9,Service delivery data collection system for substance use disorders,2013-06-11,4850,ok
SA_0000001398_ARCHIVED,"Alcohol, consumption of pure alcohol by type of beverage (%)",2018-09-27,2916,ok
SA_0000001400,"Alcohol, recorded per capita (15+) consumption (in litres of pure alcohol), by beverage type",2026-07-06,77,ok
ODA_1,"Donor commitments (Million, constant 2009 US$)",2013-06-11,4850,ok
GOE_Q119_1,Reducing cost of delivering content,2018-03-28,3099,ok
GOE_Q109,Pre-service eLearning programmes have been evaluated,2018-03-28,3099,ok
GOE_Q122,eLearning programmes for in-service training of health professionals have been evaluated,2018-03-28,3099,ok
ODA_2,"Commitments to recipient countries (Million, constant 2009 US$)",2013-06-11,4850,ok
GOE_Q131,Lack of capacity,2018-03-28,3099,ok
GOE_Q138,Lack of suitable courses available,2018-03-28,3099,ok
ORGANKIDNEYRATE,Kidney transplants (per million),,,empty
GOE_Q057,Capacity,2018-03-28,3099,ok
GOE_Q139,Insitutional educational policy does not include eLearning as an approach to teaching health sciences,2018-03-28,3099,ok
ORGANLIVERRATE,Liver transplants (per million),,,empty
ORGANPOP,Population (millions),,,empty
ORGANTOTALDECNUM,Total actual deceased donors (absolute number),,,empty
P13_fines_smoker,National smoking ban: FINES ON THE PATRON,2023-11-01,1055,ok
GOE_Q058,Infrastructure,2018-03-28,3099,ok
P16_subnat_complete_bans_exist,Comprehensive bans in place subnationally,2015-09-02,4037,ok
GOE_Q059,Funding,2018-03-28,3099,ok
GOE_Q063,Legal,2018-03-28,3099,ok
P15_complaints,National smoking ban: CITIZEN COMPLAINTS AND INVESTIGATIONS,2023-11-01,1055,ok
GOE_Q061,Cost-effectiveness,2018-03-28,3099,ok
GOE_Q069,Country has telehealth policy or strategy,2018-03-28,3099,ok
P10_subnat_auth_exists,Subnational smoking bans - authority exists,2023-10-31,1056,ok
GOE_Q070,Strategy includes objectives as to how telehealth contributes to UHC,2018-03-28,3099,ok
GOE_Q081,Evaluation of any government-sponsored telehealth programmes,2018-03-28,3099,ok
GOE_Q104_2,Improving access to content and experts,2018-03-28,3099,ok
GOE_Q104_3,Enabling access to education where learning facilities are limited,2018-03-28,3099,ok
GOE_Q118,eLearning used for in-service training of health professionals,2018-03-28,3099,ok
SA_0000001414,"Alcohol, former drinkers (%), age-standardized",2024-06-20,823,ok
GOE_Q120,eLearning courses accredited by continuing medical education or professional licensing bodies,2018-03-28,3099,ok
GOE_Q132,Lack of infrastructure,2018-03-28,3099,ok
SA_0000001401,"Alcohol, recorded per capita (15+) consumption (in litres of pure alcohol), three-year average",2022-08-03,1510,ok
SA_0000001405_ARCHIVED,"Alcohol, tourist consumption (in litres of pure alcohol)",2018-09-27,2916,ok
SA_0000001402_ARCHIVED,"Alcohol, estimate of five-year change in recorded per capita (15+) consumption 2006-2010",2018-09-27,2916,ok
SA_0000001406,"Alcohol, unrecorded per capita (15+) consumption (in litres of pure alcohol)",2017-08-14,3325,ok
SA_0000001403,"Alcohol, total (recorded 3 year average + unrecorded) per capita (15+) consumption (in litres of pure alcohol)",2022-08-03,1510,ok
SA_0000001413_ARCHIVED,"Alcohol, consumers past 12 months (%)",2018-09-27,2916,ok
SA_0000001403_ARCHIVED,"Alcohol, total (recorded 3 year average + unrecorded) per capita (15+) consumption (in litres of pure alcohol)",2023-08-11,1137,ok
ors,Children aged < 5 years with diarrhoea receiving oral rehydration salts (%),,,empty
SA_0000001405,"Alcohol, tourist consumption (in litres of pure alcohol)",2015-12-14,3934,ok
GOE_Q136,Lack of evidence over cost-effectiveness,2018-03-28,3099,ok
GOE_Q168,"To define medical jurisdiction, liability or reimbursement of eHealth services such as telehealth",2018-03-28,3099,ok
GOE_Q161,Lack of national or international standards for interoperability of EHR,2018-03-28,3099,ok
GOE_Q158,Lack of demand by health professionals and patients,2018-03-28,3099,ok
GOE_Q134,Not possible to gain a health sciences degree entirely through eLearning,2018-03-28,3099,ok
P_count_places_sf,National smoking ban: NUMBER OF PLACES SMOKE-FREE,2023-10-31,1056,ok
GOE_Q169,"To address patient safety and quality of care based on data quality, data transmission standards, or clinical competency criteria",2018-03-28,3099,ok
GOE_Q172,Which governs the sharing of digital data between health professionals in other health services in the same country through the use of an EHR,2018-03-28,3099,ok
SA_0000001409_ARCHIVED,"Alcohol, abstainers lifetime (%)",2018-09-27,2916,ok
SA_0000001424,"Age-standardized DALYs, fires, per 100,000",2013-06-11,4850,ok
SA_0000001411_ARCHIVED,"Alcohol, abstainers past 12 months (%)",2018-09-27,2916,ok
SA_0000001414_ARCHIVED,"Alcohol, former drinkers (%)",2018-09-27,2916,ok
SA_0000001413,"Alcohol, consumers past 12 months (%), age-standardized",2024-06-20,823,ok
SA_0000001417_ARCHIVED,"Alcohol, patterns of drinking score",2018-09-27,2916,ok
SA_0000001417,"Alcohol, patterns of drinking score",2014-05-02,4525,ok
SA_0000001418,"Age-standardized DALYs, alcohol use disorders, per 100,000",2013-06-11,4850,ok
GHED_OOPSCHE_SHA2011,Out-of-pocket expenditure as percentage of current health expenditure (CHE) (%),2026-04-10,164,ok
GOE_Q001,National universal health coverage strategy,2018-03-28,3099,ok
SA_0000001425,"Age-standardized DALYs, ischaemic heart disease, per 100,000",2013-06-11,4850,ok
GOE_Q003,National eHealth strategy,2018-03-28,3099,ok
GOE_Q006,National  health information system (HIS) policy or strategy,2018-03-28,3099,ok
O_Avail_off_hlth_prof,Treatment for tobacco dependence available in offices of health professionals,2023-10-17,1070,ok
O_Avail_hosp,Treatment for tobacco dependence available in hospitals,2023-10-17,1070,ok
O_NRT_sold,Nicotine replacement therapy - legally sold,2023-10-31,1056,ok
RSUD_79,Harm reduction programmes for IDUs,2013-06-11,4850,ok
O_Bup_where,Bupropion - place available,2023-10-31,1056,ok
O_Ins_hosp,Treatment for tobacco dependence in hospitals cost covered,2023-10-17,1070,ok
RSUD_82,Standards of care for health professionals,2013-06-11,4850,ok
O_Ins_other,Treatment for tobacco dependence in other settings cost covered,2023-10-17,1070,ok
O_NRT_EML,Nicotine replacement therapy on the Essential Medicines List,2023-10-31,1056,ok
O_Varen_ins,Varenicline - cost covered,2023-10-31,1056,ok
O_Quitline,Access to a toll-free quit line,2023-10-17,1070,ok
RSUD_740,Health professionals providing treatment for alcohol and drug use disorders,2017-08-28,3311,ok
O_Varen_sold,Varenicline - legally sold,2023-10-31,1056,ok
RSUD_88,Groups and agencies for the prevention of substance use disorders,2013-06-11,4850,ok
GOE_Q153,Lack of capacity,2018-03-28,3099,ok
RSUD_80,Health professionals mostly involved in treatment of substance use disorders,2013-06-11,4850,ok
GOE_Q157,Lack of evidence showing cost-effectiveness or EHR,2018-03-28,3099,ok
GOE_Q155,Lack of funding,2018-03-28,3099,ok
GOE_Q156,lack of evidence showing effectiveness of EHR,2018-03-28,3099,ok
RSUD_830,Service delivery data collection for substance use,2017-08-28,3311,ok
RSUD_860,System of monitoring drugs involvement in forensic pathology,2017-08-28,3311,ok
GOE_Q171,To protect the privacy of individuals' health-related  data held in electronic format as an EHR,2018-03-28,3099,ok
GOE_Q178,Individuals have the legal right to specify which health-related data from their EHR can be shared with health professionals of their choice,2018-03-28,3099,ok
SA_0000001416_ARCHIVED,"Alcohol, heavy episodic drinking (15+), drinkers only, past 30 days (%)",2018-09-27,2916,ok
SA_0000001415_ARCHIVED,"Alcohol, heavy episodic drinking (population) past 30 days (%)",2018-09-27,2916,ok
SA_0000001419,"Age-standardized DALYs, breast cancer, per 100,000",2013-06-11,4850,ok
SA_0000001420,"Age-standardized DALYs, colon and rectum cancers, per 100,000",2013-06-11,4850,ok
SA_0000001422,"Age-standardized DALYs, drownings, per 100,000",2013-06-11,4850,ok
SA_0000001423,"Age-standardized DALYs, falls, per 100,000",2013-06-11,4850,ok
GOE_Q144,Country has national EHR,2019-11-06,2511,ok
SA_0000001430,"Age-standardized DALYs, oesophagus cancer, per 100,000",2013-06-11,4850,ok
GOE_Q154,Lack of infrastructure,2018-03-28,3099,ok
GOE_Q160,National strategy does not promote the adoption of EHR,2018-03-28,3099,ok
GOE_Q173,Which governs the sharing of digital data between health professionals  in health services in other countries through the use of an EHR,2018-03-28,3099,ok
SA_0000001421,"Age-standardized DALYs, diabetes mellitus, per 100,000",2013-06-11,4850,ok
GOE_Q146,Country has specific legislation governing the use of national EHR system,2018-03-28,3099,ok
SA_0000001427,"Age-standardized DALYs, liver cirrhosis, per 100,000",2013-06-11,4850,ok
SA_0000001431,"Age-standardized DALYs, poisoning, per 100,000",2013-06-11,4850,ok
SA_0000001435,"Age-standardized DALYs, other unintentional injuries, per 100,000",2013-06-11,4850,ok
P8_compliance,Compliance of ban on smoking in PUBLIC TRANSPORT,2015-08-20,4050,ok
SA_0000001440,"Age-standardized death rates, diabetes mellitus, per 100,000",2013-06-11,4850,ok
P2_compliance,Compliance of ban on smoking in EDUCATIONAL FACILITIES EXCEPT UNIVERSITIES,2015-08-20,4050,ok
SA_0000001436,"Age-standardized DALYs, violence, per 100,000",2013-06-11,4850,ok
SA_0000001432,"Age-standardized DALYs, prematurity and low birth rate, per 100,000",2013-06-11,4850,ok
GOE_Q175,Which allows individuals electronic access to their own health-related data when held in an EHR,2018-03-28,3099,ok
GOE_Q177,Which allows individuals to demand the deletion of health-related data from their EHR,2018-03-28,3099,ok
ORGANTOTALDECRATE,Total actual deceased donors (per million),,,empty
ort,Children aged < 5 years with diarrhoea receiving oral rehydration therapy and continued feeding (%),,,empty
P2_education,National smoking ban in EDUCATIONAL FACILITIES EXCEPT UNIVERSITIES,2023-10-17,1070,ok
P4_compliance,Compliance of ban on smoking in GOVERNMENT FACILITIES,2015-08-20,4050,ok
PercposANC,"Antenatal care attendees who were positive for syphilis (%), reported",2026-01-06,258,ok
PercposMSM,Men who have sex with men (MSM) with active syphilis (%),,,empty
PercposSW,Sex workers with active syphilis (%),,,empty
overwgt3,Overweight prevalence in children aged <three years (%),,,empty
PerctestedANC,"Women accessing antenatal care (ANC) services who were tested for syphilis (%), reported",2025-07-10,438,ok
P1_healthcare,National smoking ban in HEALTH-CARE FACILITIES,2023-10-17,1070,ok
SA_0000001443,"Age-standardized death rates, fires, per 100,000",2013-06-11,4850,ok
P9_all_other,National smoking ban in ALL OTHER INDOOR PUBLIC PLACES,2022-09-29,1453,ok
P11_fines_any,National smoking ban: FINES FOR VIOLATIONS,2023-11-01,1055,ok
P5_compliance,Compliance of ban on smoking in INDOOR OFFICES,2015-08-20,4050,ok
P4_govt,National smoking ban in GOVERNMENT FACILITIES,2023-10-17,1070,ok
pncall,Postnatal care visit within two days of birth (in the x years preceding the survey) (%),,,empty
pnchome5,Postnatal care visit within two days of birth - born outside a health facility (in the five years preceding the survey) (%),,,empty
SA_0000001441,"Age-standardized death rates, drownings, per 100,000",2013-06-11,4850,ok
SA_0000001426,"Age-standardized DALYs, liver cancer, per 100,000",2013-06-11,4850,ok
PC_sfe_compliance,Compliance with regulations on smoke-free environments (national legislation),2015-08-20,4050,ok
P5_indoor_off,National smoking ban in INDOOR OFFICES,2023-10-17,1070,ok
P7_pubs,National smoking ban in PUBS AND BARS,2023-10-17,1070,ok
SA_0000001456,"Age-standardized death rates (15+ years), alcoholic liver disease, per 100,000",2013-06-11,4850,ok
SA_0000001454,"Age-standardized death rates, other unintentional injuries, per 100,000",2013-06-11,4850,ok
SA_0000001433,"Age-standardized DALYs, road traffic accidents, per 100,000",2013-06-11,4850,ok
SA_0000001437,"Age-standardized death rates, alcohol use disorders, per 100,000",2013-06-11,4850,ok
SA_0000001438,"Age-standardized death rates, breast cancer, per 100,000",2013-06-11,4850,ok
SA_0000001442,"Age-standardized death rates, falls, per 100,000",2013-06-11,4850,ok
SA_0000001446,"Age-standardized death rates, liver cirrhosis, per 100,000",2013-06-11,4850,ok
SA_0000001439,"Age-standardized death rates, colon and rectum cancers, per 100,000",2013-06-11,4850,ok
SA_0000001453,"Age-standardized death rates, self-inflicted injury, per 100,000",2013-06-11,4850,ok
SA_0000001448,"Age-standardized death rates, mouth and oropharynx cancer, per 100,000",2013-06-11,4850,ok
pncall3,Postnatal care visit within two days of birth (in the three years preceding the survey) (%),,,empty
SA_0000001444,"Age-standardized death rates, ischaemic heart disease, per 100,000",2013-06-11,4850,ok
PerctreatedANC,"Antenatal care attendees positive for syphilis who received treatment (%), reported",2025-07-10,438,ok
SA_0000001452,"Age-standardized death rates, road traffic accidents, per 100,000",2013-06-11,4850,ok
pncall5,Postnatal care visit within two days of birth (in the five years preceding the survey) (%),,,empty
pnchome,Postnatal care visit within two days of birth - born outside a health facility (in the x years preceding the survey) (%),,,empty
SA_0000001434,"Age-standardized DALYs, self-inflicted injury, per 100,000",2013-06-11,4850,ok
poliov,Polio immunization coverage among one-year-olds (%),,,empty
R_admin_duty_free_limited,Tax administration: Bans or limits on duty free imports by travellers,,,empty
R_afford_price_dispersion,Tobacco tax structure: Price dispersion: Share of cheapest brand price in premium brand price (%) (the higher the % the smaller the gap),2024-01-12,983,ok
SA_0000001445,"Age-standardized death rates, liver cancer, per 100,000",2013-06-11,4850,ok
SA_0000001450,"Age-standardized death rates, poisoning, per 100,000",2013-06-11,4850,ok
SA_0000001451,"Age-standardized death rates, prematurity and low birth rate, per 100,000",2013-06-11,4850,ok
GOE_Q009,Donor/ non-public development funding for eHealth,2018-03-28,3099,ok
ODA_3,"Donor disbursements (Million, constant 2009 US$)",2013-06-11,4850,ok
ODA_4,"Disbursements to recipient countries (Million, constant 2009 US$)",2013-06-11,4850,ok
ORGANTOTALRATE,Total organs transplanted (per million),,,empty
ORGANLIVERNUM,Liver transplants (absolute number),,,empty
overwgt5,Overweight prevalence in children aged <five years (%),,,empty
P_Group,Protecting people from tobacco smoke,2023-10-17,1070,ok
GOE_Q008,Private funding for eHealth,2018-03-28,3099,ok
GOE_Q104_1,Reducing cost of delivering content,2018-03-28,3099,ok
GOE_Q017,Government-supported health internet sites provide information in multiple languages,2018-03-28,3099,ok
GOE_Q031,"Regulatory oversight of mobile apps for quality, safety and reliability",2018-03-28,3099,ok
GOE_Q028,mHealth programmes are sponsored by government,2018-03-28,3099,ok
GOE_Q047,Government-sponsored mHealth programmes are being evaluated,2018-03-28,3099,ok
GOE_Q065,Priorities,2018-03-28,3099,ok
GOE_Q103,eLearning is used in pre-service education to teach health sciences students,2018-03-28,3099,ok
GOE_Q119_2,Improving access to content and experts,2018-03-28,3099,ok
RSUD_880,Epidemiological data collection system for substance use among children and adolescents,2017-08-28,3311,ok
SA_0000001404_ARCHIVED,"Alcohol, drinkers only per capita (15+)consumption in litres of pure alcohol",2018-09-27,2916,ok
SA_0000001409,"Alcohol, abstainers lifetime (%), age-standardized",2024-06-20,823,ok
SA_0000001410,"Abstainers (15-19 years), lifetime (%)",2013-06-11,4850,ok
GOE_Q197,Country has national policy or strategy regulating the use of big data by private companies,2018-03-28,3099,ok
SA_0000001411,"Alcohol, abstainers past 12 months (%), age-standardized",2024-06-20,823,ok
P1_compliance,Compliance of ban on smoking in HEALTH-CARE FACILITIES,2015-08-20,4050,ok
P3_compliance,Compliance of ban on smoking in UNIVERSITIES,2015-08-20,4050,ok
P12_fines_establishment,National smoking ban: FINES ON THE ESTABLISHMENT,2023-11-01,1055,ok
GOE_Q182,Policy or strategy makes specific reference tothe use of social media in the health domain,2018-03-28,3099,ok
GOE_Q196,Country has  national policy or strategy regulating the use of big data in the health sector,2018-03-28,3099,ok
P6_compliance,Compliance of ban on smoking in RESTAURANTS,2015-08-20,4050,ok
SA_0000001692,Framework of national alcohol policy,2018-09-03,2940,ok
GOE_Q200,Capacity building required for new skills,2018-03-28,3099,ok
P14_funds_for_enforce,National smoking ban: DEDICATED FUNDS FOR ENFORCEMENT,2023-11-01,1055,ok
P3_universities,National smoking ban in UNIVERSITIES,2023-10-17,1070,ok
SA_0000001699_ARCHIVED,Age limits off-premise sales,2018-09-27,2916,ok
GOE_Q199,Insufficient incentives for data sharing,2018-03-28,3099,ok
P6_restaurants,National smoking ban in RESTAURANTS,2023-10-17,1070,ok
SA_0000001691_ARCHIVED,Central coordinating entity for alcohol policy implementation,2018-09-27,2916,ok
SA_0000001693_ARCHIVED,Level of adoption of national alcohol policy,2018-09-27,2916,ok
GOE_Q202,Research into new analytical methods needs occur to meet the challenges of working with big data,2018-03-28,3099,ok
SA_0000001702,Brief interventions as health promotion/disease prevention,2013-06-11,4850,ok
SA_0000001694_ARCHIVED,Sectors represented in national alcohol policy,2018-09-27,2916,ok
SA_0000001697_ARCHIVED,"Adopted written national policy on alcohol, year adopted",,,empty
SA_0000001696_ARCHIVED,Alcohol-related road traffic crashes with fatalities (% of all road traffic crashes with fatalities),2018-09-27,2916,ok
R_afford_tax_auto_adjust,Tobacco tax structure: Specific tax component automatically adjusted for inflation (or other),2024-01-12,983,ok
GOE_Q181,Country has national policy or strategy on the use of social media by government organizations,2018-03-28,3099,ok
GOE_Q201,Privacy and security laws need to be in place,2018-03-28,3099,ok
SA_0000001698_ARCHIVED,"Adopted written national policy on alcohol, year revised",,,empty
SA_0000001696,Alcohol-related road traffic crashes with fatalities (% of all road traffic crashes with fatalities),2015-07-09,4092,ok
SA_0000001693,Level of adoption of national alcohol policy,2018-09-03,2940,ok
SA_0000001697,"Adopted written national policy on alcohol, year adopted",2024-06-19,824,ok
R_Sp_excise_estimate,Most sold brand of cigarettes - taxes as a % of price - specific excise,2021-12-15,1741,ok
SA_0000001455,"Age-standardized death rates, violence, per 100,000",2013-06-11,4850,ok
SA_0000001457,"Liver cirrhosis, age-standardized death rates (15+), per 100,000 population",2024-08-13,769,ok
R_Ad_val_average,Average - taxes as a % of cigarette price - ad valorem excise,2015-09-04,4035,ok
SA_0000001698,"Adopted written national policy on alcohol, year revised",2026-07-07,76,ok
SA_0000001695,"Cautions and arrests for public drunkenness, per 100,000 population",2018-08-30,2944,ok
R_admin_duty_free_allowance,"Tax administration: If duty free imports are limited, duty free allowance (number of cigarette sticks)",,,empty
R_Curr_mp,Most sold brand of cigarettes - currency reported,2022-01-20,1705,ok
SA_0000001463_ARCHIVED,"Alcoholic psychosis, incidence, per 100,000",2018-09-27,2916,ok
SA_0000001464,"Cautions and arrests for drink-driving, per 100,000 population",2018-08-30,2944,ok
SA_0000001465,"Hospital discharges, alcohol-related injuries and poisoning, per 100,000",2013-06-11,4850,ok
SA_0000001692_ARCHIVED,Framework of national alcohol policy,2018-09-27,2916,ok
R_Curr_premium_cost,Premium brand of cigarettes - currency reported,2022-01-12,1713,ok
R_excise_specific_reliance,Tax structure: Greater reliance on specific tax in mixed excise regime,2024-01-12,983,ok
R_excise_type,Tax structure: Type of excise tax applied,2024-01-12,983,ok
R_Price_premium_estimate,Premium brand of cigarettes - price in currency reported,2022-01-12,1713,ok
pnchome3,Postnatal care visit within two days of birth - born outside a health facility (in the three years preceding the survey) (%),,,empty
R_excise_uniform_varied,Tax structure: Uniform excise tax,2024-01-12,983,ok
R_Ad_val_estimate,Most sold brand of cigarettes - taxes as a % of price - ad valorem excise,2021-12-15,1741,ok
R_admin_tax_stamps,Tax administration: Tax stamps applied on tobacco products,,,empty
R_excise_retail_price_base,Tax structure: Retail price used as base of ad valorem component in ad valorem or mixed excise regime (or retail price exclusive of VAT),2024-01-12,983,ok
SA_0000001457_ARCHIVED,"Liver cirrhosis, age-standardized death rates (15+), per 100,000 population",2018-09-27,2916,ok
SA_0000001700,Consumer information on alcohol and health at points of sale,2013-06-11,4850,ok
SA_0000001701,Educational programmes involving target groups in school curriculum,2013-06-11,4850,ok
SA_0000001462,"Alcohol use disorders (15+), 12 month prevalence (%) with 95%",2018-09-05,2938,ok
SA_0000001703,Server training on a regular basis,2013-06-11,4850,ok
R_excise_incr,Tobacco excises increased over the survey period,2015-09-04,4035,ok
SA_0000001707,Persons with alcohol use disorders receiving treatment (%),2013-06-11,4850,ok
SA_0000001459_ARCHIVED,"Road traffic crash deaths, age-standardized death rates (15+), per 100,000 population",2018-09-27,2916,ok
SA_0000001708,Designation of alcohol tax revenues to health services,2013-06-11,4850,ok
SA_0000001459,"Road traffic crash deaths, age-standardized death rates (15+), per 100,000 population",2024-08-13,769,ok
SA_0000001462_ARCHIVED,"Alcohol use disorders (15+), 12 month prevalence (%) with 95%",2018-09-27,2916,ok
SA_0000001466,"Hospital discharges, alcoholic liver disease, per 100,000",2013-06-11,4850,ok
SA_0000001715,Counselling to children in families with alcohol problems,2013-06-11,4850,ok
SA_0000001712,Community-based interventions/projects involving stakeholders,2013-06-11,4850,ok
SA_0000001714,Training in screening and brief interventions for alcohol problems,2013-06-11,4850,ok
SA_0000001716,Counselling to pregnant women with alcohol problems,2013-06-11,4850,ok
SA_0000001474,Alcoholic excise tax revenue as a per cent of government revenue,2018-10-26,2887,ok
SA_0000001720_ARCHIVED,Restrictions on product placement in films/movies,2018-09-27,2916,ok
R_Other_average,Average - taxes as a % of cigarette price - other taxes,2015-09-04,4035,ok
SA_0000001468,"Treatment admissions (inpatient), alcohol dependence, per 100,000",2013-06-11,4850,ok
R_Price_premium_usd,Premium brand of cigarettes - price in US$ at official exchange rates,2022-01-12,1713,ok
R_Price_mp_estimate,Most sold brand of cigarettes - price in currency reported,2022-01-20,1705,ok
SA_0000001464_ARCHIVED,"Cautions and arrests for drink-driving, per 100,000 population",2018-09-27,2916,ok
SA_0000001470,"Alcohol-related road traffic crashes, per 100,000 population",2022-08-04,1509,ok
GOE_Q162,Competing health system priorities,2018-03-28,3099,ok
SA_0000001471,Alcohol-related road traffic crashes (% of all traffic crashes),2018-08-30,2944,ok
P7_compliance,Compliance of ban on smoking in PUBS AND BARS,2015-08-20,4050,ok
SA_0000001469,"Treatment admissions (inpatient), alcoholic psychosis, per 100,000",2013-06-11,4850,ok
P8_pub_transp,National smoking ban in PUBLIC TRANSPORT,2023-10-17,1070,ok
GOE_Q176,Which allows individuals to demand that their own data be corrected  when held in an EHR if it is known to be inaccurate,2018-03-28,3099,ok
GOE_Q133,Lack of funding,2018-03-28,3099,ok
GOE_Q135,Lack of evidence that eLearning is effective,2018-03-28,3099,ok
GOE_Q137,Lack of demand for eLearning programmes,2018-03-28,3099,ok
SA_0000001416,"Alcohol, heavy episodic drinking (15+), drinkers only, past 30 days (%), age-standardized",2024-06-20,823,ok
GOE_Q159,Lack of legislation or regulations covering use of EHR,2018-03-28,3099,ok
GOE_Q140,Competing educational priorities,2018-03-28,3099,ok
GOE_Q170,To protect privacy of personally identifiable data of individuals irrespective of whether it is paper or digital format,2018-03-28,3099,ok
SA_0000001704,Data collection on alcohol-related health indicators,2013-06-11,4850,ok
GOE_Q174,Which allows for the sharing of personal and health data between research entities,2018-03-28,3099,ok
SA_0000001695_ARCHIVED,"Cautions and arrests for public drunkenness, per 100,000 population",2018-09-27,2916,ok
SA_0000001412,"Abstainers (15-19 years), past 12 months (%)",2013-06-11,4850,ok
SA_0000001429,"Age-standardized DALYs, mouth and oropharynx cancer, per 100,000",2013-06-11,4850,ok
GOE_Q198,Effective standards and best practices for data capture not fully established,2018-03-28,3099,ok
SA_0000001473,"Alcohol-related disease mortality, per 100,000 (15+ years)",2013-06-11,4850,ok
SA_0000001699,Age limits off-premise sales,2026-07-06,77,ok
SA_0000001705,System for monitoring alcohol-related harm,2013-06-11,4850,ok
R_Sp_excise_average,Average - taxes as a % of cigarette price - specific excise,2015-09-04,4035,ok
SA_0000001690,"Age-standardized death rates, cerebrovascular disease, per 100,000",2013-06-11,4850,ok
SA_0000001691,Central coordinating entity for alcohol policy implementation,2026-07-07,76,ok
SA_0000001694,Sectors represented in national alcohol policy,2026-07-07,76,ok
SA_0000001471_ARCHIVED,Alcohol-related road traffic crashes (% of all traffic crashes),2018-09-27,2916,ok
RADON_Q303,Existence of national radon database,2021-06-04,1935,ok
SA_0000001475,Annual revenues from alcohol excise tax in millions US$,2018-10-25,2888,ok
R_total_tax_average,Average - taxes as a % of cigarette price - total tax,2015-09-04,4035,ok
R_total_tax_estimate,Most sold brand of cigarettes - taxes as a % of price - total tax,2021-12-15,1741,ok
RADON_Q302,National radon concentration levels,2021-06-04,1935,ok
R_VAT_average,Average - taxes as a % of cigarette price - value added tax,2015-09-04,4035,ok
RADON_Q601,Existence of official protocols for radon measurements,2021-06-04,1935,ok
SA_0000001722_ARCHIVED,Government support for community action,2018-09-27,2916,ok
RADON_Q604,Authorization/accreditation required for official radon measurement providers,2021-06-04,1935,ok
SA_0000001731_ARCHIVED,Level of taxation adjusted for inflation,2018-09-27,2916,ok
SA_0000001723_ARCHIVED,Community-based interventions involving stakeholders,2018-09-27,2916,ok
SA_0000001725_ARCHIVED,National alcohol policy specifically involves young people activities,2018-09-27,2916,ok
SA_0000001726_ARCHIVED,Penalties for drink driving,2018-09-27,2916,ok
SA_0000001719,Advertising restrictions on social media,2018-09-03,2940,ok
SA_0000001719_ARCHIVED,Advertising restrictions on social media,2018-09-27,2916,ok
SA_0000001729,Penalties for marketing infringements,2026-07-06,77,ok
SA_0000001731,Level of taxation adjusted for inflation,2026-07-06,77,ok
SA_0000001732,New types of alcoholic beverages emerging,2014-01-14,4633,ok
SA_0000001472,"Alcohol-related injury mortality, per 1,000",2013-06-11,4850,ok
SA_0000001710,Public-funded alcohol research/monitoring programmes,2013-06-11,4850,ok
SA_0000001711,"Public funds designated for alcohol research/monitoring programmes, in Euros",2013-06-11,4850,ok
RADON_Q201,Existence of any national radon activity,2021-06-04,1935,ok
RADON_Q301,Existence of national radon survey(s),2021-06-04,1935,ok
RADON_Q401,Existence of national radon action plan,2021-06-04,1935,ok
RADON_Q403,Radon in building regulations for new buildings,2021-06-04,1935,ok
SA_0000001722,Government support for community action,2018-09-04,2939,ok
RADON_Q501,Existence of national reference level for dwellings and buildings with high public occupancy,2021-06-04,1935,ok
RADON_Q405,Radon in national drinking-water regulations,2021-06-04,1935,ok
RADON_Q502,Existence of national reference level for buildings with high public occupancy,2021-06-04,1935,ok
RADON_Q602,Radon concentration measurements for new buildings,2021-06-04,1935,ok
RADON_Q802,Inclusion of radon measurements in property transactions,2021-06-04,1935,ok
RADON_Q702,Mandatory mitigation measures if legal value is exceeded (existing buildings),2021-06-04,1935,ok
RADON_Q703,Financial support provided for mitigation (existing dwellings),2021-06-04,1935,ok
RADON_Q801,Existence of national radon risk communication strategy,2021-06-04,1935,ok
RADON_Q704,Authorization/accreditation required for prevention/mitigation service providers,2021-06-04,1935,ok
RADON_Q705,Official standards/guidelines for prevention/mitigation,2021-06-04,1935,ok
RADON_Q706,Existence of training/education on prevention/mitigation,2021-06-04,1935,ok
Rev_excise,Annual tax revenues - total excise (specific and ad valorem),2024-01-11,984,ok
Rev_year,Annual tax revenues - year,,,empty
RateCS,"Congenital syphilis rate per 100 000 live births, reported",2025-07-10,438,ok
SA_0000001713,Interventions/projects actively involving young people and civil society,2013-06-11,4850,ok
SA_0000001706,National treatment policy for alcohol use disorders,2013-06-11,4850,ok
SA_0000001717,Prevention/counselling at workplaces for those with alcohol problems,2013-06-11,4850,ok
SA_0000001477_ARCHIVED,Social costs of alcohol use in millions US$,2018-09-27,2916,ok
SA_0000001475_ARCHIVED,Annual revenues from alcohol excise tax in millions US$,2018-09-27,2916,ok
SA_0000001724,National guidelines for implementing effective community-based interventions,2014-01-14,4633,ok
SA_0000001502,Adopted written national policy on alcohol,2026-07-07,76,ok
SA_0000001474_ARCHIVED,Alcoholic excise tax revenue as a per cent of government revenue,2018-09-27,2916,ok
SA_0000001724_ARCHIVED,National guidelines for implementing effective community-based interventions,2018-09-27,2916,ok
SA_0000001725,National alcohol policy specifically involves young people activities,2014-01-14,4633,ok
SA_0000001476,Alcohol expenditure as a per cent of total household expenditure,2018-10-29,2884,ok
SA_0000001476_ARCHIVED,Alcohol expenditure as a per cent of total household expenditure,2018-09-27,2916,ok
SA_0000001509_ARCHIVED,Advertising restrictions on national radio,2018-09-27,2916,ok
SA_0000001507_ARCHIVED,Advertising restrictions on national television,2018-09-27,2916,ok
SA_0000001506,National legislation to prevent illegal alcohol,2026-07-07,76,ok
SA_0000001504,Alcohol use is banned,2018-09-03,2940,ok
SA_0000001477,Social costs of alcohol use in millions US$,2013-06-11,4850,ok
SA_0000001507,Advertising restrictions on national television,2026-07-06,77,ok
SA_0000001512,Advertising restrictions at cinemas,2026-07-06,77,ok
SA_0000001735_ARCHIVED,Alcohol content displayed on containers,2018-09-27,2916,ok
SA_0000001735,Alcohol content displayed on containers,2026-07-06,77,ok
SA_0000001514_ARCHIVED,Advertising restrictions at point-of-sale,2018-09-27,2916,ok
SA_0000001513,Advertising restrictions on billboards,2026-07-06,77,ok
SA_0000001504_ARCHIVED,Alcohol use is banned,2018-09-27,2916,ok
SA_0000001509,Advertising restrictions on national radio,2026-07-06,77,ok
SA_0000001511,Advertising restrictions in print media,2026-07-06,77,ok
SA_0000001503,Alcoholic beverage legally defined,2026-07-07,76,ok
SA_0000001516,Restrictions on product placement on national television,2018-09-03,2940,ok
SA_0000001513_ARCHIVED,Advertising restrictions on billboards,2018-09-27,2916,ok
SA_0000001732_ARCHIVED,New types of alcoholic beverages emerging,2018-09-27,2916,ok
SA_0000001736_ARCHIVED,Action Plan for implementation of alcohol policy,2018-09-27,2916,ok
SA_0000001733,"Consumer information about calories, additives, etc on containers",2026-07-06,77,ok
SA_0000001733_ARCHIVED,"Consumer information about calories, additives, etc on containers",2018-09-27,2916,ok
SA_0000001737_ARCHIVED,"Alcohol, regional per capita (15+) consumption (in litres of pure alcohol)",2018-09-27,2916,ok
SA_0000001736,Action Plan for implementation of alcohol policy,2026-07-07,76,ok
SA_0000001523,"Prices for alcoholic beverages (average, US$)",2017-04-28,3433,ok
SA_0000001737,"Alcohol, regional per capita (15+) consumption (in litres of pure alcohol)",2016-03-03,3854,ok
SA_0000001742,"Alcohol-attributable fractions (15+), road traffic crash deaths (%)",2024-08-13,769,ok
SA_0000001734_ARCHIVED,Number of standard alcoholic drinks displayed on containers,2018-09-27,2916,ok
SA_0000001510_ARCHIVED,Advertising restrictions on local radio,2018-09-27,2916,ok
SA_0000001741_ARCHIVED,"Alcohol-attributable fractions (15+), liver cirrhosis deaths (%)",2018-09-27,2916,ok
SA_0000001511_ARCHIVED,Advertising restrictions in print media,2018-09-27,2916,ok
SA_0000001744,"Alcohol, regional prevalence of alcohol dependence (%)",2018-08-30,2944,ok
SA_0000001514,Advertising restrictions at point-of-sale,2024-06-19,824,ok
SA_0000001515,Advertising restrictions on the internet,2024-06-19,824,ok
SA_0000001516_ARCHIVED,Restrictions on product placement on national television,2018-09-27,2916,ok
SA_0000001746,"Alcohol, total  (recorded + unrecorded) per capita (15+) consumption with 95%CI, projections to 2025",2016-03-03,3854,ok
SA_0000001745_ARCHIVED,"Alcohol, regional prevalence of alcohol use disorders (%)",2018-09-27,2916,ok
SA_0000001747_ARCHIVED,"Alcohol, recorded per capita (15+) consumption (in litres of pure alcohol), three-year average with 95%CI",2020-05-27,2308,ok
SA_0000001746_ARCHIVED,"Alcohol, total  (recorded + unrecorded) per capita (15+) consumption with 95%CI, projections to 2025",2018-09-27,2916,ok
SA_0000001748_ARCHIVED,"Alcohol, unrecorded per capita (15+) consumption (in litres of pure alcohol) with 95%CI",2018-09-27,2916,ok
SA_0000001517,Restrictions on product placement on cable television,2018-09-03,2940,ok
SA_0000001726,Penalties for drink driving,2026-07-06,77,ok
SA_0000001730,Price measures,2026-07-06,77,ok
SA_0000001734,Number of standard alcoholic drinks displayed on containers,2026-07-06,77,ok
SA_0000001740,Alcohol-attributable Years of Life Lost (YLL) score,2018-09-06,2937,ok
SA_0000001741,"Alcohol-attributable fractions (15+), liver cirrhosis deaths (%)",2024-08-13,769,ok
PCV3,Pneumococcal conjugate second or third-dose vaccines (PCVc) immunization coverage by the locally recommended age (%) (WUENIC),2026-07-14,69,ok
R_afford_gdp,Affordability - percentage of GDP per capita required to purchase 2000 cigarettes of the most sold brand,2024-01-12,983,ok
R_excise_min_specific,Tax structure: Minimum specific tax applied in ad valorem or mixed excise regime,2025-12-19,276,ok
R_Curr_lowest_cost,Cheapest brand of cigarettes - currency reported,2022-01-12,1713,ok
SA_0000001449,"Age-standardized death rates, oesophagus cancer, per 100,000",2013-06-11,4850,ok
SA_0000001458,"Age-standardized death rates (15+ years), poisoning, per 100,000",2013-06-11,4850,ok
SA_0000001461,"Alcohol dependence (15+ ), 12-month prevalence (%) with 95%CI",2018-08-30,2944,ok
SA_0000001460,"Age-standardized death rates (15+ years), violence, per 100,000",2013-06-11,4850,ok
SA_0000001461_ARCHIVED,"Alcohol dependence (15+ ), 12-month prevalence (%) with 95%CI",2018-09-27,2916,ok
SA_0000001463,"Alcoholic psychosis, incidence, per 100,000",2013-06-11,4850,ok
R_excise_proportion,Tax structure: Excise tax proportion of price,2024-01-12,983,ok
SA_0000001709,National surveys on drink-driving,2013-06-11,4850,ok
SA_0000001720,Restrictions on product placement in films/movies,2018-09-03,2940,ok
RADON_Q304,Data in national radon database,2021-06-04,1935,ok
SA_0000001721,Importance of measures for enhancing compliance with age limits,2014-01-10,4637,ok
SA_0000001721_ARCHIVED,Importance of measures for enhancing compliance with age limits,2018-09-27,2916,ok
R_Group,Raising taxes on tobacco,2023-10-18,1069,ok
R_imp_duty_estimate,Most sold brand of cigarettes - taxes as a % of price - import duties,2021-12-15,1741,ok
R_imp_duty_average,Average - taxes as a % of cigarette price - import duties,2015-09-04,4035,ok
R_Price_premium_ppp,Premium brand of cigarettes - price in international dollars,2022-01-12,1713,ok
R_Other_estimate,Most sold brand of cigarettes - taxes as a % of price - other taxes,2021-12-15,1741,ok
RADON_Q402,Existence of national radon regulations,2021-06-04,1935,ok
R_VAT_estimate,Most sold brand of cigarettes - taxes as a % of price - value added tax,2021-12-15,1741,ok
RADON_Q803,Inclusion of radon in national cancer control strategy,2021-06-04,1935,ok
Rev_imp_other,Annual tax revenues - import duties and all other taxes (excluding corporate taxes on tobacco companies),2022-01-24,1701,ok
RHR_IPV,Intimate partner violence prevalence among ever partnered women (%),,,empty
Rev_type,Annual tax revenues - tobacco products included,2024-01-11,984,ok
RHR_NPSV,Proportion of women and girls aged 15 years and older who have been subjected to sexual violence by someone other than a partner in their lifetime since age 15 (%),2026-05-01,143,ok
SA_0000001740_ARCHIVED,Alcohol-attributable Years of Life Lost (YLL) score,,,empty
SA_0000001743,"Alcohol-attributable fractions, all-cause deaths (%)",2024-08-13,769,ok
RS_194,Number of registered vehicles,2020-01-22,2434,ok
SA_0000001744_ARCHIVED,"Alcohol, regional prevalence of alcohol dependence (%)",2018-09-27,2916,ok
ROTAC,Rotavirus vaccines completed dose (RotaC) immunization coverage among 1-year-olds (%),2026-07-14,69,ok
RS_198,Estimated road traffic death rate (per 100 000 population),2024-04-15,889,ok
RS_204,Existence of a national drink-driving law,2020-06-05,2299,ok
RS_205,Definition of drink-driving by BAC,2020-06-05,2299,ok
RS_207,Blood Alcohol Concentration (BAC) limit for drivers,2020-06-05,2299,ok
SA_0000001749_ARCHIVED,"Alcohol, total (recorded 3 year average + unrecorded) per capita (15+) consumption (in litres of pure alcohol) with 95%CI",2018-09-27,2916,ok
SA_0000001751,"Alcohol, average daily intake in grams among drinkers, three-year average",2024-06-21,822,ok
SA_0000001751_ARCHIVED,"Alcohol, average daily intake in grams among drinkers with 95%CI",2018-09-27,2916,ok
SA_0000001752_ARCHIVED,"Alcohol, total (recorded + unrecorded) per capita (15+) consumption, projected estimates for 2016",2018-09-27,2916,ok
SA_0000001742_ARCHIVED,"Alcohol-attributable fractions (15+), road traffic crash deaths (%)",2018-09-27,2916,ok
SA_0000001752,"Alcohol, total (recorded + unrecorded) per capita (15+) consumption, projected estimates for 2016",2016-03-03,3854,ok
SA_0000001743_ARCHIVED,"Alcohol-attributable fractions, all-cause deaths (%)",2018-09-27,2916,ok
SA_0000001749,"Alcohol, total (recorded 3 year average + unrecorded) per capita (15+) consumption (in litres of pure alcohol) with 95%CI",2015-12-14,3934,ok
RS_223_BIS,Law requires helmet to be fastened,2020-06-05,2299,ok
SA_0000001747,"Alcohol, recorded per capita (15+) consumption (in litres of pure alcohol), three-year average",2026-07-06,77,ok
SA_0000001755_ARCHIVED,"15-19 years old heavy episodic drinkers (population), % with 95%CI",2018-09-27,2916,ok
SA_0000001754,"Alcohol, harmful use (15+), 12 month prevalence (%) with 95%CI",2018-08-30,2944,ok
RS_210,Applicability of seat-belt law to all occupants,2020-06-05,2299,ok
RS_213,Existence of a national child-restraint law,2020-06-05,2299,ok
SA_0000001745,"Alcohol, regional prevalence of alcohol use disorders (%)",2018-09-28,2915,ok
RS_219,Applicability of national motorcycle helmet law to all occupants,2020-06-05,2299,ok
RS_229,Availability of funding for national road safety strategy,2020-06-05,2299,ok
RSUD_130,Government unit/official responsible for treatment of substance use disorders,2017-08-28,3311,ok
SA_0000001521_ARCHIVED,Random breath testing (RBT) use,2018-09-27,2916,ok
RSUD_1,"Point prevalence (%), alcohol use disorders, 15+ years",2013-06-11,4850,ok
SA_0000001518,Age limits on-premise service,2026-07-06,77,ok
SA_0000001520_ARCHIVED,Legal blood alcohol concentration (BAC) limits,,,empty
SA_0000001520,Legal blood alcohol concentration (BAC) limits,2026-07-06,77,ok
SA_0000001518_ARCHIVED,Age limits on-premise service,2018-09-27,2916,ok
SA_0000001526_ARCHIVED,Off-premise sales restrictions on hours,2018-09-27,2916,ok
SA_0000001527_ARCHIVED,Off-premise sales restrictions on places,2018-09-27,2916,ok
SA_0000001753_ARCHIVED,"Alcohol use disorders (15+), 12 month prevalence (%), age standardized, with 95%CI",2018-09-27,2916,ok
SA_0000001756,"15-19 years old heavy episodic drinkers (drinkers only), %",2018-09-06,2937,ok
Rev_VAT,Annual tax revenues - value added tax (vat) and other sales taxes,2024-01-11,984,ok
RS_193,Income level,2013-06-11,4850,ok
RS_212,Seat-belt wearing rate (%),2020-06-05,2299,ok
RS_209,Existence of a national seat-belt law,2020-06-05,2299,ok
RS_246,Distribution of road traffic deaths by type of road user (%),2020-04-23,2342,ok
SA_0000001526,Off-premise sales restrictions on hours,2026-07-06,77,ok
SA_0000001521,Random breath testing (RBT) use,2026-07-06,77,ok
SA_0000001506_ARCHIVED,National legislation to prevent illegal alcohol,2018-09-27,2916,ok
RSUD_100,Government unit/official responsible for prevention for substance use,2017-08-28,3311,ok
RS_576,Gross national income per capita (Atlas method),2013-06-11,4850,ok
SA_0000001523_ARCHIVED,"Prices for alcoholic beverages (average, US$)",2018-09-27,2916,ok
RADON_Q404,Radon in building regulations for existing buildings i.e. renovation/remodeling/major alteration,2021-06-04,1935,ok
SA_0000001467,Perceived trend in alcohol-related harm and consequences,2013-06-11,4850,ok
SA_0000001470_ARCHIVED,"Alcohol-related road traffic crashes, per 100,000 population",2018-09-27,2916,ok
SA_0000001502_ARCHIVED,Adopted written national policy on alcohol,2018-09-27,2916,ok
SA_0000001503_ARCHIVED,Alcoholic beverage legally defined,,,empty
SA_0000001723,Community-based interventions involving stakeholders,2014-01-14,4633,ok
SA_0000001727,Sobriety checkpoints,2026-07-06,77,ok
SA_0000001728,Detection of marketing infringements,2026-07-06,77,ok
SA_0000001727_ARCHIVED,Sobriety checkpoints,2018-09-27,2916,ok
SA_0000001729_ARCHIVED,Penalties for marketing infringements,,,empty
SA_0000001730_ARCHIVED,Price measures,2018-09-27,2916,ok
SA_0000001728_ARCHIVED,Detection of marketing infringements,2018-09-27,2916,ok
SA_0000001529,Off-premise sales restrictions at specific events,2018-09-04,2939,ok
SA_0000001528_ARCHIVED,Off-premise sales restrictions on outlet density,2018-09-27,2916,ok
RSUD_13,"Substance use policy at the national level, level of integration",2013-06-11,4850,ok
RADON_Q603,Radon concentration measurements for existing buildings,2021-06-04,1935,ok
Rev_curr,Annual tax revenues - currency,2024-01-11,984,ok
Rev_govt_total,Annual tax revenues - total revenues,2024-01-11,984,ok
RADON_Q701,Mandatory preventive measures (new buildings),2021-06-04,1935,ok
RSUD_140,Ministry/office that takes primary responsibility for treatment of substance use disorders,2017-08-28,3311,ok
RSUD_16,Legislative provision for treatment and rehabilitation of substance use disorders,2013-06-11,4850,ok
RSUD_150,Involvement of representatives of affected or targeted populations in the development and formulation of policies and strategies for treatment of substance use disorders,2017-08-28,3311,ok
SA_0000001754_ARCHIVED,"Alcohol, harmful use (15+), 12 month prevalence (%) with 95%CI",2018-09-27,2916,ok
RSUD_170,Involvement of representatives of affected or targeted populations in the development and formulation of policies and strategies for prevention for alcohol and drugs,2017-08-28,3311,ok
RS_228,Existence of a national road safety strategy,2020-06-05,2299,ok
SA_0000001756_ARCHIVED,"15-19 years old heavy episodic drinkers (drinkers only), %",,,empty
SA_0000001755,"15-19 years old heavy episodic drinkers (population), % with 95%CI",2018-09-06,2937,ok
RS_238,Existence of a universal access telephone number for pre-hospital care,2020-06-05,2299,ok
RSUD_14,Policy documents on the pharmacological treatment of substance use disorders,2013-06-11,4850,ok
RSUD_17,Legislative provision for compulsory treatment,2013-06-11,4850,ok
RSUD_15,Guidelines on the pharmacological treatment of substance use disorders,2013-06-11,4850,ok
SA_0000001532_ARCHIVED,On-premise sales restrictions on hours,2018-09-27,2916,ok
SA_0000001535_ARCHIVED,On-premise sales restrictions at specific events,2018-09-27,2916,ok
RSUD_160,Involvement of representatives of affected or targeted populations in the development and implementation of national programmes for treatment of substance use disorders,2017-08-28,3311,ok
RSUD_180,Involvement of representatives of affected or targeted populations in the development and implementation of national programmes for prevention for alcohol and drugs,2017-08-28,3311,ok
SA_0000001525_ARCHIVED,Off-premise sales restrictions on days,2018-09-27,2916,ok
SA_0000001533,On-premise sales restrictions on places,2026-07-06,77,ok
SA_0000001538_ARCHIVED,Restrictions on sponsorship of youth events,2018-09-27,2916,ok
SA_0000001530,Off-premise sales restrictions at petrol stations,2018-09-04,2939,ok
SA_0000001539,"Restrictions on sales promotion from producers (parties, events)",2018-09-04,2939,ok
SA_0000001540_ARCHIVED,Restrictions on sales promotion from retailers (sales below cost),2018-09-27,2916,ok
SA_0000001757,"15-19 years old abstainers, lifetime (%)",2014-07-17,4449,ok
SA_0000001541,Restrictions on sales promotion from owners of pubs and bars (alcohol for free),2018-09-04,2939,ok
SA_0000001767_ARCHIVED,Legislation on alcohol testing at workplaces,2018-09-27,2916,ok
SA_0000001757_ARCHIVED,"15-19 years old abstainers, lifetime (%)",2018-09-27,2916,ok
SA_0000001759_ARCHIVED,"15-19 years old, current drinkers (%)",2018-09-27,2916,ok
SA_0000001760_ARCHIVED,15-19 years old total alcohol consumption in litres of pure alcohol,2018-09-27,2916,ok
SA_0000001761_ARCHIVED,National guidelines for the prevention and reduction of alcohol-related harm in schools,,,empty
SA_0000001549_ARCHIVED,Duty paid or excise stamp on alcohol container,2018-09-27,2916,ok
SA_0000001763_ARCHIVED,Workplace representatives nationally involved to prevent and address alcohol-related harm,2018-09-27,2916,ok
SA_0000001769_ARCHIVED,National systems for monitoring alcohol consumption and harms,2018-09-27,2916,ok
SA_0000001543_ARCHIVED,Government monopoly on retail sales,2018-09-27,2916,ok
SA_0000001545,Licence required for retail sales,2026-07-06,77,ok
SA_0000001769,National systems for monitoring alcohol consumption and harms,2018-09-05,2938,ok
SA_0000001548,Excise tax as a per cent of the total retail price for 1 litre of pure alcohol,2014-01-03,4644,ok
SA_0000001534_ARCHIVED,On-premise sales restrictions on outlet density,2018-09-27,2916,ok
SA_0000001546_ARCHIVED,Excise tax as a per cent of the retail price of alcoholic beverages,2018-09-27,2916,ok
RSUD_19,Programmes diverting clients from the justice system towards treatment,2013-06-11,4850,ok
SA_0000001534,On-premise sales restrictions on outlet density,2026-07-06,77,ok
SA_0000001537,Restrictions on sponsorship of sporting events,2026-07-06,77,ok
RSUD_210,Voluntary treatment for people with alcohol use disorders in the criminal justice system,2017-08-28,3311,ok
SA_0000001538,Restrictions on sponsorship of youth events,2026-07-06,77,ok
SA_0000001540,Restrictions on sales promotion from retailers (sales below cost),2018-09-04,2939,ok
RSUD_22,Budget line for substance use disorder treatment,2013-06-11,4850,ok
SA_0000001535,On-premise sales restrictions at specific events,2018-09-04,2939,ok
SA_0000001762,National guidelines for alcohol problem prevention and counselling at workplaces,2018-09-05,2938,ok
RSUD_220,Voluntary treatment for people with drug use disorders in the criminal justice system,2017-08-28,3311,ok
SA_0000001762_ARCHIVED,National guidelines for alcohol problem prevention and counselling at workplaces,2018-09-27,2916,ok
SA_0000001545_ARCHIVED,Licence required for retail sales,2018-09-27,2916,ok
SA_0000001758,15-19 years old former drinkers (%),2014-07-18,4448,ok
SA_0000001539_ARCHIVED,"Restrictions on sales promotion from producers (parties, events)",2018-09-27,2916,ok
SA_0000001758_ARCHIVED,15-19 years old former drinkers (%),2018-09-27,2916,ok
SA_0000001766,Legal obligation for schools to interact with parents regarding education and well-being,2014-09-02,4402,ok
SA_0000001765_ARCHIVED,Legal obligation for schools to include alcohol use prevention,2018-09-27,2916,ok
SA_0000001770_ARCHIVED,Regular reports from national monitoring systems,2018-09-27,2916,ok
SA_0000001536_ARCHIVED,On-premise sales restrictions to intoxicated persons,2018-09-27,2916,ok
SA_0000001537_ARCHIVED,Restrictions on sponsorship of sporting events,2018-09-27,2916,ok
SA_0000001766_ARCHIVED,Legal obligation for schools to interact with parents regarding education and well-being,2018-09-27,2916,ok
SA_0000001764_ARCHIVED,Server training,2018-09-27,2916,ok
SA_0000001764,Server training,2026-07-06,77,ok
SA_0000001765,Legal obligation for schools to include alcohol use prevention,2014-09-02,4402,ok
SA_0000001542,Government monopoly on production,2026-07-06,77,ok
SA_0000001544,Licence required for production,2026-07-06,77,ok
SA_0000001546,Excise tax as a per cent of the retail price of alcoholic beverages,2014-01-10,4637,ok
RS_1845,Population,2013-06-11,4850,ok
SA_0000001547,Excise duty (average) per hectolitre in Euros,2018-10-26,2887,ok
SA_0000001548_ARCHIVED,Excise tax as a per cent of the total retail price for 1 litre of pure alcohol,2018-09-27,2916,ok
SA_0000001551_ARCHIVED,Value-added tax (VAT) on alcohol (%),2018-09-27,2916,ok
RS_196,Estimated number of road traffic deaths,2024-04-15,889,ok
RS_208,Attribution of road traffic deaths to alcohol (%),2020-06-05,2299,ok
SA_0000001508_ARCHIVED,Advertising restrictions on cable television,2018-09-27,2916,ok
SA_0000001508,Advertising restrictions on cable television,2026-07-06,77,ok
SA_0000001512_ARCHIVED,Advertising restrictions at cinemas,2018-09-27,2916,ok
SA_0000001510,Advertising restrictions on local radio,2026-07-06,77,ok
SA_0000001748,"Alcohol, unrecorded per capita (15+) consumption (in litres of pure alcohol) with 95%CI",2015-12-14,3934,ok
SA_0000001739_ARCHIVED,"Alcohol, heavy episodic drinking (15+) past 30 days (%), age-standardized with 95%CI",2018-09-27,2916,ok
SA_0000001515_ARCHIVED,Advertising restrictions on the internet,2018-09-27,2916,ok
SA_0000001517_ARCHIVED,Restrictions on product placement on cable television,2018-09-27,2916,ok
RS_237,Existence of a formal pre-hospital care system,2013-06-11,4850,ok
SA_0000001739,"Alcohol, heavy episodic drinking (15+) past 30 days (%), age-standardized",2024-06-20,823,ok
SA_0000001519,Minimum legal drinking age,2013-06-11,4850,ok
SA_0000001525,Off-premise sales restrictions on days,2026-07-06,77,ok
RS_214,Existence of national speed limits,2020-06-05,2299,ok
RSUD_12,Substance use policy at the national level,2013-06-11,4850,ok
RS_225,Existence of a road safety lead agency,2020-06-05,2299,ok
RS_217,Maximum speed limits,2020-06-05,2299,ok
RS_242,Vehicle standards,2020-06-08,2296,ok
RSUD_11,Data on substance use disorders disseminated in national annual reports,2013-06-11,4850,ok
RSUD_10,National survey on substance use among children and adolescents,2013-06-11,4850,ok
SA_0000001554,Health warning labels on alcohol advertising,2026-07-06,77,ok
SA_0000001551,Value-added tax (VAT) on alcohol (%),2026-07-06,77,ok
RSUD_110,Ministry/office that takes primary responsibility for prevention for substance use,2017-08-28,3311,ok
RSUD_120,Five years change in international cooperation for prevention for substance use,2017-08-28,3311,ok
RSUD_2,"Point prevalence (%), drug use disorders, 15+ years",2013-06-11,4850,ok
SA_0000001553,Restrictions on alcohol use in public places,2018-09-04,2939,ok
SA_0000001768_ARCHIVED,Standard drink defined,2018-09-27,2916,ok
SA_0000001550_ARCHIVED,Excise tax on alcoholic beverages,2018-09-27,2916,ok
SA_0000001554_ARCHIVED,Health warning labels on alcohol advertising,2018-09-27,2916,ok
RSUD_290,Hypothecated taxes to be spent on prevention and treatment for substance use disorders,2017-08-29,3310,ok
SA_0000001647,Awareness activities,2018-09-05,2938,ok
RSUD_36,Sector for outpatient treatment of drug dependence,2013-06-11,4850,ok
RSUD_370,Specialized treatment facilities for alcohol use disorders,2017-09-01,3307,ok
RSUD_38,Sector for residential long-term rehabilitation of drug use disorders,2013-06-11,4850,ok
SA_0000001555_ARCHIVED,Health warning labels on alcohol containers,2018-09-27,2916,ok
RSUD_39,Treatment system for substance use disorders,2013-06-11,4850,ok
RSUD_27,"Government benefits for alcohol use disorders, subsidy or disability pension",2013-06-11,4850,ok
SA_0000001647_ARCHIVED,Awareness activities,2018-09-27,2916,ok
SA_0000001648,"Information, education, prevention",2013-06-11,4850,ok
SA_0000001676,Production in 1000s hectolitres,2013-06-11,4850,ok
SA_0000001654,"Surveys, research",2013-06-11,4850,ok
RSUD_230,Compulsory treatment for people with alcohol use disorders in the criminal justice system,2017-08-28,3311,ok
RSUD_260,Five-year change in government resources for treatment of substance use disorders,2017-08-29,3310,ok
RSUD_280,Financing methods for treatment for drug use disorders,2017-08-29,3310,ok
RSUD_30,Sector for inpatient treatment of alcohol dependence,2013-06-11,4850,ok
RSUD_31,Sector for outpatient treatment of alcohol dependence,2013-06-11,4850,ok
RSUD_300,Government benefits for people with alcohol use disorders,2017-08-29,3310,ok
SA_0000001771_ARCHIVED,Comprehensive and regular reporting of alcohol situation,2018-09-27,2916,ok
RSUD_320,Main sector for treatment for alcohol use disorders,2018-06-26,3009,ok
WHOSIS_000015,Life expectancy at age 60 (years),2024-08-02,780,ok
SA_0000001774_ARCHIVED,National surveys on youth alcohol consumption,2018-09-27,2916,ok
SA_0000001776,Data collection on Foetal Alcohol Syndome,2014-09-02,4402,ok
SA_0000001776_ARCHIVED,Data collection on Foetal Alcohol Syndome,2018-09-27,2916,ok
SA_0000001782_ARCHIVED,"15-years old first drink at 13 years or younger, (%)",2018-09-27,2916,ok
SA_0000001775_ARCHIVED,National surveys on heavy espisodic drinking,2018-09-27,2916,ok
SA_0000001783_ARCHIVED,"15-years old any alcoholic beverage consumed in past 30 days, (%)",2018-09-27,2916,ok
SA_0000001783,"15-years old any alcoholic beverage consumed in past 30 days, (%)",2018-10-24,2889,ok
SA_0000001779,Level of enforcement of BAC limits,2018-09-04,2939,ok
SA_0000001788,"Alcohol-related road traffic crashes with fatalities, per 100,000  population",2015-07-09,4092,ok
SA_0000001774,National surveys on youth alcohol consumption,2018-09-05,2938,ok
SA_0000001787,"13-15-years old first drink before age 14, (%)",2018-10-25,2888,ok
SA_0000001773_ARCHIVED,National surveys on adult alcohol consumption,2018-09-27,2916,ok
SA_0000001784_ARCHIVED,"15-years old, any alcoholic beverage consumed at least once a week, (%)",2018-09-27,2916,ok
SA_0000001796,Licensing required for wholesale/distribution of alcoholic beverages,2026-07-06,77,ok
SA_0000001788_ARCHIVED,"Alcohol-related road traffic crashes with fatalities, per 100,000  population",2018-09-27,2916,ok
SA_0000001792,National legislation to prevent illegal alcohol sales,2026-07-07,76,ok
SA_0000001789_ARCHIVED,Alcohol-related crimes (% of all crimes),2018-09-27,2916,ok
SA_0000001787_ARCHIVED,"13-15-years old first drink before age 14, (%)",2018-09-27,2916,ok
SA_0000001555,Health warning labels on alcohol containers,2026-07-06,77,ok
WHS10_9,Ill-defined causes in cause-of-death registration (%),2018-05-04,3062,ok
RSUD_340,Treatment programmes for children and adolescents with alcohol use disorders,2017-09-01,3307,ok
SA_0000001651,Monitoring,2013-06-11,4850,ok
RSUD_350,Treatment programmes for children and adolescents with drug use disorders,2017-09-01,3307,ok
SA_0000001650,"Standard drink measures, in grams per unit",2018-09-03,2940,ok
SA_0000001678,Sales of beer in 1000s hectolitres,2013-06-11,4850,ok
WHS_PBR,Preterm birth rate (per 100 live births),,,empty
WHS10_10,International Statistical Classification of Diseases and Related Health Problems (ICD),,,empty
WHS10_6,Number of national population surveys -  HIV prevalence,,,empty
SA_0000001682,Perceived trend in sales,2013-06-11,4850,ok
WHS2_131,Age-standardized NCD mortality rate  (per 100 000 population),2025-03-19,551,ok
SA_0000001781,"15-years old any alcoholic beverage consumed in past 12 months, (%)",2018-10-24,2889,ok
RSUD_23,Financing method for substance use disorder treatment,2013-06-11,4850,ok
RSUD_26,Governement benefits for persons with substance use disorders,2013-06-11,4850,ok
RSUD_29,Sector for inpatient detoxification of alcohol use disorders,2013-06-11,4850,ok
RSUD_28,"Government benefits for drug use disorders, subsidy or disability pension",2013-06-11,4850,ok
RSUD_3,"Age-standardized death rates, alcohol and drug use disorders, per 100 000",2013-06-11,4850,ok
RSUD_310,Government benefits for people with drug use disorders,2017-08-29,3310,ok
RSUD_32,Sector for the treatment of alcohol-induced psychoses and other alcohol-induced psychiatric conditions,2013-06-11,4850,ok
RSUD_380,Specialized treatment facilities for drug use disorders,2017-09-01,3307,ok
RSUD_390,Self-help groups,2017-09-19,3289,ok
RSUD_18,Drug courts,2013-06-11,4850,ok
SA_0000001760,15-19 years old total alcohol consumption in litres of pure alcohol,2014-10-23,4351,ok
SA_0000001759,"15-19 years old, current drinkers (%)",2025-05-23,486,ok
SA_0000001761,National guidelines for the prevention and reduction of alcohol-related harm in schools,2018-09-05,2938,ok
SA_0000001763,Workplace representatives nationally involved to prevent and address alcohol-related harm,2014-09-02,4402,ok
SA_0000001527,Off-premise sales restrictions on places,2026-07-06,77,ok
SA_0000001767,Legislation on alcohol testing at workplaces,2018-09-05,2938,ok
SA_0000001528,Off-premise sales restrictions on outlet density,2026-07-06,77,ok
SA_0000001529_ARCHIVED,Off-premise sales restrictions at specific events,2018-09-27,2916,ok
SA_0000001531_ARCHIVED,On-premise sales restrictions on days,2018-09-27,2916,ok
SA_0000001531,On-premise sales restrictions on days,2026-07-06,77,ok
SA_0000001532,On-premise sales restrictions on hours,2026-07-06,77,ok
SA_0000001530_ARCHIVED,Off-premise sales restrictions at petrol stations,2018-09-27,2916,ok
WHS2_164,Distribution of causes of death among children aged <5 years (%) - Malaria,,,empty
RSUD_21,Government unit for substance use disorder treatment,2013-06-11,4850,ok
SA_0000001536,On-premise sales restrictions to intoxicated persons,2026-07-06,77,ok
SA_0000001533_ARCHIVED,On-premise sales restrictions on places,2018-09-27,2916,ok
RSUD_190,Five years change in international cooperation for treatment of substance use disorders,2017-08-28,3311,ok
RSUD_20,Confidentiality of health records on substance use disorders  protected by law,2013-06-11,4850,ok
RSUD_250,Five-year change in government resources for prevention for substance use,2017-08-29,3310,ok
RSUD_200,Confidentiality of people in treatment for substance use disorders,2017-08-28,3311,ok
WHS10_3,Number of national population surveys - child anthropometry,,,empty
WHS2_160,Age-standardized mortality rate by cause (per 100 000 population) - Cancer,,,empty
RSUD_240,Compulsory treatment for people with drug use disorders in the criminal justice system,2017-08-28,3311,ok
RSUD_270,Financing methods for treatment for alcohol use disorders,2017-08-29,3310,ok
WHS2_152,Deaths due to malaria (per 100 000 population),,,empty
SA_0000001649,National drinking guidelines,2013-06-11,4850,ok
SA_0000001684,Sales of wine in 1000s hectolitres,2013-06-11,4850,ok
WHS10_2,Number of cause-of-death registration years available,,,empty
SA_0000001680,Perceived trend in production,2013-06-11,4850,ok
SA_0000001681,Perceived trend in imports,2013-06-11,4850,ok
WHS10_5,Number of national population surveys - maternal mortality,,,empty
SA_0000001689,"Age-standardized DALYs, cerebrovascular disease, per 100,000",2013-06-11,4850,ok
SA_0000001685,Sales of spirits in 1000s hectolitres,2013-06-11,4850,ok
TB_new_su,New cases: pulmonary smear unknown/not done,2013-10-07,4732,ok
TB_newret_oth,Treatment history unknown,,,empty
TB_new_oth,New cases: other,2013-10-07,4732,ok
SA_0000001688_ARCHIVED,Total (recorded+unrecorded) alcohol per capita (15+) consumption,2018-09-27,2916,ok
TB_ret_rel_clindx,"Relapse cases: Pulmonary, clinically diagnosed",,,empty
SA_0000001799,"Licenses issued for wholesale/distribution, change since 2010",2018-09-04,2939,ok
TB_new_clindx,"New or unknown treatment history cases: Pulmonary, clinically diagnosed",,,empty
TB_new_snsuoth,"New cases: Pulmonary, smear-negative/unknown/not done and other new cases",,,empty
SA_0000001804,Health warning labels on under-age drinking,2026-07-06,77,ok
TB_new_sp,"New cases: Pulmonary, smear-positive",,,empty
TB_rr_mdr,Confirmed cases of RR-/MDR-TB,2025-11-11,314,ok
tfr,Total fertility rate (per woman),,,empty
TB_new_sn,New cases: pulmonary smear-negative,2013-10-07,4732,ok
SA_0000001688,"Alcohol, total per capita (15+) consumption (in litres of pure alcohol) (SDG Indicator 3.5.2), three-year average",2026-06-15,98,ok
SA_0000001789,Alcohol-related crimes (% of all crimes),2018-08-30,2944,ok
TB_ret_nrel,"Previously treated  cases, excluding relapse",,,empty
SA_0000001794,Licensing required for exports of alcoholic beverages,2026-07-06,77,ok
TB_ret_rel,Relapse cases (pre-2013 definition),,,empty
TB_new_ep,New cases: extrapulmonary,,,empty
WHS2_168,Distribution of causes of death among children aged <5 years (%) - Measles,,,empty
TB_new_labconf,"New or unknown treatment history cases: Pulmonary, bacteriologically confirmed",2025-01-14,615,ok
WHS10_7,Number of national population surveys -  adult health,,,empty
WHS10_8,Civil registration coverage of cause-of-death (%),2015-01-19,4263,ok
WHS2_166,Distribution of causes of death among children aged <5 years (%) - Injuries,,,empty
WHS2_126,Distribution of years of life lost by major cause group,2014-08-08,4427,ok
SA_0000001810,National system of data collection based on health service delivery,2018-09-05,2938,ok
WHS2_167,Distribution of causes of death among children aged <5 years (%) - Diarrhoea,,,empty
SA_0000001798,"Licenses issued for retail sale, change since 2010",2018-09-04,2939,ok
SA_0000001801,Monopoly on imports of alcoholic beverages,2026-07-06,77,ok
WHS2_514,Distribution of causes of death among children aged <5 years (%) - Prematurity,,,empty
SA_0000001803,Health warning labels on pregnancy,2026-07-06,77,ok
SA_0000001800,Monopoly on exports of alcoholic beverages,2026-07-06,77,ok
SA_0000001805,Health warning labels on drink-driving,2026-07-06,77,ok
SA_0000001812,Report with data from health services on alcohol use and AUDs,2018-09-05,2938,ok
SA_0000001808,"Alcohol-attributable fractions (15+), cancer deaths",2024-08-14,768,ok
SA_0000001809,National system of epidemiological data collection for alcohol use,2018-09-05,2938,ok
SA_0000001822_ARCHIVED,"Alcohol, total per capita (15+) consumption (in litres of pure alcohol) with 95%CI",2020-05-27,2308,ok
SA_0000001807,"Cancer, age-standardized death rates (15+), per 100,000 population",2024-08-13,769,ok
SA_0000001813,National organization for monitoring alcohol,2018-09-05,2938,ok
SA_0000001820,"Heavy episodic drinking (youth 15 -19 years), drinkers only, past 30 days (%)",2025-06-03,475,ok
TB_tot_newrel,Tuberculosis - new and relapse cases,2013-06-11,4850,ok
TB_ret_rel_ep,Relapse cases: extrapulmonary,,,empty
TB_ret_taf,Retreatment cases: treatment after failure (pulmonary smear and/or culture positive),2013-10-07,4732,ok
TB_treatment_coverage,xxx,,,empty
TOBACCO_0000000211,Fines on the patron,,,empty
WHS3_47,Meningitis - number of reported cases,,,empty
SA_0000001817,Tax incentives for production of other alcoholic beverages,2024-06-19,824,ok
WHS2_138,Deaths due to HIV/AIDS (per 100 000 population),2014-04-09,4548,ok
SA_0000001816,Tax incentives for production low/no alcohol content beer,2018-09-04,2939,ok
SA_0000001547_ARCHIVED,Excise duty (average) per hectolitre in Euros,2018-09-27,2916,ok
SA_0000001814,Taxation of ethanol production,2018-09-04,2939,ok
SA_0000001541_ARCHIVED,Restrictions on sales promotion from owners of pubs and bars (alcohol for free),2018-09-27,2916,ok
SA_0000001542_ARCHIVED,Government monopoly on production,2018-09-27,2916,ok
SA_0000001771,Comprehensive and regular reporting of alcohol situation,2014-09-02,4402,ok
SA_0000001543,Government monopoly on retail sales,2026-07-06,77,ok
SA_0000001544_ARCHIVED,Licence required for production,2018-09-27,2916,ok
SA_0000001772_ARCHIVED,Clinical guidelines for brief interventions,2018-09-27,2916,ok
SA_0000001549,Duty paid or excise stamp on alcohol container,2026-07-06,77,ok
SA_0000001553_ARCHIVED,Restrictions on alcohol use in public places,2018-09-27,2916,ok
SA_0000001550,Excise tax on alcoholic beverages,2026-07-06,77,ok
SA_0000001772,Clinical guidelines for brief interventions,2014-09-02,4402,ok
SA_0000001768,Standard drink defined,2026-07-07,76,ok
SA_0000001770,Regular reports from national monitoring systems,2014-09-02,4402,ok
SA_0000001773,National surveys on adult alcohol consumption,2018-09-05,2938,ok
SA_0000001775,National surveys on heavy espisodic drinking,2014-09-02,4402,ok
SA_0000001777,Data collected on harm from alcohol at workplace,2014-09-02,4402,ok
SA_0000001782,"15-years old first drink at 13 years or younger, (%)",2018-10-25,2888,ok
WHS3_40,Cholera - number of reported cases,,,empty
SA_0000001781_ARCHIVED,"15-years old any alcoholic beverage consumed in past 12 months, (%)",2018-09-27,2916,ok
SA_0000001777_ARCHIVED,Data collected on harm from alcohol at workplace,2018-09-27,2916,ok
SA_0000001786,"13-15-years old any alcoholic beverage consumed in past 30 days, (%)",2018-10-25,2888,ok
SA_0000001784,"15-years old, any alcoholic beverage consumed at least once a week, (%)",2018-10-25,2888,ok
SA_0000001795,Licensing required for imports of alcoholic beverages,2026-07-06,77,ok
WHS3_46,Total tetanus - number of reported cases,2026-07-14,69,ok
SA_0000001786_ARCHIVED,"13-15-years old any alcoholic beverage consumed in past 30 days, (%)",2018-09-27,2916,ok
WHS3_52,Plague - number of reported cases,,,empty
WHS3_43,Pertussis - number of reported cases,2026-07-14,69,ok
SA_0000001790,National drinking guidelines,2026-07-07,76,ok
SA_0000001791,Graduated licensing,2026-07-06,77,ok
SA_0000001793,"Penalties for drink driving, repeated offense",2026-07-06,77,ok
WHS4_100,Diphtheria tetanus toxoid and pertussis third-dose  (DTP3) immunization coverage among 1-year-olds (%) (WUENIC),2026-07-14,69,ok
WHS4_106,Care-seeking for children with symptoms of acute respiratory infection (%),2026-02-11,222,ok
WHS4_111,Antenatal care coverage - at least one visit (%),2015-05-08,4154,ok
SA_0000001797,"Licenses issued for production, change since 2010",2018-09-04,2939,ok
SA_0000001677,Imports in 1000s hectolitres,2013-06-11,4850,ok
SA_0000001802,Monopoly on wholesale /distribution of alcoholic beverages,2026-07-06,77,ok
SA_0000001652,"Interventions, projects, training",2013-06-11,4850,ok
SA_0000001650_ARCHIVED,"Standard drink measures, in grams per unit",2018-09-27,2916,ok
SA_0000001653,"Treatment, services",2013-06-11,4850,ok
SA_0000001655,Counselling,2013-06-11,4850,ok
WHS3_51,H5N1 influenza - number of reported cases,,,empty
SA_0000001679,Exports of beer (barley) in 1000s hectolitres,2013-06-11,4850,ok
WHS3_55,Congenital Rubella Syndrome - number of reported cases,2026-07-14,69,ok
WHS4_111_AGE1519,"Antenatal care coverage - at least one visit, among girls aged 15-19 (%)",,,empty
WHS4_117,Hepatitis B (HepB3) immunization coverage among 1-year-olds (%) (WUENIC),2026-07-14,69,ok
WHS4_99,Antiretroviral therapy coverage among HIV-infected pregnant women for PMTCT (%),,,empty
WHS4_544,Polio vaccine: inactivated second or third-dose polio vaccine (IPVc) immunization coverage by the locally recommended age (%) (WUENIC),2026-07-14,69,ok
WHS6_100,Radiotherapy units (per 1 000 000 population),,,empty
WHS6_148,Nursing and midwifery personnel density (per 10 000 population),,,empty
WHS6_102,Hospital beds (per 10 000 population),2025-09-30,356,ok
TOBACCO_0000000192,Prevalence of smoking any tobacco product among persons aged >= 15 years,,,empty
TOBACCO_0000000344,Prevalence of current tobacco use among adolescents aged 13-15 years,,,empty
TOBACCO_0000000346,Exposure to smoke at home,,,empty
TOBACCO_0000000347,Exposure to smoke outside home,,,empty
TOBACCO_0000000362,Smoking cessation support is available in hospitals,,,empty
TOBACCO_0000000371,Varenicline - legally sold,,,empty
TOBACCO_0000000365,Smoking cessation support is available in the community,,,empty
TOBACCO_0000000389,Number of health warnings approved by the law for other smoked tobacco packaging,,,empty
TOBACCO_0000000390,Health warnings on other smoked tobacco packaging must be rotated,,,empty
SA_0000001819,Heavy episodic drinking (youth 15 -19 years) past 30 days (%),2025-05-23,486,ok
SA_0000001821,"Alcohol, unrecorded per capita (15+) consumption (in litres of pure alcohol), three-year average",2026-07-06,77,ok
WHS2_165,Distribution of causes of death among children aged <5 years (%) - Pneumonia,,,empty
WHS2_170,Distribution of causes of death among children aged <5 years (%) - HIV/AIDS,,,empty
WHS2_174,Distribution of years of life lost by broader causes (%) - Injuries,,,empty
WHS3_50,Yellow fever - number of reported cases,2026-07-14,69,ok
WHS4_115,Births by caesarean section (%),2018-04-09,3087,ok
WHS3_48,Malaria - number of reported confirmed cases,,,empty
WHS3_41,Diphtheria - number of reported cases,2026-07-14,69,ok
WHS3_54,Number of reported cases of tuberculosis (DOTS),,,empty
WHS3_56,Neonatal tetanus - number of reported cases,2026-07-14,69,ok
WHS3_57,Rubella - number of reported cases,2026-07-14,69,ok
WHS4_108,Children aged <5 years with ARI symptoms who took antibiotic treatment (%),,,empty
WHS3_62,Measles - number of reported cases,2026-07-14,69,ok
TOBACCO_0000000210,Fines on the establishment,,,empty
TOBACCO_0000000342,Daily users of any smokeless tobacco product (crude rate),,,empty
WHS6_127,Number of nursing and midwifery personnel,,,empty
TOBACCO_0000000363,Smoking cessation support is available in health clinics or other primary care facilities,,,empty
TOBACCO_0000000345,Current smokers of cigarettes (youth rate),,,empty
TOBACCO_0000000369,Bupropion - legally sold,,,empty
WHS4_543,BCG immunization coverage among 1-year-olds (%) (WUENIC),2026-07-14,69,ok
SA_0000001823,"Alcohol, tourist consumption (in litres of pure alcohol), three-year average",2026-07-06,77,ok
WHS9_88,Population median age (years),,,empty
WHS6_123,Number of dentistry personnel,,,empty
WHS9_CS,Cellular subscribers (per 100 population),,,empty
TOBACCO_0000000372,Varenicline - place available,,,empty
TOBACCO_0000000391,Percentage of principal display area mandated to be covered by health warnings - back of other smoked tobacco packaging,,,empty
SDGCODCOMPLETENESS,Completeness of cause-of-death data (%),2019-03-21,2741,ok
WHS7_105,Per capita total expenditure on health (PPP int. $),,,empty
WHS9_87,Net primary school enrolment ratio (%),,,empty
WHS9_95,Total fertility rate (per woman),,,empty
WHS9_94,Civil registration coverage of causes of deaths (%),,,empty
TOTENV_1,Deaths attributable to the environment,2016-09-29,3644,ok
WSH_1,SDG 3.9.2 WASH deaths,2023-01-20,1340,ok
WSH_10_HYG,Number of diarrhoea deaths from inadequate hygiene,2022-11-07,1414,ok
TOBACCO_0000000393,Health warnings on other smoked tobacco packaging describe the harmful effects of tobacco use on health,,,empty
WHS4_124,Children aged 6-59 months who received vitamin A supplementation (%),,,empty
WHS4_128,Neonates protected at birth against neonatal tetanus (PAB) (%),2023-07-19,1160,ok
WHS6_140,Number of community health workers,,,empty
TOBACCO_0000000505,Year of survey of youth,,,empty
TOTENV_70,Total environment attributable deaths in children under 5 years,,,empty
WHS6_520,Density of environment and public health workers (per 10 000 population),,,empty
TOTENV_6,Disability-adjusted life years (DALYs) attributable to the environment (%),2016-09-29,3644,ok
WHS7_103,Private prepaid plans as a percentage of private expenditure on health,,,empty
WHS6_150,Community health workers density (per 10 000 population),,,empty
WHS7_120,External resources for health as a percentage of total expenditure on health,,,empty
WHS7_134,Social security expenditure on health as a percentage of general government expenditure on health,,,empty
SA_0000001826,"Regional prevalence, AAFs (15+), road traffic crash deaths (%)",2024-08-13,769,ok
WHS7_139,Out-of-pocket expenditure as a percentage of private expenditure on health,,,empty
SA_0000001822,"Alcohol, total per capita (15+) consumption (in litres of pure alcohol) with 95%CI",2020-05-16,2319,ok
SA_0000001831,Average price 500 mls Spirits in US$,2018-10-26,2887,ok
WHS7_147,Private expenditure on health as a percentage of total expenditure on health,,,empty
WHS6_517,Number of pharmaceutical personnel,,,empty
SA_0000001828,"Regional prevalence, AAFs ,all-cause deaths (%)",2024-08-13,769,ok
WHS6_518,Number of environment and public health workers,,,empty
WHS6_519,Density of pharmaceutical personnel (per 10 000 population),,,empty
WHS7_143,Total expenditure on health as a percentage of gross domestic product,,,empty
SA_0000001825,"Regional prevalence, AAFs (15+), liver cirrhosis deaths (%)",2024-08-13,769,ok
WHS7_113,General government expenditure on health as a percentage of total government expenditure,,,empty
sba,Births attended by skilled health personnel (in the two or three years preceding the survey) (%),,,empty
SDG_SH_STA_SCIDEN,Number of suicide deaths,,,empty
SDG_SH_DTH_RNCOM,"Number of deaths attributed to non-communicable diseases, by type of disease and sex",2021-02-09,2050,ok
TOBACCO_0000000507,Repeating interval for survey of youth (years),,,empty
TOBACCO_0000000370,Bupropion - place available,,,empty
TOBACCO_0000000386,Percentage of principal display area mandated to be covered by health warnings - front and back of other smoked tobacco packaging,,,empty
SA_0000001683,Perceived trend in exports,2013-06-11,4850,ok
TOBACCO_0000000388,Specific health warnings are mandated for other smoked tobacco packaging,,,empty
TOTENV_10,Total environment  attributable DALYs per 100'000 children under 5 years,2013-06-11,4850,ok
TB_ret_rel_labconf,"Relapse cases: Pulmonary, bacteriologically confirmed",,,empty
SA_0000001686,Exports of wine (grape) in 1000s hectolitres,2013-06-11,4850,ok
TOBACCO_0000000394,"Font style, font size and colour of health warnings are mandated for other smoked tobacco packaging",,,empty
TB_new_snuoth,TB new snuoth,,,empty
TOBACCO_0000000387,Percentage of principal display area mandated to be covered by health warnings - front of other smoked tobacco packaging,,,empty
RSUD_33,Sector for residential long-term rehabilitation of alcohol use disorders,2013-06-11,4850,ok
TB_ret_oth,Retreatment cases: other,2013-10-07,4732,ok
SA_0000001687,Exports of spirits in 1000s hectolitres,2013-06-11,4850,ok
RSUD_330,Main sector for treatment for drug use disorders,2017-09-01,3307,ok
TB_ret_tad,Retreatment cases: treatment after default (pulmonary smear and/or culture positive),2013-10-07,4732,ok
RSUD_34,Sector for inpatient detoxification of drug use disorders,2013-06-11,4850,ok
RSUD_360,Specialized treatment facilities for substance use disorders,2017-09-01,3307,ok
RSUD_37,Sector for substitution maintenance therapy of opioid dependence,2013-06-11,4850,ok
RSUD_35,Sector for inpatient treatment of drug dependence,2013-06-11,4850,ok
WHS10_4,Number of national population surveys - child mortality,,,empty
WHS10_1,Most recent census (year),,,empty
WHS2_161,Age-standardized mortality rate by cause (per 100 000 population) - Cardiovascular,,,empty
WHS2_516,Distribution of causes of death among children aged <5 years (%) - Congenital anomalies,,,empty
WHS2_171,Distribution of causes of death among children aged <5 years (%) - Other diseases,,,empty
WHS2_515,Distribution of causes of death among children aged <5 years (%) - Neonatal sepsis,,,empty
SDGDISASTER,Average death rate due to natural disasters (per 100 000 population),2024-03-18,917,ok
SDGIHR,Average of 13 International Health Regulations core capacity scores,2024-05-14,860,ok
SDGAIRBOD,Ambient and household air pollution attributable death rate (per 100 000 population),,,empty
WHS3_49,Poliomyelitis - number of reported cases,2019-09-11,2567,ok
WHS2_523,Distribution of causes of death among children aged <5 years (%) - Birth asphyxia,,,empty
SDGNTDTREATMENT,Reported number of people requiring interventions against NTDs,2026-03-01,204,ok
WHS3_53,Mumps - number of reported cases,2026-07-14,69,ok
WHS3_42,Japanese encephalitis - number of reported cases,2026-07-14,69,ok
WHS3_522,Number of reported cases of tuberculosis,,,empty
SDGHEPHBSAGPRV,Hepatitis B surface antigen (HBsAg) prevalence (%),2026-08-04,48,ok
WHS3_45,Number of new leprosy cases,2026-09-14,7,ok
SDGHPVRECEIVED,HPV immunization coverage estimates among primary target cohort (9-14 years old girls) (%),2026-07-14,69,ok
SDGODA,"Total net official development assistance to medical research and basic health sectors per capita (constant 2014 US$), by recipient",2017-04-11,3450,ok
SDGSUICIDE,Crude suicide rates (per 100 000 population),2025-11-06,319,ok
SA_0000001806,Legal requirement for size of health warning labels,2024-06-19,824,ok
SA_0000001815,Ethanol tax deducted from excise tax,2018-09-04,2939,ok
SA_0000001811,Report with epidemiological data on lcohol use and AUDs,2018-09-05,2938,ok
SDGODA01,"Total net official development assistance to medical research and basic health sectors per capita (US$), by recipient country",2025-06-10,468,ok
TOTENV_8,Total environment  attributable deaths per 100'000 children under 5 years,2013-06-11,4850,ok
SE_LSC_RDNG,Proportion of children at the end of lower secondary achieving at least a minimum proficiency level in reading (%),2019-04-09,2722,ok
SDGHIV1524,New HIV infections among adults 15-24 years old (per 1000 uninfected population),,,empty
SDGSHP,Skilled health professionals density (per 10 000 population),2018-02-07,3148,ok
SDGWSHBOD,Mortality rate attributed to exposure to unsafe WASH services (per 100 000 population) (SDG 3.9.2),2023-01-20,1340,ok
TOBACCO_0000000396,Health warnings on other smoked tobacco packaging must include a photograph or graphic,,,empty
SDGTOBACCO,Age-standardized prevalence of current tobacco smoking among persons aged 15 years and older,,,empty
SDGODA02,"Official development assistance for medical research and basic health sectors as a percentage of GNI (%), by donor country",,,empty
SDGROADAGE,Age-standardized road traffic  mortality (per 100 000 population),,,empty
TOTENV_4,Age-standardized DALYs attributable to the environment (per 100 000 population),2016-03-09,3848,ok
TOBACCO_0000000506,Representativeness of youth survey,,,empty
SDGPOISON,Mortality rate attributed to unintentional poisoning (per 100 000 population),2025-01-10,619,ok
SHS_1,Percentage of children under 15 years exposed to second-hand smoke,2013-06-11,4850,ok
SE_LSC_MATH,Proportion of children at the end of lower secondary achieving at least a minimum proficiency level in mathematics (%),2019-04-09,2722,ok
SE_PRE_PARTN,Participation rate in organized learning (one year before the official primary entry age) (%),2019-04-09,2722,ok
u5mr,Under-five mortality rate (deaths per 1000 live births),,,empty
SH_STA_FGMS,Proportion of girls and women aged 15-49 years who have undergone female genital mutilation/cutting (FMG/C) (%),2018-05-23,3043,ok
SHS_9,Second-hand smoke  attributable deaths per 100'000 children under 5 years,2013-06-11,4850,ok
SHS_8,Second-hand smoke attributable deaths ('000) in children under 5 years,2013-06-11,4850,ok
SI_POV_EMP1,Employed population below the international poverty line of US$1.90 per day (the working poor) (%),,,empty
SP_DYN_MRBF15,Proportion of women aged 20-24 years who were married or in a union by age 15 (%),2018-04-09,3087,ok
SUNBEDEXIST,Existence of national regulation,2017-06-16,3384,ok
UHC_AVAILABILITY_SCORE,Primary data availability for UHC Service Coverage Index (SDG 3.8.1) (%),2025-12-05,290,ok
UHC_IHR,Compliance with international health regulations,2017-12-05,3212,ok
TOTENV_2,Age-standardized deaths attributable to the environment (per 100 000 population),2016-03-09,3848,ok
SE_PRM_RDNG,Proportion of children at the end of primary achieving at least a minimum proficiency level in reading (%),2019-04-09,2722,ok
UHC_TB_DT,Tuberculosis detection and treatment,,,empty
SE_G23_RDG,Proportion of children in grades 2/3 achieving at least a minimum proficiency level in reading (%),2019-04-09,2722,ok
UHC_SCI_NCD,UHC Service Coverage sub-index on noncommunicable diseases,2025-12-05,290,ok
SE_PRM_MATH,Proportion of children at the end of primary achieving at least a minimum proficiency level in mathematics (%),2019-04-09,2722,ok
TOTENV_12,DALYs attributable to the environment in children under 5 years (%),2013-06-11,4850,ok
TOTENV_3,Disability-adjusted life years (DALYs) attributable to the environment,2016-09-29,3644,ok
TOTENV_7,Total environment attributable deaths ('000) in children under 5 years,2013-06-11,4850,ok
SA_0000001823_ARCHIVED,"Alcohol, tourist consumption (in litres of pure alcohol)",2020-05-27,2308,ok
TOTENV_90,Total environment attributable DALYs  in children under 5 years,,,empty
UHC_HRHSURGEONDENSITY,Surgeons (per 100 000),,,empty
UHC_DATA_AVAIL_CODE,Data availability for UHC index of essential service coverage (ranking),,,empty
SA_0000001818,"Alcohol, total  (recorded + unrecorded) per capita (15+) consumption, projections",2024-06-21,822,ok
TOBACCO_0000000364,Smoking cessation support is available in offices of health professionals,,,empty
SA_0000001824,"Alcohol, regional alcohol per capita (15+) consumption (in litres of pure alcohol)",2018-08-24,2950,ok
SA_0000001827,"Regional prevalence, AAFs (15+), cancer",2024-08-13,769,ok
SA_0000001821_ARCHIVED,"Alcohol, unrecorded per capita (15+) consumption (in litres of pure alcohol) with 95%CI",2020-05-27,2308,ok
TOBACCO_0000000367,Nicotine replacement therapy - legally sold,,,empty
TB_sldst_avail,Second-line drug susceptibility testing (DST) available,2015-10-14,3995,ok
TOBACCO_0000000212,Dedicated funds for enforcement,,,empty
TOBACCO_0000000209,Fines for violations,,,empty
TOBACCO_0000000361,Access to a toll-free quit line,,,empty
TOBACCO_0000000213,Citizen complaints and investigations,,,empty
WHS9_89,Population proportion under 15 (%),,,empty
TOBACCO_0000000366,Smoking cessation support is available in other settings,,,empty
TOBACCO_0000000368,Nicotine replacement therapy - place available,,,empty
UHC_NCD_FPG,Mean fasting plasma glucose,,,empty
UHC_SCI_CAPACITY,UHC Service Coverage sub-index on service capacity and access,2025-12-05,290,ok
UHC_SCI_RMNCH,"UHC Service Coverage sub-index on reproductive, maternal, newborn and child health",2025-12-05,290,ok
WHS9_85,Literacy rate among adults aged >= 15 years (%),,,empty
WHS9_90,Population living on <$1 (PPP int. $) a day (%),,,empty
WHS9_92,Population proportion over 60 (%),,,empty
WHS9_93,Gross national income per capita (PPP int. $),,,empty
WHS9_96,Population living in urban areas (%),,,empty
WHS4_107,Children aged <5 years with diarrhoea receiving ORT (%),,,empty
WHS4_154,Antenatal care coverage - at least four visits (%),2025-09-26,360,ok
WHS4_129,Hib (Hib3) immunization coverage among 1-year-olds (%) (WUENIC),2026-07-14,69,ok
SP_DYN_MRBF18,Proportion of women aged 20-24 years who were married or in a union by age 18 (%),2018-04-09,3087,ok
WHS5_512,Population using solid fuels (%),2015-06-09,4122,ok
WHS6_101,Median availability of selected generic medicines (%) - Private,2015-06-12,4119,ok
WHS6_144,Dentistry personnel density (per 10 000 population),,,empty
WSH_30_SAN,Number of diarrhoea DALYs from inadequate sanitation,2022-11-07,1414,ok
SHS_2,Percentage of women (15+ years) exposed to second-hand smoke,2013-06-11,4850,ok
SHS_3,Percentage of men (15+ years) exposed to second-hand smoke,2013-06-11,4850,ok
SHS_4,Second-hand smoke attributable deaths,2013-06-11,4850,ok
SHS_6,Second-hand smoke attributable deaths per 100'000 capita,2013-06-11,4850,ok
WHS6_116,Median consumer price ratio of selected generic medicines - Private,2015-06-12,4119,ok
WHS7_104,Per capita government expenditure on health at average exchange rate (US$),,,empty
WHS7_108,Per capita government expenditure on health (PPP int. $),,,empty
SA_0000001829,Average price 500 mls Beer in US$,2018-10-26,2887,ok
SDGPM25,Concentrations of fine particulate matter (PM2.5),2026-05-08,136,ok
SA_0000001830,Average price 750 mls Wine in US$,2018-10-26,2887,ok
SDGAIRBODA,"Ambient and household air pollution attributable death rate (per 100 000 population, age-standardized)",2026-06-15,98,ok
sba5,Births attended by skilled health personnel (in the five years preceding the survey) (%),,,empty
SDGHIV,New HIV infections (per 1000 uninfected population),2026-07-31,52,ok
SDGCONFLICT,Estimated direct deaths from major conflicts (per 100 000 population),2018-04-29,3067,ok
WHS7_156,Per capita total expenditure on health at average exchange rate (US$),,,empty
SDGMALARIA,Malaria incidence (per 1 000 population at risk),,,empty
SDGOOP,Out-of-pocket expenditure as a percentage of total expenditure on health,,,empty
WHS7_149,General government expenditure on health as a percentage of total expenditure on health,,,empty
WHS7_150,Out-of-pocket expenditure as a percentage of total expenditure on health,,,empty
WHS9_86,Population (in thousands) total,,,empty
WSH_2,"Water, sanitation and hygiene attributable deaths ('000) in children under 5 years",2013-06-11,4850,ok
WSH_10,"Number of diarrhoea deaths from inadequate water, sanitation and hygiene",2022-11-07,1414,ok
TOBACCO_0000000392,Health warnings appear on each other smoked tobacco package and any outside packaging and labelling used in the retail sale,,,empty
TOBACCO_0000000395,Health warnings on other smoked tobacco packaging must be written in the principal language(s) of the country,,,empty
SUNBEDEXISTYEAR,Year of national implementation of regulation,2021-06-10,1929,ok
SUNBEDREG_ACCESS,Access restrictions,2021-06-10,1929,ok
SUNBEDREG_INFO,Information requirements,2017-06-26,3374,ok
SUNBEDREG_TRAINING,Training requirements,2021-06-10,1929,ok
VIOLENCE_EXTENTIMP_ALLTYPES,Extent of implementation of  mental health services for victims of all types of violence,2014-11-25,4318,ok
TB_c_dst_rlt_new_pct,New cases tested for RR-/MDR-TB (%),2025-11-11,314,ok
UV_4,UV radiation attributable deaths per 100'000 capita,2013-06-11,4850,ok
VIOLENCE_CHILD_NEGLECT,Lifetime prevalence of child physical neglect (%),2023-08-10,1138,ok
VIOLENCE_PHYSICAL_FIGHTING,"Physical fighting, past 12 months (%)",,,empty
W_Group,Warning about the dangers of tobacco,2023-10-17,1070,ok
W10_graphic_B,Do the health warnings on other smoked tobacco packaging include a photograph or graphic?,2023-12-14,1012,ok
W10_graphic_C,Do the health warnings on smokeless tobacco packaging include a photograph or graphic?,2023-12-13,1013,ok
W11_outside_pack_C,Do health warnings appear on each smokeless tobacco package and any outside packaging and labelling used in the retail sale?,2023-12-13,1013,ok
W12_imports_dutyfree_B,Health warnings on other smoked tobacco packaging law applys to products whether manufactured domestically imported AND for duty-free sale,2023-12-14,1012,ok
W14_harm_effects_B,Do health warnings on other smoked tobacco packaging describe the harmful effects of tobacco use on health?,2023-12-14,1012,ok
W13_ind_liability_C,Health warnings on smokeless tobacco packaging do not remove or diminish the liability of the tobacco industry,2023-12-13,1013,ok
SG_DMK_SRCR_FN_ZS,"Proportion of women aged 15-49 years who make their own informed decisions regarding sexual relations, contraceptive use and reproductive health care (%)",2024-03-18,917,ok
TOTENV_5,Deaths attributable to the environment (%),2016-09-29,3644,ok
TOTENV_11,Deaths attributable to the environment in children under 5 years (%),2013-06-11,4850,ok
SE_DEV_ONTRK,"Children aged 36-59 months who are developmentally on track in at least three of the following domains: literacy-numeracy, physical development, social-emotional development and le",2026-02-11,222,ok
SUNBEDREG_CONTROL,Restriction and inspection of facilities,2021-06-10,1929,ok
UHC_INDEX_ACTUAL,Index of Essential Service Coverage (Actual),,,empty
SE_G23_MATH,Proportion of children in grades 2/3 achieving at least a minimum proficiency level in mathematics (%),2019-04-09,2722,ok
SG_REG_BRTH,Proportion of children under 5 years of age whose births have been registered with a civil authority,,,empty
SG_REG_CENSUS,Proportion of countries that have conducted at least one population and housing census in the last 10 years (%),2020-06-23,2281,ok
SG_REG_CENSUSN,Number of countries that have conducted at least one population and housing census in the last 10 years,,,empty
SI_POV_DAY1,Proportion of population below the international poverty line of US$1.90 per day (%),2019-08-20,2589,ok
SUNBEDEXISTSUBNATIONAL,Existence of subnational regulation,2017-06-16,3384,ok
UHC_INDEX_REPORTED,UHC Service Coverage Index (SDG 3.8.1),2025-12-05,290,ok
UHC_TOBACCONO,Prevalence of non-use of tobacco,,,empty
UHC_NCD_NONELEVBP,Prevalence of non-elevated blood pressure (%),,,empty
UNICEF_ORS,Children aged <5 years with diarrhoea receiving ORS (%),2022-08-12,1501,ok
WHS8_110,Measles-containing-vaccine first-dose (MCV1) immunization coverage among 1-year-olds (%) (WUENIC),2026-07-14,69,ok
TOTENV_9,Total environment attributable DALYs ('000) in children under 5 years,2013-06-11,4850,ok
UNICEF_PNCNEWBORN,Proportion of newborns who have postnatal contact with a health provider within 2 days of delivery (%),2019-04-09,2722,ok
WHS9_91,Civil registration coverage of births (%),,,empty
W-MM_Group,Anti-tobacco mass media campaigns,2023-10-17,1070,ok
W16_number_hw_C,How many health warnings are approved by the law for smokeless tobacco packaging?,2023-12-13,1013,ok
W16_number_hw_B,How many health warnings are approved by the law for other smoked tobacco packaging?,2023-12-14,1012,ok
WSH_HYGIENE_BASIC,Population with basic handwashing facilities at home (%),2026-01-23,241,ok
WSH_20_HYG,Attributable fraction of diarrhoea to inadequate hygiene,2022-11-02,1419,ok
WSH_20,"Attributable fraction of diarrhoea to inadequate water, sanitation and hygiene",2022-11-03,1418,ok
WSH_SANITATION_OD,Population practising open defecation (%),2026-01-23,241,ok
WSH_20_WAT,Attributable fraction of diarrhoea to inadequate water,2022-11-16,1405,ok
WSH_30,"Number of diarrhoea DALYs from inadequate water, sanitation and hygiene",2022-11-07,1414,ok
WSH_4,"Water, sanitation and hygiene  attributable deaths per 100'000 children under 5 years",2013-06-11,4850,ok
stunt3,Stunting prevalence in children aged < 3 years (%),,,empty
SHS_7,Second-hand smoke attributable DALYs per 100'000 capita,2013-06-11,4850,ok
SHS_10,Second-hand smoke attributable DALYs ('000) in children under 5 years,2013-06-11,4850,ok
SHS_11,Second-hand smoke  attributable DALYs per 100'000 children under 5 years,2013-06-11,4850,ok
W19_colours_numbers_B,Other smoked tobacco packaging and labelling must not use figurative or other signs including colors or numbers as substitutes for prohibited misleading terms and descriptors,2023-12-14,1012,ok
SHS_5,Second-hand smoke attributable DALYs ('000),2013-06-11,4850,ok
stunt5,Stunting prevalence in children aged < 5 years (%),,,empty
W18_misleading_terms_C,Ban on deceitful terms on smokeless tobacco packaging,2023-12-13,1013,ok
W19_colours_numbers_C,Smokeless tobacco packaging and labelling must not use figurative or other signs including colors or numbers as substitutes for prohibited misleading terms and descriptors,2023-12-13,1013,ok
TB_1,Tuberculosis treatment coverage,2025-11-11,314,ok
TB_c_dst_rlt_ret_pct,Previously treated cases tested for RR-/MDR-TB (%),2025-11-11,314,ok
TB_c_mdr_tx,Cases started on MDR-TB treatment,2025-11-11,314,ok
TB_c_lab_dst_5m,Laboratories providing drug susceptibility testing (DST) (per 5 million population),2015-10-21,3988,ok
TB_c_lab_cul_5m,Laboratories providing tuberculosis diagnostic services using culture (per 5 million population),2015-10-21,3988,ok
TB_c_new_snep_tsr,Treatment success rate for new pulmonary smear-negative and extrapulmonary tuberculosis cases,,,empty
TB_c_newinc,Tuberculosis - new and relapse cases,2025-11-11,314,ok
uweight5,Underweight prevalence in children aged < 5 years (%),,,empty
TB_e_inc_num,Number of incident tuberculosis cases,2025-11-11,314,ok
TB_e_mort_exc_tbhiv_num,"Number of deaths due to tuberculosis, excluding HIV",2025-11-11,314,ok
UV_1,UV radiation,2013-06-11,4850,ok
W21_emissions_A,Cigarette packaging and labelling must not display quantitative information on emission yields (such as tar nicotine and carbon monoxide) including when used as part of a brand nam,2015-08-14,4056,ok
uweight3,Underweight prevalence in children aged < 3 years (%),,,empty
VIOLENCE_BULLIED,"Bullied, past 30 days (%)",,,empty
SUNBEDREG_SAFETY,Safety requirements,2021-06-10,1929,ok
W2_pc_front_back_C,Percentage of principal display area mandated to be covered by health warnings - front and back of smokeless tobacco packaging,2023-12-13,1013,ok
TB_c_mdr_tsr,Treatment success rate for patients treated for MDR-TB (%),2025-11-11,314,ok
TB_c_tbhiv_tsr,Treatment success rate: HIV-positive TB cases,2025-11-11,314,ok
TB_c_new_tsr,Treatment success rate: new TB cases,2025-11-11,314,ok
TB_e_inc_num_014,Number of incident tuberculosis cases in children aged 0 - 14,2025-11-11,314,ok
TB_e_inc_tbhiv_100k,Incidence of tuberculosis (per 100 000 population) (HIV-positive cases),2024-10-28,693,ok
TB_e_mdr_num,Estimated MDR-TB cases among notified pulmonary TB cases,,,empty
UHC_SCI_INFECT,UHC Service Coverage sub-index on infectious diseases,2025-12-05,290,ok
TB_e_prev_num,Number of prevalent tuberculosis cases,2015-10-15,3994,ok
TB_effective_treatment_coverage,Tuberculosis effective treatment coverage (%),,,empty
UNICEF_PNCMOTHER,Women age 15-49 years who received a health check within 2 days after delivery of their most recent live birth in the last 2 years (%),2019-05-17,2684,ok
VIOLENCE_EXTENTIMP_CHILDPROTECTION,Extent of implementation of child protection services,2014-11-25,4318,ok
VIOLENCE_EXTENTIMP_ELDERCAREGIVER,Elder abuse: Extent of implementation  of caregiver-support programmes,2014-11-25,4318,ok
UV_2,UV radiation attributable deaths,2013-06-11,4850,ok
VIOLENCE_EXTENTIMP_VICTIMSMEDICOLEGAL,Extent of implementation of medico-legal services for victims of sexual violence,2014-11-25,4318,ok
TB_mdr,Confirmed cases of MDR-TB,2013-10-10,4729,ok
VIOLENCE_EXTENTIMP_PARTNERVIOLPREVENTION,Intimate partner violence: Extent of implementation  of dating violence prevention programmes,2014-11-25,4318,ok
W22_emissions_qual_A,Cigarette packaging and labelling must display qualitative information on relevant constituents and emissions,2023-12-14,1012,ok
W23_emissions_front_back_A,Cigarette packaging and labelling must display qualitative information on constituents and emissions on one or more of the principal display areas,2023-12-14,1012,ok
W23_emissions_front_back_B,Other smoked tobacco packaging and labelling must display qualitative information on constituents and emissions on one or more of the principal display areas,2023-12-14,1012,ok
W24_exp_date_B,Other smoked tobacco packaging and labelling must not display expiry dates,2023-12-14,1012,ok
W26_plain_packaging_A,Plain packaging of cigarettes is mandatory (ie. the use of logos colours brand images or promotional information on packaging other than brand names and product names displayed in ,2023-12-14,1012,ok
W1_HW_law_C,Law mandates that health warnings appear on smokeless tobacco packages,2023-12-13,1013,ok
W4_pc_back_C,Percentage of principal display area mandated to be covered by health warnings - back of smokeless tobacco packaging,2023-12-13,1013,ok
vita,Children aged 6-59 months who received vitamin A supplementation (%),,,empty
W12_imports_dutyfree_C,Health warnings on smokeless tobacco packaging law applys to products whether manufactured domestically imported AND for duty-free sale,2023-12-13,1013,ok
W1_HW_law_B,Law mandates that health warnings appear on other smoked tobacco packages,2023-12-14,1012,ok
VIOLENCE_HOMICIDERATE,Estimates of rates of homicides per 100 000 population,2025-02-13,585,ok
VIOLENCE_EXTENTIMP_YOUTHLIFESKILLS,Youth violence: Extent of implementation of life-skills and social development programmes,2014-11-25,4318,ok
VIOLENCE_HOMICIDENUM,Estimates of number of homicides,2021-02-09,2050,ok
W1_HW_law_A,Law mandates that health warnings appear on tobacco packages,2023-12-14,1012,ok
W10_graphic_A,Do the health warnings on cigarette packaging include a photograph or graphic?,2023-12-14,1012,ok
W11_outside_pack_B,Do health warnings appear on each other smoked tobacco package and any outside packaging and labelling used in the retail sale?,2023-12-14,1012,ok
W13_ind_liability_A,Health warnings on cigarette packaging do not remove or diminish the liability of the tobacco industry,2023-12-14,1012,ok
W12_imports_dutyfree_A,Health warnings on cigarette packaging law applys to products whether manufactured domestically imported AND for duty-free sale,2023-12-14,1012,ok
WSH_10_SAN,Number of diarrhoea deaths from inadequate sanitation,2022-11-07,1414,ok
WSH_10_WAT,Number of diarrhoea deaths from inadequate water,2022-11-01,1420,ok
WSH_3,"Water, sanitation and hygiene attributable deaths per 100'000 capita",2013-06-11,4850,ok
WSH_20_SAN,Attributable fraction of diarrhoea to inadequate sanitation,2022-11-02,1419,ok
WSH_30_HYG,Number of diarrhoea DALYs from inadequate hygiene,2022-11-07,1414,ok
W13_ind_liability_B,Health warnings on other smoked tobacco packaging do not remove or diminish the liability of the tobacco industry,2023-12-14,1012,ok
W17_fines_C,Health warnings on smokeless tobacco packaging law requires or establishes fines for violations,2023-12-13,1013,ok
W18_misleading_terms_A,Ban on deceitful terms on cigarette packaging,2023-12-14,1012,ok
W14_harm_effects_C,Do health warnings on smokeless tobacco packaging describe the harmful effects of tobacco use on health?,2023-12-13,1013,ok
W15_specific_hw_C,Does the law mandate specific health warnings on smokeless tobacco packaging?,2023-12-13,1013,ok
W18_misleading_terms_B,Ban on deceitful terms on other smoked tobacco packaging,2023-12-14,1012,ok
WSH_SANITATION_SAFELY_MANAGED,Population using safely managed sanitation services (%),2026-01-23,241,ok
WSH_5,"Water, sanitation and hygiene attributable DALYs ('000)",2013-06-11,4850,ok
W16_number_hw_A,How many health warnings are approved by the law for cigarette packaging?,2023-12-14,1012,ok
WSH_6,"Water, sanitation and hygiene attributable DALYs ('000) in children under 5 years",2013-06-11,4850,ok
WSH_SANITATION_BASIC,Population using at least basic sanitation services (%),2026-01-23,241,ok
WSH_7,"Water, sanitation and hygiene attributable DALYs per 100'000 capita",2013-06-11,4850,ok
W20_flavours_A,Cigarette packaging and labelling must not use descriptors depicting flavours,2023-12-14,1012,ok
WSH_WATER_SAFELY_MANAGED,Population using safely managed drinking-water services (%),2026-01-23,241,ok
W21_emissions_quant_B,Other smoked tobacco packaging and labelling must not display quantitative information on emission yields (such as tar nicotine and carbon monoxide) including when used as part of ,2023-12-14,1012,ok
W25_quitline_number_B,The quit line number must appear on other smoked tobacco packaging or labelling,2023-12-14,1012,ok
W19_colours_numbers_A,Cigarette packaging and labelling must not use figurative or other signs including colors or numbers as substitutes for prohibited misleading terms and descriptors,2023-12-14,1012,ok
W2_pc_front_back_A,Percentage of principal display area mandated to be covered by health warnings - front and back of cigarette packaging,2023-12-14,1012,ok
TB_hivtest_pct,TB patients with known HIV status (%),2025-11-11,314,ok
W24_exp_date_C,Smokeless tobacco packaging and labelling must not display expiry dates,2023-12-13,1013,ok
W23_emissions_front_back_C,Smokeless tobacco packaging and labelling must display qualitative information on constituents and emissions on one or more of the principal display areas,2023-12-13,1013,ok
W25_quitline_number_A,The quit line number must appear on cigarette packaging or labelling,2023-12-14,1012,ok
W3_pc_front_B,Percentage of principal display area mandated to be covered by health warnings - front of other smoked tobacco packaging,2023-12-14,1012,ok
W5_top_side_A,Health warnings on cigarette packaging must be placed at the top of the principal display areas of the package,2023-12-14,1012,ok
W4_pc_back_A,Percentage of principal display area mandated to be covered by health warnings - back of cigarette packaging,2023-12-14,1012,ok
W20_flavours_B,Other smoked tobacco packaging and labelling must not use descriptors depicting flavours,2023-12-14,1012,ok
W21_emissions_quant_C,Smokeless tobacco packaging and labelling must not display quantitative information on emission yields (such as tar nicotine and carbon monoxide) including when used as part of a b,2023-12-13,1013,ok
W26_plain_packaging_B,Plain packaging of other smoked tobacco products is mandatory (ie. the use of logos colours brand images or promotional information on packaging other than brand names and product ,2023-12-14,1012,ok
W3_pc_front_A,Percentage of principal display area mandated to be covered by health warnings - front of cigarette packaging,2023-12-14,1012,ok
W27_smokeless_prod_ban,The sale of all smokeless tobacco products is completely banned,,,empty
W26_plain_packaging_C,Plain packaging of smokeless tobacco products is mandatory (ie. the use of logos colours brand images or promotional information on packaging other than brand names and product nam,2023-12-13,1013,ok
UV_3,UV radiation attributable DALYs ('000),2013-06-11,4850,ok
WSH_8,"Water, sanitation and hygiene  attributable DALYs per 100'000 children under 5 years",2013-06-11,4850,ok
VIOLENCE_CHILD_EMOTIONAL,Lifetime prevalence of child emotional abuse (%),2023-08-10,1138,ok
UV_5,UV radiation attributable DALYs per 100'000 capita,2013-06-11,4850,ok
VIOLENCE_CHILD_SEXUAL,Lifetime prevalence of child sexual abuse (%),2023-08-10,1138,ok
VIOLENCE_CHILD_PHYSICAL,Lifetime prevalence of child physical abuse (%),2023-08-10,1138,ok
VIOLENCE_EXTENTIMP_CHILDHOMEVISIT,Child maltreatment: Extent of implementation of home-visiting programmes,2014-11-25,4318,ok
W11_outside_pack_A,Do health warnings appear on each cigarette package and any outside packaging and labelling used in the retail sale?,2023-12-14,1012,ok
W14_harm_effects_A,Do health warnings on cigarette packaging describe the harmful effects of tobacco use on health?,2023-12-14,1012,ok
W15_specific_hw_A,Does the law mandate specific health warnings on cigarette packaging?,2023-12-14,1012,ok
WSH_30_WAT,Number of diarrhoea DALYs from inadequate water,2022-11-07,1414,ok
W15_specific_hw_B,Does the law mandate specific health warnings on other smoked tobacco packaging?,2023-12-14,1012,ok
WSH_WATER_BASIC,Population using at least basic drinking-water services (%),2026-01-23,241,ok
W17_fines_A,Health warnings on cigarette packaging law requires or establishes fines for violations,2023-12-14,1012,ok
W17_fines_B,Health warnings on other smoked tobacco packaging law requires or establishes fines for violations,2023-12-14,1012,ok
W2_pc_front_back_B,Percentage of principal display area mandated to be covered by health warnings - front and back of other smoked tobacco packaging,2023-12-14,1012,ok
WHOSIS_000003,Neonatal mortality rate (per 1000 live births),2026-08-05,47,ok
W6_font_B,"Does the law mandate font style, font size and colour of health warnings on other smoked tobacco packaging?",2023-12-14,1012,ok
W9_no_obscure_A,Health warnings on cigarette packaging must not be obscured in any way including by required markings such as tax stamps,2023-12-14,1012,ok
W8_princ_langs_C,Are the health warnings on smokeless tobacco packaging written in the principal language(s) of the country?,2023-12-13,1013,ok
wast5,Wasting prevalence in children aged < 5 years (%),,,empty
W20_flavours_C,Smokeless tobacco packaging and labelling must not use descriptors depicting flavours,2023-12-13,1013,ok
WHOSIS_000006,Infants exclusively breastfed for the first six months of life (%),2022-08-12,1501,ok
W5_top_side_B,Health warnings on other smoked tobacco packaging must be placed at the top of the principal display areas of the package,2023-12-14,1012,ok
W5_top_side_C,Health warnings on smokeless tobacco packaging must be placed at the top of the principal display areas of the package,2023-12-13,1013,ok
TB_c_lab_sm_100k,Laboratories providing tuberculosis diagnostic services using sputum smear microscopy (per 100 000 population),2015-10-21,3988,ok
W7_rotation_B,Are the health warnings on other smoked tobacco packaging rotating?,2023-12-14,1012,ok
W6_font_A,"Does the law mandate font style, font size and colour of health warnings on cigarette packaging?",2023-12-14,1012,ok
TB_c_ret_tsr,Treatment success rate: previously treated TB cases,2025-11-11,314,ok
W6_font_C,"Does the law mandate font style, font size and colour of health warnings on smokeless tobacco packaging?",2023-12-13,1013,ok
W7_rotation_C,Are the health warnings on smokeless tobacco packaging rotating?,2023-12-13,1013,ok
TB_c_notified,Total number of notified TB cases,2015-10-21,3988,ok
W8_princ_langs_A,Are the health warnings on cigarette packaging written in the principal language(s) of the country?,2023-12-14,1012,ok
W9_no_obscure_B,Health warnings on other smoked tobacco packaging must not be obscured in any way including by required markings such as tax stamps,2023-12-14,1012,ok
TB_hiv_cpt_pct,HIV-positive TB patients on CPT (co-trimoxazole preventive therapy) (%),2015-10-15,3994,ok
W7_rotation_A,Are the health warnings on cigarette packaging rotating?,2023-12-14,1012,ok
TB_c_xdr_tsr,Treatment success rate: XDR-TB cases,2025-11-11,314,ok
TB_conf_mdr_tx_pct,Confirmed cases of MDR-TB started treatment for MDR-TB (%),2013-10-10,4729,ok
TB_e_inc_tbhiv_num,"Number of incident tuberculosis cases,  (HIV-positive cases)",2025-11-11,314,ok
TB_hivtest_pos_pct,Tested TB patients HIV-positive (%),2025-11-11,314,ok
TB_hiv_art_pct,HIV-positive TB patients on ART (antiretroviral therapy) (%),2025-11-11,314,ok
W21_emissions_B,Other smoked tobacco packaging and labelling must not display quantitative information on emission yields (such as tar nicotine and carbon monoxide) including when used as part of ,,,empty
W22_emissions_qual_C,Smokeless tobacco packaging and labelling must display qualitative information on relevant constituents and emissions,2023-12-13,1013,ok
W22_emissions_qual_B,Other smoked tobacco packaging and labelling must display qualitative information on relevant constituents and emissions,2023-12-14,1012,ok
W24_exp_date_A,Cigarette packaging and labelling must not display expiry dates,2023-12-14,1012,ok
W25_quitline_number_C,The quit line number must appear on smokeless tobacco packaging or labelling,2023-12-13,1013,ok
W26_plainSPACEpackaging_A,Plain packaging of cigarettes is mandatory (ie. the use of logos colours brand images or promotional information on packaging other than brand names and product names displayed in ,,,empty
W3_pc_front_C,Percentage of principal display area mandated to be covered by health warnings - front of smokeless tobacco packaging,2023-12-13,1013,ok
W4_pc_back_B,Percentage of principal display area mandated to be covered by health warnings - back of other smoked tobacco packaging,2023-12-14,1012,ok
W8_princ_langs_B,Are the health warnings on other smoked tobacco packaging written in the principal language(s) of the country?,2023-12-14,1012,ok
W9_no_obscure_C,Health warnings on smokeless tobacco packaging must not be obscured in any way including by required markings such as tax stamps,2023-12-13,1013,ok
WHOSIS_000001,Life expectancy at birth (years),2024-08-02,780,ok
WHOSIS_000007,Healthy life expectancy (HALE) at age 60 (years),2024-08-02,780,ok
WHOSIS_000004,Adult mortality rate (probability of dying between 15 and 60 years per 1000 population),2024-10-31,690,ok
WHOSIS_000010,Adults aged &#8805; 20 years who are obese (%),,,empty
WHOSIS_000012,Prevalence of smoking any tobacco product among adults (&#8805;15 years) (%),,,empty
WHOSIS_000013,Prevalence of current tobacco use among adolescents (13-15 years) (%),,,empty
WHOSIS_000002,Healthy life expectancy (HALE) at birth (years),2024-08-02,780,ok
wast3,Wasting prevalence in children aged < 3 years (%),,,empty
MORT_MATERNALNUM,Number of maternal deaths,2025-04-10,529,ok
NCD_BMI_18C,"Underweight among adults, BMI < 18.5 kg/m2 (crude estimate) (%)",2026-05-27,117,ok
WHOSIS_000009,Children aged <5 years overweight (%),,,empty
NCD_BMI_25C,"Overweight among adults, BMI ≥ 25 kg/m2 (crude estimate) (%)",2026-05-27,117,ok
WHOSIS_000008,Children aged <5 years underweight (%),,,empty
NCD_BMI_PLUS1C,"Overweight among children and adolescents, BMI-for-age > +1 standard deviations above the median (crude estimate) (%)",2026-05-27,117,ok
mslv,Measles immunization coverage among one-year-olds (%),,,empty
WHOSIS_000005,Low-birth-weight newborns (%),,,empty
NCD_BMI_30A,"Obesity among adults, BMI ≥ 30 kg/m2 (age-standardized estimate) (%)",2026-05-27,117,ok
NCD_BMI_18A,"Underweight among adults, BMI < 18.5 kg/m2 (age-standardized estimate) (%)",2026-05-27,117,ok
NCD_BMI_30C,"Obesity among adults, BMI ≥ 30 kg/m2 (crude estimate) (%)",2026-05-27,117,ok
MORT_600,Projection of number of deaths,2013-11-08,4700,ok
MORTADO,Adolescent mortality rate (per 1 000 age specific cohort),2026-08-04,48,ok
NCD_BMI_MINUS2C,"Thinness among children and adolescents, BMI-for-age < -2 standard deviations below the median (%)",2026-05-27,117,ok
NCD_BMI_MINUS2A,"Prevalence of thinness among children and adolescents, BMI < -2 standard deviations below the median (age-standardized estimate) (%)",,,empty
WHOSIS_000014,Stillbirth rate (per 1000 total births),2026-08-05,47,ok
MORT_400,Deaths per 100 000 population,,,empty
NCD_BMI_PLUS1A,"Prevalence of overweight among children and adolescents, BMI > +1 standard deviations above the median (age-standardized estimate) (%)",,,empty
NCD_CCS_BreastCancer,General availability of breast cancer screening (by palpation or mammogram) at the primary health care level,2015-06-01,4130,ok
NCD_BMI_MEAN,Mean BMI (kg/m²) (age-standardized estimate),2017-09-27,3281,ok
NCD_CCS_Aspirin,General availability of aspirin (100 mg) in the public health sector,2022-04-25,1610,ok
NCD_CCS_AlcPlan,Existence of operational policy/strategy/action plan to reduce the harmful use of alcohol,2022-04-25,1610,ok
NCD_BMI_PLUS2C,"Obesity among children and adolescents, BMI-for-age > +2 standard deviations above the median (crude estimate) (%)",2026-05-27,117,ok
NCD_CCS_ACE,General availability of ACE inhibitors in the public health sector,2022-04-25,1610,ok
NCD_CCS_betablockers,General availability of beta blockers in the public health sector,2022-04-25,1610,ok
MORT_200,Deaths per 1 000 live births,2022-11-29,1392,ok
NCD_CCS_BowelCancer,General availability of colon cancer screening at the primary health care level,2015-06-01,4130,ok
NCD_CCS_CCBlkrs,General availability of CC blockers in the public health sector,2022-04-25,1610,ok
NCD_CCS_CervCy,General availability of cervical cytology at the primary health care level,2015-06-01,4130,ok
NCD_CCS_coronary,General availability of coronary bypass or stenting in the public health system,2022-04-25,1610,ok
NCD_BMI_25A,"Overweight among adults, BMI ≥ 25 kg/m2 (age-standardized estimate) (%)",2026-05-27,117,ok
NCD_BMI_MEANC,Mean BMI (kg/m&#xb2;) (crude estimate),2017-09-28,3280,ok
NCD_CCS_cervicalcancerpgmcvg,Coverage of national cervical cancer screening program (%),2020-02-12,2413,ok
NCD_CCS_Bronchodilators,General availability of bronchodilators in the public health sector,2022-04-25,1610,ok
NCD_CCS_CancerPlan,Existence of operational policy/strategy/action plan for cancer,2022-04-25,1610,ok
NCD_CCS_cervicalcancerpgmtype,Type of national cervical cancer screening program,2020-02-12,2413,ok
NCD_CCS_CancerRegNational,Existence of population-based cancer registry,2020-02-12,2413,ok
NCD_CCS_chemo,General availability of chemotherapy in the public health system,2022-04-25,1610,ok
NCD_CCS_CRDPlan,Existence of operational policy/strategy/action plan for chronic respiratory diseases,2022-04-25,1610,ok
NCD_CCS_diabtest,"General availability of diabetes testing (by blood glucose measurement, OGTT) at the primary health care level",2022-04-25,1610,ok
NCD_CCS_dietpaaware,Implementation of diet and/or physical activity public awareness program,2016-11-21,3591,ok
NCD_CCS_DiabetesReg,Existence of a diabetes registry,2022-04-25,1610,ok
NCD_CCS_DiabPlan,Existence of operational policy/strategy/action plan for diabetes,2022-04-25,1610,ok
NCD_CCS_integNCDplan,"Existence of an operational, multisectoral national NCD policy, strategy or action plan that integrates several NCDs and their risk factors",2022-04-25,1610,ok
NCD_CCS_PAPlan,Existence of operational policy/strategy/action plan to reduce physical inactivity,2022-04-25,1610,ok
NCD_CCS_DiabetesTest,"General availability of diabetes testing (by blood glucose measurement, OGTT, or HbA1c) at the primary health care level",2015-06-01,4130,ok
NCD_CCS_Metformin,General availability of metformin in the public health sector,2022-04-25,1610,ok
NCD_CCS_hpv,Existence of national HPV vaccination programme,2020-02-12,2413,ok
NCD_CCS_Mkting,Existence of any policies on marketing of foods to children,2022-04-25,1610,ok
NCD_CCS_NCDUnit_Operational,"Existence of an Operational Unit, Branch, or Dept. in Ministry of Health with responsibility for NCDs",2022-04-25,1610,ok
NCD_CCS_dialysis,General availability of dialysis in the public health system,2022-04-25,1610,ok
NCD_CCS_renaltrans,General availability of renal replacement by transplantation in the public health system,2022-04-25,1610,ok
NCD_CCS_CVDPlan,Existence of operational policy/strategy/action plan for cardiovascular diseases,2022-04-25,1610,ok
NCD_CCS_SSBTAX,Existence of tax on sugar-sweetened beverages,2022-04-25,1610,ok
NCD_CCS_SatFat,Existence of national policies on saturated fatty acids / trans-fats,2022-04-25,1610,ok
NCD_CCS_stroke,Provision for care of acute stroke and rehabilitation in more than 50% of public sector health facilities,2022-04-25,1610,ok
NCD_CCS_MultisecComm,"Existence of a national multisectoral commission, agency or mechanism for NCDs",2022-05-06,1599,ok
NCD_CCS_paaware,Implementation of physical activity public awareness program,2022-04-25,1610,ok
NCD_CCS_Nicotine,General availability of nicotine replacement therapy in the public health sector,2022-04-25,1610,ok
NCD_CCS_Steroid,General availability of steroid inhalers in the public health sector,2022-04-25,1610,ok
NCD_CCS_oralhealthplan,Existence of operational policy/strategy/action plan for oral health,2022-04-25,1610,ok
NCD_CCS_palliative_prim,General availability of palliative care in primary health care in the public health system,2022-04-25,1610,ok
NCD_CCS_PM3_Surv,Has a STEPS survey or a comprehensive health examination survey every 5 years,2022-04-25,1610,ok
NCD_CCS_photocoag,General availability of retinal photocoagulation in the public health system,2022-04-25,1610,ok
NCD_CCS_sulphonylurea,General availability of sulphonylurea(s) in the public health sector,2022-04-25,1610,ok
NCD_CCS_rheum,Provision for secondary prevention of rheumatic fever and rheumatic heart disease in more than 50% of public sector health facilities,2016-11-22,3590,ok
NCD_CCS_rheumreg,Existence of a register of patients who had rheumatic fever and rheumatic heart disease,2020-02-12,2413,ok
NCD_CCS_riskstrat,Availability of cardiovascular risk stratification in 50% or more primary health care facilities,2022-04-25,1610,ok
NCD_CCS_Spirom,General availability of spirometry at the primary health care level,2022-04-25,1610,ok
NCD_CCS_SaltPol,Existence of any policies to reduce population salt consumption,2022-04-25,1610,ok
NCD_CCS_targets,Existence of a set of time-bound national targets based on WHO guidance,2022-04-25,1610,ok
NCD_CCS_Thiazide,General availability of thiazide diuretics in the public health sector,2022-04-25,1610,ok
NCD_GLUC_04,Raised fasting blood glucose (>=7.0 mmol/L) (age-standardized estimate),2017-11-17,3230,ok
NHABASIS,Basis for NHA estimate,2013-06-11,4850,ok
NCD_PAC,Prevalence of insufficient physical activity among adults aged 18+ years (crude estimate) (%),2025-10-30,326,ok
NCD_UNDER70,Premature deaths due to noncommunicable diseases (NCD) as a proportion of all NCD deaths,2025-03-14,556,ok
NCD_CCS_thrombolytic,General availability of thrombolytic therapy in the public health system,2022-04-25,1610,ok
NCD_CCS_TobPlan,Existence of operational policy/strategy/action plan to decrease tobacco use,2022-04-25,1610,ok
NTCP_govt_obj,Government objectives on tobacco control exist,2023-10-30,1057,ok
NCD_GLUC_01,Mean fasting blood glucose (mmol/l) (age-standardized estimate),2020-06-03,2301,ok
NTD_3,Annual incidence of dracunculiasis cases,,,empty
NCD_GLUC_02,Mean fasting blood glucose (mmol/l) (crude estimate),2013-06-11,4850,ok
NCD_GLUC_03,Raised fasting blood glucose (>= 7.0 mmol/L) (crude estimate),2023-08-17,1131,ok
NTCP_curr,Reported currency,2023-10-30,1057,ok
NCD_PAA,Prevalence of insufficient physical activity among adults aged 18+ years (age-standardized estimate) (%),2026-09-04,17,ok
NTCP_govt_exp,Annual budget for tobacco control in currency reported,2023-10-30,1057,ok
HCF_UNREL_ELECTRICITY,Percentage of health-care facilities with unreliable electricity supply (%),2023-02-06,1323,ok
NTD_2,Dracunculiasis certification status of countries at the beginning of the year,,,empty
NCD_CCS_CRD_GUIDE,Existence of evidence-based national guidelines/protocols/standards for the management of chronic respiratory diseases,2022-04-25,1610,ok
IHRSPAR_CAPACITY01,Legislation and Financing,,,empty
HIV_STATUSKNOWNHIV,Percentage of people living with HIV who know their HIV status,2026-07-31,52,ok
Adult_nonsmoked_national,"Archived, see TOBACCO_INDICATOR",,,empty
R_Price_lowest_cost_ppp,Cheapest brand of cigarettes - price in PPP$,2022-01-12,1713,ok
SCSUD_SBIPROGRESS,"Substance use disorders service coverage, screening and brief interventions progress",2024-09-03,748,ok
NTD_LEISHCEND,Status of endemicity of cutaneous leishmaniasis,2025-11-05,320,ok
NTD_6,Status of elimination of trachoma as a public health problem,2026-09-14,7,ok
NCD_CCS_PA_POL_WORK,Existence of policy promoting physical activity: workplace initiatives,2022-05-31,1574,ok
NTD_8,Number of people who received treatment with antibiotics for trachoma,2026-07-15,68,ok
NTD_DRACASES,Dracunculiasis cases,,,empty
NTD_BEJELSTATUS,Status of bejel endemicity,2014-10-23,4351,ok
NTD_LEISHCNUM_IM,Number of imported cases of cutaneous leishmaniasis reported,2026-06-24,89,ok
NTD_LEISHVNUM,Number of cases of visceral leishmaniasis reported,2026-08-28,24,ok
NTD_LEISHVNUM_IM,Number of imported cases of visceral leishmaniasis reported,2026-08-28,24,ok
RADON_Q501_1,Reference level for dwellings (Bq/m3),2021-06-04,1935,ok
NCD_DIABETES_TREATMENT_CRUDE,"Diabetes treatment coverage, crude",2025-10-30,326,ok
WCO_TOTALSTAFFCO_PER100,"Total number of staff in country offices, by region (%)",,,empty
NUT_BF_EVBF,Ever breastfed,2026-06-09,104,ok
NCD_PAC_ADO,Insufficiently active (crude estimate),2019-11-14,2503,ok
NHAGGHEGDP,General government expenditure on health as percentage of gross domestic product,,,empty
NHAOOPSTHE,Out-of-Pocket expenditure on health as percentage of total health expenditure??,,,empty
NHAPREPAIDTHE,Prepaid plans as percentage of total health expenditure?,,,empty
NTCP_FTE,Number of full-time equivalent staff in national agency,2023-10-30,1057,ok
PRETERMBIRTH_RATE,Preterm birth rate (per 100 live births),2023-10-05,1082,ok
P_compl_p1,Compliance with smoke-free health-care facilities law (score),2023-10-31,1056,ok
RADON_Q503,Existence of national reference level for workplaces,2021-06-04,1935,ok
NTD_1,Number of new reported cases of Buruli ulcer,2023-06-19,1190,ok
R_Price_mp_estimate_ppp,Most sold brand of cigarettes - price in PPP$,2022-02-02,1692,ok
HAZARD_DTH_GE5,"Deaths caused by hazards, aged 5 years and above",,,empty
NCD_CCS_ESS_MEDS_TECH_TARGET,Existence of a national target on essential medicines and technologies,2022-04-25,1610,ok
NUTRITION_WASTING_TREATMENT,Treatment of acutely malnourished children,,,empty
NTD_LEISHCNUM,Number of cases of cutaneous leishmaniasis reported,2026-06-22,91,ok
TOBACCO_MPOWER_R_TAXADMINISTRATION,Tobacco Raise taxes: Tax administration,2025-08-19,398,ok
SA_0000001845,"Average daily intake in grams of alcohol, population (15+)",2025-05-22,487,ok
FOODBORNE_DTH_GE5,"Foodborne deaths, aged 5 years and above",,,empty
SUD_TREATMENTSERVICES_COVERAGE,Contact coverage of treatment services for substance use disorders (%),2024-05-20,854,ok
CARE_SOURCE,Care-seeking by type of patient and source of care (%),2023-08-10,1138,ok
R_admin_unique_identifier,Tobacco tax administration: Unique identifier,2024-01-12,983,ok
Yth_nonsmoked_svy_yr,Year of latest youth prevalence survey (nonsmoked),,,empty
O_Cytisine_sold,Cytisine - legally sold,2023-10-31,1056,ok
STI_GONORRHOEA_PREVALENCE_PER100,Prevalence of gonorrhoea in individuals (%),2023-07-25,1154,ok
PRISON_D4_CARDIOVASC_DIAG_TOT,In-prison cardiovascular disease diagnosis (number of diagnoses),2023-01-23,1337,ok
HEPB_HBSAG_CARRIER,Hepatitis B surface antigen (HBsAG) carriers (per 100 000 population),2025-05-01,508,ok
HEPATITIS_HCV_DIAGNOSIS_PERINFECTED_CRD_PER100,"Chronic hepatitis C (HCV) diagnosis coverage as percentage of total HCV infected, including cured (%)",2026-08-03,49,ok
NCD_CCS_PA_GUIDELINES_OLDADULTS,Existence of national guidelines for physical activity for older adults,2022-05-31,1574,ok
NCD_CCS_PA_SVY,"Has conducted a recent, national adult risk factor survey covering physical inactivity",2022-04-25,1610,ok
SCSUD_MEDREG,"Substance use disorders service coverage, medicine registered in the country",2024-09-03,748,ok
PHE_HHAIR_POP_CATEGORY_FUELS,"Population with primary reliance on fuels and technologies for cooking, by fuel type (in millions)",2025-07-29,419,ok
IHRSPAR_CAPACITY13,Radiation Emergencies,,,empty
TOBACCO_MPOWER_R_EARMARKED,Tobacco Raise taxes:  Reported use of earmarked tobacco taxes,2025-08-20,397,ok
PATIENTSAFETY_STRATEGICOBJECTIVEAGGREGATE,Patient safety strategic objective (%),2024-05-28,846,ok
NCD_CCS_PA_POL_WALKBIKE,Existence of policy promoting physical activity: walking and cycling,2022-05-31,1574,ok
SA_0000001836,Alcohol-related road traffic deaths (% of all road traffic deaths),,,empty
WCO_PROGRAMBUDGET_NUM,Programme budget (in US$ million),,,empty
FINPROTECTION_IMP_P_215_LEVEL_SH,"Total population pushed further below the $2.15 a day poverty line by household health expenditures (%, regional, global)",2023-05-18,1222,ok
E_compl_e10,Compliance with ban on promotional discounts (score),2023-10-31,1056,ok
PRISON_B16_SUICIDERISK,In-prison standardized protocol for suicide,2023-01-23,1337,ok
FOODBORNE_DALY_100k,Foodborne disability-adjusted life years per 100 000,2026-06-03,110,ok
MALARIA_PF_INDIG,Number of indigenous P. falciparum malaria cases,2025-12-19,276,ok
ASSISTIVETECH_SOURCESOFAT,Sources of assistive products (%),2022-05-10,1595,ok
WCO_CORESTAFFCPCP_NUM,Number of WCO staff considered as core by the CPCP initiative,,,empty
IHRSPAR2_C13,Food safety,2024-05-14,860,ok
PRISON_B9_1_NURSES_RATIO,Nurses in prisons (FTEs per 1000 prisoners),2023-01-23,1337,ok
FOODBORNE_ILL_TOTAL,"Foodborne illnesses, all ages",,,empty
HIV_NSP_COVERAGE_RATE,NSP coverage among PWID per year (rate),2025-07-22,426,ok
P_compl_p4,Compliance with smoke-free government facilities law (score),2023-10-31,1056,ok
TRAD_MED_SHARE_CHE,"Traditional, Complementary, and Integrative Medicine Share of Current Health Expenditure",2026-09-07,14,ok
FINPROTECTION_IMP_P_215_LEVEL_MILLION,"Total population pushed further below the $2.15 a day poverty line by household health expenditures (millions, regional, global)",2023-05-18,1222,ok
SA_0000001841,"Alcohol, 15-19 years heavy continuous drinkers past year (%)",2025-05-22,487,ok
NCD_CCS_ALC_TARGET,Existence of a national target on alcohol,2022-04-25,1610,ok
PATIENTSAFETY_STRATEGYSCORE,Patient safety strategy score,2024-05-28,846,ok
HAZARD_DTH_TOTAL,"Deaths caused by hazards, all ages",,,empty
W21_emissions_quant_A,Cigarette packaging and labelling must not display quantitative information on emission yields (such as tar nicotine and carbon monoxide) including when used as part of a brand nam,2023-12-14,1012,ok
IHRSPAR_CAPACITY10,Risk Communication (SPAR),,,empty
TOBACCO_MPOWER_O1_TREATMENTSUPPORT,Tobacco Offer help: O1 Support for treatment of tobacco dependence / Availability of smoking cessation support,2025-07-05,443,ok
PRISON_F1_BMI25_TOT,In-prison people who have BMI >= 25 (number of prisoners who are overweight),2023-01-23,1337,ok
E_compl_e_all_indir,Overall compliance with bans on promotion and sponsorship (score),2023-10-31,1056,ok
FINPROTECTION_IMP_P310_POP,"Population pushed further below the $3.20 a day poverty line by household health expenditures (%, national, rural, urban)",2023-05-25,1215,ok
HEPATITIS_HBV_TREATMENT_NUM,Persons on chronic hepatitis B (HBV) treatment (number),2026-08-03,49,ok
TB_cc_prct_DRTB,Percentage of TB-affected households facing costs >20% of household income or expenditure due to DR-TB.,2024-05-06,868,ok
HIV_CONDOMSDIST_NUM,Annual number of condoms distributed,,,empty
IHRSPAR2_C02,"IHR Coordination, National IHR Focal Point functions and advocacy",2024-05-14,860,ok
SDGIPV,See SDGIPVLT and SDGIPV12M,,,empty
R_earmarking,Reported use of earmarked tobacco taxes,2023-12-15,1011,ok
MALARIA_IMPORTED,Number of imported malaria cases,2025-12-19,276,ok
Rev_import,Tobacco tax revenues - import duties,2024-01-11,984,ok
TB_ps_prev_bc_100k_sp,"Prevalence of bacteriologically-confirmed pulmonary TB who are smear positive among those aged ≥15 years, per 100,000 population",2024-05-06,868,ok
IHRSPAR_CAPACITY03,Zoonotic Events and the Human-animal Interface,,,empty
TOBACCO_MPOWER_P2_SMOKEFREEPLACEDETAILS,"Tobacco MPOWER Protect people: P2 smoke-free places, additional characteristics",2026-02-25,208,ok
STI_URETHRAL_CASES_NUM,Reported cases of urethral discharge among men (number),2025-04-17,522,ok
NCD_CCS_DRUG_THERAPY_TARGET,Existence of a national target on drug therapy and counselling,2022-04-25,1610,ok
NUT_CF_MMF,Minimum Meal Frequency 6-23 months,2026-06-09,104,ok
TOBACCO_MPOWER_R_TAXREVENUELATEST,"Tobacco Raise taxes: Annual tax revenues from tobacco products, latest reporting period",2025-08-12,405,ok
IHRSPAR_CAPACITY11,Points of Entry (SPAR),,,empty
HEPATITIS_HCV_LIVINGWITH_CRD_NUM,People living with chronic hepatitis C (HCV) including cured (all ages) (adjusted number),2026-08-03,49,ok
E_compl_all_dir,Overall compliance with bans on direct advertising (score),2023-10-31,1056,ok
SCSUD_DATAPREV,"Substance use disorders service coverage, data on prevalence of substance use/ substance use disorders",2024-09-03,748,ok
FOODBORNE_DALY_GE5,"Foodborne disability-adjusted life years, aged 5 years and above",,,empty
TB_ps_prev_bc_100k_byagegroup_sp,"Prevalence of bacteriologically-confirmed pulmonary TB who are smear positive among those aged ≥15 years, per 100,000 population by age group",2024-05-06,868,ok
IHRSPAR_CAPACITY07,Human Resources (SPAR),,,empty
TG_SYPHILISPREV_PERCENT,Transgender: Syphilis prevalence (percent),2025-03-20,550,ok
Adult_svy_national,"Archived, see TOBACCO_INDICATOR",,,empty
TOBACCO_MPOWER_W2A_CIGARETTES,"Tobacco Warning: W2a cigarette packaging health warnings, other characteristics",2025-07-18,430,ok
ORALHEALTH_SUGAR_AVAILABILITY,Per capita availability of refined sugar (g/day),2023-04-20,1250,ok
TAXBEV_EARMARKEDEXCISETAX,Use of earmarked excise tax on beverages,2025-12-16,279,ok
ORALHEALTH_HWF_DENTALPROSTHETICTECH_10K,Dental prosthetic technicians (per 10 000 population),2023-04-20,1250,ok
IHRSPAR_CAPACITY06,Surveillance (SPAR),,,empty
CCH_SURVEY_MULTISTAKEHOLDER_MECHANISM_EXISTS,Existence of a multi-stakeholder mechanism on health and climate change,2023-02-22,1307,ok
PHE_HHAIR_POP_POLLUTING_FUELS,Population with primary reliance on polluting fuels and technologies for cooking (in millions),2025-07-29,419,ok
SA_0000001832,"Alcohol-attributable all-cause deaths per 100,000, age standardized",2024-08-14,768,ok
M_Est_smk_curr_users,"Number of current tobacco smokers, estimate",2026-01-15,249,ok
FINPROTECTION_IMP_NP215_POP,"Population pushed below the $2.15 a day poverty line by household health expenditures (%, national, rural, urban)",2023-05-25,1215,ok
FOODBORNE_DALY_100k_LT5,"Foodborne disability-adjusted life years per 100 000, aged less than 5 years",,,empty
PRISON_D4_MH_DIAG_TOT,In-prison mental disorder diagnosis (number of diagnoses),2023-01-23,1337,ok
ORALHEALTH_UNTREATEDCARIESPERMANENT,Prevalence of untreated caries of permanent teeth in people 5+ years (%),2023-04-17,1253,ok
MALARIA_EST_INCIDENCE,Estimated malaria incidence (per 1000 population at risk),2025-12-19,276,ok
SCSUD_FINANCINGEXP,"Substance use disorders service coverage, information on governmental expenditures",2024-09-03,748,ok
SCSUD_STS,"Substance use disorders service coverage, specialized treatment services",2024-09-03,748,ok
ORALHEALTH_SERVICESPHCFACILITIES,Oral health care services generally available in primary health care facilities,,,empty
HAZARD_YLD_TOTAL,"Years lived with disability caused by hazards, all ages",,,empty
GASPRP,Reporting countries,2026-01-05,259,ok
FINPROTECTION_IMP_P365_POP,"Population pushed further below the $3.65 a day poverty line by household health expenditures (%, national, rural, urban)",2023-05-25,1215,ok
E23_vending_machines,Ban on tobacco vending machines,2023-10-31,1056,ok
AIR_71,"Archived, see AP_BOD_HIST mart",,,empty
TAXBEV_AFFORD_GDP,GDP per capita to purchase a volume of beverage (%),2025-12-16,279,ok
ASSISTIVETECH_Q06,Workforce availability for assistive technology,2022-02-23,1671,ok
Adult_curr_smokeless,"Archived, see TOBACCO_INDICATOR",,,empty
HIV_CONDOMUSE_PERCENT,Condom use at last high-risk sex (percent),2025-03-20,550,ok
PRISON_D4_HEPB_DIAG_TOT,In-prison Hepatitis B diagnosis (number of diagnoses),2023-01-23,1337,ok
MALARIA_ITN_COVERAGE,"Population with access to an insecticide-treated bed net (ITN) for malaria protection (%), modelled",2025-12-19,276,ok
FOODBORNE_YLD_CASE,Foodborne years lived with disability per case,2026-06-03,110,ok
PRISON_C16_LABTESTS,In-prison laboratory tests,2023-01-23,1337,ok
WCO_FUNDING_LEVEL_PER100,Funds available per level of the Organization (%),,,empty
SA_0000001833,"Alcohol-attributable DALYs per 100,000 people (age standardized)",2025-05-22,487,ok
E22_subnational_authority_exists,"Subnational bans on tobacco advertising, promotion and sponsorship authority exists",2023-10-31,1056,ok
R_admin_overt_marking,Tobacco tax administration: Marking is overt,2024-01-12,983,ok
NCD_HYP_DIAGNOSIS_A,"Hypertension: diagnosis coverage among adults aged 30-79 with hypertension, age-standardized (%)",2025-10-30,326,ok
R_afford_trend_growth_rate,Affordability - trend growth rate,,,empty
R_afford_price_gap_decreased,Tobacco tax structure: Price gap decreased over the last two years (cheapest brand of cigarettes versus the premium brand),2024-01-12,983,ok
M2_adult_representative,Most recent survey among adults was representative of the national population,2023-11-14,1042,ok
FOODBORNE_DALY_TOTAL,"Foodborne disability-adjusted life years, all ages",,,empty
MALARIA_SUSPECTS,Number of suspected malaria cases,2025-12-19,276,ok
HEMOGLOBINLEVEL_PREGNANT_MEAN,Mean hemoglobin level of pregnant women (aged 15-49 years),2022-04-04,1631,ok
RADON_Q202,Existence of any subnational radon activity,2021-06-04,1935,ok
HEPATITIS_HBV_LIVINGWITH_NUM,People living with chronic hepatitis B (HBV) (number),2026-08-03,49,ok
NCD_HYP_PREVALENCE_A,"Hypertension among adults aged 30-79 years, prevalence, age-standardized",2025-10-30,326,ok
STI_CHLAMYDIA_INCIDENTCASES,Incident cases of chlamydia in individuals (in thousands),2023-07-25,1154,ok
NUT_CF_ISSSF,"Introduction of solid, semi-solid or soft foods 6-8 months",2026-06-09,104,ok
WCO_KEYFUNCTIONS_GROUPED_PER100,Key functions by groups (%),,,empty
SCSUD_NSSPROGRESS,"Substance use disorders service coverage, non-structured services progress",2024-09-03,748,ok
SUD_SERVICECAPACITYINDEX,Service Capacity Index for Substance Use Disorders (SCI-SUD),2024-05-24,850,ok
WCO_CORESTAFFCPCP_PER100,Number of WCO staff considered as core by the CPCP initiative (%),,,empty
IHRSPAR_CAPACITY02,IHR Coordination and National IHR Focal Point Functions,,,empty
STI_CHLAMYDIA_PREVALENTCASES,Prevalent cases of chlamydia in individuals (in thousands),2023-07-25,1154,ok
PRISON_D4_TB_DIAG_TOT,In-prison TB diagnosis (number of diagnoses),2023-01-23,1337,ok
FOODBORNE_YLL_CASE_LT5,"Foodborne years of life lost per case, aged less than 5 years",,,empty
O_Cytisine_where,Cytisine - place available,2023-10-31,1056,ok
RADON_Q502_1,Reference level for buildings with high public occupancy (Bq/m3),2021-06-04,1935,ok
HAZARD_ILL_LT5,"Illnesses caused by hazards, aged less than 5 years",,,empty
MALARIA_MICR_TEST,Number of malaria suspects examined by microscopy,2025-12-19,276,ok
HEMOGLOBINLEVEL_CHILDREN_MEAN,Mean hemoglobin level of children aged 6-59 months,2022-04-04,1631,ok
MALARIA_EST_CASES,Estimated number of malaria cases,2025-12-19,276,ok
IHRSPAR2_C12,Zoonotic diseases,2024-05-14,860,ok
SDGIPV12M,Proportion of ever-partnered women and girls aged 15 years or older subjected to physical and/or sexual violence by a current or former intimate partner in the previous 12 months,2026-05-01,143,ok
Adult_curr_e-cig,"Archived, see TOBACCO_INDICATOR",,,empty
ASSISTIVETECH_Q07,Availability of education/training for assistive technology,2022-02-23,1671,ok
Yth_daily_smokeless,Prevalence of daily smokeless tobacco use among adolescents (%),2023-12-11,1015,ok
TOBACCO_MPOWER_P1_SMOKEFREEPLACES,Tobacco MPOWER Protect people: P1 smoke-free places (national legislation),2025-07-25,423,ok
ORALHEALTH_DENTALHEALTHCARE_EXP_PERCAP,Per capita expenditure on dental healthcare (US$),2023-04-17,1253,ok
IHRSPAR_CAPACITY12,Chemical Events,,,empty
MALARIA_INDIG_STATUS,Status of indigenous malaria cases,2025-12-19,276,ok
TB_e_inc_rr_num,Estimated number of MDR/RR-TB incident cases,2025-11-11,314,ok
FINPROTECTION_IMP_PRELPL_POP,"Population pushed further below a relative poverty line by household health expenditures - 60% of median daily per capita consumption or income (%, national, rural, urban)",2023-06-22,1187,ok
NLIS_NU_CA_114,NLIS: Continued breastfeeding at 1 year in infants 12-15 months (%),,,empty
E_compl_e6,Compliance with ban on advertising at point of sale (score),2023-10-31,1056,ok
TB_cc_prct_Q4,Percentage of TB-affected households facing costs >20% of household income or expenditure due to TB among Q4 income or expenditure quantile.,2024-05-06,868,ok
CCH_SURVEY_PLAN_STRATEGY_DEVELOPED,National health and climate change plan or strategy developed,2023-02-22,1307,ok
R_Price_lowest_cost_estimate,Cheapest brand of cigarettes - price in currency reported,2022-01-12,1713,ok
NCD_HYP_PREVALENCE_C,"Hypertension among adults aged 30-79 years, prevalence, crude",2025-10-30,326,ok
TB_notif_num_newrel_ep,Number of people diagnosed with new episode of pulmonary TB who have extrapulmonary TB.,2024-05-06,868,ok
GHED_PHC_pc_US_SHA2011,Primary health care expenditure (PHCE) per сapita in US$,2026-04-10,164,ok
IHRSPAR_CAPACITY08,National Health Emergency Framework,,,empty
SA_0000001843,"Alcohol-attributable DALYs lost from all causes (all ages), (number)",2025-05-22,487,ok
GLASSAMC_GPW13_T4B,≥70% of total antibiotic use being from WHO AWaRe Access group antibiotics (70% Access target),2025-09-24,362,ok
MALARIA_RDT_TEST,Number of malaria suspects examined by rapid diagnostic test (RDT),2025-12-19,276,ok
WCO_TEAMCOMPOSITION_PER100,Team composition (%),,,empty
NCD_CCS_TEL_HYDRO_COMBO,General availability of Fixed dose combination avail (telmisartan + hydrochlorothiazide) in the public health sector,2022-04-25,1610,ok
POP_PERCEIVED_BARRIERS_CARE_DHS,"Percentage of population reporting perceived barriers to care (geographical, sociocultural, financial) [DHS]",,,empty
CCH_SURVEY_MOH_FOCALPOINT,Designation of a focal point responsible for health and climate change within the Ministry of Health,2023-02-22,1307,ok
NCD_CCS_PBCR,Existence of population-based cancer registry,2022-04-25,1610,ok
PRISON_B17_INVOLVEMENT,In-prison patient involvement in healthcare planning and reform,2023-01-23,1337,ok
WCO_UNCOLLABORATION_GROUPED_PER100,Collaboration with United Nations System (%),,,empty
IHRSPAR2_C09,Infection prevention and control (IPC),2024-05-14,860,ok
FOODBORNE_DALY,Foodborne disability-adjusted life years,2026-06-03,110,ok
R_VAT,Taxes as a % of price: value added tax,2024-01-12,983,ok
ASSISTIVETECH_Q08,Existence of financial mechanisms for assistive technology,2021-12-10,1746,ok
MALARIA_PV_INDIG,Number of indigenous P. vivax malaria cases,2025-12-19,276,ok
NCD_CCS_BP_SVY,"Has conducted a recent, national adult risk factor survey covering raised blood pressure/hypertension",2022-04-25,1610,ok
NCD_CCS_FOOD_TAX,"Existence of tax on foods high in fat, sugars or salt",2022-04-25,1610,ok
uwgt5,"Archived, see health inequality website",,,empty
CARE_SEEK,Care-seeking by type of patient and source of care (%) (see CARE_SOURCE),,,empty
SW_CONDOMUSE_PERCENT,Sex workers: Condom use (percent),2025-03-20,550,ok
ORALHEALTH_UHC_ADVANCE_CURATIVE,Oral health interventions as part of health benefit packages: Advanced curative oral health care,2023-04-17,1253,ok
PRISON_D3_DEATHS_TOT,In-prison total deaths,2023-01-23,1337,ok
NCD_CCS_PA_GUIDELINES_5to19,Existence of national guidelines for physical activity for children and adolescents aged 5-19,2022-05-31,1574,ok
HAZARD_YLD_LT5,"Years lived with disability caused by hazards, aged less than 5 years",,,empty
M_Est_smk_curr,Estimate of current tobacco smoking prevalence (%),2026-01-15,249,ok
NCD_CCS_CANCER_GUIDE,Existence of evidence-based national guidelines/protocols/standards for the management of cancer,2022-04-25,1610,ok
FOODBORNE_ILL_100K_GE5,"Foodborne illnesses per 100 000, aged 5 years and above",,,empty
PATIENTSAFETY_COREINDICATORAGGREGATE,Patient safety core indicator aggregated (%),2024-05-28,846,ok
HEPATITIS_HCV_TREATMENT_HIV_PERCENT,People living with HIV treated for chronic hepatitis C infection (percent),2025-03-20,550,ok
GASPRSCFM,Proportion of isolates with decreased susceptibility or resistance (DS/R) to cefixime reported to WHO-GASP,2024-02-09,955,ok
NCD_CHOL_MEANTOTALCHOL_C,"Mean total cholesterol,  crude",2021-06-21,1918,ok
IHRSPAR2_C15,Radiation emergencies,2024-05-14,860,ok
FOODBORNE_ILL_100K,Foodborne illnesses per 100 000,2026-06-03,110,ok
TOB_R_PRICE,Retail price for tobacco and nicotine products,2024-03-06,929,ok
TAXBEV_ABV,"Alcohol content in beverage in percent of volume, (alcohol by volume) (ABV %)",2025-12-17,278,ok
MALARIA_INDIG,Number of indigenous malaria cases,2025-12-19,276,ok
SCSUD_FINANCINGPROGRESS,"Substance use disorders service coverage, financing progress",2024-09-03,748,ok
GHE_YLD_NUMERIC,to be retired,,,empty
STI_SYPHILIS_PREVALENTCASES,Prevalent cases of active syphilis (in thousands),2024-06-12,831,ok
E17a_csr_ban,Ban on Corporate Social Responsibility activities (CSR),2023-10-31,1056,ok
HHS_LAWPOLICY,"HIV, Hepatitis, and STI-related laws and policies",2025-07-22,426,ok
NCD_CCS_ALC_MGMT_GUIDE,Existence of evidence-based national guidelines/protocols/standards for the management of alcohol use disorders,2022-04-25,1610,ok
TAXBEV_VATSPECIAL_YN,Special VAT (or sales tax) rate on non-alcoholic beverages (different from the standard VAT rate),2025-12-16,279,ok
Adult_daily_smokeless,"Archived, see TOBACCO_INDICATOR",,,empty
NCD_CCS_PA_POL_CHILDCARE,Existence of policy promoting physical activity: childcare settings,2022-05-31,1574,ok
TAXBEV_OTHERTAXES,Other taxes on beverages (%),2025-12-16,279,ok
MALARIA_CONF_CASES,Number of confirmed malaria cases,2025-12-19,276,ok
SCSUD_MEDPUBLIC,"Substance use disorders service coverage, medicine provided for free in public health care",2024-09-03,748,ok
RHR_NPSV12M,Proportion of women and girls aged 15 years or older who have been subjected to sexual violence by someone other than a partner in the past 12 months (%) – related to SDG 5.2.2,2026-05-01,143,ok
HEPATITIS_HBV_TREATMENT_ANC_PERCENT,Eligible women attending antenatal care who were treated for HBV,2026-08-03,49,ok
NCD_CHOL_MEANHDL_A,"Mean HDL cholesterol, age-standardized",2021-06-21,1918,ok
STI_SYPHILIS_INCIDENTCASES,Incident cases of active syphilis in 15-49 year olds (in thousands),2024-06-12,831,ok
PRISON_F1_INJECTDRUGUSERS_TOT,"In-prison people who inject/have injected drugs (number of prisoners, over the last 12 months)",2023-01-23,1337,ok
SCSUD_REHABPROGRESS,"Substance use disorders service coverage, rehabilitation programmes progress",2024-09-03,748,ok
HEPATITIS_DEATHS_NUM,Hepatitis - Deaths caused by chronic hepatitis B and C,2026-08-03,49,ok
SCSUD_DATASERVUTIL,"Substance use disorders service coverage, data on service utilization",2024-09-03,748,ok
E_compl_e5,Compliance with ban on billboard and outdoor advertising (score),2023-10-31,1056,ok
TG_CONDOMUSE_PERCENT,Transgender: Condom use (percent),2025-03-20,550,ok
WCO_SEAHPRTRAINING_GROUPED_PER100,"Sexual exploitation, abuse and harassment prevention and response training by groups (%)",,,empty
ORALHEALTH_AVAILABILITY_URGENTCARE,Oral health: Urgent treatment for providing emergency oral care and pain relief,2023-04-17,1253,ok
MALARIA_NMCP_CALCULATIONS,Domestic Expenditure on Malaria,2025-12-19,276,ok
FAMILYPLANNINGUNPDUHC,Women who have their need for family planning satisfied with modern methods (%) - modelled estimates,2026-02-16,217,ok
Adult_nonsmoked_age_grp,"Archived, see TOBACCO_INDICATOR",,,empty
AMR_INFECT_ECOLI,Proportion of bloodstream infection due to Escherichia coli resistant to third-generation cephalosporins (%),2025-10-22,334,ok
SW_PSE_NUM,Sex workers: Population size estimate (number),2025-03-20,550,ok
SDGFPALL,Women of reproductive age (aged 15-49 years) who have their need for family planning satisfied with modern methods (%),2025-05-06,503,ok
NUTRITION_ANAEMIA_REPRODUCTIVEAGE_PREV,Prevalence of anaemia in women of reproductive age (aged 15-49) (%),2026-08-05,47,ok
WCO_FUNDING_TYPE,Financing of WHO country offices - MTR (in US$ million),,,empty
ORALHEALTH_UHC_PREVENTIVE,Oral health interventions as part of health benefit packages: Routine and preventive oral health care,2023-04-17,1253,ok
TAXBEV_EXCISE_AUTOADJUST,Automatic adjustment of specific excise on beverage,2025-12-16,279,ok
STI_TRICHOMONIASIS_PREVALENTCASES,Prevalent cases of trichomoniasis in individuals (in thousands),2023-07-25,1154,ok
NCD_CCS_PA_POL_PUBLIC,Existence of policy promoting physical activity: public open spaces,2022-05-31,1574,ok
FOODBORNE_YLD_CASE_LT5,"Foodborne years lived with disability per case, aged less than 5 years",,,empty
FOODBORNE_DTH_100K,Foodborne deaths per 100 000,2026-06-03,110,ok
LBW_NUMBER,Low birth weight number (in thousands),2026-06-09,104,ok
HEPATITIS_HCV_DIAGNOSED_CRD_NUM,"Chronic hepatitis C (HCV) infected persons diagnosed, including cured (number)",2026-08-03,49,ok
NCD_CHOL_MEANHDL_C,"Mean HDL cholesterol, crude",2021-06-21,1918,ok
NCD_CCS_OVWT_SVY,"Has conducted a recent, national adult risk factor survey covering overweight and obesity",2022-04-25,1610,ok
SDGIPVLT,Proportion of ever-partnered women and girls aged 15–49 years subjected to physical and/or sexual violence by a current or former intimate partner in their lifetime,2026-05-01,143,ok
TOBACCO_MPOWER_R_AFFORDABILITY,Tobacco Raise taxes: Affordability,2025-08-15,402,ok
FINPROTECTION_IMP_PREL_LEVEL_MILLION,"Total population pushed further below a relative poverty line by household health expenditures - 60% of median daily per capita consumption or income (millions, regional, global)",2023-05-18,1222,ok
FOODBORNE_YLL_LT5,"Foodborne years of life lost, aged less than 5 years",,,empty
E_compl_e3,Compliance with ban on advertising in local magazines and newspapers (score),2023-10-31,1056,ok
Youth_svy_age_range,Age range of most recent adolescent survey,2023-12-07,1019,ok
IHRSPAR2_C01,"Policy, Legal and normative Instruments to implement IHR",2024-05-14,860,ok
SA_0000001837,"Alcohol poisoning deaths, per 100,000 population",,,empty
DEVICES25,"National Health Technology Assessment (HTA) unit including the assessment of medical devices, and diagnostics",2022-12-12,1379,ok
FOODBORNE_YLD,Foodborne years lived with disability,2026-06-03,110,ok
FINPROTECTION_IMP_NP_REL_LEVEL_MILLION,"Total population pushed below a relative poverty line by household health expenditures - 60% of median daily per capita consumption or income (millions, regional, global)",2023-05-18,1222,ok
ASSISTIVETECH_TRAVELDISTANCEAT,Travel distance to obtain assistive products (%),2022-05-10,1595,ok
FOODBORNE_YLD_CASE_TOTAL,"Foodborne years lived with disability per case, all ages",,,empty
WCO_SEAHPRTRAINING,"Sexual exploitation, abuse and harassment prevention and response training",,,empty
TOBACCO_MPOWER_R_INFLATIONADJUSTEDPRICES,Tobacco Raise taxes: Inflation-adjusted prices for most sold brand of cigarettes,2025-08-18,399,ok
HEPATITIS_HBV_DIAGNOSED_NUM,Chronic hepatitis B (HBV) infected persons diagnosed (number),2026-08-03,49,ok
SCSUD_GOVGUIDELINES,"Substance use disorders service coverage, national guidelines",2024-09-03,748,ok
Yth_curr_smokeless,Prevalence of current smokeless tobacco use among adolescents (%),2023-12-11,1015,ok
HEP_TEST_TREAT_NUM_VOLTRON,Hepatitis testing and treatment indicator (number),,,empty
STI_SYPHILIS_CASES_NUM,Reported cases of syphilis (number),2025-03-20,550,ok
Adult_curr_cig_smoking,"Archived, see TOBACCO_INDICATOR",,,empty
TB_cc_prct_DSTB,Percentage of TB-affected households facing costs >20% of household income or expenditure due to DS-TB.,2024-05-06,868,ok
SRH_PREGNANCY_UNINTENDED_RATE,Unintended pregnancy rate (model-estimated),2023-04-26,1244,ok
IHRSPAR2_C07,Health emergency management,2024-05-14,860,ok
SA_0000001838,Alcohol-related cardiomyopathy deaths (% of all cardiomyopathy deaths),,,empty
TB_notif_num_agesex,Number of people diagnosed with new episode TB who by age group and sex.,2024-05-06,868,ok
E_compl_e9,Compliance with ban on free distribution in mail or through other means (score),2023-10-31,1056,ok
HEPATITIS_HBV_DEATHS_NUM,Deaths caused by chronic hepatitis B (HBV) infection (number),2025-01-08,621,ok
FOODBORNE_DALY_CASE,Foodborne disability-adjusted life years per case,2026-06-03,110,ok
WCO_HEADSWHO_WRS_OUTSIDEREGIONS_PER100,Percentage of Heads of WHO Country Offices/WRs from outside the region,,,empty
Camp_media_monitor,Process evaluation was employed to assess implementation of the campaign,2023-11-01,1055,ok
NCD_CCS_HearingPlan,Existence of operational policy/strategy/action plan for hearing health,2022-04-25,1610,ok
HAZARD_DALY_TOTAL,"Disability-adjusted life years caused by hazards, all ages",,,empty
TB_ps_prev_bc_100k_bysex,"Prevalence of bacteriologically-confirmed pulmonary TB among those aged ≥15 years, per 100,000 population by sex.",2024-05-06,868,ok
Yth_daily_tob_smoking,Prevalence of daily tobacco smoking among adolescents (%),2023-12-07,1019,ok
R_afford_inflation_adjusted_price_ppp,Inflation-adjusted prices for most sold brand of cigarettes: Prices in purchasing power parity adjusted by year on year changes in average consumer prices in the United States of A,2024-01-12,983,ok
HEPATITIS_DEATHS_RATE,Hepatitis - Deaths caused by chronic hepatitis B and C (per 100 000 population),2026-08-03,49,ok
HAZARD_YLL_LT5,"Years of life lost caused by hazards, aged less than 5 years",,,empty
WCO_STAFFING_GPW13_NUM,WCO staffing under each GPW13 strategic priority,,,empty
NCD_HYP_CONTROL_A,"Hypertension effective treatment coverage (controlled hypertension )among adults aged 30-79, age-standardized (%)",2021-08-20,1858,ok
SA_0000001849,Remote ordering of alcohol regulated,2026-07-06,77,ok
HEPATITIS_HBV_TESTING_ANC_PERCENT,"Pregnant women attending antenatal care, tested for HBsAg (percent)",2026-08-03,49,ok
TAXBEV_MOSTSOLDSPIRIT,Most sold type of spirit,2025-12-17,278,ok
HEALTHCARE_GREENHOUSE_GAS_EMISSION,Healthcare sector greenhouse gas emissions,,,empty
P_compl_p6,Compliance with smoke-free restaurants law (score),2023-10-31,1056,ok
NTD_BU_END,Status of endemicity of Buruli ulcer,2025-07-01,447,ok
TB_cc_prct_Q3,Percentage of TB-affected households facing costs >20% of household income or expenditure due to TB among Q3 income or expenditure quantile.,2024-05-06,868,ok
FINPROTECTION_IMP_PG_215_STD,"Increase in poverty gap due to household health expenditures, expressed as a proportion of the $2.15 a-day poverty line (%, national, rural, urban)",2023-05-25,1215,ok
TB_notif_num_labconf,Number of people diagnosed with new episode of pulmonary TB who are bacteriologically confirmed.,2024-05-06,868,ok
PRISON_B14_ERRORS,In-prison standardized process for medication errors,2023-01-23,1337,ok
NCD_CCS_PA_GUIDELINES_UNDER5,Existence of national guidelines for physical activity for children under 5,2022-05-31,1574,ok
MALARIA_ACT_TREATED,Number of malaria cases treated with artemisinin-based combination therapies (ACTs),2025-12-19,276,ok
TAXBEV_ALCOHOLSALESTATUS,Status of alcohol sale,2025-12-17,278,ok
FOODBORNE_ILL_LT5,"Foodborne illnesses, aged less than 5 years",,,empty
SA_0000001848,"Alcohol, product placement restrictions in e-sports",,,empty
ORALHEALTH_UHC_GOVSCHEME,Oral health interventions as part of health benefit packages: Coverage of the largest government health financing scheme (%),2023-04-17,1253,ok
SA_0000001459_AA,"Road traffic crash deaths, alcohol-attributable, age-standardized death rates, per 100,000 population",2024-08-13,769,ok
TOBACCO_MPOWER_M3_TOBACCOUSESMOKINGSCHOOL,"Tobacco Monitor: school-based national surveys, tobacco use, tobacco smoking, and cigarette smoking",2026-01-27,237,ok
TB_ps_prev_bc_100k,"Prevalence of bacteriologically-confirmed pulmonary TB among those aged ≥15 years, per 100,000 population",2024-05-06,868,ok
NUT_BF_EBF2D,Exclusively breastfed for the first two days after birth,2026-06-09,104,ok
AMR_INFECT_MRSA,Proportion of bloodstream infection due to methicillin-resistant Staphylococcus aureus (MRSA) (%),2025-10-22,334,ok
HEP_OVERVIEW_VOLTRON,Hepatitis overview voltron indicator,,,empty
Adult_curr_tob_use,"Archived, see TOBACCO_INDICATOR",,,empty
R_type_variant,Most sold brand of other tobacco type,2024-01-11,984,ok
SCSUD_NSS,"Substance use disorders service coverage, non-structured services",2024-09-03,748,ok
TOBACCO_MPOWER_E1_DIRECTADBANS,Tobacco Enforce bans: E1 direct advertising,2025-08-04,413,ok
ORALHEALTH_UHC_ESSENTIAL_CURATIVE,Oral health interventions as part of health benefit packages: Essential curative oral health care,2023-04-17,1253,ok
TOBACCO_MPOWER_W2C_TOBACCOSMOKELESS,"Tobacco Warning: W2c smokeless tobacco packaging health warnings, other characteristics",2025-07-18,430,ok
HEPATITIS_HCV_TESTING_HIV_PERCENT,People living with HIV diagnosed with chronic hepatitis C infection (percent),2025-03-20,550,ok
P_comprehensive_subnat,Subnational smoking bans - at least one jurisdiction has a comprehensive ban in place,2020-05-28,2307,ok
HEPATITIS_HCV_TREATMENT_PWID_PERCENT,"People living with HIV who inject drugs, treated for chronic hepatitis C infection (percent)",2025-03-20,550,ok
IHRSPAR2_C10,Risk communication and community engagement (RCCE),2024-05-14,860,ok
FOODBORNE_DALY_CASE_TOTAL,"Foodborne disability-adjusted life years per case, all ages",,,empty
FOODBORNE_DTH_100K_GE5,"Foodborne deaths per 100 000, aged 5 years and above",,,empty
R_Price_lowest_cost_usd,Cheapest brand of cigarettes - price in US$ at official exchange rates,2022-01-12,1713,ok
FOODBORNE_DTH,Foodborne deaths,2026-06-03,110,ok
NCD_CHOL_MEANNONHDL_C,"Mean Non-HDL cholesterol, crude",2021-06-21,1918,ok
PRISON_B9_1_PHYCHIATRISTS_RATIO,Psychiatrists in prisons (FTEs per 1000 prisoners),2023-01-23,1337,ok
WCO_GOVERNMENTCOLLABORATION,Collaboration with government sectors,,,empty
MALARIA_ITN_USE,Malaria ITN use: Population in malaria-endemic areas who slept under an insecticide-treated bed net (ITN) the previous night (%),2026-01-23,241,ok
PRISON_A2_PRISIONERS_N,Number of prisoners,2023-01-23,1337,ok
PRISON_B11_VACPREV_DTP,In-prison vaccination for DTP,2023-01-23,1337,ok
HEMOGLOBINLEVEL_REPRODUCTIVEAGE_MEAN,Mean hemoglobin level of women of reproductive age (aged 15-49 years),2022-04-04,1631,ok
MALARIA_1STLINE_TREATED,Number of malaria cases treated with any first  line tx courses (including artemisinin-based combination therapies (ACTs)),2025-12-19,276,ok
RADON_Q503_1,Reference level for workplaces (Bq/m3),2021-06-04,1935,ok
HAZARD_DTH_LT5,"Deaths caused by hazards, aged less than 5 years",,,empty
P_compl_p8,Compliance with smoke-free public transport law (score),2023-10-31,1056,ok
TAXBEV_ADVALOREMBASE,Base for ad valorem excise tax on beverage,2025-12-16,279,ok
RADON_Q707,Inclusion of radon education for building professionals,2021-06-04,1935,ok
STI_GONORRHOEA_PREVALENTCASES,Prevalent cases of gonorrhoea in individuals (in thousands),2023-07-25,1154,ok
OHS_POLICYSTATUS,Existence of national policy instruments for occupational health and safety for health workers,2024-06-12,831,ok
PRISON_F1_TOBACCO_TOT,In-prison people who currently use tobacco  (number of prisoners),2023-01-23,1337,ok
RADON_Q605,Authorization/accreditation required for official radon measurement providers,2021-06-04,1935,ok
FOODSAFETY_JEE_SCORE,Food safety JEE (score),2025-04-02,537,ok
HIV_POSITIVITY,Percentage of HIV-positive results returned to people in the calendar year,2025-08-07,410,ok
FOODBORNE_ILL_100K_TOTAL,"Foodborne illnesses per 100 000, all ages",,,empty
PRISON_B20_CLINICALREP,In-prison clinical health records,2023-01-23,1337,ok
TAXBEV_AFFORD_LESS,Beverage has become less affordable since last survey year,2025-12-16,279,ok
TOBACCO_MPOWER_W1C_TOBACCOSMOKELESS,Tobacco Warning: W1c smokeless tobacco packaging health warnings,2025-07-18,430,ok
NLIS_NU_CA_049,NLIS: Children with diarrhoea receiving zinc and ORS (%),,,empty
SRHINSTITUTIONALBIRTH,Proportion of births delivered in a health facility (Facility births) (%),2024-08-06,776,ok
ASSISTIVETECH_Q10,Existence of initiatives/collaborations on assistive technology,2021-12-10,1746,ok
vzdpt,"Archived, see health inequality website",,,empty
WCO_GOVERNMENTCOLLABORATION_GROUPED_PER100,Collaboration with government sectors by groups (%),,,empty
WCO_CSSPRIORITIES_GROUP_PER100,Country Cooperation Strategy Priorities by groups (%),,,empty
PRISON_D4_COVID_TOT,In-prison COVID-19 diagnosis (number of diagnoses),2023-01-23,1337,ok
E_compl_e12,Compliance with ban on indentifying non-tobacco products with tobacco brand names (score),2023-10-31,1056,ok
TB_cc_prct,Percentage of TB-affected households facing costs >20% of household income or expenditure due to TB.,2024-05-06,868,ok
IHRSPAR2_C14,Chemical events,2024-05-14,860,ok
NCD_CCS_PA_MASS_PART,Implementation of a recent mass participation event,2022-04-25,1610,ok
HIV_OAMT_COVERAGE_PERCENT,Coverage of opioid agonist maintenance therapy (percent),2025-08-21,396,ok
TAXBEV_EXCISE_UNIFORMTIERED_ALCOHOLIC,Uniform or tiered excise tax system applied on alcoholic beverage,2025-12-17,278,ok
Rev_other,Tobacco tax revenues - other,2024-01-11,984,ok
NCD_CCS_diab_retin,General availability of diabetic retinopathy screening in the public health system,2022-04-25,1610,ok
PHYSICALACTIVITY_ACTIVEENVIRONMENTS,Physical activity active environments,2026-09-01,20,ok
NUTRITION_ANAEMIA_REPRODUCTIVEAGE_NUM,Number of women of reproductive age (aged 15-49 years) with anaemia (thousands),2026-08-05,47,ok
R_admin_covert_marking,Tobacco tax administration: Marking is covert,2024-01-12,983,ok
NCD_CCS_cancer_surgery,General availability of cancer surgery in the public sector,2022-04-25,1610,ok
M_Est_cig_curr_std,Estimate of current cigarette smoking prevalence (%) (age-standardized),2026-01-19,245,ok
STI_SYPHILIS_INCIDENCE_PER1000,Incident rate of active syphilis (per 1000),2024-06-12,831,ok
SCSUD_PSYCH,"Substance use disorders service coverage, psychosocial treatment services",2024-09-03,748,ok
STI_GONORRHEA_CASES_NUM,Reported cases of gonorrhea (number),2025-03-20,550,ok
NCD_CHOL_MEANTOTALCHOL_A,"Mean total cholesterol,  age-standardized",2021-06-21,1918,ok
GASPRSESC,Proportion of isolates with decreased susceptibility or resistance (DS/R) to extended-spectrum cephalosporins reported to WHO-GASP,2024-02-09,955,ok
Adult_nonsmoked_svy_title,"Archived, see TOBACCO_INDICATOR",,,empty
CM_04,Number of deaths among children ages 5 to 9 years,2026-08-05,47,ok
NCD_CCS_PA_TAX,Existence of tax incentives to promote physical activity,2022-04-25,1610,ok
vfull,"Archived, see health inequality website",,,empty
SCSUD_PHARM,"Substance use disorders service coverage, pharmacological treatment services",2024-09-03,748,ok
ORALHEALTH_NOMA,Oral health: Noma recognized as a national public health problem,2023-04-17,1253,ok
NCD_CCS_CANCER_DEPT,General availability of cancer centres or cancer departments at tertiary level in the public sector,2022-04-25,1610,ok
Youth_svy_yr,Year of most recent adolescent survey,,,empty
NLIS_NU_CA_041,NLIS: Children with diarrhoea <5 y receiving oral rehydration therapy (ORT) and continued feeding (%),,,empty
FINPROTECTION_IMP_P215_POP,"Population pushed further below the $2.15 a day poverty line by household health expenditures (%, national, rural, urban)",2023-06-22,1187,ok
WCO_TOTALSTAFFCO_NUM,"Total number of staff in country offices, by region",,,empty
NCDCCS_COUNTRYRESPONSE,NCD country capacity survey response,2025-04-28,511,ok
R_admin_tax_stamps_cig,"Tobacco tax administration: Tax stamps, fiscal marks, banderole or other types of marking are applied on cigarettes",2024-01-12,983,ok
PRISON_F1_BMI30_TOT,In-prison people who have BMI >= 30 (number of prisoners who are obese),2023-01-23,1337,ok
PHE_HHAIR_POP_CLEAN_FUELS,Population with primary reliance on clean fuels and technologies for cooking (in millions),2025-07-29,419,ok
PHE_HHAIR_PROP_POP_POLLUTING_FUELS,Proportion of population with primary reliance on polluting fuels and technologies for cooking (%),2025-07-29,419,ok
HEP_TEST_TREAT_PCT_VOLTRON,Hepatitis testing and treatment indicator (percent),,,empty
PRISON_D4_CANCER_DIAG_TOT,In-prison cancer diagnosis (number of diagnoses),2023-01-23,1337,ok
TAXBEV_EXCISE_UNIFORMTIERED_NONALCOHOLIC,Uniform or tiered excise tax system applied on non-alcoholic beverage,2025-12-16,279,ok
TB_ps_prev_bc_100k_bysex_sp,"Prevalence of bacteriologically-confirmed pulmonary TB who are smear positive among those aged ≥15 years, per 100,000 population by sex.",2024-05-06,868,ok
TOBACCO_MPOWER_M4_PREVALENCE,"Tobacco Monitor: school-based national surveys, smokeless tobacco or e-cigarettes, prevalence",2026-02-04,229,ok
STI_TRICHOMONIASIS_PREVALENCE_PER100,Prevalence of trichomoniasis in individuals (%),2023-07-25,1154,ok
NCD_CCS_dilated_fundus,General availability of dilated fundus examination at the primary health care level,2022-04-25,1610,ok
Yth_curr_tob_smoking,Prevalence of current tobacco smoking among adolescents (%),2023-12-07,1019,ok
WCO_PARTNERSDONORS_GROUPED_PER100,Partners and donors by groups (%),,,empty
M_Est_smk_daily,Estimate of daily tobacco smoking prevalence (%),,,empty
IHRSPAR_CAPACITY09,Health Service Provision,,,empty
SCSUD_MEDDF,"Substance use disorders service coverage, medicine included in drug formulary",2024-09-03,748,ok
MALARIA_EST_MORTALITY,Estimated malaria mortality rate (per 100 000 population),2025-12-19,276,ok
HAZARD_ILL_GE5,"Illnesses caused by hazards, aged 5 years and above",,,empty
NUTRITION_ANAEMIA_CHILDREN_NUM,Number of children aged 6-59 months with anaemia (thousands),2022-04-04,1631,ok
PRISON_A2_PRISIONERS_PER100KPOP,Number of prisoners (per 100 000 inhabitants),2023-01-23,1337,ok
TAXBEV_SUGARCONTENT,Sugar-content of beverage (g/100ml),2025-12-16,279,ok
HEPATITIS_HCV_DEATHS_NUM,Deaths caused by chronic hepatitis C (HCV) infection (number),,,empty
TOBACCO_MPOWER_M1_PREVALENCE,"Tobacco Monitor: population-based national surveys, tobacco use and smoking, prevalence",2026-01-30,234,ok
HEP_EMTCT_VOLTRON,Hepatitis EMTCT voltron indicator,,,empty
R_admin_tax_stamps_other,"Tobacco tax administration: Tax stamps, fiscal marks, banderole or other types of marking are applied on other tobacco products",2024-01-12,983,ok
Yth_curr_tob_use,Prevalence of current tobacco use among adolescents (%),2023-12-07,1019,ok
R_admin_identifier_track_and_trace,Tobacco tax administration: Marking/unique identifier contains data for track and tracing purposes,2024-01-12,983,ok
CANCERSURVIVAL_CHILDREN_LEUKAEMIA,"Childhood cancer survival for lymphoid leukaemia, age-standardized 5-year net survival (%)",2026-07-29,54,ok
ASSISTIVETECH_TOTALNEED,Prevalence of need of assistive products (%),2023-02-02,1327,ok
LBW_PREVALENCE,Low birth weight prevalence (%),2026-06-09,104,ok
PWID_PSE_NUM,People who inject drugs: Population size estimates (number),2025-07-22,426,ok
NCD_CCS_SALT_TARGET,Existence of a national target on salt,2022-04-25,1610,ok
FINPROTECTION_IMP_NP_215_LEVEL_SH,"Total population pushed below the $2.15 a day poverty line by household health expenditures (%, regional, global)",2023-05-18,1222,ok
NUTRITION_WH_2_NUM,"Wasting  among children under 5 years of age (weight-for-height <-2 SD), number (in thousands), survey-based estimates",,,empty
HEALTH_FACILITIES_POST_RAPE_CARE,Proportion of health facilities that provide comprehensive post-rape care as per WHO guidelines,,,empty
WCO_PROGRAMBUDGET_PER100,Programme budget (%),,,empty
NCD_CCS_PA_TARGET,Existence of a national target on physical inactivity,2022-04-25,1610,ok
NONNATIONAL_HEALTHCARE_ACCESS,Does the government provide non-national (including refugees and migrants) equal access to (i) essential and/or (ii) emergency health care,,,empty
HAZARD_YLL_GE5,"Years of life lost caused by hazards, aged 5 years and above",,,empty
WCO_INTERGOVERNMENTALORGANIZATIONS_GROUPED_PER100,Collaboration with Intergovernmental Organizations by groups (%),,,empty
FOODBORNE_DTH_LT5,"Foodborne deaths, aged less than 5 years",,,empty
SA_0000001807_AA,"Cancer, alcohol-attributable, age-standardized death rates, per 100,000 population",2024-08-13,769,ok
WCO_TYPEOFSTAFF_CO_PER100,"Type of staff in country office, according to WCO typology (%)",,,empty
PRISON_B9_1_DENTISTS_RATIO,Dentists in prisons (FTEs per 1000 prisoners),2023-01-23,1337,ok
POP_TOTAL_BIRTHS_NUM,Total number of live births,,,empty
NCD_CCS_PA_POL_COMM_BASED,Existence of policy promoting physical activity: community-based and sports initiatives,2022-05-31,1574,ok
SCSUD_DATASERVPROV,"Substance use disorders service coverage, data on service provision",2024-09-03,748,ok
E17b_csr_promo_self,Ban on tobacco companies/the tobacco industry publicizing their CSR activities,2023-10-31,1056,ok
PHYSICALACTIVITY_ACTIVESYSTEMS,Physical activity policies focused on active systems,2026-09-01,20,ok
VACCINEPREVENTABLE_WILDPOLIO,Number of reported cases of poliomyelitis by wild poliovirus (WPV),2024-05-20,854,ok
CCH_SURVEY_SURVEILLANCE_WHICH_METEOROLOGICAL,Existence of a health surveillance system which includes meteorological information,2023-02-13,1316,ok
NUTRITION_ANAEMIA_CHILDREN_PREV,Prevalence of anaemia in children aged 6-59 months (%),2022-04-04,1631,ok
TOBACCO_MPOWER_M1_TOBACCOUSESMOKING,"Tobacco Monitor: population-based national surveys, tobacco use and smoking",2026-01-27,237,ok
SCSUD_PSYCHPROGRESS,"Substance use disorders service coverage, psychosocial treatment services progress",2024-09-03,748,ok
TRAD_MED_HWF_DENSITY,"Traditional, Complementary, and Integrative Medicine Healthworkforce Density (per 10,000 population)",2026-09-07,14,ok
DEVICES24,National authority responsible for regulating medical devices,2022-12-12,1379,ok
CANCERSURVIVAL_BREASTCANCER,"Cancer survival for those diagnosed with breast cancer, 5-year net survival (%)",2026-06-25,88,ok
Yth_daily_tob_use,Prevalence of daily tobacco use among adolescents (%),2023-12-07,1019,ok
FOODBORNE_YLD_CASE_GE5,"Foodborne years lived with disability per case, aged 5 years and above",,,empty
R_afford_cat_2,Affordability of cigarettes: category of change over past 2 years,,,empty
NTD_YAWSNUM_SUSP,Number of suspected yaws cases reported,2025-07-29,419,ok
SCSUD_FINANCINGSUPPORT,"Substance use disorders service coverage, information on governmental support available",2024-09-03,748,ok
LTC_OLDER_PEOPLE,Percentage of older people receiving long-term care at a residential care facility and home,,,empty
NCD_CCS_DIAB_TARGET,Existence of a national target on diabetes,2022-04-25,1610,ok
FOODBORNE_YLL_CASE_GE5,"Foodborne years of life lost per case, aged 5 years and above",,,empty
IHRSPAR2_C04,Laboratory,2024-05-14,860,ok
NCD_CCS_LIS_AML_COMBO,General availability of Fixed dose combination avail (lisinopril + amlodipine) in the public health sector,2022-04-25,1610,ok
M_Est_cig_curr_users,"Number of current cigarette smokers, estimate",2026-01-15,249,ok
NCD_CCS_DIAB_SVY,"Has conducted a recent, national adult risk factor survey covering raised blood glucose/diabetes",2022-04-25,1610,ok
M4_youth_recent,Most recent school-based survey among adolescents was recent (in the past 5 years),2023-11-14,1042,ok
M3_adult_periodic,Survey previous to the most recent survey among adults was within the 5 years prior,2023-11-14,1042,ok
PRISON_B3_DELIVHEALTHCARE,Agencies responsible for delivering prison healthcare,2023-01-23,1337,ok
NCD_CCS_PA_GUIDELINES,Existence of national guidelines for physical activity,2022-04-25,1610,ok
GASPTIESC,Number of isolates tested for extended-spectrum cephalosporins,2024-02-09,955,ok
TB_cc_prct_Q2,Percentage of TB-affected households facing costs >20% of household income or expenditure due to TB among Q2 income or expenditure quantile.,2024-05-06,868,ok
NCD_CCS_SALT_SVY,"Has conducted a recent, national adult risk factor survey covering salt/sodium intake",2022-04-25,1610,ok
HEPATITIS_HCV_DIAGNOSED_NUM,Chronic hepatitis C (HCV) infected persons diagnosed (number),2026-08-03,49,ok
NCDMORTPERCENT,Percentage of total deaths due to NCDs overall and percentage of total deaths due to 7 main categories (5 different NCD categories plus 2 non-NCD categories which together total al,2026-06-26,87,ok
MALARIA_TOTAL_CASES,Total number of  malaria cases (presumed + confirmed cases),2025-12-19,276,ok
TRAD_MED_CHE_PROVIDER,"Traditional, Complementary, and Integrative Medicine Current Health Expenditure by health care providers",2026-09-07,14,ok
IHRSPAR2_C11,Points of entry (PoEs) and border health,2024-05-14,860,ok
HEALTH_PROMOTING_CITIES,"Proportion of cities, municipalities and localities in regional Healthy City networks that are health-promoting",2026-08-19,33,ok
CCH_SURVEY_SURVEILLANCE_SYSTEM_EXISTS,Existence of an health surveillance system,2023-02-01,1328,ok
NCD_CCS_alteplase,General availability of alteplase for acute stroke management in the public health system,2022-04-25,1610,ok
CHILDMORT_DEATHS_10TO14,Number of deaths among children ages 10 to 14 years,2023-03-01,1300,ok
NCD_CCS_ALC_SVY,"Has conducted a recent, national adult risk factor survey covering harmful alcohol use",2022-04-25,1610,ok
Adult_nonsmoked_svy_yr,"Archived, see TOBACCO_INDICATOR",,,empty
ORALHEALTH_DENTALAMALGAMPHASEDOWN,Measures to phase down the use of dental amalgam,,,empty
SCORE_INDEX_IMPROVED_HIS,"Countries that improved health information systems, measured by the SCORE Index",,,empty
WHO_LOCATIONFACILITIES,Locations and facilities,,,empty
NCD_CCS_SatTransFat,Existence of national policies on saturated fatty acids / trans-fats,,,empty
E6a_pt_of_sale,Ban on advertising at point of sale,2023-10-31,1056,ok
HEPATITIS_HCV_TREATMENT_CUM_PERINFECTED_CRD_PER100,"Chronic hepatitis C (HCV) cumulative treatment rate as percentage of total infected, including cured  (%)",2026-08-03,49,ok
Yth_curr_e-cig,Prevalence of current e-cigarette use among adolescents (%),2023-12-11,1015,ok
HAZARD_YLL_TOTAL,"Years of life lost caused by hazards, all ages",,,empty
R_min_price_policy,Tobacco tax structure: A minimum price policy is implemented,2024-01-12,983,ok
FINPROTECTION_IMP_NP_215_LEVEL_MILLION,"Total population pushed below the $2.15 a day poverty line by household health expenditures (millions, regional, global)",2023-05-18,1222,ok
MSM_SYPHILISPREV_PERCENT,Men who have sex with men: Syphilis prevalence (percent),2025-03-20,550,ok
R_admin_duty_free_banned,Tobacco tax administration: Sales of duty (or excise) free cigarettes banned,2024-01-12,983,ok
P_compl_all_sfe,Overall compliance with regulations on smoke-free environments (score),2023-10-31,1056,ok
SA_0000001840,"Alcohol, heavy continuous drinkers, drinkers only, past year (%)",2025-05-23,486,ok
ORALHEALTH_DENTALHEALTHCARE_EXP_TOTAL,Total expenditure on dental healthcare in million (US$),2023-04-20,1250,ok
SCSUD_PHARMPROGRESS,"Substance use disorders service coverage, pharmacological treatment services progress",2024-09-03,748,ok
PRISON_D4_SUD_DIAG_TOT,In-prison active drug use diagnosis (number of diagnoses),2023-01-23,1337,ok
SCSUD_MEDACCESSPROGRESS,"Substance use disorders service coverage, access to medicine progress",2024-09-03,748,ok
FINPROTECTION_IMP_P190_LEVEL_SH,"Total population pushed further below the $1.90 a day poverty line by household health expenditures (%, regional, global)",2023-05-18,1222,ok
FOODBORNE_DALY_100k_TOTAL,"Foodborne disability-adjusted life years per 100 000, all ages",,,empty
NUT_BF_EBF_NUMTH,Exclusive breastfeeding under six months (in thousands),2026-06-09,104,ok
ORALHEALTH_DENOMINATOR_TTLPOP,Total population in thousands (oral health),2023-04-20,1250,ok
ORALHEALTH_UHC_REHABILITATION,Oral health interventions as part of health benefit packages: Rehabilitatative oral health care,2023-04-17,1253,ok
ORALHEALTH_PRODLOSS_ORALDISEASES,Total productivity losses due to 5 oral diseases in million (US$),2023-04-20,1250,ok
P_compl_p2,Compliance with smoke-free education facilities except universities law (score),2023-10-31,1056,ok
HEPATITIS_HBV_DIAGNOSIS_PERINFECTED_PER100,Chronic hepatitis B (HBV) diagnosis coverage as a percentage of infected (%),2026-08-03,49,ok
RADON_Q305,Existence of national radon map,2021-06-04,1935,ok
Adult_survey_title,"Archived, see TOBACCO_INDICATOR",,,empty
SCSUD_HWFDEV,"Substance use disorders service coverage, health workforce access to professional development and education",2024-09-03,748,ok
ORALHEALTH_AFFORDABILITY_FLUORIDETOOTHPASTE,Affordability of fluoride toothpaste,2023-04-17,1253,ok
STI_TRICHOMONIASIS_INCIDENCE_PER1000,Incident cases of trichomoniasis in individuals (per 1000),2023-07-25,1154,ok
FINPROTECTION_IMP_NP_365_LEVEL_SH,"Total population pushed below the $3.65 a day poverty line by household health expenditures (%, regional, global)",2023-05-18,1222,ok
HEPATITIS_HCV_TESTING_PWID_PERCENT,"People living with HIV who inject drugs, diagnosed with chronic hepatitis C infection (percent)",2025-03-20,550,ok
VACCINECOVERAGE_DTP1,Diphtheria tetanus toxoid and pertussis first-dose (DTP1) immunization coverage among 1-year-olds (%) (WUENIC),2026-07-14,69,ok
IHRSPAR_CAPACITY04,Food Safety (SPAR),,,empty
SA_0000001847,"Alcohol, product placement restrictions in digital media",,,empty
AIR_73,"Archived, see AP_BOD_HIST mart",,,empty
FINPROTECTION_IMP_NPRELPL_POP,"Population pushed below a relative poverty line by household health expenditures - 60% of median daily per capita consumption or income (%, national, rural, urban)",2023-05-25,1215,ok
PRISON_B11_VACPREV_MMR,In-prison vaccination for MMR,2023-01-23,1337,ok
FOODBORNE_ILL_100K_LT5,"Foodborne illnesses per 100 000, aged less than 5 years",,,empty
HAZARD_ILL_TOTAL,"Illnesses caused by hazards, all ages",,,empty
TOBACCO_MPOWER_R_PRICE,Tobacco Raise taxes: Retail price for tobacco and nicotine products,2025-12-09,286,ok
MH_26,Year the law was enacted (latest revision),2019-04-25,2706,ok
MALARIA_RDT_POS,Number of malaria positive cases by rapid diagnostic test (RDT),2025-12-19,276,ok
ASSISTIVETECH_Q05,Availability of government/registered services for assistive technology,2022-02-23,1671,ok
WSH_DOMESTIC_WASTE_SAFELY_TREATED,SDG 6.3.1 Proportion of safely treated domestic wastewater flows (%),2025-05-12,497,ok
R_Price_mp_estimate_usd,Most sold brand of cigarettes - price in US$ at official exchange rates,2022-01-12,1713,ok
SCSUD_HEALTHINFOPROGRESS,"Substance use disorders service coverage, health information system progress",2024-09-03,748,ok
FINPROTECTION_IMP_NP365_POP,"Population pushed below the $3.65 a day poverty line by household health expenditures (%, national, rural, urban)",2023-05-25,1215,ok
NTD_YAWSNUM_CONF,Number of confirmed yaws cases reported,2025-07-01,447,ok
FINPROTECTION_IMP_P190_LEVEL_MILLION,"Total population pushed further below the $1.90 a day poverty line by household health expenditures (millions, regional, global)",2023-05-18,1222,ok
FINPROTECTION_IMP_P310_LEVEL_SH,"Total population pushed further below the $3.20 a day poverty line by household health expenditures (%, regional, global)",2023-05-18,1222,ok
NUTRITION_ANE_IFA_W_90P,Percentage of women consuming at least 90 iron-containing supplements during pregnancy,,,empty
CHILDVIOL,Indicator 16.2.1: Proportion of children aged 1-17 years who experienced any physical punishment and/or psychological aggression by caregivers in the past month,2026-02-11,222,ok
SCSUD_HWFPROGRESS,"Substance use disorders service coverage, health workforce progress",2024-09-03,748,ok
FINPROTECTION_IMP_P190_POP,"Population pushed further below the $1.90 a day poverty line by household health expenditures (%, national, rural, urban)",2023-06-20,1189,ok
FOODBORNE_YLL_GE5,"Foodborne years of life lost, aged 5 years and above",,,empty
PRISON_B9_STAFF_RATIO,Healthcare staff in prisons (FTEs per 1000 prisoners),2023-01-23,1337,ok
GASP_ISOLATESTESTED_NUMBER,Antimicrobial resistance or decreased susceptibiity (DS/R) to antimicrobials testing  in Neisseria gonorrhoea isolates (WHO-GASP) (number),2026-01-05,259,ok
TOBACCO_MPOWER_R_TAXREVENUEPREVIOUS,"Tobacco Raise taxes: Annual tax revenues from tobacco products, previous reporting period",2025-08-12,405,ok
NUT_CF_MAD,Minimum Acceptable Diet 6-23 months,2026-06-09,104,ok
FOODBORNE_YLL_TOTAL,"Foodborne years of life lost, all ages",,,empty
NCD_CCS_path_lab,General availability of pathology services (laboratories) in the public sector,2022-04-25,1610,ok
PRISON_B11_VACPREV_HEPA,In-prison vaccination for Hepatitis A,2023-01-23,1337,ok
FINPROTECTION_IMP_PG_365_STD,"Increase in poverty gap due to household health expenditures, expressed as a proportion of the $3.65 a-day poverty line (%, national, rural, urban)",2023-05-25,1215,ok
PRISON_B11_VACPREV_HPV,In-prison vaccination for HPV,2023-01-23,1337,ok
SCSUD_HWFAVAILABILITY,"Substance use disorders service coverage, availability and quantity of specialized human workforce",2024-09-03,748,ok
AMRGLASS_SURVL05,"Archived, see GLASS dashboard",,,empty
NCD_SENSORYFUNCTION_VISION_EREC,Vision and eyecare: Effective refractive error coverage (eREC) (%),2025-01-10,619,ok
STI_CHLAMYDIA_PREVALENCE_PER100,Prevalence of chlamydia in individuals (%),2023-07-25,1154,ok
NCD_CCS_PA_MGMT_GUIDE,Existence of evidence-based national guidelines/protocols/standards for the management of physical inactivity,2022-04-25,1610,ok
SA_0000001457_AA,"Liver cirrhosis, alcohol-attributable, age-standardized death rates, per 100,000 population",2024-08-13,769,ok
PRISON_B9_1_PHYSICIANS_RATIO,Physicians in prisons (FTEs per 1000 prisoners),2023-01-23,1337,ok
TOBACCO_MPOWER_R_TAX,Tobacco Raise taxes: National taxes for tobacco and nicotine products,2026-07-07,76,ok
E17c_csr_promo_others,Ban on entities other than tobacco companies/the tobacco industry publicizing the CSR activities of the tobacco companies/industry,2023-10-31,1056,ok
NCD_HYP_TREATMENT_C,"Hypertension treatment coverage among adults aged 30-79 with hypertension, crude (%)",2025-10-30,326,ok
PHE_HHAIR_PROP_POP_CLEAN_FUELS,Proportion of population with primary reliance on clean fuels and technologies for cooking (%),2026-05-08,136,ok
DEATHADO,Number of deaths among adolescents (10 to 19 years of age),2026-08-04,48,ok
NCD_CCS_LIS_HYDRO_COMBO,General availability of Fixed dose combination avail (lisinopril + hydrochlorothiazide) in the public health sector,2022-04-25,1610,ok
E_compl_e15,Compliance with ban on sponsorship (contributions and/or publicity of contributions) (score),2023-10-31,1056,ok
FOODBORNE_YLL_100K_LT5,"Foodborne years of life lost per 100 000, aged less than 5 years",,,empty
sevwast5,"Archived, see health inequality website",,,empty
CHILDDEATH5TO14,Number of deaths among children 5 to 14 years of age,2026-08-05,47,ok
MALARIA_IPTP3_COVERAGE,Pregnant women attending antenatal care  at least once and receiving at least 3 doses of Intermittent Preventive Treatment of Malaria for Pregnant Women (IPTp3) (%),2025-12-19,276,ok
M_Est_tob_curr_users,"Number of current of tobacco users, estimate",2026-01-15,249,ok
STI_TRICHOMONIASIS_INCIDENTCASES,Incident cases of trichomoniasis in individuals (in thousands),2023-07-25,1154,ok
E_compl_e1,Compliance with ban on advertising on national television and radio (score),2023-10-31,1056,ok
ICD11_IMPL_LVL,ICD-11 implementation progress level,2020-03-05,2391,ok
MENTAL_HEALTH_SERVICE_COVERAGE,Service coverage for people with mental health and neurological conditions,,,empty
ORALHEALTH_EDENTULISM_PREVALENCE,Prevalence of edentulism in people 20+ years (%),2023-04-17,1253,ok
NCD_CCS_OvwtPlan,Existence of operational policy/strategy/action plan to reduce overweight/obesity,2022-04-25,1610,ok
HIV_STATUSKNOWNART,Percentage of people living with HIV who know their status receiving antiretroviral therapy,2026-07-31,52,ok
R_Imp_duty,Taxes as a % of price: import duties,2024-01-12,983,ok
GLASSAMC_AWARE,Pattern of antibiotic consumption at national level (relative use by AWaRe classification),2025-09-24,362,ok
NTD_BU_CONF,Number of confirmed cases of Buruli ulcer reported,2025-10-30,326,ok
SA_0000001834,Percent of all DALYs attributable to alcohol,2024-08-13,769,ok
R_Total_tax,Taxes as a % of price: total tax,2024-02-22,942,ok
R_tax_other,Taxes as a % of price: other taxes,2024-01-12,983,ok
PRISON_B11_VACPREV_HEPB,In-prison vaccination for Hepatitis B,2023-01-23,1337,ok
NCD_CHOL_MEANNONHDL_A,"Mean Non-HDL cholesterol, age-standardized",2021-06-21,1918,ok
FOODBORNE_DALY_CASE_LT5,"Foodborne disability-adjusted life years per case, aged less than 5 years",,,empty
HWF_0025,Medical doctors (%),2026-01-23,241,ok
M_Est_smk_daily_std,Estimate of daily tobacco smoking prevalence (%) (age-standardized),,,empty
GLASSAMC_TC,Total use of antibacterials expressed as DDD per 1000 inhabitants per day,2025-09-24,362,ok
IHRSPAR2_C08,Health services provision,2024-05-14,860,ok
NCD_CCS_radio,General availability of radiotherapy in the public sector,2022-04-25,1610,ok
PHYSICALACTIVITY_ACTIVESOCIETIES,Physical activity policies for activie societies,2026-09-01,20,ok
NLIS_NU_CA_003,NLIS: Early initiation of breastfeeding within 1 hour of birth (%),,,empty
GHE_YLL_NUMERIC,to be retired,,,empty
WCO_KEYFUNCTIONS,Key functions,,,empty
WCO_HWCO_PER100,"Percentage of HWCOs/WRs, by sex",,,empty
FOODBORNE_ILL,Foodborne illnesses,2026-06-03,110,ok
TOBACCO_MPOWER_OVERVIEW,"Tobacco MPOWER overview: Monitor, Protect people, Offer help, Warn of dangers, Enforce bans, Raise taxes",2025-07-04,444,ok
NLIS_NU_CA_115,NLIS: Continued breastfeeding at 2 years in infants 20-23 months (%),,,empty
PRISON_C8_NEEDLES,In-prison needles free of charge,2023-01-23,1337,ok
NUT_CF_EFF,Egg and/or Flesh Food Consumption 6-23 months,2026-06-09,104,ok
POP_COVERED_SOCIAL_PROT_BENEFIT,Proportion of population covered by at least one social protection benefit,,,empty
TOBACCO_MPOWER_O2_MEDICATIONAVAILABILITY,Tobacco Offer help: O2 Availability of tobacco cessation medications,2025-07-05,443,ok
vmsl,"Archived, see health inequality website",,,empty
O_mCessation,Provision of a mobile cessation service,,,empty
NCD_CCS_PRICE_SUBS,Existence of price subsidies for healthy foods,2022-04-25,1610,ok
SA_0000001835,"Alcohol-related road traffic deaths, per 100,000 population",,,empty
PRISON_B13_ASSESSMENTS,In-prison regular assessments of essential medicines,2023-01-23,1337,ok
Adult_daily_cig_smoking,"Archived, see TOBACCO_INDICATOR",,,empty
NTD_LEPR13,New leprosy child case detection rate (less than 15 years of age) per 1 000 000 child population,2026-09-14,7,ok
HIV_0000000029,"HIV tests performed where results were received by a person (testing volume), reporting period",,,empty
HEPATITIS_HCV_TREATMENT_CUM_NUM,"Persons on chronic hepatitis C (HCV) treatment, cumulative (number)",2026-08-03,49,ok
GASPTIAZM,Number of isolates tested for azithromycin,2024-02-09,955,ok
TB_notif_num_newrel_clindx,Number of people diagnosed with new episode of pulmonary TB who are clinically diagnosed.,2024-05-06,868,ok
PATIENTSAFETY_COREINDICATORRESPONSE,Patient safety core indicator survey response,2024-05-28,846,ok
TAXBEV_EXCISE_TYPE,Type of excise tax applied on beverage,2025-12-16,279,ok
NCD_CCS_BP_TARGET,Existence of a national target on blood pressure / hypertension,2022-04-25,1610,ok
SCSUD_REHAB,"Substance use disorders service coverage, rehabilitation programmes",2024-09-03,748,ok
GASPTICRO,Number of isolates tested for ceftriaxone,2024-02-09,955,ok
TAXBEV_SUGARBASEDTIERED,"If tiered on the beverage, the tiers are sugar-content-based",2025-12-16,279,ok
ASSISTIVETECH_Q09,Existence of regulations/standards/guidelines/protocols on assistive technology,2021-12-10,1746,ok
TRAD_MED_HWF_DIST,"Traditional, Complementary, and Integrative Medicine Healthworkforce Distribution",2026-09-07,14,ok
M6_youth_periodic,Survey previous to the most recent school-based survey among adolescents was within the 5 years prior,2023-11-14,1042,ok
Adult_daily_tob_use,"Archived, see TOBACCO_INDICATOR",,,empty
NCD_DIABETES_PREVALENCE_CRUDE,"Prevalence of diabetes, crude",2025-10-30,326,ok
NCD_DIABETES_PREVALENCE_AGESTD,"Prevalence of diabetes, age-standardized",2025-10-30,326,ok
ORALHEALTH_SEVEREPERIODONTALDISEASE,Prevalence of severe periodontal disease in people 15+ year (%),2023-04-17,1253,ok
ASSISTIVETECH_Q03,Availability of public funding for assistive technology,2021-12-10,1746,ok
WHO_LOCATIONFACILITIES_GROUPED_PER100,Locations and facilities by groups (%),,,empty
NUT_BF_EBF,Exclusive breastfeeding under six months,2026-06-09,104,ok
Adult_svy_yr,"Archived, see TOBACCO_INDICATOR",,,empty
SCSUD_MEDNTG,"Substance use disorders service coverage, medicine included into official manual/ national treatment guidelines",2024-09-03,748,ok
PRISON_D4_STI_DIAG_TOT,In-prison STIs diagnosis (number of diagnoses),2023-01-23,1337,ok
HEPATITIS_HBV_TESTPOSITIVE_ANC_PERCENT,"Pregnant women attending antenatal care, tested positive for HBsAg (percent)",2026-08-03,49,ok
PRISON_F1_EXERCISE_TOT,In-prison people who regularly exercise for a minimum of 150 minutes/week (number of prisoners),2023-01-23,1337,ok
M_Est_smk_curr_std,Estimate of current tobacco smoking prevalence (%) (age-standardized),2026-01-15,249,ok
WCO_CSSPRIORITIES,Country Cooperation Strategy Priorities,,,empty
PRISON_A4_NEWPRISONERS_PER100KPOP,Number of people newly-admitted to prison (per 100 000 inhabitants),2023-01-23,1337,ok
Adult_daily_tob_smoking,"Archived, see TOBACCO_INDICATOR",,,empty
Adult_daily_e-cig,"Archived, see TOBACCO_INDICATOR",,,empty
M_Est_tob_daily_std,Estimate of daily tobacco use prevalence (%) (age-standardized),,,empty
PHYSICALACTIVITY_REGION,Physical activity regional summary,2026-08-07,45,ok
NLIS_NU_CA_053,"NLIS: Introduction to solid, semisolid or soft foods in infants 6-8 months (%)",,,empty
NCD_BMI_PLUS2A,"Prevalence of obesity among children and adolescents, BMI > +2 standard deviations above the median (age-standardized estimate) (%)",,,empty
M_Est_tob_curr_std,Estimate of current tobacco use prevalence (%) (age-standardized),2026-01-15,249,ok
PRISON_D3_DEATHS_DRUG_MRATE,In-prison drug overdose mortality rate (per 100 000 incarcerated persons per year),2023-01-23,1337,ok
AIR_74,"Archived, see AP_BOD_HIST mart",,,empty
SCSUD_GOVPROGRESS,"Substance use disorders service coverage, governance progress",2024-09-03,748,ok
ORALHEALTH_AVAILABILITY_SCREENING,Oral health screening for early detection of oral diseases,2023-04-17,1253,ok
NCD_CCS_breastcancerscreening,Existence of national screening program for breast cancer,2022-04-25,1610,ok
FOODBORNE_YLD_100K_GE5,"Foodborne years lived with disability per 100 000, aged 5 years and above",,,empty
FOODBORNE_YLL_CASE_TOTAL,"Foodborne years of life lost per case, all ages",,,empty
TB_sb,Standards and benchmarks for TB and vital registration system surveillance,2024-05-06,868,ok
RADON_Q401_1,Existence of national radon action plan - Years covered,2021-06-04,1935,ok
PRISON_B15_REPDRUGEVENTS,In-prison standardized process for adverse drug events,2023-01-23,1337,ok
CCH_SURVEY_VULNERABILITY_ADAPTATION_ASSESSMENT,Climate change and health vulnerability and adaptation assessment conducted,2023-02-22,1307,ok
ORALHEALTH_DENOMINATOR_CHEPPP,Per capita current health expenditure in PPP (oral health),2023-04-20,1250,ok
FINPROTECTION_CATA_CTPFHU_40_HH,"Households with out-of-pocket payments greater than 40% of capacity to pay for health care (food, housing and utilities approach - developed by WHO/Europe) (%, national)",2023-05-31,1209,ok
NUTRITION_ANAEMIA_PREGNANT_PREV,Prevalence of anaemia in pregnant women (aged 15-49) (%),2022-04-04,1631,ok
TRAD_MED_CHE_SCHEME,"Traditional, Complementary, and Integrative Medicine Current Health Expenditure by financing schemes",2026-09-07,14,ok
IHRSPAR2_C05,Surveillance,2024-05-14,860,ok
GHED_PHC_GGHE-D_PHC_SHA2011,Domestic general government expenditure on PHC as % of primary health care expenditure (PHCE) (%),2026-01-12,252,ok
HEMOGLOBINLEVEL_NONPREGNANT_MEAN,Mean hemoglobin level of non-pregnant women (aged 15-49 years),2022-04-04,1631,ok
NCD_CXCA_SCREENED_WITHIN_TIMEPERIOD,Prevalence of cervical cancer screening  among women aged 30-49 years (%),2022-09-19,1463,ok
NCD_CCS_PA_GUIDELINES_ADULTS,Existence of national guidelines for physical activity for adults,2022-05-31,1574,ok
NCD_CCS_DIAB_GUIDE,Existence of evidence-based national guidelines/protocols/standards for the management of diabetes,2022-04-25,1610,ok
MALARIA_IRS_COVERAGE,Number of people protected from malaria by indoor residual spraying (IRS),2025-12-19,276,ok
HEP_GAM_VOLTRON,Hepatitis GAM-sourced indicator,,,empty
PRISON_D4_DIABETES_DIAG_TOT,In-prison diabetes mellitus diagnosis (number of diagnoses),2023-01-23,1337,ok
FOODBORNE_DTH_100K_TOTAL,"Foodborne deaths per 100 000, all ages",,,empty
SA_0000001844,"Alcohol-attributable all-cause deaths (all ages), (number)",2025-05-22,487,ok
TB_rdst_num,The number of people with susceptibility test result for rifampicin among bacteriologically confirmed pulmonary TB patients.,2024-05-06,868,ok
SDGIHR2018,"Average of 13 International Health Regulations core capacity scores, SPAR version, 1st edition",2024-05-14,860,ok
STI_SYPHILIS_PREVALENCE_PER100,Prevalence of active syphilis in 15-49 year olds (%),2024-06-12,831,ok
vpolio,"Archived, see health inequality website",,,empty
TOBACCO_MPOWER_NTCP,Tobacco MPOWER: National tobacco control programmes (NTCP),2025-07-04,444,ok
FOODBORNE_YLL_CASE,Foodborne years of life lost per case,2026-06-03,110,ok
VACCINECOVERAGE_MENA_C,Meningococcal A conjugate (MENGA) vaccine immunization coverage (%) (WUENIC),2026-07-14,69,ok
NCD_CCS_foot_vibr,General availability of foot vibration perception by tuning fork at the primary health care level,2022-04-25,1610,ok
FOODBORNE_DTH_CASE,Foodborne deaths per case,2026-06-03,110,ok
UHCTRANSFATS,Best-practice policy implemented for industrially produced trans-fatty acids (TFA) (Y/N),2026-01-28,236,ok
NCD_CCS_HbA1c,General availability of diabetes testing (by HbA1c) at the primary health care level,2022-04-25,1610,ok
NLIS_NU_CA_116,NLIS: Minimum dietary diversity (MDD) in children 6-23 months (%),,,empty
PHE_HHAIR_PROP_POP_CATEGORY_FUELS,"Proportion of population with primary reliance on fuels and technologies for cooking, by fuel type (%)",2025-07-29,419,ok
vdpt,"Archived, see health inequality website",,,empty
E_compl_e11,Compliance with ban on use of brand name of non-tobacco product for tobacco product (score),2023-10-31,1056,ok
HEPATITIS_HBV_INFECTIONS_NEW_NUM,New chronic hepatitis B (HBV) infections (number),2026-08-03,49,ok
NCD_CCS_CholMsmt,General availability of total cholesterol measurement at the primary health care level,2022-04-25,1610,ok
NCD_CCS_cervicalcancermethod,Most widely used screening method in national cervical cancer screening program,2022-05-06,1599,ok
NCD_CCS_DietPlan,Existence of operational policy/strategy/action plan to reduce unhealthy diet related to NCDs,2022-04-25,1610,ok
NCD_CCS_cervicalcancerscreening,Existence of national screening program for cervical cancer,2022-04-25,1610,ok
NCD_CCS_Insulin,General availability of insulin in the public health sector,2022-04-25,1610,ok
NCD_CCS_Statins,General availability of statins in the public health sector,2022-04-25,1610,ok
NCD_CCS_NCDGuide,Existence of evidence-based national guidelines/protocols/standards for the management of major NCDs through a primary care approach,2022-04-25,1610,ok
NCD_CCS_NCDIndicators,Existence of a set of national NCD indicators and has set time-bound national targets for these indicators,2016-11-21,3591,ok
NCD_CCS_OralMorph,General availability of oral morphine in the public health sector,2022-04-25,1610,ok
NCD_CCS_palliative_home,General availability of palliative care in community or home-based care in the public health system,2022-04-25,1610,ok
NCD_CCS_UrineAlbumin,General availability of urine testing for albumin,2022-04-25,1610,ok
NCD_CCS_PeakFlow,General availability of peak flow measurement at the primary health care level,2022-04-25,1610,ok
NCD_CCS_rheumfollowup,Has systems for follow-up/recall to deliver long-term penicillin prophylaxis to patients with rheumatic fever and rheumatic heart disease,2020-02-12,2413,ok
NCD_CCS_SurvMonRep9NCD,Existence of an NCD surveillance and monitoring system in place to enable reporting against the nine global NCD targets,2015-06-01,4130,ok
NCDMORT3070,"Probability (%) of dying between age 30 and exact age 70 from any of cardiovascular disease, cancer, diabetes, or chronic respiratory disease",2025-01-13,616,ok
NCD_DTH_TOT,Total NCD Deaths,2025-03-19,551,ok
nmr,Neonatal mortality rate (deaths per 1000 live births),,,empty
NTCP_agcy,National agency for tobacco control exists,2023-10-30,1057,ok
NTCP_budget_year,Budget year,2023-10-30,1057,ok
NTD_4,Number of new reported cases of human African trypanosomiasis (T.b. gambiense),2026-06-22,91,ok
NUT_BF_EIBF,"Early Initiation of Breastfeeding, Children born in the last 24 months",2026-06-09,104,ok
NTD_5,Number of new reported cases of human African trypanosomiasis (T.b. rhodesiense),2026-06-23,90,ok
NTD_7,"Population in areas that warrant treatment with antibiotics, facial cleanliness and environmental improvement for elimination of trachoma as a public health problem",2026-07-15,68,ok
NTD_LEISHVEND,Status of endemicity of visceral leishmaniasis,2025-11-05,320,ok
NTD_LEPR11,Number of female leprosy new cases,2026-09-14,7,ok
GASP_ISOLATESDSR_PROPORTION,Antimicrobial resistance or decreased susceptibiity (DS/R) to antimicrobials in Neisseria gonorrhoea isolates (WHO-GASP) (proportion),2026-01-05,259,ok
NCD_CCS_MORT_TARGET,Existence of a national target on NCD mortality,2022-04-25,1610,ok
PRISON_D4_HIV_DIAG_TOT,In-prison HIV diagnosis (number of diagnoses),2023-01-23,1337,ok
NCD_CCS_TOB_SVY,"Has conducted a recent, national adult risk factor survey covering tobacco use",2022-04-25,1610,ok
ORALHEALTH_ORALDISEASES,Oral diseases prevalence (%),,,empty
NUT_CF_ZVF,"Zero vegetable or fruit consumption, 6-23 months",2026-06-09,104,ok
E_compl_e14,Compliance with ban on appearance of tobacco products in TV and/or films (score),2023-10-31,1056,ok
bfearly,to be retired,2022-05-26,1579,ok
TB_cc_prct_Q5,Percentage of TB-affected households facing costs >20% of household income or expenditure due to TB among Q5 (highest) income or expenditure quantile.,2024-05-06,868,ok
FINPROTECTION_IMP_P310_LEVEL_MILLION,"Total population pushed further below the $3.20 a day poverty line by household health expenditures (millions, regional, global)",2023-05-18,1222,ok
NCD_CCS_ARB,General availability of Angiotensin II receptor blockers (ARBs) in the public health sector,2022-04-25,1610,ok
OBGYN_ADMISSIONS_ABORTION,Obstetric and gynaecological admissions owing to abortion,,,empty
TOBACCO_MPOWER_E3_INDIRECTADBANSPLUS,"Tobacco Enforce bans: E3 indirect advertising, additional bans",2025-07-18,430,ok
FINPROTECTION_IMP_BNLFHU_FURIMP_HH,"Households  impoverished by out-of-pocket payments (relative poverty line reflecting basic needs: food, housing, utilities - developed by WHO/Europe) (%, national)",2023-05-31,1209,ok
Yth_curr_cig_smoking,Prevalence of current cigarette smoking among adolescents (%),2023-12-07,1019,ok
MALARIA_EST_DEATHS,Estimated number of malaria deaths,2025-12-19,276,ok
HEPATITIS_HCV_TREATMENT_PERDIAGNOSED_PER100,Chronic hepatitis C (HCV) treatment rate as percentage of diagnosed (%),2026-08-03,49,ok
HEPATITIS_HCV_INFECTIONS_NEW_NUM,New chronic hepatitis C (HCV) infections (number),2026-08-03,49,ok
SCSUD_MEDNUM,"Substance use disorders service coverage, medicine quantitative data on the number of prescriptions/sales is available",2024-09-03,748,ok
HIV_VIRALLOADSUPPRESSED,Percentage of people living with HIV who have suppressed viral loads,2026-07-31,52,ok
FINPROTECTION_IMP_P_365_LEVEL_MILLION,"Total population pushed further below the $3.65 a day poverty line by household health expenditures (millions, regional, global)",2023-05-18,1222,ok
WHOSIS_000016,Mortality rate among children ages 5 to 9 years (per 1000 children aged 5),2026-08-05,47,ok
TB_notif_num,Number of people notified with new episode of TB in a given year,2024-05-06,868,ok
TAXBEV_TOTALTAXES,Total taxes on beverages (%),2025-12-16,279,ok
TOBACCO_MPOWER_E2_INDIRECTADBANS,Tobacco Enforce bans: E2 indirect advertising,2025-07-18,430,ok
WCO_DISTRIBUTION_INTANDLOC_PER100,Gender distribution between international and local WCO staff,,,empty
SA_0000001828_AA,"Regional prevalence, alcohol-attributable DALYs, (%)",,,empty
Yth_nonsmoked_svy_title,Name of latest youth prevalence survey (nonsmoked),2023-12-07,1019,ok
SDGHEALTHFACILITIESESSENTIALMEDS,Proportion of health facilities with a core set of relevant essential medicines available and affordable on a sustainable basis,2020-04-24,2341,ok
TB_cc_prct_Q1,Percentage of TB-affected households facing costs >20% of household income or expenditure due to TB among Q1 (lowest) income or expenditure quantile.,2024-05-06,868,ok
IHRSPAR2_C03,Financing,2024-05-14,860,ok
PRISON_F1_DRUGUSERS_TOT,"In-prison people who use/have used drugs (number of prisoners, in the last 12 months)",2023-01-23,1337,ok
TOBACCO_MPOWER_M4_SMOKELESSECIGARETTESSCHOOL,"Tobacco Monitor: school-based national surveys, smokeless tobacco or e-cigarettes",2026-01-27,237,ok
TAXBEV_VATSALES,Value-added/sales tax on beverages (%),2025-12-16,279,ok
WCO_PARTNERSDONORS,Partners and donors,,,empty
SA_0000001839,"Alcohol, heavy continuous drinkers past year (%)",2025-05-22,487,ok
SA_0000001842,"Alcohol, 15-19 years heavy continuous drinkers, drinkers only, past year (%)",2025-05-23,486,ok
NCD_CCS_bone_marrow,General availability of bone marrow transplantation in the public health system,2022-04-25,1610,ok
NCD_CCS_CHOL_SVY,"Has conducted a recent, national adult risk factor survey covering raised total cholesterol",2022-04-25,1610,ok
PRISON_D4_MDRTB_DIAG_TOT,In-prison MDR-TB diagnosis (number of diagnoses),2023-01-23,1337,ok
TAXBEV_PRICE,Beverage price,2025-12-16,279,ok
STI_CHLAMYDIA_CASES_NUM,Reported cases of chlamydia (number),2025-03-20,550,ok
FOODBORNE_DALY_CASE_GE5,"Foodborne disability-adjusted life years per case, aged 5 years and above",,,empty
SCSUD_STSPROGRESS,"Substance use disorders service coverage, specialized treatment services progress",2024-09-03,748,ok
WCO_TEAMCOMPOSITION_NUM,"Team composition, number of staff",,,empty
SDGIHR2021,"International Health Regulations core capacity scores, SPAR version, 2nd edition",2026-07-20,63,ok
cpmowho,"Archived, see health inequality website",,,empty
FOODBORNE_DALY_LT5,"Foodborne disability-adjusted life years, aged less than 5 years",,,empty
FOODSAFETY_IHR_PERCENT,Food safety IHR (%),2025-10-22,334,ok
STI_GONORRHOEA_INCIDENCE_PER1000,Incident cases of gonorrhoea in individuals (per 1000),2023-07-25,1154,ok
SW_SYPHILISPREV_PERCENT,Sex workers: Syphilis prevalence (percent),2025-03-20,550,ok
SA_0000001846,Advertising restrictions in e-sports,,,empty
HAZARD_YLD_GE5,"Years lived with disability caused by hazards, aged 5 years and above",,,empty
P_compl_p5,Compliance with smoke-free indoor offices law (score),2023-10-31,1056,ok
TOBACCO_MPOWER_M2_SMOKELESSECIGARETTES,"Tobacco Monitor: population-based national surveys, smokeless tobacco or e-cigarettes",2026-01-30,234,ok
CCH_SURVEY_AGREEMENT_MOH_OTHERSECTORS,Agreement in place between the Ministry of Health and other sector(s) in relation to health and climate change policy or programs,2023-02-01,1328,ok
vbcg,"Archived, see health inequality website",,,empty
NLIS_NU_CA_095,NLIS: Minimum acceptable diet (MAD) in children 6-23 months (%),,,empty
FINANCIALHARDSHIP_PROPORTIONOFPOP,"Financial hardship in health and components (SDG 3.8.2, 2025 definition): population (%)",2026-03-16,189,ok
TOBACCO_MPOWER_W1B_TOBACCOSMOKED,Tobacco Warning: W1b smoked tobacco packaging health warnings,2025-07-18,430,ok
IHRSPAR_CAPACITY05,Laboratory (SPAR),,,empty
NCD_CCS_BPmsmt,General availability of blood pressure measurement at the primary health care level,2022-04-25,1610,ok
FOODBORNE_DTH_100K_LT5,"Foodborne deaths per 100 000, aged less than 5 years",,,empty
POP_PERCEIVED_BARRIERS_CARE_EUROSTAT,"Percentage of population reporting perceived barriers to care (geographical, sociocultural, financial) [Eurostat]",,,empty
STI_CHLAMYDIA_INCIDENCE_PER1000,Incident cases of chlamydia in individuals (per 1000),2023-07-25,1154,ok
WCO_UNCOLLABORATION,Collaboration with United Nations System,,,empty
ASSISTIVETECH_SATISFACTIONACTIVITIES,Satisfaction with assistive products for different environments and activities (%),2022-05-10,1595,ok
MH_27,Publication year of the policy or plan (latest revision),2019-04-25,2706,ok
HIV_0000000028,"HIV tests performed where results were received by a person (testing volume), estimated number per 1000 population",,,empty
TAXBEV_EXCISE,Excise taxes on beverages (%),2025-12-16,279,ok
NUT_BF_CBF,Continued breastfeeding 12-23 months,2026-06-09,104,ok
NCD_CCS_EyePlan,Existence of operational policy/strategy/action plan for eye health,2022-04-25,1610,ok
FOODBORNE_YLL_100K_TOTAL,"Foodborne years of life lost per 100 000, all ages",,,empty
FINPROTECTION_IMP_BNLFHU_P_HH,"Households further impoverished by out-of-pocket payments (relative poverty line reflecting basic needs: food, housing, utilities - developed by WHO/Europe) (%, national)",2023-05-31,1209,ok
FOODBORNE_YLD_100K,Foodborne years lived with disability per 100 000,2026-06-03,110,ok
TB_Notification_agesex_num,The number of new and relapse cases of tuberculosis detected in a given year by age and sex,2024-05-06,868,ok
IMMUNIZATION_VACCINATIONCARDSSEEN,Proportion of vaccination cards seen (%),2024-02-21,943,ok
HEPATITIS_HCV_LIVINGWITH_NUM,People living with chronic hepatitis C (HCV) (number),2026-08-03,49,ok
VACCINECOVERAGE_YFV,Yellow fever vaccine (YFV) immunization coverage among 1-year olds (%),2026-07-14,69,ok
TOBACCO_MPOWER_W2B_TOBACCOSMOKED,"Tobacco Warning: W2b smoked tobacco packaging health warnings, other characteristics",2025-07-18,430,ok
R_Ad_val,Taxes as a % of price: ad valorem excise,2024-01-12,983,ok
FOODBORNE_YLD_LT5,"Foodborne years lived with disability, aged less than 5 years",,,empty
ORAL_HEALTH_CANCER_LIPORALCAVITY_NEWCASE_NUMBER,Number of new cases of lip and oral cavity cancer,2023-04-20,1250,ok
FOODBORNE_YLD_TOTAL,"Foodborne years lived with disability, all ages",,,empty
ASSISTIVETECH_SATISFACTIONSERVICES,Satisfaction with assistive products and related services (%),2022-05-10,1595,ok
SCSUD_MEDBIS,"Substance use disorders service coverage, medicine included in basic insurance package",2024-09-03,748,ok
NUTRITION_ANAEMIA_NONPREGNANT_PREV,Prevalence of anaemia in non-pregnant women (aged 15-49) (%),2022-04-04,1631,ok
ESSENTIAL_HEALTH_SERVICES_COVERAGE,Coverage of essential health services,,,empty
HEPATITIS_HBV_PREVALENCE_PER100,Prevalence of chronic hepatitis B (HBV) in the general population (%),2026-08-03,49,ok
ASSISTIVETECH_BARRIERAT,Barriers to accessing assistive products (%),2022-05-10,1595,ok
WCO_INTERGOVERNMENTALORGANIZATIONS,Collaboration with Intergovernmental Organizations,,,empty
NUTRITION_VOLTRON,Chimera voltron indicator to show summary table,,,empty
HIV_VIRALLOADSUPPRESSEDART,Percentage of people living with HIV receiving treatment who have suppressed viral loads,2026-07-31,52,ok
NCD_HYP_CONTROL_C,"Hypertension: effective treatment coverage (controlled hypertension) among adults aged 30-79 with hypertension, crude (%)",2021-08-20,1858,ok
PRISON_D3_DEATHS_SUICIDE_MRATE,In-prison suicide mortality rate (per 100 000 incarcerated persons per year),2023-01-23,1337,ok
NUT_CF_MDD,Minimum dietary diversity 6-23 months,2026-06-09,104,ok
M1_adult_recent,Most recent survey among adults was recent (in the past 5 years),2023-11-14,1042,ok
WCO_FUNDING_TYPE_STRATEGY_PER100,Funds available per type of country office by Strategy (%),,,empty
STI_GONORRHOEA_INCIDENTCASES,Incident cases of gonorrhoea in individuals (in thousands),2023-07-25,1154,ok
NCD_CCS_OBES_TARGET,Existence of a national target on obesity,2022-04-25,1610,ok
GHE_DALY_NUMERIC,to be retired,,,empty
HIV_0000000027,"HIV tests performed where results were received by a person (testing volume), reported number",2025-08-07,410,ok
ORALHEALTH_EMLDENTALPREP,Presence of an EML with dental preparations,,,empty
GHE_DEATHS_NUMERIC,to be retired,,,empty
NCD_CCS_CVD_GUIDE,Existence of evidence-based national guidelines/protocols/standards for the management of cardiovascular diseases,2022-04-25,1610,ok
R_Sp_excise,Taxes as a % of price: specific excise,2024-02-22,942,ok
NCD_HYP_TREATMENT_A,"Hypertension treatment coverage among adults aged 30-79 with hypertension, age-standardized (%)",2025-10-30,326,ok
M_Est_cig_daily_std,Estimate of daily cigarette smoking prevalence (%) (age-standardized),,,empty
FOODBORNE_YLL_100K_GE5,"Foodborne years of life lost per 100 000, aged 5 years and above",,,empty
SOCIETAL_DIALOGUE_HEALTH_AGENDA,Country uses societal dialogue as a mechanism for prioritizing and co-shaping the health agenda,,,empty
FOODBORNE_YLD_GE5,"Foodborne years lived with disability, aged 5 years and above",,,empty
NCD_CCS_TOB_MGMT_GUIDE,Existence of evidence-based national guidelines/protocols/standards for the management of tobacco dependence,2022-04-25,1610,ok
PRISON_F1_ALCOHOL_TOT,"In-prison people who drink/drank alcohol (number of prisoners, in the last 12 months)",2023-01-23,1337,ok
TAXBEV_ALCOHOLBASEDTIERED,"If tiered on the beverage, the tiers are alcohol-based",2025-12-17,278,ok
AMRGLASS_SURVL04,"Archived, see GLASS dashboard",,,empty
FINANCIALHARDSHIP_MILLIONOFPOP,"Financial hardship in health and components (SDG 3.8.2, 2025 definition): population (millions)",2025-11-19,306,ok
M5_youth_representative,Most recent school-based survey among adolescents was representative of the national population,2023-11-14,1042,ok
P_compl_p7,Compliance with smoke-free pubs and bars law (score),2023-10-31,1056,ok
HAZARD_DALY_GE5,"Disability-adjusted life years caused by hazards, aged 5 years and above",,,empty
ASSISTIVETECH_Q04,Existence of responsible ministry/authority on assistive technology,2021-12-10,1746,ok
Yth_daily_cig_smoking,Prevalence of daily cigarette smoking among adolescents (%),2023-12-07,1019,ok
GASPRSCRO,Proportion of isolates with decreased susceptibility or resistance (DS/R) to ceftriaxone reported to WHO-GASP,2024-02-09,955,ok
NUTRITION_ANAEMIA_PREGNANT_NUM,Number of pregnant women (aged 15-49 years) with anaemia (thousands),2022-04-04,1631,ok
IHRSPAR2_C06,Human resources,2024-05-14,860,ok
Yth_nonsmoked_national,Representation of latest youth prevalence survey (nonsmoked),2023-12-07,1019,ok
VACCINECOVERAGE_IPV1,Inactivated first-dose polio vaccine (IPV1) immunization coverage among 1-year-olds (%) (WUENIC),2026-07-14,69,ok
MSM_CONDOMUSE_PERCENT,Men who have sex with men: Condom use (percent),2025-03-20,550,ok
SDGODAWS,Amount of water- and sanitation-related official development assistance that is part of a government-coordinated spending plan (constant 2024 US$ millions),2026-06-09,104,ok
TB_ps_prev_bc_100k_byagegroup,"Prevalence of bacteriologically-confirmed pulmonary TB among those aged ≥15 years, per 100,000 population by age group",2024-05-06,868,ok
MSM_PSE_NUM,Men who have sex with men: Population size estimate (number),2025-03-20,550,ok
WCO_COLINKS,Relevants Country Offices links,,,empty
URBAN_POP_SLUM,"Proportion of urban population living in slums, informal settlements or inadequate housing",,,empty
GASPRSCIP,Proportion of isolates with resistance to ciprofloxacin reported to WHO-GASP,2024-02-09,955,ok
TAXBEV_VATSPECIAL_LOHI,Special VAT is lower or higher than standard VAT,2025-12-16,279,ok
TAXBEV_EXCISE_APPLIED_YN,Excise taxes are applied on beverages,2025-12-16,279,ok
HEPATITIS_HCV_TREATMENT_INITIATED_NUM,Persons initiated chronic hepatitis C(HCV) treatment (number),2026-08-03,49,ok
SCSUD_GOVPAL,"Substance use disorders service coverage, availability of policy, action plan and legislation",2024-09-03,748,ok
ASSISTIVETECH_Q01,Existence of legislation on access to assistive technology,2021-12-10,1746,ok
SRH_ABORTION_RATE,Abortion rate (model-estimated),2023-04-26,1244,ok
HEPATITIS_HCV_PREVALENCE_PER100,Prevalence of chronic hepatitis C (HCV) ) in the general population (%),2026-08-03,49,ok
Adult_curr_tob_smoking,"Archived, see TOBACCO_INDICATOR",,,empty
HAZARD_DALY_LT5,"Disability-adjusted life years caused by hazards, aged less than 5 years",,,empty
GASPRSAZM,Proportion of isolates with resistance to azithromycin reported to WHO-GASP,2024-02-09,955,ok
ORALHEALTH_NCD_STAFF,Presence of dedicated staff for oral health working on NCDs at the MoH,2023-04-17,1253,ok
AIR_72,"Archived, see AP_BOD_HIST mart",,,empty
Yth_daily_e-cig,Prevalence of daily e-cigarette use among adolescents (%),2023-12-11,1015,ok
FOODBORNE_ILL_GE5,"Foodborne illnesses, aged 5 years and above",,,empty
FINPROTECTION_IMP_NP_365_LEVEL_MILLION,"Total population pushed below the $3.65 a day poverty line by household health expenditures (millions, regional, global)",2023-05-18,1222,ok
FINPROTECTION_IMP_P_365_LEVEL_SH,"Total population pushed further below the $3.65 a day poverty line by household health expenditures (%, regional, global)",2023-05-18,1222,ok
FINPROTECTION_IMP_PG_RELPL_STD,"Increase in poverty gap due to household health expenditures, expressed as a proportion of a relative poverty line - 60% of median daily per capita consumption or income (%, nation",2023-05-25,1215,ok
MALARIA_MICR_POS,Number of malaria positive cases by microscopy,2025-12-19,276,ok
ORALHEALTH_FLUORIDETOOTHPHASTE_LABOURDAYS,Number of labour days needed to buy annual supply of fluoride toothpaste per person,2023-04-20,1250,ok
NTD_BU_SUSP,Number of suspected cases of Buruli ulcer reported,2025-10-30,326,ok
TOBACCO_MPOWER_W3_MASSMEDIA,Tobacco Warning: W3 anti-tobacco mass-media campaigns,2025-07-06,442,ok
NCD_CCS_TOB_TARGET,Existence of a national target on tobacco,2022-04-25,1610,ok
NCD_CCS_TransFat,Existence of national policies on trans-fatty acid elimination,2022-04-25,1610,ok
ASSISTIVETECH_Q02,Coverage of people in need of assistive technology by legislation,2021-12-10,1746,ok
FINPROTECTION_IMP_BNLFHU_TOT_HH,"Households pushed below or further below a relative poverty line (reflecting basic needs: food, housing, utilities - developed by WHO/Europe) by out-of-pocket payments (%, national",2023-05-31,1209,ok
PRISON_D3_DEATHS_COVID_MRATE,In-prison COVID-19 mortality rate (per 100 000 incarcerated persons per year),2023-01-23,1337,ok
CHILDMORT10TO19,Adolescent mortality rate (per 1 000 age specific cohort),2023-04-11,1259,ok
WCO_HEADSWHO_WRS_NUM,Number of Heads of WHO Country Offices/WRs,,,empty
NCD_CCS_PA_POL_AGEING,Existence of policy promoting physical activity: active ageing,2022-05-31,1574,ok
ANC_ATLEAST1VISIT_PERCENT,Antenatal care coverage - at least one visit (percent),2025-03-20,550,ok
NCD_HYP_DIAGNOSIS_C,"Hypertension: diagnosis coverage among adults aged 30-79 with hypertension, crude (%)",2025-10-30,326,ok
E_compl_e13,Compliance with ban on appearance of tobacco brands in TV and/or films (score),2023-10-31,1056,ok
FOODBORNE_YLL_100K,Foodborne years of life lost per 100 000,2026-06-03,110,ok
NCD_CCS_DIET_AWARE,Implementation of a nutrition public awareness program,2022-04-25,1610,ok
HWF_0026,Nursing personnel (%),2026-01-23,241,ok
O_Cytisine_ins,Cytisine - cost covered,2023-10-31,1056,ok
GASPTICIP,Number of isolates tested for ciprofloxacin,2024-02-09,955,ok
E_comprehensive_subnat,"Subnational bans on advertising, promotion and sponsorship - at least one jurisdiction has a comprehensive ban in place",2023-10-31,1056,ok
TOBACCO_MPOWER_M3_PREVALENCE,"Tobacco Monitor: school-based national surveys, tobacco use, tobacco smoking, and cigarette smoking, prevalence",2026-02-04,229,ok
PRISON_C8_CONDOMS,In-prison condoms free of charge,2023-01-23,1337,ok
TG_PSE_NUM,Transgender: Population size estimate (number),2025-03-20,550,ok
FOODBORNE_YLD_100K_TOTAL,"Foodborne years lived with disability per 100 000, all ages",,,empty
TB_rdst_num_prct,The number of people with susceptibility test result for rifampicin among bacteriologically confirmed pulmonary TB patients expressed as percentage.,2024-05-06,868,ok
TOBACCO_MPOWER_W1A_CIGARETTES,Tobacco Warning: W1a cigarette packaging health warnings,2025-07-18,430,ok
PHYSICALACTIVITY_ACTIVEPEOPLE,Physical activity policies focused on active people,2025-03-03,567,ok
ABORTION_ADMISSIONS,Abortion admissions per 1000 women of reproductive age,,,empty
FOODBORNE_YLD_100K_LT5,"Foodborne years lived with disability per 100 000, aged less than 5 years",,,empty
ORALHEALTH_UNTREATEDCARIESDECIDUOUS,Prevalence of untreated caries of deciduous teeth in children 1-9 years (%),2023-04-17,1253,ok
NCD_CCS_TEL_AML_COMBO,General availability of Fixed dose combination avail (telmisartan + amlodipine) in the public health sector,2022-04-25,1610,ok
SCSUD_HWFSUPPORT,"Substance use disorders service coverage, system of ongoing support for health workforce",2024-09-03,748,ok
TAXBEV_IMPORTDUTIES,Import duties on beverages (%),2025-12-16,279,ok
R_afford_cat,"Affordability of cigarettes: category of change in the last 10 years (Yes (less affordable), No (more affordable), No change)",2024-01-12,983,ok
Yth_nonsmoked_age_grp,Age range of latest youth prevalence survey (nonsmoked),2023-12-07,1019,ok
bmi30wm,"Archived, see health inequality website",,,empty
AIR_75,"Archived, see AP_BOD_HIST mart",,,empty
R_contains_nicotine,Cheapest breand of e-liquid contains nicotine or not,2024-01-12,983,ok
NCD_CCS_OBES_MGMT_GUIDE,Existence of evidence-based national guidelines/protocols/standards for the management of overweight/obesity,2022-04-25,1610,ok
MALARIA_PRES_CASES,Number of presumed malaria cases,2025-12-19,276,ok
FINPROTECTION_IMP_NP_REL_LEVEL_SH,"Total population pushed below a relative poverty line by household health expenditures - 60% of median daily per capita consumption or income (%, regional, global)",2023-05-18,1222,ok
WCO_TOTALCO_NUM,"Total number country offices, by region",,,empty
TAXBEV_MINSPECEXCISETAX,Minimum specific excise tax applied on the beverage,2025-12-17,278,ok
ASSISTIVETECH_PAYERSAT,Funding for assistive products (%),2022-05-10,1595,ok
PRISON_A1_CAPACITY,Official prison capacity (count),2023-01-23,1337,ok
Youth_survey_title,Title of most recent adolescent survey,2023-12-07,1019,ok
TOBACCO_MPOWER_M2_PREVALENCE,"Tobacco Monitor: population-based national surveys, smokeless tobacco or e-cigarettes, prevalence",2026-01-30,234,ok
PRISON_D4_HEPC_DIAG_TOT,In-prison Hepatitis C diagnosis (number of diagnoses),2023-01-23,1337,ok
R_afford_inflation_adjusted_price_lcu,Inflation-adjusted prices for most sold brand of cigarettes: Price in local currency adjusted by year on year changes in average consumer prices in each country,2024-01-12,983,ok
NCD_CCS_ComboInhaler,General availability of combination budesonide formoterol inhaler in the public health sector,2022-04-25,1610,ok
CHILDMORT_MORTALITY_10TO14,Mortality rate among children ages 10 to 14 years (per 1000 children aged 10),2022-01-26,1699,ok
NCD_CCS_DIET_SVY,"Has conducted a recent, national adult risk factor survey covering unhealthy diet",2022-04-25,1610,ok
ORAL_HEALTH_CANCER_LIPORALCAVITY_100K,Incidence rate of lip and oral cavity cancer (per 100 000 population),2023-04-20,1250,ok
ORALHEALTH_FREESUGARSREDUCTION,Implementing policy measures aiming to reduce free sugars intake,,,empty
ORALHEALTH_AVAILABILITY_RESTORATIVE,Oral health: Basic restorative dental procedures to treat existing dental decay,2023-04-17,1253,ok
FOODBORNE_YLL,Foodborne years of life lost,2026-06-03,110,ok
FOODBORNE_DTH_TOTAL,"Foodborne deaths, all ages",,,empty
fpsmowho,"Archived, see health inequality website",,,empty
PRETERMBIRTH_NUMBER,Preterm birth (number),2023-10-05,1082,ok
HEPATITIS_HBV_ADDEDTEST_ANC_PERCENT,Pregnant women attending antenatal care who received additional testing for HBV (percent),2025-03-20,550,ok
NUTRITION_ANAEMIA_NONPREGNANT_NUM,Number of non-pregnant women (aged 15-49 years) with anaemia (thousands),2022-04-04,1631,ok
SCSUD_SBI,"Substance use disorders service coverage, screening and brief interventions",2024-09-03,748,ok
ASSISTIVETECH_USEPREVALENCE,Prevalence of use of assistive products (%),2022-06-16,1558,ok
HEPATITIS_HBV_TREATMENT_PERINFECTED_PER100,Chronic hepatitis B (HBV) treatment rate as percentage of total infected (%),2026-08-03,49,ok
FOODBORNE_DALY_100k_GE5,"Foodborne disability-adjusted life years per 100 000, aged 5 years and above",,,empty
Adult_svy_age_range,"Archived, see TOBACCO_INDICATOR",,,empty
TOBACCO_MPOWER_R_TAXSTRUCTURE,Tobacco Raise taxes: Tobacco tax structure,2025-08-20,397,ok
FINPROTECTION_IMP_PREL_LEVEL_SH,"Total population pushed further below a relative poverty line by household health expenditures - 60% of median daily per capita consumption or income (%, regional, global)",2023-05-18,1222,ok
SE_PRM_PRSL_ZS,Persistence to last grade of primary (% of cohort),2020-05-16,2319,ok
PRISON_B11_VACPREV_FLU,In-prison vaccination for seasonal flu,2023-01-23,1337,ok
Youth_svy_national,Representativeness of most recent adolescent survey,2023-12-07,1019,ok
TB_drs_rr_prct,Prevalence of rifampicin resistance among pulmonary TB cases.,2024-05-06,868,ok
NCD_DIABETES_TREATMENT_AGESTD,"Diabetes treatment coverage, age-standardized",2025-10-30,326,ok
GASPTICFM,Number of isolates tested for cefixime,2024-02-09,955,ok
P_compl_p3,Compliance with smoke-free universities law (score),2023-10-31,1056,ok
NTD_LEPR14,Number of non-autochthonous leprosy cases,2026-09-14,7,ok
E21a_direct_ad_fines,Law requires fines for violations of advertising bans,2023-10-31,1056,ok
FULL_EQUAL_ACCESS_SRHC,"Extent to which countries have laws and regulations that guarantee full and equal access to women and men aged 15 years and older to sexual and reproductive health care, informatio",,,empty
NCD_CCS_urine_strips_gluc_ketone,General availability of urine strips for glucose and ketone measurement at the primary health care level,2022-04-25,1610,ok
E21b_indirect_ad_fines,Law requires fines for violations of promotion and sponsorship bans,2023-10-31,1056,ok
HEPATITIS_HBV_TREATMENT_PERDIAGNOSED_PER100,Chronic hepatitis B (HBV) treatment rate as percentage of diagnosed (%),2026-08-03,49,ok
